INSERT INTO assets(identifier, name, type) VALUES ('eip155:1/erc20:0x5D409e56D886231aDAf00c8775665AD0f9897b56', 'Compound USDS', 'C'); INSERT INTO common_asset_details (identifier, symbol, coingecko, cryptocompare, forked, started, swapped_for) VALUES ('eip155:1/erc20:0x5D409e56D886231aDAf00c8775665AD0f9897b56', 'cUSDSv3', NULL, NULL, NULL, 1729195427, NULL); INSERT INTO evm_tokens (identifier, token_kind, chain, address, decimals, protocol) VALUES ('eip155:1/erc20:0x5D409e56D886231aDAf00c8775665AD0f9897b56', 'A', 1, '0x5D409e56D886231aDAf00c8775665AD0f9897b56', 18, 'compound-v3'); INSERT INTO underlying_tokens_list(identifier, weight, parent_token_entry) VALUES('eip155:1/erc20:0xdC035D45d973E3EC169d2276DDab16f1e407384F', '1.0', 'eip155:1/erc20:0x5D409e56D886231aDAf00c8775665AD0f9897b56');
*
INSERT INTO assets(identifier, name, type) VALUES ('eip155:8453/erc20:0x784efeB622244d2348d4F2522f8860B96fbEcE89', 'Compound AERO', 'C');INSERT INTO common_asset_details (identifier, symbol, coingecko, cryptocompare, forked, started, swapped_for) VALUES ('eip155:8453/erc20:0x784efeB622244d2348d4F2522f8860B96fbEcE89', 'cAEROv3', NULL, NULL, NULL, 1728494157, NULL);INSERT INTO evm_tokens (identifier, token_kind, chain, address, decimals, protocol) VALUES ('eip155:8453/erc20:0x784efeB622244d2348d4F2522f8860B96fbEcE89', 'A', 8453, '0x784efeB622244d2348d4F2522f8860B96fbEcE89', 18, 'compound-v3');INSERT INTO underlying_tokens_list(identifier, weight, parent_token_entry) VALUES('eip155:8453/erc20:0x940181a94A35A4569E4529A3CDfB74e38FD98631', '1.0', 'eip155:8453/erc20:0x784efeB622244d2348d4F2522f8860B96fbEcE89');
*
INSERT INTO assets(identifier, name, type) VALUES ('eip155:10/erc20:0x995E394b8B2437aC8Ce61Ee0bC610D617962B214', 'Compound USDT', 'C');INSERT INTO common_asset_details (identifier, symbol, coingecko, cryptocompare, forked, started, swapped_for) VALUES ('eip155:10/erc20:0x995E394b8B2437aC8Ce61Ee0bC610D617962B214', 'cUSDTv3', NULL, NULL, NULL, 1716189905, NULL);INSERT INTO evm_tokens (identifier, token_kind, chain, address, decimals, protocol) VALUES ('eip155:10/erc20:0x995E394b8B2437aC8Ce61Ee0bC610D617962B214', 'A', 10, '0x995E394b8B2437aC8Ce61Ee0bC610D617962B214', 6, 'compound-v3');INSERT INTO underlying_tokens_list(identifier, weight, parent_token_entry) VALUES('eip155:10/erc20:0x94b008aA00579c1307B0EF2c499aD98a8ce58e58', '1.0', 'eip155:10/erc20:0x995E394b8B2437aC8Ce61Ee0bC610D617962B214');
*
INSERT INTO assets(identifier, name, type) VALUES ('eip155:10/erc20:0xE36A30D249f7761327fd973001A32010b521b6Fd', 'Compound WETH', 'C');INSERT INTO common_asset_details (identifier, symbol, coingecko, cryptocompare, forked, started, swapped_for) VALUES ('eip155:10/erc20:0xE36A30D249f7761327fd973001A32010b521b6Fd', 'cWETHv3', NULL, NULL, NULL, 1721059241, NULL);INSERT INTO evm_tokens (identifier, token_kind, chain, address, decimals, protocol) VALUES ('eip155:10/erc20:0xE36A30D249f7761327fd973001A32010b521b6Fd', 'A', 10, '0xE36A30D249f7761327fd973001A32010b521b6Fd', 18, 'compound-v3');
*
INSERT INTO assets(identifier, name, type) VALUES('eip155:1/erc20:0xb01dd87B29d187F3E3a4Bf6cdAebfb97F3D9aB98', 'Bold Stablecoin', 'C'); INSERT INTO evm_tokens(identifier, token_kind, chain, address, decimals, protocol) VALUES('eip155:1/erc20:0xb01dd87B29d187F3E3a4Bf6cdAebfb97F3D9aB98', 'A', 1, '0xb01dd87B29d187F3E3a4Bf6cdAebfb97F3D9aB98', 18, NULL); INSERT INTO common_asset_details(identifier, symbol, coingecko, cryptocompare, forked, started, swapped_for) VALUES('eip155:1/erc20:0xb01dd87B29d187F3E3a4Bf6cdAebfb97F3D9aB98', 'Bold', 'liquity-bold', '', NULL, 1737067415, NULL);
*
INSERT INTO assets(identifier, name, type) VALUES('eip155:10/erc20:0x087C440F251Ff6Cfe62B86DdE1bE558B95b4bb9b', 'Bold Stablecoin', 'C'); INSERT INTO evm_tokens(identifier, token_kind, chain, address, decimals, protocol) VALUES('eip155:10/erc20:0x087C440F251Ff6Cfe62B86DdE1bE558B95b4bb9b', 'A', 10, '0x087C440F251Ff6Cfe62B86DdE1bE558B95b4bb9b', 18, NULL); INSERT INTO common_asset_details(identifier, symbol, coingecko, cryptocompare, forked, started, swapped_for) VALUES('eip155:10/erc20:0x087C440F251Ff6Cfe62B86DdE1bE558B95b4bb9b', 'Bold', 'liquity-bold', '', NULL, 1737099205, NULL);
*
INSERT INTO assets(identifier, name, type) VALUES('eip155:534352/erc20:0x087C440F251Ff6Cfe62B86DdE1bE558B95b4bb9b', 'Bold Stablecoin', 'C'); INSERT INTO evm_tokens(identifier, token_kind, chain, address, decimals, protocol) VALUES('eip155:534352/erc20:0x087C440F251Ff6Cfe62B86DdE1bE558B95b4bb9b', 'A', 534352, '0x087C440F251Ff6Cfe62B86DdE1bE558B95b4bb9b', 18, NULL); INSERT INTO common_asset_details(identifier, symbol, coingecko, cryptocompare, forked, started, swapped_for) VALUES('eip155:534352/erc20:0x087C440F251Ff6Cfe62B86DdE1bE558B95b4bb9b', 'Bold', 'liquity-bold', '', NULL, 1737098757, NULL);
*
INSERT INTO assets(identifier, name, type) VALUES('eip155:42161/erc20:0x087C440F251Ff6Cfe62B86DdE1bE558B95b4bb9b', 'Bold Stablecoin', 'C'); INSERT INTO evm_tokens(identifier, token_kind, chain, address, decimals, protocol) VALUES('eip155:42161/erc20:0x087C440F251Ff6Cfe62B86DdE1bE558B95b4bb9b', 'A', 42161, '0x087C440F251Ff6Cfe62B86DdE1bE558B95b4bb9b', 18, NULL); INSERT INTO common_asset_details(identifier, symbol, coingecko, cryptocompare, forked, started, swapped_for) VALUES('eip155:42161/erc20:0x087C440F251Ff6Cfe62B86DdE1bE558B95b4bb9b', 'Bold', 'liquity-bold', '', NULL, 1737098486, NULL);
*
INSERT INTO assets(identifier, name, type) VALUES('eip155:43114/erc20:0x087C440F251Ff6Cfe62B86DdE1bE558B95b4bb9b', 'Bold Stablecoin', 'C'); INSERT INTO evm_tokens(identifier, token_kind, chain, address, decimals, protocol) VALUES('eip155:43114/erc20:0x087C440F251Ff6Cfe62B86DdE1bE558B95b4bb9b', 'A', 43114, '0x087C440F251Ff6Cfe62B86DdE1bE558B95b4bb9b', 18, NULL); INSERT INTO common_asset_details(identifier, symbol, coingecko, cryptocompare, forked, started, swapped_for) VALUES('eip155:43114/erc20:0x087C440F251Ff6Cfe62B86DdE1bE558B95b4bb9b', 'Bold', 'liquity-bold', '', NULL, 1737099530, NULL);
*
INSERT INTO assets(identifier, name, type) VALUES('eip155:8453/erc20:0x087C440F251Ff6Cfe62B86DdE1bE558B95b4bb9b', 'Bold Stablecoin', 'C'); INSERT INTO evm_tokens(identifier, token_kind, chain, address, decimals, protocol) VALUES('eip155:8453/erc20:0x087C440F251Ff6Cfe62B86DdE1bE558B95b4bb9b', 'A', 8453, '0x087C440F251Ff6Cfe62B86DdE1bE558B95b4bb9b', 18, NULL); INSERT INTO common_asset_details(identifier, symbol, coingecko, cryptocompare, forked, started, swapped_for) VALUES('eip155:8453/erc20:0x087C440F251Ff6Cfe62B86DdE1bE558B95b4bb9b', 'Bold', 'liquity-bold', '', NULL, 1737096609, NULL);
*
INSERT INTO underlying_tokens_list(identifier, weight, parent_token_entry) VALUES('eip155:8453/erc20:0x4200000000000000000000000000000000000006', '1', 'eip155:8453/erc20:0xDBFeFD2e8460a6Ee4955A68582F85708BAEA60A3');
INSERT INTO assets(identifier, name, type) VALUES('eip155:8453/erc20:0xDBFeFD2e8460a6Ee4955A68582F85708BAEA60A3', 'Super OETH', 'C'); INSERT INTO evm_tokens(identifier, token_kind, chain, address, decimals, protocol) VALUES('eip155:8453/erc20:0xDBFeFD2e8460a6Ee4955A68582F85708BAEA60A3', 'A', 8453, '0xDBFeFD2e8460a6Ee4955A68582F85708BAEA60A3', 18, NULL); INSERT INTO common_asset_details(identifier, symbol, coingecko, cryptocompare, forked, started, swapped_for) VALUES('eip155:8453/erc20:0xDBFeFD2e8460a6Ee4955A68582F85708BAEA60A3', 'superOETHb', 'super-oeth', 'SUPEROETHB', NULL, 1722428751, NULL); INSERT INTO underlying_tokens_list(identifier, weight, parent_token_entry) VALUES('eip155:8453/erc20:0x4200000000000000000000000000000000000006', '1', 'eip155:8453/erc20:0xDBFeFD2e8460a6Ee4955A68582F85708BAEA60A3');
INSERT INTO underlying_tokens_list(identifier, weight, parent_token_entry) VALUES('eip155:1/erc20:0xec53bF9167f50cDEB3Ae105f56099aaaB9061F83', '1', 'eip155:1/erc20:0x83E9115d334D248Ce39a6f36144aEaB5b3456e75');
INSERT INTO assets(identifier, name, type) VALUES('eip155:1/erc20:0x83E9115d334D248Ce39a6f36144aEaB5b3456e75', 'Backing Eigen', 'C'); INSERT INTO evm_tokens(identifier, token_kind, chain, address, decimals, protocol) VALUES('eip155:1/erc20:0x83E9115d334D248Ce39a6f36144aEaB5b3456e75', 'A', 1, '0x83E9115d334D248Ce39a6f36144aEaB5b3456e75', 18, NULL); INSERT INTO common_asset_details(identifier, symbol, coingecko, cryptocompare, forked, started, swapped_for) VALUES('eip155:1/erc20:0x83E9115d334D248Ce39a6f36144aEaB5b3456e75', 'bEIGEN', 'eigenlayer', 'EIGEN', NULL, 1710958955, NULL); INSERT INTO assets(identifier, name, type) VALUES('eip155:1/erc20:0xec53bF9167f50cDEB3Ae105f56099aaaB9061F83', 'Eigen', 'C'); INSERT INTO evm_tokens(identifier, token_kind, chain, address, decimals, protocol) VALUES('eip155:1/erc20:0xec53bF9167f50cDEB3Ae105f56099aaaB9061F83', 'A', 1, '0xec53bF9167f50cDEB3Ae105f56099aaaB9061F83', 18, NULL); INSERT INTO common_asset_details(identifier, symbol, coingecko, cryptocompare, forked, started, swapped_for) VALUES('eip155:1/erc20:0xec53bF9167f50cDEB3Ae105f56099aaaB9061F83', 'EIGEN', 'eigenlayer', 'EIGEN', NULL, 1697499563, NULL); INSERT INTO underlying_tokens_list(identifier, weight, parent_token_entry) VALUES('eip155:1/erc20:0xec53bF9167f50cDEB3Ae105f56099aaaB9061F83', '1', 'eip155:1/erc20:0x83E9115d334D248Ce39a6f36144aEaB5b3456e75');
INSERT INTO assets(identifier, name, type) VALUES('TRUMP', 'Official Trump', 'Y'); INSERT INTO common_asset_details(identifier, symbol, coingecko, cryptocompare, forked, started, swapped_for) VALUES('TRUMP', 'TRUMP', 'official-trump', 'TRUMP', NULL, 1737122507, NULL);
*
INSERT INTO assets(identifier, name, type) VALUES('MELANIA', 'Melania Meme', 'Y'); INSERT INTO common_asset_details(identifier, symbol, coingecko, cryptocompare, forked, started, swapped_for) VALUES('MELANIA', 'MELANIA', 'melania-meme', 'MELANIA', NULL, 1737316354, NULL);
*
INSERT INTO assets(identifier, name, type) VALUES('VINE', 'Vine', 'Y'); INSERT INTO common_asset_details(identifier, symbol, coingecko, cryptocompare, forked, started, swapped_for) VALUES('VINE', 'VINE', 'vine', 'MELANIA', NULL, 1737316354, NULL);
*
INSERT INTO assets(identifier, name, type) VALUES('GRIFFAIN', 'GRIFFAIN', 'Y'); INSERT INTO common_asset_details(identifier, symbol, coingecko, cryptocompare, forked, started, swapped_for) VALUES('GRIFFAIN', 'GRIFFAIN', 'griffain', 'GRIFFAIN', NULL, 1730590665, NULL);
*
INSERT INTO assets(identifier, name, type) VALUES('eip155:1/erc20:0xE0f63A424a4439cBE457D80E4f4b51aD25b2c56C', 'SPX6900', 'C'); INSERT INTO evm_tokens(identifier, token_kind, chain, address, decimals, protocol) VALUES('eip155:1/erc20:0xE0f63A424a4439cBE457D80E4f4b51aD25b2c56C', 'A', 1, '0xE0f63A424a4439cBE457D80E4f4b51aD25b2c56C', 8, NULL); INSERT INTO common_asset_details(identifier, symbol, coingecko, cryptocompare, forked, started, swapped_for) VALUES('eip155:1/erc20:0xE0f63A424a4439cBE457D80E4f4b51aD25b2c56C', 'SPX', 'spx6900', 'SPX', NULL, 1692153767, NULL);
*
INSERT INTO assets(identifier, name, type) VALUES('eip155:8453/erc20:0x50dA645f148798F68EF2d7dB7C1CB22A6819bb2C', 'SPX6900', 'C'); INSERT INTO evm_tokens(identifier, token_kind, chain, address, decimals, protocol) VALUES('eip155:8453/erc20:0x50dA645f148798F68EF2d7dB7C1CB22A6819bb2C', 'A', 8453, '0x50dA645f148798F68EF2d7dB7C1CB22A6819bb2C', 8, NULL); INSERT INTO common_asset_details(identifier, symbol, coingecko, cryptocompare, forked, started, swapped_for) VALUES('eip155:8453/erc20:0x50dA645f148798F68EF2d7dB7C1CB22A6819bb2C', 'SPX', 'spx6900', 'SPX', NULL, 1703965689, NULL);
*
INSERT INTO assets(identifier, name, type) VALUES('STRD', 'Stride', 'B'); INSERT INTO common_asset_details(identifier, symbol, coingecko, cryptocompare, forked, started, swapped_for) VALUES('STRD', 'STRD', 'stride', 'STRD', NULL, 1662318000, NULL);
*
INSERT INTO assets(identifier, name, type) VALUES('eip155:1/erc20:0x1F57da732A77636D913C9a75d685B26CC85DCC3A', 'OPENLOOT', 'C'); INSERT INTO evm_tokens(identifier, token_kind, chain, address, decimals, protocol) VALUES('eip155:1/erc20:0x1F57da732A77636D913C9a75d685B26CC85DCC3A', 'A', 1, '0x1F57da732A77636D913C9a75d685B26CC85DCC3A', 18, NULL); INSERT INTO common_asset_details(identifier, symbol, coingecko, cryptocompare, forked, started, swapped_for) VALUES('eip155:1/erc20:0x1F57da732A77636D913C9a75d685B26CC85DCC3A', 'OL', 'open-loot', '', NULL, 1731104471, NULL);
*
INSERT INTO assets(identifier, name, type) VALUES('eip155:8453/erc20:0x3792DBDD07e87413247DF995e692806aa13D3299', 'OMI Token', 'C'); INSERT INTO evm_tokens(identifier, token_kind, chain, address, decimals, protocol) VALUES('eip155:8453/erc20:0x3792DBDD07e87413247DF995e692806aa13D3299', 'A', 8453, '0x3792DBDD07e87413247DF995e692806aa13D3299', 18, NULL); INSERT INTO common_asset_details(identifier, symbol, coingecko, cryptocompare, forked, started, swapped_for) VALUES('eip155:8453/erc20:0x3792DBDD07e87413247DF995e692806aa13D3299', 'OMI', 'ecomi', 'OMI', NULL, 1713193877, NULL);
*
INSERT INTO assets(identifier, name, type) VALUES('NC', 'Nodecoin', 'Y'); INSERT INTO common_asset_details(identifier, symbol, coingecko, cryptocompare, forked, started, swapped_for) VALUES('NC', 'NC', 'nodecoin', '', NULL, NULL, NULL);
*
INSERT INTO assets(identifier, name, type) VALUES('GOAT', 'Goatseus Maximus', 'Y'); INSERT INTO common_asset_details(identifier, symbol, coingecko, cryptocompare, forked, started, swapped_for) VALUES('GOAT', 'GOAT', 'goatseus-maximus', '', NULL, NULL, NULL);
*
INSERT INTO assets(identifier, name, type) VALUES('DOGS', 'Dogs', 'W'); INSERT INTO common_asset_details(identifier, symbol, coingecko, cryptocompare, forked, started, swapped_for) VALUES('DOGS', 'DOGS', 'dogs-2', '', NULL, NULL, NULL);
*
INSERT INTO assets(identifier, name, type) VALUES('eip155:56/erc20:0x5f78F4BFCb2b43bC174FE16A69a13945CEfA2978', 'Xraders', 'C'); INSERT INTO evm_tokens(identifier, token_kind, chain, address, decimals, protocol) VALUES('eip155:56/erc20:0x5f78F4BFCb2b43bC174FE16A69a13945CEfA2978', 'A', 56, '0x5f78F4BFCb2b43bC174FE16A69a13945CEfA2978', 18, NULL); INSERT INTO common_asset_details(identifier, symbol, coingecko, cryptocompare, forked, started, swapped_for) VALUES('eip155:56/erc20:0x5f78F4BFCb2b43bC174FE16A69a13945CEfA2978', 'XR', 'xraders', '', NULL, 1711345518, NULL);
*
INSERT INTO assets(identifier, name, type) VALUES('KAIA', 'Kaia', 'B'); INSERT INTO common_asset_details(identifier, symbol, coingecko, cryptocompare, forked, started, swapped_for) VALUES('KAIA', 'KAIA', 'kaia', '', NULL, NULL, NULL);
*
INSERT INTO assets(identifier, name, type) VALUES('eip155:56/erc20:0x6894CDe390a3f51155ea41Ed24a33A4827d3063D', 'Simons Cat', 'C'); INSERT INTO evm_tokens(identifier, token_kind, chain, address, decimals, protocol) VALUES('eip155:56/erc20:0x6894CDe390a3f51155ea41Ed24a33A4827d3063D', 'A', 56, '0x6894CDe390a3f51155ea41Ed24a33A4827d3063D', 18, NULL); INSERT INTO common_asset_details(identifier, symbol, coingecko, cryptocompare, forked, started, swapped_for) VALUES('eip155:56/erc20:0x6894CDe390a3f51155ea41Ed24a33A4827d3063D', 'CAT', 'simon-s-cat', '', NULL, 1723848995, NULL);
*
INSERT INTO assets(identifier, name, type) VALUES('CATI', 'Catizin', 'W'); INSERT INTO common_asset_details(identifier, symbol, coingecko, cryptocompare, forked, started, swapped_for) VALUES('CATI', 'CATI', 'catizen', '', NULL, NULL, NULL);
*
INSERT INTO assets(identifier, name, type) VALUES('eip155:1/erc20:0xcb1592591996765Ec0eFc1f92599A19767ee5ffA', 'BIO', 'C'); INSERT INTO evm_tokens(identifier, token_kind, chain, address, decimals, protocol) VALUES('eip155:1/erc20:0xcb1592591996765Ec0eFc1f92599A19767ee5ffA', 'A', 1, '0xcb1592591996765Ec0eFc1f92599A19767ee5ffA', 18, NULL); INSERT INTO common_asset_details(identifier, symbol, coingecko, cryptocompare, forked, started, swapped_for) VALUES('eip155:1/erc20:0xcb1592591996765Ec0eFc1f92599A19767ee5ffA', 'BIO', 'bio-protocol', '', NULL, 1715961803, NULL);
*
INSERT INTO assets(identifier, name, type) VALUES('eip155:1/erc20:0x4DC26fC5854e7648a064a4ABD590bBE71724C277', 'Animecoin', 'C'); INSERT INTO evm_tokens(identifier, token_kind, chain, address, decimals, protocol) VALUES('eip155:1/erc20:0x4DC26fC5854e7648a064a4ABD590bBE71724C277', 'A', 1, '0x4DC26fC5854e7648a064a4ABD590bBE71724C277', 18, NULL); INSERT INTO common_asset_details(identifier, symbol, coingecko, cryptocompare, forked, started, swapped_for) VALUES('eip155:1/erc20:0x4DC26fC5854e7648a064a4ABD590bBE71724C277', 'ANIME', 'anime', '', NULL, 1736790131, NULL);
*
INSERT INTO assets(identifier, name, type) VALUES('eip155:42161/erc20:0x37a645648dF29205C6261289983FB04ECD70b4B3', 'Animecoin', 'C'); INSERT INTO evm_tokens(identifier, token_kind, chain, address, decimals, protocol) VALUES('eip155:42161/erc20:0x37a645648dF29205C6261289983FB04ECD70b4B3', 'A', 42161, '0x37a645648dF29205C6261289983FB04ECD70b4B3', 18, NULL); INSERT INTO common_asset_details(identifier, symbol, coingecko, cryptocompare, forked, started, swapped_for) VALUES('eip155:42161/erc20:0x37a645648dF29205C6261289983FB04ECD70b4B3', 'ANIME', 'anime', '', NULL, 1736790328, NULL);
*
INSERT INTO assets(identifier, name, type) VALUES('eip155:56/erc20:0xC71B5F631354BE6853eFe9C3Ab6b9590F8302e81', 'Polyhedra Network', 'C'); INSERT INTO evm_tokens(identifier, token_kind, chain, address, decimals, protocol) VALUES('eip155:56/erc20:0xC71B5F631354BE6853eFe9C3Ab6b9590F8302e81', 'A', 56, '0xC71B5F631354BE6853eFe9C3Ab6b9590F8302e81', 18, NULL); INSERT INTO common_asset_details(identifier, symbol, coingecko, cryptocompare, forked, started, swapped_for) VALUES('eip155:56/erc20:0xC71B5F631354BE6853eFe9C3Ab6b9590F8302e81', 'ZK', 'polyhedra-network', 'ZKJ', NULL, 1710065039, NULL);
*
INSERT INTO assets(identifier, name, type) VALUES('MAJOR', 'MAJOR', 'W'); INSERT INTO common_asset_details(identifier, symbol, coingecko, cryptocompare, forked, started, swapped_for) VALUES('MAJOR', 'MAJOR', 'major', '', NULL, NULL, NULL);
*
INSERT INTO assets(identifier, name, type) VALUES('X', 'X Empire', 'W'); INSERT INTO common_asset_details(identifier, symbol, coingecko, cryptocompare, forked, started, swapped_for) VALUES('X', 'X', 'x-empire', '', NULL, NULL, NULL);
*
INSERT INTO assets(identifier, name, type) VALUES('J', 'Jambo', 'Y'); INSERT INTO common_asset_details(identifier, symbol, coingecko, cryptocompare, forked, started, swapped_for) VALUES('J', 'J', 'jambo', '', NULL, NULL, NULL);
*
INSERT INTO assets(identifier, name, type) VALUES('RSIC', 'RSIC•GENESIS•RUNE', 'W'); INSERT INTO common_asset_details(identifier, symbol, coingecko, cryptocompare, forked, started, swapped_for) VALUES('RSIC', 'RSIC', 'runecoin', '', NULL, NULL, NULL);
*
INSERT INTO assets(identifier, name, type) VALUES('eip155:8453/erc20:0xEab49138BA2Ea6dd776220fE26b7b8E446638956', 'Send', 'C'); INSERT INTO evm_tokens(identifier, token_kind, chain, address, decimals, protocol) VALUES('eip155:8453/erc20:0xEab49138BA2Ea6dd776220fE26b7b8E446638956', 'A', 8453, '0xEab49138BA2Ea6dd776220fE26b7b8E446638956', 18, NULL); INSERT INTO common_asset_details(identifier, symbol, coingecko, cryptocompare, forked, started, swapped_for) VALUES('eip155:8453/erc20:0xEab49138BA2Ea6dd776220fE26b7b8E446638956', 'SEND', 'send-token-2', '', NULL, 1736890141, NULL);
*
INSERT INTO assets(identifier, name, type) VALUES('MEMEFI', 'MemeFi', 'W'); INSERT INTO common_asset_details(identifier, symbol, coingecko, cryptocompare, forked, started, swapped_for) VALUES('MEMEFI', 'MEMEFI', 'memefi-2', '', NULL, NULL, NULL);
*
UPDATE common_asset_details SET coingecko = 'polyhedra-network' WHERE identifier = 'eip155:1/erc20:0xC71B5F631354BE6853eFe9C3Ab6b9590F8302e81';
INSERT INTO assets(identifier, name, type) VALUES('eip155:1/erc20:0xC71B5F631354BE6853eFe9C3Ab6b9590F8302e81', 'Polyhedra Network', 'C'); INSERT INTO evm_tokens(identifier, token_kind, chain, address, decimals, protocol) VALUES('eip155:1/erc20:0xC71B5F631354BE6853eFe9C3Ab6b9590F8302e81', 'A', 1, '0xC71B5F631354BE6853eFe9C3Ab6b9590F8302e81', 18, NULL); INSERT INTO common_asset_details(identifier, symbol, coingecko, cryptocompare, forked, started, swapped_for) VALUES('eip155:1/erc20:0xC71B5F631354BE6853eFe9C3Ab6b9590F8302e81', 'ZK', 'polyhedra-network', 'ZKJ', NULL, 1710064979, NULL);
INSERT INTO assets(identifier, name, type) VALUES('eip155:1/erc20:0x7138Eb0d563f3F6722500936A11DcAe99D738A2c', 'LIF3', 'C'); INSERT INTO evm_tokens(identifier, token_kind, chain, address, decimals, protocol) VALUES('eip155:1/erc20:0x7138Eb0d563f3F6722500936A11DcAe99D738A2c', 'A', 1, '0x7138Eb0d563f3F6722500936A11DcAe99D738A2c', 18, NULL); INSERT INTO common_asset_details(identifier, symbol, coingecko, cryptocompare, forked, started, swapped_for) VALUES('eip155:1/erc20:0x7138Eb0d563f3F6722500936A11DcAe99D738A2c', 'LIF3', 'lif3-2', 'LIF3', NULL, 1690214351, NULL);
*
INSERT INTO assets(identifier, name, type) VALUES('eip155:56/erc20:0x336f374198c872Ba760e85af9c6331C3c5A535d3', 'LIF3', 'C'); INSERT INTO evm_tokens(identifier, token_kind, chain, address, decimals, protocol) VALUES('eip155:56/erc20:0x336f374198c872Ba760e85af9c6331C3c5A535d3', 'A', 56, '0x336f374198c872Ba760e85af9c6331C3c5A535d3', 18, NULL); INSERT INTO common_asset_details(identifier, symbol, coingecko, cryptocompare, forked, started, swapped_for) VALUES('eip155:56/erc20:0x336f374198c872Ba760e85af9c6331C3c5A535d3', 'LIF3', 'lif3-2', 'LIF3', NULL, 1690324108, NULL);
*
INSERT INTO assets(identifier, name, type) VALUES('eip155:137/erc20:0x110B25D2B21eE73eB401F3aE7833f7072912A0Bf', 'LIF3', 'C'); INSERT INTO evm_tokens(identifier, token_kind, chain, address, decimals, protocol) VALUES('eip155:137/erc20:0x110B25D2B21eE73eB401F3aE7833f7072912A0Bf', 'A', 137, '0x110B25D2B21eE73eB401F3aE7833f7072912A0Bf', 18, NULL); INSERT INTO common_asset_details(identifier, symbol, coingecko, cryptocompare, forked, started, swapped_for) VALUES('eip155:137/erc20:0x110B25D2B21eE73eB401F3aE7833f7072912A0Bf', 'LIF3', 'lif3-2', 'LIF3', NULL, 1690324343, NULL);
*
INSERT INTO assets(identifier, name, type) VALUES('eip155:1/erc20:0x7B43E3875440B44613DC3bC08E7763e6Da63C8f8', 'StablR USD', 'C'); INSERT INTO evm_tokens(identifier, token_kind, chain, address, decimals, protocol) VALUES('eip155:1/erc20:0x7B43E3875440B44613DC3bC08E7763e6Da63C8f8', 'A', 1, '0x7B43E3875440B44613DC3bC08E7763e6Da63C8f8', 6, NULL); INSERT INTO common_asset_details(identifier, symbol, coingecko, cryptocompare, forked, started, swapped_for) VALUES('eip155:1/erc20:0x7B43E3875440B44613DC3bC08E7763e6Da63C8f8', 'USDR', 'stablr-usd', '', NULL, 1733473115, NULL);
*
INSERT INTO assets(identifier, name, type) VALUES('eip155:1/erc20:0x643C4E15d7d62Ad0aBeC4a9BD4b001aA3Ef52d66', 'Syrup Token', 'C'); INSERT INTO evm_tokens(identifier, token_kind, chain, address, decimals, protocol) VALUES('eip155:1/erc20:0x643C4E15d7d62Ad0aBeC4a9BD4b001aA3Ef52d66', 'A', 1, '0x643C4E15d7d62Ad0aBeC4a9BD4b001aA3Ef52d66', 18, NULL); INSERT INTO common_asset_details(identifier, symbol, coingecko, cryptocompare, forked, started, swapped_for) VALUES('eip155:1/erc20:0x643C4E15d7d62Ad0aBeC4a9BD4b001aA3Ef52d66', 'SYRUP', 'syrup', '', NULL, 1726154399, NULL);
*
INSERT INTO assets(identifier, name, type) VALUES('eip155:8453/erc20:0xacfE6019Ed1A7Dc6f7B508C02d1b04ec88cC21bf', 'Venice Token', 'C'); INSERT INTO evm_tokens(identifier, token_kind, chain, address, decimals, protocol) VALUES('eip155:8453/erc20:0xacfE6019Ed1A7Dc6f7B508C02d1b04ec88cC21bf', 'A', 8453, '0xacfE6019Ed1A7Dc6f7B508C02d1b04ec88cC21bf', 18, NULL); INSERT INTO common_asset_details(identifier, symbol, coingecko, cryptocompare, forked, started, swapped_for) VALUES('eip155:8453/erc20:0xacfE6019Ed1A7Dc6f7B508C02d1b04ec88cC21bf', 'VVV', 'venice-ai', 'VVV', NULL, 1737649711, NULL);
*
INSERT INTO assets(identifier, name, type) VALUES('eip155:1/erc20:0x8292Bb45bf1Ee4d140127049757C2E0fF06317eD', 'RLUSD', 'C'); INSERT INTO evm_tokens(identifier, token_kind, chain, address, decimals, protocol) VALUES('eip155:1/erc20:0x8292Bb45bf1Ee4d140127049757C2E0fF06317eD', 'A', 1, '0x8292Bb45bf1Ee4d140127049757C2E0fF06317eD', 18, NULL); INSERT INTO common_asset_details(identifier, symbol, coingecko, cryptocompare, forked, started, swapped_for) VALUES('eip155:1/erc20:0x8292Bb45bf1Ee4d140127049757C2E0fF06317eD', 'RLUSD', 'ripple-usd', 'RLUSD', NULL, 1723218419, NULL);
*
INSERT INTO assets(identifier, name, type) VALUES('eip155:42161/erc20:0x3b58a4C865B568a2F6a957C264F6b50CbA35D8CE', 'SuperWalk', 'C'); INSERT INTO evm_tokens(identifier, token_kind, chain, address, decimals, protocol) VALUES('eip155:42161/erc20:0x3b58a4C865B568a2F6a957C264F6b50CbA35D8CE', 'A', 42161, '0x3b58a4C865B568a2F6a957C264F6b50CbA35D8CE', 18, NULL); INSERT INTO common_asset_details(identifier, symbol, coingecko, cryptocompare, forked, started, swapped_for) VALUES('eip155:42161/erc20:0x3b58a4C865B568a2F6a957C264F6b50CbA35D8CE', 'GRND', 'superwalk', 'GRND', NULL, 1715138526, NULL);
*
INSERT INTO assets(identifier, name, type) VALUES('eip155:1/erc20:0x4C1746A800D224393fE2470C70A35717eD4eA5F1', 'Plume', 'C'); INSERT INTO evm_tokens(identifier, token_kind, chain, address, decimals, protocol) VALUES('eip155:1/erc20:0x4C1746A800D224393fE2470C70A35717eD4eA5F1', 'A', 1, '0x4C1746A800D224393fE2470C70A35717eD4eA5F1', 18, NULL); INSERT INTO common_asset_details(identifier, symbol, coingecko, cryptocompare, forked, started, swapped_for) VALUES('eip155:1/erc20:0x4C1746A800D224393fE2470C70A35717eD4eA5F1', 'PLUME', 'plume', 'PLUME', NULL, 1723045703, NULL);
*
INSERT INTO assets(identifier, name, type) VALUES('BUZZ', 'Hive AI', 'Y'); INSERT INTO common_asset_details(identifier, symbol, coingecko, cryptocompare, forked, started, swapped_for) VALUES('BUZZ', 'BUZZ', 'hive-ai', '', NULL, 1735870197, NULL);
*
INSERT INTO assets(identifier, name, type) VALUES('PIPPIN', 'pippin', 'Y'); INSERT INTO common_asset_details(identifier, symbol, coingecko, cryptocompare, forked, started, swapped_for) VALUES('PIPPIN', 'PIPPIN', 'pippin', 'PIPPIN', NULL, 1731183349, NULL);
*
INSERT INTO assets(identifier, name, type) VALUES('eip155:1/erc20:0xE7C6BF469e97eEB0bFB74C8dbFF5BD47D4C1C98a', 'HashKey Platform Token', 'C'); INSERT INTO evm_tokens(identifier, token_kind, chain, address, decimals, protocol) VALUES('eip155:1/erc20:0xE7C6BF469e97eEB0bFB74C8dbFF5BD47D4C1C98a', 'A', 1, '0xE7C6BF469e97eEB0bFB74C8dbFF5BD47D4C1C98a', 18, NULL); INSERT INTO common_asset_details(identifier, symbol, coingecko, cryptocompare, forked, started, swapped_for) VALUES('eip155:1/erc20:0xE7C6BF469e97eEB0bFB74C8dbFF5BD47D4C1C98a', 'HSK', 'hashkey-ecopoints', 'HSK', NULL, 1719663791, NULL);
*
INSERT INTO assets(identifier, name, type) VALUES('eip155:1/erc20:0x6e15A54B5EcAc17e58daDedDbe8506a7560252F9', 'SynFutures', 'C'); INSERT INTO evm_tokens(identifier, token_kind, chain, address, decimals, protocol) VALUES('eip155:1/erc20:0x6e15A54B5EcAc17e58daDedDbe8506a7560252F9', 'A', 1, '0x6e15A54B5EcAc17e58daDedDbe8506a7560252F9', 18, NULL); INSERT INTO common_asset_details(identifier, symbol, coingecko, cryptocompare, forked, started, swapped_for) VALUES('eip155:1/erc20:0x6e15A54B5EcAc17e58daDedDbe8506a7560252F9', 'F', 'synfutures', 'F', NULL, 1731392159, NULL);
*
INSERT INTO assets(identifier, name, type) VALUES('eip155:8453/erc20:0x2C24497D4086490e7EaD87CC12597fb50c2E6eD6', 'SynFutures', 'C'); INSERT INTO evm_tokens(identifier, token_kind, chain, address, decimals, protocol) VALUES('eip155:8453/erc20:0x2C24497D4086490e7EaD87CC12597fb50c2E6eD6', 'A', 8453, '0x2C24497D4086490e7EaD87CC12597fb50c2E6eD6', 18, NULL); INSERT INTO common_asset_details(identifier, symbol, coingecko, cryptocompare, forked, started, swapped_for) VALUES('eip155:8453/erc20:0x2C24497D4086490e7EaD87CC12597fb50c2E6eD6', 'F', 'synfutures', 'F', NULL, 1732694301, NULL);
*
INSERT INTO assets(identifier, name, type) VALUES('eip155:1/erc20:0xD722424cF94b583752dfc80C08e2531AB3b762dc', 'SphereX', 'C'); INSERT INTO evm_tokens(identifier, token_kind, chain, address, decimals, protocol) VALUES('eip155:1/erc20:0xD722424cF94b583752dfc80C08e2531AB3b762dc', 'A', 1, '0xD722424cF94b583752dfc80C08e2531AB3b762dc', 18, NULL); INSERT INTO common_asset_details(identifier, symbol, coingecko, cryptocompare, forked, started, swapped_for) VALUES('eip155:1/erc20:0xD722424cF94b583752dfc80C08e2531AB3b762dc', 'HERE', 'spherex-token', '', NULL, 1721289095, NULL);
*
INSERT INTO assets(identifier, name, type) VALUES('eip155:8453/erc20:0xd173C2C9386AEE88b1Ca06522C951be67cbf38CC', 'KONTOS', 'C'); INSERT INTO evm_tokens(identifier, token_kind, chain, address, decimals, protocol) VALUES('eip155:8453/erc20:0xd173C2C9386AEE88b1Ca06522C951be67cbf38CC', 'A', 8453, '0xd173C2C9386AEE88b1Ca06522C951be67cbf38CC', 18, NULL); INSERT INTO common_asset_details(identifier, symbol, coingecko, cryptocompare, forked, started, swapped_for) VALUES('eip155:8453/erc20:0xd173C2C9386AEE88b1Ca06522C951be67cbf38CC', 'KOS', 'kontos', '', NULL, 1733718089, NULL);
*
INSERT INTO assets(identifier, name, type) VALUES('ZEREBRO', 'Zerebro', 'Y'); INSERT INTO common_asset_details(identifier, symbol, coingecko, cryptocompare, forked, started, swapped_for) VALUES('ZEREBRO', 'ZEREBRO', 'zerebro', 'ZEREBRO', NULL, 1729835711, NULL);
*
INSERT INTO assets(identifier, name, type) VALUES('eip155:8453/erc20:0xB1a03EdA10342529bBF8EB700a06C60441fEf25d', 'Mister Miggles', 'C'); INSERT INTO evm_tokens(identifier, token_kind, chain, address, decimals, protocol) VALUES('eip155:8453/erc20:0xB1a03EdA10342529bBF8EB700a06C60441fEf25d', 'A', 8453, '0xB1a03EdA10342529bBF8EB700a06C60441fEf25d', 18, NULL); INSERT INTO common_asset_details(identifier, symbol, coingecko, cryptocompare, forked, started, swapped_for) VALUES('eip155:8453/erc20:0xB1a03EdA10342529bBF8EB700a06C60441fEf25d', 'MIGGLES', 'mister-miggles', 'MIGGLES', NULL, 1721147639, NULL);
*
INSERT INTO assets(identifier, name, type) VALUES('MUMU', 'MUMU THE BULL', 'Y'); INSERT INTO common_asset_details(identifier, symbol, coingecko, cryptocompare, forked, started, swapped_for) VALUES('MUMU', 'MUMU', 'mumu-the-bull-3', 'MUMU', NULL, 1710113179, NULL);
*
UPDATE common_asset_details SET cryptocompare='TON' WHERE identifier='eip155:56/erc20:0x76A797A59Ba2C17726896976B7B3747BfD1d220f';
INSERT INTO assets(identifier, name, type) VALUES('eip155:56/erc20:0x76A797A59Ba2C17726896976B7B3747BfD1d220f', 'Wrapped TON Coin', 'C'); INSERT INTO evm_tokens(identifier, token_kind, chain, address, decimals, protocol) VALUES('eip155:56/erc20:0x76A797A59Ba2C17726896976B7B3747BfD1d220f', 'A', 56, '0x76A797A59Ba2C17726896976B7B3747BfD1d220f', 9, NULL); INSERT INTO common_asset_details(identifier, symbol, coingecko, cryptocompare, forked, started, swapped_for) VALUES('eip155:56/erc20:0x76A797A59Ba2C17726896976B7B3747BfD1d220f', 'TONCOIN', 'the-open-network', 'TON', NULL, 1633015603, NULL);
UPDATE common_asset_details SET cryptocompare='TON' WHERE identifier='eip155:1/erc20:0x582d872A1B094FC48F5DE31D3B73F2D9bE47def1';
INSERT INTO assets(identifier, name, type) VALUES('eip155:1/erc20:0x582d872A1B094FC48F5DE31D3B73F2D9bE47def1', 'Wrapped TON Coin', 'C'); INSERT INTO evm_tokens(identifier, token_kind, chain, address, decimals, protocol) VALUES('eip155:1/erc20:0x582d872A1B094FC48F5DE31D3B73F2D9bE47def1', 'A', 1, '0x582d872A1B094FC48F5DE31D3B73F2D9bE47def1', 9, NULL); INSERT INTO common_asset_details(identifier, symbol, coingecko, cryptocompare, forked, started, swapped_for) VALUES('eip155:1/erc20:0x582d872A1B094FC48F5DE31D3B73F2D9bE47def1', 'TONCOIN', 'the-open-network', 'TON', NULL, 1629199867, NULL);
INSERT INTO assets(identifier, name, type) VALUES('FWOG', 'Fwog', 'Y'); INSERT INTO common_asset_details(identifier, symbol, coingecko, cryptocompare, forked, started, swapped_for) VALUES('FWOG', 'FWOG', 'fwog', 'FWOG', NULL, 1722302534, NULL);
*
INSERT INTO assets(identifier, name, type) VALUES('MCG', 'MetalCore', 'Y'); INSERT INTO common_asset_details(identifier, symbol, coingecko, cryptocompare, forked, started, swapped_for) VALUES('MCG', 'MCG', 'metalcore', 'MCG', NULL, 1732754375, NULL);
*
INSERT INTO assets(identifier, name, type) VALUES('eip155:1/erc20:0x1495bc9e44Af1F8BCB62278D2bEC4540cF0C05ea', 'Zero1 Token', 'C'); INSERT INTO evm_tokens(identifier, token_kind, chain, address, decimals, protocol) VALUES('eip155:1/erc20:0x1495bc9e44Af1F8BCB62278D2bEC4540cF0C05ea', 'A', 1, '0x1495bc9e44Af1F8BCB62278D2bEC4540cF0C05ea', 18, NULL); INSERT INTO common_asset_details(identifier, symbol, coingecko, cryptocompare, forked, started, swapped_for) VALUES('eip155:1/erc20:0x1495bc9e44Af1F8BCB62278D2bEC4540cF0C05ea', 'DEAI', 'zero1-labs', 'DEAI', NULL, 1710409439, NULL);
*
INSERT INTO assets(identifier, name, type) VALUES('eip155:1/erc20:0x31b6100F5F4466e6dAeb1edb2f2cE6e548cF8938', 'Puff', 'C'); INSERT INTO evm_tokens(identifier, token_kind, chain, address, decimals, protocol) VALUES('eip155:1/erc20:0x31b6100F5F4466e6dAeb1edb2f2cE6e548cF8938', 'A', 1, '0x31b6100F5F4466e6dAeb1edb2f2cE6e548cF8938', 18, NULL); INSERT INTO common_asset_details(identifier, symbol, coingecko, cryptocompare, forked, started, swapped_for) VALUES('eip155:1/erc20:0x31b6100F5F4466e6dAeb1edb2f2cE6e548cF8938', 'Puff', 'puff-the-dragon', 'PUFF', NULL, 1724329067, NULL);
*
INSERT INTO assets(identifier, name, type) VALUES('eip155:1/erc20:0x23f3D4625AEF6f0b84d50dB1d53516e6015c0c9B', 'Thetanuts Finance Governance Token', 'C'); INSERT INTO evm_tokens(identifier, token_kind, chain, address, decimals, protocol) VALUES('eip155:1/erc20:0x23f3D4625AEF6f0b84d50dB1d53516e6015c0c9B', 'A', 1, '0x23f3D4625AEF6f0b84d50dB1d53516e6015c0c9B', 18, NULL); INSERT INTO common_asset_details(identifier, symbol, coingecko, cryptocompare, forked, started, swapped_for) VALUES('eip155:1/erc20:0x23f3D4625AEF6f0b84d50dB1d53516e6015c0c9B', 'NUTS', 'thetanuts-finance', 'NUTS', NULL, 1715092799, NULL);
*
INSERT INTO assets(identifier, name, type) VALUES('eip155:1/erc20:0x009178997aFf09A67D4cACcFeB897Fb79d036214', '1sol.io', 'C'); INSERT INTO evm_tokens(identifier, token_kind, chain, address, decimals, protocol) VALUES('eip155:1/erc20:0x009178997aFf09A67D4cACcFeB897Fb79d036214', 'A', 1, '0x009178997aFf09A67D4cACcFeB897Fb79d036214', 18, NULL); INSERT INTO common_asset_details(identifier, symbol, coingecko, cryptocompare, forked, started, swapped_for) VALUES('eip155:1/erc20:0x009178997aFf09A67D4cACcFeB897Fb79d036214', '1SOL', '1sol', '1SOL', NULL, 1637146589, NULL);
*
INSERT INTO assets(identifier, name, type) VALUES('eip155:56/erc20:0xB806FA32eBDC04E5Dbdd2ad83E75C8F7D8E8ef8b', 'Web3Camp Token', 'C'); INSERT INTO evm_tokens(identifier, token_kind, chain, address, decimals, protocol) VALUES('eip155:56/erc20:0xB806FA32eBDC04E5Dbdd2ad83E75C8F7D8E8ef8b', 'A', 56, '0xB806FA32eBDC04E5Dbdd2ad83E75C8F7D8E8ef8b', 18, NULL); INSERT INTO common_asset_details(identifier, symbol, coingecko, cryptocompare, forked, started, swapped_for) VALUES('eip155:56/erc20:0xB806FA32eBDC04E5Dbdd2ad83E75C8F7D8E8ef8b', '3P', 'web3camp', '3P', NULL, 1673274355, NULL);
*
INSERT INTO assets(identifier, name, type) VALUES('eip155:1/erc20:0x3bd7d4F524D09F4e331577247A048D56e4b67a7F', '5ire Token', 'C'); INSERT INTO evm_tokens(identifier, token_kind, chain, address, decimals, protocol) VALUES('eip155:1/erc20:0x3bd7d4F524D09F4e331577247A048D56e4b67a7F', 'A', 1, '0x3bd7d4F524D09F4e331577247A048D56e4b67a7F', 18, NULL); INSERT INTO common_asset_details(identifier, symbol, coingecko, cryptocompare, forked, started, swapped_for) VALUES('eip155:1/erc20:0x3bd7d4F524D09F4e331577247A048D56e4b67a7F', '5IRE', '5ire', '5IRE', NULL, 1700397815, NULL);
*
INSERT INTO assets(identifier, name, type) VALUES('eip155:42161/erc20:0xCa4e51F6AD4AFd9d1068E5899De9dd7d73F3463D', 'AARK Token', 'C'); INSERT INTO evm_tokens(identifier, token_kind, chain, address, decimals, protocol) VALUES('eip155:42161/erc20:0xCa4e51F6AD4AFd9d1068E5899De9dd7d73F3463D', 'A', 42161, '0xCa4e51F6AD4AFd9d1068E5899De9dd7d73F3463D', 18, NULL); INSERT INTO common_asset_details(identifier, symbol, coingecko, cryptocompare, forked, started, swapped_for) VALUES('eip155:42161/erc20:0xCa4e51F6AD4AFd9d1068E5899De9dd7d73F3463D', 'AARK', 'aark-digital', 'AARK', NULL, 1711634497, NULL);
*
INSERT INTO assets(identifier, name, type) VALUES('eip155:8453/erc20:0xfbecd19292b1eFfEAA7B2e61F5101DdB6744A1Fb', 'aiPump', 'C'); INSERT INTO evm_tokens(identifier, token_kind, chain, address, decimals, protocol) VALUES('eip155:8453/erc20:0xfbecd19292b1eFfEAA7B2e61F5101DdB6744A1Fb', 'A', 8453, '0xfbecd19292b1eFfEAA7B2e61F5101DdB6744A1Fb', 18, NULL); INSERT INTO common_asset_details(identifier, symbol, coingecko, cryptocompare, forked, started, swapped_for) VALUES('eip155:8453/erc20:0xfbecd19292b1eFfEAA7B2e61F5101DdB6744A1Fb', 'AIPUMP', 'aipump', '', NULL, 1735684761, NULL);
*
INSERT INTO assets(identifier, name, type) VALUES('eip155:137/erc20:0x1A7e49125a6595588c9556f07a4c006461b24545', 'Aki Protocol', 'C'); INSERT INTO evm_tokens(identifier, token_kind, chain, address, decimals, protocol) VALUES('eip155:137/erc20:0x1A7e49125a6595588c9556f07a4c006461b24545', 'A', 137, '0x1A7e49125a6595588c9556f07a4c006461b24545', 18, NULL); INSERT INTO common_asset_details(identifier, symbol, coingecko, cryptocompare, forked, started, swapped_for) VALUES('eip155:137/erc20:0x1A7e49125a6595588c9556f07a4c006461b24545', 'AKI', 'aki-protocol', 'AKI', NULL, 1678612573, NULL);
*
INSERT INTO assets(identifier, name, type) VALUES('ALCH', 'Alchemist AI', 'Y'); INSERT INTO common_asset_details(identifier, symbol, coingecko, cryptocompare, forked, started, swapped_for) VALUES('ALCH', 'ALCH', 'alchemist-ai', '', NULL, 1732730006, NULL);
*
INSERT INTO assets(identifier, name, type) VALUES('AIRC', 'AI Rig Complex', 'Y'); INSERT INTO common_asset_details(identifier, symbol, coingecko, cryptocompare, forked, started, swapped_for) VALUES('AIRC', 'ARC', 'ai-rig-complex', '', NULL, 1733864951, NULL);
*
INSERT INTO assets(identifier, name, type) VALUES('ARTFI', 'ARTFI', 'W'); INSERT INTO common_asset_details(identifier, symbol, coingecko, cryptocompare, forked, started, swapped_for) VALUES('ARTFI', 'ARTFI', 'artfi', '', NULL, 1717417440, NULL);
*
INSERT INTO assets(identifier, name, type) VALUES('ASI', 'Sender AI', 'W'); INSERT INTO common_asset_details(identifier, symbol, coingecko, cryptocompare, forked, started, swapped_for) VALUES('ASI', 'ASI', 'sender-ai', '', NULL, 1732186800, NULL);
*
INSERT INTO assets(identifier, name, type) VALUES('eip155:1/erc20:0xf477AC7719e2e659001455cDDA0cc8f3aD10b604', 'CryptoAutos', 'C'); INSERT INTO evm_tokens(identifier, token_kind, chain, address, decimals, protocol) VALUES('eip155:1/erc20:0xf477AC7719e2e659001455cDDA0cc8f3aD10b604', 'A', 1, '0xf477AC7719e2e659001455cDDA0cc8f3aD10b604', 18, NULL); INSERT INTO common_asset_details(identifier, symbol, coingecko, cryptocompare, forked, started, swapped_for) VALUES('eip155:1/erc20:0xf477AC7719e2e659001455cDDA0cc8f3aD10b604', 'AUTOS', 'cryptoautos', 'AKI', NULL, 1733481179, NULL);
*
INSERT INTO assets(identifier, name, type) VALUES('eip155:42161/erc20:0x13Ad51ed4F1B7e9Dc168d8a00cB3f4dDD85EfA60', 'Lido DAO Token', 'C'); INSERT INTO evm_tokens(identifier, token_kind, chain, address, decimals, protocol) VALUES('eip155:42161/erc20:0x13Ad51ed4F1B7e9Dc168d8a00cB3f4dDD85EfA60', 'A', 42161, '0x13Ad51ed4F1B7e9Dc168d8a00cB3f4dDD85EfA60', 18, NULL); INSERT INTO common_asset_details(identifier, symbol, coingecko, cryptocompare, forked, started, swapped_for) VALUES('eip155:42161/erc20:0x13Ad51ed4F1B7e9Dc168d8a00cB3f4dDD85EfA60', 'LDO', 'lido-dao', 'LDO', NULL, 1663603333, NULL);
*
UPDATE common_asset_details SET cryptocompare='LDO', started=1626688381 WHERE identifier='eip155:137/erc20:0xC3C7d422809852031b44ab29EEC9F1EfF2A58756';
INSERT INTO assets(identifier, name, type) VALUES('eip155:137/erc20:0xC3C7d422809852031b44ab29EEC9F1EfF2A58756', 'Lido DAO Token (PoS)', 'C'); INSERT INTO evm_tokens(identifier, token_kind, chain, address, decimals, protocol) VALUES('eip155:137/erc20:0xC3C7d422809852031b44ab29EEC9F1EfF2A58756', 'A', 137, '0xC3C7d422809852031b44ab29EEC9F1EfF2A58756', 18, NULL); INSERT INTO common_asset_details(identifier, symbol, coingecko, cryptocompare, forked, started, swapped_for) VALUES('eip155:137/erc20:0xC3C7d422809852031b44ab29EEC9F1EfF2A58756', 'LDO', 'lido-dao', 'LDO', NULL, 1626688381, NULL);
INSERT INTO assets(identifier, name, type) VALUES('eip155:1/erc20:0xEeB4d8400AEefafC1B2953e0094134A887C76Bd8', 'Avail', 'C'); INSERT INTO evm_tokens(identifier, token_kind, chain, address, decimals, protocol) VALUES('eip155:1/erc20:0xEeB4d8400AEefafC1B2953e0094134A887C76Bd8', 'A', 1, '0xEeB4d8400AEefafC1B2953e0094134A887C76Bd8', 18, NULL); INSERT INTO common_asset_details(identifier, symbol, coingecko, cryptocompare, forked, started, swapped_for) VALUES('eip155:1/erc20:0xEeB4d8400AEefafC1B2953e0094134A887C76Bd8', 'AVAIL', 'avail', 'AVAIL', NULL, 1720568915, NULL);
*
INSERT INTO assets(identifier, name, type) VALUES('eip155:8453/erc20:0xd89d90d26B48940FA8F58385Fe84625d468E057a', 'Avail (Wormhole)', 'C'); INSERT INTO evm_tokens(identifier, token_kind, chain, address, decimals, protocol) VALUES('eip155:8453/erc20:0xd89d90d26B48940FA8F58385Fe84625d468E057a', 'A', 8453, '0xd89d90d26B48940FA8F58385Fe84625d468E057a', 18, NULL); INSERT INTO common_asset_details(identifier, symbol, coingecko, cryptocompare, forked, started, swapped_for) VALUES('eip155:8453/erc20:0xd89d90d26B48940FA8F58385Fe84625d468E057a', 'AVAIL', 'avail', 'AVAIL', NULL, 1731865987, NULL);
*
INSERT INTO assets(identifier, name, type) VALUES('AVAAI', 'Ava AI', 'Y'); INSERT INTO common_asset_details(identifier, symbol, coingecko, cryptocompare, forked, started, swapped_for) VALUES('AVAAI', 'AVA', 'ava-ai', '', NULL, 1731523296, NULL);
*
INSERT INTO assets(identifier, name, type) VALUES('eip155:56/erc20:0x2d5F3B0722aCd35fbb749cB936dfdd93247BBC95', 'BabyBNB', 'C'); INSERT INTO evm_tokens(identifier, token_kind, chain, address, decimals, protocol) VALUES('eip155:56/erc20:0x2d5F3B0722aCd35fbb749cB936dfdd93247BBC95', 'A', 56, '0x2d5F3B0722aCd35fbb749cB936dfdd93247BBC95', 18, NULL); INSERT INTO common_asset_details(identifier, symbol, coingecko, cryptocompare, forked, started, swapped_for) VALUES('eip155:56/erc20:0x2d5F3B0722aCd35fbb749cB936dfdd93247BBC95', 'BABYBNB', 'baby-bnb', '', NULL, 1727458229, NULL);
*
INSERT INTO assets(identifier, name, type) VALUES('BABYSHARK', 'Baby Shark Meme', 'Y'); INSERT INTO common_asset_details(identifier, symbol, coingecko, cryptocompare, forked, started, swapped_for) VALUES('BABYSHARK', 'BABYSHARK', 'baby-shark-meme', '', NULL, 1735874640, NULL);
*
UPDATE common_asset_details SET cryptocompare='BEL' WHERE identifier='eip155:1/erc20:0xA91ac63D040dEB1b7A5E4d4134aD23eb0ba07e14';
INSERT INTO assets(identifier, name, type) VALUES('eip155:1/erc20:0xA91ac63D040dEB1b7A5E4d4134aD23eb0ba07e14', 'Bella', 'C'); INSERT INTO evm_tokens(identifier, token_kind, chain, address, decimals, protocol) VALUES('eip155:1/erc20:0xA91ac63D040dEB1b7A5E4d4134aD23eb0ba07e14', 'A', 1, '0xA91ac63D040dEB1b7A5E4d4134aD23eb0ba07e14', 18, NULL); INSERT INTO common_asset_details(identifier, symbol, coingecko, cryptocompare, forked, started, swapped_for) VALUES('eip155:1/erc20:0xA91ac63D040dEB1b7A5E4d4134aD23eb0ba07e14', 'BEL', 'bella-protocol', 'BEL', NULL, 1597392058, NULL);
INSERT INTO assets(identifier, name, type) VALUES('eip155:56/erc20:0x8443f091997f06a61670B735ED92734F5628692F', 'Bella Protocol', 'C'); INSERT INTO evm_tokens(identifier, token_kind, chain, address, decimals, protocol) VALUES('eip155:56/erc20:0x8443f091997f06a61670B735ED92734F5628692F', 'A', 56, '0x8443f091997f06a61670B735ED92734F5628692F', 18, NULL); INSERT INTO common_asset_details(identifier, symbol, coingecko, cryptocompare, forked, started, swapped_for) VALUES('eip155:56/erc20:0x8443f091997f06a61670B735ED92734F5628692F', 'BEL', 'bella-protocol', 'BEL', NULL, 1601440951, NULL);
*
INSERT INTO assets(identifier, name, type) VALUES('BERA', 'Berachain', 'B'); INSERT INTO common_asset_details(identifier, symbol, coingecko, cryptocompare, forked, started, swapped_for) VALUES('BERA', 'BERA', 'berachain-bera', 'BERA', NULL, 1737382451, NULL);
*
INSERT INTO assets(identifier, name, type) VALUES('BLUE', 'Bluefin', 'W'); INSERT INTO common_asset_details(identifier, symbol, coingecko, cryptocompare, forked, started, swapped_for) VALUES('BLUE', 'BLUE', 'bluefin', 'BLUE', NULL, 1733362560, NULL);
*
INSERT INTO assets(identifier, name, type) VALUES('eip155:1/erc20:0xf385905e56Db4D8A208b20Aa8a88Dbb225f773d4', 'Bitcoin names', 'C'); INSERT INTO evm_tokens(identifier, token_kind, chain, address, decimals, protocol) VALUES('eip155:1/erc20:0xf385905e56Db4D8A208b20Aa8a88Dbb225f773d4', 'A', 1, '0xf385905e56Db4D8A208b20Aa8a88Dbb225f773d4', 18, NULL); INSERT INTO common_asset_details(identifier, symbol, coingecko, cryptocompare, forked, started, swapped_for) VALUES('eip155:1/erc20:0xf385905e56Db4D8A208b20Aa8a88Dbb225f773d4', 'BN', 'tna-protocol', '', NULL, 1719546311, NULL);
*
INSERT INTO assets(identifier, name, type) VALUES('eip155:42161/erc20:0x7f7d7806F4EB90D63B0b278DAf32a2dB2C2001bD', 'BonusBlock', 'C'); INSERT INTO evm_tokens(identifier, token_kind, chain, address, decimals, protocol) VALUES('eip155:42161/erc20:0x7f7d7806F4EB90D63B0b278DAf32a2dB2C2001bD', 'A', 42161, '0x7f7d7806F4EB90D63B0b278DAf32a2dB2C2001bD', 18, NULL); INSERT INTO common_asset_details(identifier, symbol, coingecko, cryptocompare, forked, started, swapped_for) VALUES('eip155:42161/erc20:0x7f7d7806F4EB90D63B0b278DAf32a2dB2C2001bD', 'BONUS', 'bonusblock', 'BONUS', NULL, 1711059352, NULL);
*
UPDATE common_asset_details SET coingecko='binance-bridged-usdt-bnb-smart-chain', cryptocompare='USDT' WHERE identifier='eip155:56/erc20:0x55d398326f99059fF775485246999027B3197955';
INSERT INTO assets(identifier, name, type) VALUES('eip155:56/erc20:0x55d398326f99059fF775485246999027B3197955', 'Tether USD', 'C'); INSERT INTO evm_tokens(identifier, token_kind, chain, address, decimals, protocol) VALUES('eip155:56/erc20:0x55d398326f99059fF775485246999027B3197955', 'A', 56, '0x55d398326f99059fF775485246999027B3197955', 18, NULL); INSERT INTO common_asset_details(identifier, symbol, coingecko, cryptocompare, forked, started, swapped_for) VALUES('eip155:56/erc20:0x55d398326f99059fF775485246999027B3197955', 'USDT', 'binance-bridged-usdt-bnb-smart-chain', 'USDT', NULL, 1599201028, NULL);
INSERT INTO assets(identifier, name, type) VALUES('eip155:1/erc20:0x01d33FD36ec67c6Ada32cf36b31e88EE190B1839', 'BRZ Token', 'C'); INSERT INTO evm_tokens(identifier, token_kind, chain, address, decimals, protocol) VALUES('eip155:1/erc20:0x01d33FD36ec67c6Ada32cf36b31e88EE190B1839', 'A', 1, '0x01d33FD36ec67c6Ada32cf36b31e88EE190B1839', 18, NULL); INSERT INTO common_asset_details(identifier, symbol, coingecko, cryptocompare, forked, started, swapped_for) VALUES('eip155:1/erc20:0x01d33FD36ec67c6Ada32cf36b31e88EE190B1839', 'BRZ', 'brz', 'BRZ', NULL, 1687217699, NULL);
*
INSERT INTO assets(identifier, name, type) VALUES('eip155:56/erc20:0x71be881e9C5d4465B3FfF61e89c6f3651E69B5bb', 'BRZ Token', 'C'); INSERT INTO evm_tokens(identifier, token_kind, chain, address, decimals, protocol) VALUES('eip155:56/erc20:0x71be881e9C5d4465B3FfF61e89c6f3651E69B5bb', 'A', 56, '0x71be881e9C5d4465B3FfF61e89c6f3651E69B5bb', 4, NULL); INSERT INTO common_asset_details(identifier, symbol, coingecko, cryptocompare, forked, started, swapped_for) VALUES('eip155:56/erc20:0x71be881e9C5d4465B3FfF61e89c6f3651E69B5bb', 'BRZ', 'brz', 'BRZ', NULL, 1615169874, NULL);
*
UPDATE common_asset_details SET coingecko='brz', cryptocompare='BRZ', started=1687279616 WHERE identifier='eip155:137/erc20:0x4eD141110F6EeeAbA9A1df36d8c26f684d2475Dc';
INSERT INTO assets(identifier, name, type) VALUES('eip155:137/erc20:0x4eD141110F6EeeAbA9A1df36d8c26f684d2475Dc', 'BRZ Token', 'C'); INSERT INTO evm_tokens(identifier, token_kind, chain, address, decimals, protocol) VALUES('eip155:137/erc20:0x4eD141110F6EeeAbA9A1df36d8c26f684d2475Dc', 'A', 137, '0x4eD141110F6EeeAbA9A1df36d8c26f684d2475Dc', 18, NULL); INSERT INTO common_asset_details(identifier, symbol, coingecko, cryptocompare, forked, started, swapped_for) VALUES('eip155:137/erc20:0x4eD141110F6EeeAbA9A1df36d8c26f684d2475Dc', 'BRZ', 'brz', 'BRZ', NULL, 1687279616, NULL);
INSERT INTO assets(identifier, name, type) VALUES('eip155:43114/erc20:0x491a4eB4f1FC3BfF8E1d2FC856a6A46663aD556f', 'BRZ', 'C'); INSERT INTO evm_tokens(identifier, token_kind, chain, address, decimals, protocol) VALUES('eip155:43114/erc20:0x491a4eB4f1FC3BfF8E1d2FC856a6A46663aD556f', 'A', 43114, '0x491a4eB4f1FC3BfF8E1d2FC856a6A46663aD556f', 4, NULL); INSERT INTO common_asset_details(identifier, symbol, coingecko, cryptocompare, forked, started, swapped_for) VALUES('eip155:43114/erc20:0x491a4eB4f1FC3BfF8E1d2FC856a6A46663aD556f', 'BRZ', 'brz', 'BRZ', NULL, 1653400629, NULL);
*
INSERT INTO assets(identifier, name, type) VALUES('BTF', 'Bitfinity Network', 'B'); INSERT INTO common_asset_details(identifier, symbol, coingecko, cryptocompare, forked, started, swapped_for) VALUES('BTF', 'BTF', 'bitfinity-network', '', NULL, 1718633091, NULL);
*
INSERT INTO assets(identifier, name, type) VALUES('eip155:1/erc20:0x03Be5C903c727Ee2C8C4e9bc0AcC860Cca4715e2', 'Capsule Coin', 'C'); INSERT INTO evm_tokens(identifier, token_kind, chain, address, decimals, protocol) VALUES('eip155:1/erc20:0x03Be5C903c727Ee2C8C4e9bc0AcC860Cca4715e2', 'A', 1, '0x03Be5C903c727Ee2C8C4e9bc0AcC860Cca4715e2', 18, NULL); INSERT INTO common_asset_details(identifier, symbol, coingecko, cryptocompare, forked, started, swapped_for) VALUES('eip155:1/erc20:0x03Be5C903c727Ee2C8C4e9bc0AcC860Cca4715e2', 'CAPS', 'coin-capsule', 'CAPS', NULL, 1614363963, NULL);
*
INSERT INTO assets(identifier, name, type) VALUES('eip155:56/erc20:0xFfBa7529AC181c2Ee1844548e6D7061c9A597dF4', 'Capsule Coin', 'C'); INSERT INTO evm_tokens(identifier, token_kind, chain, address, decimals, protocol) VALUES('eip155:56/erc20:0xFfBa7529AC181c2Ee1844548e6D7061c9A597dF4', 'A', 56, '0xFfBa7529AC181c2Ee1844548e6D7061c9A597dF4', 18, NULL); INSERT INTO common_asset_details(identifier, symbol, coingecko, cryptocompare, forked, started, swapped_for) VALUES('eip155:56/erc20:0xFfBa7529AC181c2Ee1844548e6D7061c9A597dF4', 'CAPS', 'coin-capsule', 'CAPS', NULL, 1624102103, NULL);
*
INSERT INTO assets(identifier, name, type) VALUES('eip155:1/erc20:0xc08Cd26474722cE93F4D0c34D16201461c10AA8C', 'CARV', 'C'); INSERT INTO evm_tokens(identifier, token_kind, chain, address, decimals, protocol) VALUES('eip155:1/erc20:0xc08Cd26474722cE93F4D0c34D16201461c10AA8C', 'A', 1, '0xc08Cd26474722cE93F4D0c34D16201461c10AA8C', 18, NULL); INSERT INTO common_asset_details(identifier, symbol, coingecko, cryptocompare, forked, started, swapped_for) VALUES('eip155:1/erc20:0xc08Cd26474722cE93F4D0c34D16201461c10AA8C', 'CARV', 'carv', 'CARV', NULL, 1721289551, NULL);
*
INSERT INTO assets(identifier, name, type) VALUES('eip155:42161/erc20:0xc08Cd26474722cE93F4D0c34D16201461c10AA8C', 'CARV', 'C'); INSERT INTO evm_tokens(identifier, token_kind, chain, address, decimals, protocol) VALUES('eip155:42161/erc20:0xc08Cd26474722cE93F4D0c34D16201461c10AA8C', 'A', 42161, '0xc08Cd26474722cE93F4D0c34D16201461c10AA8C', 18, NULL); INSERT INTO common_asset_details(identifier, symbol, coingecko, cryptocompare, forked, started, swapped_for) VALUES('eip155:42161/erc20:0xc08Cd26474722cE93F4D0c34D16201461c10AA8C', 'CARV', 'carv', 'CARV', NULL, 1721289768, NULL);
*
INSERT INTO assets(identifier, name, type) VALUES('eip155:8453/erc20:0xc08Cd26474722cE93F4D0c34D16201461c10AA8C', 'CARV', 'C'); INSERT INTO evm_tokens(identifier, token_kind, chain, address, decimals, protocol) VALUES('eip155:8453/erc20:0xc08Cd26474722cE93F4D0c34D16201461c10AA8C', 'A', 8453, '0xc08Cd26474722cE93F4D0c34D16201461c10AA8C', 18, NULL); INSERT INTO common_asset_details(identifier, symbol, coingecko, cryptocompare, forked, started, swapped_for) VALUES('eip155:8453/erc20:0xc08Cd26474722cE93F4D0c34D16201461c10AA8C', 'CARV', 'carv', 'CARV', NULL, 1724989179, NULL);
*
INSERT INTO assets(identifier, name, type) VALUES('eip155:56/erc20:0x7e3784220740e61dC700501bd6771226E11d8897', 'Cyber Arena Token', 'C'); INSERT INTO evm_tokens(identifier, token_kind, chain, address, decimals, protocol) VALUES('eip155:56/erc20:0x7e3784220740e61dC700501bd6771226E11d8897', 'A', 56, '0x7e3784220740e61dC700501bd6771226E11d8897', 18, NULL); INSERT INTO common_asset_details(identifier, symbol, coingecko, cryptocompare, forked, started, swapped_for) VALUES('eip155:56/erc20:0x7e3784220740e61dC700501bd6771226E11d8897', 'CAT', 'cyber-arena', '', NULL, 1685298110, NULL);
*
INSERT INTO assets(identifier, name, type) VALUES('CATS', 'CATS', 'W'); INSERT INTO common_asset_details(identifier, symbol, coingecko, cryptocompare, forked, started, swapped_for) VALUES('CATS', 'CATS', 'cats-2', '', NULL, 1728031200, NULL);
*
INSERT INTO assets(identifier, name, type) VALUES('eip155:1/erc20:0x37FC4b48CE93469dbEA9918468993C735049642a', 'CropBytes', 'C'); INSERT INTO evm_tokens(identifier, token_kind, chain, address, decimals, protocol) VALUES('eip155:1/erc20:0x37FC4b48CE93469dbEA9918468993C735049642a', 'A', 1, '0x37FC4b48CE93469dbEA9918468993C735049642a', 18, NULL); INSERT INTO common_asset_details(identifier, symbol, coingecko, cryptocompare, forked, started, swapped_for) VALUES('eip155:1/erc20:0x37FC4b48CE93469dbEA9918468993C735049642a', 'CBX', 'cropbytes', 'CBX', NULL, 1635388014, NULL);
*
INSERT INTO assets(identifier, name, type) VALUES('eip155:1/erc20:0x70EDF1c215D0ce69E7F16FD4E6276ba0d99d4de7', 'cheqd', 'C'); INSERT INTO evm_tokens(identifier, token_kind, chain, address, decimals, protocol) VALUES('eip155:1/erc20:0x70EDF1c215D0ce69E7F16FD4E6276ba0d99d4de7', 'A', 1, '0x70EDF1c215D0ce69E7F16FD4E6276ba0d99d4de7', 9, NULL); INSERT INTO common_asset_details(identifier, symbol, coingecko, cryptocompare, forked, started, swapped_for) VALUES('eip155:1/erc20:0x70EDF1c215D0ce69E7F16FD4E6276ba0d99d4de7', 'CHEQ', 'cheqd-network', 'CHEQ', NULL, 1647371537, NULL);
*
INSERT INTO assets(identifier, name, type) VALUES('CHIRP', 'Chirp Token', 'W'); INSERT INTO common_asset_details(identifier, symbol, coingecko, cryptocompare, forked, started, swapped_for) VALUES('CHIRP', 'CHIRP', 'chirp-token', '', NULL, 1733735880, NULL);
*
INSERT INTO assets(identifier, name, type) VALUES('eip155:1/erc20:0xBBa39Fd2935d5769116ce38d46a71bde9cf03099', 'choise.com Token', 'C'); INSERT INTO evm_tokens(identifier, token_kind, chain, address, decimals, protocol) VALUES('eip155:1/erc20:0xBBa39Fd2935d5769116ce38d46a71bde9cf03099', 'A', 1, '0xBBa39Fd2935d5769116ce38d46a71bde9cf03099', 18, NULL); INSERT INTO common_asset_details(identifier, symbol, coingecko, cryptocompare, forked, started, swapped_for) VALUES('eip155:1/erc20:0xBBa39Fd2935d5769116ce38d46a71bde9cf03099', 'CHO', 'choise', 'CHO', NULL, 1643116797, NULL);
*
INSERT INTO assets(identifier, name, type) VALUES('eip155:56/erc20:0x6cF8e39252Bee00D168Bd25BDf5834347D78e346', 'choise.com Token', 'C'); INSERT INTO evm_tokens(identifier, token_kind, chain, address, decimals, protocol) VALUES('eip155:56/erc20:0x6cF8e39252Bee00D168Bd25BDf5834347D78e346', 'A', 56, '0x6cF8e39252Bee00D168Bd25BDf5834347D78e346', 18, NULL); INSERT INTO common_asset_details(identifier, symbol, coingecko, cryptocompare, forked, started, swapped_for) VALUES('eip155:56/erc20:0x6cF8e39252Bee00D168Bd25BDf5834347D78e346', 'CHO', 'choise', 'CHO', NULL, 1713529981, NULL);
*
INSERT INTO assets(identifier, name, type) VALUES('CLAY', 'Clayton', 'W'); INSERT INTO common_asset_details(identifier, symbol, coingecko, cryptocompare, forked, started, swapped_for) VALUES('CLAY', 'CLAY', 'clayton', '', NULL, 1737036720, NULL);
*
INSERT INTO assets(identifier, name, type) VALUES('CLOUD', 'Cloud', 'Y'); INSERT INTO common_asset_details(identifier, symbol, coingecko, cryptocompare, forked, started, swapped_for) VALUES('CLOUD', 'CLOUD', 'sanctum-2', 'CLOUD', NULL, 1720883375, NULL);
*
INSERT INTO assets(identifier, name, type) VALUES('eip155:1/erc20:0xE6829d9a7eE3040e1276Fa75293Bde931859e8fA', 'cmETH', 'C'); INSERT INTO evm_tokens(identifier, token_kind, chain, address, decimals, protocol) VALUES('eip155:1/erc20:0xE6829d9a7eE3040e1276Fa75293Bde931859e8fA', 'A', 1, '0xE6829d9a7eE3040e1276Fa75293Bde931859e8fA', 18, NULL); INSERT INTO common_asset_details(identifier, symbol, coingecko, cryptocompare, forked, started, swapped_for) VALUES('eip155:1/erc20:0xE6829d9a7eE3040e1276Fa75293Bde931859e8fA', 'cmETH', 'mantle-restaked-eth', 'CMETH', NULL, 1722581387, NULL);
*
INSERT INTO assets(identifier, name, type) VALUES('eip155:1/erc20:0x5A59dD979754B09EA686ce93C98D4CE8bDCb43F2', 'Cros Token', 'C'); INSERT INTO evm_tokens(identifier, token_kind, chain, address, decimals, protocol) VALUES('eip155:1/erc20:0x5A59dD979754B09EA686ce93C98D4CE8bDCb43F2', 'A', 1, '0x5A59dD979754B09EA686ce93C98D4CE8bDCb43F2', 18, NULL); INSERT INTO common_asset_details(identifier, symbol, coingecko, cryptocompare, forked, started, swapped_for) VALUES('eip155:1/erc20:0x5A59dD979754B09EA686ce93C98D4CE8bDCb43F2', 'CROS', 'cros', '', NULL, 1723897067, NULL);
*
INSERT INTO assets(identifier, name, type) VALUES('eip155:1/erc20:0xe50E009Ddb1A4d8Ec668EAc9D8b2dF1F96348707', 'Ctrl', 'C'); INSERT INTO evm_tokens(identifier, token_kind, chain, address, decimals, protocol) VALUES('eip155:1/erc20:0xe50E009Ddb1A4d8Ec668EAc9D8b2dF1F96348707', 'A', 1, '0xe50E009Ddb1A4d8Ec668EAc9D8b2dF1F96348707', 18, NULL); INSERT INTO common_asset_details(identifier, symbol, coingecko, cryptocompare, forked, started, swapped_for) VALUES('eip155:1/erc20:0xe50E009Ddb1A4d8Ec668EAc9D8b2dF1F96348707', 'CTRL', 'ctrl-wallet', 'CTRL', NULL, 1726073243, NULL);
*
INSERT INTO assets(identifier, name, type) VALUES('CTT', 'Cashtree Token', 'W'); INSERT INTO common_asset_details(identifier, symbol, coingecko, cryptocompare, forked, started, swapped_for) VALUES('CTT', 'CTT', 'cashtree-token', '', NULL, 1692032375, NULL);
*
INSERT INTO assets(identifier, name, type) VALUES('eip155:1/erc20:0x33b481CbBF3c24f2B3184Ee7Cb02dAAD1C4F49A8', 'DAR Open Network', 'C'); INSERT INTO evm_tokens(identifier, token_kind, chain, address, decimals, protocol) VALUES('eip155:1/erc20:0x33b481CbBF3c24f2B3184Ee7Cb02dAAD1C4F49A8', 'A', 1, '0x33b481CbBF3c24f2B3184Ee7Cb02dAAD1C4F49A8', 6, NULL); INSERT INTO common_asset_details(identifier, symbol, coingecko, cryptocompare, forked, started, swapped_for) VALUES('eip155:1/erc20:0x33b481CbBF3c24f2B3184Ee7Cb02dAAD1C4F49A8', 'D', 'dar-open-network', '', NULL, 1732882943, NULL);
*
INSERT INTO assets(identifier, name, type) VALUES('eip155:56/erc20:0x8fB238058E71f828F505582E65b1D14f8cf52067', 'DAR Open Network', 'C'); INSERT INTO evm_tokens(identifier, token_kind, chain, address, decimals, protocol) VALUES('eip155:56/erc20:0x8fB238058E71f828F505582E65b1D14f8cf52067', 'A', 56, '0x8fB238058E71f828F505582E65b1D14f8cf52067', 6, NULL); INSERT INTO common_asset_details(identifier, symbol, coingecko, cryptocompare, forked, started, swapped_for) VALUES('eip155:56/erc20:0x8fB238058E71f828F505582E65b1D14f8cf52067', 'D', 'dar-open-network', '', NULL, 1732881093, NULL);
*
INSERT INTO assets(identifier, name, type) VALUES('DEEP', 'DeepBook', 'W'); INSERT INTO common_asset_details(identifier, symbol, coingecko, cryptocompare, forked, started, swapped_for) VALUES('DEEP', 'DEEP', 'deep', '', NULL, 1711629480, NULL);
*
INSERT INTO assets(identifier, name, type) VALUES('eip155:56/erc20:0xdE83180dD1166D4f8E5c2b7De14A2163b1Bb4a87', 'DiamondLaunch Coin', 'C'); INSERT INTO evm_tokens(identifier, token_kind, chain, address, decimals, protocol) VALUES('eip155:56/erc20:0xdE83180dD1166D4f8E5c2b7De14A2163b1Bb4a87', 'A', 56, '0xdE83180dD1166D4f8E5c2b7De14A2163b1Bb4a87', 18, NULL); INSERT INTO common_asset_details(identifier, symbol, coingecko, cryptocompare, forked, started, swapped_for) VALUES('eip155:56/erc20:0xdE83180dD1166D4f8E5c2b7De14A2163b1Bb4a87', 'DLC', 'diamond-launch', 'DLC', NULL, 1656054355, NULL);
*
INSERT INTO assets(identifier, name, type) VALUES('DOAI', 'Dojo Protocol', 'Y'); INSERT INTO common_asset_details(identifier, symbol, coingecko, cryptocompare, forked, started, swapped_for) VALUES('DOAI', 'DOAI', 'dojo-protocol', 'DOAI', NULL, 1718884895, NULL);
*
INSERT INTO assets(identifier, name, type) VALUES('eip155:1/erc20:0x1121AcC14c63f3C872BFcA497d10926A6098AAc5', 'Department Of Government Efficiency', 'C'); INSERT INTO evm_tokens(identifier, token_kind, chain, address, decimals, protocol) VALUES('eip155:1/erc20:0x1121AcC14c63f3C872BFcA497d10926A6098AAc5', 'A', 1, '0x1121AcC14c63f3C872BFcA497d10926A6098AAc5', 18, NULL); INSERT INTO common_asset_details(identifier, symbol, coingecko, cryptocompare, forked, started, swapped_for) VALUES('eip155:1/erc20:0x1121AcC14c63f3C872BFcA497d10926A6098AAc5', 'DOGE', 'department-of-government-efficiency', '', NULL, 1724119115, NULL);
*
INSERT INTO assets(identifier, name, type) VALUES('eip155:8453/erc20:0x67f0870BB897F5E1c369976b4A2962d527B9562c', 'Department Of Government Efficiency', 'C'); INSERT INTO evm_tokens(identifier, token_kind, chain, address, decimals, protocol) VALUES('eip155:8453/erc20:0x67f0870BB897F5E1c369976b4A2962d527B9562c', 'A', 8453, '0x67f0870BB897F5E1c369976b4A2962d527B9562c', 18, NULL); INSERT INTO common_asset_details(identifier, symbol, coingecko, cryptocompare, forked, started, swapped_for) VALUES('eip155:8453/erc20:0x67f0870BB897F5E1c369976b4A2962d527B9562c', 'DOGE', 'department-of-government-efficiency', '', NULL, 1731701365, NULL);
*
INSERT INTO assets(identifier, name, type) VALUES('eip155:1/erc20:0x97A9a15168C22B3C137E6381037E1499C8ad0978', 'Data Ownership Protocol', 'C'); INSERT INTO evm_tokens(identifier, token_kind, chain, address, decimals, protocol) VALUES('eip155:1/erc20:0x97A9a15168C22B3C137E6381037E1499C8ad0978', 'A', 1, '0x97A9a15168C22B3C137E6381037E1499C8ad0978', 18, NULL); INSERT INTO common_asset_details(identifier, symbol, coingecko, cryptocompare, forked, started, swapped_for) VALUES('eip155:1/erc20:0x97A9a15168C22B3C137E6381037E1499C8ad0978', 'DOP', 'data-ownership-protocol', '', NULL, 1711647911, NULL);
*
INSERT INTO assets(identifier, name, type) VALUES('eip155:56/erc20:0x44a21B3577924DCD2e9C81A3347D204C36a55466', 'Paysenger EGO', 'C'); INSERT INTO evm_tokens(identifier, token_kind, chain, address, decimals, protocol) VALUES('eip155:56/erc20:0x44a21B3577924DCD2e9C81A3347D204C36a55466', 'A', 56, '0x44a21B3577924DCD2e9C81A3347D204C36a55466', 18, NULL); INSERT INTO common_asset_details(identifier, symbol, coingecko, cryptocompare, forked, started, swapped_for) VALUES('eip155:56/erc20:0x44a21B3577924DCD2e9C81A3347D204C36a55466', 'EGO', 'paysenger-ego', 'EGO', NULL, 1685163181, NULL);
*
INSERT INTO assets(identifier, name, type) VALUES('eip155:42161/erc20:0x7E7a7C916c19a45769f6BDAF91087f93c6C12F78', 'Eigenpie', 'C'); INSERT INTO evm_tokens(identifier, token_kind, chain, address, decimals, protocol) VALUES('eip155:42161/erc20:0x7E7a7C916c19a45769f6BDAF91087f93c6C12F78', 'A', 42161, '0x7E7a7C916c19a45769f6BDAF91087f93c6C12F78', 18, NULL); INSERT INTO common_asset_details(identifier, symbol, coingecko, cryptocompare, forked, started, swapped_for) VALUES('eip155:42161/erc20:0x7E7a7C916c19a45769f6BDAF91087f93c6C12F78', 'EGP', 'eigenpie', '', NULL, 1726032245, NULL);
*
INSERT INTO assets(identifier, name, type) VALUES('eip155:56/erc20:0x0cc7288A11c0c31d39d0e05EB59F24e506ad6aD5', 'Bridged EGP', 'C'); INSERT INTO evm_tokens(identifier, token_kind, chain, address, decimals, protocol) VALUES('eip155:56/erc20:0x0cc7288A11c0c31d39d0e05EB59F24e506ad6aD5', 'A', 56, '0x0cc7288A11c0c31d39d0e05EB59F24e506ad6aD5', 18, NULL); INSERT INTO common_asset_details(identifier, symbol, coingecko, cryptocompare, forked, started, swapped_for) VALUES('eip155:56/erc20:0x0cc7288A11c0c31d39d0e05EB59F24e506ad6aD5', 'Bridged EGP', 'eigenpie', '', NULL, 1735634593, NULL);
*
INSERT INTO assets(identifier, name, type) VALUES('eip155:56/erc20:0xab2ed911BDbeA001FD3B29AdbC35d8a76E68aAe4', 'Eldarune', 'C'); INSERT INTO evm_tokens(identifier, token_kind, chain, address, decimals, protocol) VALUES('eip155:56/erc20:0xab2ed911BDbeA001FD3B29AdbC35d8a76E68aAe4', 'A', 56, '0xab2ed911BDbeA001FD3B29AdbC35d8a76E68aAe4', 18, NULL); INSERT INTO common_asset_details(identifier, symbol, coingecko, cryptocompare, forked, started, swapped_for) VALUES('eip155:56/erc20:0xab2ed911BDbeA001FD3B29AdbC35d8a76E68aAe4', 'ELDA', 'eldarune', 'ELDA', NULL, 1683566790, NULL);
*
INSERT INTO assets(identifier, name, type) VALUES('eip155:56/erc20:0xe3f53c0d48360de764dDc2a1A82c3e6DB5d4624d', 'EMoneyToken', 'C'); INSERT INTO evm_tokens(identifier, token_kind, chain, address, decimals, protocol) VALUES('eip155:56/erc20:0xe3f53c0d48360de764dDc2a1A82c3e6DB5d4624d', 'A', 56, '0xe3f53c0d48360de764dDc2a1A82c3e6DB5d4624d', 18, NULL); INSERT INTO common_asset_details(identifier, symbol, coingecko, cryptocompare, forked, started, swapped_for) VALUES('eip155:56/erc20:0xe3f53c0d48360de764dDc2a1A82c3e6DB5d4624d', 'EMYC', 'emoneytoken', '', NULL, 1737016695, NULL);
*
INSERT INTO assets(identifier, name, type) VALUES('eip155:1/erc20:0x9aFa9999e45484Adf5d8EED8D9Dfe0693BACd838', 'Everyworld', 'C'); INSERT INTO evm_tokens(identifier, token_kind, chain, address, decimals, protocol) VALUES('eip155:1/erc20:0x9aFa9999e45484Adf5d8EED8D9Dfe0693BACd838', 'A', 1, '0x9aFa9999e45484Adf5d8EED8D9Dfe0693BACd838', 18, NULL); INSERT INTO common_asset_details(identifier, symbol, coingecko, cryptocompare, forked, started, swapped_for) VALUES('eip155:1/erc20:0x9aFa9999e45484Adf5d8EED8D9Dfe0693BACd838', 'EVERY', 'everyworld', 'EVERY', NULL, 1684422995, NULL);
*
INSERT INTO assets(identifier, name, type) VALUES('eip155:8453/erc20:0x717d31A60a9e811469673429c9F8Ea24358990f1', 'Everyworld', 'C'); INSERT INTO evm_tokens(identifier, token_kind, chain, address, decimals, protocol) VALUES('eip155:8453/erc20:0x717d31A60a9e811469673429c9F8Ea24358990f1', 'A', 8453, '0x717d31A60a9e811469673429c9F8Ea24358990f1', 18, NULL); INSERT INTO common_asset_details(identifier, symbol, coingecko, cryptocompare, forked, started, swapped_for) VALUES('eip155:8453/erc20:0x717d31A60a9e811469673429c9F8Ea24358990f1', 'EVERY', 'everyworld', 'EVERY', NULL, 1712337685, NULL);
*
INSERT INTO assets(identifier, name, type) VALUES('eip155:56/erc20:0xBb7D61D2511fD2e63F02178ca9B663458Af9FC63', 'EXVERSE', 'C'); INSERT INTO evm_tokens(identifier, token_kind, chain, address, decimals, protocol) VALUES('eip155:56/erc20:0xBb7D61D2511fD2e63F02178ca9B663458Af9FC63', 'A', 56, '0xBb7D61D2511fD2e63F02178ca9B663458Af9FC63', 18, NULL); INSERT INTO common_asset_details(identifier, symbol, coingecko, cryptocompare, forked, started, swapped_for) VALUES('eip155:56/erc20:0xBb7D61D2511fD2e63F02178ca9B663458Af9FC63', 'EXVG', 'exverse', 'EXVG', NULL, 1705500753, NULL);
*
INSERT INTO assets(identifier, name, type) VALUES('eip155:1/erc20:0x8cb8C4263EB26b2349d74ea2cB1B27bc40709e12', 'EYWA', 'C'); INSERT INTO evm_tokens(identifier, token_kind, chain, address, decimals, protocol) VALUES('eip155:1/erc20:0x8cb8C4263EB26b2349d74ea2cB1B27bc40709e12', 'A', 1, '0x8cb8C4263EB26b2349d74ea2cB1B27bc40709e12', 18, NULL); INSERT INTO common_asset_details(identifier, symbol, coingecko, cryptocompare, forked, started, swapped_for) VALUES('eip155:1/erc20:0x8cb8C4263EB26b2349d74ea2cB1B27bc40709e12', 'EYWA', 'eywa', '', NULL, 1734094691, NULL);
*
INSERT INTO assets(identifier, name, type) VALUES('eip155:56/erc20:0x7A10F506E4c7658e6AD15Fdf0443d450B7FA80D7', 'EYWA', 'C'); INSERT INTO evm_tokens(identifier, token_kind, chain, address, decimals, protocol) VALUES('eip155:56/erc20:0x7A10F506E4c7658e6AD15Fdf0443d450B7FA80D7', 'A', 56, '0x7A10F506E4c7658e6AD15Fdf0443d450B7FA80D7', 18, NULL); INSERT INTO common_asset_details(identifier, symbol, coingecko, cryptocompare, forked, started, swapped_for) VALUES('eip155:56/erc20:0x7A10F506E4c7658e6AD15Fdf0443d450B7FA80D7', 'EYWA', 'eywa', '', NULL, 1734096034, NULL);
*
INSERT INTO assets(identifier, name, type) VALUES('eip155:42161/erc20:0x7A10F506E4c7658e6AD15Fdf0443d450B7FA80D7', 'EYWA', 'C'); INSERT INTO evm_tokens(identifier, token_kind, chain, address, decimals, protocol) VALUES('eip155:42161/erc20:0x7A10F506E4c7658e6AD15Fdf0443d450B7FA80D7', 'A', 42161, '0x7A10F506E4c7658e6AD15Fdf0443d450B7FA80D7', 18, NULL); INSERT INTO common_asset_details(identifier, symbol, coingecko, cryptocompare, forked, started, swapped_for) VALUES('eip155:42161/erc20:0x7A10F506E4c7658e6AD15Fdf0443d450B7FA80D7', 'EYWA', 'eywa', '', NULL, 1734095797, NULL);
*
INSERT INTO assets(identifier, name, type) VALUES('eip155:1/erc20:0xf9Fa60EF4F23F00CCE403cc4d2c11Baf4880A0d6', 'FARCANA', 'C'); INSERT INTO evm_tokens(identifier, token_kind, chain, address, decimals, protocol) VALUES('eip155:1/erc20:0xf9Fa60EF4F23F00CCE403cc4d2c11Baf4880A0d6', 'A', 1, '0xf9Fa60EF4F23F00CCE403cc4d2c11Baf4880A0d6', 18, NULL); INSERT INTO common_asset_details(identifier, symbol, coingecko, cryptocompare, forked, started, swapped_for) VALUES('eip155:1/erc20:0xf9Fa60EF4F23F00CCE403cc4d2c11Baf4880A0d6', 'FAR', 'farcana', '', NULL, 1733493227, NULL);
*
INSERT INTO assets(identifier, name, type) VALUES('eip155:137/erc20:0x5F32AbeeBD3c2fac1E7459A27e1AE9f1C16ccccA', 'FARCANA', 'C'); INSERT INTO evm_tokens(identifier, token_kind, chain, address, decimals, protocol) VALUES('eip155:137/erc20:0x5F32AbeeBD3c2fac1E7459A27e1AE9f1C16ccccA', 'A', 137, '0x5F32AbeeBD3c2fac1E7459A27e1AE9f1C16ccccA', 18, NULL); INSERT INTO common_asset_details(identifier, symbol, coingecko, cryptocompare, forked, started, swapped_for) VALUES('eip155:137/erc20:0x5F32AbeeBD3c2fac1E7459A27e1AE9f1C16ccccA', 'FAR', 'farcana', '', NULL, 1704267301, NULL);
*
INSERT INTO assets(identifier, name, type) VALUES('eip155:137/erc20:0x838C9634dE6590B96aEadC4Bc6DB5c28Fd17E3C2', 'Matr1x Fire Token', 'C'); INSERT INTO evm_tokens(identifier, token_kind, chain, address, decimals, protocol) VALUES('eip155:137/erc20:0x838C9634dE6590B96aEadC4Bc6DB5c28Fd17E3C2', 'A', 137, '0x838C9634dE6590B96aEadC4Bc6DB5c28Fd17E3C2', 18, NULL); INSERT INTO common_asset_details(identifier, symbol, coingecko, cryptocompare, forked, started, swapped_for) VALUES('eip155:137/erc20:0x838C9634dE6590B96aEadC4Bc6DB5c28Fd17E3C2', 'FIRE', 'matr1x-fire', 'FIRE', NULL, 1706102727, NULL);
*
INSERT INTO assets(identifier, name, type) VALUES('eip155:8453/erc20:0x5aB3D4c385B400F3aBB49e80DE2fAF6a88A7B691', 'FLock.io', 'C'); INSERT INTO evm_tokens(identifier, token_kind, chain, address, decimals, protocol) VALUES('eip155:8453/erc20:0x5aB3D4c385B400F3aBB49e80DE2fAF6a88A7B691', 'A', 8453, '0x5aB3D4c385B400F3aBB49e80DE2fAF6a88A7B691', 18, NULL); INSERT INTO common_asset_details(identifier, symbol, coingecko, cryptocompare, forked, started, swapped_for) VALUES('eip155:8453/erc20:0x5aB3D4c385B400F3aBB49e80DE2fAF6a88A7B691', 'FLOCK', 'flock-2', '', NULL, 1734737363, NULL);
*
INSERT INTO assets(identifier, name, type) VALUES('eip155:1/erc20:0x6f40d4A6237C257fff2dB00FA0510DeEECd303eb', 'Fluid', 'C'); INSERT INTO evm_tokens(identifier, token_kind, chain, address, decimals, protocol) VALUES('eip155:1/erc20:0x6f40d4A6237C257fff2dB00FA0510DeEECd303eb', 'A', 1, '0x6f40d4A6237C257fff2dB00FA0510DeEECd303eb', 18, NULL); INSERT INTO common_asset_details(identifier, symbol, coingecko, cryptocompare, forked, started, swapped_for) VALUES('eip155:1/erc20:0x6f40d4A6237C257fff2dB00FA0510DeEECd303eb', 'FLUID', 'instadapp', '', NULL, 1617673481, NULL);
*
INSERT INTO assets(identifier, name, type) VALUES('eip155:42161/erc20:0xaE7d4Bf2Bb00A2F4Ade1C726819FCACA0e517A5B', 'Fluid', 'C'); INSERT INTO evm_tokens(identifier, token_kind, chain, address, decimals, protocol) VALUES('eip155:42161/erc20:0xaE7d4Bf2Bb00A2F4Ade1C726819FCACA0e517A5B', 'A', 42161, '0xaE7d4Bf2Bb00A2F4Ade1C726819FCACA0e517A5B', 18, NULL); INSERT INTO common_asset_details(identifier, symbol, coingecko, cryptocompare, forked, started, swapped_for) VALUES('eip155:42161/erc20:0xaE7d4Bf2Bb00A2F4Ade1C726819FCACA0e517A5B', 'FLUID', 'instadapp', '', NULL, 1736958817, NULL);
*
INSERT INTO assets(identifier, name, type) VALUES('eip155:137/erc20:0xf50D05A1402d0adAfA880D36050736f9f6ee7dee', 'Fluid (PoS)', 'C'); INSERT INTO evm_tokens(identifier, token_kind, chain, address, decimals, protocol) VALUES('eip155:137/erc20:0xf50D05A1402d0adAfA880D36050736f9f6ee7dee', 'A', 137, '0xf50D05A1402d0adAfA880D36050736f9f6ee7dee', 18, NULL); INSERT INTO common_asset_details(identifier, symbol, coingecko, cryptocompare, forked, started, swapped_for) VALUES('eip155:137/erc20:0xf50D05A1402d0adAfA880D36050736f9f6ee7dee', 'FLUID', 'instadapp', '', NULL, 1623642907, NULL);
*
INSERT INTO assets(identifier, name, type) VALUES('eip155:1/erc20:0x52284158E02425290f6B627Aeb5FFF65eDf058Ad', 'Flappy Moon Bird', 'C'); INSERT INTO evm_tokens(identifier, token_kind, chain, address, decimals, protocol) VALUES('eip155:1/erc20:0x52284158E02425290f6B627Aeb5FFF65eDf058Ad', 'A', 1, '0x52284158E02425290f6B627Aeb5FFF65eDf058Ad', 18, NULL); INSERT INTO common_asset_details(identifier, symbol, coingecko, cryptocompare, forked, started, swapped_for) VALUES('eip155:1/erc20:0x52284158E02425290f6B627Aeb5FFF65eDf058Ad', 'FMB', 'flappymoonbird', '', NULL, 1685102795, NULL);
*
INSERT INTO assets(identifier, name, type) VALUES('eip155:1/erc20:0x6bfDB6f4E65Ead27118592A41eB927cEa6956198', 'Fame AI', 'C'); INSERT INTO evm_tokens(identifier, token_kind, chain, address, decimals, protocol) VALUES('eip155:1/erc20:0x6bfDB6f4E65Ead27118592A41eB927cEa6956198', 'A', 1, '0x6bfDB6f4E65Ead27118592A41eB927cEa6956198', 18, NULL); INSERT INTO common_asset_details(identifier, symbol, coingecko, cryptocompare, forked, started, swapped_for) VALUES('eip155:1/erc20:0x6bfDB6f4E65Ead27118592A41eB927cEa6956198', 'FMC', 'fame-ai', '', NULL, 1702222187, NULL);
*
INSERT INTO assets(identifier, name, type) VALUES('eip155:8453/erc20:0x6bfDB6f4E65Ead27118592A41eB927cEa6956198', 'Fame AI', 'C'); INSERT INTO evm_tokens(identifier, token_kind, chain, address, decimals, protocol) VALUES('eip155:8453/erc20:0x6bfDB6f4E65Ead27118592A41eB927cEa6956198', 'A', 8453, '0x6bfDB6f4E65Ead27118592A41eB927cEa6956198', 18, NULL); INSERT INTO common_asset_details(identifier, symbol, coingecko, cryptocompare, forked, started, swapped_for) VALUES('eip155:8453/erc20:0x6bfDB6f4E65Ead27118592A41eB927cEa6956198', 'FMC', 'fame-ai', '', NULL, 1736490887, NULL);
*
INSERT INTO assets(identifier, name, type) VALUES('FRED', 'First Convicted RACCON', 'Y'); INSERT INTO common_asset_details(identifier, symbol, coingecko, cryptocompare, forked, started, swapped_for) VALUES('FRED', 'FRED', 'first-convicted-raccon', 'FRED', NULL, 1735713875, NULL);
*
INSERT INTO assets(identifier, name, type) VALUES('FTON', 'Fanton Token', 'W'); INSERT INTO common_asset_details(identifier, symbol, coingecko, cryptocompare, forked, started, swapped_for) VALUES('FTON', 'FTON', 'fanton-token', '', NULL, 1727851920, NULL);
*
INSERT INTO assets(identifier, name, type) VALUES('eip155:1/erc20:0x423071774C43c0Aaf4210b439E7CDA8c797e2F26', 'GALAXIS Token', 'C'); INSERT INTO evm_tokens(identifier, token_kind, chain, address, decimals, protocol) VALUES('eip155:1/erc20:0x423071774C43c0Aaf4210b439E7CDA8c797e2F26', 'A', 1, '0x423071774C43c0Aaf4210b439E7CDA8c797e2F26', 18, NULL); INSERT INTO common_asset_details(identifier, symbol, coingecko, cryptocompare, forked, started, swapped_for) VALUES('eip155:1/erc20:0x423071774C43c0Aaf4210b439E7CDA8c797e2F26', 'GALAXIS', 'galaxis-token', 'GALAXIS', NULL, 1714385903, NULL);
*
INSERT INTO assets(identifier, name, type) VALUES('eip155:8453/erc20:0x2D189eABb667aA1ecFC01963a6a3A5d83960f558', 'GALAXIS Token', 'C'); INSERT INTO evm_tokens(identifier, token_kind, chain, address, decimals, protocol) VALUES('eip155:8453/erc20:0x2D189eABb667aA1ecFC01963a6a3A5d83960f558', 'A', 8453, '0x2D189eABb667aA1ecFC01963a6a3A5d83960f558', 18, NULL); INSERT INTO common_asset_details(identifier, symbol, coingecko, cryptocompare, forked, started, swapped_for) VALUES('eip155:8453/erc20:0x2D189eABb667aA1ecFC01963a6a3A5d83960f558', 'GALAXIS', 'galaxis-token', 'GALAXIS', NULL, 1727265999, NULL);
*
INSERT INTO assets(identifier, name, type) VALUES('eip155:42161/erc20:0xA5312C3E42A82D459162B2a3bD7FfC4F9099b911', 'GALAXIS Token', 'C'); INSERT INTO evm_tokens(identifier, token_kind, chain, address, decimals, protocol) VALUES('eip155:42161/erc20:0xA5312C3E42A82D459162B2a3bD7FfC4F9099b911', 'A', 42161, '0xA5312C3E42A82D459162B2a3bD7FfC4F9099b911', 18, NULL); INSERT INTO common_asset_details(identifier, symbol, coingecko, cryptocompare, forked, started, swapped_for) VALUES('eip155:42161/erc20:0xA5312C3E42A82D459162B2a3bD7FfC4F9099b911', 'GALAXIS', 'galaxis-token', 'GALAXIS', NULL, 1714695650, NULL);
*
INSERT INTO assets(identifier, name, type) VALUES('eip155:137/erc20:0x3C69d114664d48357d820Dbdd121a8071eAc99bf', 'GALAXIS Token (PoS)', 'C'); INSERT INTO evm_tokens(identifier, token_kind, chain, address, decimals, protocol) VALUES('eip155:137/erc20:0x3C69d114664d48357d820Dbdd121a8071eAc99bf', 'A', 137, '0x3C69d114664d48357d820Dbdd121a8071eAc99bf', 18, NULL); INSERT INTO common_asset_details(identifier, symbol, coingecko, cryptocompare, forked, started, swapped_for) VALUES('eip155:137/erc20:0x3C69d114664d48357d820Dbdd121a8071eAc99bf', 'GALAXIS', 'galaxis-token', 'GALAXIS', NULL, 1714637112, NULL);
*
UPDATE common_asset_details SET coingecko='wrapped-oeth', cryptocompare='woeth', started=1680301283 WHERE identifier='eip155:1/erc20:0xDcEe70654261AF21C44c093C300eD3Bb97b78192';
INSERT INTO assets(identifier, name, type) VALUES('eip155:1/erc20:0xDcEe70654261AF21C44c093C300eD3Bb97b78192', 'Wrapped OETH', 'C'); INSERT INTO evm_tokens(identifier, token_kind, chain, address, decimals, protocol) VALUES('eip155:1/erc20:0xDcEe70654261AF21C44c093C300eD3Bb97b78192', 'A', 1, '0xDcEe70654261AF21C44c093C300eD3Bb97b78192', 18, NULL); INSERT INTO common_asset_details(identifier, symbol, coingecko, cryptocompare, forked, started, swapped_for) VALUES('eip155:1/erc20:0xDcEe70654261AF21C44c093C300eD3Bb97b78192', 'WOETH', 'wrapped-oeth', 'woeth', NULL, 1680301283, NULL);
INSERT INTO assets(identifier, name, type) VALUES('eip155:42161/erc20:0xD8724322f44E5c58D7A815F542036fb17DbbF839', 'Wrapped OETH', 'C'); INSERT INTO evm_tokens(identifier, token_kind, chain, address, decimals, protocol) VALUES('eip155:42161/erc20:0xD8724322f44E5c58D7A815F542036fb17DbbF839', 'A', 42161, '0xD8724322f44E5c58D7A815F542036fb17DbbF839', 18, NULL); INSERT INTO common_asset_details(identifier, symbol, coingecko, cryptocompare, forked, started, swapped_for) VALUES('eip155:42161/erc20:0xD8724322f44E5c58D7A815F542036fb17DbbF839', 'WOETH', 'wrapped-oeth', 'woeth', NULL, 1707392291, NULL);
*
INSERT INTO assets(identifier, name, type) VALUES('eip155:8453/erc20:0x1C4CcA7C5DB003824208aDDA61Bd749e55F463a3', 'GAME by Virtuals', 'C'); INSERT INTO evm_tokens(identifier, token_kind, chain, address, decimals, protocol) VALUES('eip155:8453/erc20:0x1C4CcA7C5DB003824208aDDA61Bd749e55F463a3', 'A', 8453, '0x1C4CcA7C5DB003824208aDDA61Bd749e55F463a3', 18, NULL); INSERT INTO common_asset_details(identifier, symbol, coingecko, cryptocompare, forked, started, swapped_for) VALUES('eip155:8453/erc20:0x1C4CcA7C5DB003824208aDDA61Bd749e55F463a3', 'GAME', 'game-by-virtuals', '', NULL, 1727091731, NULL);
*
INSERT INTO assets(identifier, name, type) VALUES('eip155:1/erc20:0x5f944B0c4315Cb7c3a846b025AB4045da44abf6c', 'PANCAKE GAMES', 'C'); INSERT INTO evm_tokens(identifier, token_kind, chain, address, decimals, protocol) VALUES('eip155:1/erc20:0x5f944B0c4315Cb7c3a846b025AB4045da44abf6c', 'A', 1, '0x5f944B0c4315Cb7c3a846b025AB4045da44abf6c', 18, NULL); INSERT INTO common_asset_details(identifier, symbol, coingecko, cryptocompare, forked, started, swapped_for) VALUES('eip155:1/erc20:0x5f944B0c4315Cb7c3a846b025AB4045da44abf6c', 'GCAKE', 'pancake-games', '', NULL, 1632788762, NULL);
*
INSERT INTO assets(identifier, name, type) VALUES('eip155:56/erc20:0x61D5822DD7b3Ed495108733e6550d4529480C8F6', 'Pancake GAMES', 'C'); INSERT INTO evm_tokens(identifier, token_kind, chain, address, decimals, protocol) VALUES('eip155:56/erc20:0x61D5822DD7b3Ed495108733e6550d4529480C8F6', 'A', 56, '0x61D5822DD7b3Ed495108733e6550d4529480C8F6', 18, NULL); INSERT INTO common_asset_details(identifier, symbol, coingecko, cryptocompare, forked, started, swapped_for) VALUES('eip155:56/erc20:0x61D5822DD7b3Ed495108733e6550d4529480C8F6', 'GCAKE', 'pancake-games', '', NULL, 1633790769, NULL);
*
INSERT INTO assets(identifier, name, type) VALUES('eip155:42161/erc20:0x000000000026839b3f4181f2cF69336af6153b99', 'GG', 'C'); INSERT INTO evm_tokens(identifier, token_kind, chain, address, decimals, protocol) VALUES('eip155:42161/erc20:0x000000000026839b3f4181f2cF69336af6153b99', 'A', 42161, '0x000000000026839b3f4181f2cF69336af6153b99', 18, NULL); INSERT INTO common_asset_details(identifier, symbol, coingecko, cryptocompare, forked, started, swapped_for) VALUES('eip155:42161/erc20:0x000000000026839b3f4181f2cF69336af6153b99', 'GG', 'reboot', 'GG', NULL, 1703621584, NULL);
*
INSERT INTO assets(identifier, name, type) VALUES('eip155:1/erc20:0x68E2e5c9DFF32419A108713f83274a4Fb5e194CA', 'Glacier Network', 'C'); INSERT INTO evm_tokens(identifier, token_kind, chain, address, decimals, protocol) VALUES('eip155:1/erc20:0x68E2e5c9DFF32419A108713f83274a4Fb5e194CA', 'A', 1, '0x68E2e5c9DFF32419A108713f83274a4Fb5e194CA', 18, NULL); INSERT INTO common_asset_details(identifier, symbol, coingecko, cryptocompare, forked, started, swapped_for) VALUES('eip155:1/erc20:0x68E2e5c9DFF32419A108713f83274a4Fb5e194CA', 'GLS', 'glacier-network', 'GLS', NULL, 1720576511, NULL);
*
INSERT INTO assets(identifier, name, type) VALUES('eip155:8453/erc20:0xe898bCD00B86A3eaE43914319D2D4460230f735c', 'Glacier Network', 'C'); INSERT INTO evm_tokens(identifier, token_kind, chain, address, decimals, protocol) VALUES('eip155:8453/erc20:0xe898bCD00B86A3eaE43914319D2D4460230f735c', 'A', 8453, '0xe898bCD00B86A3eaE43914319D2D4460230f735c', 18, NULL); INSERT INTO common_asset_details(identifier, symbol, coingecko, cryptocompare, forked, started, swapped_for) VALUES('eip155:8453/erc20:0xe898bCD00B86A3eaE43914319D2D4460230f735c', 'GLS', 'glacier-network', 'GLS', NULL, 1734583727, NULL);
*
INSERT INTO assets(identifier, name, type) VALUES('GODL', 'RoOLZ', 'W'); INSERT INTO common_asset_details(identifier, symbol, coingecko, cryptocompare, forked, started, swapped_for) VALUES('GODL', 'GODL', 'roolz', '', NULL, 1730983260, NULL);
*
INSERT INTO assets(identifier, name, type) VALUES('GOATS', 'GOATS', 'W'); INSERT INTO common_asset_details(identifier, symbol, coingecko, cryptocompare, forked, started, swapped_for) VALUES('GOATS', 'GOATS', 'goats-2', '', NULL, 1733409120, NULL);
*
INSERT INTO assets(identifier, name, type) VALUES('eip155:8453/erc20:0x0C1dC73159e30c4b06170F2593D3118968a0DCa5', 'GoPlus Security', 'C'); INSERT INTO evm_tokens(identifier, token_kind, chain, address, decimals, protocol) VALUES('eip155:8453/erc20:0x0C1dC73159e30c4b06170F2593D3118968a0DCa5', 'A', 8453, '0x0C1dC73159e30c4b06170F2593D3118968a0DCa5', 18, NULL); INSERT INTO common_asset_details(identifier, symbol, coingecko, cryptocompare, forked, started, swapped_for) VALUES('eip155:8453/erc20:0x0C1dC73159e30c4b06170F2593D3118968a0DCa5', 'GPS', 'goplus-security', '', NULL, 1736845641, NULL);
*
INSERT INTO assets(identifier, name, type) VALUES('eip155:56/erc20:0x7eDC0eC89F987ECd85617b891c44fE462a325869', 'Gunstar Metaverse', 'C'); INSERT INTO evm_tokens(identifier, token_kind, chain, address, decimals, protocol) VALUES('eip155:56/erc20:0x7eDC0eC89F987ECd85617b891c44fE462a325869', 'A', 56, '0x7eDC0eC89F987ECd85617b891c44fE462a325869', 18, NULL); INSERT INTO common_asset_details(identifier, symbol, coingecko, cryptocompare, forked, started, swapped_for) VALUES('eip155:56/erc20:0x7eDC0eC89F987ECd85617b891c44fE462a325869', 'GST', 'gunstar-metaverse', '', NULL, 1637665937, NULL);
*
INSERT INTO assets(identifier, name, type) VALUES('GUMMY', 'GUMMY', 'Y'); INSERT INTO common_asset_details(identifier, symbol, coingecko, cryptocompare, forked, started, swapped_for) VALUES('GUMMY', 'GUMMY', 'gummy', 'GUMMY', NULL, 1713637130, NULL);
*
INSERT INTO assets(identifier, name, type) VALUES('HAPPY', 'Happy Cat', 'Y'); INSERT INTO common_asset_details(identifier, symbol, coingecko, cryptocompare, forked, started, swapped_for) VALUES('HAPPY', 'HAPPY', 'happycat-2', 'HAPPY', NULL, 1730907811, NULL);
*
INSERT INTO assets(identifier, name, type) VALUES('HFUN', 'Hypurr Fun', 'W'); INSERT INTO common_asset_details(identifier, symbol, coingecko, cryptocompare, forked, started, swapped_for) VALUES('HFUN', 'HFUN', 'hypurr-fun', '', NULL, 1715858853, NULL);
*
INSERT INTO assets(identifier, name, type) VALUES('HIPPO', 'sudeng', 'W'); INSERT INTO common_asset_details(identifier, symbol, coingecko, cryptocompare, forked, started, swapped_for) VALUES('HIPPO', 'HIPPO', 'sudeng', '', NULL, 1727448540, NULL);
*
INSERT INTO assets(identifier, name, type) VALUES('eip155:56/erc20:0x80A78A9b6B1272FdB612B39181BF113706024875', 'Halo', 'C'); INSERT INTO evm_tokens(identifier, token_kind, chain, address, decimals, protocol) VALUES('eip155:56/erc20:0x80A78A9b6B1272FdB612B39181BF113706024875', 'A', 56, '0x80A78A9b6B1272FdB612B39181BF113706024875', 18, NULL); INSERT INTO common_asset_details(identifier, symbol, coingecko, cryptocompare, forked, started, swapped_for) VALUES('eip155:56/erc20:0x80A78A9b6B1272FdB612B39181BF113706024875', 'HLO', 'halo-2', 'HLO', NULL, 1735267964, NULL);
*
INSERT INTO assets(identifier, name, type) VALUES('eip155:324/erc20:0xed4040fD47629e7c8FBB7DA76bb50B3e7695F0f2', 'Holdstation', 'C'); INSERT INTO evm_tokens(identifier, token_kind, chain, address, decimals, protocol) VALUES('eip155:324/erc20:0xed4040fD47629e7c8FBB7DA76bb50B3e7695F0f2', 'A', 324, '0xed4040fD47629e7c8FBB7DA76bb50B3e7695F0f2', 18, NULL); INSERT INTO common_asset_details(identifier, symbol, coingecko, cryptocompare, forked, started, swapped_for) VALUES('eip155:324/erc20:0xed4040fD47629e7c8FBB7DA76bb50B3e7695F0f2', 'HOLD', 'holdstation', '', NULL, 1700119226, NULL);
*
INSERT INTO assets(identifier, name, type) VALUES('HOLD', 'Holdcoin', 'W'); INSERT INTO common_asset_details(identifier, symbol, coingecko, cryptocompare, forked, started, swapped_for) VALUES('HOLD', 'HOLD', 'holdcoin', '', NULL, 1734393839, NULL);
*
INSERT INTO assets(identifier, name, type) VALUES('eip155:1/erc20:0x72e4f9F808C49A2a61dE9C5896298920Dc4EEEa9', 'HarryPotterObamaSonic10Inu', 'C'); INSERT INTO evm_tokens(identifier, token_kind, chain, address, decimals, protocol) VALUES('eip155:1/erc20:0x72e4f9F808C49A2a61dE9C5896298920Dc4EEEa9', 'A', 1, '0x72e4f9F808C49A2a61dE9C5896298920Dc4EEEa9', 8, NULL); INSERT INTO common_asset_details(identifier, symbol, coingecko, cryptocompare, forked, started, swapped_for) VALUES('eip155:1/erc20:0x72e4f9F808C49A2a61dE9C5896298920Dc4EEEa9', 'BITCOIN', 'harrypotterobamasonic10in', '', NULL, 1683700391, NULL);
*
INSERT INTO assets(identifier, name, type) VALUES('eip155:8453/erc20:0x2a06A17CBC6d0032Cac2c6696DA90f29D39a1a29', 'HarryPotterObamaSonic10Inu', 'C'); INSERT INTO evm_tokens(identifier, token_kind, chain, address, decimals, protocol) VALUES('eip155:8453/erc20:0x2a06A17CBC6d0032Cac2c6696DA90f29D39a1a29', 'A', 8453, '0x2a06A17CBC6d0032Cac2c6696DA90f29D39a1a29', 8, NULL); INSERT INTO common_asset_details(identifier, symbol, coingecko, cryptocompare, forked, started, swapped_for) VALUES('eip155:8453/erc20:0x2a06A17CBC6d0032Cac2c6696DA90f29D39a1a29', 'BITCOIN', 'harrypotterobamasonic10in', '', NULL, 1711500455, NULL);
*
INSERT INTO assets(identifier, name, type) VALUES('eip155:56/erc20:0x49f1D4dB3ea1a64390E990C6deBEaC88EAC007Ca', 'Ithaca Protocol', 'C'); INSERT INTO evm_tokens(identifier, token_kind, chain, address, decimals, protocol) VALUES('eip155:56/erc20:0x49f1D4dB3ea1a64390E990C6deBEaC88EAC007Ca', 'A', 56, '0x49f1D4dB3ea1a64390E990C6deBEaC88EAC007Ca', 18, NULL); INSERT INTO common_asset_details(identifier, symbol, coingecko, cryptocompare, forked, started, swapped_for) VALUES('eip155:56/erc20:0x49f1D4dB3ea1a64390E990C6deBEaC88EAC007Ca', 'ITHACA', 'ithaca-protocol', '', NULL, 1733841994, NULL);
*
INSERT INTO assets(identifier, name, type) VALUES('eip155:1/erc20:0x1095AE55B62174D9EA3Bc6A4136acacaD461d7ce', 'Ithaca Protocol', 'C'); INSERT INTO evm_tokens(identifier, token_kind, chain, address, decimals, protocol) VALUES('eip155:1/erc20:0x1095AE55B62174D9EA3Bc6A4136acacaD461d7ce', 'A', 1, '0x1095AE55B62174D9EA3Bc6A4136acacaD461d7ce', 18, NULL); INSERT INTO common_asset_details(identifier, symbol, coingecko, cryptocompare, forked, started, swapped_for) VALUES('eip155:1/erc20:0x1095AE55B62174D9EA3Bc6A4136acacaD461d7ce', 'ITHACA', 'ithaca-protocol', '', NULL, 1735366235, NULL);
*
INSERT INTO assets(identifier, name, type) VALUES('eip155:1/erc20:0xde6AcEAF7F2dCEB3d425643C5F85351f2B38FcdE', 'Metaverse HQ', 'C'); INSERT INTO evm_tokens(identifier, token_kind, chain, address, decimals, protocol) VALUES('eip155:1/erc20:0xde6AcEAF7F2dCEB3d425643C5F85351f2B38FcdE', 'A', 1, '0xde6AcEAF7F2dCEB3d425643C5F85351f2B38FcdE', 18, NULL); INSERT INTO common_asset_details(identifier, symbol, coingecko, cryptocompare, forked, started, swapped_for) VALUES('eip155:1/erc20:0xde6AcEAF7F2dCEB3d425643C5F85351f2B38FcdE', 'HQ', 'hq', '', NULL, 1733789375, NULL);
*
INSERT INTO assets(identifier, name, type) VALUES('JELLYJELLY', 'Jelly-My-Jelly', 'Y'); INSERT INTO common_asset_details(identifier, symbol, coingecko, cryptocompare, forked, started, swapped_for) VALUES('JELLYJELLY', 'JELLYJELLY', 'jelly-my-jelly', 'JELLYJELLY', NULL, 1738193350, NULL);
*
INSERT INTO assets(identifier, name, type) VALUES('eip155:43114/erc20:0xD5D053D5B769383e860d1520Da7a908E00919F36', 'JUICE', 'C'); INSERT INTO evm_tokens(identifier, token_kind, chain, address, decimals, protocol) VALUES('eip155:43114/erc20:0xD5D053D5B769383e860d1520Da7a908E00919F36', 'A', 43114, '0xD5D053D5B769383e860d1520Da7a908E00919F36', 18, NULL); INSERT INTO common_asset_details(identifier, symbol, coingecko, cryptocompare, forked, started, swapped_for) VALUES('eip155:43114/erc20:0xD5D053D5B769383e860d1520Da7a908E00919F36', 'JUICE', 'juice-2', '', NULL, 1709026581, NULL);
*
INSERT INTO assets(identifier, name, type) VALUES('eip155:137/erc20:0x235737dBb56e8517391473f7c964DB31fA6ef280', 'KastaToken', 'C'); INSERT INTO evm_tokens(identifier, token_kind, chain, address, decimals, protocol) VALUES('eip155:137/erc20:0x235737dBb56e8517391473f7c964DB31fA6ef280', 'A', 137, '0x235737dBb56e8517391473f7c964DB31fA6ef280', 18, NULL); INSERT INTO common_asset_details(identifier, symbol, coingecko, cryptocompare, forked, started, swapped_for) VALUES('eip155:137/erc20:0x235737dBb56e8517391473f7c964DB31fA6ef280', 'KASTA', 'kasta', 'KASTA', NULL, 1639574595, NULL);
*
INSERT INTO assets(identifier, name, type) VALUES('eip155:42161/erc20:0x94fCD9c18f99538C0f7C61c5500cA79F0D5C4dab', 'KIMA', 'C'); INSERT INTO evm_tokens(identifier, token_kind, chain, address, decimals, protocol) VALUES('eip155:42161/erc20:0x94fCD9c18f99538C0f7C61c5500cA79F0D5C4dab', 'A', 42161, '0x94fCD9c18f99538C0f7C61c5500cA79F0D5C4dab', 18, NULL); INSERT INTO common_asset_details(identifier, symbol, coingecko, cryptocompare, forked, started, swapped_for) VALUES('eip155:42161/erc20:0x94fCD9c18f99538C0f7C61c5500cA79F0D5C4dab', 'KIMA', 'kima', '', NULL, 1727889773, NULL);
*
INSERT INTO assets(identifier, name, type) VALUES('eip155:1/erc20:0x946fb08103b400d1c79e07acCCDEf5cfd26cd374', 'KIP Protocol', 'C'); INSERT INTO evm_tokens(identifier, token_kind, chain, address, decimals, protocol) VALUES('eip155:1/erc20:0x946fb08103b400d1c79e07acCCDEf5cfd26cd374', 'A', 1, '0x946fb08103b400d1c79e07acCCDEf5cfd26cd374', 18, NULL); INSERT INTO common_asset_details(identifier, symbol, coingecko, cryptocompare, forked, started, swapped_for) VALUES('eip155:1/erc20:0x946fb08103b400d1c79e07acCCDEf5cfd26cd374', 'KIP', 'kip', '', NULL, 1733191523, NULL);
*
INSERT INTO assets(identifier, name, type) VALUES('eip155:56/erc20:0xc732B6586A93b6B7CF5FeD3470808Bc74998224D', 'KmonCoin', 'C'); INSERT INTO evm_tokens(identifier, token_kind, chain, address, decimals, protocol) VALUES('eip155:56/erc20:0xc732B6586A93b6B7CF5FeD3470808Bc74998224D', 'A', 56, '0xc732B6586A93b6B7CF5FeD3470808Bc74998224D', 18, NULL); INSERT INTO common_asset_details(identifier, symbol, coingecko, cryptocompare, forked, started, swapped_for) VALUES('eip155:56/erc20:0xc732B6586A93b6B7CF5FeD3470808Bc74998224D', 'KMON', 'kryptomon', '', NULL, 1622474447, NULL);
*
INSERT INTO assets(identifier, name, type) VALUES('eip155:1/erc20:0xc4170fd71ECed3C80baDca77f4e12E8AaC1e3436', 'KmonCoin', 'C'); INSERT INTO evm_tokens(identifier, token_kind, chain, address, decimals, protocol) VALUES('eip155:1/erc20:0xc4170fd71ECed3C80baDca77f4e12E8AaC1e3436', 'A', 1, '0xc4170fd71ECed3C80baDca77f4e12E8AaC1e3436', 18, NULL); INSERT INTO common_asset_details(identifier, symbol, coingecko, cryptocompare, forked, started, swapped_for) VALUES('eip155:1/erc20:0xc4170fd71ECed3C80baDca77f4e12E8AaC1e3436', 'KMON', 'kryptomon', '', NULL, 1707146003, NULL);
*
INSERT INTO assets(identifier, name, type) VALUES('eip155:56/erc20:0xd5eaAaC47bD1993d661bc087E15dfb079a7f3C19', 'Koma Inu', 'C'); INSERT INTO evm_tokens(identifier, token_kind, chain, address, decimals, protocol) VALUES('eip155:56/erc20:0xd5eaAaC47bD1993d661bc087E15dfb079a7f3C19', 'A', 56, '0xd5eaAaC47bD1993d661bc087E15dfb079a7f3C19', 18, NULL); INSERT INTO common_asset_details(identifier, symbol, coingecko, cryptocompare, forked, started, swapped_for) VALUES('eip155:56/erc20:0xd5eaAaC47bD1993d661bc087E15dfb079a7f3C19', 'KOMA', 'koma-inu', 'KOMA', NULL, 1728223865, NULL);
*
UPDATE common_asset_details SET coingecko = 'compound-governance-token', cryptocompare = 'COMP' WHERE identifier = 'eip155:10/erc20:0x7e7d4467112689329f7E06571eD0E8CbAd4910eE';
INSERT INTO assets(identifier, name, type) VALUES('eip155:10/erc20:0x7e7d4467112689329f7E06571eD0E8CbAd4910eE', 'Compound', 'C'); INSERT INTO evm_tokens(identifier, token_kind, chain, address, decimals, protocol) VALUES('eip155:10/erc20:0x7e7d4467112689329f7E06571eD0E8CbAd4910eE', 'A', 10, '0x7e7d4467112689329f7E06571eD0E8CbAd4910eE', 18, NULL); INSERT INTO common_asset_details(identifier, symbol, coingecko, cryptocompare, forked, started, swapped_for) VALUES('eip155:10/erc20:0x7e7d4467112689329f7E06571eD0E8CbAd4910eE', 'COMP', 'compound-governance-token', 'COMP', NULL, 1709297561, NULL);
UPDATE common_asset_details SET coingecko = 'compound-governance-token', cryptocompare = 'COMP' WHERE identifier = 'eip155:43114/erc20:0xc3048E19E76CB9a3Aa9d77D8C03c29Fc906e2437';
INSERT INTO assets(identifier, name, type) VALUES('eip155:43114/erc20:0xc3048E19E76CB9a3Aa9d77D8C03c29Fc906e2437', 'Compound', 'C'); INSERT INTO evm_tokens(identifier, token_kind, chain, address, decimals, protocol) VALUES('eip155:43114/erc20:0xc3048E19E76CB9a3Aa9d77D8C03c29Fc906e2437', 'A', 43114, '0xc3048E19E76CB9a3Aa9d77D8C03c29Fc906e2437', 18, NULL); INSERT INTO common_asset_details(identifier, symbol, coingecko, cryptocompare, forked, started, swapped_for) VALUES('eip155:43114/erc20:0xc3048E19E76CB9a3Aa9d77D8C03c29Fc906e2437', 'COMP.e', 'compound-governance-token', 'COMP', NULL, 1627052358, NULL);
UPDATE common_asset_details SET coingecko = 'compound-governance-token', cryptocompare = 'COMP' WHERE identifier = 'eip155:42161/erc20:0x354A6dA3fcde098F8389cad84b0182725c6C91dE';
INSERT INTO assets(identifier, name, type) VALUES('eip155:42161/erc20:0x354A6dA3fcde098F8389cad84b0182725c6C91dE', 'Compound', 'C'); INSERT INTO evm_tokens(identifier, token_kind, chain, address, decimals, protocol) VALUES('eip155:42161/erc20:0x354A6dA3fcde098F8389cad84b0182725c6C91dE', 'A', 42161, '0x354A6dA3fcde098F8389cad84b0182725c6C91dE', 18, NULL); INSERT INTO common_asset_details(identifier, symbol, coingecko, cryptocompare, forked, started, swapped_for) VALUES('eip155:42161/erc20:0x354A6dA3fcde098F8389cad84b0182725c6C91dE', 'COMP', 'compound-governance-token', 'COMP', NULL, 1627937552, NULL);
UPDATE common_asset_details SET coingecko = 'compound-governance-token', cryptocompare = 'COMP' WHERE identifier = 'eip155:137/erc20:0x8505b9d2254A7Ae468c0E9dd10Ccea3A837aef5c';
INSERT INTO assets(identifier, name, type) VALUES('eip155:137/erc20:0x8505b9d2254A7Ae468c0E9dd10Ccea3A837aef5c', '(PoS) Compound', 'C'); INSERT INTO evm_tokens(identifier, token_kind, chain, address, decimals, protocol) VALUES('eip155:137/erc20:0x8505b9d2254A7Ae468c0E9dd10Ccea3A837aef5c', 'A', 137, '0x8505b9d2254A7Ae468c0E9dd10Ccea3A837aef5c', 18, NULL); INSERT INTO common_asset_details(identifier, symbol, coingecko, cryptocompare, forked, started, swapped_for) VALUES('eip155:137/erc20:0x8505b9d2254A7Ae468c0E9dd10Ccea3A837aef5c', 'COMP', 'compound-governance-token', 'COMP', NULL, 1599512775, NULL);
UPDATE common_asset_details SET coingecko = 'compound-governance-token', cryptocompare = 'COMP' WHERE identifier = 'eip155:56/erc20:0x52CE071Bd9b1C4B00A0b92D298c512478CaD67e8';
INSERT INTO assets(identifier, name, type) VALUES('eip155:56/erc20:0x52CE071Bd9b1C4B00A0b92D298c512478CaD67e8', 'Compound Coin', 'C'); INSERT INTO evm_tokens(identifier, token_kind, chain, address, decimals, protocol) VALUES('eip155:56/erc20:0x52CE071Bd9b1C4B00A0b92D298c512478CaD67e8', 'A', 56, '0x52CE071Bd9b1C4B00A0b92D298c512478CaD67e8', 18, NULL); INSERT INTO common_asset_details(identifier, symbol, coingecko, cryptocompare, forked, started, swapped_for) VALUES('eip155:56/erc20:0x52CE071Bd9b1C4B00A0b92D298c512478CaD67e8', 'COMP', 'compound-governance-token', 'COMP', NULL, 1601441788, NULL);
UPDATE common_asset_details SET coingecko = 'compound-governance-token', cryptocompare = 'COMP' WHERE identifier = 'eip155:8453/erc20:0x9e1028F5F1D5eDE59748FFceE5532509976840E0';
INSERT INTO assets(identifier, name, type) VALUES('eip155:8453/erc20:0x9e1028F5F1D5eDE59748FFceE5532509976840E0', 'Compound', 'C'); INSERT INTO evm_tokens(identifier, token_kind, chain, address, decimals, protocol) VALUES('eip155:8453/erc20:0x9e1028F5F1D5eDE59748FFceE5532509976840E0', 'A', 8453, '0x9e1028F5F1D5eDE59748FFceE5532509976840E0', 18, NULL); INSERT INTO common_asset_details(identifier, symbol, coingecko, cryptocompare, forked, started, swapped_for) VALUES('eip155:8453/erc20:0x9e1028F5F1D5eDE59748FFceE5532509976840E0', 'COMP', 'compound-governance-token', 'COMP', NULL, 1690222051, NULL);
INSERT INTO assets(identifier, name, type) VALUES('KRO', 'Kroma', 'B'); INSERT INTO common_asset_details(identifier, symbol, coingecko, cryptocompare, forked, started, swapped_for) VALUES('KRO', 'KRO', 'kroma', '', NULL, 1735645200, NULL);
*
INSERT INTO assets(identifier, name, type) VALUES('eip155:1/erc20:0x168e209D7b2F58f1f24b8Ae7B7d35E662bBF11Cc', 'LayerAI Token', 'C'); INSERT INTO evm_tokens(identifier, token_kind, chain, address, decimals, protocol) VALUES('eip155:1/erc20:0x168e209D7b2F58f1f24b8Ae7B7d35E662bBF11Cc', 'A', 1, '0x168e209D7b2F58f1f24b8Ae7B7d35E662bBF11Cc', 18, NULL); INSERT INTO common_asset_details(identifier, symbol, coingecko, cryptocompare, forked, started, swapped_for) VALUES('eip155:1/erc20:0x168e209D7b2F58f1f24b8Ae7B7d35E662bBF11Cc', 'LAI', 'cryptogpt-token', 'LAI', NULL, 1693289999, NULL);
*
INSERT INTO assets(identifier, name, type) VALUES('eip155:56/erc20:0x776F9987D9DEED90eeD791cbD824D971FD5CCF09', 'LayerAI Token', 'C'); INSERT INTO evm_tokens(identifier, token_kind, chain, address, decimals, protocol) VALUES('eip155:56/erc20:0x776F9987D9DEED90eeD791cbD824D971FD5CCF09', 'A', 56, '0x776F9987D9DEED90eeD791cbD824D971FD5CCF09', 18, NULL); INSERT INTO common_asset_details(identifier, symbol, coingecko, cryptocompare, forked, started, swapped_for) VALUES('eip155:56/erc20:0x776F9987D9DEED90eeD791cbD824D971FD5CCF09', 'LAI', 'cryptogpt-token', 'LAI', NULL, 1693306789, NULL);
*
INSERT INTO assets(identifier, name, type) VALUES('eip155:42161/erc20:0x11e969e9B3f89cB16D686a03Cd8508C9fC0361AF', 'Axelar Wrapped LAVA', 'C'); INSERT INTO evm_tokens(identifier, token_kind, chain, address, decimals, protocol) VALUES('eip155:42161/erc20:0x11e969e9B3f89cB16D686a03Cd8508C9fC0361AF', 'A', 42161, '0x11e969e9B3f89cB16D686a03Cd8508C9fC0361AF', 6, NULL); INSERT INTO common_asset_details(identifier, symbol, coingecko, cryptocompare, forked, started, swapped_for) VALUES('eip155:42161/erc20:0x11e969e9B3f89cB16D686a03Cd8508C9fC0361AF', 'LAVA', 'lava-network', 'LAVA', NULL, 1720611951, NULL);
*
INSERT INTO assets(identifier, name, type) VALUES('eip155:8453/erc20:0x11e969e9B3f89cB16D686a03Cd8508C9fC0361AF', 'Axelar Wrapped LAVA', 'C'); INSERT INTO evm_tokens(identifier, token_kind, chain, address, decimals, protocol) VALUES('eip155:8453/erc20:0x11e969e9B3f89cB16D686a03Cd8508C9fC0361AF', 'A', 8453, '0x11e969e9B3f89cB16D686a03Cd8508C9fC0361AF', 6, NULL); INSERT INTO common_asset_details(identifier, symbol, coingecko, cryptocompare, forked, started, swapped_for) VALUES('eip155:8453/erc20:0x11e969e9B3f89cB16D686a03Cd8508C9fC0361AF', 'LAVA', 'lava-network', 'LAVA', NULL, 1720611989, NULL);
*
INSERT INTO assets(identifier, name, type) VALUES('eip155:56/erc20:0xF06ce11836851d71E74e4ffeFa7b73FCc8A27786', 'AutoLayer', 'C'); INSERT INTO evm_tokens(identifier, token_kind, chain, address, decimals, protocol) VALUES('eip155:56/erc20:0xF06ce11836851d71E74e4ffeFa7b73FCc8A27786', 'A', 56, '0xF06ce11836851d71E74e4ffeFa7b73FCc8A27786', 18, NULL); INSERT INTO common_asset_details(identifier, symbol, coingecko, cryptocompare, forked, started, swapped_for) VALUES('eip155:56/erc20:0xF06ce11836851d71E74e4ffeFa7b73FCc8A27786', 'LAY3R', 'autolayer', 'LAY3R', NULL, 1727072844, NULL);
*
INSERT INTO assets(identifier, name, type) VALUES('eip155:56/erc20:0x9096B4309224d751FCB43d7eB178dcFFc122aD15', 'Legion Token', 'C'); INSERT INTO evm_tokens(identifier, token_kind, chain, address, decimals, protocol) VALUES('eip155:56/erc20:0x9096B4309224d751FCB43d7eB178dcFFc122aD15', 'A', 56, '0x9096B4309224d751FCB43d7eB178dcFFc122aD15', 18, NULL); INSERT INTO common_asset_details(identifier, symbol, coingecko, cryptocompare, forked, started, swapped_for) VALUES('eip155:56/erc20:0x9096B4309224d751FCB43d7eB178dcFFc122aD15', 'LGX', 'legion-network', 'LGX', NULL, 1630946706, NULL);
*
INSERT INTO assets(identifier, name, type) VALUES('eip155:8453/erc20:0xfb42Da273158B0F642F59F2Ba7cc1d5457481677', 'Lingo', 'C'); INSERT INTO evm_tokens(identifier, token_kind, chain, address, decimals, protocol) VALUES('eip155:8453/erc20:0xfb42Da273158B0F642F59F2Ba7cc1d5457481677', 'A', 8453, '0xfb42Da273158B0F642F59F2Ba7cc1d5457481677', 18, NULL); INSERT INTO common_asset_details(identifier, symbol, coingecko, cryptocompare, forked, started, swapped_for) VALUES('eip155:8453/erc20:0xfb42Da273158B0F642F59F2Ba7cc1d5457481677', 'LINGO', 'lingo', 'LINGO', NULL, 1733845795, NULL);
*
INSERT INTO assets(identifier, name, type) VALUES('eip155:56/erc20:0xFceB31A79F71AC9CBDCF853519c1b12D379EdC46', 'Lista DAO', 'C'); INSERT INTO evm_tokens(identifier, token_kind, chain, address, decimals, protocol) VALUES('eip155:56/erc20:0xFceB31A79F71AC9CBDCF853519c1b12D379EdC46', 'A', 56, '0xFceB31A79F71AC9CBDCF853519c1b12D379EdC46', 18, NULL); INSERT INTO common_asset_details(identifier, symbol, coingecko, cryptocompare, forked, started, swapped_for) VALUES('eip155:56/erc20:0xFceB31A79F71AC9CBDCF853519c1b12D379EdC46', 'LISTA', 'lista', 'LISTA', NULL, 1711863357, NULL);
*
INSERT INTO assets(identifier, name, type) VALUES('LLM', 'Large Language Model', 'Y'); INSERT INTO common_asset_details(identifier, symbol, coingecko, cryptocompare, forked, started, swapped_for) VALUES('LLM', 'LLM', 'large-language-model', '', NULL, 1736324404, NULL);
*
INSERT INTO assets(identifier, name, type) VALUES('LOFI', 'LOFI', 'W'); INSERT INTO common_asset_details(identifier, symbol, coingecko, cryptocompare, forked, started, swapped_for) VALUES('LOFI', 'LOFI', 'lofi-2', '', NULL, 1732316940, NULL);
*
INSERT INTO assets(identifier, name, type) VALUES('eip155:42161/erc20:0x59062301Fb510F4ea2417B67404CB16D31E604BA', 'LogX Network', 'C'); INSERT INTO evm_tokens(identifier, token_kind, chain, address, decimals, protocol) VALUES('eip155:42161/erc20:0x59062301Fb510F4ea2417B67404CB16D31E604BA', 'A', 42161, '0x59062301Fb510F4ea2417B67404CB16D31E604BA', 18, NULL); INSERT INTO common_asset_details(identifier, symbol, coingecko, cryptocompare, forked, started, swapped_for) VALUES('eip155:42161/erc20:0x59062301Fb510F4ea2417B67404CB16D31E604BA', 'LOGX', 'logx-2', 'LOGX', NULL, 1726572778, NULL);
*
INSERT INTO assets(identifier, name, type) VALUES('eip155:1/erc20:0xa3F4341C3fEf5963AB04135D2014AC7d68222E19', 'LogX Network', 'C'); INSERT INTO evm_tokens(identifier, token_kind, chain, address, decimals, protocol) VALUES('eip155:1/erc20:0xa3F4341C3fEf5963AB04135D2014AC7d68222E19', 'A', 1, '0xa3F4341C3fEf5963AB04135D2014AC7d68222E19', 18, NULL); INSERT INTO common_asset_details(identifier, symbol, coingecko, cryptocompare, forked, started, swapped_for) VALUES('eip155:1/erc20:0xa3F4341C3fEf5963AB04135D2014AC7d68222E19', 'LOGX', 'logx-2', 'LOGX', NULL, 1726562651, NULL);
*
INSERT INTO assets(identifier, name, type) VALUES('eip155:8453/erc20:0x04055057677807D2a53d2b25a80FF3b4d932aE1a', 'LogX Network', 'C'); INSERT INTO evm_tokens(identifier, token_kind, chain, address, decimals, protocol) VALUES('eip155:8453/erc20:0x04055057677807D2a53d2b25a80FF3b4d932aE1a', 'A', 8453, '0x04055057677807D2a53d2b25a80FF3b4d932aE1a', 18, NULL); INSERT INTO common_asset_details(identifier, symbol, coingecko, cryptocompare, forked, started, swapped_for) VALUES('eip155:8453/erc20:0x04055057677807D2a53d2b25a80FF3b4d932aE1a', 'LOGX', 'logx-2', 'LOGX', NULL, 1730316957, NULL);
*
INSERT INTO assets(identifier, name, type) VALUES('LUCE', 'Luce', 'Y'); INSERT INTO common_asset_details(identifier, symbol, coingecko, cryptocompare, forked, started, swapped_for) VALUES('LUCE', 'LUCE', 'offcial-mascot-of-the-holy-year', 'LUCE', NULL, 1730131989, NULL);
*
INSERT INTO assets(identifier, name, type) VALUES('eip155:1/erc20:0xD9343a049D5DBd89CD19DC6BcA8c48fB3a0a42a7', 'Lumia Token', 'C'); INSERT INTO evm_tokens(identifier, token_kind, chain, address, decimals, protocol) VALUES('eip155:1/erc20:0xD9343a049D5DBd89CD19DC6BcA8c48fB3a0a42a7', 'A', 1, '0xD9343a049D5DBd89CD19DC6BcA8c48fB3a0a42a7', 18, NULL); INSERT INTO common_asset_details(identifier, symbol, coingecko, cryptocompare, forked, started, swapped_for) VALUES('eip155:1/erc20:0xD9343a049D5DBd89CD19DC6BcA8c48fB3a0a42a7', 'LUMIA', 'lumia', 'LUMIA', NULL, 1719267095, NULL);
*
INSERT INTO assets(identifier, name, type) VALUES('eip155:56/erc20:0x7F39BcdCa8E0E581c1d43aaa1cB862AA1c8C2047', 'Lumia Token', 'C'); INSERT INTO evm_tokens(identifier, token_kind, chain, address, decimals, protocol) VALUES('eip155:56/erc20:0x7F39BcdCa8E0E581c1d43aaa1cB862AA1c8C2047', 'A', 56, '0x7F39BcdCa8E0E581c1d43aaa1cB862AA1c8C2047', 18, NULL); INSERT INTO common_asset_details(identifier, symbol, coingecko, cryptocompare, forked, started, swapped_for) VALUES('eip155:56/erc20:0x7F39BcdCa8E0E581c1d43aaa1cB862AA1c8C2047', 'LUMIA', 'lumia', 'LUMIA', NULL, 1729013734, NULL);
*
UPDATE common_asset_details SET swapped_for = 'eip155:1/erc20:0xD9343a049D5DBd89CD19DC6BcA8c48fB3a0a42a7' WHERE identifier = 'eip155:1/erc20:0x0258F474786DdFd37ABCE6df6BBb1Dd5dfC4434a';
INSERT INTO assets(identifier, name, type) VALUES('eip155:1/erc20:0x0258F474786DdFd37ABCE6df6BBb1Dd5dfC4434a', 'Orion Protocol', 'C'); INSERT INTO evm_tokens(identifier, token_kind, chain, address, decimals, protocol) VALUES('eip155:1/erc20:0x0258F474786DdFd37ABCE6df6BBb1Dd5dfC4434a', 'A', 1, '0x0258F474786DdFd37ABCE6df6BBb1Dd5dfC4434a', 8, ''); INSERT INTO common_asset_details(identifier, symbol, coingecko, cryptocompare, forked, started, swapped_for) VALUES('eip155:1/erc20:0x0258F474786DdFd37ABCE6df6BBb1Dd5dfC4434a', 'ORN', 'orion-protocol', 'ORN', NULL, 1594674901, 'eip155:1/erc20:0xD9343a049D5DBd89CD19DC6BcA8c48fB3a0a42a7');
INSERT INTO assets(identifier, name, type) VALUES('eip155:8453/erc20:0x55cD6469F597452B5A7536e2CD98fDE4c1247ee4', 'Luna by Virtuals', 'C'); INSERT INTO evm_tokens(identifier, token_kind, chain, address, decimals, protocol) VALUES('eip155:8453/erc20:0x55cD6469F597452B5A7536e2CD98fDE4c1247ee4', 'A', 8453, '0x55cD6469F597452B5A7536e2CD98fDE4c1247ee4', 18, NULL); INSERT INTO common_asset_details(identifier, symbol, coingecko, cryptocompare, forked, started, swapped_for) VALUES('eip155:8453/erc20:0x55cD6469F597452B5A7536e2CD98fDE4c1247ee4', 'LUNA', 'luna-by-virtuals', '', NULL, 1729083587, NULL);
*
INSERT INTO assets(identifier, name, type) VALUES('M3M3', 'M3M3', 'Y'); INSERT INTO common_asset_details(identifier, symbol, coingecko, cryptocompare, forked, started, swapped_for) VALUES('M3M3', 'M3M3', 'm3m3', 'M3M3', NULL, 1733330284, NULL);
*
INSERT INTO assets(identifier, name, type) VALUES('eip155:1/erc20:0xc283c54DF1d858570071a053057806ae73CB6A64', 'MetaCene', 'C'); INSERT INTO evm_tokens(identifier, token_kind, chain, address, decimals, protocol) VALUES('eip155:1/erc20:0xc283c54DF1d858570071a053057806ae73CB6A64', 'A', 1, '0xc283c54DF1d858570071a053057806ae73CB6A64', 18, NULL); INSERT INTO common_asset_details(identifier, symbol, coingecko, cryptocompare, forked, started, swapped_for) VALUES('eip155:1/erc20:0xc283c54DF1d858570071a053057806ae73CB6A64', 'MAK', 'metacene', 'MAK', NULL, 1724221547, NULL);
*
INSERT INTO assets(identifier, name, type) VALUES('eip155:137/erc20:0xEB7eaB87837f4Dad1bb80856db9E4506Fc441f3D', 'MEE Governance Token', 'C'); INSERT INTO evm_tokens(identifier, token_kind, chain, address, decimals, protocol) VALUES('eip155:137/erc20:0xEB7eaB87837f4Dad1bb80856db9E4506Fc441f3D', 'A', 137, '0xEB7eaB87837f4Dad1bb80856db9E4506Fc441f3D', 18, NULL); INSERT INTO common_asset_details(identifier, symbol, coingecko, cryptocompare, forked, started, swapped_for) VALUES('eip155:137/erc20:0xEB7eaB87837f4Dad1bb80856db9E4506Fc441f3D', 'MEE', 'medieval-empires', 'MEE', NULL, 1670366986, NULL);
*
INSERT INTO assets(identifier, name, type) VALUES('eip155:1/erc20:0x0000000000c5dc95539589fbD24BE07c6C14eCa4', 'Milady Cult Coin', 'C'); INSERT INTO evm_tokens(identifier, token_kind, chain, address, decimals, protocol) VALUES('eip155:1/erc20:0x0000000000c5dc95539589fbD24BE07c6C14eCa4', 'A', 1, '0x0000000000c5dc95539589fbD24BE07c6C14eCa4', 18, NULL); INSERT INTO common_asset_details(identifier, symbol, coingecko, cryptocompare, forked, started, swapped_for) VALUES('eip155:1/erc20:0x0000000000c5dc95539589fbD24BE07c6C14eCa4', 'CULT', 'milady-cult-coin', '', NULL, 1733188643, NULL);
*
INSERT INTO assets(identifier, name, type) VALUES('eip155:1/erc20:0x5d285F735998F36631F678FF41fb56A10A4d0429', 'MixMarvel Token', 'C'); INSERT INTO evm_tokens(identifier, token_kind, chain, address, decimals, protocol) VALUES('eip155:1/erc20:0x5d285F735998F36631F678FF41fb56A10A4d0429', 'A', 1, '0x5d285F735998F36631F678FF41fb56A10A4d0429', 18, NULL); INSERT INTO common_asset_details(identifier, symbol, coingecko, cryptocompare, forked, started, swapped_for) VALUES('eip155:1/erc20:0x5d285F735998F36631F678FF41fb56A10A4d0429', 'MIX', 'mixmarvel', 'MIX', NULL, 1555508275, NULL);
*
INSERT INTO assets(identifier, name, type) VALUES('eip155:56/erc20:0xCF1B55D79E824da0Ae0652F96C66fe33263d743f', 'MixMarvel Token', 'C'); INSERT INTO evm_tokens(identifier, token_kind, chain, address, decimals, protocol) VALUES('eip155:56/erc20:0xCF1B55D79E824da0Ae0652F96C66fe33263d743f', 'A', 56, '0xCF1B55D79E824da0Ae0652F96C66fe33263d743f', 18, NULL); INSERT INTO common_asset_details(identifier, symbol, coingecko, cryptocompare, forked, started, swapped_for) VALUES('eip155:56/erc20:0xCF1B55D79E824da0Ae0652F96C66fe33263d743f', 'MIX', 'mixmarvel', 'MIX', NULL, 1689304766, NULL);
*
INSERT INTO assets(identifier, name, type) VALUES('eip155:1/erc20:0x06904a21f2dB805487FcBDC3b3Fe9607dAaa5D54', 'Moonray', 'C'); INSERT INTO evm_tokens(identifier, token_kind, chain, address, decimals, protocol) VALUES('eip155:1/erc20:0x06904a21f2dB805487FcBDC3b3Fe9607dAaa5D54', 'A', 1, '0x06904a21f2dB805487FcBDC3b3Fe9607dAaa5D54', 18, NULL); INSERT INTO common_asset_details(identifier, symbol, coingecko, cryptocompare, forked, started, swapped_for) VALUES('eip155:1/erc20:0x06904a21f2dB805487FcBDC3b3Fe9607dAaa5D54', 'MNRY', 'moonray', '', NULL, 1656698957, NULL);
*
INSERT INTO assets(identifier, name, type) VALUES('eip155:1/erc20:0xF944e35f95E819E752f3cCB5Faf40957d311e8c5', 'Moca', 'C'); INSERT INTO evm_tokens(identifier, token_kind, chain, address, decimals, protocol) VALUES('eip155:1/erc20:0xF944e35f95E819E752f3cCB5Faf40957d311e8c5', 'A', 1, '0xF944e35f95E819E752f3cCB5Faf40957d311e8c5', 18, NULL); INSERT INTO common_asset_details(identifier, symbol, coingecko, cryptocompare, forked, started, swapped_for) VALUES('eip155:1/erc20:0xF944e35f95E819E752f3cCB5Faf40957d311e8c5', 'MOCA', 'mocaverse', 'MOCA', NULL, 1714017959, NULL);
*
INSERT INTO assets(identifier, name, type) VALUES('eip155:8453/erc20:0x084382D1cc4f4DFD1769b1cC1Ac2A9b1f8365e90', 'MODE', 'C'); INSERT INTO evm_tokens(identifier, token_kind, chain, address, decimals, protocol) VALUES('eip155:8453/erc20:0x084382D1cc4f4DFD1769b1cC1Ac2A9b1f8365e90', 'A', 8453, '0x084382D1cc4f4DFD1769b1cC1Ac2A9b1f8365e90', 18, NULL); INSERT INTO common_asset_details(identifier, symbol, coingecko, cryptocompare, forked, started, swapped_for) VALUES('eip155:8453/erc20:0x084382D1cc4f4DFD1769b1cC1Ac2A9b1f8365e90', 'MODE', 'mode', 'MODE', NULL, 1719552415, NULL);
*
INSERT INTO assets(identifier, name, type) VALUES('eip155:8453/erc20:0xeD2d13A70acbD61074fC56bd0d0845e35f793e5E', 'Planet Mojo', 'C'); INSERT INTO evm_tokens(identifier, token_kind, chain, address, decimals, protocol) VALUES('eip155:8453/erc20:0xeD2d13A70acbD61074fC56bd0d0845e35f793e5E', 'A', 8453, '0xeD2d13A70acbD61074fC56bd0d0845e35f793e5E', 18, NULL); INSERT INTO common_asset_details(identifier, symbol, coingecko, cryptocompare, forked, started, swapped_for) VALUES('eip155:8453/erc20:0xeD2d13A70acbD61074fC56bd0d0845e35f793e5E', 'MOJO', 'planet-mojo', '', NULL, 1719436607, NULL);
*
INSERT INTO assets(identifier, name, type) VALUES('eip155:1/erc20:0xeD2d13A70acbD61074fC56bd0d0845e35f793e5E', 'Planet Mojo', 'C'); INSERT INTO evm_tokens(identifier, token_kind, chain, address, decimals, protocol) VALUES('eip155:1/erc20:0xeD2d13A70acbD61074fC56bd0d0845e35f793e5E', 'A', 1, '0xeD2d13A70acbD61074fC56bd0d0845e35f793e5E', 18, NULL); INSERT INTO common_asset_details(identifier, symbol, coingecko, cryptocompare, forked, started, swapped_for) VALUES('eip155:1/erc20:0xeD2d13A70acbD61074fC56bd0d0845e35f793e5E', 'MOJO', 'planet-mojo', '', NULL, 1709556647, NULL);
*
INSERT INTO assets(identifier, name, type) VALUES('eip155:56/erc20:0x59E69094398AfbEA632F8Bd63033BdD2443a3Be1', 'Wise Monkey', 'C'); INSERT INTO evm_tokens(identifier, token_kind, chain, address, decimals, protocol) VALUES('eip155:56/erc20:0x59E69094398AfbEA632F8Bd63033BdD2443a3Be1', 'A', 56, '0x59E69094398AfbEA632F8Bd63033BdD2443a3Be1', 18, NULL); INSERT INTO common_asset_details(identifier, symbol, coingecko, cryptocompare, forked, started, swapped_for) VALUES('eip155:56/erc20:0x59E69094398AfbEA632F8Bd63033BdD2443a3Be1', 'MONKY', 'wise-monkey', 'MONKY', NULL, 1733820940, NULL);
*
INSERT INTO assets(identifier, name, type) VALUES('eip155:8453/erc20:0x8C9037D1Ef5c6D1f6816278C7AAF5491d24CD527', 'Moxie', 'C'); INSERT INTO evm_tokens(identifier, token_kind, chain, address, decimals, protocol) VALUES('eip155:8453/erc20:0x8C9037D1Ef5c6D1f6816278C7AAF5491d24CD527', 'A', 8453, '0x8C9037D1Ef5c6D1f6816278C7AAF5491d24CD527', 18, NULL); INSERT INTO common_asset_details(identifier, symbol, coingecko, cryptocompare, forked, started, swapped_for) VALUES('eip155:8453/erc20:0x8C9037D1Ef5c6D1f6816278C7AAF5491d24CD527', 'MOXIE', 'moxie', 'MOXIE', NULL, 1720024235, NULL);
*
INSERT INTO assets(identifier, name, type) VALUES('MSTAR', 'Merlin Starter', 'W'); INSERT INTO common_asset_details(identifier, symbol, coingecko, cryptocompare, forked, started, swapped_for) VALUES('MSTAR', 'MSTAR', 'merlin-starter', 'MSTAR', NULL, 1713089381, NULL);
*
INSERT INTO assets(identifier, name, type) VALUES('MTOS', 'MomoAI', 'Y'); INSERT INTO common_asset_details(identifier, symbol, coingecko, cryptocompare, forked, started, swapped_for) VALUES('MTOS', 'MTOS', 'momoai', '', NULL, 1734582728, NULL);
*
INSERT INTO assets(identifier, name, type) VALUES('eip155:1/erc20:0x9b79ea20a8258649401f8C58973281081D905b9F', 'Network3', 'C'); INSERT INTO evm_tokens(identifier, token_kind, chain, address, decimals, protocol) VALUES('eip155:1/erc20:0x9b79ea20a8258649401f8C58973281081D905b9F', 'A', 1, '0x9b79ea20a8258649401f8C58973281081D905b9F', 18, NULL); INSERT INTO common_asset_details(identifier, symbol, coingecko, cryptocompare, forked, started, swapped_for) VALUES('eip155:1/erc20:0x9b79ea20a8258649401f8C58973281081D905b9F', 'N3', 'network3', 'N3', NULL, 1736664491, NULL);
*
INSERT INTO assets(identifier, name, type) VALUES('NATIX', 'NATIX Network', 'Y'); INSERT INTO common_asset_details(identifier, symbol, coingecko, cryptocompare, forked, started, swapped_for) VALUES('NATIX', 'NATIX', 'natix-network', 'NATIX', NULL, 1714743450, NULL);
*
INSERT INTO assets(identifier, name, type) VALUES('eip155:8453/erc20:0x314d7f9e2f55B430ef656FBB98A7635D43a2261E', 'Naym', 'C'); INSERT INTO evm_tokens(identifier, token_kind, chain, address, decimals, protocol) VALUES('eip155:8453/erc20:0x314d7f9e2f55B430ef656FBB98A7635D43a2261E', 'A', 8453, '0x314d7f9e2f55B430ef656FBB98A7635D43a2261E', 18, NULL); INSERT INTO common_asset_details(identifier, symbol, coingecko, cryptocompare, forked, started, swapped_for) VALUES('eip155:8453/erc20:0x314d7f9e2f55B430ef656FBB98A7635D43a2261E', 'NAYM', 'naym', 'NAYM', NULL, 1728378429, NULL);
*
INSERT INTO assets(identifier, name, type) VALUES('eip155:1/erc20:0x524f61DEF05E5FA39482628C803Ba869899c07C6', 'NESS', 'C'); INSERT INTO evm_tokens(identifier, token_kind, chain, address, decimals, protocol) VALUES('eip155:1/erc20:0x524f61DEF05E5FA39482628C803Ba869899c07C6', 'A', 1, '0x524f61DEF05E5FA39482628C803Ba869899c07C6', 18, NULL); INSERT INTO common_asset_details(identifier, symbol, coingecko, cryptocompare, forked, started, swapped_for) VALUES('eip155:1/erc20:0x524f61DEF05E5FA39482628C803Ba869899c07C6', 'NESS', 'ness-lab', 'NESS', NULL, 1683617051, NULL);
*
INSERT INTO assets(identifier, name, type) VALUES('eip155:1/erc20:0x06561dC5CEdCc012a4EA68609b17d41499622E4c', 'NOOB', 'C'); INSERT INTO evm_tokens(identifier, token_kind, chain, address, decimals, protocol) VALUES('eip155:1/erc20:0x06561dC5CEdCc012a4EA68609b17d41499622E4c', 'A', 1, '0x06561dC5CEdCc012a4EA68609b17d41499622E4c', 18, NULL); INSERT INTO common_asset_details(identifier, symbol, coingecko, cryptocompare, forked, started, swapped_for) VALUES('eip155:1/erc20:0x06561dC5CEdCc012a4EA68609b17d41499622E4c', 'NOOB', 'noob', 'NOOB', NULL, 1725021887, NULL);
*
INSERT INTO assets(identifier, name, type) VALUES('eip155:56/erc20:0xCf10117b30C7a5FC7C77B611bFC2555610DD4B3A', 'NOTAI', 'C'); INSERT INTO evm_tokens(identifier, token_kind, chain, address, decimals, protocol) VALUES('eip155:56/erc20:0xCf10117b30C7a5FC7C77B611bFC2555610DD4B3A', 'A', 56, '0xCf10117b30C7a5FC7C77B611bFC2555610DD4B3A', 18, NULL); INSERT INTO common_asset_details(identifier, symbol, coingecko, cryptocompare, forked, started, swapped_for) VALUES('eip155:56/erc20:0xCf10117b30C7a5FC7C77B611bFC2555610DD4B3A', 'NOTAI', 'notai', 'NOTAI', NULL, 1722862480, NULL);
*
INSERT INTO assets(identifier, name, type) VALUES('eip155:42161/erc20:0xdadeca1167fe47499e53Eb50F261103630974905', 'Neuron', 'C'); INSERT INTO evm_tokens(identifier, token_kind, chain, address, decimals, protocol) VALUES('eip155:42161/erc20:0xdadeca1167fe47499e53Eb50F261103630974905', 'A', 42161, '0xdadeca1167fe47499e53Eb50F261103630974905', 18, NULL); INSERT INTO common_asset_details(identifier, symbol, coingecko, cryptocompare, forked, started, swapped_for) VALUES('eip155:42161/erc20:0xdadeca1167fe47499e53Eb50F261103630974905', 'NRN', 'neuron', '', NULL, 1717527783, NULL);
*
INSERT INTO assets(identifier, name, type) VALUES('NS', 'SuiNS Token', 'W'); INSERT INTO common_asset_details(identifier, symbol, coingecko, cryptocompare, forked, started, swapped_for) VALUES('NS', 'NS', 'suins-token', 'NS', NULL, 1723207500, NULL);
*
INSERT INTO assets(identifier, name, type) VALUES('NYAN', 'Nyan Heroes', 'Y'); INSERT INTO common_asset_details(identifier, symbol, coingecko, cryptocompare, forked, started, swapped_for) VALUES('NYAN', 'NYAN', 'nyan', '', NULL, 1714141828, NULL);
*
INSERT INTO assets(identifier, name, type) VALUES('eip155:42161/erc20:0x1CD9a56c8C2eA913c70319A44Da75e99255aa46f', 'Orbiter Token', 'C'); INSERT INTO evm_tokens(identifier, token_kind, chain, address, decimals, protocol) VALUES('eip155:42161/erc20:0x1CD9a56c8C2eA913c70319A44Da75e99255aa46f', 'A', 42161, '0x1CD9a56c8C2eA913c70319A44Da75e99255aa46f', 18, NULL); INSERT INTO common_asset_details(identifier, symbol, coingecko, cryptocompare, forked, started, swapped_for) VALUES('eip155:42161/erc20:0x1CD9a56c8C2eA913c70319A44Da75e99255aa46f', 'OBT', 'orbiter-finance', 'OBT', NULL, 1736857449, NULL);
*
INSERT INTO assets(identifier, name, type) VALUES('eip155:8453/erc20:0x514D8E8099286a13486Ef6C525C120f51C239B52', 'Orbiter Token', 'C'); INSERT INTO evm_tokens(identifier, token_kind, chain, address, decimals, protocol) VALUES('eip155:8453/erc20:0x514D8E8099286a13486Ef6C525C120f51C239B52', 'A', 8453, '0x514D8E8099286a13486Ef6C525C120f51C239B52', 18, NULL); INSERT INTO common_asset_details(identifier, symbol, coingecko, cryptocompare, forked, started, swapped_for) VALUES('eip155:8453/erc20:0x514D8E8099286a13486Ef6C525C120f51C239B52', 'OBT', 'orbiter-finance', 'OBT', NULL, 1736856699, NULL);
*
INSERT INTO assets(identifier, name, type) VALUES('eip155:43114/erc20:0xcCf719c44e2C36E919335692E89d22Cf13D6aaEB', 'OpenBlox Token', 'C'); INSERT INTO evm_tokens(identifier, token_kind, chain, address, decimals, protocol) VALUES('eip155:43114/erc20:0xcCf719c44e2C36E919335692E89d22Cf13D6aaEB', 'A', 43114, '0xcCf719c44e2C36E919335692E89d22Cf13D6aaEB', 18, NULL); INSERT INTO common_asset_details(identifier, symbol, coingecko, cryptocompare, forked, started, swapped_for) VALUES('eip155:43114/erc20:0xcCf719c44e2C36E919335692E89d22Cf13D6aaEB', 'OBX', 'openblox', 'OBX', NULL, 1655382598, NULL);
*
INSERT INTO assets(identifier, name, type) VALUES('eip155:1/erc20:0x188fb5f5Ae5BBE4154d5778F2bbb2Fb985c94d25', 'OpenBlox Token', 'C'); INSERT INTO evm_tokens(identifier, token_kind, chain, address, decimals, protocol) VALUES('eip155:1/erc20:0x188fb5f5Ae5BBE4154d5778F2bbb2Fb985c94d25', 'A', 1, '0x188fb5f5Ae5BBE4154d5778F2bbb2Fb985c94d25', 18, NULL); INSERT INTO common_asset_details(identifier, symbol, coingecko, cryptocompare, forked, started, swapped_for) VALUES('eip155:1/erc20:0x188fb5f5Ae5BBE4154d5778F2bbb2Fb985c94d25', 'OBX', 'openblox', 'OBX', NULL, 1677161387, NULL);
*
INSERT INTO assets(identifier, name, type) VALUES('eip155:42161/erc20:0x188fb5f5Ae5BBE4154d5778F2bbb2Fb985c94d25', 'OpenBlox Token', 'C'); INSERT INTO evm_tokens(identifier, token_kind, chain, address, decimals, protocol) VALUES('eip155:42161/erc20:0x188fb5f5Ae5BBE4154d5778F2bbb2Fb985c94d25', 'A', 42161, '0x188fb5f5Ae5BBE4154d5778F2bbb2Fb985c94d25', 18, NULL); INSERT INTO common_asset_details(identifier, symbol, coingecko, cryptocompare, forked, started, swapped_for) VALUES('eip155:42161/erc20:0x188fb5f5Ae5BBE4154d5778F2bbb2Fb985c94d25', 'OBX', 'openblox', 'OBX', NULL, 1677163765, NULL);
*
INSERT INTO assets(identifier, name, type) VALUES('eip155:1/erc20:0x2E7e487D84B5BAbA5878A9833fb394bC89633Fd7', 'OMNIA Protocol', 'C'); INSERT INTO evm_tokens(identifier, token_kind, chain, address, decimals, protocol) VALUES('eip155:1/erc20:0x2E7e487D84B5BAbA5878A9833fb394bC89633Fd7', 'A', 1, '0x2E7e487D84B5BAbA5878A9833fb394bC89633Fd7', 18, NULL); INSERT INTO common_asset_details(identifier, symbol, coingecko, cryptocompare, forked, started, swapped_for) VALUES('eip155:1/erc20:0x2E7e487D84B5BAbA5878A9833fb394bC89633Fd7', 'OMNIA', 'omnia', '', NULL, 1637663608, NULL);
*
INSERT INTO assets(identifier, name, type) VALUES('eip155:56/erc20:0xB53cc8303943582949b9a23f0556b0f0C41Fec98', 'OMNIA Protocol', 'C'); INSERT INTO evm_tokens(identifier, token_kind, chain, address, decimals, protocol) VALUES('eip155:56/erc20:0xB53cc8303943582949b9a23f0556b0f0C41Fec98', 'A', 56, '0xB53cc8303943582949b9a23f0556b0f0C41Fec98', 18, NULL); INSERT INTO common_asset_details(identifier, symbol, coingecko, cryptocompare, forked, started, swapped_for) VALUES('eip155:56/erc20:0xB53cc8303943582949b9a23f0556b0f0C41Fec98', 'OMNIA', 'omnia', '', NULL, 1712559429, NULL);
*
INSERT INTO assets(identifier, name, type) VALUES('ONE', 'Harmony', 'B'); INSERT INTO common_asset_details(identifier, symbol, coingecko, cryptocompare, forked, started, swapped_for) VALUES('ONE', 'ONE', 'harmony', 'ONE', NULL, 1559433600, NULL);
*
INSERT INTO assets(identifier, name, type) VALUES('eip155:56/erc20:0x5651fA7a726B9Ec0cAd00Ee140179912B6E73599', 'OORT', 'C'); INSERT INTO evm_tokens(identifier, token_kind, chain, address, decimals, protocol) VALUES('eip155:56/erc20:0x5651fA7a726B9Ec0cAd00Ee140179912B6E73599', 'A', 56, '0x5651fA7a726B9Ec0cAd00Ee140179912B6E73599', 18, NULL); INSERT INTO common_asset_details(identifier, symbol, coingecko, cryptocompare, forked, started, swapped_for) VALUES('eip155:56/erc20:0x5651fA7a726B9Ec0cAd00Ee140179912B6E73599', 'OORT', 'oort', 'OORT', NULL, 1721069333, NULL);
*
INSERT INTO assets(identifier, name, type) VALUES('eip155:1/erc20:0xF8e57AC2730D3088D98B79209739b0D5Ba085a03', 'Optopia AI', 'C'); INSERT INTO evm_tokens(identifier, token_kind, chain, address, decimals, protocol) VALUES('eip155:1/erc20:0xF8e57AC2730D3088D98B79209739b0D5Ba085a03', 'A', 1, '0xF8e57AC2730D3088D98B79209739b0D5Ba085a03', 18, NULL); INSERT INTO common_asset_details(identifier, symbol, coingecko, cryptocompare, forked, started, swapped_for) VALUES('eip155:1/erc20:0xF8e57AC2730D3088D98B79209739b0D5Ba085a03', 'OPAI', 'optopia-ai', '', NULL, 1715594603, NULL);
*
INSERT INTO assets(identifier, name, type) VALUES('eip155:1/erc20:0xABD4C63d2616A5201454168269031355f4764337', 'Orderly Network', 'C'); INSERT INTO evm_tokens(identifier, token_kind, chain, address, decimals, protocol) VALUES('eip155:1/erc20:0xABD4C63d2616A5201454168269031355f4764337', 'A', 1, '0xABD4C63d2616A5201454168269031355f4764337', 18, NULL); INSERT INTO common_asset_details(identifier, symbol, coingecko, cryptocompare, forked, started, swapped_for) VALUES('eip155:1/erc20:0xABD4C63d2616A5201454168269031355f4764337', 'ORDER', 'orderly-network', 'ORDER', NULL, 1722927947, NULL);
*
INSERT INTO assets(identifier, name, type) VALUES('eip155:10/erc20:0x4E200fE2f3eFb977d5fd9c430A41531FB04d97B8', 'Orderly Network', 'C'); INSERT INTO evm_tokens(identifier, token_kind, chain, address, decimals, protocol) VALUES('eip155:10/erc20:0x4E200fE2f3eFb977d5fd9c430A41531FB04d97B8', 'A', 10, '0x4E200fE2f3eFb977d5fd9c430A41531FB04d97B8', 18, NULL); INSERT INTO common_asset_details(identifier, symbol, coingecko, cryptocompare, forked, started, swapped_for) VALUES('eip155:10/erc20:0x4E200fE2f3eFb977d5fd9c430A41531FB04d97B8', 'ORDER', 'orderly-network', 'ORDER', NULL, 1722931103, NULL);
*
INSERT INTO assets(identifier, name, type) VALUES('eip155:42161/erc20:0x4E200fE2f3eFb977d5fd9c430A41531FB04d97B8', 'Orderly Network', 'C'); INSERT INTO evm_tokens(identifier, token_kind, chain, address, decimals, protocol) VALUES('eip155:42161/erc20:0x4E200fE2f3eFb977d5fd9c430A41531FB04d97B8', 'A', 42161, '0x4E200fE2f3eFb977d5fd9c430A41531FB04d97B8', 18, NULL); INSERT INTO common_asset_details(identifier, symbol, coingecko, cryptocompare, forked, started, swapped_for) VALUES('eip155:42161/erc20:0x4E200fE2f3eFb977d5fd9c430A41531FB04d97B8', 'ORDER', 'orderly-network', 'ORDER', NULL, 1722930965, NULL);
*
INSERT INTO assets(identifier, name, type) VALUES('eip155:137/erc20:0x4E200fE2f3eFb977d5fd9c430A41531FB04d97B8', 'Orderly Network', 'C'); INSERT INTO evm_tokens(identifier, token_kind, chain, address, decimals, protocol) VALUES('eip155:137/erc20:0x4E200fE2f3eFb977d5fd9c430A41531FB04d97B8', 'A', 137, '0x4E200fE2f3eFb977d5fd9c430A41531FB04d97B8', 18, NULL); INSERT INTO common_asset_details(identifier, symbol, coingecko, cryptocompare, forked, started, swapped_for) VALUES('eip155:137/erc20:0x4E200fE2f3eFb977d5fd9c430A41531FB04d97B8', 'ORDER', 'orderly-network', 'ORDER', NULL, 1722931153, NULL);
*
INSERT INTO assets(identifier, name, type) VALUES('eip155:8453/erc20:0x4E200fE2f3eFb977d5fd9c430A41531FB04d97B8', 'Orderly Network', 'C'); INSERT INTO evm_tokens(identifier, token_kind, chain, address, decimals, protocol) VALUES('eip155:8453/erc20:0x4E200fE2f3eFb977d5fd9c430A41531FB04d97B8', 'A', 8453, '0x4E200fE2f3eFb977d5fd9c430A41531FB04d97B8', 18, NULL); INSERT INTO common_asset_details(identifier, symbol, coingecko, cryptocompare, forked, started, swapped_for) VALUES('eip155:8453/erc20:0x4E200fE2f3eFb977d5fd9c430A41531FB04d97B8', 'ORDER', 'orderly-network', 'ORDER', NULL, 1722932827, NULL);
*
INSERT INTO assets(identifier, name, type) VALUES('eip155:56/erc20:0x9E711221B34A2d4B8F552BD5f4A6C4e7934920f7', 'Okratech', 'C'); INSERT INTO evm_tokens(identifier, token_kind, chain, address, decimals, protocol) VALUES('eip155:56/erc20:0x9E711221B34A2d4B8F552BD5f4A6C4e7934920f7', 'A', 56, '0x9E711221B34A2d4B8F552BD5f4A6C4e7934920f7', 8, NULL); INSERT INTO common_asset_details(identifier, symbol, coingecko, cryptocompare, forked, started, swapped_for) VALUES('eip155:56/erc20:0x9E711221B34A2d4B8F552BD5f4A6C4e7934920f7', 'ORT', 'okratech-token', 'ORT', NULL, 1637748739, NULL);
*
INSERT INTO assets(identifier, name, type) VALUES('PEAQ', 'peaq', 'B'); INSERT INTO common_asset_details(identifier, symbol, coingecko, cryptocompare, forked, started, swapped_for) VALUES('PEAQ', 'PEAQ', 'peaq-2', 'PEAQ', NULL, 1731369600, NULL);
*
INSERT INTO assets(identifier, name, type) VALUES('eip155:1/erc20:0x5Ee3188A3f8aDee1D736EdD4AE85000105C88f66', 'Pentagon', 'C'); INSERT INTO evm_tokens(identifier, token_kind, chain, address, decimals, protocol) VALUES('eip155:1/erc20:0x5Ee3188A3f8aDee1D736EdD4AE85000105C88f66', 'A', 1, '0x5Ee3188A3f8aDee1D736EdD4AE85000105C88f66', 18, NULL); INSERT INTO common_asset_details(identifier, symbol, coingecko, cryptocompare, forked, started, swapped_for) VALUES('eip155:1/erc20:0x5Ee3188A3f8aDee1D736EdD4AE85000105C88f66', 'PEN', 'pentagon-games', '', NULL, 1732612439, NULL);
*
INSERT INTO assets(identifier, name, type) VALUES('eip155:42161/erc20:0x291A50E611035b6562a2374B8B44dE70aA8d7896', 'Pentagon', 'C'); INSERT INTO evm_tokens(identifier, token_kind, chain, address, decimals, protocol) VALUES('eip155:42161/erc20:0x291A50E611035b6562a2374B8B44dE70aA8d7896', 'A', 42161, '0x291A50E611035b6562a2374B8B44dE70aA8d7896', 18, NULL); INSERT INTO common_asset_details(identifier, symbol, coingecko, cryptocompare, forked, started, swapped_for) VALUES('eip155:42161/erc20:0x291A50E611035b6562a2374B8B44dE70aA8d7896', 'PEN', 'pentagon-games', '', NULL, 1733315427, NULL);
*
INSERT INTO assets(identifier, name, type) VALUES('PGC', 'PiggyPiggyCoin', 'W'); INSERT INTO common_asset_details(identifier, symbol, coingecko, cryptocompare, forked, started, swapped_for) VALUES('PGC', 'PGC', 'piggypiggycoin', '', NULL, 1731673800, NULL);
*
INSERT INTO assets(identifier, name, type) VALUES('eip155:1/erc20:0xc328a59E7321747aEBBc49FD28d1b32C1af8d3b2', 'Phil', 'C'); INSERT INTO evm_tokens(identifier, token_kind, chain, address, decimals, protocol) VALUES('eip155:1/erc20:0xc328a59E7321747aEBBc49FD28d1b32C1af8d3b2', 'A', 1, '0xc328a59E7321747aEBBc49FD28d1b32C1af8d3b2', 18, NULL); INSERT INTO common_asset_details(identifier, symbol, coingecko, cryptocompare, forked, started, swapped_for) VALUES('eip155:1/erc20:0xc328a59E7321747aEBBc49FD28d1b32C1af8d3b2', 'PHIL', 'phil', 'PHIL', NULL, 1724847047, NULL);
*
INSERT INTO assets(identifier, name, type) VALUES('eip155:56/erc20:0x4b3a2187648902082db0a44e8235d57F3f23DD10', 'PINEYE', 'C'); INSERT INTO evm_tokens(identifier, token_kind, chain, address, decimals, protocol) VALUES('eip155:56/erc20:0x4b3a2187648902082db0a44e8235d57F3f23DD10', 'A', 56, '0x4b3a2187648902082db0a44e8235d57F3f23DD10', 18, NULL); INSERT INTO common_asset_details(identifier, symbol, coingecko, cryptocompare, forked, started, swapped_for) VALUES('eip155:56/erc20:0x4b3a2187648902082db0a44e8235d57F3f23DD10', 'PINEYE', 'pineye', 'PINEYE', NULL, 1731354517, NULL);
*
INSERT INTO assets(identifier, name, type) VALUES('eip155:1/erc20:0xd795eb12034C2b77d787a22292c26fab5f5C70Aa', 'Pixelverse', 'C'); INSERT INTO evm_tokens(identifier, token_kind, chain, address, decimals, protocol) VALUES('eip155:1/erc20:0xd795eb12034C2b77d787a22292c26fab5f5C70Aa', 'A', 1, '0xd795eb12034C2b77d787a22292c26fab5f5C70Aa', 18, NULL); INSERT INTO common_asset_details(identifier, symbol, coingecko, cryptocompare, forked, started, swapped_for) VALUES('eip155:1/erc20:0xd795eb12034C2b77d787a22292c26fab5f5C70Aa', 'PIXFI', 'pixelverse-xyz', 'PIXFI', NULL, 1716327287, NULL);
*
INSERT INTO assets(identifier, name, type) VALUES('eip155:1/erc20:0x0944D5848BD9F60A34Ba92aEa300d4286696Eb76', 'Palette Token', 'C'); INSERT INTO evm_tokens(identifier, token_kind, chain, address, decimals, protocol) VALUES('eip155:1/erc20:0x0944D5848BD9F60A34Ba92aEa300d4286696Eb76', 'A', 1, '0x0944D5848BD9F60A34Ba92aEa300d4286696Eb76', 18, NULL); INSERT INTO common_asset_details(identifier, symbol, coingecko, cryptocompare, forked, started, swapped_for) VALUES('eip155:1/erc20:0x0944D5848BD9F60A34Ba92aEa300d4286696Eb76', 'PLT', 'palette', '', NULL, 1621920154, NULL);
*
UPDATE common_asset_details SET started=1512694800 WHERE identifier='eip155:1/erc20:0xD8912C10681D8B21Fd3742244f44658dBA12264E';
INSERT INTO assets(identifier, name, type) VALUES('eip155:1/erc20:0xD8912C10681D8B21Fd3742244f44658dBA12264E', 'Pluton', 'C'); INSERT INTO evm_tokens(identifier, token_kind, chain, address, decimals, protocol) VALUES('eip155:1/erc20:0xD8912C10681D8B21Fd3742244f44658dBA12264E', 'A', 1, '0xD8912C10681D8B21Fd3742244f44658dBA12264E', 18, NULL); INSERT INTO common_asset_details(identifier, symbol, coingecko, cryptocompare, forked, started, swapped_for) VALUES('eip155:1/erc20:0xD8912C10681D8B21Fd3742244f44658dBA12264E', 'PLU', 'pluton', 'PLU', NULL, 1512694800, NULL);
INSERT INTO assets(identifier, name, type) VALUES('PNDR', 'Ponder One', 'W'); INSERT INTO common_asset_details(identifier, symbol, coingecko, cryptocompare, forked, started, swapped_for) VALUES('PNDR', 'PNDR', 'ponder-one', '', NULL, 1732060800, NULL);
*
INSERT INTO assets(identifier, name, type) VALUES('PONCH', 'Ponchiqs', 'W'); INSERT INTO common_asset_details(identifier, symbol, coingecko, cryptocompare, forked, started, swapped_for) VALUES('PONCH', 'PONCH', 'ponchiqs', 'PONCH', NULL, 1733492460, NULL);
*
INSERT INTO assets(identifier, name, type) VALUES('PURR', 'Purr', 'W'); INSERT INTO common_asset_details(identifier, symbol, coingecko, cryptocompare, forked, started, swapped_for) VALUES('PURR', 'PURR', 'purr-2', '', NULL, 1714698000, NULL);
*
INSERT INTO assets(identifier, name, type) VALUES('eip155:43114/erc20:0xf3E5914cA1F678E0A3a38031B5514682e3450919', 'InkFinance', 'C'); INSERT INTO evm_tokens(identifier, token_kind, chain, address, decimals, protocol) VALUES('eip155:43114/erc20:0xf3E5914cA1F678E0A3a38031B5514682e3450919', 'A', 43114, '0xf3E5914cA1F678E0A3a38031B5514682e3450919', 18, NULL); INSERT INTO common_asset_details(identifier, symbol, coingecko, cryptocompare, forked, started, swapped_for) VALUES('eip155:43114/erc20:0xf3E5914cA1F678E0A3a38031B5514682e3450919', 'QUILL', 'ink-finance', '', NULL, 1665466973, NULL);
*
UPDATE common_asset_details SET cryptocompare='RAIN', started=1639584435 WHERE identifier='eip155:56/erc20:0x6Bcd897D4BA5675F860C7418ddc034f6c5610114';
INSERT INTO assets(identifier, name, type) VALUES('eip155:56/erc20:0x6Bcd897D4BA5675F860C7418ddc034f6c5610114', 'Rainmaker Games', 'C'); INSERT INTO evm_tokens(identifier, token_kind, chain, address, decimals, protocol) VALUES('eip155:56/erc20:0x6Bcd897D4BA5675F860C7418ddc034f6c5610114', 'A', 56, '0x6Bcd897D4BA5675F860C7418ddc034f6c5610114', 18, NULL); INSERT INTO common_asset_details(identifier, symbol, coingecko, cryptocompare, forked, started, swapped_for) VALUES('eip155:56/erc20:0x6Bcd897D4BA5675F860C7418ddc034f6c5610114', 'RAIN', 'rainmaker-games', 'RAIN', NULL, 1639584435, NULL);
INSERT INTO assets(identifier, name, type) VALUES('READY', 'READY!', 'Y'); INSERT INTO common_asset_details(identifier, symbol, coingecko, cryptocompare, forked, started, swapped_for) VALUES('READY', 'READY', 'ready', '', NULL, 1732626120, NULL);
*
INSERT INTO assets(identifier, name, type) VALUES('REDO', 'Resistance Dog', 'W'); INSERT INTO common_asset_details(identifier, symbol, coingecko, cryptocompare, forked, started, swapped_for) VALUES('REDO', 'REDO', 'resistance-dog', 'REDO', NULL, 1705536000, NULL);
*
INSERT INTO assets(identifier, name, type) VALUES('RIFAMPICIN', 'Rifampicin', 'Y'); INSERT INTO common_asset_details(identifier, symbol, coingecko, cryptocompare, forked, started, swapped_for) VALUES('RIFAMPICIN', '$RIF', 'rifampicin', '', NULL, 1726909472, NULL);
*
INSERT INTO assets(identifier, name, type) VALUES('eip155:8453/erc20:0xE2B1dc2D4A3b4E59FDF0c47B71A7A86391a8B35a', 'RWA Inc', 'C'); INSERT INTO evm_tokens(identifier, token_kind, chain, address, decimals, protocol) VALUES('eip155:8453/erc20:0xE2B1dc2D4A3b4E59FDF0c47B71A7A86391a8B35a', 'A', 8453, '0xE2B1dc2D4A3b4E59FDF0c47B71A7A86391a8B35a', 18, NULL); INSERT INTO common_asset_details(identifier, symbol, coingecko, cryptocompare, forked, started, swapped_for) VALUES('eip155:8453/erc20:0xE2B1dc2D4A3b4E59FDF0c47B71A7A86391a8B35a', 'RWA', 'rwa-inc', 'RWA', NULL, 1731686141, NULL);
*
INSERT INTO assets(identifier, name, type) VALUES('eip155:56/erc20:0xE2B1dc2D4A3b4E59FDF0c47B71A7A86391a8B35a', 'RWA Inc', 'C'); INSERT INTO evm_tokens(identifier, token_kind, chain, address, decimals, protocol) VALUES('eip155:56/erc20:0xE2B1dc2D4A3b4E59FDF0c47B71A7A86391a8B35a', 'A', 56, '0xE2B1dc2D4A3b4E59FDF0c47B71A7A86391a8B35a', 18, NULL); INSERT INTO common_asset_details(identifier, symbol, coingecko, cryptocompare, forked, started, swapped_for) VALUES('eip155:56/erc20:0xE2B1dc2D4A3b4E59FDF0c47B71A7A86391a8B35a', 'RWA', 'rwa-inc', 'RWA', NULL, 1731686141, NULL);
*
INSERT INTO assets(identifier, name, type) VALUES('SLC', 'Silencio', 'W'); INSERT INTO common_asset_details(identifier, symbol, coingecko, cryptocompare, forked, started, swapped_for) VALUES('SLC', 'SLC', 'silencio', '', NULL, 1737676800, NULL);
*
INSERT INTO assets(identifier, name, type) VALUES('SLF', 'Self Chain', 'B'); INSERT INTO common_asset_details(identifier, symbol, coingecko, cryptocompare, forked, started, swapped_for) VALUES('SLF', 'SLF', 'self-chain', 'slf', NULL, 1724976000, NULL);
*
INSERT INTO assets(identifier, name, type) VALUES('eip155:1/erc20:0x6A9B3fdB4a3296eCba1EbFA2cF4A8B16032a769C', 'bitSmiley', 'C'); INSERT INTO evm_tokens(identifier, token_kind, chain, address, decimals, protocol) VALUES('eip155:1/erc20:0x6A9B3fdB4a3296eCba1EbFA2cF4A8B16032a769C', 'A', 1, '0x6A9B3fdB4a3296eCba1EbFA2cF4A8B16032a769C', 18, NULL); INSERT INTO common_asset_details(identifier, symbol, coingecko, cryptocompare, forked, started, swapped_for) VALUES('eip155:1/erc20:0x6A9B3fdB4a3296eCba1EbFA2cF4A8B16032a769C', 'SMILE', 'bitsmiley', '', NULL, 1727443223, NULL);
*
INSERT INTO assets(identifier, name, type) VALUES('SMH', 'Spacemesh', 'B'); INSERT INTO common_asset_details(identifier, symbol, coingecko, cryptocompare, forked, started, swapped_for) VALUES('SMH', '$SMH', 'self-chain', 'spacemesh', NULL, 1700092800, NULL);
*
INSERT INTO assets(identifier, name, type) VALUES('eip155:1/erc20:0xD3C68968137317a57a9bAbeacC7707Ec433548B4', 'Phavercoin', 'C'); INSERT INTO evm_tokens(identifier, token_kind, chain, address, decimals, protocol) VALUES('eip155:1/erc20:0xD3C68968137317a57a9bAbeacC7707Ec433548B4', 'A', 1, '0xD3C68968137317a57a9bAbeacC7707Ec433548B4', 18, NULL); INSERT INTO common_asset_details(identifier, symbol, coingecko, cryptocompare, forked, started, swapped_for) VALUES('eip155:1/erc20:0xD3C68968137317a57a9bAbeacC7707Ec433548B4', 'SOCIAL', 'phavercoin', 'social', NULL, 1724053823, NULL);
*
INSERT INTO assets(identifier, name, type) VALUES('eip155:8453/erc20:0xD3C68968137317a57a9bAbeacC7707Ec433548B4', 'Phavercoin', 'C'); INSERT INTO evm_tokens(identifier, token_kind, chain, address, decimals, protocol) VALUES('eip155:8453/erc20:0xD3C68968137317a57a9bAbeacC7707Ec433548B4', 'A', 8453, '0xD3C68968137317a57a9bAbeacC7707Ec433548B4', 18, NULL); INSERT INTO common_asset_details(identifier, symbol, coingecko, cryptocompare, forked, started, swapped_for) VALUES('eip155:8453/erc20:0xD3C68968137317a57a9bAbeacC7707Ec433548B4', 'SOCIAL', 'phavercoin', 'social', NULL, 1724053793, NULL);
*
INSERT INTO assets(identifier, name, type) VALUES('eip155:56/erc20:0xabE8E5CabE24Cb36df9540088fD7cE1175b9bc52', 'Solv', 'C'); INSERT INTO evm_tokens(identifier, token_kind, chain, address, decimals, protocol) VALUES('eip155:56/erc20:0xabE8E5CabE24Cb36df9540088fD7cE1175b9bc52', 'A', 56, '0xabE8E5CabE24Cb36df9540088fD7cE1175b9bc52', 18, NULL); INSERT INTO common_asset_details(identifier, symbol, coingecko, cryptocompare, forked, started, swapped_for) VALUES('eip155:56/erc20:0xabE8E5CabE24Cb36df9540088fD7cE1175b9bc52', 'SOLV', 'solv-protocol', 'solv', NULL, 1734929239, NULL);
*
INSERT INTO assets(identifier, name, type) VALUES('SONICSVM', 'Sonic SVM', 'Y'); INSERT INTO common_asset_details(identifier, symbol, coingecko, cryptocompare, forked, started, swapped_for) VALUES('SONICSVM', 'SONIC', 'sonic-svm', 'sonic', NULL, 1732817720, NULL);
*
INSERT INTO assets(identifier, name, type) VALUES('eip155:1/erc20:0x76A0e27618462bDAC7a29104bdcfFf4E6BFCea2D', 'SoSoValue', 'C'); INSERT INTO evm_tokens(identifier, token_kind, chain, address, decimals, protocol) VALUES('eip155:1/erc20:0x76A0e27618462bDAC7a29104bdcfFf4E6BFCea2D', 'A', 1, '0x76A0e27618462bDAC7a29104bdcfFf4E6BFCea2D', 18, NULL); INSERT INTO common_asset_details(identifier, symbol, coingecko, cryptocompare, forked, started, swapped_for) VALUES('eip155:1/erc20:0x76A0e27618462bDAC7a29104bdcfFf4E6BFCea2D', 'SOSO', 'sosovalue', 'soso', NULL, 1736599511, NULL);
*
INSERT INTO assets(identifier, name, type) VALUES('eip155:56/erc20:0x9025DaA1FE2D27700187e0EAc670818945F94c2E', 'Stage', 'C'); INSERT INTO evm_tokens(identifier, token_kind, chain, address, decimals, protocol) VALUES('eip155:56/erc20:0x9025DaA1FE2D27700187e0EAc670818945F94c2E', 'A', 56, '0x9025DaA1FE2D27700187e0EAc670818945F94c2E', 18, NULL); INSERT INTO common_asset_details(identifier, symbol, coingecko, cryptocompare, forked, started, swapped_for) VALUES('eip155:56/erc20:0x9025DaA1FE2D27700187e0EAc670818945F94c2E', 'STAGE', 'stage', '', NULL, 1718377281, NULL);
*
INSERT INTO assets(identifier, name, type) VALUES('eip155:1/erc20:0xB299751B088336E165dA313c33e3195B8c6663A6', 'StarHeroes', 'C'); INSERT INTO evm_tokens(identifier, token_kind, chain, address, decimals, protocol) VALUES('eip155:1/erc20:0xB299751B088336E165dA313c33e3195B8c6663A6', 'A', 1, '0xB299751B088336E165dA313c33e3195B8c6663A6', 18, NULL); INSERT INTO common_asset_details(identifier, symbol, coingecko, cryptocompare, forked, started, swapped_for) VALUES('eip155:1/erc20:0xB299751B088336E165dA313c33e3195B8c6663A6', 'STAR', 'starheroes', '', NULL, 1710229511, NULL);
*
INSERT INTO assets(identifier, name, type) VALUES('eip155:42161/erc20:0xB299751B088336E165dA313c33e3195B8c6663A6', 'StarHeroes', 'C'); INSERT INTO evm_tokens(identifier, token_kind, chain, address, decimals, protocol) VALUES('eip155:42161/erc20:0xB299751B088336E165dA313c33e3195B8c6663A6', 'A', 42161, '0xB299751B088336E165dA313c33e3195B8c6663A6', 18, NULL); INSERT INTO common_asset_details(identifier, symbol, coingecko, cryptocompare, forked, started, swapped_for) VALUES('eip155:42161/erc20:0xB299751B088336E165dA313c33e3195B8c6663A6', 'STAR', 'starheroes', '', NULL, 1709244341, NULL);
*
INSERT INTO assets(identifier, name, type) VALUES('eip155:1/erc20:0x4FC15c91a9c4A9efB404174464687E8e128730C2', 'STAT', 'C'); INSERT INTO evm_tokens(identifier, token_kind, chain, address, decimals, protocol) VALUES('eip155:1/erc20:0x4FC15c91a9c4A9efB404174464687E8e128730C2', 'A', 1, '0x4FC15c91a9c4A9efB404174464687E8e128730C2', 18, NULL); INSERT INTO common_asset_details(identifier, symbol, coingecko, cryptocompare, forked, started, swapped_for) VALUES('eip155:1/erc20:0x4FC15c91a9c4A9efB404174464687E8e128730C2', 'STAT', 'stat', 'stat', NULL, 1664285735, NULL);
*
INSERT INTO assets(identifier, name, type) VALUES('STREAM', 'Streamflow', 'Y'); INSERT INTO common_asset_details(identifier, symbol, coingecko, cryptocompare, forked, started, swapped_for) VALUES('STREAM', 'STREAM', 'streamflow', '', NULL, 1733221847, NULL);
*
INSERT INTO assets(identifier, name, type) VALUES('STOP', 'LETSTOP', 'Y'); INSERT INTO common_asset_details(identifier, symbol, coingecko, cryptocompare, forked, started, swapped_for) VALUES('STOP', 'STOP', 'letstop', '', NULL, 1730394281, NULL);
*
INSERT INTO assets(identifier, name, type) VALUES('STNK', 'Stonks', 'Y'); INSERT INTO common_asset_details(identifier, symbol, coingecko, cryptocompare, forked, started, swapped_for) VALUES('STNK', 'STNK', 'stonks-4', 'stnk', NULL, 1732618320, NULL);
*
INSERT INTO assets(identifier, name, type) VALUES('SUNDOG', 'Sundog', 'W'); INSERT INTO common_asset_details(identifier, symbol, coingecko, cryptocompare, forked, started, swapped_for) VALUES('SUNDOG', 'SUNDOG', 'sundog', 'sundog', NULL, 1723766400, NULL);
*
INSERT INTO assets(identifier, name, type) VALUES('SUPRA', 'Supra', 'B'); INSERT INTO common_asset_details(identifier, symbol, coingecko, cryptocompare, forked, started, swapped_for) VALUES('SUPRA', 'SUPRA', 'supra', 'supra', NULL, 1732716660, NULL);
*
INSERT INTO assets(identifier, name, type) VALUES('SVL', 'Slash Vision Labs', 'W'); INSERT INTO common_asset_details(identifier, symbol, coingecko, cryptocompare, forked, started, swapped_for) VALUES('SVL', 'SVL', 'slash-vision-labs', 'svl', NULL, 1714435200, NULL);
*
INSERT INTO assets(identifier, name, type) VALUES('SWARMS', 'Swarms', 'Y'); INSERT INTO common_asset_details(identifier, symbol, coingecko, cryptocompare, forked, started, swapped_for) VALUES('SWARMS', 'SWARMS', 'swarms', 'swarms', NULL, 1735015440, NULL);
*
INSERT INTO assets(identifier, name, type) VALUES('eip155:1/erc20:0xDA987c655ebC38C801DB64A8608bc1AA56Cd9a31', 'Synternet Token', 'C'); INSERT INTO evm_tokens(identifier, token_kind, chain, address, decimals, protocol) VALUES('eip155:1/erc20:0xDA987c655ebC38C801DB64A8608bc1AA56Cd9a31', 'A', 1, '0xDA987c655ebC38C801DB64A8608bc1AA56Cd9a31', 18, NULL); INSERT INTO common_asset_details(identifier, symbol, coingecko, cryptocompare, forked, started, swapped_for) VALUES('eip155:1/erc20:0xDA987c655ebC38C801DB64A8608bc1AA56Cd9a31', 'SYNT', 'synternet-synt', '', NULL, 1719167999, NULL);
*
INSERT INTO assets(identifier, name, type) VALUES('eip155:42161/erc20:0x0721b3C9f19cfeF1d622C918DcD431960f35E060', 'SYNTHR', 'C'); INSERT INTO evm_tokens(identifier, token_kind, chain, address, decimals, protocol) VALUES('eip155:42161/erc20:0x0721b3C9f19cfeF1d622C918DcD431960f35E060', 'A', 42161, '0x0721b3C9f19cfeF1d622C918DcD431960f35E060', 18, NULL); INSERT INTO common_asset_details(identifier, symbol, coingecko, cryptocompare, forked, started, swapped_for) VALUES('eip155:42161/erc20:0x0721b3C9f19cfeF1d622C918DcD431960f35E060', 'SYNTH', 'synthr', 'SYNTH', NULL, 1735985194, NULL);
*
INSERT INTO assets(identifier, name, type) VALUES('eip155:56/erc20:0x35bEdBF9291b22218a0dA863170dcC9329Ef2563', 'TAP Coin', 'C'); INSERT INTO evm_tokens(identifier, token_kind, chain, address, decimals, protocol) VALUES('eip155:56/erc20:0x35bEdBF9291b22218a0dA863170dcC9329Ef2563', 'A', 56, '0x35bEdBF9291b22218a0dA863170dcC9329Ef2563', 18, NULL); INSERT INTO common_asset_details(identifier, symbol, coingecko, cryptocompare, forked, started, swapped_for) VALUES('eip155:56/erc20:0x35bEdBF9291b22218a0dA863170dcC9329Ef2563', 'TAP', '', '', NULL, 1641286778, NULL);
*
INSERT INTO assets(identifier, name, type) VALUES('eip155:1/erc20:0x5e7F6e008C6d9D7AD4c7EB75Bd4ce62864cc7454', 'tap', 'C'); INSERT INTO evm_tokens(identifier, token_kind, chain, address, decimals, protocol) VALUES('eip155:1/erc20:0x5e7F6e008C6d9D7AD4c7EB75Bd4ce62864cc7454', 'A', 1, '0x5e7F6e008C6d9D7AD4c7EB75Bd4ce62864cc7454', 18, NULL); INSERT INTO common_asset_details(identifier, symbol, coingecko, cryptocompare, forked, started, swapped_for) VALUES('eip155:1/erc20:0x5e7F6e008C6d9D7AD4c7EB75Bd4ce62864cc7454', 'tap', 'tapify', '', NULL, 1727975963, NULL);
*
INSERT INTO assets(identifier, name, type) VALUES('eip155:8453/erc20:0x7A5f5CcD46EBd7aC30615836D988ca3BD57412b3', 'TAOCat by Virtuals', 'C'); INSERT INTO evm_tokens(identifier, token_kind, chain, address, decimals, protocol) VALUES('eip155:8453/erc20:0x7A5f5CcD46EBd7aC30615836D988ca3BD57412b3', 'A', 8453, '0x7A5f5CcD46EBd7aC30615836D988ca3BD57412b3', 18, NULL); INSERT INTO common_asset_details(identifier, symbol, coingecko, cryptocompare, forked, started, swapped_for) VALUES('eip155:8453/erc20:0x7A5f5CcD46EBd7aC30615836D988ca3BD57412b3', 'TAOCAT', 'taocat-by-virtuals', '', NULL, 1734583587, NULL);
*
INSERT INTO assets(identifier, name, type) VALUES('eip155:1/erc20:0xdebe620609674F21B1089042527F420372eA98A5', 'ALTAVA', 'C'); INSERT INTO evm_tokens(identifier, token_kind, chain, address, decimals, protocol) VALUES('eip155:1/erc20:0xdebe620609674F21B1089042527F420372eA98A5', 'A', 1, '0xdebe620609674F21B1089042527F420372eA98A5', 18, NULL); INSERT INTO common_asset_details(identifier, symbol, coingecko, cryptocompare, forked, started, swapped_for) VALUES('eip155:1/erc20:0xdebe620609674F21B1089042527F420372eA98A5', 'TAVA', 'altava', 'tava', NULL, 1651141135, NULL);
*
INSERT INTO assets(identifier, name, type) VALUES('eip155:8453/erc20:0x00309D634d11541b857f927BE91aD2f0bD78894c', 'Tevaera', 'C'); INSERT INTO evm_tokens(identifier, token_kind, chain, address, decimals, protocol) VALUES('eip155:8453/erc20:0x00309D634d11541b857f927BE91aD2f0bD78894c', 'A', 8453, '0x00309D634d11541b857f927BE91aD2f0bD78894c', 18, NULL); INSERT INTO common_asset_details(identifier, symbol, coingecko, cryptocompare, forked, started, swapped_for) VALUES('eip155:8453/erc20:0x00309D634d11541b857f927BE91aD2f0bD78894c', 'TEVA', 'tevaera', 'TEVA', NULL, 1737809175, NULL);
*
INSERT INTO assets(identifier, name, type) VALUES('eip155:1/erc20:0x2E95Cea14dd384429EB3c4331B776c4CFBB6FCD9', 'Throne', 'C'); INSERT INTO evm_tokens(identifier, token_kind, chain, address, decimals, protocol) VALUES('eip155:1/erc20:0x2E95Cea14dd384429EB3c4331B776c4CFBB6FCD9', 'A', 1, '0x2E95Cea14dd384429EB3c4331B776c4CFBB6FCD9', 18, NULL); INSERT INTO common_asset_details(identifier, symbol, coingecko, cryptocompare, forked, started, swapped_for) VALUES('eip155:1/erc20:0x2E95Cea14dd384429EB3c4331B776c4CFBB6FCD9', 'THN', 'throne', '', NULL, 1621948583, NULL);
*
INSERT INTO assets(identifier, name, type) VALUES('THRUST', 'Thruster', 'W'); INSERT INTO common_asset_details(identifier, symbol, coingecko, cryptocompare, forked, started, swapped_for) VALUES('THRUST', 'THRUST', 'thruster', 'thrust', NULL, 1729555200, NULL);
*
INSERT INTO assets(identifier, name, type) VALUES('TRC', 'Terracoin', 'W'); INSERT INTO common_asset_details(identifier, symbol, coingecko, cryptocompare, forked, started, swapped_for) VALUES('TRC', 'TRC', 'terracoin', '', NULL, 1367107200, NULL);
*
INSERT INTO assets(identifier, name, type) VALUES('eip155:1/erc20:0xa02C49Da76A085e4E1EE60A6b920dDbC8db599F4', 'Shiba Inu Treat', 'C'); INSERT INTO evm_tokens(identifier, token_kind, chain, address, decimals, protocol) VALUES('eip155:1/erc20:0xa02C49Da76A085e4E1EE60A6b920dDbC8db599F4', 'A', 1, '0xa02C49Da76A085e4E1EE60A6b920dDbC8db599F4', 18, NULL); INSERT INTO common_asset_details(identifier, symbol, coingecko, cryptocompare, forked, started, swapped_for) VALUES('eip155:1/erc20:0xa02C49Da76A085e4E1EE60A6b920dDbC8db599F4', 'TREAT', 'shiba-inu-treat', '', NULL, 1735314743, NULL);
*
INSERT INTO assets(identifier, name, type) VALUES('TRISIG', 'Tri Sigma', 'Y'); INSERT INTO common_asset_details(identifier, symbol, coingecko, cryptocompare, forked, started, swapped_for) VALUES('TRISIG', 'TRISIG', 'tri-sigma', '', NULL, 1732289340, NULL);
*
INSERT INTO assets(identifier, name, type) VALUES('eip155:1/erc20:0x0828096494ad6252F0F853abFC5b6ec9dfe9fDAd', 'TeleportSystemToken', 'C'); INSERT INTO evm_tokens(identifier, token_kind, chain, address, decimals, protocol) VALUES('eip155:1/erc20:0x0828096494ad6252F0F853abFC5b6ec9dfe9fDAd', 'A', 1, '0x0828096494ad6252F0F853abFC5b6ec9dfe9fDAd', 18, NULL); INSERT INTO common_asset_details(identifier, symbol, coingecko, cryptocompare, forked, started, swapped_for) VALUES('eip155:1/erc20:0x0828096494ad6252F0F853abFC5b6ec9dfe9fDAd', 'TST', 'teleport-system-token', 'tst', NULL, 1713314111, NULL);
*
INSERT INTO assets(identifier, name, type) VALUES('eip155:1/erc20:0x558e7139800f8bc119F68D23a6126FFFD43a66a6', 'U2U Network', 'C'); INSERT INTO evm_tokens(identifier, token_kind, chain, address, decimals, protocol) VALUES('eip155:1/erc20:0x558e7139800f8bc119F68D23a6126FFFD43a66a6', 'A', 1, '0x558e7139800f8bc119F68D23a6126FFFD43a66a6', 18, NULL); INSERT INTO common_asset_details(identifier, symbol, coingecko, cryptocompare, forked, started, swapped_for) VALUES('eip155:1/erc20:0x558e7139800f8bc119F68D23a6126FFFD43a66a6', 'U2U', 'unicorn-ultra', '', NULL, 1732106411, NULL);
*
INSERT INTO assets(identifier, name, type) VALUES('eip155:1/erc20:0x01aaC2b594F7bdBeC740F0F1AA22910EbB4B74Ab', 'Unio Coin', 'C'); INSERT INTO evm_tokens(identifier, token_kind, chain, address, decimals, protocol) VALUES('eip155:1/erc20:0x01aaC2b594F7bdBeC740F0F1AA22910EbB4B74Ab', 'A', 1, '0x01aaC2b594F7bdBeC740F0F1AA22910EbB4B74Ab', 18, NULL); INSERT INTO common_asset_details(identifier, symbol, coingecko, cryptocompare, forked, started, swapped_for) VALUES('eip155:1/erc20:0x01aaC2b594F7bdBeC740F0F1AA22910EbB4B74Ab', 'UNIO', 'unio-coin', 'unio', NULL, 1712921759, NULL);
*
INSERT INTO assets(identifier, name, type) VALUES('eip155:8453/erc20:0x01aaC2b594F7bdBeC740F0F1AA22910EbB4B74Ab', 'Unio Coin', 'C'); INSERT INTO evm_tokens(identifier, token_kind, chain, address, decimals, protocol) VALUES('eip155:8453/erc20:0x01aaC2b594F7bdBeC740F0F1AA22910EbB4B74Ab', 'A', 8453, '0x01aaC2b594F7bdBeC740F0F1AA22910EbB4B74Ab', 18, NULL); INSERT INTO common_asset_details(identifier, symbol, coingecko, cryptocompare, forked, started, swapped_for) VALUES('eip155:8453/erc20:0x01aaC2b594F7bdBeC740F0F1AA22910EbB4B74Ab', 'UNIO', 'unio-coin', 'unio', NULL, 1712922025, NULL);
*
INSERT INTO assets(identifier, name, type) VALUES('eip155:1/erc20:0xC4441c2BE5d8fA8126822B9929CA0b81Ea0DE38E', 'USUAL', 'C'); INSERT INTO evm_tokens(identifier, token_kind, chain, address, decimals, protocol) VALUES('eip155:1/erc20:0xC4441c2BE5d8fA8126822B9929CA0b81Ea0DE38E', 'A', 1, '0xC4441c2BE5d8fA8126822B9929CA0b81Ea0DE38E', 18, NULL); INSERT INTO common_asset_details(identifier, symbol, coingecko, cryptocompare, forked, started, swapped_for) VALUES('eip155:1/erc20:0xC4441c2BE5d8fA8126822B9929CA0b81Ea0DE38E', 'USUAL', 'usual', 'usual', NULL, 1731492515, NULL);
*
INSERT INTO assets(identifier, name, type) VALUES('VANA', 'Vana', 'B'); INSERT INTO common_asset_details(identifier, symbol, coingecko, cryptocompare, forked, started, swapped_for) VALUES('VANA', 'VANA', 'vana', 'vana', NULL, 1734307200, NULL);
*
INSERT INTO assets(identifier, name, type) VALUES('eip155:56/erc20:0xB96D0f29a0aC9AF4a32835e90EC6531389765089', 'Vapor Token', 'C'); INSERT INTO evm_tokens(identifier, token_kind, chain, address, decimals, protocol) VALUES('eip155:56/erc20:0xB96D0f29a0aC9AF4a32835e90EC6531389765089', 'A', 56, '0xB96D0f29a0aC9AF4a32835e90EC6531389765089', 18, NULL); INSERT INTO common_asset_details(identifier, symbol, coingecko, cryptocompare, forked, started, swapped_for) VALUES('eip155:56/erc20:0xB96D0f29a0aC9AF4a32835e90EC6531389765089', 'VPR', 'vapor-wallet', 'vpr', NULL, 1702995707, NULL);
*
INSERT INTO assets(identifier, name, type) VALUES('WAT', 'WATCoin', 'W'); INSERT INTO common_asset_details(identifier, symbol, coingecko, cryptocompare, forked, started, swapped_for) VALUES('WAT', 'WAT', 'watcoin', '', NULL, 1727088240, NULL);
*
INSERT INTO assets(identifier, name, type) VALUES('eip155:56/erc20:0xb994882a1b9bd98A71Dd6ea5F61577c42848B0E8', 'World of Dypians', 'C'); INSERT INTO evm_tokens(identifier, token_kind, chain, address, decimals, protocol) VALUES('eip155:56/erc20:0xb994882a1b9bd98A71Dd6ea5F61577c42848B0E8', 'A', 56, '0xb994882a1b9bd98A71Dd6ea5F61577c42848B0E8', 18, NULL); INSERT INTO common_asset_details(identifier, symbol, coingecko, cryptocompare, forked, started, swapped_for) VALUES('eip155:56/erc20:0xb994882a1b9bd98A71Dd6ea5F61577c42848B0E8', 'WoD', 'world-of-dypians', '', NULL, 1721393441, NULL);
*
INSERT INTO assets(identifier, name, type) VALUES('eip155:1/erc20:0x5027Fc44a7Ba114B8f494B1e4970900C6652FEDF', 'Arcana Network', 'C'); INSERT INTO evm_tokens(identifier, token_kind, chain, address, decimals, protocol) VALUES('eip155:1/erc20:0x5027Fc44a7Ba114B8f494B1e4970900C6652FEDF', 'A', 1, '0x5027Fc44a7Ba114B8f494B1e4970900C6652FEDF', 18, NULL); INSERT INTO common_asset_details(identifier, symbol, coingecko, cryptocompare, forked, started, swapped_for) VALUES('eip155:1/erc20:0x5027Fc44a7Ba114B8f494B1e4970900C6652FEDF', 'XAR', 'arcana-token', 'xar', NULL, 1706702615, NULL);
*
INSERT INTO assets(identifier, name, type) VALUES('XION', 'XION', 'B'); INSERT INTO common_asset_details(identifier, symbol, coingecko, cryptocompare, forked, started, swapped_for) VALUES('XION', 'XION', 'xion-2', 'xion', NULL, 1733356800, NULL);
*
INSERT INTO assets(identifier, name, type) VALUES('eip155:56/erc20:0x103071Da56e7cD95b415320760D6a0dDC4DA1ca5', 'Xterio', 'C'); INSERT INTO evm_tokens(identifier, token_kind, chain, address, decimals, protocol) VALUES('eip155:56/erc20:0x103071Da56e7cD95b415320760D6a0dDC4DA1ca5', 'A', 56, '0x103071Da56e7cD95b415320760D6a0dDC4DA1ca5', 18, NULL); INSERT INTO common_asset_details(identifier, symbol, coingecko, cryptocompare, forked, started, swapped_for) VALUES('eip155:56/erc20:0x103071Da56e7cD95b415320760D6a0dDC4DA1ca5', 'XTER', 'xterio', '', NULL, 1733672970, NULL);
*
INSERT INTO assets(identifier, name, type) VALUES('eip155:1/erc20:0x4eDDb15A0abfa2c349e8065aF9214E942d9A6D36', 'XYRO', 'C'); INSERT INTO evm_tokens(identifier, token_kind, chain, address, decimals, protocol) VALUES('eip155:1/erc20:0x4eDDb15A0abfa2c349e8065aF9214E942d9A6D36', 'A', 1, '0x4eDDb15A0abfa2c349e8065aF9214E942d9A6D36', 18, NULL); INSERT INTO common_asset_details(identifier, symbol, coingecko, cryptocompare, forked, started, swapped_for) VALUES('eip155:1/erc20:0x4eDDb15A0abfa2c349e8065aF9214E942d9A6D36', 'XYRO', 'xyro', '', NULL, 1736169419, NULL);
*
INSERT INTO assets(identifier, name, type) VALUES('eip155:42161/erc20:0xAeAC3b55c3522157ecdA7EC8fcB86C832fAA28aF', 'XYRO', 'C'); INSERT INTO evm_tokens(identifier, token_kind, chain, address, decimals, protocol) VALUES('eip155:42161/erc20:0xAeAC3b55c3522157ecdA7EC8fcB86C832fAA28aF', 'A', 42161, '0xAeAC3b55c3522157ecdA7EC8fcB86C832fAA28aF', 18, NULL); INSERT INTO common_asset_details(identifier, symbol, coingecko, cryptocompare, forked, started, swapped_for) VALUES('eip155:42161/erc20:0xAeAC3b55c3522157ecdA7EC8fcB86C832fAA28aF', 'XYRO', 'xyro', '', NULL, 1736169647, NULL);
*
INSERT INTO assets(identifier, name, type) VALUES('YULI', 'YULI', 'W'); INSERT INTO common_asset_details(identifier, symbol, coingecko, cryptocompare, forked, started, swapped_for) VALUES('YULI', 'YULI', 'yuli', 'yuli', NULL, 1737676800, NULL);
*
INSERT INTO assets(identifier, name, type) VALUES('eip155:8453/erc20:0xF56B3b3972F2f154555a0b62FF5A22b7b2A3C90B', 'ZAP', 'C'); INSERT INTO evm_tokens(identifier, token_kind, chain, address, decimals, protocol) VALUES('eip155:8453/erc20:0xF56B3b3972F2f154555a0b62FF5A22b7b2A3C90B', 'A', 8453, '0xF56B3b3972F2f154555a0b62FF5A22b7b2A3C90B', 18, NULL); INSERT INTO common_asset_details(identifier, symbol, coingecko, cryptocompare, forked, started, swapped_for) VALUES('eip155:8453/erc20:0xF56B3b3972F2f154555a0b62FF5A22b7b2A3C90B', 'ZAP', 'zap-2', '', NULL, 1727285367, NULL);
*
INSERT INTO assets(identifier, name, type) VALUES('eip155:1/erc20:0xfd418e42783382E86Ae91e445406600Ba144D162', 'Zircuit', 'C'); INSERT INTO evm_tokens(identifier, token_kind, chain, address, decimals, protocol) VALUES('eip155:1/erc20:0xfd418e42783382E86Ae91e445406600Ba144D162', 'A', 1, '0xfd418e42783382E86Ae91e445406600Ba144D162', 18, NULL); INSERT INTO common_asset_details(identifier, symbol, coingecko, cryptocompare, forked, started, swapped_for) VALUES('eip155:1/erc20:0xfd418e42783382E86Ae91e445406600Ba144D162', 'ZRC', 'zircuit', '', NULL, 1722714659, NULL);
*
INSERT INTO assets(identifier, name, type) VALUES('eip155:1/erc20:0xfC385A1dF85660a7e041423DB512f779070FCede', 'ZKLink', 'C'); INSERT INTO evm_tokens(identifier, token_kind, chain, address, decimals, protocol) VALUES('eip155:1/erc20:0xfC385A1dF85660a7e041423DB512f779070FCede', 'A', 1, '0xfC385A1dF85660a7e041423DB512f779070FCede', 18, NULL); INSERT INTO common_asset_details(identifier, symbol, coingecko, cryptocompare, forked, started, swapped_for) VALUES('eip155:1/erc20:0xfC385A1dF85660a7e041423DB512f779070FCede', 'ZKL', 'zklink', 'zkl', NULL, 1712927711, NULL);
*
INSERT INTO assets(identifier, name, type) VALUES('ZEX', 'Zeta', 'W'); INSERT INTO common_asset_details(identifier, symbol, coingecko, cryptocompare, forked, started, swapped_for) VALUES('ZEX', 'ZEX', 'zeta', 'zex', NULL, 1719446400, NULL);
*
INSERT INTO assets(identifier, name, type) VALUES('HYPE', 'Hyperliquid', 'W'); INSERT INTO common_asset_details(identifier, symbol, coingecko, cryptocompare, forked, started, swapped_for) VALUES('HYPE', 'HYPE', 'hyperliquid', 'hype', NULL, 1732877520, NULL);
*
INSERT INTO assets(identifier, name, type) VALUES('eip155:1/erc20:0x60158131416F5e53D55D73A11BE2E203cB26Abcc', 'HYPER', 'C'); INSERT INTO evm_tokens(identifier, token_kind, chain, address, decimals, protocol) VALUES('eip155:1/erc20:0x60158131416F5e53D55D73A11BE2E203cB26Abcc', 'A', 1, '0x60158131416F5e53D55D73A11BE2E203cB26Abcc', 8, NULL); INSERT INTO common_asset_details(identifier, symbol, coingecko, cryptocompare, forked, started, swapped_for) VALUES('eip155:1/erc20:0x60158131416F5e53D55D73A11BE2E203cB26Abcc', 'EON', 'hyper-3', '', NULL, 1696539515, NULL);
*
INSERT INTO assets(identifier, name, type) VALUES('BCX', 'BitcoinX', 'W'); INSERT INTO common_asset_details(identifier, symbol, coingecko, cryptocompare, forked, started, swapped_for) VALUES('BCX', 'BCX', 'bitcoinx', 'bcx', NULL, 1513728000, NULL);
*
INSERT INTO assets(identifier, name, type) VALUES('SBTC', 'Super Bitcoin', 'W'); INSERT INTO common_asset_details(identifier, symbol, coingecko, cryptocompare, forked, started, swapped_for) VALUES('SBTC', 'SBTC', '', 'sbtc', NULL, 1513382400, NULL);
*
INSERT INTO assets(identifier, name, type) VALUES('eip155:56/erc20:0x516f8a1fB458EBdcFd0F544fF85c69C1c0Ebc31d', 'Shieldeum', 'C'); INSERT INTO evm_tokens(identifier, token_kind, chain, address, decimals, protocol) VALUES('eip155:56/erc20:0x516f8a1fB458EBdcFd0F544fF85c69C1c0Ebc31d', 'A', 56, '0x516f8a1fB458EBdcFd0F544fF85c69C1c0Ebc31d', 18, NULL); INSERT INTO common_asset_details(identifier, symbol, coingecko, cryptocompare, forked, started, swapped_for) VALUES('eip155:56/erc20:0x516f8a1fB458EBdcFd0F544fF85c69C1c0Ebc31d', 'SDM', 'shieldeum', '', NULL, 1726475604, NULL);
*
INSERT INTO assets(identifier, name, type) VALUES('eip155:8453/erc20:0x9cfe02Eb040C6F5718126128DBBa0c1d364d9c07', 'Shieldeum', 'C'); INSERT INTO evm_tokens(identifier, token_kind, chain, address, decimals, protocol) VALUES('eip155:8453/erc20:0x9cfe02Eb040C6F5718126128DBBa0c1d364d9c07', 'A', 8453, '0x9cfe02Eb040C6F5718126128DBBa0c1d364d9c07', 18, NULL); INSERT INTO common_asset_details(identifier, symbol, coingecko, cryptocompare, forked, started, swapped_for) VALUES('eip155:8453/erc20:0x9cfe02Eb040C6F5718126128DBBa0c1d364d9c07', 'SDM', 'shieldeum', '', NULL, 1738811563, NULL);
*
INSERT INTO assets(identifier, name, type) VALUES('eip155:8453/erc20:0x63706e401c06ac8513145b7687A14804d17f814b', 'Aave', 'C'); INSERT INTO evm_tokens(identifier, token_kind, chain, address, decimals, protocol) VALUES('eip155:8453/erc20:0x63706e401c06ac8513145b7687A14804d17f814b', 'A', 8453, '0x63706e401c06ac8513145b7687A14804d17f814b', 18, NULL); INSERT INTO common_asset_details(identifier, symbol, coingecko, cryptocompare, forked, started, swapped_for) VALUES('eip155:8453/erc20:0x63706e401c06ac8513145b7687A14804d17f814b', 'AAVE', 'aave', 'AAVE', NULL, 1735833683, NULL);
INSERT INTO assets(identifier, name, type) VALUES('LVN', 'Levana', 'W'); INSERT INTO common_asset_details(identifier, symbol, coingecko, cryptocompare, forked, started, swapped_for) VALUES('LVN', 'LVN', 'levana-protocol', '', NULL, 1702234800, NULL);
*
INSERT INTO assets(identifier, name, type) VALUES('BULL', 'Tron Bull', 'P'); INSERT INTO common_asset_details(identifier, symbol, coingecko, cryptocompare, forked, started, swapped_for) VALUES('BULL', 'BULL', 'tron-bull', '', NULL, 1724315061, NULL);
*
INSERT INTO assets(identifier, name, type) VALUES('SLOP', 'Slop', 'Y'); INSERT INTO common_asset_details(identifier, symbol, coingecko, cryptocompare, forked, started, swapped_for) VALUES('SLOP', 'SLOP', 'slop', 'SLOP', NULL, 1729279077, NULL);
*
INSERT INTO assets(identifier, name, type) VALUES('BULLY', 'Dolos The Bully', 'Y'); INSERT INTO common_asset_details(identifier, symbol, coingecko, cryptocompare, forked, started, swapped_for) VALUES('BULLY', 'BULLY', 'dolos-the-bully', 'BULLY', NULL, 1729117026, NULL);
*
INSERT INTO assets(identifier, name, type) VALUES('STRX', 'Staked TRX', 'P'); INSERT INTO common_asset_details(identifier, symbol, coingecko, cryptocompare, forked, started, swapped_for) VALUES('STRX', 'STRX', 'staked-trx', 'STRX', NULL, 1681445834, NULL);
*
INSERT INTO assets(identifier, name, type) VALUES('SUNWUKONG', 'SunWukong', 'P'); INSERT INTO common_asset_details(identifier, symbol, coingecko, cryptocompare, forked, started, swapped_for) VALUES('SUNWUKONG', 'SUNWUKONG', 'sunwukong', 'SUNWUKONG', NULL, 1723770573, NULL);
*
INSERT INTO assets(identifier, name, type) VALUES('ACT', 'Act I The AI Prophecy', 'Y'); INSERT INTO common_asset_details(identifier, symbol, coingecko, cryptocompare, forked, started, swapped_for) VALUES('ACT', 'ACT', 'act-i-the-ai-prophecy', 'ACT', NULL, 1729337229, NULL);
*
INSERT INTO assets(identifier, name, type) VALUES('DEGENAI', 'Degen Spartan AI', 'Y'); INSERT INTO common_asset_details(identifier, symbol, coingecko, cryptocompare, forked, started, swapped_for) VALUES('DEGENAI', 'DEGENAI', 'degen-spartan-ai', 'DEGENAI', NULL, 1729478112, NULL);
*
INSERT INTO assets(identifier, name, type) VALUES('HGG', 'Hedera Guild Game', 'W'); INSERT INTO common_asset_details(identifier, symbol, coingecko, cryptocompare, forked, started, swapped_for) VALUES('HGG', 'HGG', 'hedera-guild-game', '', NULL, 1723467335, NULL);
*
INSERT INTO assets(identifier, name, type) VALUES('CLORE', 'Clore.ai', 'B'); INSERT INTO common_asset_details(identifier, symbol, coingecko, cryptocompare, forked, started, swapped_for) VALUES('CLORE', 'CLORE', 'clore-ai', 'CLORE', NULL, 1733356800, NULL);
*
INSERT INTO assets(identifier, name, type) VALUES('NEUR', 'neur.sh', 'Y'); INSERT INTO common_asset_details(identifier, symbol, coingecko, cryptocompare, forked, started, swapped_for) VALUES('NEUR', 'NEUR', 'neur-sh', '', NULL, 1734987919, NULL);
*
INSERT INTO assets(identifier, name, type) VALUES('GRIFT', 'ORBIT', 'Y'); INSERT INTO common_asset_details(identifier, symbol, coingecko, cryptocompare, forked, started, swapped_for) VALUES('GRIFT', 'GRIFT', 'orbit-3', 'GRIFT', NULL, 1733493695, NULL);
*
INSERT INTO assets(identifier, name, type) VALUES('BLD', 'Agoric', 'W'); INSERT INTO common_asset_details(identifier, symbol, coingecko, cryptocompare, forked, started, swapped_for) VALUES('BLD', 'BLD', 'agoric', 'BLD', NULL, 1661760000, NULL);
*
INSERT INTO assets(identifier, name, type) VALUES('MUNCAT', 'MUNCAT', 'P'); INSERT INTO common_asset_details(identifier, symbol, coingecko, cryptocompare, forked, started, swapped_for) VALUES('MUNCAT', 'MUNCAT', 'muncat', 'MUNCAT', NULL, 1724252310, NULL);
*
INSERT INTO assets(identifier, name, type) VALUES('AVACN', 'AVACOIN', 'W'); INSERT INTO common_asset_details(identifier, symbol, coingecko, cryptocompare, forked, started, swapped_for) VALUES('AVACN', 'AVACN', 'avacoin', 'AVACN', NULL, 1722283200, NULL);
*
INSERT INTO assets(identifier, name, type) VALUES('AB', 'AB', 'B'); INSERT INTO common_asset_details(identifier, symbol, coingecko, cryptocompare, forked, started, swapped_for) VALUES('AB', 'AB', 'newton-project', '', NULL, 1555531200, NULL);
*
INSERT INTO assets(identifier, name, type) VALUES('ELIZA', 'Eliza', 'Y'); INSERT INTO common_asset_details(identifier, symbol, coingecko, cryptocompare, forked, started, swapped_for) VALUES('ELIZA', 'ELIZA', 'eliza', 'ELIZA', NULL, 1731996101, NULL);
*
INSERT INTO assets(identifier, name, type) VALUES('PUNDU', 'Pundu', 'Y'); INSERT INTO common_asset_details(identifier, symbol, coingecko, cryptocompare, forked, started, swapped_for) VALUES('PUNDU', 'PUNDU', 'pundu', 'PUNDU', NULL, 1711362242, NULL);
*
INSERT INTO assets(identifier, name, type) VALUES('SLOTH', 'Slothana', 'Y'); INSERT INTO common_asset_details(identifier, symbol, coingecko, cryptocompare, forked, started, swapped_for) VALUES('SLOTH', 'SLOTH', 'slothana', '', NULL, 1714571442, NULL);
*
INSERT INTO assets(identifier, name, type) VALUES('LAYER', 'Solayer', 'Y'); INSERT INTO common_asset_details(identifier, symbol, coingecko, cryptocompare, forked, started, swapped_for) VALUES('LAYER', 'LAYER', 'solayer', '', NULL, 1736444928, NULL);
*
INSERT INTO assets(identifier, name, type) VALUES('ELU', 'Elumia', 'Y'); INSERT INTO common_asset_details(identifier, symbol, coingecko, cryptocompare, forked, started, swapped_for) VALUES('ELU', 'ELU', 'elumia', 'ELU', NULL, 1650916800, NULL);
*
INSERT INTO assets(identifier, name, type) VALUES('AI16ZELIZA', 'ai16zeliza', 'Y'); INSERT INTO common_asset_details(identifier, symbol, coingecko, cryptocompare, forked, started, swapped_for) VALUES('AI16ZELIZA', 'ELIZA', 'ai16zeliza', 'ELIZ', NULL, 1650916800, NULL);
*
INSERT INTO assets(identifier, name, type) VALUES('DIO', 'Decimated', 'Y'); INSERT INTO common_asset_details(identifier, symbol, coingecko, cryptocompare, forked, started, swapped_for) VALUES('DIO', 'DIO', 'decimated', 'DIO', NULL, 1557259200, NULL);
*
INSERT INTO assets(identifier, name, type) VALUES('IVFUN', 'Invest Zone', 'P'); INSERT INTO common_asset_details(identifier, symbol, coingecko, cryptocompare, forked, started, swapped_for) VALUES('IVFUN', 'IVFUN', 'invest-zone', 'IVFUN', NULL, 1723878219, NULL);
*
INSERT INTO assets(identifier, name, type) VALUES('SPORE', 'Spore', 'Y'); INSERT INTO common_asset_details(identifier, symbol, coingecko, cryptocompare, forked, started, swapped_for) VALUES('SPORE', 'SPORE', 'spore-2', '', NULL, 1734925124, NULL);
*
INSERT INTO assets(identifier, name, type) VALUES('LESTER', 'Litecoin Mascot', 'Y'); INSERT INTO common_asset_details(identifier, symbol, coingecko, cryptocompare, forked, started, swapped_for) VALUES('LESTER', 'LESTER', 'litecoin-mascot', 'LESTER', NULL, 1731561419, NULL);
*
INSERT INTO assets(identifier, name, type) VALUES('LWA', 'LumiWave', 'W'); INSERT INTO common_asset_details(identifier, symbol, coingecko, cryptocompare, forked, started, swapped_for) VALUES('LWA', 'LWA', 'onbuff', '', NULL, 1728114000, NULL);
*
INSERT INTO assets(identifier, name, type) VALUES('TBULL', 'Tron Bull Coin', 'P'); INSERT INTO common_asset_details(identifier, symbol, coingecko, cryptocompare, forked, started, swapped_for) VALUES('TBULL', 'TBULL', 'tron-bull-coin', '', NULL, 1723548972, NULL);
*
INSERT INTO assets(identifier, name, type) VALUES('FOFAR', 'FoFar', 'P'); INSERT INTO common_asset_details(identifier, symbol, coingecko, cryptocompare, forked, started, swapped_for) VALUES('FOFAR', 'FOFAR', 'fofar-2', '', NULL, 1723825014, NULL);
*
INSERT INTO assets(identifier, name, type) VALUES('SUNCAT', 'Suncat', 'P'); INSERT INTO common_asset_details(identifier, symbol, coingecko, cryptocompare, forked, started, swapped_for) VALUES('SUNCAT', 'SUNCAT', 'suncat', 'SUNCAT', NULL, 1723738854, NULL);
*
INSERT INTO assets(identifier, name, type) VALUES('eip155:1/erc20:0x031B8d752d73d7Fe9678ACEf26e818280D0646b4', 'SOVRUN', 'C'); INSERT INTO evm_tokens(identifier, token_kind, chain, address, decimals, protocol) VALUES('eip155:1/erc20:0x031B8d752d73d7Fe9678ACEf26e818280D0646b4', 'A', 1, '0x031B8d752d73d7Fe9678ACEf26e818280D0646b4', 18, NULL); INSERT INTO common_asset_details(identifier, symbol, coingecko, cryptocompare, forked, started, swapped_for) VALUES('eip155:1/erc20:0x031B8d752d73d7Fe9678ACEf26e818280D0646b4', 'SOVRN', 'sovrun', '', NULL, 1731467819, NULL);
*
INSERT INTO assets(identifier, name, type) VALUES('eip155:8453/erc20:0xCa4C2E10037ac1AF9f501eCB11A710776c87d2d5', 'SOVRUN', 'C'); INSERT INTO evm_tokens(identifier, token_kind, chain, address, decimals, protocol) VALUES('eip155:8453/erc20:0xCa4C2E10037ac1AF9f501eCB11A710776c87d2d5', 'A', 8453, '0xCa4C2E10037ac1AF9f501eCB11A710776c87d2d5', 18, NULL); INSERT INTO common_asset_details(identifier, symbol, coingecko, cryptocompare, forked, started, swapped_for) VALUES('eip155:8453/erc20:0xCa4C2E10037ac1AF9f501eCB11A710776c87d2d5', 'SOVRN', 'sovrun', '', NULL, 1735811961, NULL);
*
INSERT INTO assets(identifier, name, type) VALUES('eip155:1/erc20:0x5c8D0C48810FD37A0A824D074ee290E64f7A8Fa2', 'AVL', 'C'); INSERT INTO evm_tokens(identifier, token_kind, chain, address, decimals, protocol) VALUES('eip155:1/erc20:0x5c8D0C48810FD37A0A824D074ee290E64f7A8Fa2', 'A', 1, '0x5c8D0C48810FD37A0A824D074ee290E64f7A8Fa2', 18, NULL); INSERT INTO common_asset_details(identifier, symbol, coingecko, cryptocompare, forked, started, swapped_for) VALUES('eip155:1/erc20:0x5c8D0C48810FD37A0A824D074ee290E64f7A8Fa2', 'AVL', 'avalon-2', '', NULL, 1735889771, NULL);
*
INSERT INTO assets(identifier, name, type) VALUES('eip155:56/erc20:0x9BeEE89723cEeC27d7c2834bec6834208FFdc202', 'AVL', 'C'); INSERT INTO evm_tokens(identifier, token_kind, chain, address, decimals, protocol) VALUES('eip155:56/erc20:0x9BeEE89723cEeC27d7c2834bec6834208FFdc202', 'A', 56, '0x9BeEE89723cEeC27d7c2834bec6834208FFdc202', 18, NULL); INSERT INTO common_asset_details(identifier, symbol, coingecko, cryptocompare, forked, started, swapped_for) VALUES('eip155:56/erc20:0x9BeEE89723cEeC27d7c2834bec6834208FFdc202', 'AVL', 'avalon-2', '', NULL, 1735881410, NULL);
*
INSERT INTO assets(identifier, name, type) VALUES('eip155:8453/erc20:0x0Db510e79909666d6dEc7f5e49370838c16D950f', 'Super Anon', 'C'); INSERT INTO evm_tokens(identifier, token_kind, chain, address, decimals, protocol) VALUES('eip155:8453/erc20:0x0Db510e79909666d6dEc7f5e49370838c16D950f', 'A', 8453, '0x0Db510e79909666d6dEc7f5e49370838c16D950f', 18, NULL); INSERT INTO common_asset_details(identifier, symbol, coingecko, cryptocompare, forked, started, swapped_for) VALUES('eip155:8453/erc20:0x0Db510e79909666d6dEc7f5e49370838c16D950f', 'ANON', '', '', NULL, 1731551379, NULL);
*
INSERT INTO assets(identifier, name, type) VALUES('eip155:1/erc20:0xE1bAD922F84b198A08292FB600319300ae32471b', '[FCT] FirmaChain Token', 'C'); INSERT INTO evm_tokens(identifier, token_kind, chain, address, decimals, protocol) VALUES('eip155:1/erc20:0xE1bAD922F84b198A08292FB600319300ae32471b', 'A', 1, '0xE1bAD922F84b198A08292FB600319300ae32471b', 18, NULL); INSERT INTO common_asset_details(identifier, symbol, coingecko, cryptocompare, forked, started, swapped_for) VALUES('eip155:1/erc20:0xE1bAD922F84b198A08292FB600319300ae32471b', 'FCT', 'firmachain', 'FCT', NULL, 1559147654, NULL);
*
INSERT INTO assets(identifier, name, type) VALUES('eip155:56/erc20:0xF95a5532D67C944dfa7EDDD2f8c358Fe0dc7FAc2', 'MARBLEX on BNB', 'C'); INSERT INTO evm_tokens(identifier, token_kind, chain, address, decimals, protocol) VALUES('eip155:56/erc20:0xF95a5532D67C944dfa7EDDD2f8c358Fe0dc7FAc2', 'A', 56, '0xF95a5532D67C944dfa7EDDD2f8c358Fe0dc7FAc2', 18, NULL); INSERT INTO common_asset_details(identifier, symbol, coingecko, cryptocompare, forked, started, swapped_for) VALUES('eip155:56/erc20:0xF95a5532D67C944dfa7EDDD2f8c358Fe0dc7FAc2', 'MBX', 'marblex', 'MBX', NULL, 1693208363, NULL);
*
INSERT INTO assets(identifier, name, type) VALUES('eip155:1/erc20:0xe8fC52b1bb3a40fd8889C0f8f75879676310dDf0', 'Mystiko Token', 'C'); INSERT INTO evm_tokens(identifier, token_kind, chain, address, decimals, protocol) VALUES('eip155:1/erc20:0xe8fC52b1bb3a40fd8889C0f8f75879676310dDf0', 'A', 1, '0xe8fC52b1bb3a40fd8889C0f8f75879676310dDf0', 18, NULL); INSERT INTO common_asset_details(identifier, symbol, coingecko, cryptocompare, forked, started, swapped_for) VALUES('eip155:1/erc20:0xe8fC52b1bb3a40fd8889C0f8f75879676310dDf0', 'XZK', 'xzk', 'XZK', NULL, 1709025383, NULL);
*
INSERT INTO assets(identifier, name, type) VALUES('eip155:1/erc20:0xBA41Ddf06B7fFD89D1267b5A93BFeF2424eb2003', 'Mythos', 'C'); INSERT INTO evm_tokens(identifier, token_kind, chain, address, decimals, protocol) VALUES('eip155:1/erc20:0xBA41Ddf06B7fFD89D1267b5A93BFeF2424eb2003', 'A', 1, '0xBA41Ddf06B7fFD89D1267b5A93BFeF2424eb2003', 18, NULL); INSERT INTO common_asset_details(identifier, symbol, coingecko, cryptocompare, forked, started, swapped_for) VALUES('eip155:1/erc20:0xBA41Ddf06B7fFD89D1267b5A93BFeF2424eb2003', 'MYTH', 'mythos', 'MYTH', NULL, 1652373938, NULL);
*
INSERT INTO assets(identifier, name, type) VALUES('eip155:56/erc20:0x16120Ef3d353224222b0A257AD15B5eAec0525c5', 'BEBE', 'C'); INSERT INTO evm_tokens(identifier, token_kind, chain, address, decimals, protocol) VALUES('eip155:56/erc20:0x16120Ef3d353224222b0A257AD15B5eAec0525c5', 'A', 56, '0x16120Ef3d353224222b0A257AD15B5eAec0525c5', 6, NULL); INSERT INTO common_asset_details(identifier, symbol, coingecko, cryptocompare, forked, started, swapped_for) VALUES('eip155:56/erc20:0x16120Ef3d353224222b0A257AD15B5eAec0525c5', 'BEBE', 'bebe-dog', '', NULL, 1731558170, NULL);
*
INSERT INTO assets(identifier, name, type) VALUES('eip155:1/erc20:0xCA5b0AE1d104030a9B8F879523508EFd86c14483', 'BENJI', 'C'); INSERT INTO evm_tokens(identifier, token_kind, chain, address, decimals, protocol) VALUES('eip155:1/erc20:0xCA5b0AE1d104030a9B8F879523508EFd86c14483', 'A', 1, '0xCA5b0AE1d104030a9B8F879523508EFd86c14483', 18, NULL); INSERT INTO common_asset_details(identifier, symbol, coingecko, cryptocompare, forked, started, swapped_for) VALUES('eip155:1/erc20:0xCA5b0AE1d104030a9B8F879523508EFd86c14483', 'BENJI', 'benji-bananas', 'TYBENG', NULL, 1689049535, NULL);
*
INSERT INTO assets(identifier, name, type) VALUES('eip155:8453/erc20:0x029a3b0532871735809A51E8653d6017eF04b6Fa', 'TYBENG', 'C'); INSERT INTO evm_tokens(identifier, token_kind, chain, address, decimals, protocol) VALUES('eip155:8453/erc20:0x029a3b0532871735809A51E8653d6017eF04b6Fa', 'A', 8453, '0x029a3b0532871735809A51E8653d6017eF04b6Fa', 18, NULL); INSERT INTO common_asset_details(identifier, symbol, coingecko, cryptocompare, forked, started, swapped_for) VALUES('eip155:8453/erc20:0x029a3b0532871735809A51E8653d6017eF04b6Fa', 'TYBENG', 'benji-bananas', 'TYBENG', NULL, 1714449761, NULL);
*
INSERT INTO assets(identifier, name, type) VALUES('eip155:1/erc20:0x28561B8A2360F463011c16b6Cc0B0cbEF8dbBcad', 'MOO DENG', 'C'); INSERT INTO evm_tokens(identifier, token_kind, chain, address, decimals, protocol) VALUES('eip155:1/erc20:0x28561B8A2360F463011c16b6Cc0B0cbEF8dbBcad', 'A', 1, '0x28561B8A2360F463011c16b6Cc0B0cbEF8dbBcad', 9, NULL); INSERT INTO common_asset_details(identifier, symbol, coingecko, cryptocompare, forked, started, swapped_for) VALUES('eip155:1/erc20:0x28561B8A2360F463011c16b6Cc0B0cbEF8dbBcad', 'MOODENG', 'moo-deng-2', '', NULL, 1726430855, NULL);
*
INSERT INTO assets(identifier, name, type) VALUES('eip155:1/erc20:0x0bc37BEA9068a86C221B8bd71eA6228260DAD5A2', 'Upland', 'C'); INSERT INTO evm_tokens(identifier, token_kind, chain, address, decimals, protocol) VALUES('eip155:1/erc20:0x0bc37BEA9068a86C221B8bd71eA6228260DAD5A2', 'A', 1, '0x0bc37BEA9068a86C221B8bd71eA6228260DAD5A2', 18, NULL); INSERT INTO common_asset_details(identifier, symbol, coingecko, cryptocompare, forked, started, swapped_for) VALUES('eip155:1/erc20:0x0bc37BEA9068a86C221B8bd71eA6228260DAD5A2', 'SPARKLET', 'upland', 'SPARKLET', NULL, 1720023371, NULL);
*
INSERT INTO assets(identifier, name, type) VALUES('eip155:1/erc20:0xDBB5Cf12408a3Ac17d668037Ce289f9eA75439D7', 'WorldMobileToken', 'C'); INSERT INTO evm_tokens(identifier, token_kind, chain, address, decimals, protocol) VALUES('eip155:1/erc20:0xDBB5Cf12408a3Ac17d668037Ce289f9eA75439D7', 'A', 1, '0xDBB5Cf12408a3Ac17d668037Ce289f9eA75439D7', 6, NULL); INSERT INTO common_asset_details(identifier, symbol, coingecko, cryptocompare, forked, started, swapped_for) VALUES('eip155:1/erc20:0xDBB5Cf12408a3Ac17d668037Ce289f9eA75439D7', 'WMTX', 'world-mobile-token', 'WMTX', NULL, 1708951139, NULL);
*
INSERT INTO assets(identifier, name, type) VALUES('eip155:56/erc20:0xDBB5Cf12408a3Ac17d668037Ce289f9eA75439D7', 'WorldMobileToken', 'C'); INSERT INTO evm_tokens(identifier, token_kind, chain, address, decimals, protocol) VALUES('eip155:56/erc20:0xDBB5Cf12408a3Ac17d668037Ce289f9eA75439D7', 'A', 56, '0xDBB5Cf12408a3Ac17d668037Ce289f9eA75439D7', 6, NULL); INSERT INTO common_asset_details(identifier, symbol, coingecko, cryptocompare, forked, started, swapped_for) VALUES('eip155:56/erc20:0xDBB5Cf12408a3Ac17d668037Ce289f9eA75439D7', 'WMTX', 'world-mobile-token', 'WMTX', NULL, 1708948790, NULL);
*
INSERT INTO assets(identifier, name, type) VALUES('eip155:42161/erc20:0xDBB5Cf12408a3Ac17d668037Ce289f9eA75439D7', 'WorldMobileToken', 'C'); INSERT INTO evm_tokens(identifier, token_kind, chain, address, decimals, protocol) VALUES('eip155:42161/erc20:0xDBB5Cf12408a3Ac17d668037Ce289f9eA75439D7', 'A', 42161, '0xDBB5Cf12408a3Ac17d668037Ce289f9eA75439D7', 6, NULL); INSERT INTO common_asset_details(identifier, symbol, coingecko, cryptocompare, forked, started, swapped_for) VALUES('eip155:42161/erc20:0xDBB5Cf12408a3Ac17d668037Ce289f9eA75439D7', 'WMTX', 'world-mobile-token', 'WMTX', NULL, 1711371577, NULL);
*
INSERT INTO assets(identifier, name, type) VALUES('eip155:8453/erc20:0x3e31966d4f81C72D2a55310A6365A56A4393E98D', 'WorldMobileToken', 'C'); INSERT INTO evm_tokens(identifier, token_kind, chain, address, decimals, protocol) VALUES('eip155:8453/erc20:0x3e31966d4f81C72D2a55310A6365A56A4393E98D', 'A', 8453, '0x3e31966d4f81C72D2a55310A6365A56A4393E98D', 6, NULL); INSERT INTO common_asset_details(identifier, symbol, coingecko, cryptocompare, forked, started, swapped_for) VALUES('eip155:8453/erc20:0x3e31966d4f81C72D2a55310A6365A56A4393E98D', 'WMTX', 'world-mobile-token', 'WMTX', NULL, 1713552365, NULL);
*
INSERT INTO assets(identifier, name, type) VALUES('eip155:1/erc20:0x8802269D1283cdB2a5a329649E5cB4CdcEE91ab6', 'Fight to MAGA', 'C'); INSERT INTO evm_tokens(identifier, token_kind, chain, address, decimals, protocol) VALUES('eip155:1/erc20:0x8802269D1283cdB2a5a329649E5cB4CdcEE91ab6', 'A', 1, '0x8802269D1283cdB2a5a329649E5cB4CdcEE91ab6', 9, NULL); INSERT INTO common_asset_details(identifier, symbol, coingecko, cryptocompare, forked, started, swapped_for) VALUES('eip155:1/erc20:0x8802269D1283cdB2a5a329649E5cB4CdcEE91ab6', 'FIGHT', 'fight-to-maga', '', NULL, 1720918991, NULL);
*
INSERT INTO assets(identifier, name, type) VALUES('eip155:1/erc20:0x58b9cB810A68a7f3e1E4f8Cb45D1B9B3c79705E8', 'Everclear', 'C'); INSERT INTO evm_tokens(identifier, token_kind, chain, address, decimals, protocol) VALUES('eip155:1/erc20:0x58b9cB810A68a7f3e1E4f8Cb45D1B9B3c79705E8', 'A', 1, '0x58b9cB810A68a7f3e1E4f8Cb45D1B9B3c79705E8', 18, NULL); INSERT INTO common_asset_details(identifier, symbol, coingecko, cryptocompare, forked, started, swapped_for) VALUES('eip155:1/erc20:0x58b9cB810A68a7f3e1E4f8Cb45D1B9B3c79705E8', 'CLEAR', 'everclear', 'NEXT', NULL, 1693777295, NULL);
*
UPDATE common_asset_details SET swapped_for = 'eip155:1/erc20:0x58b9cB810A68a7f3e1E4f8Cb45D1B9B3c79705E8' WHERE identifier = 'eip155:1/erc20:0xFE67A4450907459c3e1FFf623aA927dD4e28c67a';
INSERT INTO assets(identifier, name, type) VALUES("eip155:1/erc20:0xFE67A4450907459c3e1FFf623aA927dD4e28c67a", "Connext", "C"); INSERT INTO evm_tokens(identifier, token_kind, chain, address, decimals, protocol) VALUES("eip155:1/erc20:0xFE67A4450907459c3e1FFf623aA927dD4e28c67a", "A", 1, "0xFE67A4450907459c3e1FFf623aA927dD4e28c67a", 18, NULL); INSERT INTO common_asset_details(identifier, symbol, coingecko, cryptocompare, forked, started, swapped_for) VALUES("eip155:1/erc20:0xFE67A4450907459c3e1FFf623aA927dD4e28c67a", "NEXT", "connext", "NEXT", NULL, 1680625643, NULL);
UPDATE common_asset_details SET coingecko = 'everclear', symbol = 'CLEAR' WHERE identifier = 'eip155:42161/erc20:0x58b9cB810A68a7f3e1E4f8Cb45D1B9B3c79705E8';
INSERT INTO assets(identifier, name, type) VALUES('eip155:42161/erc20:0x58b9cB810A68a7f3e1E4f8Cb45D1B9B3c79705E8', 'Everclear', 'C'); INSERT INTO evm_tokens(identifier, token_kind, chain, address, decimals, protocol) VALUES('eip155:42161/erc20:0x58b9cB810A68a7f3e1E4f8Cb45D1B9B3c79705E8', 'A', 42161, '0x58b9cB810A68a7f3e1E4f8Cb45D1B9B3c79705E8', 18, NULL); INSERT INTO common_asset_details(identifier, symbol, coingecko, cryptocompare, forked, started, swapped_for) VALUES('eip155:42161/erc20:0x58b9cB810A68a7f3e1E4f8Cb45D1B9B3c79705E8', 'CLEAR', 'everclear', 'NEXT', NULL, 1693777295, NULL);
UPDATE common_asset_details SET coingecko = 'everclear', symbol = 'CLEAR' WHERE identifier = 'eip155:100/erc20:0x58b9cB810A68a7f3e1E4f8Cb45D1B9B3c79705E8';
INSERT INTO assets(identifier, name, type) VALUES('eip155:100/erc20:0x58b9cB810A68a7f3e1E4f8Cb45D1B9B3c79705E8', 'Everclear', 'C'); INSERT INTO evm_tokens(identifier, token_kind, chain, address, decimals, protocol) VALUES('eip155:100/erc20:0x58b9cB810A68a7f3e1E4f8Cb45D1B9B3c79705E8', 'A', 100, '0x58b9cB810A68a7f3e1E4f8Cb45D1B9B3c79705E8', 18, NULL); INSERT INTO common_asset_details(identifier, symbol, coingecko, cryptocompare, forked, started, swapped_for) VALUES('eip155:100/erc20:0x58b9cB810A68a7f3e1E4f8Cb45D1B9B3c79705E8', 'CLEAR', 'everclear', 'NEXT', NULL, 1693777295, NULL);
UPDATE common_asset_details SET coingecko = 'everclear', symbol = 'CLEAR' WHERE identifier = 'eip155:137/erc20:0x58b9cB810A68a7f3e1E4f8Cb45D1B9B3c79705E8';
INSERT INTO assets(identifier, name, type) VALUES('eip155:137/erc20:0x58b9cB810A68a7f3e1E4f8Cb45D1B9B3c79705E8', 'Everclear', 'C'); INSERT INTO evm_tokens(identifier, token_kind, chain, address, decimals, protocol) VALUES('eip155:137/erc20:0x58b9cB810A68a7f3e1E4f8Cb45D1B9B3c79705E8', 'A', 137, '0x58b9cB810A68a7f3e1E4f8Cb45D1B9B3c79705E8', 18, NULL); INSERT INTO common_asset_details(identifier, symbol, coingecko, cryptocompare, forked, started, swapped_for) VALUES('eip155:137/erc20:0x58b9cB810A68a7f3e1E4f8Cb45D1B9B3c79705E8', 'CLEAR', 'everclear', 'NEXT', NULL, 1693777295, NULL);
UPDATE common_asset_details SET coingecko = 'everclear', symbol = 'CLEAR' WHERE identifier = 'eip155:56/erc20:0x58b9cB810A68a7f3e1E4f8Cb45D1B9B3c79705E8';
INSERT INTO assets(identifier, name, type) VALUES('eip155:56/erc20:0x58b9cB810A68a7f3e1E4f8Cb45D1B9B3c79705E8', 'Everclear', 'C'); INSERT INTO evm_tokens(identifier, token_kind, chain, address, decimals, protocol) VALUES('eip155:56/erc20:0x58b9cB810A68a7f3e1E4f8Cb45D1B9B3c79705E8', 'A', 56, '0x58b9cB810A68a7f3e1E4f8Cb45D1B9B3c79705E8', 18, NULL); INSERT INTO common_asset_details(identifier, symbol, coingecko, cryptocompare, forked, started, swapped_for) VALUES('eip155:56/erc20:0x58b9cB810A68a7f3e1E4f8Cb45D1B9B3c79705E8', 'CLEAR', 'everclear', 'NEXT', NULL, 1693777295, NULL);
UPDATE common_asset_details SET coingecko = 'everclear', symbol = 'CLEAR' WHERE identifier = 'eip155:10/erc20:0x58b9cB810A68a7f3e1E4f8Cb45D1B9B3c79705E8';
INSERT INTO assets(identifier, name, type) VALUES('eip155:10/erc20:0x58b9cB810A68a7f3e1E4f8Cb45D1B9B3c79705E8', 'Everclear', 'C'); INSERT INTO evm_tokens(identifier, token_kind, chain, address, decimals, protocol) VALUES('eip155:10/erc20:0x58b9cB810A68a7f3e1E4f8Cb45D1B9B3c79705E8', 'A', 10, '0x58b9cB810A68a7f3e1E4f8Cb45D1B9B3c79705E8', 18, NULL); INSERT INTO common_asset_details(identifier, symbol, coingecko, cryptocompare, forked, started, swapped_for) VALUES('eip155:10/erc20:0x58b9cB810A68a7f3e1E4f8Cb45D1B9B3c79705E8', 'CLEAR', 'everclear', 'NEXT', NULL, 1693777295, NULL);
UPDATE assets SET name = 'Everclear' WHERE identifier = 'eip155:42161/erc20:0x58b9cB810A68a7f3e1E4f8Cb45D1B9B3c79705E8';
INSERT INTO assets(identifier, name, type) VALUES('eip155:42161/erc20:0x58b9cB810A68a7f3e1E4f8Cb45D1B9B3c79705E8', 'Everclear', 'C'); INSERT INTO evm_tokens(identifier, token_kind, chain, address, decimals, protocol) VALUES('eip155:42161/erc20:0x58b9cB810A68a7f3e1E4f8Cb45D1B9B3c79705E8', 'A', 42161, '0x58b9cB810A68a7f3e1E4f8Cb45D1B9B3c79705E8', 18, NULL); INSERT INTO common_asset_details(identifier, symbol, coingecko, cryptocompare, forked, started, swapped_for) VALUES('eip155:42161/erc20:0x58b9cB810A68a7f3e1E4f8Cb45D1B9B3c79705E8', 'CLEAR', 'everclear', 'NEXT', NULL, 1693777295, NULL);
UPDATE assets SET name = 'Everclear' WHERE identifier = 'eip155:100/erc20:0x58b9cB810A68a7f3e1E4f8Cb45D1B9B3c79705E8';
INSERT INTO assets(identifier, name, type) VALUES('eip155:100/erc20:0x58b9cB810A68a7f3e1E4f8Cb45D1B9B3c79705E8', 'Everclear', 'C'); INSERT INTO evm_tokens(identifier, token_kind, chain, address, decimals, protocol) VALUES('eip155:100/erc20:0x58b9cB810A68a7f3e1E4f8Cb45D1B9B3c79705E8', 'A', 100, '0x58b9cB810A68a7f3e1E4f8Cb45D1B9B3c79705E8', 18, NULL); INSERT INTO common_asset_details(identifier, symbol, coingecko, cryptocompare, forked, started, swapped_for) VALUES('eip155:100/erc20:0x58b9cB810A68a7f3e1E4f8Cb45D1B9B3c79705E8', 'CLEAR', 'everclear', 'NEXT', NULL, 1693777295, NULL);
UPDATE assets SET name = 'Everclear' WHERE identifier = 'eip155:137/erc20:0x58b9cB810A68a7f3e1E4f8Cb45D1B9B3c79705E8';
INSERT INTO assets(identifier, name, type) VALUES('eip155:137/erc20:0x58b9cB810A68a7f3e1E4f8Cb45D1B9B3c79705E8', 'Everclear', 'C'); INSERT INTO evm_tokens(identifier, token_kind, chain, address, decimals, protocol) VALUES('eip155:137/erc20:0x58b9cB810A68a7f3e1E4f8Cb45D1B9B3c79705E8', 'A', 137, '0x58b9cB810A68a7f3e1E4f8Cb45D1B9B3c79705E8', 18, NULL); INSERT INTO common_asset_details(identifier, symbol, coingecko, cryptocompare, forked, started, swapped_for) VALUES('eip155:137/erc20:0x58b9cB810A68a7f3e1E4f8Cb45D1B9B3c79705E8', 'CLEAR', 'everclear', 'NEXT', NULL, 1693777295, NULL);
UPDATE assets SET name = 'Everclear' WHERE identifier = 'eip155:56/erc20:0x58b9cB810A68a7f3e1E4f8Cb45D1B9B3c79705E8';
INSERT INTO assets(identifier, name, type) VALUES('eip155:56/erc20:0x58b9cB810A68a7f3e1E4f8Cb45D1B9B3c79705E8', 'Everclear', 'C'); INSERT INTO evm_tokens(identifier, token_kind, chain, address, decimals, protocol) VALUES('eip155:56/erc20:0x58b9cB810A68a7f3e1E4f8Cb45D1B9B3c79705E8', 'A', 56, '0x58b9cB810A68a7f3e1E4f8Cb45D1B9B3c79705E8', 18, NULL); INSERT INTO common_asset_details(identifier, symbol, coingecko, cryptocompare, forked, started, swapped_for) VALUES('eip155:56/erc20:0x58b9cB810A68a7f3e1E4f8Cb45D1B9B3c79705E8', 'CLEAR', 'everclear', 'NEXT', NULL, 1693777295, NULL);
UPDATE assets SET name = 'Everclear' WHERE identifier = 'eip155:10/erc20:0x58b9cB810A68a7f3e1E4f8Cb45D1B9B3c79705E8';
INSERT INTO assets(identifier, name, type) VALUES('eip155:10/erc20:0x58b9cB810A68a7f3e1E4f8Cb45D1B9B3c79705E8', 'Everclear', 'C'); INSERT INTO evm_tokens(identifier, token_kind, chain, address, decimals, protocol) VALUES('eip155:10/erc20:0x58b9cB810A68a7f3e1E4f8Cb45D1B9B3c79705E8', 'A', 10, '0x58b9cB810A68a7f3e1E4f8Cb45D1B9B3c79705E8', 18, NULL); INSERT INTO common_asset_details(identifier, symbol, coingecko, cryptocompare, forked, started, swapped_for) VALUES('eip155:10/erc20:0x58b9cB810A68a7f3e1E4f8Cb45D1B9B3c79705E8', 'CLEAR', 'everclear', 'NEXT', NULL, 1693777295, NULL);
INSERT INTO assets(identifier, name, type) VALUES('eip155:1/erc20:0xEE2a03Aa6Dacf51C18679C516ad5283d8E7C2637', 'Neiro', 'C'); INSERT INTO evm_tokens(identifier, token_kind, chain, address, decimals, protocol) VALUES('eip155:1/erc20:0xEE2a03Aa6Dacf51C18679C516ad5283d8E7C2637', 'A', 1, '0xEE2a03Aa6Dacf51C18679C516ad5283d8E7C2637', 9, NULL); INSERT INTO common_asset_details(identifier, symbol, coingecko, cryptocompare, forked, started, swapped_for) VALUES('eip155:1/erc20:0xEE2a03Aa6Dacf51C18679C516ad5283d8E7C2637', 'NEIRO', 'neiro-on-eth', '', NULL, 1722118751, NULL);
*
UPDATE common_asset_details SET coingecko = 'xpet-tech', started = 1700559016 WHERE identifier = 'eip155:42161/erc20:0x00CBcF7B3d37844e44b888Bc747bDd75FCf4E555';
INSERT INTO assets(identifier, name, type) VALUES('eip155:42161/erc20:0x00CBcF7B3d37844e44b888Bc747bDd75FCf4E555', 'xPet.tech Token', 'C'); INSERT INTO evm_tokens(identifier, token_kind, chain, address, decimals, protocol) VALUES('eip155:42161/erc20:0x00CBcF7B3d37844e44b888Bc747bDd75FCf4E555', 'A', 42161, '0x00CBcF7B3d37844e44b888Bc747bDd75FCf4E555', 18, ''); INSERT INTO common_asset_details(identifier, symbol, coingecko, cryptocompare, forked, started, swapped_for) VALUES('eip155:42161/erc20:0x00CBcF7B3d37844e44b888Bc747bDd75FCf4E555', 'XPET', 'xpet-tech', 'XPET', NULL, 1700559016, NULL);
INSERT INTO assets(identifier, name, type) VALUES('eip155:8453/erc20:0xB3B32F9f8827D4634fE7d973Fa1034Ec9fdDB3B3', 'B3', 'C'); INSERT INTO evm_tokens(identifier, token_kind, chain, address, decimals, protocol) VALUES('eip155:8453/erc20:0xB3B32F9f8827D4634fE7d973Fa1034Ec9fdDB3B3', 'A', 8453, '0xB3B32F9f8827D4634fE7d973Fa1034Ec9fdDB3B3', 18, NULL); INSERT INTO common_asset_details(identifier, symbol, coingecko, cryptocompare, forked, started, swapped_for) VALUES('eip155:8453/erc20:0xB3B32F9f8827D4634fE7d973Fa1034Ec9fdDB3B3', 'B3', 'b3', 'b3', NULL, 1738076807, NULL);
*
INSERT INTO assets(identifier, name, type) VALUES('IP', 'Story', 'W'); INSERT INTO common_asset_details(identifier, symbol, coingecko, cryptocompare, forked, started, swapped_for) VALUES('IP', 'IP', 'story-2', '', NULL, 1744745100, NULL);
*
INSERT INTO assets(identifier, name, type) VALUES('eip155:8453/erc20:0x98d0baa52b2D063E780DE12F615f963Fe8537553', 'KAITO', 'C'); INSERT INTO evm_tokens(identifier, token_kind, chain, address, decimals, protocol) VALUES('eip155:8453/erc20:0x98d0baa52b2D063E780DE12F615f963Fe8537553', 'A', 8453, '0x98d0baa52b2D063E780DE12F615f963Fe8537553', 18, NULL); INSERT INTO common_asset_details(identifier, symbol, coingecko, cryptocompare, forked, started, swapped_for) VALUES('eip155:8453/erc20:0x98d0baa52b2D063E780DE12F615f963Fe8537553', 'KAITO', 'kaito', '', NULL, 1738926097, NULL);
*
INSERT INTO assets(identifier, name, type) VALUES('1000CHEMS', '1000CHEMS', 'W'); INSERT INTO common_asset_details(identifier, symbol, coingecko, cryptocompare, forked, started, swapped_for) VALUES('1000CHEMS', '1000CHEMS', '1000chems', '', NULL, 1734948180, NULL);
*
INSERT INTO assets(identifier, name, type) VALUES('1000REKT', '1000REKT', 'W'); INSERT INTO common_asset_details(identifier, symbol, coingecko, cryptocompare, forked, started, swapped_for) VALUES('1000REKT', '1000REKT', '', '', NULL, NULL, NULL);
*
INSERT INTO assets(identifier, name, type) VALUES('PI', 'Pi Network', 'B'); INSERT INTO common_asset_details(identifier, symbol, coingecko, cryptocompare, forked, started, swapped_for) VALUES('PI', 'PI', 'pi-network', '', NULL, 1740000000, NULL);
*
INSERT INTO assets(identifier, name, type) VALUES('eip155:1/erc20:0xFeAc2Eae96899709a43E252B6B92971D32F9C0F9', 'ANyONe Protocol', 'C'); INSERT INTO evm_tokens(identifier, token_kind, chain, address, decimals, protocol) VALUES('eip155:1/erc20:0xFeAc2Eae96899709a43E252B6B92971D32F9C0F9', 'A', 1, '0xFeAc2Eae96899709a43E252B6B92971D32F9C0F9', 18, NULL); INSERT INTO common_asset_details(identifier, symbol, coingecko, cryptocompare, forked, started, swapped_for) VALUES('eip155:1/erc20:0xFeAc2Eae96899709a43E252B6B92971D32F9C0F9', 'ANYONE', 'airtor-protocol', 'ANYONE', NULL, 1719002831, NULL);
*
INSERT INTO assets(identifier, name, type) VALUES('RBTC', 'RabBitcoin', 'W'); INSERT INTO common_asset_details(identifier, symbol, coingecko, cryptocompare, forked, started, swapped_for) VALUES('RBTC', 'RBTC', 'rabbitcoin-2', '', NULL, 1727154120, NULL);
*
INSERT INTO assets(identifier, name, type) VALUES('eip155:1/erc20:0x1c00c3E03C3a10a0C1d9B6d1A42e797d7CB4147a', 'ARCA', 'C'); INSERT INTO evm_tokens(identifier, token_kind, chain, address, decimals, protocol) VALUES('eip155:1/erc20:0x1c00c3E03C3a10a0C1d9B6d1A42e797d7CB4147a', 'A', 1, '0x1c00c3E03C3a10a0C1d9B6d1A42e797d7CB4147a', 18, NULL); INSERT INTO common_asset_details(identifier, symbol, coingecko, cryptocompare, forked, started, swapped_for) VALUES('eip155:1/erc20:0x1c00c3E03C3a10a0C1d9B6d1A42e797d7CB4147a', 'ARCA', 'arca', 'ARCA', NULL, 1718694599, NULL);
*
INSERT INTO assets(identifier, name, type) VALUES('eip155:56/erc20:0x3C6256F234Ba638E5883c46b3fEdb00ea2e66b8A', 'Moongate', 'C'); INSERT INTO evm_tokens(identifier, token_kind, chain, address, decimals, protocol) VALUES('eip155:56/erc20:0x3C6256F234Ba638E5883c46b3fEdb00ea2e66b8A', 'A', 56, '0x3C6256F234Ba638E5883c46b3fEdb00ea2e66b8A', 18, NULL); INSERT INTO common_asset_details(identifier, symbol, coingecko, cryptocompare, forked, started, swapped_for) VALUES('eip155:56/erc20:0x3C6256F234Ba638E5883c46b3fEdb00ea2e66b8A', 'MGT', 'moongate', '', NULL, 1731395178, NULL);
*
INSERT INTO assets(identifier, name, type) VALUES('E4C', 'E4C', 'W'); INSERT INTO common_asset_details(identifier, symbol, coingecko, cryptocompare, forked, started, swapped_for) VALUES('E4C', 'E4C', 'e4c', '', NULL, 1724922000, NULL);
*
INSERT INTO assets(identifier, name, type) VALUES('ANLOG', 'Analog', 'B'); INSERT INTO common_asset_details(identifier, symbol, coingecko, cryptocompare, forked, started, swapped_for) VALUES('ANLOG', 'ANLOG', 'analog', '', NULL, 1739189053, NULL);
*
INSERT INTO assets(identifier, name, type) VALUES('DIGIMON', 'Digimon', 'Y'); INSERT INTO common_asset_details(identifier, symbol, coingecko, cryptocompare, forked, started, swapped_for) VALUES('DIGIMON', 'DIGIMON', '', '', NULL, 1732617729, NULL);
*
INSERT INTO assets(identifier, name, type) VALUES('SNAI', 'SwarmNode.ai', 'Y'); INSERT INTO common_asset_details(identifier, symbol, coingecko, cryptocompare, forked, started, swapped_for) VALUES('SNAI', 'SNAI', 'swarmnode-ai', '', NULL, 1734739666, NULL);
*
INSERT INTO assets(identifier, name, type) VALUES('JAILSTOOL', 'Stool Prisondente', 'Y'); INSERT INTO common_asset_details(identifier, symbol, coingecko, cryptocompare, forked, started, swapped_for) VALUES('JAILSTOOL', 'JAILSTOOL', 'stool-prisondente', '', NULL, 1738982155, NULL);
*
INSERT INTO assets(identifier, name, type) VALUES('eip155:56/erc20:0x86Bb94DdD16Efc8bc58e6b056e8df71D9e666429', 'Test', 'C'); INSERT INTO evm_tokens(identifier, token_kind, chain, address, decimals, protocol) VALUES('eip155:56/erc20:0x86Bb94DdD16Efc8bc58e6b056e8df71D9e666429', 'A', 56, '0x86Bb94DdD16Efc8bc58e6b056e8df71D9e666429', 18, NULL); INSERT INTO common_asset_details(identifier, symbol, coingecko, cryptocompare, forked, started, swapped_for) VALUES('eip155:56/erc20:0x86Bb94DdD16Efc8bc58e6b056e8df71D9e666429', 'TST', 'test-3', '', NULL, 1737986918, NULL);
*
INSERT INTO assets(identifier, name, type) VALUES('eip155:56/erc20:0x0DF0587216a4a1bB7d5082fdc491d93d2dD4B413', 'Cheems', 'C'); INSERT INTO evm_tokens(identifier, token_kind, chain, address, decimals, protocol) VALUES('eip155:56/erc20:0x0DF0587216a4a1bB7d5082fdc491d93d2dD4B413', 'A', 56, '0x0DF0587216a4a1bB7d5082fdc491d93d2dD4B413', 18, NULL); INSERT INTO common_asset_details(identifier, symbol, coingecko, cryptocompare, forked, started, swapped_for) VALUES('eip155:56/erc20:0x0DF0587216a4a1bB7d5082fdc491d93d2dD4B413', 'Cheems', 'cheems-token', 'CHEEMS', NULL, 1727494239, NULL);
*
INSERT INTO assets(identifier, name, type) VALUES('eip155:42161/erc20:0xF18e4466F26B4cA55bbAb890b314a54976E45B17', 'Game7', 'C'); INSERT INTO evm_tokens(identifier, token_kind, chain, address, decimals, protocol) VALUES('eip155:42161/erc20:0xF18e4466F26B4cA55bbAb890b314a54976E45B17', 'A', 42161, '0xF18e4466F26B4cA55bbAb890b314a54976E45B17', 18, NULL); INSERT INTO common_asset_details(identifier, symbol, coingecko, cryptocompare, forked, started, swapped_for) VALUES('eip155:42161/erc20:0xF18e4466F26B4cA55bbAb890b314a54976E45B17', 'G7', 'game7', '', NULL, 1728490851, NULL);
*
INSERT INTO assets(identifier, name, type) VALUES('eip155:56/erc20:0x3Ab1A5f76E12202d1AD1548A08a799501581Da4E', 'DIN', 'C'); INSERT INTO evm_tokens(identifier, token_kind, chain, address, decimals, protocol) VALUES('eip155:56/erc20:0x3Ab1A5f76E12202d1AD1548A08a799501581Da4E', 'A', 56, '0x3Ab1A5f76E12202d1AD1548A08a799501581Da4E', 18, NULL); INSERT INTO common_asset_details(identifier, symbol, coingecko, cryptocompare, forked, started, swapped_for) VALUES('eip155:56/erc20:0x3Ab1A5f76E12202d1AD1548A08a799501581Da4E', 'DIN', 'din', '', NULL, 1730184699, NULL);
*
INSERT INTO assets(identifier, name, type) VALUES('eip155:1/erc20:0xF8F173E20e15f3b6CB686FB64724D370689De083', 'Heima', 'C'); INSERT INTO evm_tokens(identifier, token_kind, chain, address, decimals, protocol) VALUES('eip155:1/erc20:0xF8F173E20e15f3b6CB686FB64724D370689De083', 'A', 1, '0xF8F173E20e15f3b6CB686FB64724D370689De083', 18, NULL); INSERT INTO common_asset_details(identifier, symbol, coingecko, cryptocompare, forked, started, swapped_for) VALUES('eip155:1/erc20:0xF8F173E20e15f3b6CB686FB64724D370689De083', 'HEI', 'heima', '', NULL, 1736464739, NULL);
*
INSERT INTO assets(identifier, name, type) VALUES('eip155:8453/erc20:0xc799AdA44171b741Abf41Ee54fb1B47fda5960bE', 'XO Protocol', 'C'); INSERT INTO evm_tokens(identifier, token_kind, chain, address, decimals, protocol) VALUES('eip155:8453/erc20:0xc799AdA44171b741Abf41Ee54fb1B47fda5960bE', 'A', 8453, '0xc799AdA44171b741Abf41Ee54fb1B47fda5960bE', 6, NULL); INSERT INTO common_asset_details(identifier, symbol, coingecko, cryptocompare, forked, started, swapped_for) VALUES('eip155:8453/erc20:0xc799AdA44171b741Abf41Ee54fb1B47fda5960bE', 'XOXO', 'xo-protocol', '', NULL, 1738721101, NULL);
*
INSERT INTO assets(identifier, name, type) VALUES('eip155:1/erc20:0x058d411ab9911F90c74f471bDC9d2Bb4Cf9B309C', 'Rivalz Token', 'C'); INSERT INTO evm_tokens(identifier, token_kind, chain, address, decimals, protocol) VALUES('eip155:1/erc20:0x058d411ab9911F90c74f471bDC9d2Bb4Cf9B309C', 'A', 1, '0x058d411ab9911F90c74f471bDC9d2Bb4Cf9B309C', 8, NULL); INSERT INTO common_asset_details(identifier, symbol, coingecko, cryptocompare, forked, started, swapped_for) VALUES('eip155:1/erc20:0x058d411ab9911F90c74f471bDC9d2Bb4Cf9B309C', 'RIZ', 'rivalz-network', '', NULL, 1737529859, NULL);
*
INSERT INTO assets(identifier, name, type) VALUES('eip155:8453/erc20:0x67543CF0304C19CA62AC95ba82FD4F4B40788dc1', 'Rivalz Token', 'C'); INSERT INTO evm_tokens(identifier, token_kind, chain, address, decimals, protocol) VALUES('eip155:8453/erc20:0x67543CF0304C19CA62AC95ba82FD4F4B40788dc1', 'A', 8453, '0x67543CF0304C19CA62AC95ba82FD4F4B40788dc1', 8, NULL); INSERT INTO common_asset_details(identifier, symbol, coingecko, cryptocompare, forked, started, swapped_for) VALUES('eip155:8453/erc20:0x67543CF0304C19CA62AC95ba82FD4F4B40788dc1', 'RIZ', 'rivalz-network', '', NULL, 1737386239, NULL);
*
INSERT INTO assets(identifier, name, type) VALUES('eip155:42161/erc20:0x083Fb956333f9c1568F66fc0d0BE451f31F8c46c', 'Rivalz Token', 'C'); INSERT INTO evm_tokens(identifier, token_kind, chain, address, decimals, protocol) VALUES('eip155:42161/erc20:0x083Fb956333f9c1568F66fc0d0BE451f31F8c46c', 'A', 42161, '0x083Fb956333f9c1568F66fc0d0BE451f31F8c46c', 8, NULL); INSERT INTO common_asset_details(identifier, symbol, coingecko, cryptocompare, forked, started, swapped_for) VALUES('eip155:42161/erc20:0x083Fb956333f9c1568F66fc0d0BE451f31F8c46c', 'RIZ', 'rivalz-network', '', NULL, 1737386881, NULL);
*
INSERT INTO assets(identifier, name, type) VALUES('ZOO', 'ZOO', 'W'); INSERT INTO common_asset_details(identifier, symbol, coingecko, cryptocompare, forked, started, swapped_for) VALUES('ZOO', 'ZOO', '', '', NULL, 1739451674, NULL);
*
INSERT INTO assets(identifier, name, type) VALUES('MEMHASH', 'Memhash', 'W'); INSERT INTO common_asset_details(identifier, symbol, coingecko, cryptocompare, forked, started, swapped_for) VALUES('MEMHASH', 'MEMHASH', '', '', NULL, 1739893740, NULL);
*
INSERT INTO assets(identifier, name, type) VALUES('PAIN', 'Pain', 'Y'); INSERT INTO common_asset_details(identifier, symbol, coingecko, cryptocompare, forked, started, swapped_for) VALUES('PAIN', 'PAIN', 'pain', '', NULL, 1740005758, NULL);
*
INSERT INTO assets(identifier, name, type) VALUES('SIGMA', 'Sigma', 'Y'); INSERT INTO common_asset_details(identifier, symbol, coingecko, cryptocompare, forked, started, swapped_for) VALUES('SIGMA', 'SIGMA', 'sigma', '', NULL, 1720813709, NULL);
*
INSERT INTO assets(identifier, name, type) VALUES('LOCKIN', 'LOCK IN', 'Y'); INSERT INTO common_asset_details(identifier, symbol, coingecko, cryptocompare, forked, started, swapped_for) VALUES('LOCKIN', 'LOCKIN', 'lock-in', 'LOCKIN', NULL, 1710530648, NULL);
*
INSERT INTO assets(identifier, name, type) VALUES('eip155:1/erc20:0xB1D1eae60EEA9525032a6DCb4c1CE336a1dE71BE', 'Derive', 'C'); INSERT INTO evm_tokens(identifier, token_kind, chain, address, decimals, protocol) VALUES('eip155:1/erc20:0xB1D1eae60EEA9525032a6DCb4c1CE336a1dE71BE', 'A', 1, '0xB1D1eae60EEA9525032a6DCb4c1CE336a1dE71BE', 18, NULL); INSERT INTO common_asset_details(identifier, symbol, coingecko, cryptocompare, forked, started, swapped_for) VALUES('eip155:1/erc20:0xB1D1eae60EEA9525032a6DCb4c1CE336a1dE71BE', 'DRV', 'derive', 'DRV', NULL, 1732055471, NULL);
*
INSERT INTO assets(identifier, name, type) VALUES('eip155:10/erc20:0x33800De7E817A70A694F31476313A7c572BBa100', 'Derive', 'C'); INSERT INTO evm_tokens(identifier, token_kind, chain, address, decimals, protocol) VALUES('eip155:10/erc20:0x33800De7E817A70A694F31476313A7c572BBa100', 'A', 10, '0x33800De7E817A70A694F31476313A7c572BBa100', 18, NULL); INSERT INTO common_asset_details(identifier, symbol, coingecko, cryptocompare, forked, started, swapped_for) VALUES('eip155:10/erc20:0x33800De7E817A70A694F31476313A7c572BBa100', 'DRV', 'derive', 'DRV', NULL, 1733806403, NULL);
*
INSERT INTO assets(identifier, name, type) VALUES('eip155:42161/erc20:0x77b7787a09818502305C95d68A2571F090abb135', 'Derive', 'C'); INSERT INTO evm_tokens(identifier, token_kind, chain, address, decimals, protocol) VALUES('eip155:42161/erc20:0x77b7787a09818502305C95d68A2571F090abb135', 'A', 42161, '0x77b7787a09818502305C95d68A2571F090abb135', 18, NULL); INSERT INTO common_asset_details(identifier, symbol, coingecko, cryptocompare, forked, started, swapped_for) VALUES('eip155:42161/erc20:0x77b7787a09818502305C95d68A2571F090abb135', 'DRV', 'derive', 'DRV', NULL, 1733807283, NULL);
*
INSERT INTO assets(identifier, name, type) VALUES('eip155:8453/erc20:0x9d0E8f5b25384C7310CB8C6aE32C8fbeb645d083', 'Derive', 'C'); INSERT INTO evm_tokens(identifier, token_kind, chain, address, decimals, protocol) VALUES('eip155:8453/erc20:0x9d0E8f5b25384C7310CB8C6aE32C8fbeb645d083', 'A', 8453, '0x9d0E8f5b25384C7310CB8C6aE32C8fbeb645d083', 18, NULL); INSERT INTO common_asset_details(identifier, symbol, coingecko, cryptocompare, forked, started, swapped_for) VALUES('eip155:8453/erc20:0x9d0E8f5b25384C7310CB8C6aE32C8fbeb645d083', 'DRV', 'derive', 'DRV', NULL, 1736644573, NULL);
*
INSERT INTO assets(identifier, name, type) VALUES('eip155:1/erc20:0xe343167631d89B6Ffc58B88d6b7fB0228795491D', 'Global Dollar', 'C'); INSERT INTO evm_tokens(identifier, token_kind, chain, address, decimals, protocol) VALUES('eip155:1/erc20:0xe343167631d89B6Ffc58B88d6b7fB0228795491D', 'A', 1, '0xe343167631d89B6Ffc58B88d6b7fB0228795491D', 6, NULL); INSERT INTO common_asset_details(identifier, symbol, coingecko, cryptocompare, forked, started, swapped_for) VALUES('eip155:1/erc20:0xe343167631d89B6Ffc58B88d6b7fB0228795491D', 'USDG', 'global-dollar', '', NULL, 1728324023, NULL);
*
INSERT INTO assets(identifier, name, type) VALUES('eip155:8453/erc20:0x63706e401c06ac8513145b7687A14804d17f814b', 'Aave', 'C'); INSERT INTO evm_tokens(identifier, token_kind, chain, address, decimals, protocol) VALUES('eip155:8453/erc20:0x63706e401c06ac8513145b7687A14804d17f814b', 'A', 8453, '0x63706e401c06ac8513145b7687A14804d17f814b', 18, NULL); INSERT INTO common_asset_details(identifier, symbol, coingecko, cryptocompare, forked, started, swapped_for) VALUES('eip155:8453/erc20:0x63706e401c06ac8513145b7687A14804d17f814b', 'AAVE', 'aave', 'AAVE', NULL, NULL, NULL);
*
INSERT INTO assets(identifier, name, type) VALUES('eip155:1/erc20:0x1250b98CBDe9F99f4c42dCdaCeE193221f17eb50', 'ArtCoin', 'C'); INSERT INTO evm_tokens(identifier, token_kind, chain, address, decimals, protocol) VALUES('eip155:1/erc20:0x1250b98CBDe9F99f4c42dCdaCeE193221f17eb50', 'A', 1, '0x1250b98CBDe9F99f4c42dCdaCeE193221f17eb50', 18, NULL); INSERT INTO common_asset_details(identifier, symbol, coingecko, cryptocompare, forked, started, swapped_for) VALUES('eip155:1/erc20:0x1250b98CBDe9F99f4c42dCdaCeE193221f17eb50', 'AC', 'artcoin', 'AC', NULL, 1693218071, NULL);
*
INSERT INTO assets(identifier, name, type) VALUES('eip155:56/erc20:0xBDA011D7F8EC00F66C1923B049B94c67d148d8b2', 'Sleepless AI', 'C'); INSERT INTO evm_tokens(identifier, token_kind, chain, address, decimals, protocol) VALUES('eip155:56/erc20:0xBDA011D7F8EC00F66C1923B049B94c67d148d8b2', 'A', 56, '0xBDA011D7F8EC00F66C1923B049B94c67d148d8b2', 18, NULL); INSERT INTO common_asset_details(identifier, symbol, coingecko, cryptocompare, forked, started, swapped_for) VALUES('eip155:56/erc20:0xBDA011D7F8EC00F66C1923B049B94c67d148d8b2', 'AI', 'sleepless-ai', 'AI', NULL, 1703163203, NULL);
*
INSERT INTO assets(identifier, name, type) VALUES('AIOS', 'AIOS Foundation', 'Y'); INSERT INTO common_asset_details(identifier, symbol, coingecko, cryptocompare, forked, started, swapped_for) VALUES('AIOS', 'AIOS', 'aios-foundation', 'AIOS', NULL, 1736523761, NULL);
*
INSERT INTO assets(identifier, name, type) VALUES('AJUN', 'Ajuna Network', 'W'); INSERT INTO common_asset_details(identifier, symbol, coingecko, cryptocompare, forked, started, swapped_for) VALUES('AJUN', 'AJUN', 'ajuna-network-2', 'AJUN', NULL, NULL, NULL);
*
INSERT INTO assets(identifier, name, type) VALUES('eip155:250/erc20:0xaD996A45fd2373ed0B10Efa4A8eCB9de445A4302', 'Alpaca Finance', 'C'); INSERT INTO evm_tokens(identifier, token_kind, chain, address, decimals, protocol) VALUES('eip155:250/erc20:0xaD996A45fd2373ed0B10Efa4A8eCB9de445A4302', 'A', 250, '0xaD996A45fd2373ed0B10Efa4A8eCB9de445A4302', 18, NULL); INSERT INTO common_asset_details(identifier, symbol, coingecko, cryptocompare, forked, started, swapped_for) VALUES('eip155:250/erc20:0xaD996A45fd2373ed0B10Efa4A8eCB9de445A4302', 'ALPACA', 'alpaca-finance', 'ALPACA', NULL, 1643280604, NULL);
*
INSERT INTO assets(identifier, name, type) VALUES('eip155:56/erc20:0x01CA78a2B5F1a9152D8A3A625bd7dF5765eeE1D8', 'Andy BSC', 'C'); INSERT INTO evm_tokens(identifier, token_kind, chain, address, decimals, protocol) VALUES('eip155:56/erc20:0x01CA78a2B5F1a9152D8A3A625bd7dF5765eeE1D8', 'A', 56, '0x01CA78a2B5F1a9152D8A3A625bd7dF5765eeE1D8', 18, NULL); INSERT INTO common_asset_details(identifier, symbol, coingecko, cryptocompare, forked, started, swapped_for) VALUES('eip155:56/erc20:0x01CA78a2B5F1a9152D8A3A625bd7dF5765eeE1D8', 'ANDY', 'andy-4', 'ANDY', NULL, 1733621762, NULL);
*
INSERT INTO assets(identifier, name, type) VALUES('ANON', 'Anonymous', 'Y'); INSERT INTO common_asset_details(identifier, symbol, coingecko, cryptocompare, forked, started, swapped_for) VALUES('ANON', 'ANON', 'anonymous', 'ANON', NULL, NULL, NULL);
*
INSERT INTO assets(identifier, name, type) VALUES('eip155:137/erc20:0xB7b31a6BC18e48888545CE79e83E06003bE70930', 'ApeCoin', 'C'); INSERT INTO evm_tokens(identifier, token_kind, chain, address, decimals, protocol) VALUES('eip155:137/erc20:0xB7b31a6BC18e48888545CE79e83E06003bE70930', 'A', 137, '0xB7b31a6BC18e48888545CE79e83E06003bE70930', 18, NULL); INSERT INTO common_asset_details(identifier, symbol, coingecko, cryptocompare, forked, started, swapped_for) VALUES('eip155:137/erc20:0xB7b31a6BC18e48888545CE79e83E06003bE70930', 'APE', 'apecoin', 'APE', NULL, 1647842927, NULL);
*
INSERT INTO assets(identifier, name, type) VALUES('eip155:137/erc20:0xA3f751662e282E83EC3cBc387d225Ca56dD63D3A', 'Ape and Pepe', 'C'); INSERT INTO evm_tokens(identifier, token_kind, chain, address, decimals, protocol) VALUES('eip155:137/erc20:0xA3f751662e282E83EC3cBc387d225Ca56dD63D3A', 'A', 137, '0xA3f751662e282E83EC3cBc387d225Ca56dD63D3A', 18, NULL); INSERT INTO common_asset_details(identifier, symbol, coingecko, cryptocompare, forked, started, swapped_for) VALUES('eip155:137/erc20:0xA3f751662e282E83EC3cBc387d225Ca56dD63D3A', 'APEPE', 'ape-and-pepe', 'APEPE', NULL, 1686145797, NULL);
*
INSERT INTO assets(identifier, name, type) VALUES('eip155:8453/erc20:0xcacf1ca03983CE6c7E235fb20C70aCC70ed13509', 'AstroPepeX', 'C'); INSERT INTO evm_tokens(identifier, token_kind, chain, address, decimals, protocol) VALUES('eip155:8453/erc20:0xcacf1ca03983CE6c7E235fb20C70aCC70ed13509', 'A', 8453, '0xcacf1ca03983CE6c7E235fb20C70aCC70ed13509', 18, NULL); INSERT INTO common_asset_details(identifier, symbol, coingecko, cryptocompare, forked, started, swapped_for) VALUES('eip155:8453/erc20:0xcacf1ca03983CE6c7E235fb20C70aCC70ed13509', 'APX', 'astropepex', 'APX', NULL, 1715873041, NULL);
*
INSERT INTO assets(identifier, name, type) VALUES('eip155:1/erc20:0xed4e879087ebD0e8A77d66870012B5e0dffd0Fa4', 'AstroPepeX', 'C'); INSERT INTO evm_tokens(identifier, token_kind, chain, address, decimals, protocol) VALUES('eip155:1/erc20:0xed4e879087ebD0e8A77d66870012B5e0dffd0Fa4', 'A', 1, '0xed4e879087ebD0e8A77d66870012B5e0dffd0Fa4', 18, NULL); INSERT INTO common_asset_details(identifier, symbol, coingecko, cryptocompare, forked, started, swapped_for) VALUES('eip155:1/erc20:0xed4e879087ebD0e8A77d66870012B5e0dffd0Fa4', 'APX', 'astropepex', 'APX', NULL, 1695161639, NULL);
*
INSERT INTO assets(identifier, name, type) VALUES('eip155:42170/erc20:0xf823C3cD3CeBE0a1fA952ba88Dc9EEf8e0Bf46AD', 'Arbitrum', 'C'); INSERT INTO evm_tokens(identifier, token_kind, chain, address, decimals, protocol) VALUES('eip155:42170/erc20:0xf823C3cD3CeBE0a1fA952ba88Dc9EEf8e0Bf46AD', 'A', 42170, '0xf823C3cD3CeBE0a1fA952ba88Dc9EEf8e0Bf46AD', 18, NULL); INSERT INTO common_asset_details(identifier, symbol, coingecko, cryptocompare, forked, started, swapped_for) VALUES('eip155:42170/erc20:0xf823C3cD3CeBE0a1fA952ba88Dc9EEf8e0Bf46AD', 'ARB', 'arbitrum', 'ARB', NULL, 1678968495, NULL);
*
INSERT INTO assets(identifier, name, type) VALUES('eip155:56/erc20:0xc748673057861a797275CD8A068AbB95A902e8de', 'Baby Doge Coin', 'C'); INSERT INTO evm_tokens(identifier, token_kind, chain, address, decimals, protocol) VALUES('eip155:56/erc20:0xc748673057861a797275CD8A068AbB95A902e8de', 'A', 56, '0xc748673057861a797275CD8A068AbB95A902e8de', 9, NULL); INSERT INTO common_asset_details(identifier, symbol, coingecko, cryptocompare, forked, started, swapped_for) VALUES('eip155:56/erc20:0xc748673057861a797275CD8A068AbB95A902e8de', 'BABYDOGE', 'baby-doge-coin', 'BABYDOGE', NULL, 1621617676, NULL);
*
INSERT INTO assets(identifier, name, type) VALUES('eip155:1/erc20:0xAC57De9C1A09FeC648E93EB98875B212DB0d460B', 'Baby Doge Coin', 'C'); INSERT INTO evm_tokens(identifier, token_kind, chain, address, decimals, protocol) VALUES('eip155:1/erc20:0xAC57De9C1A09FeC648E93EB98875B212DB0d460B', 'A', 1, '0xAC57De9C1A09FeC648E93EB98875B212DB0d460B', 9, NULL); INSERT INTO common_asset_details(identifier, symbol, coingecko, cryptocompare, forked, started, swapped_for) VALUES('eip155:1/erc20:0xAC57De9C1A09FeC648E93EB98875B212DB0d460B', 'BABYDOGE', 'baby-doge-coin', 'BABYDOGE', NULL, 1636297637, NULL);
*
INSERT INTO assets(identifier, name, type) VALUES('eip155:250/erc20:0x46E7628E8b4350b2716ab470eE0bA1fa9e76c6C5', 'Band Protocol', 'C'); INSERT INTO evm_tokens(identifier, token_kind, chain, address, decimals, protocol) VALUES('eip155:250/erc20:0x46E7628E8b4350b2716ab470eE0bA1fa9e76c6C5', 'A', 250, '0x46E7628E8b4350b2716ab470eE0bA1fa9e76c6C5', 18, NULL); INSERT INTO common_asset_details(identifier, symbol, coingecko, cryptocompare, forked, started, swapped_for) VALUES('eip155:250/erc20:0x46E7628E8b4350b2716ab470eE0bA1fa9e76c6C5', 'BAND', 'band-protocol', 'BAND', NULL, 1613759538, NULL);
*
INSERT INTO assets(identifier, name, type) VALUES('eip155:56/erc20:0x16120Ef3d353224222b0A257AD15B5eAec0525c5', 'BEBE DOG', 'C'); INSERT INTO evm_tokens(identifier, token_kind, chain, address, decimals, protocol) VALUES('eip155:56/erc20:0x16120Ef3d353224222b0A257AD15B5eAec0525c5', 'A', 56, '0x16120Ef3d353224222b0A257AD15B5eAec0525c5', 6, NULL); INSERT INTO common_asset_details(identifier, symbol, coingecko, cryptocompare, forked, started, swapped_for) VALUES('eip155:56/erc20:0x16120Ef3d353224222b0A257AD15B5eAec0525c5', 'BEBE', 'bebe-dog', 'BEBE', NULL, 1731558170, NULL);
*
INSERT INTO assets(identifier, name, type) VALUES('eip155:1/erc20:0xdBcD57cc74b180f928258F7B1a32F6f7e64BF12e', 'Baby Pepe Token', 'C'); INSERT INTO evm_tokens(identifier, token_kind, chain, address, decimals, protocol) VALUES('eip155:1/erc20:0xdBcD57cc74b180f928258F7B1a32F6f7e64BF12e', 'A', 1, '0xdBcD57cc74b180f928258F7B1a32F6f7e64BF12e', 18, NULL); INSERT INTO common_asset_details(identifier, symbol, coingecko, cryptocompare, forked, started, swapped_for) VALUES('eip155:1/erc20:0xdBcD57cc74b180f928258F7B1a32F6f7e64BF12e', 'BEPE', 'baby-pepe-token', 'BEPE', NULL, 1715757959, NULL);
*
INSERT INTO assets(identifier, name, type) VALUES('BIRDDOG', 'Bird Dog on SOL', 'Y'); INSERT INTO common_asset_details(identifier, symbol, coingecko, cryptocompare, forked, started, swapped_for) VALUES('BIRDDOG', 'BIRDDOG', 'bird-dog-on-sol', 'BIRDDOG', NULL, 1709941102, NULL);
*
INSERT INTO assets(identifier, name, type) VALUES('eip155:56/erc20:0x5b1f874d0b0C5ee17a495CbB70AB8bf64107A3BD', 'BinaryX', 'C'); INSERT INTO evm_tokens(identifier, token_kind, chain, address, decimals, protocol) VALUES('eip155:56/erc20:0x5b1f874d0b0C5ee17a495CbB70AB8bf64107A3BD', 'A', 56, '0x5b1f874d0b0C5ee17a495CbB70AB8bf64107A3BD', 18, NULL); INSERT INTO common_asset_details(identifier, symbol, coingecko, cryptocompare, forked, started, swapped_for) VALUES('eip155:56/erc20:0x5b1f874d0b0C5ee17a495CbB70AB8bf64107A3BD', 'BNX', 'binaryx-2', 'BNX', NULL, 1674032039, NULL);
*
INSERT INTO assets(identifier, name, type) VALUES('eip155:42161/erc20:0x0D81E50bC677fa67341c44D7eaA9228DEE64A4e1', 'BarnBridge', 'C'); INSERT INTO evm_tokens(identifier, token_kind, chain, address, decimals, protocol) VALUES('eip155:42161/erc20:0x0D81E50bC677fa67341c44D7eaA9228DEE64A4e1', 'A', 42161, '0x0D81E50bC677fa67341c44D7eaA9228DEE64A4e1', 18, NULL); INSERT INTO common_asset_details(identifier, symbol, coingecko, cryptocompare, forked, started, swapped_for) VALUES('eip155:42161/erc20:0x0D81E50bC677fa67341c44D7eaA9228DEE64A4e1', 'BOND', 'barnbridge', 'BOND', NULL, 1631288537, NULL);
*
INSERT INTO assets(identifier, name, type) VALUES('eip155:10/erc20:0x3e7eF8f50246f725885102E8238CBba33F276747', 'BarnBridge', 'C'); INSERT INTO evm_tokens(identifier, token_kind, chain, address, decimals, protocol) VALUES('eip155:10/erc20:0x3e7eF8f50246f725885102E8238CBba33F276747', 'A', 10, '0x3e7eF8f50246f725885102E8238CBba33F276747', 18, NULL); INSERT INTO common_asset_details(identifier, symbol, coingecko, cryptocompare, forked, started, swapped_for) VALUES('eip155:10/erc20:0x3e7eF8f50246f725885102E8238CBba33F276747', 'BOND', 'barnbridge', 'BOND', NULL, 1639654204, NULL);
*
INSERT INTO assets(identifier, name, type) VALUES('eip155:1/erc20:0xF2B2f7b47715256Ce4eA43363a867fdce9353e3A', 'Bitgert', 'C'); INSERT INTO evm_tokens(identifier, token_kind, chain, address, decimals, protocol) VALUES('eip155:1/erc20:0xF2B2f7b47715256Ce4eA43363a867fdce9353e3A', 'A', 1, '0xF2B2f7b47715256Ce4eA43363a867fdce9353e3A', 9, NULL); INSERT INTO common_asset_details(identifier, symbol, coingecko, cryptocompare, forked, started, swapped_for) VALUES('eip155:1/erc20:0xF2B2f7b47715256Ce4eA43363a867fdce9353e3A', 'BRISE', 'bitrise-token', 'BRISE', NULL, 1688302979, NULL);
*
INSERT INTO assets(identifier, name, type) VALUES('eip155:8453/erc20:0xA7d68d155d17cB30e311367c2Ef1E82aB6022b67', 'Braintrust', 'C'); INSERT INTO evm_tokens(identifier, token_kind, chain, address, decimals, protocol) VALUES('eip155:8453/erc20:0xA7d68d155d17cB30e311367c2Ef1E82aB6022b67', 'A', 8453, '0xA7d68d155d17cB30e311367c2Ef1E82aB6022b67', 18, NULL); INSERT INTO common_asset_details(identifier, symbol, coingecko, cryptocompare, forked, started, swapped_for) VALUES('eip155:8453/erc20:0xA7d68d155d17cB30e311367c2Ef1E82aB6022b67', 'BTRST', 'braintrust', 'BTRST', NULL, 1693924457, NULL);
*
INSERT INTO assets(identifier, name, type) VALUES('eip155:56/erc20:0x352Cb5E19b12FC216548a2677bD0fce83BaE434B', 'BitTorrent', 'C'); INSERT INTO evm_tokens(identifier, token_kind, chain, address, decimals, protocol) VALUES('eip155:56/erc20:0x352Cb5E19b12FC216548a2677bD0fce83BaE434B', 'A', 56, '0x352Cb5E19b12FC216548a2677bD0fce83BaE434B', 18, NULL); INSERT INTO common_asset_details(identifier, symbol, coingecko, cryptocompare, forked, started, swapped_for) VALUES('eip155:56/erc20:0x352Cb5E19b12FC216548a2677bD0fce83BaE434B', 'BTT', 'bittorrent', 'BTT', NULL, 1639123442, NULL);
*
INSERT INTO assets(identifier, name, type) VALUES('eip155:42161/erc20:0x847503FbF003cE8B005546Aa3c03B80b7C2F9771', 'Byte', 'C'); INSERT INTO evm_tokens(identifier, token_kind, chain, address, decimals, protocol) VALUES('eip155:42161/erc20:0x847503FbF003cE8B005546Aa3c03B80b7C2F9771', 'A', 42161, '0x847503FbF003cE8B005546Aa3c03B80b7C2F9771', 9, NULL); INSERT INTO common_asset_details(identifier, symbol, coingecko, cryptocompare, forked, started, swapped_for) VALUES('eip155:42161/erc20:0x847503FbF003cE8B005546Aa3c03B80b7C2F9771', 'BYTE', 'byte', 'BYTE', NULL, 1710137196, NULL);
*
INSERT INTO assets(identifier, name, type) VALUES('eip155:8453/erc20:0xe095780bA2A64a4Efa7a74830F0b71656f0b0AD4', 'Byte', 'C'); INSERT INTO evm_tokens(identifier, token_kind, chain, address, decimals, protocol) VALUES('eip155:8453/erc20:0xe095780bA2A64a4Efa7a74830F0b71656f0b0AD4', 'A', 8453, '0xe095780bA2A64a4Efa7a74830F0b71656f0b0AD4', 9, NULL); INSERT INTO common_asset_details(identifier, symbol, coingecko, cryptocompare, forked, started, swapped_for) VALUES('eip155:8453/erc20:0xe095780bA2A64a4Efa7a74830F0b71656f0b0AD4', 'BYTE', 'byte', 'BYTE', NULL, 1710892265, NULL);
*
INSERT INTO assets(identifier, name, type) VALUES('eip155:56/erc20:0x840eF7e5f896Be71D46Df234C60898216feFCBe3', 'Byte', 'C'); INSERT INTO evm_tokens(identifier, token_kind, chain, address, decimals, protocol) VALUES('eip155:56/erc20:0x840eF7e5f896Be71D46Df234C60898216feFCBe3', 'A', 56, '0x840eF7e5f896Be71D46Df234C60898216feFCBe3', 9, NULL); INSERT INTO common_asset_details(identifier, symbol, coingecko, cryptocompare, forked, started, swapped_for) VALUES('eip155:56/erc20:0x840eF7e5f896Be71D46Df234C60898216feFCBe3', 'BYTE', 'byte', 'BYTE', NULL, 1710512881, NULL);
*
INSERT INTO assets(identifier, name, type) VALUES('eip155:42161/erc20:0x1b896893dfc86bb67Cf57767298b9073D2c1bA2c', 'PancakeSwap', 'C'); INSERT INTO evm_tokens(identifier, token_kind, chain, address, decimals, protocol) VALUES('eip155:42161/erc20:0x1b896893dfc86bb67Cf57767298b9073D2c1bA2c', 'A', 42161, '0x1b896893dfc86bb67Cf57767298b9073D2c1bA2c', 18, NULL); INSERT INTO common_asset_details(identifier, symbol, coingecko, cryptocompare, forked, started, swapped_for) VALUES('eip155:42161/erc20:0x1b896893dfc86bb67Cf57767298b9073D2c1bA2c', 'CAKE', 'pancakeswap-token', 'CAKE', NULL, 1686816267, NULL);
*
INSERT INTO assets(identifier, name, type) VALUES('eip155:8453/erc20:0x3055913c90Fcc1A6CE9a358911721eEb942013A1', 'PancakeSwap', 'C'); INSERT INTO evm_tokens(identifier, token_kind, chain, address, decimals, protocol) VALUES('eip155:8453/erc20:0x3055913c90Fcc1A6CE9a358911721eEb942013A1', 'A', 8453, '0x3055913c90Fcc1A6CE9a358911721eEb942013A1', 18, NULL); INSERT INTO common_asset_details(identifier, symbol, coingecko, cryptocompare, forked, started, swapped_for) VALUES('eip155:8453/erc20:0x3055913c90Fcc1A6CE9a358911721eEb942013A1', 'CAKE', 'pancakeswap-token', 'CAKE', NULL, 1692681477, NULL);
*
INSERT INTO assets(identifier, name, type) VALUES('eip155:1/erc20:0x152649eA73beAb28c5b49B26eb48f7EAD6d4c898', 'PancakeSwap', 'C'); INSERT INTO evm_tokens(identifier, token_kind, chain, address, decimals, protocol) VALUES('eip155:1/erc20:0x152649eA73beAb28c5b49B26eb48f7EAD6d4c898', 'A', 1, '0x152649eA73beAb28c5b49B26eb48f7EAD6d4c898', 18, NULL); INSERT INTO common_asset_details(identifier, symbol, coingecko, cryptocompare, forked, started, swapped_for) VALUES('eip155:1/erc20:0x152649eA73beAb28c5b49B26eb48f7EAD6d4c898', 'CAKE', 'pancakeswap-token', 'CAKE', NULL, 1679985839, NULL);
*
INSERT INTO assets(identifier, name, type) VALUES('eip155:324/erc20:0x3A287a06c66f9E95a56327185cA2BDF5f031cEcD', 'PancakeSwap', 'C'); INSERT INTO evm_tokens(identifier, token_kind, chain, address, decimals, protocol) VALUES('eip155:324/erc20:0x3A287a06c66f9E95a56327185cA2BDF5f031cEcD', 'A', 324, '0x3A287a06c66f9E95a56327185cA2BDF5f031cEcD', 18, NULL); INSERT INTO common_asset_details(identifier, symbol, coingecko, cryptocompare, forked, started, swapped_for) VALUES('eip155:324/erc20:0x3A287a06c66f9E95a56327185cA2BDF5f031cEcD', 'CAKE', 'pancakeswap-token', 'CAKE', NULL, 1689227915, NULL);
*
INSERT INTO assets(identifier, name, type) VALUES('$CCC', 'Coconut Chicken', 'W'); INSERT INTO common_asset_details(identifier, symbol, coingecko, cryptocompare, forked, started, swapped_for) VALUES('$CCC', '$CCC', 'coconut-chicken', '$CCC', NULL, NULL, NULL);
*
INSERT INTO assets(identifier, name, type) VALUES('CHINU', 'Chinu', 'Y'); INSERT INTO common_asset_details(identifier, symbol, coingecko, cryptocompare, forked, started, swapped_for) VALUES('CHINU', 'CHINU', 'chinu-2', 'CHINU', NULL, 1705333049, NULL);
*
INSERT INTO assets(identifier, name, type) VALUES('eip155:1/erc20:0x8A2279d4A90B6fe1C4B30fa660cC9f926797bAA2', 'Chromia', 'C'); INSERT INTO evm_tokens(identifier, token_kind, chain, address, decimals, protocol) VALUES('eip155:1/erc20:0x8A2279d4A90B6fe1C4B30fa660cC9f926797bAA2', 'A', 1, '0x8A2279d4A90B6fe1C4B30fa660cC9f926797bAA2', 6, NULL); INSERT INTO common_asset_details(identifier, symbol, coingecko, cryptocompare, forked, started, swapped_for) VALUES('eip155:1/erc20:0x8A2279d4A90B6fe1C4B30fa660cC9f926797bAA2', 'CHR', 'chromaway', 'CHR', NULL, 1601800062, NULL);
*
INSERT INTO assets(identifier, name, type) VALUES('eip155:8453/erc20:0x1bc0c42215582d5A085795f4baDbaC3ff36d1Bcb', 'tokenbot', 'C'); INSERT INTO evm_tokens(identifier, token_kind, chain, address, decimals, protocol) VALUES('eip155:8453/erc20:0x1bc0c42215582d5A085795f4baDbaC3ff36d1Bcb', 'A', 8453, '0x1bc0c42215582d5A085795f4baDbaC3ff36d1Bcb', 18, NULL); INSERT INTO common_asset_details(identifier, symbol, coingecko, cryptocompare, forked, started, swapped_for) VALUES('eip155:8453/erc20:0x1bc0c42215582d5A085795f4baDbaC3ff36d1Bcb', 'CLANKER', 'tokenbot-2', 'CLANKER', NULL, 1731098613, NULL);
*
INSERT INTO assets(identifier, name, type) VALUES('COREUM', 'Coreum', 'W'); INSERT INTO common_asset_details(identifier, symbol, coingecko, cryptocompare, forked, started, swapped_for) VALUES('COREUM', 'COREUM', 'coreum', 'COREUM', NULL, NULL, NULL);
*
INSERT INTO assets(identifier, name, type) VALUES('CSAS', 'Comsats', 'W'); INSERT INTO common_asset_details(identifier, symbol, coingecko, cryptocompare, forked, started, swapped_for) VALUES('CSAS', 'CSAS', 'comsats', 'CSAS', NULL, NULL, NULL);
*
INSERT INTO assets(identifier, name, type) VALUES('$CWIF', 'catwifhat', 'Y'); INSERT INTO common_asset_details(identifier, symbol, coingecko, cryptocompare, forked, started, swapped_for) VALUES('$CWIF', '$CWIF', 'catwifhat-2', '$CWIF', NULL, 1703641489, NULL);
*
INSERT INTO assets(identifier, name, type) VALUES('DADDY', 'Daddy Tate', 'Y'); INSERT INTO common_asset_details(identifier, symbol, coingecko, cryptocompare, forked, started, swapped_for) VALUES('DADDY', 'DADDY', 'daddy-tate', 'DADDY', NULL, 1717964014, NULL);
*
INSERT INTO assets(identifier, name, type) VALUES('DADDYCHILL', 'Daddy Chill', 'Y'); INSERT INTO common_asset_details(identifier, symbol, coingecko, cryptocompare, forked, started, swapped_for) VALUES('DADDYCHILL', 'DADDYCHILL', 'daddy-chill', 'DADDYCHILL', NULL, NULL, NULL);
*
INSERT INTO assets(identifier, name, type) VALUES('DED', 'DED', 'W'); INSERT INTO common_asset_details(identifier, symbol, coingecko, cryptocompare, forked, started, swapped_for) VALUES('DED', 'DED', 'dot-is-ded', 'DED', NULL, NULL, NULL);
*
INSERT INTO assets(identifier, name, type) VALUES('DOE', 'Dogs of Elon', 'Y'); INSERT INTO common_asset_details(identifier, symbol, coingecko, cryptocompare, forked, started, swapped_for) VALUES('DOE', 'DOE', 'dogs-of-elon', 'DOE', NULL, 1726700565, NULL);
*
INSERT INTO assets(identifier, name, type) VALUES('DUKO', 'DUKO', 'Y'); INSERT INTO common_asset_details(identifier, symbol, coingecko, cryptocompare, forked, started, swapped_for) VALUES('DUKO', 'DUKO', 'duko', 'DUKO', NULL, 1707905186, NULL);
*
INSERT INTO assets(identifier, name, type) VALUES('eip155:56/erc20:0xB2BD0749DBE21f623d9BABa856D3B0f0e1BFEc9C', 'DUSK', 'C'); INSERT INTO evm_tokens(identifier, token_kind, chain, address, decimals, protocol) VALUES('eip155:56/erc20:0xB2BD0749DBE21f623d9BABa856D3B0f0e1BFEc9C', 'A', 56, '0xB2BD0749DBE21f623d9BABa856D3B0f0e1BFEc9C', 18, NULL); INSERT INTO common_asset_details(identifier, symbol, coingecko, cryptocompare, forked, started, swapped_for) VALUES('eip155:56/erc20:0xB2BD0749DBE21f623d9BABa856D3B0f0e1BFEc9C', 'DUSK', 'dusk-network', 'DUSK', NULL, 1614084688, NULL);
*
INSERT INTO assets(identifier, name, type) VALUES('eip155:43114/erc20:0x1a3264F2e7b1CFC6220ec9348d33cCF02Af7aaa4', 'Dypius', 'C'); INSERT INTO evm_tokens(identifier, token_kind, chain, address, decimals, protocol) VALUES('eip155:43114/erc20:0x1a3264F2e7b1CFC6220ec9348d33cCF02Af7aaa4', 'A', 43114, '0x1a3264F2e7b1CFC6220ec9348d33cCF02Af7aaa4', 18, NULL); INSERT INTO common_asset_details(identifier, symbol, coingecko, cryptocompare, forked, started, swapped_for) VALUES('eip155:43114/erc20:0x1a3264F2e7b1CFC6220ec9348d33cCF02Af7aaa4', 'DYP', 'dypius', 'DYP', NULL, 1698689918, NULL);
*
INSERT INTO assets(identifier, name, type) VALUES('eip155:8453/erc20:0x5b2124D427fAc9C80c902cbDD74b03Dd85d7d3FE', 'Dypius', 'C'); INSERT INTO evm_tokens(identifier, token_kind, chain, address, decimals, protocol) VALUES('eip155:8453/erc20:0x5b2124D427fAc9C80c902cbDD74b03Dd85d7d3FE', 'A', 8453, '0x5b2124D427fAc9C80c902cbDD74b03Dd85d7d3FE', 18, NULL); INSERT INTO common_asset_details(identifier, symbol, coingecko, cryptocompare, forked, started, swapped_for) VALUES('eip155:8453/erc20:0x5b2124D427fAc9C80c902cbDD74b03Dd85d7d3FE', 'DYP', 'dypius', 'DYP', NULL, 1724313499, NULL);
*
INSERT INTO assets(identifier, name, type) VALUES('eip155:56/erc20:0x1a3264F2e7b1CFC6220ec9348d33cCF02Af7aaa4', 'Dypius', 'C'); INSERT INTO evm_tokens(identifier, token_kind, chain, address, decimals, protocol) VALUES('eip155:56/erc20:0x1a3264F2e7b1CFC6220ec9348d33cCF02Af7aaa4', 'A', 56, '0x1a3264F2e7b1CFC6220ec9348d33cCF02Af7aaa4', 18, NULL); INSERT INTO common_asset_details(identifier, symbol, coingecko, cryptocompare, forked, started, swapped_for) VALUES('eip155:56/erc20:0x1a3264F2e7b1CFC6220ec9348d33cCF02Af7aaa4', 'DYP', 'dypius', 'DYP', NULL, 1698689986, NULL);
*
INSERT INTO assets(identifier, name, type) VALUES('eip155:1/erc20:0x39b46B212bDF15b42B166779b9d1787A68b9D0c3', 'Dypius', 'C'); INSERT INTO evm_tokens(identifier, token_kind, chain, address, decimals, protocol) VALUES('eip155:1/erc20:0x39b46B212bDF15b42B166779b9d1787A68b9D0c3', 'A', 1, '0x39b46B212bDF15b42B166779b9d1787A68b9D0c3', 18, NULL); INSERT INTO common_asset_details(identifier, symbol, coingecko, cryptocompare, forked, started, swapped_for) VALUES('eip155:1/erc20:0x39b46B212bDF15b42B166779b9d1787A68b9D0c3', 'DYP', 'dypius', 'DYP', NULL, 1698673715, NULL);
*
INSERT INTO assets(identifier, name, type) VALUES('eip155:8453/erc20:0xb33Ff54b9F7242EF1593d2C9Bcd8f9df46c77935', 'Freysa AI', 'C'); INSERT INTO evm_tokens(identifier, token_kind, chain, address, decimals, protocol) VALUES('eip155:8453/erc20:0xb33Ff54b9F7242EF1593d2C9Bcd8f9df46c77935', 'A', 8453, '0xb33Ff54b9F7242EF1593d2C9Bcd8f9df46c77935', 18, NULL); INSERT INTO common_asset_details(identifier, symbol, coingecko, cryptocompare, forked, started, swapped_for) VALUES('eip155:8453/erc20:0xb33Ff54b9F7242EF1593d2C9Bcd8f9df46c77935', 'FAI', 'freysa-ai', 'FAI', NULL, 1732322699, NULL);
*
INSERT INTO assets(identifier, name, type) VALUES('eip155:1/erc20:0xE1bAD922F84b198A08292FB600319300ae32471b', 'Firmachain', 'C'); INSERT INTO evm_tokens(identifier, token_kind, chain, address, decimals, protocol) VALUES('eip155:1/erc20:0xE1bAD922F84b198A08292FB600319300ae32471b', 'A', 1, '0xE1bAD922F84b198A08292FB600319300ae32471b', 18, NULL); INSERT INTO common_asset_details(identifier, symbol, coingecko, cryptocompare, forked, started, swapped_for) VALUES('eip155:1/erc20:0xE1bAD922F84b198A08292FB600319300ae32471b', 'FCT', 'firmachain', 'FCT', NULL, 1559147654, NULL);
*
INSERT INTO assets(identifier, name, type) VALUES('eip155:56/erc20:0x7588DF009C3d82378Be6ab81F2108fa963c10fc8', 'Step App', 'C'); INSERT INTO evm_tokens(identifier, token_kind, chain, address, decimals, protocol) VALUES('eip155:56/erc20:0x7588DF009C3d82378Be6ab81F2108fa963c10fc8', 'A', 56, '0x7588DF009C3d82378Be6ab81F2108fa963c10fc8', 18, NULL); INSERT INTO common_asset_details(identifier, symbol, coingecko, cryptocompare, forked, started, swapped_for) VALUES('eip155:56/erc20:0x7588DF009C3d82378Be6ab81F2108fa963c10fc8', 'FITFI', 'step-app-fitfi', 'FITFI', NULL, 1650964226, NULL);
*
INSERT INTO assets(identifier, name, type) VALUES('FOCAI', 'Focai.fun', 'Y'); INSERT INTO common_asset_details(identifier, symbol, coingecko, cryptocompare, forked, started, swapped_for) VALUES('FOCAI', 'FOCAI', 'focai-fun', 'FOCAI', NULL, 1707905186, NULL);
*
INSERT INTO assets(identifier, name, type) VALUES('FROX', 'Frox', 'Y'); INSERT INTO common_asset_details(identifier, symbol, coingecko, cryptocompare, forked, started, swapped_for) VALUES('FROX', 'FROX', 'frox', 'FROX', NULL, 1731439937, NULL);
*
INSERT INTO assets(identifier, name, type) VALUES('FULLSEND', 'Fullsend Community Coin', 'Y'); INSERT INTO common_asset_details(identifier, symbol, coingecko, cryptocompare, forked, started, swapped_for) VALUES('FULLSEND', 'FULLSEND', 'fullsend-community-coin', 'FULLSEND', NULL, NULL, NULL);
*
INSERT INTO assets(identifier, name, type) VALUES('eip155:1/erc20:0xe9B076B476D8865cDF79D1Cf7DF420EE397a7f75', 'Unification', 'C'); INSERT INTO evm_tokens(identifier, token_kind, chain, address, decimals, protocol) VALUES('eip155:1/erc20:0xe9B076B476D8865cDF79D1Cf7DF420EE397a7f75', 'A', 1, '0xe9B076B476D8865cDF79D1Cf7DF420EE397a7f75', 9, NULL); INSERT INTO common_asset_details(identifier, symbol, coingecko, cryptocompare, forked, started, swapped_for) VALUES('eip155:1/erc20:0xe9B076B476D8865cDF79D1Cf7DF420EE397a7f75', 'FUND', 'unification', 'FUND', NULL, 1667308307, NULL);
*
INSERT INTO assets(identifier, name, type) VALUES('eip155:1/erc20:0xFc4b4ec763722B71eB1D729749B447A9645f5F30', 'DumbMoney', 'C'); INSERT INTO evm_tokens(identifier, token_kind, chain, address, decimals, protocol) VALUES('eip155:1/erc20:0xFc4b4ec763722B71eB1D729749B447A9645f5F30', 'A', 1, '0xFc4b4ec763722B71eB1D729749B447A9645f5F30', 9, NULL); INSERT INTO common_asset_details(identifier, symbol, coingecko, cryptocompare, forked, started, swapped_for) VALUES('eip155:1/erc20:0xFc4b4ec763722B71eB1D729749B447A9645f5F30', 'GME', 'dumbmoney', 'GME', NULL, 1695914123, NULL);
*
INSERT INTO assets(identifier, name, type) VALUES('eip155:8453/erc20:0xFB1Aaba03c31EA98A3eEC7591808AcB1947ee7Ac', 'Gains Network', 'C'); INSERT INTO evm_tokens(identifier, token_kind, chain, address, decimals, protocol) VALUES('eip155:8453/erc20:0xFB1Aaba03c31EA98A3eEC7591808AcB1947ee7Ac', 'A', 8453, '0xFB1Aaba03c31EA98A3eEC7591808AcB1947ee7Ac', 18, NULL); INSERT INTO common_asset_details(identifier, symbol, coingecko, cryptocompare, forked, started, swapped_for) VALUES('eip155:8453/erc20:0xFB1Aaba03c31EA98A3eEC7591808AcB1947ee7Ac', 'GNS', 'gains-network', 'GNS', NULL, 1727111305, NULL);
*
INSERT INTO assets(identifier, name, type) VALUES('GRPH', 'Soul Graph', 'Y'); INSERT INTO common_asset_details(identifier, symbol, coingecko, cryptocompare, forked, started, swapped_for) VALUES('GRPH', 'GRPH', 'soul-graph', 'GRPH', NULL, 1734673203, NULL);
*
INSERT INTO assets(identifier, name, type) VALUES('HAMMY', 'HAMMY', 'W'); INSERT INTO common_asset_details(identifier, symbol, coingecko, cryptocompare, forked, started, swapped_for) VALUES('HAMMY', 'HAMMY', 'hammy', 'HAMMY', NULL, 1723851504, NULL);
*
INSERT INTO assets(identifier, name, type) VALUES('HAWKTUAH', 'Hawk Tuah', 'Y'); INSERT INTO common_asset_details(identifier, symbol, coingecko, cryptocompare, forked, started, swapped_for) VALUES('HAWKTUAH', 'HAWKTUAH', 'hawk-tuah', 'HAWKTUAH', NULL, 1718823605, NULL);
*
INSERT INTO assets(identifier, name, type) VALUES('eip155:1/erc20:0xeAA63125dd63f10874F99CdBbb18410e7Fc79dD3', 'Hemule', 'C'); INSERT INTO evm_tokens(identifier, token_kind, chain, address, decimals, protocol) VALUES('eip155:1/erc20:0xeAA63125dd63f10874F99CdBbb18410e7Fc79dD3', 'A', 1, '0xeAA63125dd63f10874F99CdBbb18410e7Fc79dD3', 18, NULL); INSERT INTO common_asset_details(identifier, symbol, coingecko, cryptocompare, forked, started, swapped_for) VALUES('eip155:1/erc20:0xeAA63125dd63f10874F99CdBbb18410e7Fc79dD3', 'HEMULE', 'hemule', 'HEMULE', NULL, 1702860779, NULL);
*
INSERT INTO assets(identifier, name, type) VALUES('HGG', 'Hedera Guild Game', 'W'); INSERT INTO common_asset_details(identifier, symbol, coingecko, cryptocompare, forked, started, swapped_for) VALUES('HGG', 'HGG', 'hedera-guild-game', 'HGG', NULL, 1730163605, NULL);
*
INSERT INTO assets(identifier, name, type) VALUES('eip155:56/erc20:0x137fFd84025C582482E03D3A0B9f74c26dDDFBad', 'HODL', 'C'); INSERT INTO evm_tokens(identifier, token_kind, chain, address, decimals, protocol) VALUES('eip155:56/erc20:0x137fFd84025C582482E03D3A0B9f74c26dDDFBad', 'A', 56, '0x137fFd84025C582482E03D3A0B9f74c26dDDFBad', 6, NULL); INSERT INTO common_asset_details(identifier, symbol, coingecko, cryptocompare, forked, started, swapped_for) VALUES('eip155:56/erc20:0x137fFd84025C582482E03D3A0B9f74c26dDDFBad', 'HODL', 'hodl-meme', 'HODL', NULL, 1713701097, NULL);
*
INSERT INTO assets(identifier, name, type) VALUES('eip155:1/erc20:0x1c43cD666F22878ee902769FCCdA61F401814EFb', 'Incept', 'C'); INSERT INTO evm_tokens(identifier, token_kind, chain, address, decimals, protocol) VALUES('eip155:1/erc20:0x1c43cD666F22878ee902769FCCdA61F401814EFb', 'A', 1, '0x1c43cD666F22878ee902769FCCdA61F401814EFb', 18, NULL); INSERT INTO common_asset_details(identifier, symbol, coingecko, cryptocompare, forked, started, swapped_for) VALUES('eip155:1/erc20:0x1c43cD666F22878ee902769FCCdA61F401814EFb', 'INCEPT', 'incept', 'INCEPT', NULL, 1727285363, NULL);
*
INSERT INTO assets(identifier, name, type) VALUES('JAILSTOOL', 'Stool Prisondente', 'Y'); INSERT INTO common_asset_details(identifier, symbol, coingecko, cryptocompare, forked, started, swapped_for) VALUES('JAILSTOOL', 'JAILSTOOL', 'stool-prisondente', 'JAILSTOOL', NULL, 1738964155, NULL);
*
INSERT INTO assets(identifier, name, type) VALUES('eip155:1/erc20:0xba386A4Ca26B85FD057ab1Ef86e3DC7BdeB5ce70', 'Jesus Coin', 'C'); INSERT INTO evm_tokens(identifier, token_kind, chain, address, decimals, protocol) VALUES('eip155:1/erc20:0xba386A4Ca26B85FD057ab1Ef86e3DC7BdeB5ce70', 'A', 1, '0xba386A4Ca26B85FD057ab1Ef86e3DC7BdeB5ce70', 18, NULL); INSERT INTO common_asset_details(identifier, symbol, coingecko, cryptocompare, forked, started, swapped_for) VALUES('eip155:1/erc20:0xba386A4Ca26B85FD057ab1Ef86e3DC7BdeB5ce70', 'JESUS', 'jesus-coin', 'JESUS', NULL, 1682364671, NULL);
*
INSERT INTO assets(identifier, name, type) VALUES('eip155:137/erc20:0xb02eF03245fc7DF987BBd876768E6d441b7099B6', 'Satoshi Airline', 'C'); INSERT INTO evm_tokens(identifier, token_kind, chain, address, decimals, protocol) VALUES('eip155:137/erc20:0xb02eF03245fc7DF987BBd876768E6d441b7099B6', 'A', 137, '0xb02eF03245fc7DF987BBd876768E6d441b7099B6', 8, NULL); INSERT INTO common_asset_details(identifier, symbol, coingecko, cryptocompare, forked, started, swapped_for) VALUES('eip155:137/erc20:0xb02eF03245fc7DF987BBd876768E6d441b7099B6', 'JET', 'sathosi-airlines-token', 'JET', NULL, 1732509852, NULL);
*
INSERT INTO assets(identifier, name, type) VALUES('JORGIE', 'Monkey Taken By Police', 'Y'); INSERT INTO common_asset_details(identifier, symbol, coingecko, cryptocompare, forked, started, swapped_for) VALUES('JORGIE', 'JORGIE', 'monkey-taken-by-police', 'JORGIE', NULL, 1731461608, NULL);
*
INSERT INTO assets(identifier, name, type) VALUES('KANGO', 'KANGO', 'W'); INSERT INTO common_asset_details(identifier, symbol, coingecko, cryptocompare, forked, started, swapped_for) VALUES('KANGO', 'KANGO', 'kango', 'KANGO', NULL, 1730077205, NULL);
*
INSERT INTO assets(identifier, name, type) VALUES('KCS', 'KuCoin', 'W'); INSERT INTO common_asset_details(identifier, symbol, coingecko, cryptocompare, forked, started, swapped_for) VALUES('KCS', 'KCS', 'kucoin-shares', 'KCS', NULL, NULL, NULL);
*
INSERT INTO assets(identifier, name, type) VALUES('eip155:1/erc20:0x26E550AC11B26f78A04489d5F20f24E3559f7Dd9', 'Kekius Maximus', 'C'); INSERT INTO evm_tokens(identifier, token_kind, chain, address, decimals, protocol) VALUES('eip155:1/erc20:0x26E550AC11B26f78A04489d5F20f24E3559f7Dd9', 'A', 1, '0x26E550AC11B26f78A04489d5F20f24E3559f7Dd9', 9, NULL); INSERT INTO common_asset_details(identifier, symbol, coingecko, cryptocompare, forked, started, swapped_for) VALUES('eip155:1/erc20:0x26E550AC11B26f78A04489d5F20f24E3559f7Dd9', 'KEKIUS', 'kekius-maximus', 'KEKIUS', NULL, 1734143375, NULL);
*
INSERT INTO assets(identifier, name, type) VALUES('eip155:1/erc20:0x7316D973b0269863BbfeD87302e11334E25eA565', 'Ken', 'C'); INSERT INTO evm_tokens(identifier, token_kind, chain, address, decimals, protocol) VALUES('eip155:1/erc20:0x7316D973b0269863BbfeD87302e11334E25eA565', 'A', 1, '0x7316D973b0269863BbfeD87302e11334E25eA565', 9, NULL); INSERT INTO common_asset_details(identifier, symbol, coingecko, cryptocompare, forked, started, swapped_for) VALUES('eip155:1/erc20:0x7316D973b0269863BbfeD87302e11334E25eA565', 'KEN', 'ken', 'KEN', NULL, 1722444227, NULL);
*
INSERT INTO assets(identifier, name, type) VALUES('eip155:1/erc20:0xE28027c99C7746fFb56B0113e5d9708aC86fAE8f', 'KING Coin', 'C'); INSERT INTO evm_tokens(identifier, token_kind, chain, address, decimals, protocol) VALUES('eip155:1/erc20:0xE28027c99C7746fFb56B0113e5d9708aC86fAE8f', 'A', 1, '0xE28027c99C7746fFb56B0113e5d9708aC86fAE8f', 9, NULL); INSERT INTO common_asset_details(identifier, symbol, coingecko, cryptocompare, forked, started, swapped_for) VALUES('eip155:1/erc20:0xE28027c99C7746fFb56B0113e5d9708aC86fAE8f', 'KING', 'king-2', 'KING', NULL, 1684769975, NULL);
*
INSERT INTO assets(identifier, name, type) VALUES('KIT', 'Crypto KIT', 'W'); INSERT INTO common_asset_details(identifier, symbol, coingecko, cryptocompare, forked, started, swapped_for) VALUES('KIT', 'KIT', 'crypto-kit', 'KIT', NULL, NULL, NULL);
*
INSERT INTO assets(identifier, name, type) VALUES('eip155:56/erc20:0x7f72EBb448387537C174a5D17E762C877db28fB6', 'Fishkoin', 'C'); INSERT INTO evm_tokens(identifier, token_kind, chain, address, decimals, protocol) VALUES('eip155:56/erc20:0x7f72EBb448387537C174a5D17E762C877db28fB6', 'A', 56, '0x7f72EBb448387537C174a5D17E762C877db28fB6', 18, NULL); INSERT INTO common_asset_details(identifier, symbol, coingecko, cryptocompare, forked, started, swapped_for) VALUES('eip155:56/erc20:0x7f72EBb448387537C174a5D17E762C877db28fB6', 'KOIN', 'fishkoin', 'KOIN', NULL, 1710650229, NULL);
*
INSERT INTO assets(identifier, name, type) VALUES('eip155:250/erc20:0x2A5062D22adCFaAfbd5C541d4dA82E4B450d4212', 'Keep3rV1', 'C'); INSERT INTO evm_tokens(identifier, token_kind, chain, address, decimals, protocol) VALUES('eip155:250/erc20:0x2A5062D22adCFaAfbd5C541d4dA82E4B450d4212', 'A', 250, '0x2A5062D22adCFaAfbd5C541d4dA82E4B450d4212', 18, NULL); INSERT INTO common_asset_details(identifier, symbol, coingecko, cryptocompare, forked, started, swapped_for) VALUES('eip155:250/erc20:0x2A5062D22adCFaAfbd5C541d4dA82E4B450d4212', 'KP3R', 'keep3rv1', 'KP3R', NULL, 1613759764, NULL);
*
INSERT INTO assets(identifier, name, type) VALUES('eip155:42161/erc20:0x46777C76dBbE40fABB2AAB99E33CE20058e76C59', 'Layer3', 'C'); INSERT INTO evm_tokens(identifier, token_kind, chain, address, decimals, protocol) VALUES('eip155:42161/erc20:0x46777C76dBbE40fABB2AAB99E33CE20058e76C59', 'A', 42161, '0x46777C76dBbE40fABB2AAB99E33CE20058e76C59', 18, NULL); INSERT INTO common_asset_details(identifier, symbol, coingecko, cryptocompare, forked, started, swapped_for) VALUES('eip155:42161/erc20:0x46777C76dBbE40fABB2AAB99E33CE20058e76C59', 'L3', 'layer3', 'L3', NULL, 1732527355, NULL);
*
INSERT INTO assets(identifier, name, type) VALUES('eip155:8453/erc20:0x46777C76dBbE40fABB2AAB99E33CE20058e76C59', 'Layer3', 'C'); INSERT INTO evm_tokens(identifier, token_kind, chain, address, decimals, protocol) VALUES('eip155:8453/erc20:0x46777C76dBbE40fABB2AAB99E33CE20058e76C59', 'A', 8453, '0x46777C76dBbE40fABB2AAB99E33CE20058e76C59', 18, NULL); INSERT INTO common_asset_details(identifier, symbol, coingecko, cryptocompare, forked, started, swapped_for) VALUES('eip155:8453/erc20:0x46777C76dBbE40fABB2AAB99E33CE20058e76C59', 'L3', 'layer3', 'L3', NULL, 1730735691, NULL);
*
INSERT INTO assets(identifier, name, type) VALUES('eip155:56/erc20:0x46777C76dBbE40fABB2AAB99E33CE20058e76C59', 'Layer3', 'C'); INSERT INTO evm_tokens(identifier, token_kind, chain, address, decimals, protocol) VALUES('eip155:56/erc20:0x46777C76dBbE40fABB2AAB99E33CE20058e76C59', 'A', 56, '0x46777C76dBbE40fABB2AAB99E33CE20058e76C59', 18, NULL); INSERT INTO common_asset_details(identifier, symbol, coingecko, cryptocompare, forked, started, swapped_for) VALUES('eip155:56/erc20:0x46777C76dBbE40fABB2AAB99E33CE20058e76C59', 'L3', 'layer3', 'L3', NULL, 1732889808, NULL);
*
INSERT INTO assets(identifier, name, type) VALUES('eip155:10/erc20:0x46777C76dBbE40fABB2AAB99E33CE20058e76C59', 'Layer3', 'C'); INSERT INTO evm_tokens(identifier, token_kind, chain, address, decimals, protocol) VALUES('eip155:10/erc20:0x46777C76dBbE40fABB2AAB99E33CE20058e76C59', 'A', 10, '0x46777C76dBbE40fABB2AAB99E33CE20058e76C59', 18, NULL); INSERT INTO common_asset_details(identifier, symbol, coingecko, cryptocompare, forked, started, swapped_for) VALUES('eip155:10/erc20:0x46777C76dBbE40fABB2AAB99E33CE20058e76C59', 'L3', 'layer3', 'L3', NULL, 1732292117, NULL);
*
INSERT INTO assets(identifier, name, type) VALUES('eip155:137/erc20:0x46777C76dBbE40fABB2AAB99E33CE20058e76C59', 'Layer3', 'C'); INSERT INTO evm_tokens(identifier, token_kind, chain, address, decimals, protocol) VALUES('eip155:137/erc20:0x46777C76dBbE40fABB2AAB99E33CE20058e76C59', 'A', 137, '0x46777C76dBbE40fABB2AAB99E33CE20058e76C59', 18, NULL); INSERT INTO common_asset_details(identifier, symbol, coingecko, cryptocompare, forked, started, swapped_for) VALUES('eip155:137/erc20:0x46777C76dBbE40fABB2AAB99E33CE20058e76C59', 'L3', 'layer3', 'L3', NULL, 1732537229, NULL);
*
INSERT INTO assets(identifier, name, type) VALUES('eip155:8453/erc20:0xE997017e0Cb0CEB503565F181e9ea922CD979c35', 'LimeWire', 'C'); INSERT INTO evm_tokens(identifier, token_kind, chain, address, decimals, protocol) VALUES('eip155:8453/erc20:0xE997017e0Cb0CEB503565F181e9ea922CD979c35', 'A', 8453, '0xE997017e0Cb0CEB503565F181e9ea922CD979c35', 18, NULL); INSERT INTO common_asset_details(identifier, symbol, coingecko, cryptocompare, forked, started, swapped_for) VALUES('eip155:8453/erc20:0xE997017e0Cb0CEB503565F181e9ea922CD979c35', 'LMWR', 'limewire-token', 'LMWR', NULL, 1714022161, NULL);
*
INSERT INTO assets(identifier, name, type) VALUES('eip155:56/erc20:0x307Bc76E3d59ED73886A9cf9360a9286f6281ba7', 'LimeWire', 'C'); INSERT INTO evm_tokens(identifier, token_kind, chain, address, decimals, protocol) VALUES('eip155:56/erc20:0x307Bc76E3d59ED73886A9cf9360a9286f6281ba7', 'A', 56, '0x307Bc76E3d59ED73886A9cf9360a9286f6281ba7', 18, NULL); INSERT INTO common_asset_details(identifier, symbol, coingecko, cryptocompare, forked, started, swapped_for) VALUES('eip155:56/erc20:0x307Bc76E3d59ED73886A9cf9360a9286f6281ba7', 'LMWR', 'limewire-token', 'LMWR', NULL, 1705936396, NULL);
*
INSERT INTO assets(identifier, name, type) VALUES('eip155:1/erc20:0x42476F744292107e34519F9c357927074Ea3F75D', 'Loom Network (NEW)', 'C'); INSERT INTO evm_tokens(identifier, token_kind, chain, address, decimals, protocol) VALUES('eip155:1/erc20:0x42476F744292107e34519F9c357927074Ea3F75D', 'A', 1, '0x42476F744292107e34519F9c357927074Ea3F75D', 18, NULL); INSERT INTO common_asset_details(identifier, symbol, coingecko, cryptocompare, forked, started, swapped_for) VALUES('eip155:1/erc20:0x42476F744292107e34519F9c357927074Ea3F75D', 'LOOM', 'loom-network-new', 'LOOM', NULL, 1611916940, NULL);
*
INSERT INTO assets(identifier, name, type) VALUES('eip155:42161/erc20:0xfb9E5D956D889D91a82737B9bFCDaC1DCE3e1449', 'Liquity', 'C'); INSERT INTO evm_tokens(identifier, token_kind, chain, address, decimals, protocol) VALUES('eip155:42161/erc20:0xfb9E5D956D889D91a82737B9bFCDaC1DCE3e1449', 'A', 42161, '0xfb9E5D956D889D91a82737B9bFCDaC1DCE3e1449', 18, NULL); INSERT INTO common_asset_details(identifier, symbol, coingecko, cryptocompare, forked, started, swapped_for) VALUES('eip155:42161/erc20:0xfb9E5D956D889D91a82737B9bFCDaC1DCE3e1449', 'LQTY', 'liquity', 'LQTY', NULL, 1678566365, NULL);
*
INSERT INTO assets(identifier, name, type) VALUES('eip155:1/erc20:0x6033F7f88332B8db6ad452B7C6D5bB643990aE3f', 'Lisk', 'C'); INSERT INTO evm_tokens(identifier, token_kind, chain, address, decimals, protocol) VALUES('eip155:1/erc20:0x6033F7f88332B8db6ad452B7C6D5bB643990aE3f', 'A', 1, '0x6033F7f88332B8db6ad452B7C6D5bB643990aE3f', 18, NULL); INSERT INTO common_asset_details(identifier, symbol, coingecko, cryptocompare, forked, started, swapped_for) VALUES('eip155:1/erc20:0x6033F7f88332B8db6ad452B7C6D5bB643990aE3f', 'LSK', 'lisk', 'LSK', NULL, 1715865407, NULL);
*
INSERT INTO assets(identifier, name, type) VALUES('LUMO', 'Lumo-8B-Instruct', 'Y'); INSERT INTO common_asset_details(identifier, symbol, coingecko, cryptocompare, forked, started, swapped_for) VALUES('LUMO', 'LUMO', 'lumo-8b-instruct', 'LUMO', NULL, 1736965548, NULL);
*
INSERT INTO assets(identifier, name, type) VALUES('LUNA', 'Terra', 'W'); INSERT INTO common_asset_details(identifier, symbol, coingecko, cryptocompare, forked, started, swapped_for) VALUES('LUNA', 'LUNA', 'terra-luna-2', 'LUNA', NULL, NULL, NULL);
*
INSERT INTO assets(identifier, name, type) VALUES('LUNC', 'Terra Luna Classic', 'W'); INSERT INTO common_asset_details(identifier, symbol, coingecko, cryptocompare, forked, started, swapped_for) VALUES('LUNC', 'LUNC', 'terra-luna', 'LUNC', NULL, NULL, NULL);
*
INSERT INTO assets(identifier, name, type) VALUES('eip155:1/erc20:0x67466BE17df832165F8C80a5A120CCc652bD7E69', 'LandWolf', 'C'); INSERT INTO evm_tokens(identifier, token_kind, chain, address, decimals, protocol) VALUES('eip155:1/erc20:0x67466BE17df832165F8C80a5A120CCc652bD7E69', 'A', 1, '0x67466BE17df832165F8C80a5A120CCc652bD7E69', 18, NULL); INSERT INTO common_asset_details(identifier, symbol, coingecko, cryptocompare, forked, started, swapped_for) VALUES('eip155:1/erc20:0x67466BE17df832165F8C80a5A120CCc652bD7E69', 'WOLF', 'landwolf-0x67', 'WOLF', NULL, 1713450215, NULL);
*
INSERT INTO assets(identifier, name, type) VALUES('LZM', 'LoungeM', 'W'); INSERT INTO common_asset_details(identifier, symbol, coingecko, cryptocompare, forked, started, swapped_for) VALUES('LZM', 'LZM', 'loungem', 'LZM', NULL, NULL, NULL);
*
INSERT INTO assets(identifier, name, type) VALUES('MAD', 'Madhouse', 'W'); INSERT INTO common_asset_details(identifier, symbol, coingecko, cryptocompare, forked, started, swapped_for) VALUES('MAD', 'MAD', 'madhouse', 'MAD', NULL, NULL, NULL);
*
INSERT INTO assets(identifier, name, type) VALUES('MATES', 'MATES', 'Y'); INSERT INTO common_asset_details(identifier, symbol, coingecko, cryptocompare, forked, started, swapped_for) VALUES('MATES', 'MATES', 'mates', 'MATES', NULL, 1736339131, NULL);
*
INSERT INTO assets(identifier, name, type) VALUES('eip155:8453/erc20:0x24fcFC492C1393274B6bcd568ac9e225BEc93584', 'Heroes of Mavia', 'C'); INSERT INTO evm_tokens(identifier, token_kind, chain, address, decimals, protocol) VALUES('eip155:8453/erc20:0x24fcFC492C1393274B6bcd568ac9e225BEc93584', 'A', 8453, '0x24fcFC492C1393274B6bcd568ac9e225BEc93584', 18, NULL); INSERT INTO common_asset_details(identifier, symbol, coingecko, cryptocompare, forked, started, swapped_for) VALUES('eip155:8453/erc20:0x24fcFC492C1393274B6bcd568ac9e225BEc93584', 'MAVIA', 'heroes-of-mavia', 'MAVIA', NULL, 1708744627, NULL);
*
INSERT INTO assets(identifier, name, type) VALUES('eip155:42161/erc20:0xdA661fa59320B808c5a6d23579fCfEdf1FD3cf36', 'Mobox', 'C'); INSERT INTO evm_tokens(identifier, token_kind, chain, address, decimals, protocol) VALUES('eip155:42161/erc20:0xdA661fa59320B808c5a6d23579fCfEdf1FD3cf36', 'A', 42161, '0xdA661fa59320B808c5a6d23579fCfEdf1FD3cf36', 18, NULL); INSERT INTO common_asset_details(identifier, symbol, coingecko, cryptocompare, forked, started, swapped_for) VALUES('eip155:42161/erc20:0xdA661fa59320B808c5a6d23579fCfEdf1FD3cf36', 'MBOX', 'mobox', 'MBOX', NULL, 1684485219, NULL);
*
INSERT INTO assets(identifier, name, type) VALUES('MCOIN', 'MCOIN', 'W'); INSERT INTO common_asset_details(identifier, symbol, coingecko, cryptocompare, forked, started, swapped_for) VALUES('MCOIN', 'MCOIN', 'mcoin1', 'MCOIN', NULL, NULL, NULL);
*
INSERT INTO assets(identifier, name, type) VALUES('MOCKJUP', 'mockJUP', 'Y'); INSERT INTO common_asset_details(identifier, symbol, coingecko, cryptocompare, forked, started, swapped_for) VALUES('MOCKJUP', 'MOCKJUP', 'mockjup', 'MOCKJUP', NULL, 1705263185, NULL);
*
INSERT INTO assets(identifier, name, type) VALUES('eip155:8453/erc20:0x2Da56AcB9Ea78330f947bD57C54119Debda7AF71', 'Mog Coin', 'C'); INSERT INTO evm_tokens(identifier, token_kind, chain, address, decimals, protocol) VALUES('eip155:8453/erc20:0x2Da56AcB9Ea78330f947bD57C54119Debda7AF71', 'A', 8453, '0x2Da56AcB9Ea78330f947bD57C54119Debda7AF71', 18, NULL); INSERT INTO common_asset_details(identifier, symbol, coingecko, cryptocompare, forked, started, swapped_for) VALUES('eip155:8453/erc20:0x2Da56AcB9Ea78330f947bD57C54119Debda7AF71', 'MOG', 'mog-coin', 'MOG', NULL, 1711647579, NULL);
*
INSERT INTO assets(identifier, name, type) VALUES('eip155:1/erc20:0x6969E5CFe7578aC5F06D313C1A25578927a5bBC9', 'Morti', 'C'); INSERT INTO evm_tokens(identifier, token_kind, chain, address, decimals, protocol) VALUES('eip155:1/erc20:0x6969E5CFe7578aC5F06D313C1A25578927a5bBC9', 'A', 1, '0x6969E5CFe7578aC5F06D313C1A25578927a5bBC9', 18, NULL); INSERT INTO common_asset_details(identifier, symbol, coingecko, cryptocompare, forked, started, swapped_for) VALUES('eip155:1/erc20:0x6969E5CFe7578aC5F06D313C1A25578927a5bBC9', 'MORTI', 'morti', 'MORTI', NULL, 1727722631, NULL);
*
INSERT INTO assets(identifier, name, type) VALUES('eip155:1/erc20:0x2Be8e422cb4A5A7f217a8F1b0658952a79132F28', 'Monkey Shit Inu', 'C'); INSERT INTO evm_tokens(identifier, token_kind, chain, address, decimals, protocol) VALUES('eip155:1/erc20:0x2Be8e422cb4A5A7f217a8F1b0658952a79132F28', 'A', 1, '0x2Be8e422cb4A5A7f217a8F1b0658952a79132F28', 18, NULL); INSERT INTO common_asset_details(identifier, symbol, coingecko, cryptocompare, forked, started, swapped_for) VALUES('eip155:1/erc20:0x2Be8e422cb4A5A7f217a8F1b0658952a79132F28', 'MSI', 'monkey-shit-inu', 'MSI', NULL, 1718334563, NULL);
*
INSERT INTO assets(identifier, name, type) VALUES('MUSTARD', 'MUSTAAAAAARD', 'Y'); INSERT INTO common_asset_details(identifier, symbol, coingecko, cryptocompare, forked, started, swapped_for) VALUES('MUSTARD', 'MUSTARD', 'mustaaaaaard', 'MUSTARD', NULL, 1732332087, NULL);
*
INSERT INTO assets(identifier, name, type) VALUES('eip155:1/erc20:0x72f713D11480DCF08b37E1898670e736688D218d', 'Nettensor', 'C'); INSERT INTO evm_tokens(identifier, token_kind, chain, address, decimals, protocol) VALUES('eip155:1/erc20:0x72f713D11480DCF08b37E1898670e736688D218d', 'A', 1, '0x72f713D11480DCF08b37E1898670e736688D218d', 18, NULL); INSERT INTO common_asset_details(identifier, symbol, coingecko, cryptocompare, forked, started, swapped_for) VALUES('eip155:1/erc20:0x72f713D11480DCF08b37E1898670e736688D218d', 'NAO', 'nettensor', 'NAO', NULL, 1709118659, NULL);
*
INSERT INTO assets(identifier, name, type) VALUES('eip155:1/erc20:0x85F17Cf997934a597031b2E18a9aB6ebD4B9f6a4', 'NEAR Protocol', 'C'); INSERT INTO evm_tokens(identifier, token_kind, chain, address, decimals, protocol) VALUES('eip155:1/erc20:0x85F17Cf997934a597031b2E18a9aB6ebD4B9f6a4', 'A', 1, '0x85F17Cf997934a597031b2E18a9aB6ebD4B9f6a4', 24, NULL); INSERT INTO common_asset_details(identifier, symbol, coingecko, cryptocompare, forked, started, swapped_for) VALUES('eip155:1/erc20:0x85F17Cf997934a597031b2E18a9aB6ebD4B9f6a4', 'NEAR', 'near', 'NEAR', NULL, 1621575783, NULL);
*
INSERT INTO assets(identifier, name, type) VALUES('eip155:1/erc20:0xEE2a03Aa6Dacf51C18679C516ad5283d8E7C2637', 'Neiro on ETH', 'C'); INSERT INTO evm_tokens(identifier, token_kind, chain, address, decimals, protocol) VALUES('eip155:1/erc20:0xEE2a03Aa6Dacf51C18679C516ad5283d8E7C2637', 'A', 1, '0xEE2a03Aa6Dacf51C18679C516ad5283d8E7C2637', 9, NULL); INSERT INTO common_asset_details(identifier, symbol, coingecko, cryptocompare, forked, started, swapped_for) VALUES('eip155:1/erc20:0xEE2a03Aa6Dacf51C18679C516ad5283d8E7C2637', 'NEIRO', 'neiro-on-eth', 'NEIRO', NULL, 1722118751, NULL);
*
INSERT INTO assets(identifier, name, type) VALUES('NEIRO', 'Neiro', 'Y'); INSERT INTO common_asset_details(identifier, symbol, coingecko, cryptocompare, forked, started, swapped_for) VALUES('NEIRO', 'NEIRO', 'neiro-2', 'NEIRO', NULL, 1722110125, NULL);
*
INSERT INTO assets(identifier, name, type) VALUES('NEVER', 'neversol', 'Y'); INSERT INTO common_asset_details(identifier, symbol, coingecko, cryptocompare, forked, started, swapped_for) VALUES('NEVER', 'NEVER', 'neversol', 'NEVER', NULL, 1706698846, NULL);
*
INSERT INTO assets(identifier, name, type) VALUES('eip155:1/erc20:0x198d14F2Ad9CE69E76ea330B374DE4957C3F850a', 'APENFT', 'C'); INSERT INTO evm_tokens(identifier, token_kind, chain, address, decimals, protocol) VALUES('eip155:1/erc20:0x198d14F2Ad9CE69E76ea330B374DE4957C3F850a', 'A', 1, '0x198d14F2Ad9CE69E76ea330B374DE4957C3F850a', 6, NULL); INSERT INTO common_asset_details(identifier, symbol, coingecko, cryptocompare, forked, started, swapped_for) VALUES('eip155:1/erc20:0x198d14F2Ad9CE69E76ea330B374DE4957C3F850a', 'NFT', 'apenft', 'NFT', NULL, 1644834202, NULL);
*
INSERT INTO assets(identifier, name, type) VALUES('eip155:56/erc20:0xFEbfA339E44c28E2aa9E62Ea1027C9CB4e378605', 'Non-Playable Coin', 'C'); INSERT INTO evm_tokens(identifier, token_kind, chain, address, decimals, protocol) VALUES('eip155:56/erc20:0xFEbfA339E44c28E2aa9E62Ea1027C9CB4e378605', 'A', 56, '0xFEbfA339E44c28E2aa9E62Ea1027C9CB4e378605', 18, NULL); INSERT INTO common_asset_details(identifier, symbol, coingecko, cryptocompare, forked, started, swapped_for) VALUES('eip155:56/erc20:0xFEbfA339E44c28E2aa9E62Ea1027C9CB4e378605', 'NPC', 'non-playable-coin', 'NPC', NULL, 1728663208, NULL);
*
INSERT INTO assets(identifier, name, type) VALUES('eip155:1/erc20:0x8eD97a637A790Be1feff5e888d43629dc05408F6', 'Non-Playable Coin', 'C'); INSERT INTO evm_tokens(identifier, token_kind, chain, address, decimals, protocol) VALUES('eip155:1/erc20:0x8eD97a637A790Be1feff5e888d43629dc05408F6', 'A', 1, '0x8eD97a637A790Be1feff5e888d43629dc05408F6', 18, NULL); INSERT INTO common_asset_details(identifier, symbol, coingecko, cryptocompare, forked, started, swapped_for) VALUES('eip155:1/erc20:0x8eD97a637A790Be1feff5e888d43629dc05408F6', 'NPC', 'non-playable-coin', 'NPC', NULL, 1690631051, NULL);
*
INSERT INTO assets(identifier, name, type) VALUES('PARRY', 'Party Parrot', 'Y'); INSERT INTO common_asset_details(identifier, symbol, coingecko, cryptocompare, forked, started, swapped_for) VALUES('PARRY', 'PARRY', 'party-parrot', 'PARRY', NULL, 1721843255, NULL);
*
INSERT INTO assets(identifier, name, type) VALUES('eip155:1/erc20:0xE9732d4b1E7d3789004fF029f032bA3034db059c', 'Patriot', 'C'); INSERT INTO evm_tokens(identifier, token_kind, chain, address, decimals, protocol) VALUES('eip155:1/erc20:0xE9732d4b1E7d3789004fF029f032bA3034db059c', 'A', 1, '0xE9732d4b1E7d3789004fF029f032bA3034db059c', 18, NULL); INSERT INTO common_asset_details(identifier, symbol, coingecko, cryptocompare, forked, started, swapped_for) VALUES('eip155:1/erc20:0xE9732d4b1E7d3789004fF029f032bA3034db059c', 'PATRIOT', 'patriot', 'PATRIOT', NULL, 1730299067, NULL);
*
INSERT INTO assets(identifier, name, type) VALUES('eip155:1/erc20:0x3fFEea07a27Fab7ad1df5297fa75e77a43CB5790', 'PeiPei', 'C'); INSERT INTO evm_tokens(identifier, token_kind, chain, address, decimals, protocol) VALUES('eip155:1/erc20:0x3fFEea07a27Fab7ad1df5297fa75e77a43CB5790', 'A', 1, '0x3fFEea07a27Fab7ad1df5297fa75e77a43CB5790', 18, NULL); INSERT INTO common_asset_details(identifier, symbol, coingecko, cryptocompare, forked, started, swapped_for) VALUES('eip155:1/erc20:0x3fFEea07a27Fab7ad1df5297fa75e77a43CB5790', 'PEIPEI', 'peipeicoin-vip', 'PEIPEI', NULL, 1717530347, NULL);
*
INSERT INTO assets(identifier, name, type) VALUES('eip155:56/erc20:0x25d887Ce7a35172C62FeBFD67a1856F20FaEbB00', 'Pepe', 'C'); INSERT INTO evm_tokens(identifier, token_kind, chain, address, decimals, protocol) VALUES('eip155:56/erc20:0x25d887Ce7a35172C62FeBFD67a1856F20FaEbB00', 'A', 56, '0x25d887Ce7a35172C62FeBFD67a1856F20FaEbB00', 18, NULL); INSERT INTO common_asset_details(identifier, symbol, coingecko, cryptocompare, forked, started, swapped_for) VALUES('eip155:56/erc20:0x25d887Ce7a35172C62FeBFD67a1856F20FaEbB00', 'PEPE', 'pepe', 'PEPE', NULL, 1683328109, NULL);
*
INSERT INTO assets(identifier, name, type) VALUES('eip155:56/erc20:0xe57F73EB27Da9D17f90C994744D842e95700C100', 'Pepe AI', 'C'); INSERT INTO evm_tokens(identifier, token_kind, chain, address, decimals, protocol) VALUES('eip155:56/erc20:0xe57F73EB27Da9D17f90C994744D842e95700C100', 'A', 56, '0xe57F73EB27Da9D17f90C994744D842e95700C100', 9, NULL); INSERT INTO common_asset_details(identifier, symbol, coingecko, cryptocompare, forked, started, swapped_for) VALUES('eip155:56/erc20:0xe57F73EB27Da9D17f90C994744D842e95700C100', 'PEPEAI', 'pepe-ai', 'PEPEAI', NULL, 1683177017, NULL);
*
INSERT INTO assets(identifier, name, type) VALUES('eip155:56/erc20:0xCa6d678e74f553f0E59cccC03ae644a3c2c5EE7d', 'Planet Token', 'C'); INSERT INTO evm_tokens(identifier, token_kind, chain, address, decimals, protocol) VALUES('eip155:56/erc20:0xCa6d678e74f553f0E59cccC03ae644a3c2c5EE7d', 'A', 56, '0xCa6d678e74f553f0E59cccC03ae644a3c2c5EE7d', 18, NULL); INSERT INTO common_asset_details(identifier, symbol, coingecko, cryptocompare, forked, started, swapped_for) VALUES('eip155:56/erc20:0xCa6d678e74f553f0E59cccC03ae644a3c2c5EE7d', 'PLANET', 'planet-token', 'PLANET', NULL, 1687009554, NULL);
*
INSERT INTO assets(identifier, name, type) VALUES('QTUM', 'Qtum', 'W'); INSERT INTO common_asset_details(identifier, symbol, coingecko, cryptocompare, forked, started, swapped_for) VALUES('QTUM', 'QTUM', 'qtum', 'QTUM', NULL, NULL, NULL);
*
INSERT INTO assets(identifier, name, type) VALUES('eip155:1/erc20:0x12BB890508c125661E03b09EC06E404bc9289040', 'Radio Caca', 'C'); INSERT INTO evm_tokens(identifier, token_kind, chain, address, decimals, protocol) VALUES('eip155:1/erc20:0x12BB890508c125661E03b09EC06E404bc9289040', 'A', 1, '0x12BB890508c125661E03b09EC06E404bc9289040', 18, NULL); INSERT INTO common_asset_details(identifier, symbol, coingecko, cryptocompare, forked, started, swapped_for) VALUES('eip155:1/erc20:0x12BB890508c125661E03b09EC06E404bc9289040', 'RACA', 'radio-caca', 'RACA', NULL, 1633573008, NULL);
*
INSERT INTO assets(identifier, name, type) VALUES('eip155:1/erc20:0x6553565EaC5DAa9BfC5E2892B36291634c9B2ad6', 'Rake.com', 'C'); INSERT INTO evm_tokens(identifier, token_kind, chain, address, decimals, protocol) VALUES('eip155:1/erc20:0x6553565EaC5DAa9BfC5E2892B36291634c9B2ad6', 'A', 1, '0x6553565EaC5DAa9BfC5E2892B36291634c9B2ad6', 18, NULL); INSERT INTO common_asset_details(identifier, symbol, coingecko, cryptocompare, forked, started, swapped_for) VALUES('eip155:1/erc20:0x6553565EaC5DAa9BfC5E2892B36291634c9B2ad6', 'RAKE', 'rake-com', 'RAKE', NULL, 1689901331, NULL);
*
INSERT INTO assets(identifier, name, type) VALUES('RDEX', 'Orders.Exchange', 'W'); INSERT INTO common_asset_details(identifier, symbol, coingecko, cryptocompare, forked, started, swapped_for) VALUES('RDEX', 'RDEX', 'orders-exchange', 'RDEX', NULL, NULL, NULL);
*
INSERT INTO assets(identifier, name, type) VALUES('eip155:42161/erc20:0x3082CC23568eA640225c2467653dB90e9250AaA0', 'Radiant Capital', 'C'); INSERT INTO evm_tokens(identifier, token_kind, chain, address, decimals, protocol) VALUES('eip155:42161/erc20:0x3082CC23568eA640225c2467653dB90e9250AaA0', 'A', 42161, '0x3082CC23568eA640225c2467653dB90e9250AaA0', 18, NULL); INSERT INTO common_asset_details(identifier, symbol, coingecko, cryptocompare, forked, started, swapped_for) VALUES('eip155:42161/erc20:0x3082CC23568eA640225c2467653dB90e9250AaA0', 'RDNT', 'radiant-capital', 'RDNT', NULL, 1678676107, NULL);
*
INSERT INTO assets(identifier, name, type) VALUES('eip155:8453/erc20:0xd722E55C1d9D9fA0021A5215Cbb904b92B3dC5d4', 'Radiant Capital', 'C'); INSERT INTO evm_tokens(identifier, token_kind, chain, address, decimals, protocol) VALUES('eip155:8453/erc20:0xd722E55C1d9D9fA0021A5215Cbb904b92B3dC5d4', 'A', 8453, '0xd722E55C1d9D9fA0021A5215Cbb904b92B3dC5d4', 17, NULL); INSERT INTO common_asset_details(identifier, symbol, coingecko, cryptocompare, forked, started, swapped_for) VALUES('eip155:8453/erc20:0xd722E55C1d9D9fA0021A5215Cbb904b92B3dC5d4', 'RDNT', 'radiant-capital', 'RDNT', NULL, 1714764507, NULL);
*
INSERT INTO assets(identifier, name, type) VALUES('eip155:56/erc20:0xf7DE7E8A6bd59ED41a4b5fe50278b3B7f31384dF', 'Radiant Capital', 'C'); INSERT INTO evm_tokens(identifier, token_kind, chain, address, decimals, protocol) VALUES('eip155:56/erc20:0xf7DE7E8A6bd59ED41a4b5fe50278b3B7f31384dF', 'A', 56, '0xf7DE7E8A6bd59ED41a4b5fe50278b3B7f31384dF', 18, NULL); INSERT INTO common_asset_details(identifier, symbol, coingecko, cryptocompare, forked, started, swapped_for) VALUES('eip155:56/erc20:0xf7DE7E8A6bd59ED41a4b5fe50278b3B7f31384dF', 'RDNT', 'radiant-capital', 'RDNT', NULL, 1679931535, NULL);
*
INSERT INTO assets(identifier, name, type) VALUES('eip155:1/erc20:0x137dDB47Ee24EaA998a535Ab00378d6BFa84F893', 'Radiant Capital', 'C'); INSERT INTO evm_tokens(identifier, token_kind, chain, address, decimals, protocol) VALUES('eip155:1/erc20:0x137dDB47Ee24EaA998a535Ab00378d6BFa84F893', 'A', 1, '0x137dDB47Ee24EaA998a535Ab00378d6BFa84F893', 18, NULL); INSERT INTO common_asset_details(identifier, symbol, coingecko, cryptocompare, forked, started, swapped_for) VALUES('eip155:1/erc20:0x137dDB47Ee24EaA998a535Ab00378d6BFa84F893', 'RDNT', 'radiant-capital', 'RDNT', NULL, 1698710039, NULL);
*
INSERT INTO assets(identifier, name, type) VALUES('RIS', 'Riser', 'W'); INSERT INTO common_asset_details(identifier, symbol, coingecko, cryptocompare, forked, started, swapped_for) VALUES('RIS', 'RIS', 'riser', 'RIS', NULL, NULL, NULL);
*
INSERT INTO assets(identifier, name, type) VALUES('ROCK', 'ROCK DAO', 'W'); INSERT INTO common_asset_details(identifier, symbol, coingecko, cryptocompare, forked, started, swapped_for) VALUES('ROCK', 'ROCK', 'rock-dao', 'ROCK', NULL, NULL, NULL);
*
INSERT INTO assets(identifier, name, type) VALUES('eip155:42161/erc20:0xB766039cc6DB368759C1E56B79AFfE831d0Cc507', 'Rocket Pool', 'C'); INSERT INTO evm_tokens(identifier, token_kind, chain, address, decimals, protocol) VALUES('eip155:42161/erc20:0xB766039cc6DB368759C1E56B79AFfE831d0Cc507', 'A', 42161, '0xB766039cc6DB368759C1E56B79AFfE831d0Cc507', 18, NULL); INSERT INTO common_asset_details(identifier, symbol, coingecko, cryptocompare, forked, started, swapped_for) VALUES('eip155:42161/erc20:0xB766039cc6DB368759C1E56B79AFfE831d0Cc507', 'RPL', 'rocket-pool', 'RPL', NULL, 1637304220, NULL);
*
INSERT INTO assets(identifier, name, type) VALUES('eip155:137/erc20:0x7205705771547cF79201111B4bd8aaF29467b9eC', 'Rocket Pool', 'C'); INSERT INTO evm_tokens(identifier, token_kind, chain, address, decimals, protocol) VALUES('eip155:137/erc20:0x7205705771547cF79201111B4bd8aaF29467b9eC', 'A', 137, '0x7205705771547cF79201111B4bd8aaF29467b9eC', 18, NULL); INSERT INTO common_asset_details(identifier, symbol, coingecko, cryptocompare, forked, started, swapped_for) VALUES('eip155:137/erc20:0x7205705771547cF79201111B4bd8aaF29467b9eC', 'RPL', 'rocket-pool', 'RPL', NULL, 1618387995, NULL);
*
INSERT INTO assets(identifier, name, type) VALUES('S', 'Sonic (prev. FTM)', 'W'); INSERT INTO common_asset_details(identifier, symbol, coingecko, cryptocompare, forked, started, swapped_for) VALUES('S', 'S', 'sonic-3', 'S', NULL, NULL, NULL);
*
INSERT INTO assets(identifier, name, type) VALUES('SANDY', 'Sandy Codex', 'Y'); INSERT INTO common_asset_details(identifier, symbol, coingecko, cryptocompare, forked, started, swapped_for) VALUES('SANDY', 'SANDY', 'sandy-codex', 'SANDY', NULL, 1735742039, NULL);
*
INSERT INTO assets(identifier, name, type) VALUES('SEND', 'Sendcoin', 'Y'); INSERT INTO common_asset_details(identifier, symbol, coingecko, cryptocompare, forked, started, swapped_for) VALUES('SEND', 'SEND', 'send-2', 'SEND', NULL, 1720788459, NULL);
*
INSERT INTO assets(identifier, name, type) VALUES('eip155:1/erc20:0x877f035c83df617B6C901891F90EEBc78f8CE050', 'SentAI', 'C'); INSERT INTO evm_tokens(identifier, token_kind, chain, address, decimals, protocol) VALUES('eip155:1/erc20:0x877f035c83df617B6C901891F90EEBc78f8CE050', 'A', 1, '0x877f035c83df617B6C901891F90EEBc78f8CE050', 18, NULL); INSERT INTO common_asset_details(identifier, symbol, coingecko, cryptocompare, forked, started, swapped_for) VALUES('eip155:1/erc20:0x877f035c83df617B6C901891F90EEBc78f8CE050', 'SENTAI', 'sentai', 'SENTAI', NULL, 1734630203, NULL);
*
INSERT INTO assets(identifier, name, type) VALUES('eip155:8453/erc20:0x161e113B8E9BBAEfb846F73F31624F6f9607bd44', 'Simmi Token', 'C'); INSERT INTO evm_tokens(identifier, token_kind, chain, address, decimals, protocol) VALUES('eip155:8453/erc20:0x161e113B8E9BBAEfb846F73F31624F6f9607bd44', 'A', 8453, '0x161e113B8E9BBAEfb846F73F31624F6f9607bd44', 18, NULL); INSERT INTO common_asset_details(identifier, symbol, coingecko, cryptocompare, forked, started, swapped_for) VALUES('eip155:8453/erc20:0x161e113B8E9BBAEfb846F73F31624F6f9607bd44', 'SIMMI', 'simmi-token', 'SIMMI', NULL, 1732892693, NULL);
*
INSERT INTO assets(identifier, name, type) VALUES('eip155:42161/erc20:0x06e90A57D1ECe8752d6CE92D1aD348EaD5Eae4f4', 'Real Smurf Cat', 'C'); INSERT INTO evm_tokens(identifier, token_kind, chain, address, decimals, protocol) VALUES('eip155:42161/erc20:0x06e90A57D1ECe8752d6CE92D1aD348EaD5Eae4f4', 'A', 42161, '0x06e90A57D1ECe8752d6CE92D1aD348EaD5Eae4f4', 18, NULL); INSERT INTO common_asset_details(identifier, symbol, coingecko, cryptocompare, forked, started, swapped_for) VALUES('eip155:42161/erc20:0x06e90A57D1ECe8752d6CE92D1aD348EaD5Eae4f4', 'SMURFCAT', 'real-smurf-cat', 'SMURFCAT', NULL, 1703372126, NULL);
*
INSERT INTO assets(identifier, name, type) VALUES('SNAI', 'SwarmNode.ai', 'Y'); INSERT INTO common_asset_details(identifier, symbol, coingecko, cryptocompare, forked, started, swapped_for) VALUES('SNAI', 'SNAI', 'swarmnode-ai', 'SNAI', NULL, 1734721666, NULL);
*
INSERT INTO assets(identifier, name, type) VALUES('SNOW', 'Snowman', 'W'); INSERT INTO common_asset_details(identifier, symbol, coingecko, cryptocompare, forked, started, swapped_for) VALUES('SNOW', 'SNOW', 'snowman', 'SNOW', NULL, NULL, NULL);
*
INSERT INTO assets(identifier, name, type) VALUES('eip155:250/erc20:0x56ee926bD8c72B2d5fa1aF4d9E4Cbb515a1E3Adc', 'Synthetix Network', 'C'); INSERT INTO evm_tokens(identifier, token_kind, chain, address, decimals, protocol) VALUES('eip155:250/erc20:0x56ee926bD8c72B2d5fa1aF4d9E4Cbb515a1E3Adc', 'A', 250, '0x56ee926bD8c72B2d5fa1aF4d9E4Cbb515a1E3Adc', 18, NULL); INSERT INTO common_asset_details(identifier, symbol, coingecko, cryptocompare, forked, started, swapped_for) VALUES('eip155:250/erc20:0x56ee926bD8c72B2d5fa1aF4d9E4Cbb515a1E3Adc', 'SNX', 'havven', 'SNX', NULL, 1613759241, NULL);
*
INSERT INTO assets(identifier, name, type) VALUES('SOL', 'Solana', 'W'); INSERT INTO common_asset_details(identifier, symbol, coingecko, cryptocompare, forked, started, swapped_for) VALUES('SOL', 'SOL', 'solana', 'SOL', NULL, NULL, NULL);
*
INSERT INTO assets(identifier, name, type) VALUES('eip155:56/erc20:0xc2c28b58db223DA89b567A0A98197Fc17C115148', 'Sologenic', 'C'); INSERT INTO evm_tokens(identifier, token_kind, chain, address, decimals, protocol) VALUES('eip155:56/erc20:0xc2c28b58db223DA89b567A0A98197Fc17C115148', 'A', 56, '0xc2c28b58db223DA89b567A0A98197Fc17C115148', 15, NULL); INSERT INTO common_asset_details(identifier, symbol, coingecko, cryptocompare, forked, started, swapped_for) VALUES('eip155:56/erc20:0xc2c28b58db223DA89b567A0A98197Fc17C115148', 'SOLO', 'solo-coin', 'SOLO', NULL, 1642647969, NULL);
*
INSERT INTO assets(identifier, name, type) VALUES('eip155:1/erc20:0x02020595E6a34a03a8E9c1f5624b1b7713810083', 'Spectra Chain', 'C'); INSERT INTO evm_tokens(identifier, token_kind, chain, address, decimals, protocol) VALUES('eip155:1/erc20:0x02020595E6a34a03a8E9c1f5624b1b7713810083', 'A', 1, '0x02020595E6a34a03a8E9c1f5624b1b7713810083', 18, NULL); INSERT INTO common_asset_details(identifier, symbol, coingecko, cryptocompare, forked, started, swapped_for) VALUES('eip155:1/erc20:0x02020595E6a34a03a8E9c1f5624b1b7713810083', 'SPCT', 'spectra-chain', 'SPCT', NULL, 1712211167, NULL);
*
INSERT INTO assets(identifier, name, type) VALUES('eip155:250/erc20:0x468003B688943977e6130F4F68F23aad939a1040', 'Spell', 'C'); INSERT INTO evm_tokens(identifier, token_kind, chain, address, decimals, protocol) VALUES('eip155:250/erc20:0x468003B688943977e6130F4F68F23aad939a1040', 'A', 250, '0x468003B688943977e6130F4F68F23aad939a1040', 18, NULL); INSERT INTO common_asset_details(identifier, symbol, coingecko, cryptocompare, forked, started, swapped_for) VALUES('eip155:250/erc20:0x468003B688943977e6130F4F68F23aad939a1040', 'SPELL', 'spell-token', 'SPELL', NULL, 1631157987, NULL);
*
INSERT INTO assets(identifier, name, type) VALUES('SPT', 'SunPumpTrading', 'W'); INSERT INTO common_asset_details(identifier, symbol, coingecko, cryptocompare, forked, started, swapped_for) VALUES('SPT', 'SPT', 'sunpumptrading', 'SPT', NULL, NULL, NULL);
*
INSERT INTO assets(identifier, name, type) VALUES('STT', 'Statter Network', 'W'); INSERT INTO common_asset_details(identifier, symbol, coingecko, cryptocompare, forked, started, swapped_for) VALUES('STT', 'STT', 'statter-network', 'STT', NULL, NULL, NULL);
*
INSERT INTO assets(identifier, name, type) VALUES('SUGAR', 'Sugar Boy', 'W'); INSERT INTO common_asset_details(identifier, symbol, coingecko, cryptocompare, forked, started, swapped_for) VALUES('SUGAR', 'SUGAR', 'sugar-boy', 'SUGAR', NULL, NULL, NULL);
*
INSERT INTO assets(identifier, name, type) VALUES('SUNPEPE', 'sunpepe', 'W'); INSERT INTO common_asset_details(identifier, symbol, coingecko, cryptocompare, forked, started, swapped_for) VALUES('SUNPEPE', 'SUNPEPE', 'sunpepe', 'SUNPEPE', NULL, NULL, NULL);
*
INSERT INTO assets(identifier, name, type) VALUES('eip155:8453/erc20:0x7D49a065D17d6d4a55dc13649901fdBB98B2AFBA', 'Sushi', 'C'); INSERT INTO evm_tokens(identifier, token_kind, chain, address, decimals, protocol) VALUES('eip155:8453/erc20:0x7D49a065D17d6d4a55dc13649901fdBB98B2AFBA', 'A', 8453, '0x7D49a065D17d6d4a55dc13649901fdBB98B2AFBA', 18, NULL); INSERT INTO common_asset_details(identifier, symbol, coingecko, cryptocompare, forked, started, swapped_for) VALUES('eip155:8453/erc20:0x7D49a065D17d6d4a55dc13649901fdBB98B2AFBA', 'SUSHI', 'sushi', 'SUSHI', NULL, 1692029937, NULL);
*
INSERT INTO assets(identifier, name, type) VALUES('SUYA', 'SunYang', 'W'); INSERT INTO common_asset_details(identifier, symbol, coingecko, cryptocompare, forked, started, swapped_for) VALUES('SUYA', 'SUYA', 'sunyang', 'SUYA', NULL, NULL, NULL);
*
INSERT INTO assets(identifier, name, type) VALUES('eip155:56/erc20:0xE64E30276C2F826FEbd3784958d6Da7B55DfbaD3', 'SWFTCOIN', 'C'); INSERT INTO evm_tokens(identifier, token_kind, chain, address, decimals, protocol) VALUES('eip155:56/erc20:0xE64E30276C2F826FEbd3784958d6Da7B55DfbaD3', 'A', 56, '0xE64E30276C2F826FEbd3784958d6Da7B55DfbaD3', 18, NULL); INSERT INTO common_asset_details(identifier, symbol, coingecko, cryptocompare, forked, started, swapped_for) VALUES('eip155:56/erc20:0xE64E30276C2F826FEbd3784958d6Da7B55DfbaD3', 'SWFTC', 'swftcoin', 'SWFTC', NULL, 1617276901, NULL);
*
INSERT INTO assets(identifier, name, type) VALUES('TCAT', 'Tron Cat', 'W'); INSERT INTO common_asset_details(identifier, symbol, coingecko, cryptocompare, forked, started, swapped_for) VALUES('TCAT', 'TCAT', 'tron-cat', 'TCAT', NULL, NULL, NULL);
*
INSERT INTO assets(identifier, name, type) VALUES('TOGA', 'TOGA', 'Y'); INSERT INTO common_asset_details(identifier, symbol, coingecko, cryptocompare, forked, started, swapped_for) VALUES('TOGA', 'TOGA', 'toga', 'TOGA', NULL, NULL, NULL);
*
INSERT INTO assets(identifier, name, type) VALUES('eip155:42161/erc20:0xd58D345Fd9c82262E087d2D0607624B410D88242', 'Tellor Tributes', 'C'); INSERT INTO evm_tokens(identifier, token_kind, chain, address, decimals, protocol) VALUES('eip155:42161/erc20:0xd58D345Fd9c82262E087d2D0607624B410D88242', 'A', 42161, '0xd58D345Fd9c82262E087d2D0607624B410D88242', 18, NULL); INSERT INTO common_asset_details(identifier, symbol, coingecko, cryptocompare, forked, started, swapped_for) VALUES('eip155:42161/erc20:0xd58D345Fd9c82262E087d2D0607624B410D88242', 'TRB', 'tellor', 'TRB', NULL, 1660837021, NULL);
*
INSERT INTO assets(identifier, name, type) VALUES('eip155:10/erc20:0xaf8cA653Fa2772d58f4368B0a71980e9E3cEB888', 'Tellor Tributes', 'C'); INSERT INTO evm_tokens(identifier, token_kind, chain, address, decimals, protocol) VALUES('eip155:10/erc20:0xaf8cA653Fa2772d58f4368B0a71980e9E3cEB888', 'A', 10, '0xaf8cA653Fa2772d58f4368B0a71980e9E3cEB888', 18, NULL); INSERT INTO common_asset_details(identifier, symbol, coingecko, cryptocompare, forked, started, swapped_for) VALUES('eip155:10/erc20:0xaf8cA653Fa2772d58f4368B0a71980e9E3cEB888', 'TRB', 'tellor', 'TRB', NULL, 1658500215, NULL);
*
INSERT INTO assets(identifier, name, type) VALUES('eip155:137/erc20:0xE3322702BEdaaEd36CdDAb233360B939775ae5f1', 'Tellor Tributes', 'C'); INSERT INTO evm_tokens(identifier, token_kind, chain, address, decimals, protocol) VALUES('eip155:137/erc20:0xE3322702BEdaaEd36CdDAb233360B939775ae5f1', 'A', 137, '0xE3322702BEdaaEd36CdDAb233360B939775ae5f1', 18, NULL); INSERT INTO common_asset_details(identifier, symbol, coingecko, cryptocompare, forked, started, swapped_for) VALUES('eip155:137/erc20:0xE3322702BEdaaEd36CdDAb233360B939775ae5f1', 'TRB', 'tellor', 'TRB', NULL, 1615177801, NULL);
*
INSERT INTO assets(identifier, name, type) VALUES('eip155:100/erc20:0xAAd66432d27737ecf6ED183160Adc5eF36aB99f2', 'Tellor Tributes', 'C'); INSERT INTO evm_tokens(identifier, token_kind, chain, address, decimals, protocol) VALUES('eip155:100/erc20:0xAAd66432d27737ecf6ED183160Adc5eF36aB99f2', 'A', 100, '0xAAd66432d27737ecf6ED183160Adc5eF36aB99f2', 18, NULL); INSERT INTO common_asset_details(identifier, symbol, coingecko, cryptocompare, forked, started, swapped_for) VALUES('eip155:100/erc20:0xAAd66432d27737ecf6ED183160Adc5eF36aB99f2', 'TRB', 'tellor', 'TRB', NULL, 1666911590, NULL);
*
INSERT INTO assets(identifier, name, type) VALUES('TRONDOG', 'TronDog', 'W'); INSERT INTO common_asset_details(identifier, symbol, coingecko, cryptocompare, forked, started, swapped_for) VALUES('TRONDOG', 'TRONDOG', 'trondog', 'TRONDOG', NULL, NULL, NULL);
*
INSERT INTO assets(identifier, name, type) VALUES('eip155:8453/erc20:0x57F5fbD3DE65DFC0bd3630F732969e5fb97E6d37', 'MAGA', 'C'); INSERT INTO evm_tokens(identifier, token_kind, chain, address, decimals, protocol) VALUES('eip155:8453/erc20:0x57F5fbD3DE65DFC0bd3630F732969e5fb97E6d37', 'A', 8453, '0x57F5fbD3DE65DFC0bd3630F732969e5fb97E6d37', 9, NULL); INSERT INTO common_asset_details(identifier, symbol, coingecko, cryptocompare, forked, started, swapped_for) VALUES('eip155:8453/erc20:0x57F5fbD3DE65DFC0bd3630F732969e5fb97E6d37', 'TRUMP', 'maga', 'TRUMP', NULL, 1710985297, NULL);
*
INSERT INTO assets(identifier, name, type) VALUES('eip155:1/erc20:0x6aA56e1D98b3805921C170EB4B3fe7D4Fda6D89b', 'MAGA', 'C'); INSERT INTO evm_tokens(identifier, token_kind, chain, address, decimals, protocol) VALUES('eip155:1/erc20:0x6aA56e1D98b3805921C170EB4B3fe7D4Fda6D89b', 'A', 1, '0x6aA56e1D98b3805921C170EB4B3fe7D4Fda6D89b', 9, NULL); INSERT INTO common_asset_details(identifier, symbol, coingecko, cryptocompare, forked, started, swapped_for) VALUES('eip155:1/erc20:0x6aA56e1D98b3805921C170EB4B3fe7D4Fda6D89b', 'TRUMP', 'maga', 'TRUMP', NULL, 1722369131, NULL);
*
INSERT INTO assets(identifier, name, type) VALUES('TRX', 'TRON', 'W'); INSERT INTO common_asset_details(identifier, symbol, coingecko, cryptocompare, forked, started, swapped_for) VALUES('TRX', 'TRX', 'tron', 'TRX', NULL, NULL, NULL);
*
INSERT INTO assets(identifier, name, type) VALUES('eip155:56/erc20:0x86Bb94DdD16Efc8bc58e6b056e8df71D9e666429', 'Test', 'C'); INSERT INTO evm_tokens(identifier, token_kind, chain, address, decimals, protocol) VALUES('eip155:56/erc20:0x86Bb94DdD16Efc8bc58e6b056e8df71D9e666429', 'A', 56, '0x86Bb94DdD16Efc8bc58e6b056e8df71D9e666429', 18, NULL); INSERT INTO common_asset_details(identifier, symbol, coingecko, cryptocompare, forked, started, swapped_for) VALUES('eip155:56/erc20:0x86Bb94DdD16Efc8bc58e6b056e8df71D9e666429', 'TST', 'test-3', 'TST', NULL, 1737986918, NULL);
*
INSERT INTO assets(identifier, name, type) VALUES('eip155:56/erc20:0x40af3827F39D0EAcBF4A168f8D4ee67c121D11c9', 'TrueUSD', 'C'); INSERT INTO evm_tokens(identifier, token_kind, chain, address, decimals, protocol) VALUES('eip155:56/erc20:0x40af3827F39D0EAcBF4A168f8D4ee67c121D11c9', 'A', 56, '0x40af3827F39D0EAcBF4A168f8D4ee67c121D11c9', 18, NULL); INSERT INTO common_asset_details(identifier, symbol, coingecko, cryptocompare, forked, started, swapped_for) VALUES('eip155:56/erc20:0x40af3827F39D0EAcBF4A168f8D4ee67c121D11c9', 'TUSD', 'true-usd', 'TUSD', NULL, 1678434659, NULL);
*
INSERT INTO assets(identifier, name, type) VALUES('eip155:324/erc20:0x1d17CBcF0D6D143135aE902365D2E5e2A16538D4', 'USDC', 'C'); INSERT INTO evm_tokens(identifier, token_kind, chain, address, decimals, protocol) VALUES('eip155:324/erc20:0x1d17CBcF0D6D143135aE902365D2E5e2A16538D4', 'A', 324, '0x1d17CBcF0D6D143135aE902365D2E5e2A16538D4', 6, NULL); INSERT INTO common_asset_details(identifier, symbol, coingecko, cryptocompare, forked, started, swapped_for) VALUES('eip155:324/erc20:0x1d17CBcF0D6D143135aE902365D2E5e2A16538D4', 'USDC', 'usd-coin', 'USDC', NULL, 1706644361, NULL);
*
INSERT INTO assets(identifier, name, type) VALUES('VIKITA', 'VIKITA', 'W'); INSERT INTO common_asset_details(identifier, symbol, coingecko, cryptocompare, forked, started, swapped_for) VALUES('VIKITA', 'VIKITA', 'vikita', 'VIKITA', NULL, NULL, NULL);
*
INSERT INTO assets(identifier, name, type) VALUES('VOID', 'Nothing', 'Y'); INSERT INTO common_asset_details(identifier, symbol, coingecko, cryptocompare, forked, started, swapped_for) VALUES('VOID', 'VOID', 'nothing-4', 'VOID', NULL, 1733323469, NULL);
*
INSERT INTO assets(identifier, name, type) VALUES('eip155:56/erc20:0x7f792db54B0e580Cdc755178443f0430Cf799aCa', 'Volt Inu', 'C'); INSERT INTO evm_tokens(identifier, token_kind, chain, address, decimals, protocol) VALUES('eip155:56/erc20:0x7f792db54B0e580Cdc755178443f0430Cf799aCa', 'A', 56, '0x7f792db54B0e580Cdc755178443f0430Cf799aCa', 9, NULL); INSERT INTO common_asset_details(identifier, symbol, coingecko, cryptocompare, forked, started, swapped_for) VALUES('eip155:56/erc20:0x7f792db54B0e580Cdc755178443f0430Cf799aCa', 'VOLT', 'volt-inu-2', 'VOLT', NULL, 1683801471, NULL);
*
INSERT INTO assets(identifier, name, type) VALUES('eip155:137/erc20:0x7f792db54B0e580Cdc755178443f0430Cf799aCa', 'Volt Inu', 'C'); INSERT INTO evm_tokens(identifier, token_kind, chain, address, decimals, protocol) VALUES('eip155:137/erc20:0x7f792db54B0e580Cdc755178443f0430Cf799aCa', 'A', 137, '0x7f792db54B0e580Cdc755178443f0430Cf799aCa', 9, NULL); INSERT INTO common_asset_details(identifier, symbol, coingecko, cryptocompare, forked, started, swapped_for) VALUES('eip155:137/erc20:0x7f792db54B0e580Cdc755178443f0430Cf799aCa', 'VOLT', 'volt-inu-2', 'VOLT', NULL, 1683801052, NULL);
*
INSERT INTO assets(identifier, name, type) VALUES('VVAIFU', 'Dasha', 'Y'); INSERT INTO common_asset_details(identifier, symbol, coingecko, cryptocompare, forked, started, swapped_for) VALUES('VVAIFU', 'VVAIFU', 'dasha', 'VVAIFU', NULL, 1729270364, NULL);
*
INSERT INTO assets(identifier, name, type) VALUES('eip155:56/erc20:0x9eC02756A559700d8D9e79ECe56809f7bcC5dC27', 'WHY', 'C'); INSERT INTO evm_tokens(identifier, token_kind, chain, address, decimals, protocol) VALUES('eip155:56/erc20:0x9eC02756A559700d8D9e79ECe56809f7bcC5dC27', 'A', 56, '0x9eC02756A559700d8D9e79ECe56809f7bcC5dC27', 18, NULL); INSERT INTO common_asset_details(identifier, symbol, coingecko, cryptocompare, forked, started, swapped_for) VALUES('eip155:56/erc20:0x9eC02756A559700d8D9e79ECe56809f7bcC5dC27', 'WHY', 'why', 'WHY', NULL, 1712063688, NULL);
*
INSERT INTO assets(identifier, name, type) VALUES('eip155:1/erc20:0x572975FF6d5136c81c8d7448B6361eF9EEfE1AB0', 'Wrapped Staked USDT', 'C'); INSERT INTO evm_tokens(identifier, token_kind, chain, address, decimals, protocol) VALUES('eip155:1/erc20:0x572975FF6d5136c81c8d7448B6361eF9EEfE1AB0', 'A', 1, '0x572975FF6d5136c81c8d7448B6361eF9EEfE1AB0', 18, NULL); INSERT INTO common_asset_details(identifier, symbol, coingecko, cryptocompare, forked, started, swapped_for) VALUES('eip155:1/erc20:0x572975FF6d5136c81c8d7448B6361eF9EEfE1AB0', 'WSTUSDT', 'wrapped-staked-usdt', 'WSTUSDT', NULL, 1690430795, NULL);
*
INSERT INTO assets(identifier, name, type) VALUES('eip155:8453/erc20:0x9c632E6Aaa3eA73f91554f8A3cB2ED2F29605e0C', 'Onyxcoin', 'C'); INSERT INTO evm_tokens(identifier, token_kind, chain, address, decimals, protocol) VALUES('eip155:8453/erc20:0x9c632E6Aaa3eA73f91554f8A3cB2ED2F29605e0C', 'A', 8453, '0x9c632E6Aaa3eA73f91554f8A3cB2ED2F29605e0C', 18, NULL); INSERT INTO common_asset_details(identifier, symbol, coingecko, cryptocompare, forked, started, swapped_for) VALUES('eip155:8453/erc20:0x9c632E6Aaa3eA73f91554f8A3cB2ED2F29605e0C', 'XCN', 'chain-2', 'XCN', NULL, 1719103377, NULL);
*
INSERT INTO assets(identifier, name, type) VALUES('eip155:56/erc20:0x7324c7C0d95CEBC73eEa7E85CbAac0dBdf88a05b', 'Onyxcoin', 'C'); INSERT INTO evm_tokens(identifier, token_kind, chain, address, decimals, protocol) VALUES('eip155:56/erc20:0x7324c7C0d95CEBC73eEa7E85CbAac0dBdf88a05b', 'A', 56, '0x7324c7C0d95CEBC73eEa7E85CbAac0dBdf88a05b', 18, NULL); INSERT INTO common_asset_details(identifier, symbol, coingecko, cryptocompare, forked, started, swapped_for) VALUES('eip155:56/erc20:0x7324c7C0d95CEBC73eEa7E85CbAac0dBdf88a05b', 'XCN', 'chain-2', 'XCN', NULL, 1646771079, NULL);
*
INSERT INTO assets(identifier, name, type) VALUES('eip155:43114/erc20:0xC0C5AA69Dbe4d6DDdfBc89c0957686ec60F24389', 'XEN Crypto', 'C'); INSERT INTO evm_tokens(identifier, token_kind, chain, address, decimals, protocol) VALUES('eip155:43114/erc20:0xC0C5AA69Dbe4d6DDdfBc89c0957686ec60F24389', 'A', 43114, '0xC0C5AA69Dbe4d6DDdfBc89c0957686ec60F24389', 18, NULL); INSERT INTO common_asset_details(identifier, symbol, coingecko, cryptocompare, forked, started, swapped_for) VALUES('eip155:43114/erc20:0xC0C5AA69Dbe4d6DDdfBc89c0957686ec60F24389', 'XEN', 'xen-crypto', 'XEN', NULL, 1665700430, NULL);
*
INSERT INTO assets(identifier, name, type) VALUES('XLG', 'xiao lang gou', 'W'); INSERT INTO common_asset_details(identifier, symbol, coingecko, cryptocompare, forked, started, swapped_for) VALUES('XLG', 'XLG', 'xiao-lang-gou', 'XLG', NULL, NULL, NULL);
*
INSERT INTO assets(identifier, name, type) VALUES('eip155:56/erc20:0x88691f292b76Bf4D2CAa5678A54515fAE77c33AF', 'Xpense', 'C'); INSERT INTO evm_tokens(identifier, token_kind, chain, address, decimals, protocol) VALUES('eip155:56/erc20:0x88691f292b76Bf4D2CAa5678A54515fAE77c33AF', 'A', 56, '0x88691f292b76Bf4D2CAa5678A54515fAE77c33AF', 18, NULL); INSERT INTO common_asset_details(identifier, symbol, coingecko, cryptocompare, forked, started, swapped_for) VALUES('eip155:56/erc20:0x88691f292b76Bf4D2CAa5678A54515fAE77c33AF', 'XPE', 'xpense-2', 'XPE', NULL, 1697609913, NULL);
*
INSERT INTO assets(identifier, name, type) VALUES('eip155:42161/erc20:0xc1Eb7689147C81aC840d4FF0D298489fc7986d52', 'Venus', 'C'); INSERT INTO evm_tokens(identifier, token_kind, chain, address, decimals, protocol) VALUES('eip155:42161/erc20:0xc1Eb7689147C81aC840d4FF0D298489fc7986d52', 'A', 42161, '0xc1Eb7689147C81aC840d4FF0D298489fc7986d52', 18, NULL); INSERT INTO common_asset_details(identifier, symbol, coingecko, cryptocompare, forked, started, swapped_for) VALUES('eip155:42161/erc20:0xc1Eb7689147C81aC840d4FF0D298489fc7986d52', 'XVS', 'venus', 'XVS', NULL, 1716542069, NULL);
*
INSERT INTO assets(identifier, name, type) VALUES('eip155:8453/erc20:0xebB7873213c8d1d9913D8eA39Aa12d74cB107995', 'Venus', 'C'); INSERT INTO evm_tokens(identifier, token_kind, chain, address, decimals, protocol) VALUES('eip155:8453/erc20:0xebB7873213c8d1d9913D8eA39Aa12d74cB107995', 'A', 8453, '0xebB7873213c8d1d9913D8eA39Aa12d74cB107995', 18, NULL); INSERT INTO common_asset_details(identifier, symbol, coingecko, cryptocompare, forked, started, swapped_for) VALUES('eip155:8453/erc20:0xebB7873213c8d1d9913D8eA39Aa12d74cB107995', 'XVS', 'venus', 'XVS', NULL, 1733301549, NULL);
*
INSERT INTO assets(identifier, name, type) VALUES('eip155:1/erc20:0xd3CC9d8f3689B83c91b7B59cAB4946B063EB894A', 'Venus', 'C'); INSERT INTO evm_tokens(identifier, token_kind, chain, address, decimals, protocol) VALUES('eip155:1/erc20:0xd3CC9d8f3689B83c91b7B59cAB4946B063EB894A', 'A', 1, '0xd3CC9d8f3689B83c91b7B59cAB4946B063EB894A', 18, NULL); INSERT INTO common_asset_details(identifier, symbol, coingecko, cryptocompare, forked, started, swapped_for) VALUES('eip155:1/erc20:0xd3CC9d8f3689B83c91b7B59cAB4946B063EB894A', 'XVS', 'venus', 'XVS', NULL, 1703827523, NULL);
*
INSERT INTO assets(identifier, name, type) VALUES('eip155:10/erc20:0x4a971e87ad1F61f7f3081645f52a99277AE917cF', 'Venus', 'C'); INSERT INTO evm_tokens(identifier, token_kind, chain, address, decimals, protocol) VALUES('eip155:10/erc20:0x4a971e87ad1F61f7f3081645f52a99277AE917cF', 'A', 10, '0x4a971e87ad1F61f7f3081645f52a99277AE917cF', 18, NULL); INSERT INTO common_asset_details(identifier, symbol, coingecko, cryptocompare, forked, started, swapped_for) VALUES('eip155:10/erc20:0x4a971e87ad1F61f7f3081645f52a99277AE917cF', 'XVS', 'venus', 'XVS', NULL, 1726661901, NULL);
*
INSERT INTO assets(identifier, name, type) VALUES('eip155:324/erc20:0xD78ABD81a3D57712a3af080dc4185b698Fe9ac5A', 'Venus', 'C'); INSERT INTO evm_tokens(identifier, token_kind, chain, address, decimals, protocol) VALUES('eip155:324/erc20:0xD78ABD81a3D57712a3af080dc4185b698Fe9ac5A', 'A', 324, '0xD78ABD81a3D57712a3af080dc4185b698Fe9ac5A', 18, NULL); INSERT INTO common_asset_details(identifier, symbol, coingecko, cryptocompare, forked, started, swapped_for) VALUES('eip155:324/erc20:0xD78ABD81a3D57712a3af080dc4185b698Fe9ac5A', 'XVS', 'venus', 'XVS', NULL, 1724322410, NULL);
*
INSERT INTO assets(identifier, name, type) VALUES('eip155:8453/erc20:0x9EaF8C1E34F05a589EDa6BAfdF391Cf6Ad3CB239', 'yearn.finance', 'C'); INSERT INTO evm_tokens(identifier, token_kind, chain, address, decimals, protocol) VALUES('eip155:8453/erc20:0x9EaF8C1E34F05a589EDa6BAfdF391Cf6Ad3CB239', 'A', 8453, '0x9EaF8C1E34F05a589EDa6BAfdF391Cf6Ad3CB239', 18, NULL); INSERT INTO common_asset_details(identifier, symbol, coingecko, cryptocompare, forked, started, swapped_for) VALUES('eip155:8453/erc20:0x9EaF8C1E34F05a589EDa6BAfdF391Cf6Ad3CB239', 'YFI', 'yearn-finance', 'YFI', NULL, 1695062519, NULL);
*
INSERT INTO assets(identifier, name, type) VALUES('eip155:250/erc20:0x29b0Da86e484E1C0029B56e817912d778aC0EC69', 'yearn.finance', 'C'); INSERT INTO evm_tokens(identifier, token_kind, chain, address, decimals, protocol) VALUES('eip155:250/erc20:0x29b0Da86e484E1C0029B56e817912d778aC0EC69', 'A', 250, '0x29b0Da86e484E1C0029B56e817912d778aC0EC69', 18, NULL); INSERT INTO common_asset_details(identifier, symbol, coingecko, cryptocompare, forked, started, swapped_for) VALUES('eip155:250/erc20:0x29b0Da86e484E1C0029B56e817912d778aC0EC69', 'YFI', 'yearn-finance', 'YFI', NULL, 1613759097, NULL);
*
INSERT INTO assets(identifier, name, type) VALUES('eip155:10/erc20:0x9046D36440290FfDE54FE0DD84Db8b1CfEE9107B', 'yearn.finance', 'C'); INSERT INTO evm_tokens(identifier, token_kind, chain, address, decimals, protocol) VALUES('eip155:10/erc20:0x9046D36440290FfDE54FE0DD84Db8b1CfEE9107B', 'A', 10, '0x9046D36440290FfDE54FE0DD84Db8b1CfEE9107B', 18, NULL); INSERT INTO common_asset_details(identifier, symbol, coingecko, cryptocompare, forked, started, swapped_for) VALUES('eip155:10/erc20:0x9046D36440290FfDE54FE0DD84Db8b1CfEE9107B', 'YFI', 'yearn-finance', 'YFI', NULL, 1695061901, NULL);
*
INSERT INTO assets(identifier, name, type) VALUES('eip155:324/erc20:0x27d0A2b5316b98088294378692F4EAbfB3222e36', 'ZeroLend', 'C'); INSERT INTO evm_tokens(identifier, token_kind, chain, address, decimals, protocol) VALUES('eip155:324/erc20:0x27d0A2b5316b98088294378692F4EAbfB3222e36', 'A', 324, '0x27d0A2b5316b98088294378692F4EAbfB3222e36', 18, NULL); INSERT INTO common_asset_details(identifier, symbol, coingecko, cryptocompare, forked, started, swapped_for) VALUES('eip155:324/erc20:0x27d0A2b5316b98088294378692F4EAbfB3222e36', 'ZERO', 'zerolend', 'ZERO', NULL, 1716427286, NULL);
*
INSERT INTO assets(identifier, name, type) VALUES('eip155:56/erc20:0x6985884C4392D348587B19cb9eAAf157F13271cd', 'LayerZero', 'C'); INSERT INTO evm_tokens(identifier, token_kind, chain, address, decimals, protocol) VALUES('eip155:56/erc20:0x6985884C4392D348587B19cb9eAAf157F13271cd', 'A', 56, '0x6985884C4392D348587B19cb9eAAf157F13271cd', 18, NULL); INSERT INTO common_asset_details(identifier, symbol, coingecko, cryptocompare, forked, started, swapped_for) VALUES('eip155:56/erc20:0x6985884C4392D348587B19cb9eAAf157F13271cd', 'ZRO', 'layerzero', 'ZRO', NULL, 1718217273, NULL);
*