INSERT INTO assets(identifier, name, type) VALUES ('eip155:1/erc20:0x5D409e56D886231aDAf00c8775665AD0f9897b56', 'Compound USDS', 'C'); INSERT INTO common_asset_details (identifier, symbol, coingecko, cryptocompare, forked, started, swapped_for) VALUES ('eip155:1/erc20:0x5D409e56D886231aDAf00c8775665AD0f9897b56', 'cUSDSv3', NULL, NULL, NULL, 1729195427, NULL); INSERT INTO evm_tokens (identifier, token_kind, chain, address, decimals, protocol) VALUES ('eip155:1/erc20:0x5D409e56D886231aDAf00c8775665AD0f9897b56', 'A', 1, '0x5D409e56D886231aDAf00c8775665AD0f9897b56', 18, 'compound-v3'); INSERT INTO underlying_tokens_list(identifier, weight, parent_token_entry) VALUES('eip155:1/erc20:0xdC035D45d973E3EC169d2276DDab16f1e407384F', '1.0', 'eip155:1/erc20:0x5D409e56D886231aDAf00c8775665AD0f9897b56');
*
INSERT INTO assets(identifier, name, type) VALUES ('eip155:8453/erc20:0x784efeB622244d2348d4F2522f8860B96fbEcE89', 'Compound AERO', 'C');INSERT INTO common_asset_details (identifier, symbol, coingecko, cryptocompare, forked, started, swapped_for) VALUES ('eip155:8453/erc20:0x784efeB622244d2348d4F2522f8860B96fbEcE89', 'cAEROv3', NULL, NULL, NULL, 1728494157, NULL);INSERT INTO evm_tokens (identifier, token_kind, chain, address, decimals, protocol) VALUES ('eip155:8453/erc20:0x784efeB622244d2348d4F2522f8860B96fbEcE89', 'A', 8453, '0x784efeB622244d2348d4F2522f8860B96fbEcE89', 18, 'compound-v3');INSERT INTO underlying_tokens_list(identifier, weight, parent_token_entry) VALUES('eip155:8453/erc20:0x940181a94A35A4569E4529A3CDfB74e38FD98631', '1.0', 'eip155:8453/erc20:0x784efeB622244d2348d4F2522f8860B96fbEcE89');
*
INSERT INTO assets(identifier, name, type) VALUES ('eip155:10/erc20:0x995E394b8B2437aC8Ce61Ee0bC610D617962B214', 'Compound USDT', 'C');INSERT INTO common_asset_details (identifier, symbol, coingecko, cryptocompare, forked, started, swapped_for) VALUES ('eip155:10/erc20:0x995E394b8B2437aC8Ce61Ee0bC610D617962B214', 'cUSDTv3', NULL, NULL, NULL, 1716189905, NULL);INSERT INTO evm_tokens (identifier, token_kind, chain, address, decimals, protocol) VALUES ('eip155:10/erc20:0x995E394b8B2437aC8Ce61Ee0bC610D617962B214', 'A', 10, '0x995E394b8B2437aC8Ce61Ee0bC610D617962B214', 6, 'compound-v3');INSERT INTO underlying_tokens_list(identifier, weight, parent_token_entry) VALUES('eip155:10/erc20:0x94b008aA00579c1307B0EF2c499aD98a8ce58e58', '1.0', 'eip155:10/erc20:0x995E394b8B2437aC8Ce61Ee0bC610D617962B214');
*
INSERT INTO assets(identifier, name, type) VALUES ('eip155:10/erc20:0xE36A30D249f7761327fd973001A32010b521b6Fd', 'Compound WETH', 'C');INSERT INTO common_asset_details (identifier, symbol, coingecko, cryptocompare, forked, started, swapped_for) VALUES ('eip155:10/erc20:0xE36A30D249f7761327fd973001A32010b521b6Fd', 'cWETHv3', NULL, NULL, NULL, 1721059241, NULL);INSERT INTO evm_tokens (identifier, token_kind, chain, address, decimals, protocol) VALUES ('eip155:10/erc20:0xE36A30D249f7761327fd973001A32010b521b6Fd', 'A', 10, '0xE36A30D249f7761327fd973001A32010b521b6Fd', 18, 'compound-v3');
*
INSERT INTO assets(identifier, name, type) VALUES('eip155:1/erc20:0xb01dd87B29d187F3E3a4Bf6cdAebfb97F3D9aB98', 'Bold Stablecoin', 'C'); INSERT INTO evm_tokens(identifier, token_kind, chain, address, decimals, protocol) VALUES('eip155:1/erc20:0xb01dd87B29d187F3E3a4Bf6cdAebfb97F3D9aB98', 'A', 1, '0xb01dd87B29d187F3E3a4Bf6cdAebfb97F3D9aB98', 18, NULL); INSERT INTO common_asset_details(identifier, symbol, coingecko, cryptocompare, forked, started, swapped_for) VALUES('eip155:1/erc20:0xb01dd87B29d187F3E3a4Bf6cdAebfb97F3D9aB98', 'Bold', 'liquity-bold', '', NULL, 1737067415, NULL);
*
INSERT INTO assets(identifier, name, type) VALUES('eip155:10/erc20:0x087C440F251Ff6Cfe62B86DdE1bE558B95b4bb9b', 'Bold Stablecoin', 'C'); INSERT INTO evm_tokens(identifier, token_kind, chain, address, decimals, protocol) VALUES('eip155:10/erc20:0x087C440F251Ff6Cfe62B86DdE1bE558B95b4bb9b', 'A', 10, '0x087C440F251Ff6Cfe62B86DdE1bE558B95b4bb9b', 18, NULL); INSERT INTO common_asset_details(identifier, symbol, coingecko, cryptocompare, forked, started, swapped_for) VALUES('eip155:10/erc20:0x087C440F251Ff6Cfe62B86DdE1bE558B95b4bb9b', 'Bold', 'liquity-bold', '', NULL, 1737099205, NULL);
*
INSERT INTO assets(identifier, name, type) VALUES('eip155:534352/erc20:0x087C440F251Ff6Cfe62B86DdE1bE558B95b4bb9b', 'Bold Stablecoin', 'C'); INSERT INTO evm_tokens(identifier, token_kind, chain, address, decimals, protocol) VALUES('eip155:534352/erc20:0x087C440F251Ff6Cfe62B86DdE1bE558B95b4bb9b', 'A', 534352, '0x087C440F251Ff6Cfe62B86DdE1bE558B95b4bb9b', 18, NULL); INSERT INTO common_asset_details(identifier, symbol, coingecko, cryptocompare, forked, started, swapped_for) VALUES('eip155:534352/erc20:0x087C440F251Ff6Cfe62B86DdE1bE558B95b4bb9b', 'Bold', 'liquity-bold', '', NULL, 1737098757, NULL);
*
INSERT INTO assets(identifier, name, type) VALUES('eip155:42161/erc20:0x087C440F251Ff6Cfe62B86DdE1bE558B95b4bb9b', 'Bold Stablecoin', 'C'); INSERT INTO evm_tokens(identifier, token_kind, chain, address, decimals, protocol) VALUES('eip155:42161/erc20:0x087C440F251Ff6Cfe62B86DdE1bE558B95b4bb9b', 'A', 42161, '0x087C440F251Ff6Cfe62B86DdE1bE558B95b4bb9b', 18, NULL); INSERT INTO common_asset_details(identifier, symbol, coingecko, cryptocompare, forked, started, swapped_for) VALUES('eip155:42161/erc20:0x087C440F251Ff6Cfe62B86DdE1bE558B95b4bb9b', 'Bold', 'liquity-bold', '', NULL, 1737098486, NULL);
*
INSERT INTO assets(identifier, name, type) VALUES('eip155:43114/erc20:0x087C440F251Ff6Cfe62B86DdE1bE558B95b4bb9b', 'Bold Stablecoin', 'C'); INSERT INTO evm_tokens(identifier, token_kind, chain, address, decimals, protocol) VALUES('eip155:43114/erc20:0x087C440F251Ff6Cfe62B86DdE1bE558B95b4bb9b', 'A', 43114, '0x087C440F251Ff6Cfe62B86DdE1bE558B95b4bb9b', 18, NULL); INSERT INTO common_asset_details(identifier, symbol, coingecko, cryptocompare, forked, started, swapped_for) VALUES('eip155:43114/erc20:0x087C440F251Ff6Cfe62B86DdE1bE558B95b4bb9b', 'Bold', 'liquity-bold', '', NULL, 1737099530, NULL);
*
INSERT INTO assets(identifier, name, type) VALUES('eip155:8453/erc20:0x087C440F251Ff6Cfe62B86DdE1bE558B95b4bb9b', 'Bold Stablecoin', 'C'); INSERT INTO evm_tokens(identifier, token_kind, chain, address, decimals, protocol) VALUES('eip155:8453/erc20:0x087C440F251Ff6Cfe62B86DdE1bE558B95b4bb9b', 'A', 8453, '0x087C440F251Ff6Cfe62B86DdE1bE558B95b4bb9b', 18, NULL); INSERT INTO common_asset_details(identifier, symbol, coingecko, cryptocompare, forked, started, swapped_for) VALUES('eip155:8453/erc20:0x087C440F251Ff6Cfe62B86DdE1bE558B95b4bb9b', 'Bold', 'liquity-bold', '', NULL, 1737096609, NULL);
*
INSERT INTO underlying_tokens_list(identifier, weight, parent_token_entry) VALUES('eip155:8453/erc20:0x4200000000000000000000000000000000000006', '1', 'eip155:8453/erc20:0xDBFeFD2e8460a6Ee4955A68582F85708BAEA60A3');
INSERT INTO assets(identifier, name, type) VALUES('eip155:8453/erc20:0xDBFeFD2e8460a6Ee4955A68582F85708BAEA60A3', 'Super OETH', 'C'); INSERT INTO evm_tokens(identifier, token_kind, chain, address, decimals, protocol) VALUES('eip155:8453/erc20:0xDBFeFD2e8460a6Ee4955A68582F85708BAEA60A3', 'A', 8453, '0xDBFeFD2e8460a6Ee4955A68582F85708BAEA60A3', 18, NULL); INSERT INTO common_asset_details(identifier, symbol, coingecko, cryptocompare, forked, started, swapped_for) VALUES('eip155:8453/erc20:0xDBFeFD2e8460a6Ee4955A68582F85708BAEA60A3', 'superOETHb', 'super-oeth', 'SUPEROETHB', NULL, 1722428751, NULL); INSERT INTO underlying_tokens_list(identifier, weight, parent_token_entry) VALUES('eip155:8453/erc20:0x4200000000000000000000000000000000000006', '1', 'eip155:8453/erc20:0xDBFeFD2e8460a6Ee4955A68582F85708BAEA60A3');
INSERT INTO underlying_tokens_list(identifier, weight, parent_token_entry) VALUES('eip155:1/erc20:0xec53bF9167f50cDEB3Ae105f56099aaaB9061F83', '1', 'eip155:1/erc20:0x83E9115d334D248Ce39a6f36144aEaB5b3456e75');
INSERT INTO assets(identifier, name, type) VALUES('eip155:1/erc20:0x83E9115d334D248Ce39a6f36144aEaB5b3456e75', 'Backing Eigen', 'C'); INSERT INTO evm_tokens(identifier, token_kind, chain, address, decimals, protocol) VALUES('eip155:1/erc20:0x83E9115d334D248Ce39a6f36144aEaB5b3456e75', 'A', 1, '0x83E9115d334D248Ce39a6f36144aEaB5b3456e75', 18, NULL); INSERT INTO common_asset_details(identifier, symbol, coingecko, cryptocompare, forked, started, swapped_for) VALUES('eip155:1/erc20:0x83E9115d334D248Ce39a6f36144aEaB5b3456e75', 'bEIGEN', 'eigenlayer', 'EIGEN', NULL, 1710958955, NULL); INSERT INTO assets(identifier, name, type) VALUES('eip155:1/erc20:0xec53bF9167f50cDEB3Ae105f56099aaaB9061F83', 'Eigen', 'C'); INSERT INTO evm_tokens(identifier, token_kind, chain, address, decimals, protocol) VALUES('eip155:1/erc20:0xec53bF9167f50cDEB3Ae105f56099aaaB9061F83', 'A', 1, '0xec53bF9167f50cDEB3Ae105f56099aaaB9061F83', 18, NULL); INSERT INTO common_asset_details(identifier, symbol, coingecko, cryptocompare, forked, started, swapped_for) VALUES('eip155:1/erc20:0xec53bF9167f50cDEB3Ae105f56099aaaB9061F83', 'EIGEN', 'eigenlayer', 'EIGEN', NULL, 1697499563, NULL); INSERT INTO underlying_tokens_list(identifier, weight, parent_token_entry) VALUES('eip155:1/erc20:0xec53bF9167f50cDEB3Ae105f56099aaaB9061F83', '1', 'eip155:1/erc20:0x83E9115d334D248Ce39a6f36144aEaB5b3456e75');
INSERT INTO assets(identifier, name, type) VALUES('TRUMP', 'Official Trump', 'Y'); INSERT INTO common_asset_details(identifier, symbol, coingecko, cryptocompare, forked, started, swapped_for) VALUES('TRUMP', 'TRUMP', 'official-trump', 'TRUMP', NULL, 1737122507, NULL);
*
INSERT INTO assets(identifier, name, type) VALUES('MELANIA', 'Melania Meme', 'Y'); INSERT INTO common_asset_details(identifier, symbol, coingecko, cryptocompare, forked, started, swapped_for) VALUES('MELANIA', 'MELANIA', 'melania-meme', 'MELANIA', NULL, 1737316354, NULL);
*
INSERT INTO assets(identifier, name, type) VALUES('VINE', 'Vine', 'Y'); INSERT INTO common_asset_details(identifier, symbol, coingecko, cryptocompare, forked, started, swapped_for) VALUES('VINE', 'VINE', 'vine', 'MELANIA', NULL, 1737316354, NULL);
*
INSERT INTO assets(identifier, name, type) VALUES('GRIFFAIN', 'GRIFFAIN', 'Y'); INSERT INTO common_asset_details(identifier, symbol, coingecko, cryptocompare, forked, started, swapped_for) VALUES('GRIFFAIN', 'GRIFFAIN', 'griffain', 'GRIFFAIN', NULL, 1730590665, NULL);
*
INSERT INTO assets(identifier, name, type) VALUES('eip155:1/erc20:0xE0f63A424a4439cBE457D80E4f4b51aD25b2c56C', 'SPX6900', 'C'); INSERT INTO evm_tokens(identifier, token_kind, chain, address, decimals, protocol) VALUES('eip155:1/erc20:0xE0f63A424a4439cBE457D80E4f4b51aD25b2c56C', 'A', 1, '0xE0f63A424a4439cBE457D80E4f4b51aD25b2c56C', 8, NULL); INSERT INTO common_asset_details(identifier, symbol, coingecko, cryptocompare, forked, started, swapped_for) VALUES('eip155:1/erc20:0xE0f63A424a4439cBE457D80E4f4b51aD25b2c56C', 'SPX', 'spx6900', 'SPX', NULL, 1692153767, NULL);
*
INSERT INTO assets(identifier, name, type) VALUES('eip155:8453/erc20:0x50dA645f148798F68EF2d7dB7C1CB22A6819bb2C', 'SPX6900', 'C'); INSERT INTO evm_tokens(identifier, token_kind, chain, address, decimals, protocol) VALUES('eip155:8453/erc20:0x50dA645f148798F68EF2d7dB7C1CB22A6819bb2C', 'A', 8453, '0x50dA645f148798F68EF2d7dB7C1CB22A6819bb2C', 8, NULL); INSERT INTO common_asset_details(identifier, symbol, coingecko, cryptocompare, forked, started, swapped_for) VALUES('eip155:8453/erc20:0x50dA645f148798F68EF2d7dB7C1CB22A6819bb2C', 'SPX', 'spx6900', 'SPX', NULL, 1703965689, NULL);
*
INSERT INTO assets(identifier, name, type) VALUES('STRD', 'Stride', 'B'); INSERT INTO common_asset_details(identifier, symbol, coingecko, cryptocompare, forked, started, swapped_for) VALUES('STRD', 'STRD', 'stride', 'STRD', NULL, 1662318000, NULL);
*
INSERT INTO assets(identifier, name, type) VALUES('eip155:1/erc20:0x1F57da732A77636D913C9a75d685B26CC85DCC3A', 'OPENLOOT', 'C'); INSERT INTO evm_tokens(identifier, token_kind, chain, address, decimals, protocol) VALUES('eip155:1/erc20:0x1F57da732A77636D913C9a75d685B26CC85DCC3A', 'A', 1, '0x1F57da732A77636D913C9a75d685B26CC85DCC3A', 18, NULL); INSERT INTO common_asset_details(identifier, symbol, coingecko, cryptocompare, forked, started, swapped_for) VALUES('eip155:1/erc20:0x1F57da732A77636D913C9a75d685B26CC85DCC3A', 'OL', 'open-loot', '', NULL, 1731104471, NULL);
*
INSERT INTO assets(identifier, name, type) VALUES('eip155:8453/erc20:0x3792DBDD07e87413247DF995e692806aa13D3299', 'OMI Token', 'C'); INSERT INTO evm_tokens(identifier, token_kind, chain, address, decimals, protocol) VALUES('eip155:8453/erc20:0x3792DBDD07e87413247DF995e692806aa13D3299', 'A', 8453, '0x3792DBDD07e87413247DF995e692806aa13D3299', 18, NULL); INSERT INTO common_asset_details(identifier, symbol, coingecko, cryptocompare, forked, started, swapped_for) VALUES('eip155:8453/erc20:0x3792DBDD07e87413247DF995e692806aa13D3299', 'OMI', 'ecomi', 'OMI', NULL, 1713193877, NULL);
*
INSERT INTO assets(identifier, name, type) VALUES('NC', 'Nodecoin', 'Y'); INSERT INTO common_asset_details(identifier, symbol, coingecko, cryptocompare, forked, started, swapped_for) VALUES('NC', 'NC', 'nodecoin', '', NULL, NULL, NULL);
*
INSERT INTO assets(identifier, name, type) VALUES('GOAT', 'Goatseus Maximus', 'Y'); INSERT INTO common_asset_details(identifier, symbol, coingecko, cryptocompare, forked, started, swapped_for) VALUES('GOAT', 'GOAT', 'goatseus-maximus', '', NULL, NULL, NULL);
*
INSERT INTO assets(identifier, name, type) VALUES('DOGS', 'Dogs', 'W'); INSERT INTO common_asset_details(identifier, symbol, coingecko, cryptocompare, forked, started, swapped_for) VALUES('DOGS', 'DOGS', 'dogs-2', '', NULL, NULL, NULL);
*
INSERT INTO assets(identifier, name, type) VALUES('eip155:56/erc20:0x5f78F4BFCb2b43bC174FE16A69a13945CEfA2978', 'Xraders', 'C'); INSERT INTO evm_tokens(identifier, token_kind, chain, address, decimals, protocol) VALUES('eip155:56/erc20:0x5f78F4BFCb2b43bC174FE16A69a13945CEfA2978', 'A', 56, '0x5f78F4BFCb2b43bC174FE16A69a13945CEfA2978', 18, NULL); INSERT INTO common_asset_details(identifier, symbol, coingecko, cryptocompare, forked, started, swapped_for) VALUES('eip155:56/erc20:0x5f78F4BFCb2b43bC174FE16A69a13945CEfA2978', 'XR', 'xraders', '', NULL, 1711345518, NULL);
*
INSERT INTO assets(identifier, name, type) VALUES('KAIA', 'Kaia', 'B'); INSERT INTO common_asset_details(identifier, symbol, coingecko, cryptocompare, forked, started, swapped_for) VALUES('KAIA', 'KAIA', 'kaia', '', NULL, NULL, NULL);
*
INSERT INTO assets(identifier, name, type) VALUES('eip155:56/erc20:0x6894CDe390a3f51155ea41Ed24a33A4827d3063D', 'Simons Cat', 'C'); INSERT INTO evm_tokens(identifier, token_kind, chain, address, decimals, protocol) VALUES('eip155:56/erc20:0x6894CDe390a3f51155ea41Ed24a33A4827d3063D', 'A', 56, '0x6894CDe390a3f51155ea41Ed24a33A4827d3063D', 18, NULL); INSERT INTO common_asset_details(identifier, symbol, coingecko, cryptocompare, forked, started, swapped_for) VALUES('eip155:56/erc20:0x6894CDe390a3f51155ea41Ed24a33A4827d3063D', 'CAT', 'simon-s-cat', '', NULL, 1723848995, NULL);
*
INSERT INTO assets(identifier, name, type) VALUES('CATI', 'Catizin', 'W'); INSERT INTO common_asset_details(identifier, symbol, coingecko, cryptocompare, forked, started, swapped_for) VALUES('CATI', 'CATI', 'catizen', '', NULL, NULL, NULL);
*
INSERT INTO assets(identifier, name, type) VALUES('eip155:1/erc20:0xcb1592591996765Ec0eFc1f92599A19767ee5ffA', 'BIO', 'C'); INSERT INTO evm_tokens(identifier, token_kind, chain, address, decimals, protocol) VALUES('eip155:1/erc20:0xcb1592591996765Ec0eFc1f92599A19767ee5ffA', 'A', 1, '0xcb1592591996765Ec0eFc1f92599A19767ee5ffA', 18, NULL); INSERT INTO common_asset_details(identifier, symbol, coingecko, cryptocompare, forked, started, swapped_for) VALUES('eip155:1/erc20:0xcb1592591996765Ec0eFc1f92599A19767ee5ffA', 'BIO', 'bio-protocol', '', NULL, 1715961803, NULL);
*
INSERT INTO assets(identifier, name, type) VALUES('eip155:1/erc20:0x4DC26fC5854e7648a064a4ABD590bBE71724C277', 'Animecoin', 'C'); INSERT INTO evm_tokens(identifier, token_kind, chain, address, decimals, protocol) VALUES('eip155:1/erc20:0x4DC26fC5854e7648a064a4ABD590bBE71724C277', 'A', 1, '0x4DC26fC5854e7648a064a4ABD590bBE71724C277', 18, NULL); INSERT INTO common_asset_details(identifier, symbol, coingecko, cryptocompare, forked, started, swapped_for) VALUES('eip155:1/erc20:0x4DC26fC5854e7648a064a4ABD590bBE71724C277', 'ANIME', 'anime', '', NULL, 1736790131, NULL);
*
INSERT INTO assets(identifier, name, type) VALUES('eip155:42161/erc20:0x37a645648dF29205C6261289983FB04ECD70b4B3', 'Animecoin', 'C'); INSERT INTO evm_tokens(identifier, token_kind, chain, address, decimals, protocol) VALUES('eip155:42161/erc20:0x37a645648dF29205C6261289983FB04ECD70b4B3', 'A', 42161, '0x37a645648dF29205C6261289983FB04ECD70b4B3', 18, NULL); INSERT INTO common_asset_details(identifier, symbol, coingecko, cryptocompare, forked, started, swapped_for) VALUES('eip155:42161/erc20:0x37a645648dF29205C6261289983FB04ECD70b4B3', 'ANIME', 'anime', '', NULL, 1736790328, NULL);
*
INSERT INTO assets(identifier, name, type) VALUES('eip155:56/erc20:0xC71B5F631354BE6853eFe9C3Ab6b9590F8302e81', 'Polyhedra Network', 'C'); INSERT INTO evm_tokens(identifier, token_kind, chain, address, decimals, protocol) VALUES('eip155:56/erc20:0xC71B5F631354BE6853eFe9C3Ab6b9590F8302e81', 'A', 56, '0xC71B5F631354BE6853eFe9C3Ab6b9590F8302e81', 18, NULL); INSERT INTO common_asset_details(identifier, symbol, coingecko, cryptocompare, forked, started, swapped_for) VALUES('eip155:56/erc20:0xC71B5F631354BE6853eFe9C3Ab6b9590F8302e81', 'ZK', 'polyhedra-network', 'ZKJ', NULL, 1710065039, NULL);
*
INSERT INTO assets(identifier, name, type) VALUES('MAJOR', 'MAJOR', 'W'); INSERT INTO common_asset_details(identifier, symbol, coingecko, cryptocompare, forked, started, swapped_for) VALUES('MAJOR', 'MAJOR', 'major', '', NULL, NULL, NULL);
*
INSERT INTO assets(identifier, name, type) VALUES('X', 'X Empire', 'W'); INSERT INTO common_asset_details(identifier, symbol, coingecko, cryptocompare, forked, started, swapped_for) VALUES('X', 'X', 'x-empire', '', NULL, NULL, NULL);
*
INSERT INTO assets(identifier, name, type) VALUES('J', 'Jambo', 'Y'); INSERT INTO common_asset_details(identifier, symbol, coingecko, cryptocompare, forked, started, swapped_for) VALUES('J', 'J', 'jambo', '', NULL, NULL, NULL);
*
INSERT INTO assets(identifier, name, type) VALUES('RSIC', 'RSIC•GENESIS•RUNE', 'W'); INSERT INTO common_asset_details(identifier, symbol, coingecko, cryptocompare, forked, started, swapped_for) VALUES('RSIC', 'RSIC', 'runecoin', '', NULL, NULL, NULL);
*
INSERT INTO assets(identifier, name, type) VALUES('eip155:1/erc20:0xC71B5F631354BE6853eFe9C3Ab6b9590F8302e81', 'Polyhedra Network', 'C'); INSERT INTO evm_tokens(identifier, token_kind, chain, address, decimals, protocol) VALUES('eip155:1/erc20:0xC71B5F631354BE6853eFe9C3Ab6b9590F8302e81', 'A', 1, '0xC71B5F631354BE6853eFe9C3Ab6b9590F8302e81', 18, NULL); INSERT INTO common_asset_details(identifier, symbol, coingecko, cryptocompare, forked, started, swapped_for) VALUES('eip155:1/erc20:0xC71B5F631354BE6853eFe9C3Ab6b9590F8302e81', 'ZK', 'polyhedra-network', '', NULL, 1710064979, NULL);
*
INSERT INTO assets(identifier, name, type) VALUES('eip155:8453/erc20:0xEab49138BA2Ea6dd776220fE26b7b8E446638956', 'Send', 'C'); INSERT INTO evm_tokens(identifier, token_kind, chain, address, decimals, protocol) VALUES('eip155:8453/erc20:0xEab49138BA2Ea6dd776220fE26b7b8E446638956', 'A', 8453, '0xEab49138BA2Ea6dd776220fE26b7b8E446638956', 18, NULL); INSERT INTO common_asset_details(identifier, symbol, coingecko, cryptocompare, forked, started, swapped_for) VALUES('eip155:8453/erc20:0xEab49138BA2Ea6dd776220fE26b7b8E446638956', 'SEND', 'send-token-2', '', NULL, 1736890141, NULL);
*
INSERT INTO assets(identifier, name, type) VALUES('MEMEFI', 'MemeFi', 'W'); INSERT INTO common_asset_details(identifier, symbol, coingecko, cryptocompare, forked, started, swapped_for) VALUES('MEMEFI', 'MEMEFI', 'memefi-2', '', NULL, NULL, NULL);
*
UPDATE common_asset_details SET coingecko = 'polyhedra-network' WHERE identifier = 'eip155:1/erc20:0xC71B5F631354BE6853eFe9C3Ab6b9590F8302e81';
INSERT INTO assets(identifier, name, type) VALUES('eip155:1/erc20:0xC71B5F631354BE6853eFe9C3Ab6b9590F8302e81', 'Polyhedra Network', 'C'); INSERT INTO evm_tokens(identifier, token_kind, chain, address, decimals, protocol) VALUES('eip155:1/erc20:0xC71B5F631354BE6853eFe9C3Ab6b9590F8302e81', 'A', 1, '0xC71B5F631354BE6853eFe9C3Ab6b9590F8302e81', 18, NULL); INSERT INTO common_asset_details(identifier, symbol, coingecko, cryptocompare, forked, started, swapped_for) VALUES('eip155:1/erc20:0xC71B5F631354BE6853eFe9C3Ab6b9590F8302e81', 'ZK', 'polyhedra-network', 'ZKJ', NULL, 1710064979, NULL);
INSERT INTO assets(identifier, name, type) VALUES('eip155:1/erc20:0x7138Eb0d563f3F6722500936A11DcAe99D738A2c', 'LIF3', 'C'); INSERT INTO evm_tokens(identifier, token_kind, chain, address, decimals, protocol) VALUES('eip155:1/erc20:0x7138Eb0d563f3F6722500936A11DcAe99D738A2c', 'A', 1, '0x7138Eb0d563f3F6722500936A11DcAe99D738A2c', 18, NULL); INSERT INTO common_asset_details(identifier, symbol, coingecko, cryptocompare, forked, started, swapped_for) VALUES('eip155:1/erc20:0x7138Eb0d563f3F6722500936A11DcAe99D738A2c', 'LIF3', 'lif3-2', 'LIF3', NULL, 1690214351, NULL);
*
INSERT INTO assets(identifier, name, type) VALUES('eip155:56/erc20:0x336f374198c872Ba760e85af9c6331C3c5A535d3', 'LIF3', 'C'); INSERT INTO evm_tokens(identifier, token_kind, chain, address, decimals, protocol) VALUES('eip155:56/erc20:0x336f374198c872Ba760e85af9c6331C3c5A535d3', 'A', 56, '0x336f374198c872Ba760e85af9c6331C3c5A535d3', 18, NULL); INSERT INTO common_asset_details(identifier, symbol, coingecko, cryptocompare, forked, started, swapped_for) VALUES('eip155:56/erc20:0x336f374198c872Ba760e85af9c6331C3c5A535d3', 'LIF3', 'lif3-2', 'LIF3', NULL, 1690324108, NULL);
*
INSERT INTO assets(identifier, name, type) VALUES('eip155:137/erc20:0x110B25D2B21eE73eB401F3aE7833f7072912A0Bf', 'LIF3', 'C'); INSERT INTO evm_tokens(identifier, token_kind, chain, address, decimals, protocol) VALUES('eip155:137/erc20:0x110B25D2B21eE73eB401F3aE7833f7072912A0Bf', 'A', 137, '0x110B25D2B21eE73eB401F3aE7833f7072912A0Bf', 18, NULL); INSERT INTO common_asset_details(identifier, symbol, coingecko, cryptocompare, forked, started, swapped_for) VALUES('eip155:137/erc20:0x110B25D2B21eE73eB401F3aE7833f7072912A0Bf', 'LIF3', 'lif3-2', 'LIF3', NULL, 1690324343, NULL);
*
INSERT INTO assets(identifier, name, type) VALUES('eip155:1/erc20:0x7B43E3875440B44613DC3bC08E7763e6Da63C8f8', 'StablR USD', 'C'); INSERT INTO evm_tokens(identifier, token_kind, chain, address, decimals, protocol) VALUES('eip155:1/erc20:0x7B43E3875440B44613DC3bC08E7763e6Da63C8f8', 'A', 1, '0x7B43E3875440B44613DC3bC08E7763e6Da63C8f8', 6, NULL); INSERT INTO common_asset_details(identifier, symbol, coingecko, cryptocompare, forked, started, swapped_for) VALUES('eip155:1/erc20:0x7B43E3875440B44613DC3bC08E7763e6Da63C8f8', 'USDR', 'stablr-usd', '', NULL, 1733473115, NULL);
*
INSERT INTO assets(identifier, name, type) VALUES('eip155:1/erc20:0x643C4E15d7d62Ad0aBeC4a9BD4b001aA3Ef52d66', 'Syrup Token', 'C'); INSERT INTO evm_tokens(identifier, token_kind, chain, address, decimals, protocol) VALUES('eip155:1/erc20:0x643C4E15d7d62Ad0aBeC4a9BD4b001aA3Ef52d66', 'A', 1, '0x643C4E15d7d62Ad0aBeC4a9BD4b001aA3Ef52d66', 18, NULL); INSERT INTO common_asset_details(identifier, symbol, coingecko, cryptocompare, forked, started, swapped_for) VALUES('eip155:1/erc20:0x643C4E15d7d62Ad0aBeC4a9BD4b001aA3Ef52d66', 'SYRUP', 'syrup', '', NULL, 1726154399, NULL);
*
INSERT INTO assets(identifier, name, type) VALUES('eip155:8453/erc20:0xacfE6019Ed1A7Dc6f7B508C02d1b04ec88cC21bf', 'Venice Token', 'C'); INSERT INTO evm_tokens(identifier, token_kind, chain, address, decimals, protocol) VALUES('eip155:8453/erc20:0xacfE6019Ed1A7Dc6f7B508C02d1b04ec88cC21bf', 'A', 8453, '0xacfE6019Ed1A7Dc6f7B508C02d1b04ec88cC21bf', 18, NULL); INSERT INTO common_asset_details(identifier, symbol, coingecko, cryptocompare, forked, started, swapped_for) VALUES('eip155:8453/erc20:0xacfE6019Ed1A7Dc6f7B508C02d1b04ec88cC21bf', 'VVV', 'venice-ai', 'VVV', NULL, 1737649711, NULL);
*
INSERT INTO assets(identifier, name, type) VALUES('eip155:1/erc20:0x8292Bb45bf1Ee4d140127049757C2E0fF06317eD', 'RLUSD', 'C'); INSERT INTO evm_tokens(identifier, token_kind, chain, address, decimals, protocol) VALUES('eip155:1/erc20:0x8292Bb45bf1Ee4d140127049757C2E0fF06317eD', 'A', 1, '0x8292Bb45bf1Ee4d140127049757C2E0fF06317eD', 18, NULL); INSERT INTO common_asset_details(identifier, symbol, coingecko, cryptocompare, forked, started, swapped_for) VALUES('eip155:1/erc20:0x8292Bb45bf1Ee4d140127049757C2E0fF06317eD', 'RLUSD', 'ripple-usd', 'RLUSD', NULL, 1723218419, NULL);
*
INSERT INTO assets(identifier, name, type) VALUES('eip155:42161/erc20:0x3b58a4C865B568a2F6a957C264F6b50CbA35D8CE', 'SuperWalk', 'C'); INSERT INTO evm_tokens(identifier, token_kind, chain, address, decimals, protocol) VALUES('eip155:42161/erc20:0x3b58a4C865B568a2F6a957C264F6b50CbA35D8CE', 'A', 42161, '0x3b58a4C865B568a2F6a957C264F6b50CbA35D8CE', 18, NULL); INSERT INTO common_asset_details(identifier, symbol, coingecko, cryptocompare, forked, started, swapped_for) VALUES('eip155:42161/erc20:0x3b58a4C865B568a2F6a957C264F6b50CbA35D8CE', 'GRND', 'superwalk', 'GRND', NULL, 1715138526, NULL);
*
INSERT INTO assets(identifier, name, type) VALUES('eip155:1/erc20:0x4C1746A800D224393fE2470C70A35717eD4eA5F1', 'Plume', 'C'); INSERT INTO evm_tokens(identifier, token_kind, chain, address, decimals, protocol) VALUES('eip155:1/erc20:0x4C1746A800D224393fE2470C70A35717eD4eA5F1', 'A', 1, '0x4C1746A800D224393fE2470C70A35717eD4eA5F1', 18, NULL); INSERT INTO common_asset_details(identifier, symbol, coingecko, cryptocompare, forked, started, swapped_for) VALUES('eip155:1/erc20:0x4C1746A800D224393fE2470C70A35717eD4eA5F1', 'PLUME', 'plume', 'PLUME', NULL, 1723045703, NULL);
*
INSERT INTO assets(identifier, name, type) VALUES('BUZZ', 'Hive AI', 'Y'); INSERT INTO common_asset_details(identifier, symbol, coingecko, cryptocompare, forked, started, swapped_for) VALUES('BUZZ', 'BUZZ', 'hive-ai', '', NULL, 1735870197, NULL);
*
INSERT INTO assets(identifier, name, type) VALUES('PIPPIN', 'pippin', 'Y'); INSERT INTO common_asset_details(identifier, symbol, coingecko, cryptocompare, forked, started, swapped_for) VALUES('PIPPIN', 'PIPPIN', 'pippin', 'PIPPIN', NULL, 1731183349, NULL);
*
INSERT INTO assets(identifier, name, type) VALUES('eip155:1/erc20:0xE7C6BF469e97eEB0bFB74C8dbFF5BD47D4C1C98a', 'HashKey Platform Token', 'C'); INSERT INTO evm_tokens(identifier, token_kind, chain, address, decimals, protocol) VALUES('eip155:1/erc20:0xE7C6BF469e97eEB0bFB74C8dbFF5BD47D4C1C98a', 'A', 1, '0xE7C6BF469e97eEB0bFB74C8dbFF5BD47D4C1C98a', 18, NULL); INSERT INTO common_asset_details(identifier, symbol, coingecko, cryptocompare, forked, started, swapped_for) VALUES('eip155:1/erc20:0xE7C6BF469e97eEB0bFB74C8dbFF5BD47D4C1C98a', 'HSK', 'hashkey-ecopoints', 'HSK', NULL, 1719663791, NULL);
*
INSERT INTO assets(identifier, name, type) VALUES('eip155:1/erc20:0x6e15A54B5EcAc17e58daDedDbe8506a7560252F9', 'SynFutures', 'C'); INSERT INTO evm_tokens(identifier, token_kind, chain, address, decimals, protocol) VALUES('eip155:1/erc20:0x6e15A54B5EcAc17e58daDedDbe8506a7560252F9', 'A', 1, '0x6e15A54B5EcAc17e58daDedDbe8506a7560252F9', 18, NULL); INSERT INTO common_asset_details(identifier, symbol, coingecko, cryptocompare, forked, started, swapped_for) VALUES('eip155:1/erc20:0x6e15A54B5EcAc17e58daDedDbe8506a7560252F9', 'F', 'synfutures', 'F', NULL, 1731392159, NULL);
*
INSERT INTO assets(identifier, name, type) VALUES('eip155:8453/erc20:0x2C24497D4086490e7EaD87CC12597fb50c2E6eD6', 'SynFutures', 'C'); INSERT INTO evm_tokens(identifier, token_kind, chain, address, decimals, protocol) VALUES('eip155:8453/erc20:0x2C24497D4086490e7EaD87CC12597fb50c2E6eD6', 'A', 8453, '0x2C24497D4086490e7EaD87CC12597fb50c2E6eD6', 18, NULL); INSERT INTO common_asset_details(identifier, symbol, coingecko, cryptocompare, forked, started, swapped_for) VALUES('eip155:8453/erc20:0x2C24497D4086490e7EaD87CC12597fb50c2E6eD6', 'F', 'synfutures', 'F', NULL, 1732694301, NULL);
*
INSERT INTO assets(identifier, name, type) VALUES('eip155:1/erc20:0xD722424cF94b583752dfc80C08e2531AB3b762dc', 'SphereX', 'C'); INSERT INTO evm_tokens(identifier, token_kind, chain, address, decimals, protocol) VALUES('eip155:1/erc20:0xD722424cF94b583752dfc80C08e2531AB3b762dc', 'A', 1, '0xD722424cF94b583752dfc80C08e2531AB3b762dc', 18, NULL); INSERT INTO common_asset_details(identifier, symbol, coingecko, cryptocompare, forked, started, swapped_for) VALUES('eip155:1/erc20:0xD722424cF94b583752dfc80C08e2531AB3b762dc', 'HERE', 'spherex-token', '', NULL, 1721289095, NULL);
*
INSERT INTO assets(identifier, name, type) VALUES('eip155:8453/erc20:0xd173C2C9386AEE88b1Ca06522C951be67cbf38CC', 'KONTOS', 'C'); INSERT INTO evm_tokens(identifier, token_kind, chain, address, decimals, protocol) VALUES('eip155:8453/erc20:0xd173C2C9386AEE88b1Ca06522C951be67cbf38CC', 'A', 8453, '0xd173C2C9386AEE88b1Ca06522C951be67cbf38CC', 18, NULL); INSERT INTO common_asset_details(identifier, symbol, coingecko, cryptocompare, forked, started, swapped_for) VALUES('eip155:8453/erc20:0xd173C2C9386AEE88b1Ca06522C951be67cbf38CC', 'KOS', 'kontos', '', NULL, 1733718089, NULL);
*
INSERT INTO assets(identifier, name, type) VALUES('ZEREBRO', 'Zerebro', 'Y'); INSERT INTO common_asset_details(identifier, symbol, coingecko, cryptocompare, forked, started, swapped_for) VALUES('ZEREBRO', 'ZEREBRO', 'zerebro', 'ZEREBRO', NULL, 1729835711, NULL);
*
INSERT INTO assets(identifier, name, type) VALUES('eip155:8453/erc20:0xB1a03EdA10342529bBF8EB700a06C60441fEf25d', 'Mister Miggles', 'C'); INSERT INTO evm_tokens(identifier, token_kind, chain, address, decimals, protocol) VALUES('eip155:8453/erc20:0xB1a03EdA10342529bBF8EB700a06C60441fEf25d', 'A', 8453, '0xB1a03EdA10342529bBF8EB700a06C60441fEf25d', 18, NULL); INSERT INTO common_asset_details(identifier, symbol, coingecko, cryptocompare, forked, started, swapped_for) VALUES('eip155:8453/erc20:0xB1a03EdA10342529bBF8EB700a06C60441fEf25d', 'MIGGLES', 'mister-miggles', 'MIGGLES', NULL, 1721147639, NULL);
*
INSERT INTO assets(identifier, name, type) VALUES('MUMU', 'MUMU THE BULL', 'Y'); INSERT INTO common_asset_details(identifier, symbol, coingecko, cryptocompare, forked, started, swapped_for) VALUES('MUMU', 'MUMU', 'mumu-the-bull-3', 'MUMU', NULL, 1710113179, NULL);
*
INSERT INTO assets(identifier, name, type) VALUES('eip155:56/erc20:0x76A797A59Ba2C17726896976B7B3747BfD1d220f', 'Wrapped TON Coin', 'C'); INSERT INTO evm_tokens(identifier, token_kind, chain, address, decimals, protocol) VALUES('eip155:56/erc20:0x76A797A59Ba2C17726896976B7B3747BfD1d220f', 'A', 56, '0x76A797A59Ba2C17726896976B7B3747BfD1d220f', 9, NULL); INSERT INTO common_asset_details(identifier, symbol, coingecko, cryptocompare, forked, started, swapped_for) VALUES('eip155:56/erc20:0x76A797A59Ba2C17726896976B7B3747BfD1d220f', 'TONCOIN', 'the-open-network', 'TON', NULL, 1633015603, NULL);
*
INSERT INTO assets(identifier, name, type) VALUES('FWOG', 'Fwog', 'Y'); INSERT INTO common_asset_details(identifier, symbol, coingecko, cryptocompare, forked, started, swapped_for) VALUES('FWOG', 'FWOG', 'fwog', 'FWOG', NULL, 1722302534, NULL);
*
INSERT INTO assets(identifier, name, type) VALUES('MCG', 'MetalCore', 'Y'); INSERT INTO common_asset_details(identifier, symbol, coingecko, cryptocompare, forked, started, swapped_for) VALUES('MCG', 'MCG', 'metalcore', 'MCG', NULL, 1732754375, NULL);
*
INSERT INTO assets(identifier, name, type) VALUES('eip155:1/erc20:0x1495bc9e44Af1F8BCB62278D2bEC4540cF0C05ea', 'Zero1 Token', 'C'); INSERT INTO evm_tokens(identifier, token_kind, chain, address, decimals, protocol) VALUES('eip155:1/erc20:0x1495bc9e44Af1F8BCB62278D2bEC4540cF0C05ea', 'A', 1, '0x1495bc9e44Af1F8BCB62278D2bEC4540cF0C05ea', 18, NULL); INSERT INTO common_asset_details(identifier, symbol, coingecko, cryptocompare, forked, started, swapped_for) VALUES('eip155:1/erc20:0x1495bc9e44Af1F8BCB62278D2bEC4540cF0C05ea', 'DEAI', 'zero1-labs', 'DEAI', NULL, 1710409439, NULL);
*
INSERT INTO assets(identifier, name, type) VALUES('eip155:1/erc20:0x31b6100F5F4466e6dAeb1edb2f2cE6e548cF8938', 'Puff', 'C'); INSERT INTO evm_tokens(identifier, token_kind, chain, address, decimals, protocol) VALUES('eip155:1/erc20:0x31b6100F5F4466e6dAeb1edb2f2cE6e548cF8938', 'A', 1, '0x31b6100F5F4466e6dAeb1edb2f2cE6e548cF8938', 18, NULL); INSERT INTO common_asset_details(identifier, symbol, coingecko, cryptocompare, forked, started, swapped_for) VALUES('eip155:1/erc20:0x31b6100F5F4466e6dAeb1edb2f2cE6e548cF8938', 'Puff', 'puff-the-dragon', 'PUFF', NULL, 1724329067, NULL);
*
INSERT INTO assets(identifier, name, type) VALUES('eip155:1/erc20:0x23f3D4625AEF6f0b84d50dB1d53516e6015c0c9B', 'Thetanuts Finance Governance Token', 'C'); INSERT INTO evm_tokens(identifier, token_kind, chain, address, decimals, protocol) VALUES('eip155:1/erc20:0x23f3D4625AEF6f0b84d50dB1d53516e6015c0c9B', 'A', 1, '0x23f3D4625AEF6f0b84d50dB1d53516e6015c0c9B', 18, NULL); INSERT INTO common_asset_details(identifier, symbol, coingecko, cryptocompare, forked, started, swapped_for) VALUES('eip155:1/erc20:0x23f3D4625AEF6f0b84d50dB1d53516e6015c0c9B', 'NUTS', 'thetanuts-finance', 'NUTS', NULL, 1715092799, NULL);
*
INSERT INTO assets(identifier, name, type) VALUES('eip155:1/erc20:0x009178997aFf09A67D4cACcFeB897Fb79d036214', '1sol.io', 'C'); INSERT INTO evm_tokens(identifier, token_kind, chain, address, decimals, protocol) VALUES('eip155:1/erc20:0x009178997aFf09A67D4cACcFeB897Fb79d036214', 'A', 1, '0x009178997aFf09A67D4cACcFeB897Fb79d036214', 18, NULL); INSERT INTO common_asset_details(identifier, symbol, coingecko, cryptocompare, forked, started, swapped_for) VALUES('eip155:1/erc20:0x009178997aFf09A67D4cACcFeB897Fb79d036214', '1SOL', '1sol', '1SOL', NULL, 1637146589, NULL);
*
INSERT INTO assets(identifier, name, type) VALUES('eip155:56/erc20:0xB806FA32eBDC04E5Dbdd2ad83E75C8F7D8E8ef8b', 'Web3Camp Token', 'C'); INSERT INTO evm_tokens(identifier, token_kind, chain, address, decimals, protocol) VALUES('eip155:56/erc20:0xB806FA32eBDC04E5Dbdd2ad83E75C8F7D8E8ef8b', 'A', 56, '0xB806FA32eBDC04E5Dbdd2ad83E75C8F7D8E8ef8b', 18, NULL); INSERT INTO common_asset_details(identifier, symbol, coingecko, cryptocompare, forked, started, swapped_for) VALUES('eip155:56/erc20:0xB806FA32eBDC04E5Dbdd2ad83E75C8F7D8E8ef8b', '3P', 'web3camp', '3P', NULL, 1673274355, NULL);
*
INSERT INTO assets(identifier, name, type) VALUES('eip155:1/erc20:0x3bd7d4F524D09F4e331577247A048D56e4b67a7F', '5ire Token', 'C'); INSERT INTO evm_tokens(identifier, token_kind, chain, address, decimals, protocol) VALUES('eip155:1/erc20:0x3bd7d4F524D09F4e331577247A048D56e4b67a7F', 'A', 1, '0x3bd7d4F524D09F4e331577247A048D56e4b67a7F', 18, NULL); INSERT INTO common_asset_details(identifier, symbol, coingecko, cryptocompare, forked, started, swapped_for) VALUES('eip155:1/erc20:0x3bd7d4F524D09F4e331577247A048D56e4b67a7F', '5IRE', '5ire', '5IRE', NULL, 1700397815, NULL);
*
INSERT INTO assets(identifier, name, type) VALUES('eip155:42161/erc20:0xCa4e51F6AD4AFd9d1068E5899De9dd7d73F3463D', 'AARK Token', 'C'); INSERT INTO evm_tokens(identifier, token_kind, chain, address, decimals, protocol) VALUES('eip155:42161/erc20:0xCa4e51F6AD4AFd9d1068E5899De9dd7d73F3463D', 'A', 42161, '0xCa4e51F6AD4AFd9d1068E5899De9dd7d73F3463D', 18, NULL); INSERT INTO common_asset_details(identifier, symbol, coingecko, cryptocompare, forked, started, swapped_for) VALUES('eip155:42161/erc20:0xCa4e51F6AD4AFd9d1068E5899De9dd7d73F3463D', 'AARK', 'aark-digital', 'AARK', NULL, 1711634497, NULL);
*
INSERT INTO assets(identifier, name, type) VALUES('eip155:8453/erc20:0xfbecd19292b1eFfEAA7B2e61F5101DdB6744A1Fb', 'aiPump', 'C'); INSERT INTO evm_tokens(identifier, token_kind, chain, address, decimals, protocol) VALUES('eip155:8453/erc20:0xfbecd19292b1eFfEAA7B2e61F5101DdB6744A1Fb', 'A', 8453, '0xfbecd19292b1eFfEAA7B2e61F5101DdB6744A1Fb', 18, NULL); INSERT INTO common_asset_details(identifier, symbol, coingecko, cryptocompare, forked, started, swapped_for) VALUES('eip155:8453/erc20:0xfbecd19292b1eFfEAA7B2e61F5101DdB6744A1Fb', 'AIPUMP', 'aipump', '', NULL, 1735684761, NULL);
*
INSERT INTO assets(identifier, name, type) VALUES('eip155:137/erc20:0x1A7e49125a6595588c9556f07a4c006461b24545', 'Aki Protocol', 'C'); INSERT INTO evm_tokens(identifier, token_kind, chain, address, decimals, protocol) VALUES('eip155:137/erc20:0x1A7e49125a6595588c9556f07a4c006461b24545', 'A', 137, '0x1A7e49125a6595588c9556f07a4c006461b24545', 18, NULL); INSERT INTO common_asset_details(identifier, symbol, coingecko, cryptocompare, forked, started, swapped_for) VALUES('eip155:137/erc20:0x1A7e49125a6595588c9556f07a4c006461b24545', 'AKI', 'aki-protocol', 'AKI', NULL, 1678612573, NULL);
*
INSERT INTO assets(identifier, name, type) VALUES('ALCH', 'Alchemist AI', 'Y'); INSERT INTO common_asset_details(identifier, symbol, coingecko, cryptocompare, forked, started, swapped_for) VALUES('ALCH', 'ALCH', 'alchemist-ai', '', NULL, 1732730006, NULL);
*
INSERT INTO assets(identifier, name, type) VALUES('ARC', 'AI Rig Complex', 'Y'); INSERT INTO common_asset_details(identifier, symbol, coingecko, cryptocompare, forked, started, swapped_for) VALUES('ARC', 'ARC', 'ai-rig-complex', '', NULL, 1733864951, NULL);
*
INSERT INTO assets(identifier, name, type) VALUES('ARTFI', 'ARTFI', 'W'); INSERT INTO common_asset_details(identifier, symbol, coingecko, cryptocompare, forked, started, swapped_for) VALUES('ARTFI', 'ARTFI', 'artfi', '', NULL, 1717417440, NULL);
*
INSERT INTO assets(identifier, name, type) VALUES('ASI', 'Sender AI', 'W'); INSERT INTO common_asset_details(identifier, symbol, coingecko, cryptocompare, forked, started, swapped_for) VALUES('ASI', 'ASI', 'sender-ai', '', NULL, 1732186800, NULL);
*
INSERT INTO assets(identifier, name, type) VALUES('eip155:1/erc20:0xf477AC7719e2e659001455cDDA0cc8f3aD10b604', 'CryptoAutos', 'C'); INSERT INTO evm_tokens(identifier, token_kind, chain, address, decimals, protocol) VALUES('eip155:1/erc20:0xf477AC7719e2e659001455cDDA0cc8f3aD10b604', 'A', 1, '0xf477AC7719e2e659001455cDDA0cc8f3aD10b604', 18, NULL); INSERT INTO common_asset_details(identifier, symbol, coingecko, cryptocompare, forked, started, swapped_for) VALUES('eip155:1/erc20:0xf477AC7719e2e659001455cDDA0cc8f3aD10b604', 'AUTOS', 'cryptoautos', 'AKI', NULL, 1733481179, NULL);
*
INSERT INTO assets(identifier, name, type) VALUES('eip155:42161/erc20:0x13Ad51ed4F1B7e9Dc168d8a00cB3f4dDD85EfA60', 'Lido DAO Token', 'C'); INSERT INTO evm_tokens(identifier, token_kind, chain, address, decimals, protocol) VALUES('eip155:42161/erc20:0x13Ad51ed4F1B7e9Dc168d8a00cB3f4dDD85EfA60', 'A', 42161, '0x13Ad51ed4F1B7e9Dc168d8a00cB3f4dDD85EfA60', 18, NULL); INSERT INTO common_asset_details(identifier, symbol, coingecko, cryptocompare, forked, started, swapped_for) VALUES('eip155:42161/erc20:0x13Ad51ed4F1B7e9Dc168d8a00cB3f4dDD85EfA60', 'LDO', 'lido-dao', 'LDO', NULL, 1663603333, NULL);
*
INSERT INTO assets(identifier, name, type) VALUES('eip155:137/erc20:0xC3C7d422809852031b44ab29EEC9F1EfF2A58756', 'Lido DAO Token (PoS)', 'C'); INSERT INTO evm_tokens(identifier, token_kind, chain, address, decimals, protocol) VALUES('eip155:137/erc20:0xC3C7d422809852031b44ab29EEC9F1EfF2A58756', 'A', 137, '0xC3C7d422809852031b44ab29EEC9F1EfF2A58756', 18, NULL); INSERT INTO common_asset_details(identifier, symbol, coingecko, cryptocompare, forked, started, swapped_for) VALUES('eip155:137/erc20:0xC3C7d422809852031b44ab29EEC9F1EfF2A58756', 'LDO', 'lido-dao', 'LDO', NULL, 1626688381, NULL);
*
INSERT INTO assets(identifier, name, type) VALUES('eip155:1/erc20:0xEeB4d8400AEefafC1B2953e0094134A887C76Bd8', 'Avail', 'C'); INSERT INTO evm_tokens(identifier, token_kind, chain, address, decimals, protocol) VALUES('eip155:1/erc20:0xEeB4d8400AEefafC1B2953e0094134A887C76Bd8', 'A', 1, '0xEeB4d8400AEefafC1B2953e0094134A887C76Bd8', 18, NULL); INSERT INTO common_asset_details(identifier, symbol, coingecko, cryptocompare, forked, started, swapped_for) VALUES('eip155:1/erc20:0xEeB4d8400AEefafC1B2953e0094134A887C76Bd8', 'AVAIL', 'avail', 'AVAIL', NULL, 1720568915, NULL);
*
INSERT INTO assets(identifier, name, type) VALUES('eip155:8453/erc20:0xd89d90d26B48940FA8F58385Fe84625d468E057a', 'Avail (Wormhole)', 'C'); INSERT INTO evm_tokens(identifier, token_kind, chain, address, decimals, protocol) VALUES('eip155:8453/erc20:0xd89d90d26B48940FA8F58385Fe84625d468E057a', 'A', 8453, '0xd89d90d26B48940FA8F58385Fe84625d468E057a', 18, NULL); INSERT INTO common_asset_details(identifier, symbol, coingecko, cryptocompare, forked, started, swapped_for) VALUES('eip155:8453/erc20:0xd89d90d26B48940FA8F58385Fe84625d468E057a', 'AVAIL', 'avail', 'AVAIL', NULL, 1731865987, NULL);
*
INSERT INTO assets(identifier, name, type) VALUES('AVA', 'Ava AI', 'Y'); INSERT INTO common_asset_details(identifier, symbol, coingecko, cryptocompare, forked, started, swapped_for) VALUES('AVA', 'AVA', 'ava-ai', '', NULL, 1731523296, NULL);
*
INSERT INTO assets(identifier, name, type) VALUES('eip155:56/erc20:0x2d5F3B0722aCd35fbb749cB936dfdd93247BBC95', 'BabyBNB', 'C'); INSERT INTO evm_tokens(identifier, token_kind, chain, address, decimals, protocol) VALUES('eip155:56/erc20:0x2d5F3B0722aCd35fbb749cB936dfdd93247BBC95', 'A', 56, '0x2d5F3B0722aCd35fbb749cB936dfdd93247BBC95', 18, NULL); INSERT INTO common_asset_details(identifier, symbol, coingecko, cryptocompare, forked, started, swapped_for) VALUES('eip155:56/erc20:0x2d5F3B0722aCd35fbb749cB936dfdd93247BBC95', 'BABYBNB', 'baby-bnb', '', NULL, 1727458229, NULL);
*
INSERT INTO assets(identifier, name, type) VALUES('BABYSHARK', 'Baby Shark Meme', 'Y'); INSERT INTO common_asset_details(identifier, symbol, coingecko, cryptocompare, forked, started, swapped_for) VALUES('BABYSHARK', 'BABYSHARK', 'baby-shark-meme', '', NULL, 1735874640, NULL);
*
INSERT INTO assets(identifier, name, type) VALUES('eip155:1/erc20:0xA91ac63D040dEB1b7A5E4d4134aD23eb0ba07e14', 'Bella', 'C'); INSERT INTO evm_tokens(identifier, token_kind, chain, address, decimals, protocol) VALUES('eip155:1/erc20:0xA91ac63D040dEB1b7A5E4d4134aD23eb0ba07e14', 'A', 1, '0xA91ac63D040dEB1b7A5E4d4134aD23eb0ba07e14', 18, NULL); INSERT INTO common_asset_details(identifier, symbol, coingecko, cryptocompare, forked, started, swapped_for) VALUES('eip155:1/erc20:0xA91ac63D040dEB1b7A5E4d4134aD23eb0ba07e14', 'BEL', 'bella-protocol', 'BEL', NULL, 1597392058, NULL);
*
INSERT INTO assets(identifier, name, type) VALUES('eip155:56/erc20:0x8443f091997f06a61670B735ED92734F5628692F', 'Bella Protocol', 'C'); INSERT INTO evm_tokens(identifier, token_kind, chain, address, decimals, protocol) VALUES('eip155:56/erc20:0x8443f091997f06a61670B735ED92734F5628692F', 'A', 56, '0x8443f091997f06a61670B735ED92734F5628692F', 18, NULL); INSERT INTO common_asset_details(identifier, symbol, coingecko, cryptocompare, forked, started, swapped_for) VALUES('eip155:56/erc20:0x8443f091997f06a61670B735ED92734F5628692F', 'BEL', 'bella-protocol', 'BEL', NULL, 1601440951, NULL);
*
INSERT INTO assets(identifier, name, type) VALUES('BERA', 'Berachain', 'B'); INSERT INTO common_asset_details(identifier, symbol, coingecko, cryptocompare, forked, started, swapped_for) VALUES('BERA', 'BERA', 'berachain-bera', 'BERA', NULL, 1737382451, NULL);
*
INSERT INTO assets(identifier, name, type) VALUES('BLUE', 'Bluefin', 'W'); INSERT INTO common_asset_details(identifier, symbol, coingecko, cryptocompare, forked, started, swapped_for) VALUES('BLUE', 'BLUE', 'bluefin', 'BLUE', NULL, 1733362560, NULL);
*
INSERT INTO assets(identifier, name, type) VALUES('eip155:1/erc20:0xf385905e56Db4D8A208b20Aa8a88Dbb225f773d4', 'Bitcoin names', 'C'); INSERT INTO evm_tokens(identifier, token_kind, chain, address, decimals, protocol) VALUES('eip155:1/erc20:0xf385905e56Db4D8A208b20Aa8a88Dbb225f773d4', 'A', 1, '0xf385905e56Db4D8A208b20Aa8a88Dbb225f773d4', 18, NULL); INSERT INTO common_asset_details(identifier, symbol, coingecko, cryptocompare, forked, started, swapped_for) VALUES('eip155:1/erc20:0xf385905e56Db4D8A208b20Aa8a88Dbb225f773d4', 'BN', 'tna-protocol', '', NULL, 1719546311, NULL);
*
INSERT INTO assets(identifier, name, type) VALUES('eip155:42161/erc20:0x7f7d7806F4EB90D63B0b278DAf32a2dB2C2001bD', 'BonusBlock', 'C'); INSERT INTO evm_tokens(identifier, token_kind, chain, address, decimals, protocol) VALUES('eip155:42161/erc20:0x7f7d7806F4EB90D63B0b278DAf32a2dB2C2001bD', 'A', 42161, '0x7f7d7806F4EB90D63B0b278DAf32a2dB2C2001bD', 18, NULL); INSERT INTO common_asset_details(identifier, symbol, coingecko, cryptocompare, forked, started, swapped_for) VALUES('eip155:42161/erc20:0x7f7d7806F4EB90D63B0b278DAf32a2dB2C2001bD', 'BONUS', 'bonusblock', 'BONUS', NULL, 1711059352, NULL);
*
UPDATE common_asset_details SET coingecko='binance-bridged-usdt-bnb-smart-chain', cryptocompare='USDT' WHERE identifier='eip155:56/erc20:0x55d398326f99059fF775485246999027B3197955';
INSERT INTO assets(identifier, name, type) VALUES('eip155:56/erc20:0x55d398326f99059fF775485246999027B3197955', 'Tether USD', 'C'); INSERT INTO evm_tokens(identifier, token_kind, chain, address, decimals, protocol) VALUES('eip155:56/erc20:0x55d398326f99059fF775485246999027B3197955', 'A', 56, '0x55d398326f99059fF775485246999027B3197955', 18, NULL); INSERT INTO common_asset_details(identifier, symbol, coingecko, cryptocompare, forked, started, swapped_for) VALUES('eip155:56/erc20:0x55d398326f99059fF775485246999027B3197955', 'USDT', 'binance-bridged-usdt-bnb-smart-chain', 'USDT', NULL, 1599201028, NULL);
INSERT INTO assets(identifier, name, type) VALUES('eip155:1/erc20:0x01d33FD36ec67c6Ada32cf36b31e88EE190B1839', 'BRZ Token', 'C'); INSERT INTO evm_tokens(identifier, token_kind, chain, address, decimals, protocol) VALUES('eip155:1/erc20:0x01d33FD36ec67c6Ada32cf36b31e88EE190B1839', 'A', 1, '0x01d33FD36ec67c6Ada32cf36b31e88EE190B1839', 18, NULL); INSERT INTO common_asset_details(identifier, symbol, coingecko, cryptocompare, forked, started, swapped_for) VALUES('eip155:1/erc20:0x01d33FD36ec67c6Ada32cf36b31e88EE190B1839', 'BRZ', 'brz', 'BRZ', NULL, 1687217699, NULL);
*
INSERT INTO assets(identifier, name, type) VALUES('eip155:56/erc20:0x71be881e9C5d4465B3FfF61e89c6f3651E69B5bb', 'BRZ Token', 'C'); INSERT INTO evm_tokens(identifier, token_kind, chain, address, decimals, protocol) VALUES('eip155:56/erc20:0x71be881e9C5d4465B3FfF61e89c6f3651E69B5bb', 'A', 56, '0x71be881e9C5d4465B3FfF61e89c6f3651E69B5bb', 4, NULL); INSERT INTO common_asset_details(identifier, symbol, coingecko, cryptocompare, forked, started, swapped_for) VALUES('eip155:56/erc20:0x71be881e9C5d4465B3FfF61e89c6f3651E69B5bb', 'BRZ', 'brz', 'BRZ', NULL, 1615169874, NULL);
*
INSERT INTO assets(identifier, name, type) VALUES('eip155:137/erc20:0x4eD141110F6EeeAbA9A1df36d8c26f684d2475Dc', 'BRZ Token', 'C'); INSERT INTO evm_tokens(identifier, token_kind, chain, address, decimals, protocol) VALUES('eip155:137/erc20:0x4eD141110F6EeeAbA9A1df36d8c26f684d2475Dc', 'A', 137, '0x4eD141110F6EeeAbA9A1df36d8c26f684d2475Dc', 18, NULL); INSERT INTO common_asset_details(identifier, symbol, coingecko, cryptocompare, forked, started, swapped_for) VALUES('eip155:137/erc20:0x4eD141110F6EeeAbA9A1df36d8c26f684d2475Dc', 'BRZ', 'brz', 'BRZ', NULL, 1687279616, NULL);
*
INSERT INTO assets(identifier, name, type) VALUES('eip155:43114/erc20:0x491a4eB4f1FC3BfF8E1d2FC856a6A46663aD556f', 'BRZ', 'C'); INSERT INTO evm_tokens(identifier, token_kind, chain, address, decimals, protocol) VALUES('eip155:43114/erc20:0x491a4eB4f1FC3BfF8E1d2FC856a6A46663aD556f', 'A', 43114, '0x491a4eB4f1FC3BfF8E1d2FC856a6A46663aD556f', 4, NULL); INSERT INTO common_asset_details(identifier, symbol, coingecko, cryptocompare, forked, started, swapped_for) VALUES('eip155:43114/erc20:0x491a4eB4f1FC3BfF8E1d2FC856a6A46663aD556f', 'BRZ', 'brz', 'BRZ', NULL, 1653400629, NULL);
*
INSERT INTO assets(identifier, name, type) VALUES('BTF', 'Bitfinity Network', 'B'); INSERT INTO common_asset_details(identifier, symbol, coingecko, cryptocompare, forked, started, swapped_for) VALUES('BTF', 'BTF', 'bitfinity-network', '', NULL, 1718633091, NULL);
*
INSERT INTO assets(identifier, name, type) VALUES('eip155:1/erc20:0x03Be5C903c727Ee2C8C4e9bc0AcC860Cca4715e2', 'Capsule Coin', 'C'); INSERT INTO evm_tokens(identifier, token_kind, chain, address, decimals, protocol) VALUES('eip155:1/erc20:0x03Be5C903c727Ee2C8C4e9bc0AcC860Cca4715e2', 'A', 1, '0x03Be5C903c727Ee2C8C4e9bc0AcC860Cca4715e2', 18, NULL); INSERT INTO common_asset_details(identifier, symbol, coingecko, cryptocompare, forked, started, swapped_for) VALUES('eip155:1/erc20:0x03Be5C903c727Ee2C8C4e9bc0AcC860Cca4715e2', 'CAPS', 'coin-capsule', 'CAPS', NULL, 1614363963, NULL);
*
INSERT INTO assets(identifier, name, type) VALUES('eip155:56/erc20:0xFfBa7529AC181c2Ee1844548e6D7061c9A597dF4', 'Capsule Coin', 'C'); INSERT INTO evm_tokens(identifier, token_kind, chain, address, decimals, protocol) VALUES('eip155:56/erc20:0xFfBa7529AC181c2Ee1844548e6D7061c9A597dF4', 'A', 56, '0xFfBa7529AC181c2Ee1844548e6D7061c9A597dF4', 18, NULL); INSERT INTO common_asset_details(identifier, symbol, coingecko, cryptocompare, forked, started, swapped_for) VALUES('eip155:56/erc20:0xFfBa7529AC181c2Ee1844548e6D7061c9A597dF4', 'CAPS', 'coin-capsule', 'CAPS', NULL, 1624102103, NULL);
*
INSERT INTO assets(identifier, name, type) VALUES('eip155:1/erc20:0xc08Cd26474722cE93F4D0c34D16201461c10AA8C', 'CARV', 'C'); INSERT INTO evm_tokens(identifier, token_kind, chain, address, decimals, protocol) VALUES('eip155:1/erc20:0xc08Cd26474722cE93F4D0c34D16201461c10AA8C', 'A', 1, '0xc08Cd26474722cE93F4D0c34D16201461c10AA8C', 18, NULL); INSERT INTO common_asset_details(identifier, symbol, coingecko, cryptocompare, forked, started, swapped_for) VALUES('eip155:1/erc20:0xc08Cd26474722cE93F4D0c34D16201461c10AA8C', 'CARV', 'carv', 'CARV', NULL, 1721289551, NULL);
*
INSERT INTO assets(identifier, name, type) VALUES('eip155:42161/erc20:0xc08Cd26474722cE93F4D0c34D16201461c10AA8C', 'CARV', 'C'); INSERT INTO evm_tokens(identifier, token_kind, chain, address, decimals, protocol) VALUES('eip155:42161/erc20:0xc08Cd26474722cE93F4D0c34D16201461c10AA8C', 'A', 42161, '0xc08Cd26474722cE93F4D0c34D16201461c10AA8C', 18, NULL); INSERT INTO common_asset_details(identifier, symbol, coingecko, cryptocompare, forked, started, swapped_for) VALUES('eip155:42161/erc20:0xc08Cd26474722cE93F4D0c34D16201461c10AA8C', 'CARV', 'carv', 'CARV', NULL, 1721289768, NULL);
*
INSERT INTO assets(identifier, name, type) VALUES('eip155:8453/erc20:0xc08Cd26474722cE93F4D0c34D16201461c10AA8C', 'CARV', 'C'); INSERT INTO evm_tokens(identifier, token_kind, chain, address, decimals, protocol) VALUES('eip155:8453/erc20:0xc08Cd26474722cE93F4D0c34D16201461c10AA8C', 'A', 8453, '0xc08Cd26474722cE93F4D0c34D16201461c10AA8C', 18, NULL); INSERT INTO common_asset_details(identifier, symbol, coingecko, cryptocompare, forked, started, swapped_for) VALUES('eip155:8453/erc20:0xc08Cd26474722cE93F4D0c34D16201461c10AA8C', 'CARV', 'carv', 'CARV', NULL, 1724989179, NULL);
*
INSERT INTO assets(identifier, name, type) VALUES('eip155:56/erc20:0x7e3784220740e61dC700501bd6771226E11d8897', 'Cyber Arena Token', 'C'); INSERT INTO evm_tokens(identifier, token_kind, chain, address, decimals, protocol) VALUES('eip155:56/erc20:0x7e3784220740e61dC700501bd6771226E11d8897', 'A', 56, '0x7e3784220740e61dC700501bd6771226E11d8897', 18, NULL); INSERT INTO common_asset_details(identifier, symbol, coingecko, cryptocompare, forked, started, swapped_for) VALUES('eip155:56/erc20:0x7e3784220740e61dC700501bd6771226E11d8897', 'CAT', 'cyber-arena', '', NULL, 1685298110, NULL);
*
INSERT INTO assets(identifier, name, type) VALUES('CATS', 'CATS', 'W'); INSERT INTO common_asset_details(identifier, symbol, coingecko, cryptocompare, forked, started, swapped_for) VALUES('CATS', 'CATS', 'cats-2', '', NULL, 1728031200, NULL);
*
INSERT INTO assets(identifier, name, type) VALUES('eip155:1/erc20:0x37FC4b48CE93469dbEA9918468993C735049642a', 'CropBytes', 'C'); INSERT INTO evm_tokens(identifier, token_kind, chain, address, decimals, protocol) VALUES('eip155:1/erc20:0x37FC4b48CE93469dbEA9918468993C735049642a', 'A', 1, '0x37FC4b48CE93469dbEA9918468993C735049642a', 18, NULL); INSERT INTO common_asset_details(identifier, symbol, coingecko, cryptocompare, forked, started, swapped_for) VALUES('eip155:1/erc20:0x37FC4b48CE93469dbEA9918468993C735049642a', 'CBX', 'cropbytes', 'CBX', NULL, 1635388014, NULL);
*
INSERT INTO assets(identifier, name, type) VALUES('eip155:1/erc20:0x70EDF1c215D0ce69E7F16FD4E6276ba0d99d4de7', 'cheqd', 'C'); INSERT INTO evm_tokens(identifier, token_kind, chain, address, decimals, protocol) VALUES('eip155:1/erc20:0x70EDF1c215D0ce69E7F16FD4E6276ba0d99d4de7', 'A', 1, '0x70EDF1c215D0ce69E7F16FD4E6276ba0d99d4de7', 9, NULL); INSERT INTO common_asset_details(identifier, symbol, coingecko, cryptocompare, forked, started, swapped_for) VALUES('eip155:1/erc20:0x70EDF1c215D0ce69E7F16FD4E6276ba0d99d4de7', 'CHEQ', 'cheqd-network', 'CHEQ', NULL, 1647371537, NULL);
*
INSERT INTO assets(identifier, name, type) VALUES('CHIRP', 'Chirp Token', 'W'); INSERT INTO common_asset_details(identifier, symbol, coingecko, cryptocompare, forked, started, swapped_for) VALUES('CHIRP', 'CHIRP', 'chirp-token', '', NULL, 1733735880, NULL);
*
INSERT INTO assets(identifier, name, type) VALUES('eip155:1/erc20:0xBBa39Fd2935d5769116ce38d46a71bde9cf03099', 'choise.com Token', 'C'); INSERT INTO evm_tokens(identifier, token_kind, chain, address, decimals, protocol) VALUES('eip155:1/erc20:0xBBa39Fd2935d5769116ce38d46a71bde9cf03099', 'A', 1, '0xBBa39Fd2935d5769116ce38d46a71bde9cf03099', 18, NULL); INSERT INTO common_asset_details(identifier, symbol, coingecko, cryptocompare, forked, started, swapped_for) VALUES('eip155:1/erc20:0xBBa39Fd2935d5769116ce38d46a71bde9cf03099', 'CHO', 'choise', 'CHO', NULL, 1643116797, NULL);
*
INSERT INTO assets(identifier, name, type) VALUES('eip155:56/erc20:0x6cF8e39252Bee00D168Bd25BDf5834347D78e346', 'choise.com Token', 'C'); INSERT INTO evm_tokens(identifier, token_kind, chain, address, decimals, protocol) VALUES('eip155:56/erc20:0x6cF8e39252Bee00D168Bd25BDf5834347D78e346', 'A', 56, '0x6cF8e39252Bee00D168Bd25BDf5834347D78e346', 18, NULL); INSERT INTO common_asset_details(identifier, symbol, coingecko, cryptocompare, forked, started, swapped_for) VALUES('eip155:56/erc20:0x6cF8e39252Bee00D168Bd25BDf5834347D78e346', 'CHO', 'choise', 'CHO', NULL, 1713529981, NULL);
*
INSERT INTO assets(identifier, name, type) VALUES('CLAY', 'Clayton', 'W'); INSERT INTO common_asset_details(identifier, symbol, coingecko, cryptocompare, forked, started, swapped_for) VALUES('CLAY', 'CLAY', 'clayton', '', NULL, 1737036720, NULL);
*
INSERT INTO assets(identifier, name, type) VALUES('CLOUD', 'Cloud', 'Y'); INSERT INTO common_asset_details(identifier, symbol, coingecko, cryptocompare, forked, started, swapped_for) VALUES('CLOUD', 'CLOUD', 'sanctum-2', 'CLOUD', NULL, 1720883375, NULL);
*
INSERT INTO assets(identifier, name, type) VALUES('eip155:1/erc20:0xE6829d9a7eE3040e1276Fa75293Bde931859e8fA', 'cmETH', 'C'); INSERT INTO evm_tokens(identifier, token_kind, chain, address, decimals, protocol) VALUES('eip155:1/erc20:0xE6829d9a7eE3040e1276Fa75293Bde931859e8fA', 'A', 1, '0xE6829d9a7eE3040e1276Fa75293Bde931859e8fA', 18, NULL); INSERT INTO common_asset_details(identifier, symbol, coingecko, cryptocompare, forked, started, swapped_for) VALUES('eip155:1/erc20:0xE6829d9a7eE3040e1276Fa75293Bde931859e8fA', 'cmETH', 'mantle-restaked-eth', 'CMETH', NULL, 1722581387, NULL);
*
