INSERT INTO assets(identifier, name, type) VALUES ('eip155:1/erc20:0x5D409e56D886231aDAf00c8775665AD0f9897b56', 'Compound USDS', 'C'); INSERT INTO common_asset_details (identifier, symbol, coingecko, cryptocompare, forked, started, swapped_for) VALUES ('eip155:1/erc20:0x5D409e56D886231aDAf00c8775665AD0f9897b56', 'cUSDSv3', NULL, NULL, NULL, 1729195427, NULL); INSERT INTO evm_tokens (identifier, token_kind, chain, address, decimals, protocol) VALUES ('eip155:1/erc20:0x5D409e56D886231aDAf00c8775665AD0f9897b56', 'A', 1, '0x5D409e56D886231aDAf00c8775665AD0f9897b56', 18, 'compound-v3'); INSERT INTO underlying_tokens_list(identifier, weight, parent_token_entry) VALUES('eip155:1/erc20:0xdC035D45d973E3EC169d2276DDab16f1e407384F', '1.0', 'eip155:1/erc20:0x5D409e56D886231aDAf00c8775665AD0f9897b56');
*
INSERT INTO assets(identifier, name, type) VALUES ('eip155:8453/erc20:0x784efeB622244d2348d4F2522f8860B96fbEcE89', 'Compound AERO', 'C');INSERT INTO common_asset_details (identifier, symbol, coingecko, cryptocompare, forked, started, swapped_for) VALUES ('eip155:8453/erc20:0x784efeB622244d2348d4F2522f8860B96fbEcE89', 'cAEROv3', NULL, NULL, NULL, 1728494157, NULL);INSERT INTO evm_tokens (identifier, token_kind, chain, address, decimals, protocol) VALUES ('eip155:8453/erc20:0x784efeB622244d2348d4F2522f8860B96fbEcE89', 'A', 8453, '0x784efeB622244d2348d4F2522f8860B96fbEcE89', 18, 'compound-v3');INSERT INTO underlying_tokens_list(identifier, weight, parent_token_entry) VALUES('eip155:8453/erc20:0x940181a94A35A4569E4529A3CDfB74e38FD98631', '1.0', 'eip155:8453/erc20:0x784efeB622244d2348d4F2522f8860B96fbEcE89');
*
INSERT INTO assets(identifier, name, type) VALUES ('eip155:10/erc20:0x995E394b8B2437aC8Ce61Ee0bC610D617962B214', 'Compound USDT', 'C');INSERT INTO common_asset_details (identifier, symbol, coingecko, cryptocompare, forked, started, swapped_for) VALUES ('eip155:10/erc20:0x995E394b8B2437aC8Ce61Ee0bC610D617962B214', 'cUSDTv3', NULL, NULL, NULL, 1716189905, NULL);INSERT INTO evm_tokens (identifier, token_kind, chain, address, decimals, protocol) VALUES ('eip155:10/erc20:0x995E394b8B2437aC8Ce61Ee0bC610D617962B214', 'A', 10, '0x995E394b8B2437aC8Ce61Ee0bC610D617962B214', 6, 'compound-v3');INSERT INTO underlying_tokens_list(identifier, weight, parent_token_entry) VALUES('eip155:10/erc20:0x94b008aA00579c1307B0EF2c499aD98a8ce58e58', '1.0', 'eip155:10/erc20:0x995E394b8B2437aC8Ce61Ee0bC610D617962B214');
*
INSERT INTO assets(identifier, name, type) VALUES ('eip155:10/erc20:0xE36A30D249f7761327fd973001A32010b521b6Fd', 'Compound WETH', 'C');INSERT INTO common_asset_details (identifier, symbol, coingecko, cryptocompare, forked, started, swapped_for) VALUES ('eip155:10/erc20:0xE36A30D249f7761327fd973001A32010b521b6Fd', 'cWETHv3', NULL, NULL, NULL, 1721059241, NULL);INSERT INTO evm_tokens (identifier, token_kind, chain, address, decimals, protocol) VALUES ('eip155:10/erc20:0xE36A30D249f7761327fd973001A32010b521b6Fd', 'A', 10, '0xE36A30D249f7761327fd973001A32010b521b6Fd', 18, 'compound-v3');
*
INSERT INTO assets(identifier, name, type) VALUES('eip155:1/erc20:0xb01dd87B29d187F3E3a4Bf6cdAebfb97F3D9aB98', 'Bold Stablecoin', 'C'); INSERT INTO evm_tokens(identifier, token_kind, chain, address, decimals, protocol) VALUES('eip155:1/erc20:0xb01dd87B29d187F3E3a4Bf6cdAebfb97F3D9aB98', 'A', 1, '0xb01dd87B29d187F3E3a4Bf6cdAebfb97F3D9aB98', 18, NULL); INSERT INTO common_asset_details(identifier, symbol, coingecko, cryptocompare, forked, started, swapped_for) VALUES('eip155:1/erc20:0xb01dd87B29d187F3E3a4Bf6cdAebfb97F3D9aB98', 'Bold', 'liquity-bold', '', NULL, 1737067415, NULL);
*
INSERT INTO assets(identifier, name, type) VALUES('eip155:10/erc20:0x087C440F251Ff6Cfe62B86DdE1bE558B95b4bb9b', 'Bold Stablecoin', 'C'); INSERT INTO evm_tokens(identifier, token_kind, chain, address, decimals, protocol) VALUES('eip155:10/erc20:0x087C440F251Ff6Cfe62B86DdE1bE558B95b4bb9b', 'A', 10, '0x087C440F251Ff6Cfe62B86DdE1bE558B95b4bb9b', 18, NULL); INSERT INTO common_asset_details(identifier, symbol, coingecko, cryptocompare, forked, started, swapped_for) VALUES('eip155:10/erc20:0x087C440F251Ff6Cfe62B86DdE1bE558B95b4bb9b', 'Bold', 'liquity-bold', '', NULL, 1737099205, NULL);
*
INSERT INTO assets(identifier, name, type) VALUES('eip155:534352/erc20:0x087C440F251Ff6Cfe62B86DdE1bE558B95b4bb9b', 'Bold Stablecoin', 'C'); INSERT INTO evm_tokens(identifier, token_kind, chain, address, decimals, protocol) VALUES('eip155:534352/erc20:0x087C440F251Ff6Cfe62B86DdE1bE558B95b4bb9b', 'A', 534352, '0x087C440F251Ff6Cfe62B86DdE1bE558B95b4bb9b', 18, NULL); INSERT INTO common_asset_details(identifier, symbol, coingecko, cryptocompare, forked, started, swapped_for) VALUES('eip155:534352/erc20:0x087C440F251Ff6Cfe62B86DdE1bE558B95b4bb9b', 'Bold', 'liquity-bold', '', NULL, 1737098757, NULL);
*
INSERT INTO assets(identifier, name, type) VALUES('eip155:42161/erc20:0x087C440F251Ff6Cfe62B86DdE1bE558B95b4bb9b', 'Bold Stablecoin', 'C'); INSERT INTO evm_tokens(identifier, token_kind, chain, address, decimals, protocol) VALUES('eip155:42161/erc20:0x087C440F251Ff6Cfe62B86DdE1bE558B95b4bb9b', 'A', 42161, '0x087C440F251Ff6Cfe62B86DdE1bE558B95b4bb9b', 18, NULL); INSERT INTO common_asset_details(identifier, symbol, coingecko, cryptocompare, forked, started, swapped_for) VALUES('eip155:42161/erc20:0x087C440F251Ff6Cfe62B86DdE1bE558B95b4bb9b', 'Bold', 'liquity-bold', '', NULL, 1737098486, NULL);
*
INSERT INTO assets(identifier, name, type) VALUES('eip155:43114/erc20:0x087C440F251Ff6Cfe62B86DdE1bE558B95b4bb9b', 'Bold Stablecoin', 'C'); INSERT INTO evm_tokens(identifier, token_kind, chain, address, decimals, protocol) VALUES('eip155:43114/erc20:0x087C440F251Ff6Cfe62B86DdE1bE558B95b4bb9b', 'A', 43114, '0x087C440F251Ff6Cfe62B86DdE1bE558B95b4bb9b', 18, NULL); INSERT INTO common_asset_details(identifier, symbol, coingecko, cryptocompare, forked, started, swapped_for) VALUES('eip155:43114/erc20:0x087C440F251Ff6Cfe62B86DdE1bE558B95b4bb9b', 'Bold', 'liquity-bold', '', NULL, 1737099530, NULL);
*
INSERT INTO assets(identifier, name, type) VALUES("eip155:1/erc20:0x477a3d269266994F15E9C43A8D9C0561C4928088", "Y", "C"); INSERT INTO evm_tokens(identifier, token_kind, chain, address, decimals, protocol) VALUES("eip155:1/erc20:0x477a3d269266994F15E9C43A8D9C0561C4928088", "A", 1, "0x477a3d269266994F15E9C43A8D9C0561C4928088", 18, NULL); INSERT INTO common_asset_details(identifier, symbol, coingecko, cryptocompare, forked, started, swapped_for) VALUES("eip155:1/erc20:0x477a3d269266994F15E9C43A8D9C0561C4928088", "YAI", "y", "YAI", NULL, 1711574495, NULL);
*
INSERT INTO assets(identifier, name, type) VALUES("eip155:1/erc20:0x1039BaE6254178EE2f6123cD64CDE9e4CA79D779", "Wukong Musk", "C"); INSERT INTO evm_tokens(identifier, token_kind, chain, address, decimals, protocol) VALUES("eip155:1/erc20:0x1039BaE6254178EE2f6123cD64CDE9e4CA79D779", "A", 1, "0x1039BaE6254178EE2f6123cD64CDE9e4CA79D779", 18, NULL); INSERT INTO common_asset_details(identifier, symbol, coingecko, cryptocompare, forked, started, swapped_for) VALUES("eip155:1/erc20:0x1039BaE6254178EE2f6123cD64CDE9e4CA79D779", "WUKONG", "wukong-musk", "", NULL, 1725675875, NULL);
*
INSERT INTO assets(identifier, name, type) VALUES("eip155:1/erc20:0x7F9b09f4717072CF4DC18b95D1b09E2B30C76790", "VaultTech", "C"); INSERT INTO evm_tokens(identifier, token_kind, chain, address, decimals, protocol) VALUES("eip155:1/erc20:0x7F9b09f4717072CF4DC18b95D1b09E2B30C76790", "A", 1, "0x7F9b09f4717072CF4DC18b95D1b09E2B30C76790", 18, NULL); INSERT INTO common_asset_details(identifier, symbol, coingecko, cryptocompare, forked, started, swapped_for) VALUES("eip155:1/erc20:0x7F9b09f4717072CF4DC18b95D1b09E2B30C76790", "$VAULT", "vaulttech", "VAULT", NULL, 1698372539, NULL);
*
INSERT INTO assets(identifier, name, type) VALUES("eip155:1/erc20:0x6900F7B42fb4abb615c938DB6a26d73a9AFbed69", "US Degen Index 6900", "C"); INSERT INTO evm_tokens(identifier, token_kind, chain, address, decimals, protocol) VALUES("eip155:1/erc20:0x6900F7B42fb4abb615c938DB6a26d73a9AFbed69", "A", 1, "0x6900F7B42fb4abb615c938DB6a26d73a9AFbed69", 18, NULL); INSERT INTO common_asset_details(identifier, symbol, coingecko, cryptocompare, forked, started, swapped_for) VALUES("eip155:1/erc20:0x6900F7B42fb4abb615c938DB6a26d73a9AFbed69", "DXY", "us-degen-index-6900", "DXY", NULL, 1728326939, NULL);
*
INSERT INTO assets(identifier, name, type) VALUES("eip155:1/erc20:0x8C7AC134ED985367EADC6F727d79E8295E11435c", "The Balkan Dwarf", "C"); INSERT INTO evm_tokens(identifier, token_kind, chain, address, decimals, protocol) VALUES("eip155:1/erc20:0x8C7AC134ED985367EADC6F727d79E8295E11435c", "A", 1, "0x8C7AC134ED985367EADC6F727d79E8295E11435c", 18, NULL); INSERT INTO common_asset_details(identifier, symbol, coingecko, cryptocompare, forked, started, swapped_for) VALUES("eip155:1/erc20:0x8C7AC134ED985367EADC6F727d79E8295E11435c", "Kekec", "the-balkan-dwarf", "KEKEC", NULL, 1698433619, NULL);
*
INSERT INTO assets(identifier, name, type) VALUES("eip155:8453/erc20:0x1185cB5122Edad199BdBC0cbd7a0457E448f23c7", "sekoia by Virtuals", "C"); INSERT INTO evm_tokens(identifier, token_kind, chain, address, decimals, protocol) VALUES("eip155:8453/erc20:0x1185cB5122Edad199BdBC0cbd7a0457E448f23c7", "A", 8453, "0x1185cB5122Edad199BdBC0cbd7a0457E448f23c7", 18, NULL); INSERT INTO common_asset_details(identifier, symbol, coingecko, cryptocompare, forked, started, swapped_for) VALUES("eip155:8453/erc20:0x1185cB5122Edad199BdBC0cbd7a0457E448f23c7", "SEKOIA", "sekoia-by-virtuals", "SEKOIA", NULL, 1730057321, NULL);
*
INSERT INTO assets(identifier, name, type) VALUES("eip155:1/erc20:0x046EeE2cc3188071C02BfC1745A6b17c656e3f3d", "Rollbit Coin", "C"); INSERT INTO evm_tokens(identifier, token_kind, chain, address, decimals, protocol) VALUES("eip155:1/erc20:0x046EeE2cc3188071C02BfC1745A6b17c656e3f3d", "A", 1, "0x046EeE2cc3188071C02BfC1745A6b17c656e3f3d", 18, NULL); INSERT INTO common_asset_details(identifier, symbol, coingecko, cryptocompare, forked, started, swapped_for) VALUES("eip155:1/erc20:0x046EeE2cc3188071C02BfC1745A6b17c656e3f3d", "RLB", "rollbit-coin", "RLB", NULL, 1687978775, NULL);
*
INSERT INTO assets(identifier, name, type) VALUES("eip155:56/erc20:0x5043F271095350c5ac7db2384A0d9337E27c1055", "Perry", "C"); INSERT INTO evm_tokens(identifier, token_kind, chain, address, decimals, protocol) VALUES("eip155:56/erc20:0x5043F271095350c5ac7db2384A0d9337E27c1055", "A", 56, "0x5043F271095350c5ac7db2384A0d9337E27c1055", 18, NULL); INSERT INTO common_asset_details(identifier, symbol, coingecko, cryptocompare, forked, started, swapped_for) VALUES("eip155:56/erc20:0x5043F271095350c5ac7db2384A0d9337E27c1055", "PERRY", "perry", "PERRY", NULL, 1739382905, NULL);
*
INSERT INTO assets(identifier, name, type) VALUES("eip155:1/erc20:0xD8E8438CF7bEEd13cFABC82F300Fb6573962c9e3", "Pepoclown", "C"); INSERT INTO evm_tokens(identifier, token_kind, chain, address, decimals, protocol) VALUES("eip155:1/erc20:0xD8E8438CF7bEEd13cFABC82F300Fb6573962c9e3", "A", 1, "0xD8E8438CF7bEEd13cFABC82F300Fb6573962c9e3", 9, NULL); INSERT INTO common_asset_details(identifier, symbol, coingecko, cryptocompare, forked, started, swapped_for) VALUES("eip155:1/erc20:0xD8E8438CF7bEEd13cFABC82F300Fb6573962c9e3", "HONK", "pepoclown", "", NULL, 1717284839, NULL);
*
INSERT INTO assets(identifier, name, type) VALUES("eip155:1/erc20:0xb131f4A55907B10d1F0A50d8ab8FA09EC342cd74", "Memecoin", "C"); INSERT INTO evm_tokens(identifier, token_kind, chain, address, decimals, protocol) VALUES("eip155:1/erc20:0xb131f4A55907B10d1F0A50d8ab8FA09EC342cd74", "A", 1, "0xb131f4A55907B10d1F0A50d8ab8FA09EC342cd74", 18, NULL); INSERT INTO common_asset_details(identifier, symbol, coingecko, cryptocompare, forked, started, swapped_for) VALUES("eip155:1/erc20:0xb131f4A55907B10d1F0A50d8ab8FA09EC342cd74", "MEME", "memecoin-2", "MEME", NULL, 1698263399, NULL);
*
INSERT INTO assets(identifier, name, type) VALUES("eip155:8453/erc20:0x3AfEae00a594fbf2E4049f924E3c6AC93296B6e8", "Mamba", "C"); INSERT INTO evm_tokens(identifier, token_kind, chain, address, decimals, protocol) VALUES("eip155:8453/erc20:0x3AfEae00a594fbf2E4049f924E3c6AC93296B6e8", "A", 8453, "0x3AfEae00a594fbf2E4049f924E3c6AC93296B6e8", 18, NULL); INSERT INTO common_asset_details(identifier, symbol, coingecko, cryptocompare, forked, started, swapped_for) VALUES("eip155:8453/erc20:0x3AfEae00a594fbf2E4049f924E3c6AC93296B6e8", "MAMBA", "mamba", "MAMBA", NULL, 1716993919, NULL);
*
INSERT INTO assets(identifier, name, type) VALUES("eip155:1/erc20:0xAf05Ce8A2Cef336006E933c02fc89887F5B3C726", "Lockheed Martin Inu", "C"); INSERT INTO evm_tokens(identifier, token_kind, chain, address, decimals, protocol) VALUES("eip155:1/erc20:0xAf05Ce8A2Cef336006E933c02fc89887F5B3C726", "A", 1, "0xAf05Ce8A2Cef336006E933c02fc89887F5B3C726", 18, NULL); INSERT INTO common_asset_details(identifier, symbol, coingecko, cryptocompare, forked, started, swapped_for) VALUES("eip155:1/erc20:0xAf05Ce8A2Cef336006E933c02fc89887F5B3C726", "LMI", "lockheed-martin-inu", "", NULL, 1697684987, NULL);
*
INSERT INTO assets(identifier, name, type) VALUES("eip155:1/erc20:0xA045Fe936E26e1e1e1Fb27C1f2Ae3643acde0171", "Kai Ken", "C"); INSERT INTO evm_tokens(identifier, token_kind, chain, address, decimals, protocol) VALUES("eip155:1/erc20:0xA045Fe936E26e1e1e1Fb27C1f2Ae3643acde0171", "A", 1, "0xA045Fe936E26e1e1e1Fb27C1f2Ae3643acde0171", 9, NULL); INSERT INTO common_asset_details(identifier, symbol, coingecko, cryptocompare, forked, started, swapped_for) VALUES("eip155:1/erc20:0xA045Fe936E26e1e1e1Fb27C1f2Ae3643acde0171", "KAI", "kai-ken", "KAIK", NULL, 1718189879, NULL);
*
INSERT INTO assets(identifier, name, type) VALUES("eip155:1/erc20:0xb3E41D6e0ea14b43BC5DE3C314A408af171b03dD", "Kabosu", "C"); INSERT INTO evm_tokens(identifier, token_kind, chain, address, decimals, protocol) VALUES("eip155:1/erc20:0xb3E41D6e0ea14b43BC5DE3C314A408af171b03dD", "A", 1, "0xb3E41D6e0ea14b43BC5DE3C314A408af171b03dD", 9, NULL); INSERT INTO common_asset_details(identifier, symbol, coingecko, cryptocompare, forked, started, swapped_for) VALUES("eip155:1/erc20:0xb3E41D6e0ea14b43BC5DE3C314A408af171b03dD", "KABOSU", "kabosu-kabosucoin-erc", "KABOSU", NULL, 1729068611, NULL);
*
INSERT INTO assets(identifier, name, type) VALUES("eip155:1/erc20:0x793A5D8b30Aab326F83d20a9370C827fEA8Fdc51", "Gorilla In A Coupe", "C"); INSERT INTO evm_tokens(identifier, token_kind, chain, address, decimals, protocol) VALUES("eip155:1/erc20:0x793A5D8b30Aab326F83d20a9370C827fEA8Fdc51", "A", 1, "0x793A5D8b30Aab326F83d20a9370C827fEA8Fdc51", 18, NULL); INSERT INTO common_asset_details(identifier, symbol, coingecko, cryptocompare, forked, started, swapped_for) VALUES("eip155:1/erc20:0x793A5D8b30Aab326F83d20a9370C827fEA8Fdc51", "GIAC", "gorilla-in-a-coupe", "GIAC", NULL, 1710150023, NULL);
*
INSERT INTO assets(identifier, name, type) VALUES("eip155:1/erc20:0xD015422879A1308ba557510345E944B912b9aB73", "FreeTrump", "C"); INSERT INTO evm_tokens(identifier, token_kind, chain, address, decimals, protocol) VALUES("eip155:1/erc20:0xD015422879A1308ba557510345E944B912b9aB73", "A", 1, "0xD015422879A1308ba557510345E944B912b9aB73", 18, NULL); INSERT INTO common_asset_details(identifier, symbol, coingecko, cryptocompare, forked, started, swapped_for) VALUES("eip155:1/erc20:0xD015422879A1308ba557510345E944B912b9aB73", "TRUMP ", "freetrump", "FREET", NULL, 1679155271, NULL);
*
INSERT INTO assets(identifier, name, type) VALUES("eip155:1/erc20:0x7E7Ef0ee0305c1C195fcAe22FD7b207a813EEF86", "Fiona", "C"); INSERT INTO evm_tokens(identifier, token_kind, chain, address, decimals, protocol) VALUES("eip155:1/erc20:0x7E7Ef0ee0305c1C195fcAe22FD7b207a813EEF86", "A", 1, "0x7E7Ef0ee0305c1C195fcAe22FD7b207a813EEF86", 9, NULL); INSERT INTO common_asset_details(identifier, symbol, coingecko, cryptocompare, forked, started, swapped_for) VALUES("eip155:1/erc20:0x7E7Ef0ee0305c1C195fcAe22FD7b207a813EEF86", "FIONA", "fiona", "FIONA", NULL, 1728364931, NULL);
*
INSERT INTO assets(identifier, name, type) VALUES("eip155:1/erc20:0x699Ec925118567b6475Fe495327ba0a778234AaA", "Ducky", "C"); INSERT INTO evm_tokens(identifier, token_kind, chain, address, decimals, protocol) VALUES("eip155:1/erc20:0x699Ec925118567b6475Fe495327ba0a778234AaA", "A", 1, "0x699Ec925118567b6475Fe495327ba0a778234AaA", 9, NULL); INSERT INTO common_asset_details(identifier, symbol, coingecko, cryptocompare, forked, started, swapped_for) VALUES("eip155:1/erc20:0x699Ec925118567b6475Fe495327ba0a778234AaA", "DUCKY", "ducky", "DUCKY", NULL, 1731040427, NULL);
*
INSERT INTO assets(identifier, name, type) VALUES("eip155:1/erc20:0xaD86b91A1D1Db15A4CD34D0634bbD4eCAcB5b61a", "Daram", "C"); INSERT INTO evm_tokens(identifier, token_kind, chain, address, decimals, protocol) VALUES("eip155:1/erc20:0xaD86b91A1D1Db15A4CD34D0634bbD4eCAcB5b61a", "A", 1, "0xaD86b91A1D1Db15A4CD34D0634bbD4eCAcB5b61a", 18, NULL); INSERT INTO common_asset_details(identifier, symbol, coingecko, cryptocompare, forked, started, swapped_for) VALUES("eip155:1/erc20:0xaD86b91A1D1Db15A4CD34D0634bbD4eCAcB5b61a", "Daram", "daram", "DARAM", NULL, 1728604007, NULL);
*
INSERT INTO assets(identifier, name, type) VALUES("eip155:1/erc20:0xae41b275aaAF484b541A5881a2dDED9515184CCA", "ChainSwap", "C"); INSERT INTO evm_tokens(identifier, token_kind, chain, address, decimals, protocol) VALUES("eip155:1/erc20:0xae41b275aaAF484b541A5881a2dDED9515184CCA", "A", 1, "0xae41b275aaAF484b541A5881a2dDED9515184CCA", 18, NULL); INSERT INTO common_asset_details(identifier, symbol, coingecko, cryptocompare, forked, started, swapped_for) VALUES("eip155:1/erc20:0xae41b275aaAF484b541A5881a2dDED9515184CCA", "CSWAP", "chainswap-3", "CSWAP", NULL, 1709846603, NULL);
*
INSERT INTO assets(identifier, name, type) VALUES("eip155:8453/erc20:0x3C281A39944a2319aA653D81Cfd93Ca10983D234", "BUILD", "C"); INSERT INTO evm_tokens(identifier, token_kind, chain, address, decimals, protocol) VALUES("eip155:8453/erc20:0x3C281A39944a2319aA653D81Cfd93Ca10983D234", "A", 8453, "0x3C281A39944a2319aA653D81Cfd93Ca10983D234", 18, NULL); INSERT INTO common_asset_details(identifier, symbol, coingecko, cryptocompare, forked, started, swapped_for) VALUES("eip155:8453/erc20:0x3C281A39944a2319aA653D81Cfd93Ca10983D234", "BUILD", "build-2", "", NULL, 1715612263, NULL);
*
INSERT INTO assets(identifier, name, type) VALUES("eip155:1/erc20:0xa0385E7283C83e2871E9aF49EEC0966088421ddD", "Ape", "C"); INSERT INTO evm_tokens(identifier, token_kind, chain, address, decimals, protocol) VALUES("eip155:1/erc20:0xa0385E7283C83e2871E9aF49EEC0966088421ddD", "A", 1, "0xa0385E7283C83e2871E9aF49EEC0966088421ddD", 18, NULL); INSERT INTO common_asset_details(identifier, symbol, coingecko, cryptocompare, forked, started, swapped_for) VALUES("eip155:1/erc20:0xa0385E7283C83e2871E9aF49EEC0966088421ddD", "APE", "ape-3", "", NULL, 1718939363, NULL);
*
INSERT INTO assets(identifier, name, type) VALUES("eip155:56/erc20:0x0c4ac8952c28e2e7fe22033C8D2F1263372d301d", "Apraemio", "C"); INSERT INTO evm_tokens(identifier, token_kind, chain, address, decimals, protocol) VALUES("eip155:56/erc20:0x0c4ac8952c28e2e7fe22033C8D2F1263372d301d", "A", 56, "0x0c4ac8952c28e2e7fe22033C8D2F1263372d301d", 18, NULL); INSERT INTO common_asset_details(identifier, symbol, coingecko, cryptocompare, forked, started, swapped_for) VALUES("eip155:56/erc20:0x0c4ac8952c28e2e7fe22033C8D2F1263372d301d", "APRA", "apraemio    ", "", NULL, 1666265404, NULL);
*
INSERT INTO assets(identifier, name, type) VALUES("eip155:56/erc20:0x76B560b628F74BF192bE09F0449abef8e456BE79", "BabyCate", "C"); INSERT INTO evm_tokens(identifier, token_kind, chain, address, decimals, protocol) VALUES("eip155:56/erc20:0x76B560b628F74BF192bE09F0449abef8e456BE79", "A", 56, "0x76B560b628F74BF192bE09F0449abef8e456BE79", 9, NULL); INSERT INTO common_asset_details(identifier, symbol, coingecko, cryptocompare, forked, started, swapped_for) VALUES("eip155:56/erc20:0x76B560b628F74BF192bE09F0449abef8e456BE79", "BABYCATE", "babycate", "BABYCATE", NULL, 1726557366, NULL);
*
INSERT INTO assets(identifier, name, type) VALUES("eip155:1/erc20:0xfcaF0e4498E78d65526a507360F755178b804Ba8", "NicCageWaluigiElmo42069Inu", "C"); INSERT INTO evm_tokens(identifier, token_kind, chain, address, decimals, protocol) VALUES("eip155:1/erc20:0xfcaF0e4498E78d65526a507360F755178b804Ba8", "A", 1, "0xfcaF0e4498E78d65526a507360F755178b804Ba8", 18, NULL); INSERT INTO common_asset_details(identifier, symbol, coingecko, cryptocompare, forked, started, swapped_for) VALUES("eip155:1/erc20:0xfcaF0e4498E78d65526a507360F755178b804Ba8", "SHIB", "niccagewaluigielmo42069inu", "", NULL, 1691186315, NULL);
*
INSERT INTO assets(identifier, name, type) VALUES('SYDNEY', 'Sydney', 'Y'); INSERT INTO common_asset_details(identifier, symbol, coingecko, cryptocompare, forked, started, swapped_for) VALUES('SYDNEY', 'SYDNEY', 'sydney', '', NULL, 1729135196, NULL);
*
INSERT INTO assets(identifier, name, type) VALUES('SBTF', 'SunButterfly', 'P'); INSERT INTO common_asset_details(identifier, symbol, coingecko, cryptocompare, forked, started, swapped_for) VALUES('SBTF', 'SBTF', '', '', NULL, 1724218260, NULL);
*
INSERT INTO assets(identifier, name, type) VALUES('TRUMPWIFHAT', 'Trump WIf Hat', 'P'); INSERT INTO common_asset_details(identifier, symbol, coingecko, cryptocompare, forked, started, swapped_for) VALUES('TRUMPWIFHAT', 'TRUMPWIFHAT', '', '', NULL, 1709426445, NULL);
*
INSERT INTO assets(identifier, name, type) VALUES('MINI', 'Mini', 'Y'); INSERT INTO common_asset_details(identifier, symbol, coingecko, cryptocompare, forked, started, swapped_for) VALUES('MINI', 'MINI', 'minimini', '', NULL, 1714438658, NULL);
*
INSERT INTO assets(identifier, name, type) VALUES('BAZINGA', 'Bazinga', 'Y'); INSERT INTO common_asset_details(identifier, symbol, coingecko, cryptocompare, forked, started, swapped_for) VALUES('BAZINGA', 'BAZINGA', 'bazinga-2', '', NULL, 1714438658, NULL);
*
INSERT INTO assets(identifier, name, type) VALUES('CENTS', 'Centience', 'Y'); INSERT INTO common_asset_details(identifier, symbol, coingecko, cryptocompare, forked, started, swapped_for) VALUES('CENTS', 'CENTS', 'centience', 'CENTS', NULL, 1729552186, NULL);
*
INSERT INTO assets(identifier, name, type) VALUES('CHIPPY', 'Chippy', 'Y'); INSERT INTO common_asset_details(identifier, symbol, coingecko, cryptocompare, forked, started, swapped_for) VALUES('CHIPPY', 'CHIPPY', 'chippy', 'CHIPPY', NULL, 1718629272, NULL);
*
INSERT INTO assets(identifier, name, type) VALUES('FLOWER', 'FlowerAI', 'Y'); INSERT INTO common_asset_details(identifier, symbol, coingecko, cryptocompare, forked, started, swapped_for) VALUES('FLOWER', 'FLOWER', 'flowerai', 'FLOWER', NULL, 1731962766, NULL);
*
INSERT INTO assets(identifier, name, type) VALUES('FOREST', 'FOREST', 'Y'); INSERT INTO common_asset_details(identifier, symbol, coingecko, cryptocompare, forked, started, swapped_for) VALUES('FOREST', 'FOREST', 'forest', 'FOREST', NULL, 1729027228, NULL);
*
INSERT INTO assets(identifier, name, type) VALUES('KIKI', 'kiki', 'Y'); INSERT INTO common_asset_details(identifier, symbol, coingecko, cryptocompare, forked, started, swapped_for) VALUES('KIKI', 'KIKI', 'kiki-sol', '', NULL, 1716147811, NULL);
*
INSERT INTO assets(identifier, name, type) VALUES('LILPUMP', 'Lil Pump', 'Y'); INSERT INTO common_asset_details(identifier, symbol, coingecko, cryptocompare, forked, started, swapped_for) VALUES('LILPUMP', 'LILPUMP', 'lil-pump', 'LILPUMP', NULL, 1717029369, NULL);
*
INSERT INTO assets(identifier, name, type) VALUES('WATER', 'WATER Coin', 'Y'); INSERT INTO common_asset_details(identifier, symbol, coingecko, cryptocompare, forked, started, swapped_for) VALUES('WATER', 'WATER', 'water-coin', '', NULL, 1719232969, NULL);
*
INSERT INTO assets(identifier, name, type) VALUES('WYAC', 'Woman Yelling At Cat', 'Y'); INSERT INTO common_asset_details(identifier, symbol, coingecko, cryptocompare, forked, started, swapped_for) VALUES('WYAC', 'WYAC', 'woman-yelling-at-cat', 'WYAC', NULL, 1717420809, NULL);
*
INSERT INTO assets(identifier, name, type) VALUES('eip155:8453/erc20:0x087C440F251Ff6Cfe62B86DdE1bE558B95b4bb9b', 'Bold Stablecoin', 'C'); INSERT INTO evm_tokens(identifier, token_kind, chain, address, decimals, protocol) VALUES('eip155:8453/erc20:0x087C440F251Ff6Cfe62B86DdE1bE558B95b4bb9b', 'A', 8453, '0x087C440F251Ff6Cfe62B86DdE1bE558B95b4bb9b', 18, NULL); INSERT INTO common_asset_details(identifier, symbol, coingecko, cryptocompare, forked, started, swapped_for) VALUES('eip155:8453/erc20:0x087C440F251Ff6Cfe62B86DdE1bE558B95b4bb9b', 'Bold', 'liquity-bold', '', NULL, 1737096609, NULL);
*
INSERT INTO underlying_tokens_list(identifier, weight, parent_token_entry) VALUES('eip155:8453/erc20:0x4200000000000000000000000000000000000006', '1', 'eip155:8453/erc20:0xDBFeFD2e8460a6Ee4955A68582F85708BAEA60A3');
INSERT INTO assets(identifier, name, type) VALUES('eip155:8453/erc20:0xDBFeFD2e8460a6Ee4955A68582F85708BAEA60A3', 'Super OETH', 'C'); INSERT INTO evm_tokens(identifier, token_kind, chain, address, decimals, protocol) VALUES('eip155:8453/erc20:0xDBFeFD2e8460a6Ee4955A68582F85708BAEA60A3', 'A', 8453, '0xDBFeFD2e8460a6Ee4955A68582F85708BAEA60A3', 18, NULL); INSERT INTO common_asset_details(identifier, symbol, coingecko, cryptocompare, forked, started, swapped_for) VALUES('eip155:8453/erc20:0xDBFeFD2e8460a6Ee4955A68582F85708BAEA60A3', 'superOETHb', 'super-oeth', 'SUPEROETHB', NULL, 1722428751, NULL); INSERT INTO underlying_tokens_list(identifier, weight, parent_token_entry) VALUES('eip155:8453/erc20:0x4200000000000000000000000000000000000006', '1', 'eip155:8453/erc20:0xDBFeFD2e8460a6Ee4955A68582F85708BAEA60A3');
INSERT INTO underlying_tokens_list(identifier, weight, parent_token_entry) VALUES('eip155:1/erc20:0xec53bF9167f50cDEB3Ae105f56099aaaB9061F83', '1', 'eip155:1/erc20:0x83E9115d334D248Ce39a6f36144aEaB5b3456e75');
INSERT INTO assets(identifier, name, type) VALUES('eip155:1/erc20:0x83E9115d334D248Ce39a6f36144aEaB5b3456e75', 'Backing Eigen', 'C'); INSERT INTO evm_tokens(identifier, token_kind, chain, address, decimals, protocol) VALUES('eip155:1/erc20:0x83E9115d334D248Ce39a6f36144aEaB5b3456e75', 'A', 1, '0x83E9115d334D248Ce39a6f36144aEaB5b3456e75', 18, NULL); INSERT INTO common_asset_details(identifier, symbol, coingecko, cryptocompare, forked, started, swapped_for) VALUES('eip155:1/erc20:0x83E9115d334D248Ce39a6f36144aEaB5b3456e75', 'bEIGEN', 'eigenlayer', 'EIGEN', NULL, 1710958955, NULL); INSERT INTO assets(identifier, name, type) VALUES('eip155:1/erc20:0xec53bF9167f50cDEB3Ae105f56099aaaB9061F83', 'Eigen', 'C'); INSERT INTO evm_tokens(identifier, token_kind, chain, address, decimals, protocol) VALUES('eip155:1/erc20:0xec53bF9167f50cDEB3Ae105f56099aaaB9061F83', 'A', 1, '0xec53bF9167f50cDEB3Ae105f56099aaaB9061F83', 18, NULL); INSERT INTO common_asset_details(identifier, symbol, coingecko, cryptocompare, forked, started, swapped_for) VALUES('eip155:1/erc20:0xec53bF9167f50cDEB3Ae105f56099aaaB9061F83', 'EIGEN', 'eigenlayer', 'EIGEN', NULL, 1697499563, NULL); INSERT INTO underlying_tokens_list(identifier, weight, parent_token_entry) VALUES('eip155:1/erc20:0xec53bF9167f50cDEB3Ae105f56099aaaB9061F83', '1', 'eip155:1/erc20:0x83E9115d334D248Ce39a6f36144aEaB5b3456e75');
INSERT INTO assets(identifier, name, type) VALUES('TRUMP', 'Official Trump', 'Y'); INSERT INTO common_asset_details(identifier, symbol, coingecko, cryptocompare, forked, started, swapped_for) VALUES('TRUMP', 'TRUMP', 'official-trump', 'TRUMP', NULL, 1737122507, NULL);
*
INSERT INTO assets(identifier, name, type) VALUES('ZION', 'ZION THOMAS', 'Y'); INSERT INTO common_asset_details(identifier, symbol, coingecko, cryptocompare, forked, started, swapped_for) VALUES('ZION', 'ZION', '', '', NULL, 1716430157, NULL);
*
INSERT INTO assets(identifier, name, type) VALUES('ZHUBAJIE', 'ZHUBAJIE', 'P'); INSERT INTO common_asset_details(identifier, symbol, coingecko, cryptocompare, forked, started, swapped_for) VALUES('ZHUBAJIE', 'ZHUBAJIE', '', '', NULL, 1724273991, NULL);
*
INSERT INTO assets(identifier, name, type) VALUES('ZACK', 'ZACK MORRIS', 'Y'); INSERT INTO common_asset_details(identifier, symbol, coingecko, cryptocompare, forked, started, swapped_for) VALUES('ZACK', 'ZACK', 'zack-morris', '', NULL, 1715802522, NULL);
*
INSERT INTO assets(identifier, name, type) VALUES('YORI', 'YORI', 'P'); INSERT INTO common_asset_details(identifier, symbol, coingecko, cryptocompare, forked, started, swapped_for) VALUES('YORI', 'YORI', '', '', NULL, 1723637865, NULL);
*
INSERT INTO assets(identifier, name, type) VALUES('YESBUT', 'Yes But', 'Y'); INSERT INTO common_asset_details(identifier, symbol, coingecko, cryptocompare, forked, started, swapped_for) VALUES('YESBUT', 'Yes, But', 'yes-but', '', NULL, 1716404062, NULL);
*
INSERT INTO assets(identifier, name, type) VALUES('XP', 'XiaoPang', 'P'); INSERT INTO common_asset_details(identifier, symbol, coingecko, cryptocompare, forked, started, swapped_for) VALUES('XP', 'XP', '', '', NULL, 1724169795, NULL);
*
INSERT INTO assets(identifier, name, type) VALUES('XIAO', 'xiaojie', 'Y'); INSERT INTO common_asset_details(identifier, symbol, coingecko, cryptocompare, forked, started, swapped_for) VALUES('XIAO', 'XIAO', 'xiaojie', '', NULL, 1715100885, NULL);
*
INSERT INTO assets(identifier, name, type) VALUES('WSB', 'Wall Street Bets', 'Y'); INSERT INTO common_asset_details(identifier, symbol, coingecko, cryptocompare, forked, started, swapped_for) VALUES('WSB', 'WSBSOL', '', '', NULL, 1703640247, NULL);
*
INSERT INTO assets(identifier, name, type) VALUES('WOLFSOL', 'LandWolf', 'Y'); INSERT INTO common_asset_details(identifier, symbol, coingecko, cryptocompare, forked, started, swapped_for) VALUES('WOLFSOL', 'WOLFSOL', 'the-real-landwolf', '', NULL, 1718317875, NULL);
*
INSERT INTO assets(identifier, name, type) VALUES('WIFMAGA', 'dogwifmaga', 'Y'); INSERT INTO common_asset_details(identifier, symbol, coingecko, cryptocompare, forked, started, swapped_for) VALUES('WIFMAGA', 'WIFMAGA', '', '', NULL, 1716228813, NULL);
*
INSERT INTO assets(identifier, name, type) VALUES('UROSOL', 'Urolithin meme', 'Y'); INSERT INTO common_asset_details(identifier, symbol, coingecko, cryptocompare, forked, started, swapped_for) VALUES('UROSOL', 'UROSOL', 'urolithin-a', '', NULL, 1726909426, NULL);
*
INSERT INTO assets(identifier, name, type) VALUES('UPDOG', 'Whats Updog?', 'Y'); INSERT INTO common_asset_details(identifier, symbol, coingecko, cryptocompare, forked, started, swapped_for) VALUES('UPDOG', 'UPDOG', 'what-s-updog', '', NULL, 1709521609, NULL);
*
INSERT INTO assets(identifier, name, type) VALUES('UNISUI', 'Uni meme', 'W'); INSERT INTO common_asset_details(identifier, symbol, coingecko, cryptocompare, forked, started, swapped_for) VALUES('UNISUI', 'UNISUI', '', '', NULL, NULL, NULL);
*
INSERT INTO assets(identifier, name, type) VALUES('UFD', 'Unicorn Fart Dust', 'Y'); INSERT INTO common_asset_details(identifier, symbol, coingecko, cryptocompare, forked, started, swapped_for) VALUES('UFD', 'UFD', 'unicorn-fart-dust', 'UFD', NULL, 1734399715, NULL);
*
INSERT INTO assets(identifier, name, type) VALUES('SUNEO', 'SUNEO', 'P'); INSERT INTO common_asset_details(identifier, symbol, coingecko, cryptocompare, forked, started, swapped_for) VALUES('SUNEO', 'SUNEO', '', '', NULL, 1724142207, NULL);
*
INSERT INTO assets(identifier, name, type) VALUES('TRISG', 'TRI SIGMA', 'Y'); INSERT INTO common_asset_details(identifier, symbol, coingecko, cryptocompare, forked, started, swapped_for) VALUES('TRISG', 'TRISG', 'tri-sigma', '', NULL, 1732132623, NULL);
*
INSERT INTO assets(identifier, name, type) VALUES('TESTSOL', 'Test', 'Y'); INSERT INTO common_asset_details(identifier, symbol, coingecko, cryptocompare, forked, started, swapped_for) VALUES('TESTSOL', 'TESTSOL', '', '', NULL, 1705237032, NULL);
*
INSERT INTO assets(identifier, name, type) VALUES('ODUNG', 'Odung', 'P'); INSERT INTO common_asset_details(identifier, symbol, coingecko, cryptocompare, forked, started, swapped_for) VALUES('ODUNG', 'ODUNG', '', '', NULL, 1723980492, NULL);
*
INSERT INTO assets(identifier, name, type) VALUES("eip155:56/erc20:0x062ca2d2F1aF8C203FA3Ad5298FD6fAa4E44E897", "OrangeDX", "C"); INSERT INTO evm_tokens(identifier, token_kind, chain, address, decimals, protocol) VALUES("eip155:56/erc20:0x062ca2d2F1aF8C203FA3Ad5298FD6fAa4E44E897", "A", 56, "0x062ca2d2F1aF8C203FA3Ad5298FD6fAa4E44E897", 18, NULL); INSERT INTO common_asset_details(identifier, symbol, coingecko, cryptocompare, forked, started, swapped_for) VALUES("eip155:56/erc20:0x062ca2d2F1aF8C203FA3Ad5298FD6fAa4E44E897", "O4DX", "orangedx", "O4DX", NULL, 1709537600, NULL);
*
INSERT INTO assets(identifier, name, type) VALUES('PIPI', 'PIPI', 'Y'); INSERT INTO common_asset_details(identifier, symbol, coingecko, cryptocompare, forked, started, swapped_for) VALUES('PIPI', 'PIPI', '', 'PIPI', NULL, 1710965578, NULL);
*
INSERT INTO assets(identifier, name, type) VALUES("eip155:1/erc20:0x423f4e6138E475D85CF7Ea071AC92097Ed631eea", "Pond Coin", "C"); INSERT INTO evm_tokens(identifier, token_kind, chain, address, decimals, protocol) VALUES("eip155:1/erc20:0x423f4e6138E475D85CF7Ea071AC92097Ed631eea", "A", 1, "0x423f4e6138E475D85CF7Ea071AC92097Ed631eea", 18, NULL); INSERT INTO common_asset_details(identifier, symbol, coingecko, cryptocompare, forked, started, swapped_for) VALUES("eip155:1/erc20:0x423f4e6138E475D85CF7Ea071AC92097Ed631eea", "PNDC", "pond-coin", "PNDC", NULL, 1691181599, NULL);
*
INSERT INTO assets(identifier, name, type) VALUES("eip155:1/erc20:0x9fBFed658919A896B5Dc7b00456Ce22D780f9B65", "PlutusDeFi", "C"); INSERT INTO evm_tokens(identifier, token_kind, chain, address, decimals, protocol) VALUES("eip155:1/erc20:0x9fBFed658919A896B5Dc7b00456Ce22D780f9B65", "A", 1, "0x9fBFed658919A896B5Dc7b00456Ce22D780f9B65", 18, NULL); INSERT INTO common_asset_details(identifier, symbol, coingecko, cryptocompare, forked, started, swapped_for) VALUES("eip155:1/erc20:0x9fBFed658919A896B5Dc7b00456Ce22D780f9B65", "PLT", "", "", NULL, 1595686189, NULL);
*
INSERT INTO assets(identifier, name, type) VALUES('PONK', 'Ponk', 'Y'); INSERT INTO common_asset_details(identifier, symbol, coingecko, cryptocompare, forked, started, swapped_for) VALUES('PONK', 'PONK', 'ponk', '', NULL, 1700163806, NULL);
*
INSERT INTO assets(identifier, name, type) VALUES('POGAI', 'POGAI (SOL)', 'Y'); INSERT INTO common_asset_details(identifier, symbol, coingecko, cryptocompare, forked, started, swapped_for) VALUES('POGAI', 'POGAI', 'pogai-sol', 'POGAI', NULL, 1710479497, NULL);
*
INSERT INTO assets(identifier, name, type) VALUES('PORTNOY', 'PORTNOY', 'Y'); INSERT INTO common_asset_details(identifier, symbol, coingecko, cryptocompare, forked, started, swapped_for) VALUES('PORTNOY', 'PORTNOY', '', '', NULL, 1710356960, NULL);
*
INSERT INTO assets(identifier, name, type) VALUES('POSEIDON', 'BinanceCat', 'Y'); INSERT INTO common_asset_details(identifier, symbol, coingecko, cryptocompare, forked, started, swapped_for) VALUES('POSEIDON', 'POSEIDON', '', '', NULL, 1715833496, NULL);
*
INSERT INTO assets(identifier, name, type) VALUES('PSYOPTRON', 'Psyop Tron', 'P'); INSERT INTO common_asset_details(identifier, symbol, coingecko, cryptocompare, forked, started, swapped_for) VALUES('PSYOPTRON', 'PSYOPTRON', '', '', NULL, 1724146137, NULL);
*
INSERT INTO assets(identifier, name, type) VALUES('SEEU', 'Seeu', 'W'); INSERT INTO common_asset_details(identifier, symbol, coingecko, cryptocompare, forked, started, swapped_for) VALUES('SEEU', 'SEEU', '', '', NULL, NULL, NULL);
*
INSERT INTO assets(identifier, name, type) VALUES("eip155:1/erc20:0x8A0a9b663693A22235B896f70a229C4A22597623", "Scalia Infrastructure", "C"); INSERT INTO evm_tokens(identifier, token_kind, chain, address, decimals, protocol) VALUES("eip155:1/erc20:0x8A0a9b663693A22235B896f70a229C4A22597623", "A", 1, "0x8A0a9b663693A22235B896f70a229C4A22597623", 18, NULL); INSERT INTO common_asset_details(identifier, symbol, coingecko, cryptocompare, forked, started, swapped_for) VALUES("eip155:1/erc20:0x8A0a9b663693A22235B896f70a229C4A22597623", "SCALE", "scalia-infrastructure", "SCALE", NULL, 1709227331, NULL);
*
INSERT INTO assets(identifier, name, type) VALUES("eip155:1/erc20:0x0b0a8c7C34374C1d0C649917a97EeE6c6c929B1b", "Shiba V Pepe", "C"); INSERT INTO evm_tokens(identifier, token_kind, chain, address, decimals, protocol) VALUES("eip155:1/erc20:0x0b0a8c7C34374C1d0C649917a97EeE6c6c929B1b", "A", 1, "0x0b0a8c7C34374C1d0C649917a97EeE6c6c929B1b", 9, NULL); INSERT INTO common_asset_details(identifier, symbol, coingecko, cryptocompare, forked, started, swapped_for) VALUES("eip155:1/erc20:0x0b0a8c7C34374C1d0C649917a97EeE6c6c929B1b", "SHEPE", "shiba-v-pepe", "SHEPE", NULL, 1693346867, NULL);
*
INSERT INTO assets(identifier, name, type) VALUES("eip155:1/erc20:0xEb51B8dC2d43469c0F0b7365c8a18438907BDf21", "SHIVA INU", "C"); INSERT INTO evm_tokens(identifier, token_kind, chain, address, decimals, protocol) VALUES("eip155:1/erc20:0xEb51B8dC2d43469c0F0b7365c8a18438907BDf21", "A", 1, "0xEb51B8dC2d43469c0F0b7365c8a18438907BDf21", 18, NULL); INSERT INTO common_asset_details(identifier, symbol, coingecko, cryptocompare, forked, started, swapped_for) VALUES("eip155:1/erc20:0xEb51B8dC2d43469c0F0b7365c8a18438907BDf21", "SHIV", "shiva-inu", "SHIV", NULL, 1711390931, NULL);
*
INSERT INTO assets(identifier, name, type) VALUES('SHOE', 'Laughing shoe', 'Y'); INSERT INTO common_asset_details(identifier, symbol, coingecko, cryptocompare, forked, started, swapped_for) VALUES('SHOE', 'SHOE', 'shoe', '', NULL, 1716193164, NULL);
*
INSERT INTO assets(identifier, name, type) VALUES('SOON', 'Joostin Soon', 'P'); INSERT INTO common_asset_details(identifier, symbol, coingecko, cryptocompare, forked, started, swapped_for) VALUES('SOON', 'SOON', '', '', NULL, 1724061381, NULL);
*
INSERT INTO assets(identifier, name, type) VALUES('SKATECAT', 'SkateCat', 'Y'); INSERT INTO common_asset_details(identifier, symbol, coingecko, cryptocompare, forked, started, swapped_for) VALUES('SKATECAT', 'SKATECAT', 'skatecat', '', NULL, 1715793647, NULL);
*
INSERT INTO assets(identifier, name, type) VALUES('SITCOM', 'degenerative sitcom', 'Y'); INSERT INTO common_asset_details(identifier, symbol, coingecko, cryptocompare, forked, started, swapped_for) VALUES('SITCOM', 'SITCOM', 'degenerative-sitcom', '', NULL, 1732806831, NULL);
*
INSERT INTO assets(identifier, name, type) VALUES('SORABTC', 'SORA', 'W'); INSERT INTO common_asset_details(identifier, symbol, coingecko, cryptocompare, forked, started, swapped_for) VALUES('SORABTC', 'SORABTC', '', '', NULL, NULL, NULL);
*
INSERT INTO assets(identifier, name, type) VALUES('SUNDOGE', 'Sundoge', 'P'); INSERT INTO common_asset_details(identifier, symbol, coingecko, cryptocompare, forked, started, swapped_for) VALUES('SUNDOGE', 'SUNDOGE', '', '', NULL, 1723880466, NULL);
*
INSERT INTO assets(identifier, name, type) VALUES('SUNJOKER', 'SunJoker', 'P'); INSERT INTO common_asset_details(identifier, symbol, coingecko, cryptocompare, forked, started, swapped_for) VALUES('SUNJOKER', 'SUNJOKER', '', '', NULL, 1726228878, NULL);
*
INSERT INTO assets(identifier, name, type) VALUES('SUNKEY', 'SUNKEY', 'P'); INSERT INTO common_asset_details(identifier, symbol, coingecko, cryptocompare, forked, started, swapped_for) VALUES('SUNKEY', 'SUNKEY', '', '', NULL, 1724484045, NULL);
*
INSERT INTO assets(identifier, name, type) VALUES('SUNNED', 'SUNNED', 'P'); INSERT INTO common_asset_details(identifier, symbol, coingecko, cryptocompare, forked, started, swapped_for) VALUES('SUNNED', 'SUNNED', 'sunned', '', NULL, 1724144337, NULL);
*
INSERT INTO assets(identifier, name, type) VALUES('SUNPUNK', 'Tpunkscoin', 'P'); INSERT INTO common_asset_details(identifier, symbol, coingecko, cryptocompare, forked, started, swapped_for) VALUES('SUNPUNK', 'SUNPUNK', '', '', NULL, 1725256665, NULL);
*
INSERT INTO assets(identifier, name, type) VALUES('SUNRATS', 'We Are Rats', 'P'); INSERT INTO common_asset_details(identifier, symbol, coingecko, cryptocompare, forked, started, swapped_for) VALUES('SUNRATS', 'SUNRATS', '', '', NULL, 1723826376, NULL);
*
INSERT INTO assets(identifier, name, type) VALUES('TIEDAN', 'TIEDAN', 'P'); INSERT INTO common_asset_details(identifier, symbol, coingecko, cryptocompare, forked, started, swapped_for) VALUES('TIEDAN', 'TIEDAN', '', '', NULL, 1723750329, NULL);
*
INSERT INTO assets(identifier, name, type) VALUES('TETSUO', 'Tetsuo', 'Y'); INSERT INTO common_asset_details(identifier, symbol, coingecko, cryptocompare, forked, started, swapped_for) VALUES('TETSUO', 'TETSUO', 'tetsuo-coin', '', NULL, 1733112910, NULL);
*
INSERT INTO assets(identifier, name, type) VALUES('SWIF', 'Sunwifhat', 'P'); INSERT INTO common_asset_details(identifier, symbol, coingecko, cryptocompare, forked, started, swapped_for) VALUES('SWIF', 'SWIF', '', '', NULL, 1723953642, NULL);
*
INSERT INTO assets(identifier, name, type) VALUES("eip155:1/erc20:0x9D09bCF1784eC43f025d3ee071e5b632679a01bA", "Tee_Hee_He", "C"); INSERT INTO evm_tokens(identifier, token_kind, chain, address, decimals, protocol) VALUES("eip155:1/erc20:0x9D09bCF1784eC43f025d3ee071e5b632679a01bA", "A", 1, "0x9D09bCF1784eC43f025d3ee071e5b632679a01bA", 9, NULL); INSERT INTO common_asset_details(identifier, symbol, coingecko, cryptocompare, forked, started, swapped_for) VALUES("eip155:1/erc20:0x9D09bCF1784eC43f025d3ee071e5b632679a01bA", "TEE", "", "", NULL, 1730245535, NULL);
*
INSERT INTO assets(identifier, name, type) VALUES("eip155:1/erc20:0x36C7188D64c44301272Db3293899507eabb8eD43", "Swag", "C"); INSERT INTO evm_tokens(identifier, token_kind, chain, address, decimals, protocol) VALUES("eip155:1/erc20:0x36C7188D64c44301272Db3293899507eabb8eD43", "A", 1, "0x36C7188D64c44301272Db3293899507eabb8eD43", 9, NULL); INSERT INTO common_asset_details(identifier, symbol, coingecko, cryptocompare, forked, started, swapped_for) VALUES("eip155:1/erc20:0x36C7188D64c44301272Db3293899507eabb8eD43", "SWAG", "swag", "", NULL, 1721176775, NULL);
*
INSERT INTO assets(identifier, name, type) VALUES('TINU', 'Tron Inu', 'P'); INSERT INTO common_asset_details(identifier, symbol, coingecko, cryptocompare, forked, started, swapped_for) VALUES('TINU', 'TINU', '', '', NULL, 1723820886, NULL);
*
INSERT INTO assets(identifier, name, type) VALUES('TIM', 'Tim', 'Y'); INSERT INTO common_asset_details(identifier, symbol, coingecko, cryptocompare, forked, started, swapped_for) VALUES('TIM', 'TIM', 'floating-tim', '', NULL, 1714270345, NULL);
*
INSERT INTO assets(identifier, name, type) VALUES('TILLY', 'Tilly The Killer Whale', 'Y'); INSERT INTO common_asset_details(identifier, symbol, coingecko, cryptocompare, forked, started, swapped_for) VALUES('TILLY', 'TILLY', 'tilly-the-killer-whale', '', NULL, 1715116822, NULL);
*
INSERT INTO assets(identifier, name, type) VALUES("eip155:1/erc20:0x0176b898E92e814c06Cc379E508CEB571F70bD40", "Tip", "C"); INSERT INTO evm_tokens(identifier, token_kind, chain, address, decimals, protocol) VALUES("eip155:1/erc20:0x0176b898E92e814c06Cc379E508CEB571F70bD40", "A", 1, "0x0176b898E92e814c06Cc379E508CEB571F70bD40", 18, NULL); INSERT INTO common_asset_details(identifier, symbol, coingecko, cryptocompare, forked, started, swapped_for) VALUES("eip155:1/erc20:0x0176b898E92e814c06Cc379E508CEB571F70bD40", "TIP", "tip", "TIP", NULL, 1694795003, NULL);
*
INSERT INTO assets(identifier, name, type) VALUES('WHALE', 'Crypto Whale', 'P'); INSERT INTO common_asset_details(identifier, symbol, coingecko, cryptocompare, forked, started, swapped_for) VALUES('WHALE', 'WHALE', 'crypto-whale', 'WHALE', NULL, NULL, NULL);
*
INSERT INTO assets(identifier, name, type) VALUES('WALTER', 'Walter', 'Y'); INSERT INTO common_asset_details(identifier, symbol, coingecko, cryptocompare, forked, started, swapped_for) VALUES('WALTER', 'WALTER', 'walter-dog-solana', 'WALTER', NULL, NULL, NULL);
*
INSERT INTO assets(identifier, name, type) VALUES('TSU', 'Sun Tzu', 'P'); INSERT INTO common_asset_details(identifier, symbol, coingecko, cryptocompare, forked, started, swapped_for) VALUES('TSU', 'TSU', 'sun-tzu-2', '', NULL, NULL, NULL);
*
INSERT INTO assets(identifier, name, type) VALUES('TWX', 'Twiskers', 'P'); INSERT INTO common_asset_details(identifier, symbol, coingecko, cryptocompare, forked, started, swapped_for) VALUES('TWX', 'TWX', 'twiskers', '', NULL, NULL, NULL);
*
INSERT INTO assets(identifier, name, type) VALUES('TRUST-2', 'Trust The Process', 'Y'); INSERT INTO common_asset_details(identifier, symbol, coingecko, cryptocompare, forked, started, swapped_for) VALUES('TRUST-2', 'TRUST', 'trust-the-process', 'TRUST', NULL, NULL, NULL);
*
INSERT INTO assets(identifier, name, type) VALUES("eip155:1/erc20:0x0C04fF41b11065EEd8c9EDA4d461BA6611591395", "VIVEK", "C"); INSERT INTO evm_tokens(identifier, token_kind, chain, address, decimals, protocol) VALUES("eip155:1/erc20:0x0C04fF41b11065EEd8c9EDA4d461BA6611591395", "A", 1, "0x0C04fF41b11065EEd8c9EDA4d461BA6611591395", 9, NULL); INSERT INTO common_asset_details(identifier, symbol, coingecko, cryptocompare, forked, started, swapped_for) VALUES("eip155:1/erc20:0x0C04fF41b11065EEd8c9EDA4d461BA6611591395", "TRUTH", "tip", "TIP", NULL, 1719464819, NULL);
*
INSERT INTO assets(identifier, name, type) VALUES("eip155:137/erc20:0xE5cf781d9e6E92B051FFb8037a5d81981863EA82", "Bounty Temple Token", "C"); INSERT INTO evm_tokens(identifier, token_kind, chain, address, decimals, protocol) VALUES("eip155:137/erc20:0xE5cf781d9e6E92B051FFb8037a5d81981863EA82", "A", 137, "0xE5cf781d9e6E92B051FFb8037a5d81981863EA82", 18, NULL); INSERT INTO common_asset_details(identifier, symbol, coingecko, cryptocompare, forked, started, swapped_for) VALUES("eip155:137/erc20:0xE5cf781d9e6E92B051FFb8037a5d81981863EA82", "TYT", "bounty-temple", "TIP", NULL, NULL, NULL);
*
INSERT INTO assets(identifier, name, type) VALUES('SSE', 'Solana Social Explorer', 'Y'); INSERT INTO common_asset_details(identifier, symbol, coingecko, cryptocompare, forked, started, swapped_for) VALUES('SSE', 'SSE', 'solana-social-explorer', '', NULL, 1738732412, NULL);
*
INSERT INTO assets(identifier, name, type) VALUES('SSB', 'Solana Street Bets', 'Y'); INSERT INTO common_asset_details(identifier, symbol, coingecko, cryptocompare, forked, started, swapped_for) VALUES('SSB', 'SSB', 'solana-street-bets', 'SOLBETS', NULL, 1706475283, NULL);
*
INSERT INTO assets(identifier, name, type) VALUES('SQUIDSOL', 'Squid Game', 'Y'); INSERT INTO common_asset_details(identifier, symbol, coingecko, cryptocompare, forked, started, swapped_for) VALUES('SQUIDSOL', 'SQUIDSOL', '', '', NULL, 1706911838, NULL);
*
INSERT INTO assets(identifier, name, type) VALUES('SPIKE', 'Spike', 'Y'); INSERT INTO common_asset_details(identifier, symbol, coingecko, cryptocompare, forked, started, swapped_for) VALUES('SPIKE', 'SPIKE', 'spike-2', 'SPIKE', NULL, 1719503025, NULL);
*
INSERT INTO assets(identifier, name, type) VALUES('SPHYNX', 'Egypt Cat', 'Y'); INSERT INTO common_asset_details(identifier, symbol, coingecko, cryptocompare, forked, started, swapped_for) VALUES('SPHYNX', 'SPHYNX', 'egypt-cat', 'EGY', NULL, 1717683944, NULL);
*
INSERT INTO assets(identifier, name, type) VALUES('SPEERO', 'Speero', 'Y'); INSERT INTO common_asset_details(identifier, symbol, coingecko, cryptocompare, forked, started, swapped_for) VALUES('SPEERO', 'SPEERO', '', '', NULL, 1704234896, NULL);
*
INSERT INTO assets(identifier, name, type) VALUES('SPEED', 'Real Speed', 'Y'); INSERT INTO common_asset_details(identifier, symbol, coingecko, cryptocompare, forked, started, swapped_for) VALUES('SPEED', 'SPEED', 'real-fast', 'SPEED', NULL, 1714113482, NULL);
*
INSERT INTO assets(identifier, name, type) VALUES('SOLCHAT', 'SolChat', 'Y'); INSERT INTO common_asset_details(identifier, symbol, coingecko, cryptocompare, forked, started, swapped_for) VALUES('SOLCHAT', 'SOLCHAT', 'solchat', 'CHAT', NULL, 1707754374, NULL);
*
INSERT INTO assets(identifier, name, type) VALUES('SOLCEX', 'Solcex', 'Y'); INSERT INTO common_asset_details(identifier, symbol, coingecko, cryptocompare, forked, started, swapped_for) VALUES('SOLCEX', 'SOLCEX', '', '', NULL, 1713182904, NULL);
*
INSERT INTO assets(identifier, name, type) VALUES("eip155:1/erc20:0x86B69F38BEA3e02f68fF88534bc61EC60E772b19", "NEVER SURRENDER", "C"); INSERT INTO evm_tokens(identifier, token_kind, chain, address, decimals, protocol) VALUES("eip155:1/erc20:0x86B69F38BEA3e02f68fF88534bc61EC60E772b19", "A", 1, "0x86B69F38BEA3e02f68fF88534bc61EC60E772b19", 9, NULL); INSERT INTO common_asset_details(identifier, symbol, coingecko, cryptocompare, forked, started, swapped_for) VALUES("eip155:1/erc20:0x86B69F38BEA3e02f68fF88534bc61EC60E772b19", "TRUMP", "", "", NULL, 1717115087, NULL);
*
INSERT INTO assets(identifier, name, type) VALUES("eip155:1/erc20:0x63989348EBe7590b8863C5A242F7EE01EFcCa0c7", "TRUMPAMANIA", "C"); INSERT INTO evm_tokens(identifier, token_kind, chain, address, decimals, protocol) VALUES("eip155:1/erc20:0x63989348EBe7590b8863C5A242F7EE01EFcCa0c7", "A", 1, "0x63989348EBe7590b8863C5A242F7EE01EFcCa0c7", 9, NULL); INSERT INTO common_asset_details(identifier, symbol, coingecko, cryptocompare, forked, started, swapped_for) VALUES("eip155:1/erc20:0x63989348EBe7590b8863C5A242F7EE01EFcCa0c7", "TRUMPAMANIA", "", "", NULL, 1721361839, NULL);
*
INSERT INTO assets(identifier, name, type) VALUES("eip155:1/erc20:0xD9812F24f34e0d727bbf6Ea7caAEe05B7f7a2603", "TensorSpace", "C"); INSERT INTO evm_tokens(identifier, token_kind, chain, address, decimals, protocol) VALUES("eip155:1/erc20:0xD9812F24f34e0d727bbf6Ea7caAEe05B7f7a2603", "A", 1, "0xD9812F24f34e0d727bbf6Ea7caAEe05B7f7a2603", 18, NULL); INSERT INTO common_asset_details(identifier, symbol, coingecko, cryptocompare, forked, started, swapped_for) VALUES("eip155:1/erc20:0xD9812F24f34e0d727bbf6Ea7caAEe05B7f7a2603", "TPU", "tensorspace", "TPU", NULL, 1709841083, NULL);
*
INSERT INTO assets(identifier, name, type) VALUES("eip155:1/erc20:0x08c32b0726C5684024ea6e141C50aDe9690bBdcc", "Stratos Token", "C"); INSERT INTO evm_tokens(identifier, token_kind, chain, address, decimals, protocol) VALUES("eip155:1/erc20:0x08c32b0726C5684024ea6e141C50aDe9690bBdcc", "A", 1, "0x08c32b0726C5684024ea6e141C50aDe9690bBdcc", 18, NULL); INSERT INTO common_asset_details(identifier, symbol, coingecko, cryptocompare, forked, started, swapped_for) VALUES("eip155:1/erc20:0x08c32b0726C5684024ea6e141C50aDe9690bBdcc", "STOS", "stratos", "STOS", NULL, 1623206302, NULL);
*
INSERT INTO assets(identifier, name, type) VALUES("eip155:250/erc20:0x0cE12ae7c899eBF2bcDa7AA570C5af98b6688C95", "Speedy", "C"); INSERT INTO evm_tokens(identifier, token_kind, chain, address, decimals, protocol) VALUES("eip155:250/erc20:0x0cE12ae7c899eBF2bcDa7AA570C5af98b6688C95", "A", 250, "0x0cE12ae7c899eBF2bcDa7AA570C5af98b6688C95", 9, NULL); INSERT INTO common_asset_details(identifier, symbol, coingecko, cryptocompare, forked, started, swapped_for) VALUES("eip155:250/erc20:0x0cE12ae7c899eBF2bcDa7AA570C5af98b6688C95", "SPEEDY", "speedy", "SPEEDY", NULL, 1712886407, NULL);
*
INSERT INTO assets(identifier, name, type) VALUES("eip155:1/erc20:0x12eF10A4fc6e1Ea44B4ca9508760fF51c647BB71", "Restake Finance", "C"); INSERT INTO evm_tokens(identifier, token_kind, chain, address, decimals, protocol) VALUES("eip155:1/erc20:0x12eF10A4fc6e1Ea44B4ca9508760fF51c647BB71", "A", 1, "0x12eF10A4fc6e1Ea44B4ca9508760fF51c647BB71", 18, NULL); INSERT INTO common_asset_details(identifier, symbol, coingecko, cryptocompare, forked, started, swapped_for) VALUES("eip155:1/erc20:0x12eF10A4fc6e1Ea44B4ca9508760fF51c647BB71", "RSTK", "restake-finance", "RSTK", NULL, 1702647947, NULL);
*
INSERT INTO assets(identifier, name, type) VALUES('ROSS', 'ROSS ULBRICHT FUND', 'Y'); INSERT INTO common_asset_details(identifier, symbol, coingecko, cryptocompare, forked, started, swapped_for) VALUES('ROSS', 'ROSS', '', '', NULL, 1737524970, NULL);
*
INSERT INTO assets(identifier, name, type) VALUES('SELFIE', 'SelfieDogCoin', 'Y'); INSERT INTO common_asset_details(identifier, symbol, coingecko, cryptocompare, forked, started, swapped_for) VALUES('SELFIE', 'SELFIE', 'selfiedogcoin', 'SELFIE', NULL, 1715492387, NULL);
*
INSERT INTO assets(identifier, name, type) VALUES('SDOGE', 'S.D.O.G.E', 'Y'); INSERT INTO common_asset_details(identifier, symbol, coingecko, cryptocompare, forked, started, swapped_for) VALUES('SDOGE', 'SDOGE', 'soldoge', '', NULL, NULL, NULL);
*
INSERT INTO assets(identifier, name, type) VALUES('SCRAT', 'Scrat', 'Y'); INSERT INTO common_asset_details(identifier, symbol, coingecko, cryptocompare, forked, started, swapped_for) VALUES('SCRAT', 'SCRAT', 'scrat', 'SCRAT', NULL, 1718658415, NULL);
*
INSERT INTO assets(identifier, name, type) VALUES("eip155:1/erc20:0x93c2Bd80cADcFeB541eb5Af4052375bde8D6F24f", "Bitcoin Cat", "C"); INSERT INTO evm_tokens(identifier, token_kind, chain, address, decimals, protocol) VALUES("eip155:1/erc20:0x93c2Bd80cADcFeB541eb5Af4052375bde8D6F24f", "A", 1, "0x93c2Bd80cADcFeB541eb5Af4052375bde8D6F24f", 18, NULL); INSERT INTO common_asset_details(identifier, symbol, coingecko, cryptocompare, forked, started, swapped_for) VALUES("eip155:1/erc20:0x93c2Bd80cADcFeB541eb5Af4052375bde8D6F24f", "SASHA", "bitcoin-cat", "SASHA", NULL, 1728076055, NULL);
*
INSERT INTO assets(identifier, name, type) VALUES("eip155:1/erc20:0x0026dFbd8DBb6f8D0c88303CC1B1596409Fda542", "SANSHU!", "C"); INSERT INTO evm_tokens(identifier, token_kind, chain, address, decimals, protocol) VALUES("eip155:1/erc20:0x0026dFbd8DBb6f8D0c88303CC1B1596409Fda542", "A", 1, "0x0026dFbd8DBb6f8D0c88303CC1B1596409Fda542", 18, NULL); INSERT INTO common_asset_details(identifier, symbol, coingecko, cryptocompare, forked, started, swapped_for) VALUES("eip155:1/erc20:0x0026dFbd8DBb6f8D0c88303CC1B1596409Fda542", "SANSHU!", "sanshu", "SANSHU", NULL, 1667037587, NULL);
*
INSERT INTO assets(identifier, name, type) VALUES("eip155:56/erc20:0x42981d0bfbAf196529376EE702F2a9Eb9092fcB5", "SafeMoon", "C"); INSERT INTO evm_tokens(identifier, token_kind, chain, address, decimals, protocol) VALUES("eip155:56/erc20:0x42981d0bfbAf196529376EE702F2a9Eb9092fcB5", "A", 56, "0x42981d0bfbAf196529376EE702F2a9Eb9092fcB5", 9, NULL); INSERT INTO common_asset_details(identifier, symbol, coingecko, cryptocompare, forked, started, swapped_for) VALUES("eip155:56/erc20:0x42981d0bfbAf196529376EE702F2a9Eb9092fcB5", "SFM", "safemoon-2", "SFM", NULL, 1638538413, NULL);
*
INSERT INTO assets(identifier, name, type) VALUES('ROGER', 'Roger', 'Y'); INSERT INTO common_asset_details(identifier, symbol, coingecko, cryptocompare, forked, started, swapped_for) VALUES('ROGER', 'ROGER', 'roger', 'ROGER', NULL, 1714592462, NULL);
*
INSERT INTO assets(identifier, name, type) VALUES("eip155:8453/erc20:0xE1aBD004250AC8D1F199421d647e01d094FAa180", "Roost Coin", "C"); INSERT INTO evm_tokens(identifier, token_kind, chain, address, decimals, protocol) VALUES("eip155:8453/erc20:0xE1aBD004250AC8D1F199421d647e01d094FAa180", "A", 8453, "0xE1aBD004250AC8D1F199421d647e01d094FAa180", 18, NULL); INSERT INTO common_asset_details(identifier, symbol, coingecko, cryptocompare, forked, started, swapped_for) VALUES("eip155:8453/erc20:0xE1aBD004250AC8D1F199421d647e01d094FAa180", "ROOST", "", "ROOSTV1", NULL, 1711483823, NULL);
*
INSERT INTO assets(identifier, name, type) VALUES("eip155:1/erc20:0x60e254E35Dd712394b3AbA7A1D19114732e143dD", "RivusDAO", "C"); INSERT INTO evm_tokens(identifier, token_kind, chain, address, decimals, protocol) VALUES("eip155:1/erc20:0x60e254E35Dd712394b3AbA7A1D19114732e143dD", "A", 1, "0x60e254E35Dd712394b3AbA7A1D19114732e143dD", 18, NULL); INSERT INTO common_asset_details(identifier, symbol, coingecko, cryptocompare, forked, started, swapped_for) VALUES("eip155:1/erc20:0x60e254E35Dd712394b3AbA7A1D19114732e143dD", "RIVUS", "rivusdao", "RIVUS", NULL, 1711851011, NULL);
*
INSERT INTO assets(identifier, name, type) VALUES("eip155:1/erc20:0x4F8b986ECFFe7beD5dBEb2B49310fB00CA85a539", "$REKT", "C"); INSERT INTO evm_tokens(identifier, token_kind, chain, address, decimals, protocol) VALUES("eip155:1/erc20:0x4F8b986ECFFe7beD5dBEb2B49310fB00CA85a539", "A", 1, "0x4F8b986ECFFe7beD5dBEb2B49310fB00CA85a539", 18, NULL); INSERT INTO common_asset_details(identifier, symbol, coingecko, cryptocompare, forked, started, swapped_for) VALUES("eip155:1/erc20:0x4F8b986ECFFe7beD5dBEb2B49310fB00CA85a539", "$REKT", "rektcoin", "REKTV2", NULL, 1697722163, NULL);
*
INSERT INTO assets(identifier, name, type) VALUES('PYTHIA', 'Pythia', 'Y'); INSERT INTO common_asset_details(identifier, symbol, coingecko, cryptocompare, forked, started, swapped_for) VALUES('PYTHIA', 'PYTHIA', 'pythia', 'PYTHIA', NULL, 1735221625, NULL);
*
INSERT INTO assets(identifier, name, type) VALUES("eip155:1/erc20:0xc575BD129848Ce06A460A19466c30E1D0328F52C", "Reploy", "C"); INSERT INTO evm_tokens(identifier, token_kind, chain, address, decimals, protocol) VALUES("eip155:1/erc20:0xc575BD129848Ce06A460A19466c30E1D0328F52C", "A", 1, "0xc575BD129848Ce06A460A19466c30E1D0328F52C", 18, NULL); INSERT INTO common_asset_details(identifier, symbol, coingecko, cryptocompare, forked, started, swapped_for) VALUES("eip155:1/erc20:0xc575BD129848Ce06A460A19466c30E1D0328F52C", "RAI", "reploy", "RAI", NULL, 1733305019, NULL);
*
INSERT INTO assets(identifier, name, type) VALUES("eip155:1/erc20:0xfc10CD3895F2C66D6639eC33ae6360D6cfca7d6d", "YES", "C"); INSERT INTO evm_tokens(identifier, token_kind, chain, address, decimals, protocol) VALUES("eip155:1/erc20:0xfc10CD3895F2C66D6639eC33ae6360D6cfca7d6d", "A", 1, "0xfc10CD3895F2C66D6639eC33ae6360D6cfca7d6d", 18, NULL); INSERT INTO common_asset_details(identifier, symbol, coingecko, cryptocompare, forked, started, swapped_for) VALUES("eip155:1/erc20:0xfc10CD3895F2C66D6639eC33ae6360D6cfca7d6d", "YES", "yes-3", "", NULL, 1699689371, NULL);
*
INSERT INTO assets(identifier, name, type) VALUES("eip155:1/erc20:0x8a3C710E41cD95799C535f22DBaE371D7C858651", "Xccelerate", "C"); INSERT INTO evm_tokens(identifier, token_kind, chain, address, decimals, protocol) VALUES("eip155:1/erc20:0x8a3C710E41cD95799C535f22DBaE371D7C858651", "A", 1, "0x8a3C710E41cD95799C535f22DBaE371D7C858651", 18, NULL); INSERT INTO common_asset_details(identifier, symbol, coingecko, cryptocompare, forked, started, swapped_for) VALUES("eip155:1/erc20:0x8a3C710E41cD95799C535f22DBaE371D7C858651", "XLRT", "", "", NULL, 1692061463, NULL);
*
INSERT INTO assets(identifier, name, type) VALUES("eip155:1/erc20:0x2b81945875f892afF04AF0A298d35FB2cF848c7b", "Web", "C"); INSERT INTO evm_tokens(identifier, token_kind, chain, address, decimals, protocol) VALUES("eip155:1/erc20:0x2b81945875f892afF04AF0A298d35FB2cF848c7b", "A", 1, "0x2b81945875f892afF04AF0A298d35FB2cF848c7b", 9, NULL); INSERT INTO common_asset_details(identifier, symbol, coingecko, cryptocompare, forked, started, swapped_for) VALUES("eip155:1/erc20:0x2b81945875f892afF04AF0A298d35FB2cF848c7b", "WEB", "web", "", NULL, 1699871867, NULL);
*
INSERT INTO assets(identifier, name, type) VALUES("eip155:1/erc20:0x1BB9b64927e0C5e207C9DB4093b3738Eef5D8447", "Vector", "C"); INSERT INTO evm_tokens(identifier, token_kind, chain, address, decimals, protocol) VALUES("eip155:1/erc20:0x1BB9b64927e0C5e207C9DB4093b3738Eef5D8447", "A", 1, "0x1BB9b64927e0C5e207C9DB4093b3738Eef5D8447", 9, NULL); INSERT INTO common_asset_details(identifier, symbol, coingecko, cryptocompare, forked, started, swapped_for) VALUES("eip155:1/erc20:0x1BB9b64927e0C5e207C9DB4093b3738Eef5D8447", "VEC", "web", "", NULL, 1705855199, NULL);
*
INSERT INTO assets(identifier, name, type) VALUES('TRONY', 'Trony', 'P'); INSERT INTO common_asset_details(identifier, symbol, coingecko, cryptocompare, forked, started, swapped_for) VALUES('TRONY', 'TRONY', '', '', NULL, 1723532520, NULL);
*
INSERT INTO assets(identifier, name, type) VALUES('TRONBULL', 'Tron Bull', 'P'); INSERT INTO common_asset_details(identifier, symbol, coingecko, cryptocompare, forked, started, swapped_for) VALUES('TRONBULL', 'TRONBULL', '', '', NULL, 1724307861, NULL);
*
INSERT INTO assets(identifier, name, type) VALUES('TROGE', 'Troge', 'P'); INSERT INTO common_asset_details(identifier, symbol, coingecko, cryptocompare, forked, started, swapped_for) VALUES('TROGE', 'TROGE', '', '', NULL, 1724137629, NULL);
*
INSERT INTO assets(identifier, name, type) VALUES('SUNPUMP', 'To The Sun', 'P'); INSERT INTO common_asset_details(identifier, symbol, coingecko, cryptocompare, forked, started, swapped_for) VALUES('SUNPUMP', 'SUNPUMP', 'to-the-sun', 'SUNPUMP', NULL, 1725457983, NULL);
*
INSERT INTO assets(identifier, name, type) VALUES('TOOKER', 'tooker kurlson', 'Y'); INSERT INTO common_asset_details(identifier, symbol, coingecko, cryptocompare, forked, started, swapped_for) VALUES('TOOKER', 'TOOKER', 'tooker-kurlson', 'TOOKER', NULL, 1710106534, NULL);
*
INSERT INTO assets(identifier, name, type) VALUES('TOBI', 'MOTO DOG', 'Y'); INSERT INTO common_asset_details(identifier, symbol, coingecko, cryptocompare, forked, started, swapped_for) VALUES('TOBI', 'TOBI', 'moto-dog', 'TOBI', NULL, 1715828574, NULL);
*
INSERT INTO assets(identifier, name, type) VALUES('TOAD', 'Toad', 'Y'); INSERT INTO common_asset_details(identifier, symbol, coingecko, cryptocompare, forked, started, swapped_for) VALUES('TOAD', 'TOAD', 'toad-sol', '', NULL, 1715828574, NULL);
*
INSERT INTO assets(identifier, name, type) VALUES('TMANIA', 'Trump Mania', 'Y'); INSERT INTO common_asset_details(identifier, symbol, coingecko, cryptocompare, forked, started, swapped_for) VALUES('TMANIA', 'TMANIA', 't-mania-sol', 'TMANIA', NULL, 1717068779, NULL);
*
INSERT INTO assets(identifier, name, type) VALUES('MELANIA', 'Melania Meme', 'Y'); INSERT INTO common_asset_details(identifier, symbol, coingecko, cryptocompare, forked, started, swapped_for) VALUES('MELANIA', 'MELANIA', 'melania-meme', 'MELANIA', NULL, 1737316354, NULL);
*
INSERT INTO assets(identifier, name, type) VALUES('VINE', 'Vine', 'Y'); INSERT INTO common_asset_details(identifier, symbol, coingecko, cryptocompare, forked, started, swapped_for) VALUES('VINE', 'VINE', 'vine', 'MELANIA', NULL, 1737316354, NULL);
*
INSERT INTO assets(identifier, name, type) VALUES('GRIFFAIN', 'GRIFFAIN', 'Y'); INSERT INTO common_asset_details(identifier, symbol, coingecko, cryptocompare, forked, started, swapped_for) VALUES('GRIFFAIN', 'GRIFFAIN', 'griffain', 'GRIFFAIN', NULL, 1730590665, NULL);
*
INSERT INTO assets(identifier, name, type) VALUES('eip155:1/erc20:0xE0f63A424a4439cBE457D80E4f4b51aD25b2c56C', 'SPX6900', 'C'); INSERT INTO evm_tokens(identifier, token_kind, chain, address, decimals, protocol) VALUES('eip155:1/erc20:0xE0f63A424a4439cBE457D80E4f4b51aD25b2c56C', 'A', 1, '0xE0f63A424a4439cBE457D80E4f4b51aD25b2c56C', 8, NULL); INSERT INTO common_asset_details(identifier, symbol, coingecko, cryptocompare, forked, started, swapped_for) VALUES('eip155:1/erc20:0xE0f63A424a4439cBE457D80E4f4b51aD25b2c56C', 'SPX', 'spx6900', 'SPX', NULL, 1692153767, NULL);
*
INSERT INTO assets(identifier, name, type) VALUES('eip155:8453/erc20:0x50dA645f148798F68EF2d7dB7C1CB22A6819bb2C', 'SPX6900', 'C'); INSERT INTO evm_tokens(identifier, token_kind, chain, address, decimals, protocol) VALUES('eip155:8453/erc20:0x50dA645f148798F68EF2d7dB7C1CB22A6819bb2C', 'A', 8453, '0x50dA645f148798F68EF2d7dB7C1CB22A6819bb2C', 8, NULL); INSERT INTO common_asset_details(identifier, symbol, coingecko, cryptocompare, forked, started, swapped_for) VALUES('eip155:8453/erc20:0x50dA645f148798F68EF2d7dB7C1CB22A6819bb2C', 'SPX', 'spx6900', 'SPX', NULL, 1703965689, NULL);
*
INSERT INTO assets(identifier, name, type) VALUES('STRD', 'Stride', 'B'); INSERT INTO common_asset_details(identifier, symbol, coingecko, cryptocompare, forked, started, swapped_for) VALUES('STRD', 'STRD', 'stride', 'STRD', NULL, 1662318000, NULL);
*
INSERT INTO assets(identifier, name, type) VALUES('eip155:1/erc20:0x1F57da732A77636D913C9a75d685B26CC85DCC3A', 'OPENLOOT', 'C'); INSERT INTO evm_tokens(identifier, token_kind, chain, address, decimals, protocol) VALUES('eip155:1/erc20:0x1F57da732A77636D913C9a75d685B26CC85DCC3A', 'A', 1, '0x1F57da732A77636D913C9a75d685B26CC85DCC3A', 18, NULL); INSERT INTO common_asset_details(identifier, symbol, coingecko, cryptocompare, forked, started, swapped_for) VALUES('eip155:1/erc20:0x1F57da732A77636D913C9a75d685B26CC85DCC3A', 'OL', 'open-loot', 'OL', NULL, 1731104471, NULL);
*
INSERT INTO assets(identifier, name, type) VALUES('eip155:8453/erc20:0x3792DBDD07e87413247DF995e692806aa13D3299', 'OMI Token', 'C'); INSERT INTO evm_tokens(identifier, token_kind, chain, address, decimals, protocol) VALUES('eip155:8453/erc20:0x3792DBDD07e87413247DF995e692806aa13D3299', 'A', 8453, '0x3792DBDD07e87413247DF995e692806aa13D3299', 18, NULL); INSERT INTO common_asset_details(identifier, symbol, coingecko, cryptocompare, forked, started, swapped_for) VALUES('eip155:8453/erc20:0x3792DBDD07e87413247DF995e692806aa13D3299', 'OMI', 'ecomi', 'OMI', NULL, 1713193877, NULL);
*
INSERT INTO assets(identifier, name, type) VALUES('NC', 'Nodecoin', 'Y'); INSERT INTO common_asset_details(identifier, symbol, coingecko, cryptocompare, forked, started, swapped_for) VALUES('NC', 'NC', 'nodecoin', 'NC', NULL, NULL, NULL);
*
INSERT INTO assets(identifier, name, type) VALUES('GOAT', 'Goatseus Maximus', 'Y'); INSERT INTO common_asset_details(identifier, symbol, coingecko, cryptocompare, forked, started, swapped_for) VALUES('GOAT', 'GOAT', 'goatseus-maximus', 'GOAT', NULL, NULL, NULL);
*
INSERT INTO assets(identifier, name, type) VALUES('DOGS', 'Dogs', 'W'); INSERT INTO common_asset_details(identifier, symbol, coingecko, cryptocompare, forked, started, swapped_for) VALUES('DOGS', 'DOGS', 'dogs-2', 'DOGS', NULL, NULL, NULL);
*
INSERT INTO assets(identifier, name, type) VALUES('eip155:56/erc20:0x5f78F4BFCb2b43bC174FE16A69a13945CEfA2978', 'Xraders', 'C'); INSERT INTO evm_tokens(identifier, token_kind, chain, address, decimals, protocol) VALUES('eip155:56/erc20:0x5f78F4BFCb2b43bC174FE16A69a13945CEfA2978', 'A', 56, '0x5f78F4BFCb2b43bC174FE16A69a13945CEfA2978', 18, NULL); INSERT INTO common_asset_details(identifier, symbol, coingecko, cryptocompare, forked, started, swapped_for) VALUES('eip155:56/erc20:0x5f78F4BFCb2b43bC174FE16A69a13945CEfA2978', 'XR', 'xraders', '', NULL, 1711345518, NULL);
*
INSERT INTO assets(identifier, name, type) VALUES('KAIA', 'Kaia', 'B'); INSERT INTO common_asset_details(identifier, symbol, coingecko, cryptocompare, forked, started, swapped_for) VALUES('KAIA', 'KAIA', 'kaia', 'KAIA', NULL, NULL, NULL);
*
INSERT INTO assets(identifier, name, type) VALUES('eip155:56/erc20:0x6894CDe390a3f51155ea41Ed24a33A4827d3063D', 'Simons Cat', 'C'); INSERT INTO evm_tokens(identifier, token_kind, chain, address, decimals, protocol) VALUES('eip155:56/erc20:0x6894CDe390a3f51155ea41Ed24a33A4827d3063D', 'A', 56, '0x6894CDe390a3f51155ea41Ed24a33A4827d3063D', 18, NULL); INSERT INTO common_asset_details(identifier, symbol, coingecko, cryptocompare, forked, started, swapped_for) VALUES('eip155:56/erc20:0x6894CDe390a3f51155ea41Ed24a33A4827d3063D', 'CAT', 'simon-s-cat', 'CAT', NULL, 1723848995, NULL);
*
INSERT INTO assets(identifier, name, type) VALUES('CATI', 'Catizin', 'W'); INSERT INTO common_asset_details(identifier, symbol, coingecko, cryptocompare, forked, started, swapped_for) VALUES('CATI', 'CATI', 'catizen', 'CATI', NULL, NULL, NULL);
*
INSERT INTO assets(identifier, name, type) VALUES('eip155:1/erc20:0xcb1592591996765Ec0eFc1f92599A19767ee5ffA', 'BIO', 'C'); INSERT INTO evm_tokens(identifier, token_kind, chain, address, decimals, protocol) VALUES('eip155:1/erc20:0xcb1592591996765Ec0eFc1f92599A19767ee5ffA', 'A', 1, '0xcb1592591996765Ec0eFc1f92599A19767ee5ffA', 18, NULL); INSERT INTO common_asset_details(identifier, symbol, coingecko, cryptocompare, forked, started, swapped_for) VALUES('eip155:1/erc20:0xcb1592591996765Ec0eFc1f92599A19767ee5ffA', 'BIO', 'bio-protocol', '', NULL, 1715961803, NULL);
*
INSERT INTO assets(identifier, name, type) VALUES('eip155:1/erc20:0x4DC26fC5854e7648a064a4ABD590bBE71724C277', 'Animecoin', 'C'); INSERT INTO evm_tokens(identifier, token_kind, chain, address, decimals, protocol) VALUES('eip155:1/erc20:0x4DC26fC5854e7648a064a4ABD590bBE71724C277', 'A', 1, '0x4DC26fC5854e7648a064a4ABD590bBE71724C277', 18, NULL); INSERT INTO common_asset_details(identifier, symbol, coingecko, cryptocompare, forked, started, swapped_for) VALUES('eip155:1/erc20:0x4DC26fC5854e7648a064a4ABD590bBE71724C277', 'ANIME', 'anime', 'ANIME', NULL, 1736790131, NULL);
*
INSERT INTO assets(identifier, name, type) VALUES('eip155:42161/erc20:0x37a645648dF29205C6261289983FB04ECD70b4B3', 'Animecoin', 'C'); INSERT INTO evm_tokens(identifier, token_kind, chain, address, decimals, protocol) VALUES('eip155:42161/erc20:0x37a645648dF29205C6261289983FB04ECD70b4B3', 'A', 42161, '0x37a645648dF29205C6261289983FB04ECD70b4B3', 18, NULL); INSERT INTO common_asset_details(identifier, symbol, coingecko, cryptocompare, forked, started, swapped_for) VALUES('eip155:42161/erc20:0x37a645648dF29205C6261289983FB04ECD70b4B3', 'ANIME', 'anime', 'ANIME', NULL, 1736790328, NULL);
*
INSERT INTO assets(identifier, name, type) VALUES('eip155:56/erc20:0xC71B5F631354BE6853eFe9C3Ab6b9590F8302e81', 'Polyhedra Network', 'C'); INSERT INTO evm_tokens(identifier, token_kind, chain, address, decimals, protocol) VALUES('eip155:56/erc20:0xC71B5F631354BE6853eFe9C3Ab6b9590F8302e81', 'A', 56, '0xC71B5F631354BE6853eFe9C3Ab6b9590F8302e81', 18, NULL); INSERT INTO common_asset_details(identifier, symbol, coingecko, cryptocompare, forked, started, swapped_for) VALUES('eip155:56/erc20:0xC71B5F631354BE6853eFe9C3Ab6b9590F8302e81', 'ZK', 'polyhedra-network', 'ZKJ', NULL, 1710065039, NULL);
*
INSERT INTO assets(identifier, name, type) VALUES('MAJOR', 'MAJOR', 'W'); INSERT INTO common_asset_details(identifier, symbol, coingecko, cryptocompare, forked, started, swapped_for) VALUES('MAJOR', 'MAJOR', 'major', '', NULL, NULL, NULL);
*
INSERT INTO assets(identifier, name, type) VALUES('X', 'X Empire', 'W'); INSERT INTO common_asset_details(identifier, symbol, coingecko, cryptocompare, forked, started, swapped_for) VALUES('X', 'X', 'x-empire', 'X', NULL, NULL, NULL);
*
INSERT INTO assets(identifier, name, type) VALUES('J', 'Jambo', 'Y'); INSERT INTO common_asset_details(identifier, symbol, coingecko, cryptocompare, forked, started, swapped_for) VALUES('J', 'J', 'jambo', 'J', NULL, NULL, NULL);
*
INSERT INTO assets(identifier, name, type) VALUES('RSIC', 'RSICGENESISRUNE', 'W'); INSERT INTO common_asset_details(identifier, symbol, coingecko, cryptocompare, forked, started, swapped_for) VALUES('RSIC', 'RSIC', 'runecoin', 'RSIC', NULL, NULL, NULL);
*
INSERT INTO assets(identifier, name, type) VALUES('eip155:8453/erc20:0xEab49138BA2Ea6dd776220fE26b7b8E446638956', 'Send', 'C'); INSERT INTO evm_tokens(identifier, token_kind, chain, address, decimals, protocol) VALUES('eip155:8453/erc20:0xEab49138BA2Ea6dd776220fE26b7b8E446638956', 'A', 8453, '0xEab49138BA2Ea6dd776220fE26b7b8E446638956', 18, NULL); INSERT INTO common_asset_details(identifier, symbol, coingecko, cryptocompare, forked, started, swapped_for) VALUES('eip155:8453/erc20:0xEab49138BA2Ea6dd776220fE26b7b8E446638956', 'SEND', 'send-token-2', '', NULL, 1736890141, NULL);
*
INSERT INTO assets(identifier, name, type) VALUES('MEMEFI', 'MemeFi', 'W'); INSERT INTO common_asset_details(identifier, symbol, coingecko, cryptocompare, forked, started, swapped_for) VALUES('MEMEFI', 'MEMEFI', 'memefi-2', '', NULL, NULL, NULL);
*
UPDATE common_asset_details SET coingecko = 'polyhedra-network' WHERE identifier = 'eip155:1/erc20:0xC71B5F631354BE6853eFe9C3Ab6b9590F8302e81';
INSERT INTO assets(identifier, name, type) VALUES('eip155:1/erc20:0xC71B5F631354BE6853eFe9C3Ab6b9590F8302e81', 'Polyhedra Network', 'C'); INSERT INTO evm_tokens(identifier, token_kind, chain, address, decimals, protocol) VALUES('eip155:1/erc20:0xC71B5F631354BE6853eFe9C3Ab6b9590F8302e81', 'A', 1, '0xC71B5F631354BE6853eFe9C3Ab6b9590F8302e81', 18, NULL); INSERT INTO common_asset_details(identifier, symbol, coingecko, cryptocompare, forked, started, swapped_for) VALUES('eip155:1/erc20:0xC71B5F631354BE6853eFe9C3Ab6b9590F8302e81', 'ZK', 'polyhedra-network', 'ZKJ', NULL, 1710064979, NULL);
INSERT INTO assets(identifier, name, type) VALUES('eip155:1/erc20:0x7138Eb0d563f3F6722500936A11DcAe99D738A2c', 'LIF3', 'C'); INSERT INTO evm_tokens(identifier, token_kind, chain, address, decimals, protocol) VALUES('eip155:1/erc20:0x7138Eb0d563f3F6722500936A11DcAe99D738A2c', 'A', 1, '0x7138Eb0d563f3F6722500936A11DcAe99D738A2c', 18, NULL); INSERT INTO common_asset_details(identifier, symbol, coingecko, cryptocompare, forked, started, swapped_for) VALUES('eip155:1/erc20:0x7138Eb0d563f3F6722500936A11DcAe99D738A2c', 'LIF3', 'lif3-2', 'LIF3', NULL, 1690214351, NULL);
*
INSERT INTO assets(identifier, name, type) VALUES('eip155:56/erc20:0x336f374198c872Ba760e85af9c6331C3c5A535d3', 'LIF3', 'C'); INSERT INTO evm_tokens(identifier, token_kind, chain, address, decimals, protocol) VALUES('eip155:56/erc20:0x336f374198c872Ba760e85af9c6331C3c5A535d3', 'A', 56, '0x336f374198c872Ba760e85af9c6331C3c5A535d3', 18, NULL); INSERT INTO common_asset_details(identifier, symbol, coingecko, cryptocompare, forked, started, swapped_for) VALUES('eip155:56/erc20:0x336f374198c872Ba760e85af9c6331C3c5A535d3', 'LIF3', 'lif3-2', 'LIF3', NULL, 1690324108, NULL);
*
INSERT INTO assets(identifier, name, type) VALUES('eip155:137/erc20:0x110B25D2B21eE73eB401F3aE7833f7072912A0Bf', 'LIF3', 'C'); INSERT INTO evm_tokens(identifier, token_kind, chain, address, decimals, protocol) VALUES('eip155:137/erc20:0x110B25D2B21eE73eB401F3aE7833f7072912A0Bf', 'A', 137, '0x110B25D2B21eE73eB401F3aE7833f7072912A0Bf', 18, NULL); INSERT INTO common_asset_details(identifier, symbol, coingecko, cryptocompare, forked, started, swapped_for) VALUES('eip155:137/erc20:0x110B25D2B21eE73eB401F3aE7833f7072912A0Bf', 'LIF3', 'lif3-2', 'LIF3', NULL, 1690324343, NULL);
*
INSERT INTO assets(identifier, name, type) VALUES('eip155:1/erc20:0x7B43E3875440B44613DC3bC08E7763e6Da63C8f8', 'StablR USD', 'C'); INSERT INTO evm_tokens(identifier, token_kind, chain, address, decimals, protocol) VALUES('eip155:1/erc20:0x7B43E3875440B44613DC3bC08E7763e6Da63C8f8', 'A', 1, '0x7B43E3875440B44613DC3bC08E7763e6Da63C8f8', 6, NULL); INSERT INTO common_asset_details(identifier, symbol, coingecko, cryptocompare, forked, started, swapped_for) VALUES('eip155:1/erc20:0x7B43E3875440B44613DC3bC08E7763e6Da63C8f8', 'USDR', 'stablr-usd', '', NULL, 1733473115, NULL);
*
INSERT INTO assets(identifier, name, type) VALUES('eip155:1/erc20:0x643C4E15d7d62Ad0aBeC4a9BD4b001aA3Ef52d66', 'Syrup Token', 'C'); INSERT INTO evm_tokens(identifier, token_kind, chain, address, decimals, protocol) VALUES('eip155:1/erc20:0x643C4E15d7d62Ad0aBeC4a9BD4b001aA3Ef52d66', 'A', 1, '0x643C4E15d7d62Ad0aBeC4a9BD4b001aA3Ef52d66', 18, NULL); INSERT INTO common_asset_details(identifier, symbol, coingecko, cryptocompare, forked, started, swapped_for) VALUES('eip155:1/erc20:0x643C4E15d7d62Ad0aBeC4a9BD4b001aA3Ef52d66', 'SYRUP', 'syrup', 'SYRUP', NULL, 1726154399, NULL);
*
INSERT INTO assets(identifier, name, type) VALUES('eip155:8453/erc20:0xacfE6019Ed1A7Dc6f7B508C02d1b04ec88cC21bf', 'Venice Token', 'C'); INSERT INTO evm_tokens(identifier, token_kind, chain, address, decimals, protocol) VALUES('eip155:8453/erc20:0xacfE6019Ed1A7Dc6f7B508C02d1b04ec88cC21bf', 'A', 8453, '0xacfE6019Ed1A7Dc6f7B508C02d1b04ec88cC21bf', 18, NULL); INSERT INTO common_asset_details(identifier, symbol, coingecko, cryptocompare, forked, started, swapped_for) VALUES('eip155:8453/erc20:0xacfE6019Ed1A7Dc6f7B508C02d1b04ec88cC21bf', 'VVV', 'venice-ai', 'VVV', NULL, 1737649711, NULL);
*
INSERT INTO assets(identifier, name, type) VALUES('eip155:1/erc20:0x8292Bb45bf1Ee4d140127049757C2E0fF06317eD', 'RLUSD', 'C'); INSERT INTO evm_tokens(identifier, token_kind, chain, address, decimals, protocol) VALUES('eip155:1/erc20:0x8292Bb45bf1Ee4d140127049757C2E0fF06317eD', 'A', 1, '0x8292Bb45bf1Ee4d140127049757C2E0fF06317eD', 18, NULL); INSERT INTO common_asset_details(identifier, symbol, coingecko, cryptocompare, forked, started, swapped_for) VALUES('eip155:1/erc20:0x8292Bb45bf1Ee4d140127049757C2E0fF06317eD', 'RLUSD', 'ripple-usd', 'RLUSD', NULL, 1723218419, NULL);
*
INSERT INTO assets(identifier, name, type) VALUES('eip155:42161/erc20:0x3b58a4C865B568a2F6a957C264F6b50CbA35D8CE', 'SuperWalk', 'C'); INSERT INTO evm_tokens(identifier, token_kind, chain, address, decimals, protocol) VALUES('eip155:42161/erc20:0x3b58a4C865B568a2F6a957C264F6b50CbA35D8CE', 'A', 42161, '0x3b58a4C865B568a2F6a957C264F6b50CbA35D8CE', 18, NULL); INSERT INTO common_asset_details(identifier, symbol, coingecko, cryptocompare, forked, started, swapped_for) VALUES('eip155:42161/erc20:0x3b58a4C865B568a2F6a957C264F6b50CbA35D8CE', 'GRND', 'superwalk', 'GRND', NULL, 1715138526, NULL);
*
INSERT INTO assets(identifier, name, type) VALUES('eip155:1/erc20:0x4C1746A800D224393fE2470C70A35717eD4eA5F1', 'Plume', 'C'); INSERT INTO evm_tokens(identifier, token_kind, chain, address, decimals, protocol) VALUES('eip155:1/erc20:0x4C1746A800D224393fE2470C70A35717eD4eA5F1', 'A', 1, '0x4C1746A800D224393fE2470C70A35717eD4eA5F1', 18, NULL); INSERT INTO common_asset_details(identifier, symbol, coingecko, cryptocompare, forked, started, swapped_for) VALUES('eip155:1/erc20:0x4C1746A800D224393fE2470C70A35717eD4eA5F1', 'PLUME', 'plume', 'PLUME', NULL, 1723045703, NULL);
*
INSERT INTO assets(identifier, name, type) VALUES('BUZZ', 'Hive AI', 'Y'); INSERT INTO common_asset_details(identifier, symbol, coingecko, cryptocompare, forked, started, swapped_for) VALUES('BUZZ', 'BUZZ', 'hive-ai', '', NULL, 1735870197, NULL);
*
INSERT INTO assets(identifier, name, type) VALUES('PIPPIN', 'pippin', 'Y'); INSERT INTO common_asset_details(identifier, symbol, coingecko, cryptocompare, forked, started, swapped_for) VALUES('PIPPIN', 'PIPPIN', 'pippin', 'PIPPIN', NULL, 1731183349, NULL);
*
INSERT INTO assets(identifier, name, type) VALUES('eip155:1/erc20:0xE7C6BF469e97eEB0bFB74C8dbFF5BD47D4C1C98a', 'HashKey Platform Token', 'C'); INSERT INTO evm_tokens(identifier, token_kind, chain, address, decimals, protocol) VALUES('eip155:1/erc20:0xE7C6BF469e97eEB0bFB74C8dbFF5BD47D4C1C98a', 'A', 1, '0xE7C6BF469e97eEB0bFB74C8dbFF5BD47D4C1C98a', 18, NULL); INSERT INTO common_asset_details(identifier, symbol, coingecko, cryptocompare, forked, started, swapped_for) VALUES('eip155:1/erc20:0xE7C6BF469e97eEB0bFB74C8dbFF5BD47D4C1C98a', 'HSK', 'hashkey-ecopoints', 'HSK', NULL, 1719663791, NULL);
*
INSERT INTO assets(identifier, name, type) VALUES('eip155:1/erc20:0x6e15A54B5EcAc17e58daDedDbe8506a7560252F9', 'SynFutures', 'C'); INSERT INTO evm_tokens(identifier, token_kind, chain, address, decimals, protocol) VALUES('eip155:1/erc20:0x6e15A54B5EcAc17e58daDedDbe8506a7560252F9', 'A', 1, '0x6e15A54B5EcAc17e58daDedDbe8506a7560252F9', 18, NULL); INSERT INTO common_asset_details(identifier, symbol, coingecko, cryptocompare, forked, started, swapped_for) VALUES('eip155:1/erc20:0x6e15A54B5EcAc17e58daDedDbe8506a7560252F9', 'F', 'synfutures', 'F', NULL, 1731392159, NULL);
*
INSERT INTO assets(identifier, name, type) VALUES('eip155:8453/erc20:0x2C24497D4086490e7EaD87CC12597fb50c2E6eD6', 'SynFutures', 'C'); INSERT INTO evm_tokens(identifier, token_kind, chain, address, decimals, protocol) VALUES('eip155:8453/erc20:0x2C24497D4086490e7EaD87CC12597fb50c2E6eD6', 'A', 8453, '0x2C24497D4086490e7EaD87CC12597fb50c2E6eD6', 18, NULL); INSERT INTO common_asset_details(identifier, symbol, coingecko, cryptocompare, forked, started, swapped_for) VALUES('eip155:8453/erc20:0x2C24497D4086490e7EaD87CC12597fb50c2E6eD6', 'F', 'synfutures', 'F', NULL, 1732694301, NULL);
*
INSERT INTO assets(identifier, name, type) VALUES('eip155:1/erc20:0xD722424cF94b583752dfc80C08e2531AB3b762dc', 'SphereX', 'C'); INSERT INTO evm_tokens(identifier, token_kind, chain, address, decimals, protocol) VALUES('eip155:1/erc20:0xD722424cF94b583752dfc80C08e2531AB3b762dc', 'A', 1, '0xD722424cF94b583752dfc80C08e2531AB3b762dc', 18, NULL); INSERT INTO common_asset_details(identifier, symbol, coingecko, cryptocompare, forked, started, swapped_for) VALUES('eip155:1/erc20:0xD722424cF94b583752dfc80C08e2531AB3b762dc', 'HERE', 'spherex-token', '', NULL, 1721289095, NULL);
*
INSERT INTO assets(identifier, name, type) VALUES('eip155:8453/erc20:0xd173C2C9386AEE88b1Ca06522C951be67cbf38CC', 'KONTOS', 'C'); INSERT INTO evm_tokens(identifier, token_kind, chain, address, decimals, protocol) VALUES('eip155:8453/erc20:0xd173C2C9386AEE88b1Ca06522C951be67cbf38CC', 'A', 8453, '0xd173C2C9386AEE88b1Ca06522C951be67cbf38CC', 18, NULL); INSERT INTO common_asset_details(identifier, symbol, coingecko, cryptocompare, forked, started, swapped_for) VALUES('eip155:8453/erc20:0xd173C2C9386AEE88b1Ca06522C951be67cbf38CC', 'KOS', 'kontos', '', NULL, 1733718089, NULL);
*
INSERT INTO assets(identifier, name, type) VALUES('ZEREBRO', 'Zerebro', 'Y'); INSERT INTO common_asset_details(identifier, symbol, coingecko, cryptocompare, forked, started, swapped_for) VALUES('ZEREBRO', 'ZEREBRO', 'zerebro', 'ZEREBRO', NULL, 1729835711, NULL);
*
INSERT INTO assets(identifier, name, type) VALUES('eip155:8453/erc20:0xB1a03EdA10342529bBF8EB700a06C60441fEf25d', 'Mister Miggles', 'C'); INSERT INTO evm_tokens(identifier, token_kind, chain, address, decimals, protocol) VALUES('eip155:8453/erc20:0xB1a03EdA10342529bBF8EB700a06C60441fEf25d', 'A', 8453, '0xB1a03EdA10342529bBF8EB700a06C60441fEf25d', 18, NULL); INSERT INTO common_asset_details(identifier, symbol, coingecko, cryptocompare, forked, started, swapped_for) VALUES('eip155:8453/erc20:0xB1a03EdA10342529bBF8EB700a06C60441fEf25d', 'MIGGLES', 'mister-miggles', 'MIGGLES', NULL, 1721147639, NULL);
*
INSERT INTO assets(identifier, name, type) VALUES('MUMU', 'MUMU THE BULL', 'Y'); INSERT INTO common_asset_details(identifier, symbol, coingecko, cryptocompare, forked, started, swapped_for) VALUES('MUMU', 'MUMU', 'mumu-the-bull-3', 'MUMU', NULL, 1710113179, NULL);
*
UPDATE common_asset_details SET cryptocompare='TON' WHERE identifier='eip155:56/erc20:0x76A797A59Ba2C17726896976B7B3747BfD1d220f';
INSERT INTO assets(identifier, name, type) VALUES('eip155:56/erc20:0x76A797A59Ba2C17726896976B7B3747BfD1d220f', 'Wrapped TON Coin', 'C'); INSERT INTO evm_tokens(identifier, token_kind, chain, address, decimals, protocol) VALUES('eip155:56/erc20:0x76A797A59Ba2C17726896976B7B3747BfD1d220f', 'A', 56, '0x76A797A59Ba2C17726896976B7B3747BfD1d220f', 9, NULL); INSERT INTO common_asset_details(identifier, symbol, coingecko, cryptocompare, forked, started, swapped_for) VALUES('eip155:56/erc20:0x76A797A59Ba2C17726896976B7B3747BfD1d220f', 'TONCOIN', 'the-open-network', 'TON', NULL, 1633015603, NULL);
UPDATE common_asset_details SET cryptocompare='TON' WHERE identifier='eip155:1/erc20:0x582d872A1B094FC48F5DE31D3B73F2D9bE47def1';
INSERT INTO assets(identifier, name, type) VALUES('eip155:1/erc20:0x582d872A1B094FC48F5DE31D3B73F2D9bE47def1', 'Wrapped TON Coin', 'C'); INSERT INTO evm_tokens(identifier, token_kind, chain, address, decimals, protocol) VALUES('eip155:1/erc20:0x582d872A1B094FC48F5DE31D3B73F2D9bE47def1', 'A', 1, '0x582d872A1B094FC48F5DE31D3B73F2D9bE47def1', 9, NULL); INSERT INTO common_asset_details(identifier, symbol, coingecko, cryptocompare, forked, started, swapped_for) VALUES('eip155:1/erc20:0x582d872A1B094FC48F5DE31D3B73F2D9bE47def1', 'TONCOIN', 'the-open-network', 'TON', NULL, 1629199867, NULL);
INSERT INTO assets(identifier, name, type) VALUES('FWOG', 'Fwog', 'Y'); INSERT INTO common_asset_details(identifier, symbol, coingecko, cryptocompare, forked, started, swapped_for) VALUES('FWOG', 'FWOG', 'fwog', 'FWOG', NULL, 1722302534, NULL);
*
INSERT INTO assets(identifier, name, type) VALUES('MCG', 'MetalCore', 'Y'); INSERT INTO common_asset_details(identifier, symbol, coingecko, cryptocompare, forked, started, swapped_for) VALUES('MCG', 'MCG', 'metalcore', 'MCG', NULL, 1732754375, NULL);
*
INSERT INTO assets(identifier, name, type) VALUES('eip155:1/erc20:0x1495bc9e44Af1F8BCB62278D2bEC4540cF0C05ea', 'Zero1 Token', 'C'); INSERT INTO evm_tokens(identifier, token_kind, chain, address, decimals, protocol) VALUES('eip155:1/erc20:0x1495bc9e44Af1F8BCB62278D2bEC4540cF0C05ea', 'A', 1, '0x1495bc9e44Af1F8BCB62278D2bEC4540cF0C05ea', 18, NULL); INSERT INTO common_asset_details(identifier, symbol, coingecko, cryptocompare, forked, started, swapped_for) VALUES('eip155:1/erc20:0x1495bc9e44Af1F8BCB62278D2bEC4540cF0C05ea', 'DEAI', 'zero1-labs', 'DEAI', NULL, 1710409439, NULL);
*
INSERT INTO assets(identifier, name, type) VALUES('eip155:1/erc20:0x31b6100F5F4466e6dAeb1edb2f2cE6e548cF8938', 'Puff', 'C'); INSERT INTO evm_tokens(identifier, token_kind, chain, address, decimals, protocol) VALUES('eip155:1/erc20:0x31b6100F5F4466e6dAeb1edb2f2cE6e548cF8938', 'A', 1, '0x31b6100F5F4466e6dAeb1edb2f2cE6e548cF8938', 18, NULL); INSERT INTO common_asset_details(identifier, symbol, coingecko, cryptocompare, forked, started, swapped_for) VALUES('eip155:1/erc20:0x31b6100F5F4466e6dAeb1edb2f2cE6e548cF8938', 'Puff', 'puff-the-dragon', 'PUFF', NULL, 1724329067, NULL);
*
INSERT INTO assets(identifier, name, type) VALUES('eip155:1/erc20:0x23f3D4625AEF6f0b84d50dB1d53516e6015c0c9B', 'Thetanuts Finance Governance Token', 'C'); INSERT INTO evm_tokens(identifier, token_kind, chain, address, decimals, protocol) VALUES('eip155:1/erc20:0x23f3D4625AEF6f0b84d50dB1d53516e6015c0c9B', 'A', 1, '0x23f3D4625AEF6f0b84d50dB1d53516e6015c0c9B', 18, NULL); INSERT INTO common_asset_details(identifier, symbol, coingecko, cryptocompare, forked, started, swapped_for) VALUES('eip155:1/erc20:0x23f3D4625AEF6f0b84d50dB1d53516e6015c0c9B', 'NUTS', 'thetanuts-finance', 'NUTS', NULL, 1715092799, NULL);
*
INSERT INTO assets(identifier, name, type) VALUES('eip155:1/erc20:0x009178997aFf09A67D4cACcFeB897Fb79d036214', '1sol.io', 'C'); INSERT INTO evm_tokens(identifier, token_kind, chain, address, decimals, protocol) VALUES('eip155:1/erc20:0x009178997aFf09A67D4cACcFeB897Fb79d036214', 'A', 1, '0x009178997aFf09A67D4cACcFeB897Fb79d036214', 18, NULL); INSERT INTO common_asset_details(identifier, symbol, coingecko, cryptocompare, forked, started, swapped_for) VALUES('eip155:1/erc20:0x009178997aFf09A67D4cACcFeB897Fb79d036214', '1SOL', '1sol', '1SOL', NULL, 1637146589, NULL);
*
INSERT INTO assets(identifier, name, type) VALUES('eip155:56/erc20:0xB806FA32eBDC04E5Dbdd2ad83E75C8F7D8E8ef8b', 'Web3Camp Token', 'C'); INSERT INTO evm_tokens(identifier, token_kind, chain, address, decimals, protocol) VALUES('eip155:56/erc20:0xB806FA32eBDC04E5Dbdd2ad83E75C8F7D8E8ef8b', 'A', 56, '0xB806FA32eBDC04E5Dbdd2ad83E75C8F7D8E8ef8b', 18, NULL); INSERT INTO common_asset_details(identifier, symbol, coingecko, cryptocompare, forked, started, swapped_for) VALUES('eip155:56/erc20:0xB806FA32eBDC04E5Dbdd2ad83E75C8F7D8E8ef8b', '3P', 'web3camp', '3P', NULL, 1673274355, NULL);
*
INSERT INTO assets(identifier, name, type) VALUES('eip155:1/erc20:0x3bd7d4F524D09F4e331577247A048D56e4b67a7F', '5ire Token', 'C'); INSERT INTO evm_tokens(identifier, token_kind, chain, address, decimals, protocol) VALUES('eip155:1/erc20:0x3bd7d4F524D09F4e331577247A048D56e4b67a7F', 'A', 1, '0x3bd7d4F524D09F4e331577247A048D56e4b67a7F', 18, NULL); INSERT INTO common_asset_details(identifier, symbol, coingecko, cryptocompare, forked, started, swapped_for) VALUES('eip155:1/erc20:0x3bd7d4F524D09F4e331577247A048D56e4b67a7F', '5IRE', '5ire', '5IRE', NULL, 1700397815, NULL);
*
INSERT INTO assets(identifier, name, type) VALUES('eip155:42161/erc20:0xCa4e51F6AD4AFd9d1068E5899De9dd7d73F3463D', 'AARK Token', 'C'); INSERT INTO evm_tokens(identifier, token_kind, chain, address, decimals, protocol) VALUES('eip155:42161/erc20:0xCa4e51F6AD4AFd9d1068E5899De9dd7d73F3463D', 'A', 42161, '0xCa4e51F6AD4AFd9d1068E5899De9dd7d73F3463D', 18, NULL); INSERT INTO common_asset_details(identifier, symbol, coingecko, cryptocompare, forked, started, swapped_for) VALUES('eip155:42161/erc20:0xCa4e51F6AD4AFd9d1068E5899De9dd7d73F3463D', 'AARK', 'aark-digital', 'AARK', NULL, 1711634497, NULL);
*
INSERT INTO assets(identifier, name, type) VALUES('eip155:8453/erc20:0xfbecd19292b1eFfEAA7B2e61F5101DdB6744A1Fb', 'aiPump', 'C'); INSERT INTO evm_tokens(identifier, token_kind, chain, address, decimals, protocol) VALUES('eip155:8453/erc20:0xfbecd19292b1eFfEAA7B2e61F5101DdB6744A1Fb', 'A', 8453, '0xfbecd19292b1eFfEAA7B2e61F5101DdB6744A1Fb', 18, NULL); INSERT INTO common_asset_details(identifier, symbol, coingecko, cryptocompare, forked, started, swapped_for) VALUES('eip155:8453/erc20:0xfbecd19292b1eFfEAA7B2e61F5101DdB6744A1Fb', 'AIPUMP', 'aipump', '', NULL, 1735684761, NULL);
*
INSERT INTO assets(identifier, name, type) VALUES('eip155:137/erc20:0x1A7e49125a6595588c9556f07a4c006461b24545', 'Aki Protocol', 'C'); INSERT INTO evm_tokens(identifier, token_kind, chain, address, decimals, protocol) VALUES('eip155:137/erc20:0x1A7e49125a6595588c9556f07a4c006461b24545', 'A', 137, '0x1A7e49125a6595588c9556f07a4c006461b24545', 18, NULL); INSERT INTO common_asset_details(identifier, symbol, coingecko, cryptocompare, forked, started, swapped_for) VALUES('eip155:137/erc20:0x1A7e49125a6595588c9556f07a4c006461b24545', 'AKI', 'aki-protocol', 'AKI', NULL, 1678612573, NULL);
*
INSERT INTO assets(identifier, name, type) VALUES('ALCH', 'Alchemist AI', 'Y'); INSERT INTO common_asset_details(identifier, symbol, coingecko, cryptocompare, forked, started, swapped_for) VALUES('ALCH', 'ALCH', 'alchemist-ai', '', NULL, 1732730006, NULL);
*
INSERT INTO assets(identifier, name, type) VALUES('AIRC', 'AI Rig Complex', 'Y'); INSERT INTO common_asset_details(identifier, symbol, coingecko, cryptocompare, forked, started, swapped_for) VALUES('AIRC', 'ARC', 'ai-rig-complex', 'AIRC', NULL, 1733864951, NULL);
*
INSERT INTO assets(identifier, name, type) VALUES('ARTFI', 'ARTFI', 'W'); INSERT INTO common_asset_details(identifier, symbol, coingecko, cryptocompare, forked, started, swapped_for) VALUES('ARTFI', 'ARTFI', 'artfi', 'ARTFI', NULL, 1717417440, NULL);
*
INSERT INTO assets(identifier, name, type) VALUES('ASI', 'Sender AI', 'W'); INSERT INTO common_asset_details(identifier, symbol, coingecko, cryptocompare, forked, started, swapped_for) VALUES('ASI', 'ASI', 'sender-ai', '', NULL, 1732186800, NULL);
*
INSERT INTO assets(identifier, name, type) VALUES('eip155:1/erc20:0xf477AC7719e2e659001455cDDA0cc8f3aD10b604', 'CryptoAutos', 'C'); INSERT INTO evm_tokens(identifier, token_kind, chain, address, decimals, protocol) VALUES('eip155:1/erc20:0xf477AC7719e2e659001455cDDA0cc8f3aD10b604', 'A', 1, '0xf477AC7719e2e659001455cDDA0cc8f3aD10b604', 18, NULL); INSERT INTO common_asset_details(identifier, symbol, coingecko, cryptocompare, forked, started, swapped_for) VALUES('eip155:1/erc20:0xf477AC7719e2e659001455cDDA0cc8f3aD10b604', 'AUTOS', 'cryptoautos', 'AKI', NULL, 1733481179, NULL);
*
INSERT INTO assets(identifier, name, type) VALUES('eip155:42161/erc20:0x13Ad51ed4F1B7e9Dc168d8a00cB3f4dDD85EfA60', 'Lido DAO Token', 'C'); INSERT INTO evm_tokens(identifier, token_kind, chain, address, decimals, protocol) VALUES('eip155:42161/erc20:0x13Ad51ed4F1B7e9Dc168d8a00cB3f4dDD85EfA60', 'A', 42161, '0x13Ad51ed4F1B7e9Dc168d8a00cB3f4dDD85EfA60', 18, NULL); INSERT INTO common_asset_details(identifier, symbol, coingecko, cryptocompare, forked, started, swapped_for) VALUES('eip155:42161/erc20:0x13Ad51ed4F1B7e9Dc168d8a00cB3f4dDD85EfA60', 'LDO', 'lido-dao', 'LDO', NULL, 1663603333, NULL);
*
UPDATE common_asset_details SET cryptocompare='LDO', started=1626688381 WHERE identifier='eip155:137/erc20:0xC3C7d422809852031b44ab29EEC9F1EfF2A58756';
INSERT INTO assets(identifier, name, type) VALUES('eip155:137/erc20:0xC3C7d422809852031b44ab29EEC9F1EfF2A58756', 'Lido DAO Token (PoS)', 'C'); INSERT INTO evm_tokens(identifier, token_kind, chain, address, decimals, protocol) VALUES('eip155:137/erc20:0xC3C7d422809852031b44ab29EEC9F1EfF2A58756', 'A', 137, '0xC3C7d422809852031b44ab29EEC9F1EfF2A58756', 18, NULL); INSERT INTO common_asset_details(identifier, symbol, coingecko, cryptocompare, forked, started, swapped_for) VALUES('eip155:137/erc20:0xC3C7d422809852031b44ab29EEC9F1EfF2A58756', 'LDO', 'lido-dao', 'LDO', NULL, 1626688381, NULL);
INSERT INTO assets(identifier, name, type) VALUES('eip155:1/erc20:0xEeB4d8400AEefafC1B2953e0094134A887C76Bd8', 'Avail', 'C'); INSERT INTO evm_tokens(identifier, token_kind, chain, address, decimals, protocol) VALUES('eip155:1/erc20:0xEeB4d8400AEefafC1B2953e0094134A887C76Bd8', 'A', 1, '0xEeB4d8400AEefafC1B2953e0094134A887C76Bd8', 18, NULL); INSERT INTO common_asset_details(identifier, symbol, coingecko, cryptocompare, forked, started, swapped_for) VALUES('eip155:1/erc20:0xEeB4d8400AEefafC1B2953e0094134A887C76Bd8', 'AVAIL', 'avail', 'AVAIL', NULL, 1720568915, NULL);
*
INSERT INTO assets(identifier, name, type) VALUES('eip155:8453/erc20:0xd89d90d26B48940FA8F58385Fe84625d468E057a', 'Avail (Wormhole)', 'C'); INSERT INTO evm_tokens(identifier, token_kind, chain, address, decimals, protocol) VALUES('eip155:8453/erc20:0xd89d90d26B48940FA8F58385Fe84625d468E057a', 'A', 8453, '0xd89d90d26B48940FA8F58385Fe84625d468E057a', 18, NULL); INSERT INTO common_asset_details(identifier, symbol, coingecko, cryptocompare, forked, started, swapped_for) VALUES('eip155:8453/erc20:0xd89d90d26B48940FA8F58385Fe84625d468E057a', 'AVAIL', 'avail', 'AVAIL', NULL, 1731865987, NULL);
*
INSERT INTO assets(identifier, name, type) VALUES('AVAAI', 'Ava AI', 'Y'); INSERT INTO common_asset_details(identifier, symbol, coingecko, cryptocompare, forked, started, swapped_for) VALUES('AVAAI', 'AVA', 'ava-ai', '', NULL, 1731523296, NULL);
*
INSERT INTO assets(identifier, name, type) VALUES('eip155:56/erc20:0x2d5F3B0722aCd35fbb749cB936dfdd93247BBC95', 'BabyBNB', 'C'); INSERT INTO evm_tokens(identifier, token_kind, chain, address, decimals, protocol) VALUES('eip155:56/erc20:0x2d5F3B0722aCd35fbb749cB936dfdd93247BBC95', 'A', 56, '0x2d5F3B0722aCd35fbb749cB936dfdd93247BBC95', 18, NULL); INSERT INTO common_asset_details(identifier, symbol, coingecko, cryptocompare, forked, started, swapped_for) VALUES('eip155:56/erc20:0x2d5F3B0722aCd35fbb749cB936dfdd93247BBC95', 'BABYBNB', 'baby-bnb', '', NULL, 1727458229, NULL);
*
INSERT INTO assets(identifier, name, type) VALUES('BABYSHARK', 'Baby Shark Meme', 'Y'); INSERT INTO common_asset_details(identifier, symbol, coingecko, cryptocompare, forked, started, swapped_for) VALUES('BABYSHARK', 'BABYSHARK', 'baby-shark-meme', 'BABYSHARK', NULL, 1735874640, NULL);
*
UPDATE common_asset_details SET cryptocompare='BEL' WHERE identifier='eip155:1/erc20:0xA91ac63D040dEB1b7A5E4d4134aD23eb0ba07e14';
INSERT INTO assets(identifier, name, type) VALUES('eip155:1/erc20:0xA91ac63D040dEB1b7A5E4d4134aD23eb0ba07e14', 'Bella', 'C'); INSERT INTO evm_tokens(identifier, token_kind, chain, address, decimals, protocol) VALUES('eip155:1/erc20:0xA91ac63D040dEB1b7A5E4d4134aD23eb0ba07e14', 'A', 1, '0xA91ac63D040dEB1b7A5E4d4134aD23eb0ba07e14', 18, NULL); INSERT INTO common_asset_details(identifier, symbol, coingecko, cryptocompare, forked, started, swapped_for) VALUES('eip155:1/erc20:0xA91ac63D040dEB1b7A5E4d4134aD23eb0ba07e14', 'BEL', 'bella-protocol', 'BEL', NULL, 1597392058, NULL);
INSERT INTO assets(identifier, name, type) VALUES('eip155:56/erc20:0x8443f091997f06a61670B735ED92734F5628692F', 'Bella Protocol', 'C'); INSERT INTO evm_tokens(identifier, token_kind, chain, address, decimals, protocol) VALUES('eip155:56/erc20:0x8443f091997f06a61670B735ED92734F5628692F', 'A', 56, '0x8443f091997f06a61670B735ED92734F5628692F', 18, NULL); INSERT INTO common_asset_details(identifier, symbol, coingecko, cryptocompare, forked, started, swapped_for) VALUES('eip155:56/erc20:0x8443f091997f06a61670B735ED92734F5628692F', 'BEL', 'bella-protocol', 'BEL', NULL, 1601440951, NULL);
*
INSERT INTO assets(identifier, name, type) VALUES('BERA', 'Berachain', 'B'); INSERT INTO common_asset_details(identifier, symbol, coingecko, cryptocompare, forked, started, swapped_for) VALUES('BERA', 'BERA', 'berachain-bera', 'BERA', NULL, 1737382451, NULL);
*
INSERT INTO assets(identifier, name, type) VALUES('BLUE', 'Bluefin', 'W'); INSERT INTO common_asset_details(identifier, symbol, coingecko, cryptocompare, forked, started, swapped_for) VALUES('BLUE', 'BLUE', 'bluefin', 'BLUE', NULL, 1733362560, NULL);
*
INSERT INTO assets(identifier, name, type) VALUES('eip155:1/erc20:0xf385905e56Db4D8A208b20Aa8a88Dbb225f773d4', 'Bitcoin names', 'C'); INSERT INTO evm_tokens(identifier, token_kind, chain, address, decimals, protocol) VALUES('eip155:1/erc20:0xf385905e56Db4D8A208b20Aa8a88Dbb225f773d4', 'A', 1, '0xf385905e56Db4D8A208b20Aa8a88Dbb225f773d4', 18, NULL); INSERT INTO common_asset_details(identifier, symbol, coingecko, cryptocompare, forked, started, swapped_for) VALUES('eip155:1/erc20:0xf385905e56Db4D8A208b20Aa8a88Dbb225f773d4', 'BN', 'tna-protocol', '', NULL, 1719546311, NULL);
*
INSERT INTO assets(identifier, name, type) VALUES('eip155:42161/erc20:0x7f7d7806F4EB90D63B0b278DAf32a2dB2C2001bD', 'BonusBlock', 'C'); INSERT INTO evm_tokens(identifier, token_kind, chain, address, decimals, protocol) VALUES('eip155:42161/erc20:0x7f7d7806F4EB90D63B0b278DAf32a2dB2C2001bD', 'A', 42161, '0x7f7d7806F4EB90D63B0b278DAf32a2dB2C2001bD', 18, NULL); INSERT INTO common_asset_details(identifier, symbol, coingecko, cryptocompare, forked, started, swapped_for) VALUES('eip155:42161/erc20:0x7f7d7806F4EB90D63B0b278DAf32a2dB2C2001bD', 'BONUS', 'bonusblock', 'BONUS', NULL, 1711059352, NULL);
*
UPDATE common_asset_details SET coingecko='binance-bridged-usdt-bnb-smart-chain', cryptocompare='USDT' WHERE identifier='eip155:56/erc20:0x55d398326f99059fF775485246999027B3197955';
INSERT INTO assets(identifier, name, type) VALUES('eip155:56/erc20:0x55d398326f99059fF775485246999027B3197955', 'Tether USD', 'C'); INSERT INTO evm_tokens(identifier, token_kind, chain, address, decimals, protocol) VALUES('eip155:56/erc20:0x55d398326f99059fF775485246999027B3197955', 'A', 56, '0x55d398326f99059fF775485246999027B3197955', 18, NULL); INSERT INTO common_asset_details(identifier, symbol, coingecko, cryptocompare, forked, started, swapped_for) VALUES('eip155:56/erc20:0x55d398326f99059fF775485246999027B3197955', 'USDT', 'binance-bridged-usdt-bnb-smart-chain', 'USDT', NULL, 1599201028, NULL);
INSERT INTO assets(identifier, name, type) VALUES('eip155:1/erc20:0x01d33FD36ec67c6Ada32cf36b31e88EE190B1839', 'BRZ Token', 'C'); INSERT INTO evm_tokens(identifier, token_kind, chain, address, decimals, protocol) VALUES('eip155:1/erc20:0x01d33FD36ec67c6Ada32cf36b31e88EE190B1839', 'A', 1, '0x01d33FD36ec67c6Ada32cf36b31e88EE190B1839', 18, NULL); INSERT INTO common_asset_details(identifier, symbol, coingecko, cryptocompare, forked, started, swapped_for) VALUES('eip155:1/erc20:0x01d33FD36ec67c6Ada32cf36b31e88EE190B1839', 'BRZ', 'brz', 'BRZ', NULL, 1687217699, NULL);
*
INSERT INTO assets(identifier, name, type) VALUES('eip155:56/erc20:0x71be881e9C5d4465B3FfF61e89c6f3651E69B5bb', 'BRZ Token', 'C'); INSERT INTO evm_tokens(identifier, token_kind, chain, address, decimals, protocol) VALUES('eip155:56/erc20:0x71be881e9C5d4465B3FfF61e89c6f3651E69B5bb', 'A', 56, '0x71be881e9C5d4465B3FfF61e89c6f3651E69B5bb', 4, NULL); INSERT INTO common_asset_details(identifier, symbol, coingecko, cryptocompare, forked, started, swapped_for) VALUES('eip155:56/erc20:0x71be881e9C5d4465B3FfF61e89c6f3651E69B5bb', 'BRZ', 'brz', 'BRZ', NULL, 1615169874, NULL);
*
UPDATE common_asset_details SET coingecko='brz', cryptocompare='BRZ', started=1687279616 WHERE identifier='eip155:137/erc20:0x4eD141110F6EeeAbA9A1df36d8c26f684d2475Dc';
INSERT INTO assets(identifier, name, type) VALUES('eip155:137/erc20:0x4eD141110F6EeeAbA9A1df36d8c26f684d2475Dc', 'BRZ Token', 'C'); INSERT INTO evm_tokens(identifier, token_kind, chain, address, decimals, protocol) VALUES('eip155:137/erc20:0x4eD141110F6EeeAbA9A1df36d8c26f684d2475Dc', 'A', 137, '0x4eD141110F6EeeAbA9A1df36d8c26f684d2475Dc', 18, NULL); INSERT INTO common_asset_details(identifier, symbol, coingecko, cryptocompare, forked, started, swapped_for) VALUES('eip155:137/erc20:0x4eD141110F6EeeAbA9A1df36d8c26f684d2475Dc', 'BRZ', 'brz', 'BRZ', NULL, 1687279616, NULL);
INSERT INTO assets(identifier, name, type) VALUES('eip155:43114/erc20:0x491a4eB4f1FC3BfF8E1d2FC856a6A46663aD556f', 'BRZ', 'C'); INSERT INTO evm_tokens(identifier, token_kind, chain, address, decimals, protocol) VALUES('eip155:43114/erc20:0x491a4eB4f1FC3BfF8E1d2FC856a6A46663aD556f', 'A', 43114, '0x491a4eB4f1FC3BfF8E1d2FC856a6A46663aD556f', 4, NULL); INSERT INTO common_asset_details(identifier, symbol, coingecko, cryptocompare, forked, started, swapped_for) VALUES('eip155:43114/erc20:0x491a4eB4f1FC3BfF8E1d2FC856a6A46663aD556f', 'BRZ', 'brz', 'BRZ', NULL, 1653400629, NULL);
*
INSERT INTO assets(identifier, name, type) VALUES('BTF', 'Bitfinity Network', 'B'); INSERT INTO common_asset_details(identifier, symbol, coingecko, cryptocompare, forked, started, swapped_for) VALUES('BTF', 'BTF', 'bitfinity-network', '', NULL, 1718633091, NULL);
*
INSERT INTO assets(identifier, name, type) VALUES('eip155:1/erc20:0x03Be5C903c727Ee2C8C4e9bc0AcC860Cca4715e2', 'Capsule Coin', 'C'); INSERT INTO evm_tokens(identifier, token_kind, chain, address, decimals, protocol) VALUES('eip155:1/erc20:0x03Be5C903c727Ee2C8C4e9bc0AcC860Cca4715e2', 'A', 1, '0x03Be5C903c727Ee2C8C4e9bc0AcC860Cca4715e2', 18, NULL); INSERT INTO common_asset_details(identifier, symbol, coingecko, cryptocompare, forked, started, swapped_for) VALUES('eip155:1/erc20:0x03Be5C903c727Ee2C8C4e9bc0AcC860Cca4715e2', 'CAPS', 'coin-capsule', 'CAPS', NULL, 1614363963, NULL);
*
INSERT INTO assets(identifier, name, type) VALUES('eip155:56/erc20:0xFfBa7529AC181c2Ee1844548e6D7061c9A597dF4', 'Capsule Coin', 'C'); INSERT INTO evm_tokens(identifier, token_kind, chain, address, decimals, protocol) VALUES('eip155:56/erc20:0xFfBa7529AC181c2Ee1844548e6D7061c9A597dF4', 'A', 56, '0xFfBa7529AC181c2Ee1844548e6D7061c9A597dF4', 18, NULL); INSERT INTO common_asset_details(identifier, symbol, coingecko, cryptocompare, forked, started, swapped_for) VALUES('eip155:56/erc20:0xFfBa7529AC181c2Ee1844548e6D7061c9A597dF4', 'CAPS', 'coin-capsule', 'CAPS', NULL, 1624102103, NULL);
*
INSERT INTO assets(identifier, name, type) VALUES('eip155:1/erc20:0xc08Cd26474722cE93F4D0c34D16201461c10AA8C', 'CARV', 'C'); INSERT INTO evm_tokens(identifier, token_kind, chain, address, decimals, protocol) VALUES('eip155:1/erc20:0xc08Cd26474722cE93F4D0c34D16201461c10AA8C', 'A', 1, '0xc08Cd26474722cE93F4D0c34D16201461c10AA8C', 18, NULL); INSERT INTO common_asset_details(identifier, symbol, coingecko, cryptocompare, forked, started, swapped_for) VALUES('eip155:1/erc20:0xc08Cd26474722cE93F4D0c34D16201461c10AA8C', 'CARV', 'carv', 'CARV', NULL, 1721289551, NULL);
*
INSERT INTO assets(identifier, name, type) VALUES('eip155:42161/erc20:0xc08Cd26474722cE93F4D0c34D16201461c10AA8C', 'CARV', 'C'); INSERT INTO evm_tokens(identifier, token_kind, chain, address, decimals, protocol) VALUES('eip155:42161/erc20:0xc08Cd26474722cE93F4D0c34D16201461c10AA8C', 'A', 42161, '0xc08Cd26474722cE93F4D0c34D16201461c10AA8C', 18, NULL); INSERT INTO common_asset_details(identifier, symbol, coingecko, cryptocompare, forked, started, swapped_for) VALUES('eip155:42161/erc20:0xc08Cd26474722cE93F4D0c34D16201461c10AA8C', 'CARV', 'carv', 'CARV', NULL, 1721289768, NULL);
*
INSERT INTO assets(identifier, name, type) VALUES('eip155:8453/erc20:0xc08Cd26474722cE93F4D0c34D16201461c10AA8C', 'CARV', 'C'); INSERT INTO evm_tokens(identifier, token_kind, chain, address, decimals, protocol) VALUES('eip155:8453/erc20:0xc08Cd26474722cE93F4D0c34D16201461c10AA8C', 'A', 8453, '0xc08Cd26474722cE93F4D0c34D16201461c10AA8C', 18, NULL); INSERT INTO common_asset_details(identifier, symbol, coingecko, cryptocompare, forked, started, swapped_for) VALUES('eip155:8453/erc20:0xc08Cd26474722cE93F4D0c34D16201461c10AA8C', 'CARV', 'carv', 'CARV', NULL, 1724989179, NULL);
*
INSERT INTO assets(identifier, name, type) VALUES('eip155:56/erc20:0x7e3784220740e61dC700501bd6771226E11d8897', 'Cyber Arena Token', 'C'); INSERT INTO evm_tokens(identifier, token_kind, chain, address, decimals, protocol) VALUES('eip155:56/erc20:0x7e3784220740e61dC700501bd6771226E11d8897', 'A', 56, '0x7e3784220740e61dC700501bd6771226E11d8897', 18, NULL); INSERT INTO common_asset_details(identifier, symbol, coingecko, cryptocompare, forked, started, swapped_for) VALUES('eip155:56/erc20:0x7e3784220740e61dC700501bd6771226E11d8897', 'CAT', 'cyber-arena', '', NULL, 1685298110, NULL);
*
INSERT INTO assets(identifier, name, type) VALUES('CATS', 'CATS', 'W'); INSERT INTO common_asset_details(identifier, symbol, coingecko, cryptocompare, forked, started, swapped_for) VALUES('CATS', 'CATS', 'cats-2', '', NULL, 1728031200, NULL);
*
INSERT INTO assets(identifier, name, type) VALUES('eip155:1/erc20:0x37FC4b48CE93469dbEA9918468993C735049642a', 'CropBytes', 'C'); INSERT INTO evm_tokens(identifier, token_kind, chain, address, decimals, protocol) VALUES('eip155:1/erc20:0x37FC4b48CE93469dbEA9918468993C735049642a', 'A', 1, '0x37FC4b48CE93469dbEA9918468993C735049642a', 18, NULL); INSERT INTO common_asset_details(identifier, symbol, coingecko, cryptocompare, forked, started, swapped_for) VALUES('eip155:1/erc20:0x37FC4b48CE93469dbEA9918468993C735049642a', 'CBX', 'cropbytes', 'CBX', NULL, 1635388014, NULL);
*
INSERT INTO assets(identifier, name, type) VALUES('eip155:1/erc20:0x70EDF1c215D0ce69E7F16FD4E6276ba0d99d4de7', 'cheqd', 'C'); INSERT INTO evm_tokens(identifier, token_kind, chain, address, decimals, protocol) VALUES('eip155:1/erc20:0x70EDF1c215D0ce69E7F16FD4E6276ba0d99d4de7', 'A', 1, '0x70EDF1c215D0ce69E7F16FD4E6276ba0d99d4de7', 9, NULL); INSERT INTO common_asset_details(identifier, symbol, coingecko, cryptocompare, forked, started, swapped_for) VALUES('eip155:1/erc20:0x70EDF1c215D0ce69E7F16FD4E6276ba0d99d4de7', 'CHEQ', 'cheqd-network', 'CHEQ', NULL, 1647371537, NULL);
*
INSERT INTO assets(identifier, name, type) VALUES('CHIRP', 'Chirp Token', 'W'); INSERT INTO common_asset_details(identifier, symbol, coingecko, cryptocompare, forked, started, swapped_for) VALUES('CHIRP', 'CHIRP', 'chirp-token', '', NULL, 1733735880, NULL);
*
INSERT INTO assets(identifier, name, type) VALUES('eip155:1/erc20:0xBBa39Fd2935d5769116ce38d46a71bde9cf03099', 'choise.com Token', 'C'); INSERT INTO evm_tokens(identifier, token_kind, chain, address, decimals, protocol) VALUES('eip155:1/erc20:0xBBa39Fd2935d5769116ce38d46a71bde9cf03099', 'A', 1, '0xBBa39Fd2935d5769116ce38d46a71bde9cf03099', 18, NULL); INSERT INTO common_asset_details(identifier, symbol, coingecko, cryptocompare, forked, started, swapped_for) VALUES('eip155:1/erc20:0xBBa39Fd2935d5769116ce38d46a71bde9cf03099', 'CHO', 'choise', 'CHO', NULL, 1643116797, NULL);
*
INSERT INTO assets(identifier, name, type) VALUES('eip155:56/erc20:0x6cF8e39252Bee00D168Bd25BDf5834347D78e346', 'choise.com Token', 'C'); INSERT INTO evm_tokens(identifier, token_kind, chain, address, decimals, protocol) VALUES('eip155:56/erc20:0x6cF8e39252Bee00D168Bd25BDf5834347D78e346', 'A', 56, '0x6cF8e39252Bee00D168Bd25BDf5834347D78e346', 18, NULL); INSERT INTO common_asset_details(identifier, symbol, coingecko, cryptocompare, forked, started, swapped_for) VALUES('eip155:56/erc20:0x6cF8e39252Bee00D168Bd25BDf5834347D78e346', 'CHO', 'choise', 'CHO', NULL, 1713529981, NULL);
*
INSERT INTO assets(identifier, name, type) VALUES('CLAY', 'Clayton', 'W'); INSERT INTO common_asset_details(identifier, symbol, coingecko, cryptocompare, forked, started, swapped_for) VALUES('CLAY', 'CLAY', 'clayton', '', NULL, 1737036720, NULL);
*
INSERT INTO assets(identifier, name, type) VALUES('CLOUD', 'Cloud', 'Y'); INSERT INTO common_asset_details(identifier, symbol, coingecko, cryptocompare, forked, started, swapped_for) VALUES('CLOUD', 'CLOUD', 'sanctum-2', 'CLOUD', NULL, 1720883375, NULL);
*
INSERT INTO assets(identifier, name, type) VALUES('eip155:1/erc20:0xE6829d9a7eE3040e1276Fa75293Bde931859e8fA', 'cmETH', 'C'); INSERT INTO evm_tokens(identifier, token_kind, chain, address, decimals, protocol) VALUES('eip155:1/erc20:0xE6829d9a7eE3040e1276Fa75293Bde931859e8fA', 'A', 1, '0xE6829d9a7eE3040e1276Fa75293Bde931859e8fA', 18, NULL); INSERT INTO common_asset_details(identifier, symbol, coingecko, cryptocompare, forked, started, swapped_for) VALUES('eip155:1/erc20:0xE6829d9a7eE3040e1276Fa75293Bde931859e8fA', 'cmETH', 'mantle-restaked-eth', 'CMETH', NULL, 1722581387, NULL);
*
INSERT INTO assets(identifier, name, type) VALUES('eip155:1/erc20:0x5A59dD979754B09EA686ce93C98D4CE8bDCb43F2', 'Cros Token', 'C'); INSERT INTO evm_tokens(identifier, token_kind, chain, address, decimals, protocol) VALUES('eip155:1/erc20:0x5A59dD979754B09EA686ce93C98D4CE8bDCb43F2', 'A', 1, '0x5A59dD979754B09EA686ce93C98D4CE8bDCb43F2', 18, NULL); INSERT INTO common_asset_details(identifier, symbol, coingecko, cryptocompare, forked, started, swapped_for) VALUES('eip155:1/erc20:0x5A59dD979754B09EA686ce93C98D4CE8bDCb43F2', 'CROS', 'cros', '', NULL, 1723897067, NULL);
*
INSERT INTO assets(identifier, name, type) VALUES('eip155:1/erc20:0xe50E009Ddb1A4d8Ec668EAc9D8b2dF1F96348707', 'Ctrl', 'C'); INSERT INTO evm_tokens(identifier, token_kind, chain, address, decimals, protocol) VALUES('eip155:1/erc20:0xe50E009Ddb1A4d8Ec668EAc9D8b2dF1F96348707', 'A', 1, '0xe50E009Ddb1A4d8Ec668EAc9D8b2dF1F96348707', 18, NULL); INSERT INTO common_asset_details(identifier, symbol, coingecko, cryptocompare, forked, started, swapped_for) VALUES('eip155:1/erc20:0xe50E009Ddb1A4d8Ec668EAc9D8b2dF1F96348707', 'CTRL', 'ctrl-wallet', 'CTRL', NULL, 1726073243, NULL);
*
INSERT INTO assets(identifier, name, type) VALUES('CTT', 'Cashtree Token', 'W'); INSERT INTO common_asset_details(identifier, symbol, coingecko, cryptocompare, forked, started, swapped_for) VALUES('CTT', 'CTT', 'cashtree-token', '', NULL, 1692032375, NULL);
*
INSERT INTO assets(identifier, name, type) VALUES('eip155:1/erc20:0x33b481CbBF3c24f2B3184Ee7Cb02dAAD1C4F49A8', 'DAR Open Network', 'C'); INSERT INTO evm_tokens(identifier, token_kind, chain, address, decimals, protocol) VALUES('eip155:1/erc20:0x33b481CbBF3c24f2B3184Ee7Cb02dAAD1C4F49A8', 'A', 1, '0x33b481CbBF3c24f2B3184Ee7Cb02dAAD1C4F49A8', 6, NULL); INSERT INTO common_asset_details(identifier, symbol, coingecko, cryptocompare, forked, started, swapped_for) VALUES('eip155:1/erc20:0x33b481CbBF3c24f2B3184Ee7Cb02dAAD1C4F49A8', 'D', 'dar-open-network', '', NULL, 1732882943, NULL);
*
INSERT INTO assets(identifier, name, type) VALUES('eip155:56/erc20:0x8fB238058E71f828F505582E65b1D14f8cf52067', 'DAR Open Network', 'C'); INSERT INTO evm_tokens(identifier, token_kind, chain, address, decimals, protocol) VALUES('eip155:56/erc20:0x8fB238058E71f828F505582E65b1D14f8cf52067', 'A', 56, '0x8fB238058E71f828F505582E65b1D14f8cf52067', 6, NULL); INSERT INTO common_asset_details(identifier, symbol, coingecko, cryptocompare, forked, started, swapped_for) VALUES('eip155:56/erc20:0x8fB238058E71f828F505582E65b1D14f8cf52067', 'D', 'dar-open-network', '', NULL, 1732881093, NULL);
*
INSERT INTO assets(identifier, name, type) VALUES('DEEP', 'DeepBook', 'W'); INSERT INTO common_asset_details(identifier, symbol, coingecko, cryptocompare, forked, started, swapped_for) VALUES('DEEP', 'DEEP', 'deep', 'DEEP', NULL, 1711629480, NULL);
*
INSERT INTO assets(identifier, name, type) VALUES('eip155:56/erc20:0xdE83180dD1166D4f8E5c2b7De14A2163b1Bb4a87', 'DiamondLaunch Coin', 'C'); INSERT INTO evm_tokens(identifier, token_kind, chain, address, decimals, protocol) VALUES('eip155:56/erc20:0xdE83180dD1166D4f8E5c2b7De14A2163b1Bb4a87', 'A', 56, '0xdE83180dD1166D4f8E5c2b7De14A2163b1Bb4a87', 18, NULL); INSERT INTO common_asset_details(identifier, symbol, coingecko, cryptocompare, forked, started, swapped_for) VALUES('eip155:56/erc20:0xdE83180dD1166D4f8E5c2b7De14A2163b1Bb4a87', 'DLC', 'diamond-launch', 'DLC', NULL, 1656054355, NULL);
*
INSERT INTO assets(identifier, name, type) VALUES('DOAI', 'Dojo Protocol', 'Y'); INSERT INTO common_asset_details(identifier, symbol, coingecko, cryptocompare, forked, started, swapped_for) VALUES('DOAI', 'DOAI', 'dojo-protocol', 'DOAI', NULL, 1718884895, NULL);
*
INSERT INTO assets(identifier, name, type) VALUES('eip155:1/erc20:0x1121AcC14c63f3C872BFcA497d10926A6098AAc5', 'Department Of Government Efficiency', 'C'); INSERT INTO evm_tokens(identifier, token_kind, chain, address, decimals, protocol) VALUES('eip155:1/erc20:0x1121AcC14c63f3C872BFcA497d10926A6098AAc5', 'A', 1, '0x1121AcC14c63f3C872BFcA497d10926A6098AAc5', 18, NULL); INSERT INTO common_asset_details(identifier, symbol, coingecko, cryptocompare, forked, started, swapped_for) VALUES('eip155:1/erc20:0x1121AcC14c63f3C872BFcA497d10926A6098AAc5', 'DOGE', 'department-of-government-efficiency', '', NULL, 1724119115, NULL);
*
INSERT INTO assets(identifier, name, type) VALUES('eip155:8453/erc20:0x67f0870BB897F5E1c369976b4A2962d527B9562c', 'Department Of Government Efficiency', 'C'); INSERT INTO evm_tokens(identifier, token_kind, chain, address, decimals, protocol) VALUES('eip155:8453/erc20:0x67f0870BB897F5E1c369976b4A2962d527B9562c', 'A', 8453, '0x67f0870BB897F5E1c369976b4A2962d527B9562c', 18, NULL); INSERT INTO common_asset_details(identifier, symbol, coingecko, cryptocompare, forked, started, swapped_for) VALUES('eip155:8453/erc20:0x67f0870BB897F5E1c369976b4A2962d527B9562c', 'DOGE', 'department-of-government-efficiency', '', NULL, 1731701365, NULL);
*
INSERT INTO assets(identifier, name, type) VALUES('eip155:1/erc20:0x97A9a15168C22B3C137E6381037E1499C8ad0978', 'Data Ownership Protocol', 'C'); INSERT INTO evm_tokens(identifier, token_kind, chain, address, decimals, protocol) VALUES('eip155:1/erc20:0x97A9a15168C22B3C137E6381037E1499C8ad0978', 'A', 1, '0x97A9a15168C22B3C137E6381037E1499C8ad0978', 18, NULL); INSERT INTO common_asset_details(identifier, symbol, coingecko, cryptocompare, forked, started, swapped_for) VALUES('eip155:1/erc20:0x97A9a15168C22B3C137E6381037E1499C8ad0978', 'DOP', 'data-ownership-protocol', '', NULL, 1711647911, NULL);
*
INSERT INTO assets(identifier, name, type) VALUES('eip155:56/erc20:0x44a21B3577924DCD2e9C81A3347D204C36a55466', 'Paysenger EGO', 'C'); INSERT INTO evm_tokens(identifier, token_kind, chain, address, decimals, protocol) VALUES('eip155:56/erc20:0x44a21B3577924DCD2e9C81A3347D204C36a55466', 'A', 56, '0x44a21B3577924DCD2e9C81A3347D204C36a55466', 18, NULL); INSERT INTO common_asset_details(identifier, symbol, coingecko, cryptocompare, forked, started, swapped_for) VALUES('eip155:56/erc20:0x44a21B3577924DCD2e9C81A3347D204C36a55466', 'EGO', 'paysenger-ego', 'EGO', NULL, 1685163181, NULL);
*
INSERT INTO assets(identifier, name, type) VALUES('eip155:42161/erc20:0x7E7a7C916c19a45769f6BDAF91087f93c6C12F78', 'Eigenpie', 'C'); INSERT INTO evm_tokens(identifier, token_kind, chain, address, decimals, protocol) VALUES('eip155:42161/erc20:0x7E7a7C916c19a45769f6BDAF91087f93c6C12F78', 'A', 42161, '0x7E7a7C916c19a45769f6BDAF91087f93c6C12F78', 18, NULL); INSERT INTO common_asset_details(identifier, symbol, coingecko, cryptocompare, forked, started, swapped_for) VALUES('eip155:42161/erc20:0x7E7a7C916c19a45769f6BDAF91087f93c6C12F78', 'EGP', 'eigenpie', '', NULL, 1726032245, NULL);
*
INSERT INTO assets(identifier, name, type) VALUES('eip155:56/erc20:0x0cc7288A11c0c31d39d0e05EB59F24e506ad6aD5', 'Bridged EGP', 'C'); INSERT INTO evm_tokens(identifier, token_kind, chain, address, decimals, protocol) VALUES('eip155:56/erc20:0x0cc7288A11c0c31d39d0e05EB59F24e506ad6aD5', 'A', 56, '0x0cc7288A11c0c31d39d0e05EB59F24e506ad6aD5', 18, NULL); INSERT INTO common_asset_details(identifier, symbol, coingecko, cryptocompare, forked, started, swapped_for) VALUES('eip155:56/erc20:0x0cc7288A11c0c31d39d0e05EB59F24e506ad6aD5', 'Bridged EGP', 'eigenpie', '', NULL, 1735634593, NULL);
*
INSERT INTO assets(identifier, name, type) VALUES('eip155:56/erc20:0xab2ed911BDbeA001FD3B29AdbC35d8a76E68aAe4', 'Eldarune', 'C'); INSERT INTO evm_tokens(identifier, token_kind, chain, address, decimals, protocol) VALUES('eip155:56/erc20:0xab2ed911BDbeA001FD3B29AdbC35d8a76E68aAe4', 'A', 56, '0xab2ed911BDbeA001FD3B29AdbC35d8a76E68aAe4', 18, NULL); INSERT INTO common_asset_details(identifier, symbol, coingecko, cryptocompare, forked, started, swapped_for) VALUES('eip155:56/erc20:0xab2ed911BDbeA001FD3B29AdbC35d8a76E68aAe4', 'ELDA', 'eldarune', 'ELDA', NULL, 1683566790, NULL);
*
INSERT INTO assets(identifier, name, type) VALUES('eip155:56/erc20:0xe3f53c0d48360de764dDc2a1A82c3e6DB5d4624d', 'EMoneyToken', 'C'); INSERT INTO evm_tokens(identifier, token_kind, chain, address, decimals, protocol) VALUES('eip155:56/erc20:0xe3f53c0d48360de764dDc2a1A82c3e6DB5d4624d', 'A', 56, '0xe3f53c0d48360de764dDc2a1A82c3e6DB5d4624d', 18, NULL); INSERT INTO common_asset_details(identifier, symbol, coingecko, cryptocompare, forked, started, swapped_for) VALUES('eip155:56/erc20:0xe3f53c0d48360de764dDc2a1A82c3e6DB5d4624d', 'EMYC', 'emoneytoken', 'EMYC', NULL, 1737016695, NULL);
*
INSERT INTO assets(identifier, name, type) VALUES('eip155:1/erc20:0x9aFa9999e45484Adf5d8EED8D9Dfe0693BACd838', 'Everyworld', 'C'); INSERT INTO evm_tokens(identifier, token_kind, chain, address, decimals, protocol) VALUES('eip155:1/erc20:0x9aFa9999e45484Adf5d8EED8D9Dfe0693BACd838', 'A', 1, '0x9aFa9999e45484Adf5d8EED8D9Dfe0693BACd838', 18, NULL); INSERT INTO common_asset_details(identifier, symbol, coingecko, cryptocompare, forked, started, swapped_for) VALUES('eip155:1/erc20:0x9aFa9999e45484Adf5d8EED8D9Dfe0693BACd838', 'EVERY', 'everyworld', 'EVERY', NULL, 1684422995, NULL);
*
INSERT INTO assets(identifier, name, type) VALUES('eip155:8453/erc20:0x717d31A60a9e811469673429c9F8Ea24358990f1', 'Everyworld', 'C'); INSERT INTO evm_tokens(identifier, token_kind, chain, address, decimals, protocol) VALUES('eip155:8453/erc20:0x717d31A60a9e811469673429c9F8Ea24358990f1', 'A', 8453, '0x717d31A60a9e811469673429c9F8Ea24358990f1', 18, NULL); INSERT INTO common_asset_details(identifier, symbol, coingecko, cryptocompare, forked, started, swapped_for) VALUES('eip155:8453/erc20:0x717d31A60a9e811469673429c9F8Ea24358990f1', 'EVERY', 'everyworld', 'EVERY', NULL, 1712337685, NULL);
*
INSERT INTO assets(identifier, name, type) VALUES('eip155:56/erc20:0xBb7D61D2511fD2e63F02178ca9B663458Af9FC63', 'EXVERSE', 'C'); INSERT INTO evm_tokens(identifier, token_kind, chain, address, decimals, protocol) VALUES('eip155:56/erc20:0xBb7D61D2511fD2e63F02178ca9B663458Af9FC63', 'A', 56, '0xBb7D61D2511fD2e63F02178ca9B663458Af9FC63', 18, NULL); INSERT INTO common_asset_details(identifier, symbol, coingecko, cryptocompare, forked, started, swapped_for) VALUES('eip155:56/erc20:0xBb7D61D2511fD2e63F02178ca9B663458Af9FC63', 'EXVG', 'exverse', 'EXVG', NULL, 1705500753, NULL);
*
INSERT INTO assets(identifier, name, type) VALUES('eip155:1/erc20:0x8cb8C4263EB26b2349d74ea2cB1B27bc40709e12', 'EYWA', 'C'); INSERT INTO evm_tokens(identifier, token_kind, chain, address, decimals, protocol) VALUES('eip155:1/erc20:0x8cb8C4263EB26b2349d74ea2cB1B27bc40709e12', 'A', 1, '0x8cb8C4263EB26b2349d74ea2cB1B27bc40709e12', 18, NULL); INSERT INTO common_asset_details(identifier, symbol, coingecko, cryptocompare, forked, started, swapped_for) VALUES('eip155:1/erc20:0x8cb8C4263EB26b2349d74ea2cB1B27bc40709e12', 'EYWA', 'eywa', '', NULL, 1734094691, NULL);
*
INSERT INTO assets(identifier, name, type) VALUES('eip155:56/erc20:0x7A10F506E4c7658e6AD15Fdf0443d450B7FA80D7', 'EYWA', 'C'); INSERT INTO evm_tokens(identifier, token_kind, chain, address, decimals, protocol) VALUES('eip155:56/erc20:0x7A10F506E4c7658e6AD15Fdf0443d450B7FA80D7', 'A', 56, '0x7A10F506E4c7658e6AD15Fdf0443d450B7FA80D7', 18, NULL); INSERT INTO common_asset_details(identifier, symbol, coingecko, cryptocompare, forked, started, swapped_for) VALUES('eip155:56/erc20:0x7A10F506E4c7658e6AD15Fdf0443d450B7FA80D7', 'EYWA', 'eywa', '', NULL, 1734096034, NULL);
*
INSERT INTO assets(identifier, name, type) VALUES('eip155:42161/erc20:0x7A10F506E4c7658e6AD15Fdf0443d450B7FA80D7', 'EYWA', 'C'); INSERT INTO evm_tokens(identifier, token_kind, chain, address, decimals, protocol) VALUES('eip155:42161/erc20:0x7A10F506E4c7658e6AD15Fdf0443d450B7FA80D7', 'A', 42161, '0x7A10F506E4c7658e6AD15Fdf0443d450B7FA80D7', 18, NULL); INSERT INTO common_asset_details(identifier, symbol, coingecko, cryptocompare, forked, started, swapped_for) VALUES('eip155:42161/erc20:0x7A10F506E4c7658e6AD15Fdf0443d450B7FA80D7', 'EYWA', 'eywa', '', NULL, 1734095797, NULL);
*
INSERT INTO assets(identifier, name, type) VALUES('eip155:1/erc20:0xf9Fa60EF4F23F00CCE403cc4d2c11Baf4880A0d6', 'FARCANA', 'C'); INSERT INTO evm_tokens(identifier, token_kind, chain, address, decimals, protocol) VALUES('eip155:1/erc20:0xf9Fa60EF4F23F00CCE403cc4d2c11Baf4880A0d6', 'A', 1, '0xf9Fa60EF4F23F00CCE403cc4d2c11Baf4880A0d6', 18, NULL); INSERT INTO common_asset_details(identifier, symbol, coingecko, cryptocompare, forked, started, swapped_for) VALUES('eip155:1/erc20:0xf9Fa60EF4F23F00CCE403cc4d2c11Baf4880A0d6', 'FAR', 'farcana', '', NULL, 1733493227, NULL);
*
INSERT INTO assets(identifier, name, type) VALUES('eip155:137/erc20:0x5F32AbeeBD3c2fac1E7459A27e1AE9f1C16ccccA', 'FARCANA', 'C'); INSERT INTO evm_tokens(identifier, token_kind, chain, address, decimals, protocol) VALUES('eip155:137/erc20:0x5F32AbeeBD3c2fac1E7459A27e1AE9f1C16ccccA', 'A', 137, '0x5F32AbeeBD3c2fac1E7459A27e1AE9f1C16ccccA', 18, NULL); INSERT INTO common_asset_details(identifier, symbol, coingecko, cryptocompare, forked, started, swapped_for) VALUES('eip155:137/erc20:0x5F32AbeeBD3c2fac1E7459A27e1AE9f1C16ccccA', 'FAR', 'farcana', '', NULL, 1704267301, NULL);
*
INSERT INTO assets(identifier, name, type) VALUES('eip155:137/erc20:0x838C9634dE6590B96aEadC4Bc6DB5c28Fd17E3C2', 'Matr1x Fire Token', 'C'); INSERT INTO evm_tokens(identifier, token_kind, chain, address, decimals, protocol) VALUES('eip155:137/erc20:0x838C9634dE6590B96aEadC4Bc6DB5c28Fd17E3C2', 'A', 137, '0x838C9634dE6590B96aEadC4Bc6DB5c28Fd17E3C2', 18, NULL); INSERT INTO common_asset_details(identifier, symbol, coingecko, cryptocompare, forked, started, swapped_for) VALUES('eip155:137/erc20:0x838C9634dE6590B96aEadC4Bc6DB5c28Fd17E3C2', 'FIRE', 'matr1x-fire', 'FIRE', NULL, 1706102727, NULL);
*
INSERT INTO assets(identifier, name, type) VALUES('eip155:8453/erc20:0x5aB3D4c385B400F3aBB49e80DE2fAF6a88A7B691', 'FLock.io', 'C'); INSERT INTO evm_tokens(identifier, token_kind, chain, address, decimals, protocol) VALUES('eip155:8453/erc20:0x5aB3D4c385B400F3aBB49e80DE2fAF6a88A7B691', 'A', 8453, '0x5aB3D4c385B400F3aBB49e80DE2fAF6a88A7B691', 18, NULL); INSERT INTO common_asset_details(identifier, symbol, coingecko, cryptocompare, forked, started, swapped_for) VALUES('eip155:8453/erc20:0x5aB3D4c385B400F3aBB49e80DE2fAF6a88A7B691', 'FLOCK', 'flock-2', '', NULL, 1734737363, NULL);
*
INSERT INTO assets(identifier, name, type) VALUES('eip155:1/erc20:0x6f40d4A6237C257fff2dB00FA0510DeEECd303eb', 'Fluid', 'C'); INSERT INTO evm_tokens(identifier, token_kind, chain, address, decimals, protocol) VALUES('eip155:1/erc20:0x6f40d4A6237C257fff2dB00FA0510DeEECd303eb', 'A', 1, '0x6f40d4A6237C257fff2dB00FA0510DeEECd303eb', 18, NULL); INSERT INTO common_asset_details(identifier, symbol, coingecko, cryptocompare, forked, started, swapped_for) VALUES('eip155:1/erc20:0x6f40d4A6237C257fff2dB00FA0510DeEECd303eb', 'FLUID', 'instadapp', '', NULL, 1617673481, NULL);
*
INSERT INTO assets(identifier, name, type) VALUES('eip155:42161/erc20:0xaE7d4Bf2Bb00A2F4Ade1C726819FCACA0e517A5B', 'Fluid', 'C'); INSERT INTO evm_tokens(identifier, token_kind, chain, address, decimals, protocol) VALUES('eip155:42161/erc20:0xaE7d4Bf2Bb00A2F4Ade1C726819FCACA0e517A5B', 'A', 42161, '0xaE7d4Bf2Bb00A2F4Ade1C726819FCACA0e517A5B', 18, NULL); INSERT INTO common_asset_details(identifier, symbol, coingecko, cryptocompare, forked, started, swapped_for) VALUES('eip155:42161/erc20:0xaE7d4Bf2Bb00A2F4Ade1C726819FCACA0e517A5B', 'FLUID', 'instadapp', 'FLUID', NULL, 1736958817, NULL);
*
INSERT INTO assets(identifier, name, type) VALUES('eip155:137/erc20:0xf50D05A1402d0adAfA880D36050736f9f6ee7dee', 'Fluid (PoS)', 'C'); INSERT INTO evm_tokens(identifier, token_kind, chain, address, decimals, protocol) VALUES('eip155:137/erc20:0xf50D05A1402d0adAfA880D36050736f9f6ee7dee', 'A', 137, '0xf50D05A1402d0adAfA880D36050736f9f6ee7dee', 18, NULL); INSERT INTO common_asset_details(identifier, symbol, coingecko, cryptocompare, forked, started, swapped_for) VALUES('eip155:137/erc20:0xf50D05A1402d0adAfA880D36050736f9f6ee7dee', 'FLUID', 'instadapp', 'FLUID', NULL, 1623642907, NULL);
*
INSERT INTO assets(identifier, name, type) VALUES('eip155:1/erc20:0x52284158E02425290f6B627Aeb5FFF65eDf058Ad', 'Flappy Moon Bird', 'C'); INSERT INTO evm_tokens(identifier, token_kind, chain, address, decimals, protocol) VALUES('eip155:1/erc20:0x52284158E02425290f6B627Aeb5FFF65eDf058Ad', 'A', 1, '0x52284158E02425290f6B627Aeb5FFF65eDf058Ad', 18, NULL); INSERT INTO common_asset_details(identifier, symbol, coingecko, cryptocompare, forked, started, swapped_for) VALUES('eip155:1/erc20:0x52284158E02425290f6B627Aeb5FFF65eDf058Ad', 'FMB', 'flappymoonbird', '', NULL, 1685102795, NULL);
*
INSERT INTO assets(identifier, name, type) VALUES('eip155:1/erc20:0x6bfDB6f4E65Ead27118592A41eB927cEa6956198', 'Fame AI', 'C'); INSERT INTO evm_tokens(identifier, token_kind, chain, address, decimals, protocol) VALUES('eip155:1/erc20:0x6bfDB6f4E65Ead27118592A41eB927cEa6956198', 'A', 1, '0x6bfDB6f4E65Ead27118592A41eB927cEa6956198', 18, NULL); INSERT INTO common_asset_details(identifier, symbol, coingecko, cryptocompare, forked, started, swapped_for) VALUES('eip155:1/erc20:0x6bfDB6f4E65Ead27118592A41eB927cEa6956198', 'FMC', 'fame-ai', '', NULL, 1702222187, NULL);
*
INSERT INTO assets(identifier, name, type) VALUES('eip155:8453/erc20:0x6bfDB6f4E65Ead27118592A41eB927cEa6956198', 'Fame AI', 'C'); INSERT INTO evm_tokens(identifier, token_kind, chain, address, decimals, protocol) VALUES('eip155:8453/erc20:0x6bfDB6f4E65Ead27118592A41eB927cEa6956198', 'A', 8453, '0x6bfDB6f4E65Ead27118592A41eB927cEa6956198', 18, NULL); INSERT INTO common_asset_details(identifier, symbol, coingecko, cryptocompare, forked, started, swapped_for) VALUES('eip155:8453/erc20:0x6bfDB6f4E65Ead27118592A41eB927cEa6956198', 'FMC', 'fame-ai', '', NULL, 1736490887, NULL);
*
INSERT INTO assets(identifier, name, type) VALUES('FRED', 'First Convicted RACCON', 'Y'); INSERT INTO common_asset_details(identifier, symbol, coingecko, cryptocompare, forked, started, swapped_for) VALUES('FRED', 'FRED', 'first-convicted-raccon', 'FRED', NULL, 1735713875, NULL);
*
INSERT INTO assets(identifier, name, type) VALUES('FTON', 'Fanton Token', 'W'); INSERT INTO common_asset_details(identifier, symbol, coingecko, cryptocompare, forked, started, swapped_for) VALUES('FTON', 'FTON', 'fanton-token', 'FTON', NULL, 1727851920, NULL);
*
INSERT INTO assets(identifier, name, type) VALUES('eip155:1/erc20:0x423071774C43c0Aaf4210b439E7CDA8c797e2F26', 'GALAXIS Token', 'C'); INSERT INTO evm_tokens(identifier, token_kind, chain, address, decimals, protocol) VALUES('eip155:1/erc20:0x423071774C43c0Aaf4210b439E7CDA8c797e2F26', 'A', 1, '0x423071774C43c0Aaf4210b439E7CDA8c797e2F26', 18, NULL); INSERT INTO common_asset_details(identifier, symbol, coingecko, cryptocompare, forked, started, swapped_for) VALUES('eip155:1/erc20:0x423071774C43c0Aaf4210b439E7CDA8c797e2F26', 'GALAXIS', 'galaxis-token', 'GALAXIS', NULL, 1714385903, NULL);
*
INSERT INTO assets(identifier, name, type) VALUES('eip155:8453/erc20:0x2D189eABb667aA1ecFC01963a6a3A5d83960f558', 'GALAXIS Token', 'C'); INSERT INTO evm_tokens(identifier, token_kind, chain, address, decimals, protocol) VALUES('eip155:8453/erc20:0x2D189eABb667aA1ecFC01963a6a3A5d83960f558', 'A', 8453, '0x2D189eABb667aA1ecFC01963a6a3A5d83960f558', 18, NULL); INSERT INTO common_asset_details(identifier, symbol, coingecko, cryptocompare, forked, started, swapped_for) VALUES('eip155:8453/erc20:0x2D189eABb667aA1ecFC01963a6a3A5d83960f558', 'GALAXIS', 'galaxis-token', 'GALAXIS', NULL, 1727265999, NULL);
*
INSERT INTO assets(identifier, name, type) VALUES('eip155:42161/erc20:0xA5312C3E42A82D459162B2a3bD7FfC4F9099b911', 'GALAXIS Token', 'C'); INSERT INTO evm_tokens(identifier, token_kind, chain, address, decimals, protocol) VALUES('eip155:42161/erc20:0xA5312C3E42A82D459162B2a3bD7FfC4F9099b911', 'A', 42161, '0xA5312C3E42A82D459162B2a3bD7FfC4F9099b911', 18, NULL); INSERT INTO common_asset_details(identifier, symbol, coingecko, cryptocompare, forked, started, swapped_for) VALUES('eip155:42161/erc20:0xA5312C3E42A82D459162B2a3bD7FfC4F9099b911', 'GALAXIS', 'galaxis-token', 'GALAXIS', NULL, 1714695650, NULL);
*
INSERT INTO assets(identifier, name, type) VALUES('eip155:137/erc20:0x3C69d114664d48357d820Dbdd121a8071eAc99bf', 'GALAXIS Token (PoS)', 'C'); INSERT INTO evm_tokens(identifier, token_kind, chain, address, decimals, protocol) VALUES('eip155:137/erc20:0x3C69d114664d48357d820Dbdd121a8071eAc99bf', 'A', 137, '0x3C69d114664d48357d820Dbdd121a8071eAc99bf', 18, NULL); INSERT INTO common_asset_details(identifier, symbol, coingecko, cryptocompare, forked, started, swapped_for) VALUES('eip155:137/erc20:0x3C69d114664d48357d820Dbdd121a8071eAc99bf', 'GALAXIS', 'galaxis-token', 'GALAXIS', NULL, 1714637112, NULL);
*
UPDATE common_asset_details SET coingecko='wrapped-oeth', cryptocompare='woeth', started=1680301283 WHERE identifier='eip155:1/erc20:0xDcEe70654261AF21C44c093C300eD3Bb97b78192';
INSERT INTO assets(identifier, name, type) VALUES('eip155:1/erc20:0xDcEe70654261AF21C44c093C300eD3Bb97b78192', 'Wrapped OETH', 'C'); INSERT INTO evm_tokens(identifier, token_kind, chain, address, decimals, protocol) VALUES('eip155:1/erc20:0xDcEe70654261AF21C44c093C300eD3Bb97b78192', 'A', 1, '0xDcEe70654261AF21C44c093C300eD3Bb97b78192', 18, NULL); INSERT INTO common_asset_details(identifier, symbol, coingecko, cryptocompare, forked, started, swapped_for) VALUES('eip155:1/erc20:0xDcEe70654261AF21C44c093C300eD3Bb97b78192', 'WOETH', 'wrapped-oeth', 'woeth', NULL, 1680301283, NULL);
INSERT INTO assets(identifier, name, type) VALUES('eip155:42161/erc20:0xD8724322f44E5c58D7A815F542036fb17DbbF839', 'Wrapped OETH', 'C'); INSERT INTO evm_tokens(identifier, token_kind, chain, address, decimals, protocol) VALUES('eip155:42161/erc20:0xD8724322f44E5c58D7A815F542036fb17DbbF839', 'A', 42161, '0xD8724322f44E5c58D7A815F542036fb17DbbF839', 18, NULL); INSERT INTO common_asset_details(identifier, symbol, coingecko, cryptocompare, forked, started, swapped_for) VALUES('eip155:42161/erc20:0xD8724322f44E5c58D7A815F542036fb17DbbF839', 'WOETH', 'wrapped-oeth', 'woeth', NULL, 1707392291, NULL);
*
INSERT INTO assets(identifier, name, type) VALUES('eip155:8453/erc20:0x1C4CcA7C5DB003824208aDDA61Bd749e55F463a3', 'GAME by Virtuals', 'C'); INSERT INTO evm_tokens(identifier, token_kind, chain, address, decimals, protocol) VALUES('eip155:8453/erc20:0x1C4CcA7C5DB003824208aDDA61Bd749e55F463a3', 'A', 8453, '0x1C4CcA7C5DB003824208aDDA61Bd749e55F463a3', 18, NULL); INSERT INTO common_asset_details(identifier, symbol, coingecko, cryptocompare, forked, started, swapped_for) VALUES('eip155:8453/erc20:0x1C4CcA7C5DB003824208aDDA61Bd749e55F463a3', 'GAME', 'game-by-virtuals', '', NULL, 1727091731, NULL);
*
INSERT INTO assets(identifier, name, type) VALUES('eip155:1/erc20:0x5f944B0c4315Cb7c3a846b025AB4045da44abf6c', 'PANCAKE GAMES', 'C'); INSERT INTO evm_tokens(identifier, token_kind, chain, address, decimals, protocol) VALUES('eip155:1/erc20:0x5f944B0c4315Cb7c3a846b025AB4045da44abf6c', 'A', 1, '0x5f944B0c4315Cb7c3a846b025AB4045da44abf6c', 18, NULL); INSERT INTO common_asset_details(identifier, symbol, coingecko, cryptocompare, forked, started, swapped_for) VALUES('eip155:1/erc20:0x5f944B0c4315Cb7c3a846b025AB4045da44abf6c', 'GCAKE', 'pancake-games', 'GCAKE', NULL, 1632788762, NULL);
*
INSERT INTO assets(identifier, name, type) VALUES('eip155:56/erc20:0x61D5822DD7b3Ed495108733e6550d4529480C8F6', 'Pancake GAMES', 'C'); INSERT INTO evm_tokens(identifier, token_kind, chain, address, decimals, protocol) VALUES('eip155:56/erc20:0x61D5822DD7b3Ed495108733e6550d4529480C8F6', 'A', 56, '0x61D5822DD7b3Ed495108733e6550d4529480C8F6', 18, NULL); INSERT INTO common_asset_details(identifier, symbol, coingecko, cryptocompare, forked, started, swapped_for) VALUES('eip155:56/erc20:0x61D5822DD7b3Ed495108733e6550d4529480C8F6', 'GCAKE', 'pancake-games', 'GCAKE', NULL, 1633790769, NULL);
*
INSERT INTO assets(identifier, name, type) VALUES('eip155:42161/erc20:0x000000000026839b3f4181f2cF69336af6153b99', 'GG', 'C'); INSERT INTO evm_tokens(identifier, token_kind, chain, address, decimals, protocol) VALUES('eip155:42161/erc20:0x000000000026839b3f4181f2cF69336af6153b99', 'A', 42161, '0x000000000026839b3f4181f2cF69336af6153b99', 18, NULL); INSERT INTO common_asset_details(identifier, symbol, coingecko, cryptocompare, forked, started, swapped_for) VALUES('eip155:42161/erc20:0x000000000026839b3f4181f2cF69336af6153b99', 'GG', 'reboot', 'GG', NULL, 1703621584, NULL);
*
INSERT INTO assets(identifier, name, type) VALUES('eip155:1/erc20:0x68E2e5c9DFF32419A108713f83274a4Fb5e194CA', 'Glacier Network', 'C'); INSERT INTO evm_tokens(identifier, token_kind, chain, address, decimals, protocol) VALUES('eip155:1/erc20:0x68E2e5c9DFF32419A108713f83274a4Fb5e194CA', 'A', 1, '0x68E2e5c9DFF32419A108713f83274a4Fb5e194CA', 18, NULL); INSERT INTO common_asset_details(identifier, symbol, coingecko, cryptocompare, forked, started, swapped_for) VALUES('eip155:1/erc20:0x68E2e5c9DFF32419A108713f83274a4Fb5e194CA', 'GLS', 'glacier-network', 'GLS', NULL, 1720576511, NULL);
*
INSERT INTO assets(identifier, name, type) VALUES('eip155:8453/erc20:0xe898bCD00B86A3eaE43914319D2D4460230f735c', 'Glacier Network', 'C'); INSERT INTO evm_tokens(identifier, token_kind, chain, address, decimals, protocol) VALUES('eip155:8453/erc20:0xe898bCD00B86A3eaE43914319D2D4460230f735c', 'A', 8453, '0xe898bCD00B86A3eaE43914319D2D4460230f735c', 18, NULL); INSERT INTO common_asset_details(identifier, symbol, coingecko, cryptocompare, forked, started, swapped_for) VALUES('eip155:8453/erc20:0xe898bCD00B86A3eaE43914319D2D4460230f735c', 'GLS', 'glacier-network', 'GLS', NULL, 1734583727, NULL);
*
INSERT INTO assets(identifier, name, type) VALUES('GODL', 'RoOLZ', 'W'); INSERT INTO common_asset_details(identifier, symbol, coingecko, cryptocompare, forked, started, swapped_for) VALUES('GODL', 'GODL', 'roolz', '', NULL, 1730983260, NULL);
*
INSERT INTO assets(identifier, name, type) VALUES('GOATS', 'GOATS', 'W'); INSERT INTO common_asset_details(identifier, symbol, coingecko, cryptocompare, forked, started, swapped_for) VALUES('GOATS', 'GOATS', 'goats-2', '', NULL, 1733409120, NULL);
*
INSERT INTO assets(identifier, name, type) VALUES('eip155:8453/erc20:0x0C1dC73159e30c4b06170F2593D3118968a0DCa5', 'GoPlus Security', 'C'); INSERT INTO evm_tokens(identifier, token_kind, chain, address, decimals, protocol) VALUES('eip155:8453/erc20:0x0C1dC73159e30c4b06170F2593D3118968a0DCa5', 'A', 8453, '0x0C1dC73159e30c4b06170F2593D3118968a0DCa5', 18, NULL); INSERT INTO common_asset_details(identifier, symbol, coingecko, cryptocompare, forked, started, swapped_for) VALUES('eip155:8453/erc20:0x0C1dC73159e30c4b06170F2593D3118968a0DCa5', 'GPS', 'goplus-security', '', NULL, 1736845641, NULL);
*
INSERT INTO assets(identifier, name, type) VALUES('eip155:56/erc20:0x7eDC0eC89F987ECd85617b891c44fE462a325869', 'Gunstar Metaverse', 'C'); INSERT INTO evm_tokens(identifier, token_kind, chain, address, decimals, protocol) VALUES('eip155:56/erc20:0x7eDC0eC89F987ECd85617b891c44fE462a325869', 'A', 56, '0x7eDC0eC89F987ECd85617b891c44fE462a325869', 18, NULL); INSERT INTO common_asset_details(identifier, symbol, coingecko, cryptocompare, forked, started, swapped_for) VALUES('eip155:56/erc20:0x7eDC0eC89F987ECd85617b891c44fE462a325869', 'GST', 'gunstar-metaverse', '', NULL, 1637665937, NULL);
*
INSERT INTO assets(identifier, name, type) VALUES('GUMMY', 'GUMMY', 'Y'); INSERT INTO common_asset_details(identifier, symbol, coingecko, cryptocompare, forked, started, swapped_for) VALUES('GUMMY', 'GUMMY', 'gummy', 'GUMMY', NULL, 1713637130, NULL);
*
INSERT INTO assets(identifier, name, type) VALUES('HAPPY', 'Happy Cat', 'Y'); INSERT INTO common_asset_details(identifier, symbol, coingecko, cryptocompare, forked, started, swapped_for) VALUES('HAPPY', 'HAPPY', 'happycat-2', 'HAPPY', NULL, 1730907811, NULL);
*
INSERT INTO assets(identifier, name, type) VALUES('HFUN', 'Hypurr Fun', 'W'); INSERT INTO common_asset_details(identifier, symbol, coingecko, cryptocompare, forked, started, swapped_for) VALUES('HFUN', 'HFUN', 'hypurr-fun', '', NULL, 1715858853, NULL);
*
INSERT INTO assets(identifier, name, type) VALUES('HIPPO', 'sudeng', 'W'); INSERT INTO common_asset_details(identifier, symbol, coingecko, cryptocompare, forked, started, swapped_for) VALUES('HIPPO', 'HIPPO', 'sudeng', 'HIPPO', NULL, 1727448540, NULL);
*
INSERT INTO assets(identifier, name, type) VALUES('eip155:56/erc20:0x80A78A9b6B1272FdB612B39181BF113706024875', 'Halo', 'C'); INSERT INTO evm_tokens(identifier, token_kind, chain, address, decimals, protocol) VALUES('eip155:56/erc20:0x80A78A9b6B1272FdB612B39181BF113706024875', 'A', 56, '0x80A78A9b6B1272FdB612B39181BF113706024875', 18, NULL); INSERT INTO common_asset_details(identifier, symbol, coingecko, cryptocompare, forked, started, swapped_for) VALUES('eip155:56/erc20:0x80A78A9b6B1272FdB612B39181BF113706024875', 'HLO', 'halo-2', 'HLO', NULL, 1735267964, NULL);
*
INSERT INTO assets(identifier, name, type) VALUES('eip155:324/erc20:0xed4040fD47629e7c8FBB7DA76bb50B3e7695F0f2', 'Holdstation', 'C'); INSERT INTO evm_tokens(identifier, token_kind, chain, address, decimals, protocol) VALUES('eip155:324/erc20:0xed4040fD47629e7c8FBB7DA76bb50B3e7695F0f2', 'A', 324, '0xed4040fD47629e7c8FBB7DA76bb50B3e7695F0f2', 18, NULL); INSERT INTO common_asset_details(identifier, symbol, coingecko, cryptocompare, forked, started, swapped_for) VALUES('eip155:324/erc20:0xed4040fD47629e7c8FBB7DA76bb50B3e7695F0f2', 'HOLD', 'holdstation', '', NULL, 1700119226, NULL);
*
INSERT INTO assets(identifier, name, type) VALUES('HOLD', 'Holdcoin', 'W'); INSERT INTO common_asset_details(identifier, symbol, coingecko, cryptocompare, forked, started, swapped_for) VALUES('HOLD', 'HOLD', 'holdcoin', '', NULL, 1734393839, NULL);
*
INSERT INTO assets(identifier, name, type) VALUES('eip155:1/erc20:0x72e4f9F808C49A2a61dE9C5896298920Dc4EEEa9', 'HarryPotterObamaSonic10Inu', 'C'); INSERT INTO evm_tokens(identifier, token_kind, chain, address, decimals, protocol) VALUES('eip155:1/erc20:0x72e4f9F808C49A2a61dE9C5896298920Dc4EEEa9', 'A', 1, '0x72e4f9F808C49A2a61dE9C5896298920Dc4EEEa9', 8, NULL); INSERT INTO common_asset_details(identifier, symbol, coingecko, cryptocompare, forked, started, swapped_for) VALUES('eip155:1/erc20:0x72e4f9F808C49A2a61dE9C5896298920Dc4EEEa9', 'BITCOIN', 'harrypotterobamasonic10in', '', NULL, 1683700391, NULL);
*
INSERT INTO assets(identifier, name, type) VALUES('eip155:8453/erc20:0x2a06A17CBC6d0032Cac2c6696DA90f29D39a1a29', 'HarryPotterObamaSonic10Inu', 'C'); INSERT INTO evm_tokens(identifier, token_kind, chain, address, decimals, protocol) VALUES('eip155:8453/erc20:0x2a06A17CBC6d0032Cac2c6696DA90f29D39a1a29', 'A', 8453, '0x2a06A17CBC6d0032Cac2c6696DA90f29D39a1a29', 8, NULL); INSERT INTO common_asset_details(identifier, symbol, coingecko, cryptocompare, forked, started, swapped_for) VALUES('eip155:8453/erc20:0x2a06A17CBC6d0032Cac2c6696DA90f29D39a1a29', 'BITCOIN', 'harrypotterobamasonic10in', '', NULL, 1711500455, NULL);
*
INSERT INTO assets(identifier, name, type) VALUES('eip155:56/erc20:0x49f1D4dB3ea1a64390E990C6deBEaC88EAC007Ca', 'Ithaca Protocol', 'C'); INSERT INTO evm_tokens(identifier, token_kind, chain, address, decimals, protocol) VALUES('eip155:56/erc20:0x49f1D4dB3ea1a64390E990C6deBEaC88EAC007Ca', 'A', 56, '0x49f1D4dB3ea1a64390E990C6deBEaC88EAC007Ca', 18, NULL); INSERT INTO common_asset_details(identifier, symbol, coingecko, cryptocompare, forked, started, swapped_for) VALUES('eip155:56/erc20:0x49f1D4dB3ea1a64390E990C6deBEaC88EAC007Ca', 'ITHACA', 'ithaca-protocol', '', NULL, 1733841994, NULL);
*
INSERT INTO assets(identifier, name, type) VALUES('eip155:1/erc20:0x1095AE55B62174D9EA3Bc6A4136acacaD461d7ce', 'Ithaca Protocol', 'C'); INSERT INTO evm_tokens(identifier, token_kind, chain, address, decimals, protocol) VALUES('eip155:1/erc20:0x1095AE55B62174D9EA3Bc6A4136acacaD461d7ce', 'A', 1, '0x1095AE55B62174D9EA3Bc6A4136acacaD461d7ce', 18, NULL); INSERT INTO common_asset_details(identifier, symbol, coingecko, cryptocompare, forked, started, swapped_for) VALUES('eip155:1/erc20:0x1095AE55B62174D9EA3Bc6A4136acacaD461d7ce', 'ITHACA', 'ithaca-protocol', '', NULL, 1735366235, NULL);
*
INSERT INTO assets(identifier, name, type) VALUES('eip155:1/erc20:0xde6AcEAF7F2dCEB3d425643C5F85351f2B38FcdE', 'Metaverse HQ', 'C'); INSERT INTO evm_tokens(identifier, token_kind, chain, address, decimals, protocol) VALUES('eip155:1/erc20:0xde6AcEAF7F2dCEB3d425643C5F85351f2B38FcdE', 'A', 1, '0xde6AcEAF7F2dCEB3d425643C5F85351f2B38FcdE', 18, NULL); INSERT INTO common_asset_details(identifier, symbol, coingecko, cryptocompare, forked, started, swapped_for) VALUES('eip155:1/erc20:0xde6AcEAF7F2dCEB3d425643C5F85351f2B38FcdE', 'HQ', 'hq', '', NULL, 1733789375, NULL);
*
INSERT INTO assets(identifier, name, type) VALUES('JELLYJELLY', 'Jelly-My-Jelly', 'Y'); INSERT INTO common_asset_details(identifier, symbol, coingecko, cryptocompare, forked, started, swapped_for) VALUES('JELLYJELLY', 'JELLYJELLY', 'jelly-my-jelly', 'JELLYJELLY', NULL, 1738193350, NULL);
*
INSERT INTO assets(identifier, name, type) VALUES('HODLSOL', 'HODL (HODL)', 'Y'); INSERT INTO common_asset_details(identifier, symbol, coingecko, cryptocompare, forked, started, swapped_for) VALUES('HODLSOL', 'HODL', '', '', NULL, 1706734577, NULL);
*
INSERT INTO assets(identifier, name, type) VALUES('NVDA', 'NVIDIA', 'Y'); INSERT INTO common_asset_details(identifier, symbol, coingecko, cryptocompare, forked, started, swapped_for) VALUES('NVDA', 'NVDA', '', '', NULL, 1708545623, NULL);
*
INSERT INTO assets(identifier, name, type) VALUES('eip155:1/erc20:0x903ff0ba636E32De1767A4B5eEb55c155763D8B7', 'None Trading', 'C'); INSERT INTO evm_tokens(identifier, token_kind, chain, address, decimals, protocol) VALUES('eip155:1/erc20:0x903ff0ba636E32De1767A4B5eEb55c155763D8B7', 'A', 1, '0x903ff0ba636E32De1767A4B5eEb55c155763D8B7', 18, NULL); INSERT INTO common_asset_details(identifier, symbol, coingecko, cryptocompare, forked, started, swapped_for) VALUES('eip155:1/erc20:0x903ff0ba636E32De1767A4B5eEb55c155763D8B7', 'NONE', '', 'NONE', NULL, 1690834487, NULL);
*
INSERT INTO assets(identifier, name, type) VALUES('eip155:8453/erc20:0x7F12d13B34F5F4f0a9449c16Bcd42f0da47AF200', 'Normie', 'C'); INSERT INTO evm_tokens(identifier, token_kind, chain, address, decimals, protocol) VALUES('eip155:8453/erc20:0x7F12d13B34F5F4f0a9449c16Bcd42f0da47AF200', 'A', 8453, '0x7F12d13B34F5F4f0a9449c16Bcd42f0da47AF200', 9, NULL); INSERT INTO common_asset_details(identifier, symbol, coingecko, cryptocompare, forked, started, swapped_for) VALUES('eip155:8453/erc20:0x7F12d13B34F5F4f0a9449c16Bcd42f0da47AF200', 'NORMIE', '', '', NULL, 1709763017, NULL);
*
INSERT INTO assets(identifier, name, type) VALUES('eip155:8453/erc20:0x47b464eDB8Dc9BC67b5CD4C9310BB87b773845bD', 'Normie', 'C'); INSERT INTO evm_tokens(identifier, token_kind, chain, address, decimals, protocol) VALUES('eip155:8453/erc20:0x47b464eDB8Dc9BC67b5CD4C9310BB87b773845bD', 'A', 8453, '0x47b464eDB8Dc9BC67b5CD4C9310BB87b773845bD', 9, NULL); INSERT INTO common_asset_details(identifier, symbol, coingecko, cryptocompare, forked, started, swapped_for) VALUES('eip155:8453/erc20:0x47b464eDB8Dc9BC67b5CD4C9310BB87b773845bD', 'NORMIE', 'normie-2', '', NULL, 1717696661, NULL);
*
INSERT INTO assets(identifier, name, type) VALUES('NOHAT', 'DogWifNoHat', 'Y'); INSERT INTO common_asset_details(identifier, symbol, coingecko, cryptocompare, forked, started, swapped_for) VALUES('NOHAT', 'NOHAT', 'dogwifnohat', 'NOHAT', NULL, 1715321897, NULL);
*
INSERT INTO assets(identifier, name, type) VALUES('eip155:8453/erc20:0x13741C5dF9aB03E7Aa9Fb3Bf1f714551dD5A5F8a', 'Noggles', 'C'); INSERT INTO evm_tokens(identifier, token_kind, chain, address, decimals, protocol) VALUES('eip155:8453/erc20:0x13741C5dF9aB03E7Aa9Fb3Bf1f714551dD5A5F8a', 'A', 8453, '0x13741C5dF9aB03E7Aa9Fb3Bf1f714551dD5A5F8a', 18, NULL); INSERT INTO common_asset_details(identifier, symbol, coingecko, cryptocompare, forked, started, swapped_for) VALUES('eip155:8453/erc20:0x13741C5dF9aB03E7Aa9Fb3Bf1f714551dD5A5F8a', 'NOGS', 'noggles', 'NOGS', NULL, 1692642385, NULL);
*
INSERT INTO assets(identifier, name, type) VALUES('NIHAO', 'NIHAO', 'P'); INSERT INTO common_asset_details(identifier, symbol, coingecko, cryptocompare, forked, started, swapped_for) VALUES('NIHAO', 'NIHAO', '', '', NULL, 1724188486, NULL);
*
INSERT INTO assets(identifier, name, type) VALUES('NIGI', 'Nigi', 'Y'); INSERT INTO common_asset_details(identifier, symbol, coingecko, cryptocompare, forked, started, swapped_for) VALUES('NIGI', 'NIGI', '', 'NIGI', NULL, 1716007620, NULL);
*
INSERT INTO assets(identifier, name, type) VALUES('eip155:137/erc20:0xD33fd95fC17bc808b35e98458e078330F35Dbfa3', 'Midnight', 'C'); INSERT INTO evm_tokens(identifier, token_kind, chain, address, decimals, protocol) VALUES('eip155:137/erc20:0xD33fd95fC17bc808b35e98458e078330F35Dbfa3', 'A', 137, '0xD33fd95fC17bc808b35e98458e078330F35Dbfa3', 9, NULL); INSERT INTO common_asset_details(identifier, symbol, coingecko, cryptocompare, forked, started, swapped_for) VALUES('eip155:137/erc20:0xD33fd95fC17bc808b35e98458e078330F35Dbfa3', 'NIGHT', 'midnight', '', NULL, 1716243562, NULL);
*
INSERT INTO assets(identifier, name, type) VALUES('eip155:1/erc20:0x12652C6d93FDB6F4f37d48A8687783C782BB0d10', 'Entangle', 'C'); INSERT INTO evm_tokens(identifier, token_kind, chain, address, decimals, protocol) VALUES('eip155:1/erc20:0x12652C6d93FDB6F4f37d48A8687783C782BB0d10', 'A', 1, '0x12652C6d93FDB6F4f37d48A8687783C782BB0d10', 18, NULL); INSERT INTO common_asset_details(identifier, symbol, coingecko, cryptocompare, forked, started, swapped_for) VALUES('eip155:1/erc20:0x12652C6d93FDB6F4f37d48A8687783C782BB0d10', 'NGL', 'entangle', 'NGL', NULL, 1709846639, NULL);
*
INSERT INTO assets(identifier, name, type) VALUES('eip155:1/erc20:0x3D1C949a761C11E4CC50c3aE6BdB0F24fD7A39DA', 'Neurahub', 'C'); INSERT INTO evm_tokens(identifier, token_kind, chain, address, decimals, protocol) VALUES('eip155:1/erc20:0x3D1C949a761C11E4CC50c3aE6BdB0F24fD7A39DA', 'A', 1, '0x3D1C949a761C11E4CC50c3aE6BdB0F24fD7A39DA', 18, NULL); INSERT INTO common_asset_details(identifier, symbol, coingecko, cryptocompare, forked, started, swapped_for) VALUES('eip155:1/erc20:0x3D1C949a761C11E4CC50c3aE6BdB0F24fD7A39DA', 'NEURA', 'neurahub', 'NEURA', NULL, 1711221635, NULL);
*
INSERT INTO assets(identifier, name, type) VALUES('eip155:1/erc20:0x0B9aE6b1D4f0EEeD904D1CEF68b9bd47499f3fFF', 'IlluminatiCoin', 'C'); INSERT INTO evm_tokens(identifier, token_kind, chain, address, decimals, protocol) VALUES('eip155:1/erc20:0x0B9aE6b1D4f0EEeD904D1CEF68b9bd47499f3fFF', 'A', 1, '0x0B9aE6b1D4f0EEeD904D1CEF68b9bd47499f3fFF', 18, NULL); INSERT INTO common_asset_details(identifier, symbol, coingecko, cryptocompare, forked, started, swapped_for) VALUES('eip155:1/erc20:0x0B9aE6b1D4f0EEeD904D1CEF68b9bd47499f3fFF', 'NATI', 'illuminaticoin', 'NATI', NULL, 1697246291, NULL);
*
INSERT INTO assets(identifier, name, type) VALUES('$NAP', 'SNAP', 'Y'); INSERT INTO common_asset_details(identifier, symbol, coingecko, cryptocompare, forked, started, swapped_for) VALUES('$NAP', '$NAP', 'snap-kero', '', NULL, 1710538572, NULL);
*
INSERT INTO assets(identifier, name, type) VALUES('NAMI', 'Thief Cat', 'Y'); INSERT INTO common_asset_details(identifier, symbol, coingecko, cryptocompare, forked, started, swapped_for) VALUES('NAMI', 'NAMI', 'thief', '', NULL, 1715927079, NULL);
*
INSERT INTO assets(identifier, name, type) VALUES('MWD', 'MEW WOOF DAO', 'P'); INSERT INTO common_asset_details(identifier, symbol, coingecko, cryptocompare, forked, started, swapped_for) VALUES('MWD', 'MWD', 'mew-woof-dao', 'MWD', NULL, 1724046429, NULL);
*
INSERT INTO assets(identifier, name, type) VALUES('eip155:1/erc20:0xf827f77422d6DFf7b4E1bc87fec88606082B2199', 'Concerning', 'C'); INSERT INTO evm_tokens(identifier, token_kind, chain, address, decimals, protocol) VALUES('eip155:1/erc20:0xf827f77422d6DFf7b4E1bc87fec88606082B2199', 'A', 1, '0xf827f77422d6DFf7b4E1bc87fec88606082B2199', 18, NULL); INSERT INTO common_asset_details(identifier, symbol, coingecko, cryptocompare, forked, started, swapped_for) VALUES('eip155:1/erc20:0xf827f77422d6DFf7b4E1bc87fec88606082B2199', 'MuskX', '', '', NULL, 1702988723, NULL);
*
INSERT INTO assets(identifier, name, type) VALUES('eip155:1/erc20:0x620aA20875Ec1144126ea47FB27ecfe6e10d0c56', 'MOYA', 'C'); INSERT INTO evm_tokens(identifier, token_kind, chain, address, decimals, protocol) VALUES('eip155:1/erc20:0x620aA20875Ec1144126ea47FB27ecfe6e10d0c56', 'A', 1, '0x620aA20875Ec1144126ea47FB27ecfe6e10d0c56', 18, NULL); INSERT INTO common_asset_details(identifier, symbol, coingecko, cryptocompare, forked, started, swapped_for) VALUES('eip155:1/erc20:0x620aA20875Ec1144126ea47FB27ecfe6e10d0c56', 'MOYA', '', 'MOYA', NULL, 1722420671, NULL);
*
INSERT INTO assets(identifier, name, type) VALUES('MOTH', 'MOTH', 'Y'); INSERT INTO common_asset_details(identifier, symbol, coingecko, cryptocompare, forked, started, swapped_for) VALUES('MOTH', 'MTH', 'moth', '', NULL, 1717089784, NULL);
*
INSERT INTO assets(identifier, name, type) VALUES('eip155:1/erc20:0xAb85fc558d722A2b7c040FfB77dB676Bd9e7D322', 'MOROS NET', 'C'); INSERT INTO evm_tokens(identifier, token_kind, chain, address, decimals, protocol) VALUES('eip155:1/erc20:0xAb85fc558d722A2b7c040FfB77dB676Bd9e7D322', 'A', 1, '0xAb85fc558d722A2b7c040FfB77dB676Bd9e7D322', 18, NULL); INSERT INTO common_asset_details(identifier, symbol, coingecko, cryptocompare, forked, started, swapped_for) VALUES('eip155:1/erc20:0xAb85fc558d722A2b7c040FfB77dB676Bd9e7D322', 'MOROS', 'moros-net', 'MOROS', NULL, 1700233487, NULL);
*
INSERT INTO assets(identifier, name, type) VALUES('MOONDOG', 'Moon Dog', 'P'); INSERT INTO common_asset_details(identifier, symbol, coingecko, cryptocompare, forked, started, swapped_for) VALUES('MOONDOG', 'MOONDOG', '', '', NULL, 1724316693, NULL);
*
INSERT INTO assets(identifier, name, type) VALUES('MOOCAT', 'MooCat [OLD]', 'Y'); INSERT INTO common_asset_details(identifier, symbol, coingecko, cryptocompare, forked, started, swapped_for) VALUES('MOOCAT', 'MOOCAT', 'moocat', 'MOOCAT', NULL, 1714749826, NULL);
*
INSERT INTO assets(identifier, name, type) VALUES('eip155:1/erc20:0xb624960AAaD05d433075a5C9E760aDEc26036934', 'Monke coin', 'C'); INSERT INTO evm_tokens(identifier, token_kind, chain, address, decimals, protocol) VALUES('eip155:1/erc20:0xb624960AAaD05d433075a5C9E760aDEc26036934', 'A', 1, '0xb624960AAaD05d433075a5C9E760aDEc26036934', 9, NULL); INSERT INTO common_asset_details(identifier, symbol, coingecko, cryptocompare, forked, started, swapped_for) VALUES('eip155:1/erc20:0xb624960AAaD05d433075a5C9E760aDEc26036934', 'MONKE', 'monke-coin-eth', '', NULL, 1714291655, NULL);
*
INSERT INTO assets(identifier, name, type) VALUES('eip155:1/erc20:0x8B95Fe1C06E58C269f1267e0f0093b7b26b85481', 'MOJO The Gorilla', 'C'); INSERT INTO evm_tokens(identifier, token_kind, chain, address, decimals, protocol) VALUES('eip155:1/erc20:0x8B95Fe1C06E58C269f1267e0f0093b7b26b85481', 'A', 1, '0x8B95Fe1C06E58C269f1267e0f0093b7b26b85481', 18, NULL); INSERT INTO common_asset_details(identifier, symbol, coingecko, cryptocompare, forked, started, swapped_for) VALUES('eip155:1/erc20:0x8B95Fe1C06E58C269f1267e0f0093b7b26b85481', 'MOJO', 'mojo-the-gorilla', '', NULL, 1716929639, NULL);
*
INSERT INTO assets(identifier, name, type) VALUES('MOGGO', 'MOGGO', 'Y'); INSERT INTO common_asset_details(identifier, symbol, coingecko, cryptocompare, forked, started, swapped_for) VALUES('MOGGO', 'MOGGO', 'moggo', 'MOGGO', NULL, 1711640962, NULL);
*
INSERT INTO assets(identifier, name, type) VALUES('MOBY', 'Moby AI', 'Y'); INSERT INTO common_asset_details(identifier, symbol, coingecko, cryptocompare, forked, started, swapped_for) VALUES('MOBY', 'MOBY', 'moby-ai', '', NULL, 1736794957, NULL);
*
INSERT INTO assets(identifier, name, type) VALUES('eip155:1/erc20:0x40a7dF3dF8b56147B781353D379cB960120211D7', 'MobyToken', 'C'); INSERT INTO evm_tokens(identifier, token_kind, chain, address, decimals, protocol) VALUES('eip155:1/erc20:0x40a7dF3dF8b56147B781353D379cB960120211D7', 'A', 1, '0x40a7dF3dF8b56147B781353D379cB960120211D7', 18, NULL); INSERT INTO common_asset_details(identifier, symbol, coingecko, cryptocompare, forked, started, swapped_for) VALUES('eip155:1/erc20:0x40a7dF3dF8b56147B781353D379cB960120211D7', 'MOBY', 'moby', 'MOBY', NULL, 1706760227, NULL);
*
INSERT INTO assets(identifier, name, type) VALUES('eip155:56/erc20:0xe4e11e02AA14c7f24DB749421986EAEc1369e8C9', 'Minati', 'C'); INSERT INTO evm_tokens(identifier, token_kind, chain, address, decimals, protocol) VALUES('eip155:56/erc20:0xe4e11e02AA14c7f24DB749421986EAEc1369e8C9', 'A', 56, '0xe4e11e02AA14c7f24DB749421986EAEc1369e8C9', 18, NULL); INSERT INTO common_asset_details(identifier, symbol, coingecko, cryptocompare, forked, started, swapped_for) VALUES('eip155:56/erc20:0xe4e11e02AA14c7f24DB749421986EAEc1369e8C9', 'MNTC', 'minativerse', '', NULL, 1683698064, NULL);
*
INSERT INTO assets(identifier, name, type) VALUES('MLG', '360noscope420blazeit', 'Y'); INSERT INTO common_asset_details(identifier, symbol, coingecko, cryptocompare, forked, started, swapped_for) VALUES('MLG', 'MLG', '360noscope420blazeit', 'MLG', NULL, 1713654014, NULL);
*
INSERT INTO assets(identifier, name, type) VALUES('MIST', 'MIST', 'Y'); INSERT INTO common_asset_details(identifier, symbol, coingecko, cryptocompare, forked, started, swapped_for) VALUES('MIST', '', 'mist-2', '', NULL, 1731379130, NULL);
*
INSERT INTO assets(identifier, name, type) VALUES('MINI', 'mini', 'Y'); INSERT INTO common_asset_details(identifier, symbol, coingecko, cryptocompare, forked, started, swapped_for) VALUES('MINI', 'MINI', 'minimini', 'MINI', NULL, 1714448258, NULL);
*
INSERT INTO assets(identifier, name, type) VALUES('MIKI', 'MIKI', 'Y'); INSERT INTO common_asset_details(identifier, symbol, coingecko, cryptocompare, forked, started, swapped_for) VALUES('MIKI', 'MIKI', 'miki', '', NULL, 1715128245, NULL);
*
INSERT INTO assets(identifier, name, type) VALUES('MIA', 'Made In America', 'Y'); INSERT INTO common_asset_details(identifier, symbol, coingecko, cryptocompare, forked, started, swapped_for) VALUES('MIA', 'MIA', 'made-in-america', '', NULL, 1737393565, NULL);
*
INSERT INTO assets(identifier, name, type) VALUES('MEOWKA', 'Meowka Neko', 'P'); INSERT INTO common_asset_details(identifier, symbol, coingecko, cryptocompare, forked, started, swapped_for) VALUES('MEOWKA', 'MEOWKA', 'meowka-neko', '', NULL, 1724749110, NULL);
*
INSERT INTO assets(identifier, name, type) VALUES('eip155:1/erc20:0xA75AD62a1b6b78eEA6c54C22Eb697Ca0b125f97a', 'meow', 'C'); INSERT INTO evm_tokens(identifier, token_kind, chain, address, decimals, protocol) VALUES('eip155:1/erc20:0xA75AD62a1b6b78eEA6c54C22Eb697Ca0b125f97a', 'A', 1, '0xA75AD62a1b6b78eEA6c54C22Eb697Ca0b125f97a', 18, NULL); INSERT INTO common_asset_details(identifier, symbol, coingecko, cryptocompare, forked, started, swapped_for) VALUES('eip155:1/erc20:0xA75AD62a1b6b78eEA6c54C22Eb697Ca0b125f97a', 'MEOW', '', '', NULL, 1719558323, NULL);
*
INSERT INTO assets(identifier, name, type) VALUES('MEMESOL', 'MOST ELEGANT MONKEY EVER', 'Y'); INSERT INTO common_asset_details(identifier, symbol, coingecko, cryptocompare, forked, started, swapped_for) VALUES('MEMESOL', 'MEMESOL', 'most-elegant-monkey-ever', '', NULL, 1725402427, NULL);
*
INSERT INTO assets(identifier, name, type) VALUES('MEMESAI', 'Memes AI', 'Y'); INSERT INTO common_asset_details(identifier, symbol, coingecko, cryptocompare, forked, started, swapped_for) VALUES('MEMESAI', 'MEMESAI', 'memes-ai', 'MEMESAI', NULL, 1728857020, NULL);
*
INSERT INTO assets(identifier, name, type) VALUES('MEGA', 'MEGATRON', 'P'); INSERT INTO common_asset_details(identifier, symbol, coingecko, cryptocompare, forked, started, swapped_for) VALUES('MEGA', 'MEGA', '', '', NULL, 1723821408, NULL);
*
INSERT INTO assets(identifier, name, type) VALUES('MEDUSA', 'MEDUSA', 'Y'); INSERT INTO common_asset_details(identifier, symbol, coingecko, cryptocompare, forked, started, swapped_for) VALUES('MEDUSA', 'MEDUSA', 'medusa-2', 'MEDUSA', NULL, 1728906808, NULL);
*
INSERT INTO assets(identifier, name, type) VALUES('MAXSOL', 'MAXSOL', 'Y'); INSERT INTO common_asset_details(identifier, symbol, coingecko, cryptocompare, forked, started, swapped_for) VALUES('MAXSOL', 'MAXSOL', 'max-2', '', NULL, 1733061608, NULL);
*
INSERT INTO assets(identifier, name, type) VALUES('MARU', 'Maru Dog', 'Y'); INSERT INTO common_asset_details(identifier, symbol, coingecko, cryptocompare, forked, started, swapped_for) VALUES('MARU', 'MARU', 'maru-dog', 'MARU', NULL, 1714112307, NULL);
*
INSERT INTO assets(identifier, name, type) VALUES('MAIL', 'SolMail', 'Y'); INSERT INTO common_asset_details(identifier, symbol, coingecko, cryptocompare, forked, started, swapped_for) VALUES('MAIL', 'MAIL', 'solmail', '', NULL, 1710812438, NULL);
*
INSERT INTO assets(identifier, name, type) VALUES('MAGA', 'MAGA', 'Y'); INSERT INTO common_asset_details(identifier, symbol, coingecko, cryptocompare, forked, started, swapped_for) VALUES('MAGA', 'MAGA', '', '', NULL, 1716723085, NULL);
*
INSERT INTO assets(identifier, name, type) VALUES('MAGAPEPE', 'MAGA PEPE', 'Y'); INSERT INTO common_asset_details(identifier, symbol, coingecko, cryptocompare, forked, started, swapped_for) VALUES('MAGAPEPE', 'MAGAPEPE', 'maga-pepe', 'MAGAPEPE', NULL, 1716628125, NULL);
*
INSERT INTO assets(identifier, name, type) VALUES('MACHO', 'macho', 'Y'); INSERT INTO common_asset_details(identifier, symbol, coingecko, cryptocompare, forked, started, swapped_for) VALUES('MACHO', 'MACHO', '', 'MACHO', NULL, 1717357463, NULL);
*
INSERT INTO assets(identifier, name, type) VALUES('LYTE', 'Lyte Finance', 'Y'); INSERT INTO common_asset_details(identifier, symbol, coingecko, cryptocompare, forked, started, swapped_for) VALUES('LYTE', 'LYTE', '', '', NULL, 1712009569, NULL);
*
INSERT INTO assets(identifier, name, type) VALUES('LUIGI', 'Luigi Mangion', 'Y'); INSERT INTO common_asset_details(identifier, symbol, coingecko, cryptocompare, forked, started, swapped_for) VALUES('LUIGI', 'LUIGI', '', '', NULL, 1733768170, NULL);
*
INSERT INTO assets(identifier, name, type) VALUES('LOOM', 'Loom', 'Y'); INSERT INTO common_asset_details(identifier, symbol, coingecko, cryptocompare, forked, started, swapped_for) VALUES('LOOM', 'LOOM', 'loom', '', NULL, 1710969454, NULL);
*
INSERT INTO assets(identifier, name, type) VALUES('LONG1', 'Long', 'W'); INSERT INTO common_asset_details(identifier, symbol, coingecko, cryptocompare, forked, started, swapped_for) VALUES('LONG1', 'LONG1', '', '', NULL, NULL, NULL);
*
INSERT INTO assets(identifier, name, type) VALUES('LOLSOL', 'LOL', 'Y'); INSERT INTO common_asset_details(identifier, symbol, coingecko, cryptocompare, forked, started, swapped_for) VALUES('LOLSOL', 'LOL', 'lol', '', NULL, 1721342941, NULL);
*
INSERT INTO assets(identifier, name, type) VALUES('LOCK', 'SOLOCKER', 'Y'); INSERT INTO common_asset_details(identifier, symbol, coingecko, cryptocompare, forked, started, swapped_for) VALUES('LOCK', 'LOCK', '', '', NULL, 1712581127, NULL);
*
INSERT INTO assets(identifier, name, type) VALUES('LILPUMP', 'Lil Pump', 'Y'); INSERT INTO common_asset_details(identifier, symbol, coingecko, cryptocompare, forked, started, swapped_for) VALUES('LILPUMP', 'LILPUMP', 'lil-pump', 'LILPUMP', NULL, 1717038969, NULL);
*
INSERT INTO assets(identifier, name, type) VALUES('LAMBO', 'Lambo', 'Y'); INSERT INTO common_asset_details(identifier, symbol, coingecko, cryptocompare, forked, started, swapped_for) VALUES('LAMBO', 'LAMBO', 'lambo-2', '', NULL, 1706760266, NULL);
*
INSERT INTO assets(identifier, name, type) VALUES('KITTY', 'Roaring Kitty', 'Y'); INSERT INTO common_asset_details(identifier, symbol, coingecko, cryptocompare, forked, started, swapped_for) VALUES('KITTY', 'KITTY', 'roaring-kitty-solana', 'KITTY', NULL, 1711825202, NULL);
*
INSERT INTO assets(identifier, name, type) VALUES('KIRA', 'KIRA', 'Y'); INSERT INTO common_asset_details(identifier, symbol, coingecko, cryptocompare, forked, started, swapped_for) VALUES('KIRA', 'KIRA', 'kira-3', '', NULL, 1730042440, NULL);
*
INSERT INTO assets(identifier, name, type) VALUES('KIKI', 'kiki (SOL)', 'Y'); INSERT INTO common_asset_details(identifier, symbol, coingecko, cryptocompare, forked, started, swapped_for) VALUES('KIKI', 'KIKI', 'kiki-sol', '', NULL, 1716147811, NULL);
*
INSERT INTO assets(identifier, name, type) VALUES('KERMIT', 'Kermit', 'Y'); INSERT INTO common_asset_details(identifier, symbol, coingecko, cryptocompare, forked, started, swapped_for) VALUES('KERMIT', 'KERMIT', '', '', NULL, 1710807006, NULL);
*
INSERT INTO assets(identifier, name, type) VALUES('eip155:1/erc20:0xe75F2AcaFbA1aD56C5eD712ffbc1d31910e74396', 'Komputai', 'C'); INSERT INTO evm_tokens(identifier, token_kind, chain, address, decimals, protocol) VALUES('eip155:1/erc20:0xe75F2AcaFbA1aD56C5eD712ffbc1d31910e74396', 'A', 1, '0xe75F2AcaFbA1aD56C5eD712ffbc1d31910e74396', 18, NULL); INSERT INTO common_asset_details(identifier, symbol, coingecko, cryptocompare, forked, started, swapped_for) VALUES('eip155:1/erc20:0xe75F2AcaFbA1aD56C5eD712ffbc1d31910e74396', 'KAI', 'komputai', '', NULL, 1712683667, NULL);
*
INSERT INTO assets(identifier, name, type) VALUES('KABAL', 'KABAL', 'Y'); INSERT INTO common_asset_details(identifier, symbol, coingecko, cryptocompare, forked, started, swapped_for) VALUES('KABAL', 'KABAL', 'kabal', '', NULL, 1715171725, NULL);
*
INSERT INTO assets(identifier, name, type) VALUES('EGGSOL', 'JustAnEgg', 'Y'); INSERT INTO common_asset_details(identifier, symbol, coingecko, cryptocompare, forked, started, swapped_for) VALUES('EGGSOL', 'EGG', 'justanegg-2', '', NULL, 1711759349, NULL);
*
INSERT INTO assets(identifier, name, type) VALUES('JEMAN', 'JEMAN', 'P'); INSERT INTO common_asset_details(identifier, symbol, coingecko, cryptocompare, forked, started, swapped_for) VALUES('JEMAN', 'JEMAN', '', '', NULL, 1724195895, NULL);
*
INSERT INTO assets(identifier, name, type) VALUES('JARVIS', 'Jarvis', 'Y'); INSERT INTO common_asset_details(identifier, symbol, coingecko, cryptocompare, forked, started, swapped_for) VALUES('JARVIS', 'JARVIS', 'jarvis-3', '', NULL, 1730258454, NULL);
*
INSERT INTO assets(identifier, name, type) VALUES('eip155:1/erc20:0xF63E309818E4EA13782678CE6C31C1234fa61809', 'Janet', 'C'); INSERT INTO evm_tokens(identifier, token_kind, chain, address, decimals, protocol) VALUES('eip155:1/erc20:0xF63E309818E4EA13782678CE6C31C1234fa61809', 'A', 1, '0xF63E309818E4EA13782678CE6C31C1234fa61809', 8, NULL); INSERT INTO common_asset_details(identifier, symbol, coingecko, cryptocompare, forked, started, swapped_for) VALUES('eip155:1/erc20:0xF63E309818E4EA13782678CE6C31C1234fa61809', 'JANET', 'janet', 'JANET', NULL, 1729535843, NULL);
*
INSERT INTO assets(identifier, name, type) VALUES('PILLS', 'MoreYaoWan', 'P'); INSERT INTO common_asset_details(identifier, symbol, coingecko, cryptocompare, forked, started, swapped_for) VALUES('PILLS', 'PILLS', '', '', NULL, 1723421625, NULL);
*
INSERT INTO assets(identifier, name, type) VALUES('PHNIX', 'PHNIX', 'W'); INSERT INTO common_asset_details(identifier, symbol, coingecko, cryptocompare, forked, started, swapped_for) VALUES('PHNIX', 'PHNIX', 'phnix', '', NULL, 1735376580, NULL);
*
INSERT INTO assets(identifier, name, type) VALUES('PFCC', 'PumpFunCoin', 'Y'); INSERT INTO common_asset_details(identifier, symbol, coingecko, cryptocompare, forked, started, swapped_for) VALUES('PFCC', 'PFCC', '', '', NULL, 1715345998, NULL);
*
INSERT INTO assets(identifier, name, type) VALUES('eip155:1/erc20:0xB69100340A5947E856D873463694aE2186146C43', 'Baby Pepe', 'C'); INSERT INTO evm_tokens(identifier, token_kind, chain, address, decimals, protocol) VALUES('eip155:1/erc20:0xB69100340A5947E856D873463694aE2186146C43', 'A', 1, '0xB69100340A5947E856D873463694aE2186146C43', 9, NULL); INSERT INTO common_asset_details(identifier, symbol, coingecko, cryptocompare, forked, started, swapped_for) VALUES('eip155:1/erc20:0xB69100340A5947E856D873463694aE2186146C43', 'PEPER', 'baby-pepe-on-eth', 'PEPER', NULL, 1719284543, NULL);
*
INSERT INTO assets(identifier, name, type) VALUES('eip155:8453/erc20:0x698DC45e4F10966f6D1D98e3bFd7071d8144C233', 'Pepe', 'C'); INSERT INTO evm_tokens(identifier, token_kind, chain, address, decimals, protocol) VALUES('eip155:8453/erc20:0x698DC45e4F10966f6D1D98e3bFd7071d8144C233', 'A', 8453, '0x698DC45e4F10966f6D1D98e3bFd7071d8144C233', 9, NULL); INSERT INTO common_asset_details(identifier, symbol, coingecko, cryptocompare, forked, started, swapped_for) VALUES('eip155:8453/erc20:0x698DC45e4F10966f6D1D98e3bFd7071d8144C233', 'PEPE', 'pepe-0x69-on-base', '', NULL, 1713817941, NULL);
*
INSERT INTO assets(identifier, name, type) VALUES('PEBO', 'PEBO', 'Y'); INSERT INTO common_asset_details(identifier, symbol, coingecko, cryptocompare, forked, started, swapped_for) VALUES('PEBO', 'PEBO', '', '', NULL, 1706798969, NULL);
*
INSERT INTO assets(identifier, name, type) VALUES('eip155:1/erc20:0x4947b72fED037AdE3365dA050A9be5c063E605A7', 'Peanut', 'C'); INSERT INTO evm_tokens(identifier, token_kind, chain, address, decimals, protocol) VALUES('eip155:1/erc20:0x4947b72fED037AdE3365dA050A9be5c063E605A7', 'A', 1, '0x4947b72fED037AdE3365dA050A9be5c063E605A7', 9, NULL); INSERT INTO common_asset_details(identifier, symbol, coingecko, cryptocompare, forked, started, swapped_for) VALUES('eip155:1/erc20:0x4947b72fED037AdE3365dA050A9be5c063E605A7', 'PEANUT', 'peanut-2', '', NULL, 1730557307, NULL);
*
INSERT INTO assets(identifier, name, type) VALUES('eip155:1/erc20:0x570147337F1A2313Fc35573F6a123CeB109eB901', '0xFriend', 'C'); INSERT INTO evm_tokens(identifier, token_kind, chain, address, decimals, protocol) VALUES('eip155:1/erc20:0x570147337F1A2313Fc35573F6a123CeB109eB901', 'A', 1, '0x570147337F1A2313Fc35573F6a123CeB109eB901', 9, NULL); INSERT INTO common_asset_details(identifier, symbol, coingecko, cryptocompare, forked, started, swapped_for) VALUES('eip155:1/erc20:0x570147337F1A2313Fc35573F6a123CeB109eB901', '0xF', '', '', NULL, 1692583979, NULL);
*
INSERT INTO assets(identifier, name, type) VALUES('eip155:1/erc20:0x6A7eFF1e2c355AD6eb91BEbB5ded49257F3FED98', 'OpSec', 'C'); INSERT INTO evm_tokens(identifier, token_kind, chain, address, decimals, protocol) VALUES('eip155:1/erc20:0x6A7eFF1e2c355AD6eb91BEbB5ded49257F3FED98', 'A', 1, '0x6A7eFF1e2c355AD6eb91BEbB5ded49257F3FED98', 18, NULL); INSERT INTO common_asset_details(identifier, symbol, coingecko, cryptocompare, forked, started, swapped_for) VALUES('eip155:1/erc20:0x6A7eFF1e2c355AD6eb91BEbB5ded49257F3FED98', 'OPSEC', '', '', NULL, 1704223091, NULL);
*
INSERT INTO assets(identifier, name, type) VALUES('OPPIE', 'TOLYS CAT', 'Y'); INSERT INTO common_asset_details(identifier, symbol, coingecko, cryptocompare, forked, started, swapped_for) VALUES('OPPIE', 'OPPIE', 'tolys-cat', '', NULL, 1706798969, NULL);
*
INSERT INTO assets(identifier, name, type) VALUES('OPAIUM', 'Opaium', 'Y'); INSERT INTO common_asset_details(identifier, symbol, coingecko, cryptocompare, forked, started, swapped_for) VALUES('OPAIUM', 'OPAIUM', 'opaium', '', NULL, 1732177619, NULL);
*
INSERT INTO assets(identifier, name, type) VALUES('OMOCHI', 'No1 tiktok frog (Omochi)', 'Y'); INSERT INTO common_asset_details(identifier, symbol, coingecko, cryptocompare, forked, started, swapped_for) VALUES('OMOCHI', 'OMOCHI', 'no1-tiktok-frog-omochi', '', NULL, 1727329793, NULL);
*
INSERT INTO assets(identifier, name, type) VALUES('eip155:1/erc20:0x28dd00ef3877187D7b2bE101605768138f839b82', 'Olympe', 'C'); INSERT INTO evm_tokens(identifier, token_kind, chain, address, decimals, protocol) VALUES('eip155:1/erc20:0x28dd00ef3877187D7b2bE101605768138f839b82', 'A', 1, '0x28dd00ef3877187D7b2bE101605768138f839b82', 9, NULL); INSERT INTO common_asset_details(identifier, symbol, coingecko, cryptocompare, forked, started, swapped_for) VALUES('eip155:1/erc20:0x28dd00ef3877187D7b2bE101605768138f839b82', 'OLYMPE', '', 'OLYMPE', NULL, 1720672115, NULL);
*
INSERT INTO assets(identifier, name, type) VALUES('eip155:1/erc20:0xe5018913F2fdf33971864804dDB5fcA25C539032', 'OpenLM RevShare Token', 'C'); INSERT INTO evm_tokens(identifier, token_kind, chain, address, decimals, protocol) VALUES('eip155:1/erc20:0xe5018913F2fdf33971864804dDB5fcA25C539032', 'A', 1, '0xe5018913F2fdf33971864804dDB5fcA25C539032', 18, NULL); INSERT INTO common_asset_details(identifier, symbol, coingecko, cryptocompare, forked, started, swapped_for) VALUES('eip155:1/erc20:0xe5018913F2fdf33971864804dDB5fcA25C539032', 'OLM', 'ora-protocol', '', NULL, 1712909603, NULL);
*
INSERT INTO assets(identifier, name, type) VALUES('eip155:42161/erc20:0x064F8B858C2A603e1b106a2039f5446D32dc81c1', 'Autonolas', 'C'); INSERT INTO evm_tokens(identifier, token_kind, chain, address, decimals, protocol) VALUES('eip155:42161/erc20:0x064F8B858C2A603e1b106a2039f5446D32dc81c1', 'A', 42161, '0x064F8B858C2A603e1b106a2039f5446D32dc81c1', 18, NULL); INSERT INTO common_asset_details(identifier, symbol, coingecko, cryptocompare, forked, started, swapped_for) VALUES('eip155:42161/erc20:0x064F8B858C2A603e1b106a2039f5446D32dc81c1', 'OLAS', 'autonolas', 'OLAS', NULL, 1705958498, NULL);
*
INSERT INTO assets(identifier, name, type) VALUES('eip155:10/erc20:0xFC2E6e6BCbd49ccf3A5f029c79984372DcBFE527', 'Autonolas', 'C'); INSERT INTO evm_tokens(identifier, token_kind, chain, address, decimals, protocol) VALUES('eip155:10/erc20:0xFC2E6e6BCbd49ccf3A5f029c79984372DcBFE527', 'A', 10, '0xFC2E6e6BCbd49ccf3A5f029c79984372DcBFE527', 18, NULL); INSERT INTO common_asset_details(identifier, symbol, coingecko, cryptocompare, forked, started, swapped_for) VALUES('eip155:10/erc20:0xFC2E6e6BCbd49ccf3A5f029c79984372DcBFE527', 'OLAS', 'autonolas', 'OLAS', NULL, 1708034621, NULL);
*
INSERT INTO assets(identifier, name, type) VALUES('eip155:8453/erc20:0x54330d28ca3357F294334BDC454a032e7f353416', 'Autonolas', 'C'); INSERT INTO evm_tokens(identifier, token_kind, chain, address, decimals, protocol) VALUES('eip155:8453/erc20:0x54330d28ca3357F294334BDC454a032e7f353416', 'A', 8453, '0x54330d28ca3357F294334BDC454a032e7f353416', 18, NULL); INSERT INTO common_asset_details(identifier, symbol, coingecko, cryptocompare, forked, started, swapped_for) VALUES('eip155:8453/erc20:0x54330d28ca3357F294334BDC454a032e7f353416', 'OLAS', 'autonolas', 'OLAS', NULL, 1708034189, NULL);
*
INSERT INTO assets(identifier, name, type) VALUES('ODUNG', 'odung', 'P'); INSERT INTO common_asset_details(identifier, symbol, coingecko, cryptocompare, forked, started, swapped_for) VALUES('ODUNG', 'ODUNG', '', '', NULL, 1723987692, NULL);
*
INSERT INTO assets(identifier, name, type) VALUES('OCTO', 'OctonetAI', 'Y'); INSERT INTO common_asset_details(identifier, symbol, coingecko, cryptocompare, forked, started, swapped_for) VALUES('OCTO', 'OCTO', 'octonetai', '', NULL, 1731940436, NULL);
*
INSERT INTO assets(identifier, name, type) VALUES('eip155:1/erc20:0x356e17967206eFb413b60AB0Ba44E269063A26c9', 'Of Course I Still Love You', 'C'); INSERT INTO evm_tokens(identifier, token_kind, chain, address, decimals, protocol) VALUES('eip155:1/erc20:0x356e17967206eFb413b60AB0Ba44E269063A26c9', 'A', 1, '0x356e17967206eFb413b60AB0Ba44E269063A26c9', 9, NULL); INSERT INTO common_asset_details(identifier, symbol, coingecko, cryptocompare, forked, started, swapped_for) VALUES('eip155:1/erc20:0x356e17967206eFb413b60AB0Ba44E269063A26c9', 'OCISLY', 'ofcourse-i-still-love-you', '', NULL, 1695632867, NULL);
*
INSERT INTO assets(identifier, name, type) VALUES('OBOT', 'OBOT', 'Y'); INSERT INTO common_asset_details(identifier, symbol, coingecko, cryptocompare, forked, started, swapped_for) VALUES('OBOT', 'OBOT', '', '', NULL, 1731524164, NULL);
*
INSERT INTO assets(identifier, name, type) VALUES('eip155:43114/erc20:0xD5D053D5B769383e860d1520Da7a908E00919F36', 'JUICE', 'C'); INSERT INTO evm_tokens(identifier, token_kind, chain, address, decimals, protocol) VALUES('eip155:43114/erc20:0xD5D053D5B769383e860d1520Da7a908E00919F36', 'A', 43114, '0xD5D053D5B769383e860d1520Da7a908E00919F36', 18, NULL); INSERT INTO common_asset_details(identifier, symbol, coingecko, cryptocompare, forked, started, swapped_for) VALUES('eip155:43114/erc20:0xD5D053D5B769383e860d1520Da7a908E00919F36', 'JUICE', 'juice-2', '', NULL, 1709026581, NULL);
*
INSERT INTO assets(identifier, name, type) VALUES('eip155:137/erc20:0x235737dBb56e8517391473f7c964DB31fA6ef280', 'KastaToken', 'C'); INSERT INTO evm_tokens(identifier, token_kind, chain, address, decimals, protocol) VALUES('eip155:137/erc20:0x235737dBb56e8517391473f7c964DB31fA6ef280', 'A', 137, '0x235737dBb56e8517391473f7c964DB31fA6ef280', 18, NULL); INSERT INTO common_asset_details(identifier, symbol, coingecko, cryptocompare, forked, started, swapped_for) VALUES('eip155:137/erc20:0x235737dBb56e8517391473f7c964DB31fA6ef280', 'KASTA', 'kasta', 'KASTA', NULL, 1639574595, NULL);
*
INSERT INTO assets(identifier, name, type) VALUES('eip155:42161/erc20:0x94fCD9c18f99538C0f7C61c5500cA79F0D5C4dab', 'KIMA', 'C'); INSERT INTO evm_tokens(identifier, token_kind, chain, address, decimals, protocol) VALUES('eip155:42161/erc20:0x94fCD9c18f99538C0f7C61c5500cA79F0D5C4dab', 'A', 42161, '0x94fCD9c18f99538C0f7C61c5500cA79F0D5C4dab', 18, NULL); INSERT INTO common_asset_details(identifier, symbol, coingecko, cryptocompare, forked, started, swapped_for) VALUES('eip155:42161/erc20:0x94fCD9c18f99538C0f7C61c5500cA79F0D5C4dab', 'KIMA', 'kima', '', NULL, 1727889773, NULL);
*
INSERT INTO assets(identifier, name, type) VALUES('eip155:1/erc20:0x946fb08103b400d1c79e07acCCDEf5cfd26cd374', 'KIP Protocol', 'C'); INSERT INTO evm_tokens(identifier, token_kind, chain, address, decimals, protocol) VALUES('eip155:1/erc20:0x946fb08103b400d1c79e07acCCDEf5cfd26cd374', 'A', 1, '0x946fb08103b400d1c79e07acCCDEf5cfd26cd374', 18, NULL); INSERT INTO common_asset_details(identifier, symbol, coingecko, cryptocompare, forked, started, swapped_for) VALUES('eip155:1/erc20:0x946fb08103b400d1c79e07acCCDEf5cfd26cd374', 'KIP', 'kip', '', NULL, 1733191523, NULL);
*
INSERT INTO assets(identifier, name, type) VALUES('eip155:56/erc20:0xc732B6586A93b6B7CF5FeD3470808Bc74998224D', 'KmonCoin', 'C'); INSERT INTO evm_tokens(identifier, token_kind, chain, address, decimals, protocol) VALUES('eip155:56/erc20:0xc732B6586A93b6B7CF5FeD3470808Bc74998224D', 'A', 56, '0xc732B6586A93b6B7CF5FeD3470808Bc74998224D', 18, NULL); INSERT INTO common_asset_details(identifier, symbol, coingecko, cryptocompare, forked, started, swapped_for) VALUES('eip155:56/erc20:0xc732B6586A93b6B7CF5FeD3470808Bc74998224D', 'KMON', 'kryptomon', '', NULL, 1622474447, NULL);
*
INSERT INTO assets(identifier, name, type) VALUES('eip155:1/erc20:0xc4170fd71ECed3C80baDca77f4e12E8AaC1e3436', 'KmonCoin', 'C'); INSERT INTO evm_tokens(identifier, token_kind, chain, address, decimals, protocol) VALUES('eip155:1/erc20:0xc4170fd71ECed3C80baDca77f4e12E8AaC1e3436', 'A', 1, '0xc4170fd71ECed3C80baDca77f4e12E8AaC1e3436', 18, NULL); INSERT INTO common_asset_details(identifier, symbol, coingecko, cryptocompare, forked, started, swapped_for) VALUES('eip155:1/erc20:0xc4170fd71ECed3C80baDca77f4e12E8AaC1e3436', 'KMON', 'kryptomon', '', NULL, 1707146003, NULL);
*
INSERT INTO assets(identifier, name, type) VALUES('eip155:56/erc20:0xd5eaAaC47bD1993d661bc087E15dfb079a7f3C19', 'Koma Inu', 'C'); INSERT INTO evm_tokens(identifier, token_kind, chain, address, decimals, protocol) VALUES('eip155:56/erc20:0xd5eaAaC47bD1993d661bc087E15dfb079a7f3C19', 'A', 56, '0xd5eaAaC47bD1993d661bc087E15dfb079a7f3C19', 18, NULL); INSERT INTO common_asset_details(identifier, symbol, coingecko, cryptocompare, forked, started, swapped_for) VALUES('eip155:56/erc20:0xd5eaAaC47bD1993d661bc087E15dfb079a7f3C19', 'KOMA', 'koma-inu', 'KOMA', NULL, 1728223865, NULL);
*
UPDATE common_asset_details SET coingecko = 'compound-governance-token', cryptocompare = 'COMP' WHERE identifier = 'eip155:10/erc20:0x7e7d4467112689329f7E06571eD0E8CbAd4910eE';
INSERT INTO assets(identifier, name, type) VALUES('eip155:10/erc20:0x7e7d4467112689329f7E06571eD0E8CbAd4910eE', 'Compound', 'C'); INSERT INTO evm_tokens(identifier, token_kind, chain, address, decimals, protocol) VALUES('eip155:10/erc20:0x7e7d4467112689329f7E06571eD0E8CbAd4910eE', 'A', 10, '0x7e7d4467112689329f7E06571eD0E8CbAd4910eE', 18, NULL); INSERT INTO common_asset_details(identifier, symbol, coingecko, cryptocompare, forked, started, swapped_for) VALUES('eip155:10/erc20:0x7e7d4467112689329f7E06571eD0E8CbAd4910eE', 'COMP', 'compound-governance-token', 'COMP', NULL, 1709297561, NULL);
UPDATE common_asset_details SET coingecko = 'compound-governance-token', cryptocompare = 'COMP' WHERE identifier = 'eip155:43114/erc20:0xc3048E19E76CB9a3Aa9d77D8C03c29Fc906e2437';
INSERT INTO assets(identifier, name, type) VALUES('eip155:43114/erc20:0xc3048E19E76CB9a3Aa9d77D8C03c29Fc906e2437', 'Compound', 'C'); INSERT INTO evm_tokens(identifier, token_kind, chain, address, decimals, protocol) VALUES('eip155:43114/erc20:0xc3048E19E76CB9a3Aa9d77D8C03c29Fc906e2437', 'A', 43114, '0xc3048E19E76CB9a3Aa9d77D8C03c29Fc906e2437', 18, NULL); INSERT INTO common_asset_details(identifier, symbol, coingecko, cryptocompare, forked, started, swapped_for) VALUES('eip155:43114/erc20:0xc3048E19E76CB9a3Aa9d77D8C03c29Fc906e2437', 'COMP.e', 'compound-governance-token', 'COMP', NULL, 1627052358, NULL);
UPDATE common_asset_details SET coingecko = 'compound-governance-token', cryptocompare = 'COMP' WHERE identifier = 'eip155:42161/erc20:0x354A6dA3fcde098F8389cad84b0182725c6C91dE';
INSERT INTO assets(identifier, name, type) VALUES('eip155:42161/erc20:0x354A6dA3fcde098F8389cad84b0182725c6C91dE', 'Compound', 'C'); INSERT INTO evm_tokens(identifier, token_kind, chain, address, decimals, protocol) VALUES('eip155:42161/erc20:0x354A6dA3fcde098F8389cad84b0182725c6C91dE', 'A', 42161, '0x354A6dA3fcde098F8389cad84b0182725c6C91dE', 18, NULL); INSERT INTO common_asset_details(identifier, symbol, coingecko, cryptocompare, forked, started, swapped_for) VALUES('eip155:42161/erc20:0x354A6dA3fcde098F8389cad84b0182725c6C91dE', 'COMP', 'compound-governance-token', 'COMP', NULL, 1627937552, NULL);
UPDATE common_asset_details SET coingecko = 'compound-governance-token', cryptocompare = 'COMP' WHERE identifier = 'eip155:137/erc20:0x8505b9d2254A7Ae468c0E9dd10Ccea3A837aef5c';
INSERT INTO assets(identifier, name, type) VALUES('eip155:137/erc20:0x8505b9d2254A7Ae468c0E9dd10Ccea3A837aef5c', '(PoS) Compound', 'C'); INSERT INTO evm_tokens(identifier, token_kind, chain, address, decimals, protocol) VALUES('eip155:137/erc20:0x8505b9d2254A7Ae468c0E9dd10Ccea3A837aef5c', 'A', 137, '0x8505b9d2254A7Ae468c0E9dd10Ccea3A837aef5c', 18, NULL); INSERT INTO common_asset_details(identifier, symbol, coingecko, cryptocompare, forked, started, swapped_for) VALUES('eip155:137/erc20:0x8505b9d2254A7Ae468c0E9dd10Ccea3A837aef5c', 'COMP', 'compound-governance-token', 'COMP', NULL, 1599512775, NULL);
UPDATE common_asset_details SET coingecko = 'compound-governance-token', cryptocompare = 'COMP' WHERE identifier = 'eip155:56/erc20:0x52CE071Bd9b1C4B00A0b92D298c512478CaD67e8';
INSERT INTO assets(identifier, name, type) VALUES('eip155:56/erc20:0x52CE071Bd9b1C4B00A0b92D298c512478CaD67e8', 'Compound Coin', 'C'); INSERT INTO evm_tokens(identifier, token_kind, chain, address, decimals, protocol) VALUES('eip155:56/erc20:0x52CE071Bd9b1C4B00A0b92D298c512478CaD67e8', 'A', 56, '0x52CE071Bd9b1C4B00A0b92D298c512478CaD67e8', 18, NULL); INSERT INTO common_asset_details(identifier, symbol, coingecko, cryptocompare, forked, started, swapped_for) VALUES('eip155:56/erc20:0x52CE071Bd9b1C4B00A0b92D298c512478CaD67e8', 'COMP', 'compound-governance-token', 'COMP', NULL, 1601441788, NULL);
UPDATE common_asset_details SET coingecko = 'compound-governance-token', cryptocompare = 'COMP' WHERE identifier = 'eip155:8453/erc20:0x9e1028F5F1D5eDE59748FFceE5532509976840E0';
INSERT INTO assets(identifier, name, type) VALUES('eip155:8453/erc20:0x9e1028F5F1D5eDE59748FFceE5532509976840E0', 'Compound', 'C'); INSERT INTO evm_tokens(identifier, token_kind, chain, address, decimals, protocol) VALUES('eip155:8453/erc20:0x9e1028F5F1D5eDE59748FFceE5532509976840E0', 'A', 8453, '0x9e1028F5F1D5eDE59748FFceE5532509976840E0', 18, NULL); INSERT INTO common_asset_details(identifier, symbol, coingecko, cryptocompare, forked, started, swapped_for) VALUES('eip155:8453/erc20:0x9e1028F5F1D5eDE59748FFceE5532509976840E0', 'COMP', 'compound-governance-token', 'COMP', NULL, 1690222051, NULL);
INSERT INTO assets(identifier, name, type) VALUES('KRO', 'Kroma', 'B'); INSERT INTO common_asset_details(identifier, symbol, coingecko, cryptocompare, forked, started, swapped_for) VALUES('KRO', 'KRO', 'kroma', '', NULL, 1735645200, NULL);
*
INSERT INTO assets(identifier, name, type) VALUES('eip155:1/erc20:0x168e209D7b2F58f1f24b8Ae7B7d35E662bBF11Cc', 'LayerAI Token', 'C'); INSERT INTO evm_tokens(identifier, token_kind, chain, address, decimals, protocol) VALUES('eip155:1/erc20:0x168e209D7b2F58f1f24b8Ae7B7d35E662bBF11Cc', 'A', 1, '0x168e209D7b2F58f1f24b8Ae7B7d35E662bBF11Cc', 18, NULL); INSERT INTO common_asset_details(identifier, symbol, coingecko, cryptocompare, forked, started, swapped_for) VALUES('eip155:1/erc20:0x168e209D7b2F58f1f24b8Ae7B7d35E662bBF11Cc', 'LAI', 'cryptogpt-token', 'LAI', NULL, 1693289999, NULL);
*
INSERT INTO assets(identifier, name, type) VALUES('eip155:56/erc20:0x776F9987D9DEED90eeD791cbD824D971FD5CCF09', 'LayerAI Token', 'C'); INSERT INTO evm_tokens(identifier, token_kind, chain, address, decimals, protocol) VALUES('eip155:56/erc20:0x776F9987D9DEED90eeD791cbD824D971FD5CCF09', 'A', 56, '0x776F9987D9DEED90eeD791cbD824D971FD5CCF09', 18, NULL); INSERT INTO common_asset_details(identifier, symbol, coingecko, cryptocompare, forked, started, swapped_for) VALUES('eip155:56/erc20:0x776F9987D9DEED90eeD791cbD824D971FD5CCF09', 'LAI', 'cryptogpt-token', 'LAI', NULL, 1693306789, NULL);
*
INSERT INTO assets(identifier, name, type) VALUES('eip155:42161/erc20:0x11e969e9B3f89cB16D686a03Cd8508C9fC0361AF', 'Axelar Wrapped LAVA', 'C'); INSERT INTO evm_tokens(identifier, token_kind, chain, address, decimals, protocol) VALUES('eip155:42161/erc20:0x11e969e9B3f89cB16D686a03Cd8508C9fC0361AF', 'A', 42161, '0x11e969e9B3f89cB16D686a03Cd8508C9fC0361AF', 6, NULL); INSERT INTO common_asset_details(identifier, symbol, coingecko, cryptocompare, forked, started, swapped_for) VALUES('eip155:42161/erc20:0x11e969e9B3f89cB16D686a03Cd8508C9fC0361AF', 'LAVA', 'lava-network', 'LAVA', NULL, 1720611951, NULL);
*
INSERT INTO assets(identifier, name, type) VALUES('eip155:8453/erc20:0x11e969e9B3f89cB16D686a03Cd8508C9fC0361AF', 'Axelar Wrapped LAVA', 'C'); INSERT INTO evm_tokens(identifier, token_kind, chain, address, decimals, protocol) VALUES('eip155:8453/erc20:0x11e969e9B3f89cB16D686a03Cd8508C9fC0361AF', 'A', 8453, '0x11e969e9B3f89cB16D686a03Cd8508C9fC0361AF', 6, NULL); INSERT INTO common_asset_details(identifier, symbol, coingecko, cryptocompare, forked, started, swapped_for) VALUES('eip155:8453/erc20:0x11e969e9B3f89cB16D686a03Cd8508C9fC0361AF', 'LAVA', 'lava-network', 'LAVA', NULL, 1720611989, NULL);
*
INSERT INTO assets(identifier, name, type) VALUES('eip155:56/erc20:0xF06ce11836851d71E74e4ffeFa7b73FCc8A27786', 'AutoLayer', 'C'); INSERT INTO evm_tokens(identifier, token_kind, chain, address, decimals, protocol) VALUES('eip155:56/erc20:0xF06ce11836851d71E74e4ffeFa7b73FCc8A27786', 'A', 56, '0xF06ce11836851d71E74e4ffeFa7b73FCc8A27786', 18, NULL); INSERT INTO common_asset_details(identifier, symbol, coingecko, cryptocompare, forked, started, swapped_for) VALUES('eip155:56/erc20:0xF06ce11836851d71E74e4ffeFa7b73FCc8A27786', 'LAY3R', 'autolayer', 'LAY3R', NULL, 1727072844, NULL);
*
INSERT INTO assets(identifier, name, type) VALUES('eip155:56/erc20:0x9096B4309224d751FCB43d7eB178dcFFc122aD15', 'Legion Token', 'C'); INSERT INTO evm_tokens(identifier, token_kind, chain, address, decimals, protocol) VALUES('eip155:56/erc20:0x9096B4309224d751FCB43d7eB178dcFFc122aD15', 'A', 56, '0x9096B4309224d751FCB43d7eB178dcFFc122aD15', 18, NULL); INSERT INTO common_asset_details(identifier, symbol, coingecko, cryptocompare, forked, started, swapped_for) VALUES('eip155:56/erc20:0x9096B4309224d751FCB43d7eB178dcFFc122aD15', 'LGX', 'legion-network', 'LGX', NULL, 1630946706, NULL);
*
INSERT INTO assets(identifier, name, type) VALUES('eip155:8453/erc20:0xfb42Da273158B0F642F59F2Ba7cc1d5457481677', 'Lingo', 'C'); INSERT INTO evm_tokens(identifier, token_kind, chain, address, decimals, protocol) VALUES('eip155:8453/erc20:0xfb42Da273158B0F642F59F2Ba7cc1d5457481677', 'A', 8453, '0xfb42Da273158B0F642F59F2Ba7cc1d5457481677', 18, NULL); INSERT INTO common_asset_details(identifier, symbol, coingecko, cryptocompare, forked, started, swapped_for) VALUES('eip155:8453/erc20:0xfb42Da273158B0F642F59F2Ba7cc1d5457481677', 'LINGO', 'lingo', 'LINGO', NULL, 1733845795, NULL);
*
UPDATE common_asset_details SET cryptocompare='AUDT' WHERE identifier='eip155:137/erc20:0x91c5A5488c0dEcde1Eacd8a4F10e0942fb925067';
INSERT INTO assets(identifier, name, type) VALUES('eip155:137/erc20:0x91c5A5488c0dEcde1Eacd8a4F10e0942fb925067', 'Auditchain', 'C'); INSERT INTO evm_tokens(identifier, token_kind, chain, address, decimals, protocol) VALUES('eip155:137/erc20:0x91c5A5488c0dEcde1Eacd8a4F10e0942fb925067', 'A', 137, '0x91c5A5488c0dEcde1Eacd8a4F10e0942fb925067', 18, NULL); INSERT INTO common_asset_details(identifier, symbol, coingecko, cryptocompare, forked, started, swapped_for) VALUES('eip155:137/erc20:0x91c5A5488c0dEcde1Eacd8a4F10e0942fb925067', 'AUDT', 'auditchain', 'AUDT', NULL, NULL, NULL);
UPDATE common_asset_details SET cryptocompare='DIMO' WHERE identifier='eip155:1/erc20:0x5fab9761d60419C9eeEbe3915A8FA1ed7e8d2E1B';
INSERT INTO assets(identifier, name, type) VALUES('eip155:1/erc20:0x5fab9761d60419C9eeEbe3915A8FA1ed7e8d2E1B', 'Dimo', 'C'); INSERT INTO evm_tokens(identifier, token_kind, chain, address, decimals, protocol) VALUES('eip155:1/erc20:0x5fab9761d60419C9eeEbe3915A8FA1ed7e8d2E1B', 'A', 1, '0x5fab9761d60419C9eeEbe3915A8FA1ed7e8d2E1B', 18, NULL); INSERT INTO common_asset_details(identifier, symbol, coingecko, cryptocompare, forked, started, swapped_for) VALUES('eip155:1/erc20:0x5fab9761d60419C9eeEbe3915A8FA1ed7e8d2E1B', 'DIMO', 'dimo', 'DIMO', NULL, 1640888377, NULL);
UPDATE common_asset_details SET cryptocompare='TENET' WHERE identifier='eip155:1/erc20:0x9663677B81c2D427E81C01ef7315eA96546F5Bb1';
INSERT INTO assets(identifier, name, type) VALUES('eip155:1/erc20:0x9663677B81c2D427E81C01ef7315eA96546F5Bb1', 'TENET', 'C'); INSERT INTO evm_tokens(identifier, token_kind, chain, address, decimals, protocol) VALUES('eip155:1/erc20:0x9663677B81c2D427E81C01ef7315eA96546F5Bb1', 'A', 1, '0x9663677B81c2D427E81C01ef7315eA96546F5Bb1', 18, NULL); INSERT INTO common_asset_details(identifier, symbol, coingecko, cryptocompare, forked, started, swapped_for) VALUES('eip155:1/erc20:0x9663677B81c2D427E81C01ef7315eA96546F5Bb1', 'TENET', 'tenet-1b000f7b-59cb-4e06-89ce-d62b32d362b9', 'TENET', NULL, 1683190031, NULL);
UPDATE common_asset_details SET cryptocompare='STSW' WHERE identifier='eip155:1/erc20:0x1C98B54d673C026C8286bADCa3E840aaf72931a3';
INSERT INTO assets(identifier, name, type) VALUES('eip155:1/erc20:0x1C98B54d673C026C8286bADCa3E840aaf72931a3', 'Stackswap', 'C'); INSERT INTO evm_tokens(identifier, token_kind, chain, address, decimals, protocol) VALUES('eip155:1/erc20:0x1C98B54d673C026C8286bADCa3E840aaf72931a3', 'A', 1, '0x1C98B54d673C026C8286bADCa3E840aaf72931a3', 6, NULL); INSERT INTO common_asset_details(identifier, symbol, coingecko, cryptocompare, forked, started, swapped_for) VALUES('eip155:1/erc20:0x1C98B54d673C026C8286bADCa3E840aaf72931a3', 'STSW', 'stackswap', 'STSW', NULL, 1674620723, NULL);
UPDATE common_asset_details SET cryptocompare='STSW' WHERE identifier='eip155:137/erc20:0xFC77cC32e570bAeC16f69DDed556a35811b5A6ce';
INSERT INTO assets(identifier, name, type) VALUES('eip155:137/erc20:0xFC77cC32e570bAeC16f69DDed556a35811b5A6ce', 'Stackswap', 'C'); INSERT INTO evm_tokens(identifier, token_kind, chain, address, decimals, protocol) VALUES('eip155:137/erc20:0xFC77cC32e570bAeC16f69DDed556a35811b5A6ce', 'A', 137, '0xFC77cC32e570bAeC16f69DDed556a35811b5A6ce', 6, NULL); INSERT INTO common_asset_details(identifier, symbol, coingecko, cryptocompare, forked, started, swapped_for) VALUES('eip155:137/erc20:0xFC77cC32e570bAeC16f69DDed556a35811b5A6ce', 'STSW', 'stackswap', 'STSW', NULL, 1678591466, NULL);
UPDATE common_asset_details SET cryptocompare='ROCK' WHERE identifier='eip155:56/erc20:0xC3387E4285e9F80A7cFDf02B4ac6cdF2476A528A';
INSERT INTO assets(identifier, name, type) VALUES('eip155:56/erc20:0xC3387E4285e9F80A7cFDf02B4ac6cdF2476A528A', 'Bedrock', 'C'); INSERT INTO evm_tokens(identifier, token_kind, chain, address, decimals, protocol) VALUES('eip155:56/erc20:0xC3387E4285e9F80A7cFDf02B4ac6cdF2476A528A', 'A', 56, '0xC3387E4285e9F80A7cFDf02B4ac6cdF2476A528A', 18, NULL); INSERT INTO common_asset_details(identifier, symbol, coingecko, cryptocompare, forked, started, swapped_for) VALUES('eip155:56/erc20:0xC3387E4285e9F80A7cFDf02B4ac6cdF2476A528A', 'ROCK', 'bedrock', 'ROCK', NULL, 1628534967, NULL);
UPDATE common_asset_details SET cryptocompare='OGGY' WHERE identifier='eip155:56/erc20:0x92eD61FB8955Cc4e392781cB8b7cD04AADc43D0c';
INSERT INTO assets(identifier, name, type) VALUES('eip155:56/erc20:0x92eD61FB8955Cc4e392781cB8b7cD04AADc43D0c', 'Oggy Inu', 'C'); INSERT INTO evm_tokens(identifier, token_kind, chain, address, decimals, protocol) VALUES('eip155:56/erc20:0x92eD61FB8955Cc4e392781cB8b7cD04AADc43D0c', 'A', 56, '0x92eD61FB8955Cc4e392781cB8b7cD04AADc43D0c', 9, NULL); INSERT INTO common_asset_details(identifier, symbol, coingecko, cryptocompare, forked, started, swapped_for) VALUES('eip155:56/erc20:0x92eD61FB8955Cc4e392781cB8b7cD04AADc43D0c', 'OGGY', 'oggy-inu', 'OGGY', NULL, 1680462665, NULL);
UPDATE common_asset_details SET cryptocompare='EURCV' WHERE identifier='eip155:1/erc20:0x5F7827FDeb7c20b443265Fc2F40845B715385Ff2';
INSERT INTO assets(identifier, name, type) VALUES('eip155:1/erc20:0x5F7827FDeb7c20b443265Fc2F40845B715385Ff2', 'EUR CoinVertible', 'C'); INSERT INTO evm_tokens(identifier, token_kind, chain, address, decimals, protocol) VALUES('eip155:1/erc20:0x5F7827FDeb7c20b443265Fc2F40845B715385Ff2', 'A', 1, '0x5F7827FDeb7c20b443265Fc2F40845B715385Ff2', 18, NULL); INSERT INTO common_asset_details(identifier, symbol, coingecko, cryptocompare, forked, started, swapped_for) VALUES('eip155:1/erc20:0x5F7827FDeb7c20b443265Fc2F40845B715385Ff2', 'EURCV', 'societe-generale-forge-eurcv', 'EURCV', NULL, 1698243491, NULL);
UPDATE common_asset_details SET cryptocompare='SHU' WHERE identifier='eip155:1/erc20:0xe485E2f1bab389C08721B291f6b59780feC83Fd7';
INSERT INTO assets(identifier, name, type) VALUES('eip155:1/erc20:0xe485E2f1bab389C08721B291f6b59780feC83Fd7', 'Shutter', 'C'); INSERT INTO evm_tokens(identifier, token_kind, chain, address, decimals, protocol) VALUES('eip155:1/erc20:0xe485E2f1bab389C08721B291f6b59780feC83Fd7', 'A', 1, '0xe485E2f1bab389C08721B291f6b59780feC83Fd7', 18, NULL); INSERT INTO common_asset_details(identifier, symbol, coingecko, cryptocompare, forked, started, swapped_for) VALUES('eip155:1/erc20:0xe485E2f1bab389C08721B291f6b59780feC83Fd7', 'SHU', 'shutter', 'SHU', NULL, 1705431563, NULL);
UPDATE common_asset_details SET cryptocompare='APP' WHERE identifier='eip155:56/erc20:0xC5d27F27F08D1FD1E3EbBAa50b3442e6c0D50439';
INSERT INTO assets(identifier, name, type) VALUES('eip155:56/erc20:0xC5d27F27F08D1FD1E3EbBAa50b3442e6c0D50439', 'Moon App', 'C'); INSERT INTO evm_tokens(identifier, token_kind, chain, address, decimals, protocol) VALUES('eip155:56/erc20:0xC5d27F27F08D1FD1E3EbBAa50b3442e6c0D50439', 'A', 56, '0xC5d27F27F08D1FD1E3EbBAa50b3442e6c0D50439', 18, NULL); INSERT INTO common_asset_details(identifier, symbol, coingecko, cryptocompare, forked, started, swapped_for) VALUES('eip155:56/erc20:0xC5d27F27F08D1FD1E3EbBAa50b3442e6c0D50439', 'APP', 'moon-app', 'APP', NULL, NULL, NULL);
UPDATE common_asset_details SET cryptocompare='ALN' WHERE identifier='eip155:1/erc20:0x8185Bc4757572Da2a610f887561c32298f1A5748';
INSERT INTO assets(identifier, name, type) VALUES('eip155:1/erc20:0x8185Bc4757572Da2a610f887561c32298f1A5748', 'Aluna', 'C'); INSERT INTO evm_tokens(identifier, token_kind, chain, address, decimals, protocol) VALUES('eip155:1/erc20:0x8185Bc4757572Da2a610f887561c32298f1A5748', 'A', 1, '0x8185Bc4757572Da2a610f887561c32298f1A5748', 18, NULL); INSERT INTO common_asset_details(identifier, symbol, coingecko, cryptocompare, forked, started, swapped_for) VALUES('eip155:1/erc20:0x8185Bc4757572Da2a610f887561c32298f1A5748', 'ALN', 'aluna', 'ALN', NULL, 1614789928, NULL);
UPDATE common_asset_details SET cryptocompare='DEFI' WHERE identifier='eip155:56/erc20:0x6d106C0B8d2f47c5465bdBD58D1Be253762cBBC1';
INSERT INTO assets(identifier, name, type) VALUES('eip155:56/erc20:0x6d106C0B8d2f47c5465bdBD58D1Be253762cBBC1', 'DeFi', 'C'); INSERT INTO evm_tokens(identifier, token_kind, chain, address, decimals, protocol) VALUES('eip155:56/erc20:0x6d106C0B8d2f47c5465bdBD58D1Be253762cBBC1', 'A', 56, '0x6d106C0B8d2f47c5465bdBD58D1Be253762cBBC1', 18, NULL); INSERT INTO common_asset_details(identifier, symbol, coingecko, cryptocompare, forked, started, swapped_for) VALUES('eip155:56/erc20:0x6d106C0B8d2f47c5465bdBD58D1Be253762cBBC1', 'DEFI', 'de-fi', 'DEFI', NULL, 1714040591, NULL);
UPDATE common_asset_details SET cryptocompare='OOFP' WHERE identifier='eip155:1/erc20:0xD2960D83C53085b5631F4D0be4916806e40Ef1f3';
INSERT INTO assets(identifier, name, type) VALUES('eip155:1/erc20:0xD2960D83C53085b5631F4D0be4916806e40Ef1f3', 'OOFP', 'C'); INSERT INTO evm_tokens(identifier, token_kind, chain, address, decimals, protocol) VALUES('eip155:1/erc20:0xD2960D83C53085b5631F4D0be4916806e40Ef1f3', 'A', 1, '0xD2960D83C53085b5631F4D0be4916806e40Ef1f3', 18, NULL); INSERT INTO common_asset_details(identifier, symbol, coingecko, cryptocompare, forked, started, swapped_for) VALUES('eip155:1/erc20:0xD2960D83C53085b5631F4D0be4916806e40Ef1f3', 'OOFP', 'oofp', 'OOFP', NULL, 1704186347, NULL);
UPDATE common_asset_details SET cryptocompare='BENJI' WHERE identifier='eip155:8453/erc20:0xBC45647eA894030a4E9801Ec03479739FA2485F0';
INSERT INTO assets(identifier, name, type) VALUES('eip155:8453/erc20:0xBC45647eA894030a4E9801Ec03479739FA2485F0', 'Basenji', 'C'); INSERT INTO evm_tokens(identifier, token_kind, chain, address, decimals, protocol) VALUES('eip155:8453/erc20:0xBC45647eA894030a4E9801Ec03479739FA2485F0', 'A', 8453, '0xBC45647eA894030a4E9801Ec03479739FA2485F0', 18, NULL); INSERT INTO common_asset_details(identifier, symbol, coingecko, cryptocompare, forked, started, swapped_for) VALUES('eip155:8453/erc20:0xBC45647eA894030a4E9801Ec03479739FA2485F0', 'BENJI', 'basenji', 'BENJI', NULL, NULL, NULL);
UPDATE common_asset_details SET cryptocompare='SKI' WHERE identifier='eip155:8453/erc20:0x768BE13e1680b5ebE0024C42c896E3dB59ec0149';
INSERT INTO assets(identifier, name, type) VALUES('eip155:8453/erc20:0x768BE13e1680b5ebE0024C42c896E3dB59ec0149', 'SKI MASK DOG', 'C'); INSERT INTO evm_tokens(identifier, token_kind, chain, address, decimals, protocol) VALUES('eip155:8453/erc20:0x768BE13e1680b5ebE0024C42c896E3dB59ec0149', 'A', 8453, '0x768BE13e1680b5ebE0024C42c896E3dB59ec0149', 9, NULL); INSERT INTO common_asset_details(identifier, symbol, coingecko, cryptocompare, forked, started, swapped_for) VALUES('eip155:8453/erc20:0x768BE13e1680b5ebE0024C42c896E3dB59ec0149', 'SKI', 'ski-mask-dog', 'SKI', NULL, 1712666837, NULL);
UPDATE common_asset_details SET cryptocompare='MIM' WHERE identifier='eip155:10/erc20:0xB153FB3d196A8eB25522705560ac152eeEc57901';
INSERT INTO assets(identifier, name, type) VALUES('eip155:10/erc20:0xB153FB3d196A8eB25522705560ac152eeEc57901', 'Magic Internet Money', 'C'); INSERT INTO evm_tokens(identifier, token_kind, chain, address, decimals, protocol) VALUES('eip155:10/erc20:0xB153FB3d196A8eB25522705560ac152eeEc57901', 'A', 10, '0xB153FB3d196A8eB25522705560ac152eeEc57901', 18, ''); INSERT INTO common_asset_details(identifier, symbol, coingecko, cryptocompare, forked, started, swapped_for) VALUES('eip155:10/erc20:0xB153FB3d196A8eB25522705560ac152eeEc57901', 'MIM', '', 'MIM', NULL, 1657013324, NULL);
UPDATE common_asset_details SET cryptocompare='UNIDX' WHERE identifier='eip155:10/erc20:0x5d47bAbA0d66083C52009271faF3F50DCc01023C';
INSERT INTO assets(identifier, name, type) VALUES('eip155:10/erc20:0x5d47bAbA0d66083C52009271faF3F50DCc01023C', 'UniDex', 'C'); INSERT INTO evm_tokens(identifier, token_kind, chain, address, decimals, protocol) VALUES('eip155:10/erc20:0x5d47bAbA0d66083C52009271faF3F50DCc01023C', 'A', 10, '0x5d47bAbA0d66083C52009271faF3F50DCc01023C', 18, ''); INSERT INTO common_asset_details(identifier, symbol, coingecko, cryptocompare, forked, started, swapped_for) VALUES('eip155:10/erc20:0x5d47bAbA0d66083C52009271faF3F50DCc01023C', 'UNIDX', '', 'UNIDX', NULL, 1666252537, NULL);
UPDATE common_asset_details SET cryptocompare='DF' WHERE identifier='eip155:10/erc20:0x9e5AAC1Ba1a2e6aEd6b32689DFcF62A509Ca96f3';
INSERT INTO assets(identifier, name, type) VALUES('eip155:10/erc20:0x9e5AAC1Ba1a2e6aEd6b32689DFcF62A509Ca96f3', 'dForce', 'C'); INSERT INTO evm_tokens(identifier, token_kind, chain, address, decimals, protocol) VALUES('eip155:10/erc20:0x9e5AAC1Ba1a2e6aEd6b32689DFcF62A509Ca96f3', 'A', 10, '0x9e5AAC1Ba1a2e6aEd6b32689DFcF62A509Ca96f3', 18, ''); INSERT INTO common_asset_details(identifier, symbol, coingecko, cryptocompare, forked, started, swapped_for) VALUES('eip155:10/erc20:0x9e5AAC1Ba1a2e6aEd6b32689DFcF62A509Ca96f3', 'DF', '', 'DF', NULL, 1716026293, NULL);
UPDATE common_asset_details SET cryptocompare='TAROT' WHERE identifier='eip155:10/erc20:0x375488F097176507e39B9653b88FDc52cDE736Bf';
INSERT INTO assets(identifier, name, type) VALUES('eip155:10/erc20:0x375488F097176507e39B9653b88FDc52cDE736Bf', 'Tarot', 'C'); INSERT INTO evm_tokens(identifier, token_kind, chain, address, decimals, protocol) VALUES('eip155:10/erc20:0x375488F097176507e39B9653b88FDc52cDE736Bf', 'A', 10, '0x375488F097176507e39B9653b88FDc52cDE736Bf', 18, ''); INSERT INTO common_asset_details(identifier, symbol, coingecko, cryptocompare, forked, started, swapped_for) VALUES('eip155:10/erc20:0x375488F097176507e39B9653b88FDc52cDE736Bf', 'TAROT', '', 'TAROT', NULL, 1652423597, NULL);
UPDATE common_asset_details SET cryptocompare='MTA' WHERE identifier='eip155:10/erc20:0x929B939f8524c3Be977af57A4A0aD3fb1E374b50';
INSERT INTO assets(identifier, name, type) VALUES('eip155:10/erc20:0x929B939f8524c3Be977af57A4A0aD3fb1E374b50', 'Meta', 'C'); INSERT INTO evm_tokens(identifier, token_kind, chain, address, decimals, protocol) VALUES('eip155:10/erc20:0x929B939f8524c3Be977af57A4A0aD3fb1E374b50', 'A', 10, '0x929B939f8524c3Be977af57A4A0aD3fb1E374b50', 18, ''); INSERT INTO common_asset_details(identifier, symbol, coingecko, cryptocompare, forked, started, swapped_for) VALUES('eip155:10/erc20:0x929B939f8524c3Be977af57A4A0aD3fb1E374b50', 'MTA', '', 'MTA', NULL, 1715947559, NULL);
UPDATE common_asset_details SET cryptocompare='JRT' WHERE identifier='eip155:10/erc20:0x15e770B95Edd73fD96b02EcE0266247D50895E76';
INSERT INTO assets(identifier, name, type) VALUES('eip155:10/erc20:0x15e770B95Edd73fD96b02EcE0266247D50895E76', 'Jarvis Reward Token', 'C'); INSERT INTO evm_tokens(identifier, token_kind, chain, address, decimals, protocol) VALUES('eip155:10/erc20:0x15e770B95Edd73fD96b02EcE0266247D50895E76', 'A', 10, '0x15e770B95Edd73fD96b02EcE0266247D50895E76', 18, ''); INSERT INTO common_asset_details(identifier, symbol, coingecko, cryptocompare, forked, started, swapped_for) VALUES('eip155:10/erc20:0x15e770B95Edd73fD96b02EcE0266247D50895E76', 'JRT', '', 'JRT', NULL, 1715498949, NULL);
UPDATE common_asset_details SET cryptocompare='POOL' WHERE identifier='eip155:10/erc20:0x395Ae52bB17aef68C2888d941736A71dC6d4e125';
INSERT INTO assets(identifier, name, type) VALUES('eip155:10/erc20:0x395Ae52bB17aef68C2888d941736A71dC6d4e125', 'PoolTogether', 'C'); INSERT INTO evm_tokens(identifier, token_kind, chain, address, decimals, protocol) VALUES('eip155:10/erc20:0x395Ae52bB17aef68C2888d941736A71dC6d4e125', 'A', 10, '0x395Ae52bB17aef68C2888d941736A71dC6d4e125', 18, ''); INSERT INTO common_asset_details(identifier, symbol, coingecko, cryptocompare, forked, started, swapped_for) VALUES('eip155:10/erc20:0x395Ae52bB17aef68C2888d941736A71dC6d4e125', 'POOL', '', 'POOL', NULL, 1716201983, NULL);
UPDATE common_asset_details SET cryptocompare='UNIDX' WHERE identifier='eip155:10/erc20:0x28b42698Caf46B4B012CF38b6C75867E0762186D';
INSERT INTO assets(identifier, name, type) VALUES('eip155:10/erc20:0x28b42698Caf46B4B012CF38b6C75867E0762186D', 'Unidex', 'C'); INSERT INTO evm_tokens(identifier, token_kind, chain, address, decimals, protocol) VALUES('eip155:10/erc20:0x28b42698Caf46B4B012CF38b6C75867E0762186D', 'A', 10, '0x28b42698Caf46B4B012CF38b6C75867E0762186D', 18, ''); INSERT INTO common_asset_details(identifier, symbol, coingecko, cryptocompare, forked, started, swapped_for) VALUES('eip155:10/erc20:0x28b42698Caf46B4B012CF38b6C75867E0762186D', 'UNIDX', '', 'UNIDX', NULL, 1716129137, NULL);
UPDATE common_asset_details SET cryptocompare='T' WHERE identifier='eip155:10/erc20:0x747e42Eb0591547a0ab429B3627816208c734EA7';
INSERT INTO assets(identifier, name, type) VALUES('eip155:10/erc20:0x747e42Eb0591547a0ab429B3627816208c734EA7', 'Threshold Network Token', 'C'); INSERT INTO evm_tokens(identifier, token_kind, chain, address, decimals, protocol) VALUES('eip155:10/erc20:0x747e42Eb0591547a0ab429B3627816208c734EA7', 'A', 10, '0x747e42Eb0591547a0ab429B3627816208c734EA7', 18, ''); INSERT INTO common_asset_details(identifier, symbol, coingecko, cryptocompare, forked, started, swapped_for) VALUES('eip155:10/erc20:0x747e42Eb0591547a0ab429B3627816208c734EA7', 'T', '', 'T', NULL, 1716202321, NULL);
UPDATE common_asset_details SET cryptocompare='TAROT' WHERE identifier='eip155:10/erc20:0x1F514A61bcde34F94Bc39731235690ab9da737F7';
INSERT INTO assets(identifier, name, type) VALUES('eip155:10/erc20:0x1F514A61bcde34F94Bc39731235690ab9da737F7', 'Tarot', 'C'); INSERT INTO evm_tokens(identifier, token_kind, chain, address, decimals, protocol) VALUES('eip155:10/erc20:0x1F514A61bcde34F94Bc39731235690ab9da737F7', 'A', 10, '0x1F514A61bcde34F94Bc39731235690ab9da737F7', 18, ''); INSERT INTO common_asset_details(identifier, symbol, coingecko, cryptocompare, forked, started, swapped_for) VALUES('eip155:10/erc20:0x1F514A61bcde34F94Bc39731235690ab9da737F7', 'TAROT', '', 'TAROT', NULL, 1716199715, NULL);
UPDATE common_asset_details SET cryptocompare='UNIDX' WHERE identifier='eip155:8453/erc20:0x6B4712AE9797C199edd44F897cA09BC57628a1CF';
INSERT INTO assets(identifier, name, type) VALUES('eip155:8453/erc20:0x6B4712AE9797C199edd44F897cA09BC57628a1CF', 'Unidex', 'C'); INSERT INTO evm_tokens(identifier, token_kind, chain, address, decimals, protocol) VALUES('eip155:8453/erc20:0x6B4712AE9797C199edd44F897cA09BC57628a1CF', 'A', 8453, '0x6B4712AE9797C199edd44F897cA09BC57628a1CF', 18, ''); INSERT INTO common_asset_details(identifier, symbol, coingecko, cryptocompare, forked, started, swapped_for) VALUES('eip155:8453/erc20:0x6B4712AE9797C199edd44F897cA09BC57628a1CF', 'UNIDX', '', 'UNIDX', NULL, 1691960413, NULL);
UPDATE common_asset_details SET cryptocompare='TAROT' WHERE identifier='eip155:8453/erc20:0xF544251D25f3d243A36B07e7E7962a678f952691';
INSERT INTO assets(identifier, name, type) VALUES('eip155:8453/erc20:0xF544251D25f3d243A36B07e7E7962a678f952691', 'Tarot', 'C'); INSERT INTO evm_tokens(identifier, token_kind, chain, address, decimals, protocol) VALUES('eip155:8453/erc20:0xF544251D25f3d243A36B07e7E7962a678f952691', 'A', 8453, '0xF544251D25f3d243A36B07e7E7962a678f952691', 18, ''); INSERT INTO common_asset_details(identifier, symbol, coingecko, cryptocompare, forked, started, swapped_for) VALUES('eip155:8453/erc20:0xF544251D25f3d243A36B07e7E7962a678f952691', 'TAROT', '', 'TAROT', NULL, 1690232133, NULL);
UPDATE common_asset_details SET cryptocompare='MIM' WHERE identifier='eip155:8453/erc20:0x4A3A6Dd60A34bB2Aba60D73B4C88315E9CeB6A3D';
INSERT INTO assets(identifier, name, type) VALUES('eip155:8453/erc20:0x4A3A6Dd60A34bB2Aba60D73B4C88315E9CeB6A3D', 'Magic Internet Money', 'C'); INSERT INTO evm_tokens(identifier, token_kind, chain, address, decimals, protocol) VALUES('eip155:8453/erc20:0x4A3A6Dd60A34bB2Aba60D73B4C88315E9CeB6A3D', 'A', 8453, '0x4A3A6Dd60A34bB2Aba60D73B4C88315E9CeB6A3D', 18, ''); INSERT INTO common_asset_details(identifier, symbol, coingecko, cryptocompare, forked, started, swapped_for) VALUES('eip155:8453/erc20:0x4A3A6Dd60A34bB2Aba60D73B4C88315E9CeB6A3D', 'MIM', '', 'MIM', NULL, 1690924983, NULL);
UPDATE common_asset_details SET cryptocompare='VELA' WHERE identifier='eip155:8453/erc20:0x5A76A56ad937335168b30dF3AA1327277421C6Ae';
INSERT INTO assets(identifier, name, type) VALUES('eip155:8453/erc20:0x5A76A56ad937335168b30dF3AA1327277421C6Ae', 'Vela Token', 'C'); INSERT INTO evm_tokens(identifier, token_kind, chain, address, decimals, protocol) VALUES('eip155:8453/erc20:0x5A76A56ad937335168b30dF3AA1327277421C6Ae', 'A', 8453, '0x5A76A56ad937335168b30dF3AA1327277421C6Ae', 18, ''); INSERT INTO common_asset_details(identifier, symbol, coingecko, cryptocompare, forked, started, swapped_for) VALUES('eip155:8453/erc20:0x5A76A56ad937335168b30dF3AA1327277421C6Ae', 'VELA', '', 'VELA', NULL, 1692238545, NULL);
UPDATE common_asset_details SET cryptocompare='NPC' WHERE identifier='eip155:8453/erc20:0xB166E8B140D35D9D8226E40C09f757BAC5A4d87d';
INSERT INTO assets(identifier, name, type) VALUES('eip155:8453/erc20:0xB166E8B140D35D9D8226E40C09f757BAC5A4d87d', 'Non-Playable Coin', 'C'); INSERT INTO evm_tokens(identifier, token_kind, chain, address, decimals, protocol) VALUES('eip155:8453/erc20:0xB166E8B140D35D9D8226E40C09f757BAC5A4d87d', 'A', 8453, '0xB166E8B140D35D9D8226E40C09f757BAC5A4d87d', 18, ''); INSERT INTO common_asset_details(identifier, symbol, coingecko, cryptocompare, forked, started, swapped_for) VALUES('eip155:8453/erc20:0xB166E8B140D35D9D8226E40C09f757BAC5A4d87d', 'NPC', '', 'NPC', NULL, 1703137809, NULL);
UPDATE common_asset_details SET cryptocompare='COOKIE' WHERE identifier='eip155:1/erc20:0xC0041EF357B183448B235a8Ea73Ce4E4eC8c265F';
INSERT INTO assets(identifier, name, type) VALUES('eip155:1/erc20:0xC0041EF357B183448B235a8Ea73Ce4E4eC8c265F', 'Cookie', 'C'); INSERT INTO evm_tokens(identifier, token_kind, chain, address, decimals, protocol) VALUES('eip155:1/erc20:0xC0041EF357B183448B235a8Ea73Ce4E4eC8c265F', 'A', 1, '0xC0041EF357B183448B235a8Ea73Ce4E4eC8c265F', 18, ''); INSERT INTO common_asset_details(identifier, symbol, coingecko, cryptocompare, forked, started, swapped_for) VALUES('eip155:1/erc20:0xC0041EF357B183448B235a8Ea73Ce4E4eC8c265F', 'COOKIE', 'cookie', 'COOKIE', NULL, 1717417223, NULL);
UPDATE common_asset_details SET cryptocompare='COOKIE' WHERE identifier='eip155:8453/erc20:0xC0041EF357B183448B235a8Ea73Ce4E4eC8c265F';
INSERT INTO assets(identifier, name, type) VALUES('eip155:8453/erc20:0xC0041EF357B183448B235a8Ea73Ce4E4eC8c265F', 'Cookie', 'C'); INSERT INTO evm_tokens(identifier, token_kind, chain, address, decimals, protocol) VALUES('eip155:8453/erc20:0xC0041EF357B183448B235a8Ea73Ce4E4eC8c265F', 'A', 8453, '0xC0041EF357B183448B235a8Ea73Ce4E4eC8c265F', 18, ''); INSERT INTO common_asset_details(identifier, symbol, coingecko, cryptocompare, forked, started, swapped_for) VALUES('eip155:8453/erc20:0xC0041EF357B183448B235a8Ea73Ce4E4eC8c265F', 'COOKIE', 'cookie', 'COOKIE', NULL, 1717417289, NULL);
UPDATE common_asset_details SET cryptocompare='NEXG' WHERE identifier='eip155:137/erc20:0xaF0dC42725db75AE54f5E8945e71017Bc7ACd27d';
INSERT INTO assets(identifier, name, type) VALUES('eip155:137/erc20:0xaF0dC42725db75AE54f5E8945e71017Bc7ACd27d', 'NexGami', 'C'); INSERT INTO evm_tokens(identifier, token_kind, chain, address, decimals, protocol) VALUES('eip155:137/erc20:0xaF0dC42725db75AE54f5E8945e71017Bc7ACd27d', 'A', 137, '0xaF0dC42725db75AE54f5E8945e71017Bc7ACd27d', 18, ''); INSERT INTO common_asset_details(identifier, symbol, coingecko, cryptocompare, forked, started, swapped_for) VALUES('eip155:137/erc20:0xaF0dC42725db75AE54f5E8945e71017Bc7ACd27d', 'NEXG', 'nexgami', 'NEXG', NULL, 1718400298, NULL);
UPDATE common_asset_details SET cryptocompare='SUSHI' WHERE identifier='eip155:250/erc20:0xae75A438b2E0cB8Bb01Ec1E1e376De11D44477CC';
INSERT INTO assets(identifier, name, type) VALUES('eip155:250/erc20:0xae75A438b2E0cB8Bb01Ec1E1e376De11D44477CC', 'Sushi', 'C'); INSERT INTO evm_tokens(identifier, token_kind, chain, address, decimals, protocol) VALUES('eip155:250/erc20:0xae75A438b2E0cB8Bb01Ec1E1e376De11D44477CC', 'A', 250, '0xae75A438b2E0cB8Bb01Ec1E1e376De11D44477CC', 18, ''); INSERT INTO common_asset_details(identifier, symbol, coingecko, cryptocompare, forked, started, swapped_for) VALUES('eip155:250/erc20:0xae75A438b2E0cB8Bb01Ec1E1e376De11D44477CC', 'SUSHI', 'sushi', 'SUSHI', NULL, 1613758824, NULL);
UPDATE common_asset_details SET cryptocompare='USDS' WHERE identifier='eip155:1/erc20:0xdC035D45d973E3EC169d2276DDab16f1e407384F';
INSERT INTO assets(identifier, name, type) VALUES('eip155:1/erc20:0xdC035D45d973E3EC169d2276DDab16f1e407384F', 'USDS Stablecoin', 'C'); INSERT INTO evm_tokens(identifier, token_kind, chain, address, decimals, protocol) VALUES('eip155:1/erc20:0xdC035D45d973E3EC169d2276DDab16f1e407384F', 'A', 1, '0xdC035D45d973E3EC169d2276DDab16f1e407384F', 18, NULL); INSERT INTO common_asset_details(identifier, symbol, coingecko, cryptocompare, forked, started, swapped_for) VALUES('eip155:1/erc20:0xdC035D45d973E3EC169d2276DDab16f1e407384F', 'USDS', 'usds', 'USDS', NULL, 1725290327, NULL);
UPDATE common_asset_details SET cryptocompare='SLCL' WHERE identifier='SLCL';
INSERT INTO assets(identifier, name, type) VALUES('SLCL', 'Solcial', 'Y'); INSERT INTO common_asset_details(identifier, symbol, coingecko, cryptocompare, forked, started, swapped_for) VALUES('SLCL', 'SLCL', 'solcial', 'SLCL', NULL, 1648224182, NULL);
UPDATE common_asset_details SET cryptocompare='DVK' WHERE identifier='DVK';
INSERT INTO assets(identifier, name, type) VALUES('DVK', 'Devikins', 'P'); INSERT INTO common_asset_details(identifier, symbol, coingecko, cryptocompare, forked, started, swapped_for) VALUES('DVK', 'DVK', 'devikins', 'DVK', NULL, 1649427466, NULL);
UPDATE common_asset_details SET cryptocompare='MTSP' WHERE identifier='MTSP';
INSERT INTO assets(identifier, name, type) VALUES('MTSP', 'Metasphere', 'B'); INSERT INTO common_asset_details(identifier, symbol, coingecko, cryptocompare, forked, started, swapped_for) VALUES('MTSP', 'MTSP', 'metasphere', 'MTSP', NULL, 1649476807, NULL);
UPDATE common_asset_details SET cryptocompare='FPFT' WHERE identifier='FPFT';
INSERT INTO assets(identifier, name, type) VALUES('FPFT', 'Peruvian National Football Team Fan Token', 'W'); INSERT INTO common_asset_details(identifier, symbol, coingecko, cryptocompare, forked, started, swapped_for) VALUES('FPFT', 'FPFT', 'peruvian-national-football-team-fan-token', 'FPFT', NULL, 1655085600, NULL);
UPDATE common_asset_details SET cryptocompare='HMND' WHERE identifier='HMND';
INSERT INTO assets(identifier, name, type) VALUES('HMND', 'Humanode', 'W'); INSERT INTO common_asset_details(identifier, symbol, coingecko, cryptocompare, forked, started, swapped_for) VALUES('HMND', 'HMND', 'humanode', 'HMND', NULL, 1680260512, NULL);
UPDATE common_asset_details SET cryptocompare='OTK' WHERE identifier='OTK';
INSERT INTO assets(identifier, name, type) VALUES('OTK', 'Octokn', 'Y'); INSERT INTO common_asset_details(identifier, symbol, coingecko, cryptocompare, forked, started, swapped_for) VALUES('OTK', 'OTK', 'octo-gaming', 'OTK', NULL, 1681383712, NULL);
UPDATE common_asset_details SET cryptocompare='SUIP' WHERE identifier='SUIP';
INSERT INTO assets(identifier, name, type) VALUES('SUIP', 'SuiPad', 'W'); INSERT INTO common_asset_details(identifier, symbol, coingecko, cryptocompare, forked, started, swapped_for) VALUES('SUIP', 'SUIP', 'suipad', 'SUIP', NULL, 1683867600, NULL);
UPDATE common_asset_details SET cryptocompare='XPLL' WHERE identifier='XPLL';
INSERT INTO assets(identifier, name, type) VALUES('XPLL', 'ParallelChain', 'B'); INSERT INTO common_asset_details(identifier, symbol, coingecko, cryptocompare, forked, started, swapped_for) VALUES('XPLL', 'XPLL', 'parallelchain', 'XPLL', NULL, 1686319200, NULL);
UPDATE common_asset_details SET cryptocompare='SOLO' WHERE identifier='SOLO';
INSERT INTO assets(identifier, name, type) VALUES('SOLO', 'Sologenic', 'W'); INSERT INTO common_asset_details(identifier, symbol, coingecko, cryptocompare, forked, started, swapped_for) VALUES('SOLO', 'SOLO', 'solo-coin', 'SOLO', NULL, 1583456400, NULL);
UPDATE common_asset_details SET cryptocompare='ECS' WHERE identifier='ECS';
INSERT INTO assets(identifier, name, type) VALUES('ECS', 'eCredits', 'B'); INSERT INTO common_asset_details(identifier, symbol, coingecko, cryptocompare, forked, started, swapped_for) VALUES('ECS', 'ECS', 'ecredits', 'ECS', NULL, 1686276000, NULL);
UPDATE common_asset_details SET cryptocompare='NTRN' WHERE identifier='NTRN';
INSERT INTO assets(identifier, name, type) VALUES('NTRN', 'Neutron', 'B'); INSERT INTO common_asset_details(identifier, symbol, coingecko, cryptocompare, forked, started, swapped_for) VALUES('NTRN', 'NTRN', 'neutron-3', 'NTRN', NULL, 1688522400, NULL);
UPDATE common_asset_details SET cryptocompare='SUIA' WHERE identifier='SUIA';
INSERT INTO assets(identifier, name, type) VALUES('SUIA', 'SUIA', 'W'); INSERT INTO common_asset_details(identifier, symbol, coingecko, cryptocompare, forked, started, swapped_for) VALUES('SUIA', 'SUIA', 'suia', 'SUIA', NULL, 1684288860, NULL);
UPDATE common_asset_details SET cryptocompare='LIS' WHERE identifier='LIS';
INSERT INTO assets(identifier, name, type) VALUES('LIS', 'Realis Network', 'W'); INSERT INTO common_asset_details(identifier, symbol, coingecko, cryptocompare, forked, started, swapped_for) VALUES('LIS', 'LIS', 'realis-network', 'LIS', NULL, 1676336400, NULL);
UPDATE common_asset_details SET cryptocompare='ZBCN' WHERE identifier='ZBCN';
INSERT INTO assets(identifier, name, type) VALUES('ZBCN', 'Zebec Network', 'Y'); INSERT INTO common_asset_details(identifier, symbol, coingecko, cryptocompare, forked, started, swapped_for) VALUES('ZBCN', 'ZBCN', 'zebec-network', 'ZBCN', NULL, 1713172009, NULL);
UPDATE common_asset_details SET cryptocompare='LL' WHERE identifier='LL';
INSERT INTO assets(identifier, name, type) VALUES('LL', 'LightLink', 'B'); INSERT INTO common_asset_details(identifier, symbol, coingecko, cryptocompare, forked, started, swapped_for) VALUES('LL', 'LL', 'lightlink', 'LL', NULL, 1713949771, NULL);
UPDATE common_asset_details SET cryptocompare='FOXY' WHERE identifier='FOXY';
INSERT INTO assets(identifier, name, type) VALUES('FOXY', 'Foxy', 'W'); INSERT INTO common_asset_details(identifier, symbol, coingecko, cryptocompare, forked, started, swapped_for) VALUES('FOXY', 'FOXY', 'foxy', 'FOXY', NULL, 1712923362, NULL);
UPDATE common_asset_details SET cryptocompare='SCA' WHERE identifier='SCA';
INSERT INTO assets(identifier, name, type) VALUES('SCA', 'Scallop', 'W'); INSERT INTO common_asset_details(identifier, symbol, coingecko, cryptocompare, forked, started, swapped_for) VALUES('SCA', 'SCA', 'scallop-2', 'SCA', NULL, 1709895691, NULL);
UPDATE common_asset_details SET cryptocompare='CATGPT' WHERE identifier='CATGPT';
INSERT INTO assets(identifier, name, type) VALUES('CATGPT', 'CatGPT', 'Y'); INSERT INTO common_asset_details(identifier, symbol, coingecko, cryptocompare, forked, started, swapped_for) VALUES('CATGPT', 'CATGPT', 'catgpt', 'CATGPT', NULL, 1714096878, NULL);
UPDATE common_asset_details SET cryptocompare='ZERO' WHERE identifier='ZERO';
INSERT INTO assets(identifier, name, type) VALUES('ZERO', 'ZeroLend', 'W'); INSERT INTO common_asset_details(identifier, symbol, coingecko, cryptocompare, forked, started, swapped_for) VALUES('ZERO', 'ZERO', 'zerolend', 'ZERO', NULL, 1714986331, NULL);
UPDATE common_asset_details SET cryptocompare='MOTHER' WHERE identifier='MOTHER';
INSERT INTO assets(identifier, name, type) VALUES('MOTHER', 'Mother Iggy', 'Y'); INSERT INTO common_asset_details(identifier, symbol, coingecko, cryptocompare, forked, started, swapped_for) VALUES('MOTHER', 'MOTHER', 'mother-iggy', 'MOTHER', NULL, 1716962460, NULL);
UPDATE common_asset_details SET cryptocompare='SPURS' WHERE identifier='SPURS';
INSERT INTO assets(identifier, name, type) VALUES('SPURS', 'Tottenham Hotspur FC Fan Token', 'W'); INSERT INTO common_asset_details(identifier, symbol, coingecko, cryptocompare, forked, started, swapped_for) VALUES('SPURS', 'SPURS', 'tottenham-hotspur-fc-fan-token', 'SPURS', NULL, 1698327431, NULL);
UPDATE common_asset_details SET cryptocompare='MET' WHERE identifier='eip155:10/erc20:0x9a2e53158e12BC09270Af10C16A466cb2b5D7836';
INSERT INTO assets(identifier, name, type) VALUES('eip155:10/erc20:0x9a2e53158e12BC09270Af10C16A466cb2b5D7836', 'Metronome2', 'C'); INSERT INTO evm_tokens(identifier, token_kind, chain, address, decimals, protocol) VALUES('eip155:10/erc20:0x9a2e53158e12BC09270Af10C16A466cb2b5D7836', 'A', 10, '0x9a2e53158e12BC09270Af10C16A466cb2b5D7836', 18, ''); INSERT INTO common_asset_details(identifier, symbol, coingecko, cryptocompare, forked, started, swapped_for) VALUES('eip155:10/erc20:0x9a2e53158e12BC09270Af10C16A466cb2b5D7836', 'MET', '', 'MET', NULL, 1716184325, NULL);
UPDATE common_asset_details SET cryptocompare='SKY' WHERE identifier='eip155:1/erc20:0x56072C95FAA701256059aa122697B133aDEd9279';
INSERT INTO assets(identifier, name, type) VALUES('eip155:1/erc20:0x56072C95FAA701256059aa122697B133aDEd9279', 'SKY Governance Token', 'C'); INSERT INTO evm_tokens(identifier, token_kind, chain, address, decimals, protocol) VALUES('eip155:1/erc20:0x56072C95FAA701256059aa122697B133aDEd9279', 'A', 1, '0x56072C95FAA701256059aa122697B133aDEd9279', 18, NULL); INSERT INTO common_asset_details(identifier, symbol, coingecko, cryptocompare, forked, started, swapped_for) VALUES('eip155:1/erc20:0x56072C95FAA701256059aa122697B133aDEd9279', 'SKY', 'sky', 'SKY', NULL, 1725290387, NULL);
UPDATE common_asset_details SET cryptocompare='ACX' WHERE identifier='eip155:10/erc20:0xFf733b2A3557a7ed6697007ab5D11B79FdD1b76B';
INSERT INTO assets(identifier, name, type) VALUES('eip155:10/erc20:0xFf733b2A3557a7ed6697007ab5D11B79FdD1b76B', 'Across Protocol Token', 'C'); INSERT INTO evm_tokens(identifier, token_kind, chain, address, decimals, protocol) VALUES('eip155:10/erc20:0xFf733b2A3557a7ed6697007ab5D11B79FdD1b76B', 'A', 10, '0xFf733b2A3557a7ed6697007ab5D11B79FdD1b76B', 18, ''); INSERT INTO common_asset_details(identifier, symbol, coingecko, cryptocompare, forked, started, swapped_for) VALUES('eip155:10/erc20:0xFf733b2A3557a7ed6697007ab5D11B79FdD1b76B', 'ACX', '', 'ACX', NULL, 1666278943, NULL);
UPDATE common_asset_details SET cryptocompare='SATS' WHERE identifier='SATS';
INSERT INTO assets(identifier, name, type) VALUES('SATS', 'SATS Ordinals', 'W'); INSERT INTO common_asset_details(identifier, symbol, coingecko, cryptocompare, forked, started, swapped_for) VALUES('SATS', 'SATS', 'sats-ordinals', 'SATS', NULL, 1686189600, NULL);
UPDATE common_asset_details SET cryptocompare='GIV' WHERE identifier='eip155:100/erc20:0x4f4F9b8D5B4d0Dc10506e5551B0513B61fD59e75';
INSERT INTO assets(identifier, name, type) VALUES('eip155:100/erc20:0x4f4F9b8D5B4d0Dc10506e5551B0513B61fD59e75', 'Giveth from Mainnet', 'C'); INSERT INTO evm_tokens(identifier, token_kind, chain, address, decimals, protocol) VALUES('eip155:100/erc20:0x4f4F9b8D5B4d0Dc10506e5551B0513B61fD59e75', 'A', 100, '0x4f4F9b8D5B4d0Dc10506e5551B0513B61fD59e75', 18, 'giveth'); INSERT INTO common_asset_details(identifier, symbol, coingecko, cryptocompare, forked, started, swapped_for) VALUES('eip155:100/erc20:0x4f4F9b8D5B4d0Dc10506e5551B0513B61fD59e75', 'GIV', 'giveth', 'GIV', NULL, 1639667545, NULL);
UPDATE common_asset_details SET cryptocompare='DHT' WHERE identifier='eip155:10/erc20:0xAF9fE3B5cCDAe78188B1F8b9a49Da7ae9510F151';
INSERT INTO assets(identifier, name, type) VALUES('eip155:10/erc20:0xAF9fE3B5cCDAe78188B1F8b9a49Da7ae9510F151', 'dHEDGE DAO Token', 'C'); INSERT INTO evm_tokens(identifier, token_kind, chain, address, decimals, protocol) VALUES('eip155:10/erc20:0xAF9fE3B5cCDAe78188B1F8b9a49Da7ae9510F151', 'A', 10, '0xAF9fE3B5cCDAe78188B1F8b9a49Da7ae9510F151', 18, ''); INSERT INTO common_asset_details(identifier, symbol, coingecko, cryptocompare, forked, started, swapped_for) VALUES('eip155:10/erc20:0xAF9fE3B5cCDAe78188B1F8b9a49Da7ae9510F151', 'DHT', '', 'DHT', NULL, 1716187413, NULL);
UPDATE common_asset_details SET cryptocompare='DHT' WHERE identifier='eip155:8453/erc20:0x8aE125E8653821E851F12A49F7765db9a9ce7384';
INSERT INTO assets(identifier, name, type) VALUES('eip155:8453/erc20:0x8aE125E8653821E851F12A49F7765db9a9ce7384', 'dHedge DAO Token', 'C'); INSERT INTO evm_tokens(identifier, token_kind, chain, address, decimals, protocol) VALUES('eip155:8453/erc20:0x8aE125E8653821E851F12A49F7765db9a9ce7384', 'A', 8453, '0x8aE125E8653821E851F12A49F7765db9a9ce7384', 18, ''); INSERT INTO common_asset_details(identifier, symbol, coingecko, cryptocompare, forked, started, swapped_for) VALUES('eip155:8453/erc20:0x8aE125E8653821E851F12A49F7765db9a9ce7384', 'DHT', '', 'DHT', NULL, 1693788595, NULL);
UPDATE common_asset_details SET cryptocompare='CRV' WHERE identifier='eip155:250/erc20:0x1E4F97b9f9F913c46F1632781732927B9019C68b';
INSERT INTO assets(identifier, name, type) VALUES('eip155:250/erc20:0x1E4F97b9f9F913c46F1632781732927B9019C68b', 'Curve DAO', 'C'); INSERT INTO evm_tokens(identifier, token_kind, chain, address, decimals, protocol) VALUES('eip155:250/erc20:0x1E4F97b9f9F913c46F1632781732927B9019C68b', 'A', 250, '0x1E4F97b9f9F913c46F1632781732927B9019C68b', 18, ''); INSERT INTO common_asset_details(identifier, symbol, coingecko, cryptocompare, forked, started, swapped_for) VALUES('eip155:250/erc20:0x1E4F97b9f9F913c46F1632781732927B9019C68b', 'CRV', 'curve-dao-token', 'CRV', NULL, 1613759412, NULL);
UPDATE common_asset_details SET cryptocompare='BTCB' WHERE identifier='eip155:56/erc20:0x7130d2A12B9BCbFAe4f2634d864A1Ee1Ce3Ead9c';
INSERT INTO assets(identifier, name, type) VALUES('eip155:56/erc20:0x7130d2A12B9BCbFAe4f2634d864A1Ee1Ce3Ead9c', 'Binance-Peg BTCB Token', 'C'); INSERT INTO evm_tokens(identifier, token_kind, chain, address, decimals, protocol) VALUES('eip155:56/erc20:0x7130d2A12B9BCbFAe4f2634d864A1Ee1Ce3Ead9c', 'A', 56, '0x7130d2A12B9BCbFAe4f2634d864A1Ee1Ce3Ead9c', 18, ''); INSERT INTO common_asset_details(identifier, symbol, coingecko, cryptocompare, forked, started, swapped_for) VALUES('eip155:56/erc20:0x7130d2A12B9BCbFAe4f2634d864A1Ee1Ce3Ead9c', 'BTCB', 'binance-bitcoin', 'BTCB', NULL, 1599043687, NULL);
UPDATE common_asset_details SET cryptocompare='PRIMAL' WHERE identifier='eip155:1/erc20:0xDd13DEdeCEbDA566322195bc4451D672A148752C';
INSERT INTO assets(identifier, name, type) VALUES('eip155:1/erc20:0xDd13DEdeCEbDA566322195bc4451D672A148752C', 'PRIMAL Token', 'C'); INSERT INTO evm_tokens(identifier, token_kind, chain, address, decimals, protocol) VALUES('eip155:1/erc20:0xDd13DEdeCEbDA566322195bc4451D672A148752C', 'A', 1, '0xDd13DEdeCEbDA566322195bc4451D672A148752C', 18, NULL); INSERT INTO common_asset_details(identifier, symbol, coingecko, cryptocompare, forked, started, swapped_for) VALUES('eip155:1/erc20:0xDd13DEdeCEbDA566322195bc4451D672A148752C', 'PRIMAL', 'primal-b3099cd0-995a-4311-80d5-9c133153b38e', 'PRIMAL', NULL, 1662983994, NULL);
UPDATE common_asset_details SET cryptocompare='XPET' WHERE identifier='eip155:8453/erc20:0x87FD044c720727F53Cd9b8dC675423F1c246243B';
INSERT INTO assets(identifier, name, type) VALUES('eip155:8453/erc20:0x87FD044c720727F53Cd9b8dC675423F1c246243B', 'xPet.tech Token', 'C'); INSERT INTO evm_tokens(identifier, token_kind, chain, address, decimals, protocol) VALUES('eip155:8453/erc20:0x87FD044c720727F53Cd9b8dC675423F1c246243B', 'A', 8453, '0x87FD044c720727F53Cd9b8dC675423F1c246243B', 8, ''); INSERT INTO common_asset_details(identifier, symbol, coingecko, cryptocompare, forked, started, swapped_for) VALUES('eip155:8453/erc20:0x87FD044c720727F53Cd9b8dC675423F1c246243B', 'XPET', '', 'XPET', NULL, 1703744835, NULL);
UPDATE common_asset_details SET cryptocompare='ATH' WHERE identifier='eip155:42161/erc20:0xc87B37a581ec3257B734886d9d3a581F5A9d056c';
INSERT INTO assets(identifier, name, type) VALUES('eip155:42161/erc20:0xc87B37a581ec3257B734886d9d3a581F5A9d056c', 'Aethir Token', 'C'); INSERT INTO evm_tokens(identifier, token_kind, chain, address, decimals, protocol) VALUES('eip155:42161/erc20:0xc87B37a581ec3257B734886d9d3a581F5A9d056c', 'A', 42161, '0xc87B37a581ec3257B734886d9d3a581F5A9d056c', 18, ''); INSERT INTO common_asset_details(identifier, symbol, coingecko, cryptocompare, forked, started, swapped_for) VALUES('eip155:42161/erc20:0xc87B37a581ec3257B734886d9d3a581F5A9d056c', 'ATH', 'aethir', 'ATH', NULL, 1717572209, NULL);
UPDATE common_asset_details SET cryptocompare='MMY' WHERE identifier='eip155:8453/erc20:0x0d8393CEa30df4fAFA7f00f333A62DeE451935C1';
INSERT INTO assets(identifier, name, type) VALUES('eip155:8453/erc20:0x0d8393CEa30df4fAFA7f00f333A62DeE451935C1', 'MUMMY', 'C'); INSERT INTO evm_tokens(identifier, token_kind, chain, address, decimals, protocol) VALUES('eip155:8453/erc20:0x0d8393CEa30df4fAFA7f00f333A62DeE451935C1', 'A', 8453, '0x0d8393CEa30df4fAFA7f00f333A62DeE451935C1', 18, ''); INSERT INTO common_asset_details(identifier, symbol, coingecko, cryptocompare, forked, started, swapped_for) VALUES('eip155:8453/erc20:0x0d8393CEa30df4fAFA7f00f333A62DeE451935C1', 'MMY', '', 'MMY', NULL, 1697360805, NULL);
UPDATE common_asset_details SET cryptocompare='AIPAD' WHERE identifier='eip155:56/erc20:0xE55d97A97ae6A17706ee281486E98A84095d8AAf';
INSERT INTO assets(identifier, name, type) VALUES('eip155:56/erc20:0xE55d97A97ae6A17706ee281486E98A84095d8AAf', 'AIPAD.tech', 'C'); INSERT INTO evm_tokens(identifier, token_kind, chain, address, decimals, protocol) VALUES('eip155:56/erc20:0xE55d97A97ae6A17706ee281486E98A84095d8AAf', 'A', 56, '0xE55d97A97ae6A17706ee281486E98A84095d8AAf', 18, NULL); INSERT INTO common_asset_details(identifier, symbol, coingecko, cryptocompare, forked, started, swapped_for) VALUES('eip155:56/erc20:0xE55d97A97ae6A17706ee281486E98A84095d8AAf', 'AIPAD', 'aipad', 'AIPAD', NULL, 1675397888, NULL);
UPDATE common_asset_details SET cryptocompare='FIS' WHERE identifier='eip155:10/erc20:0xD8737CA46aa6285dE7B8777a8e3db232911baD41';
INSERT INTO assets(identifier, name, type) VALUES('eip155:10/erc20:0xD8737CA46aa6285dE7B8777a8e3db232911baD41', 'StaFi Token', 'C'); INSERT INTO evm_tokens(identifier, token_kind, chain, address, decimals, protocol) VALUES('eip155:10/erc20:0xD8737CA46aa6285dE7B8777a8e3db232911baD41', 'A', 10, '0xD8737CA46aa6285dE7B8777a8e3db232911baD41', 18, ''); INSERT INTO common_asset_details(identifier, symbol, coingecko, cryptocompare, forked, started, swapped_for) VALUES('eip155:10/erc20:0xD8737CA46aa6285dE7B8777a8e3db232911baD41', 'FIS', '', 'FIS', NULL, 1715042801, NULL);
UPDATE common_asset_details SET cryptocompare='BLU' WHERE identifier='eip155:10/erc20:0xa50B23cDfB2eC7c590e84f403256f67cE6dffB84';
INSERT INTO assets(identifier, name, type) VALUES('eip155:10/erc20:0xa50B23cDfB2eC7c590e84f403256f67cE6dffB84', 'BLUE', 'C'); INSERT INTO evm_tokens(identifier, token_kind, chain, address, decimals, protocol) VALUES('eip155:10/erc20:0xa50B23cDfB2eC7c590e84f403256f67cE6dffB84', 'A', 10, '0xa50B23cDfB2eC7c590e84f403256f67cE6dffB84', 18, ''); INSERT INTO common_asset_details(identifier, symbol, coingecko, cryptocompare, forked, started, swapped_for) VALUES('eip155:10/erc20:0xa50B23cDfB2eC7c590e84f403256f67cE6dffB84', 'BLU', '', 'BLU', NULL, 1716201891, NULL);
UPDATE common_asset_details SET cryptocompare='FORWARD' WHERE identifier='FORWARD';
INSERT INTO assets(identifier, name, type) VALUES('FORWARD', 'Forward', 'W'); INSERT INTO common_asset_details(identifier, symbol, coingecko, cryptocompare, forked, started, swapped_for) VALUES('FORWARD', 'FORWARD', 'forward', 'FORWARD', NULL, 1639404115, NULL);
UPDATE common_asset_details SET cryptocompare='ORDI' WHERE identifier='ORDI';
INSERT INTO assets(identifier, name, type) VALUES('ORDI', 'ORDI', 'W'); INSERT INTO common_asset_details(identifier, symbol, coingecko, cryptocompare, forked, started, swapped_for) VALUES('ORDI', 'ORDI', 'ordinals', 'ORDI', NULL, 1683507600, NULL);
UPDATE common_asset_details SET cryptocompare='MIND' WHERE identifier='eip155:137/erc20:0x280053C54006A624C26989CB8354Fa4cB86f14D1';
INSERT INTO assets(identifier, name, type) VALUES('eip155:137/erc20:0x280053C54006A624C26989CB8354Fa4cB86f14D1', 'Morpheus Infrastructure Node', 'C'); INSERT INTO evm_tokens(identifier, token_kind, chain, address, decimals, protocol) VALUES('eip155:137/erc20:0x280053C54006A624C26989CB8354Fa4cB86f14D1', 'A', 137, '0x280053C54006A624C26989CB8354Fa4cB86f14D1', 18, NULL); INSERT INTO common_asset_details(identifier, symbol, coingecko, cryptocompare, forked, started, swapped_for) VALUES('eip155:137/erc20:0x280053C54006A624C26989CB8354Fa4cB86f14D1', 'MIND', 'game-tournament-trophy', 'MIND', NULL, 1713938028, NULL);
UPDATE common_asset_details SET cryptocompare='DAI', coingecko='dai' WHERE identifier='eip155:8453/erc20:0x50c5725949A6F0c72E6C4a641F24049A917DB0Cb';
INSERT INTO assets(identifier, name, type) VALUES('eip155:8453/erc20:0x50c5725949A6F0c72E6C4a641F24049A917DB0Cb', 'Dai Stablecoin', 'C'); INSERT INTO evm_tokens(identifier, token_kind, chain, address, decimals, protocol) VALUES('eip155:8453/erc20:0x50c5725949A6F0c72E6C4a641F24049A917DB0Cb', 'A', 8453, '0x50c5725949A6F0c72E6C4a641F24049A917DB0Cb', 18, ''); INSERT INTO common_asset_details(identifier, symbol, coingecko, cryptocompare, forked, started, swapped_for) VALUES('eip155:8453/erc20:0x50c5725949A6F0c72E6C4a641F24049A917DB0Cb', 'DAI', 'dai', 'DAI', NULL, 1689928543, NULL);
UPDATE common_asset_details SET cryptocompare='KUJI' WHERE identifier='eip155:10/erc20:0x3A18dcC9745eDcD1Ef33ecB93b0b6eBA5671e7Ca';
INSERT INTO assets(identifier, name, type) VALUES('eip155:10/erc20:0x3A18dcC9745eDcD1Ef33ecB93b0b6eBA5671e7Ca', 'Kujira native asset', 'C'); INSERT INTO evm_tokens(identifier, token_kind, chain, address, decimals, protocol) VALUES('eip155:10/erc20:0x3A18dcC9745eDcD1Ef33ecB93b0b6eBA5671e7Ca', 'A', 10, '0x3A18dcC9745eDcD1Ef33ecB93b0b6eBA5671e7Ca', 6, ''); INSERT INTO common_asset_details(identifier, symbol, coingecko, cryptocompare, forked, started, swapped_for) VALUES('eip155:10/erc20:0x3A18dcC9745eDcD1Ef33ecB93b0b6eBA5671e7Ca', 'KUJI', '', 'KUJI', NULL, 1716158127, NULL);
UPDATE common_asset_details SET cryptocompare='DEUS' WHERE identifier='eip155:8453/erc20:0xDE5ed76E7c05eC5e4572CfC88d1ACEA165109E44';
INSERT INTO assets(identifier, name, type) VALUES('eip155:8453/erc20:0xDE5ed76E7c05eC5e4572CfC88d1ACEA165109E44', 'DEUS', 'C'); INSERT INTO evm_tokens(identifier, token_kind, chain, address, decimals, protocol) VALUES('eip155:8453/erc20:0xDE5ed76E7c05eC5e4572CfC88d1ACEA165109E44', 'A', 8453, '0xDE5ed76E7c05eC5e4572CfC88d1ACEA165109E44', 18, ''); INSERT INTO common_asset_details(identifier, symbol, coingecko, cryptocompare, forked, started, swapped_for) VALUES('eip155:8453/erc20:0xDE5ed76E7c05eC5e4572CfC88d1ACEA165109E44', 'DEUS', '', 'DEUS', NULL, 1692475553, NULL);
UPDATE common_asset_details SET cryptocompare='LADYS' WHERE identifier='eip155:42161/erc20:0x3b60FF35D3f7F62d636b067dD0dC0dFdAd670E4E';
INSERT INTO assets(identifier, name, type) VALUES('eip155:42161/erc20:0x3b60FF35D3f7F62d636b067dD0dC0dFdAd670E4E', 'Milady', 'C'); INSERT INTO evm_tokens(identifier, token_kind, chain, address, decimals, protocol) VALUES('eip155:42161/erc20:0x3b60FF35D3f7F62d636b067dD0dC0dFdAd670E4E', 'A', 42161, '0x3b60FF35D3f7F62d636b067dD0dC0dFdAd670E4E', 18, NULL); INSERT INTO common_asset_details(identifier, symbol, coingecko, cryptocompare, forked, started, swapped_for) VALUES('eip155:42161/erc20:0x3b60FF35D3f7F62d636b067dD0dC0dFdAd670E4E', 'LADYS', 'milady-meme-coin', 'LADYS', NULL, 1683990024, NULL);
UPDATE common_asset_details SET cryptocompare='ANON' WHERE identifier='ANON';
INSERT INTO assets(identifier, name, type) VALUES('ANON', 'Anonymous', 'Y'); INSERT INTO common_asset_details(identifier, symbol, coingecko, cryptocompare, forked, started, swapped_for) VALUES('ANON', 'ANON', 'anonymous', 'ANON', NULL, NULL, NULL);
UPDATE common_asset_details SET cryptocompare='QORPO' WHERE identifier='eip155:56/erc20:0x22514fFb0d7232a56F0c24090E7B68f179FAA940';
INSERT INTO assets(identifier, name, type) VALUES('eip155:56/erc20:0x22514fFb0d7232a56F0c24090E7B68f179FAA940', 'QORPO Token', 'C'); INSERT INTO evm_tokens(identifier, token_kind, chain, address, decimals, protocol) VALUES('eip155:56/erc20:0x22514fFb0d7232a56F0c24090E7B68f179FAA940', 'A', 56, '0x22514fFb0d7232a56F0c24090E7B68f179FAA940', 18, NULL); INSERT INTO common_asset_details(identifier, symbol, coingecko, cryptocompare, forked, started, swapped_for) VALUES('eip155:56/erc20:0x22514fFb0d7232a56F0c24090E7B68f179FAA940', 'QORPO', 'qopro', 'QORPO', NULL, 1714039646, NULL);
UPDATE common_asset_details SET cryptocompare='STG' WHERE identifier='eip155:8453/erc20:0xE3B53AF74a4BF62Ae5511055290838050bf764Df';
INSERT INTO assets(identifier, name, type) VALUES('eip155:8453/erc20:0xE3B53AF74a4BF62Ae5511055290838050bf764Df', 'StargateToken', 'C'); INSERT INTO evm_tokens(identifier, token_kind, chain, address, decimals, protocol) VALUES('eip155:8453/erc20:0xE3B53AF74a4BF62Ae5511055290838050bf764Df', 'A', 8453, '0xE3B53AF74a4BF62Ae5511055290838050bf764Df', 18, ''); INSERT INTO common_asset_details(identifier, symbol, coingecko, cryptocompare, forked, started, swapped_for) VALUES('eip155:8453/erc20:0xE3B53AF74a4BF62Ae5511055290838050bf764Df', 'STG', '', 'STG', NULL, 1691044153, NULL);
UPDATE common_asset_details SET cryptocompare='VNO' WHERE identifier='eip155:25/erc20:0xdb7d0A1eC37dE1dE924F8e8adac6Ed338D4404E9';
INSERT INTO assets(identifier, name, type) VALUES('eip155:25/erc20:0xdb7d0A1eC37dE1dE924F8e8adac6Ed338D4404E9', 'VenoToken', 'C'); INSERT INTO evm_tokens(identifier, token_kind, chain, address, decimals, protocol) VALUES('eip155:25/erc20:0xdb7d0A1eC37dE1dE924F8e8adac6Ed338D4404E9', 'A', 25, '0xdb7d0A1eC37dE1dE924F8e8adac6Ed338D4404E9', 18, NULL); INSERT INTO common_asset_details(identifier, symbol, coingecko, cryptocompare, forked, started, swapped_for) VALUES('eip155:25/erc20:0xdb7d0A1eC37dE1dE924F8e8adac6Ed338D4404E9', 'VNO', 'veno-finance', 'VNO', NULL, 1673489404, NULL);
UPDATE common_asset_details SET cryptocompare='MMY' WHERE identifier='eip155:10/erc20:0x385719545Ef34d457A88e723504544A53F0Ad9BC';
INSERT INTO assets(identifier, name, type) VALUES('eip155:10/erc20:0x385719545Ef34d457A88e723504544A53F0Ad9BC', 'MUMMY', 'C'); INSERT INTO evm_tokens(identifier, token_kind, chain, address, decimals, protocol) VALUES('eip155:10/erc20:0x385719545Ef34d457A88e723504544A53F0Ad9BC', 'A', 10, '0x385719545Ef34d457A88e723504544A53F0Ad9BC', 18, ''); INSERT INTO common_asset_details(identifier, symbol, coingecko, cryptocompare, forked, started, swapped_for) VALUES('eip155:10/erc20:0x385719545Ef34d457A88e723504544A53F0Ad9BC', 'MMY', '', 'MMY', NULL, 1716199317, NULL);
UPDATE common_asset_details SET cryptocompare='HOP' WHERE identifier='eip155:8453/erc20:0xc5102fE9359FD9a28f877a67E36B0F050d81a3CC';
INSERT INTO assets(identifier, name, type) VALUES('eip155:8453/erc20:0xc5102fE9359FD9a28f877a67E36B0F050d81a3CC', 'Hop', 'C'); INSERT INTO evm_tokens(identifier, token_kind, chain, address, decimals, protocol) VALUES('eip155:8453/erc20:0xc5102fE9359FD9a28f877a67E36B0F050d81a3CC', 'A', 8453, '0xc5102fE9359FD9a28f877a67E36B0F050d81a3CC', 18, ''); INSERT INTO common_asset_details(identifier, symbol, coingecko, cryptocompare, forked, started, swapped_for) VALUES('eip155:8453/erc20:0xc5102fE9359FD9a28f877a67E36B0F050d81a3CC', 'HOP', '', 'HOP', NULL, 1690391427, NULL);
UPDATE common_asset_details SET cryptocompare='SONNE' WHERE identifier='eip155:8453/erc20:0x22a2488fE295047Ba13BD8cCCdBC8361DBD8cf7c';
INSERT INTO assets(identifier, name, type) VALUES('eip155:8453/erc20:0x22a2488fE295047Ba13BD8cCCdBC8361DBD8cf7c', 'Sonne', 'C'); INSERT INTO evm_tokens(identifier, token_kind, chain, address, decimals, protocol) VALUES('eip155:8453/erc20:0x22a2488fE295047Ba13BD8cCCdBC8361DBD8cf7c', 'A', 8453, '0x22a2488fE295047Ba13BD8cCCdBC8361DBD8cf7c', 18, ''); INSERT INTO common_asset_details(identifier, symbol, coingecko, cryptocompare, forked, started, swapped_for) VALUES('eip155:8453/erc20:0x22a2488fE295047Ba13BD8cCCdBC8361DBD8cf7c', 'SONNE', '', 'SONNE', NULL, 1691473355, NULL);
UPDATE common_asset_details SET cryptocompare='AAG' WHERE identifier='eip155:8453/erc20:0x96e890c6b2501a69cAD5Dba402BFB871a2A2874C';
INSERT INTO assets(identifier, name, type) VALUES('eip155:8453/erc20:0x96e890c6b2501a69cAD5Dba402BFB871a2A2874C', 'AAG', 'C'); INSERT INTO evm_tokens(identifier, token_kind, chain, address, decimals, protocol) VALUES('eip155:8453/erc20:0x96e890c6b2501a69cAD5Dba402BFB871a2A2874C', 'A', 8453, '0x96e890c6b2501a69cAD5Dba402BFB871a2A2874C', 18, ''); INSERT INTO common_asset_details(identifier, symbol, coingecko, cryptocompare, forked, started, swapped_for) VALUES('eip155:8453/erc20:0x96e890c6b2501a69cAD5Dba402BFB871a2A2874C', 'AAG', '', 'AAG', NULL, 1694169719, NULL);
UPDATE common_asset_details SET cryptocompare='APEX' WHERE identifier='eip155:42161/erc20:0x61A1ff55C5216b636a294A07D77C6F4Df10d3B56';
INSERT INTO assets(identifier, name, type) VALUES('eip155:42161/erc20:0x61A1ff55C5216b636a294A07D77C6F4Df10d3B56', 'ApeX Token', 'C'); INSERT INTO evm_tokens(identifier, token_kind, chain, address, decimals, protocol) VALUES('eip155:42161/erc20:0x61A1ff55C5216b636a294A07D77C6F4Df10d3B56', 'A', 42161, '0x61A1ff55C5216b636a294A07D77C6F4Df10d3B56', 18, NULL); INSERT INTO common_asset_details(identifier, symbol, coingecko, cryptocompare, forked, started, swapped_for) VALUES('eip155:42161/erc20:0x61A1ff55C5216b636a294A07D77C6F4Df10d3B56', 'APEX', 'apex-token-2', 'APEX', NULL, 1645968237, NULL);
UPDATE common_asset_details SET cryptocompare='BOZO' WHERE identifier='BOZO';
INSERT INTO assets(identifier, name, type) VALUES('BOZO', 'bozo Hybrid', 'Y'); INSERT INTO common_asset_details(identifier, symbol, coingecko, cryptocompare, forked, started, swapped_for) VALUES('BOZO', 'BOZO', 'bozo-hybrid', 'BOZO', NULL, 1705363200, NULL);
INSERT INTO assets(identifier, name, type) VALUES('eip155:56/erc20:0xFceB31A79F71AC9CBDCF853519c1b12D379EdC46', 'Lista DAO', 'C'); INSERT INTO evm_tokens(identifier, token_kind, chain, address, decimals, protocol) VALUES('eip155:56/erc20:0xFceB31A79F71AC9CBDCF853519c1b12D379EdC46', 'A', 56, '0xFceB31A79F71AC9CBDCF853519c1b12D379EdC46', 18, NULL); INSERT INTO common_asset_details(identifier, symbol, coingecko, cryptocompare, forked, started, swapped_for) VALUES('eip155:56/erc20:0xFceB31A79F71AC9CBDCF853519c1b12D379EdC46', 'LISTA', 'lista', 'LISTA', NULL, 1711863357, NULL);
*
INSERT INTO assets(identifier, name, type) VALUES('LLM', 'Large Language Model', 'Y'); INSERT INTO common_asset_details(identifier, symbol, coingecko, cryptocompare, forked, started, swapped_for) VALUES('LLM', 'LLM', 'large-language-model', '', NULL, 1736324404, NULL);
*
INSERT INTO assets(identifier, name, type) VALUES('LOFI', 'LOFI', 'W'); INSERT INTO common_asset_details(identifier, symbol, coingecko, cryptocompare, forked, started, swapped_for) VALUES('LOFI', 'LOFI', 'lofi-2', '', NULL, 1732316940, NULL);
*
INSERT INTO assets(identifier, name, type) VALUES('eip155:42161/erc20:0x59062301Fb510F4ea2417B67404CB16D31E604BA', 'LogX Network', 'C'); INSERT INTO evm_tokens(identifier, token_kind, chain, address, decimals, protocol) VALUES('eip155:42161/erc20:0x59062301Fb510F4ea2417B67404CB16D31E604BA', 'A', 42161, '0x59062301Fb510F4ea2417B67404CB16D31E604BA', 18, NULL); INSERT INTO common_asset_details(identifier, symbol, coingecko, cryptocompare, forked, started, swapped_for) VALUES('eip155:42161/erc20:0x59062301Fb510F4ea2417B67404CB16D31E604BA', 'LOGX', 'logx-2', 'LOGX', NULL, 1726572778, NULL);
*
INSERT INTO assets(identifier, name, type) VALUES('eip155:1/erc20:0xa3F4341C3fEf5963AB04135D2014AC7d68222E19', 'LogX Network', 'C'); INSERT INTO evm_tokens(identifier, token_kind, chain, address, decimals, protocol) VALUES('eip155:1/erc20:0xa3F4341C3fEf5963AB04135D2014AC7d68222E19', 'A', 1, '0xa3F4341C3fEf5963AB04135D2014AC7d68222E19', 18, NULL); INSERT INTO common_asset_details(identifier, symbol, coingecko, cryptocompare, forked, started, swapped_for) VALUES('eip155:1/erc20:0xa3F4341C3fEf5963AB04135D2014AC7d68222E19', 'LOGX', 'logx-2', 'LOGX', NULL, 1726562651, NULL);
*
INSERT INTO assets(identifier, name, type) VALUES('eip155:8453/erc20:0x04055057677807D2a53d2b25a80FF3b4d932aE1a', 'LogX Network', 'C'); INSERT INTO evm_tokens(identifier, token_kind, chain, address, decimals, protocol) VALUES('eip155:8453/erc20:0x04055057677807D2a53d2b25a80FF3b4d932aE1a', 'A', 8453, '0x04055057677807D2a53d2b25a80FF3b4d932aE1a', 18, NULL); INSERT INTO common_asset_details(identifier, symbol, coingecko, cryptocompare, forked, started, swapped_for) VALUES('eip155:8453/erc20:0x04055057677807D2a53d2b25a80FF3b4d932aE1a', 'LOGX', 'logx-2', 'LOGX', NULL, 1730316957, NULL);
*
INSERT INTO assets(identifier, name, type) VALUES('LUCE', 'Luce', 'Y'); INSERT INTO common_asset_details(identifier, symbol, coingecko, cryptocompare, forked, started, swapped_for) VALUES('LUCE', 'LUCE', 'offcial-mascot-of-the-holy-year', 'LUCE', NULL, 1730131989, NULL);
*
INSERT INTO assets(identifier, name, type) VALUES('eip155:1/erc20:0xD9343a049D5DBd89CD19DC6BcA8c48fB3a0a42a7', 'Lumia Token', 'C'); INSERT INTO evm_tokens(identifier, token_kind, chain, address, decimals, protocol) VALUES('eip155:1/erc20:0xD9343a049D5DBd89CD19DC6BcA8c48fB3a0a42a7', 'A', 1, '0xD9343a049D5DBd89CD19DC6BcA8c48fB3a0a42a7', 18, NULL); INSERT INTO common_asset_details(identifier, symbol, coingecko, cryptocompare, forked, started, swapped_for) VALUES('eip155:1/erc20:0xD9343a049D5DBd89CD19DC6BcA8c48fB3a0a42a7', 'LUMIA', 'lumia', 'LUMIA', NULL, 1719267095, NULL);
*
INSERT INTO assets(identifier, name, type) VALUES('eip155:56/erc20:0x7F39BcdCa8E0E581c1d43aaa1cB862AA1c8C2047', 'Lumia Token', 'C'); INSERT INTO evm_tokens(identifier, token_kind, chain, address, decimals, protocol) VALUES('eip155:56/erc20:0x7F39BcdCa8E0E581c1d43aaa1cB862AA1c8C2047', 'A', 56, '0x7F39BcdCa8E0E581c1d43aaa1cB862AA1c8C2047', 18, NULL); INSERT INTO common_asset_details(identifier, symbol, coingecko, cryptocompare, forked, started, swapped_for) VALUES('eip155:56/erc20:0x7F39BcdCa8E0E581c1d43aaa1cB862AA1c8C2047', 'LUMIA', 'lumia', 'LUMIA', NULL, 1729013734, NULL);
*
UPDATE common_asset_details SET swapped_for = 'eip155:1/erc20:0xD9343a049D5DBd89CD19DC6BcA8c48fB3a0a42a7' WHERE identifier = 'eip155:1/erc20:0x0258F474786DdFd37ABCE6df6BBb1Dd5dfC4434a';
INSERT INTO assets(identifier, name, type) VALUES('eip155:1/erc20:0x0258F474786DdFd37ABCE6df6BBb1Dd5dfC4434a', 'Orion Protocol', 'C'); INSERT INTO evm_tokens(identifier, token_kind, chain, address, decimals, protocol) VALUES('eip155:1/erc20:0x0258F474786DdFd37ABCE6df6BBb1Dd5dfC4434a', 'A', 1, '0x0258F474786DdFd37ABCE6df6BBb1Dd5dfC4434a', 8, ''); INSERT INTO common_asset_details(identifier, symbol, coingecko, cryptocompare, forked, started, swapped_for) VALUES('eip155:1/erc20:0x0258F474786DdFd37ABCE6df6BBb1Dd5dfC4434a', 'ORN', 'orion-protocol', 'ORN', NULL, 1594674901, 'eip155:1/erc20:0xD9343a049D5DBd89CD19DC6BcA8c48fB3a0a42a7');
INSERT INTO assets(identifier, name, type) VALUES('eip155:8453/erc20:0x55cD6469F597452B5A7536e2CD98fDE4c1247ee4', 'Luna by Virtuals', 'C'); INSERT INTO evm_tokens(identifier, token_kind, chain, address, decimals, protocol) VALUES('eip155:8453/erc20:0x55cD6469F597452B5A7536e2CD98fDE4c1247ee4', 'A', 8453, '0x55cD6469F597452B5A7536e2CD98fDE4c1247ee4', 18, NULL); INSERT INTO common_asset_details(identifier, symbol, coingecko, cryptocompare, forked, started, swapped_for) VALUES('eip155:8453/erc20:0x55cD6469F597452B5A7536e2CD98fDE4c1247ee4', 'LUNA', 'luna-by-virtuals', '', NULL, 1729083587, NULL);
*
INSERT INTO assets(identifier, name, type) VALUES('M3M3', 'M3M3', 'Y'); INSERT INTO common_asset_details(identifier, symbol, coingecko, cryptocompare, forked, started, swapped_for) VALUES('M3M3', 'M3M3', 'm3m3', 'M3M3', NULL, 1733330284, NULL);
*
INSERT INTO assets(identifier, name, type) VALUES('eip155:1/erc20:0xc283c54DF1d858570071a053057806ae73CB6A64', 'MetaCene', 'C'); INSERT INTO evm_tokens(identifier, token_kind, chain, address, decimals, protocol) VALUES('eip155:1/erc20:0xc283c54DF1d858570071a053057806ae73CB6A64', 'A', 1, '0xc283c54DF1d858570071a053057806ae73CB6A64', 18, NULL); INSERT INTO common_asset_details(identifier, symbol, coingecko, cryptocompare, forked, started, swapped_for) VALUES('eip155:1/erc20:0xc283c54DF1d858570071a053057806ae73CB6A64', 'MAK', 'metacene', 'MAK', NULL, 1724221547, NULL);
*
INSERT INTO assets(identifier, name, type) VALUES('eip155:137/erc20:0xEB7eaB87837f4Dad1bb80856db9E4506Fc441f3D', 'MEE Governance Token', 'C'); INSERT INTO evm_tokens(identifier, token_kind, chain, address, decimals, protocol) VALUES('eip155:137/erc20:0xEB7eaB87837f4Dad1bb80856db9E4506Fc441f3D', 'A', 137, '0xEB7eaB87837f4Dad1bb80856db9E4506Fc441f3D', 18, NULL); INSERT INTO common_asset_details(identifier, symbol, coingecko, cryptocompare, forked, started, swapped_for) VALUES('eip155:137/erc20:0xEB7eaB87837f4Dad1bb80856db9E4506Fc441f3D', 'MEE', 'medieval-empires', 'MEE', NULL, 1670366986, NULL);
*
INSERT INTO assets(identifier, name, type) VALUES('eip155:1/erc20:0x0000000000c5dc95539589fbD24BE07c6C14eCa4', 'Milady Cult Coin', 'C'); INSERT INTO evm_tokens(identifier, token_kind, chain, address, decimals, protocol) VALUES('eip155:1/erc20:0x0000000000c5dc95539589fbD24BE07c6C14eCa4', 'A', 1, '0x0000000000c5dc95539589fbD24BE07c6C14eCa4', 18, NULL); INSERT INTO common_asset_details(identifier, symbol, coingecko, cryptocompare, forked, started, swapped_for) VALUES('eip155:1/erc20:0x0000000000c5dc95539589fbD24BE07c6C14eCa4', 'CULT', 'milady-cult-coin', '', NULL, 1733188643, NULL);
*
INSERT INTO assets(identifier, name, type) VALUES('eip155:1/erc20:0x5d285F735998F36631F678FF41fb56A10A4d0429', 'MixMarvel Token', 'C'); INSERT INTO evm_tokens(identifier, token_kind, chain, address, decimals, protocol) VALUES('eip155:1/erc20:0x5d285F735998F36631F678FF41fb56A10A4d0429', 'A', 1, '0x5d285F735998F36631F678FF41fb56A10A4d0429', 18, NULL); INSERT INTO common_asset_details(identifier, symbol, coingecko, cryptocompare, forked, started, swapped_for) VALUES('eip155:1/erc20:0x5d285F735998F36631F678FF41fb56A10A4d0429', 'MIX', 'mixmarvel', 'MIX', NULL, 1555508275, NULL);
*
INSERT INTO assets(identifier, name, type) VALUES('eip155:56/erc20:0xCF1B55D79E824da0Ae0652F96C66fe33263d743f', 'MixMarvel Token', 'C'); INSERT INTO evm_tokens(identifier, token_kind, chain, address, decimals, protocol) VALUES('eip155:56/erc20:0xCF1B55D79E824da0Ae0652F96C66fe33263d743f', 'A', 56, '0xCF1B55D79E824da0Ae0652F96C66fe33263d743f', 18, NULL); INSERT INTO common_asset_details(identifier, symbol, coingecko, cryptocompare, forked, started, swapped_for) VALUES('eip155:56/erc20:0xCF1B55D79E824da0Ae0652F96C66fe33263d743f', 'MIX', 'mixmarvel', 'MIX', NULL, 1689304766, NULL);
*
INSERT INTO assets(identifier, name, type) VALUES('eip155:1/erc20:0x06904a21f2dB805487FcBDC3b3Fe9607dAaa5D54', 'Moonray', 'C'); INSERT INTO evm_tokens(identifier, token_kind, chain, address, decimals, protocol) VALUES('eip155:1/erc20:0x06904a21f2dB805487FcBDC3b3Fe9607dAaa5D54', 'A', 1, '0x06904a21f2dB805487FcBDC3b3Fe9607dAaa5D54', 18, NULL); INSERT INTO common_asset_details(identifier, symbol, coingecko, cryptocompare, forked, started, swapped_for) VALUES('eip155:1/erc20:0x06904a21f2dB805487FcBDC3b3Fe9607dAaa5D54', 'MNRY', 'moonray', '', NULL, 1656698957, NULL);
*
INSERT INTO assets(identifier, name, type) VALUES('eip155:1/erc20:0xF944e35f95E819E752f3cCB5Faf40957d311e8c5', 'Moca', 'C'); INSERT INTO evm_tokens(identifier, token_kind, chain, address, decimals, protocol) VALUES('eip155:1/erc20:0xF944e35f95E819E752f3cCB5Faf40957d311e8c5', 'A', 1, '0xF944e35f95E819E752f3cCB5Faf40957d311e8c5', 18, NULL); INSERT INTO common_asset_details(identifier, symbol, coingecko, cryptocompare, forked, started, swapped_for) VALUES('eip155:1/erc20:0xF944e35f95E819E752f3cCB5Faf40957d311e8c5', 'MOCA', 'mocaverse', 'MOCA', NULL, 1714017959, NULL);
*
INSERT INTO assets(identifier, name, type) VALUES('eip155:8453/erc20:0x084382D1cc4f4DFD1769b1cC1Ac2A9b1f8365e90', 'MODE', 'C'); INSERT INTO evm_tokens(identifier, token_kind, chain, address, decimals, protocol) VALUES('eip155:8453/erc20:0x084382D1cc4f4DFD1769b1cC1Ac2A9b1f8365e90', 'A', 8453, '0x084382D1cc4f4DFD1769b1cC1Ac2A9b1f8365e90', 18, NULL); INSERT INTO common_asset_details(identifier, symbol, coingecko, cryptocompare, forked, started, swapped_for) VALUES('eip155:8453/erc20:0x084382D1cc4f4DFD1769b1cC1Ac2A9b1f8365e90', 'MODE', 'mode', 'MODE', NULL, 1719552415, NULL);
*
INSERT INTO assets(identifier, name, type) VALUES('eip155:8453/erc20:0xeD2d13A70acbD61074fC56bd0d0845e35f793e5E', 'Planet Mojo', 'C'); INSERT INTO evm_tokens(identifier, token_kind, chain, address, decimals, protocol) VALUES('eip155:8453/erc20:0xeD2d13A70acbD61074fC56bd0d0845e35f793e5E', 'A', 8453, '0xeD2d13A70acbD61074fC56bd0d0845e35f793e5E', 18, NULL); INSERT INTO common_asset_details(identifier, symbol, coingecko, cryptocompare, forked, started, swapped_for) VALUES('eip155:8453/erc20:0xeD2d13A70acbD61074fC56bd0d0845e35f793e5E', 'MOJO', 'planet-mojo', '', NULL, 1719436607, NULL);
*
INSERT INTO assets(identifier, name, type) VALUES('eip155:1/erc20:0xeD2d13A70acbD61074fC56bd0d0845e35f793e5E', 'Planet Mojo', 'C'); INSERT INTO evm_tokens(identifier, token_kind, chain, address, decimals, protocol) VALUES('eip155:1/erc20:0xeD2d13A70acbD61074fC56bd0d0845e35f793e5E', 'A', 1, '0xeD2d13A70acbD61074fC56bd0d0845e35f793e5E', 18, NULL); INSERT INTO common_asset_details(identifier, symbol, coingecko, cryptocompare, forked, started, swapped_for) VALUES('eip155:1/erc20:0xeD2d13A70acbD61074fC56bd0d0845e35f793e5E', 'MOJO', 'planet-mojo', '', NULL, 1709556647, NULL);
*
INSERT INTO assets(identifier, name, type) VALUES('eip155:56/erc20:0x59E69094398AfbEA632F8Bd63033BdD2443a3Be1', 'Wise Monkey', 'C'); INSERT INTO evm_tokens(identifier, token_kind, chain, address, decimals, protocol) VALUES('eip155:56/erc20:0x59E69094398AfbEA632F8Bd63033BdD2443a3Be1', 'A', 56, '0x59E69094398AfbEA632F8Bd63033BdD2443a3Be1', 18, NULL); INSERT INTO common_asset_details(identifier, symbol, coingecko, cryptocompare, forked, started, swapped_for) VALUES('eip155:56/erc20:0x59E69094398AfbEA632F8Bd63033BdD2443a3Be1', 'MONKY', 'wise-monkey', 'MONKY', NULL, 1733820940, NULL);
*
INSERT INTO assets(identifier, name, type) VALUES('eip155:8453/erc20:0x8C9037D1Ef5c6D1f6816278C7AAF5491d24CD527', 'Moxie', 'C'); INSERT INTO evm_tokens(identifier, token_kind, chain, address, decimals, protocol) VALUES('eip155:8453/erc20:0x8C9037D1Ef5c6D1f6816278C7AAF5491d24CD527', 'A', 8453, '0x8C9037D1Ef5c6D1f6816278C7AAF5491d24CD527', 18, NULL); INSERT INTO common_asset_details(identifier, symbol, coingecko, cryptocompare, forked, started, swapped_for) VALUES('eip155:8453/erc20:0x8C9037D1Ef5c6D1f6816278C7AAF5491d24CD527', 'MOXIE', 'moxie', 'MOXIE', NULL, 1720024235, NULL);
*
INSERT INTO assets(identifier, name, type) VALUES('MSTAR', 'Merlin Starter', 'W'); INSERT INTO common_asset_details(identifier, symbol, coingecko, cryptocompare, forked, started, swapped_for) VALUES('MSTAR', 'MSTAR', 'merlin-starter', 'MSTAR', NULL, 1713089381, NULL);
*
INSERT INTO assets(identifier, name, type) VALUES('MTOS', 'MomoAI', 'Y'); INSERT INTO common_asset_details(identifier, symbol, coingecko, cryptocompare, forked, started, swapped_for) VALUES('MTOS', 'MTOS', 'momoai', '', NULL, 1734582728, NULL);
*
INSERT INTO assets(identifier, name, type) VALUES('eip155:1/erc20:0x9b79ea20a8258649401f8C58973281081D905b9F', 'Network3', 'C'); INSERT INTO evm_tokens(identifier, token_kind, chain, address, decimals, protocol) VALUES('eip155:1/erc20:0x9b79ea20a8258649401f8C58973281081D905b9F', 'A', 1, '0x9b79ea20a8258649401f8C58973281081D905b9F', 18, NULL); INSERT INTO common_asset_details(identifier, symbol, coingecko, cryptocompare, forked, started, swapped_for) VALUES('eip155:1/erc20:0x9b79ea20a8258649401f8C58973281081D905b9F', 'N3', 'network3', 'N3', NULL, 1736664491, NULL);
*
INSERT INTO assets(identifier, name, type) VALUES('NATIX', 'NATIX Network', 'Y'); INSERT INTO common_asset_details(identifier, symbol, coingecko, cryptocompare, forked, started, swapped_for) VALUES('NATIX', 'NATIX', 'natix-network', 'NATIX', NULL, 1714743450, NULL);
*
INSERT INTO assets(identifier, name, type) VALUES('eip155:8453/erc20:0x314d7f9e2f55B430ef656FBB98A7635D43a2261E', 'Naym', 'C'); INSERT INTO evm_tokens(identifier, token_kind, chain, address, decimals, protocol) VALUES('eip155:8453/erc20:0x314d7f9e2f55B430ef656FBB98A7635D43a2261E', 'A', 8453, '0x314d7f9e2f55B430ef656FBB98A7635D43a2261E', 18, NULL); INSERT INTO common_asset_details(identifier, symbol, coingecko, cryptocompare, forked, started, swapped_for) VALUES('eip155:8453/erc20:0x314d7f9e2f55B430ef656FBB98A7635D43a2261E', 'NAYM', 'naym', 'NAYM', NULL, 1728378429, NULL);
*
INSERT INTO assets(identifier, name, type) VALUES('eip155:1/erc20:0x524f61DEF05E5FA39482628C803Ba869899c07C6', 'NESS', 'C'); INSERT INTO evm_tokens(identifier, token_kind, chain, address, decimals, protocol) VALUES('eip155:1/erc20:0x524f61DEF05E5FA39482628C803Ba869899c07C6', 'A', 1, '0x524f61DEF05E5FA39482628C803Ba869899c07C6', 18, NULL); INSERT INTO common_asset_details(identifier, symbol, coingecko, cryptocompare, forked, started, swapped_for) VALUES('eip155:1/erc20:0x524f61DEF05E5FA39482628C803Ba869899c07C6', 'NESS', 'ness-lab', 'NESS', NULL, 1683617051, NULL);
*
INSERT INTO assets(identifier, name, type) VALUES('eip155:1/erc20:0x06561dC5CEdCc012a4EA68609b17d41499622E4c', 'NOOB', 'C'); INSERT INTO evm_tokens(identifier, token_kind, chain, address, decimals, protocol) VALUES('eip155:1/erc20:0x06561dC5CEdCc012a4EA68609b17d41499622E4c', 'A', 1, '0x06561dC5CEdCc012a4EA68609b17d41499622E4c', 18, NULL); INSERT INTO common_asset_details(identifier, symbol, coingecko, cryptocompare, forked, started, swapped_for) VALUES('eip155:1/erc20:0x06561dC5CEdCc012a4EA68609b17d41499622E4c', 'NOOB', 'noob', 'NOOB', NULL, 1725021887, NULL);
*
INSERT INTO assets(identifier, name, type) VALUES('eip155:56/erc20:0xCf10117b30C7a5FC7C77B611bFC2555610DD4B3A', 'NOTAI', 'C'); INSERT INTO evm_tokens(identifier, token_kind, chain, address, decimals, protocol) VALUES('eip155:56/erc20:0xCf10117b30C7a5FC7C77B611bFC2555610DD4B3A', 'A', 56, '0xCf10117b30C7a5FC7C77B611bFC2555610DD4B3A', 18, NULL); INSERT INTO common_asset_details(identifier, symbol, coingecko, cryptocompare, forked, started, swapped_for) VALUES('eip155:56/erc20:0xCf10117b30C7a5FC7C77B611bFC2555610DD4B3A', 'NOTAI', 'notai', 'NOTAI', NULL, 1722862480, NULL);
*
INSERT INTO assets(identifier, name, type) VALUES('eip155:42161/erc20:0xdadeca1167fe47499e53Eb50F261103630974905', 'Neuron', 'C'); INSERT INTO evm_tokens(identifier, token_kind, chain, address, decimals, protocol) VALUES('eip155:42161/erc20:0xdadeca1167fe47499e53Eb50F261103630974905', 'A', 42161, '0xdadeca1167fe47499e53Eb50F261103630974905', 18, NULL); INSERT INTO common_asset_details(identifier, symbol, coingecko, cryptocompare, forked, started, swapped_for) VALUES('eip155:42161/erc20:0xdadeca1167fe47499e53Eb50F261103630974905', 'NRN', 'neuron', 'NRN', NULL, 1717527783, NULL);
*
INSERT INTO assets(identifier, name, type) VALUES('NS', 'SuiNS Token', 'W'); INSERT INTO common_asset_details(identifier, symbol, coingecko, cryptocompare, forked, started, swapped_for) VALUES('NS', 'NS', 'suins-token', 'NS', NULL, 1723207500, NULL);
*
INSERT INTO assets(identifier, name, type) VALUES('NYAN', 'Nyan Heroes', 'Y'); INSERT INTO common_asset_details(identifier, symbol, coingecko, cryptocompare, forked, started, swapped_for) VALUES('NYAN', 'NYAN', 'nyan', '', NULL, 1714141828, NULL);
*
INSERT INTO assets(identifier, name, type) VALUES('eip155:42161/erc20:0x1CD9a56c8C2eA913c70319A44Da75e99255aa46f', 'Orbiter Token', 'C'); INSERT INTO evm_tokens(identifier, token_kind, chain, address, decimals, protocol) VALUES('eip155:42161/erc20:0x1CD9a56c8C2eA913c70319A44Da75e99255aa46f', 'A', 42161, '0x1CD9a56c8C2eA913c70319A44Da75e99255aa46f', 18, NULL); INSERT INTO common_asset_details(identifier, symbol, coingecko, cryptocompare, forked, started, swapped_for) VALUES('eip155:42161/erc20:0x1CD9a56c8C2eA913c70319A44Da75e99255aa46f', 'OBT', 'orbiter-finance', 'OBT', NULL, 1736857449, NULL);
*
INSERT INTO assets(identifier, name, type) VALUES('eip155:8453/erc20:0x514D8E8099286a13486Ef6C525C120f51C239B52', 'Orbiter Token', 'C'); INSERT INTO evm_tokens(identifier, token_kind, chain, address, decimals, protocol) VALUES('eip155:8453/erc20:0x514D8E8099286a13486Ef6C525C120f51C239B52', 'A', 8453, '0x514D8E8099286a13486Ef6C525C120f51C239B52', 18, NULL); INSERT INTO common_asset_details(identifier, symbol, coingecko, cryptocompare, forked, started, swapped_for) VALUES('eip155:8453/erc20:0x514D8E8099286a13486Ef6C525C120f51C239B52', 'OBT', 'orbiter-finance', 'OBT', NULL, 1736856699, NULL);
*
INSERT INTO assets(identifier, name, type) VALUES('eip155:43114/erc20:0xcCf719c44e2C36E919335692E89d22Cf13D6aaEB', 'OpenBlox Token', 'C'); INSERT INTO evm_tokens(identifier, token_kind, chain, address, decimals, protocol) VALUES('eip155:43114/erc20:0xcCf719c44e2C36E919335692E89d22Cf13D6aaEB', 'A', 43114, '0xcCf719c44e2C36E919335692E89d22Cf13D6aaEB', 18, NULL); INSERT INTO common_asset_details(identifier, symbol, coingecko, cryptocompare, forked, started, swapped_for) VALUES('eip155:43114/erc20:0xcCf719c44e2C36E919335692E89d22Cf13D6aaEB', 'OBX', 'openblox', 'OBX', NULL, 1655382598, NULL);
*
INSERT INTO assets(identifier, name, type) VALUES('eip155:1/erc20:0x188fb5f5Ae5BBE4154d5778F2bbb2Fb985c94d25', 'OpenBlox Token', 'C'); INSERT INTO evm_tokens(identifier, token_kind, chain, address, decimals, protocol) VALUES('eip155:1/erc20:0x188fb5f5Ae5BBE4154d5778F2bbb2Fb985c94d25', 'A', 1, '0x188fb5f5Ae5BBE4154d5778F2bbb2Fb985c94d25', 18, NULL); INSERT INTO common_asset_details(identifier, symbol, coingecko, cryptocompare, forked, started, swapped_for) VALUES('eip155:1/erc20:0x188fb5f5Ae5BBE4154d5778F2bbb2Fb985c94d25', 'OBX', 'openblox', 'OBX', NULL, 1677161387, NULL);
*
INSERT INTO assets(identifier, name, type) VALUES('eip155:42161/erc20:0x188fb5f5Ae5BBE4154d5778F2bbb2Fb985c94d25', 'OpenBlox Token', 'C'); INSERT INTO evm_tokens(identifier, token_kind, chain, address, decimals, protocol) VALUES('eip155:42161/erc20:0x188fb5f5Ae5BBE4154d5778F2bbb2Fb985c94d25', 'A', 42161, '0x188fb5f5Ae5BBE4154d5778F2bbb2Fb985c94d25', 18, NULL); INSERT INTO common_asset_details(identifier, symbol, coingecko, cryptocompare, forked, started, swapped_for) VALUES('eip155:42161/erc20:0x188fb5f5Ae5BBE4154d5778F2bbb2Fb985c94d25', 'OBX', 'openblox', 'OBX', NULL, 1677163765, NULL);
*
INSERT INTO assets(identifier, name, type) VALUES('eip155:1/erc20:0x2E7e487D84B5BAbA5878A9833fb394bC89633Fd7', 'OMNIA Protocol', 'C'); INSERT INTO evm_tokens(identifier, token_kind, chain, address, decimals, protocol) VALUES('eip155:1/erc20:0x2E7e487D84B5BAbA5878A9833fb394bC89633Fd7', 'A', 1, '0x2E7e487D84B5BAbA5878A9833fb394bC89633Fd7', 18, NULL); INSERT INTO common_asset_details(identifier, symbol, coingecko, cryptocompare, forked, started, swapped_for) VALUES('eip155:1/erc20:0x2E7e487D84B5BAbA5878A9833fb394bC89633Fd7', 'OMNIA', 'omnia', '', NULL, 1637663608, NULL);
*
INSERT INTO assets(identifier, name, type) VALUES('eip155:56/erc20:0xB53cc8303943582949b9a23f0556b0f0C41Fec98', 'OMNIA Protocol', 'C'); INSERT INTO evm_tokens(identifier, token_kind, chain, address, decimals, protocol) VALUES('eip155:56/erc20:0xB53cc8303943582949b9a23f0556b0f0C41Fec98', 'A', 56, '0xB53cc8303943582949b9a23f0556b0f0C41Fec98', 18, NULL); INSERT INTO common_asset_details(identifier, symbol, coingecko, cryptocompare, forked, started, swapped_for) VALUES('eip155:56/erc20:0xB53cc8303943582949b9a23f0556b0f0C41Fec98', 'OMNIA', 'omnia', '', NULL, 1712559429, NULL);
*
INSERT INTO assets(identifier, name, type) VALUES('ONE', 'Harmony', 'B'); INSERT INTO common_asset_details(identifier, symbol, coingecko, cryptocompare, forked, started, swapped_for) VALUES('ONE', 'ONE', 'harmony', 'ONE', NULL, 1559433600, NULL);
*
INSERT INTO assets(identifier, name, type) VALUES('eip155:56/erc20:0x5651fA7a726B9Ec0cAd00Ee140179912B6E73599', 'OORT', 'C'); INSERT INTO evm_tokens(identifier, token_kind, chain, address, decimals, protocol) VALUES('eip155:56/erc20:0x5651fA7a726B9Ec0cAd00Ee140179912B6E73599', 'A', 56, '0x5651fA7a726B9Ec0cAd00Ee140179912B6E73599', 18, NULL); INSERT INTO common_asset_details(identifier, symbol, coingecko, cryptocompare, forked, started, swapped_for) VALUES('eip155:56/erc20:0x5651fA7a726B9Ec0cAd00Ee140179912B6E73599', 'OORT', 'oort', 'OORT', NULL, 1721069333, NULL);
*
INSERT INTO assets(identifier, name, type) VALUES('eip155:1/erc20:0xF8e57AC2730D3088D98B79209739b0D5Ba085a03', 'Optopia AI', 'C'); INSERT INTO evm_tokens(identifier, token_kind, chain, address, decimals, protocol) VALUES('eip155:1/erc20:0xF8e57AC2730D3088D98B79209739b0D5Ba085a03', 'A', 1, '0xF8e57AC2730D3088D98B79209739b0D5Ba085a03', 18, NULL); INSERT INTO common_asset_details(identifier, symbol, coingecko, cryptocompare, forked, started, swapped_for) VALUES('eip155:1/erc20:0xF8e57AC2730D3088D98B79209739b0D5Ba085a03', 'OPAI', 'optopia-ai', '', NULL, 1715594603, NULL);
*
INSERT INTO assets(identifier, name, type) VALUES('eip155:1/erc20:0xABD4C63d2616A5201454168269031355f4764337', 'Orderly Network', 'C'); INSERT INTO evm_tokens(identifier, token_kind, chain, address, decimals, protocol) VALUES('eip155:1/erc20:0xABD4C63d2616A5201454168269031355f4764337', 'A', 1, '0xABD4C63d2616A5201454168269031355f4764337', 18, NULL); INSERT INTO common_asset_details(identifier, symbol, coingecko, cryptocompare, forked, started, swapped_for) VALUES('eip155:1/erc20:0xABD4C63d2616A5201454168269031355f4764337', 'ORDER', 'orderly-network', 'ORDER', NULL, 1722927947, NULL);
*
INSERT INTO assets(identifier, name, type) VALUES('eip155:10/erc20:0x4E200fE2f3eFb977d5fd9c430A41531FB04d97B8', 'Orderly Network', 'C'); INSERT INTO evm_tokens(identifier, token_kind, chain, address, decimals, protocol) VALUES('eip155:10/erc20:0x4E200fE2f3eFb977d5fd9c430A41531FB04d97B8', 'A', 10, '0x4E200fE2f3eFb977d5fd9c430A41531FB04d97B8', 18, NULL); INSERT INTO common_asset_details(identifier, symbol, coingecko, cryptocompare, forked, started, swapped_for) VALUES('eip155:10/erc20:0x4E200fE2f3eFb977d5fd9c430A41531FB04d97B8', 'ORDER', 'orderly-network', 'ORDER', NULL, 1722931103, NULL);
*
INSERT INTO assets(identifier, name, type) VALUES('eip155:42161/erc20:0x4E200fE2f3eFb977d5fd9c430A41531FB04d97B8', 'Orderly Network', 'C'); INSERT INTO evm_tokens(identifier, token_kind, chain, address, decimals, protocol) VALUES('eip155:42161/erc20:0x4E200fE2f3eFb977d5fd9c430A41531FB04d97B8', 'A', 42161, '0x4E200fE2f3eFb977d5fd9c430A41531FB04d97B8', 18, NULL); INSERT INTO common_asset_details(identifier, symbol, coingecko, cryptocompare, forked, started, swapped_for) VALUES('eip155:42161/erc20:0x4E200fE2f3eFb977d5fd9c430A41531FB04d97B8', 'ORDER', 'orderly-network', 'ORDER', NULL, 1722930965, NULL);
*
INSERT INTO assets(identifier, name, type) VALUES('eip155:137/erc20:0x4E200fE2f3eFb977d5fd9c430A41531FB04d97B8', 'Orderly Network', 'C'); INSERT INTO evm_tokens(identifier, token_kind, chain, address, decimals, protocol) VALUES('eip155:137/erc20:0x4E200fE2f3eFb977d5fd9c430A41531FB04d97B8', 'A', 137, '0x4E200fE2f3eFb977d5fd9c430A41531FB04d97B8', 18, NULL); INSERT INTO common_asset_details(identifier, symbol, coingecko, cryptocompare, forked, started, swapped_for) VALUES('eip155:137/erc20:0x4E200fE2f3eFb977d5fd9c430A41531FB04d97B8', 'ORDER', 'orderly-network', 'ORDER', NULL, 1722931153, NULL);
*
INSERT INTO assets(identifier, name, type) VALUES('eip155:8453/erc20:0x4E200fE2f3eFb977d5fd9c430A41531FB04d97B8', 'Orderly Network', 'C'); INSERT INTO evm_tokens(identifier, token_kind, chain, address, decimals, protocol) VALUES('eip155:8453/erc20:0x4E200fE2f3eFb977d5fd9c430A41531FB04d97B8', 'A', 8453, '0x4E200fE2f3eFb977d5fd9c430A41531FB04d97B8', 18, NULL); INSERT INTO common_asset_details(identifier, symbol, coingecko, cryptocompare, forked, started, swapped_for) VALUES('eip155:8453/erc20:0x4E200fE2f3eFb977d5fd9c430A41531FB04d97B8', 'ORDER', 'orderly-network', 'ORDER', NULL, 1722932827, NULL);
*
INSERT INTO assets(identifier, name, type) VALUES('eip155:56/erc20:0x9E711221B34A2d4B8F552BD5f4A6C4e7934920f7', 'Okratech', 'C'); INSERT INTO evm_tokens(identifier, token_kind, chain, address, decimals, protocol) VALUES('eip155:56/erc20:0x9E711221B34A2d4B8F552BD5f4A6C4e7934920f7', 'A', 56, '0x9E711221B34A2d4B8F552BD5f4A6C4e7934920f7', 8, NULL); INSERT INTO common_asset_details(identifier, symbol, coingecko, cryptocompare, forked, started, swapped_for) VALUES('eip155:56/erc20:0x9E711221B34A2d4B8F552BD5f4A6C4e7934920f7', 'ORT', 'okratech-token', 'ORT', NULL, 1637748739, NULL);
*
INSERT INTO assets(identifier, name, type) VALUES('PEAQ', 'peaq', 'B'); INSERT INTO common_asset_details(identifier, symbol, coingecko, cryptocompare, forked, started, swapped_for) VALUES('PEAQ', 'PEAQ', 'peaq-2', 'PEAQ', NULL, 1731369600, NULL);
*
INSERT INTO assets(identifier, name, type) VALUES('eip155:1/erc20:0x5Ee3188A3f8aDee1D736EdD4AE85000105C88f66', 'Pentagon', 'C'); INSERT INTO evm_tokens(identifier, token_kind, chain, address, decimals, protocol) VALUES('eip155:1/erc20:0x5Ee3188A3f8aDee1D736EdD4AE85000105C88f66', 'A', 1, '0x5Ee3188A3f8aDee1D736EdD4AE85000105C88f66', 18, NULL); INSERT INTO common_asset_details(identifier, symbol, coingecko, cryptocompare, forked, started, swapped_for) VALUES('eip155:1/erc20:0x5Ee3188A3f8aDee1D736EdD4AE85000105C88f66', 'PEN', 'pentagon-games', '', NULL, 1732612439, NULL);
*
INSERT INTO assets(identifier, name, type) VALUES('eip155:42161/erc20:0x291A50E611035b6562a2374B8B44dE70aA8d7896', 'Pentagon', 'C'); INSERT INTO evm_tokens(identifier, token_kind, chain, address, decimals, protocol) VALUES('eip155:42161/erc20:0x291A50E611035b6562a2374B8B44dE70aA8d7896', 'A', 42161, '0x291A50E611035b6562a2374B8B44dE70aA8d7896', 18, NULL); INSERT INTO common_asset_details(identifier, symbol, coingecko, cryptocompare, forked, started, swapped_for) VALUES('eip155:42161/erc20:0x291A50E611035b6562a2374B8B44dE70aA8d7896', 'PEN', 'pentagon-games', '', NULL, 1733315427, NULL);
*
INSERT INTO assets(identifier, name, type) VALUES('PGC', 'PiggyPiggyCoin', 'W'); INSERT INTO common_asset_details(identifier, symbol, coingecko, cryptocompare, forked, started, swapped_for) VALUES('PGC', 'PGC', 'piggypiggycoin', '', NULL, 1731673800, NULL);
*
INSERT INTO assets(identifier, name, type) VALUES('eip155:1/erc20:0xc328a59E7321747aEBBc49FD28d1b32C1af8d3b2', 'Phil', 'C'); INSERT INTO evm_tokens(identifier, token_kind, chain, address, decimals, protocol) VALUES('eip155:1/erc20:0xc328a59E7321747aEBBc49FD28d1b32C1af8d3b2', 'A', 1, '0xc328a59E7321747aEBBc49FD28d1b32C1af8d3b2', 18, NULL); INSERT INTO common_asset_details(identifier, symbol, coingecko, cryptocompare, forked, started, swapped_for) VALUES('eip155:1/erc20:0xc328a59E7321747aEBBc49FD28d1b32C1af8d3b2', 'PHIL', 'phil', 'PHIL', NULL, 1724847047, NULL);
*
INSERT INTO assets(identifier, name, type) VALUES('eip155:56/erc20:0x4b3a2187648902082db0a44e8235d57F3f23DD10', 'PINEYE', 'C'); INSERT INTO evm_tokens(identifier, token_kind, chain, address, decimals, protocol) VALUES('eip155:56/erc20:0x4b3a2187648902082db0a44e8235d57F3f23DD10', 'A', 56, '0x4b3a2187648902082db0a44e8235d57F3f23DD10', 18, NULL); INSERT INTO common_asset_details(identifier, symbol, coingecko, cryptocompare, forked, started, swapped_for) VALUES('eip155:56/erc20:0x4b3a2187648902082db0a44e8235d57F3f23DD10', 'PINEYE', 'pineye', 'PINEYE', NULL, 1731354517, NULL);
*
INSERT INTO assets(identifier, name, type) VALUES('eip155:1/erc20:0xd795eb12034C2b77d787a22292c26fab5f5C70Aa', 'Pixelverse', 'C'); INSERT INTO evm_tokens(identifier, token_kind, chain, address, decimals, protocol) VALUES('eip155:1/erc20:0xd795eb12034C2b77d787a22292c26fab5f5C70Aa', 'A', 1, '0xd795eb12034C2b77d787a22292c26fab5f5C70Aa', 18, NULL); INSERT INTO common_asset_details(identifier, symbol, coingecko, cryptocompare, forked, started, swapped_for) VALUES('eip155:1/erc20:0xd795eb12034C2b77d787a22292c26fab5f5C70Aa', 'PIXFI', 'pixelverse-xyz', 'PIXFI', NULL, 1716327287, NULL);
*
INSERT INTO assets(identifier, name, type) VALUES('eip155:1/erc20:0x0944D5848BD9F60A34Ba92aEa300d4286696Eb76', 'Palette Token', 'C'); INSERT INTO evm_tokens(identifier, token_kind, chain, address, decimals, protocol) VALUES('eip155:1/erc20:0x0944D5848BD9F60A34Ba92aEa300d4286696Eb76', 'A', 1, '0x0944D5848BD9F60A34Ba92aEa300d4286696Eb76', 18, NULL); INSERT INTO common_asset_details(identifier, symbol, coingecko, cryptocompare, forked, started, swapped_for) VALUES('eip155:1/erc20:0x0944D5848BD9F60A34Ba92aEa300d4286696Eb76', 'PLT', 'palette', '', NULL, 1621920154, NULL);
*
UPDATE common_asset_details SET started=1512694800 WHERE identifier='eip155:1/erc20:0xD8912C10681D8B21Fd3742244f44658dBA12264E';
INSERT INTO assets(identifier, name, type) VALUES('eip155:1/erc20:0xD8912C10681D8B21Fd3742244f44658dBA12264E', 'Pluton', 'C'); INSERT INTO evm_tokens(identifier, token_kind, chain, address, decimals, protocol) VALUES('eip155:1/erc20:0xD8912C10681D8B21Fd3742244f44658dBA12264E', 'A', 1, '0xD8912C10681D8B21Fd3742244f44658dBA12264E', 18, NULL); INSERT INTO common_asset_details(identifier, symbol, coingecko, cryptocompare, forked, started, swapped_for) VALUES('eip155:1/erc20:0xD8912C10681D8B21Fd3742244f44658dBA12264E', 'PLU', 'pluton', 'PLU', NULL, 1512694800, NULL);
INSERT INTO assets(identifier, name, type) VALUES('PNDR', 'Ponder One', 'W'); INSERT INTO common_asset_details(identifier, symbol, coingecko, cryptocompare, forked, started, swapped_for) VALUES('PNDR', 'PNDR', 'ponder-one', '', NULL, 1732060800, NULL);
*
INSERT INTO assets(identifier, name, type) VALUES('PONCH', 'Ponchiqs', 'W'); INSERT INTO common_asset_details(identifier, symbol, coingecko, cryptocompare, forked, started, swapped_for) VALUES('PONCH', 'PONCH', 'ponchiqs', 'PONCH', NULL, 1733492460, NULL);
*
INSERT INTO assets(identifier, name, type) VALUES('PURR', 'Purr', 'W'); INSERT INTO common_asset_details(identifier, symbol, coingecko, cryptocompare, forked, started, swapped_for) VALUES('PURR', 'PURR', 'purr-2', 'PURR', NULL, 1714698000, NULL);
*
INSERT INTO assets(identifier, name, type) VALUES('eip155:43114/erc20:0xf3E5914cA1F678E0A3a38031B5514682e3450919', 'InkFinance', 'C'); INSERT INTO evm_tokens(identifier, token_kind, chain, address, decimals, protocol) VALUES('eip155:43114/erc20:0xf3E5914cA1F678E0A3a38031B5514682e3450919', 'A', 43114, '0xf3E5914cA1F678E0A3a38031B5514682e3450919', 18, NULL); INSERT INTO common_asset_details(identifier, symbol, coingecko, cryptocompare, forked, started, swapped_for) VALUES('eip155:43114/erc20:0xf3E5914cA1F678E0A3a38031B5514682e3450919', 'QUILL', 'ink-finance', '', NULL, 1665466973, NULL);
*
UPDATE common_asset_details SET cryptocompare='RAIN', started=1639584435 WHERE identifier='eip155:56/erc20:0x6Bcd897D4BA5675F860C7418ddc034f6c5610114';
INSERT INTO assets(identifier, name, type) VALUES('eip155:56/erc20:0x6Bcd897D4BA5675F860C7418ddc034f6c5610114', 'Rainmaker Games', 'C'); INSERT INTO evm_tokens(identifier, token_kind, chain, address, decimals, protocol) VALUES('eip155:56/erc20:0x6Bcd897D4BA5675F860C7418ddc034f6c5610114', 'A', 56, '0x6Bcd897D4BA5675F860C7418ddc034f6c5610114', 18, NULL); INSERT INTO common_asset_details(identifier, symbol, coingecko, cryptocompare, forked, started, swapped_for) VALUES('eip155:56/erc20:0x6Bcd897D4BA5675F860C7418ddc034f6c5610114', 'RAIN', 'rainmaker-games', 'RAIN', NULL, 1639584435, NULL);
INSERT INTO assets(identifier, name, type) VALUES('READY', 'READY!', 'Y'); INSERT INTO common_asset_details(identifier, symbol, coingecko, cryptocompare, forked, started, swapped_for) VALUES('READY', 'READY', 'ready', '', NULL, 1732626120, NULL);
*
INSERT INTO assets(identifier, name, type) VALUES('REDO', 'Resistance Dog', 'W'); INSERT INTO common_asset_details(identifier, symbol, coingecko, cryptocompare, forked, started, swapped_for) VALUES('REDO', 'REDO', 'resistance-dog', 'REDO', NULL, 1705536000, NULL);
*
INSERT INTO assets(identifier, name, type) VALUES('RIFAMPICIN', 'Rifampicin', 'Y'); INSERT INTO common_asset_details(identifier, symbol, coingecko, cryptocompare, forked, started, swapped_for) VALUES('RIFAMPICIN', '$RIF', 'rifampicin', '', NULL, 1726909472, NULL);
*
INSERT INTO assets(identifier, name, type) VALUES('eip155:8453/erc20:0xE2B1dc2D4A3b4E59FDF0c47B71A7A86391a8B35a', 'RWA Inc', 'C'); INSERT INTO evm_tokens(identifier, token_kind, chain, address, decimals, protocol) VALUES('eip155:8453/erc20:0xE2B1dc2D4A3b4E59FDF0c47B71A7A86391a8B35a', 'A', 8453, '0xE2B1dc2D4A3b4E59FDF0c47B71A7A86391a8B35a', 18, NULL); INSERT INTO common_asset_details(identifier, symbol, coingecko, cryptocompare, forked, started, swapped_for) VALUES('eip155:8453/erc20:0xE2B1dc2D4A3b4E59FDF0c47B71A7A86391a8B35a', 'RWA', 'rwa-inc', 'RWA', NULL, 1731686141, NULL);
*
INSERT INTO assets(identifier, name, type) VALUES('eip155:56/erc20:0xE2B1dc2D4A3b4E59FDF0c47B71A7A86391a8B35a', 'RWA Inc', 'C'); INSERT INTO evm_tokens(identifier, token_kind, chain, address, decimals, protocol) VALUES('eip155:56/erc20:0xE2B1dc2D4A3b4E59FDF0c47B71A7A86391a8B35a', 'A', 56, '0xE2B1dc2D4A3b4E59FDF0c47B71A7A86391a8B35a', 18, NULL); INSERT INTO common_asset_details(identifier, symbol, coingecko, cryptocompare, forked, started, swapped_for) VALUES('eip155:56/erc20:0xE2B1dc2D4A3b4E59FDF0c47B71A7A86391a8B35a', 'RWA', 'rwa-inc', 'RWA', NULL, 1731686141, NULL);
*
INSERT INTO assets(identifier, name, type) VALUES('SLC', 'Silencio', 'W'); INSERT INTO common_asset_details(identifier, symbol, coingecko, cryptocompare, forked, started, swapped_for) VALUES('SLC', 'SLC', 'silencio', '', NULL, 1737676800, NULL);
*
INSERT INTO assets(identifier, name, type) VALUES('SLF', 'Self Chain', 'B'); INSERT INTO common_asset_details(identifier, symbol, coingecko, cryptocompare, forked, started, swapped_for) VALUES('SLF', 'SLF', 'self-chain', 'slf', NULL, 1724976000, NULL);
*
INSERT INTO assets(identifier, name, type) VALUES('eip155:1/erc20:0x6A9B3fdB4a3296eCba1EbFA2cF4A8B16032a769C', 'bitSmiley', 'C'); INSERT INTO evm_tokens(identifier, token_kind, chain, address, decimals, protocol) VALUES('eip155:1/erc20:0x6A9B3fdB4a3296eCba1EbFA2cF4A8B16032a769C', 'A', 1, '0x6A9B3fdB4a3296eCba1EbFA2cF4A8B16032a769C', 18, NULL); INSERT INTO common_asset_details(identifier, symbol, coingecko, cryptocompare, forked, started, swapped_for) VALUES('eip155:1/erc20:0x6A9B3fdB4a3296eCba1EbFA2cF4A8B16032a769C', 'SMILE', 'bitsmiley', '', NULL, 1727443223, NULL);
*
INSERT INTO assets(identifier, name, type) VALUES('SMH', 'Spacemesh', 'B'); INSERT INTO common_asset_details(identifier, symbol, coingecko, cryptocompare, forked, started, swapped_for) VALUES('SMH', '$SMH', 'self-chain', 'spacemesh', NULL, 1700092800, NULL);
*
INSERT INTO assets(identifier, name, type) VALUES('eip155:1/erc20:0xD3C68968137317a57a9bAbeacC7707Ec433548B4', 'Phavercoin', 'C'); INSERT INTO evm_tokens(identifier, token_kind, chain, address, decimals, protocol) VALUES('eip155:1/erc20:0xD3C68968137317a57a9bAbeacC7707Ec433548B4', 'A', 1, '0xD3C68968137317a57a9bAbeacC7707Ec433548B4', 18, NULL); INSERT INTO common_asset_details(identifier, symbol, coingecko, cryptocompare, forked, started, swapped_for) VALUES('eip155:1/erc20:0xD3C68968137317a57a9bAbeacC7707Ec433548B4', 'SOCIAL', 'phavercoin', 'social', NULL, 1724053823, NULL);
*
INSERT INTO assets(identifier, name, type) VALUES('eip155:8453/erc20:0xD3C68968137317a57a9bAbeacC7707Ec433548B4', 'Phavercoin', 'C'); INSERT INTO evm_tokens(identifier, token_kind, chain, address, decimals, protocol) VALUES('eip155:8453/erc20:0xD3C68968137317a57a9bAbeacC7707Ec433548B4', 'A', 8453, '0xD3C68968137317a57a9bAbeacC7707Ec433548B4', 18, NULL); INSERT INTO common_asset_details(identifier, symbol, coingecko, cryptocompare, forked, started, swapped_for) VALUES('eip155:8453/erc20:0xD3C68968137317a57a9bAbeacC7707Ec433548B4', 'SOCIAL', 'phavercoin', 'social', NULL, 1724053793, NULL);
*
INSERT INTO assets(identifier, name, type) VALUES('eip155:56/erc20:0xabE8E5CabE24Cb36df9540088fD7cE1175b9bc52', 'Solv', 'C'); INSERT INTO evm_tokens(identifier, token_kind, chain, address, decimals, protocol) VALUES('eip155:56/erc20:0xabE8E5CabE24Cb36df9540088fD7cE1175b9bc52', 'A', 56, '0xabE8E5CabE24Cb36df9540088fD7cE1175b9bc52', 18, NULL); INSERT INTO common_asset_details(identifier, symbol, coingecko, cryptocompare, forked, started, swapped_for) VALUES('eip155:56/erc20:0xabE8E5CabE24Cb36df9540088fD7cE1175b9bc52', 'SOLV', 'solv-protocol', 'solv', NULL, 1734929239, NULL);
*
INSERT INTO assets(identifier, name, type) VALUES('SONICSVM', 'Sonic SVM', 'Y'); INSERT INTO common_asset_details(identifier, symbol, coingecko, cryptocompare, forked, started, swapped_for) VALUES('SONICSVM', 'SONIC', 'sonic-svm', 'sonic', NULL, 1732817720, NULL);
*
INSERT INTO assets(identifier, name, type) VALUES('eip155:1/erc20:0x76A0e27618462bDAC7a29104bdcfFf4E6BFCea2D', 'SoSoValue', 'C'); INSERT INTO evm_tokens(identifier, token_kind, chain, address, decimals, protocol) VALUES('eip155:1/erc20:0x76A0e27618462bDAC7a29104bdcfFf4E6BFCea2D', 'A', 1, '0x76A0e27618462bDAC7a29104bdcfFf4E6BFCea2D', 18, NULL); INSERT INTO common_asset_details(identifier, symbol, coingecko, cryptocompare, forked, started, swapped_for) VALUES('eip155:1/erc20:0x76A0e27618462bDAC7a29104bdcfFf4E6BFCea2D', 'SOSO', 'sosovalue', 'soso', NULL, 1736599511, NULL);
*
INSERT INTO assets(identifier, name, type) VALUES('eip155:56/erc20:0x9025DaA1FE2D27700187e0EAc670818945F94c2E', 'Stage', 'C'); INSERT INTO evm_tokens(identifier, token_kind, chain, address, decimals, protocol) VALUES('eip155:56/erc20:0x9025DaA1FE2D27700187e0EAc670818945F94c2E', 'A', 56, '0x9025DaA1FE2D27700187e0EAc670818945F94c2E', 18, NULL); INSERT INTO common_asset_details(identifier, symbol, coingecko, cryptocompare, forked, started, swapped_for) VALUES('eip155:56/erc20:0x9025DaA1FE2D27700187e0EAc670818945F94c2E', 'STAGE', 'stage', '', NULL, 1718377281, NULL);
*
INSERT INTO assets(identifier, name, type) VALUES('eip155:1/erc20:0xB299751B088336E165dA313c33e3195B8c6663A6', 'StarHeroes', 'C'); INSERT INTO evm_tokens(identifier, token_kind, chain, address, decimals, protocol) VALUES('eip155:1/erc20:0xB299751B088336E165dA313c33e3195B8c6663A6', 'A', 1, '0xB299751B088336E165dA313c33e3195B8c6663A6', 18, NULL); INSERT INTO common_asset_details(identifier, symbol, coingecko, cryptocompare, forked, started, swapped_for) VALUES('eip155:1/erc20:0xB299751B088336E165dA313c33e3195B8c6663A6', 'STAR', 'starheroes', '', NULL, 1710229511, NULL);
*
INSERT INTO assets(identifier, name, type) VALUES('eip155:42161/erc20:0xB299751B088336E165dA313c33e3195B8c6663A6', 'StarHeroes', 'C'); INSERT INTO evm_tokens(identifier, token_kind, chain, address, decimals, protocol) VALUES('eip155:42161/erc20:0xB299751B088336E165dA313c33e3195B8c6663A6', 'A', 42161, '0xB299751B088336E165dA313c33e3195B8c6663A6', 18, NULL); INSERT INTO common_asset_details(identifier, symbol, coingecko, cryptocompare, forked, started, swapped_for) VALUES('eip155:42161/erc20:0xB299751B088336E165dA313c33e3195B8c6663A6', 'STAR', 'starheroes', '', NULL, 1709244341, NULL);
*
INSERT INTO assets(identifier, name, type) VALUES('eip155:1/erc20:0x4FC15c91a9c4A9efB404174464687E8e128730C2', 'STAT', 'C'); INSERT INTO evm_tokens(identifier, token_kind, chain, address, decimals, protocol) VALUES('eip155:1/erc20:0x4FC15c91a9c4A9efB404174464687E8e128730C2', 'A', 1, '0x4FC15c91a9c4A9efB404174464687E8e128730C2', 18, NULL); INSERT INTO common_asset_details(identifier, symbol, coingecko, cryptocompare, forked, started, swapped_for) VALUES('eip155:1/erc20:0x4FC15c91a9c4A9efB404174464687E8e128730C2', 'STAT', 'stat', 'stat', NULL, 1664285735, NULL);
*
INSERT INTO assets(identifier, name, type) VALUES('STREAM', 'Streamflow', 'Y'); INSERT INTO common_asset_details(identifier, symbol, coingecko, cryptocompare, forked, started, swapped_for) VALUES('STREAM', 'STREAM', 'streamflow', '', NULL, 1733221847, NULL);
*
INSERT INTO assets(identifier, name, type) VALUES('STOP', 'LETSTOP', 'Y'); INSERT INTO common_asset_details(identifier, symbol, coingecko, cryptocompare, forked, started, swapped_for) VALUES('STOP', 'STOP', 'letstop', '', NULL, 1730394281, NULL);
*
INSERT INTO assets(identifier, name, type) VALUES('STNK', 'Stonks', 'Y'); INSERT INTO common_asset_details(identifier, symbol, coingecko, cryptocompare, forked, started, swapped_for) VALUES('STNK', 'STNK', 'stonks-4', 'stnk', NULL, 1732618320, NULL);
*
INSERT INTO assets(identifier, name, type) VALUES('SUNDOG', 'Sundog', 'W'); INSERT INTO common_asset_details(identifier, symbol, coingecko, cryptocompare, forked, started, swapped_for) VALUES('SUNDOG', 'SUNDOG', 'sundog', 'sundog', NULL, 1723766400, NULL);
*
INSERT INTO assets(identifier, name, type) VALUES('SUPRA', 'Supra', 'B'); INSERT INTO common_asset_details(identifier, symbol, coingecko, cryptocompare, forked, started, swapped_for) VALUES('SUPRA', 'SUPRA', 'supra', 'supra', NULL, 1732716660, NULL);
*
INSERT INTO assets(identifier, name, type) VALUES('SVL', 'Slash Vision Labs', 'W'); INSERT INTO common_asset_details(identifier, symbol, coingecko, cryptocompare, forked, started, swapped_for) VALUES('SVL', 'SVL', 'slash-vision-labs', 'svl', NULL, 1714435200, NULL);
*
INSERT INTO assets(identifier, name, type) VALUES('SWARMS', 'Swarms', 'Y'); INSERT INTO common_asset_details(identifier, symbol, coingecko, cryptocompare, forked, started, swapped_for) VALUES('SWARMS', 'SWARMS', 'swarms', 'swarms', NULL, 1735015440, NULL);
*
INSERT INTO assets(identifier, name, type) VALUES('eip155:1/erc20:0xDA987c655ebC38C801DB64A8608bc1AA56Cd9a31', 'Synternet Token', 'C'); INSERT INTO evm_tokens(identifier, token_kind, chain, address, decimals, protocol) VALUES('eip155:1/erc20:0xDA987c655ebC38C801DB64A8608bc1AA56Cd9a31', 'A', 1, '0xDA987c655ebC38C801DB64A8608bc1AA56Cd9a31', 18, NULL); INSERT INTO common_asset_details(identifier, symbol, coingecko, cryptocompare, forked, started, swapped_for) VALUES('eip155:1/erc20:0xDA987c655ebC38C801DB64A8608bc1AA56Cd9a31', 'SYNT', 'synternet-synt', '', NULL, 1719167999, NULL);
*
INSERT INTO assets(identifier, name, type) VALUES('eip155:42161/erc20:0x0721b3C9f19cfeF1d622C918DcD431960f35E060', 'SYNTHR', 'C'); INSERT INTO evm_tokens(identifier, token_kind, chain, address, decimals, protocol) VALUES('eip155:42161/erc20:0x0721b3C9f19cfeF1d622C918DcD431960f35E060', 'A', 42161, '0x0721b3C9f19cfeF1d622C918DcD431960f35E060', 18, NULL); INSERT INTO common_asset_details(identifier, symbol, coingecko, cryptocompare, forked, started, swapped_for) VALUES('eip155:42161/erc20:0x0721b3C9f19cfeF1d622C918DcD431960f35E060', 'SYNTH', 'synthr', 'SYNTH', NULL, 1735985194, NULL);
*
INSERT INTO assets(identifier, name, type) VALUES('eip155:56/erc20:0x35bEdBF9291b22218a0dA863170dcC9329Ef2563', 'TAP Coin', 'C'); INSERT INTO evm_tokens(identifier, token_kind, chain, address, decimals, protocol) VALUES('eip155:56/erc20:0x35bEdBF9291b22218a0dA863170dcC9329Ef2563', 'A', 56, '0x35bEdBF9291b22218a0dA863170dcC9329Ef2563', 18, NULL); INSERT INTO common_asset_details(identifier, symbol, coingecko, cryptocompare, forked, started, swapped_for) VALUES('eip155:56/erc20:0x35bEdBF9291b22218a0dA863170dcC9329Ef2563', 'TAP', '', '', NULL, 1641286778, NULL);
*
INSERT INTO assets(identifier, name, type) VALUES('eip155:1/erc20:0x5e7F6e008C6d9D7AD4c7EB75Bd4ce62864cc7454', 'tap', 'C'); INSERT INTO evm_tokens(identifier, token_kind, chain, address, decimals, protocol) VALUES('eip155:1/erc20:0x5e7F6e008C6d9D7AD4c7EB75Bd4ce62864cc7454', 'A', 1, '0x5e7F6e008C6d9D7AD4c7EB75Bd4ce62864cc7454', 18, NULL); INSERT INTO common_asset_details(identifier, symbol, coingecko, cryptocompare, forked, started, swapped_for) VALUES('eip155:1/erc20:0x5e7F6e008C6d9D7AD4c7EB75Bd4ce62864cc7454', 'tap', 'tapify', '', NULL, 1727975963, NULL);
*
INSERT INTO assets(identifier, name, type) VALUES('eip155:8453/erc20:0x7A5f5CcD46EBd7aC30615836D988ca3BD57412b3', 'TAOCat by Virtuals', 'C'); INSERT INTO evm_tokens(identifier, token_kind, chain, address, decimals, protocol) VALUES('eip155:8453/erc20:0x7A5f5CcD46EBd7aC30615836D988ca3BD57412b3', 'A', 8453, '0x7A5f5CcD46EBd7aC30615836D988ca3BD57412b3', 18, NULL); INSERT INTO common_asset_details(identifier, symbol, coingecko, cryptocompare, forked, started, swapped_for) VALUES('eip155:8453/erc20:0x7A5f5CcD46EBd7aC30615836D988ca3BD57412b3', 'TAOCAT', 'taocat-by-virtuals', '', NULL, 1734583587, NULL);
*
INSERT INTO assets(identifier, name, type) VALUES('eip155:1/erc20:0xdebe620609674F21B1089042527F420372eA98A5', 'ALTAVA', 'C'); INSERT INTO evm_tokens(identifier, token_kind, chain, address, decimals, protocol) VALUES('eip155:1/erc20:0xdebe620609674F21B1089042527F420372eA98A5', 'A', 1, '0xdebe620609674F21B1089042527F420372eA98A5', 18, NULL); INSERT INTO common_asset_details(identifier, symbol, coingecko, cryptocompare, forked, started, swapped_for) VALUES('eip155:1/erc20:0xdebe620609674F21B1089042527F420372eA98A5', 'TAVA', 'altava', 'tava', NULL, 1651141135, NULL);
*
INSERT INTO assets(identifier, name, type) VALUES('eip155:8453/erc20:0x00309D634d11541b857f927BE91aD2f0bD78894c', 'Tevaera', 'C'); INSERT INTO evm_tokens(identifier, token_kind, chain, address, decimals, protocol) VALUES('eip155:8453/erc20:0x00309D634d11541b857f927BE91aD2f0bD78894c', 'A', 8453, '0x00309D634d11541b857f927BE91aD2f0bD78894c', 18, NULL); INSERT INTO common_asset_details(identifier, symbol, coingecko, cryptocompare, forked, started, swapped_for) VALUES('eip155:8453/erc20:0x00309D634d11541b857f927BE91aD2f0bD78894c', 'TEVA', 'tevaera', 'TEVA', NULL, 1737809175, NULL);
*
INSERT INTO assets(identifier, name, type) VALUES('eip155:1/erc20:0x2E95Cea14dd384429EB3c4331B776c4CFBB6FCD9', 'Throne', 'C'); INSERT INTO evm_tokens(identifier, token_kind, chain, address, decimals, protocol) VALUES('eip155:1/erc20:0x2E95Cea14dd384429EB3c4331B776c4CFBB6FCD9', 'A', 1, '0x2E95Cea14dd384429EB3c4331B776c4CFBB6FCD9', 18, NULL); INSERT INTO common_asset_details(identifier, symbol, coingecko, cryptocompare, forked, started, swapped_for) VALUES('eip155:1/erc20:0x2E95Cea14dd384429EB3c4331B776c4CFBB6FCD9', 'THN', 'throne', 'THN', NULL, 1621948583, NULL);
*
INSERT INTO assets(identifier, name, type) VALUES('THRUST', 'Thruster', 'W'); INSERT INTO common_asset_details(identifier, symbol, coingecko, cryptocompare, forked, started, swapped_for) VALUES('THRUST', 'THRUST', 'thruster', 'thrust', NULL, 1729555200, NULL);
*
INSERT INTO assets(identifier, name, type) VALUES('TRC', 'Terracoin', 'W'); INSERT INTO common_asset_details(identifier, symbol, coingecko, cryptocompare, forked, started, swapped_for) VALUES('TRC', 'TRC', 'terracoin', '', NULL, 1367107200, NULL);
*
INSERT INTO assets(identifier, name, type) VALUES('eip155:1/erc20:0xa02C49Da76A085e4E1EE60A6b920dDbC8db599F4', 'Shiba Inu Treat', 'C'); INSERT INTO evm_tokens(identifier, token_kind, chain, address, decimals, protocol) VALUES('eip155:1/erc20:0xa02C49Da76A085e4E1EE60A6b920dDbC8db599F4', 'A', 1, '0xa02C49Da76A085e4E1EE60A6b920dDbC8db599F4', 18, NULL); INSERT INTO common_asset_details(identifier, symbol, coingecko, cryptocompare, forked, started, swapped_for) VALUES('eip155:1/erc20:0xa02C49Da76A085e4E1EE60A6b920dDbC8db599F4', 'TREAT', 'shiba-inu-treat', '', NULL, 1735314743, NULL);
*
INSERT INTO assets(identifier, name, type) VALUES('TRISIG', 'Tri Sigma', 'Y'); INSERT INTO common_asset_details(identifier, symbol, coingecko, cryptocompare, forked, started, swapped_for) VALUES('TRISIG', 'TRISIG', 'tri-sigma', '', NULL, 1732289340, NULL);
*
INSERT INTO assets(identifier, name, type) VALUES('eip155:1/erc20:0x0828096494ad6252F0F853abFC5b6ec9dfe9fDAd', 'TeleportSystemToken', 'C'); INSERT INTO evm_tokens(identifier, token_kind, chain, address, decimals, protocol) VALUES('eip155:1/erc20:0x0828096494ad6252F0F853abFC5b6ec9dfe9fDAd', 'A', 1, '0x0828096494ad6252F0F853abFC5b6ec9dfe9fDAd', 18, NULL); INSERT INTO common_asset_details(identifier, symbol, coingecko, cryptocompare, forked, started, swapped_for) VALUES('eip155:1/erc20:0x0828096494ad6252F0F853abFC5b6ec9dfe9fDAd', 'TST', 'teleport-system-token', 'tst', NULL, 1713314111, NULL);
*
INSERT INTO assets(identifier, name, type) VALUES('eip155:1/erc20:0x558e7139800f8bc119F68D23a6126FFFD43a66a6', 'U2U Network', 'C'); INSERT INTO evm_tokens(identifier, token_kind, chain, address, decimals, protocol) VALUES('eip155:1/erc20:0x558e7139800f8bc119F68D23a6126FFFD43a66a6', 'A', 1, '0x558e7139800f8bc119F68D23a6126FFFD43a66a6', 18, NULL); INSERT INTO common_asset_details(identifier, symbol, coingecko, cryptocompare, forked, started, swapped_for) VALUES('eip155:1/erc20:0x558e7139800f8bc119F68D23a6126FFFD43a66a6', 'U2U', 'unicorn-ultra', '', NULL, 1732106411, NULL);
*
INSERT INTO assets(identifier, name, type) VALUES('eip155:1/erc20:0x01aaC2b594F7bdBeC740F0F1AA22910EbB4B74Ab', 'Unio Coin', 'C'); INSERT INTO evm_tokens(identifier, token_kind, chain, address, decimals, protocol) VALUES('eip155:1/erc20:0x01aaC2b594F7bdBeC740F0F1AA22910EbB4B74Ab', 'A', 1, '0x01aaC2b594F7bdBeC740F0F1AA22910EbB4B74Ab', 18, NULL); INSERT INTO common_asset_details(identifier, symbol, coingecko, cryptocompare, forked, started, swapped_for) VALUES('eip155:1/erc20:0x01aaC2b594F7bdBeC740F0F1AA22910EbB4B74Ab', 'UNIO', 'unio-coin', 'unio', NULL, 1712921759, NULL);
*
INSERT INTO assets(identifier, name, type) VALUES('eip155:8453/erc20:0x01aaC2b594F7bdBeC740F0F1AA22910EbB4B74Ab', 'Unio Coin', 'C'); INSERT INTO evm_tokens(identifier, token_kind, chain, address, decimals, protocol) VALUES('eip155:8453/erc20:0x01aaC2b594F7bdBeC740F0F1AA22910EbB4B74Ab', 'A', 8453, '0x01aaC2b594F7bdBeC740F0F1AA22910EbB4B74Ab', 18, NULL); INSERT INTO common_asset_details(identifier, symbol, coingecko, cryptocompare, forked, started, swapped_for) VALUES('eip155:8453/erc20:0x01aaC2b594F7bdBeC740F0F1AA22910EbB4B74Ab', 'UNIO', 'unio-coin', 'unio', NULL, 1712922025, NULL);
*
INSERT INTO assets(identifier, name, type) VALUES('eip155:1/erc20:0xC4441c2BE5d8fA8126822B9929CA0b81Ea0DE38E', 'USUAL', 'C'); INSERT INTO evm_tokens(identifier, token_kind, chain, address, decimals, protocol) VALUES('eip155:1/erc20:0xC4441c2BE5d8fA8126822B9929CA0b81Ea0DE38E', 'A', 1, '0xC4441c2BE5d8fA8126822B9929CA0b81Ea0DE38E', 18, NULL); INSERT INTO common_asset_details(identifier, symbol, coingecko, cryptocompare, forked, started, swapped_for) VALUES('eip155:1/erc20:0xC4441c2BE5d8fA8126822B9929CA0b81Ea0DE38E', 'USUAL', 'usual', 'usual', NULL, 1731492515, NULL);
*
INSERT INTO assets(identifier, name, type) VALUES('VANA', 'Vana', 'B'); INSERT INTO common_asset_details(identifier, symbol, coingecko, cryptocompare, forked, started, swapped_for) VALUES('VANA', 'VANA', 'vana', 'vana', NULL, 1734307200, NULL);
*
INSERT INTO assets(identifier, name, type) VALUES('eip155:56/erc20:0xB96D0f29a0aC9AF4a32835e90EC6531389765089', 'Vapor Token', 'C'); INSERT INTO evm_tokens(identifier, token_kind, chain, address, decimals, protocol) VALUES('eip155:56/erc20:0xB96D0f29a0aC9AF4a32835e90EC6531389765089', 'A', 56, '0xB96D0f29a0aC9AF4a32835e90EC6531389765089', 18, NULL); INSERT INTO common_asset_details(identifier, symbol, coingecko, cryptocompare, forked, started, swapped_for) VALUES('eip155:56/erc20:0xB96D0f29a0aC9AF4a32835e90EC6531389765089', 'VPR', 'vapor-wallet', 'vpr', NULL, 1702995707, NULL);
*
INSERT INTO assets(identifier, name, type) VALUES('WAT', 'WATCoin', 'W'); INSERT INTO common_asset_details(identifier, symbol, coingecko, cryptocompare, forked, started, swapped_for) VALUES('WAT', 'WAT', 'watcoin', 'WAT', NULL, 1727088240, NULL);
*
INSERT INTO assets(identifier, name, type) VALUES('eip155:56/erc20:0xb994882a1b9bd98A71Dd6ea5F61577c42848B0E8', 'World of Dypians', 'C'); INSERT INTO evm_tokens(identifier, token_kind, chain, address, decimals, protocol) VALUES('eip155:56/erc20:0xb994882a1b9bd98A71Dd6ea5F61577c42848B0E8', 'A', 56, '0xb994882a1b9bd98A71Dd6ea5F61577c42848B0E8', 18, NULL); INSERT INTO common_asset_details(identifier, symbol, coingecko, cryptocompare, forked, started, swapped_for) VALUES('eip155:56/erc20:0xb994882a1b9bd98A71Dd6ea5F61577c42848B0E8', 'WoD', 'world-of-dypians', '', NULL, 1721393441, NULL);
*
INSERT INTO assets(identifier, name, type) VALUES('eip155:1/erc20:0x5027Fc44a7Ba114B8f494B1e4970900C6652FEDF', 'Arcana Network', 'C'); INSERT INTO evm_tokens(identifier, token_kind, chain, address, decimals, protocol) VALUES('eip155:1/erc20:0x5027Fc44a7Ba114B8f494B1e4970900C6652FEDF', 'A', 1, '0x5027Fc44a7Ba114B8f494B1e4970900C6652FEDF', 18, NULL); INSERT INTO common_asset_details(identifier, symbol, coingecko, cryptocompare, forked, started, swapped_for) VALUES('eip155:1/erc20:0x5027Fc44a7Ba114B8f494B1e4970900C6652FEDF', 'XAR', 'arcana-token', 'xar', NULL, 1706702615, NULL);
*
INSERT INTO assets(identifier, name, type) VALUES('XION', 'XION', 'B'); INSERT INTO common_asset_details(identifier, symbol, coingecko, cryptocompare, forked, started, swapped_for) VALUES('XION', 'XION', 'xion-2', 'xion', NULL, 1733356800, NULL);
*
INSERT INTO assets(identifier, name, type) VALUES('eip155:56/erc20:0x103071Da56e7cD95b415320760D6a0dDC4DA1ca5', 'Xterio', 'C'); INSERT INTO evm_tokens(identifier, token_kind, chain, address, decimals, protocol) VALUES('eip155:56/erc20:0x103071Da56e7cD95b415320760D6a0dDC4DA1ca5', 'A', 56, '0x103071Da56e7cD95b415320760D6a0dDC4DA1ca5', 18, NULL); INSERT INTO common_asset_details(identifier, symbol, coingecko, cryptocompare, forked, started, swapped_for) VALUES('eip155:56/erc20:0x103071Da56e7cD95b415320760D6a0dDC4DA1ca5', 'XTER', 'xterio', '', NULL, 1733672970, NULL);
*
INSERT INTO assets(identifier, name, type) VALUES('eip155:1/erc20:0x4eDDb15A0abfa2c349e8065aF9214E942d9A6D36', 'XYRO', 'C'); INSERT INTO evm_tokens(identifier, token_kind, chain, address, decimals, protocol) VALUES('eip155:1/erc20:0x4eDDb15A0abfa2c349e8065aF9214E942d9A6D36', 'A', 1, '0x4eDDb15A0abfa2c349e8065aF9214E942d9A6D36', 18, NULL); INSERT INTO common_asset_details(identifier, symbol, coingecko, cryptocompare, forked, started, swapped_for) VALUES('eip155:1/erc20:0x4eDDb15A0abfa2c349e8065aF9214E942d9A6D36', 'XYRO', 'xyro', '', NULL, 1736169419, NULL);
*
INSERT INTO assets(identifier, name, type) VALUES('eip155:42161/erc20:0xAeAC3b55c3522157ecdA7EC8fcB86C832fAA28aF', 'XYRO', 'C'); INSERT INTO evm_tokens(identifier, token_kind, chain, address, decimals, protocol) VALUES('eip155:42161/erc20:0xAeAC3b55c3522157ecdA7EC8fcB86C832fAA28aF', 'A', 42161, '0xAeAC3b55c3522157ecdA7EC8fcB86C832fAA28aF', 18, NULL); INSERT INTO common_asset_details(identifier, symbol, coingecko, cryptocompare, forked, started, swapped_for) VALUES('eip155:42161/erc20:0xAeAC3b55c3522157ecdA7EC8fcB86C832fAA28aF', 'XYRO', 'xyro', '', NULL, 1736169647, NULL);
*
INSERT INTO assets(identifier, name, type) VALUES('YULI', 'YULI', 'W'); INSERT INTO common_asset_details(identifier, symbol, coingecko, cryptocompare, forked, started, swapped_for) VALUES('YULI', 'YULI', 'yuli', 'yuli', NULL, 1737676800, NULL);
*
INSERT INTO assets(identifier, name, type) VALUES('eip155:8453/erc20:0xF56B3b3972F2f154555a0b62FF5A22b7b2A3C90B', 'ZAP', 'C'); INSERT INTO evm_tokens(identifier, token_kind, chain, address, decimals, protocol) VALUES('eip155:8453/erc20:0xF56B3b3972F2f154555a0b62FF5A22b7b2A3C90B', 'A', 8453, '0xF56B3b3972F2f154555a0b62FF5A22b7b2A3C90B', 18, NULL); INSERT INTO common_asset_details(identifier, symbol, coingecko, cryptocompare, forked, started, swapped_for) VALUES('eip155:8453/erc20:0xF56B3b3972F2f154555a0b62FF5A22b7b2A3C90B', 'ZAP', 'zap-2', 'ZAP', NULL, 1727285367, NULL);
*
INSERT INTO assets(identifier, name, type) VALUES('eip155:1/erc20:0xfd418e42783382E86Ae91e445406600Ba144D162', 'Zircuit', 'C'); INSERT INTO evm_tokens(identifier, token_kind, chain, address, decimals, protocol) VALUES('eip155:1/erc20:0xfd418e42783382E86Ae91e445406600Ba144D162', 'A', 1, '0xfd418e42783382E86Ae91e445406600Ba144D162', 18, NULL); INSERT INTO common_asset_details(identifier, symbol, coingecko, cryptocompare, forked, started, swapped_for) VALUES('eip155:1/erc20:0xfd418e42783382E86Ae91e445406600Ba144D162', 'ZRC', 'zircuit', '', NULL, 1722714659, NULL);
*
INSERT INTO assets(identifier, name, type) VALUES('eip155:1/erc20:0xfC385A1dF85660a7e041423DB512f779070FCede', 'ZKLink', 'C'); INSERT INTO evm_tokens(identifier, token_kind, chain, address, decimals, protocol) VALUES('eip155:1/erc20:0xfC385A1dF85660a7e041423DB512f779070FCede', 'A', 1, '0xfC385A1dF85660a7e041423DB512f779070FCede', 18, NULL); INSERT INTO common_asset_details(identifier, symbol, coingecko, cryptocompare, forked, started, swapped_for) VALUES('eip155:1/erc20:0xfC385A1dF85660a7e041423DB512f779070FCede', 'ZKL', 'zklink', 'zkl', NULL, 1712927711, NULL);
*
INSERT INTO assets(identifier, name, type) VALUES('ZEX', 'Zeta', 'W'); INSERT INTO common_asset_details(identifier, symbol, coingecko, cryptocompare, forked, started, swapped_for) VALUES('ZEX', 'ZEX', 'zeta', 'zex', NULL, 1719446400, NULL);
*
INSERT INTO assets(identifier, name, type) VALUES('HYPE', 'Hyperliquid', 'W'); INSERT INTO common_asset_details(identifier, symbol, coingecko, cryptocompare, forked, started, swapped_for) VALUES('HYPE', 'HYPE', 'hyperliquid', 'hype', NULL, 1732877520, NULL);
*
INSERT INTO assets(identifier, name, type) VALUES('eip155:1/erc20:0x60158131416F5e53D55D73A11BE2E203cB26Abcc', 'HYPER', 'C'); INSERT INTO evm_tokens(identifier, token_kind, chain, address, decimals, protocol) VALUES('eip155:1/erc20:0x60158131416F5e53D55D73A11BE2E203cB26Abcc', 'A', 1, '0x60158131416F5e53D55D73A11BE2E203cB26Abcc', 8, NULL); INSERT INTO common_asset_details(identifier, symbol, coingecko, cryptocompare, forked, started, swapped_for) VALUES('eip155:1/erc20:0x60158131416F5e53D55D73A11BE2E203cB26Abcc', 'EON', 'hyper-3', '', NULL, 1696539515, NULL);
*
INSERT INTO assets(identifier, name, type) VALUES('BCX', 'BitcoinX', 'W'); INSERT INTO common_asset_details(identifier, symbol, coingecko, cryptocompare, forked, started, swapped_for) VALUES('BCX', 'BCX', 'bitcoinx', 'bcx', NULL, 1513728000, NULL);
*
INSERT INTO assets(identifier, name, type) VALUES('SBTC', 'Super Bitcoin', 'W'); INSERT INTO common_asset_details(identifier, symbol, coingecko, cryptocompare, forked, started, swapped_for) VALUES('SBTC', 'SBTC', '', 'sbtc', NULL, 1513382400, NULL);
*
INSERT INTO assets(identifier, name, type) VALUES('eip155:56/erc20:0x516f8a1fB458EBdcFd0F544fF85c69C1c0Ebc31d', 'Shieldeum', 'C'); INSERT INTO evm_tokens(identifier, token_kind, chain, address, decimals, protocol) VALUES('eip155:56/erc20:0x516f8a1fB458EBdcFd0F544fF85c69C1c0Ebc31d', 'A', 56, '0x516f8a1fB458EBdcFd0F544fF85c69C1c0Ebc31d', 18, NULL); INSERT INTO common_asset_details(identifier, symbol, coingecko, cryptocompare, forked, started, swapped_for) VALUES('eip155:56/erc20:0x516f8a1fB458EBdcFd0F544fF85c69C1c0Ebc31d', 'SDM', 'shieldeum', 'SDM', NULL, 1726475604, NULL);
*
INSERT INTO assets(identifier, name, type) VALUES('eip155:8453/erc20:0x9cfe02Eb040C6F5718126128DBBa0c1d364d9c07', 'Shieldeum', 'C'); INSERT INTO evm_tokens(identifier, token_kind, chain, address, decimals, protocol) VALUES('eip155:8453/erc20:0x9cfe02Eb040C6F5718126128DBBa0c1d364d9c07', 'A', 8453, '0x9cfe02Eb040C6F5718126128DBBa0c1d364d9c07', 18, NULL); INSERT INTO common_asset_details(identifier, symbol, coingecko, cryptocompare, forked, started, swapped_for) VALUES('eip155:8453/erc20:0x9cfe02Eb040C6F5718126128DBBa0c1d364d9c07', 'SDM', 'shieldeum', 'SDM', NULL, 1738811563, NULL);
*
INSERT INTO assets(identifier, name, type) VALUES('eip155:8453/erc20:0x63706e401c06ac8513145b7687A14804d17f814b', 'Aave', 'C'); INSERT INTO evm_tokens(identifier, token_kind, chain, address, decimals, protocol) VALUES('eip155:8453/erc20:0x63706e401c06ac8513145b7687A14804d17f814b', 'A', 8453, '0x63706e401c06ac8513145b7687A14804d17f814b', 18, NULL); INSERT INTO common_asset_details(identifier, symbol, coingecko, cryptocompare, forked, started, swapped_for) VALUES('eip155:8453/erc20:0x63706e401c06ac8513145b7687A14804d17f814b', 'AAVE', 'aave', 'AAVE', NULL, 1735833683, NULL);
*
INSERT INTO assets(identifier, name, type) VALUES('LVN', 'Levana', 'W'); INSERT INTO common_asset_details(identifier, symbol, coingecko, cryptocompare, forked, started, swapped_for) VALUES('LVN', 'LVN', 'levana-protocol', '', NULL, 1702234800, NULL);
*
INSERT INTO assets(identifier, name, type) VALUES('BULL', 'Tron Bull', 'P'); INSERT INTO common_asset_details(identifier, symbol, coingecko, cryptocompare, forked, started, swapped_for) VALUES('BULL', 'BULL', 'tron-bull', '', NULL, 1724315061, NULL);
*
INSERT INTO assets(identifier, name, type) VALUES('SLOP', 'Slop', 'Y'); INSERT INTO common_asset_details(identifier, symbol, coingecko, cryptocompare, forked, started, swapped_for) VALUES('SLOP', 'SLOP', 'slop', 'SLOP', NULL, 1729279077, NULL);
*
INSERT INTO assets(identifier, name, type) VALUES('BULLY', 'Dolos The Bully', 'Y'); INSERT INTO common_asset_details(identifier, symbol, coingecko, cryptocompare, forked, started, swapped_for) VALUES('BULLY', 'BULLY', 'dolos-the-bully', 'BULLY', NULL, 1729117026, NULL);
*
INSERT INTO assets(identifier, name, type) VALUES('STRX', 'Staked TRX', 'P'); INSERT INTO common_asset_details(identifier, symbol, coingecko, cryptocompare, forked, started, swapped_for) VALUES('STRX', 'STRX', 'staked-trx', 'STRX', NULL, 1681445834, NULL);
*
INSERT INTO assets(identifier, name, type) VALUES('SUNWUKONG', 'SunWukong', 'P'); INSERT INTO common_asset_details(identifier, symbol, coingecko, cryptocompare, forked, started, swapped_for) VALUES('SUNWUKONG', 'SUNWUKONG', 'sunwukong', 'SUNWUKONG', NULL, 1723770573, NULL);
*
INSERT INTO assets(identifier, name, type) VALUES('ACTSOL', 'Act I The AI Prophecy', 'Y'); INSERT INTO common_asset_details(identifier, symbol, coingecko, cryptocompare, forked, started, swapped_for) VALUES('ACTSOL', 'ACT', 'act-i-the-ai-prophecy', 'ACT', NULL, 1729337229, NULL);
*
INSERT INTO assets(identifier, name, type) VALUES('DEGENAI', 'Degen Spartan AI', 'Y'); INSERT INTO common_asset_details(identifier, symbol, coingecko, cryptocompare, forked, started, swapped_for) VALUES('DEGENAI', 'DEGENAI', 'degen-spartan-ai', 'DEGENAI', NULL, 1729478112, NULL);
*
INSERT INTO assets(identifier, name, type) VALUES('HGG', 'Hedera Guild Game', 'W'); INSERT INTO common_asset_details(identifier, symbol, coingecko, cryptocompare, forked, started, swapped_for) VALUES('HGG', 'HGG', 'hedera-guild-game', '', NULL, 1723467335, NULL);
*
INSERT INTO assets(identifier, name, type) VALUES('CLORE', 'Clore.ai', 'B'); INSERT INTO common_asset_details(identifier, symbol, coingecko, cryptocompare, forked, started, swapped_for) VALUES('CLORE', 'CLORE', 'clore-ai', 'CLORE', NULL, 1733356800, NULL);
*
INSERT INTO assets(identifier, name, type) VALUES('NEUR', 'neur.sh', 'Y'); INSERT INTO common_asset_details(identifier, symbol, coingecko, cryptocompare, forked, started, swapped_for) VALUES('NEUR', 'NEUR', 'neur-sh', '', NULL, 1734987919, NULL);
*
INSERT INTO assets(identifier, name, type) VALUES('GRIFT', 'ORBIT', 'Y'); INSERT INTO common_asset_details(identifier, symbol, coingecko, cryptocompare, forked, started, swapped_for) VALUES('GRIFT', 'GRIFT', 'orbit-3', 'GRIFT', NULL, 1733493695, NULL);
*
INSERT INTO assets(identifier, name, type) VALUES('BLD', 'Agoric', 'W'); INSERT INTO common_asset_details(identifier, symbol, coingecko, cryptocompare, forked, started, swapped_for) VALUES('BLD', 'BLD', 'agoric', 'BLD', NULL, 1661760000, NULL);
*
INSERT INTO assets(identifier, name, type) VALUES('MUNCAT', 'MUNCAT', 'P'); INSERT INTO common_asset_details(identifier, symbol, coingecko, cryptocompare, forked, started, swapped_for) VALUES('MUNCAT', 'MUNCAT', 'muncat', 'MUNCAT', NULL, 1724252310, NULL);
*
INSERT INTO assets(identifier, name, type) VALUES('AVACN', 'AVACOIN', 'W'); INSERT INTO common_asset_details(identifier, symbol, coingecko, cryptocompare, forked, started, swapped_for) VALUES('AVACN', 'AVACN', 'avacoin', 'AVACN', NULL, 1722283200, NULL);
*
INSERT INTO assets(identifier, name, type) VALUES('AB', 'AB', 'B'); INSERT INTO common_asset_details(identifier, symbol, coingecko, cryptocompare, forked, started, swapped_for) VALUES('AB', 'AB', 'newton-project', '', NULL, 1555531200, NULL);
*
INSERT INTO assets(identifier, name, type) VALUES('ELIZA', 'Eliza', 'Y'); INSERT INTO common_asset_details(identifier, symbol, coingecko, cryptocompare, forked, started, swapped_for) VALUES('ELIZA', 'ELIZA', 'eliza', 'ELIZA', NULL, 1731996101, NULL);
*
INSERT INTO assets(identifier, name, type) VALUES('PUNDU', 'Pundu', 'Y'); INSERT INTO common_asset_details(identifier, symbol, coingecko, cryptocompare, forked, started, swapped_for) VALUES('PUNDU', 'PUNDU', 'pundu', 'PUNDU', NULL, 1711362242, NULL);
*
INSERT INTO assets(identifier, name, type) VALUES('SLOTH', 'Slothana', 'Y'); INSERT INTO common_asset_details(identifier, symbol, coingecko, cryptocompare, forked, started, swapped_for) VALUES('SLOTH', 'SLOTH', 'slothana', '', NULL, 1714571442, NULL);
*
INSERT INTO assets(identifier, name, type) VALUES('LAYER', 'Solayer', 'Y'); INSERT INTO common_asset_details(identifier, symbol, coingecko, cryptocompare, forked, started, swapped_for) VALUES('LAYER', 'LAYER', 'solayer', 'LAYER', NULL, 1736444928, NULL);
*
INSERT INTO assets(identifier, name, type) VALUES('ELU', 'Elumia', 'Y'); INSERT INTO common_asset_details(identifier, symbol, coingecko, cryptocompare, forked, started, swapped_for) VALUES('ELU', 'ELU', 'elumia', 'ELU', NULL, 1650916800, NULL);
*
INSERT INTO assets(identifier, name, type) VALUES('AI16ZELIZA', 'ai16zeliza', 'Y'); INSERT INTO common_asset_details(identifier, symbol, coingecko, cryptocompare, forked, started, swapped_for) VALUES('AI16ZELIZA', 'ELIZA', 'ai16zeliza', 'ELIZ', NULL, 1650916800, NULL);
*
INSERT INTO assets(identifier, name, type) VALUES('DIO', 'Decimated', 'Y'); INSERT INTO common_asset_details(identifier, symbol, coingecko, cryptocompare, forked, started, swapped_for) VALUES('DIO', 'DIO', 'decimated', 'DIO', NULL, 1557259200, NULL);
*
INSERT INTO assets(identifier, name, type) VALUES('IVFUN', 'Invest Zone', 'P'); INSERT INTO common_asset_details(identifier, symbol, coingecko, cryptocompare, forked, started, swapped_for) VALUES('IVFUN', 'IVFUN', 'invest-zone', 'IVFUN', NULL, 1723878219, NULL);
*
INSERT INTO assets(identifier, name, type) VALUES('SPORE', 'Spore', 'Y'); INSERT INTO common_asset_details(identifier, symbol, coingecko, cryptocompare, forked, started, swapped_for) VALUES('SPORE', 'SPORE', 'spore-2', '', NULL, 1734925124, NULL);
*
INSERT INTO assets(identifier, name, type) VALUES('LESTER', 'Litecoin Mascot', 'Y'); INSERT INTO common_asset_details(identifier, symbol, coingecko, cryptocompare, forked, started, swapped_for) VALUES('LESTER', 'LESTER', 'litecoin-mascot', 'LESTER', NULL, 1731561419, NULL);
*
INSERT INTO assets(identifier, name, type) VALUES('LWA', 'LumiWave', 'W'); INSERT INTO common_asset_details(identifier, symbol, coingecko, cryptocompare, forked, started, swapped_for) VALUES('LWA', 'LWA', 'onbuff', '', NULL, 1728114000, NULL);
*
INSERT INTO assets(identifier, name, type) VALUES('TBULL', 'Tron Bull Coin', 'P'); INSERT INTO common_asset_details(identifier, symbol, coingecko, cryptocompare, forked, started, swapped_for) VALUES('TBULL', 'TBULL', 'tron-bull-coin', 'TBULL', NULL, 1723548972, NULL);
*
INSERT INTO assets(identifier, name, type) VALUES('FOFAR', 'FoFar', 'P'); INSERT INTO common_asset_details(identifier, symbol, coingecko, cryptocompare, forked, started, swapped_for) VALUES('FOFAR', 'FOFAR', 'fofar-2', '', NULL, 1723825014, NULL);
*
INSERT INTO assets(identifier, name, type) VALUES('SUNCAT', 'Suncat', 'P'); INSERT INTO common_asset_details(identifier, symbol, coingecko, cryptocompare, forked, started, swapped_for) VALUES('SUNCAT', 'SUNCAT', 'suncat', 'SUNCAT', NULL, 1723738854, NULL);
*
INSERT INTO assets(identifier, name, type) VALUES('eip155:1/erc20:0x031B8d752d73d7Fe9678ACEf26e818280D0646b4', 'SOVRUN', 'C'); INSERT INTO evm_tokens(identifier, token_kind, chain, address, decimals, protocol) VALUES('eip155:1/erc20:0x031B8d752d73d7Fe9678ACEf26e818280D0646b4', 'A', 1, '0x031B8d752d73d7Fe9678ACEf26e818280D0646b4', 18, NULL); INSERT INTO common_asset_details(identifier, symbol, coingecko, cryptocompare, forked, started, swapped_for) VALUES('eip155:1/erc20:0x031B8d752d73d7Fe9678ACEf26e818280D0646b4', 'SOVRN', 'sovrun', 'SOVRN', NULL, 1731467819, NULL);
*
INSERT INTO assets(identifier, name, type) VALUES('eip155:8453/erc20:0xCa4C2E10037ac1AF9f501eCB11A710776c87d2d5', 'SOVRUN', 'C'); INSERT INTO evm_tokens(identifier, token_kind, chain, address, decimals, protocol) VALUES('eip155:8453/erc20:0xCa4C2E10037ac1AF9f501eCB11A710776c87d2d5', 'A', 8453, '0xCa4C2E10037ac1AF9f501eCB11A710776c87d2d5', 18, NULL); INSERT INTO common_asset_details(identifier, symbol, coingecko, cryptocompare, forked, started, swapped_for) VALUES('eip155:8453/erc20:0xCa4C2E10037ac1AF9f501eCB11A710776c87d2d5', 'SOVRN', 'sovrun', 'SOVRN', NULL, 1735811961, NULL);
*
INSERT INTO assets(identifier, name, type) VALUES('eip155:1/erc20:0x5c8D0C48810FD37A0A824D074ee290E64f7A8Fa2', 'AVL', 'C'); INSERT INTO evm_tokens(identifier, token_kind, chain, address, decimals, protocol) VALUES('eip155:1/erc20:0x5c8D0C48810FD37A0A824D074ee290E64f7A8Fa2', 'A', 1, '0x5c8D0C48810FD37A0A824D074ee290E64f7A8Fa2', 18, NULL); INSERT INTO common_asset_details(identifier, symbol, coingecko, cryptocompare, forked, started, swapped_for) VALUES('eip155:1/erc20:0x5c8D0C48810FD37A0A824D074ee290E64f7A8Fa2', 'AVL', 'avalon-2', '', NULL, 1735889771, NULL);
*
INSERT INTO assets(identifier, name, type) VALUES('eip155:56/erc20:0x9BeEE89723cEeC27d7c2834bec6834208FFdc202', 'AVL', 'C'); INSERT INTO evm_tokens(identifier, token_kind, chain, address, decimals, protocol) VALUES('eip155:56/erc20:0x9BeEE89723cEeC27d7c2834bec6834208FFdc202', 'A', 56, '0x9BeEE89723cEeC27d7c2834bec6834208FFdc202', 18, NULL); INSERT INTO common_asset_details(identifier, symbol, coingecko, cryptocompare, forked, started, swapped_for) VALUES('eip155:56/erc20:0x9BeEE89723cEeC27d7c2834bec6834208FFdc202', 'AVL', 'avalon-2', '', NULL, 1735881410, NULL);
*
INSERT INTO assets(identifier, name, type) VALUES('eip155:8453/erc20:0x0Db510e79909666d6dEc7f5e49370838c16D950f', 'Super Anon', 'C'); INSERT INTO evm_tokens(identifier, token_kind, chain, address, decimals, protocol) VALUES('eip155:8453/erc20:0x0Db510e79909666d6dEc7f5e49370838c16D950f', 'A', 8453, '0x0Db510e79909666d6dEc7f5e49370838c16D950f', 18, NULL); INSERT INTO common_asset_details(identifier, symbol, coingecko, cryptocompare, forked, started, swapped_for) VALUES('eip155:8453/erc20:0x0Db510e79909666d6dEc7f5e49370838c16D950f', 'ANON', '', '', NULL, 1731551379, NULL);
*
INSERT INTO assets(identifier, name, type) VALUES('eip155:1/erc20:0xE1bAD922F84b198A08292FB600319300ae32471b', '[FCT] FirmaChain Token', 'C'); INSERT INTO evm_tokens(identifier, token_kind, chain, address, decimals, protocol) VALUES('eip155:1/erc20:0xE1bAD922F84b198A08292FB600319300ae32471b', 'A', 1, '0xE1bAD922F84b198A08292FB600319300ae32471b', 18, NULL); INSERT INTO common_asset_details(identifier, symbol, coingecko, cryptocompare, forked, started, swapped_for) VALUES('eip155:1/erc20:0xE1bAD922F84b198A08292FB600319300ae32471b', 'FCT', 'firmachain', 'FCT', NULL, 1559147654, NULL);
*
INSERT INTO assets(identifier, name, type) VALUES('eip155:56/erc20:0xF95a5532D67C944dfa7EDDD2f8c358Fe0dc7FAc2', 'MARBLEX on BNB', 'C'); INSERT INTO evm_tokens(identifier, token_kind, chain, address, decimals, protocol) VALUES('eip155:56/erc20:0xF95a5532D67C944dfa7EDDD2f8c358Fe0dc7FAc2', 'A', 56, '0xF95a5532D67C944dfa7EDDD2f8c358Fe0dc7FAc2', 18, NULL); INSERT INTO common_asset_details(identifier, symbol, coingecko, cryptocompare, forked, started, swapped_for) VALUES('eip155:56/erc20:0xF95a5532D67C944dfa7EDDD2f8c358Fe0dc7FAc2', 'MBX', 'marblex', 'MBX', NULL, 1693208363, NULL);
*
INSERT INTO assets(identifier, name, type) VALUES('eip155:1/erc20:0xe8fC52b1bb3a40fd8889C0f8f75879676310dDf0', 'Mystiko Token', 'C'); INSERT INTO evm_tokens(identifier, token_kind, chain, address, decimals, protocol) VALUES('eip155:1/erc20:0xe8fC52b1bb3a40fd8889C0f8f75879676310dDf0', 'A', 1, '0xe8fC52b1bb3a40fd8889C0f8f75879676310dDf0', 18, NULL); INSERT INTO common_asset_details(identifier, symbol, coingecko, cryptocompare, forked, started, swapped_for) VALUES('eip155:1/erc20:0xe8fC52b1bb3a40fd8889C0f8f75879676310dDf0', 'XZK', 'xzk', 'XZK', NULL, 1709025383, NULL);
*
INSERT INTO assets(identifier, name, type) VALUES('eip155:1/erc20:0xBA41Ddf06B7fFD89D1267b5A93BFeF2424eb2003', 'Mythos', 'C'); INSERT INTO evm_tokens(identifier, token_kind, chain, address, decimals, protocol) VALUES('eip155:1/erc20:0xBA41Ddf06B7fFD89D1267b5A93BFeF2424eb2003', 'A', 1, '0xBA41Ddf06B7fFD89D1267b5A93BFeF2424eb2003', 18, NULL); INSERT INTO common_asset_details(identifier, symbol, coingecko, cryptocompare, forked, started, swapped_for) VALUES('eip155:1/erc20:0xBA41Ddf06B7fFD89D1267b5A93BFeF2424eb2003', 'MYTH', 'mythos', 'MYTH', NULL, 1652373938, NULL);
*
INSERT INTO assets(identifier, name, type) VALUES('eip155:56/erc20:0x16120Ef3d353224222b0A257AD15B5eAec0525c5', 'BEBE', 'C'); INSERT INTO evm_tokens(identifier, token_kind, chain, address, decimals, protocol) VALUES('eip155:56/erc20:0x16120Ef3d353224222b0A257AD15B5eAec0525c5', 'A', 56, '0x16120Ef3d353224222b0A257AD15B5eAec0525c5', 6, NULL); INSERT INTO common_asset_details(identifier, symbol, coingecko, cryptocompare, forked, started, swapped_for) VALUES('eip155:56/erc20:0x16120Ef3d353224222b0A257AD15B5eAec0525c5', 'BEBE', 'bebe-dog', '', NULL, 1731558170, NULL);
*
INSERT INTO assets(identifier, name, type) VALUES('eip155:1/erc20:0xCA5b0AE1d104030a9B8F879523508EFd86c14483', 'BENJI', 'C'); INSERT INTO evm_tokens(identifier, token_kind, chain, address, decimals, protocol) VALUES('eip155:1/erc20:0xCA5b0AE1d104030a9B8F879523508EFd86c14483', 'A', 1, '0xCA5b0AE1d104030a9B8F879523508EFd86c14483', 18, NULL); INSERT INTO common_asset_details(identifier, symbol, coingecko, cryptocompare, forked, started, swapped_for) VALUES('eip155:1/erc20:0xCA5b0AE1d104030a9B8F879523508EFd86c14483', 'BENJI', 'benji-bananas', 'TYBENG', NULL, 1689049535, NULL);
*
INSERT INTO assets(identifier, name, type) VALUES('eip155:8453/erc20:0x029a3b0532871735809A51E8653d6017eF04b6Fa', 'TYBENG', 'C'); INSERT INTO evm_tokens(identifier, token_kind, chain, address, decimals, protocol) VALUES('eip155:8453/erc20:0x029a3b0532871735809A51E8653d6017eF04b6Fa', 'A', 8453, '0x029a3b0532871735809A51E8653d6017eF04b6Fa', 18, NULL); INSERT INTO common_asset_details(identifier, symbol, coingecko, cryptocompare, forked, started, swapped_for) VALUES('eip155:8453/erc20:0x029a3b0532871735809A51E8653d6017eF04b6Fa', 'TYBENG', 'benji-bananas', 'TYBENG', NULL, 1714449761, NULL);
*
INSERT INTO assets(identifier, name, type) VALUES('eip155:1/erc20:0x28561B8A2360F463011c16b6Cc0B0cbEF8dbBcad', 'MOO DENG', 'C'); INSERT INTO evm_tokens(identifier, token_kind, chain, address, decimals, protocol) VALUES('eip155:1/erc20:0x28561B8A2360F463011c16b6Cc0B0cbEF8dbBcad', 'A', 1, '0x28561B8A2360F463011c16b6Cc0B0cbEF8dbBcad', 9, NULL); INSERT INTO common_asset_details(identifier, symbol, coingecko, cryptocompare, forked, started, swapped_for) VALUES('eip155:1/erc20:0x28561B8A2360F463011c16b6Cc0B0cbEF8dbBcad', 'MOODENG', 'moo-deng-2', '', NULL, 1726430855, NULL);
*
INSERT INTO assets(identifier, name, type) VALUES('eip155:1/erc20:0x0bc37BEA9068a86C221B8bd71eA6228260DAD5A2', 'Upland', 'C'); INSERT INTO evm_tokens(identifier, token_kind, chain, address, decimals, protocol) VALUES('eip155:1/erc20:0x0bc37BEA9068a86C221B8bd71eA6228260DAD5A2', 'A', 1, '0x0bc37BEA9068a86C221B8bd71eA6228260DAD5A2', 18, NULL); INSERT INTO common_asset_details(identifier, symbol, coingecko, cryptocompare, forked, started, swapped_for) VALUES('eip155:1/erc20:0x0bc37BEA9068a86C221B8bd71eA6228260DAD5A2', 'SPARKLET', 'upland', 'SPARKLET', NULL, 1720023371, NULL);
*
INSERT INTO assets(identifier, name, type) VALUES('eip155:1/erc20:0xDBB5Cf12408a3Ac17d668037Ce289f9eA75439D7', 'WorldMobileToken', 'C'); INSERT INTO evm_tokens(identifier, token_kind, chain, address, decimals, protocol) VALUES('eip155:1/erc20:0xDBB5Cf12408a3Ac17d668037Ce289f9eA75439D7', 'A', 1, '0xDBB5Cf12408a3Ac17d668037Ce289f9eA75439D7', 6, NULL); INSERT INTO common_asset_details(identifier, symbol, coingecko, cryptocompare, forked, started, swapped_for) VALUES('eip155:1/erc20:0xDBB5Cf12408a3Ac17d668037Ce289f9eA75439D7', 'WMTX', 'world-mobile-token', 'WMTX', NULL, 1708951139, NULL);
*
INSERT INTO assets(identifier, name, type) VALUES('eip155:56/erc20:0xDBB5Cf12408a3Ac17d668037Ce289f9eA75439D7', 'WorldMobileToken', 'C'); INSERT INTO evm_tokens(identifier, token_kind, chain, address, decimals, protocol) VALUES('eip155:56/erc20:0xDBB5Cf12408a3Ac17d668037Ce289f9eA75439D7', 'A', 56, '0xDBB5Cf12408a3Ac17d668037Ce289f9eA75439D7', 6, NULL); INSERT INTO common_asset_details(identifier, symbol, coingecko, cryptocompare, forked, started, swapped_for) VALUES('eip155:56/erc20:0xDBB5Cf12408a3Ac17d668037Ce289f9eA75439D7', 'WMTX', 'world-mobile-token', 'WMTX', NULL, 1708948790, NULL);
*
INSERT INTO assets(identifier, name, type) VALUES('eip155:42161/erc20:0xDBB5Cf12408a3Ac17d668037Ce289f9eA75439D7', 'WorldMobileToken', 'C'); INSERT INTO evm_tokens(identifier, token_kind, chain, address, decimals, protocol) VALUES('eip155:42161/erc20:0xDBB5Cf12408a3Ac17d668037Ce289f9eA75439D7', 'A', 42161, '0xDBB5Cf12408a3Ac17d668037Ce289f9eA75439D7', 6, NULL); INSERT INTO common_asset_details(identifier, symbol, coingecko, cryptocompare, forked, started, swapped_for) VALUES('eip155:42161/erc20:0xDBB5Cf12408a3Ac17d668037Ce289f9eA75439D7', 'WMTX', 'world-mobile-token', 'WMTX', NULL, 1711371577, NULL);
*
INSERT INTO assets(identifier, name, type) VALUES('eip155:8453/erc20:0x3e31966d4f81C72D2a55310A6365A56A4393E98D', 'WorldMobileToken', 'C'); INSERT INTO evm_tokens(identifier, token_kind, chain, address, decimals, protocol) VALUES('eip155:8453/erc20:0x3e31966d4f81C72D2a55310A6365A56A4393E98D', 'A', 8453, '0x3e31966d4f81C72D2a55310A6365A56A4393E98D', 6, NULL); INSERT INTO common_asset_details(identifier, symbol, coingecko, cryptocompare, forked, started, swapped_for) VALUES('eip155:8453/erc20:0x3e31966d4f81C72D2a55310A6365A56A4393E98D', 'WMTX', 'world-mobile-token', 'WMTX', NULL, 1713552365, NULL);
*
INSERT INTO assets(identifier, name, type) VALUES('eip155:1/erc20:0x8802269D1283cdB2a5a329649E5cB4CdcEE91ab6', 'Fight to MAGA', 'C'); INSERT INTO evm_tokens(identifier, token_kind, chain, address, decimals, protocol) VALUES('eip155:1/erc20:0x8802269D1283cdB2a5a329649E5cB4CdcEE91ab6', 'A', 1, '0x8802269D1283cdB2a5a329649E5cB4CdcEE91ab6', 9, NULL); INSERT INTO common_asset_details(identifier, symbol, coingecko, cryptocompare, forked, started, swapped_for) VALUES('eip155:1/erc20:0x8802269D1283cdB2a5a329649E5cB4CdcEE91ab6', 'FIGHT', 'fight-to-maga', '', NULL, 1720918991, NULL);
*
INSERT INTO assets(identifier, name, type) VALUES('eip155:1/erc20:0x58b9cB810A68a7f3e1E4f8Cb45D1B9B3c79705E8', 'Everclear', 'C'); INSERT INTO evm_tokens(identifier, token_kind, chain, address, decimals, protocol) VALUES('eip155:1/erc20:0x58b9cB810A68a7f3e1E4f8Cb45D1B9B3c79705E8', 'A', 1, '0x58b9cB810A68a7f3e1E4f8Cb45D1B9B3c79705E8', 18, NULL); INSERT INTO common_asset_details(identifier, symbol, coingecko, cryptocompare, forked, started, swapped_for) VALUES('eip155:1/erc20:0x58b9cB810A68a7f3e1E4f8Cb45D1B9B3c79705E8', 'CLEAR', 'everclear', 'CLEAR', NULL, 1693777295, NULL);
*
UPDATE common_asset_details SET swapped_for = 'eip155:1/erc20:0x58b9cB810A68a7f3e1E4f8Cb45D1B9B3c79705E8' WHERE identifier = 'eip155:1/erc20:0xFE67A4450907459c3e1FFf623aA927dD4e28c67a';
INSERT INTO assets(identifier, name, type) VALUES("eip155:1/erc20:0xFE67A4450907459c3e1FFf623aA927dD4e28c67a", "Connext", "C"); INSERT INTO evm_tokens(identifier, token_kind, chain, address, decimals, protocol) VALUES("eip155:1/erc20:0xFE67A4450907459c3e1FFf623aA927dD4e28c67a", "A", 1, "0xFE67A4450907459c3e1FFf623aA927dD4e28c67a", 18, NULL); INSERT INTO common_asset_details(identifier, symbol, coingecko, cryptocompare, forked, started, swapped_for) VALUES("eip155:1/erc20:0xFE67A4450907459c3e1FFf623aA927dD4e28c67a", "NEXT", "connext", "NEXT", NULL, 1680625643, NULL);
UPDATE common_asset_details SET cryptocompare = 'CLEAR', coingecko = 'everclear', symbol = 'CLEAR' WHERE identifier = 'eip155:42161/erc20:0x58b9cB810A68a7f3e1E4f8Cb45D1B9B3c79705E8';
INSERT INTO assets(identifier, name, type) VALUES('eip155:42161/erc20:0x58b9cB810A68a7f3e1E4f8Cb45D1B9B3c79705E8', 'Everclear', 'C'); INSERT INTO evm_tokens(identifier, token_kind, chain, address, decimals, protocol) VALUES('eip155:42161/erc20:0x58b9cB810A68a7f3e1E4f8Cb45D1B9B3c79705E8', 'A', 42161, '0x58b9cB810A68a7f3e1E4f8Cb45D1B9B3c79705E8', 18, NULL); INSERT INTO common_asset_details(identifier, symbol, coingecko, cryptocompare, forked, started, swapped_for) VALUES('eip155:42161/erc20:0x58b9cB810A68a7f3e1E4f8Cb45D1B9B3c79705E8', 'CLEAR', 'everclear', 'CLEAR', NULL, 1693777295, NULL);
UPDATE common_asset_details SET cryptocompare = 'CLEAR', coingecko = 'everclear', symbol = 'CLEAR' WHERE identifier = 'eip155:100/erc20:0x58b9cB810A68a7f3e1E4f8Cb45D1B9B3c79705E8';
INSERT INTO assets(identifier, name, type) VALUES('eip155:100/erc20:0x58b9cB810A68a7f3e1E4f8Cb45D1B9B3c79705E8', 'Everclear', 'C'); INSERT INTO evm_tokens(identifier, token_kind, chain, address, decimals, protocol) VALUES('eip155:100/erc20:0x58b9cB810A68a7f3e1E4f8Cb45D1B9B3c79705E8', 'A', 100, '0x58b9cB810A68a7f3e1E4f8Cb45D1B9B3c79705E8', 18, NULL); INSERT INTO common_asset_details(identifier, symbol, coingecko, cryptocompare, forked, started, swapped_for) VALUES('eip155:100/erc20:0x58b9cB810A68a7f3e1E4f8Cb45D1B9B3c79705E8', 'CLEAR', 'everclear', 'CLEAR', NULL, 1693777295, NULL);
UPDATE common_asset_details SET cryptocompare = 'CLEAR', coingecko = 'everclear', symbol = 'CLEAR' WHERE identifier = 'eip155:137/erc20:0x58b9cB810A68a7f3e1E4f8Cb45D1B9B3c79705E8';
INSERT INTO assets(identifier, name, type) VALUES('eip155:137/erc20:0x58b9cB810A68a7f3e1E4f8Cb45D1B9B3c79705E8', 'Everclear', 'C'); INSERT INTO evm_tokens(identifier, token_kind, chain, address, decimals, protocol) VALUES('eip155:137/erc20:0x58b9cB810A68a7f3e1E4f8Cb45D1B9B3c79705E8', 'A', 137, '0x58b9cB810A68a7f3e1E4f8Cb45D1B9B3c79705E8', 18, NULL); INSERT INTO common_asset_details(identifier, symbol, coingecko, cryptocompare, forked, started, swapped_for) VALUES('eip155:137/erc20:0x58b9cB810A68a7f3e1E4f8Cb45D1B9B3c79705E8', 'CLEAR', 'everclear', 'CLEAR', NULL, 1693777295, NULL);
UPDATE common_asset_details SET cryptocompare = 'CLEAR', coingecko = 'everclear', symbol = 'CLEAR' WHERE identifier = 'eip155:56/erc20:0x58b9cB810A68a7f3e1E4f8Cb45D1B9B3c79705E8';
INSERT INTO assets(identifier, name, type) VALUES('eip155:56/erc20:0x58b9cB810A68a7f3e1E4f8Cb45D1B9B3c79705E8', 'Everclear', 'C'); INSERT INTO evm_tokens(identifier, token_kind, chain, address, decimals, protocol) VALUES('eip155:56/erc20:0x58b9cB810A68a7f3e1E4f8Cb45D1B9B3c79705E8', 'A', 56, '0x58b9cB810A68a7f3e1E4f8Cb45D1B9B3c79705E8', 18, NULL); INSERT INTO common_asset_details(identifier, symbol, coingecko, cryptocompare, forked, started, swapped_for) VALUES('eip155:56/erc20:0x58b9cB810A68a7f3e1E4f8Cb45D1B9B3c79705E8', 'CLEAR', 'everclear', 'CLEAR', NULL, 1693777295, NULL);
UPDATE common_asset_details SET cryptocompare = 'CLEAR', coingecko = 'everclear', symbol = 'CLEAR' WHERE identifier = 'eip155:10/erc20:0x58b9cB810A68a7f3e1E4f8Cb45D1B9B3c79705E8';
INSERT INTO assets(identifier, name, type) VALUES('eip155:10/erc20:0x58b9cB810A68a7f3e1E4f8Cb45D1B9B3c79705E8', 'Everclear', 'C'); INSERT INTO evm_tokens(identifier, token_kind, chain, address, decimals, protocol) VALUES('eip155:10/erc20:0x58b9cB810A68a7f3e1E4f8Cb45D1B9B3c79705E8', 'A', 10, '0x58b9cB810A68a7f3e1E4f8Cb45D1B9B3c79705E8', 18, NULL); INSERT INTO common_asset_details(identifier, symbol, coingecko, cryptocompare, forked, started, swapped_for) VALUES('eip155:10/erc20:0x58b9cB810A68a7f3e1E4f8Cb45D1B9B3c79705E8', 'CLEAR', 'everclear', 'CLEAR', NULL, 1693777295, NULL);
UPDATE assets SET name = 'Everclear' WHERE identifier = 'eip155:42161/erc20:0x58b9cB810A68a7f3e1E4f8Cb45D1B9B3c79705E8';
INSERT INTO assets(identifier, name, type) VALUES('eip155:42161/erc20:0x58b9cB810A68a7f3e1E4f8Cb45D1B9B3c79705E8', 'Everclear', 'C'); INSERT INTO evm_tokens(identifier, token_kind, chain, address, decimals, protocol) VALUES('eip155:42161/erc20:0x58b9cB810A68a7f3e1E4f8Cb45D1B9B3c79705E8', 'A', 42161, '0x58b9cB810A68a7f3e1E4f8Cb45D1B9B3c79705E8', 18, NULL); INSERT INTO common_asset_details(identifier, symbol, coingecko, cryptocompare, forked, started, swapped_for) VALUES('eip155:42161/erc20:0x58b9cB810A68a7f3e1E4f8Cb45D1B9B3c79705E8', 'CLEAR', 'everclear', 'CLEAR', NULL, 1693777295, NULL);
UPDATE assets SET name = 'Everclear' WHERE identifier = 'eip155:100/erc20:0x58b9cB810A68a7f3e1E4f8Cb45D1B9B3c79705E8';
INSERT INTO assets(identifier, name, type) VALUES('eip155:100/erc20:0x58b9cB810A68a7f3e1E4f8Cb45D1B9B3c79705E8', 'Everclear', 'C'); INSERT INTO evm_tokens(identifier, token_kind, chain, address, decimals, protocol) VALUES('eip155:100/erc20:0x58b9cB810A68a7f3e1E4f8Cb45D1B9B3c79705E8', 'A', 100, '0x58b9cB810A68a7f3e1E4f8Cb45D1B9B3c79705E8', 18, NULL); INSERT INTO common_asset_details(identifier, symbol, coingecko, cryptocompare, forked, started, swapped_for) VALUES('eip155:100/erc20:0x58b9cB810A68a7f3e1E4f8Cb45D1B9B3c79705E8', 'CLEAR', 'everclear', 'CLEAR', NULL, 1693777295, NULL);
UPDATE assets SET name = 'Everclear' WHERE identifier = 'eip155:137/erc20:0x58b9cB810A68a7f3e1E4f8Cb45D1B9B3c79705E8';
INSERT INTO assets(identifier, name, type) VALUES('eip155:137/erc20:0x58b9cB810A68a7f3e1E4f8Cb45D1B9B3c79705E8', 'Everclear', 'C'); INSERT INTO evm_tokens(identifier, token_kind, chain, address, decimals, protocol) VALUES('eip155:137/erc20:0x58b9cB810A68a7f3e1E4f8Cb45D1B9B3c79705E8', 'A', 137, '0x58b9cB810A68a7f3e1E4f8Cb45D1B9B3c79705E8', 18, NULL); INSERT INTO common_asset_details(identifier, symbol, coingecko, cryptocompare, forked, started, swapped_for) VALUES('eip155:137/erc20:0x58b9cB810A68a7f3e1E4f8Cb45D1B9B3c79705E8', 'CLEAR', 'everclear', 'CLEAR', NULL, 1693777295, NULL);
UPDATE assets SET name = 'Everclear' WHERE identifier = 'eip155:56/erc20:0x58b9cB810A68a7f3e1E4f8Cb45D1B9B3c79705E8';
INSERT INTO assets(identifier, name, type) VALUES('eip155:56/erc20:0x58b9cB810A68a7f3e1E4f8Cb45D1B9B3c79705E8', 'Everclear', 'C'); INSERT INTO evm_tokens(identifier, token_kind, chain, address, decimals, protocol) VALUES('eip155:56/erc20:0x58b9cB810A68a7f3e1E4f8Cb45D1B9B3c79705E8', 'A', 56, '0x58b9cB810A68a7f3e1E4f8Cb45D1B9B3c79705E8', 18, NULL); INSERT INTO common_asset_details(identifier, symbol, coingecko, cryptocompare, forked, started, swapped_for) VALUES('eip155:56/erc20:0x58b9cB810A68a7f3e1E4f8Cb45D1B9B3c79705E8', 'CLEAR', 'everclear', 'CLEAR', NULL, 1693777295, NULL);
UPDATE assets SET name = 'Everclear' WHERE identifier = 'eip155:10/erc20:0x58b9cB810A68a7f3e1E4f8Cb45D1B9B3c79705E8';
INSERT INTO assets(identifier, name, type) VALUES('eip155:10/erc20:0x58b9cB810A68a7f3e1E4f8Cb45D1B9B3c79705E8', 'Everclear', 'C'); INSERT INTO evm_tokens(identifier, token_kind, chain, address, decimals, protocol) VALUES('eip155:10/erc20:0x58b9cB810A68a7f3e1E4f8Cb45D1B9B3c79705E8', 'A', 10, '0x58b9cB810A68a7f3e1E4f8Cb45D1B9B3c79705E8', 18, NULL); INSERT INTO common_asset_details(identifier, symbol, coingecko, cryptocompare, forked, started, swapped_for) VALUES('eip155:10/erc20:0x58b9cB810A68a7f3e1E4f8Cb45D1B9B3c79705E8', 'CLEAR', 'everclear', 'CLEAR', NULL, 1693777295, NULL);
INSERT INTO assets(identifier, name, type) VALUES('eip155:1/erc20:0xEE2a03Aa6Dacf51C18679C516ad5283d8E7C2637', 'Neiro', 'C'); INSERT INTO evm_tokens(identifier, token_kind, chain, address, decimals, protocol) VALUES('eip155:1/erc20:0xEE2a03Aa6Dacf51C18679C516ad5283d8E7C2637', 'A', 1, '0xEE2a03Aa6Dacf51C18679C516ad5283d8E7C2637', 9, NULL); INSERT INTO common_asset_details(identifier, symbol, coingecko, cryptocompare, forked, started, swapped_for) VALUES('eip155:1/erc20:0xEE2a03Aa6Dacf51C18679C516ad5283d8E7C2637', 'NEIRO', 'neiro-on-eth', '', NULL, 1722118751, NULL);
*
UPDATE common_asset_details SET coingecko = 'xpet-tech', started = 1700559016 WHERE identifier = 'eip155:42161/erc20:0x00CBcF7B3d37844e44b888Bc747bDd75FCf4E555';
INSERT INTO assets(identifier, name, type) VALUES('eip155:42161/erc20:0x00CBcF7B3d37844e44b888Bc747bDd75FCf4E555', 'xPet.tech Token', 'C'); INSERT INTO evm_tokens(identifier, token_kind, chain, address, decimals, protocol) VALUES('eip155:42161/erc20:0x00CBcF7B3d37844e44b888Bc747bDd75FCf4E555', 'A', 42161, '0x00CBcF7B3d37844e44b888Bc747bDd75FCf4E555', 18, ''); INSERT INTO common_asset_details(identifier, symbol, coingecko, cryptocompare, forked, started, swapped_for) VALUES('eip155:42161/erc20:0x00CBcF7B3d37844e44b888Bc747bDd75FCf4E555', 'XPET', 'xpet-tech', 'XPET', NULL, 1700559016, NULL);
INSERT INTO assets(identifier, name, type) VALUES('eip155:8453/erc20:0xB3B32F9f8827D4634fE7d973Fa1034Ec9fdDB3B3', 'B3', 'C'); INSERT INTO evm_tokens(identifier, token_kind, chain, address, decimals, protocol) VALUES('eip155:8453/erc20:0xB3B32F9f8827D4634fE7d973Fa1034Ec9fdDB3B3', 'A', 8453, '0xB3B32F9f8827D4634fE7d973Fa1034Ec9fdDB3B3', 18, NULL); INSERT INTO common_asset_details(identifier, symbol, coingecko, cryptocompare, forked, started, swapped_for) VALUES('eip155:8453/erc20:0xB3B32F9f8827D4634fE7d973Fa1034Ec9fdDB3B3', 'B3', 'b3', 'b3', NULL, 1738076807, NULL);
*
INSERT INTO assets(identifier, name, type) VALUES('IP', 'Story', 'W'); INSERT INTO common_asset_details(identifier, symbol, coingecko, cryptocompare, forked, started, swapped_for) VALUES('IP', 'IP', 'story-2', '', NULL, 1744745100, NULL);
*
INSERT INTO assets(identifier, name, type) VALUES('eip155:8453/erc20:0x98d0baa52b2D063E780DE12F615f963Fe8537553', 'KAITO', 'C'); INSERT INTO evm_tokens(identifier, token_kind, chain, address, decimals, protocol) VALUES('eip155:8453/erc20:0x98d0baa52b2D063E780DE12F615f963Fe8537553', 'A', 8453, '0x98d0baa52b2D063E780DE12F615f963Fe8537553', 18, NULL); INSERT INTO common_asset_details(identifier, symbol, coingecko, cryptocompare, forked, started, swapped_for) VALUES('eip155:8453/erc20:0x98d0baa52b2D063E780DE12F615f963Fe8537553', 'KAITO', 'kaito', 'kaito', NULL, 1738926097, NULL);
*
INSERT INTO assets(identifier, name, type) VALUES('1000CHEMS', '1000CHEMS', 'W'); INSERT INTO common_asset_details(identifier, symbol, coingecko, cryptocompare, forked, started, swapped_for) VALUES('1000CHEMS', '1000CHEMS', '1000chems', '', NULL, 1734948180, NULL);
*
INSERT INTO assets(identifier, name, type) VALUES('1000REKT', '1000REKT', 'W'); INSERT INTO common_asset_details(identifier, symbol, coingecko, cryptocompare, forked, started, swapped_for) VALUES('1000REKT', '1000REKT', '', '', NULL, NULL, NULL);
*
INSERT INTO assets(identifier, name, type) VALUES('PI', 'Pi Network', 'B'); INSERT INTO common_asset_details(identifier, symbol, coingecko, cryptocompare, forked, started, swapped_for) VALUES('PI', 'PI', 'pi-network', '', NULL, 1740000000, NULL);
*
INSERT INTO assets(identifier, name, type) VALUES('eip155:1/erc20:0xFeAc2Eae96899709a43E252B6B92971D32F9C0F9', 'ANyONe Protocol', 'C'); INSERT INTO evm_tokens(identifier, token_kind, chain, address, decimals, protocol) VALUES('eip155:1/erc20:0xFeAc2Eae96899709a43E252B6B92971D32F9C0F9', 'A', 1, '0xFeAc2Eae96899709a43E252B6B92971D32F9C0F9', 18, NULL); INSERT INTO common_asset_details(identifier, symbol, coingecko, cryptocompare, forked, started, swapped_for) VALUES('eip155:1/erc20:0xFeAc2Eae96899709a43E252B6B92971D32F9C0F9', 'ANYONE', 'airtor-protocol', 'ANYONE', NULL, 1719002831, NULL);
*
INSERT INTO assets(identifier, name, type) VALUES('RBTC', 'RabBitcoin', 'W'); INSERT INTO common_asset_details(identifier, symbol, coingecko, cryptocompare, forked, started, swapped_for) VALUES('RBTC', 'RBTC', 'rabbitcoin-2', '', NULL, 1727154120, NULL);
*
INSERT INTO assets(identifier, name, type) VALUES('eip155:1/erc20:0x1c00c3E03C3a10a0C1d9B6d1A42e797d7CB4147a', 'ARCA', 'C'); INSERT INTO evm_tokens(identifier, token_kind, chain, address, decimals, protocol) VALUES('eip155:1/erc20:0x1c00c3E03C3a10a0C1d9B6d1A42e797d7CB4147a', 'A', 1, '0x1c00c3E03C3a10a0C1d9B6d1A42e797d7CB4147a', 18, NULL); INSERT INTO common_asset_details(identifier, symbol, coingecko, cryptocompare, forked, started, swapped_for) VALUES('eip155:1/erc20:0x1c00c3E03C3a10a0C1d9B6d1A42e797d7CB4147a', 'ARCA', 'arca', 'ARCA', NULL, 1718694599, NULL);
*
INSERT INTO assets(identifier, name, type) VALUES('eip155:56/erc20:0x3C6256F234Ba638E5883c46b3fEdb00ea2e66b8A', 'Moongate', 'C'); INSERT INTO evm_tokens(identifier, token_kind, chain, address, decimals, protocol) VALUES('eip155:56/erc20:0x3C6256F234Ba638E5883c46b3fEdb00ea2e66b8A', 'A', 56, '0x3C6256F234Ba638E5883c46b3fEdb00ea2e66b8A', 18, NULL); INSERT INTO common_asset_details(identifier, symbol, coingecko, cryptocompare, forked, started, swapped_for) VALUES('eip155:56/erc20:0x3C6256F234Ba638E5883c46b3fEdb00ea2e66b8A', 'MGT', 'moongate', '', NULL, 1731395178, NULL);
*
INSERT INTO assets(identifier, name, type) VALUES('E4C', 'E4C', 'W'); INSERT INTO common_asset_details(identifier, symbol, coingecko, cryptocompare, forked, started, swapped_for) VALUES('E4C', 'E4C', 'e4c', '', NULL, 1724922000, NULL);
*
INSERT INTO assets(identifier, name, type) VALUES('ANLOG', 'Analog', 'B'); INSERT INTO common_asset_details(identifier, symbol, coingecko, cryptocompare, forked, started, swapped_for) VALUES('ANLOG', 'ANLOG', 'analog', 'ANLOG', NULL, 1739189053, NULL);
*
INSERT INTO assets(identifier, name, type) VALUES('DIGIMON', 'Digimon', 'Y'); INSERT INTO common_asset_details(identifier, symbol, coingecko, cryptocompare, forked, started, swapped_for) VALUES('DIGIMON', 'DIGIMON', '', 'DIGIMON', NULL, 1732617729, NULL);
*
INSERT INTO assets(identifier, name, type) VALUES('SNAI', 'SwarmNode.ai', 'Y'); INSERT INTO common_asset_details(identifier, symbol, coingecko, cryptocompare, forked, started, swapped_for) VALUES('SNAI', 'SNAI', 'swarmnode-ai', 'SNAI', NULL, 1734739666, NULL);
*
INSERT INTO assets(identifier, name, type) VALUES('JAILSTOOL', 'Stool Prisondente', 'Y'); INSERT INTO common_asset_details(identifier, symbol, coingecko, cryptocompare, forked, started, swapped_for) VALUES('JAILSTOOL', 'JAILSTOOL', 'stool-prisondente', 'JAILSTOOL', NULL, 1738982155, NULL);
*
INSERT INTO assets(identifier, name, type) VALUES('eip155:56/erc20:0x86Bb94DdD16Efc8bc58e6b056e8df71D9e666429', 'Test', 'C'); INSERT INTO evm_tokens(identifier, token_kind, chain, address, decimals, protocol) VALUES('eip155:56/erc20:0x86Bb94DdD16Efc8bc58e6b056e8df71D9e666429', 'A', 56, '0x86Bb94DdD16Efc8bc58e6b056e8df71D9e666429', 18, NULL); INSERT INTO common_asset_details(identifier, symbol, coingecko, cryptocompare, forked, started, swapped_for) VALUES('eip155:56/erc20:0x86Bb94DdD16Efc8bc58e6b056e8df71D9e666429', 'TST', 'test-3', 'TST', NULL, 1737986918, NULL);
*
INSERT INTO assets(identifier, name, type) VALUES('eip155:56/erc20:0x0DF0587216a4a1bB7d5082fdc491d93d2dD4B413', 'Cheems', 'C'); INSERT INTO evm_tokens(identifier, token_kind, chain, address, decimals, protocol) VALUES('eip155:56/erc20:0x0DF0587216a4a1bB7d5082fdc491d93d2dD4B413', 'A', 56, '0x0DF0587216a4a1bB7d5082fdc491d93d2dD4B413', 18, NULL); INSERT INTO common_asset_details(identifier, symbol, coingecko, cryptocompare, forked, started, swapped_for) VALUES('eip155:56/erc20:0x0DF0587216a4a1bB7d5082fdc491d93d2dD4B413', 'Cheems', 'cheems-token', 'CHEEMS', NULL, 1727494239, NULL);
*
INSERT INTO assets(identifier, name, type) VALUES('eip155:42161/erc20:0xF18e4466F26B4cA55bbAb890b314a54976E45B17', 'Game7', 'C'); INSERT INTO evm_tokens(identifier, token_kind, chain, address, decimals, protocol) VALUES('eip155:42161/erc20:0xF18e4466F26B4cA55bbAb890b314a54976E45B17', 'A', 42161, '0xF18e4466F26B4cA55bbAb890b314a54976E45B17', 18, NULL); INSERT INTO common_asset_details(identifier, symbol, coingecko, cryptocompare, forked, started, swapped_for) VALUES('eip155:42161/erc20:0xF18e4466F26B4cA55bbAb890b314a54976E45B17', 'G7', 'game7', 'g7', NULL, 1728490851, NULL);
*
INSERT INTO assets(identifier, name, type) VALUES('eip155:56/erc20:0x3Ab1A5f76E12202d1AD1548A08a799501581Da4E', 'DIN', 'C'); INSERT INTO evm_tokens(identifier, token_kind, chain, address, decimals, protocol) VALUES('eip155:56/erc20:0x3Ab1A5f76E12202d1AD1548A08a799501581Da4E', 'A', 56, '0x3Ab1A5f76E12202d1AD1548A08a799501581Da4E', 18, NULL); INSERT INTO common_asset_details(identifier, symbol, coingecko, cryptocompare, forked, started, swapped_for) VALUES('eip155:56/erc20:0x3Ab1A5f76E12202d1AD1548A08a799501581Da4E', 'DIN', 'din', '', NULL, 1730184699, NULL);
*
INSERT INTO assets(identifier, name, type) VALUES('eip155:1/erc20:0xF8F173E20e15f3b6CB686FB64724D370689De083', 'Heima', 'C'); INSERT INTO evm_tokens(identifier, token_kind, chain, address, decimals, protocol) VALUES('eip155:1/erc20:0xF8F173E20e15f3b6CB686FB64724D370689De083', 'A', 1, '0xF8F173E20e15f3b6CB686FB64724D370689De083', 18, NULL); INSERT INTO common_asset_details(identifier, symbol, coingecko, cryptocompare, forked, started, swapped_for) VALUES('eip155:1/erc20:0xF8F173E20e15f3b6CB686FB64724D370689De083', 'HEI', 'heima', 'hei', NULL, 1736464739, NULL);
*
INSERT INTO assets(identifier, name, type) VALUES('eip155:8453/erc20:0xc799AdA44171b741Abf41Ee54fb1B47fda5960bE', 'XO Protocol', 'C'); INSERT INTO evm_tokens(identifier, token_kind, chain, address, decimals, protocol) VALUES('eip155:8453/erc20:0xc799AdA44171b741Abf41Ee54fb1B47fda5960bE', 'A', 8453, '0xc799AdA44171b741Abf41Ee54fb1B47fda5960bE', 6, NULL); INSERT INTO common_asset_details(identifier, symbol, coingecko, cryptocompare, forked, started, swapped_for) VALUES('eip155:8453/erc20:0xc799AdA44171b741Abf41Ee54fb1B47fda5960bE', 'XOXO', 'xo-protocol', '', NULL, 1738721101, NULL);
*
INSERT INTO assets(identifier, name, type) VALUES('eip155:1/erc20:0x058d411ab9911F90c74f471bDC9d2Bb4Cf9B309C', 'Rivalz Token', 'C'); INSERT INTO evm_tokens(identifier, token_kind, chain, address, decimals, protocol) VALUES('eip155:1/erc20:0x058d411ab9911F90c74f471bDC9d2Bb4Cf9B309C', 'A', 1, '0x058d411ab9911F90c74f471bDC9d2Bb4Cf9B309C', 8, NULL); INSERT INTO common_asset_details(identifier, symbol, coingecko, cryptocompare, forked, started, swapped_for) VALUES('eip155:1/erc20:0x058d411ab9911F90c74f471bDC9d2Bb4Cf9B309C', 'RIZ', 'rivalz-network', '', NULL, 1737529859, NULL);
*
INSERT INTO assets(identifier, name, type) VALUES('eip155:8453/erc20:0x67543CF0304C19CA62AC95ba82FD4F4B40788dc1', 'Rivalz Token', 'C'); INSERT INTO evm_tokens(identifier, token_kind, chain, address, decimals, protocol) VALUES('eip155:8453/erc20:0x67543CF0304C19CA62AC95ba82FD4F4B40788dc1', 'A', 8453, '0x67543CF0304C19CA62AC95ba82FD4F4B40788dc1', 8, NULL); INSERT INTO common_asset_details(identifier, symbol, coingecko, cryptocompare, forked, started, swapped_for) VALUES('eip155:8453/erc20:0x67543CF0304C19CA62AC95ba82FD4F4B40788dc1', 'RIZ', 'rivalz-network', '', NULL, 1737386239, NULL);
*
INSERT INTO assets(identifier, name, type) VALUES('eip155:42161/erc20:0x083Fb956333f9c1568F66fc0d0BE451f31F8c46c', 'Rivalz Token', 'C'); INSERT INTO evm_tokens(identifier, token_kind, chain, address, decimals, protocol) VALUES('eip155:42161/erc20:0x083Fb956333f9c1568F66fc0d0BE451f31F8c46c', 'A', 42161, '0x083Fb956333f9c1568F66fc0d0BE451f31F8c46c', 8, NULL); INSERT INTO common_asset_details(identifier, symbol, coingecko, cryptocompare, forked, started, swapped_for) VALUES('eip155:42161/erc20:0x083Fb956333f9c1568F66fc0d0BE451f31F8c46c', 'RIZ', 'rivalz-network', '', NULL, 1737386881, NULL);
*
INSERT INTO assets(identifier, name, type) VALUES('ZOO', 'ZOO', 'W'); INSERT INTO common_asset_details(identifier, symbol, coingecko, cryptocompare, forked, started, swapped_for) VALUES('ZOO', 'ZOO', '', '', NULL, 1739451674, NULL);
*
INSERT INTO assets(identifier, name, type) VALUES('MEMHASH', 'Memhash', 'W'); INSERT INTO common_asset_details(identifier, symbol, coingecko, cryptocompare, forked, started, swapped_for) VALUES('MEMHASH', 'MEMHASH', '', '', NULL, 1739893740, NULL);
*
INSERT INTO assets(identifier, name, type) VALUES('PAIN', 'Pain', 'Y'); INSERT INTO common_asset_details(identifier, symbol, coingecko, cryptocompare, forked, started, swapped_for) VALUES('PAIN', 'PAIN', 'pain', '', NULL, 1740005758, NULL);
*
INSERT INTO assets(identifier, name, type) VALUES('SIGMA', 'Sigma', 'Y'); INSERT INTO common_asset_details(identifier, symbol, coingecko, cryptocompare, forked, started, swapped_for) VALUES('SIGMA', 'SIGMA', 'sigma', 'sigma', NULL, 1720813709, NULL);
*
INSERT INTO assets(identifier, name, type) VALUES('LOCKIN', 'LOCK IN', 'Y'); INSERT INTO common_asset_details(identifier, symbol, coingecko, cryptocompare, forked, started, swapped_for) VALUES('LOCKIN', 'LOCKIN', 'lock-in', 'LOCKIN', NULL, 1710530648, NULL);
*
INSERT INTO assets(identifier, name, type) VALUES('eip155:1/erc20:0xB1D1eae60EEA9525032a6DCb4c1CE336a1dE71BE', 'Derive', 'C'); INSERT INTO evm_tokens(identifier, token_kind, chain, address, decimals, protocol) VALUES('eip155:1/erc20:0xB1D1eae60EEA9525032a6DCb4c1CE336a1dE71BE', 'A', 1, '0xB1D1eae60EEA9525032a6DCb4c1CE336a1dE71BE', 18, NULL); INSERT INTO common_asset_details(identifier, symbol, coingecko, cryptocompare, forked, started, swapped_for) VALUES('eip155:1/erc20:0xB1D1eae60EEA9525032a6DCb4c1CE336a1dE71BE', 'DRV', 'derive', 'DRV', NULL, 1732055471, NULL);
*
INSERT INTO assets(identifier, name, type) VALUES('eip155:10/erc20:0x33800De7E817A70A694F31476313A7c572BBa100', 'Derive', 'C'); INSERT INTO evm_tokens(identifier, token_kind, chain, address, decimals, protocol) VALUES('eip155:10/erc20:0x33800De7E817A70A694F31476313A7c572BBa100', 'A', 10, '0x33800De7E817A70A694F31476313A7c572BBa100', 18, NULL); INSERT INTO common_asset_details(identifier, symbol, coingecko, cryptocompare, forked, started, swapped_for) VALUES('eip155:10/erc20:0x33800De7E817A70A694F31476313A7c572BBa100', 'DRV', 'derive', 'DRV', NULL, 1733806403, NULL);
*
INSERT INTO assets(identifier, name, type) VALUES('eip155:42161/erc20:0x77b7787a09818502305C95d68A2571F090abb135', 'Derive', 'C'); INSERT INTO evm_tokens(identifier, token_kind, chain, address, decimals, protocol) VALUES('eip155:42161/erc20:0x77b7787a09818502305C95d68A2571F090abb135', 'A', 42161, '0x77b7787a09818502305C95d68A2571F090abb135', 18, NULL); INSERT INTO common_asset_details(identifier, symbol, coingecko, cryptocompare, forked, started, swapped_for) VALUES('eip155:42161/erc20:0x77b7787a09818502305C95d68A2571F090abb135', 'DRV', 'derive', 'DRV', NULL, 1733807283, NULL);
*
INSERT INTO assets(identifier, name, type) VALUES('eip155:8453/erc20:0x9d0E8f5b25384C7310CB8C6aE32C8fbeb645d083', 'Derive', 'C'); INSERT INTO evm_tokens(identifier, token_kind, chain, address, decimals, protocol) VALUES('eip155:8453/erc20:0x9d0E8f5b25384C7310CB8C6aE32C8fbeb645d083', 'A', 8453, '0x9d0E8f5b25384C7310CB8C6aE32C8fbeb645d083', 18, NULL); INSERT INTO common_asset_details(identifier, symbol, coingecko, cryptocompare, forked, started, swapped_for) VALUES('eip155:8453/erc20:0x9d0E8f5b25384C7310CB8C6aE32C8fbeb645d083', 'DRV', 'derive', 'DRV', NULL, 1736644573, NULL);
*
INSERT INTO assets(identifier, name, type) VALUES('eip155:1/erc20:0xe343167631d89B6Ffc58B88d6b7fB0228795491D', 'Global Dollar', 'C'); INSERT INTO evm_tokens(identifier, token_kind, chain, address, decimals, protocol) VALUES('eip155:1/erc20:0xe343167631d89B6Ffc58B88d6b7fB0228795491D', 'A', 1, '0xe343167631d89B6Ffc58B88d6b7fB0228795491D', 6, NULL); INSERT INTO common_asset_details(identifier, symbol, coingecko, cryptocompare, forked, started, swapped_for) VALUES('eip155:1/erc20:0xe343167631d89B6Ffc58B88d6b7fB0228795491D', 'USDG', 'global-dollar', '', NULL, 1728324023, NULL);
*
INSERT INTO assets(identifier, name, type) VALUES('eip155:1/erc20:0x1250b98CBDe9F99f4c42dCdaCeE193221f17eb50', 'ArtCoin', 'C');INSERT INTO evm_tokens(identifier, token_kind, chain, address, decimals, protocol) VALUES('eip155:1/erc20:0x1250b98CBDe9F99f4c42dCdaCeE193221f17eb50', 'A', 1, '0x1250b98CBDe9F99f4c42dCdaCeE193221f17eb50', 18, NULL);INSERT INTO common_asset_details(identifier, symbol, coingecko, cryptocompare, forked, started, swapped_for) VALUES('eip155:1/erc20:0x1250b98CBDe9F99f4c42dCdaCeE193221f17eb50', 'AC', 'artcoin', '', NULL, 1693218071, NULL);
*
INSERT INTO assets(identifier, name, type) VALUES('eip155:56/erc20:0xBDA011D7F8EC00F66C1923B049B94c67d148d8b2', 'Sleepless AI', 'C');INSERT INTO evm_tokens(identifier, token_kind, chain, address, decimals, protocol) VALUES('eip155:56/erc20:0xBDA011D7F8EC00F66C1923B049B94c67d148d8b2', 'A', 56, '0xBDA011D7F8EC00F66C1923B049B94c67d148d8b2', 18, NULL);INSERT INTO common_asset_details(identifier, symbol, coingecko, cryptocompare, forked, started, swapped_for) VALUES('eip155:56/erc20:0xBDA011D7F8EC00F66C1923B049B94c67d148d8b2', 'AI', 'sleepless-ai', 'AI', NULL, 1703163203, NULL);
*
INSERT INTO assets(identifier, name, type) VALUES('AIOS', 'AIOS Foundation', 'Y');INSERT INTO common_asset_details(identifier, symbol, coingecko, cryptocompare, forked, started, swapped_for) VALUES('AIOS', 'AIOS', 'aios-foundation', '', NULL, 1736523761, NULL);
*
INSERT INTO assets(identifier, name, type) VALUES('AJUN', 'Ajuna Network', 'W');INSERT INTO common_asset_details(identifier, symbol, coingecko, cryptocompare, forked, started, swapped_for) VALUES('AJUN', 'AJUN', 'ajuna-network-2', 'AJUN', NULL, NULL, NULL);
*
INSERT INTO assets(identifier, name, type) VALUES('eip155:250/erc20:0xaD996A45fd2373ed0B10Efa4A8eCB9de445A4302', 'Alpaca Finance', 'C');INSERT INTO evm_tokens(identifier, token_kind, chain, address, decimals, protocol) VALUES('eip155:250/erc20:0xaD996A45fd2373ed0B10Efa4A8eCB9de445A4302', 'A', 250, '0xaD996A45fd2373ed0B10Efa4A8eCB9de445A4302', 18, NULL);INSERT INTO common_asset_details(identifier, symbol, coingecko, cryptocompare, forked, started, swapped_for) VALUES('eip155:250/erc20:0xaD996A45fd2373ed0B10Efa4A8eCB9de445A4302', 'ALPACA', 'alpaca-finance', 'ALPACA', NULL, 1643280604, NULL);
*
INSERT INTO assets(identifier, name, type) VALUES('eip155:56/erc20:0x01CA78a2B5F1a9152D8A3A625bd7dF5765eeE1D8', 'Andy BSC', 'C');INSERT INTO evm_tokens(identifier, token_kind, chain, address, decimals, protocol) VALUES('eip155:56/erc20:0x01CA78a2B5F1a9152D8A3A625bd7dF5765eeE1D8', 'A', 56, '0x01CA78a2B5F1a9152D8A3A625bd7dF5765eeE1D8', 18, NULL);INSERT INTO common_asset_details(identifier, symbol, coingecko, cryptocompare, forked, started, swapped_for) VALUES('eip155:56/erc20:0x01CA78a2B5F1a9152D8A3A625bd7dF5765eeE1D8', 'ANDY', 'andy-4', 'ANDY', NULL, 1733621762, NULL);
*
INSERT INTO assets(identifier, name, type) VALUES('ANON', 'Anonymous', 'Y');INSERT INTO common_asset_details(identifier, symbol, coingecko, cryptocompare, forked, started, swapped_for) VALUES('ANON', 'ANON', 'anonymous', '', NULL, NULL, NULL);
*
INSERT INTO assets(identifier, name, type) VALUES('eip155:137/erc20:0xB7b31a6BC18e48888545CE79e83E06003bE70930', 'ApeCoin', 'C');INSERT INTO evm_tokens(identifier, token_kind, chain, address, decimals, protocol) VALUES('eip155:137/erc20:0xB7b31a6BC18e48888545CE79e83E06003bE70930', 'A', 137, '0xB7b31a6BC18e48888545CE79e83E06003bE70930', 18, NULL);INSERT INTO common_asset_details(identifier, symbol, coingecko, cryptocompare, forked, started, swapped_for) VALUES('eip155:137/erc20:0xB7b31a6BC18e48888545CE79e83E06003bE70930', 'APE', 'apecoin', 'ape', NULL, 1647842927, NULL);
*
INSERT INTO assets(identifier, name, type) VALUES('eip155:137/erc20:0xA3f751662e282E83EC3cBc387d225Ca56dD63D3A', 'Ape and Pepe', 'C');INSERT INTO evm_tokens(identifier, token_kind, chain, address, decimals, protocol) VALUES('eip155:137/erc20:0xA3f751662e282E83EC3cBc387d225Ca56dD63D3A', 'A', 137, '0xA3f751662e282E83EC3cBc387d225Ca56dD63D3A', 18, NULL);INSERT INTO common_asset_details(identifier, symbol, coingecko, cryptocompare, forked, started, swapped_for) VALUES('eip155:137/erc20:0xA3f751662e282E83EC3cBc387d225Ca56dD63D3A', 'APEPE', 'ape-and-pepe', 'apepe', NULL, 1686145797, NULL);
*
INSERT INTO assets(identifier, name, type) VALUES('eip155:8453/erc20:0xcacf1ca03983CE6c7E235fb20C70aCC70ed13509', 'AstroPepeX', 'C');INSERT INTO evm_tokens(identifier, token_kind, chain, address, decimals, protocol) VALUES('eip155:8453/erc20:0xcacf1ca03983CE6c7E235fb20C70aCC70ed13509', 'A', 8453, '0xcacf1ca03983CE6c7E235fb20C70aCC70ed13509', 18, NULL);INSERT INTO common_asset_details(identifier, symbol, coingecko, cryptocompare, forked, started, swapped_for) VALUES('eip155:8453/erc20:0xcacf1ca03983CE6c7E235fb20C70aCC70ed13509', 'APX', 'astropepex', '', NULL, 1715873041, NULL);
*
INSERT INTO assets(identifier, name, type) VALUES('eip155:1/erc20:0xed4e879087ebD0e8A77d66870012B5e0dffd0Fa4', 'AstroPepeX', 'C');INSERT INTO evm_tokens(identifier, token_kind, chain, address, decimals, protocol) VALUES('eip155:1/erc20:0xed4e879087ebD0e8A77d66870012B5e0dffd0Fa4', 'A', 1, '0xed4e879087ebD0e8A77d66870012B5e0dffd0Fa4', 18, NULL);INSERT INTO common_asset_details(identifier, symbol, coingecko, cryptocompare, forked, started, swapped_for) VALUES('eip155:1/erc20:0xed4e879087ebD0e8A77d66870012B5e0dffd0Fa4', 'APX', 'astropepex', '', NULL, 1695161639, NULL);
*
INSERT INTO assets(identifier, name, type) VALUES('eip155:42170/erc20:0xf823C3cD3CeBE0a1fA952ba88Dc9EEf8e0Bf46AD', 'Arbitrum', 'C');INSERT INTO evm_tokens(identifier, token_kind, chain, address, decimals, protocol) VALUES('eip155:42170/erc20:0xf823C3cD3CeBE0a1fA952ba88Dc9EEf8e0Bf46AD', 'A', 42170, '0xf823C3cD3CeBE0a1fA952ba88Dc9EEf8e0Bf46AD', 18, NULL);INSERT INTO common_asset_details(identifier, symbol, coingecko, cryptocompare, forked, started, swapped_for) VALUES('eip155:42170/erc20:0xf823C3cD3CeBE0a1fA952ba88Dc9EEf8e0Bf46AD', 'ARB', 'arbitrum', 'arb', NULL, 1678968495, NULL);
*
INSERT INTO assets(identifier, name, type) VALUES('eip155:56/erc20:0xc748673057861a797275CD8A068AbB95A902e8de', 'Baby Doge Coin', 'C');INSERT INTO evm_tokens(identifier, token_kind, chain, address, decimals, protocol) VALUES('eip155:56/erc20:0xc748673057861a797275CD8A068AbB95A902e8de', 'A', 56, '0xc748673057861a797275CD8A068AbB95A902e8de', 9, NULL);INSERT INTO common_asset_details(identifier, symbol, coingecko, cryptocompare, forked, started, swapped_for) VALUES('eip155:56/erc20:0xc748673057861a797275CD8A068AbB95A902e8de', 'BABYDOGE', 'baby-doge-coin', 'BABYDOGE', NULL, 1621617676, NULL);
*
INSERT INTO assets(identifier, name, type) VALUES('eip155:1/erc20:0xAC57De9C1A09FeC648E93EB98875B212DB0d460B', 'Baby Doge Coin', 'C');INSERT INTO evm_tokens(identifier, token_kind, chain, address, decimals, protocol) VALUES('eip155:1/erc20:0xAC57De9C1A09FeC648E93EB98875B212DB0d460B', 'A', 1, '0xAC57De9C1A09FeC648E93EB98875B212DB0d460B', 9, NULL);INSERT INTO common_asset_details(identifier, symbol, coingecko, cryptocompare, forked, started, swapped_for) VALUES('eip155:1/erc20:0xAC57De9C1A09FeC648E93EB98875B212DB0d460B', 'BABYDOGE', 'baby-doge-coin', 'BABYDOGE', NULL, 1636297637, NULL);
*
INSERT INTO assets(identifier, name, type) VALUES('eip155:250/erc20:0x46E7628E8b4350b2716ab470eE0bA1fa9e76c6C5', 'Band Protocol', 'C');INSERT INTO evm_tokens(identifier, token_kind, chain, address, decimals, protocol) VALUES('eip155:250/erc20:0x46E7628E8b4350b2716ab470eE0bA1fa9e76c6C5', 'A', 250, '0x46E7628E8b4350b2716ab470eE0bA1fa9e76c6C5', 18, NULL);INSERT INTO common_asset_details(identifier, symbol, coingecko, cryptocompare, forked, started, swapped_for) VALUES('eip155:250/erc20:0x46E7628E8b4350b2716ab470eE0bA1fa9e76c6C5', 'BAND', 'band-protocol', 'band', NULL, 1613759538, NULL);
*
INSERT INTO assets(identifier, name, type) VALUES('eip155:1/erc20:0xdBcD57cc74b180f928258F7B1a32F6f7e64BF12e', 'Baby Pepe Token', 'C');INSERT INTO evm_tokens(identifier, token_kind, chain, address, decimals, protocol) VALUES('eip155:1/erc20:0xdBcD57cc74b180f928258F7B1a32F6f7e64BF12e', 'A', 1, '0xdBcD57cc74b180f928258F7B1a32F6f7e64BF12e', 18, NULL);INSERT INTO common_asset_details(identifier, symbol, coingecko, cryptocompare, forked, started, swapped_for) VALUES('eip155:1/erc20:0xdBcD57cc74b180f928258F7B1a32F6f7e64BF12e', 'BEPE', 'baby-pepe-token', '', NULL, 1715757959, NULL);
*
INSERT INTO assets(identifier, name, type) VALUES('BIRDDOG', 'Bird Dog on SOL', 'Y');INSERT INTO common_asset_details(identifier, symbol, coingecko, cryptocompare, forked, started, swapped_for) VALUES('BIRDDOG', 'BIRDDOG', 'bird-dog-on-sol', 'BIRDDOG', NULL, 1709941102, NULL);
*
INSERT INTO assets(identifier, name, type) VALUES('eip155:56/erc20:0x5b1f874d0b0C5ee17a495CbB70AB8bf64107A3BD', 'BinaryX', 'C');INSERT INTO evm_tokens(identifier, token_kind, chain, address, decimals, protocol) VALUES('eip155:56/erc20:0x5b1f874d0b0C5ee17a495CbB70AB8bf64107A3BD', 'A', 56, '0x5b1f874d0b0C5ee17a495CbB70AB8bf64107A3BD', 18, NULL);INSERT INTO common_asset_details(identifier, symbol, coingecko, cryptocompare, forked, started, swapped_for) VALUES('eip155:56/erc20:0x5b1f874d0b0C5ee17a495CbB70AB8bf64107A3BD', 'BNX', 'binaryx-2', 'BNX', NULL, 1674032039, NULL);
*
INSERT INTO assets(identifier, name, type) VALUES('eip155:42161/erc20:0x0D81E50bC677fa67341c44D7eaA9228DEE64A4e1', 'BarnBridge', 'C');INSERT INTO evm_tokens(identifier, token_kind, chain, address, decimals, protocol) VALUES('eip155:42161/erc20:0x0D81E50bC677fa67341c44D7eaA9228DEE64A4e1', 'A', 42161, '0x0D81E50bC677fa67341c44D7eaA9228DEE64A4e1', 18, NULL);INSERT INTO common_asset_details(identifier, symbol, coingecko, cryptocompare, forked, started, swapped_for) VALUES('eip155:42161/erc20:0x0D81E50bC677fa67341c44D7eaA9228DEE64A4e1', 'BOND', 'barnbridge', 'bond', NULL, 1631288537, NULL);
*
INSERT INTO assets(identifier, name, type) VALUES('eip155:10/erc20:0x3e7eF8f50246f725885102E8238CBba33F276747', 'BarnBridge', 'C');INSERT INTO evm_tokens(identifier, token_kind, chain, address, decimals, protocol) VALUES('eip155:10/erc20:0x3e7eF8f50246f725885102E8238CBba33F276747', 'A', 10, '0x3e7eF8f50246f725885102E8238CBba33F276747', 18, NULL);INSERT INTO common_asset_details(identifier, symbol, coingecko, cryptocompare, forked, started, swapped_for) VALUES('eip155:10/erc20:0x3e7eF8f50246f725885102E8238CBba33F276747', 'BOND', 'barnbridge', 'bond', NULL, 1639654204, NULL);
*
INSERT INTO assets(identifier, name, type) VALUES('eip155:1/erc20:0xF2B2f7b47715256Ce4eA43363a867fdce9353e3A', 'Bitgert', 'C');INSERT INTO evm_tokens(identifier, token_kind, chain, address, decimals, protocol) VALUES('eip155:1/erc20:0xF2B2f7b47715256Ce4eA43363a867fdce9353e3A', 'A', 1, '0xF2B2f7b47715256Ce4eA43363a867fdce9353e3A', 9, NULL);INSERT INTO common_asset_details(identifier, symbol, coingecko, cryptocompare, forked, started, swapped_for) VALUES('eip155:1/erc20:0xF2B2f7b47715256Ce4eA43363a867fdce9353e3A', 'BRISE', 'bitrise-token', 'BRISE', NULL, 1688302979, NULL);
*
INSERT INTO assets(identifier, name, type) VALUES('eip155:8453/erc20:0xA7d68d155d17cB30e311367c2Ef1E82aB6022b67', 'Braintrust', 'C');INSERT INTO evm_tokens(identifier, token_kind, chain, address, decimals, protocol) VALUES('eip155:8453/erc20:0xA7d68d155d17cB30e311367c2Ef1E82aB6022b67', 'A', 8453, '0xA7d68d155d17cB30e311367c2Ef1E82aB6022b67', 18, NULL);INSERT INTO common_asset_details(identifier, symbol, coingecko, cryptocompare, forked, started, swapped_for) VALUES('eip155:8453/erc20:0xA7d68d155d17cB30e311367c2Ef1E82aB6022b67', 'BTRST', 'braintrust', 'BTRST', NULL, 1693924457, NULL);
*
INSERT INTO assets(identifier, name, type) VALUES('eip155:56/erc20:0x352Cb5E19b12FC216548a2677bD0fce83BaE434B', 'BitTorrent', 'C');INSERT INTO evm_tokens(identifier, token_kind, chain, address, decimals, protocol) VALUES('eip155:56/erc20:0x352Cb5E19b12FC216548a2677bD0fce83BaE434B', 'A', 56, '0x352Cb5E19b12FC216548a2677bD0fce83BaE434B', 18, NULL);INSERT INTO common_asset_details(identifier, symbol, coingecko, cryptocompare, forked, started, swapped_for) VALUES('eip155:56/erc20:0x352Cb5E19b12FC216548a2677bD0fce83BaE434B', 'BTT', 'bittorrent', 'btt', NULL, 1639123442, NULL);
*
INSERT INTO assets(identifier, name, type) VALUES('eip155:42161/erc20:0x847503FbF003cE8B005546Aa3c03B80b7C2F9771', 'Byte', 'C');INSERT INTO evm_tokens(identifier, token_kind, chain, address, decimals, protocol) VALUES('eip155:42161/erc20:0x847503FbF003cE8B005546Aa3c03B80b7C2F9771', 'A', 42161, '0x847503FbF003cE8B005546Aa3c03B80b7C2F9771', 9, NULL);INSERT INTO common_asset_details(identifier, symbol, coingecko, cryptocompare, forked, started, swapped_for) VALUES('eip155:42161/erc20:0x847503FbF003cE8B005546Aa3c03B80b7C2F9771', 'BYTE', 'byte', 'byte', NULL, 1710137196, NULL);
*
INSERT INTO assets(identifier, name, type) VALUES('eip155:8453/erc20:0xe095780bA2A64a4Efa7a74830F0b71656f0b0AD4', 'Byte', 'C');INSERT INTO evm_tokens(identifier, token_kind, chain, address, decimals, protocol) VALUES('eip155:8453/erc20:0xe095780bA2A64a4Efa7a74830F0b71656f0b0AD4', 'A', 8453, '0xe095780bA2A64a4Efa7a74830F0b71656f0b0AD4', 9, NULL);INSERT INTO common_asset_details(identifier, symbol, coingecko, cryptocompare, forked, started, swapped_for) VALUES('eip155:8453/erc20:0xe095780bA2A64a4Efa7a74830F0b71656f0b0AD4', 'BYTE', 'byte', 'byte', NULL, 1710892265, NULL);
*
INSERT INTO assets(identifier, name, type) VALUES('eip155:56/erc20:0x840eF7e5f896Be71D46Df234C60898216feFCBe3', 'Byte', 'C');INSERT INTO evm_tokens(identifier, token_kind, chain, address, decimals, protocol) VALUES('eip155:56/erc20:0x840eF7e5f896Be71D46Df234C60898216feFCBe3', 'A', 56, '0x840eF7e5f896Be71D46Df234C60898216feFCBe3', 9, NULL);INSERT INTO common_asset_details(identifier, symbol, coingecko, cryptocompare, forked, started, swapped_for) VALUES('eip155:56/erc20:0x840eF7e5f896Be71D46Df234C60898216feFCBe3', 'BYTE', 'byte', 'byte', NULL, 1710512881, NULL);
*
INSERT INTO assets(identifier, name, type) VALUES('eip155:42161/erc20:0x1b896893dfc86bb67Cf57767298b9073D2c1bA2c', 'PancakeSwap', 'C');INSERT INTO evm_tokens(identifier, token_kind, chain, address, decimals, protocol) VALUES('eip155:42161/erc20:0x1b896893dfc86bb67Cf57767298b9073D2c1bA2c', 'A', 42161, '0x1b896893dfc86bb67Cf57767298b9073D2c1bA2c', 18, NULL);INSERT INTO common_asset_details(identifier, symbol, coingecko, cryptocompare, forked, started, swapped_for) VALUES('eip155:42161/erc20:0x1b896893dfc86bb67Cf57767298b9073D2c1bA2c', 'CAKE', 'pancakeswap-token', 'cake', NULL, 1686816267, NULL);
*
INSERT INTO assets(identifier, name, type) VALUES('eip155:8453/erc20:0x3055913c90Fcc1A6CE9a358911721eEb942013A1', 'PancakeSwap', 'C');INSERT INTO evm_tokens(identifier, token_kind, chain, address, decimals, protocol) VALUES('eip155:8453/erc20:0x3055913c90Fcc1A6CE9a358911721eEb942013A1', 'A', 8453, '0x3055913c90Fcc1A6CE9a358911721eEb942013A1', 18, NULL);INSERT INTO common_asset_details(identifier, symbol, coingecko, cryptocompare, forked, started, swapped_for) VALUES('eip155:8453/erc20:0x3055913c90Fcc1A6CE9a358911721eEb942013A1', 'CAKE', 'pancakeswap-token', 'cake', NULL, 1692681477, NULL);
*
INSERT INTO assets(identifier, name, type) VALUES('eip155:1/erc20:0x152649eA73beAb28c5b49B26eb48f7EAD6d4c898', 'PancakeSwap', 'C');INSERT INTO evm_tokens(identifier, token_kind, chain, address, decimals, protocol) VALUES('eip155:1/erc20:0x152649eA73beAb28c5b49B26eb48f7EAD6d4c898', 'A', 1, '0x152649eA73beAb28c5b49B26eb48f7EAD6d4c898', 18, NULL);INSERT INTO common_asset_details(identifier, symbol, coingecko, cryptocompare, forked, started, swapped_for) VALUES('eip155:1/erc20:0x152649eA73beAb28c5b49B26eb48f7EAD6d4c898', 'CAKE', 'pancakeswap-token', 'cake', NULL, 1679985839, NULL);
*
INSERT INTO assets(identifier, name, type) VALUES('eip155:324/erc20:0x3A287a06c66f9E95a56327185cA2BDF5f031cEcD', 'PancakeSwap', 'C');INSERT INTO evm_tokens(identifier, token_kind, chain, address, decimals, protocol) VALUES('eip155:324/erc20:0x3A287a06c66f9E95a56327185cA2BDF5f031cEcD', 'A', 324, '0x3A287a06c66f9E95a56327185cA2BDF5f031cEcD', 18, NULL);INSERT INTO common_asset_details(identifier, symbol, coingecko, cryptocompare, forked, started, swapped_for) VALUES('eip155:324/erc20:0x3A287a06c66f9E95a56327185cA2BDF5f031cEcD', 'CAKE', 'pancakeswap-token', 'cake', NULL, 1689227915, NULL);
*
INSERT INTO assets(identifier, name, type) VALUES('$CCC', 'Coconut Chicken', 'P');INSERT INTO common_asset_details(identifier, symbol, coingecko, cryptocompare, forked, started, swapped_for) VALUES('$CCC', '$CCC', 'coconut-chicken', '', NULL, 1703298825, NULL);
*
INSERT INTO assets(identifier, name, type) VALUES('CHINU', 'Chinu', 'Y');INSERT INTO common_asset_details(identifier, symbol, coingecko, cryptocompare, forked, started, swapped_for) VALUES('CHINU', 'CHINU', 'chinu-2', '', NULL, 1705333049, NULL);
*
INSERT INTO assets(identifier, name, type) VALUES('eip155:1/erc20:0x8A2279d4A90B6fe1C4B30fa660cC9f926797bAA2', 'Chromia', 'C');INSERT INTO evm_tokens(identifier, token_kind, chain, address, decimals, protocol) VALUES('eip155:1/erc20:0x8A2279d4A90B6fe1C4B30fa660cC9f926797bAA2', 'A', 1, '0x8A2279d4A90B6fe1C4B30fa660cC9f926797bAA2', 6, NULL);INSERT INTO common_asset_details(identifier, symbol, coingecko, cryptocompare, forked, started, swapped_for) VALUES('eip155:1/erc20:0x8A2279d4A90B6fe1C4B30fa660cC9f926797bAA2', 'CHR', 'chromaway', 'chr', NULL, 1601800062, NULL);
*
INSERT INTO assets(identifier, name, type) VALUES('eip155:8453/erc20:0x1bc0c42215582d5A085795f4baDbaC3ff36d1Bcb', 'tokenbot', 'C');INSERT INTO evm_tokens(identifier, token_kind, chain, address, decimals, protocol) VALUES('eip155:8453/erc20:0x1bc0c42215582d5A085795f4baDbaC3ff36d1Bcb', 'A', 8453, '0x1bc0c42215582d5A085795f4baDbaC3ff36d1Bcb', 18, NULL);INSERT INTO common_asset_details(identifier, symbol, coingecko, cryptocompare, forked, started, swapped_for) VALUES('eip155:8453/erc20:0x1bc0c42215582d5A085795f4baDbaC3ff36d1Bcb', 'CLANKER', 'tokenbot-2', 'CLANKER', NULL, 1731098613, NULL);
*
INSERT INTO assets(identifier, name, type) VALUES('COREUM', 'Coreum', 'W');INSERT INTO common_asset_details(identifier, symbol, coingecko, cryptocompare, forked, started, swapped_for) VALUES('COREUM', 'COREUM', 'coreum', 'coreum', NULL, NULL, NULL);
*
INSERT INTO assets(identifier, name, type) VALUES('CSAS', 'Comsats', 'W');INSERT INTO common_asset_details(identifier, symbol, coingecko, cryptocompare, forked, started, swapped_for) VALUES('CSAS', 'CSAS', 'comsats', 'CSAS', NULL, NULL, NULL);
*
INSERT INTO assets(identifier, name, type) VALUES('DADDY', 'Daddy Tate', 'Y');INSERT INTO common_asset_details(identifier, symbol, coingecko, cryptocompare, forked, started, swapped_for) VALUES('DADDY', 'DADDY', 'daddy-tate', 'DADDY', NULL, 1717964014, NULL);
*
INSERT INTO assets(identifier, name, type) VALUES('DADDYCHILL', 'Daddy Chill', 'Y');INSERT INTO common_asset_details(identifier, symbol, coingecko, cryptocompare, forked, started, swapped_for) VALUES('DADDYCHILL', 'DADDYCHILL', 'daddy-chill', '', NULL, NULL, NULL);
*
INSERT INTO assets(identifier, name, type) VALUES('DED', 'DED', 'W');INSERT INTO common_asset_details(identifier, symbol, coingecko, cryptocompare, forked, started, swapped_for) VALUES('DED', 'DED', 'dot-is-ded', '', NULL, NULL, NULL);
*
INSERT INTO assets(identifier, name, type) VALUES('DOE', 'Dogs of Elon', 'Y');INSERT INTO common_asset_details(identifier, symbol, coingecko, cryptocompare, forked, started, swapped_for) VALUES('DOE', 'DOE', 'dogs-of-elon', 'DOE', NULL, 1726700565, NULL);
*
INSERT INTO assets(identifier, name, type) VALUES('DUKO', 'DUKO', 'Y');INSERT INTO common_asset_details(identifier, symbol, coingecko, cryptocompare, forked, started, swapped_for) VALUES('DUKO', 'DUKO', 'duko', 'DUKO', NULL, 1707905186, NULL);
*
INSERT INTO assets(identifier, name, type) VALUES('eip155:56/erc20:0xB2BD0749DBE21f623d9BABa856D3B0f0e1BFEc9C', 'DUSK', 'C');INSERT INTO evm_tokens(identifier, token_kind, chain, address, decimals, protocol) VALUES('eip155:56/erc20:0xB2BD0749DBE21f623d9BABa856D3B0f0e1BFEc9C', 'A', 56, '0xB2BD0749DBE21f623d9BABa856D3B0f0e1BFEc9C', 18, NULL);INSERT INTO common_asset_details(identifier, symbol, coingecko, cryptocompare, forked, started, swapped_for) VALUES('eip155:56/erc20:0xB2BD0749DBE21f623d9BABa856D3B0f0e1BFEc9C', 'DUSK', 'dusk-network', 'DUSK', NULL, 1614084688, NULL);
*
INSERT INTO assets(identifier, name, type) VALUES('eip155:43114/erc20:0x1a3264F2e7b1CFC6220ec9348d33cCF02Af7aaa4', 'Dypius', 'C');INSERT INTO evm_tokens(identifier, token_kind, chain, address, decimals, protocol) VALUES('eip155:43114/erc20:0x1a3264F2e7b1CFC6220ec9348d33cCF02Af7aaa4', 'A', 43114, '0x1a3264F2e7b1CFC6220ec9348d33cCF02Af7aaa4', 18, NULL);INSERT INTO common_asset_details(identifier, symbol, coingecko, cryptocompare, forked, started, swapped_for) VALUES('eip155:43114/erc20:0x1a3264F2e7b1CFC6220ec9348d33cCF02Af7aaa4', 'DYP', 'dypius', 'DYP', NULL, 1698689918, NULL);
*
INSERT INTO assets(identifier, name, type) VALUES('eip155:8453/erc20:0x5b2124D427fAc9C80c902cbDD74b03Dd85d7d3FE', 'Dypius', 'C');INSERT INTO evm_tokens(identifier, token_kind, chain, address, decimals, protocol) VALUES('eip155:8453/erc20:0x5b2124D427fAc9C80c902cbDD74b03Dd85d7d3FE', 'A', 8453, '0x5b2124D427fAc9C80c902cbDD74b03Dd85d7d3FE', 18, NULL);INSERT INTO common_asset_details(identifier, symbol, coingecko, cryptocompare, forked, started, swapped_for) VALUES('eip155:8453/erc20:0x5b2124D427fAc9C80c902cbDD74b03Dd85d7d3FE', 'DYP', 'dypius', 'DYP', NULL, 1724313499, NULL);
*
INSERT INTO assets(identifier, name, type) VALUES('eip155:56/erc20:0x1a3264F2e7b1CFC6220ec9348d33cCF02Af7aaa4', 'Dypius', 'C');INSERT INTO evm_tokens(identifier, token_kind, chain, address, decimals, protocol) VALUES('eip155:56/erc20:0x1a3264F2e7b1CFC6220ec9348d33cCF02Af7aaa4', 'A', 56, '0x1a3264F2e7b1CFC6220ec9348d33cCF02Af7aaa4', 18, NULL);INSERT INTO common_asset_details(identifier, symbol, coingecko, cryptocompare, forked, started, swapped_for) VALUES('eip155:56/erc20:0x1a3264F2e7b1CFC6220ec9348d33cCF02Af7aaa4', 'DYP', 'dypius', 'DYP', NULL, 1698689986, NULL);
*
INSERT INTO assets(identifier, name, type) VALUES('eip155:1/erc20:0x39b46B212bDF15b42B166779b9d1787A68b9D0c3', 'Dypius', 'C');INSERT INTO evm_tokens(identifier, token_kind, chain, address, decimals, protocol) VALUES('eip155:1/erc20:0x39b46B212bDF15b42B166779b9d1787A68b9D0c3', 'A', 1, '0x39b46B212bDF15b42B166779b9d1787A68b9D0c3', 18, NULL);INSERT INTO common_asset_details(identifier, symbol, coingecko, cryptocompare, forked, started, swapped_for) VALUES('eip155:1/erc20:0x39b46B212bDF15b42B166779b9d1787A68b9D0c3', 'DYP', 'dypius', 'DYP', NULL, 1698673715, NULL);
*
INSERT INTO assets(identifier, name, type) VALUES('eip155:8453/erc20:0xb33Ff54b9F7242EF1593d2C9Bcd8f9df46c77935', 'Freysa AI', 'C');INSERT INTO evm_tokens(identifier, token_kind, chain, address, decimals, protocol) VALUES('eip155:8453/erc20:0xb33Ff54b9F7242EF1593d2C9Bcd8f9df46c77935', 'A', 8453, '0xb33Ff54b9F7242EF1593d2C9Bcd8f9df46c77935', 18, NULL);INSERT INTO common_asset_details(identifier, symbol, coingecko, cryptocompare, forked, started, swapped_for) VALUES('eip155:8453/erc20:0xb33Ff54b9F7242EF1593d2C9Bcd8f9df46c77935', 'FAI', 'freysa-ai', 'FAI', NULL, 1732322699, NULL);
*
INSERT INTO assets(identifier, name, type) VALUES('eip155:56/erc20:0x7588DF009C3d82378Be6ab81F2108fa963c10fc8', 'Step App', 'C');INSERT INTO evm_tokens(identifier, token_kind, chain, address, decimals, protocol) VALUES('eip155:56/erc20:0x7588DF009C3d82378Be6ab81F2108fa963c10fc8', 'A', 56, '0x7588DF009C3d82378Be6ab81F2108fa963c10fc8', 18, NULL);INSERT INTO common_asset_details(identifier, symbol, coingecko, cryptocompare, forked, started, swapped_for) VALUES('eip155:56/erc20:0x7588DF009C3d82378Be6ab81F2108fa963c10fc8', 'FITFI', 'step-app-fitfi', 'FITFI', NULL, 1650964226, NULL);
*
INSERT INTO assets(identifier, name, type) VALUES('FOCAI', 'Focai.fun', 'Y');INSERT INTO common_asset_details(identifier, symbol, coingecko, cryptocompare, forked, started, swapped_for) VALUES('FOCAI', 'FOCAI', 'focai-fun', '', NULL, 1707905186, NULL);
*
INSERT INTO assets(identifier, name, type) VALUES('FROX', 'Frox', 'Y');INSERT INTO common_asset_details(identifier, symbol, coingecko, cryptocompare, forked, started, swapped_for) VALUES('FROX', 'FROX', 'frox', 'FROX', NULL, 1731439937, NULL);
*
INSERT INTO assets(identifier, name, type) VALUES('FULLSEND', 'Fullsend Community Coin', 'Y');INSERT INTO common_asset_details(identifier, symbol, coingecko, cryptocompare, forked, started, swapped_for) VALUES('FULLSEND', 'FULLSEND', 'fullsend-community-coin', 'FULLSEND', NULL, NULL, NULL);
*
INSERT INTO assets(identifier, name, type) VALUES('eip155:1/erc20:0xe9B076B476D8865cDF79D1Cf7DF420EE397a7f75', 'Unification', 'C');INSERT INTO evm_tokens(identifier, token_kind, chain, address, decimals, protocol) VALUES('eip155:1/erc20:0xe9B076B476D8865cDF79D1Cf7DF420EE397a7f75', 'A', 1, '0xe9B076B476D8865cDF79D1Cf7DF420EE397a7f75', 9, NULL);INSERT INTO common_asset_details(identifier, symbol, coingecko, cryptocompare, forked, started, swapped_for) VALUES('eip155:1/erc20:0xe9B076B476D8865cDF79D1Cf7DF420EE397a7f75', 'FUND', 'unification', 'FUND', NULL, 1667308307, NULL);
*
INSERT INTO assets(identifier, name, type) VALUES('eip155:1/erc20:0xFc4b4ec763722B71eB1D729749B447A9645f5F30', 'DumbMoney', 'C');INSERT INTO evm_tokens(identifier, token_kind, chain, address, decimals, protocol) VALUES('eip155:1/erc20:0xFc4b4ec763722B71eB1D729749B447A9645f5F30', 'A', 1, '0xFc4b4ec763722B71eB1D729749B447A9645f5F30', 9, NULL);INSERT INTO common_asset_details(identifier, symbol, coingecko, cryptocompare, forked, started, swapped_for) VALUES('eip155:1/erc20:0xFc4b4ec763722B71eB1D729749B447A9645f5F30', 'GME', 'dumbmoney', '', NULL, 1695914123, NULL);
*
INSERT INTO assets(identifier, name, type) VALUES('eip155:8453/erc20:0xFB1Aaba03c31EA98A3eEC7591808AcB1947ee7Ac', 'Gains Network', 'C');INSERT INTO evm_tokens(identifier, token_kind, chain, address, decimals, protocol) VALUES('eip155:8453/erc20:0xFB1Aaba03c31EA98A3eEC7591808AcB1947ee7Ac', 'A', 8453, '0xFB1Aaba03c31EA98A3eEC7591808AcB1947ee7Ac', 18, NULL);INSERT INTO common_asset_details(identifier, symbol, coingecko, cryptocompare, forked, started, swapped_for) VALUES('eip155:8453/erc20:0xFB1Aaba03c31EA98A3eEC7591808AcB1947ee7Ac', 'GNS', 'gains-network', 'GNS', NULL, 1727111305, NULL);
*
INSERT INTO assets(identifier, name, type) VALUES('GRPH', 'Soul Graph', 'Y');INSERT INTO common_asset_details(identifier, symbol, coingecko, cryptocompare, forked, started, swapped_for) VALUES('GRPH', 'GRPH', 'soul-graph', '', NULL, 1734673203, NULL);
*
INSERT INTO assets(identifier, name, type) VALUES('HAWKTUAH', 'Hawk Tuah', 'Y');INSERT INTO common_asset_details(identifier, symbol, coingecko, cryptocompare, forked, started, swapped_for) VALUES('HAWKTUAH', 'HAWKTUAH', 'hawk-tuah', 'HAWKTUAH', NULL, 1718823605, NULL);
*
INSERT INTO assets(identifier, name, type) VALUES('eip155:1/erc20:0xeAA63125dd63f10874F99CdBbb18410e7Fc79dD3', 'Hemule', 'C');INSERT INTO evm_tokens(identifier, token_kind, chain, address, decimals, protocol) VALUES('eip155:1/erc20:0xeAA63125dd63f10874F99CdBbb18410e7Fc79dD3', 'A', 1, '0xeAA63125dd63f10874F99CdBbb18410e7Fc79dD3', 18, NULL);INSERT INTO common_asset_details(identifier, symbol, coingecko, cryptocompare, forked, started, swapped_for) VALUES('eip155:1/erc20:0xeAA63125dd63f10874F99CdBbb18410e7Fc79dD3', 'HEMULE', 'hemule', 'HEMULE', NULL, 1702860779, NULL);
*
INSERT INTO assets(identifier, name, type) VALUES('HGG', 'Hedera Guild Game', 'W');INSERT INTO common_asset_details(identifier, symbol, coingecko, cryptocompare, forked, started, swapped_for) VALUES('HGG', 'HGG', 'hedera-guild-game', '', NULL, 1730163605, NULL);
*
INSERT INTO assets(identifier, name, type) VALUES('eip155:56/erc20:0x137fFd84025C582482E03D3A0B9f74c26dDDFBad', 'HODL', 'C');INSERT INTO evm_tokens(identifier, token_kind, chain, address, decimals, protocol) VALUES('eip155:56/erc20:0x137fFd84025C582482E03D3A0B9f74c26dDDFBad', 'A', 56, '0x137fFd84025C582482E03D3A0B9f74c26dDDFBad', 6, NULL);INSERT INTO common_asset_details(identifier, symbol, coingecko, cryptocompare, forked, started, swapped_for) VALUES('eip155:56/erc20:0x137fFd84025C582482E03D3A0B9f74c26dDDFBad', 'HODL', 'hodl-meme', '', NULL, 1713701097, NULL);
*
INSERT INTO assets(identifier, name, type) VALUES('eip155:1/erc20:0x1c43cD666F22878ee902769FCCdA61F401814EFb', 'Incept', 'C');INSERT INTO evm_tokens(identifier, token_kind, chain, address, decimals, protocol) VALUES('eip155:1/erc20:0x1c43cD666F22878ee902769FCCdA61F401814EFb', 'A', 1, '0x1c43cD666F22878ee902769FCCdA61F401814EFb', 18, NULL);INSERT INTO common_asset_details(identifier, symbol, coingecko, cryptocompare, forked, started, swapped_for) VALUES('eip155:1/erc20:0x1c43cD666F22878ee902769FCCdA61F401814EFb', 'INCEPT', 'incept', 'INCEPT', NULL, 1727285363, NULL);
*
INSERT INTO assets(identifier, name, type) VALUES('eip155:1/erc20:0xba386A4Ca26B85FD057ab1Ef86e3DC7BdeB5ce70', 'Jesus Coin', 'C');INSERT INTO evm_tokens(identifier, token_kind, chain, address, decimals, protocol) VALUES('eip155:1/erc20:0xba386A4Ca26B85FD057ab1Ef86e3DC7BdeB5ce70', 'A', 1, '0xba386A4Ca26B85FD057ab1Ef86e3DC7BdeB5ce70', 18, NULL);INSERT INTO common_asset_details(identifier, symbol, coingecko, cryptocompare, forked, started, swapped_for) VALUES('eip155:1/erc20:0xba386A4Ca26B85FD057ab1Ef86e3DC7BdeB5ce70', 'JESUS', 'jesus-coin', 'JESUS', NULL, 1682364671, NULL);
*
INSERT INTO assets(identifier, name, type) VALUES('eip155:137/erc20:0xb02eF03245fc7DF987BBd876768E6d441b7099B6', 'Satoshi Airline', 'C');INSERT INTO evm_tokens(identifier, token_kind, chain, address, decimals, protocol) VALUES('eip155:137/erc20:0xb02eF03245fc7DF987BBd876768E6d441b7099B6', 'A', 137, '0xb02eF03245fc7DF987BBd876768E6d441b7099B6', 8, NULL);INSERT INTO common_asset_details(identifier, symbol, coingecko, cryptocompare, forked, started, swapped_for) VALUES('eip155:137/erc20:0xb02eF03245fc7DF987BBd876768E6d441b7099B6', 'JET', 'sathosi-airlines-token', '', NULL, 1732509852, NULL);
*
INSERT INTO assets(identifier, name, type) VALUES('JORGIE', 'Monkey Taken By Police', 'Y');INSERT INTO common_asset_details(identifier, symbol, coingecko, cryptocompare, forked, started, swapped_for) VALUES('JORGIE', 'JORGIE', 'monkey-taken-by-police', '', NULL, 1731461608, NULL);
*
INSERT INTO assets(identifier, name, type) VALUES('KANGO', 'KANGO', 'W');INSERT INTO common_asset_details(identifier, symbol, coingecko, cryptocompare, forked, started, swapped_for) VALUES('KANGO', 'KANGO', 'kango', 'KANGO', NULL, 1730077205, NULL);
*
INSERT INTO assets(identifier, name, type) VALUES('KCS', 'KuCoin', 'W');INSERT INTO common_asset_details(identifier, symbol, coingecko, cryptocompare, forked, started, swapped_for) VALUES('KCS', 'KCS', 'kucoin-shares', 'KCS', NULL, NULL, NULL);
*
INSERT INTO assets(identifier, name, type) VALUES('eip155:1/erc20:0x26E550AC11B26f78A04489d5F20f24E3559f7Dd9', 'Kekius Maximus', 'C');INSERT INTO evm_tokens(identifier, token_kind, chain, address, decimals, protocol) VALUES('eip155:1/erc20:0x26E550AC11B26f78A04489d5F20f24E3559f7Dd9', 'A', 1, '0x26E550AC11B26f78A04489d5F20f24E3559f7Dd9', 9, NULL);INSERT INTO common_asset_details(identifier, symbol, coingecko, cryptocompare, forked, started, swapped_for) VALUES('eip155:1/erc20:0x26E550AC11B26f78A04489d5F20f24E3559f7Dd9', 'KEKIUS', 'kekius-maximus', 'KEKIUS', NULL, 1734143375, NULL);
*
INSERT INTO assets(identifier, name, type) VALUES('eip155:1/erc20:0x7316D973b0269863BbfeD87302e11334E25eA565', 'Ken', 'C');INSERT INTO evm_tokens(identifier, token_kind, chain, address, decimals, protocol) VALUES('eip155:1/erc20:0x7316D973b0269863BbfeD87302e11334E25eA565', 'A', 1, '0x7316D973b0269863BbfeD87302e11334E25eA565', 9, NULL);INSERT INTO common_asset_details(identifier, symbol, coingecko, cryptocompare, forked, started, swapped_for) VALUES('eip155:1/erc20:0x7316D973b0269863BbfeD87302e11334E25eA565', 'KEN', 'ken', 'KEN', NULL, 1722444227, NULL);
*
INSERT INTO assets(identifier, name, type) VALUES('eip155:1/erc20:0xE28027c99C7746fFb56B0113e5d9708aC86fAE8f', 'KING Coin', 'C');INSERT INTO evm_tokens(identifier, token_kind, chain, address, decimals, protocol) VALUES('eip155:1/erc20:0xE28027c99C7746fFb56B0113e5d9708aC86fAE8f', 'A', 1, '0xE28027c99C7746fFb56B0113e5d9708aC86fAE8f', 9, NULL);INSERT INTO common_asset_details(identifier, symbol, coingecko, cryptocompare, forked, started, swapped_for) VALUES('eip155:1/erc20:0xE28027c99C7746fFb56B0113e5d9708aC86fAE8f', 'KING', 'king-2', 'king', NULL, 1684769975, NULL);
*
INSERT INTO assets(identifier, name, type) VALUES('KIT', 'Crypto KIT', 'W');INSERT INTO common_asset_details(identifier, symbol, coingecko, cryptocompare, forked, started, swapped_for) VALUES('KIT', 'KIT', 'crypto-kit', '', NULL, NULL, NULL);
*
INSERT INTO assets(identifier, name, type) VALUES('eip155:56/erc20:0x7f72EBb448387537C174a5D17E762C877db28fB6', 'Fishkoin', 'C');INSERT INTO evm_tokens(identifier, token_kind, chain, address, decimals, protocol) VALUES('eip155:56/erc20:0x7f72EBb448387537C174a5D17E762C877db28fB6', 'A', 56, '0x7f72EBb448387537C174a5D17E762C877db28fB6', 18, NULL);INSERT INTO common_asset_details(identifier, symbol, coingecko, cryptocompare, forked, started, swapped_for) VALUES('eip155:56/erc20:0x7f72EBb448387537C174a5D17E762C877db28fB6', 'KOIN', 'fishkoin', '', NULL, 1710650229, NULL);
*
INSERT INTO assets(identifier, name, type) VALUES('eip155:250/erc20:0x2A5062D22adCFaAfbd5C541d4dA82E4B450d4212', 'Keep3rV1', 'C');INSERT INTO evm_tokens(identifier, token_kind, chain, address, decimals, protocol) VALUES('eip155:250/erc20:0x2A5062D22adCFaAfbd5C541d4dA82E4B450d4212', 'A', 250, '0x2A5062D22adCFaAfbd5C541d4dA82E4B450d4212', 18, NULL);INSERT INTO common_asset_details(identifier, symbol, coingecko, cryptocompare, forked, started, swapped_for) VALUES('eip155:250/erc20:0x2A5062D22adCFaAfbd5C541d4dA82E4B450d4212', 'KP3R', 'keep3rv1', 'KP3R', NULL, 1613759764, NULL);
*
INSERT INTO assets(identifier, name, type) VALUES('eip155:42161/erc20:0x46777C76dBbE40fABB2AAB99E33CE20058e76C59', 'Layer3', 'C');INSERT INTO evm_tokens(identifier, token_kind, chain, address, decimals, protocol) VALUES('eip155:42161/erc20:0x46777C76dBbE40fABB2AAB99E33CE20058e76C59', 'A', 42161, '0x46777C76dBbE40fABB2AAB99E33CE20058e76C59', 18, NULL);INSERT INTO common_asset_details(identifier, symbol, coingecko, cryptocompare, forked, started, swapped_for) VALUES('eip155:42161/erc20:0x46777C76dBbE40fABB2AAB99E33CE20058e76C59', 'L3', 'layer3', 'l3', NULL, 1732527355, NULL);
*
INSERT INTO assets(identifier, name, type) VALUES('eip155:8453/erc20:0x46777C76dBbE40fABB2AAB99E33CE20058e76C59', 'Layer3', 'C');INSERT INTO evm_tokens(identifier, token_kind, chain, address, decimals, protocol) VALUES('eip155:8453/erc20:0x46777C76dBbE40fABB2AAB99E33CE20058e76C59', 'A', 8453, '0x46777C76dBbE40fABB2AAB99E33CE20058e76C59', 18, NULL);INSERT INTO common_asset_details(identifier, symbol, coingecko, cryptocompare, forked, started, swapped_for) VALUES('eip155:8453/erc20:0x46777C76dBbE40fABB2AAB99E33CE20058e76C59', 'L3', 'layer3', 'l3', NULL, 1730735691, NULL);
*
INSERT INTO assets(identifier, name, type) VALUES('eip155:56/erc20:0x46777C76dBbE40fABB2AAB99E33CE20058e76C59', 'Layer3', 'C');INSERT INTO evm_tokens(identifier, token_kind, chain, address, decimals, protocol) VALUES('eip155:56/erc20:0x46777C76dBbE40fABB2AAB99E33CE20058e76C59', 'A', 56, '0x46777C76dBbE40fABB2AAB99E33CE20058e76C59', 18, NULL);INSERT INTO common_asset_details(identifier, symbol, coingecko, cryptocompare, forked, started, swapped_for) VALUES('eip155:56/erc20:0x46777C76dBbE40fABB2AAB99E33CE20058e76C59', 'L3', 'layer3', 'l3', NULL, 1732889808, NULL);
*
INSERT INTO assets(identifier, name, type) VALUES('eip155:10/erc20:0x46777C76dBbE40fABB2AAB99E33CE20058e76C59', 'Layer3', 'C');INSERT INTO evm_tokens(identifier, token_kind, chain, address, decimals, protocol) VALUES('eip155:10/erc20:0x46777C76dBbE40fABB2AAB99E33CE20058e76C59', 'A', 10, '0x46777C76dBbE40fABB2AAB99E33CE20058e76C59', 18, NULL);INSERT INTO common_asset_details(identifier, symbol, coingecko, cryptocompare, forked, started, swapped_for) VALUES('eip155:10/erc20:0x46777C76dBbE40fABB2AAB99E33CE20058e76C59', 'L3', 'layer3', 'l3', NULL, 1732292117, NULL);
*
INSERT INTO assets(identifier, name, type) VALUES('eip155:137/erc20:0x46777C76dBbE40fABB2AAB99E33CE20058e76C59', 'Layer3', 'C');INSERT INTO evm_tokens(identifier, token_kind, chain, address, decimals, protocol) VALUES('eip155:137/erc20:0x46777C76dBbE40fABB2AAB99E33CE20058e76C59', 'A', 137, '0x46777C76dBbE40fABB2AAB99E33CE20058e76C59', 18, NULL);INSERT INTO common_asset_details(identifier, symbol, coingecko, cryptocompare, forked, started, swapped_for) VALUES('eip155:137/erc20:0x46777C76dBbE40fABB2AAB99E33CE20058e76C59', 'L3', 'layer3', 'l3', NULL, 1732537229, NULL);
*
INSERT INTO assets(identifier, name, type) VALUES('eip155:8453/erc20:0xE997017e0Cb0CEB503565F181e9ea922CD979c35', 'LimeWire', 'C');INSERT INTO evm_tokens(identifier, token_kind, chain, address, decimals, protocol) VALUES('eip155:8453/erc20:0xE997017e0Cb0CEB503565F181e9ea922CD979c35', 'A', 8453, '0xE997017e0Cb0CEB503565F181e9ea922CD979c35', 18, NULL);INSERT INTO common_asset_details(identifier, symbol, coingecko, cryptocompare, forked, started, swapped_for) VALUES('eip155:8453/erc20:0xE997017e0Cb0CEB503565F181e9ea922CD979c35', 'LMWR', 'limewire-token', 'LMWR', NULL, 1714022161, NULL);
*
INSERT INTO assets(identifier, name, type) VALUES('eip155:56/erc20:0x307Bc76E3d59ED73886A9cf9360a9286f6281ba7', 'LimeWire', 'C');INSERT INTO evm_tokens(identifier, token_kind, chain, address, decimals, protocol) VALUES('eip155:56/erc20:0x307Bc76E3d59ED73886A9cf9360a9286f6281ba7', 'A', 56, '0x307Bc76E3d59ED73886A9cf9360a9286f6281ba7', 18, NULL);INSERT INTO common_asset_details(identifier, symbol, coingecko, cryptocompare, forked, started, swapped_for) VALUES('eip155:56/erc20:0x307Bc76E3d59ED73886A9cf9360a9286f6281ba7', 'LMWR', 'limewire-token', 'LMWR', NULL, 1705936396, NULL);
*
INSERT INTO assets(identifier, name, type) VALUES('eip155:1/erc20:0x42476F744292107e34519F9c357927074Ea3F75D', 'Loom Network (NEW)', 'C');INSERT INTO evm_tokens(identifier, token_kind, chain, address, decimals, protocol) VALUES('eip155:1/erc20:0x42476F744292107e34519F9c357927074Ea3F75D', 'A', 1, '0x42476F744292107e34519F9c357927074Ea3F75D', 18, NULL);INSERT INTO common_asset_details(identifier, symbol, coingecko, cryptocompare, forked, started, swapped_for) VALUES('eip155:1/erc20:0x42476F744292107e34519F9c357927074Ea3F75D', 'LOOM', 'loom-network-new', 'LOOM', NULL, 1611916940, NULL);
*
INSERT INTO assets(identifier, name, type) VALUES('eip155:42161/erc20:0xfb9E5D956D889D91a82737B9bFCDaC1DCE3e1449', 'Liquity', 'C');INSERT INTO evm_tokens(identifier, token_kind, chain, address, decimals, protocol) VALUES('eip155:42161/erc20:0xfb9E5D956D889D91a82737B9bFCDaC1DCE3e1449', 'A', 42161, '0xfb9E5D956D889D91a82737B9bFCDaC1DCE3e1449', 18, NULL);INSERT INTO common_asset_details(identifier, symbol, coingecko, cryptocompare, forked, started, swapped_for) VALUES('eip155:42161/erc20:0xfb9E5D956D889D91a82737B9bFCDaC1DCE3e1449', 'LQTY', 'liquity', 'LQTY', NULL, 1678566365, NULL);
*
INSERT INTO assets(identifier, name, type) VALUES('eip155:1/erc20:0x6033F7f88332B8db6ad452B7C6D5bB643990aE3f', 'Lisk', 'C');INSERT INTO evm_tokens(identifier, token_kind, chain, address, decimals, protocol) VALUES('eip155:1/erc20:0x6033F7f88332B8db6ad452B7C6D5bB643990aE3f', 'A', 1, '0x6033F7f88332B8db6ad452B7C6D5bB643990aE3f', 18, NULL);INSERT INTO common_asset_details(identifier, symbol, coingecko, cryptocompare, forked, started, swapped_for) VALUES('eip155:1/erc20:0x6033F7f88332B8db6ad452B7C6D5bB643990aE3f', 'LSK', 'lisk', 'lsk', NULL, 1715865407, NULL);
*
INSERT INTO assets(identifier, name, type) VALUES('LUMO', 'Lumo-8B-Instruct', 'Y');INSERT INTO common_asset_details(identifier, symbol, coingecko, cryptocompare, forked, started, swapped_for) VALUES('LUMO', 'LUMO', 'lumo-8b-instruct', '', NULL, 1736965548, NULL);
*
INSERT INTO assets(identifier, name, type) VALUES('eip155:1/erc20:0x67466BE17df832165F8C80a5A120CCc652bD7E69', 'LandWolf', 'C');INSERT INTO evm_tokens(identifier, token_kind, chain, address, decimals, protocol) VALUES('eip155:1/erc20:0x67466BE17df832165F8C80a5A120CCc652bD7E69', 'A', 1, '0x67466BE17df832165F8C80a5A120CCc652bD7E69', 18, NULL);INSERT INTO common_asset_details(identifier, symbol, coingecko, cryptocompare, forked, started, swapped_for) VALUES('eip155:1/erc20:0x67466BE17df832165F8C80a5A120CCc652bD7E69', 'WOLF', 'landwolf-0x67', '', NULL, 1713450215, NULL);
*
INSERT INTO assets(identifier, name, type) VALUES('LZM', 'LoungeM', 'W');INSERT INTO common_asset_details(identifier, symbol, coingecko, cryptocompare, forked, started, swapped_for) VALUES('LZM', 'LZM', 'loungem', 'LZM', NULL, NULL, NULL);
*
INSERT INTO assets(identifier, name, type) VALUES('MAD', 'Madhouse', 'W');INSERT INTO common_asset_details(identifier, symbol, coingecko, cryptocompare, forked, started, swapped_for) VALUES('MAD', 'MAD', 'madhouse', '', NULL, NULL, NULL);
*
INSERT INTO assets(identifier, name, type) VALUES('MATES', 'MATES', 'Y');INSERT INTO common_asset_details(identifier, symbol, coingecko, cryptocompare, forked, started, swapped_for) VALUES('MATES', 'MATES', 'mates', 'MATES', NULL, 1736339131, NULL);
*
INSERT INTO assets(identifier, name, type) VALUES('eip155:8453/erc20:0x24fcFC492C1393274B6bcd568ac9e225BEc93584', 'Heroes of Mavia', 'C');INSERT INTO evm_tokens(identifier, token_kind, chain, address, decimals, protocol) VALUES('eip155:8453/erc20:0x24fcFC492C1393274B6bcd568ac9e225BEc93584', 'A', 8453, '0x24fcFC492C1393274B6bcd568ac9e225BEc93584', 18, NULL);INSERT INTO common_asset_details(identifier, symbol, coingecko, cryptocompare, forked, started, swapped_for) VALUES('eip155:8453/erc20:0x24fcFC492C1393274B6bcd568ac9e225BEc93584', 'MAVIA', 'heroes-of-mavia', 'MAVIA', NULL, 1708744627, NULL);
*
INSERT INTO assets(identifier, name, type) VALUES('eip155:42161/erc20:0xdA661fa59320B808c5a6d23579fCfEdf1FD3cf36', 'Mobox', 'C');INSERT INTO evm_tokens(identifier, token_kind, chain, address, decimals, protocol) VALUES('eip155:42161/erc20:0xdA661fa59320B808c5a6d23579fCfEdf1FD3cf36', 'A', 42161, '0xdA661fa59320B808c5a6d23579fCfEdf1FD3cf36', 18, NULL);INSERT INTO common_asset_details(identifier, symbol, coingecko, cryptocompare, forked, started, swapped_for) VALUES('eip155:42161/erc20:0xdA661fa59320B808c5a6d23579fCfEdf1FD3cf36', 'MBOX', 'mobox', 'MBOX', NULL, 1684485219, NULL);
*
INSERT INTO assets(identifier, name, type) VALUES('MCOIN', 'MCOIN', 'W');INSERT INTO common_asset_details(identifier, symbol, coingecko, cryptocompare, forked, started, swapped_for) VALUES('MCOIN', 'MCOIN', 'mcoin1', 'MCOIN', NULL, NULL, NULL);
*
INSERT INTO assets(identifier, name, type) VALUES('MOCKJUP', 'mockJUP', 'Y');INSERT INTO common_asset_details(identifier, symbol, coingecko, cryptocompare, forked, started, swapped_for) VALUES('MOCKJUP', 'MOCKJUP', 'mockjup', '', NULL, 1705263185, NULL);
*
INSERT INTO assets(identifier, name, type) VALUES('eip155:8453/erc20:0x2Da56AcB9Ea78330f947bD57C54119Debda7AF71', 'Mog Coin', 'C');INSERT INTO evm_tokens(identifier, token_kind, chain, address, decimals, protocol) VALUES('eip155:8453/erc20:0x2Da56AcB9Ea78330f947bD57C54119Debda7AF71', 'A', 8453, '0x2Da56AcB9Ea78330f947bD57C54119Debda7AF71', 18, NULL);INSERT INTO common_asset_details(identifier, symbol, coingecko, cryptocompare, forked, started, swapped_for) VALUES('eip155:8453/erc20:0x2Da56AcB9Ea78330f947bD57C54119Debda7AF71', 'MOG', 'mog-coin', 'MOG', NULL, 1711647579, NULL);
*
INSERT INTO assets(identifier, name, type) VALUES('eip155:1/erc20:0x6969E5CFe7578aC5F06D313C1A25578927a5bBC9', 'Morti', 'C');INSERT INTO evm_tokens(identifier, token_kind, chain, address, decimals, protocol) VALUES('eip155:1/erc20:0x6969E5CFe7578aC5F06D313C1A25578927a5bBC9', 'A', 1, '0x6969E5CFe7578aC5F06D313C1A25578927a5bBC9', 18, NULL);INSERT INTO common_asset_details(identifier, symbol, coingecko, cryptocompare, forked, started, swapped_for) VALUES('eip155:1/erc20:0x6969E5CFe7578aC5F06D313C1A25578927a5bBC9', 'MORTI', 'morti', '', NULL, 1727722631, NULL);
*
INSERT INTO assets(identifier, name, type) VALUES('eip155:1/erc20:0x2Be8e422cb4A5A7f217a8F1b0658952a79132F28', 'Monkey Shit Inu', 'C');INSERT INTO evm_tokens(identifier, token_kind, chain, address, decimals, protocol) VALUES('eip155:1/erc20:0x2Be8e422cb4A5A7f217a8F1b0658952a79132F28', 'A', 1, '0x2Be8e422cb4A5A7f217a8F1b0658952a79132F28', 18, NULL);INSERT INTO common_asset_details(identifier, symbol, coingecko, cryptocompare, forked, started, swapped_for) VALUES('eip155:1/erc20:0x2Be8e422cb4A5A7f217a8F1b0658952a79132F28', 'MSI', 'monkey-shit-inu', '', NULL, 1718334563, NULL);
*
INSERT INTO assets(identifier, name, type) VALUES('MUSTARD', 'MUSTAAAAAARD', 'Y');INSERT INTO common_asset_details(identifier, symbol, coingecko, cryptocompare, forked, started, swapped_for) VALUES('MUSTARD', 'MUSTARD', 'mustaaaaaard', '', NULL, 1732332087, NULL);
*
INSERT INTO assets(identifier, name, type) VALUES('eip155:1/erc20:0x72f713D11480DCF08b37E1898670e736688D218d', 'Nettensor', 'C');INSERT INTO evm_tokens(identifier, token_kind, chain, address, decimals, protocol) VALUES('eip155:1/erc20:0x72f713D11480DCF08b37E1898670e736688D218d', 'A', 1, '0x72f713D11480DCF08b37E1898670e736688D218d', 18, NULL);INSERT INTO common_asset_details(identifier, symbol, coingecko, cryptocompare, forked, started, swapped_for) VALUES('eip155:1/erc20:0x72f713D11480DCF08b37E1898670e736688D218d', 'NAO', 'nettensor', 'NAO', NULL, 1709118659, NULL);
*
INSERT INTO assets(identifier, name, type) VALUES('eip155:1/erc20:0x85F17Cf997934a597031b2E18a9aB6ebD4B9f6a4', 'NEAR Protocol', 'C');INSERT INTO evm_tokens(identifier, token_kind, chain, address, decimals, protocol) VALUES('eip155:1/erc20:0x85F17Cf997934a597031b2E18a9aB6ebD4B9f6a4', 'A', 1, '0x85F17Cf997934a597031b2E18a9aB6ebD4B9f6a4', 24, NULL);INSERT INTO common_asset_details(identifier, symbol, coingecko, cryptocompare, forked, started, swapped_for) VALUES('eip155:1/erc20:0x85F17Cf997934a597031b2E18a9aB6ebD4B9f6a4', 'NEAR', 'near', 'near', NULL, 1621575783, NULL);
*
INSERT INTO assets(identifier, name, type) VALUES('NEIRO', 'Neiro', 'Y');INSERT INTO common_asset_details(identifier, symbol, coingecko, cryptocompare, forked, started, swapped_for) VALUES('NEIRO', 'NEIRO', 'neiro-2', 'NEIRO', NULL, 1722110125, NULL);
*
INSERT INTO assets(identifier, name, type) VALUES('NEVER', 'neversol', 'Y');INSERT INTO common_asset_details(identifier, symbol, coingecko, cryptocompare, forked, started, swapped_for) VALUES('NEVER', 'NEVER', 'neversol', 'NEVER', NULL, 1706698846, NULL);
*
INSERT INTO assets(identifier, name, type) VALUES('eip155:1/erc20:0x198d14F2Ad9CE69E76ea330B374DE4957C3F850a', 'APENFT', 'C');INSERT INTO evm_tokens(identifier, token_kind, chain, address, decimals, protocol) VALUES('eip155:1/erc20:0x198d14F2Ad9CE69E76ea330B374DE4957C3F850a', 'A', 1, '0x198d14F2Ad9CE69E76ea330B374DE4957C3F850a', 6, NULL);INSERT INTO common_asset_details(identifier, symbol, coingecko, cryptocompare, forked, started, swapped_for) VALUES('eip155:1/erc20:0x198d14F2Ad9CE69E76ea330B374DE4957C3F850a', 'NFT', 'apenft', 'nft', NULL, 1644834202, NULL);
*
INSERT INTO assets(identifier, name, type) VALUES('eip155:56/erc20:0xFEbfA339E44c28E2aa9E62Ea1027C9CB4e378605', 'Non-Playable Coin', 'C');INSERT INTO evm_tokens(identifier, token_kind, chain, address, decimals, protocol) VALUES('eip155:56/erc20:0xFEbfA339E44c28E2aa9E62Ea1027C9CB4e378605', 'A', 56, '0xFEbfA339E44c28E2aa9E62Ea1027C9CB4e378605', 18, NULL);INSERT INTO common_asset_details(identifier, symbol, coingecko, cryptocompare, forked, started, swapped_for) VALUES('eip155:56/erc20:0xFEbfA339E44c28E2aa9E62Ea1027C9CB4e378605', 'NPC', 'non-playable-coin', 'npc', NULL, 1728663208, NULL);
*
INSERT INTO assets(identifier, name, type) VALUES('eip155:1/erc20:0x8eD97a637A790Be1feff5e888d43629dc05408F6', 'Non-Playable Coin', 'C');INSERT INTO evm_tokens(identifier, token_kind, chain, address, decimals, protocol) VALUES('eip155:1/erc20:0x8eD97a637A790Be1feff5e888d43629dc05408F6', 'A', 1, '0x8eD97a637A790Be1feff5e888d43629dc05408F6', 18, NULL);INSERT INTO common_asset_details(identifier, symbol, coingecko, cryptocompare, forked, started, swapped_for) VALUES('eip155:1/erc20:0x8eD97a637A790Be1feff5e888d43629dc05408F6', 'NPC', 'non-playable-coin', 'npc', NULL, 1690631051, NULL);
*
INSERT INTO assets(identifier, name, type) VALUES('PARRY', 'Party Parrot', 'Y');INSERT INTO common_asset_details(identifier, symbol, coingecko, cryptocompare, forked, started, swapped_for) VALUES('PARRY', 'PARRY', 'party-parrot', '', NULL, 1721843255, NULL);
*
INSERT INTO assets(identifier, name, type) VALUES('eip155:1/erc20:0xE9732d4b1E7d3789004fF029f032bA3034db059c', 'Patriot', 'C');INSERT INTO evm_tokens(identifier, token_kind, chain, address, decimals, protocol) VALUES('eip155:1/erc20:0xE9732d4b1E7d3789004fF029f032bA3034db059c', 'A', 1, '0xE9732d4b1E7d3789004fF029f032bA3034db059c', 18, NULL);INSERT INTO common_asset_details(identifier, symbol, coingecko, cryptocompare, forked, started, swapped_for) VALUES('eip155:1/erc20:0xE9732d4b1E7d3789004fF029f032bA3034db059c', 'PATRIOT', 'patriot', 'PATRIOT', NULL, 1730299067, NULL);
*
INSERT INTO assets(identifier, name, type) VALUES('eip155:1/erc20:0x3fFEea07a27Fab7ad1df5297fa75e77a43CB5790', 'PeiPei', 'C');INSERT INTO evm_tokens(identifier, token_kind, chain, address, decimals, protocol) VALUES('eip155:1/erc20:0x3fFEea07a27Fab7ad1df5297fa75e77a43CB5790', 'A', 1, '0x3fFEea07a27Fab7ad1df5297fa75e77a43CB5790', 18, NULL);INSERT INTO common_asset_details(identifier, symbol, coingecko, cryptocompare, forked, started, swapped_for) VALUES('eip155:1/erc20:0x3fFEea07a27Fab7ad1df5297fa75e77a43CB5790', 'PEIPEI', 'peipeicoin-vip', '', NULL, 1717530347, NULL);
*
INSERT INTO assets(identifier, name, type) VALUES('eip155:56/erc20:0x25d887Ce7a35172C62FeBFD67a1856F20FaEbB00', 'Pepe', 'C');INSERT INTO evm_tokens(identifier, token_kind, chain, address, decimals, protocol) VALUES('eip155:56/erc20:0x25d887Ce7a35172C62FeBFD67a1856F20FaEbB00', 'A', 56, '0x25d887Ce7a35172C62FeBFD67a1856F20FaEbB00', 18, NULL);INSERT INTO common_asset_details(identifier, symbol, coingecko, cryptocompare, forked, started, swapped_for) VALUES('eip155:56/erc20:0x25d887Ce7a35172C62FeBFD67a1856F20FaEbB00', 'PEPE', 'pepe', 'pepe', NULL, 1683328109, NULL);
*
INSERT INTO assets(identifier, name, type) VALUES('eip155:56/erc20:0xe57F73EB27Da9D17f90C994744D842e95700C100', 'Pepe AI', 'C');INSERT INTO evm_tokens(identifier, token_kind, chain, address, decimals, protocol) VALUES('eip155:56/erc20:0xe57F73EB27Da9D17f90C994744D842e95700C100', 'A', 56, '0xe57F73EB27Da9D17f90C994744D842e95700C100', 9, NULL);INSERT INTO common_asset_details(identifier, symbol, coingecko, cryptocompare, forked, started, swapped_for) VALUES('eip155:56/erc20:0xe57F73EB27Da9D17f90C994744D842e95700C100', 'PEPEAI', 'pepe-ai', '', NULL, 1683177017, NULL);
*
INSERT INTO assets(identifier, name, type) VALUES('eip155:56/erc20:0xCa6d678e74f553f0E59cccC03ae644a3c2c5EE7d', 'Planet Token', 'C');INSERT INTO evm_tokens(identifier, token_kind, chain, address, decimals, protocol) VALUES('eip155:56/erc20:0xCa6d678e74f553f0E59cccC03ae644a3c2c5EE7d', 'A', 56, '0xCa6d678e74f553f0E59cccC03ae644a3c2c5EE7d', 18, NULL);INSERT INTO common_asset_details(identifier, symbol, coingecko, cryptocompare, forked, started, swapped_for) VALUES('eip155:56/erc20:0xCa6d678e74f553f0E59cccC03ae644a3c2c5EE7d', 'PLANET', 'planet-token', 'PLANET', NULL, 1687009554, NULL);
*
INSERT INTO assets(identifier, name, type) VALUES('QTUM', 'Qtum', 'W');INSERT INTO common_asset_details(identifier, symbol, coingecko, cryptocompare, forked, started, swapped_for) VALUES('QTUM', 'QTUM', 'qtum', 'qtum', NULL, NULL, NULL);
*
INSERT INTO assets(identifier, name, type) VALUES('eip155:1/erc20:0x12BB890508c125661E03b09EC06E404bc9289040', 'Radio Caca', 'C');INSERT INTO evm_tokens(identifier, token_kind, chain, address, decimals, protocol) VALUES('eip155:1/erc20:0x12BB890508c125661E03b09EC06E404bc9289040', 'A', 1, '0x12BB890508c125661E03b09EC06E404bc9289040', 18, NULL);INSERT INTO common_asset_details(identifier, symbol, coingecko, cryptocompare, forked, started, swapped_for) VALUES('eip155:1/erc20:0x12BB890508c125661E03b09EC06E404bc9289040', 'RACA', 'radio-caca', 'RACA', NULL, 1633573008, NULL);
*
INSERT INTO assets(identifier, name, type) VALUES('eip155:1/erc20:0x6553565EaC5DAa9BfC5E2892B36291634c9B2ad6', 'Rake.com', 'C');INSERT INTO evm_tokens(identifier, token_kind, chain, address, decimals, protocol) VALUES('eip155:1/erc20:0x6553565EaC5DAa9BfC5E2892B36291634c9B2ad6', 'A', 1, '0x6553565EaC5DAa9BfC5E2892B36291634c9B2ad6', 18, NULL);INSERT INTO common_asset_details(identifier, symbol, coingecko, cryptocompare, forked, started, swapped_for) VALUES('eip155:1/erc20:0x6553565EaC5DAa9BfC5E2892B36291634c9B2ad6', 'RAKE', 'rake-com', 'rake', NULL, 1689901331, NULL);
*
INSERT INTO assets(identifier, name, type) VALUES('RDEX', 'Orders.Exchange', 'W');INSERT INTO common_asset_details(identifier, symbol, coingecko, cryptocompare, forked, started, swapped_for) VALUES('RDEX', 'RDEX', 'orders-exchange', 'RDEX', NULL, NULL, NULL);
*
INSERT INTO assets(identifier, name, type) VALUES('eip155:42161/erc20:0x3082CC23568eA640225c2467653dB90e9250AaA0', 'Radiant Capital', 'C');INSERT INTO evm_tokens(identifier, token_kind, chain, address, decimals, protocol) VALUES('eip155:42161/erc20:0x3082CC23568eA640225c2467653dB90e9250AaA0', 'A', 42161, '0x3082CC23568eA640225c2467653dB90e9250AaA0', 18, NULL);INSERT INTO common_asset_details(identifier, symbol, coingecko, cryptocompare, forked, started, swapped_for) VALUES('eip155:42161/erc20:0x3082CC23568eA640225c2467653dB90e9250AaA0', 'RDNT', 'radiant-capital', 'RDNT', NULL, 1678676107, NULL);
*
INSERT INTO assets(identifier, name, type) VALUES('eip155:8453/erc20:0xd722E55C1d9D9fA0021A5215Cbb904b92B3dC5d4', 'Radiant Capital', 'C');INSERT INTO evm_tokens(identifier, token_kind, chain, address, decimals, protocol) VALUES('eip155:8453/erc20:0xd722E55C1d9D9fA0021A5215Cbb904b92B3dC5d4', 'A', 8453, '0xd722E55C1d9D9fA0021A5215Cbb904b92B3dC5d4', 17, NULL);INSERT INTO common_asset_details(identifier, symbol, coingecko, cryptocompare, forked, started, swapped_for) VALUES('eip155:8453/erc20:0xd722E55C1d9D9fA0021A5215Cbb904b92B3dC5d4', 'RDNT', 'radiant-capital', 'RDNT', NULL, 1714764507, NULL);
*
INSERT INTO assets(identifier, name, type) VALUES('eip155:56/erc20:0xf7DE7E8A6bd59ED41a4b5fe50278b3B7f31384dF', 'Radiant Capital', 'C');INSERT INTO evm_tokens(identifier, token_kind, chain, address, decimals, protocol) VALUES('eip155:56/erc20:0xf7DE7E8A6bd59ED41a4b5fe50278b3B7f31384dF', 'A', 56, '0xf7DE7E8A6bd59ED41a4b5fe50278b3B7f31384dF', 18, NULL);INSERT INTO common_asset_details(identifier, symbol, coingecko, cryptocompare, forked, started, swapped_for) VALUES('eip155:56/erc20:0xf7DE7E8A6bd59ED41a4b5fe50278b3B7f31384dF', 'RDNT', 'radiant-capital', 'RDNT', NULL, 1679931535, NULL);
*
INSERT INTO assets(identifier, name, type) VALUES('eip155:1/erc20:0x137dDB47Ee24EaA998a535Ab00378d6BFa84F893', 'Radiant Capital', 'C');INSERT INTO evm_tokens(identifier, token_kind, chain, address, decimals, protocol) VALUES('eip155:1/erc20:0x137dDB47Ee24EaA998a535Ab00378d6BFa84F893', 'A', 1, '0x137dDB47Ee24EaA998a535Ab00378d6BFa84F893', 18, NULL);INSERT INTO common_asset_details(identifier, symbol, coingecko, cryptocompare, forked, started, swapped_for) VALUES('eip155:1/erc20:0x137dDB47Ee24EaA998a535Ab00378d6BFa84F893', 'RDNT', 'radiant-capital', 'RDNT', NULL, 1698710039, NULL);
*
INSERT INTO assets(identifier, name, type) VALUES('RIS', 'Riser', 'W');INSERT INTO common_asset_details(identifier, symbol, coingecko, cryptocompare, forked, started, swapped_for) VALUES('RIS', 'RIS', 'riser', 'ris', NULL, NULL, NULL);
*
INSERT INTO assets(identifier, name, type) VALUES('ROCK', 'ROCK DAO', 'W');INSERT INTO common_asset_details(identifier, symbol, coingecko, cryptocompare, forked, started, swapped_for) VALUES('ROCK', 'ROCK', 'rock-dao', '', NULL, NULL, NULL);
*
INSERT INTO assets(identifier, name, type) VALUES('eip155:42161/erc20:0xB766039cc6DB368759C1E56B79AFfE831d0Cc507', 'Rocket Pool', 'C');INSERT INTO evm_tokens(identifier, token_kind, chain, address, decimals, protocol) VALUES('eip155:42161/erc20:0xB766039cc6DB368759C1E56B79AFfE831d0Cc507', 'A', 42161, '0xB766039cc6DB368759C1E56B79AFfE831d0Cc507', 18, NULL);INSERT INTO common_asset_details(identifier, symbol, coingecko, cryptocompare, forked, started, swapped_for) VALUES('eip155:42161/erc20:0xB766039cc6DB368759C1E56B79AFfE831d0Cc507', 'RPL', 'rocket-pool', 'rpl', NULL, 1637304220, NULL);
*
INSERT INTO assets(identifier, name, type) VALUES('eip155:137/erc20:0x7205705771547cF79201111B4bd8aaF29467b9eC', 'Rocket Pool', 'C');INSERT INTO evm_tokens(identifier, token_kind, chain, address, decimals, protocol) VALUES('eip155:137/erc20:0x7205705771547cF79201111B4bd8aaF29467b9eC', 'A', 137, '0x7205705771547cF79201111B4bd8aaF29467b9eC', 18, NULL);INSERT INTO common_asset_details(identifier, symbol, coingecko, cryptocompare, forked, started, swapped_for) VALUES('eip155:137/erc20:0x7205705771547cF79201111B4bd8aaF29467b9eC', 'RPL', 'rocket-pool', 'rpl', NULL, 1618387995, NULL);
*
INSERT INTO assets(identifier, name, type) VALUES('SANDY', 'Sandy Codex', 'Y');INSERT INTO common_asset_details(identifier, symbol, coingecko, cryptocompare, forked, started, swapped_for) VALUES('SANDY', 'SANDY', 'sandy-codex', '', NULL, 1735742039, NULL);
*
INSERT INTO assets(identifier, name, type) VALUES('SEND', 'Sendcoin', 'Y');INSERT INTO common_asset_details(identifier, symbol, coingecko, cryptocompare, forked, started, swapped_for) VALUES('SEND', 'SEND', 'send-2', '', NULL, 1720788459, NULL);
*
INSERT INTO assets(identifier, name, type) VALUES('eip155:1/erc20:0x877f035c83df617B6C901891F90EEBc78f8CE050', 'SentAI', 'C');INSERT INTO evm_tokens(identifier, token_kind, chain, address, decimals, protocol) VALUES('eip155:1/erc20:0x877f035c83df617B6C901891F90EEBc78f8CE050', 'A', 1, '0x877f035c83df617B6C901891F90EEBc78f8CE050', 18, NULL);INSERT INTO common_asset_details(identifier, symbol, coingecko, cryptocompare, forked, started, swapped_for) VALUES('eip155:1/erc20:0x877f035c83df617B6C901891F90EEBc78f8CE050', 'SENTAI', 'sentai', 'SENTAI', NULL, 1734630203, NULL);
*
INSERT INTO assets(identifier, name, type) VALUES('eip155:8453/erc20:0x161e113B8E9BBAEfb846F73F31624F6f9607bd44', 'Simmi Token', 'C');INSERT INTO evm_tokens(identifier, token_kind, chain, address, decimals, protocol) VALUES('eip155:8453/erc20:0x161e113B8E9BBAEfb846F73F31624F6f9607bd44', 'A', 8453, '0x161e113B8E9BBAEfb846F73F31624F6f9607bd44', 18, NULL);INSERT INTO common_asset_details(identifier, symbol, coingecko, cryptocompare, forked, started, swapped_for) VALUES('eip155:8453/erc20:0x161e113B8E9BBAEfb846F73F31624F6f9607bd44', 'SIMMI', 'simmi-token', '', NULL, 1732892693, NULL);
*
INSERT INTO assets(identifier, name, type) VALUES('eip155:42161/erc20:0x06e90A57D1ECe8752d6CE92D1aD348EaD5Eae4f4', 'Real Smurf Cat', 'C');INSERT INTO evm_tokens(identifier, token_kind, chain, address, decimals, protocol) VALUES('eip155:42161/erc20:0x06e90A57D1ECe8752d6CE92D1aD348EaD5Eae4f4', 'A', 42161, '0x06e90A57D1ECe8752d6CE92D1aD348EaD5Eae4f4', 18, NULL);INSERT INTO common_asset_details(identifier, symbol, coingecko, cryptocompare, forked, started, swapped_for) VALUES('eip155:42161/erc20:0x06e90A57D1ECe8752d6CE92D1aD348EaD5Eae4f4', 'SMURFCAT', 'real-smurf-cat', '', NULL, 1703372126, NULL);
*
INSERT INTO assets(identifier, name, type) VALUES('SNAI', 'SwarmNode.ai', 'Y');INSERT INTO common_asset_details(identifier, symbol, coingecko, cryptocompare, forked, started, swapped_for) VALUES('SNAI', 'SNAI', 'swarmnode-ai', 'SNAI', NULL, 1734721666, NULL);
*
INSERT INTO assets(identifier, name, type) VALUES('SNOW', 'Snowman', 'W');INSERT INTO common_asset_details(identifier, symbol, coingecko, cryptocompare, forked, started, swapped_for) VALUES('SNOW', 'SNOW', 'snowman', '', NULL, NULL, NULL);
*
INSERT INTO assets(identifier, name, type) VALUES('eip155:250/erc20:0x56ee926bD8c72B2d5fa1aF4d9E4Cbb515a1E3Adc', 'Synthetix Network', 'C');INSERT INTO evm_tokens(identifier, token_kind, chain, address, decimals, protocol) VALUES('eip155:250/erc20:0x56ee926bD8c72B2d5fa1aF4d9E4Cbb515a1E3Adc', 'A', 250, '0x56ee926bD8c72B2d5fa1aF4d9E4Cbb515a1E3Adc', 18, NULL);INSERT INTO common_asset_details(identifier, symbol, coingecko, cryptocompare, forked, started, swapped_for) VALUES('eip155:250/erc20:0x56ee926bD8c72B2d5fa1aF4d9E4Cbb515a1E3Adc', 'SNX', 'havven', 'snx', NULL, 1613759241, NULL);
*
INSERT INTO assets(identifier, name, type) VALUES('eip155:56/erc20:0xc2c28b58db223DA89b567A0A98197Fc17C115148', 'Sologenic', 'C');INSERT INTO evm_tokens(identifier, token_kind, chain, address, decimals, protocol) VALUES('eip155:56/erc20:0xc2c28b58db223DA89b567A0A98197Fc17C115148', 'A', 56, '0xc2c28b58db223DA89b567A0A98197Fc17C115148', 15, NULL);INSERT INTO common_asset_details(identifier, symbol, coingecko, cryptocompare, forked, started, swapped_for) VALUES('eip155:56/erc20:0xc2c28b58db223DA89b567A0A98197Fc17C115148', 'SOLO', 'solo-coin', 'solo', NULL, 1642647969, NULL);
*
INSERT INTO assets(identifier, name, type) VALUES('eip155:1/erc20:0x02020595E6a34a03a8E9c1f5624b1b7713810083', 'Spectra Chain', 'C');INSERT INTO evm_tokens(identifier, token_kind, chain, address, decimals, protocol) VALUES('eip155:1/erc20:0x02020595E6a34a03a8E9c1f5624b1b7713810083', 'A', 1, '0x02020595E6a34a03a8E9c1f5624b1b7713810083', 18, NULL);INSERT INTO common_asset_details(identifier, symbol, coingecko, cryptocompare, forked, started, swapped_for) VALUES('eip155:1/erc20:0x02020595E6a34a03a8E9c1f5624b1b7713810083', 'SPCT', 'spectra-chain', 'spct', NULL, 1712211167, NULL);
*
INSERT INTO assets(identifier, name, type) VALUES('eip155:250/erc20:0x468003B688943977e6130F4F68F23aad939a1040', 'Spell', 'C');INSERT INTO evm_tokens(identifier, token_kind, chain, address, decimals, protocol) VALUES('eip155:250/erc20:0x468003B688943977e6130F4F68F23aad939a1040', 'A', 250, '0x468003B688943977e6130F4F68F23aad939a1040', 18, NULL);INSERT INTO common_asset_details(identifier, symbol, coingecko, cryptocompare, forked, started, swapped_for) VALUES('eip155:250/erc20:0x468003B688943977e6130F4F68F23aad939a1040', 'SPELL', 'spell-token', 'spell', NULL, 1631157987, NULL);
*
INSERT INTO assets(identifier, name, type) VALUES('SPT', 'SunPumpTrading', 'W');INSERT INTO common_asset_details(identifier, symbol, coingecko, cryptocompare, forked, started, swapped_for) VALUES('SPT', 'SPT', 'sunpumptrading', '', NULL, NULL, NULL);
*
INSERT INTO assets(identifier, name, type) VALUES('STT', 'Statter Network', 'W');INSERT INTO common_asset_details(identifier, symbol, coingecko, cryptocompare, forked, started, swapped_for) VALUES('STT', 'STT', 'statter-network', 'STT', NULL, NULL, NULL);
*
INSERT INTO assets(identifier, name, type) VALUES('SUGAR', 'Sugar Boy', 'W');INSERT INTO common_asset_details(identifier, symbol, coingecko, cryptocompare, forked, started, swapped_for) VALUES('SUGAR', 'SUGAR', 'sugar-boy', '', NULL, NULL, NULL);
*
INSERT INTO assets(identifier, name, type) VALUES('SUNPEPE', 'sunpepe', 'W');INSERT INTO common_asset_details(identifier, symbol, coingecko, cryptocompare, forked, started, swapped_for) VALUES('SUNPEPE', 'SUNPEPE', 'sunpepe', 'SUNPEPE', NULL, NULL, NULL);
*
INSERT INTO assets(identifier, name, type) VALUES('eip155:8453/erc20:0x7D49a065D17d6d4a55dc13649901fdBB98B2AFBA', 'Sushi', 'C');INSERT INTO evm_tokens(identifier, token_kind, chain, address, decimals, protocol) VALUES('eip155:8453/erc20:0x7D49a065D17d6d4a55dc13649901fdBB98B2AFBA', 'A', 8453, '0x7D49a065D17d6d4a55dc13649901fdBB98B2AFBA', 18, NULL);INSERT INTO common_asset_details(identifier, symbol, coingecko, cryptocompare, forked, started, swapped_for) VALUES('eip155:8453/erc20:0x7D49a065D17d6d4a55dc13649901fdBB98B2AFBA', 'SUSHI', 'sushi', 'sushi', NULL, 1692029937, NULL);
*
INSERT INTO assets(identifier, name, type) VALUES('SUYA', 'SunYang', 'W');INSERT INTO common_asset_details(identifier, symbol, coingecko, cryptocompare, forked, started, swapped_for) VALUES('SUYA', 'SUYA', 'sunyang', '', NULL, NULL, NULL);
*
INSERT INTO assets(identifier, name, type) VALUES('eip155:56/erc20:0xE64E30276C2F826FEbd3784958d6Da7B55DfbaD3', 'SWFTCOIN', 'C');INSERT INTO evm_tokens(identifier, token_kind, chain, address, decimals, protocol) VALUES('eip155:56/erc20:0xE64E30276C2F826FEbd3784958d6Da7B55DfbaD3', 'A', 56, '0xE64E30276C2F826FEbd3784958d6Da7B55DfbaD3', 18, NULL);INSERT INTO common_asset_details(identifier, symbol, coingecko, cryptocompare, forked, started, swapped_for) VALUES('eip155:56/erc20:0xE64E30276C2F826FEbd3784958d6Da7B55DfbaD3', 'SWFTC', 'swftcoin', 'SWFTC', NULL, 1617276901, NULL);
*
INSERT INTO assets(identifier, name, type) VALUES('TCAT', 'Tron Cat', 'W');INSERT INTO common_asset_details(identifier, symbol, coingecko, cryptocompare, forked, started, swapped_for) VALUES('TCAT', 'TCAT', 'tron-cat', '', NULL, NULL, NULL);
*
INSERT INTO assets(identifier, name, type) VALUES('TOGA', 'TOGA', 'Y');INSERT INTO common_asset_details(identifier, symbol, coingecko, cryptocompare, forked, started, swapped_for) VALUES('TOGA', 'TOGA', 'toga', '', NULL, NULL, NULL);
*
INSERT INTO assets(identifier, name, type) VALUES('eip155:42161/erc20:0xd58D345Fd9c82262E087d2D0607624B410D88242', 'Tellor Tributes', 'C');INSERT INTO evm_tokens(identifier, token_kind, chain, address, decimals, protocol) VALUES('eip155:42161/erc20:0xd58D345Fd9c82262E087d2D0607624B410D88242', 'A', 42161, '0xd58D345Fd9c82262E087d2D0607624B410D88242', 18, NULL);INSERT INTO common_asset_details(identifier, symbol, coingecko, cryptocompare, forked, started, swapped_for) VALUES('eip155:42161/erc20:0xd58D345Fd9c82262E087d2D0607624B410D88242', 'TRB', 'tellor', 'trb', NULL, 1660837021, NULL);
*
INSERT INTO assets(identifier, name, type) VALUES('eip155:10/erc20:0xaf8cA653Fa2772d58f4368B0a71980e9E3cEB888', 'Tellor Tributes', 'C');INSERT INTO evm_tokens(identifier, token_kind, chain, address, decimals, protocol) VALUES('eip155:10/erc20:0xaf8cA653Fa2772d58f4368B0a71980e9E3cEB888', 'A', 10, '0xaf8cA653Fa2772d58f4368B0a71980e9E3cEB888', 18, NULL);INSERT INTO common_asset_details(identifier, symbol, coingecko, cryptocompare, forked, started, swapped_for) VALUES('eip155:10/erc20:0xaf8cA653Fa2772d58f4368B0a71980e9E3cEB888', 'TRB', 'tellor', 'trb', NULL, 1658500215, NULL);
*
INSERT INTO assets(identifier, name, type) VALUES('eip155:137/erc20:0xE3322702BEdaaEd36CdDAb233360B939775ae5f1', 'Tellor Tributes', 'C');INSERT INTO evm_tokens(identifier, token_kind, chain, address, decimals, protocol) VALUES('eip155:137/erc20:0xE3322702BEdaaEd36CdDAb233360B939775ae5f1', 'A', 137, '0xE3322702BEdaaEd36CdDAb233360B939775ae5f1', 18, NULL);INSERT INTO common_asset_details(identifier, symbol, coingecko, cryptocompare, forked, started, swapped_for) VALUES('eip155:137/erc20:0xE3322702BEdaaEd36CdDAb233360B939775ae5f1', 'TRB', 'tellor', 'trb', NULL, 1615177801, NULL);
*
INSERT INTO assets(identifier, name, type) VALUES('eip155:100/erc20:0xAAd66432d27737ecf6ED183160Adc5eF36aB99f2', 'Tellor Tributes', 'C');INSERT INTO evm_tokens(identifier, token_kind, chain, address, decimals, protocol) VALUES('eip155:100/erc20:0xAAd66432d27737ecf6ED183160Adc5eF36aB99f2', 'A', 100, '0xAAd66432d27737ecf6ED183160Adc5eF36aB99f2', 18, NULL);INSERT INTO common_asset_details(identifier, symbol, coingecko, cryptocompare, forked, started, swapped_for) VALUES('eip155:100/erc20:0xAAd66432d27737ecf6ED183160Adc5eF36aB99f2', 'TRB', 'tellor', 'trb', NULL, 1666911590, NULL);
*
INSERT INTO assets(identifier, name, type) VALUES('TRONDOG', 'TronDog', 'W');INSERT INTO common_asset_details(identifier, symbol, coingecko, cryptocompare, forked, started, swapped_for) VALUES('TRONDOG', 'TRONDOG', 'trondog', 'TRONDOG', NULL, NULL, NULL);
*
INSERT INTO assets(identifier, name, type) VALUES('eip155:8453/erc20:0x57F5fbD3DE65DFC0bd3630F732969e5fb97E6d37', 'MAGA', 'C');INSERT INTO evm_tokens(identifier, token_kind, chain, address, decimals, protocol) VALUES('eip155:8453/erc20:0x57F5fbD3DE65DFC0bd3630F732969e5fb97E6d37', 'A', 8453, '0x57F5fbD3DE65DFC0bd3630F732969e5fb97E6d37', 9, NULL);INSERT INTO common_asset_details(identifier, symbol, coingecko, cryptocompare, forked, started, swapped_for) VALUES('eip155:8453/erc20:0x57F5fbD3DE65DFC0bd3630F732969e5fb97E6d37', 'TRUMP', 'maga', 'maga', NULL, 1710985297, NULL);
*
INSERT INTO assets(identifier, name, type) VALUES('eip155:1/erc20:0x6aA56e1D98b3805921C170EB4B3fe7D4Fda6D89b', 'MAGA', 'C');INSERT INTO evm_tokens(identifier, token_kind, chain, address, decimals, protocol) VALUES('eip155:1/erc20:0x6aA56e1D98b3805921C170EB4B3fe7D4Fda6D89b', 'A', 1, '0x6aA56e1D98b3805921C170EB4B3fe7D4Fda6D89b', 9, NULL);INSERT INTO common_asset_details(identifier, symbol, coingecko, cryptocompare, forked, started, swapped_for) VALUES('eip155:1/erc20:0x6aA56e1D98b3805921C170EB4B3fe7D4Fda6D89b', 'TRUMP', 'maga', 'maga', NULL, 1722369131, NULL);
*
INSERT INTO assets(identifier, name, type) VALUES('eip155:56/erc20:0x40af3827F39D0EAcBF4A168f8D4ee67c121D11c9', 'TrueUSD', 'C');INSERT INTO evm_tokens(identifier, token_kind, chain, address, decimals, protocol) VALUES('eip155:56/erc20:0x40af3827F39D0EAcBF4A168f8D4ee67c121D11c9', 'A', 56, '0x40af3827F39D0EAcBF4A168f8D4ee67c121D11c9', 18, NULL);INSERT INTO common_asset_details(identifier, symbol, coingecko, cryptocompare, forked, started, swapped_for) VALUES('eip155:56/erc20:0x40af3827F39D0EAcBF4A168f8D4ee67c121D11c9', 'TUSD', 'true-usd', 'tusd', NULL, 1678434659, NULL);
*
INSERT INTO assets(identifier, name, type) VALUES('eip155:324/erc20:0x1d17CBcF0D6D143135aE902365D2E5e2A16538D4', 'USDC', 'C');INSERT INTO evm_tokens(identifier, token_kind, chain, address, decimals, protocol) VALUES('eip155:324/erc20:0x1d17CBcF0D6D143135aE902365D2E5e2A16538D4', 'A', 324, '0x1d17CBcF0D6D143135aE902365D2E5e2A16538D4', 6, NULL);INSERT INTO common_asset_details(identifier, symbol, coingecko, cryptocompare, forked, started, swapped_for) VALUES('eip155:324/erc20:0x1d17CBcF0D6D143135aE902365D2E5e2A16538D4', 'USDC', 'usd-coin', 'usdc', NULL, 1706644361, NULL);
*
INSERT INTO assets(identifier, name, type) VALUES('VIKITA', 'VIKITA', 'W');INSERT INTO common_asset_details(identifier, symbol, coingecko, cryptocompare, forked, started, swapped_for) VALUES('VIKITA', 'VIKITA', 'vikita', '', NULL, NULL, NULL);
*
INSERT INTO assets(identifier, name, type) VALUES('VOID', 'Nothing', 'Y');INSERT INTO common_asset_details(identifier, symbol, coingecko, cryptocompare, forked, started, swapped_for) VALUES('VOID', 'VOID', 'nothing-4', '', NULL, 1733323469, NULL);
*
INSERT INTO assets(identifier, name, type) VALUES('eip155:56/erc20:0x7f792db54B0e580Cdc755178443f0430Cf799aCa', 'Volt Inu', 'C');INSERT INTO evm_tokens(identifier, token_kind, chain, address, decimals, protocol) VALUES('eip155:56/erc20:0x7f792db54B0e580Cdc755178443f0430Cf799aCa', 'A', 56, '0x7f792db54B0e580Cdc755178443f0430Cf799aCa', 9, NULL);INSERT INTO common_asset_details(identifier, symbol, coingecko, cryptocompare, forked, started, swapped_for) VALUES('eip155:56/erc20:0x7f792db54B0e580Cdc755178443f0430Cf799aCa', 'VOLT', 'volt-inu-2', 'volt', NULL, 1683801471, NULL);
*
INSERT INTO assets(identifier, name, type) VALUES('eip155:137/erc20:0x7f792db54B0e580Cdc755178443f0430Cf799aCa', 'Volt Inu', 'C');INSERT INTO evm_tokens(identifier, token_kind, chain, address, decimals, protocol) VALUES('eip155:137/erc20:0x7f792db54B0e580Cdc755178443f0430Cf799aCa', 'A', 137, '0x7f792db54B0e580Cdc755178443f0430Cf799aCa', 9, NULL);INSERT INTO common_asset_details(identifier, symbol, coingecko, cryptocompare, forked, started, swapped_for) VALUES('eip155:137/erc20:0x7f792db54B0e580Cdc755178443f0430Cf799aCa', 'VOLT', 'volt-inu-2', 'volt', NULL, 1683801052, NULL);
*
INSERT INTO assets(identifier, name, type) VALUES('VVAIFU', 'Dasha', 'Y');INSERT INTO common_asset_details(identifier, symbol, coingecko, cryptocompare, forked, started, swapped_for) VALUES('VVAIFU', 'VVAIFU', 'dasha', 'VVAIFU', NULL, 1729270364, NULL);
*
INSERT INTO assets(identifier, name, type) VALUES('eip155:56/erc20:0x9eC02756A559700d8D9e79ECe56809f7bcC5dC27', 'WHY', 'C');INSERT INTO evm_tokens(identifier, token_kind, chain, address, decimals, protocol) VALUES('eip155:56/erc20:0x9eC02756A559700d8D9e79ECe56809f7bcC5dC27', 'A', 56, '0x9eC02756A559700d8D9e79ECe56809f7bcC5dC27', 18, NULL);INSERT INTO common_asset_details(identifier, symbol, coingecko, cryptocompare, forked, started, swapped_for) VALUES('eip155:56/erc20:0x9eC02756A559700d8D9e79ECe56809f7bcC5dC27', 'WHY', 'why', 'why', NULL, 1712063688, NULL);
*
INSERT INTO assets(identifier, name, type) VALUES('eip155:1/erc20:0x572975FF6d5136c81c8d7448B6361eF9EEfE1AB0', 'Wrapped Staked USDT', 'C');INSERT INTO evm_tokens(identifier, token_kind, chain, address, decimals, protocol) VALUES('eip155:1/erc20:0x572975FF6d5136c81c8d7448B6361eF9EEfE1AB0', 'A', 1, '0x572975FF6d5136c81c8d7448B6361eF9EEfE1AB0', 18, NULL);INSERT INTO common_asset_details(identifier, symbol, coingecko, cryptocompare, forked, started, swapped_for) VALUES('eip155:1/erc20:0x572975FF6d5136c81c8d7448B6361eF9EEfE1AB0', 'WSTUSDT', 'wrapped-staked-usdt', 'WSTUSDT', NULL, 1690430795, NULL);
*
INSERT INTO assets(identifier, name, type) VALUES('eip155:8453/erc20:0x9c632E6Aaa3eA73f91554f8A3cB2ED2F29605e0C', 'Onyxcoin', 'C');INSERT INTO evm_tokens(identifier, token_kind, chain, address, decimals, protocol) VALUES('eip155:8453/erc20:0x9c632E6Aaa3eA73f91554f8A3cB2ED2F29605e0C', 'A', 8453, '0x9c632E6Aaa3eA73f91554f8A3cB2ED2F29605e0C', 18, NULL);INSERT INTO common_asset_details(identifier, symbol, coingecko, cryptocompare, forked, started, swapped_for) VALUES('eip155:8453/erc20:0x9c632E6Aaa3eA73f91554f8A3cB2ED2F29605e0C', 'XCN', 'chain-2', 'XCN', NULL, 1719103377, NULL);
*
INSERT INTO assets(identifier, name, type) VALUES('eip155:56/erc20:0x7324c7C0d95CEBC73eEa7E85CbAac0dBdf88a05b', 'Onyxcoin', 'C');INSERT INTO evm_tokens(identifier, token_kind, chain, address, decimals, protocol) VALUES('eip155:56/erc20:0x7324c7C0d95CEBC73eEa7E85CbAac0dBdf88a05b', 'A', 56, '0x7324c7C0d95CEBC73eEa7E85CbAac0dBdf88a05b', 18, NULL);INSERT INTO common_asset_details(identifier, symbol, coingecko, cryptocompare, forked, started, swapped_for) VALUES('eip155:56/erc20:0x7324c7C0d95CEBC73eEa7E85CbAac0dBdf88a05b', 'XCN', 'chain-2', 'XCN', NULL, 1646771079, NULL);
*
INSERT INTO assets(identifier, name, type) VALUES('eip155:43114/erc20:0xC0C5AA69Dbe4d6DDdfBc89c0957686ec60F24389', 'XEN Crypto', 'C');INSERT INTO evm_tokens(identifier, token_kind, chain, address, decimals, protocol) VALUES('eip155:43114/erc20:0xC0C5AA69Dbe4d6DDdfBc89c0957686ec60F24389', 'A', 43114, '0xC0C5AA69Dbe4d6DDdfBc89c0957686ec60F24389', 18, NULL);INSERT INTO common_asset_details(identifier, symbol, coingecko, cryptocompare, forked, started, swapped_for) VALUES('eip155:43114/erc20:0xC0C5AA69Dbe4d6DDdfBc89c0957686ec60F24389', 'XEN', 'xen-crypto', 'XEN', NULL, 1665700430, NULL);
*
INSERT INTO assets(identifier, name, type) VALUES('XLG', 'xiao lang gou', 'W');INSERT INTO common_asset_details(identifier, symbol, coingecko, cryptocompare, forked, started, swapped_for) VALUES('XLG', 'XLG', 'xiao-lang-gou', '', NULL, NULL, NULL);
*
INSERT INTO assets(identifier, name, type) VALUES('eip155:56/erc20:0x88691f292b76Bf4D2CAa5678A54515fAE77c33AF', 'Xpense', 'C');INSERT INTO evm_tokens(identifier, token_kind, chain, address, decimals, protocol) VALUES('eip155:56/erc20:0x88691f292b76Bf4D2CAa5678A54515fAE77c33AF', 'A', 56, '0x88691f292b76Bf4D2CAa5678A54515fAE77c33AF', 18, NULL);INSERT INTO common_asset_details(identifier, symbol, coingecko, cryptocompare, forked, started, swapped_for) VALUES('eip155:56/erc20:0x88691f292b76Bf4D2CAa5678A54515fAE77c33AF', 'XPE', 'xpense-2', 'XPE', NULL, 1697609913, NULL);
*
INSERT INTO assets(identifier, name, type) VALUES('eip155:42161/erc20:0xc1Eb7689147C81aC840d4FF0D298489fc7986d52', 'Venus', 'C');INSERT INTO evm_tokens(identifier, token_kind, chain, address, decimals, protocol) VALUES('eip155:42161/erc20:0xc1Eb7689147C81aC840d4FF0D298489fc7986d52', 'A', 42161, '0xc1Eb7689147C81aC840d4FF0D298489fc7986d52', 18, NULL);INSERT INTO common_asset_details(identifier, symbol, coingecko, cryptocompare, forked, started, swapped_for) VALUES('eip155:42161/erc20:0xc1Eb7689147C81aC840d4FF0D298489fc7986d52', 'XVS', 'venus', 'xvs', NULL, 1716542069, NULL);
*
INSERT INTO assets(identifier, name, type) VALUES('eip155:8453/erc20:0xebB7873213c8d1d9913D8eA39Aa12d74cB107995', 'Venus', 'C');INSERT INTO evm_tokens(identifier, token_kind, chain, address, decimals, protocol) VALUES('eip155:8453/erc20:0xebB7873213c8d1d9913D8eA39Aa12d74cB107995', 'A', 8453, '0xebB7873213c8d1d9913D8eA39Aa12d74cB107995', 18, NULL);INSERT INTO common_asset_details(identifier, symbol, coingecko, cryptocompare, forked, started, swapped_for) VALUES('eip155:8453/erc20:0xebB7873213c8d1d9913D8eA39Aa12d74cB107995', 'XVS', 'venus', 'xvs', NULL, 1733301549, NULL);
*
INSERT INTO assets(identifier, name, type) VALUES('eip155:1/erc20:0xd3CC9d8f3689B83c91b7B59cAB4946B063EB894A', 'Venus', 'C');INSERT INTO evm_tokens(identifier, token_kind, chain, address, decimals, protocol) VALUES('eip155:1/erc20:0xd3CC9d8f3689B83c91b7B59cAB4946B063EB894A', 'A', 1, '0xd3CC9d8f3689B83c91b7B59cAB4946B063EB894A', 18, NULL);INSERT INTO common_asset_details(identifier, symbol, coingecko, cryptocompare, forked, started, swapped_for) VALUES('eip155:1/erc20:0xd3CC9d8f3689B83c91b7B59cAB4946B063EB894A', 'XVS', 'venus', 'xvs', NULL, 1703827523, NULL);
*
INSERT INTO assets(identifier, name, type) VALUES('eip155:10/erc20:0x4a971e87ad1F61f7f3081645f52a99277AE917cF', 'Venus', 'C');INSERT INTO evm_tokens(identifier, token_kind, chain, address, decimals, protocol) VALUES('eip155:10/erc20:0x4a971e87ad1F61f7f3081645f52a99277AE917cF', 'A', 10, '0x4a971e87ad1F61f7f3081645f52a99277AE917cF', 18, NULL);INSERT INTO common_asset_details(identifier, symbol, coingecko, cryptocompare, forked, started, swapped_for) VALUES('eip155:10/erc20:0x4a971e87ad1F61f7f3081645f52a99277AE917cF', 'XVS', 'venus', 'xvs', NULL, 1726661901, NULL);
*
INSERT INTO assets(identifier, name, type) VALUES('eip155:324/erc20:0xD78ABD81a3D57712a3af080dc4185b698Fe9ac5A', 'Venus', 'C');INSERT INTO evm_tokens(identifier, token_kind, chain, address, decimals, protocol) VALUES('eip155:324/erc20:0xD78ABD81a3D57712a3af080dc4185b698Fe9ac5A', 'A', 324, '0xD78ABD81a3D57712a3af080dc4185b698Fe9ac5A', 18, NULL);INSERT INTO common_asset_details(identifier, symbol, coingecko, cryptocompare, forked, started, swapped_for) VALUES('eip155:324/erc20:0xD78ABD81a3D57712a3af080dc4185b698Fe9ac5A', 'XVS', 'venus', 'xvs', NULL, 1724322410, NULL);
*
INSERT INTO assets(identifier, name, type) VALUES('eip155:8453/erc20:0x9EaF8C1E34F05a589EDa6BAfdF391Cf6Ad3CB239', 'yearn.finance', 'C');INSERT INTO evm_tokens(identifier, token_kind, chain, address, decimals, protocol) VALUES('eip155:8453/erc20:0x9EaF8C1E34F05a589EDa6BAfdF391Cf6Ad3CB239', 'A', 8453, '0x9EaF8C1E34F05a589EDa6BAfdF391Cf6Ad3CB239', 18, NULL);INSERT INTO common_asset_details(identifier, symbol, coingecko, cryptocompare, forked, started, swapped_for) VALUES('eip155:8453/erc20:0x9EaF8C1E34F05a589EDa6BAfdF391Cf6Ad3CB239', 'YFI', 'yearn-finance', 'yfi', NULL, 1695062519, NULL);
*
INSERT INTO assets(identifier, name, type) VALUES('eip155:250/erc20:0x29b0Da86e484E1C0029B56e817912d778aC0EC69', 'yearn.finance', 'C');INSERT INTO evm_tokens(identifier, token_kind, chain, address, decimals, protocol) VALUES('eip155:250/erc20:0x29b0Da86e484E1C0029B56e817912d778aC0EC69', 'A', 250, '0x29b0Da86e484E1C0029B56e817912d778aC0EC69', 18, NULL);INSERT INTO common_asset_details(identifier, symbol, coingecko, cryptocompare, forked, started, swapped_for) VALUES('eip155:250/erc20:0x29b0Da86e484E1C0029B56e817912d778aC0EC69', 'YFI', 'yearn-finance', 'yfi', NULL, 1613759097, NULL);
*
INSERT INTO assets(identifier, name, type) VALUES('eip155:10/erc20:0x9046D36440290FfDE54FE0DD84Db8b1CfEE9107B', 'yearn.finance', 'C');INSERT INTO evm_tokens(identifier, token_kind, chain, address, decimals, protocol) VALUES('eip155:10/erc20:0x9046D36440290FfDE54FE0DD84Db8b1CfEE9107B', 'A', 10, '0x9046D36440290FfDE54FE0DD84Db8b1CfEE9107B', 18, NULL);INSERT INTO common_asset_details(identifier, symbol, coingecko, cryptocompare, forked, started, swapped_for) VALUES('eip155:10/erc20:0x9046D36440290FfDE54FE0DD84Db8b1CfEE9107B', 'YFI', 'yearn-finance', 'yfi', NULL, 1695061901, NULL);
*
INSERT INTO assets(identifier, name, type) VALUES('eip155:324/erc20:0x27d0A2b5316b98088294378692F4EAbfB3222e36', 'ZeroLend', 'C');INSERT INTO evm_tokens(identifier, token_kind, chain, address, decimals, protocol) VALUES('eip155:324/erc20:0x27d0A2b5316b98088294378692F4EAbfB3222e36', 'A', 324, '0x27d0A2b5316b98088294378692F4EAbfB3222e36', 18, NULL);INSERT INTO common_asset_details(identifier, symbol, coingecko, cryptocompare, forked, started, swapped_for) VALUES('eip155:324/erc20:0x27d0A2b5316b98088294378692F4EAbfB3222e36', 'ZERO', 'zerolend', 'ZERO', NULL, 1716427286, NULL);
*
INSERT INTO assets(identifier, name, type) VALUES('eip155:56/erc20:0x6985884C4392D348587B19cb9eAAf157F13271cd', 'LayerZero', 'C');INSERT INTO evm_tokens(identifier, token_kind, chain, address, decimals, protocol) VALUES('eip155:56/erc20:0x6985884C4392D348587B19cb9eAAf157F13271cd', 'A', 56, '0x6985884C4392D348587B19cb9eAAf157F13271cd', 18, NULL);INSERT INTO common_asset_details(identifier, symbol, coingecko, cryptocompare, forked, started, swapped_for) VALUES('eip155:56/erc20:0x6985884C4392D348587B19cb9eAAf157F13271cd', 'ZRO', 'layerzero', 'zro', NULL, 1718217273, NULL);
*
INSERT INTO assets(identifier, name, type) VALUES('eip155:1/erc20:0x44971ABF0251958492FeE97dA3e5C5adA88B9185', 'BasedAI', 'C');INSERT INTO evm_tokens(identifier, token_kind, chain, address, decimals, protocol) VALUES('eip155:1/erc20:0x44971ABF0251958492FeE97dA3e5C5adA88B9185', 'A', 1, '0x44971ABF0251958492FeE97dA3e5C5adA88B9185', 18, NULL);INSERT INTO common_asset_details(identifier, symbol, coingecko, cryptocompare, forked, started, swapped_for) VALUES('eip155:1/erc20:0x44971ABF0251958492FeE97dA3e5C5adA88B9185', 'BASEDAI', 'basedai', 'BASEDAI', NULL, 1686232079, NULL);
*
INSERT INTO assets(identifier, name, type) VALUES('eip155:1/erc20:0x7D225c4cc612E61d26523B099b0718d03152eDEf', 'FlokiFork', 'C');INSERT INTO evm_tokens(identifier, token_kind, chain, address, decimals, protocol) VALUES('eip155:1/erc20:0x7D225c4cc612E61d26523B099b0718d03152eDEf', 'A', 1, '0x7D225c4cc612E61d26523B099b0718d03152eDEf', 18, NULL);INSERT INTO common_asset_details(identifier, symbol, coingecko, cryptocompare, forked, started, swapped_for) VALUES('eip155:1/erc20:0x7D225c4cc612E61d26523B099b0718d03152eDEf', 'FORK', 'flokifork', '', NULL, 1706997959, NULL);
*
INSERT INTO assets(identifier, name, type) VALUES('eip155:8453/erc20:0xFE550BfFb51EB645EA3b324D772A19AC449E92c5', 'IX Swap', 'C');INSERT INTO evm_tokens(identifier, token_kind, chain, address, decimals, protocol) VALUES('eip155:8453/erc20:0xFE550BfFb51EB645EA3b324D772A19AC449E92c5', 'A', 8453, '0xFE550BfFb51EB645EA3b324D772A19AC449E92c5', 18, NULL);INSERT INTO common_asset_details(identifier, symbol, coingecko, cryptocompare, forked, started, swapped_for) VALUES('eip155:8453/erc20:0xFE550BfFb51EB645EA3b324D772A19AC449E92c5', 'IXS', 'ix-swap', 'ixs', NULL, 1724135805, NULL);
*
INSERT INTO assets(identifier, name, type) VALUES('MMSS', 'MMSS (Ordinals)', 'W');INSERT INTO common_asset_details(identifier, symbol, coingecko, cryptocompare, forked, started, swapped_for) VALUES('MMSS', 'MMSS', 'mmss', 'mmss', NULL, NULL, NULL);
*
INSERT INTO assets(identifier, name, type) VALUES('eip155:1/erc20:0x3C4B6E6e1eA3D4863700D7F76b36B7f3D3f13E3d', 'VGX Token', 'C');INSERT INTO evm_tokens(identifier, token_kind, chain, address, decimals, protocol) VALUES('eip155:1/erc20:0x3C4B6E6e1eA3D4863700D7F76b36B7f3D3f13E3d', 'A', 1, '0x3C4B6E6e1eA3D4863700D7F76b36B7f3D3f13E3d', 8, NULL);INSERT INTO common_asset_details(identifier, symbol, coingecko, cryptocompare, forked, started, swapped_for) VALUES('eip155:1/erc20:0x3C4B6E6e1eA3D4863700D7F76b36B7f3D3f13E3d', 'VGX', 'ethos', 'vgx', NULL, 1627506707, NULL);
*
INSERT INTO assets(identifier, name, type) VALUES('ZAPO', 'ZAPO AI', 'W');INSERT INTO common_asset_details(identifier, symbol, coingecko, cryptocompare, forked, started, swapped_for) VALUES('ZAPO', 'ZAPO', 'zapo', '', NULL, NULL, NULL);
*
INSERT INTO assets(identifier, name, type) VALUES('eip155:1/erc20:0x32b86b99441480a7E5BD3A26c124ec2373e3F015', 'Bad Idea AI', 'C');INSERT INTO evm_tokens(identifier, token_kind, chain, address, decimals, protocol) VALUES('eip155:1/erc20:0x32b86b99441480a7E5BD3A26c124ec2373e3F015', 'A', 1, '0x32b86b99441480a7E5BD3A26c124ec2373e3F015', 18, NULL);INSERT INTO common_asset_details(identifier, symbol, coingecko, cryptocompare, forked, started, swapped_for) VALUES('eip155:1/erc20:0x32b86b99441480a7E5BD3A26c124ec2373e3F015', 'BAD', 'bad-idea-ai', 'BAD', NULL, 1683324095, NULL);
*
INSERT INTO assets(identifier, name, type) VALUES('eip155:250/erc20:0x753fbc5800a8C8e3Fb6DC6415810d627A387Dfc9', 'Badger', 'C');INSERT INTO evm_tokens(identifier, token_kind, chain, address, decimals, protocol) VALUES('eip155:250/erc20:0x753fbc5800a8C8e3Fb6DC6415810d627A387Dfc9', 'A', 250, '0x753fbc5800a8C8e3Fb6DC6415810d627A387Dfc9', 18, NULL);INSERT INTO common_asset_details(identifier, symbol, coingecko, cryptocompare, forked, started, swapped_for) VALUES('eip155:250/erc20:0x753fbc5800a8C8e3Fb6DC6415810d627A387Dfc9', 'BADGER', 'badger-dao', 'BADGER', NULL, 1615181103, NULL);
*
INSERT INTO assets(identifier, name, type) VALUES('BERT', 'Bertram The Pomeranian', 'Y');INSERT INTO common_asset_details(identifier, symbol, coingecko, cryptocompare, forked, started, swapped_for) VALUES('BERT', 'BERT', 'bertram-the-pomeranian', 'BERT', NULL, NULL, NULL);
*
INSERT INTO assets(identifier, name, type) VALUES('eip155:10/erc20:0xEc6adef5E1006bb305bB1975333e8fc4071295bf', 'Cartesi', 'C');INSERT INTO evm_tokens(identifier, token_kind, chain, address, decimals, protocol) VALUES('eip155:10/erc20:0xEc6adef5E1006bb305bB1975333e8fc4071295bf', 'A', 10, '0xEc6adef5E1006bb305bB1975333e8fc4071295bf', 18, NULL);INSERT INTO common_asset_details(identifier, symbol, coingecko, cryptocompare, forked, started, swapped_for) VALUES('eip155:10/erc20:0xEc6adef5E1006bb305bB1975333e8fc4071295bf', 'CTSI', 'cartesi', 'CTSI', NULL, 1662387816, NULL);
*
INSERT INTO assets(identifier, name, type) VALUES('eip155:8453/erc20:0x259Fac10c5CbFEFE3E710e1D9467f70a76138d45', 'Cartesi', 'C');INSERT INTO evm_tokens(identifier, token_kind, chain, address, decimals, protocol) VALUES('eip155:8453/erc20:0x259Fac10c5CbFEFE3E710e1D9467f70a76138d45', 'A', 8453, '0x259Fac10c5CbFEFE3E710e1D9467f70a76138d45', 18, NULL);INSERT INTO common_asset_details(identifier, symbol, coingecko, cryptocompare, forked, started, swapped_for) VALUES('eip155:8453/erc20:0x259Fac10c5CbFEFE3E710e1D9467f70a76138d45', 'CTSI', 'cartesi', 'CTSI', NULL, 1712210967, NULL);
*
INSERT INTO assets(identifier, name, type) VALUES('eip155:8453/erc20:0x6921B130D297cc43754afba22e5EAc0FBf8Db75b', 'doginme', 'C');INSERT INTO evm_tokens(identifier, token_kind, chain, address, decimals, protocol) VALUES('eip155:8453/erc20:0x6921B130D297cc43754afba22e5EAc0FBf8Db75b', 'A', 8453, '0x6921B130D297cc43754afba22e5EAc0FBf8Db75b', 18, NULL);INSERT INTO common_asset_details(identifier, symbol, coingecko, cryptocompare, forked, started, swapped_for) VALUES('eip155:8453/erc20:0x6921B130D297cc43754afba22e5EAc0FBf8Db75b', 'DOGINME', 'doginme', 'DOGINME', NULL, 1707089245, NULL);
*
INSERT INTO assets(identifier, name, type) VALUES('eip155:1/erc20:0x71297312753EA7A2570a5a3278eD70D9a75F4f44', 'ETHEREUM IS GOOD', 'C');INSERT INTO evm_tokens(identifier, token_kind, chain, address, decimals, protocol) VALUES('eip155:1/erc20:0x71297312753EA7A2570a5a3278eD70D9a75F4f44', 'A', 1, '0x71297312753EA7A2570a5a3278eD70D9a75F4f44', 9, NULL);INSERT INTO common_asset_details(identifier, symbol, coingecko, cryptocompare, forked, started, swapped_for) VALUES('eip155:1/erc20:0x71297312753EA7A2570a5a3278eD70D9a75F4f44', 'EBULL', 'ethereum-is-good', 'EBULL', NULL, 1724258543, NULL);
*
INSERT INTO assets(identifier, name, type) VALUES('DIS', 'DisChain', 'W');INSERT INTO common_asset_details(identifier, symbol, coingecko, cryptocompare, forked, started, swapped_for) VALUES('DIS', 'DIS', 'ethereumfair', '', NULL, NULL, NULL);
*
INSERT INTO assets(identifier, name, type) VALUES('eip155:56/erc20:0x4f7eA8F6487a7007ca054F35c4a7b961f5b18961', 'GoldenCat', 'C');INSERT INTO evm_tokens(identifier, token_kind, chain, address, decimals, protocol) VALUES('eip155:56/erc20:0x4f7eA8F6487a7007ca054F35c4a7b961f5b18961', 'A', 56, '0x4f7eA8F6487a7007ca054F35c4a7b961f5b18961', 9, NULL);INSERT INTO common_asset_details(identifier, symbol, coingecko, cryptocompare, forked, started, swapped_for) VALUES('eip155:56/erc20:0x4f7eA8F6487a7007ca054F35c4a7b961f5b18961', 'CATS', 'goldencat', '', NULL, 1729504654, NULL);
*
INSERT INTO assets(identifier, name, type) VALUES('eip155:1/erc20:0x1258D60B224c0C5cD888D37bbF31aa5FCFb7e870', 'NodeAI', 'C');INSERT INTO evm_tokens(identifier, token_kind, chain, address, decimals, protocol) VALUES('eip155:1/erc20:0x1258D60B224c0C5cD888D37bbF31aa5FCFb7e870', 'A', 1, '0x1258D60B224c0C5cD888D37bbF31aa5FCFb7e870', 18, NULL);INSERT INTO common_asset_details(identifier, symbol, coingecko, cryptocompare, forked, started, swapped_for) VALUES('eip155:1/erc20:0x1258D60B224c0C5cD888D37bbF31aa5FCFb7e870', 'GPU', 'nodeai', 'gpu', NULL, 1702002671, NULL);
*
INSERT INTO assets(identifier, name, type) VALUES('METAV', 'METAVERSE', 'Y');INSERT INTO common_asset_details(identifier, symbol, coingecko, cryptocompare, forked, started, swapped_for) VALUES('METAV', 'METAV', 'metaverse', '', NULL, NULL, NULL);
*
INSERT INTO assets(identifier, name, type) VALUES('MIHARU', 'Smiling Dolphin', 'Y');INSERT INTO common_asset_details(identifier, symbol, coingecko, cryptocompare, forked, started, swapped_for) VALUES('MIHARU', 'MIHARU', 'smiling-dolphin', '', NULL, NULL, NULL);
*
INSERT INTO assets(identifier, name, type) VALUES('eip155:8453/erc20:0xaB36452DbAC151bE02b16Ca17d8919826072f64a', 'Reserve Rights', 'C');INSERT INTO evm_tokens(identifier, token_kind, chain, address, decimals, protocol) VALUES('eip155:8453/erc20:0xaB36452DbAC151bE02b16Ca17d8919826072f64a', 'A', 8453, '0xaB36452DbAC151bE02b16Ca17d8919826072f64a', 18, NULL);INSERT INTO common_asset_details(identifier, symbol, coingecko, cryptocompare, forked, started, swapped_for) VALUES('eip155:8453/erc20:0xaB36452DbAC151bE02b16Ca17d8919826072f64a', 'RSR', 'reserve-rights-token', 'rsr', NULL, 1692656813, NULL);
*
INSERT INTO assets(identifier, name, type) VALUES('SUNCAT', 'Suncat', 'W');INSERT INTO common_asset_details(identifier, symbol, coingecko, cryptocompare, forked, started, swapped_for) VALUES('SUNCAT', 'SUNCAT', 'suncat', '', NULL, NULL, NULL);
*
INSERT INTO assets(identifier, name, type) VALUES('eip155:324/erc20:0x9E22D758629761FC5708c171d06c2faBB60B5159', 'WOO', 'C');INSERT INTO evm_tokens(identifier, token_kind, chain, address, decimals, protocol) VALUES('eip155:324/erc20:0x9E22D758629761FC5708c171d06c2faBB60B5159', 'A', 324, '0x9E22D758629761FC5708c171d06c2faBB60B5159', 18, NULL);INSERT INTO common_asset_details(identifier, symbol, coingecko, cryptocompare, forked, started, swapped_for) VALUES('eip155:324/erc20:0x9E22D758629761FC5708c171d06c2faBB60B5159', 'WOO', 'woo-network', 'woo', NULL, 1682340518, NULL);
*
INSERT INTO assets(identifier, name, type) VALUES('eip155:8453/erc20:0xF3df0A31ec5EA438150987805e841F960b9471b6', 'WOO', 'C');INSERT INTO evm_tokens(identifier, token_kind, chain, address, decimals, protocol) VALUES('eip155:8453/erc20:0xF3df0A31ec5EA438150987805e841F960b9471b6', 'A', 8453, '0xF3df0A31ec5EA438150987805e841F960b9471b6', 18, NULL);INSERT INTO common_asset_details(identifier, symbol, coingecko, cryptocompare, forked, started, swapped_for) VALUES('eip155:8453/erc20:0xF3df0A31ec5EA438150987805e841F960b9471b6', 'WOO', 'woo-network', 'woo', NULL, 1733274845, NULL);
*
INSERT INTO assets(identifier, name, type) VALUES('YNE', 'yesnoerror', 'Y');INSERT INTO common_asset_details(identifier, symbol, coingecko, cryptocompare, forked, started, swapped_for) VALUES('YNE', 'YNE', 'yne', 'yne', NULL, NULL, NULL);
*
INSERT INTO assets(identifier, name, type) VALUES('eip155:1/erc20:0x8808434a831eFea81170A56a9ddc57Cc9E6De1d8', 'Bork on Ethereum', 'C');INSERT INTO evm_tokens(identifier, token_kind, chain, address, decimals, protocol) VALUES('eip155:1/erc20:0x8808434a831eFea81170A56a9ddc57Cc9E6De1d8', 'A', 1, '0x8808434a831eFea81170A56a9ddc57Cc9E6De1d8', 18, NULL);INSERT INTO common_asset_details(identifier, symbol, coingecko, cryptocompare, forked, started, swapped_for) VALUES('eip155:1/erc20:0x8808434a831eFea81170A56a9ddc57Cc9E6De1d8', 'BORK', 'bork-on-ethereum', '', NULL, 1729581611, NULL);
*
INSERT INTO assets(identifier, name, type) VALUES('eip155:1/erc20:0x888C1A341ce9D9ae9c2D2a75a72A7f0d2551A2dc', 'CSI888', 'C');INSERT INTO evm_tokens(identifier, token_kind, chain, address, decimals, protocol) VALUES('eip155:1/erc20:0x888C1A341ce9D9ae9c2D2a75a72A7f0d2551A2dc', 'A', 1, '0x888C1A341ce9D9ae9c2D2a75a72A7f0d2551A2dc', 18, NULL);INSERT INTO common_asset_details(identifier, symbol, coingecko, cryptocompare, forked, started, swapped_for) VALUES('eip155:1/erc20:0x888C1A341ce9D9ae9c2D2a75a72A7f0d2551A2dc', 'CSI', 'csi888', '', NULL, 1727991287, NULL);
*
INSERT INTO assets(identifier, name, type) VALUES('DAW', 'Dawkoins', 'Y');INSERT INTO common_asset_details(identifier, symbol, coingecko, cryptocompare, forked, started, swapped_for) VALUES('DAW', 'DAW', 'dawkoin', 'DAW', NULL, NULL, NULL);
*
INSERT INTO assets(identifier, name, type) VALUES('eip155:42161/erc20:0x7189fb5B6504bbfF6a852B13B7B82a3c118fDc27', 'Ether.fi', 'C');INSERT INTO evm_tokens(identifier, token_kind, chain, address, decimals, protocol) VALUES('eip155:42161/erc20:0x7189fb5B6504bbfF6a852B13B7B82a3c118fDc27', 'A', 42161, '0x7189fb5B6504bbfF6a852B13B7B82a3c118fDc27', 18, NULL);INSERT INTO common_asset_details(identifier, symbol, coingecko, cryptocompare, forked, started, swapped_for) VALUES('eip155:42161/erc20:0x7189fb5B6504bbfF6a852B13B7B82a3c118fDc27', 'ETHFI', 'ether-fi', 'ETHFI', NULL, 1718638923, NULL);
*
INSERT INTO assets(identifier, name, type) VALUES('eip155:1/erc20:0xeff49b0F56a97C7FD3B51F0eCd2Ce999a7861420', 'Fofar', 'C');INSERT INTO evm_tokens(identifier, token_kind, chain, address, decimals, protocol) VALUES('eip155:1/erc20:0xeff49b0F56a97C7FD3B51F0eCd2Ce999a7861420', 'A', 1, '0xeff49b0F56a97C7FD3B51F0eCd2Ce999a7861420', 9, NULL);INSERT INTO common_asset_details(identifier, symbol, coingecko, cryptocompare, forked, started, swapped_for) VALUES('eip155:1/erc20:0xeff49b0F56a97C7FD3B51F0eCd2Ce999a7861420', 'FOFAR', 'fofar', '', NULL, 1712156315, NULL);
*
INSERT INTO assets(identifier, name, type) VALUES('IVFUN', 'Invest Zone', 'W');INSERT INTO common_asset_details(identifier, symbol, coingecko, cryptocompare, forked, started, swapped_for) VALUES('IVFUN', 'IVFUN', 'invest-zone', 'IVFUN', NULL, NULL, NULL);
*
INSERT INTO assets(identifier, name, type) VALUES('KAMA', 'Kamala Horris', 'Y');INSERT INTO common_asset_details(identifier, symbol, coingecko, cryptocompare, forked, started, swapped_for) VALUES('KAMA', 'KAMA', 'kamala-horris', 'KAMA', NULL, NULL, NULL);
*
INSERT INTO assets(identifier, name, type) VALUES('KM', 'Kekius Maximus', 'Y');INSERT INTO common_asset_details(identifier, symbol, coingecko, cryptocompare, forked, started, swapped_for) VALUES('KM', 'KM', 'kekius-maximus-2', '', NULL, NULL, NULL);
*
INSERT INTO assets(identifier, name, type) VALUES('SPORE', 'Spore', 'Y');INSERT INTO common_asset_details(identifier, symbol, coingecko, cryptocompare, forked, started, swapped_for) VALUES('SPORE', 'SPORE', 'spore-2', '', NULL, NULL, NULL);
*
INSERT INTO assets(identifier, name, type) VALUES('eip155:1/erc20:0xCBdE0453d4E7D748077c1b0Ac2216C011DD2f406', 'Terminus', 'C');INSERT INTO evm_tokens(identifier, token_kind, chain, address, decimals, protocol) VALUES('eip155:1/erc20:0xCBdE0453d4E7D748077c1b0Ac2216C011DD2f406', 'A', 1, '0xCBdE0453d4E7D748077c1b0Ac2216C011DD2f406', 9, NULL);INSERT INTO common_asset_details(identifier, symbol, coingecko, cryptocompare, forked, started, swapped_for) VALUES('eip155:1/erc20:0xCBdE0453d4E7D748077c1b0Ac2216C011DD2f406', 'TERMINUS', 'terminus-2', '', NULL, 1723670003, NULL);
*
INSERT INTO assets(identifier, name, type) VALUES('TOPCAT', 'Topcat', 'W');INSERT INTO common_asset_details(identifier, symbol, coingecko, cryptocompare, forked, started, swapped_for) VALUES('TOPCAT', 'TOPCAT', 'topcat-2', '', NULL, NULL, NULL);
*
INSERT INTO assets(identifier, name, type) VALUES('eip155:1/erc20:0x8AFE4055Ebc86Bd2AFB3940c0095C9aca511d852', 'Arbius', 'C');INSERT INTO evm_tokens(identifier, token_kind, chain, address, decimals, protocol) VALUES('eip155:1/erc20:0x8AFE4055Ebc86Bd2AFB3940c0095C9aca511d852', 'A', 1, '0x8AFE4055Ebc86Bd2AFB3940c0095C9aca511d852', 18, NULL);INSERT INTO common_asset_details(identifier, symbol, coingecko, cryptocompare, forked, started, swapped_for) VALUES('eip155:1/erc20:0x8AFE4055Ebc86Bd2AFB3940c0095C9aca511d852', 'AIUS', 'arbius', 'AIUS', NULL, 1708734479, NULL);
*
INSERT INTO assets(identifier, name, type) VALUES('eip155:42170/erc20:0x8AFE4055Ebc86Bd2AFB3940c0095C9aca511d852', 'Arbius', 'C');INSERT INTO evm_tokens(identifier, token_kind, chain, address, decimals, protocol) VALUES('eip155:42170/erc20:0x8AFE4055Ebc86Bd2AFB3940c0095C9aca511d852', 'A', 42170, '0x8AFE4055Ebc86Bd2AFB3940c0095C9aca511d852', 18, NULL);INSERT INTO common_asset_details(identifier, symbol, coingecko, cryptocompare, forked, started, swapped_for) VALUES('eip155:42170/erc20:0x8AFE4055Ebc86Bd2AFB3940c0095C9aca511d852', 'AIUS', 'arbius', 'AIUS', NULL, 1708734604, NULL);
*
INSERT INTO assets(identifier, name, type) VALUES('eip155:42161/erc20:0x4a24B101728e07A52053c13FB4dB2BcF490CAbc3', 'Arbius', 'C');INSERT INTO evm_tokens(identifier, token_kind, chain, address, decimals, protocol) VALUES('eip155:42161/erc20:0x4a24B101728e07A52053c13FB4dB2BcF490CAbc3', 'A', 42161, '0x4a24B101728e07A52053c13FB4dB2BcF490CAbc3', 18, NULL);INSERT INTO common_asset_details(identifier, symbol, coingecko, cryptocompare, forked, started, swapped_for) VALUES('eip155:42161/erc20:0x4a24B101728e07A52053c13FB4dB2BcF490CAbc3', 'AIUS', 'arbius', 'AIUS', NULL, 1708813231, NULL);
*
INSERT INTO assets(identifier, name, type) VALUES('eip155:56/erc20:0x78F5d389F5CDCcFc41594aBaB4B0Ed02F31398b3', 'APX', 'C');INSERT INTO evm_tokens(identifier, token_kind, chain, address, decimals, protocol) VALUES('eip155:56/erc20:0x78F5d389F5CDCcFc41594aBaB4B0Ed02F31398b3', 'A', 56, '0x78F5d389F5CDCcFc41594aBaB4B0Ed02F31398b3', 18, NULL);INSERT INTO common_asset_details(identifier, symbol, coingecko, cryptocompare, forked, started, swapped_for) VALUES('eip155:56/erc20:0x78F5d389F5CDCcFc41594aBaB4B0Ed02F31398b3', 'APX', 'apollox-2', 'APX', NULL, 1640057390, NULL);
*
INSERT INTO assets(identifier, name, type) VALUES('ATR', 'Artrade', 'Y');INSERT INTO common_asset_details(identifier, symbol, coingecko, cryptocompare, forked, started, swapped_for) VALUES('ATR', 'ATR', 'artrade', 'ATR', NULL, NULL, NULL);
*
INSERT INTO assets(identifier, name, type) VALUES('eip155:56/erc20:0x6CDd08dE79231a1957f205a3fe5cF9DBf4B0c454', 'Baby Neiro', 'C');INSERT INTO evm_tokens(identifier, token_kind, chain, address, decimals, protocol) VALUES('eip155:56/erc20:0x6CDd08dE79231a1957f205a3fe5cF9DBf4B0c454', 'A', 56, '0x6CDd08dE79231a1957f205a3fe5cF9DBf4B0c454', 9, NULL);INSERT INTO common_asset_details(identifier, symbol, coingecko, cryptocompare, forked, started, swapped_for) VALUES('eip155:56/erc20:0x6CDd08dE79231a1957f205a3fe5cF9DBf4B0c454', 'BABYNEIRO', 'baby-neiro-2', 'BABYNEIRO', NULL, 1728994501, NULL);
*
INSERT INTO assets(identifier, name, type) VALUES('eip155:43114/erc20:0xE15bCB9E0EA69e6aB9FA080c4c4A5632896298C3', 'Balancer', 'C');INSERT INTO evm_tokens(identifier, token_kind, chain, address, decimals, protocol) VALUES('eip155:43114/erc20:0xE15bCB9E0EA69e6aB9FA080c4c4A5632896298C3', 'A', 43114, '0xE15bCB9E0EA69e6aB9FA080c4c4A5632896298C3', 18, NULL);INSERT INTO common_asset_details(identifier, symbol, coingecko, cryptocompare, forked, started, swapped_for) VALUES('eip155:43114/erc20:0xE15bCB9E0EA69e6aB9FA080c4c4A5632896298C3', 'BAL', 'balancer', 'BAL', NULL, 1689112257, NULL);
*
INSERT INTO assets(identifier, name, type) VALUES('BENDOG', 'Ben the Dog', 'Y');INSERT INTO common_asset_details(identifier, symbol, coingecko, cryptocompare, forked, started, swapped_for) VALUES('BENDOG', 'BENDOG', 'ben-the-dog', 'BENDOG', NULL, NULL, NULL);
*
INSERT INTO assets(identifier, name, type) VALUES('eip155:1/erc20:0xB90B2A35C65dBC466b04240097Ca756ad2005295', 'BOBO Coin', 'C');INSERT INTO evm_tokens(identifier, token_kind, chain, address, decimals, protocol) VALUES('eip155:1/erc20:0xB90B2A35C65dBC466b04240097Ca756ad2005295', 'A', 1, '0xB90B2A35C65dBC466b04240097Ca756ad2005295', 18, NULL);INSERT INTO common_asset_details(identifier, symbol, coingecko, cryptocompare, forked, started, swapped_for) VALUES('eip155:1/erc20:0xB90B2A35C65dBC466b04240097Ca756ad2005295', 'BOBO', 'bobo-coin', 'BOBO', NULL, 1683851135, NULL);
*
INSERT INTO assets(identifier, name, type) VALUES('eip155:8453/erc20:0x570b1533F6dAa82814B25B62B5c7c4c55eB83947', 'BOBO Coin', 'C');INSERT INTO evm_tokens(identifier, token_kind, chain, address, decimals, protocol) VALUES('eip155:8453/erc20:0x570b1533F6dAa82814B25B62B5c7c4c55eB83947', 'A', 8453, '0x570b1533F6dAa82814B25B62B5c7c4c55eB83947', 18, NULL);INSERT INTO common_asset_details(identifier, symbol, coingecko, cryptocompare, forked, started, swapped_for) VALUES('eip155:8453/erc20:0x570b1533F6dAa82814B25B62B5c7c4c55eB83947', 'BOBO', 'bobo-coin', 'BOBO', NULL, 1733107789, NULL);
*
INSERT INTO assets(identifier, name, type) VALUES('eip155:8453/erc20:0x8c81B4c816d66D36c4bF348BdeC01dBCbC70E987', 'Briun Armstrung', 'C');INSERT INTO evm_tokens(identifier, token_kind, chain, address, decimals, protocol) VALUES('eip155:8453/erc20:0x8c81B4c816d66D36c4bF348BdeC01dBCbC70E987', 'A', 8453, '0x8c81B4c816d66D36c4bF348BdeC01dBCbC70E987', 18, NULL);INSERT INTO common_asset_details(identifier, symbol, coingecko, cryptocompare, forked, started, swapped_for) VALUES('eip155:8453/erc20:0x8c81B4c816d66D36c4bF348BdeC01dBCbC70E987', 'BRIUN', 'briun-armstrung', 'BRIUN', NULL, 1709762491, NULL);
*
INSERT INTO assets(identifier, name, type) VALUES('eip155:8453/erc20:0xBA5E66FB16944Da22A62Ea4FD70ad02008744460', 'Based Turbo', 'C');INSERT INTO evm_tokens(identifier, token_kind, chain, address, decimals, protocol) VALUES('eip155:8453/erc20:0xBA5E66FB16944Da22A62Ea4FD70ad02008744460', 'A', 8453, '0xBA5E66FB16944Da22A62Ea4FD70ad02008744460', 9, NULL);INSERT INTO common_asset_details(identifier, symbol, coingecko, cryptocompare, forked, started, swapped_for) VALUES('eip155:8453/erc20:0xBA5E66FB16944Da22A62Ea4FD70ad02008744460', 'TURBO', 'based-turbo', '', NULL, 1734323183, NULL);
*
INSERT INTO assets(identifier, name, type) VALUES('BULLY', 'Dolos The Bully', 'Y');INSERT INTO common_asset_details(identifier, symbol, coingecko, cryptocompare, forked, started, swapped_for) VALUES('BULLY', 'BULLY', 'dolos-the-bully', '', NULL, NULL, NULL);
*
INSERT INTO assets(identifier, name, type) VALUES('eip155:137/erc20:0x77f56cf9365955486B12C4816992388eE8606f0E', 'Coin98', 'C');INSERT INTO evm_tokens(identifier, token_kind, chain, address, decimals, protocol) VALUES('eip155:137/erc20:0x77f56cf9365955486B12C4816992388eE8606f0E', 'A', 137, '0x77f56cf9365955486B12C4816992388eE8606f0E', 18, NULL);INSERT INTO common_asset_details(identifier, symbol, coingecko, cryptocompare, forked, started, swapped_for) VALUES('eip155:137/erc20:0x77f56cf9365955486B12C4816992388eE8606f0E', 'C98', 'coin98', 'C98', NULL, 1677826579, NULL);
*
INSERT INTO assets(identifier, name, type) VALUES('eip155:56/erc20:0x096985703F584B9444CE9730B600fC39De29ccc8', 'Childrens Aid Foundation', 'C');INSERT INTO evm_tokens(identifier, token_kind, chain, address, decimals, protocol) VALUES('eip155:56/erc20:0x096985703F584B9444CE9730B600fC39De29ccc8', 'A', 56, '0x096985703F584B9444CE9730B600fC39De29ccc8', 18, NULL);INSERT INTO common_asset_details(identifier, symbol, coingecko, cryptocompare, forked, started, swapped_for) VALUES('eip155:56/erc20:0x096985703F584B9444CE9730B600fC39De29ccc8', 'CAF', 'childrens-aid-foundation', 'CAF', NULL, 1707975875, NULL);
*
INSERT INTO assets(identifier, name, type) VALUES('eip155:1/erc20:0x25931894a86D47441213199621F1F2994e1c39Aa', 'ChainGPT', 'C');INSERT INTO evm_tokens(identifier, token_kind, chain, address, decimals, protocol) VALUES('eip155:1/erc20:0x25931894a86D47441213199621F1F2994e1c39Aa', 'A', 1, '0x25931894a86D47441213199621F1F2994e1c39Aa', 18, NULL);INSERT INTO common_asset_details(identifier, symbol, coingecko, cryptocompare, forked, started, swapped_for) VALUES('eip155:1/erc20:0x25931894a86D47441213199621F1F2994e1c39Aa', 'CGPT', 'chaingpt', 'CGPT', NULL, 1686071579, NULL);
*
INSERT INTO assets(identifier, name, type) VALUES('eip155:1/erc20:0xD55210Bb6898C021a19de1F58d27b71f095921Ee', 'Chickencoin', 'C');INSERT INTO evm_tokens(identifier, token_kind, chain, address, decimals, protocol) VALUES('eip155:1/erc20:0xD55210Bb6898C021a19de1F58d27b71f095921Ee', 'A', 1, '0xD55210Bb6898C021a19de1F58d27b71f095921Ee', 18, NULL);INSERT INTO common_asset_details(identifier, symbol, coingecko, cryptocompare, forked, started, swapped_for) VALUES('eip155:1/erc20:0xD55210Bb6898C021a19de1F58d27b71f095921Ee', 'CHKN', 'chickencoin', 'CHKN', NULL, 1710201995, NULL);
*
INSERT INTO assets(identifier, name, type) VALUES('CITADAIL', 'Griffain New Hedge Fund', 'Y');INSERT INTO common_asset_details(identifier, symbol, coingecko, cryptocompare, forked, started, swapped_for) VALUES('CITADAIL', 'CITADAIL', 'griffain-new-hedge-fund', '', NULL, NULL, NULL);
*
INSERT INTO assets(identifier, name, type) VALUES('eip155:137/erc20:0x66Dc5A08091d1968e08C16aA5b27BAC8398b02Be', 'Civic', 'C');INSERT INTO evm_tokens(identifier, token_kind, chain, address, decimals, protocol) VALUES('eip155:137/erc20:0x66Dc5A08091d1968e08C16aA5b27BAC8398b02Be', 'A', 137, '0x66Dc5A08091d1968e08C16aA5b27BAC8398b02Be', 8, NULL);INSERT INTO common_asset_details(identifier, symbol, coingecko, cryptocompare, forked, started, swapped_for) VALUES('eip155:137/erc20:0x66Dc5A08091d1968e08C16aA5b27BAC8398b02Be', 'CVC', 'civic', 'CVC', NULL, 1626757018, NULL);
*
INSERT INTO assets(identifier, name, type) VALUES('eip155:1/erc20:0xfee293840D23B0B2De8C55e1Cf7A9F01C157767c', 'Degen (Base)', 'C');INSERT INTO evm_tokens(identifier, token_kind, chain, address, decimals, protocol) VALUES('eip155:1/erc20:0xfee293840D23B0B2De8C55e1Cf7A9F01C157767c', 'A', 1, '0xfee293840D23B0B2De8C55e1Cf7A9F01C157767c', 18, NULL);INSERT INTO common_asset_details(identifier, symbol, coingecko, cryptocompare, forked, started, swapped_for) VALUES('eip155:1/erc20:0xfee293840D23B0B2De8C55e1Cf7A9F01C157767c', 'DEGEN', 'degen-base', 'DEGEN', NULL, 1713538103, NULL);
*
INSERT INTO assets(identifier, name, type) VALUES('eip155:42161/erc20:0x9F07F8A82cB1af1466252e505b7b7ddee103bC91', 'Degen (Base)', 'C');INSERT INTO evm_tokens(identifier, token_kind, chain, address, decimals, protocol) VALUES('eip155:42161/erc20:0x9F07F8A82cB1af1466252e505b7b7ddee103bC91', 'A', 42161, '0x9F07F8A82cB1af1466252e505b7b7ddee103bC91', 18, NULL);INSERT INTO common_asset_details(identifier, symbol, coingecko, cryptocompare, forked, started, swapped_for) VALUES('eip155:42161/erc20:0x9F07F8A82cB1af1466252e505b7b7ddee103bC91', 'DEGEN', 'degen-base', 'DEGEN', NULL, 1713536593, NULL);
*
INSERT INTO assets(identifier, name, type) VALUES('eip155:1/erc20:0x3Da932456D082CBa208FEB0B096d49b202Bf89c8', 'Dego Finance', 'C');INSERT INTO evm_tokens(identifier, token_kind, chain, address, decimals, protocol) VALUES('eip155:1/erc20:0x3Da932456D082CBa208FEB0B096d49b202Bf89c8', 'A', 1, '0x3Da932456D082CBa208FEB0B096d49b202Bf89c8', 18, NULL);INSERT INTO common_asset_details(identifier, symbol, coingecko, cryptocompare, forked, started, swapped_for) VALUES('eip155:1/erc20:0x3Da932456D082CBa208FEB0B096d49b202Bf89c8', 'DEGO', 'dego-finance', 'DEGO', NULL, 1646708346, NULL);
*
INSERT INTO assets(identifier, name, type) VALUES('DOG', 'Dog (Bitcoin)', 'W');INSERT INTO common_asset_details(identifier, symbol, coingecko, cryptocompare, forked, started, swapped_for) VALUES('DOG', 'DOG', 'dog-go-to-the-moon-rune', 'DOG', NULL, NULL, NULL);
*
INSERT INTO assets(identifier, name, type) VALUES('eip155:1/erc20:0x69420E3A3aa9E17Dea102Bb3a9b3B73dcDDB9528', 'Elon', 'C');INSERT INTO evm_tokens(identifier, token_kind, chain, address, decimals, protocol) VALUES('eip155:1/erc20:0x69420E3A3aa9E17Dea102Bb3a9b3B73dcDDB9528', 'A', 1, '0x69420E3A3aa9E17Dea102Bb3a9b3B73dcDDB9528', 9, NULL);INSERT INTO common_asset_details(identifier, symbol, coingecko, cryptocompare, forked, started, swapped_for) VALUES('eip155:1/erc20:0x69420E3A3aa9E17Dea102Bb3a9b3B73dcDDB9528', '$ELON', 'elon', '', NULL, 1713942119, NULL);
*
INSERT INTO assets(identifier, name, type) VALUES('eip155:8453/erc20:0xB770Fad3b3d059162A357047ddcf97Fbe9fd7982', 'Elon', 'C');INSERT INTO evm_tokens(identifier, token_kind, chain, address, decimals, protocol) VALUES('eip155:8453/erc20:0xB770Fad3b3d059162A357047ddcf97Fbe9fd7982', 'A', 8453, '0xB770Fad3b3d059162A357047ddcf97Fbe9fd7982', 9, NULL);INSERT INTO common_asset_details(identifier, symbol, coingecko, cryptocompare, forked, started, swapped_for) VALUES('eip155:8453/erc20:0xB770Fad3b3d059162A357047ddcf97Fbe9fd7982', '$ELON', 'elon', '', NULL, 1733862873, NULL);
*
INSERT INTO assets(identifier, name, type) VALUES('eip155:137/erc20:0x0E50BEA95Fe001A370A4F1C220C49AEdCB982DeC', 'Ethernity Chain', 'C');INSERT INTO evm_tokens(identifier, token_kind, chain, address, decimals, protocol) VALUES('eip155:137/erc20:0x0E50BEA95Fe001A370A4F1C220C49AEdCB982DeC', 'A', 137, '0x0E50BEA95Fe001A370A4F1C220C49AEdCB982DeC', 18, NULL);INSERT INTO common_asset_details(identifier, symbol, coingecko, cryptocompare, forked, started, swapped_for) VALUES('eip155:137/erc20:0x0E50BEA95Fe001A370A4F1C220C49AEdCB982DeC', 'ERN', 'ethernity-chain', 'ERN', NULL, 1616388872, NULL);
*
INSERT INTO assets(identifier, name, type) VALUES('EVAN', 'Evan', 'Y');INSERT INTO common_asset_details(identifier, symbol, coingecko, cryptocompare, forked, started, swapped_for) VALUES('EVAN', 'EVAN', 'evan-2', '', NULL, NULL, NULL);
*
INSERT INTO assets(identifier, name, type) VALUES('eip155:250/erc20:0x7d016eec9c25232b01F23EF992D98ca97fc2AF5a', 'Frax Share', 'C');INSERT INTO evm_tokens(identifier, token_kind, chain, address, decimals, protocol) VALUES('eip155:250/erc20:0x7d016eec9c25232b01F23EF992D98ca97fc2AF5a', 'A', 250, '0x7d016eec9c25232b01F23EF992D98ca97fc2AF5a', 18, NULL);INSERT INTO common_asset_details(identifier, symbol, coingecko, cryptocompare, forked, started, swapped_for) VALUES('eip155:250/erc20:0x7d016eec9c25232b01F23EF992D98ca97fc2AF5a', 'FXS', 'frax-share', 'FXS', NULL, 1631928835, NULL);
*
INSERT INTO assets(identifier, name, type) VALUES('eip155:56/erc20:0x9C7BEBa8F6eF6643aBd725e45a4E8387eF260649', 'Gravity', 'C');INSERT INTO evm_tokens(identifier, token_kind, chain, address, decimals, protocol) VALUES('eip155:56/erc20:0x9C7BEBa8F6eF6643aBd725e45a4E8387eF260649', 'A', 56, '0x9C7BEBa8F6eF6643aBd725e45a4E8387eF260649', 18, NULL);INSERT INTO common_asset_details(identifier, symbol, coingecko, cryptocompare, forked, started, swapped_for) VALUES('eip155:56/erc20:0x9C7BEBa8F6eF6643aBd725e45a4E8387eF260649', 'G', 'g-token', 'g', NULL, 1715571801, NULL);
*
INSERT INTO assets(identifier, name, type) VALUES('eip155:8453/erc20:0x9C7BEBa8F6eF6643aBd725e45a4E8387eF260649', 'Gravity', 'C');INSERT INTO evm_tokens(identifier, token_kind, chain, address, decimals, protocol) VALUES('eip155:8453/erc20:0x9C7BEBa8F6eF6643aBd725e45a4E8387eF260649', 'A', 8453, '0x9C7BEBa8F6eF6643aBd725e45a4E8387eF260649', 18, NULL);INSERT INTO common_asset_details(identifier, symbol, coingecko, cryptocompare, forked, started, swapped_for) VALUES('eip155:8453/erc20:0x9C7BEBa8F6eF6643aBd725e45a4E8387eF260649', 'G', 'g-token', 'g', NULL, 1715578937, NULL);
*
INSERT INTO assets(identifier, name, type) VALUES('eip155:1/erc20:0xd1d2Eb1B1e90B638588728b4130137D262C87cae', 'GALA', 'C');INSERT INTO evm_tokens(identifier, token_kind, chain, address, decimals, protocol) VALUES('eip155:1/erc20:0xd1d2Eb1B1e90B638588728b4130137D262C87cae', 'A', 1, '0xd1d2Eb1B1e90B638588728b4130137D262C87cae', 8, NULL);INSERT INTO common_asset_details(identifier, symbol, coingecko, cryptocompare, forked, started, swapped_for) VALUES('eip155:1/erc20:0xd1d2Eb1B1e90B638588728b4130137D262C87cae', 'GALA', 'gala', 'gala', NULL, 1681915991, NULL);
*
INSERT INTO assets(identifier, name, type) VALUES('eip155:1/erc20:0xe3c408BD53c31C085a1746AF401A4042954ff740', 'GMT', 'C');INSERT INTO evm_tokens(identifier, token_kind, chain, address, decimals, protocol) VALUES('eip155:1/erc20:0xe3c408BD53c31C085a1746AF401A4042954ff740', 'A', 1, '0xe3c408BD53c31C085a1746AF401A4042954ff740', 8, NULL);INSERT INTO common_asset_details(identifier, symbol, coingecko, cryptocompare, forked, started, swapped_for) VALUES('eip155:1/erc20:0xe3c408BD53c31C085a1746AF401A4042954ff740', 'GMT', 'stepn', 'gmt', NULL, 1655723969, NULL);
*
INSERT INTO assets(identifier, name, type) VALUES('eip155:137/erc20:0x714DB550b574b3E927af3D93E26127D15721D4C2', 'GMT', 'C');INSERT INTO evm_tokens(identifier, token_kind, chain, address, decimals, protocol) VALUES('eip155:137/erc20:0x714DB550b574b3E927af3D93E26127D15721D4C2', 'A', 137, '0x714DB550b574b3E927af3D93E26127D15721D4C2', 8, NULL);INSERT INTO common_asset_details(identifier, symbol, coingecko, cryptocompare, forked, started, swapped_for) VALUES('eip155:137/erc20:0x714DB550b574b3E927af3D93E26127D15721D4C2', 'GMT', 'stepn', 'gmt', NULL, 1688733455, NULL);
*
INSERT INTO assets(identifier, name, type) VALUES('eip155:43114/erc20:0x62edc0692BD897D2295872a9FFCac5425011c661', 'GMX', 'C');INSERT INTO evm_tokens(identifier, token_kind, chain, address, decimals, protocol) VALUES('eip155:43114/erc20:0x62edc0692BD897D2295872a9FFCac5425011c661', 'A', 43114, '0x62edc0692BD897D2295872a9FFCac5425011c661', 18, NULL);INSERT INTO common_asset_details(identifier, symbol, coingecko, cryptocompare, forked, started, swapped_for) VALUES('eip155:43114/erc20:0x62edc0692BD897D2295872a9FFCac5425011c661', 'GMX', 'gmx', 'gmx', NULL, 1639735632, NULL);
*
INSERT INTO assets(identifier, name, type) VALUES('GRIFT', 'ORBIT', 'Y');INSERT INTO common_asset_details(identifier, symbol, coingecko, cryptocompare, forked, started, swapped_for) VALUES('GRIFT', 'GRIFT', 'orbit-3', 'GRIFT', NULL, NULL, NULL);
*
INSERT INTO assets(identifier, name, type) VALUES('GUAC', 'Guacamole', 'Y');INSERT INTO common_asset_details(identifier, symbol, coingecko, cryptocompare, forked, started, swapped_for) VALUES('GUAC', 'GUAC', 'guacamole', 'GUAC', NULL, NULL, NULL);
*
INSERT INTO assets(identifier, name, type) VALUES('HABIBI', 'Habibi (Sol)', 'Y');INSERT INTO common_asset_details(identifier, symbol, coingecko, cryptocompare, forked, started, swapped_for) VALUES('HABIBI', 'HABIBI', 'habibi-sol', '', NULL, NULL, NULL);
*
INSERT INTO assets(identifier, name, type) VALUES('eip155:1/erc20:0xB3912b20b3aBc78C15e85E13EC0bF334fbB924f7', 'Hana', 'C');INSERT INTO evm_tokens(identifier, token_kind, chain, address, decimals, protocol) VALUES('eip155:1/erc20:0xB3912b20b3aBc78C15e85E13EC0bF334fbB924f7', 'A', 1, '0xB3912b20b3aBc78C15e85E13EC0bF334fbB924f7', 9, NULL);INSERT INTO common_asset_details(identifier, symbol, coingecko, cryptocompare, forked, started, swapped_for) VALUES('eip155:1/erc20:0xB3912b20b3aBc78C15e85E13EC0bF334fbB924f7', 'HANA', 'hana', '', NULL, 1727166383, NULL);
*
INSERT INTO assets(identifier, name, type) VALUES('HAT', 'Top Hat', 'Y');INSERT INTO common_asset_details(identifier, symbol, coingecko, cryptocompare, forked, started, swapped_for) VALUES('HAT', 'HAT', 'top-hat', '', NULL, NULL, NULL);
*
INSERT INTO assets(identifier, name, type) VALUES('eip155:1/erc20:0x2dfF88A56767223A5529eA5960Da7A3F5f766406', 'SPACE ID', 'C');INSERT INTO evm_tokens(identifier, token_kind, chain, address, decimals, protocol) VALUES('eip155:1/erc20:0x2dfF88A56767223A5529eA5960Da7A3F5f766406', 'A', 1, '0x2dfF88A56767223A5529eA5960Da7A3F5f766406', 18, NULL);INSERT INTO common_asset_details(identifier, symbol, coingecko, cryptocompare, forked, started, swapped_for) VALUES('eip155:1/erc20:0x2dfF88A56767223A5529eA5960Da7A3F5f766406', 'ID', 'space-id', 'ID', NULL, 1679117399, NULL);
*
INSERT INTO assets(identifier, name, type) VALUES('JAIL', 'JailbreakMe', 'Y');INSERT INTO common_asset_details(identifier, symbol, coingecko, cryptocompare, forked, started, swapped_for) VALUES('JAIL', 'JAIL', 'jailbreakme', '', NULL, NULL, NULL);
*
INSERT INTO assets(identifier, name, type) VALUES('KACY', 'markkacy', 'Y');INSERT INTO common_asset_details(identifier, symbol, coingecko, cryptocompare, forked, started, swapped_for) VALUES('KACY', 'KACY', 'markkacy', '', NULL, NULL, NULL);
*
INSERT INTO assets(identifier, name, type) VALUES('eip155:1/erc20:0xaa95f26e30001251fb905d264Aa7b00eE9dF6C18', 'Kendu Inu', 'C');INSERT INTO evm_tokens(identifier, token_kind, chain, address, decimals, protocol) VALUES('eip155:1/erc20:0xaa95f26e30001251fb905d264Aa7b00eE9dF6C18', 'A', 1, '0xaa95f26e30001251fb905d264Aa7b00eE9dF6C18', 18, NULL);INSERT INTO common_asset_details(identifier, symbol, coingecko, cryptocompare, forked, started, swapped_for) VALUES('eip155:1/erc20:0xaa95f26e30001251fb905d264Aa7b00eE9dF6C18', 'KENDU', 'kendu-inu', 'KENDU', NULL, 1708518803, NULL);
*
INSERT INTO assets(identifier, name, type) VALUES('eip155:8453/erc20:0xef73611F98DA6E57e0776317957af61B59E09Ed7', 'Kendu Inu', 'C');INSERT INTO evm_tokens(identifier, token_kind, chain, address, decimals, protocol) VALUES('eip155:8453/erc20:0xef73611F98DA6E57e0776317957af61B59E09Ed7', 'A', 8453, '0xef73611F98DA6E57e0776317957af61B59E09Ed7', 18, NULL);INSERT INTO common_asset_details(identifier, symbol, coingecko, cryptocompare, forked, started, swapped_for) VALUES('eip155:8453/erc20:0xef73611F98DA6E57e0776317957af61B59E09Ed7', 'KENDU', 'kendu-inu', 'KENDU', NULL, 1738143289, NULL);
*
INSERT INTO assets(identifier, name, type) VALUES('eip155:1/erc20:0xb612bFC5cE2FB1337Bd29F5Af24ca85DbB181cE2', 'KLAUS', 'C');INSERT INTO evm_tokens(identifier, token_kind, chain, address, decimals, protocol) VALUES('eip155:1/erc20:0xb612bFC5cE2FB1337Bd29F5Af24ca85DbB181cE2', 'A', 1, '0xb612bFC5cE2FB1337Bd29F5Af24ca85DbB181cE2', 9, NULL);INSERT INTO common_asset_details(identifier, symbol, coingecko, cryptocompare, forked, started, swapped_for) VALUES('eip155:1/erc20:0xb612bFC5cE2FB1337Bd29F5Af24ca85DbB181cE2', 'KLAUS', 'klaus', 'klaus', NULL, 1728555275, NULL);
*
INSERT INTO assets(identifier, name, type) VALUES('eip155:1/erc20:0x61E90A50137E1F645c9eF4a0d3A4f01477738406', 'League of Kingdoms', 'C');INSERT INTO evm_tokens(identifier, token_kind, chain, address, decimals, protocol) VALUES('eip155:1/erc20:0x61E90A50137E1F645c9eF4a0d3A4f01477738406', 'A', 1, '0x61E90A50137E1F645c9eF4a0d3A4f01477738406', 18, NULL);INSERT INTO common_asset_details(identifier, symbol, coingecko, cryptocompare, forked, started, swapped_for) VALUES('eip155:1/erc20:0x61E90A50137E1F645c9eF4a0d3A4f01477738406', 'LOKA', 'league-of-kingdoms', 'LOKA', NULL, 1641359360, NULL);
*
INSERT INTO assets(identifier, name, type) VALUES('eip155:42161/erc20:0x55678cd083fcDC2947a0Df635c93C838C89454A3', 'Tokenlon', 'C');INSERT INTO evm_tokens(identifier, token_kind, chain, address, decimals, protocol) VALUES('eip155:42161/erc20:0x55678cd083fcDC2947a0Df635c93C838C89454A3', 'A', 42161, '0x55678cd083fcDC2947a0Df635c93C838C89454A3', 18, NULL);INSERT INTO common_asset_details(identifier, symbol, coingecko, cryptocompare, forked, started, swapped_for) VALUES('eip155:42161/erc20:0x55678cd083fcDC2947a0Df635c93C838C89454A3', 'LON', 'tokenlon', 'lon', NULL, 1639971434, NULL);
*
INSERT INTO assets(identifier, name, type) VALUES('eip155:42161/erc20:0x289ba1701C2F088cf0faf8B3705246331cB8A839', 'Livepeer', 'C');INSERT INTO evm_tokens(identifier, token_kind, chain, address, decimals, protocol) VALUES('eip155:42161/erc20:0x289ba1701C2F088cf0faf8B3705246331cB8A839', 'A', 42161, '0x289ba1701C2F088cf0faf8B3705246331cB8A839', 18, NULL);INSERT INTO common_asset_details(identifier, symbol, coingecko, cryptocompare, forked, started, swapped_for) VALUES('eip155:42161/erc20:0x289ba1701C2F088cf0faf8B3705246331cB8A839', 'LPT', 'livepeer', 'lpt', NULL, 1644585594, NULL);
*
INSERT INTO assets(identifier, name, type) VALUES('eip155:1/erc20:0xb8D6196D71cdd7D90A053a7769a077772aAac464', 'Mars', 'C');INSERT INTO evm_tokens(identifier, token_kind, chain, address, decimals, protocol) VALUES('eip155:1/erc20:0xb8D6196D71cdd7D90A053a7769a077772aAac464', 'A', 1, '0xb8D6196D71cdd7D90A053a7769a077772aAac464', 9, NULL);INSERT INTO common_asset_details(identifier, symbol, coingecko, cryptocompare, forked, started, swapped_for) VALUES('eip155:1/erc20:0xb8D6196D71cdd7D90A053a7769a077772aAac464', 'MARS', 'mars-2', '', NULL, 1727184671, NULL);
*
INSERT INTO assets(identifier, name, type) VALUES('eip155:56/erc20:0xcb5e6E276aDF62D68A1857880359750c8f79d076', 'Mars', 'C');INSERT INTO evm_tokens(identifier, token_kind, chain, address, decimals, protocol) VALUES('eip155:56/erc20:0xcb5e6E276aDF62D68A1857880359750c8f79d076', 'A', 56, '0xcb5e6E276aDF62D68A1857880359750c8f79d076', 9, NULL);INSERT INTO common_asset_details(identifier, symbol, coingecko, cryptocompare, forked, started, swapped_for) VALUES('eip155:56/erc20:0xcb5e6E276aDF62D68A1857880359750c8f79d076', 'MARS', 'mars-2', '', NULL, 1735482472, NULL);
*
INSERT INTO assets(identifier, name, type) VALUES('eip155:1/erc20:0x0F3A12b78FEE11Ee088E454a0547BdBC5A253a6d', 'Merlin Chain', 'C');INSERT INTO evm_tokens(identifier, token_kind, chain, address, decimals, protocol) VALUES('eip155:1/erc20:0x0F3A12b78FEE11Ee088E454a0547BdBC5A253a6d', 'A', 1, '0x0F3A12b78FEE11Ee088E454a0547BdBC5A253a6d', 18, NULL);INSERT INTO common_asset_details(identifier, symbol, coingecko, cryptocompare, forked, started, swapped_for) VALUES('eip155:1/erc20:0x0F3A12b78FEE11Ee088E454a0547BdBC5A253a6d', 'MERL', 'merlin-chain', 'MERL', NULL, 1727343995, NULL);
*
INSERT INTO assets(identifier, name, type) VALUES('eip155:42161/erc20:0x8f5c1A99b1df736Ad685006Cb6ADCA7B7Ae4b514', 'Enzyme', 'C');INSERT INTO evm_tokens(identifier, token_kind, chain, address, decimals, protocol) VALUES('eip155:42161/erc20:0x8f5c1A99b1df736Ad685006Cb6ADCA7B7Ae4b514', 'A', 42161, '0x8f5c1A99b1df736Ad685006Cb6ADCA7B7Ae4b514', 18, NULL);INSERT INTO common_asset_details(identifier, symbol, coingecko, cryptocompare, forked, started, swapped_for) VALUES('eip155:42161/erc20:0x8f5c1A99b1df736Ad685006Cb6ADCA7B7Ae4b514', 'MLN', 'melon', 'mln', NULL, 1647081025, NULL);
*
INSERT INTO assets(identifier, name, type) VALUES('eip155:137/erc20:0xa9f37D84c856fDa3812ad0519Dad44FA0a3Fe207', 'Enzyme', 'C');INSERT INTO evm_tokens(identifier, token_kind, chain, address, decimals, protocol) VALUES('eip155:137/erc20:0xa9f37D84c856fDa3812ad0519Dad44FA0a3Fe207', 'A', 137, '0xa9f37D84c856fDa3812ad0519Dad44FA0a3Fe207', 11, NULL);INSERT INTO common_asset_details(identifier, symbol, coingecko, cryptocompare, forked, started, swapped_for) VALUES('eip155:137/erc20:0xa9f37D84c856fDa3812ad0519Dad44FA0a3Fe207', 'MLN', 'melon', 'mln', NULL, 1644574113, NULL);
*
INSERT INTO assets(identifier, name, type) VALUES('MVRS', 'Magaverse', 'Y');INSERT INTO common_asset_details(identifier, symbol, coingecko, cryptocompare, forked, started, swapped_for) VALUES('MVRS', 'MVRS', 'magaverse', '', NULL, NULL, NULL);
*
INSERT INTO assets(identifier, name, type) VALUES('eip155:137/erc20:0x4985E0B13554fB521840e893574D3848C10Fcc6f', 'PolySwarm', 'C');INSERT INTO evm_tokens(identifier, token_kind, chain, address, decimals, protocol) VALUES('eip155:137/erc20:0x4985E0B13554fB521840e893574D3848C10Fcc6f', 'A', 137, '0x4985E0B13554fB521840e893574D3848C10Fcc6f', 18, NULL);INSERT INTO common_asset_details(identifier, symbol, coingecko, cryptocompare, forked, started, swapped_for) VALUES('eip155:137/erc20:0x4985E0B13554fB521840e893574D3848C10Fcc6f', 'NCT', 'polyswarm', 'NCT', NULL, 1619586390, NULL);
*
INSERT INTO assets(identifier, name, type) VALUES('eip155:250/erc20:0x7C598c96D02398d89FbCb9d41Eab3DF0C16F227D', 'NEXO', 'C');INSERT INTO evm_tokens(identifier, token_kind, chain, address, decimals, protocol) VALUES('eip155:250/erc20:0x7C598c96D02398d89FbCb9d41Eab3DF0C16F227D', 'A', 250, '0x7C598c96D02398d89FbCb9d41Eab3DF0C16F227D', 18, NULL);INSERT INTO common_asset_details(identifier, symbol, coingecko, cryptocompare, forked, started, swapped_for) VALUES('eip155:250/erc20:0x7C598c96D02398d89FbCb9d41Eab3DF0C16F227D', 'NEXO', 'nexo', 'nexo', NULL, 1619762920, NULL);
*
INSERT INTO assets(identifier, name, type) VALUES('eip155:137/erc20:0x41b3966B4FF7b427969ddf5da3627d6AEAE9a48E', 'NEXO', 'C');INSERT INTO evm_tokens(identifier, token_kind, chain, address, decimals, protocol) VALUES('eip155:137/erc20:0x41b3966B4FF7b427969ddf5da3627d6AEAE9a48E', 'A', 137, '0x41b3966B4FF7b427969ddf5da3627d6AEAE9a48E', 18, NULL);INSERT INTO common_asset_details(identifier, symbol, coingecko, cryptocompare, forked, started, swapped_for) VALUES('eip155:137/erc20:0x41b3966B4FF7b427969ddf5da3627d6AEAE9a48E', 'NEXO', 'nexo', 'nexo', NULL, 1618564608, NULL);
*
INSERT INTO assets(identifier, name, type) VALUES('eip155:8453/erc20:0x3992B27dA26848C2b19CeA6Fd25ad5568B68AB98', 'MANTRA', 'C');INSERT INTO evm_tokens(identifier, token_kind, chain, address, decimals, protocol) VALUES('eip155:8453/erc20:0x3992B27dA26848C2b19CeA6Fd25ad5568B68AB98', 'A', 8453, '0x3992B27dA26848C2b19CeA6Fd25ad5568B68AB98', 18, NULL);INSERT INTO common_asset_details(identifier, symbol, coingecko, cryptocompare, forked, started, swapped_for) VALUES('eip155:8453/erc20:0x3992B27dA26848C2b19CeA6Fd25ad5568B68AB98', 'OM', 'mantra-dao', 'OM', NULL, 1715593017, NULL);
*
INSERT INTO assets(identifier, name, type) VALUES('OPUS', 'Opus', 'Y');INSERT INTO common_asset_details(identifier, symbol, coingecko, cryptocompare, forked, started, swapped_for) VALUES('OPUS', 'OPUS', 'opus-2', 'opus', NULL, NULL, NULL);
*
INSERT INTO assets(identifier, name, type) VALUES('eip155:42161/erc20:0x02f92800F57BCD74066F5709F1Daa1A4302Df875', 'Peapods Finance', 'C');INSERT INTO evm_tokens(identifier, token_kind, chain, address, decimals, protocol) VALUES('eip155:42161/erc20:0x02f92800F57BCD74066F5709F1Daa1A4302Df875', 'A', 42161, '0x02f92800F57BCD74066F5709F1Daa1A4302Df875', 18, NULL);INSERT INTO common_asset_details(identifier, symbol, coingecko, cryptocompare, forked, started, swapped_for) VALUES('eip155:42161/erc20:0x02f92800F57BCD74066F5709F1Daa1A4302Df875', 'PEAS', 'peapods-finance', 'peas', NULL, 1710376322, NULL);
*
INSERT INTO assets(identifier, name, type) VALUES('eip155:8453/erc20:0x02f92800F57BCD74066F5709F1Daa1A4302Df875', 'Peapods Finance', 'C');INSERT INTO evm_tokens(identifier, token_kind, chain, address, decimals, protocol) VALUES('eip155:8453/erc20:0x02f92800F57BCD74066F5709F1Daa1A4302Df875', 'A', 8453, '0x02f92800F57BCD74066F5709F1Daa1A4302Df875', 18, NULL);INSERT INTO common_asset_details(identifier, symbol, coingecko, cryptocompare, forked, started, swapped_for) VALUES('eip155:8453/erc20:0x02f92800F57BCD74066F5709F1Daa1A4302Df875', 'PEAS', 'peapods-finance', 'peas', NULL, 1714406603, NULL);
*
INSERT INTO assets(identifier, name, type) VALUES('eip155:56/erc20:0xb3Ed0A426155B79B898849803E3B36552f7ED507', 'Pendle', 'C');INSERT INTO evm_tokens(identifier, token_kind, chain, address, decimals, protocol) VALUES('eip155:56/erc20:0xb3Ed0A426155B79B898849803E3B36552f7ED507', 'A', 56, '0xb3Ed0A426155B79B898849803E3B36552f7ED507', 18, NULL);INSERT INTO common_asset_details(identifier, symbol, coingecko, cryptocompare, forked, started, swapped_for) VALUES('eip155:56/erc20:0xb3Ed0A426155B79B898849803E3B36552f7ED507', 'PENDLE', 'pendle', 'pendle', NULL, 1687858863, NULL);
*
INSERT INTO assets(identifier, name, type) VALUES('eip155:8453/erc20:0xA99F6e6785Da0F5d6fB42495Fe424BCE029Eeb3E', 'Pendle', 'C');INSERT INTO evm_tokens(identifier, token_kind, chain, address, decimals, protocol) VALUES('eip155:8453/erc20:0xA99F6e6785Da0F5d6fB42495Fe424BCE029Eeb3E', 'A', 8453, '0xA99F6e6785Da0F5d6fB42495Fe424BCE029Eeb3E', 18, NULL);INSERT INTO common_asset_details(identifier, symbol, coingecko, cryptocompare, forked, started, swapped_for) VALUES('eip155:8453/erc20:0xA99F6e6785Da0F5d6fB42495Fe424BCE029Eeb3E', 'PENDLE', 'pendle', 'pendle', NULL, 1731484105, NULL);
*
INSERT INTO assets(identifier, name, type) VALUES('eip155:100/erc20:0x7ecF26cd9A36990b8ea477853663092333f59979', 'Perpetual Protocol', 'C');INSERT INTO evm_tokens(identifier, token_kind, chain, address, decimals, protocol) VALUES('eip155:100/erc20:0x7ecF26cd9A36990b8ea477853663092333f59979', 'A', 100, '0x7ecF26cd9A36990b8ea477853663092333f59979', 18, NULL);INSERT INTO common_asset_details(identifier, symbol, coingecko, cryptocompare, forked, started, swapped_for) VALUES('eip155:100/erc20:0x7ecF26cd9A36990b8ea477853663092333f59979', 'PERP', 'perpetual-protocol', 'PERP', NULL, 1614444465, NULL);
*
INSERT INTO assets(identifier, name, type) VALUES('eip155:56/erc20:0x4e7f408be2d4E9D60F49A64B89Bb619c84C7c6F5', 'Perpetual Protocol', 'C');INSERT INTO evm_tokens(identifier, token_kind, chain, address, decimals, protocol) VALUES('eip155:56/erc20:0x4e7f408be2d4E9D60F49A64B89Bb619c84C7c6F5', 'A', 56, '0x4e7f408be2d4E9D60F49A64B89Bb619c84C7c6F5', 18, NULL);INSERT INTO common_asset_details(identifier, symbol, coingecko, cryptocompare, forked, started, swapped_for) VALUES('eip155:56/erc20:0x4e7f408be2d4E9D60F49A64B89Bb619c84C7c6F5', 'PERP', 'perpetual-protocol', 'PERP', NULL, 1626444465, NULL);
*
INSERT INTO assets(identifier, name, type) VALUES('eip155:42161/erc20:0x753D224bCf9AAFaCD81558c32341416df61D3DAC', 'Perpetual Protocol', 'C');INSERT INTO evm_tokens(identifier, token_kind, chain, address, decimals, protocol) VALUES('eip155:42161/erc20:0x753D224bCf9AAFaCD81558c32341416df61D3DAC', 'A', 42161, '0x753D224bCf9AAFaCD81558c32341416df61D3DAC', 18, NULL);INSERT INTO common_asset_details(identifier, symbol, coingecko, cryptocompare, forked, started, swapped_for) VALUES('eip155:42161/erc20:0x753D224bCf9AAFaCD81558c32341416df61D3DAC', 'PERP', 'perpetual-protocol', 'PERP', NULL, 1634840839, NULL);
*
INSERT INTO assets(identifier, name, type) VALUES('POCHITA', 'Pochita', 'Y');INSERT INTO common_asset_details(identifier, symbol, coingecko, cryptocompare, forked, started, swapped_for) VALUES('POCHITA', 'POCHITA', 'pochita', '', NULL, NULL, NULL);
*
INSERT INTO assets(identifier, name, type) VALUES('eip155:8453/erc20:0x49d803d2DF2295185610f44961F2Dcd40326F25C', 'Shark Cat', 'C');INSERT INTO evm_tokens(identifier, token_kind, chain, address, decimals, protocol) VALUES('eip155:8453/erc20:0x49d803d2DF2295185610f44961F2Dcd40326F25C', 'A', 8453, '0x49d803d2DF2295185610f44961F2Dcd40326F25C', 18, NULL);INSERT INTO common_asset_details(identifier, symbol, coingecko, cryptocompare, forked, started, swapped_for) VALUES('eip155:8453/erc20:0x49d803d2DF2295185610f44961F2Dcd40326F25C', 'SC', 'shark-cat', '', NULL, 1734345039, NULL);
*
INSERT INTO assets(identifier, name, type) VALUES('SHEGEN', 'Aiwithdaddyissues', 'Y');INSERT INTO common_asset_details(identifier, symbol, coingecko, cryptocompare, forked, started, swapped_for) VALUES('SHEGEN', 'SHEGEN', 'aiwithdaddyissues', 'SHEGEN', NULL, NULL, NULL);
*
INSERT INTO assets(identifier, name, type) VALUES('SHOGGOTH', 'Shoggoth', 'Y');INSERT INTO common_asset_details(identifier, symbol, coingecko, cryptocompare, forked, started, swapped_for) VALUES('SHOGGOTH', 'SHOGGOTH', 'shoggoth', '', NULL, NULL, NULL);
*
INSERT INTO assets(identifier, name, type) VALUES('eip155:1/erc20:0x3b991130eaE3CcA364406D718DA22FA1C3E7C256', 'Shrub', 'C');INSERT INTO evm_tokens(identifier, token_kind, chain, address, decimals, protocol) VALUES('eip155:1/erc20:0x3b991130eaE3CcA364406D718DA22FA1C3E7C256', 'A', 1, '0x3b991130eaE3CcA364406D718DA22FA1C3E7C256', 18, NULL);INSERT INTO common_asset_details(identifier, symbol, coingecko, cryptocompare, forked, started, swapped_for) VALUES('eip155:1/erc20:0x3b991130eaE3CcA364406D718DA22FA1C3E7C256', 'SHRUB', 'shrub', 'shrub', NULL, 1719174743, NULL);
*
INSERT INTO assets(identifier, name, type) VALUES('eip155:8453/erc20:0x1EEfD52F6e218f262Da7B0089B9E343A1EB5C9F4', 'Shrub', 'C');INSERT INTO evm_tokens(identifier, token_kind, chain, address, decimals, protocol) VALUES('eip155:8453/erc20:0x1EEfD52F6e218f262Da7B0089B9E343A1EB5C9F4', 'A', 8453, '0x1EEfD52F6e218f262Da7B0089B9E343A1EB5C9F4', 18, NULL);INSERT INTO common_asset_details(identifier, symbol, coingecko, cryptocompare, forked, started, swapped_for) VALUES('eip155:8453/erc20:0x1EEfD52F6e218f262Da7B0089B9E343A1EB5C9F4', 'SHRUB', 'shrub', 'shrub', NULL, 1737585257, NULL);
*
INSERT INTO assets(identifier, name, type) VALUES('eip155:56/erc20:0x94eafeEeF7FFA66203FDc9349C54D601472a79dC', 'TrustSwap', 'C');INSERT INTO evm_tokens(identifier, token_kind, chain, address, decimals, protocol) VALUES('eip155:56/erc20:0x94eafeEeF7FFA66203FDc9349C54D601472a79dC', 'A', 56, '0x94eafeEeF7FFA66203FDc9349C54D601472a79dC', 18, NULL);INSERT INTO common_asset_details(identifier, symbol, coingecko, cryptocompare, forked, started, swapped_for) VALUES('eip155:56/erc20:0x94eafeEeF7FFA66203FDc9349C54D601472a79dC', 'SWAP', 'trustswap', 'swap', NULL, 1715679262, NULL);
*
INSERT INTO assets(identifier, name, type) VALUES('eip155:1/erc20:0xa41d2f8Ee4F47D3B860A149765A7dF8c3287b7F0', 'Syncus', 'C');INSERT INTO evm_tokens(identifier, token_kind, chain, address, decimals, protocol) VALUES('eip155:1/erc20:0xa41d2f8Ee4F47D3B860A149765A7dF8c3287b7F0', 'A', 1, '0xa41d2f8Ee4F47D3B860A149765A7dF8c3287b7F0', 9, NULL);INSERT INTO common_asset_details(identifier, symbol, coingecko, cryptocompare, forked, started, swapped_for) VALUES('eip155:1/erc20:0xa41d2f8Ee4F47D3B860A149765A7dF8c3287b7F0', 'SYNC', 'syncus', 'sync', NULL, 1701888551, NULL);
*
INSERT INTO assets(identifier, name, type) VALUES('eip155:324/erc20:0x2D20B8891F2f9Ed0ebF1B179B2279f936dEC9282', 'Syncus', 'C');INSERT INTO evm_tokens(identifier, token_kind, chain, address, decimals, protocol) VALUES('eip155:324/erc20:0x2D20B8891F2f9Ed0ebF1B179B2279f936dEC9282', 'A', 324, '0x2D20B8891F2f9Ed0ebF1B179B2279f936dEC9282', 9, NULL);INSERT INTO common_asset_details(identifier, symbol, coingecko, cryptocompare, forked, started, swapped_for) VALUES('eip155:324/erc20:0x2D20B8891F2f9Ed0ebF1B179B2279f936dEC9282', 'SYNC', 'syncus', 'sync', NULL, 1705486300, NULL);
*
INSERT INTO assets(identifier, name, type) VALUES('eip155:1/erc20:0x2De1218C31a04E1040fC5501b89e3A58793b3DDF', 'Three Arrowz Capitel', 'C');INSERT INTO evm_tokens(identifier, token_kind, chain, address, decimals, protocol) VALUES('eip155:1/erc20:0x2De1218C31a04E1040fC5501b89e3A58793b3DDF', 'A', 1, '0x2De1218C31a04E1040fC5501b89e3A58793b3DDF', 18, NULL);INSERT INTO common_asset_details(identifier, symbol, coingecko, cryptocompare, forked, started, swapped_for) VALUES('eip155:1/erc20:0x2De1218C31a04E1040fC5501b89e3A58793b3DDF', '3AC', 'three-arrowz-capitel', '3AC', NULL, 1727449127, NULL);
*
INSERT INTO assets(identifier, name, type) VALUES('TRAC', 'TRAC (Ordinals)', 'W');INSERT INTO common_asset_details(identifier, symbol, coingecko, cryptocompare, forked, started, swapped_for) VALUES('TRAC', 'TRAC', 'trac', '', NULL, NULL, NULL);
*
INSERT INTO assets(identifier, name, type) VALUES('UBC', 'Universal Basic Compute', 'Y');INSERT INTO common_asset_details(identifier, symbol, coingecko, cryptocompare, forked, started, swapped_for) VALUES('UBC', 'UBC', 'universal-basic-compute', 'ubc', NULL, NULL, NULL);
*
INSERT INTO assets(identifier, name, type) VALUES('WAP', 'WAP', 'Y');INSERT INTO common_asset_details(identifier, symbol, coingecko, cryptocompare, forked, started, swapped_for) VALUES('WAP', 'WAP', 'wap', 'wap', NULL, NULL, NULL);
*
INSERT INTO assets(identifier, name, type) VALUES('eip155:56/erc20:0x52242cbAb41e290E9E17CCC50Cc437bB60020a9d', 'Wrapped NCG', 'C');INSERT INTO evm_tokens(identifier, token_kind, chain, address, decimals, protocol) VALUES('eip155:56/erc20:0x52242cbAb41e290E9E17CCC50Cc437bB60020a9d', 'A', 56, '0x52242cbAb41e290E9E17CCC50Cc437bB60020a9d', 18, NULL);INSERT INTO common_asset_details(identifier, symbol, coingecko, cryptocompare, forked, started, swapped_for) VALUES('eip155:56/erc20:0x52242cbAb41e290E9E17CCC50Cc437bB60020a9d', 'WNCG', 'wrapped-ncg', 'wncg', NULL, 1687771380, NULL);
*
INSERT INTO assets(identifier, name, type) VALUES('WORM', 'Deep Worm', 'Y');INSERT INTO common_asset_details(identifier, symbol, coingecko, cryptocompare, forked, started, swapped_for) VALUES('WORM', 'WORM', 'deep-worm', '', NULL, NULL, NULL);
*
INSERT INTO assets(identifier, name, type) VALUES('eip155:1/erc20:0x33E80a92a9Ea73dD02f6e732D1702d58c68388cA', 'XBANKING', 'C');INSERT INTO evm_tokens(identifier, token_kind, chain, address, decimals, protocol) VALUES('eip155:1/erc20:0x33E80a92a9Ea73dD02f6e732D1702d58c68388cA', 'A', 1, '0x33E80a92a9Ea73dD02f6e732D1702d58c68388cA', 2, NULL);INSERT INTO common_asset_details(identifier, symbol, coingecko, cryptocompare, forked, started, swapped_for) VALUES('eip155:1/erc20:0x33E80a92a9Ea73dD02f6e732D1702d58c68388cA', 'XB', 'xbanking', 'xb', NULL, 1678761923, NULL);
*
INSERT INTO assets(identifier, name, type) VALUES('eip155:56/erc20:0xa026Ad2ceDa16Ca5FC28fd3C72f99e2C332c8a26', 'XCAD Network', 'C');INSERT INTO evm_tokens(identifier, token_kind, chain, address, decimals, protocol) VALUES('eip155:56/erc20:0xa026Ad2ceDa16Ca5FC28fd3C72f99e2C332c8a26', 'A', 56, '0xa026Ad2ceDa16Ca5FC28fd3C72f99e2C332c8a26', 18, NULL);INSERT INTO common_asset_details(identifier, symbol, coingecko, cryptocompare, forked, started, swapped_for) VALUES('eip155:56/erc20:0xa026Ad2ceDa16Ca5FC28fd3C72f99e2C332c8a26', 'XCAD', 'xcad-network', 'xcad', NULL, 1679408508, NULL);
*
INSERT INTO assets(identifier, name, type) VALUES('eip155:8453/erc20:0x750cF88d9E0c2BCedEEC31d5FaAd6eD6E3F1abC6', 'XCAD Network', 'C');INSERT INTO evm_tokens(identifier, token_kind, chain, address, decimals, protocol) VALUES('eip155:8453/erc20:0x750cF88d9E0c2BCedEEC31d5FaAd6eD6E3F1abC6', 'A', 8453, '0x750cF88d9E0c2BCedEEC31d5FaAd6eD6E3F1abC6', 18, NULL);INSERT INTO common_asset_details(identifier, symbol, coingecko, cryptocompare, forked, started, swapped_for) VALUES('eip155:8453/erc20:0x750cF88d9E0c2BCedEEC31d5FaAd6eD6E3F1abC6', 'XCAD', 'xcad-network', 'xcad', NULL, 1713988965, NULL);
*
INSERT INTO assets(identifier, name, type) VALUES('eip155:56/erc20:0x13Ab6739368a4e4abf24695bf52959224367391f', 'Yield Guild Games', 'C');INSERT INTO evm_tokens(identifier, token_kind, chain, address, decimals, protocol) VALUES('eip155:56/erc20:0x13Ab6739368a4e4abf24695bf52959224367391f', 'A', 56, '0x13Ab6739368a4e4abf24695bf52959224367391f', 18, NULL);INSERT INTO common_asset_details(identifier, symbol, coingecko, cryptocompare, forked, started, swapped_for) VALUES('eip155:56/erc20:0x13Ab6739368a4e4abf24695bf52959224367391f', 'YGG', 'yield-guild-games', 'ygg', NULL, 1629963469, NULL);
*
INSERT INTO assets(identifier, name, type) VALUES('eip155:137/erc20:0x82617aA52dddf5Ed9Bb7B370ED777b3182A30fd1', 'Yield Guild Games', 'C');INSERT INTO evm_tokens(identifier, token_kind, chain, address, decimals, protocol) VALUES('eip155:137/erc20:0x82617aA52dddf5Ed9Bb7B370ED777b3182A30fd1', 'A', 137, '0x82617aA52dddf5Ed9Bb7B370ED777b3182A30fd1', 18, NULL);INSERT INTO common_asset_details(identifier, symbol, coingecko, cryptocompare, forked, started, swapped_for) VALUES('eip155:137/erc20:0x82617aA52dddf5Ed9Bb7B370ED777b3182A30fd1', 'YGG', 'yield-guild-games', 'ygg', NULL, 1629969469, NULL);
*
INSERT INTO assets(identifier, name, type) VALUES('eip155:8453/erc20:0xaAC78d1219c08AecC8e37e03858FE885f5EF1799', 'Yield Guild Games', 'C');INSERT INTO evm_tokens(identifier, token_kind, chain, address, decimals, protocol) VALUES('eip155:8453/erc20:0xaAC78d1219c08AecC8e37e03858FE885f5EF1799', 'A', 8453, '0xaAC78d1219c08AecC8e37e03858FE885f5EF1799', 18, NULL);INSERT INTO common_asset_details(identifier, symbol, coingecko, cryptocompare, forked, started, swapped_for) VALUES('eip155:8453/erc20:0xaAC78d1219c08AecC8e37e03858FE885f5EF1799', 'YGG', 'yield-guild-games', 'ygg', NULL, 1727883549, NULL);
*
INSERT INTO assets(identifier, name, type) VALUES('eip155:42161/erc20:0x25d887Ce7a35172C62FeBFD67a1856F20FaEbB00', 'Pepe', 'C'); INSERT INTO evm_tokens(identifier, token_kind, chain, address, decimals, protocol) VALUES('eip155:42161/erc20:0x25d887Ce7a35172C62FeBFD67a1856F20FaEbB00', 'A', 42161, '0x25d887Ce7a35172C62FeBFD67a1856F20FaEbB00', 18, NULL); INSERT INTO common_asset_details(identifier, symbol, coingecko, cryptocompare, forked, started, swapped_for) VALUES('eip155:42161/erc20:0x25d887Ce7a35172C62FeBFD67a1856F20FaEbB00', 'PEPE', 'pepe', 'PEPE', NULL, 1683328069, NULL);
*
INSERT INTO assets(identifier, name, type) VALUES('eip155:42161/erc20:0xCa5Ca9083702c56b481D1eec86F1776FDbd2e594', 'Reserve Rights', 'C'); INSERT INTO evm_tokens(identifier, token_kind, chain, address, decimals, protocol) VALUES('eip155:42161/erc20:0xCa5Ca9083702c56b481D1eec86F1776FDbd2e594', 'A', 42161, '0xCa5Ca9083702c56b481D1eec86F1776FDbd2e594', 18, NULL); INSERT INTO common_asset_details(identifier, symbol, coingecko, cryptocompare, forked, started, swapped_for) VALUES('eip155:42161/erc20:0xCa5Ca9083702c56b481D1eec86F1776FDbd2e594', 'RSR', 'reserve-rights-token', 'RSR', NULL, 1677335656, NULL);
*
UPDATE common_asset_details SET coingecko = 'pancakeswap-token' WHERE identifier = 'eip155:534352/erc20:0x1b896893dfc86bb67Cf57767298b9073D2c1bA2c';
INSERT INTO assets(identifier, name, type) VALUES('eip155:534352/erc20:0x1b896893dfc86bb67Cf57767298b9073D2c1bA2c', 'PancakeSwap Token', 'C'); INSERT INTO evm_tokens(identifier, token_kind, chain, address, decimals, protocol) VALUES('eip155:534352/erc20:0x1b896893dfc86bb67Cf57767298b9073D2c1bA2c', 'A', 534352, '0x1b896893dfc86bb67Cf57767298b9073D2c1bA2c', 18, ''); INSERT INTO common_asset_details(identifier, symbol, coingecko, cryptocompare, forked, started, swapped_for) VALUES('eip155:534352/erc20:0x1b896893dfc86bb67Cf57767298b9073D2c1bA2c', 'Cake', 'pancakeswap-token', 'cake', NULL, 1697181885, NULL);
UPDATE common_asset_details SET coingecko='pancakeswap-token' WHERE identifier='eip155:56/erc20:0x0E09FaBB73Bd3Ade0a17ECC321fD13a19e81cE82';
INSERT INTO assets(identifier, name, type) VALUES('eip155:56/erc20:0x0E09FaBB73Bd3Ade0a17ECC321fD13a19e81cE82', 'PancakeSwap Token', 'C'); INSERT INTO evm_tokens(identifier, token_kind, chain, address, decimals, protocol) VALUES('eip155:56/erc20:0x0E09FaBB73Bd3Ade0a17ECC321fD13a19e81cE82', 'A', 56, '0x0E09FaBB73Bd3Ade0a17ECC321fD13a19e81cE82', 18, ''''); INSERT INTO common_asset_details(identifier, symbol, coingecko, cryptocompare, forked, started, swapped_for) VALUES('eip155:56/erc20:0x0E09FaBB73Bd3Ade0a17ECC321fD13a19e81cE82', 'Cake', 'pancakeswap-token', 'cake', NULL, 1716205367, NULL);
UPDATE common_asset_details SET cryptocompare="MAGA" WHERE identifier="eip155:56/erc20:0x4eA98c1999575aaadfb38237Dd015c5E773F75a2";
INSERT INTO assets(identifier, name, type) VALUES("eip155:56/erc20:0x4eA98c1999575aaadfb38237Dd015c5E773F75a2", "MAGA", "C"); INSERT INTO evm_tokens(identifier, token_kind, chain, address, decimals, protocol) VALUES("eip155:56/erc20:0x4eA98c1999575aaadfb38237Dd015c5E773F75a2", "A", 56, "0x4eA98c1999575aaadfb38237Dd015c5E773F75a2", 9, ""); INSERT INTO common_asset_details(identifier, symbol, coingecko, cryptocompare, forked, started, swapped_for) VALUES("eip155:56/erc20:0x4eA98c1999575aaadfb38237Dd015c5E773F75a2", "TRUMP", "maga", "MAGA", NULL, 1708974682, NULL);
UPDATE common_asset_details SET cryptocompare = 'MAGA' WHERE identifier = 'eip155:1/erc20:0x576e2BeD8F7b46D34016198911Cdf9886f78bea7';
INSERT INTO assets(identifier, name, type) VALUES("eip155:1/erc20:0x576e2BeD8F7b46D34016198911Cdf9886f78bea7", "MAGA", "C"); INSERT INTO evm_tokens(identifier, token_kind, chain, address, decimals, protocol) VALUES("eip155:1/erc20:0x576e2BeD8F7b46D34016198911Cdf9886f78bea7", "A", 1, "0x576e2BeD8F7b46D34016198911Cdf9886f78bea7", 9, ""); INSERT INTO common_asset_details(identifier, symbol, coingecko, cryptocompare, forked, started, swapped_for) VALUES("eip155:1/erc20:0x576e2BeD8F7b46D34016198911Cdf9886f78bea7", "TRUMP", "maga", "MAGA", NULL, 1691790275, NULL);
UPDATE common_asset_details SET cryptocompare = 'ERN' WHERE identifier = 'eip155:1/erc20:0xBBc2AE13b23d715c30720F079fcd9B4a74093505';
INSERT INTO assets(identifier, name, type) VALUES("eip155:1/erc20:0xBBc2AE13b23d715c30720F079fcd9B4a74093505", "Ethernity Chain", "C"); INSERT INTO evm_tokens(identifier, token_kind, chain, address, decimals, protocol) VALUES("eip155:1/erc20:0xBBc2AE13b23d715c30720F079fcd9B4a74093505", "A", 1, "0xBBc2AE13b23d715c30720F079fcd9B4a74093505", 18, ""); INSERT INTO common_asset_details(identifier, symbol, coingecko, cryptocompare, forked, started, swapped_for) VALUES("eip155:1/erc20:0xBBc2AE13b23d715c30720F079fcd9B4a74093505", "ERN", "ethernity-chain", "ERN", NULL, 1611899325, NULL);
INSERT INTO assets(identifier, name, type) VALUES('eip155:56/erc20:0x23D3F4EaaA515403C6765bb623F287a8Cca28F2b', 'Broccoli', 'C'); INSERT INTO evm_tokens(identifier, token_kind, chain, address, decimals, protocol) VALUES('eip155:56/erc20:0x23D3F4EaaA515403C6765bb623F287a8Cca28F2b', 'A', 56, '0x23D3F4EaaA515403C6765bb623F287a8Cca28F2b', 18, NULL); INSERT INTO common_asset_details(identifier, symbol, coingecko, cryptocompare, forked, started, swapped_for) VALUES('eip155:56/erc20:0x23D3F4EaaA515403C6765bb623F287a8Cca28F2b', 'BROCCOLI', 'broccoli-4', '', NULL, 1739466340, NULL);
*
INSERT INTO assets(identifier, name, type) VALUES('eip155:1/erc20:0x44F5909E97E1CBf5FBbDF0FC92FD83cde5d5c58A', 'Acria Token', 'C'); INSERT INTO evm_tokens(identifier, token_kind, chain, address, decimals, protocol) VALUES('eip155:1/erc20:0x44F5909E97E1CBf5FBbDF0FC92FD83cde5d5c58A', 'A', 1, '0x44F5909E97E1CBf5FBbDF0FC92FD83cde5d5c58A', 18, NULL); INSERT INTO common_asset_details(identifier, symbol, coingecko, cryptocompare, forked, started, swapped_for) VALUES('eip155:1/erc20:0x44F5909E97E1CBf5FBbDF0FC92FD83cde5d5c58A', 'ACRIA', '', 'ACRIA', NULL, 1670162591, NULL);
*
INSERT INTO assets(identifier, name, type) VALUES('AFRO', 'Afro', 'P');INSERT INTO common_asset_details(identifier, symbol, coingecko, cryptocompare, forked, started, swapped_for) VALUES('AFRO', 'AFRO', '', '', NULL, 1723942047, NULL);
*
INSERT INTO assets(identifier, name, type) VALUES('AISOL', 'AI Community', 'Y');INSERT INTO common_asset_details(identifier, symbol, coingecko, cryptocompare, forked, started, swapped_for) VALUES('AISOL', 'AI', 'ai-community', '', NULL, 1703018084, NULL);
*
INSERT INTO assets(identifier, name, type) VALUES('ALON', 'Alon', 'Y');INSERT INTO common_asset_details(identifier, symbol, coingecko, cryptocompare, forked, started, swapped_for) VALUES('ALON', 'ALON', 'alon', '', NULL, 1710138655, NULL);
*
INSERT INTO assets(identifier, name, type) VALUES('AMC', 'AMC', 'Y');INSERT INTO common_asset_details(identifier, symbol, coingecko, cryptocompare, forked, started, swapped_for) VALUES('AMC', 'AMC', 'amc', '', NULL, 1706402836, NULL);
*
INSERT INTO assets(identifier, name, type) VALUES('ANDYBLAST', 'AndyBlast', 'W');INSERT INTO common_asset_details(identifier, symbol, coingecko, cryptocompare, forked, started, swapped_for) VALUES('ANDYBLAST', 'ANDY', 'andyerc', '', NULL, 1709352981, NULL);
*
INSERT INTO assets(identifier, name, type) VALUES('eip155:1/erc20:0x2BE056e595110B30ddd5eaF674BdAC54615307d9', 'APUFF', 'C'); INSERT INTO evm_tokens(identifier, token_kind, chain, address, decimals, protocol) VALUES('eip155:1/erc20:0x2BE056e595110B30ddd5eaF674BdAC54615307d9', 'A', 1, '0x2BE056e595110B30ddd5eaF674BdAC54615307d9', 18, NULL); INSERT INTO common_asset_details(identifier, symbol, coingecko, cryptocompare, forked, started, swapped_for) VALUES('eip155:1/erc20:0x2BE056e595110B30ddd5eaF674BdAC54615307d9', 'APUFF', 'airpuff', '', NULL, 1711531715, NULL);
*
INSERT INTO assets(identifier, name, type) VALUES('eip155:1/erc20:0x8E4d27d772099e18900CAF5Dcc36Cb612DcEE886', 'Architex', 'C'); INSERT INTO evm_tokens(identifier, token_kind, chain, address, decimals, protocol) VALUES('eip155:1/erc20:0x8E4d27d772099e18900CAF5Dcc36Cb612DcEE886', 'A', 1, '0x8E4d27d772099e18900CAF5Dcc36Cb612DcEE886', 18, NULL); INSERT INTO common_asset_details(identifier, symbol, coingecko, cryptocompare, forked, started, swapped_for) VALUES('eip155:1/erc20:0x8E4d27d772099e18900CAF5Dcc36Cb612DcEE886', 'ARCX', 'architex', '', NULL, 1710154871, NULL);
*
INSERT INTO assets(identifier, name, type) VALUES('ARGSOL', 'ArgentinaCoin', 'Y');INSERT INTO common_asset_details(identifier, symbol, coingecko, cryptocompare, forked, started, swapped_for) VALUES('ARGSOL', 'ARGSOL', 'argentinacoin', '', NULL, 1714601243, NULL);
*
INSERT INTO assets(identifier, name, type) VALUES('eip155:1/erc20:0x9727eaf447203be268e5D471b6503Bf47A71eA72', 'Arky', 'C'); INSERT INTO evm_tokens(identifier, token_kind, chain, address, decimals, protocol) VALUES('eip155:1/erc20:0x9727eaf447203be268e5D471b6503Bf47A71eA72', 'A', 1, '0x9727eaf447203be268e5D471b6503Bf47A71eA72', 9, NULL); INSERT INTO common_asset_details(identifier, symbol, coingecko, cryptocompare, forked, started, swapped_for) VALUES('eip155:1/erc20:0x9727eaf447203be268e5D471b6503Bf47A71eA72', 'ARKY', 'arky', '', NULL, 1714709567, NULL);
*
INSERT INTO assets(identifier, name, type) VALUES('AVB', 'Autonomous Virtual Beings', 'Y');INSERT INTO common_asset_details(identifier, symbol, coingecko, cryptocompare, forked, started, swapped_for) VALUES('AVB', 'AVB', 'autonomous-virtual-beings', 'AVB', NULL, 1730049965, NULL);
*
INSERT INTO assets(identifier, name, type) VALUES('BANANASOL', 'Banana for Scale', 'Y');INSERT INTO common_asset_details(identifier, symbol, coingecko, cryptocompare, forked, started, swapped_for) VALUES('BANANASOL', 'BANANA', 'banana-for-scale', '', NULL, 1731242000, NULL);
*
INSERT INTO assets(identifier, name, type) VALUES('BEANS', 'SUNBEANS', 'P');INSERT INTO common_asset_details(identifier, symbol, coingecko, cryptocompare, forked, started, swapped_for) VALUES('BEANS', 'BEANS', 'sunbeans', '', NULL, 1726664298, NULL);
*
INSERT INTO assets(identifier, name, type) VALUES('BFI', 'Boba Finance', 'W');INSERT INTO common_asset_details(identifier, symbol, coingecko, cryptocompare, forked, started, swapped_for) VALUES('BFI', 'BFI', 'boba-finance', '', NULL, NULL, NULL);
*
INSERT INTO assets(identifier, name, type) VALUES('BFICGOLD', 'BFICGOLD', 'W');INSERT INTO common_asset_details(identifier, symbol, coingecko, cryptocompare, forked, started, swapped_for) VALUES('BFICGOLD', 'BFICGOLD', 'bficgold', 'BFICGOLD', NULL, 1706678652, NULL);
*
INSERT INTO assets(identifier, name, type) VALUES('BIAOSOL', 'BIAO on SOL', 'Y');INSERT INTO common_asset_details(identifier, symbol, coingecko, cryptocompare, forked, started, swapped_for) VALUES('BIAOSOL', 'BIAO', 'biao-on-sol', '', NULL, 1732745844, NULL);
*
INSERT INTO assets(identifier, name, type) VALUES('BIAOTRON', 'Biaoqing', 'P');INSERT INTO common_asset_details(identifier, symbol, coingecko, cryptocompare, forked, started, swapped_for) VALUES('BIAOTRON', 'BIAO', 'biaoqing-tron', '', NULL, 1723850373, NULL);
*
INSERT INTO assets(identifier, name, type) VALUES('BILL', 'Bill the Bear', 'Y');INSERT INTO common_asset_details(identifier, symbol, coingecko, cryptocompare, forked, started, swapped_for) VALUES('BILL', 'BILL', 'bill-the-bear', 'BILL', NULL, 1721327851, NULL);
*
INSERT INTO assets(identifier, name, type) VALUES('BILLYSOL', 'Billy', 'Y');INSERT INTO common_asset_details(identifier, symbol, coingecko, cryptocompare, forked, started, swapped_for) VALUES('BILLYSOL', 'BILLY', 'billy', 'BILLY', NULL, 1718587678, NULL);
*
INSERT INTO assets(identifier, name, type) VALUES('BLAKE', 'BLAKE', 'P');INSERT INTO common_asset_details(identifier, symbol, coingecko, cryptocompare, forked, started, swapped_for) VALUES('BLAKE', 'BLAKE', 'blake', '', NULL, 1723971495, NULL);
*
INSERT INTO assets(identifier, name, type) VALUES('eip155:8453/erc20:0x347F500323D51E9350285Daf299ddB529009e6AE', 'BLERF', 'C'); INSERT INTO evm_tokens(identifier, token_kind, chain, address, decimals, protocol) VALUES('eip155:8453/erc20:0x347F500323D51E9350285Daf299ddB529009e6AE', 'A', 8453, '0x347F500323D51E9350285Daf299ddB529009e6AE', 18, NULL); INSERT INTO common_asset_details(identifier, symbol, coingecko, cryptocompare, forked, started, swapped_for) VALUES('eip155:8453/erc20:0x347F500323D51E9350285Daf299ddB529009e6AE', 'BLERF', 'blerf', '', NULL, 1711222339, NULL);
*
INSERT INTO assets(identifier, name, type) VALUES('eip155:56/erc20:0xA18BBdCd86e4178d10eCd9316667cfE4C4AA8717', 'BNBXBT', 'C'); INSERT INTO evm_tokens(identifier, token_kind, chain, address, decimals, protocol) VALUES('eip155:56/erc20:0xA18BBdCd86e4178d10eCd9316667cfE4C4AA8717', 'A', 56, '0xA18BBdCd86e4178d10eCd9316667cfE4C4AA8717', 18, NULL); INSERT INTO common_asset_details(identifier, symbol, coingecko, cryptocompare, forked, started, swapped_for) VALUES('eip155:56/erc20:0xA18BBdCd86e4178d10eCd9316667cfE4C4AA8717', 'BNBXBT', 'bnbxbt', '', NULL, 1739636609, NULL);
*
INSERT INTO assets(identifier, name, type) VALUES('eip155:1/erc20:0x55aF5865807b196bD0197e0902746F31FBcCFa58', 'SpookyToken', 'C'); INSERT INTO evm_tokens(identifier, token_kind, chain, address, decimals, protocol) VALUES('eip155:1/erc20:0x55aF5865807b196bD0197e0902746F31FBcCFa58', 'A', 1, '0x55aF5865807b196bD0197e0902746F31FBcCFa58', 18, NULL); INSERT INTO common_asset_details(identifier, symbol, coingecko, cryptocompare, forked, started, swapped_for) VALUES('eip155:1/erc20:0x55aF5865807b196bD0197e0902746F31FBcCFa58', 'BOO', 'spookyswap', 'BOO', NULL, 1631698951, NULL);
*
INSERT INTO assets(identifier, name, type) VALUES('eip155:56/erc20:0x12B4356C65340Fb02cdff01293F95FEBb1512F3b', 'Broccoli', 'C'); INSERT INTO evm_tokens(identifier, token_kind, chain, address, decimals, protocol) VALUES('eip155:56/erc20:0x12B4356C65340Fb02cdff01293F95FEBb1512F3b', 'A', 56, '0x12B4356C65340Fb02cdff01293F95FEBb1512F3b', 18, NULL); INSERT INTO common_asset_details(identifier, symbol, coingecko, cryptocompare, forked, started, swapped_for) VALUES('eip155:56/erc20:0x12B4356C65340Fb02cdff01293F95FEBb1512F3b', 'Broccoli', 'broccoli-3', '', NULL, 1739463139, NULL);
*
INSERT INTO assets(identifier, name, type) VALUES('eip155:1/erc20:0xD7CFDb3cdc33dBeb9e9A4C95b61953Cf12A008b3', 'Bruh', 'C'); INSERT INTO evm_tokens(identifier, token_kind, chain, address, decimals, protocol) VALUES('eip155:1/erc20:0xD7CFDb3cdc33dBeb9e9A4C95b61953Cf12A008b3', 'A', 1, '0xD7CFDb3cdc33dBeb9e9A4C95b61953Cf12A008b3', 18, NULL); INSERT INTO common_asset_details(identifier, symbol, coingecko, cryptocompare, forked, started, swapped_for) VALUES('eip155:1/erc20:0xD7CFDb3cdc33dBeb9e9A4C95b61953Cf12A008b3', 'BRUH', 'bruh-2', 'BRUH', NULL, 1724866883, NULL);
*
INSERT INTO assets(identifier, name, type) VALUES('eip155:8453/erc20:0xcdE172dc5ffC46D228838446c57C1227e0B82049', 'Boomer', 'C'); INSERT INTO evm_tokens(identifier, token_kind, chain, address, decimals, protocol) VALUES('eip155:8453/erc20:0xcdE172dc5ffC46D228838446c57C1227e0B82049', 'A', 8453, '0xcdE172dc5ffC46D228838446c57C1227e0B82049', 18, NULL); INSERT INTO common_asset_details(identifier, symbol, coingecko, cryptocompare, forked, started, swapped_for) VALUES('eip155:8453/erc20:0xcdE172dc5ffC46D228838446c57C1227e0B82049', 'BOOMER', 'boomer', '', NULL, 1711388927, NULL);
*
INSERT INTO assets(identifier, name, type) VALUES('APES', 'APES', 'Y');INSERT INTO common_asset_details(identifier, symbol, coingecko, cryptocompare, forked, started, swapped_for) VALUES('APES', 'APES', 'apes-2', 'APES', NULL, 1723735909, NULL);
*
INSERT INTO assets(identifier, name, type) VALUES('eip155:1/erc20:0x1F70300BCe8c2302780BD0a153ebb75B8CA7efCb', 'Mini Donald', 'C'); INSERT INTO evm_tokens(identifier, token_kind, chain, address, decimals, protocol) VALUES('eip155:1/erc20:0x1F70300BCe8c2302780BD0a153ebb75B8CA7efCb', 'A', 1, '0x1F70300BCe8c2302780BD0a153ebb75B8CA7efCb', 9, NULL); INSERT INTO common_asset_details(identifier, symbol, coingecko, cryptocompare, forked, started, swapped_for) VALUES('eip155:1/erc20:0x1F70300BCe8c2302780BD0a153ebb75B8CA7efCb', 'BARRON', 'mini-donald', '', NULL, 1720592495, NULL);
*
INSERT INTO assets(identifier, name, type) VALUES('eip155:8453/erc20:0xd327d36EB6E1f250D191cD62497d08b4aaa843Ce', 'Father Of Meme: Origin', 'C'); INSERT INTO evm_tokens(identifier, token_kind, chain, address, decimals, protocol) VALUES('eip155:8453/erc20:0xd327d36EB6E1f250D191cD62497d08b4aaa843Ce', 'A', 8453, '0xd327d36EB6E1f250D191cD62497d08b4aaa843Ce', 9, NULL); INSERT INTO common_asset_details(identifier, symbol, coingecko, cryptocompare, forked, started, swapped_for) VALUES('eip155:8453/erc20:0xd327d36EB6E1f250D191cD62497d08b4aaa843Ce', 'FOMO', 'father-of-meme-origin', '', NULL, 1713382533, NULL);
*
INSERT INTO assets(identifier, name, type) VALUES('BINU', 'Billion Dollar Inu', 'Y');INSERT INTO common_asset_details(identifier, symbol, coingecko, cryptocompare, forked, started, swapped_for) VALUES('BINU', 'BINU', 'billion-dollar-inu', '', NULL, 1710368696, NULL);
*
INSERT INTO assets(identifier, name, type) VALUES('eip155:1/erc20:0xc9F00080d96cEA3Ef92D2E2e563d4cD41fB5Bb36', 'BLOX', 'C'); INSERT INTO evm_tokens(identifier, token_kind, chain, address, decimals, protocol) VALUES('eip155:1/erc20:0xc9F00080d96cEA3Ef92D2E2e563d4cD41fB5Bb36', 'A', 1, '0xc9F00080d96cEA3Ef92D2E2e563d4cD41fB5Bb36', 18, NULL); INSERT INTO common_asset_details(identifier, symbol, coingecko, cryptocompare, forked, started, swapped_for) VALUES('eip155:1/erc20:0xc9F00080d96cEA3Ef92D2E2e563d4cD41fB5Bb36', 'BLOX', 'blox-2', '', NULL, 1702286351, NULL);
*
INSERT INTO assets(identifier, name, type) VALUES('BOG', 'Birddog', 'P');INSERT INTO common_asset_details(identifier, symbol, coingecko, cryptocompare, forked, started, swapped_for) VALUES('BOG', 'BOG', '', '', NULL, 1724168298, NULL);
*
INSERT INTO assets(identifier, name, type) VALUES('eip155:8453/erc20:0x70737489DFDf1A29b7584d40500d3561bD4Fe196', 'BORED', 'C'); INSERT INTO evm_tokens(identifier, token_kind, chain, address, decimals, protocol) VALUES('eip155:8453/erc20:0x70737489DFDf1A29b7584d40500d3561bD4Fe196', 'A', 8453, '0x70737489DFDf1A29b7584d40500d3561bD4Fe196', 18, NULL); INSERT INTO common_asset_details(identifier, symbol, coingecko, cryptocompare, forked, started, swapped_for) VALUES('eip155:8453/erc20:0x70737489DFDf1A29b7584d40500d3561bD4Fe196', 'BORED', 'edison-bored', '', NULL, 1712608869, NULL);
*
INSERT INTO assets(identifier, name, type) VALUES('eip155:1/erc20:0xC81b0d02393a956234E24564805a896f14ad1250', 'Beautiful Princess Disorder', 'C'); INSERT INTO evm_tokens(identifier, token_kind, chain, address, decimals, protocol) VALUES('eip155:1/erc20:0xC81b0d02393a956234E24564805a896f14ad1250', 'A', 1, '0xC81b0d02393a956234E24564805a896f14ad1250', 9, NULL); INSERT INTO common_asset_details(identifier, symbol, coingecko, cryptocompare, forked, started, swapped_for) VALUES('eip155:1/erc20:0xC81b0d02393a956234E24564805a896f14ad1250', 'BPD', '', '', NULL, 1692135947, NULL);
*
INSERT INTO assets(identifier, name, type) VALUES('BTCS', 'BTCs', 'W');INSERT INTO common_asset_details(identifier, symbol, coingecko, cryptocompare, forked, started, swapped_for) VALUES('BTCS', 'BTCS', 'btcs', '', NULL, 1682392800, NULL);
*
INSERT INTO assets(identifier, name, type) VALUES('BRCSHIB', 'BRCSHIB', 'W');INSERT INTO common_asset_details(identifier, symbol, coingecko, cryptocompare, forked, started, swapped_for) VALUES('BRCSHIB', 'BRCSHIB', '', '', NULL, 1678342560, NULL);
*
INSERT INTO assets(identifier, name, type) VALUES('eip155:56/erc20:0x2c21B6d44e4f01807e2F9577DDd89F89d72c292c', 'BUBCAT', 'C'); INSERT INTO evm_tokens(identifier, token_kind, chain, address, decimals, protocol) VALUES('eip155:56/erc20:0x2c21B6d44e4f01807e2F9577DDd89F89d72c292c', 'A', 56, '0x2c21B6d44e4f01807e2F9577DDd89F89d72c292c', 18, NULL); INSERT INTO common_asset_details(identifier, symbol, coingecko, cryptocompare, forked, started, swapped_for) VALUES('eip155:56/erc20:0x2c21B6d44e4f01807e2F9577DDd89F89d72c292c', 'BUB', 'bubcat-3', '', NULL, 1728472982, NULL);
*
INSERT INTO assets(identifier, name, type) VALUES('BUIO', 'Mascot of the Unholy Year', 'Y');INSERT INTO common_asset_details(identifier, symbol, coingecko, cryptocompare, forked, started, swapped_for) VALUES('BUIO', 'BUIO', 'mascot-of-the-unholy-year', '', NULL, 1730240910, NULL);
*
INSERT INTO assets(identifier, name, type) VALUES('eip155:1/erc20:0x069e4Aa272d17D9625aa3B6F863C7EF6CfB96713', 'Bulei', 'C'); INSERT INTO evm_tokens(identifier, token_kind, chain, address, decimals, protocol) VALUES('eip155:1/erc20:0x069e4Aa272d17D9625aa3B6F863C7EF6CfB96713', 'A', 1, '0x069e4Aa272d17D9625aa3B6F863C7EF6CfB96713', 9, NULL); INSERT INTO common_asset_details(identifier, symbol, coingecko, cryptocompare, forked, started, swapped_for) VALUES('eip155:1/erc20:0x069e4Aa272d17D9625aa3B6F863C7EF6CfB96713', 'BULEI', 'bulei', '', NULL, 1718076227, NULL);
*
INSERT INTO assets(identifier, name, type) VALUES('BULLTRON', 'Bull in a Bear World', 'P');INSERT INTO common_asset_details(identifier, symbol, coingecko, cryptocompare, forked, started, swapped_for) VALUES('BULLTRON', 'BULLTRON', '', '', NULL, 1724075052, NULL);
*
INSERT INTO assets(identifier, name, type) VALUES('eip155:8453/erc20:0x75570E1189fFC1d63B3417CdF0889F87cD3E9bD1', 'Based Bunny', 'C'); INSERT INTO evm_tokens(identifier, token_kind, chain, address, decimals, protocol) VALUES('eip155:8453/erc20:0x75570E1189fFC1d63B3417CdF0889F87cD3E9bD1', 'A', 8453, '0x75570E1189fFC1d63B3417CdF0889F87cD3E9bD1', 18, NULL); INSERT INTO common_asset_details(identifier, symbol, coingecko, cryptocompare, forked, started, swapped_for) VALUES('eip155:8453/erc20:0x75570E1189fFC1d63B3417CdF0889F87cD3E9bD1', 'Bunny', 'based-bunny', '', NULL, 1713823187, NULL);
*
INSERT INTO assets(identifier, name, type) VALUES('eip155:1/erc20:0x069d89974f4edaBde69450f9cF5CF7D8Cbd2568D', 'BVM', 'C'); INSERT INTO evm_tokens(identifier, token_kind, chain, address, decimals, protocol) VALUES('eip155:1/erc20:0x069d89974f4edaBde69450f9cF5CF7D8Cbd2568D', 'A', 1, '0x069d89974f4edaBde69450f9cF5CF7D8Cbd2568D', 18, NULL); INSERT INTO common_asset_details(identifier, symbol, coingecko, cryptocompare, forked, started, swapped_for) VALUES('eip155:1/erc20:0x069d89974f4edaBde69450f9cF5CF7D8Cbd2568D', 'BVM', 'bvm', 'BVM', NULL, 1709711159, NULL);
*
INSERT INTO assets(identifier, name, type) VALUES('eip155:8453/erc20:0x506BEb7965FC7053059006c7ab4C62c02C2D989F', 'BrainWorms', 'C'); INSERT INTO evm_tokens(identifier, token_kind, chain, address, decimals, protocol) VALUES('eip155:8453/erc20:0x506BEb7965FC7053059006c7ab4C62c02C2D989F', 'A', 8453, '0x506BEb7965FC7053059006c7ab4C62c02C2D989F', 18, NULL); INSERT INTO common_asset_details(identifier, symbol, coingecko, cryptocompare, forked, started, swapped_for) VALUES('eip155:8453/erc20:0x506BEb7965FC7053059006c7ab4C62c02C2D989F', 'BWORM', 'brain-worms', '', NULL, 1720641457, NULL);
*
INSERT INTO assets(identifier, name, type) VALUES('eip155:1/erc20:0x1b54a6Fa1360BD71A0f28F77A1D6fBA215d498C3', 'Casinu Inu', 'C'); INSERT INTO evm_tokens(identifier, token_kind, chain, address, decimals, protocol) VALUES('eip155:1/erc20:0x1b54a6Fa1360BD71A0f28F77A1D6fBA215d498C3', 'A', 1, '0x1b54a6Fa1360BD71A0f28F77A1D6fBA215d498C3', 9, NULL); INSERT INTO common_asset_details(identifier, symbol, coingecko, cryptocompare, forked, started, swapped_for) VALUES('eip155:1/erc20:0x1b54a6Fa1360BD71A0f28F77A1D6fBA215d498C3', 'CASINU', 'casinu-inu', '', NULL, 1706619191, NULL);
*
INSERT INTO assets(identifier, name, type) VALUES('CATFROGDOGSHARK', 'CatFrogDogShark', 'Y');INSERT INTO common_asset_details(identifier, symbol, coingecko, cryptocompare, forked, started, swapped_for) VALUES('CATFROGDOGSHARK', 'CATFROGDOGSHARK', 'catfrogdogshark', '', NULL, 1716913894, NULL);
*
INSERT INTO assets(identifier, name, type) VALUES('CATINO', 'Catino', 'Y');INSERT INTO common_asset_details(identifier, symbol, coingecko, cryptocompare, forked, started, swapped_for) VALUES('CATINO', 'CATINO', 'catino', '', NULL, 1711926888, NULL);
*
INSERT INTO assets(identifier, name, type) VALUES('CB', 'Cheeseball', 'Y');INSERT INTO common_asset_details(identifier, symbol, coingecko, cryptocompare, forked, started, swapped_for) VALUES('CB', 'CB', 'cheeseball', '', NULL, 1727890333, NULL);
*
INSERT INTO assets(identifier, name, type) VALUES('eip155:1/erc20:0xfB09122d1e17170C1807BFc1Ef3c614BD85E1B6e', 'CyberCrowdCoin', 'C'); INSERT INTO evm_tokens(identifier, token_kind, chain, address, decimals, protocol) VALUES('eip155:1/erc20:0xfB09122d1e17170C1807BFc1Ef3c614BD85E1B6e', 'A', 1, '0xfB09122d1e17170C1807BFc1Ef3c614BD85E1B6e', 18, NULL); INSERT INTO common_asset_details(identifier, symbol, coingecko, cryptocompare, forked, started, swapped_for) VALUES('eip155:1/erc20:0xfB09122d1e17170C1807BFc1Ef3c614BD85E1B6e', 'CCC', '', '', NULL, 1690686995, NULL);
*
INSERT INTO assets(identifier, name, type) VALUES('CENTS', 'Centience', 'Y');INSERT INTO common_asset_details(identifier, symbol, coingecko, cryptocompare, forked, started, swapped_for) VALUES('CENTS', 'CENTS', 'centience', 'CENTS', NULL, 1729552186, NULL);
*
INSERT INTO assets(identifier, name, type) VALUES('CHAN', 'memechan', 'Y');INSERT INTO common_asset_details(identifier, symbol, coingecko, cryptocompare, forked, started, swapped_for) VALUES('CHAN', 'CHAN', 'memechan', '', NULL, 1718222507, NULL);
*
INSERT INTO assets(identifier, name, type) VALUES('CHIPPY', 'Chippy', 'Y');INSERT INTO common_asset_details(identifier, symbol, coingecko, cryptocompare, forked, started, swapped_for) VALUES('CHIPPY', 'CHIPPY', 'chippy', 'CHIPPY', NULL, 1718629272, NULL);
*
INSERT INTO assets(identifier, name, type) VALUES('eip155:1/erc20:0x3E362038fD3d08887d498944D489aF7909619a9B', 'CHOW CHOW', 'C'); INSERT INTO evm_tokens(identifier, token_kind, chain, address, decimals, protocol) VALUES('eip155:1/erc20:0x3E362038fD3d08887d498944D489aF7909619a9B', 'A', 1, '0x3E362038fD3d08887d498944D489aF7909619a9B', 18, NULL); INSERT INTO common_asset_details(identifier, symbol, coingecko, cryptocompare, forked, started, swapped_for) VALUES('eip155:1/erc20:0x3E362038fD3d08887d498944D489aF7909619a9B', 'CHOW', 'chow-chow', '', NULL, 1685324315, NULL);
*
INSERT INTO assets(identifier, name, type) VALUES('CHUD', 'Chudjak', 'Y');INSERT INTO common_asset_details(identifier, symbol, coingecko, cryptocompare, forked, started, swapped_for) VALUES('CHUD', 'CHUD', 'chudjak', '', NULL, 1714889881, NULL);
*
INSERT INTO assets(identifier, name, type) VALUES('eip155:1/erc20:0x38604d52d3A89B16a90053AE0c6D009504a9A5b8', 'Cloud AI', 'C'); INSERT INTO evm_tokens(identifier, token_kind, chain, address, decimals, protocol) VALUES('eip155:1/erc20:0x38604d52d3A89B16a90053AE0c6D009504a9A5b8', 'A', 1, '0x38604d52d3A89B16a90053AE0c6D009504a9A5b8', 10, NULL); INSERT INTO common_asset_details(identifier, symbol, coingecko, cryptocompare, forked, started, swapped_for) VALUES('eip155:1/erc20:0x38604d52d3A89B16a90053AE0c6D009504a9A5b8', 'CLD', '', '', NULL, 1709824967, NULL);
*
INSERT INTO assets(identifier, name, type) VALUES('eip155:8453/erc20:0x0028e1E60167b48a938B785AA5292917E7eacA8b', 'Coinye West', 'C'); INSERT INTO evm_tokens(identifier, token_kind, chain, address, decimals, protocol) VALUES('eip155:8453/erc20:0x0028e1E60167b48a938B785AA5292917E7eacA8b', 'A', 8453, '0x0028e1E60167b48a938B785AA5292917E7eacA8b', 18, NULL); INSERT INTO common_asset_details(identifier, symbol, coingecko, cryptocompare, forked, started, swapped_for) VALUES('eip155:8453/erc20:0x0028e1E60167b48a938B785AA5292917E7eacA8b', 'COINYE', 'coinye-west', '', NULL, 1711139789, NULL);
*
INSERT INTO assets(identifier, name, type) VALUES('COK', 'catownkimono', 'Y');INSERT INTO common_asset_details(identifier, symbol, coingecko, cryptocompare, forked, started, swapped_for) VALUES('COK', 'COK', 'catownkimono', 'COK', NULL, 1700685316, NULL);
*
INSERT INTO assets(identifier, name, type) VALUES('COME', 'Community of Meme', 'Y');INSERT INTO common_asset_details(identifier, symbol, coingecko, cryptocompare, forked, started, swapped_for) VALUES('COME', 'COME', '', '', NULL, 1710717389, NULL);
*
INSERT INTO assets(identifier, name, type) VALUES('COST', 'Costco Hot Dog', 'Y');INSERT INTO common_asset_details(identifier, symbol, coingecko, cryptocompare, forked, started, swapped_for) VALUES('COST', 'COST', 'costco-hot-dog', 'COST', NULL, 1710798112, NULL);
*
INSERT INTO assets(identifier, name, type) VALUES('COUPE', 'Gorilla In A Fucking Coupe', 'Y');INSERT INTO common_asset_details(identifier, symbol, coingecko, cryptocompare, forked, started, swapped_for) VALUES('COUPE', 'COUPE', '', '', NULL, 1716325600, NULL);
*
INSERT INTO assets(identifier, name, type) VALUES('CROC', 'croc cat', 'Y');INSERT INTO common_asset_details(identifier, symbol, coingecko, cryptocompare, forked, started, swapped_for) VALUES('CROC', 'CROC', 'croc-cat', '', NULL, 1705676684, NULL);
*
INSERT INTO assets(identifier, name, type) VALUES('CRODIE', 'Crodie', 'Y');INSERT INTO common_asset_details(identifier, symbol, coingecko, cryptocompare, forked, started, swapped_for) VALUES('CRODIE', 'CRODIE', 'crodie', '', NULL, 1705982696, NULL);
*
INSERT INTO assets(identifier, name, type) VALUES('CSUN', 'Caprisun', 'P');INSERT INTO common_asset_details(identifier, symbol, coingecko, cryptocompare, forked, started, swapped_for) VALUES('CSUN', 'CSUN', 'caprisun', '', NULL, 1724216802, NULL);
*
INSERT INTO assets(identifier, name, type) VALUES('eip155:1/erc20:0x38E68A37E401F7271568CecaAc63c6B1e19130B4', 'Banana', 'C'); INSERT INTO evm_tokens(identifier, token_kind, chain, address, decimals, protocol) VALUES('eip155:1/erc20:0x38E68A37E401F7271568CecaAc63c6B1e19130B4', 'A', 1, '0x38E68A37E401F7271568CecaAc63c6B1e19130B4', 18, NULL); INSERT INTO common_asset_details(identifier, symbol, coingecko, cryptocompare, forked, started, swapped_for) VALUES('eip155:1/erc20:0x38E68A37E401F7271568CecaAc63c6B1e19130B4', 'BANANA', 'banana-gun', '', NULL, 1694710859, NULL);
*
INSERT INTO assets(identifier, name, type) VALUES('eip155:1/erc20:0x00282FD551D03dC033256C4bf119532e8C735D8a', 'Biaocoin', 'C'); INSERT INTO evm_tokens(identifier, token_kind, chain, address, decimals, protocol) VALUES('eip155:1/erc20:0x00282FD551D03dC033256C4bf119532e8C735D8a', 'A', 1, '0x00282FD551D03dC033256C4bf119532e8C735D8a', 2, NULL); INSERT INTO common_asset_details(identifier, symbol, coingecko, cryptocompare, forked, started, swapped_for) VALUES('eip155:1/erc20:0x00282FD551D03dC033256C4bf119532e8C735D8a', 'BIAO', 'biaocoin', '', NULL, 1685033027, NULL);
*
INSERT INTO assets(identifier, name, type) VALUES('eip155:1/erc20:0x106538CC16F938776c7c180186975BCA23875287', 'BASv2', 'C'); INSERT INTO evm_tokens(identifier, token_kind, chain, address, decimals, protocol) VALUES('eip155:1/erc20:0x106538CC16F938776c7c180186975BCA23875287', 'A', 1, '0x106538CC16F938776c7c180186975BCA23875287', 18, NULL); INSERT INTO common_asset_details(identifier, symbol, coingecko, cryptocompare, forked, started, swapped_for) VALUES('eip155:1/erc20:0x106538CC16F938776c7c180186975BCA23875287', 'BASv2', '', '', NULL, 1612828165, NULL);
*
INSERT INTO assets(identifier, name, type) VALUES('eip155:56/erc20:0x40F75eD09c7Bc89Bf596cE0fF6FB2ff8D02aC019', 'Bitpaid', 'C'); INSERT INTO evm_tokens(identifier, token_kind, chain, address, decimals, protocol) VALUES('eip155:56/erc20:0x40F75eD09c7Bc89Bf596cE0fF6FB2ff8D02aC019', 'A', 56, '0x40F75eD09c7Bc89Bf596cE0fF6FB2ff8D02aC019', 18, NULL); INSERT INTO common_asset_details(identifier, symbol, coingecko, cryptocompare, forked, started, swapped_for) VALUES('eip155:56/erc20:0x40F75eD09c7Bc89Bf596cE0fF6FB2ff8D02aC019', 'BTP', '', '', NULL, 1642661991, NULL);
*
INSERT INTO assets(identifier, name, type) VALUES('CZ', 'Changpeng Zhao', 'P');INSERT INTO common_asset_details(identifier, symbol, coingecko, cryptocompare, forked, started, swapped_for) VALUES('CZ', 'CZ', '', '', NULL, 1724266671, NULL);
*
INSERT INTO assets(identifier, name, type) VALUES('CZC', 'Crypto Zillion Club', 'P');INSERT INTO common_asset_details(identifier, symbol, coingecko, cryptocompare, forked, started, swapped_for) VALUES('CZC', 'CZC', '', '', NULL, 1724646312, NULL);
*
INSERT INTO assets(identifier, name, type) VALUES('DAVIDO', 'Timeless Davido', 'Y');INSERT INTO common_asset_details(identifier, symbol, coingecko, cryptocompare, forked, started, swapped_for) VALUES('DAVIDO', 'DAVIDO', 'timeless-davido', '', NULL, 1717016424, NULL);
*
INSERT INTO assets(identifier, name, type) VALUES('eip155:1/erc20:0xC3DC991F2E0D39B3F3C4F8aAEdB30F81207974C6', 'Dark Elon', 'C'); INSERT INTO evm_tokens(identifier, token_kind, chain, address, decimals, protocol) VALUES('eip155:1/erc20:0xC3DC991F2E0D39B3F3C4F8aAEdB30F81207974C6', 'A', 1, '0xC3DC991F2E0D39B3F3C4F8aAEdB30F81207974C6', 9, NULL); INSERT INTO common_asset_details(identifier, symbol, coingecko, cryptocompare, forked, started, swapped_for) VALUES('eip155:1/erc20:0xC3DC991F2E0D39B3F3C4F8aAEdB30F81207974C6', 'DELON', '', '', NULL, 1721618783, NULL);
*
INSERT INTO assets(identifier, name, type) VALUES('DEPD', 'DepinDao', 'W');INSERT INTO common_asset_details(identifier, symbol, coingecko, cryptocompare, forked, started, swapped_for) VALUES('DEPD', 'DEPD', '', '', NULL, 1703815620, NULL);
*
INSERT INTO assets(identifier, name, type) VALUES('DEVIN', 'SCOTT WU', 'Y');INSERT INTO common_asset_details(identifier, symbol, coingecko, cryptocompare, forked, started, swapped_for) VALUES('DEVIN', 'DEVIN', 'devin-on-solana', '', NULL, 1714880275, NULL);
*
INSERT INTO assets(identifier, name, type) VALUES('DIKO', 'Arkadiko', 'W');INSERT INTO common_asset_details(identifier, symbol, coingecko, cryptocompare, forked, started, swapped_for) VALUES('DIKO', 'DIKO', 'arkadiko-protocol', 'DIKO', NULL, 1634565418, NULL);
*
INSERT INTO assets(identifier, name, type) VALUES('DIONE', 'Dione', 'W');INSERT INTO common_asset_details(identifier, symbol, coingecko, cryptocompare, forked, started, swapped_for) VALUES('DIONE', 'DIONE', 'dione', 'DIONE', NULL, 1660867200, NULL);
*
INSERT INTO assets(identifier, name, type) VALUES('DJT', 'TrumpCoin', 'Y');INSERT INTO common_asset_details(identifier, symbol, coingecko, cryptocompare, forked, started, swapped_for) VALUES('DJT', 'DJT', 'trumpcoin', '', NULL, 1713759290, NULL);
*
INSERT INTO assets(identifier, name, type) VALUES('eip155:1/erc20:0xc234Cb1B59d12C0C2F0e984ee9112a6311B86223', 'Donald Trump', 'C'); INSERT INTO evm_tokens(identifier, token_kind, chain, address, decimals, protocol) VALUES('eip155:1/erc20:0xc234Cb1B59d12C0C2F0e984ee9112a6311B86223', 'A', 1, '0xc234Cb1B59d12C0C2F0e984ee9112a6311B86223', 9, NULL); INSERT INTO common_asset_details(identifier, symbol, coingecko, cryptocompare, forked, started, swapped_for) VALUES('eip155:1/erc20:0xc234Cb1B59d12C0C2F0e984ee9112a6311B86223', 'DJT', '', '', NULL, 1730178719, NULL);
*
INSERT INTO assets(identifier, name, type) VALUES('eip155:1/erc20:0x73C6A7491d0dB90Bdb0060308CDE0F49dfD1D0B0', 'DogeBonk', 'C'); INSERT INTO evm_tokens(identifier, token_kind, chain, address, decimals, protocol) VALUES('eip155:1/erc20:0x73C6A7491d0dB90Bdb0060308CDE0F49dfD1D0B0', 'A', 1, '0x73C6A7491d0dB90Bdb0060308CDE0F49dfD1D0B0', 18, NULL); INSERT INTO common_asset_details(identifier, symbol, coingecko, cryptocompare, forked, started, swapped_for) VALUES('eip155:1/erc20:0x73C6A7491d0dB90Bdb0060308CDE0F49dfD1D0B0', 'DOBO', 'dogebonk-eth', '', NULL, 1692225287, NULL);
*
INSERT INTO assets(identifier, name, type) VALUES('eip155:1/erc20:0xD09e5d8607f2541E13c3F014C360f0EE2A25Eb80', 'Department of Government Efficiency', 'C'); INSERT INTO evm_tokens(identifier, token_kind, chain, address, decimals, protocol) VALUES('eip155:1/erc20:0xD09e5d8607f2541E13c3F014C360f0EE2A25Eb80', 'A', 1, '0xD09e5d8607f2541E13c3F014C360f0EE2A25Eb80', 9, NULL); INSERT INTO common_asset_details(identifier, symbol, coingecko, cryptocompare, forked, started, swapped_for) VALUES('eip155:1/erc20:0xD09e5d8607f2541E13c3F014C360f0EE2A25Eb80', 'DOGE', '', '', NULL, 1726237679, NULL);
*
INSERT INTO assets(identifier, name, type) VALUES('DOGGS', 'Doggensnout', 'Y');INSERT INTO common_asset_details(identifier, symbol, coingecko, cryptocompare, forked, started, swapped_for) VALUES('DOGGS', 'DOGGS', 'doggensnout', '', NULL, 1719864927, NULL);
*
INSERT INTO assets(identifier, name, type) VALUES('FORK', 'dogwiffork', 'Y');INSERT INTO common_asset_details(identifier, symbol, coingecko, cryptocompare, forked, started, swapped_for) VALUES('FORK', 'FORK', '', '', NULL, 1706751865, NULL);
*
INSERT INTO assets(identifier, name, type) VALUES('DOMO', 'DOMO', 'W');INSERT INTO common_asset_details(identifier, symbol, coingecko, cryptocompare, forked, started, swapped_for) VALUES('DOMO', 'DOMO', '', '', NULL, 1678719240, NULL);
*
INSERT INTO assets(identifier, name, type) VALUES('DC', 'DONALDCAT', 'Y');INSERT INTO common_asset_details(identifier, symbol, coingecko, cryptocompare, forked, started, swapped_for) VALUES('DC', 'DC', 'donaldcat', '', NULL, 1715004665, NULL);
*
INSERT INTO assets(identifier, name, type) VALUES('DOOGLE', 'Doogle', 'Y');INSERT INTO common_asset_details(identifier, symbol, coingecko, cryptocompare, forked, started, swapped_for) VALUES('DOOGLE', 'DOOGLE', 'doogle', 'DOOGLE', NULL, 1718642329, NULL);
*
INSERT INTO assets(identifier, name, type) VALUES('eip155:1/erc20:0xF1c71fb7cd399e00EeD76332a9312fa6e70fA189', 'Deadpool Inu', 'C'); INSERT INTO evm_tokens(identifier, token_kind, chain, address, decimals, protocol) VALUES('eip155:1/erc20:0xF1c71fb7cd399e00EeD76332a9312fa6e70fA189', 'A', 1, '0xF1c71fb7cd399e00EeD76332a9312fa6e70fA189', 9, NULL); INSERT INTO common_asset_details(identifier, symbol, coingecko, cryptocompare, forked, started, swapped_for) VALUES('eip155:1/erc20:0xF1c71fb7cd399e00EeD76332a9312fa6e70fA189', 'DPOOL', '', '', NULL, 1724044583, NULL);
*
INSERT INTO assets(identifier, name, type) VALUES('DSWP', 'DSWP', 'W');INSERT INTO common_asset_details(identifier, symbol, coingecko, cryptocompare, forked, started, swapped_for) VALUES('DSWP', 'DSWP', '', '', NULL, 1693880220, NULL);
*
INSERT INTO assets(identifier, name, type) VALUES('DUCKE', 'Ducke', 'Y');INSERT INTO common_asset_details(identifier, symbol, coingecko, cryptocompare, forked, started, swapped_for) VALUES('DUCKE', 'DUCKE', '', '', NULL, 1713905321, NULL);
*
INSERT INTO assets(identifier, name, type) VALUES('DUPE', 'Dupe The Duck', 'Y');INSERT INTO common_asset_details(identifier, symbol, coingecko, cryptocompare, forked, started, swapped_for) VALUES('DUPE', 'DUPE', 'dupe-the-duck', '', NULL, 1710700038, NULL);
*
INSERT INTO assets(identifier, name, type) VALUES('DWIFC', 'DogWifCat', 'Y');INSERT INTO common_asset_details(identifier, symbol, coingecko, cryptocompare, forked, started, swapped_for) VALUES('DWIFC', 'DWIFC', '', '', NULL, 1710865068, NULL);
*
INSERT INTO assets(identifier, name, type) VALUES('DWP', 'Dog Wif Pixels', 'Y');INSERT INTO common_asset_details(identifier, symbol, coingecko, cryptocompare, forked, started, swapped_for) VALUES('DWP', 'DWP', 'dog-wif-pixels', '', NULL, 1715523497, NULL);
*
INSERT INTO assets(identifier, name, type) VALUES('eip155:1/erc20:0xc03D38F89b175596859C99eaB231d31e1808358c', 'e/acc', 'C'); INSERT INTO evm_tokens(identifier, token_kind, chain, address, decimals, protocol) VALUES('eip155:1/erc20:0xc03D38F89b175596859C99eaB231d31e1808358c', 'A', 1, '0xc03D38F89b175596859C99eaB231d31e1808358c', 9, NULL); INSERT INTO common_asset_details(identifier, symbol, coingecko, cryptocompare, forked, started, swapped_for) VALUES('eip155:1/erc20:0xc03D38F89b175596859C99eaB231d31e1808358c', 'E/ACC', '', '', NULL, 1701136835, NULL);
*
INSERT INTO assets(identifier, name, type) VALUES('EAR', 'THE EAR STAYS ON', 'Y');INSERT INTO common_asset_details(identifier, symbol, coingecko, cryptocompare, forked, started, swapped_for) VALUES('EAR', 'EAR', 'the-ear-stays-on', '', NULL, 1720910251, NULL);
*
INSERT INTO assets(identifier, name, type) VALUES('eip155:1/erc20:0x786f112c9A6Bc840cdc07CFD840105EfD6EF2d4B', 'Ethereum Doge', 'C'); INSERT INTO evm_tokens(identifier, token_kind, chain, address, decimals, protocol) VALUES('eip155:1/erc20:0x786f112c9A6Bc840cdc07CFD840105EfD6EF2d4B', 'A', 1, '0x786f112c9A6Bc840cdc07CFD840105EfD6EF2d4B', 9, NULL); INSERT INTO common_asset_details(identifier, symbol, coingecko, cryptocompare, forked, started, swapped_for) VALUES('eip155:1/erc20:0x786f112c9A6Bc840cdc07CFD840105EfD6EF2d4B', 'EDOGE', 'ethereum-doge', '', NULL, 1727056343, NULL);
*
INSERT INTO assets(identifier, name, type) VALUES('ELMO', 'Elmo', 'P');INSERT INTO common_asset_details(identifier, symbol, coingecko, cryptocompare, forked, started, swapped_for) VALUES('ELMO', 'ELMO', '', '', NULL, 1724757744, NULL);
*
INSERT INTO assets(identifier, name, type) VALUES('eip155:56/erc20:0x9240c44eE90D058b0b17AbABE0f74Ab1A205ae04', 'Ents', 'C'); INSERT INTO evm_tokens(identifier, token_kind, chain, address, decimals, protocol) VALUES('eip155:56/erc20:0x9240c44eE90D058b0b17AbABE0f74Ab1A205ae04', 'A', 56, '0x9240c44eE90D058b0b17AbABE0f74Ab1A205ae04', 18, NULL); INSERT INTO common_asset_details(identifier, symbol, coingecko, cryptocompare, forked, started, swapped_for) VALUES('eip155:56/erc20:0x9240c44eE90D058b0b17AbABE0f74Ab1A205ae04', 'ENTS', 'ents', '', NULL, 1710772390, NULL);
*
INSERT INTO assets(identifier, name, type) VALUES('EPIK', 'TEH EPIK DUCK', 'Y');INSERT INTO common_asset_details(identifier, symbol, coingecko, cryptocompare, forked, started, swapped_for) VALUES('EPIK', 'EPIK', 'teh-epik-duck', '', NULL, 1712168022, NULL);
*
INSERT INTO assets(identifier, name, type) VALUES('ERIC', 'Eric the Goldfish', 'Y'); INSERT INTO common_asset_details(identifier, symbol, coingecko, cryptocompare, forked, started, swapped_for) VALUES('ERIC', 'ERIC', 'eric-the-goldfish', '', NULL, 1713082062, NULL);
*
INSERT INTO assets(identifier, name, type) VALUES('eip155:1/erc20:0x2FcBD5a6eb694d573D280664393681cB52b9a98b', 'ETF', 'C'); INSERT INTO evm_tokens(identifier, token_kind, chain, address, decimals, protocol) VALUES('eip155:1/erc20:0x2FcBD5a6eb694d573D280664393681cB52b9a98b', 'A', 1, '0x2FcBD5a6eb694d573D280664393681cB52b9a98b', 18, NULL); INSERT INTO common_asset_details(identifier, symbol, coingecko, cryptocompare, forked, started, swapped_for) VALUES('eip155:1/erc20:0x2FcBD5a6eb694d573D280664393681cB52b9a98b', 'ETF', '', '', NULL, 1697747675, NULL);
*
INSERT INTO assets(identifier, name, type) VALUES('eip155:1/erc20:0x6E835aC221d5622bf65aE21a22eB7484d1898598', 'Pepe2.0', 'C'); INSERT INTO evm_tokens(identifier, token_kind, chain, address, decimals, protocol) VALUES('eip155:1/erc20:0x6E835aC221d5622bf65aE21a22eB7484d1898598', 'A', 1, '0x6E835aC221d5622bf65aE21a22eB7484d1898598', 18, NULL); INSERT INTO common_asset_details(identifier, symbol, coingecko, cryptocompare, forked, started, swapped_for) VALUES('eip155:1/erc20:0x6E835aC221d5622bf65aE21a22eB7484d1898598', 'PEPE2', '', '', NULL, 1693244411, NULL);
*
INSERT INTO assets(identifier, name, type) VALUES('EXO', 'Exodus AI', 'Y'); INSERT INTO common_asset_details(identifier, symbol, coingecko, cryptocompare, forked, started, swapped_for) VALUES('EXO', 'EXO', 'exodus-ai', '', NULL, 1735931354, NULL);
*
INSERT INTO assets(identifier, name, type) VALUES('EYE', 'EYE Am Watching You', 'Y'); INSERT INTO common_asset_details(identifier, symbol, coingecko, cryptocompare, forked, started, swapped_for) VALUES('EYE', 'EYE', 'eye-am-watching-you', '', NULL, 1730023822, NULL);
*
INSERT INTO assets(identifier, name, type) VALUES('FART', 'FartCaster', 'Y'); INSERT INTO common_asset_details(identifier, symbol, coingecko, cryptocompare, forked, started, swapped_for) VALUES('FART', 'FART', '', '', NULL, 1707003657, NULL);
*
INSERT INTO assets(identifier, name, type) VALUES('FATHA', 'Slopfather', 'Y'); INSERT INTO common_asset_details(identifier, symbol, coingecko, cryptocompare, forked, started, swapped_for) VALUES('FATHA', 'FATHA', 'slopfather', '', NULL, 1732340309, NULL);
*
INSERT INTO assets(identifier, name, type) VALUES('eip155:1/erc20:0x6135177A17E02658dF99A07A2841464deB5B8589', 'FEAR NOT', 'C'); INSERT INTO evm_tokens(identifier, token_kind, chain, address, decimals, protocol) VALUES('eip155:1/erc20:0x6135177A17E02658dF99A07A2841464deB5B8589', 'A', 1, '0x6135177A17E02658dF99A07A2841464deB5B8589', 9, NULL); INSERT INTO common_asset_details(identifier, symbol, coingecko, cryptocompare, forked, started, swapped_for) VALUES('eip155:1/erc20:0x6135177A17E02658dF99A07A2841464deB5B8589', 'FEARNOT', '', 'FEARNOT', NULL, 1721068559, NULL);
*
INSERT INTO assets(identifier, name, type) VALUES('FEELS', 'Tron doomer', 'P'); INSERT INTO common_asset_details(identifier, symbol, coingecko, cryptocompare, forked, started, swapped_for) VALUES('FEELS', 'FEELS', '', '', NULL, 1723911207, NULL);
*
INSERT INTO assets(identifier, name, type) VALUES('FFIE', 'Faraday Future', 'Y'); INSERT INTO common_asset_details(identifier, symbol, coingecko, cryptocompare, forked, started, swapped_for) VALUES('FFIE', 'FFIE', '', '', NULL, 1715702492, NULL);
*
INSERT INTO assets(identifier, name, type) VALUES('FIGHTSOL', 'Fight coin', 'Y'); INSERT INTO common_asset_details(identifier, symbol, coingecko, cryptocompare, forked, started, swapped_for) VALUES('FIGHTSOL', 'FIGHTSOL', 'fight', '', NULL, 1720911029, NULL);
*
INSERT INTO assets(identifier, name, type) VALUES('FINDME', 'Findme', 'Y'); INSERT INTO common_asset_details(identifier, symbol, coingecko, cryptocompare, forked, started, swapped_for) VALUES('FINDME', 'FINDME', 'findme', '', NULL, 1714935736, NULL);
*
INSERT INTO assets(identifier, name, type) VALUES('FISH', 'TON FISH MEMECOIN', 'W'); INSERT INTO common_asset_details(identifier, symbol, coingecko, cryptocompare, forked, started, swapped_for) VALUES('FISH', 'FISH', 'ton-fish-memecoin', '', NULL, 1705622400, NULL);
*
INSERT INTO assets(identifier, name, type) VALUES('eip155:1/erc20:0x590246Bfbf89b113D8ac36FaEeA12B7589f7FE5b', 'Flappy', 'C'); INSERT INTO evm_tokens(identifier, token_kind, chain, address, decimals, protocol) VALUES('eip155:1/erc20:0x590246Bfbf89b113D8ac36FaEeA12B7589f7FE5b', 'A', 1, '0x590246Bfbf89b113D8ac36FaEeA12B7589f7FE5b', 9, NULL); INSERT INTO common_asset_details(identifier, symbol, coingecko, cryptocompare, forked, started, swapped_for) VALUES('eip155:1/erc20:0x590246Bfbf89b113D8ac36FaEeA12B7589f7FE5b', 'FLAPPY', 'flappy', '', NULL, 1718627675, NULL);
*
INSERT INTO assets(identifier, name, type) VALUES('FLAVIA', 'Flavia Is Online', 'Y'); INSERT INTO common_asset_details(identifier, symbol, coingecko, cryptocompare, forked, started, swapped_for) VALUES('FLAVIA', 'FLAVIA', 'flavia-is-online', 'FLAVIA', NULL, 1729611987, NULL);
*
INSERT INTO assets(identifier, name, type) VALUES('FLUFF', 'Fluffys', 'Y'); INSERT INTO common_asset_details(identifier, symbol, coingecko, cryptocompare, forked, started, swapped_for) VALUES('FLUFF', 'FLUFF', 'fluffys', '', NULL, 1713992346, NULL);
*
INSERT INTO assets(identifier, name, type) VALUES('FOFAR', 'FoFar', 'P'); INSERT INTO common_asset_details(identifier, symbol, coingecko, cryptocompare, forked, started, swapped_for) VALUES('FOFAR', 'FOFAR', 'fofar-2', '', NULL, 1723825014, NULL);
*
INSERT INTO assets(identifier, name, type) VALUES('eip155:56/erc20:0x296d1836658344E4257ec4c9D3c0fcB8312DE87c', 'FomoFi', 'C'); INSERT INTO evm_tokens(identifier, token_kind, chain, address, decimals, protocol) VALUES('eip155:56/erc20:0x296d1836658344E4257ec4c9D3c0fcB8312DE87c', 'A', 56, '0x296d1836658344E4257ec4c9D3c0fcB8312DE87c', 18, NULL); INSERT INTO common_asset_details(identifier, symbol, coingecko, cryptocompare, forked, started, swapped_for) VALUES('eip155:56/erc20:0x296d1836658344E4257ec4c9D3c0fcB8312DE87c', 'FOMO', 'fomofi', '', NULL, 1703569134, NULL);
*
INSERT INTO assets(identifier, name, type) VALUES('eip155:8453/erc20:0x6432096f054288Ee45b7f6ad8863a1F4A8e1201C', 'FOMO_BASE', 'C'); INSERT INTO evm_tokens(identifier, token_kind, chain, address, decimals, protocol) VALUES('eip155:8453/erc20:0x6432096f054288Ee45b7f6ad8863a1F4A8e1201C', 'A', 8453, '0x6432096f054288Ee45b7f6ad8863a1F4A8e1201C', 18, NULL); INSERT INTO common_asset_details(identifier, symbol, coingecko, cryptocompare, forked, started, swapped_for) VALUES('eip155:8453/erc20:0x6432096f054288Ee45b7f6ad8863a1F4A8e1201C', 'FOMO', 'fomo-base', '', NULL, 1711106275, NULL);
*
INSERT INTO assets(identifier, name, type) VALUES('eip155:1/erc20:0xd0D56273290D339aaF1417D9bfa1bb8cFe8A0933', 'FOOM', 'C'); INSERT INTO evm_tokens(identifier, token_kind, chain, address, decimals, protocol) VALUES('eip155:1/erc20:0xd0D56273290D339aaF1417D9bfa1bb8cFe8A0933', 'A', 1, '0xd0D56273290D339aaF1417D9bfa1bb8cFe8A0933', 18, NULL); INSERT INTO common_asset_details(identifier, symbol, coingecko, cryptocompare, forked, started, swapped_for) VALUES('eip155:1/erc20:0xd0D56273290D339aaF1417D9bfa1bb8cFe8A0933', 'FOOM', 'foom', '', NULL, 1686655307, NULL);
*
INSERT INTO assets(identifier, name, type) VALUES('FREEDUROV', 'Freedurov', 'P'); INSERT INTO common_asset_details(identifier, symbol, coingecko, cryptocompare, forked, started, swapped_for) VALUES('FREEDUROV', 'FREEDUROV', '', '', NULL, 1724505750, NULL);
*
INSERT INTO assets(identifier, name, type) VALUES('FREESOL', 'FREESOL', 'Y'); INSERT INTO common_asset_details(identifier, symbol, coingecko, cryptocompare, forked, started, swapped_for) VALUES('FREESOL', 'FREESOL', '', '', NULL, 1717102080, NULL);
*
INSERT INTO assets(identifier, name, type) VALUES('eip155:8453/erc20:0xFF0C532FDB8Cd566Ae169C1CB157ff2Bdc83E105', 'Fren Pet', 'C'); INSERT INTO evm_tokens(identifier, token_kind, chain, address, decimals, protocol) VALUES('eip155:8453/erc20:0xFF0C532FDB8Cd566Ae169C1CB157ff2Bdc83E105', 'A', 8453, '0xFF0C532FDB8Cd566Ae169C1CB157ff2Bdc83E105', 18, NULL); INSERT INTO common_asset_details(identifier, symbol, coingecko, cryptocompare, forked, started, swapped_for) VALUES('eip155:8453/erc20:0xFF0C532FDB8Cd566Ae169C1CB157ff2Bdc83E105', 'Fren Pet', 'frenpet', '', NULL, 1693455145, NULL);
*
INSERT INTO assets(identifier, name, type) VALUES('FRIDGE', 'Samsung 636L AI Family Hub', 'Y'); INSERT INTO common_asset_details(identifier, symbol, coingecko, cryptocompare, forked, started, swapped_for) VALUES('FRIDGE', 'FRIDGE', '', '', NULL, 1730171996, NULL);
*
INSERT INTO assets(identifier, name, type) VALUES('FUACK', 'FUACK', 'Y'); INSERT INTO common_asset_details(identifier, symbol, coingecko, cryptocompare, forked, started, swapped_for) VALUES('FUACK', 'FUACK', 'fuack', '', NULL, 1716143944, NULL);
*
INSERT INTO assets(identifier, name, type) VALUES('FZC', 'FuZai', 'P'); INSERT INTO common_asset_details(identifier, symbol, coingecko, cryptocompare, forked, started, swapped_for) VALUES('FZC', 'FZC', '', '', NULL, 1723862124, NULL);
*
INSERT INTO assets(identifier, name, type) VALUES('GAY', 'GAY', 'Y'); INSERT INTO common_asset_details(identifier, symbol, coingecko, cryptocompare, forked, started, swapped_for) VALUES('GAY', 'GAY', 'gay', '', NULL, 1722401748, NULL);
*
INSERT INTO assets(identifier, name, type) VALUES('GENESIS', 'Saga Genesis', 'Y'); INSERT INTO common_asset_details(identifier, symbol, coingecko, cryptocompare, forked, started, swapped_for) VALUES('GENESIS', 'GENESIS', '', '', NULL, 1705515067, NULL);
*
INSERT INTO assets(identifier, name, type) VALUES('GENIE', 'Genie', 'Y'); INSERT INTO common_asset_details(identifier, symbol, coingecko, cryptocompare, forked, started, swapped_for) VALUES('GENIE', 'GENIE', 'genie-2', '', NULL, 1718134040, NULL);
*
INSERT INTO assets(identifier, name, type) VALUES('GIGA', 'Gigachad', 'Y'); INSERT INTO common_asset_details(identifier, symbol, coingecko, cryptocompare, forked, started, swapped_for) VALUES('GIGA', 'GIGA', 'gigachad-2', '', NULL, 1704402888, NULL);
*
INSERT INTO assets(identifier, name, type) VALUES('GIL', 'Kith Gil', 'Y'); INSERT INTO common_asset_details(identifier, symbol, coingecko, cryptocompare, forked, started, swapped_for) VALUES('GIL', 'GIL', 'kith-gil', '', NULL, 1715579521, NULL);
*
INSERT INTO assets(identifier, name, type) VALUES('GINNAN', 'Ginnan The Cat', 'Y'); INSERT INTO common_asset_details(identifier, symbol, coingecko, cryptocompare, forked, started, swapped_for) VALUES('GINNAN', 'GINNAN', 'ginnan-the-cat', 'GINNAN', NULL, 1722126330, NULL);
*
INSERT INTO assets(identifier, name, type) VALUES('eip155:1/erc20:0xf016D7848Cd3f4B42de810BEB116DBACd8eD1e92', 'Giove', 'C'); INSERT INTO evm_tokens(identifier, token_kind, chain, address, decimals, protocol) VALUES('eip155:1/erc20:0xf016D7848Cd3f4B42de810BEB116DBACd8eD1e92', 'A', 1, '0xf016D7848Cd3f4B42de810BEB116DBACd8eD1e92', 8, NULL); INSERT INTO common_asset_details(identifier, symbol, coingecko, cryptocompare, forked, started, swapped_for) VALUES('eip155:1/erc20:0xf016D7848Cd3f4B42de810BEB116DBACd8eD1e92', 'GIOVE', '', '', NULL, 1710135779, NULL);
*
INSERT INTO assets(identifier, name, type) VALUES('eip155:1/erc20:0xc56C7A0eAA804f854B536A5F3D5f49D2EC4B12b8', 'GameStop', 'C'); INSERT INTO evm_tokens(identifier, token_kind, chain, address, decimals, protocol) VALUES('eip155:1/erc20:0xc56C7A0eAA804f854B536A5F3D5f49D2EC4B12b8', 'A', 1, '0xc56C7A0eAA804f854B536A5F3D5f49D2EC4B12b8', 9, NULL); INSERT INTO common_asset_details(identifier, symbol, coingecko, cryptocompare, forked, started, swapped_for) VALUES('eip155:1/erc20:0xc56C7A0eAA804f854B536A5F3D5f49D2EC4B12b8', 'GME', 'game-stop', '', NULL, 1715571731, NULL);
*
INSERT INTO assets(identifier, name, type) VALUES('eip155:1/erc20:0x28300D1c687B1F982d67f8A74efded5427dA6ec1', 'GameStop', 'C'); INSERT INTO evm_tokens(identifier, token_kind, chain, address, decimals, protocol) VALUES('eip155:1/erc20:0x28300D1c687B1F982d67f8A74efded5427dA6ec1', 'A', 1, '0x28300D1c687B1F982d67f8A74efded5427dA6ec1', 18, NULL); INSERT INTO common_asset_details(identifier, symbol, coingecko, cryptocompare, forked, started, swapped_for) VALUES('eip155:1/erc20:0x28300D1c687B1F982d67f8A74efded5427dA6ec1', 'GME', '', '', NULL, 1707177047, NULL);
*
INSERT INTO assets(identifier, name, type) VALUES('GNON', 'Numogram', 'Y'); INSERT INTO common_asset_details(identifier, symbol, coingecko, cryptocompare, forked, started, swapped_for) VALUES('GNON', 'GNON', 'numogram', 'GNON', NULL, 1728976134, NULL);
*
INSERT INTO assets(identifier, name, type) VALUES('eip155:1/erc20:0x089453742936dd35134383aee9d78bEe63A69b01', 'GOLD', 'C'); INSERT INTO evm_tokens(identifier, token_kind, chain, address, decimals, protocol) VALUES('eip155:1/erc20:0x089453742936dd35134383aee9d78bEe63A69b01', 'A', 1, '0x089453742936dd35134383aee9d78bEe63A69b01', 18, NULL); INSERT INTO common_asset_details(identifier, symbol, coingecko, cryptocompare, forked, started, swapped_for) VALUES('eip155:1/erc20:0x089453742936dd35134383aee9d78bEe63A69b01', 'GOLD', 'gold-2', '', NULL, 1695157079, NULL);
*
INSERT INTO assets(identifier, name, type) VALUES('GOME', 'Game of Memes', 'Y'); INSERT INTO common_asset_details(identifier, symbol, coingecko, cryptocompare, forked, started, swapped_for) VALUES('GOME', 'GOME', 'game-of-memes', 'GOME', NULL, 1714191301, NULL);
*
INSERT INTO assets(identifier, name, type) VALUES('GOODBOY', 'GoodBoy', 'Y'); INSERT INTO common_asset_details(identifier, symbol, coingecko, cryptocompare, forked, started, swapped_for) VALUES('GOODBOY', 'GOODBOY', 'goodboy', '', NULL, 1734671599, NULL);
*
INSERT INTO assets(identifier, name, type) VALUES('eip155:42161/erc20:0x764BFC309090E7f93EDcE53E5BeFa374CDCB7b8e', 'GRIMACE COIN', 'C'); INSERT INTO evm_tokens(identifier, token_kind, chain, address, decimals, protocol) VALUES('eip155:42161/erc20:0x764BFC309090E7f93EDcE53E5BeFa374CDCB7b8e', 'A', 42161, '0x764BFC309090E7f93EDcE53E5BeFa374CDCB7b8e', 18, NULL); INSERT INTO common_asset_details(identifier, symbol, coingecko, cryptocompare, forked, started, swapped_for) VALUES('eip155:42161/erc20:0x764BFC309090E7f93EDcE53E5BeFa374CDCB7b8e', 'GRIMACE', '', '', NULL, 1701086489, NULL);
*
INSERT INTO assets(identifier, name, type) VALUES('eip155:1/erc20:0x6942806D1B2d5886D95cE2f04314ece8eb825833', 'Groyper', 'C'); INSERT INTO evm_tokens(identifier, token_kind, chain, address, decimals, protocol) VALUES('eip155:1/erc20:0x6942806D1B2d5886D95cE2f04314ece8eb825833', 'A', 1, '0x6942806D1B2d5886D95cE2f04314ece8eb825833', 18, NULL); INSERT INTO common_asset_details(identifier, symbol, coingecko, cryptocompare, forked, started, swapped_for) VALUES('eip155:1/erc20:0x6942806D1B2d5886D95cE2f04314ece8eb825833', 'Groyper', 'groyper', '', NULL, 1716515495, NULL);
*
INSERT INTO assets(identifier, name, type) VALUES('GRUMPY', 'Grumpy Cat', 'Y'); INSERT INTO common_asset_details(identifier, symbol, coingecko, cryptocompare, forked, started, swapped_for) VALUES('GRUMPY', 'GRUMPY', '', '', NULL, 1711493204, NULL);
*
INSERT INTO assets(identifier, name, type) VALUES('GTOP', 'GTOP', 'Y'); INSERT INTO common_asset_details(identifier, symbol, coingecko, cryptocompare, forked, started, swapped_for) VALUES('GTOP', 'GTOP', '', '', NULL, 1709500540, NULL);
*
INSERT INTO assets(identifier, name, type) VALUES('HAMMY', 'HAMMY', 'P'); INSERT INTO common_asset_details(identifier, symbol, coingecko, cryptocompare, forked, started, swapped_for) VALUES('HAMMY', 'HAMMY', 'hammy', '', NULL, 1723858704, NULL);
*
INSERT INTO assets(identifier, name, type) VALUES('HARAMBE', 'HARAMBE', 'P'); INSERT INTO common_asset_details(identifier, symbol, coingecko, cryptocompare, forked, started, swapped_for) VALUES('HARAMBE', 'HARAMBE', '', '', NULL, 1724434161, NULL);
*
INSERT INTO assets(identifier, name, type) VALUES('eip155:1/erc20:0xfA3E941D1F6B7b10eD84A0C211bfA8aeE907965e', 'HayCoin', 'C'); INSERT INTO evm_tokens(identifier, token_kind, chain, address, decimals, protocol) VALUES('eip155:1/erc20:0xfA3E941D1F6B7b10eD84A0C211bfA8aeE907965e', 'A', 1, '0xfA3E941D1F6B7b10eD84A0C211bfA8aeE907965e', 18, NULL); INSERT INTO common_asset_details(identifier, symbol, coingecko, cryptocompare, forked, started, swapped_for) VALUES('eip155:1/erc20:0xfA3E941D1F6B7b10eD84A0C211bfA8aeE907965e', 'HAY', 'haycoin', '', NULL, 1540671380, NULL);
*
INSERT INTO assets(identifier, name, type) VALUES('eip155:8453/erc20:0x0578d8A44db98B23BF096A382e016e29a5Ce0ffe', 'higher', 'C'); INSERT INTO evm_tokens(identifier, token_kind, chain, address, decimals, protocol) VALUES('eip155:8453/erc20:0x0578d8A44db98B23BF096A382e016e29a5Ce0ffe', 'A', 8453, '0x0578d8A44db98B23BF096A382e016e29a5Ce0ffe', 18, NULL); INSERT INTO common_asset_details(identifier, symbol, coingecko, cryptocompare, forked, started, swapped_for) VALUES('eip155:8453/erc20:0x0578d8A44db98B23BF096A382e016e29a5Ce0ffe', 'HIGHER', 'higher', 'HIGHER', NULL, 1709997403, NULL);
*
INSERT INTO assets(identifier, name, type) VALUES('HODL', 'HODL', 'Y'); INSERT INTO common_asset_details(identifier, symbol, coingecko, cryptocompare, forked, started, swapped_for) VALUES('HODL', 'HODL', 'hodl', '', NULL, 1706734577, NULL);
*
INSERT INTO assets(identifier, name, type) VALUES('HUGH', 'HUGH HENNE', 'Y'); INSERT INTO common_asset_details(identifier, symbol, coingecko, cryptocompare, forked, started, swapped_for) VALUES('HUGH', 'HUGH', '', '', NULL, 1716444717, NULL);
*
INSERT INTO assets(identifier, name, type) VALUES('IBOSS', 'I Am A Crypto Boss', 'Y'); INSERT INTO common_asset_details(identifier, symbol, coingecko, cryptocompare, forked, started, swapped_for) VALUES('IBOSS', 'IBOSS', '', '', NULL, 1715082699, NULL);
*
INSERT INTO assets(identifier, name, type) VALUES('IDK', 'i dont know', 'Y'); INSERT INTO common_asset_details(identifier, symbol, coingecko, cryptocompare, forked, started, swapped_for) VALUES('IDK', 'IDK', 'i-dont-know', '', NULL, 1710698927, NULL);
*
INSERT INTO assets(identifier, name, type) VALUES('INTRO', '1INTRO', 'Y'); INSERT INTO common_asset_details(identifier, symbol, coingecko, cryptocompare, forked, started, swapped_for) VALUES('INTRO', 'INTRO', '', '', NULL, 1711251872, NULL);
*
INSERT INTO assets(identifier, name, type) VALUES('IOT', 'Helium IOT', 'Y'); INSERT INTO common_asset_details(identifier, symbol, coingecko, cryptocompare, forked, started, swapped_for) VALUES('IOT', 'IOT', 'helium-iot', '', NULL, 1681948800, NULL);
*
INSERT INTO assets(identifier, name, type) VALUES('eip155:1/erc20:0x663962C0D2B624776D6FD1bf6ba41236761e76a9', 'IVEX Financial', 'C'); INSERT INTO evm_tokens(identifier, token_kind, chain, address, decimals, protocol) VALUES('eip155:1/erc20:0x663962C0D2B624776D6FD1bf6ba41236761e76a9', 'A', 1, '0x663962C0D2B624776D6FD1bf6ba41236761e76a9', 8, NULL); INSERT INTO common_asset_details(identifier, symbol, coingecko, cryptocompare, forked, started, swapped_for) VALUES('eip155:1/erc20:0x663962C0D2B624776D6FD1bf6ba41236761e76a9', 'IVEX', 'ivex', 'IVEX', NULL, 1709802083, NULL);
*
INSERT INTO assets(identifier, name, type) VALUES('eip155:1/erc20:0x3506424F91fD33084466F402d5D97f05F8e3b4AF', 'chiliZ', 'C'); INSERT INTO evm_tokens(identifier, token_kind, chain, address, decimals, protocol) VALUES('eip155:1/erc20:0x3506424F91fD33084466F402d5D97f05F8e3b4AF', 'A', 1, '0x3506424F91fD33084466F402d5D97f05F8e3b4AF', 18, NULL); INSERT INTO common_asset_details(identifier, symbol, coingecko, cryptocompare, forked, started, swapped_for) VALUES('eip155:1/erc20:0x3506424F91fD33084466F402d5D97f05F8e3b4AF', 'CHZ', 'chiliz', 'CHZ', NULL, 1540537245, NULL);
*
INSERT INTO assets(identifier, name, type) VALUES('eip155:1/erc20:0x114f1388fAB456c4bA31B1850b244Eedcd024136', 'Cool Cats', 'C'); INSERT INTO evm_tokens(identifier, token_kind, chain, address, decimals, protocol) VALUES('eip155:1/erc20:0x114f1388fAB456c4bA31B1850b244Eedcd024136', 'A', 1, '0x114f1388fAB456c4bA31B1850b244Eedcd024136', 18, NULL); INSERT INTO common_asset_details(identifier, symbol, coingecko, cryptocompare, forked, started, swapped_for) VALUES('eip155:1/erc20:0x114f1388fAB456c4bA31B1850b244Eedcd024136', 'COOL', '', '', NULL, 1625256758, NULL);
*