INSERT INTO assets(identifier, name, type) VALUES ('eip155:1/erc20:0x5D409e56D886231aDAf00c8775665AD0f9897b56', 'Compound USDS', 'C'); INSERT INTO common_asset_details (identifier, symbol, coingecko, cryptocompare, forked, started, swapped_for) VALUES ('eip155:1/erc20:0x5D409e56D886231aDAf00c8775665AD0f9897b56', 'cUSDSv3', NULL, NULL, NULL, 1729195427, NULL); INSERT INTO evm_tokens (identifier, token_kind, chain, address, decimals, protocol) VALUES ('eip155:1/erc20:0x5D409e56D886231aDAf00c8775665AD0f9897b56', 'A', 1, '0x5D409e56D886231aDAf00c8775665AD0f9897b56', 18, 'compound-v3'); INSERT INTO underlying_tokens_list(identifier, weight, parent_token_entry) VALUES('eip155:1/erc20:0xdC035D45d973E3EC169d2276DDab16f1e407384F', '1.0', 'eip155:1/erc20:0x5D409e56D886231aDAf00c8775665AD0f9897b56');
*
INSERT INTO assets(identifier, name, type) VALUES ('eip155:8453/erc20:0x784efeB622244d2348d4F2522f8860B96fbEcE89', 'Compound AERO', 'C');INSERT INTO common_asset_details (identifier, symbol, coingecko, cryptocompare, forked, started, swapped_for) VALUES ('eip155:8453/erc20:0x784efeB622244d2348d4F2522f8860B96fbEcE89', 'cAEROv3', NULL, NULL, NULL, 1728494157, NULL);INSERT INTO evm_tokens (identifier, token_kind, chain, address, decimals, protocol) VALUES ('eip155:8453/erc20:0x784efeB622244d2348d4F2522f8860B96fbEcE89', 'A', 8453, '0x784efeB622244d2348d4F2522f8860B96fbEcE89', 18, 'compound-v3');INSERT INTO underlying_tokens_list(identifier, weight, parent_token_entry) VALUES('eip155:8453/erc20:0x940181a94A35A4569E4529A3CDfB74e38FD98631', '1.0', 'eip155:8453/erc20:0x784efeB622244d2348d4F2522f8860B96fbEcE89');
*
INSERT INTO assets(identifier, name, type) VALUES ('eip155:10/erc20:0x995E394b8B2437aC8Ce61Ee0bC610D617962B214', 'Compound USDT', 'C');INSERT INTO common_asset_details (identifier, symbol, coingecko, cryptocompare, forked, started, swapped_for) VALUES ('eip155:10/erc20:0x995E394b8B2437aC8Ce61Ee0bC610D617962B214', 'cUSDTv3', NULL, NULL, NULL, 1716189905, NULL);INSERT INTO evm_tokens (identifier, token_kind, chain, address, decimals, protocol) VALUES ('eip155:10/erc20:0x995E394b8B2437aC8Ce61Ee0bC610D617962B214', 'A', 10, '0x995E394b8B2437aC8Ce61Ee0bC610D617962B214', 6, 'compound-v3');INSERT INTO underlying_tokens_list(identifier, weight, parent_token_entry) VALUES('eip155:10/erc20:0x94b008aA00579c1307B0EF2c499aD98a8ce58e58', '1.0', 'eip155:10/erc20:0x995E394b8B2437aC8Ce61Ee0bC610D617962B214');
*
INSERT INTO assets(identifier, name, type) VALUES ('eip155:10/erc20:0xE36A30D249f7761327fd973001A32010b521b6Fd', 'Compound WETH', 'C');INSERT INTO common_asset_details (identifier, symbol, coingecko, cryptocompare, forked, started, swapped_for) VALUES ('eip155:10/erc20:0xE36A30D249f7761327fd973001A32010b521b6Fd', 'cWETHv3', NULL, NULL, NULL, 1721059241, NULL);INSERT INTO evm_tokens (identifier, token_kind, chain, address, decimals, protocol) VALUES ('eip155:10/erc20:0xE36A30D249f7761327fd973001A32010b521b6Fd', 'A', 10, '0xE36A30D249f7761327fd973001A32010b521b6Fd', 18, 'compound-v3');
*
INSERT INTO assets(identifier, name, type) VALUES('eip155:1/erc20:0xb01dd87B29d187F3E3a4Bf6cdAebfb97F3D9aB98', 'Bold Stablecoin', 'C'); INSERT INTO evm_tokens(identifier, token_kind, chain, address, decimals, protocol) VALUES('eip155:1/erc20:0xb01dd87B29d187F3E3a4Bf6cdAebfb97F3D9aB98', 'A', 1, '0xb01dd87B29d187F3E3a4Bf6cdAebfb97F3D9aB98', 18, NULL); INSERT INTO common_asset_details(identifier, symbol, coingecko, cryptocompare, forked, started, swapped_for) VALUES('eip155:1/erc20:0xb01dd87B29d187F3E3a4Bf6cdAebfb97F3D9aB98', 'Bold', 'liquity-bold', '', NULL, 1737067415, NULL);
*
INSERT INTO assets(identifier, name, type) VALUES('eip155:10/erc20:0x087C440F251Ff6Cfe62B86DdE1bE558B95b4bb9b', 'Bold Stablecoin', 'C'); INSERT INTO evm_tokens(identifier, token_kind, chain, address, decimals, protocol) VALUES('eip155:10/erc20:0x087C440F251Ff6Cfe62B86DdE1bE558B95b4bb9b', 'A', 10, '0x087C440F251Ff6Cfe62B86DdE1bE558B95b4bb9b', 18, NULL); INSERT INTO common_asset_details(identifier, symbol, coingecko, cryptocompare, forked, started, swapped_for) VALUES('eip155:10/erc20:0x087C440F251Ff6Cfe62B86DdE1bE558B95b4bb9b', 'Bold', 'liquity-bold', '', NULL, 1737099205, NULL);
*
INSERT INTO assets(identifier, name, type) VALUES('eip155:534352/erc20:0x087C440F251Ff6Cfe62B86DdE1bE558B95b4bb9b', 'Bold Stablecoin', 'C'); INSERT INTO evm_tokens(identifier, token_kind, chain, address, decimals, protocol) VALUES('eip155:534352/erc20:0x087C440F251Ff6Cfe62B86DdE1bE558B95b4bb9b', 'A', 534352, '0x087C440F251Ff6Cfe62B86DdE1bE558B95b4bb9b', 18, NULL); INSERT INTO common_asset_details(identifier, symbol, coingecko, cryptocompare, forked, started, swapped_for) VALUES('eip155:534352/erc20:0x087C440F251Ff6Cfe62B86DdE1bE558B95b4bb9b', 'Bold', 'liquity-bold', '', NULL, 1737098757, NULL);
*
INSERT INTO assets(identifier, name, type) VALUES('eip155:42161/erc20:0x087C440F251Ff6Cfe62B86DdE1bE558B95b4bb9b', 'Bold Stablecoin', 'C'); INSERT INTO evm_tokens(identifier, token_kind, chain, address, decimals, protocol) VALUES('eip155:42161/erc20:0x087C440F251Ff6Cfe62B86DdE1bE558B95b4bb9b', 'A', 42161, '0x087C440F251Ff6Cfe62B86DdE1bE558B95b4bb9b', 18, NULL); INSERT INTO common_asset_details(identifier, symbol, coingecko, cryptocompare, forked, started, swapped_for) VALUES('eip155:42161/erc20:0x087C440F251Ff6Cfe62B86DdE1bE558B95b4bb9b', 'Bold', 'liquity-bold', '', NULL, 1737098486, NULL);
*
INSERT INTO assets(identifier, name, type) VALUES('eip155:43114/erc20:0x087C440F251Ff6Cfe62B86DdE1bE558B95b4bb9b', 'Bold Stablecoin', 'C'); INSERT INTO evm_tokens(identifier, token_kind, chain, address, decimals, protocol) VALUES('eip155:43114/erc20:0x087C440F251Ff6Cfe62B86DdE1bE558B95b4bb9b', 'A', 43114, '0x087C440F251Ff6Cfe62B86DdE1bE558B95b4bb9b', 18, NULL); INSERT INTO common_asset_details(identifier, symbol, coingecko, cryptocompare, forked, started, swapped_for) VALUES('eip155:43114/erc20:0x087C440F251Ff6Cfe62B86DdE1bE558B95b4bb9b', 'Bold', 'liquity-bold', '', NULL, 1737099530, NULL);
*
INSERT INTO assets(identifier, name, type) VALUES('eip155:8453/erc20:0x087C440F251Ff6Cfe62B86DdE1bE558B95b4bb9b', 'Bold Stablecoin', 'C'); INSERT INTO evm_tokens(identifier, token_kind, chain, address, decimals, protocol) VALUES('eip155:8453/erc20:0x087C440F251Ff6Cfe62B86DdE1bE558B95b4bb9b', 'A', 8453, '0x087C440F251Ff6Cfe62B86DdE1bE558B95b4bb9b', 18, NULL); INSERT INTO common_asset_details(identifier, symbol, coingecko, cryptocompare, forked, started, swapped_for) VALUES('eip155:8453/erc20:0x087C440F251Ff6Cfe62B86DdE1bE558B95b4bb9b', 'Bold', 'liquity-bold', '', NULL, 1737096609, NULL);
*
INSERT INTO underlying_tokens_list(identifier, weight, parent_token_entry) VALUES('eip155:8453/erc20:0x4200000000000000000000000000000000000006', '1', 'eip155:8453/erc20:0xDBFeFD2e8460a6Ee4955A68582F85708BAEA60A3');
INSERT INTO assets(identifier, name, type) VALUES('eip155:8453/erc20:0xDBFeFD2e8460a6Ee4955A68582F85708BAEA60A3', 'Super OETH', 'C'); INSERT INTO evm_tokens(identifier, token_kind, chain, address, decimals, protocol) VALUES('eip155:8453/erc20:0xDBFeFD2e8460a6Ee4955A68582F85708BAEA60A3', 'A', 8453, '0xDBFeFD2e8460a6Ee4955A68582F85708BAEA60A3', 18, NULL); INSERT INTO common_asset_details(identifier, symbol, coingecko, cryptocompare, forked, started, swapped_for) VALUES('eip155:8453/erc20:0xDBFeFD2e8460a6Ee4955A68582F85708BAEA60A3', 'superOETHb', 'super-oeth', 'SUPEROETHB', NULL, 1722428751, NULL); INSERT INTO underlying_tokens_list(identifier, weight, parent_token_entry) VALUES('eip155:8453/erc20:0x4200000000000000000000000000000000000006', '1', 'eip155:8453/erc20:0xDBFeFD2e8460a6Ee4955A68582F85708BAEA60A3');
INSERT INTO underlying_tokens_list(identifier, weight, parent_token_entry) VALUES('eip155:1/erc20:0xec53bF9167f50cDEB3Ae105f56099aaaB9061F83', '1', 'eip155:1/erc20:0x83E9115d334D248Ce39a6f36144aEaB5b3456e75');
INSERT INTO assets(identifier, name, type) VALUES('eip155:1/erc20:0x83E9115d334D248Ce39a6f36144aEaB5b3456e75', 'Backing Eigen', 'C'); INSERT INTO evm_tokens(identifier, token_kind, chain, address, decimals, protocol) VALUES('eip155:1/erc20:0x83E9115d334D248Ce39a6f36144aEaB5b3456e75', 'A', 1, '0x83E9115d334D248Ce39a6f36144aEaB5b3456e75', 18, NULL); INSERT INTO common_asset_details(identifier, symbol, coingecko, cryptocompare, forked, started, swapped_for) VALUES('eip155:1/erc20:0x83E9115d334D248Ce39a6f36144aEaB5b3456e75', 'bEIGEN', 'eigenlayer', 'EIGEN', NULL, 1710958955, NULL); INSERT INTO assets(identifier, name, type) VALUES('eip155:1/erc20:0xec53bF9167f50cDEB3Ae105f56099aaaB9061F83', 'Eigen', 'C'); INSERT INTO evm_tokens(identifier, token_kind, chain, address, decimals, protocol) VALUES('eip155:1/erc20:0xec53bF9167f50cDEB3Ae105f56099aaaB9061F83', 'A', 1, '0xec53bF9167f50cDEB3Ae105f56099aaaB9061F83', 18, NULL); INSERT INTO common_asset_details(identifier, symbol, coingecko, cryptocompare, forked, started, swapped_for) VALUES('eip155:1/erc20:0xec53bF9167f50cDEB3Ae105f56099aaaB9061F83', 'EIGEN', 'eigenlayer', 'EIGEN', NULL, 1697499563, NULL); INSERT INTO underlying_tokens_list(identifier, weight, parent_token_entry) VALUES('eip155:1/erc20:0xec53bF9167f50cDEB3Ae105f56099aaaB9061F83', '1', 'eip155:1/erc20:0x83E9115d334D248Ce39a6f36144aEaB5b3456e75');
INSERT INTO assets(identifier, name, type) VALUES('TRUMP', 'Official Trump', 'Y'); INSERT INTO common_asset_details(identifier, symbol, coingecko, cryptocompare, forked, started, swapped_for) VALUES('TRUMP', 'TRUMP', 'official-trump', 'TRUMP', NULL, 1737122507, NULL);
*
INSERT INTO assets(identifier, name, type) VALUES('MELANIA', 'Melania Meme', 'Y'); INSERT INTO common_asset_details(identifier, symbol, coingecko, cryptocompare, forked, started, swapped_for) VALUES('MELANIA', 'MELANIA', 'melania-meme', 'MELANIA', NULL, 1737316354, NULL);
*
INSERT INTO assets(identifier, name, type) VALUES('VINE', 'Vine', 'Y'); INSERT INTO common_asset_details(identifier, symbol, coingecko, cryptocompare, forked, started, swapped_for) VALUES('VINE', 'VINE', 'vine', 'MELANIA', NULL, 1737316354, NULL);
*
INSERT INTO assets(identifier, name, type) VALUES('GRIFFAIN', 'GRIFFAIN', 'Y'); INSERT INTO common_asset_details(identifier, symbol, coingecko, cryptocompare, forked, started, swapped_for) VALUES('GRIFFAIN', 'GRIFFAIN', 'griffain', 'GRIFFAIN', NULL, 1730590665, NULL);
*
INSERT INTO assets(identifier, name, type) VALUES('eip155:1/erc20:0xE0f63A424a4439cBE457D80E4f4b51aD25b2c56C', 'SPX6900', 'C'); INSERT INTO evm_tokens(identifier, token_kind, chain, address, decimals, protocol) VALUES('eip155:1/erc20:0xE0f63A424a4439cBE457D80E4f4b51aD25b2c56C', 'A', 1, '0xE0f63A424a4439cBE457D80E4f4b51aD25b2c56C', 8, NULL); INSERT INTO common_asset_details(identifier, symbol, coingecko, cryptocompare, forked, started, swapped_for) VALUES('eip155:1/erc20:0xE0f63A424a4439cBE457D80E4f4b51aD25b2c56C', 'SPX', 'spx6900', 'SPX', NULL, 1692153767, NULL);
*
INSERT INTO assets(identifier, name, type) VALUES('eip155:8453/erc20:0x50dA645f148798F68EF2d7dB7C1CB22A6819bb2C', 'SPX6900', 'C'); INSERT INTO evm_tokens(identifier, token_kind, chain, address, decimals, protocol) VALUES('eip155:8453/erc20:0x50dA645f148798F68EF2d7dB7C1CB22A6819bb2C', 'A', 8453, '0x50dA645f148798F68EF2d7dB7C1CB22A6819bb2C', 8, NULL); INSERT INTO common_asset_details(identifier, symbol, coingecko, cryptocompare, forked, started, swapped_for) VALUES('eip155:8453/erc20:0x50dA645f148798F68EF2d7dB7C1CB22A6819bb2C', 'SPX', 'spx6900', 'SPX', NULL, 1703965689, NULL);
*
INSERT INTO assets(identifier, name, type) VALUES('STRD', 'Stride', 'B'); INSERT INTO common_asset_details(identifier, symbol, coingecko, cryptocompare, forked, started, swapped_for) VALUES('STRD', 'STRD', 'stride', 'STRD', NULL, 1662318000, NULL);
*
INSERT INTO assets(identifier, name, type) VALUES('eip155:1/erc20:0x1F57da732A77636D913C9a75d685B26CC85DCC3A', 'OPENLOOT', 'C'); INSERT INTO evm_tokens(identifier, token_kind, chain, address, decimals, protocol) VALUES('eip155:1/erc20:0x1F57da732A77636D913C9a75d685B26CC85DCC3A', 'A', 1, '0x1F57da732A77636D913C9a75d685B26CC85DCC3A', 18, NULL); INSERT INTO common_asset_details(identifier, symbol, coingecko, cryptocompare, forked, started, swapped_for) VALUES('eip155:1/erc20:0x1F57da732A77636D913C9a75d685B26CC85DCC3A', 'OL', 'open-loot', '', NULL, 1731104471, NULL);
*
INSERT INTO assets(identifier, name, type) VALUES('eip155:8453/erc20:0x3792DBDD07e87413247DF995e692806aa13D3299', 'OMI Token', 'C'); INSERT INTO evm_tokens(identifier, token_kind, chain, address, decimals, protocol) VALUES('eip155:8453/erc20:0x3792DBDD07e87413247DF995e692806aa13D3299', 'A', 8453, '0x3792DBDD07e87413247DF995e692806aa13D3299', 18, NULL); INSERT INTO common_asset_details(identifier, symbol, coingecko, cryptocompare, forked, started, swapped_for) VALUES('eip155:8453/erc20:0x3792DBDD07e87413247DF995e692806aa13D3299', 'OMI', 'ecomi', 'OMI', NULL, 1713193877, NULL);
*
INSERT INTO assets(identifier, name, type) VALUES('NC', 'Nodecoin', 'Y'); INSERT INTO common_asset_details(identifier, symbol, coingecko, cryptocompare, forked, started, swapped_for) VALUES('NC', 'NC', 'nodecoin', '', NULL, NULL, NULL);
*
INSERT INTO assets(identifier, name, type) VALUES('GOAT', 'Goatseus Maximus', 'Y'); INSERT INTO common_asset_details(identifier, symbol, coingecko, cryptocompare, forked, started, swapped_for) VALUES('GOAT', 'GOAT', 'goatseus-maximus', '', NULL, NULL, NULL);
*
INSERT INTO assets(identifier, name, type) VALUES('DOGS', 'Dogs', 'W'); INSERT INTO common_asset_details(identifier, symbol, coingecko, cryptocompare, forked, started, swapped_for) VALUES('DOGS', 'DOGS', 'dogs-2', '', NULL, NULL, NULL);
*
INSERT INTO assets(identifier, name, type) VALUES('eip155:56/erc20:0x5f78F4BFCb2b43bC174FE16A69a13945CEfA2978', 'Xraders', 'C'); INSERT INTO evm_tokens(identifier, token_kind, chain, address, decimals, protocol) VALUES('eip155:56/erc20:0x5f78F4BFCb2b43bC174FE16A69a13945CEfA2978', 'A', 56, '0x5f78F4BFCb2b43bC174FE16A69a13945CEfA2978', 18, NULL); INSERT INTO common_asset_details(identifier, symbol, coingecko, cryptocompare, forked, started, swapped_for) VALUES('eip155:56/erc20:0x5f78F4BFCb2b43bC174FE16A69a13945CEfA2978', 'XR', 'xraders', '', NULL, 1711345518, NULL);
*
INSERT INTO assets(identifier, name, type) VALUES('KAIA', 'Kaia', 'B'); INSERT INTO common_asset_details(identifier, symbol, coingecko, cryptocompare, forked, started, swapped_for) VALUES('KAIA', 'KAIA', 'kaia', '', NULL, NULL, NULL);
*
INSERT INTO assets(identifier, name, type) VALUES('eip155:56/erc20:0x6894CDe390a3f51155ea41Ed24a33A4827d3063D', 'Simons Cat', 'C'); INSERT INTO evm_tokens(identifier, token_kind, chain, address, decimals, protocol) VALUES('eip155:56/erc20:0x6894CDe390a3f51155ea41Ed24a33A4827d3063D', 'A', 56, '0x6894CDe390a3f51155ea41Ed24a33A4827d3063D', 18, NULL); INSERT INTO common_asset_details(identifier, symbol, coingecko, cryptocompare, forked, started, swapped_for) VALUES('eip155:56/erc20:0x6894CDe390a3f51155ea41Ed24a33A4827d3063D', 'CAT', 'simon-s-cat', '', NULL, 1723848995, NULL);
*
INSERT INTO assets(identifier, name, type) VALUES('CATI', 'Catizin', 'W'); INSERT INTO common_asset_details(identifier, symbol, coingecko, cryptocompare, forked, started, swapped_for) VALUES('CATI', 'CATI', 'catizen', '', NULL, NULL, NULL);
*
INSERT INTO assets(identifier, name, type) VALUES('eip155:1/erc20:0xcb1592591996765Ec0eFc1f92599A19767ee5ffA', 'BIO', 'C'); INSERT INTO evm_tokens(identifier, token_kind, chain, address, decimals, protocol) VALUES('eip155:1/erc20:0xcb1592591996765Ec0eFc1f92599A19767ee5ffA', 'A', 1, '0xcb1592591996765Ec0eFc1f92599A19767ee5ffA', 18, NULL); INSERT INTO common_asset_details(identifier, symbol, coingecko, cryptocompare, forked, started, swapped_for) VALUES('eip155:1/erc20:0xcb1592591996765Ec0eFc1f92599A19767ee5ffA', 'BIO', 'bio-protocol', '', NULL, 1715961803, NULL);
*
INSERT INTO assets(identifier, name, type) VALUES('eip155:1/erc20:0x4DC26fC5854e7648a064a4ABD590bBE71724C277', 'Animecoin', 'C'); INSERT INTO evm_tokens(identifier, token_kind, chain, address, decimals, protocol) VALUES('eip155:1/erc20:0x4DC26fC5854e7648a064a4ABD590bBE71724C277', 'A', 1, '0x4DC26fC5854e7648a064a4ABD590bBE71724C277', 18, NULL); INSERT INTO common_asset_details(identifier, symbol, coingecko, cryptocompare, forked, started, swapped_for) VALUES('eip155:1/erc20:0x4DC26fC5854e7648a064a4ABD590bBE71724C277', 'ANIME', 'anime', '', NULL, 1736790131, NULL);
*
INSERT INTO assets(identifier, name, type) VALUES('eip155:42161/erc20:0x37a645648dF29205C6261289983FB04ECD70b4B3', 'Animecoin', 'C'); INSERT INTO evm_tokens(identifier, token_kind, chain, address, decimals, protocol) VALUES('eip155:42161/erc20:0x37a645648dF29205C6261289983FB04ECD70b4B3', 'A', 42161, '0x37a645648dF29205C6261289983FB04ECD70b4B3', 18, NULL); INSERT INTO common_asset_details(identifier, symbol, coingecko, cryptocompare, forked, started, swapped_for) VALUES('eip155:42161/erc20:0x37a645648dF29205C6261289983FB04ECD70b4B3', 'ANIME', 'anime', '', NULL, 1736790328, NULL);
*
INSERT INTO assets(identifier, name, type) VALUES('eip155:56/erc20:0xC71B5F631354BE6853eFe9C3Ab6b9590F8302e81', 'Polyhedra Network', 'C'); INSERT INTO evm_tokens(identifier, token_kind, chain, address, decimals, protocol) VALUES('eip155:56/erc20:0xC71B5F631354BE6853eFe9C3Ab6b9590F8302e81', 'A', 56, '0xC71B5F631354BE6853eFe9C3Ab6b9590F8302e81', 18, NULL); INSERT INTO common_asset_details(identifier, symbol, coingecko, cryptocompare, forked, started, swapped_for) VALUES('eip155:56/erc20:0xC71B5F631354BE6853eFe9C3Ab6b9590F8302e81', 'ZK', 'polyhedra-network', 'ZKJ', NULL, 1710065039, NULL);
*
INSERT INTO assets(identifier, name, type) VALUES('MAJOR', 'MAJOR', 'W'); INSERT INTO common_asset_details(identifier, symbol, coingecko, cryptocompare, forked, started, swapped_for) VALUES('MAJOR', 'MAJOR', 'major', '', NULL, NULL, NULL);
*
INSERT INTO assets(identifier, name, type) VALUES('X', 'X Empire', 'W'); INSERT INTO common_asset_details(identifier, symbol, coingecko, cryptocompare, forked, started, swapped_for) VALUES('X', 'X', 'x-empire', '', NULL, NULL, NULL);
*
INSERT INTO assets(identifier, name, type) VALUES('J', 'Jambo', 'Y'); INSERT INTO common_asset_details(identifier, symbol, coingecko, cryptocompare, forked, started, swapped_for) VALUES('J', 'J', 'jambo', '', NULL, NULL, NULL);
*
INSERT INTO assets(identifier, name, type) VALUES('RSIC', 'RSIC•GENESIS•RUNE', 'W'); INSERT INTO common_asset_details(identifier, symbol, coingecko, cryptocompare, forked, started, swapped_for) VALUES('RSIC', 'RSIC', 'runecoin', '', NULL, NULL, NULL);
*
INSERT INTO assets(identifier, name, type) VALUES('eip155:1/erc20:0xC71B5F631354BE6853eFe9C3Ab6b9590F8302e81', 'Polyhedra Network', 'C'); INSERT INTO evm_tokens(identifier, token_kind, chain, address, decimals, protocol) VALUES('eip155:1/erc20:0xC71B5F631354BE6853eFe9C3Ab6b9590F8302e81', 'A', 1, '0xC71B5F631354BE6853eFe9C3Ab6b9590F8302e81', 18, NULL); INSERT INTO common_asset_details(identifier, symbol, coingecko, cryptocompare, forked, started, swapped_for) VALUES('eip155:1/erc20:0xC71B5F631354BE6853eFe9C3Ab6b9590F8302e81', 'ZK', 'polyhedra-network', '', NULL, 1710064979, NULL);
*
INSERT INTO assets(identifier, name, type) VALUES('eip155:8453/erc20:0xEab49138BA2Ea6dd776220fE26b7b8E446638956', 'Send', 'C'); INSERT INTO evm_tokens(identifier, token_kind, chain, address, decimals, protocol) VALUES('eip155:8453/erc20:0xEab49138BA2Ea6dd776220fE26b7b8E446638956', 'A', 8453, '0xEab49138BA2Ea6dd776220fE26b7b8E446638956', 18, NULL); INSERT INTO common_asset_details(identifier, symbol, coingecko, cryptocompare, forked, started, swapped_for) VALUES('eip155:8453/erc20:0xEab49138BA2Ea6dd776220fE26b7b8E446638956', 'SEND', 'send-token-2', '', NULL, 1736890141, NULL);
*
INSERT INTO assets(identifier, name, type) VALUES('MEMEFI', 'MemeFi', 'W'); INSERT INTO common_asset_details(identifier, symbol, coingecko, cryptocompare, forked, started, swapped_for) VALUES('MEMEFI', 'MEMEFI', 'memefi-2', '', NULL, NULL, NULL);
*
UPDATE common_asset_details SET coingecko = 'polyhedra-network' WHERE identifier = 'eip155:1/erc20:0xC71B5F631354BE6853eFe9C3Ab6b9590F8302e81';
INSERT INTO assets(identifier, name, type) VALUES('eip155:1/erc20:0xC71B5F631354BE6853eFe9C3Ab6b9590F8302e81', 'Polyhedra Network', 'C'); INSERT INTO evm_tokens(identifier, token_kind, chain, address, decimals, protocol) VALUES('eip155:1/erc20:0xC71B5F631354BE6853eFe9C3Ab6b9590F8302e81', 'A', 1, '0xC71B5F631354BE6853eFe9C3Ab6b9590F8302e81', 18, NULL); INSERT INTO common_asset_details(identifier, symbol, coingecko, cryptocompare, forked, started, swapped_for) VALUES('eip155:1/erc20:0xC71B5F631354BE6853eFe9C3Ab6b9590F8302e81', 'ZK', 'polyhedra-network', 'ZKJ', NULL, 1710064979, NULL);
INSERT INTO assets(identifier, name, type) VALUES('eip155:1/erc20:0x7138Eb0d563f3F6722500936A11DcAe99D738A2c', 'LIF3', 'C'); INSERT INTO evm_tokens(identifier, token_kind, chain, address, decimals, protocol) VALUES('eip155:1/erc20:0x7138Eb0d563f3F6722500936A11DcAe99D738A2c', 'A', 1, '0x7138Eb0d563f3F6722500936A11DcAe99D738A2c', 18, NULL); INSERT INTO common_asset_details(identifier, symbol, coingecko, cryptocompare, forked, started, swapped_for) VALUES('eip155:1/erc20:0x7138Eb0d563f3F6722500936A11DcAe99D738A2c', 'LIF3', 'lif3-2', 'LIF3', NULL, 1690214351, NULL);
*
INSERT INTO assets(identifier, name, type) VALUES('eip155:56/erc20:0x336f374198c872Ba760e85af9c6331C3c5A535d3', 'LIF3', 'C'); INSERT INTO evm_tokens(identifier, token_kind, chain, address, decimals, protocol) VALUES('eip155:56/erc20:0x336f374198c872Ba760e85af9c6331C3c5A535d3', 'A', 56, '0x336f374198c872Ba760e85af9c6331C3c5A535d3', 18, NULL); INSERT INTO common_asset_details(identifier, symbol, coingecko, cryptocompare, forked, started, swapped_for) VALUES('eip155:56/erc20:0x336f374198c872Ba760e85af9c6331C3c5A535d3', 'LIF3', 'lif3-2', 'LIF3', NULL, 1690324108, NULL);
*
INSERT INTO assets(identifier, name, type) VALUES('eip155:137/erc20:0x110B25D2B21eE73eB401F3aE7833f7072912A0Bf', 'LIF3', 'C'); INSERT INTO evm_tokens(identifier, token_kind, chain, address, decimals, protocol) VALUES('eip155:137/erc20:0x110B25D2B21eE73eB401F3aE7833f7072912A0Bf', 'A', 137, '0x110B25D2B21eE73eB401F3aE7833f7072912A0Bf', 18, NULL); INSERT INTO common_asset_details(identifier, symbol, coingecko, cryptocompare, forked, started, swapped_for) VALUES('eip155:137/erc20:0x110B25D2B21eE73eB401F3aE7833f7072912A0Bf', 'LIF3', 'lif3-2', 'LIF3', NULL, 1690324343, NULL);
*
INSERT INTO assets(identifier, name, type) VALUES('eip155:1/erc20:0x7B43E3875440B44613DC3bC08E7763e6Da63C8f8', 'StablR USD', 'C'); INSERT INTO evm_tokens(identifier, token_kind, chain, address, decimals, protocol) VALUES('eip155:1/erc20:0x7B43E3875440B44613DC3bC08E7763e6Da63C8f8', 'A', 1, '0x7B43E3875440B44613DC3bC08E7763e6Da63C8f8', 6, NULL); INSERT INTO common_asset_details(identifier, symbol, coingecko, cryptocompare, forked, started, swapped_for) VALUES('eip155:1/erc20:0x7B43E3875440B44613DC3bC08E7763e6Da63C8f8', 'USDR', 'stablr-usd', '', NULL, 1733473115, NULL);
*
INSERT INTO assets(identifier, name, type) VALUES('eip155:1/erc20:0x643C4E15d7d62Ad0aBeC4a9BD4b001aA3Ef52d66', 'Syrup Token', 'C'); INSERT INTO evm_tokens(identifier, token_kind, chain, address, decimals, protocol) VALUES('eip155:1/erc20:0x643C4E15d7d62Ad0aBeC4a9BD4b001aA3Ef52d66', 'A', 1, '0x643C4E15d7d62Ad0aBeC4a9BD4b001aA3Ef52d66', 18, NULL); INSERT INTO common_asset_details(identifier, symbol, coingecko, cryptocompare, forked, started, swapped_for) VALUES('eip155:1/erc20:0x643C4E15d7d62Ad0aBeC4a9BD4b001aA3Ef52d66', 'SYRUP', 'syrup', '', NULL, 1726154399, NULL);
*
INSERT INTO assets(identifier, name, type) VALUES('eip155:8453/erc20:0xacfE6019Ed1A7Dc6f7B508C02d1b04ec88cC21bf', 'Venice Token', 'C'); INSERT INTO evm_tokens(identifier, token_kind, chain, address, decimals, protocol) VALUES('eip155:8453/erc20:0xacfE6019Ed1A7Dc6f7B508C02d1b04ec88cC21bf', 'A', 8453, '0xacfE6019Ed1A7Dc6f7B508C02d1b04ec88cC21bf', 18, NULL); INSERT INTO common_asset_details(identifier, symbol, coingecko, cryptocompare, forked, started, swapped_for) VALUES('eip155:8453/erc20:0xacfE6019Ed1A7Dc6f7B508C02d1b04ec88cC21bf', 'VVV', 'venice-ai', 'VVV', NULL, 1737649711, NULL);
*
INSERT INTO assets(identifier, name, type) VALUES('eip155:1/erc20:0x8292Bb45bf1Ee4d140127049757C2E0fF06317eD', 'RLUSD', 'C'); INSERT INTO evm_tokens(identifier, token_kind, chain, address, decimals, protocol) VALUES('eip155:1/erc20:0x8292Bb45bf1Ee4d140127049757C2E0fF06317eD', 'A', 1, '0x8292Bb45bf1Ee4d140127049757C2E0fF06317eD', 18, NULL); INSERT INTO common_asset_details(identifier, symbol, coingecko, cryptocompare, forked, started, swapped_for) VALUES('eip155:1/erc20:0x8292Bb45bf1Ee4d140127049757C2E0fF06317eD', 'RLUSD', 'ripple-usd', 'RLUSD', NULL, 1723218419, NULL);
*
INSERT INTO assets(identifier, name, type) VALUES('eip155:42161/erc20:0x3b58a4C865B568a2F6a957C264F6b50CbA35D8CE', 'SuperWalk', 'C'); INSERT INTO evm_tokens(identifier, token_kind, chain, address, decimals, protocol) VALUES('eip155:42161/erc20:0x3b58a4C865B568a2F6a957C264F6b50CbA35D8CE', 'A', 42161, '0x3b58a4C865B568a2F6a957C264F6b50CbA35D8CE', 18, NULL); INSERT INTO common_asset_details(identifier, symbol, coingecko, cryptocompare, forked, started, swapped_for) VALUES('eip155:42161/erc20:0x3b58a4C865B568a2F6a957C264F6b50CbA35D8CE', 'GRND', 'superwalk', 'GRND', NULL, 1715138526, NULL);
*
INSERT INTO assets(identifier, name, type) VALUES('eip155:1/erc20:0x4C1746A800D224393fE2470C70A35717eD4eA5F1', 'Plume', 'C'); INSERT INTO evm_tokens(identifier, token_kind, chain, address, decimals, protocol) VALUES('eip155:1/erc20:0x4C1746A800D224393fE2470C70A35717eD4eA5F1', 'A', 1, '0x4C1746A800D224393fE2470C70A35717eD4eA5F1', 18, NULL); INSERT INTO common_asset_details(identifier, symbol, coingecko, cryptocompare, forked, started, swapped_for) VALUES('eip155:1/erc20:0x4C1746A800D224393fE2470C70A35717eD4eA5F1', 'PLUME', 'plume', 'PLUME', NULL, 1723045703, NULL);
*
INSERT INTO assets(identifier, name, type) VALUES('BUZZ', 'Hive AI', 'Y'); INSERT INTO common_asset_details(identifier, symbol, coingecko, cryptocompare, forked, started, swapped_for) VALUES('BUZZ', 'BUZZ', 'hive-ai', '', NULL, 1735870197, NULL);
*
INSERT INTO assets(identifier, name, type) VALUES('PIPPIN', 'pippin', 'Y'); INSERT INTO common_asset_details(identifier, symbol, coingecko, cryptocompare, forked, started, swapped_for) VALUES('PIPPIN', 'PIPPIN', 'pippin', 'PIPPIN', NULL, 1731183349, NULL);
*
INSERT INTO assets(identifier, name, type) VALUES('eip155:1/erc20:0xE7C6BF469e97eEB0bFB74C8dbFF5BD47D4C1C98a', 'HashKey Platform Token', 'C'); INSERT INTO evm_tokens(identifier, token_kind, chain, address, decimals, protocol) VALUES('eip155:1/erc20:0xE7C6BF469e97eEB0bFB74C8dbFF5BD47D4C1C98a', 'A', 1, '0xE7C6BF469e97eEB0bFB74C8dbFF5BD47D4C1C98a', 18, NULL); INSERT INTO common_asset_details(identifier, symbol, coingecko, cryptocompare, forked, started, swapped_for) VALUES('eip155:1/erc20:0xE7C6BF469e97eEB0bFB74C8dbFF5BD47D4C1C98a', 'HSK', 'hashkey-ecopoints', 'HSK', NULL, 1719663791, NULL);
*
INSERT INTO assets(identifier, name, type) VALUES('eip155:1/erc20:0x6e15A54B5EcAc17e58daDedDbe8506a7560252F9', 'SynFutures', 'C'); INSERT INTO evm_tokens(identifier, token_kind, chain, address, decimals, protocol) VALUES('eip155:1/erc20:0x6e15A54B5EcAc17e58daDedDbe8506a7560252F9', 'A', 1, '0x6e15A54B5EcAc17e58daDedDbe8506a7560252F9', 18, NULL); INSERT INTO common_asset_details(identifier, symbol, coingecko, cryptocompare, forked, started, swapped_for) VALUES('eip155:1/erc20:0x6e15A54B5EcAc17e58daDedDbe8506a7560252F9', 'F', 'synfutures', 'F', NULL, 1731392159, NULL);
*
INSERT INTO assets(identifier, name, type) VALUES('eip155:8453/erc20:0x2C24497D4086490e7EaD87CC12597fb50c2E6eD6', 'SynFutures', 'C'); INSERT INTO evm_tokens(identifier, token_kind, chain, address, decimals, protocol) VALUES('eip155:8453/erc20:0x2C24497D4086490e7EaD87CC12597fb50c2E6eD6', 'A', 8453, '0x2C24497D4086490e7EaD87CC12597fb50c2E6eD6', 18, NULL); INSERT INTO common_asset_details(identifier, symbol, coingecko, cryptocompare, forked, started, swapped_for) VALUES('eip155:8453/erc20:0x2C24497D4086490e7EaD87CC12597fb50c2E6eD6', 'F', 'synfutures', 'F', NULL, 1732694301, NULL);
*
INSERT INTO assets(identifier, name, type) VALUES('eip155:1/erc20:0xD722424cF94b583752dfc80C08e2531AB3b762dc', 'SphereX', 'C'); INSERT INTO evm_tokens(identifier, token_kind, chain, address, decimals, protocol) VALUES('eip155:1/erc20:0xD722424cF94b583752dfc80C08e2531AB3b762dc', 'A', 1, '0xD722424cF94b583752dfc80C08e2531AB3b762dc', 18, NULL); INSERT INTO common_asset_details(identifier, symbol, coingecko, cryptocompare, forked, started, swapped_for) VALUES('eip155:1/erc20:0xD722424cF94b583752dfc80C08e2531AB3b762dc', 'HERE', 'spherex-token', '', NULL, 1721289095, NULL);
*
INSERT INTO assets(identifier, name, type) VALUES('eip155:8453/erc20:0xd173C2C9386AEE88b1Ca06522C951be67cbf38CC', 'KONTOS', 'C'); INSERT INTO evm_tokens(identifier, token_kind, chain, address, decimals, protocol) VALUES('eip155:8453/erc20:0xd173C2C9386AEE88b1Ca06522C951be67cbf38CC', 'A', 8453, '0xd173C2C9386AEE88b1Ca06522C951be67cbf38CC', 18, NULL); INSERT INTO common_asset_details(identifier, symbol, coingecko, cryptocompare, forked, started, swapped_for) VALUES('eip155:8453/erc20:0xd173C2C9386AEE88b1Ca06522C951be67cbf38CC', 'KOS', 'kontos', '', NULL, 1733718089, NULL);
*
INSERT INTO assets(identifier, name, type) VALUES('ZEREBRO', 'Zerebro', 'Y'); INSERT INTO common_asset_details(identifier, symbol, coingecko, cryptocompare, forked, started, swapped_for) VALUES('ZEREBRO', 'ZEREBRO', 'zerebro', 'ZEREBRO', NULL, 1729835711, NULL);
*
INSERT INTO assets(identifier, name, type) VALUES('eip155:8453/erc20:0xB1a03EdA10342529bBF8EB700a06C60441fEf25d', 'Mister Miggles', 'C'); INSERT INTO evm_tokens(identifier, token_kind, chain, address, decimals, protocol) VALUES('eip155:8453/erc20:0xB1a03EdA10342529bBF8EB700a06C60441fEf25d', 'A', 8453, '0xB1a03EdA10342529bBF8EB700a06C60441fEf25d', 18, NULL); INSERT INTO common_asset_details(identifier, symbol, coingecko, cryptocompare, forked, started, swapped_for) VALUES('eip155:8453/erc20:0xB1a03EdA10342529bBF8EB700a06C60441fEf25d', 'MIGGLES', 'mister-miggles', 'MIGGLES', NULL, 1721147639, NULL);
*
INSERT INTO assets(identifier, name, type) VALUES('MUMU', 'MUMU THE BULL', 'Y'); INSERT INTO common_asset_details(identifier, symbol, coingecko, cryptocompare, forked, started, swapped_for) VALUES('MUMU', 'MUMU', 'mumu-the-bull-3', 'MUMU', NULL, 1710113179, NULL);
*
INSERT INTO assets(identifier, name, type) VALUES('eip155:56/erc20:0x76A797A59Ba2C17726896976B7B3747BfD1d220f', 'Wrapped TON Coin', 'C'); INSERT INTO evm_tokens(identifier, token_kind, chain, address, decimals, protocol) VALUES('eip155:56/erc20:0x76A797A59Ba2C17726896976B7B3747BfD1d220f', 'A', 56, '0x76A797A59Ba2C17726896976B7B3747BfD1d220f', 9, NULL); INSERT INTO common_asset_details(identifier, symbol, coingecko, cryptocompare, forked, started, swapped_for) VALUES('eip155:56/erc20:0x76A797A59Ba2C17726896976B7B3747BfD1d220f', 'TONCOIN', 'the-open-network', 'TON', NULL, 1633015603, NULL);
*
INSERT INTO assets(identifier, name, type) VALUES('FWOG', 'Fwog', 'Y'); INSERT INTO common_asset_details(identifier, symbol, coingecko, cryptocompare, forked, started, swapped_for) VALUES('FWOG', 'FWOG', 'fwog', 'FWOG', NULL, 1722302534, NULL);
*
INSERT INTO assets(identifier, name, type) VALUES('MCG', 'MetalCore', 'Y'); INSERT INTO common_asset_details(identifier, symbol, coingecko, cryptocompare, forked, started, swapped_for) VALUES('MCG', 'MCG', 'metalcore', 'MCG', NULL, 1732754375, NULL);
*
INSERT INTO assets(identifier, name, type) VALUES('eip155:1/erc20:0x1495bc9e44Af1F8BCB62278D2bEC4540cF0C05ea', 'Zero1 Token', 'C'); INSERT INTO evm_tokens(identifier, token_kind, chain, address, decimals, protocol) VALUES('eip155:1/erc20:0x1495bc9e44Af1F8BCB62278D2bEC4540cF0C05ea', 'A', 1, '0x1495bc9e44Af1F8BCB62278D2bEC4540cF0C05ea', 18, NULL); INSERT INTO common_asset_details(identifier, symbol, coingecko, cryptocompare, forked, started, swapped_for) VALUES('eip155:1/erc20:0x1495bc9e44Af1F8BCB62278D2bEC4540cF0C05ea', 'DEAI', 'zero1-labs', 'DEAI', NULL, 1710409439, NULL);
*
INSERT INTO assets(identifier, name, type) VALUES('eip155:1/erc20:0x31b6100F5F4466e6dAeb1edb2f2cE6e548cF8938', 'Puff', 'C'); INSERT INTO evm_tokens(identifier, token_kind, chain, address, decimals, protocol) VALUES('eip155:1/erc20:0x31b6100F5F4466e6dAeb1edb2f2cE6e548cF8938', 'A', 1, '0x31b6100F5F4466e6dAeb1edb2f2cE6e548cF8938', 18, NULL); INSERT INTO common_asset_details(identifier, symbol, coingecko, cryptocompare, forked, started, swapped_for) VALUES('eip155:1/erc20:0x31b6100F5F4466e6dAeb1edb2f2cE6e548cF8938', 'Puff', 'puff-the-dragon', 'PUFF', NULL, 1724329067, NULL);
*
INSERT INTO assets(identifier, name, type) VALUES('eip155:1/erc20:0x23f3D4625AEF6f0b84d50dB1d53516e6015c0c9B', 'Thetanuts Finance Governance Token', 'C'); INSERT INTO evm_tokens(identifier, token_kind, chain, address, decimals, protocol) VALUES('eip155:1/erc20:0x23f3D4625AEF6f0b84d50dB1d53516e6015c0c9B', 'A', 1, '0x23f3D4625AEF6f0b84d50dB1d53516e6015c0c9B', 18, NULL); INSERT INTO common_asset_details(identifier, symbol, coingecko, cryptocompare, forked, started, swapped_for) VALUES('eip155:1/erc20:0x23f3D4625AEF6f0b84d50dB1d53516e6015c0c9B', 'NUTS', 'thetanuts-finance', 'NUTS', NULL, 1715092799, NULL);
*