INSERT INTO assets(identifier, name, type) VALUES ('eip155:1/erc20:0x5D409e56D886231aDAf00c8775665AD0f9897b56', 'Compound USDS', 'C'); INSERT INTO common_asset_details (identifier, symbol, coingecko, cryptocompare, forked, started, swapped_for) VALUES ('eip155:1/erc20:0x5D409e56D886231aDAf00c8775665AD0f9897b56', 'cUSDSv3', NULL, NULL, NULL, 1729195427, NULL); INSERT INTO evm_tokens (identifier, token_kind, chain, address, decimals, protocol) VALUES ('eip155:1/erc20:0x5D409e56D886231aDAf00c8775665AD0f9897b56', 'A', 1, '0x5D409e56D886231aDAf00c8775665AD0f9897b56', 18, 'compound-v3'); INSERT INTO underlying_tokens_list(identifier, weight, parent_token_entry) VALUES('eip155:1/erc20:0xdC035D45d973E3EC169d2276DDab16f1e407384F', '1.0', 'eip155:1/erc20:0x5D409e56D886231aDAf00c8775665AD0f9897b56');
*
INSERT INTO assets(identifier, name, type) VALUES ('eip155:8453/erc20:0x784efeB622244d2348d4F2522f8860B96fbEcE89', 'Compound AERO', 'C');INSERT INTO common_asset_details (identifier, symbol, coingecko, cryptocompare, forked, started, swapped_for) VALUES ('eip155:8453/erc20:0x784efeB622244d2348d4F2522f8860B96fbEcE89', 'cAEROv3', NULL, NULL, NULL, 1728494157, NULL);INSERT INTO evm_tokens (identifier, token_kind, chain, address, decimals, protocol) VALUES ('eip155:8453/erc20:0x784efeB622244d2348d4F2522f8860B96fbEcE89', 'A', 8453, '0x784efeB622244d2348d4F2522f8860B96fbEcE89', 18, 'compound-v3');INSERT INTO underlying_tokens_list(identifier, weight, parent_token_entry) VALUES('eip155:8453/erc20:0x940181a94A35A4569E4529A3CDfB74e38FD98631', '1.0', 'eip155:8453/erc20:0x784efeB622244d2348d4F2522f8860B96fbEcE89');
*
INSERT INTO assets(identifier, name, type) VALUES ('eip155:10/erc20:0x995E394b8B2437aC8Ce61Ee0bC610D617962B214', 'Compound USDT', 'C');INSERT INTO common_asset_details (identifier, symbol, coingecko, cryptocompare, forked, started, swapped_for) VALUES ('eip155:10/erc20:0x995E394b8B2437aC8Ce61Ee0bC610D617962B214', 'cUSDTv3', NULL, NULL, NULL, 1716189905, NULL);INSERT INTO evm_tokens (identifier, token_kind, chain, address, decimals, protocol) VALUES ('eip155:10/erc20:0x995E394b8B2437aC8Ce61Ee0bC610D617962B214', 'A', 10, '0x995E394b8B2437aC8Ce61Ee0bC610D617962B214', 6, 'compound-v3');INSERT INTO underlying_tokens_list(identifier, weight, parent_token_entry) VALUES('eip155:10/erc20:0x94b008aA00579c1307B0EF2c499aD98a8ce58e58', '1.0', 'eip155:10/erc20:0x995E394b8B2437aC8Ce61Ee0bC610D617962B214');
*
INSERT INTO assets(identifier, name, type) VALUES ('eip155:10/erc20:0xE36A30D249f7761327fd973001A32010b521b6Fd', 'Compound WETH', 'C');INSERT INTO common_asset_details (identifier, symbol, coingecko, cryptocompare, forked, started, swapped_for) VALUES ('eip155:10/erc20:0xE36A30D249f7761327fd973001A32010b521b6Fd', 'cWETHv3', NULL, NULL, NULL, 1721059241, NULL);INSERT INTO evm_tokens (identifier, token_kind, chain, address, decimals, protocol) VALUES ('eip155:10/erc20:0xE36A30D249f7761327fd973001A32010b521b6Fd', 'A', 10, '0xE36A30D249f7761327fd973001A32010b521b6Fd', 18, 'compound-v3');
*
INSERT INTO assets(identifier, name, type) VALUES('eip155:1/erc20:0xb01dd87B29d187F3E3a4Bf6cdAebfb97F3D9aB98', 'Bold Stablecoin', 'C'); INSERT INTO evm_tokens(identifier, token_kind, chain, address, decimals, protocol) VALUES('eip155:1/erc20:0xb01dd87B29d187F3E3a4Bf6cdAebfb97F3D9aB98', 'A', 1, '0xb01dd87B29d187F3E3a4Bf6cdAebfb97F3D9aB98', 18, NULL); INSERT INTO common_asset_details(identifier, symbol, coingecko, cryptocompare, forked, started, swapped_for) VALUES('eip155:1/erc20:0xb01dd87B29d187F3E3a4Bf6cdAebfb97F3D9aB98', 'Bold', 'liquity-bold', '', NULL, 1737067415, NULL);
*
INSERT INTO assets(identifier, name, type) VALUES('eip155:10/erc20:0x087C440F251Ff6Cfe62B86DdE1bE558B95b4bb9b', 'Bold Stablecoin', 'C'); INSERT INTO evm_tokens(identifier, token_kind, chain, address, decimals, protocol) VALUES('eip155:10/erc20:0x087C440F251Ff6Cfe62B86DdE1bE558B95b4bb9b', 'A', 10, '0x087C440F251Ff6Cfe62B86DdE1bE558B95b4bb9b', 18, NULL); INSERT INTO common_asset_details(identifier, symbol, coingecko, cryptocompare, forked, started, swapped_for) VALUES('eip155:10/erc20:0x087C440F251Ff6Cfe62B86DdE1bE558B95b4bb9b', 'Bold', 'liquity-bold', '', NULL, 1737099205, NULL);
*
INSERT INTO assets(identifier, name, type) VALUES('eip155:534352/erc20:0x087C440F251Ff6Cfe62B86DdE1bE558B95b4bb9b', 'Bold Stablecoin', 'C'); INSERT INTO evm_tokens(identifier, token_kind, chain, address, decimals, protocol) VALUES('eip155:534352/erc20:0x087C440F251Ff6Cfe62B86DdE1bE558B95b4bb9b', 'A', 534352, '0x087C440F251Ff6Cfe62B86DdE1bE558B95b4bb9b', 18, NULL); INSERT INTO common_asset_details(identifier, symbol, coingecko, cryptocompare, forked, started, swapped_for) VALUES('eip155:534352/erc20:0x087C440F251Ff6Cfe62B86DdE1bE558B95b4bb9b', 'Bold', 'liquity-bold', '', NULL, 1737098757, NULL);
*
INSERT INTO assets(identifier, name, type) VALUES('eip155:42161/erc20:0x087C440F251Ff6Cfe62B86DdE1bE558B95b4bb9b', 'Bold Stablecoin', 'C'); INSERT INTO evm_tokens(identifier, token_kind, chain, address, decimals, protocol) VALUES('eip155:42161/erc20:0x087C440F251Ff6Cfe62B86DdE1bE558B95b4bb9b', 'A', 42161, '0x087C440F251Ff6Cfe62B86DdE1bE558B95b4bb9b', 18, NULL); INSERT INTO common_asset_details(identifier, symbol, coingecko, cryptocompare, forked, started, swapped_for) VALUES('eip155:42161/erc20:0x087C440F251Ff6Cfe62B86DdE1bE558B95b4bb9b', 'Bold', 'liquity-bold', '', NULL, 1737098486, NULL);
*
INSERT INTO assets(identifier, name, type) VALUES('eip155:43114/erc20:0x087C440F251Ff6Cfe62B86DdE1bE558B95b4bb9b', 'Bold Stablecoin', 'C'); INSERT INTO evm_tokens(identifier, token_kind, chain, address, decimals, protocol) VALUES('eip155:43114/erc20:0x087C440F251Ff6Cfe62B86DdE1bE558B95b4bb9b', 'A', 43114, '0x087C440F251Ff6Cfe62B86DdE1bE558B95b4bb9b', 18, NULL); INSERT INTO common_asset_details(identifier, symbol, coingecko, cryptocompare, forked, started, swapped_for) VALUES('eip155:43114/erc20:0x087C440F251Ff6Cfe62B86DdE1bE558B95b4bb9b', 'Bold', 'liquity-bold', '', NULL, 1737099530, NULL);
*
INSERT INTO assets(identifier, name, type) VALUES('eip155:8453/erc20:0x087C440F251Ff6Cfe62B86DdE1bE558B95b4bb9b', 'Bold Stablecoin', 'C'); INSERT INTO evm_tokens(identifier, token_kind, chain, address, decimals, protocol) VALUES('eip155:8453/erc20:0x087C440F251Ff6Cfe62B86DdE1bE558B95b4bb9b', 'A', 8453, '0x087C440F251Ff6Cfe62B86DdE1bE558B95b4bb9b', 18, NULL); INSERT INTO common_asset_details(identifier, symbol, coingecko, cryptocompare, forked, started, swapped_for) VALUES('eip155:8453/erc20:0x087C440F251Ff6Cfe62B86DdE1bE558B95b4bb9b', 'Bold', 'liquity-bold', '', NULL, 1737096609, NULL);
*
INSERT INTO underlying_tokens_list(identifier, weight, parent_token_entry) VALUES('eip155:8453/erc20:0x4200000000000000000000000000000000000006', '1', 'eip155:8453/erc20:0xDBFeFD2e8460a6Ee4955A68582F85708BAEA60A3');
INSERT INTO assets(identifier, name, type) VALUES('eip155:8453/erc20:0xDBFeFD2e8460a6Ee4955A68582F85708BAEA60A3', 'Super OETH', 'C'); INSERT INTO evm_tokens(identifier, token_kind, chain, address, decimals, protocol) VALUES('eip155:8453/erc20:0xDBFeFD2e8460a6Ee4955A68582F85708BAEA60A3', 'A', 8453, '0xDBFeFD2e8460a6Ee4955A68582F85708BAEA60A3', 18, NULL); INSERT INTO common_asset_details(identifier, symbol, coingecko, cryptocompare, forked, started, swapped_for) VALUES('eip155:8453/erc20:0xDBFeFD2e8460a6Ee4955A68582F85708BAEA60A3', 'superOETHb', 'super-oeth', 'SUPEROETHB', NULL, 1722428751, NULL); INSERT INTO underlying_tokens_list(identifier, weight, parent_token_entry) VALUES('eip155:8453/erc20:0x4200000000000000000000000000000000000006', '1', 'eip155:8453/erc20:0xDBFeFD2e8460a6Ee4955A68582F85708BAEA60A3');
INSERT INTO underlying_tokens_list(identifier, weight, parent_token_entry) VALUES('eip155:1/erc20:0xec53bF9167f50cDEB3Ae105f56099aaaB9061F83', '1', 'eip155:1/erc20:0x83E9115d334D248Ce39a6f36144aEaB5b3456e75');
INSERT INTO assets(identifier, name, type) VALUES('eip155:1/erc20:0x83E9115d334D248Ce39a6f36144aEaB5b3456e75', 'Backing Eigen', 'C'); INSERT INTO evm_tokens(identifier, token_kind, chain, address, decimals, protocol) VALUES('eip155:1/erc20:0x83E9115d334D248Ce39a6f36144aEaB5b3456e75', 'A', 1, '0x83E9115d334D248Ce39a6f36144aEaB5b3456e75', 18, NULL); INSERT INTO common_asset_details(identifier, symbol, coingecko, cryptocompare, forked, started, swapped_for) VALUES('eip155:1/erc20:0x83E9115d334D248Ce39a6f36144aEaB5b3456e75', 'bEIGEN', 'eigenlayer', 'EIGEN', NULL, 1710958955, NULL); INSERT INTO assets(identifier, name, type) VALUES('eip155:1/erc20:0xec53bF9167f50cDEB3Ae105f56099aaaB9061F83', 'Eigen', 'C'); INSERT INTO evm_tokens(identifier, token_kind, chain, address, decimals, protocol) VALUES('eip155:1/erc20:0xec53bF9167f50cDEB3Ae105f56099aaaB9061F83', 'A', 1, '0xec53bF9167f50cDEB3Ae105f56099aaaB9061F83', 18, NULL); INSERT INTO common_asset_details(identifier, symbol, coingecko, cryptocompare, forked, started, swapped_for) VALUES('eip155:1/erc20:0xec53bF9167f50cDEB3Ae105f56099aaaB9061F83', 'EIGEN', 'eigenlayer', 'EIGEN', NULL, 1697499563, NULL); INSERT INTO underlying_tokens_list(identifier, weight, parent_token_entry) VALUES('eip155:1/erc20:0xec53bF9167f50cDEB3Ae105f56099aaaB9061F83', '1', 'eip155:1/erc20:0x83E9115d334D248Ce39a6f36144aEaB5b3456e75');
INSERT INTO assets(identifier, name, type) VALUES('TRUMP', 'Official Trump', 'Y'); INSERT INTO common_asset_details(identifier, symbol, coingecko, cryptocompare, forked, started, swapped_for) VALUES('TRUMP', 'TRUMP', 'official-trump', 'TRUMP', NULL, 1737122507, NULL);
*
INSERT INTO assets(identifier, name, type) VALUES('MELANIA', 'Melania Meme', 'Y'); INSERT INTO common_asset_details(identifier, symbol, coingecko, cryptocompare, forked, started, swapped_for) VALUES('MELANIA', 'MELANIA', 'melania-meme', 'MELANIA', NULL, 1737316354, NULL);
*
INSERT INTO assets(identifier, name, type) VALUES('VINE', 'Vine', 'Y'); INSERT INTO common_asset_details(identifier, symbol, coingecko, cryptocompare, forked, started, swapped_for) VALUES('VINE', 'VINE', 'vine', 'MELANIA', NULL, 1737316354, NULL);
*
INSERT INTO assets(identifier, name, type) VALUES('GRIFFAIN', 'GRIFFAIN', 'Y'); INSERT INTO common_asset_details(identifier, symbol, coingecko, cryptocompare, forked, started, swapped_for) VALUES('GRIFFAIN', 'GRIFFAIN', 'griffain', 'GRIFFAIN', NULL, 1730590665, NULL);
*
INSERT INTO assets(identifier, name, type) VALUES('eip155:1/erc20:0xE0f63A424a4439cBE457D80E4f4b51aD25b2c56C', 'SPX6900', 'C'); INSERT INTO evm_tokens(identifier, token_kind, chain, address, decimals, protocol) VALUES('eip155:1/erc20:0xE0f63A424a4439cBE457D80E4f4b51aD25b2c56C', 'A', 1, '0xE0f63A424a4439cBE457D80E4f4b51aD25b2c56C', 8, NULL); INSERT INTO common_asset_details(identifier, symbol, coingecko, cryptocompare, forked, started, swapped_for) VALUES('eip155:1/erc20:0xE0f63A424a4439cBE457D80E4f4b51aD25b2c56C', 'SPX', 'spx6900', 'SPX', NULL, 1692153767, NULL);
*
INSERT INTO assets(identifier, name, type) VALUES('eip155:8453/erc20:0x50dA645f148798F68EF2d7dB7C1CB22A6819bb2C', 'SPX6900', 'C'); INSERT INTO evm_tokens(identifier, token_kind, chain, address, decimals, protocol) VALUES('eip155:8453/erc20:0x50dA645f148798F68EF2d7dB7C1CB22A6819bb2C', 'A', 8453, '0x50dA645f148798F68EF2d7dB7C1CB22A6819bb2C', 8, NULL); INSERT INTO common_asset_details(identifier, symbol, coingecko, cryptocompare, forked, started, swapped_for) VALUES('eip155:8453/erc20:0x50dA645f148798F68EF2d7dB7C1CB22A6819bb2C', 'SPX', 'spx6900', 'SPX', NULL, 1703965689, NULL);
*
INSERT INTO assets(identifier, name, type) VALUES('STRD', 'Stride', 'B'); INSERT INTO common_asset_details(identifier, symbol, coingecko, cryptocompare, forked, started, swapped_for) VALUES('STRD', 'STRD', 'stride', 'STRD', NULL, 1662318000, NULL);
*
INSERT INTO assets(identifier, name, type) VALUES('eip155:1/erc20:0x1F57da732A77636D913C9a75d685B26CC85DCC3A', 'OPENLOOT', 'C'); INSERT INTO evm_tokens(identifier, token_kind, chain, address, decimals, protocol) VALUES('eip155:1/erc20:0x1F57da732A77636D913C9a75d685B26CC85DCC3A', 'A', 1, '0x1F57da732A77636D913C9a75d685B26CC85DCC3A', 18, NULL); INSERT INTO common_asset_details(identifier, symbol, coingecko, cryptocompare, forked, started, swapped_for) VALUES('eip155:1/erc20:0x1F57da732A77636D913C9a75d685B26CC85DCC3A', 'OL', 'open-loot', '', NULL, 1731104471, NULL);
*
INSERT INTO assets(identifier, name, type) VALUES('eip155:8453/erc20:0x3792DBDD07e87413247DF995e692806aa13D3299', 'OMI Token', 'C'); INSERT INTO evm_tokens(identifier, token_kind, chain, address, decimals, protocol) VALUES('eip155:8453/erc20:0x3792DBDD07e87413247DF995e692806aa13D3299', 'A', 8453, '0x3792DBDD07e87413247DF995e692806aa13D3299', 18, NULL); INSERT INTO common_asset_details(identifier, symbol, coingecko, cryptocompare, forked, started, swapped_for) VALUES('eip155:8453/erc20:0x3792DBDD07e87413247DF995e692806aa13D3299', 'OMI', 'ecomi', 'OMI', NULL, 1713193877, NULL);
*
INSERT INTO assets(identifier, name, type) VALUES('NC', 'Nodecoin', 'Y'); INSERT INTO common_asset_details(identifier, symbol, coingecko, cryptocompare, forked, started, swapped_for) VALUES('NC', 'NC', 'nodecoin', '', NULL, NULL, NULL);
*
INSERT INTO assets(identifier, name, type) VALUES('GOAT', 'Goatseus Maximus', 'Y'); INSERT INTO common_asset_details(identifier, symbol, coingecko, cryptocompare, forked, started, swapped_for) VALUES('GOAT', 'GOAT', 'goatseus-maximus', '', NULL, NULL, NULL);
*
INSERT INTO assets(identifier, name, type) VALUES('DOGS', 'Dogs', 'W'); INSERT INTO common_asset_details(identifier, symbol, coingecko, cryptocompare, forked, started, swapped_for) VALUES('DOGS', 'DOGS', 'dogs-2', '', NULL, NULL, NULL);
*
INSERT INTO assets(identifier, name, type) VALUES('eip155:56/erc20:0x5f78F4BFCb2b43bC174FE16A69a13945CEfA2978', 'Xraders', 'C'); INSERT INTO evm_tokens(identifier, token_kind, chain, address, decimals, protocol) VALUES('eip155:56/erc20:0x5f78F4BFCb2b43bC174FE16A69a13945CEfA2978', 'A', 56, '0x5f78F4BFCb2b43bC174FE16A69a13945CEfA2978', 18, NULL); INSERT INTO common_asset_details(identifier, symbol, coingecko, cryptocompare, forked, started, swapped_for) VALUES('eip155:56/erc20:0x5f78F4BFCb2b43bC174FE16A69a13945CEfA2978', 'XR', 'xraders', '', NULL, 1711345518, NULL);
*
INSERT INTO assets(identifier, name, type) VALUES('KAIA', 'Kaia', 'B'); INSERT INTO common_asset_details(identifier, symbol, coingecko, cryptocompare, forked, started, swapped_for) VALUES('KAIA', 'KAIA', 'kaia', '', NULL, NULL, NULL);
*
INSERT INTO assets(identifier, name, type) VALUES('eip155:56/erc20:0x6894CDe390a3f51155ea41Ed24a33A4827d3063D', 'Simons Cat', 'C'); INSERT INTO evm_tokens(identifier, token_kind, chain, address, decimals, protocol) VALUES('eip155:56/erc20:0x6894CDe390a3f51155ea41Ed24a33A4827d3063D', 'A', 56, '0x6894CDe390a3f51155ea41Ed24a33A4827d3063D', 18, NULL); INSERT INTO common_asset_details(identifier, symbol, coingecko, cryptocompare, forked, started, swapped_for) VALUES('eip155:56/erc20:0x6894CDe390a3f51155ea41Ed24a33A4827d3063D', 'CAT', 'simon-s-cat', '', NULL, 1723848995, NULL);
*
INSERT INTO assets(identifier, name, type) VALUES('CATI', 'Catizin', 'W'); INSERT INTO common_asset_details(identifier, symbol, coingecko, cryptocompare, forked, started, swapped_for) VALUES('CATI', 'CATI', 'catizen', '', NULL, NULL, NULL);
*
INSERT INTO assets(identifier, name, type) VALUES('eip155:1/erc20:0xcb1592591996765Ec0eFc1f92599A19767ee5ffA', 'BIO', 'C'); INSERT INTO evm_tokens(identifier, token_kind, chain, address, decimals, protocol) VALUES('eip155:1/erc20:0xcb1592591996765Ec0eFc1f92599A19767ee5ffA', 'A', 1, '0xcb1592591996765Ec0eFc1f92599A19767ee5ffA', 18, NULL); INSERT INTO common_asset_details(identifier, symbol, coingecko, cryptocompare, forked, started, swapped_for) VALUES('eip155:1/erc20:0xcb1592591996765Ec0eFc1f92599A19767ee5ffA', 'BIO', 'bio-protocol', '', NULL, 1715961803, NULL);
*
INSERT INTO assets(identifier, name, type) VALUES('eip155:1/erc20:0x4DC26fC5854e7648a064a4ABD590bBE71724C277', 'Animecoin', 'C'); INSERT INTO evm_tokens(identifier, token_kind, chain, address, decimals, protocol) VALUES('eip155:1/erc20:0x4DC26fC5854e7648a064a4ABD590bBE71724C277', 'A', 1, '0x4DC26fC5854e7648a064a4ABD590bBE71724C277', 18, NULL); INSERT INTO common_asset_details(identifier, symbol, coingecko, cryptocompare, forked, started, swapped_for) VALUES('eip155:1/erc20:0x4DC26fC5854e7648a064a4ABD590bBE71724C277', 'ANIME', 'anime', '', NULL, 1736790131, NULL);
*
INSERT INTO assets(identifier, name, type) VALUES('eip155:42161/erc20:0x37a645648dF29205C6261289983FB04ECD70b4B3', 'Animecoin', 'C'); INSERT INTO evm_tokens(identifier, token_kind, chain, address, decimals, protocol) VALUES('eip155:42161/erc20:0x37a645648dF29205C6261289983FB04ECD70b4B3', 'A', 42161, '0x37a645648dF29205C6261289983FB04ECD70b4B3', 18, NULL); INSERT INTO common_asset_details(identifier, symbol, coingecko, cryptocompare, forked, started, swapped_for) VALUES('eip155:42161/erc20:0x37a645648dF29205C6261289983FB04ECD70b4B3', 'ANIME', 'anime', '', NULL, 1736790328, NULL);
*
INSERT INTO assets(identifier, name, type) VALUES('eip155:56/erc20:0xC71B5F631354BE6853eFe9C3Ab6b9590F8302e81', 'Polyhedra Network', 'C'); INSERT INTO evm_tokens(identifier, token_kind, chain, address, decimals, protocol) VALUES('eip155:56/erc20:0xC71B5F631354BE6853eFe9C3Ab6b9590F8302e81', 'A', 56, '0xC71B5F631354BE6853eFe9C3Ab6b9590F8302e81', 18, NULL); INSERT INTO common_asset_details(identifier, symbol, coingecko, cryptocompare, forked, started, swapped_for) VALUES('eip155:56/erc20:0xC71B5F631354BE6853eFe9C3Ab6b9590F8302e81', 'ZK', 'polyhedra-network', 'ZKJ', NULL, 1710065039, NULL);
*
INSERT INTO assets(identifier, name, type) VALUES('MAJOR', 'MAJOR', 'W'); INSERT INTO common_asset_details(identifier, symbol, coingecko, cryptocompare, forked, started, swapped_for) VALUES('MAJOR', 'MAJOR', 'major', '', NULL, NULL, NULL);
*
INSERT INTO assets(identifier, name, type) VALUES('X', 'X Empire', 'W'); INSERT INTO common_asset_details(identifier, symbol, coingecko, cryptocompare, forked, started, swapped_for) VALUES('X', 'X', 'x-empire', '', NULL, NULL, NULL);
*
INSERT INTO assets(identifier, name, type) VALUES('J', 'Jambo', 'Y'); INSERT INTO common_asset_details(identifier, symbol, coingecko, cryptocompare, forked, started, swapped_for) VALUES('J', 'J', 'jambo', '', NULL, NULL, NULL);
*
INSERT INTO assets(identifier, name, type) VALUES('RSIC', 'RSIC•GENESIS•RUNE', 'W'); INSERT INTO common_asset_details(identifier, symbol, coingecko, cryptocompare, forked, started, swapped_for) VALUES('RSIC', 'RSIC', 'runecoin', '', NULL, NULL, NULL);
*
INSERT INTO assets(identifier, name, type) VALUES('eip155:1/erc20:0xC71B5F631354BE6853eFe9C3Ab6b9590F8302e81', 'Polyhedra Network', 'C'); INSERT INTO evm_tokens(identifier, token_kind, chain, address, decimals, protocol) VALUES('eip155:1/erc20:0xC71B5F631354BE6853eFe9C3Ab6b9590F8302e81', 'A', 1, '0xC71B5F631354BE6853eFe9C3Ab6b9590F8302e81', 18, NULL); INSERT INTO common_asset_details(identifier, symbol, coingecko, cryptocompare, forked, started, swapped_for) VALUES('eip155:1/erc20:0xC71B5F631354BE6853eFe9C3Ab6b9590F8302e81', 'ZK', 'polyhedra-network', '', NULL, 1710064979, NULL);
*
INSERT INTO assets(identifier, name, type) VALUES('eip155:8453/erc20:0xEab49138BA2Ea6dd776220fE26b7b8E446638956', 'Send', 'C'); INSERT INTO evm_tokens(identifier, token_kind, chain, address, decimals, protocol) VALUES('eip155:8453/erc20:0xEab49138BA2Ea6dd776220fE26b7b8E446638956', 'A', 8453, '0xEab49138BA2Ea6dd776220fE26b7b8E446638956', 18, NULL); INSERT INTO common_asset_details(identifier, symbol, coingecko, cryptocompare, forked, started, swapped_for) VALUES('eip155:8453/erc20:0xEab49138BA2Ea6dd776220fE26b7b8E446638956', 'SEND', 'send-token-2', '', NULL, 1736890141, NULL);
*
INSERT INTO assets(identifier, name, type) VALUES('MEMEFI', 'MemeFi', 'W'); INSERT INTO common_asset_details(identifier, symbol, coingecko, cryptocompare, forked, started, swapped_for) VALUES('MEMEFI', 'MEMEFI', 'memefi-2', '', NULL, NULL, NULL);
*
UPDATE common_asset_details SET coingecko = 'polyhedra-network' WHERE identifier = 'eip155:1/erc20:0xC71B5F631354BE6853eFe9C3Ab6b9590F8302e81';
INSERT INTO assets(identifier, name, type) VALUES('eip155:1/erc20:0xC71B5F631354BE6853eFe9C3Ab6b9590F8302e81', 'Polyhedra Network', 'C'); INSERT INTO evm_tokens(identifier, token_kind, chain, address, decimals, protocol) VALUES('eip155:1/erc20:0xC71B5F631354BE6853eFe9C3Ab6b9590F8302e81', 'A', 1, '0xC71B5F631354BE6853eFe9C3Ab6b9590F8302e81', 18, NULL); INSERT INTO common_asset_details(identifier, symbol, coingecko, cryptocompare, forked, started, swapped_for) VALUES('eip155:1/erc20:0xC71B5F631354BE6853eFe9C3Ab6b9590F8302e81', 'ZK', 'polyhedra-network', 'ZKJ', NULL, 1710064979, NULL);
INSERT INTO assets(identifier, name, type) VALUES('eip155:1/erc20:0x7138Eb0d563f3F6722500936A11DcAe99D738A2c', 'LIF3', 'C'); INSERT INTO evm_tokens(identifier, token_kind, chain, address, decimals, protocol) VALUES('eip155:1/erc20:0x7138Eb0d563f3F6722500936A11DcAe99D738A2c', 'A', 1, '0x7138Eb0d563f3F6722500936A11DcAe99D738A2c', 18, NULL); INSERT INTO common_asset_details(identifier, symbol, coingecko, cryptocompare, forked, started, swapped_for) VALUES('eip155:1/erc20:0x7138Eb0d563f3F6722500936A11DcAe99D738A2c', 'LIF3', 'lif3-2', 'LIF3', NULL, 1690214351, NULL);
*
INSERT INTO assets(identifier, name, type) VALUES('eip155:56/erc20:0x336f374198c872Ba760e85af9c6331C3c5A535d3', 'LIF3', 'C'); INSERT INTO evm_tokens(identifier, token_kind, chain, address, decimals, protocol) VALUES('eip155:56/erc20:0x336f374198c872Ba760e85af9c6331C3c5A535d3', 'A', 56, '0x336f374198c872Ba760e85af9c6331C3c5A535d3', 18, NULL); INSERT INTO common_asset_details(identifier, symbol, coingecko, cryptocompare, forked, started, swapped_for) VALUES('eip155:56/erc20:0x336f374198c872Ba760e85af9c6331C3c5A535d3', 'LIF3', 'lif3-2', 'LIF3', NULL, 1690324108, NULL);
*
INSERT INTO assets(identifier, name, type) VALUES('eip155:137/erc20:0x110B25D2B21eE73eB401F3aE7833f7072912A0Bf', 'LIF3', 'C'); INSERT INTO evm_tokens(identifier, token_kind, chain, address, decimals, protocol) VALUES('eip155:137/erc20:0x110B25D2B21eE73eB401F3aE7833f7072912A0Bf', 'A', 137, '0x110B25D2B21eE73eB401F3aE7833f7072912A0Bf', 18, NULL); INSERT INTO common_asset_details(identifier, symbol, coingecko, cryptocompare, forked, started, swapped_for) VALUES('eip155:137/erc20:0x110B25D2B21eE73eB401F3aE7833f7072912A0Bf', 'LIF3', 'lif3-2', 'LIF3', NULL, 1690324343, NULL);
*
INSERT INTO assets(identifier, name, type) VALUES('eip155:1/erc20:0x7B43E3875440B44613DC3bC08E7763e6Da63C8f8', 'StablR USD', 'C'); INSERT INTO evm_tokens(identifier, token_kind, chain, address, decimals, protocol) VALUES('eip155:1/erc20:0x7B43E3875440B44613DC3bC08E7763e6Da63C8f8', 'A', 1, '0x7B43E3875440B44613DC3bC08E7763e6Da63C8f8', 6, NULL); INSERT INTO common_asset_details(identifier, symbol, coingecko, cryptocompare, forked, started, swapped_for) VALUES('eip155:1/erc20:0x7B43E3875440B44613DC3bC08E7763e6Da63C8f8', 'USDR', 'stablr-usd', '', NULL, 1733473115, NULL);
*
INSERT INTO assets(identifier, name, type) VALUES('eip155:1/erc20:0x643C4E15d7d62Ad0aBeC4a9BD4b001aA3Ef52d66', 'Syrup Token', 'C'); INSERT INTO evm_tokens(identifier, token_kind, chain, address, decimals, protocol) VALUES('eip155:1/erc20:0x643C4E15d7d62Ad0aBeC4a9BD4b001aA3Ef52d66', 'A', 1, '0x643C4E15d7d62Ad0aBeC4a9BD4b001aA3Ef52d66', 18, NULL); INSERT INTO common_asset_details(identifier, symbol, coingecko, cryptocompare, forked, started, swapped_for) VALUES('eip155:1/erc20:0x643C4E15d7d62Ad0aBeC4a9BD4b001aA3Ef52d66', 'SYRUP', 'syrup', '', NULL, 1726154399, NULL);
*
INSERT INTO assets(identifier, name, type) VALUES('eip155:8453/erc20:0xacfE6019Ed1A7Dc6f7B508C02d1b04ec88cC21bf', 'Venice Token', 'C'); INSERT INTO evm_tokens(identifier, token_kind, chain, address, decimals, protocol) VALUES('eip155:8453/erc20:0xacfE6019Ed1A7Dc6f7B508C02d1b04ec88cC21bf', 'A', 8453, '0xacfE6019Ed1A7Dc6f7B508C02d1b04ec88cC21bf', 18, NULL); INSERT INTO common_asset_details(identifier, symbol, coingecko, cryptocompare, forked, started, swapped_for) VALUES('eip155:8453/erc20:0xacfE6019Ed1A7Dc6f7B508C02d1b04ec88cC21bf', 'VVV', 'venice-ai', 'VVV', NULL, 1737649711, NULL);
*
INSERT INTO assets(identifier, name, type) VALUES('eip155:1/erc20:0x8292Bb45bf1Ee4d140127049757C2E0fF06317eD', 'RLUSD', 'C'); INSERT INTO evm_tokens(identifier, token_kind, chain, address, decimals, protocol) VALUES('eip155:1/erc20:0x8292Bb45bf1Ee4d140127049757C2E0fF06317eD', 'A', 1, '0x8292Bb45bf1Ee4d140127049757C2E0fF06317eD', 18, NULL); INSERT INTO common_asset_details(identifier, symbol, coingecko, cryptocompare, forked, started, swapped_for) VALUES('eip155:1/erc20:0x8292Bb45bf1Ee4d140127049757C2E0fF06317eD', 'RLUSD', 'ripple-usd', 'RLUSD', NULL, 1723218419, NULL);
*
INSERT INTO assets(identifier, name, type) VALUES('eip155:42161/erc20:0x3b58a4C865B568a2F6a957C264F6b50CbA35D8CE', 'SuperWalk', 'C'); INSERT INTO evm_tokens(identifier, token_kind, chain, address, decimals, protocol) VALUES('eip155:42161/erc20:0x3b58a4C865B568a2F6a957C264F6b50CbA35D8CE', 'A', 42161, '0x3b58a4C865B568a2F6a957C264F6b50CbA35D8CE', 18, NULL); INSERT INTO common_asset_details(identifier, symbol, coingecko, cryptocompare, forked, started, swapped_for) VALUES('eip155:42161/erc20:0x3b58a4C865B568a2F6a957C264F6b50CbA35D8CE', 'GRND', 'superwalk', 'GRND', NULL, 1715138526, NULL);
*
INSERT INTO assets(identifier, name, type) VALUES('eip155:1/erc20:0x4C1746A800D224393fE2470C70A35717eD4eA5F1', 'Plume', 'C'); INSERT INTO evm_tokens(identifier, token_kind, chain, address, decimals, protocol) VALUES('eip155:1/erc20:0x4C1746A800D224393fE2470C70A35717eD4eA5F1', 'A', 1, '0x4C1746A800D224393fE2470C70A35717eD4eA5F1', 18, NULL); INSERT INTO common_asset_details(identifier, symbol, coingecko, cryptocompare, forked, started, swapped_for) VALUES('eip155:1/erc20:0x4C1746A800D224393fE2470C70A35717eD4eA5F1', 'PLUME', 'plume', 'PLUME', NULL, 1723045703, NULL);
*
INSERT INTO assets(identifier, name, type) VALUES('BUZZ', 'Hive AI', 'Y'); INSERT INTO common_asset_details(identifier, symbol, coingecko, cryptocompare, forked, started, swapped_for) VALUES('BUZZ', 'BUZZ', 'hive-ai', '', NULL, 1735870197, NULL);
*
INSERT INTO assets(identifier, name, type) VALUES('PIPPIN', 'pippin', 'Y'); INSERT INTO common_asset_details(identifier, symbol, coingecko, cryptocompare, forked, started, swapped_for) VALUES('PIPPIN', 'PIPPIN', 'pippin', 'PIPPIN', NULL, 1731183349, NULL);
*
INSERT INTO assets(identifier, name, type) VALUES('eip155:1/erc20:0xE7C6BF469e97eEB0bFB74C8dbFF5BD47D4C1C98a', 'HashKey Platform Token', 'C'); INSERT INTO evm_tokens(identifier, token_kind, chain, address, decimals, protocol) VALUES('eip155:1/erc20:0xE7C6BF469e97eEB0bFB74C8dbFF5BD47D4C1C98a', 'A', 1, '0xE7C6BF469e97eEB0bFB74C8dbFF5BD47D4C1C98a', 18, NULL); INSERT INTO common_asset_details(identifier, symbol, coingecko, cryptocompare, forked, started, swapped_for) VALUES('eip155:1/erc20:0xE7C6BF469e97eEB0bFB74C8dbFF5BD47D4C1C98a', 'HSK', 'hashkey-ecopoints', 'HSK', NULL, 1719663791, NULL);
*
INSERT INTO assets(identifier, name, type) VALUES('eip155:1/erc20:0x6e15A54B5EcAc17e58daDedDbe8506a7560252F9', 'SynFutures', 'C'); INSERT INTO evm_tokens(identifier, token_kind, chain, address, decimals, protocol) VALUES('eip155:1/erc20:0x6e15A54B5EcAc17e58daDedDbe8506a7560252F9', 'A', 1, '0x6e15A54B5EcAc17e58daDedDbe8506a7560252F9', 18, NULL); INSERT INTO common_asset_details(identifier, symbol, coingecko, cryptocompare, forked, started, swapped_for) VALUES('eip155:1/erc20:0x6e15A54B5EcAc17e58daDedDbe8506a7560252F9', 'F', 'synfutures', 'F', NULL, 1731392159, NULL);
*
INSERT INTO assets(identifier, name, type) VALUES('eip155:8453/erc20:0x2C24497D4086490e7EaD87CC12597fb50c2E6eD6', 'SynFutures', 'C'); INSERT INTO evm_tokens(identifier, token_kind, chain, address, decimals, protocol) VALUES('eip155:8453/erc20:0x2C24497D4086490e7EaD87CC12597fb50c2E6eD6', 'A', 8453, '0x2C24497D4086490e7EaD87CC12597fb50c2E6eD6', 18, NULL); INSERT INTO common_asset_details(identifier, symbol, coingecko, cryptocompare, forked, started, swapped_for) VALUES('eip155:8453/erc20:0x2C24497D4086490e7EaD87CC12597fb50c2E6eD6', 'F', 'synfutures', 'F', NULL, 1732694301, NULL);
*
INSERT INTO assets(identifier, name, type) VALUES('eip155:1/erc20:0xD722424cF94b583752dfc80C08e2531AB3b762dc', 'SphereX', 'C'); INSERT INTO evm_tokens(identifier, token_kind, chain, address, decimals, protocol) VALUES('eip155:1/erc20:0xD722424cF94b583752dfc80C08e2531AB3b762dc', 'A', 1, '0xD722424cF94b583752dfc80C08e2531AB3b762dc', 18, NULL); INSERT INTO common_asset_details(identifier, symbol, coingecko, cryptocompare, forked, started, swapped_for) VALUES('eip155:1/erc20:0xD722424cF94b583752dfc80C08e2531AB3b762dc', 'HERE', 'spherex-token', '', NULL, 1721289095, NULL);
*
INSERT INTO assets(identifier, name, type) VALUES('eip155:8453/erc20:0xd173C2C9386AEE88b1Ca06522C951be67cbf38CC', 'KONTOS', 'C'); INSERT INTO evm_tokens(identifier, token_kind, chain, address, decimals, protocol) VALUES('eip155:8453/erc20:0xd173C2C9386AEE88b1Ca06522C951be67cbf38CC', 'A', 8453, '0xd173C2C9386AEE88b1Ca06522C951be67cbf38CC', 18, NULL); INSERT INTO common_asset_details(identifier, symbol, coingecko, cryptocompare, forked, started, swapped_for) VALUES('eip155:8453/erc20:0xd173C2C9386AEE88b1Ca06522C951be67cbf38CC', 'KOS', 'kontos', '', NULL, 1733718089, NULL);
*
INSERT INTO assets(identifier, name, type) VALUES('ZEREBRO', 'Zerebro', 'Y'); INSERT INTO common_asset_details(identifier, symbol, coingecko, cryptocompare, forked, started, swapped_for) VALUES('ZEREBRO', 'ZEREBRO', 'zerebro', 'ZEREBRO', NULL, 1729835711, NULL);
*
INSERT INTO assets(identifier, name, type) VALUES('eip155:8453/erc20:0xB1a03EdA10342529bBF8EB700a06C60441fEf25d', 'Mister Miggles', 'C'); INSERT INTO evm_tokens(identifier, token_kind, chain, address, decimals, protocol) VALUES('eip155:8453/erc20:0xB1a03EdA10342529bBF8EB700a06C60441fEf25d', 'A', 8453, '0xB1a03EdA10342529bBF8EB700a06C60441fEf25d', 18, NULL); INSERT INTO common_asset_details(identifier, symbol, coingecko, cryptocompare, forked, started, swapped_for) VALUES('eip155:8453/erc20:0xB1a03EdA10342529bBF8EB700a06C60441fEf25d', 'MIGGLES', 'mister-miggles', 'MIGGLES', NULL, 1721147639, NULL);
*
INSERT INTO assets(identifier, name, type) VALUES('MUMU', 'MUMU THE BULL', 'Y'); INSERT INTO common_asset_details(identifier, symbol, coingecko, cryptocompare, forked, started, swapped_for) VALUES('MUMU', 'MUMU', 'mumu-the-bull-3', 'MUMU', NULL, 1710113179, NULL);
*
INSERT INTO assets(identifier, name, type) VALUES('eip155:56/erc20:0x76A797A59Ba2C17726896976B7B3747BfD1d220f', 'Wrapped TON Coin', 'C'); INSERT INTO evm_tokens(identifier, token_kind, chain, address, decimals, protocol) VALUES('eip155:56/erc20:0x76A797A59Ba2C17726896976B7B3747BfD1d220f', 'A', 56, '0x76A797A59Ba2C17726896976B7B3747BfD1d220f', 9, NULL); INSERT INTO common_asset_details(identifier, symbol, coingecko, cryptocompare, forked, started, swapped_for) VALUES('eip155:56/erc20:0x76A797A59Ba2C17726896976B7B3747BfD1d220f', 'TONCOIN', 'the-open-network', 'TON', NULL, 1633015603, NULL);
*
INSERT INTO assets(identifier, name, type) VALUES('FWOG', 'Fwog', 'Y'); INSERT INTO common_asset_details(identifier, symbol, coingecko, cryptocompare, forked, started, swapped_for) VALUES('FWOG', 'FWOG', 'fwog', 'FWOG', NULL, 1722302534, NULL);
*
INSERT INTO assets(identifier, name, type) VALUES('MCG', 'MetalCore', 'Y'); INSERT INTO common_asset_details(identifier, symbol, coingecko, cryptocompare, forked, started, swapped_for) VALUES('MCG', 'MCG', 'metalcore', 'MCG', NULL, 1732754375, NULL);
*
INSERT INTO assets(identifier, name, type) VALUES('eip155:1/erc20:0x1495bc9e44Af1F8BCB62278D2bEC4540cF0C05ea', 'Zero1 Token', 'C'); INSERT INTO evm_tokens(identifier, token_kind, chain, address, decimals, protocol) VALUES('eip155:1/erc20:0x1495bc9e44Af1F8BCB62278D2bEC4540cF0C05ea', 'A', 1, '0x1495bc9e44Af1F8BCB62278D2bEC4540cF0C05ea', 18, NULL); INSERT INTO common_asset_details(identifier, symbol, coingecko, cryptocompare, forked, started, swapped_for) VALUES('eip155:1/erc20:0x1495bc9e44Af1F8BCB62278D2bEC4540cF0C05ea', 'DEAI', 'zero1-labs', 'DEAI', NULL, 1710409439, NULL);
*
INSERT INTO assets(identifier, name, type) VALUES('eip155:1/erc20:0x31b6100F5F4466e6dAeb1edb2f2cE6e548cF8938', 'Puff', 'C'); INSERT INTO evm_tokens(identifier, token_kind, chain, address, decimals, protocol) VALUES('eip155:1/erc20:0x31b6100F5F4466e6dAeb1edb2f2cE6e548cF8938', 'A', 1, '0x31b6100F5F4466e6dAeb1edb2f2cE6e548cF8938', 18, NULL); INSERT INTO common_asset_details(identifier, symbol, coingecko, cryptocompare, forked, started, swapped_for) VALUES('eip155:1/erc20:0x31b6100F5F4466e6dAeb1edb2f2cE6e548cF8938', 'Puff', 'puff-the-dragon', 'PUFF', NULL, 1724329067, NULL);
*
INSERT INTO assets(identifier, name, type) VALUES('eip155:1/erc20:0x23f3D4625AEF6f0b84d50dB1d53516e6015c0c9B', 'Thetanuts Finance Governance Token', 'C'); INSERT INTO evm_tokens(identifier, token_kind, chain, address, decimals, protocol) VALUES('eip155:1/erc20:0x23f3D4625AEF6f0b84d50dB1d53516e6015c0c9B', 'A', 1, '0x23f3D4625AEF6f0b84d50dB1d53516e6015c0c9B', 18, NULL); INSERT INTO common_asset_details(identifier, symbol, coingecko, cryptocompare, forked, started, swapped_for) VALUES('eip155:1/erc20:0x23f3D4625AEF6f0b84d50dB1d53516e6015c0c9B', 'NUTS', 'thetanuts-finance', 'NUTS', NULL, 1715092799, NULL);
*
INSERT INTO assets(identifier, name, type) VALUES('eip155:1/erc20:0x009178997aFf09A67D4cACcFeB897Fb79d036214', '1sol.io', 'C'); INSERT INTO evm_tokens(identifier, token_kind, chain, address, decimals, protocol) VALUES('eip155:1/erc20:0x009178997aFf09A67D4cACcFeB897Fb79d036214', 'A', 1, '0x009178997aFf09A67D4cACcFeB897Fb79d036214', 18, NULL); INSERT INTO common_asset_details(identifier, symbol, coingecko, cryptocompare, forked, started, swapped_for) VALUES('eip155:1/erc20:0x009178997aFf09A67D4cACcFeB897Fb79d036214', '1SOL', '1sol', '1SOL', NULL, 1637146589, NULL);
*
INSERT INTO assets(identifier, name, type) VALUES('eip155:56/erc20:0xB806FA32eBDC04E5Dbdd2ad83E75C8F7D8E8ef8b', 'Web3Camp Token', 'C'); INSERT INTO evm_tokens(identifier, token_kind, chain, address, decimals, protocol) VALUES('eip155:56/erc20:0xB806FA32eBDC04E5Dbdd2ad83E75C8F7D8E8ef8b', 'A', 56, '0xB806FA32eBDC04E5Dbdd2ad83E75C8F7D8E8ef8b', 18, NULL); INSERT INTO common_asset_details(identifier, symbol, coingecko, cryptocompare, forked, started, swapped_for) VALUES('eip155:56/erc20:0xB806FA32eBDC04E5Dbdd2ad83E75C8F7D8E8ef8b', '3P', 'web3camp', '3P', NULL, 1673274355, NULL);
*
INSERT INTO assets(identifier, name, type) VALUES('eip155:1/erc20:0x3bd7d4F524D09F4e331577247A048D56e4b67a7F', '5ire Token', 'C'); INSERT INTO evm_tokens(identifier, token_kind, chain, address, decimals, protocol) VALUES('eip155:1/erc20:0x3bd7d4F524D09F4e331577247A048D56e4b67a7F', 'A', 1, '0x3bd7d4F524D09F4e331577247A048D56e4b67a7F', 18, NULL); INSERT INTO common_asset_details(identifier, symbol, coingecko, cryptocompare, forked, started, swapped_for) VALUES('eip155:1/erc20:0x3bd7d4F524D09F4e331577247A048D56e4b67a7F', '5IRE', '5ire', '5IRE', NULL, 1700397815, NULL);
*
INSERT INTO assets(identifier, name, type) VALUES('eip155:42161/erc20:0xCa4e51F6AD4AFd9d1068E5899De9dd7d73F3463D', 'AARK Token', 'C'); INSERT INTO evm_tokens(identifier, token_kind, chain, address, decimals, protocol) VALUES('eip155:42161/erc20:0xCa4e51F6AD4AFd9d1068E5899De9dd7d73F3463D', 'A', 42161, '0xCa4e51F6AD4AFd9d1068E5899De9dd7d73F3463D', 18, NULL); INSERT INTO common_asset_details(identifier, symbol, coingecko, cryptocompare, forked, started, swapped_for) VALUES('eip155:42161/erc20:0xCa4e51F6AD4AFd9d1068E5899De9dd7d73F3463D', 'AARK', 'aark-digital', 'AARK', NULL, 1711634497, NULL);
*
INSERT INTO assets(identifier, name, type) VALUES('eip155:8453/erc20:0xfbecd19292b1eFfEAA7B2e61F5101DdB6744A1Fb', 'aiPump', 'C'); INSERT INTO evm_tokens(identifier, token_kind, chain, address, decimals, protocol) VALUES('eip155:8453/erc20:0xfbecd19292b1eFfEAA7B2e61F5101DdB6744A1Fb', 'A', 8453, '0xfbecd19292b1eFfEAA7B2e61F5101DdB6744A1Fb', 18, NULL); INSERT INTO common_asset_details(identifier, symbol, coingecko, cryptocompare, forked, started, swapped_for) VALUES('eip155:8453/erc20:0xfbecd19292b1eFfEAA7B2e61F5101DdB6744A1Fb', 'AIPUMP', 'aipump', '', NULL, 1735684761, NULL);
*
INSERT INTO assets(identifier, name, type) VALUES('eip155:137/erc20:0x1A7e49125a6595588c9556f07a4c006461b24545', 'Aki Protocol', 'C'); INSERT INTO evm_tokens(identifier, token_kind, chain, address, decimals, protocol) VALUES('eip155:137/erc20:0x1A7e49125a6595588c9556f07a4c006461b24545', 'A', 137, '0x1A7e49125a6595588c9556f07a4c006461b24545', 18, NULL); INSERT INTO common_asset_details(identifier, symbol, coingecko, cryptocompare, forked, started, swapped_for) VALUES('eip155:137/erc20:0x1A7e49125a6595588c9556f07a4c006461b24545', 'AKI', 'aki-protocol', 'AKI', NULL, 1678612573, NULL);
*
INSERT INTO assets(identifier, name, type) VALUES('ALCH', 'Alchemist AI', 'Y'); INSERT INTO common_asset_details(identifier, symbol, coingecko, cryptocompare, forked, started, swapped_for) VALUES('ALCH', 'ALCH', 'alchemist-ai', '', NULL, 1732730006, NULL);
*
INSERT INTO assets(identifier, name, type) VALUES('ARC', 'AI Rig Complex', 'Y'); INSERT INTO common_asset_details(identifier, symbol, coingecko, cryptocompare, forked, started, swapped_for) VALUES('ARC', 'ARC', 'ai-rig-complex', '', NULL, 1733864951, NULL);
*
INSERT INTO assets(identifier, name, type) VALUES('ARTFI', 'ARTFI', 'W'); INSERT INTO common_asset_details(identifier, symbol, coingecko, cryptocompare, forked, started, swapped_for) VALUES('ARTFI', 'ARTFI', 'artfi', '', NULL, 1717417440, NULL);
*
INSERT INTO assets(identifier, name, type) VALUES('ASI', 'Sender AI', 'W'); INSERT INTO common_asset_details(identifier, symbol, coingecko, cryptocompare, forked, started, swapped_for) VALUES('ASI', 'ASI', 'sender-ai', '', NULL, 1732186800, NULL);
*
INSERT INTO assets(identifier, name, type) VALUES('eip155:1/erc20:0xf477AC7719e2e659001455cDDA0cc8f3aD10b604', 'CryptoAutos', 'C'); INSERT INTO evm_tokens(identifier, token_kind, chain, address, decimals, protocol) VALUES('eip155:1/erc20:0xf477AC7719e2e659001455cDDA0cc8f3aD10b604', 'A', 1, '0xf477AC7719e2e659001455cDDA0cc8f3aD10b604', 18, NULL); INSERT INTO common_asset_details(identifier, symbol, coingecko, cryptocompare, forked, started, swapped_for) VALUES('eip155:1/erc20:0xf477AC7719e2e659001455cDDA0cc8f3aD10b604', 'AUTOS', 'cryptoautos', 'AKI', NULL, 1733481179, NULL);
*
INSERT INTO assets(identifier, name, type) VALUES('eip155:42161/erc20:0x13Ad51ed4F1B7e9Dc168d8a00cB3f4dDD85EfA60', 'Lido DAO Token', 'C'); INSERT INTO evm_tokens(identifier, token_kind, chain, address, decimals, protocol) VALUES('eip155:42161/erc20:0x13Ad51ed4F1B7e9Dc168d8a00cB3f4dDD85EfA60', 'A', 42161, '0x13Ad51ed4F1B7e9Dc168d8a00cB3f4dDD85EfA60', 18, NULL); INSERT INTO common_asset_details(identifier, symbol, coingecko, cryptocompare, forked, started, swapped_for) VALUES('eip155:42161/erc20:0x13Ad51ed4F1B7e9Dc168d8a00cB3f4dDD85EfA60', 'LDO', 'lido-dao', 'LDO', NULL, 1663603333, NULL);
*
INSERT INTO assets(identifier, name, type) VALUES('eip155:137/erc20:0xC3C7d422809852031b44ab29EEC9F1EfF2A58756', 'Lido DAO Token (PoS)', 'C'); INSERT INTO evm_tokens(identifier, token_kind, chain, address, decimals, protocol) VALUES('eip155:137/erc20:0xC3C7d422809852031b44ab29EEC9F1EfF2A58756', 'A', 137, '0xC3C7d422809852031b44ab29EEC9F1EfF2A58756', 18, NULL); INSERT INTO common_asset_details(identifier, symbol, coingecko, cryptocompare, forked, started, swapped_for) VALUES('eip155:137/erc20:0xC3C7d422809852031b44ab29EEC9F1EfF2A58756', 'LDO', 'lido-dao', 'LDO', NULL, 1626688381, NULL);
*
INSERT INTO assets(identifier, name, type) VALUES('eip155:1/erc20:0xEeB4d8400AEefafC1B2953e0094134A887C76Bd8', 'Avail', 'C'); INSERT INTO evm_tokens(identifier, token_kind, chain, address, decimals, protocol) VALUES('eip155:1/erc20:0xEeB4d8400AEefafC1B2953e0094134A887C76Bd8', 'A', 1, '0xEeB4d8400AEefafC1B2953e0094134A887C76Bd8', 18, NULL); INSERT INTO common_asset_details(identifier, symbol, coingecko, cryptocompare, forked, started, swapped_for) VALUES('eip155:1/erc20:0xEeB4d8400AEefafC1B2953e0094134A887C76Bd8', 'AVAIL', 'avail', 'AVAIL', NULL, 1720568915, NULL);
*
INSERT INTO assets(identifier, name, type) VALUES('eip155:8453/erc20:0xd89d90d26B48940FA8F58385Fe84625d468E057a', 'Avail (Wormhole)', 'C'); INSERT INTO evm_tokens(identifier, token_kind, chain, address, decimals, protocol) VALUES('eip155:8453/erc20:0xd89d90d26B48940FA8F58385Fe84625d468E057a', 'A', 8453, '0xd89d90d26B48940FA8F58385Fe84625d468E057a', 18, NULL); INSERT INTO common_asset_details(identifier, symbol, coingecko, cryptocompare, forked, started, swapped_for) VALUES('eip155:8453/erc20:0xd89d90d26B48940FA8F58385Fe84625d468E057a', 'AVAIL', 'avail', 'AVAIL', NULL, 1731865987, NULL);
*
INSERT INTO assets(identifier, name, type) VALUES('AVAAI', 'Ava AI', 'Y'); INSERT INTO common_asset_details(identifier, symbol, coingecko, cryptocompare, forked, started, swapped_for) VALUES('AVAAI', 'AVA', 'ava-ai', '', NULL, 1731523296, NULL);
*
INSERT INTO assets(identifier, name, type) VALUES('eip155:56/erc20:0x2d5F3B0722aCd35fbb749cB936dfdd93247BBC95', 'BabyBNB', 'C'); INSERT INTO evm_tokens(identifier, token_kind, chain, address, decimals, protocol) VALUES('eip155:56/erc20:0x2d5F3B0722aCd35fbb749cB936dfdd93247BBC95', 'A', 56, '0x2d5F3B0722aCd35fbb749cB936dfdd93247BBC95', 18, NULL); INSERT INTO common_asset_details(identifier, symbol, coingecko, cryptocompare, forked, started, swapped_for) VALUES('eip155:56/erc20:0x2d5F3B0722aCd35fbb749cB936dfdd93247BBC95', 'BABYBNB', 'baby-bnb', '', NULL, 1727458229, NULL);
*
INSERT INTO assets(identifier, name, type) VALUES('BABYSHARK', 'Baby Shark Meme', 'Y'); INSERT INTO common_asset_details(identifier, symbol, coingecko, cryptocompare, forked, started, swapped_for) VALUES('BABYSHARK', 'BABYSHARK', 'baby-shark-meme', '', NULL, 1735874640, NULL);
*
INSERT INTO assets(identifier, name, type) VALUES('eip155:1/erc20:0xA91ac63D040dEB1b7A5E4d4134aD23eb0ba07e14', 'Bella', 'C'); INSERT INTO evm_tokens(identifier, token_kind, chain, address, decimals, protocol) VALUES('eip155:1/erc20:0xA91ac63D040dEB1b7A5E4d4134aD23eb0ba07e14', 'A', 1, '0xA91ac63D040dEB1b7A5E4d4134aD23eb0ba07e14', 18, NULL); INSERT INTO common_asset_details(identifier, symbol, coingecko, cryptocompare, forked, started, swapped_for) VALUES('eip155:1/erc20:0xA91ac63D040dEB1b7A5E4d4134aD23eb0ba07e14', 'BEL', 'bella-protocol', 'BEL', NULL, 1597392058, NULL);
*
INSERT INTO assets(identifier, name, type) VALUES('eip155:56/erc20:0x8443f091997f06a61670B735ED92734F5628692F', 'Bella Protocol', 'C'); INSERT INTO evm_tokens(identifier, token_kind, chain, address, decimals, protocol) VALUES('eip155:56/erc20:0x8443f091997f06a61670B735ED92734F5628692F', 'A', 56, '0x8443f091997f06a61670B735ED92734F5628692F', 18, NULL); INSERT INTO common_asset_details(identifier, symbol, coingecko, cryptocompare, forked, started, swapped_for) VALUES('eip155:56/erc20:0x8443f091997f06a61670B735ED92734F5628692F', 'BEL', 'bella-protocol', 'BEL', NULL, 1601440951, NULL);
*
INSERT INTO assets(identifier, name, type) VALUES('BERA', 'Berachain', 'B'); INSERT INTO common_asset_details(identifier, symbol, coingecko, cryptocompare, forked, started, swapped_for) VALUES('BERA', 'BERA', 'berachain-bera', 'BERA', NULL, 1737382451, NULL);
*
INSERT INTO assets(identifier, name, type) VALUES('BLUE', 'Bluefin', 'W'); INSERT INTO common_asset_details(identifier, symbol, coingecko, cryptocompare, forked, started, swapped_for) VALUES('BLUE', 'BLUE', 'bluefin', 'BLUE', NULL, 1733362560, NULL);
*
INSERT INTO assets(identifier, name, type) VALUES('eip155:1/erc20:0xf385905e56Db4D8A208b20Aa8a88Dbb225f773d4', 'Bitcoin names', 'C'); INSERT INTO evm_tokens(identifier, token_kind, chain, address, decimals, protocol) VALUES('eip155:1/erc20:0xf385905e56Db4D8A208b20Aa8a88Dbb225f773d4', 'A', 1, '0xf385905e56Db4D8A208b20Aa8a88Dbb225f773d4', 18, NULL); INSERT INTO common_asset_details(identifier, symbol, coingecko, cryptocompare, forked, started, swapped_for) VALUES('eip155:1/erc20:0xf385905e56Db4D8A208b20Aa8a88Dbb225f773d4', 'BN', 'tna-protocol', '', NULL, 1719546311, NULL);
*
INSERT INTO assets(identifier, name, type) VALUES('eip155:42161/erc20:0x7f7d7806F4EB90D63B0b278DAf32a2dB2C2001bD', 'BonusBlock', 'C'); INSERT INTO evm_tokens(identifier, token_kind, chain, address, decimals, protocol) VALUES('eip155:42161/erc20:0x7f7d7806F4EB90D63B0b278DAf32a2dB2C2001bD', 'A', 42161, '0x7f7d7806F4EB90D63B0b278DAf32a2dB2C2001bD', 18, NULL); INSERT INTO common_asset_details(identifier, symbol, coingecko, cryptocompare, forked, started, swapped_for) VALUES('eip155:42161/erc20:0x7f7d7806F4EB90D63B0b278DAf32a2dB2C2001bD', 'BONUS', 'bonusblock', 'BONUS', NULL, 1711059352, NULL);
*
UPDATE common_asset_details SET coingecko='binance-bridged-usdt-bnb-smart-chain', cryptocompare='USDT' WHERE identifier='eip155:56/erc20:0x55d398326f99059fF775485246999027B3197955';
INSERT INTO assets(identifier, name, type) VALUES('eip155:56/erc20:0x55d398326f99059fF775485246999027B3197955', 'Tether USD', 'C'); INSERT INTO evm_tokens(identifier, token_kind, chain, address, decimals, protocol) VALUES('eip155:56/erc20:0x55d398326f99059fF775485246999027B3197955', 'A', 56, '0x55d398326f99059fF775485246999027B3197955', 18, NULL); INSERT INTO common_asset_details(identifier, symbol, coingecko, cryptocompare, forked, started, swapped_for) VALUES('eip155:56/erc20:0x55d398326f99059fF775485246999027B3197955', 'USDT', 'binance-bridged-usdt-bnb-smart-chain', 'USDT', NULL, 1599201028, NULL);
INSERT INTO assets(identifier, name, type) VALUES('eip155:1/erc20:0x01d33FD36ec67c6Ada32cf36b31e88EE190B1839', 'BRZ Token', 'C'); INSERT INTO evm_tokens(identifier, token_kind, chain, address, decimals, protocol) VALUES('eip155:1/erc20:0x01d33FD36ec67c6Ada32cf36b31e88EE190B1839', 'A', 1, '0x01d33FD36ec67c6Ada32cf36b31e88EE190B1839', 18, NULL); INSERT INTO common_asset_details(identifier, symbol, coingecko, cryptocompare, forked, started, swapped_for) VALUES('eip155:1/erc20:0x01d33FD36ec67c6Ada32cf36b31e88EE190B1839', 'BRZ', 'brz', 'BRZ', NULL, 1687217699, NULL);
*
INSERT INTO assets(identifier, name, type) VALUES('eip155:56/erc20:0x71be881e9C5d4465B3FfF61e89c6f3651E69B5bb', 'BRZ Token', 'C'); INSERT INTO evm_tokens(identifier, token_kind, chain, address, decimals, protocol) VALUES('eip155:56/erc20:0x71be881e9C5d4465B3FfF61e89c6f3651E69B5bb', 'A', 56, '0x71be881e9C5d4465B3FfF61e89c6f3651E69B5bb', 4, NULL); INSERT INTO common_asset_details(identifier, symbol, coingecko, cryptocompare, forked, started, swapped_for) VALUES('eip155:56/erc20:0x71be881e9C5d4465B3FfF61e89c6f3651E69B5bb', 'BRZ', 'brz', 'BRZ', NULL, 1615169874, NULL);
*
INSERT INTO assets(identifier, name, type) VALUES('eip155:137/erc20:0x4eD141110F6EeeAbA9A1df36d8c26f684d2475Dc', 'BRZ Token', 'C'); INSERT INTO evm_tokens(identifier, token_kind, chain, address, decimals, protocol) VALUES('eip155:137/erc20:0x4eD141110F6EeeAbA9A1df36d8c26f684d2475Dc', 'A', 137, '0x4eD141110F6EeeAbA9A1df36d8c26f684d2475Dc', 18, NULL); INSERT INTO common_asset_details(identifier, symbol, coingecko, cryptocompare, forked, started, swapped_for) VALUES('eip155:137/erc20:0x4eD141110F6EeeAbA9A1df36d8c26f684d2475Dc', 'BRZ', 'brz', 'BRZ', NULL, 1687279616, NULL);
*
INSERT INTO assets(identifier, name, type) VALUES('eip155:43114/erc20:0x491a4eB4f1FC3BfF8E1d2FC856a6A46663aD556f', 'BRZ', 'C'); INSERT INTO evm_tokens(identifier, token_kind, chain, address, decimals, protocol) VALUES('eip155:43114/erc20:0x491a4eB4f1FC3BfF8E1d2FC856a6A46663aD556f', 'A', 43114, '0x491a4eB4f1FC3BfF8E1d2FC856a6A46663aD556f', 4, NULL); INSERT INTO common_asset_details(identifier, symbol, coingecko, cryptocompare, forked, started, swapped_for) VALUES('eip155:43114/erc20:0x491a4eB4f1FC3BfF8E1d2FC856a6A46663aD556f', 'BRZ', 'brz', 'BRZ', NULL, 1653400629, NULL);
*
INSERT INTO assets(identifier, name, type) VALUES('BTF', 'Bitfinity Network', 'B'); INSERT INTO common_asset_details(identifier, symbol, coingecko, cryptocompare, forked, started, swapped_for) VALUES('BTF', 'BTF', 'bitfinity-network', '', NULL, 1718633091, NULL);
*
INSERT INTO assets(identifier, name, type) VALUES('eip155:1/erc20:0x03Be5C903c727Ee2C8C4e9bc0AcC860Cca4715e2', 'Capsule Coin', 'C'); INSERT INTO evm_tokens(identifier, token_kind, chain, address, decimals, protocol) VALUES('eip155:1/erc20:0x03Be5C903c727Ee2C8C4e9bc0AcC860Cca4715e2', 'A', 1, '0x03Be5C903c727Ee2C8C4e9bc0AcC860Cca4715e2', 18, NULL); INSERT INTO common_asset_details(identifier, symbol, coingecko, cryptocompare, forked, started, swapped_for) VALUES('eip155:1/erc20:0x03Be5C903c727Ee2C8C4e9bc0AcC860Cca4715e2', 'CAPS', 'coin-capsule', 'CAPS', NULL, 1614363963, NULL);
*
INSERT INTO assets(identifier, name, type) VALUES('eip155:56/erc20:0xFfBa7529AC181c2Ee1844548e6D7061c9A597dF4', 'Capsule Coin', 'C'); INSERT INTO evm_tokens(identifier, token_kind, chain, address, decimals, protocol) VALUES('eip155:56/erc20:0xFfBa7529AC181c2Ee1844548e6D7061c9A597dF4', 'A', 56, '0xFfBa7529AC181c2Ee1844548e6D7061c9A597dF4', 18, NULL); INSERT INTO common_asset_details(identifier, symbol, coingecko, cryptocompare, forked, started, swapped_for) VALUES('eip155:56/erc20:0xFfBa7529AC181c2Ee1844548e6D7061c9A597dF4', 'CAPS', 'coin-capsule', 'CAPS', NULL, 1624102103, NULL);
*
INSERT INTO assets(identifier, name, type) VALUES('eip155:1/erc20:0xc08Cd26474722cE93F4D0c34D16201461c10AA8C', 'CARV', 'C'); INSERT INTO evm_tokens(identifier, token_kind, chain, address, decimals, protocol) VALUES('eip155:1/erc20:0xc08Cd26474722cE93F4D0c34D16201461c10AA8C', 'A', 1, '0xc08Cd26474722cE93F4D0c34D16201461c10AA8C', 18, NULL); INSERT INTO common_asset_details(identifier, symbol, coingecko, cryptocompare, forked, started, swapped_for) VALUES('eip155:1/erc20:0xc08Cd26474722cE93F4D0c34D16201461c10AA8C', 'CARV', 'carv', 'CARV', NULL, 1721289551, NULL);
*
INSERT INTO assets(identifier, name, type) VALUES('eip155:42161/erc20:0xc08Cd26474722cE93F4D0c34D16201461c10AA8C', 'CARV', 'C'); INSERT INTO evm_tokens(identifier, token_kind, chain, address, decimals, protocol) VALUES('eip155:42161/erc20:0xc08Cd26474722cE93F4D0c34D16201461c10AA8C', 'A', 42161, '0xc08Cd26474722cE93F4D0c34D16201461c10AA8C', 18, NULL); INSERT INTO common_asset_details(identifier, symbol, coingecko, cryptocompare, forked, started, swapped_for) VALUES('eip155:42161/erc20:0xc08Cd26474722cE93F4D0c34D16201461c10AA8C', 'CARV', 'carv', 'CARV', NULL, 1721289768, NULL);
*
INSERT INTO assets(identifier, name, type) VALUES('eip155:8453/erc20:0xc08Cd26474722cE93F4D0c34D16201461c10AA8C', 'CARV', 'C'); INSERT INTO evm_tokens(identifier, token_kind, chain, address, decimals, protocol) VALUES('eip155:8453/erc20:0xc08Cd26474722cE93F4D0c34D16201461c10AA8C', 'A', 8453, '0xc08Cd26474722cE93F4D0c34D16201461c10AA8C', 18, NULL); INSERT INTO common_asset_details(identifier, symbol, coingecko, cryptocompare, forked, started, swapped_for) VALUES('eip155:8453/erc20:0xc08Cd26474722cE93F4D0c34D16201461c10AA8C', 'CARV', 'carv', 'CARV', NULL, 1724989179, NULL);
*
INSERT INTO assets(identifier, name, type) VALUES('eip155:56/erc20:0x7e3784220740e61dC700501bd6771226E11d8897', 'Cyber Arena Token', 'C'); INSERT INTO evm_tokens(identifier, token_kind, chain, address, decimals, protocol) VALUES('eip155:56/erc20:0x7e3784220740e61dC700501bd6771226E11d8897', 'A', 56, '0x7e3784220740e61dC700501bd6771226E11d8897', 18, NULL); INSERT INTO common_asset_details(identifier, symbol, coingecko, cryptocompare, forked, started, swapped_for) VALUES('eip155:56/erc20:0x7e3784220740e61dC700501bd6771226E11d8897', 'CAT', 'cyber-arena', '', NULL, 1685298110, NULL);
*
INSERT INTO assets(identifier, name, type) VALUES('CATS', 'CATS', 'W'); INSERT INTO common_asset_details(identifier, symbol, coingecko, cryptocompare, forked, started, swapped_for) VALUES('CATS', 'CATS', 'cats-2', '', NULL, 1728031200, NULL);
*
INSERT INTO assets(identifier, name, type) VALUES('eip155:1/erc20:0x37FC4b48CE93469dbEA9918468993C735049642a', 'CropBytes', 'C'); INSERT INTO evm_tokens(identifier, token_kind, chain, address, decimals, protocol) VALUES('eip155:1/erc20:0x37FC4b48CE93469dbEA9918468993C735049642a', 'A', 1, '0x37FC4b48CE93469dbEA9918468993C735049642a', 18, NULL); INSERT INTO common_asset_details(identifier, symbol, coingecko, cryptocompare, forked, started, swapped_for) VALUES('eip155:1/erc20:0x37FC4b48CE93469dbEA9918468993C735049642a', 'CBX', 'cropbytes', 'CBX', NULL, 1635388014, NULL);
*
INSERT INTO assets(identifier, name, type) VALUES('eip155:1/erc20:0x70EDF1c215D0ce69E7F16FD4E6276ba0d99d4de7', 'cheqd', 'C'); INSERT INTO evm_tokens(identifier, token_kind, chain, address, decimals, protocol) VALUES('eip155:1/erc20:0x70EDF1c215D0ce69E7F16FD4E6276ba0d99d4de7', 'A', 1, '0x70EDF1c215D0ce69E7F16FD4E6276ba0d99d4de7', 9, NULL); INSERT INTO common_asset_details(identifier, symbol, coingecko, cryptocompare, forked, started, swapped_for) VALUES('eip155:1/erc20:0x70EDF1c215D0ce69E7F16FD4E6276ba0d99d4de7', 'CHEQ', 'cheqd-network', 'CHEQ', NULL, 1647371537, NULL);
*
INSERT INTO assets(identifier, name, type) VALUES('CHIRP', 'Chirp Token', 'W'); INSERT INTO common_asset_details(identifier, symbol, coingecko, cryptocompare, forked, started, swapped_for) VALUES('CHIRP', 'CHIRP', 'chirp-token', '', NULL, 1733735880, NULL);
*
INSERT INTO assets(identifier, name, type) VALUES('eip155:1/erc20:0xBBa39Fd2935d5769116ce38d46a71bde9cf03099', 'choise.com Token', 'C'); INSERT INTO evm_tokens(identifier, token_kind, chain, address, decimals, protocol) VALUES('eip155:1/erc20:0xBBa39Fd2935d5769116ce38d46a71bde9cf03099', 'A', 1, '0xBBa39Fd2935d5769116ce38d46a71bde9cf03099', 18, NULL); INSERT INTO common_asset_details(identifier, symbol, coingecko, cryptocompare, forked, started, swapped_for) VALUES('eip155:1/erc20:0xBBa39Fd2935d5769116ce38d46a71bde9cf03099', 'CHO', 'choise', 'CHO', NULL, 1643116797, NULL);
*
INSERT INTO assets(identifier, name, type) VALUES('eip155:56/erc20:0x6cF8e39252Bee00D168Bd25BDf5834347D78e346', 'choise.com Token', 'C'); INSERT INTO evm_tokens(identifier, token_kind, chain, address, decimals, protocol) VALUES('eip155:56/erc20:0x6cF8e39252Bee00D168Bd25BDf5834347D78e346', 'A', 56, '0x6cF8e39252Bee00D168Bd25BDf5834347D78e346', 18, NULL); INSERT INTO common_asset_details(identifier, symbol, coingecko, cryptocompare, forked, started, swapped_for) VALUES('eip155:56/erc20:0x6cF8e39252Bee00D168Bd25BDf5834347D78e346', 'CHO', 'choise', 'CHO', NULL, 1713529981, NULL);
*
INSERT INTO assets(identifier, name, type) VALUES('CLAY', 'Clayton', 'W'); INSERT INTO common_asset_details(identifier, symbol, coingecko, cryptocompare, forked, started, swapped_for) VALUES('CLAY', 'CLAY', 'clayton', '', NULL, 1737036720, NULL);
*
INSERT INTO assets(identifier, name, type) VALUES('CLOUD', 'Cloud', 'Y'); INSERT INTO common_asset_details(identifier, symbol, coingecko, cryptocompare, forked, started, swapped_for) VALUES('CLOUD', 'CLOUD', 'sanctum-2', 'CLOUD', NULL, 1720883375, NULL);
*
INSERT INTO assets(identifier, name, type) VALUES('eip155:1/erc20:0xE6829d9a7eE3040e1276Fa75293Bde931859e8fA', 'cmETH', 'C'); INSERT INTO evm_tokens(identifier, token_kind, chain, address, decimals, protocol) VALUES('eip155:1/erc20:0xE6829d9a7eE3040e1276Fa75293Bde931859e8fA', 'A', 1, '0xE6829d9a7eE3040e1276Fa75293Bde931859e8fA', 18, NULL); INSERT INTO common_asset_details(identifier, symbol, coingecko, cryptocompare, forked, started, swapped_for) VALUES('eip155:1/erc20:0xE6829d9a7eE3040e1276Fa75293Bde931859e8fA', 'cmETH', 'mantle-restaked-eth', 'CMETH', NULL, 1722581387, NULL);
*
INSERT INTO assets(identifier, name, type) VALUES('eip155:1/erc20:0x5CAc718A3AE330d361e39244BF9e67AB17514CE8', 'CosplayToken', 'C'); INSERT INTO evm_tokens(identifier, token_kind, chain, address, decimals, protocol) VALUES('eip155:1/erc20:0x5CAc718A3AE330d361e39244BF9e67AB17514CE8', 'A', 1, '0x5CAc718A3AE330d361e39244BF9e67AB17514CE8', 18, NULL); INSERT INTO common_asset_details(identifier, symbol, coingecko, cryptocompare, forked, started, swapped_for) VALUES('eip155:1/erc20:0x5CAc718A3AE330d361e39244BF9e67AB17514CE8', 'COT', 'cosplay-token-2', '', NULL, 1638687878, NULL);
*
INSERT INTO assets(identifier, name, type) VALUES('eip155:137/erc20:0x8d520c8E66091cfD6743fe37Fbe3A09505616C4b', 'CosplayToken (PoS)', 'C'); INSERT INTO evm_tokens(identifier, token_kind, chain, address, decimals, protocol) VALUES('eip155:137/erc20:0x8d520c8E66091cfD6743fe37Fbe3A09505616C4b', 'A', 137, '0x8d520c8E66091cfD6743fe37Fbe3A09505616C4b', 18, NULL); INSERT INTO common_asset_details(identifier, symbol, coingecko, cryptocompare, forked, started, swapped_for) VALUES('eip155:137/erc20:0x8d520c8E66091cfD6743fe37Fbe3A09505616C4b', 'COT', 'cosplay-token-2', '', NULL, 1638705684, NULL);
*
INSERT INTO assets(identifier, name, type) VALUES('eip155:1/erc20:0x5A59dD979754B09EA686ce93C98D4CE8bDCb43F2', 'Cros Token', 'C'); INSERT INTO evm_tokens(identifier, token_kind, chain, address, decimals, protocol) VALUES('eip155:1/erc20:0x5A59dD979754B09EA686ce93C98D4CE8bDCb43F2', 'A', 1, '0x5A59dD979754B09EA686ce93C98D4CE8bDCb43F2', 18, NULL); INSERT INTO common_asset_details(identifier, symbol, coingecko, cryptocompare, forked, started, swapped_for) VALUES('eip155:1/erc20:0x5A59dD979754B09EA686ce93C98D4CE8bDCb43F2', 'CROS', 'cros', '', NULL, 1723897067, NULL);
*
INSERT INTO assets(identifier, name, type) VALUES('eip155:1/erc20:0xe50E009Ddb1A4d8Ec668EAc9D8b2dF1F96348707', 'Ctrl', 'C'); INSERT INTO evm_tokens(identifier, token_kind, chain, address, decimals, protocol) VALUES('eip155:1/erc20:0xe50E009Ddb1A4d8Ec668EAc9D8b2dF1F96348707', 'A', 1, '0xe50E009Ddb1A4d8Ec668EAc9D8b2dF1F96348707', 18, NULL); INSERT INTO common_asset_details(identifier, symbol, coingecko, cryptocompare, forked, started, swapped_for) VALUES('eip155:1/erc20:0xe50E009Ddb1A4d8Ec668EAc9D8b2dF1F96348707', 'CTRL', 'ctrl-wallet', 'CTRL', NULL, 1726073243, NULL);
*
INSERT INTO assets(identifier, name, type) VALUES('CTT', 'Cashtree Token', 'W'); INSERT INTO common_asset_details(identifier, symbol, coingecko, cryptocompare, forked, started, swapped_for) VALUES('CTT', 'CTT', 'cashtree-token', '', NULL, 1692032375, NULL);
*
INSERT INTO assets(identifier, name, type) VALUES('eip155:1/erc20:0x33b481CbBF3c24f2B3184Ee7Cb02dAAD1C4F49A8', 'DAR Open Network', 'C'); INSERT INTO evm_tokens(identifier, token_kind, chain, address, decimals, protocol) VALUES('eip155:1/erc20:0x33b481CbBF3c24f2B3184Ee7Cb02dAAD1C4F49A8', 'A', 1, '0x33b481CbBF3c24f2B3184Ee7Cb02dAAD1C4F49A8', 6, NULL); INSERT INTO common_asset_details(identifier, symbol, coingecko, cryptocompare, forked, started, swapped_for) VALUES('eip155:1/erc20:0x33b481CbBF3c24f2B3184Ee7Cb02dAAD1C4F49A8', 'D', 'dar-open-network', '', NULL, 1732882943, NULL);
*
INSERT INTO assets(identifier, name, type) VALUES('eip155:56/erc20:0x8fB238058E71f828F505582E65b1D14f8cf52067', 'DAR Open Network', 'C'); INSERT INTO evm_tokens(identifier, token_kind, chain, address, decimals, protocol) VALUES('eip155:56/erc20:0x8fB238058E71f828F505582E65b1D14f8cf52067', 'A', 56, '0x8fB238058E71f828F505582E65b1D14f8cf52067', 6, NULL); INSERT INTO common_asset_details(identifier, symbol, coingecko, cryptocompare, forked, started, swapped_for) VALUES('eip155:56/erc20:0x8fB238058E71f828F505582E65b1D14f8cf52067', 'D', 'dar-open-network', '', NULL, 1732881093, NULL);
*
INSERT INTO assets(identifier, name, type) VALUES('DEEP', 'DeepBook', 'W'); INSERT INTO common_asset_details(identifier, symbol, coingecko, cryptocompare, forked, started, swapped_for) VALUES('DEEP', 'DEEP', 'deep', '', NULL, 1711629480, NULL);
*
INSERT INTO assets(identifier, name, type) VALUES('eip155:56/erc20:0xdE83180dD1166D4f8E5c2b7De14A2163b1Bb4a87', 'DiamondLaunch Coin', 'C'); INSERT INTO evm_tokens(identifier, token_kind, chain, address, decimals, protocol) VALUES('eip155:56/erc20:0xdE83180dD1166D4f8E5c2b7De14A2163b1Bb4a87', 'A', 56, '0xdE83180dD1166D4f8E5c2b7De14A2163b1Bb4a87', 18, NULL); INSERT INTO common_asset_details(identifier, symbol, coingecko, cryptocompare, forked, started, swapped_for) VALUES('eip155:56/erc20:0xdE83180dD1166D4f8E5c2b7De14A2163b1Bb4a87', 'DLC', 'diamond-launch', 'DLC', NULL, 1656054355, NULL);
*
INSERT INTO assets(identifier, name, type) VALUES('DOAI', 'Dojo Protocol', 'Y'); INSERT INTO common_asset_details(identifier, symbol, coingecko, cryptocompare, forked, started, swapped_for) VALUES('DOAI', 'DOAI', 'dojo-protocol', 'DOAI', NULL, 1718884895, NULL);
*
INSERT INTO assets(identifier, name, type) VALUES('eip155:1/erc20:0x1121AcC14c63f3C872BFcA497d10926A6098AAc5', 'Department Of Government Efficiency', 'C'); INSERT INTO evm_tokens(identifier, token_kind, chain, address, decimals, protocol) VALUES('eip155:1/erc20:0x1121AcC14c63f3C872BFcA497d10926A6098AAc5', 'A', 1, '0x1121AcC14c63f3C872BFcA497d10926A6098AAc5', 18, NULL); INSERT INTO common_asset_details(identifier, symbol, coingecko, cryptocompare, forked, started, swapped_for) VALUES('eip155:1/erc20:0x1121AcC14c63f3C872BFcA497d10926A6098AAc5', 'DOGE', 'department-of-government-efficiency', '', NULL, 1724119115, NULL);
*
INSERT INTO assets(identifier, name, type) VALUES('eip155:8453/erc20:0x67f0870BB897F5E1c369976b4A2962d527B9562c', 'Department Of Government Efficiency', 'C'); INSERT INTO evm_tokens(identifier, token_kind, chain, address, decimals, protocol) VALUES('eip155:8453/erc20:0x67f0870BB897F5E1c369976b4A2962d527B9562c', 'A', 8453, '0x67f0870BB897F5E1c369976b4A2962d527B9562c', 18, NULL); INSERT INTO common_asset_details(identifier, symbol, coingecko, cryptocompare, forked, started, swapped_for) VALUES('eip155:8453/erc20:0x67f0870BB897F5E1c369976b4A2962d527B9562c', 'DOGE', 'department-of-government-efficiency', '', NULL, 1731701365, NULL);
*
INSERT INTO assets(identifier, name, type) VALUES('eip155:1/erc20:0x97A9a15168C22B3C137E6381037E1499C8ad0978', 'Data Ownership Protocol', 'C'); INSERT INTO evm_tokens(identifier, token_kind, chain, address, decimals, protocol) VALUES('eip155:1/erc20:0x97A9a15168C22B3C137E6381037E1499C8ad0978', 'A', 1, '0x97A9a15168C22B3C137E6381037E1499C8ad0978', 18, NULL); INSERT INTO common_asset_details(identifier, symbol, coingecko, cryptocompare, forked, started, swapped_for) VALUES('eip155:1/erc20:0x97A9a15168C22B3C137E6381037E1499C8ad0978', 'DOP', 'data-ownership-protocol', '', NULL, 1711647911, NULL);
*
INSERT INTO assets(identifier, name, type) VALUES('eip155:56/erc20:0x44a21B3577924DCD2e9C81A3347D204C36a55466', 'Paysenger EGO', 'C'); INSERT INTO evm_tokens(identifier, token_kind, chain, address, decimals, protocol) VALUES('eip155:56/erc20:0x44a21B3577924DCD2e9C81A3347D204C36a55466', 'A', 56, '0x44a21B3577924DCD2e9C81A3347D204C36a55466', 18, NULL); INSERT INTO common_asset_details(identifier, symbol, coingecko, cryptocompare, forked, started, swapped_for) VALUES('eip155:56/erc20:0x44a21B3577924DCD2e9C81A3347D204C36a55466', 'EGO', 'paysenger-ego', 'EGO', NULL, 1685163181, NULL);
*
INSERT INTO assets(identifier, name, type) VALUES('eip155:42161/erc20:0x7E7a7C916c19a45769f6BDAF91087f93c6C12F78', 'Eigenpie', 'C'); INSERT INTO evm_tokens(identifier, token_kind, chain, address, decimals, protocol) VALUES('eip155:42161/erc20:0x7E7a7C916c19a45769f6BDAF91087f93c6C12F78', 'A', 42161, '0x7E7a7C916c19a45769f6BDAF91087f93c6C12F78', 18, NULL); INSERT INTO common_asset_details(identifier, symbol, coingecko, cryptocompare, forked, started, swapped_for) VALUES('eip155:42161/erc20:0x7E7a7C916c19a45769f6BDAF91087f93c6C12F78', 'EGP', 'eigenpie', '', NULL, 1726032245, NULL);
*
INSERT INTO assets(identifier, name, type) VALUES('eip155:56/erc20:0x0cc7288A11c0c31d39d0e05EB59F24e506ad6aD5', 'Bridged EGP', 'C'); INSERT INTO evm_tokens(identifier, token_kind, chain, address, decimals, protocol) VALUES('eip155:56/erc20:0x0cc7288A11c0c31d39d0e05EB59F24e506ad6aD5', 'A', 56, '0x0cc7288A11c0c31d39d0e05EB59F24e506ad6aD5', 18, NULL); INSERT INTO common_asset_details(identifier, symbol, coingecko, cryptocompare, forked, started, swapped_for) VALUES('eip155:56/erc20:0x0cc7288A11c0c31d39d0e05EB59F24e506ad6aD5', 'Bridged EGP', 'eigenpie', '', NULL, 1735634593, NULL);
*
INSERT INTO assets(identifier, name, type) VALUES('eip155:56/erc20:0xab2ed911BDbeA001FD3B29AdbC35d8a76E68aAe4', 'Eldarune', 'C'); INSERT INTO evm_tokens(identifier, token_kind, chain, address, decimals, protocol) VALUES('eip155:56/erc20:0xab2ed911BDbeA001FD3B29AdbC35d8a76E68aAe4', 'A', 56, '0xab2ed911BDbeA001FD3B29AdbC35d8a76E68aAe4', 18, NULL); INSERT INTO common_asset_details(identifier, symbol, coingecko, cryptocompare, forked, started, swapped_for) VALUES('eip155:56/erc20:0xab2ed911BDbeA001FD3B29AdbC35d8a76E68aAe4', 'ELDA', 'eldarune', 'ELDA', NULL, 1683566790, NULL);
*
INSERT INTO assets(identifier, name, type) VALUES('eip155:56/erc20:0xe3f53c0d48360de764dDc2a1A82c3e6DB5d4624d', 'EMoneyToken', 'C'); INSERT INTO evm_tokens(identifier, token_kind, chain, address, decimals, protocol) VALUES('eip155:56/erc20:0xe3f53c0d48360de764dDc2a1A82c3e6DB5d4624d', 'A', 56, '0xe3f53c0d48360de764dDc2a1A82c3e6DB5d4624d', 18, NULL); INSERT INTO common_asset_details(identifier, symbol, coingecko, cryptocompare, forked, started, swapped_for) VALUES('eip155:56/erc20:0xe3f53c0d48360de764dDc2a1A82c3e6DB5d4624d', 'EMYC', 'emoneytoken', '', NULL, 1737016695, NULL);
*
INSERT INTO assets(identifier, name, type) VALUES('eip155:1/erc20:0x9aFa9999e45484Adf5d8EED8D9Dfe0693BACd838', 'Everyworld', 'C'); INSERT INTO evm_tokens(identifier, token_kind, chain, address, decimals, protocol) VALUES('eip155:1/erc20:0x9aFa9999e45484Adf5d8EED8D9Dfe0693BACd838', 'A', 1, '0x9aFa9999e45484Adf5d8EED8D9Dfe0693BACd838', 18, NULL); INSERT INTO common_asset_details(identifier, symbol, coingecko, cryptocompare, forked, started, swapped_for) VALUES('eip155:1/erc20:0x9aFa9999e45484Adf5d8EED8D9Dfe0693BACd838', 'EVERY', 'everyworld', 'EVERY', NULL, 1684422995, NULL);
*
INSERT INTO assets(identifier, name, type) VALUES('eip155:8453/erc20:0x717d31A60a9e811469673429c9F8Ea24358990f1', 'Everyworld', 'C'); INSERT INTO evm_tokens(identifier, token_kind, chain, address, decimals, protocol) VALUES('eip155:8453/erc20:0x717d31A60a9e811469673429c9F8Ea24358990f1', 'A', 8453, '0x717d31A60a9e811469673429c9F8Ea24358990f1', 18, NULL); INSERT INTO common_asset_details(identifier, symbol, coingecko, cryptocompare, forked, started, swapped_for) VALUES('eip155:8453/erc20:0x717d31A60a9e811469673429c9F8Ea24358990f1', 'EVERY', 'everyworld', 'EVERY', NULL, 1712337685, NULL);
*
INSERT INTO assets(identifier, name, type) VALUES('eip155:1/erc20:0x57e114B691Db790C35207b2e685D4A43181e6061', 'ENA', 'C'); INSERT INTO evm_tokens(identifier, token_kind, chain, address, decimals, protocol) VALUES('eip155:1/erc20:0x57e114B691Db790C35207b2e685D4A43181e6061', 'A', 1, '0x57e114B691Db790C35207b2e685D4A43181e6061', 18, NULL); INSERT INTO common_asset_details(identifier, symbol, coingecko, cryptocompare, forked, started, swapped_for) VALUES('eip155:1/erc20:0x57e114B691Db790C35207b2e685D4A43181e6061', 'ENA', 'ethena', 'ENA', NULL, 1709674199, NULL);
*
INSERT INTO assets(identifier, name, type) VALUES('eip155:56/erc20:0xBb7D61D2511fD2e63F02178ca9B663458Af9FC63', 'EXVERSE', 'C'); INSERT INTO evm_tokens(identifier, token_kind, chain, address, decimals, protocol) VALUES('eip155:56/erc20:0xBb7D61D2511fD2e63F02178ca9B663458Af9FC63', 'A', 56, '0xBb7D61D2511fD2e63F02178ca9B663458Af9FC63', 18, NULL); INSERT INTO common_asset_details(identifier, symbol, coingecko, cryptocompare, forked, started, swapped_for) VALUES('eip155:56/erc20:0xBb7D61D2511fD2e63F02178ca9B663458Af9FC63', 'EXVG', 'exverse', 'EXVG', NULL, 1705500753, NULL);
*
INSERT INTO assets(identifier, name, type) VALUES('eip155:1/erc20:0x8cb8C4263EB26b2349d74ea2cB1B27bc40709e12', 'EYWA', 'C'); INSERT INTO evm_tokens(identifier, token_kind, chain, address, decimals, protocol) VALUES('eip155:1/erc20:0x8cb8C4263EB26b2349d74ea2cB1B27bc40709e12', 'A', 1, '0x8cb8C4263EB26b2349d74ea2cB1B27bc40709e12', 18, NULL); INSERT INTO common_asset_details(identifier, symbol, coingecko, cryptocompare, forked, started, swapped_for) VALUES('eip155:1/erc20:0x8cb8C4263EB26b2349d74ea2cB1B27bc40709e12', 'EYWA', 'eywa', '', NULL, 1734094691, NULL);
*
INSERT INTO assets(identifier, name, type) VALUES('eip155:56/erc20:0x7A10F506E4c7658e6AD15Fdf0443d450B7FA80D7', 'EYWA', 'C'); INSERT INTO evm_tokens(identifier, token_kind, chain, address, decimals, protocol) VALUES('eip155:56/erc20:0x7A10F506E4c7658e6AD15Fdf0443d450B7FA80D7', 'A', 56, '0x7A10F506E4c7658e6AD15Fdf0443d450B7FA80D7', 18, NULL); INSERT INTO common_asset_details(identifier, symbol, coingecko, cryptocompare, forked, started, swapped_for) VALUES('eip155:56/erc20:0x7A10F506E4c7658e6AD15Fdf0443d450B7FA80D7', 'EYWA', 'eywa', '', NULL, 1734096034, NULL);
*
INSERT INTO assets(identifier, name, type) VALUES('eip155:42161/erc20:0x7A10F506E4c7658e6AD15Fdf0443d450B7FA80D7', 'EYWA', 'C'); INSERT INTO evm_tokens(identifier, token_kind, chain, address, decimals, protocol) VALUES('eip155:42161/erc20:0x7A10F506E4c7658e6AD15Fdf0443d450B7FA80D7', 'A', 42161, '0x7A10F506E4c7658e6AD15Fdf0443d450B7FA80D7', 18, NULL); INSERT INTO common_asset_details(identifier, symbol, coingecko, cryptocompare, forked, started, swapped_for) VALUES('eip155:42161/erc20:0x7A10F506E4c7658e6AD15Fdf0443d450B7FA80D7', 'EYWA', 'eywa', '', NULL, 1734095797, NULL);
*
INSERT INTO assets(identifier, name, type) VALUES('eip155:1/erc20:0xf9Fa60EF4F23F00CCE403cc4d2c11Baf4880A0d6', 'FARCANA', 'C'); INSERT INTO evm_tokens(identifier, token_kind, chain, address, decimals, protocol) VALUES('eip155:1/erc20:0xf9Fa60EF4F23F00CCE403cc4d2c11Baf4880A0d6', 'A', 1, '0xf9Fa60EF4F23F00CCE403cc4d2c11Baf4880A0d6', 18, NULL); INSERT INTO common_asset_details(identifier, symbol, coingecko, cryptocompare, forked, started, swapped_for) VALUES('eip155:1/erc20:0xf9Fa60EF4F23F00CCE403cc4d2c11Baf4880A0d6', 'FAR', 'farcana', '', NULL, 1733493227, NULL);
*
INSERT INTO assets(identifier, name, type) VALUES('eip155:137/erc20:0x5F32AbeeBD3c2fac1E7459A27e1AE9f1C16ccccA', 'FARCANA', 'C'); INSERT INTO evm_tokens(identifier, token_kind, chain, address, decimals, protocol) VALUES('eip155:137/erc20:0x5F32AbeeBD3c2fac1E7459A27e1AE9f1C16ccccA', 'A', 137, '0x5F32AbeeBD3c2fac1E7459A27e1AE9f1C16ccccA', 18, NULL); INSERT INTO common_asset_details(identifier, symbol, coingecko, cryptocompare, forked, started, swapped_for) VALUES('eip155:137/erc20:0x5F32AbeeBD3c2fac1E7459A27e1AE9f1C16ccccA', 'FAR', 'farcana', '', NULL, 1704267301, NULL);
*
INSERT INTO assets(identifier, name, type) VALUES('eip155:137/erc20:0x838C9634dE6590B96aEadC4Bc6DB5c28Fd17E3C2', 'Matr1x Fire Token', 'C'); INSERT INTO evm_tokens(identifier, token_kind, chain, address, decimals, protocol) VALUES('eip155:137/erc20:0x838C9634dE6590B96aEadC4Bc6DB5c28Fd17E3C2', 'A', 137, '0x838C9634dE6590B96aEadC4Bc6DB5c28Fd17E3C2', 18, NULL); INSERT INTO common_asset_details(identifier, symbol, coingecko, cryptocompare, forked, started, swapped_for) VALUES('eip155:137/erc20:0x838C9634dE6590B96aEadC4Bc6DB5c28Fd17E3C2', 'FIRE', 'matr1x-fire', 'FIRE', NULL, 1706102727, NULL);
*
INSERT INTO assets(identifier, name, type) VALUES('eip155:8453/erc20:0x5aB3D4c385B400F3aBB49e80DE2fAF6a88A7B691', 'FLock.io', 'C'); INSERT INTO evm_tokens(identifier, token_kind, chain, address, decimals, protocol) VALUES('eip155:8453/erc20:0x5aB3D4c385B400F3aBB49e80DE2fAF6a88A7B691', 'A', 8453, '0x5aB3D4c385B400F3aBB49e80DE2fAF6a88A7B691', 18, NULL); INSERT INTO common_asset_details(identifier, symbol, coingecko, cryptocompare, forked, started, swapped_for) VALUES('eip155:8453/erc20:0x5aB3D4c385B400F3aBB49e80DE2fAF6a88A7B691', 'FLOCK', 'flock-2', '', NULL, 1734737363, NULL);
*
INSERT INTO assets(identifier, name, type) VALUES('eip155:1/erc20:0x6f40d4A6237C257fff2dB00FA0510DeEECd303eb', 'Fluid', 'C'); INSERT INTO evm_tokens(identifier, token_kind, chain, address, decimals, protocol) VALUES('eip155:1/erc20:0x6f40d4A6237C257fff2dB00FA0510DeEECd303eb', 'A', 1, '0x6f40d4A6237C257fff2dB00FA0510DeEECd303eb', 18, NULL); INSERT INTO common_asset_details(identifier, symbol, coingecko, cryptocompare, forked, started, swapped_for) VALUES('eip155:1/erc20:0x6f40d4A6237C257fff2dB00FA0510DeEECd303eb', 'FLUID', 'instadapp', '', NULL, 1617673481, NULL);
*
INSERT INTO assets(identifier, name, type) VALUES('eip155:42161/erc20:0xaE7d4Bf2Bb00A2F4Ade1C726819FCACA0e517A5B', 'Fluid', 'C'); INSERT INTO evm_tokens(identifier, token_kind, chain, address, decimals, protocol) VALUES('eip155:42161/erc20:0xaE7d4Bf2Bb00A2F4Ade1C726819FCACA0e517A5B', 'A', 42161, '0xaE7d4Bf2Bb00A2F4Ade1C726819FCACA0e517A5B', 18, NULL); INSERT INTO common_asset_details(identifier, symbol, coingecko, cryptocompare, forked, started, swapped_for) VALUES('eip155:42161/erc20:0xaE7d4Bf2Bb00A2F4Ade1C726819FCACA0e517A5B', 'FLUID', 'instadapp', '', NULL, 1736958817, NULL);
*
INSERT INTO assets(identifier, name, type) VALUES('eip155:137/erc20:0xf50D05A1402d0adAfA880D36050736f9f6ee7dee', 'Fluid (PoS)', 'C'); INSERT INTO evm_tokens(identifier, token_kind, chain, address, decimals, protocol) VALUES('eip155:137/erc20:0xf50D05A1402d0adAfA880D36050736f9f6ee7dee', 'A', 137, '0xf50D05A1402d0adAfA880D36050736f9f6ee7dee', 18, NULL); INSERT INTO common_asset_details(identifier, symbol, coingecko, cryptocompare, forked, started, swapped_for) VALUES('eip155:137/erc20:0xf50D05A1402d0adAfA880D36050736f9f6ee7dee', 'FLUID', 'instadapp', '', NULL, 1623642907, NULL);
*
INSERT INTO assets(identifier, name, type) VALUES('eip155:1/erc20:0x52284158E02425290f6B627Aeb5FFF65eDf058Ad', 'Flappy Moon Bird', 'C'); INSERT INTO evm_tokens(identifier, token_kind, chain, address, decimals, protocol) VALUES('eip155:1/erc20:0x52284158E02425290f6B627Aeb5FFF65eDf058Ad', 'A', 1, '0x52284158E02425290f6B627Aeb5FFF65eDf058Ad', 18, NULL); INSERT INTO common_asset_details(identifier, symbol, coingecko, cryptocompare, forked, started, swapped_for) VALUES('eip155:1/erc20:0x52284158E02425290f6B627Aeb5FFF65eDf058Ad', 'FMB', 'flappymoonbird', '', NULL, 1685102795, NULL);
*
INSERT INTO assets(identifier, name, type) VALUES('eip155:1/erc20:0x6bfDB6f4E65Ead27118592A41eB927cEa6956198', 'Fame AI', 'C'); INSERT INTO evm_tokens(identifier, token_kind, chain, address, decimals, protocol) VALUES('eip155:1/erc20:0x6bfDB6f4E65Ead27118592A41eB927cEa6956198', 'A', 1, '0x6bfDB6f4E65Ead27118592A41eB927cEa6956198', 18, NULL); INSERT INTO common_asset_details(identifier, symbol, coingecko, cryptocompare, forked, started, swapped_for) VALUES('eip155:1/erc20:0x6bfDB6f4E65Ead27118592A41eB927cEa6956198', 'FMC', 'fame-ai', '', NULL, 1702222187, NULL);
*
INSERT INTO assets(identifier, name, type) VALUES('eip155:8453/erc20:0x6bfDB6f4E65Ead27118592A41eB927cEa6956198', 'Fame AI', 'C'); INSERT INTO evm_tokens(identifier, token_kind, chain, address, decimals, protocol) VALUES('eip155:8453/erc20:0x6bfDB6f4E65Ead27118592A41eB927cEa6956198', 'A', 8453, '0x6bfDB6f4E65Ead27118592A41eB927cEa6956198', 18, NULL); INSERT INTO common_asset_details(identifier, symbol, coingecko, cryptocompare, forked, started, swapped_for) VALUES('eip155:8453/erc20:0x6bfDB6f4E65Ead27118592A41eB927cEa6956198', 'FMC', 'fame-ai', '', NULL, 1736490887, NULL);
*
INSERT INTO assets(identifier, name, type) VALUES('FRED', 'First Convicted RACCON', 'Y'); INSERT INTO common_asset_details(identifier, symbol, coingecko, cryptocompare, forked, started, swapped_for) VALUES('FRED', 'FRED', 'first-convicted-raccon', 'FRED', NULL, 1735713875, NULL);
*
INSERT INTO assets(identifier, name, type) VALUES('FTON', 'Fanton Token', 'W'); INSERT INTO common_asset_details(identifier, symbol, coingecko, cryptocompare, forked, started, swapped_for) VALUES('FTON', 'FTON', 'fanton-token', '', NULL, 1727851920, NULL);
*
INSERT INTO assets(identifier, name, type) VALUES('eip155:1/erc20:0x423071774C43c0Aaf4210b439E7CDA8c797e2F26', 'GALAXIS Token', 'C'); INSERT INTO evm_tokens(identifier, token_kind, chain, address, decimals, protocol) VALUES('eip155:1/erc20:0x423071774C43c0Aaf4210b439E7CDA8c797e2F26', 'A', 1, '0x423071774C43c0Aaf4210b439E7CDA8c797e2F26', 18, NULL); INSERT INTO common_asset_details(identifier, symbol, coingecko, cryptocompare, forked, started, swapped_for) VALUES('eip155:1/erc20:0x423071774C43c0Aaf4210b439E7CDA8c797e2F26', 'GALAXIS', 'galaxis-token', 'GALAXIS', NULL, 1714385903, NULL);
*
INSERT INTO assets(identifier, name, type) VALUES('eip155:8453/erc20:0x2D189eABb667aA1ecFC01963a6a3A5d83960f558', 'GALAXIS Token', 'C'); INSERT INTO evm_tokens(identifier, token_kind, chain, address, decimals, protocol) VALUES('eip155:8453/erc20:0x2D189eABb667aA1ecFC01963a6a3A5d83960f558', 'A', 8453, '0x2D189eABb667aA1ecFC01963a6a3A5d83960f558', 18, NULL); INSERT INTO common_asset_details(identifier, symbol, coingecko, cryptocompare, forked, started, swapped_for) VALUES('eip155:8453/erc20:0x2D189eABb667aA1ecFC01963a6a3A5d83960f558', 'GALAXIS', 'galaxis-token', 'GALAXIS', NULL, 1727265999, NULL);
*
INSERT INTO assets(identifier, name, type) VALUES('eip155:42161/erc20:0xA5312C3E42A82D459162B2a3bD7FfC4F9099b911', 'GALAXIS Token', 'C'); INSERT INTO evm_tokens(identifier, token_kind, chain, address, decimals, protocol) VALUES('eip155:42161/erc20:0xA5312C3E42A82D459162B2a3bD7FfC4F9099b911', 'A', 42161, '0xA5312C3E42A82D459162B2a3bD7FfC4F9099b911', 18, NULL); INSERT INTO common_asset_details(identifier, symbol, coingecko, cryptocompare, forked, started, swapped_for) VALUES('eip155:42161/erc20:0xA5312C3E42A82D459162B2a3bD7FfC4F9099b911', 'GALAXIS', 'galaxis-token', 'GALAXIS', NULL, 1714695650, NULL);
*
INSERT INTO assets(identifier, name, type) VALUES('eip155:137/erc20:0x3C69d114664d48357d820Dbdd121a8071eAc99bf', 'GALAXIS Token (PoS)', 'C'); INSERT INTO evm_tokens(identifier, token_kind, chain, address, decimals, protocol) VALUES('eip155:137/erc20:0x3C69d114664d48357d820Dbdd121a8071eAc99bf', 'A', 137, '0x3C69d114664d48357d820Dbdd121a8071eAc99bf', 18, NULL); INSERT INTO common_asset_details(identifier, symbol, coingecko, cryptocompare, forked, started, swapped_for) VALUES('eip155:137/erc20:0x3C69d114664d48357d820Dbdd121a8071eAc99bf', 'GALAXIS', 'galaxis-token', 'GALAXIS', NULL, 1714637112, NULL);
*
INSERT INTO assets(identifier, name, type) VALUES('eip155:1/erc20:0xDcEe70654261AF21C44c093C300eD3Bb97b78192', 'Wrapped OETH', 'C'); INSERT INTO evm_tokens(identifier, token_kind, chain, address, decimals, protocol) VALUES('eip155:1/erc20:0xDcEe70654261AF21C44c093C300eD3Bb97b78192', 'A', 1, '0xDcEe70654261AF21C44c093C300eD3Bb97b78192', 18, NULL); INSERT INTO common_asset_details(identifier, symbol, coingecko, cryptocompare, forked, started, swapped_for) VALUES('eip155:1/erc20:0xDcEe70654261AF21C44c093C300eD3Bb97b78192', 'WOETH', 'wrapped-oeth', 'woeth', NULL, 1680301283, NULL);
*
INSERT INTO assets(identifier, name, type) VALUES('eip155:42161/erc20:0xD8724322f44E5c58D7A815F542036fb17DbbF839', 'Wrapped OETH', 'C'); INSERT INTO evm_tokens(identifier, token_kind, chain, address, decimals, protocol) VALUES('eip155:42161/erc20:0xD8724322f44E5c58D7A815F542036fb17DbbF839', 'A', 42161, '0xD8724322f44E5c58D7A815F542036fb17DbbF839', 18, NULL); INSERT INTO common_asset_details(identifier, symbol, coingecko, cryptocompare, forked, started, swapped_for) VALUES('eip155:42161/erc20:0xD8724322f44E5c58D7A815F542036fb17DbbF839', 'WOETH', 'wrapped-oeth', 'woeth', NULL, 1707392291, NULL);
*
INSERT INTO assets(identifier, name, type) VALUES('eip155:8453/erc20:0x1C4CcA7C5DB003824208aDDA61Bd749e55F463a3', 'GAME by Virtuals', 'C'); INSERT INTO evm_tokens(identifier, token_kind, chain, address, decimals, protocol) VALUES('eip155:8453/erc20:0x1C4CcA7C5DB003824208aDDA61Bd749e55F463a3', 'A', 8453, '0x1C4CcA7C5DB003824208aDDA61Bd749e55F463a3', 18, NULL); INSERT INTO common_asset_details(identifier, symbol, coingecko, cryptocompare, forked, started, swapped_for) VALUES('eip155:8453/erc20:0x1C4CcA7C5DB003824208aDDA61Bd749e55F463a3', 'GAME', 'game-by-virtuals', '', NULL, 1727091731, NULL);
*
INSERT INTO assets(identifier, name, type) VALUES('eip155:1/erc20:0x5f944B0c4315Cb7c3a846b025AB4045da44abf6c', 'PANCAKE GAMES', 'C'); INSERT INTO evm_tokens(identifier, token_kind, chain, address, decimals, protocol) VALUES('eip155:1/erc20:0x5f944B0c4315Cb7c3a846b025AB4045da44abf6c', 'A', 1, '0x5f944B0c4315Cb7c3a846b025AB4045da44abf6c', 18, NULL); INSERT INTO common_asset_details(identifier, symbol, coingecko, cryptocompare, forked, started, swapped_for) VALUES('eip155:1/erc20:0x5f944B0c4315Cb7c3a846b025AB4045da44abf6c', 'GCAKE', 'pancake-games', '', NULL, 1632788762, NULL);
*
INSERT INTO assets(identifier, name, type) VALUES('eip155:56/erc20:0x61D5822DD7b3Ed495108733e6550d4529480C8F6', 'Pancake GAMES', 'C'); INSERT INTO evm_tokens(identifier, token_kind, chain, address, decimals, protocol) VALUES('eip155:56/erc20:0x61D5822DD7b3Ed495108733e6550d4529480C8F6', 'A', 56, '0x61D5822DD7b3Ed495108733e6550d4529480C8F6', 18, NULL); INSERT INTO common_asset_details(identifier, symbol, coingecko, cryptocompare, forked, started, swapped_for) VALUES('eip155:56/erc20:0x61D5822DD7b3Ed495108733e6550d4529480C8F6', 'GCAKE', 'pancake-games', '', NULL, 1633790769, NULL);
*
INSERT INTO assets(identifier, name, type) VALUES('eip155:42161/erc20:0x000000000026839b3f4181f2cF69336af6153b99', 'GG', 'C'); INSERT INTO evm_tokens(identifier, token_kind, chain, address, decimals, protocol) VALUES('eip155:42161/erc20:0x000000000026839b3f4181f2cF69336af6153b99', 'A', 42161, '0x000000000026839b3f4181f2cF69336af6153b99', 18, NULL); INSERT INTO common_asset_details(identifier, symbol, coingecko, cryptocompare, forked, started, swapped_for) VALUES('eip155:42161/erc20:0x000000000026839b3f4181f2cF69336af6153b99', 'GG', 'reboot', 'GG', NULL, 1703621584, NULL);
*
INSERT INTO assets(identifier, name, type) VALUES('eip155:1/erc20:0x68E2e5c9DFF32419A108713f83274a4Fb5e194CA', 'Glacier Network', 'C'); INSERT INTO evm_tokens(identifier, token_kind, chain, address, decimals, protocol) VALUES('eip155:1/erc20:0x68E2e5c9DFF32419A108713f83274a4Fb5e194CA', 'A', 1, '0x68E2e5c9DFF32419A108713f83274a4Fb5e194CA', 18, NULL); INSERT INTO common_asset_details(identifier, symbol, coingecko, cryptocompare, forked, started, swapped_for) VALUES('eip155:1/erc20:0x68E2e5c9DFF32419A108713f83274a4Fb5e194CA', 'GLS', 'glacier-network', 'GLS', NULL, 1720576511, NULL);
*
INSERT INTO assets(identifier, name, type) VALUES('eip155:8453/erc20:0xe898bCD00B86A3eaE43914319D2D4460230f735c', 'Glacier Network', 'C'); INSERT INTO evm_tokens(identifier, token_kind, chain, address, decimals, protocol) VALUES('eip155:8453/erc20:0xe898bCD00B86A3eaE43914319D2D4460230f735c', 'A', 8453, '0xe898bCD00B86A3eaE43914319D2D4460230f735c', 18, NULL); INSERT INTO common_asset_details(identifier, symbol, coingecko, cryptocompare, forked, started, swapped_for) VALUES('eip155:8453/erc20:0xe898bCD00B86A3eaE43914319D2D4460230f735c', 'GLS', 'glacier-network', 'GLS', NULL, 1734583727, NULL);
*
INSERT INTO assets(identifier, name, type) VALUES('GODL', 'RoOLZ', 'W'); INSERT INTO common_asset_details(identifier, symbol, coingecko, cryptocompare, forked, started, swapped_for) VALUES('GODL', 'GODL', 'roolz', '', NULL, 1730983260, NULL);
*
INSERT INTO assets(identifier, name, type) VALUES('GOATS', 'GOATS', 'W'); INSERT INTO common_asset_details(identifier, symbol, coingecko, cryptocompare, forked, started, swapped_for) VALUES('GOATS', 'GOATS', 'goats-2', '', NULL, 1733409120, NULL);
*
INSERT INTO assets(identifier, name, type) VALUES('eip155:8453/erc20:0x0C1dC73159e30c4b06170F2593D3118968a0DCa5', 'GoPlus Security', 'C'); INSERT INTO evm_tokens(identifier, token_kind, chain, address, decimals, protocol) VALUES('eip155:8453/erc20:0x0C1dC73159e30c4b06170F2593D3118968a0DCa5', 'A', 8453, '0x0C1dC73159e30c4b06170F2593D3118968a0DCa5', 18, NULL); INSERT INTO common_asset_details(identifier, symbol, coingecko, cryptocompare, forked, started, swapped_for) VALUES('eip155:8453/erc20:0x0C1dC73159e30c4b06170F2593D3118968a0DCa5', 'GPS', 'goplus-security', '', NULL, 1736845641, NULL);
*
INSERT INTO assets(identifier, name, type) VALUES('eip155:56/erc20:0x7eDC0eC89F987ECd85617b891c44fE462a325869', 'Gunstar Metaverse', 'C'); INSERT INTO evm_tokens(identifier, token_kind, chain, address, decimals, protocol) VALUES('eip155:56/erc20:0x7eDC0eC89F987ECd85617b891c44fE462a325869', 'A', 56, '0x7eDC0eC89F987ECd85617b891c44fE462a325869', 18, NULL); INSERT INTO common_asset_details(identifier, symbol, coingecko, cryptocompare, forked, started, swapped_for) VALUES('eip155:56/erc20:0x7eDC0eC89F987ECd85617b891c44fE462a325869', 'GST', 'gunstar-metaverse', '', NULL, 1637665937, NULL);
*
INSERT INTO assets(identifier, name, type) VALUES('GUMMY', 'GUMMY', 'Y'); INSERT INTO common_asset_details(identifier, symbol, coingecko, cryptocompare, forked, started, swapped_for) VALUES('GUMMY', 'GUMMY', 'gummy', 'GUMMY', NULL, 1713637130, NULL);
*
INSERT INTO assets(identifier, name, type) VALUES('HAPPY', 'Happy Cat', 'Y'); INSERT INTO common_asset_details(identifier, symbol, coingecko, cryptocompare, forked, started, swapped_for) VALUES('HAPPY', 'HAPPY', 'happycat-2', 'HAPPY', NULL, 1730907811, NULL);
*
INSERT INTO assets(identifier, name, type) VALUES('eip155:1/erc20:0xb3999F658C0391d94A37f7FF328F3feC942BcADC', 'Hashflow', 'C'); INSERT INTO evm_tokens(identifier, token_kind, chain, address, decimals, protocol) VALUES('eip155:1/erc20:0xb3999F658C0391d94A37f7FF328F3feC942BcADC', 'A', 1, '0xb3999F658C0391d94A37f7FF328F3feC942BcADC', 18, NULL); INSERT INTO common_asset_details(identifier, symbol, coingecko, cryptocompare, forked, started, swapped_for) VALUES('eip155:1/erc20:0xb3999F658C0391d94A37f7FF328F3feC942BcADC', 'HFT', 'hashflow', 'HFT', NULL, 1649728943, NULL);
*
INSERT INTO assets(identifier, name, type) VALUES('eip155:56/erc20:0x44Ec807ce2F4a6F2737A92e985f318d035883e47', 'Hashflow', 'C'); INSERT INTO evm_tokens(identifier, token_kind, chain, address, decimals, protocol) VALUES('eip155:56/erc20:0x44Ec807ce2F4a6F2737A92e985f318d035883e47', 'A', 56, '0x44Ec807ce2F4a6F2737A92e985f318d035883e47', 18, NULL); INSERT INTO common_asset_details(identifier, symbol, coingecko, cryptocompare, forked, started, swapped_for) VALUES('eip155:56/erc20:0x44Ec807ce2F4a6F2737A92e985f318d035883e47', 'HFT', 'hashflow', 'HFT', NULL, 1666643195, NULL);
*
INSERT INTO assets(identifier, name, type) VALUES('HFUN', 'Hypurr Fun', 'W'); INSERT INTO common_asset_details(identifier, symbol, coingecko, cryptocompare, forked, started, swapped_for) VALUES('HFUN', 'HFUN', 'hypurr-fun', '', NULL, 1715858853, NULL);
*
INSERT INTO assets(identifier, name, type) VALUES('HIPPO', 'sudeng', 'W'); INSERT INTO common_asset_details(identifier, symbol, coingecko, cryptocompare, forked, started, swapped_for) VALUES('HIPPO', 'HIPPO', 'sudeng', '', NULL, 1727448540, NULL);
*
INSERT INTO assets(identifier, name, type) VALUES('eip155:56/erc20:0x80A78A9b6B1272FdB612B39181BF113706024875', 'Halo', 'C'); INSERT INTO evm_tokens(identifier, token_kind, chain, address, decimals, protocol) VALUES('eip155:56/erc20:0x80A78A9b6B1272FdB612B39181BF113706024875', 'A', 56, '0x80A78A9b6B1272FdB612B39181BF113706024875', 18, NULL); INSERT INTO common_asset_details(identifier, symbol, coingecko, cryptocompare, forked, started, swapped_for) VALUES('eip155:56/erc20:0x80A78A9b6B1272FdB612B39181BF113706024875', 'HLO', 'halo-2', 'HLO', NULL, 1735267964, NULL);
*
INSERT INTO assets(identifier, name, type) VALUES('eip155:324/erc20:0xed4040fD47629e7c8FBB7DA76bb50B3e7695F0f2', 'Holdstation', 'C'); INSERT INTO evm_tokens(identifier, token_kind, chain, address, decimals, protocol) VALUES('eip155:324/erc20:0xed4040fD47629e7c8FBB7DA76bb50B3e7695F0f2', 'A', 324, '0xed4040fD47629e7c8FBB7DA76bb50B3e7695F0f2', 18, NULL); INSERT INTO common_asset_details(identifier, symbol, coingecko, cryptocompare, forked, started, swapped_for) VALUES('eip155:324/erc20:0xed4040fD47629e7c8FBB7DA76bb50B3e7695F0f2', 'HOLD', 'holdstation', '', NULL, 1700119226, NULL);
*
INSERT INTO assets(identifier, name, type) VALUES('HOLD', 'Holdcoin', 'W'); INSERT INTO common_asset_details(identifier, symbol, coingecko, cryptocompare, forked, started, swapped_for) VALUES('HOLD', 'HOLD', 'holdcoin', '', NULL, 1734393839, NULL);
*
INSERT INTO assets(identifier, name, type) VALUES('eip155:1/erc20:0x6c6EE5e31d828De241282B9606C8e98Ea48526E2', 'HoloToken', 'C'); INSERT INTO evm_tokens(identifier, token_kind, chain, address, decimals, protocol) VALUES('eip155:1/erc20:0x6c6EE5e31d828De241282B9606C8e98Ea48526E2', 'A', 1, '0x6c6EE5e31d828De241282B9606C8e98Ea48526E2', 18, NULL); INSERT INTO common_asset_details(identifier, symbol, coingecko, cryptocompare, forked, started, swapped_for) VALUES('eip155:1/erc20:0x6c6EE5e31d828De241282B9606C8e98Ea48526E2', 'HOT', 'holotoken', 'HOT', NULL, 1517448069, NULL);
*
INSERT INTO assets(identifier, name, type) VALUES('eip155:1/erc20:0x72e4f9F808C49A2a61dE9C5896298920Dc4EEEa9', 'HarryPotterObamaSonic10Inu', 'C'); INSERT INTO evm_tokens(identifier, token_kind, chain, address, decimals, protocol) VALUES('eip155:1/erc20:0x72e4f9F808C49A2a61dE9C5896298920Dc4EEEa9', 'A', 1, '0x72e4f9F808C49A2a61dE9C5896298920Dc4EEEa9', 8, NULL); INSERT INTO common_asset_details(identifier, symbol, coingecko, cryptocompare, forked, started, swapped_for) VALUES('eip155:1/erc20:0x72e4f9F808C49A2a61dE9C5896298920Dc4EEEa9', 'BITCOIN', 'harrypotterobamasonic10in', '', NULL, 1683700391, NULL);
*
INSERT INTO assets(identifier, name, type) VALUES('eip155:8453/erc20:0x2a06A17CBC6d0032Cac2c6696DA90f29D39a1a29', 'HarryPotterObamaSonic10Inu', 'C'); INSERT INTO evm_tokens(identifier, token_kind, chain, address, decimals, protocol) VALUES('eip155:8453/erc20:0x2a06A17CBC6d0032Cac2c6696DA90f29D39a1a29', 'A', 8453, '0x2a06A17CBC6d0032Cac2c6696DA90f29D39a1a29', 8, NULL); INSERT INTO common_asset_details(identifier, symbol, coingecko, cryptocompare, forked, started, swapped_for) VALUES('eip155:8453/erc20:0x2a06A17CBC6d0032Cac2c6696DA90f29D39a1a29', 'BITCOIN', 'harrypotterobamasonic10in', '', NULL, 1711500455, NULL);
*
INSERT INTO assets(identifier, name, type) VALUES('eip155:56/erc20:0x49f1D4dB3ea1a64390E990C6deBEaC88EAC007Ca', 'Ithaca Protocol', 'C'); INSERT INTO evm_tokens(identifier, token_kind, chain, address, decimals, protocol) VALUES('eip155:56/erc20:0x49f1D4dB3ea1a64390E990C6deBEaC88EAC007Ca', 'A', 56, '0x49f1D4dB3ea1a64390E990C6deBEaC88EAC007Ca', 18, NULL); INSERT INTO common_asset_details(identifier, symbol, coingecko, cryptocompare, forked, started, swapped_for) VALUES('eip155:56/erc20:0x49f1D4dB3ea1a64390E990C6deBEaC88EAC007Ca', 'ITHACA', 'ithaca-protocol', '', NULL, 1733841994, NULL);
*
INSERT INTO assets(identifier, name, type) VALUES('eip155:1/erc20:0x1095AE55B62174D9EA3Bc6A4136acacaD461d7ce', 'Ithaca Protocol', 'C'); INSERT INTO evm_tokens(identifier, token_kind, chain, address, decimals, protocol) VALUES('eip155:1/erc20:0x1095AE55B62174D9EA3Bc6A4136acacaD461d7ce', 'A', 1, '0x1095AE55B62174D9EA3Bc6A4136acacaD461d7ce', 18, NULL); INSERT INTO common_asset_details(identifier, symbol, coingecko, cryptocompare, forked, started, swapped_for) VALUES('eip155:1/erc20:0x1095AE55B62174D9EA3Bc6A4136acacaD461d7ce', 'ITHACA', 'ithaca-protocol', '', NULL, 1735366235, NULL);
*
INSERT INTO assets(identifier, name, type) VALUES('eip155:1/erc20:0xde6AcEAF7F2dCEB3d425643C5F85351f2B38FcdE', 'Metaverse HQ', 'C'); INSERT INTO evm_tokens(identifier, token_kind, chain, address, decimals, protocol) VALUES('eip155:1/erc20:0xde6AcEAF7F2dCEB3d425643C5F85351f2B38FcdE', 'A', 1, '0xde6AcEAF7F2dCEB3d425643C5F85351f2B38FcdE', 18, NULL); INSERT INTO common_asset_details(identifier, symbol, coingecko, cryptocompare, forked, started, swapped_for) VALUES('eip155:1/erc20:0xde6AcEAF7F2dCEB3d425643C5F85351f2B38FcdE', 'HQ', 'hq', '', NULL, 1733789375, NULL);
*
INSERT INTO assets(identifier, name, type) VALUES('JELLYJELLY', 'Jelly-My-Jelly', 'Y'); INSERT INTO common_asset_details(identifier, symbol, coingecko, cryptocompare, forked, started, swapped_for) VALUES('JELLYJELLY', 'JELLYJELLY', 'jelly-my-jelly', 'JELLYJELLY', NULL, 1738193350, NULL);
*
INSERT INTO assets(identifier, name, type) VALUES('eip155:43114/erc20:0xD5D053D5B769383e860d1520Da7a908E00919F36', 'JUICE', 'C'); INSERT INTO evm_tokens(identifier, token_kind, chain, address, decimals, protocol) VALUES('eip155:43114/erc20:0xD5D053D5B769383e860d1520Da7a908E00919F36', 'A', 43114, '0xD5D053D5B769383e860d1520Da7a908E00919F36', 18, NULL); INSERT INTO common_asset_details(identifier, symbol, coingecko, cryptocompare, forked, started, swapped_for) VALUES('eip155:43114/erc20:0xD5D053D5B769383e860d1520Da7a908E00919F36', 'JUICE', 'juice-2', '', NULL, 1709026581, NULL);
*
INSERT INTO assets(identifier, name, type) VALUES('eip155:137/erc20:0x235737dBb56e8517391473f7c964DB31fA6ef280', 'KastaToken', 'C'); INSERT INTO evm_tokens(identifier, token_kind, chain, address, decimals, protocol) VALUES('eip155:137/erc20:0x235737dBb56e8517391473f7c964DB31fA6ef280', 'A', 137, '0x235737dBb56e8517391473f7c964DB31fA6ef280', 18, NULL); INSERT INTO common_asset_details(identifier, symbol, coingecko, cryptocompare, forked, started, swapped_for) VALUES('eip155:137/erc20:0x235737dBb56e8517391473f7c964DB31fA6ef280', 'KASTA', 'kasta', 'KASTA', NULL, 1639574595, NULL);
*
INSERT INTO assets(identifier, name, type) VALUES('eip155:42161/erc20:0x94fCD9c18f99538C0f7C61c5500cA79F0D5C4dab', 'KIMA', 'C'); INSERT INTO evm_tokens(identifier, token_kind, chain, address, decimals, protocol) VALUES('eip155:42161/erc20:0x94fCD9c18f99538C0f7C61c5500cA79F0D5C4dab', 'A', 42161, '0x94fCD9c18f99538C0f7C61c5500cA79F0D5C4dab', 18, NULL); INSERT INTO common_asset_details(identifier, symbol, coingecko, cryptocompare, forked, started, swapped_for) VALUES('eip155:42161/erc20:0x94fCD9c18f99538C0f7C61c5500cA79F0D5C4dab', 'KIMA', 'kima', '', NULL, 1727889773, NULL);
*
INSERT INTO assets(identifier, name, type) VALUES('eip155:1/erc20:0x946fb08103b400d1c79e07acCCDEf5cfd26cd374', 'KIP Protocol', 'C'); INSERT INTO evm_tokens(identifier, token_kind, chain, address, decimals, protocol) VALUES('eip155:1/erc20:0x946fb08103b400d1c79e07acCCDEf5cfd26cd374', 'A', 1, '0x946fb08103b400d1c79e07acCCDEf5cfd26cd374', 18, NULL); INSERT INTO common_asset_details(identifier, symbol, coingecko, cryptocompare, forked, started, swapped_for) VALUES('eip155:1/erc20:0x946fb08103b400d1c79e07acCCDEf5cfd26cd374', 'KIP', 'kip', '', NULL, 1733191523, NULL);
*
INSERT INTO assets(identifier, name, type) VALUES('eip155:56/erc20:0xc732B6586A93b6B7CF5FeD3470808Bc74998224D', 'KmonCoin', 'C'); INSERT INTO evm_tokens(identifier, token_kind, chain, address, decimals, protocol) VALUES('eip155:56/erc20:0xc732B6586A93b6B7CF5FeD3470808Bc74998224D', 'A', 56, '0xc732B6586A93b6B7CF5FeD3470808Bc74998224D', 18, NULL); INSERT INTO common_asset_details(identifier, symbol, coingecko, cryptocompare, forked, started, swapped_for) VALUES('eip155:56/erc20:0xc732B6586A93b6B7CF5FeD3470808Bc74998224D', 'KMON', 'kryptomon', '', NULL, 1622474447, NULL);
*
INSERT INTO assets(identifier, name, type) VALUES('eip155:1/erc20:0xc4170fd71ECed3C80baDca77f4e12E8AaC1e3436', 'KmonCoin', 'C'); INSERT INTO evm_tokens(identifier, token_kind, chain, address, decimals, protocol) VALUES('eip155:1/erc20:0xc4170fd71ECed3C80baDca77f4e12E8AaC1e3436', 'A', 1, '0xc4170fd71ECed3C80baDca77f4e12E8AaC1e3436', 18, NULL); INSERT INTO common_asset_details(identifier, symbol, coingecko, cryptocompare, forked, started, swapped_for) VALUES('eip155:1/erc20:0xc4170fd71ECed3C80baDca77f4e12E8AaC1e3436', 'KMON', 'kryptomon', '', NULL, 1707146003, NULL);
*
INSERT INTO assets(identifier, name, type) VALUES('eip155:56/erc20:0xd5eaAaC47bD1993d661bc087E15dfb079a7f3C19', 'Koma Inu', 'C'); INSERT INTO evm_tokens(identifier, token_kind, chain, address, decimals, protocol) VALUES('eip155:56/erc20:0xd5eaAaC47bD1993d661bc087E15dfb079a7f3C19', 'A', 56, '0xd5eaAaC47bD1993d661bc087E15dfb079a7f3C19', 18, NULL); INSERT INTO common_asset_details(identifier, symbol, coingecko, cryptocompare, forked, started, swapped_for) VALUES('eip155:56/erc20:0xd5eaAaC47bD1993d661bc087E15dfb079a7f3C19', 'KOMA', 'koma-inu', 'KOMA', NULL, 1728223865, NULL);
*
UPDATE common_asset_details SET coingecko = 'compound-governance-token', cryptocompare = 'COMP' WHERE identifier = 'eip155:10/erc20:0x7e7d4467112689329f7E06571eD0E8CbAd4910eE';
INSERT INTO assets(identifier, name, type) VALUES('eip155:10/erc20:0x7e7d4467112689329f7E06571eD0E8CbAd4910eE', 'Compound', 'C'); INSERT INTO evm_tokens(identifier, token_kind, chain, address, decimals, protocol) VALUES('eip155:10/erc20:0x7e7d4467112689329f7E06571eD0E8CbAd4910eE', 'A', 10, '0x7e7d4467112689329f7E06571eD0E8CbAd4910eE', 18, NULL); INSERT INTO common_asset_details(identifier, symbol, coingecko, cryptocompare, forked, started, swapped_for) VALUES('eip155:10/erc20:0x7e7d4467112689329f7E06571eD0E8CbAd4910eE', 'COMP', 'compound-governance-token', 'COMP', NULL, 1709297561, NULL);
UPDATE common_asset_details SET coingecko = 'compound-governance-token', cryptocompare = 'COMP' WHERE identifier = 'eip155:43114/erc20:0xc3048E19E76CB9a3Aa9d77D8C03c29Fc906e2437';
INSERT INTO assets(identifier, name, type) VALUES('eip155:43114/erc20:0xc3048E19E76CB9a3Aa9d77D8C03c29Fc906e2437', 'Compound', 'C'); INSERT INTO evm_tokens(identifier, token_kind, chain, address, decimals, protocol) VALUES('eip155:43114/erc20:0xc3048E19E76CB9a3Aa9d77D8C03c29Fc906e2437', 'A', 43114, '0xc3048E19E76CB9a3Aa9d77D8C03c29Fc906e2437', 18, NULL); INSERT INTO common_asset_details(identifier, symbol, coingecko, cryptocompare, forked, started, swapped_for) VALUES('eip155:43114/erc20:0xc3048E19E76CB9a3Aa9d77D8C03c29Fc906e2437', 'COMP.e', 'compound-governance-token', 'COMP', NULL, 1627052358, NULL);
UPDATE common_asset_details SET coingecko = 'compound-governance-token', cryptocompare = 'COMP' WHERE identifier = 'eip155:42161/erc20:0x354A6dA3fcde098F8389cad84b0182725c6C91dE';
INSERT INTO assets(identifier, name, type) VALUES('eip155:42161/erc20:0x354A6dA3fcde098F8389cad84b0182725c6C91dE', 'Compound', 'C'); INSERT INTO evm_tokens(identifier, token_kind, chain, address, decimals, protocol) VALUES('eip155:42161/erc20:0x354A6dA3fcde098F8389cad84b0182725c6C91dE', 'A', 42161, '0x354A6dA3fcde098F8389cad84b0182725c6C91dE', 18, NULL); INSERT INTO common_asset_details(identifier, symbol, coingecko, cryptocompare, forked, started, swapped_for) VALUES('eip155:42161/erc20:0x354A6dA3fcde098F8389cad84b0182725c6C91dE', 'COMP', 'compound-governance-token', 'COMP', NULL, 1627937552, NULL);
UPDATE common_asset_details SET coingecko = 'compound-governance-token', cryptocompare = 'COMP' WHERE identifier = 'eip155:137/erc20:0x8505b9d2254A7Ae468c0E9dd10Ccea3A837aef5c';
INSERT INTO assets(identifier, name, type) VALUES('eip155:137/erc20:0x8505b9d2254A7Ae468c0E9dd10Ccea3A837aef5c', '(PoS) Compound', 'C'); INSERT INTO evm_tokens(identifier, token_kind, chain, address, decimals, protocol) VALUES('eip155:137/erc20:0x8505b9d2254A7Ae468c0E9dd10Ccea3A837aef5c', 'A', 137, '0x8505b9d2254A7Ae468c0E9dd10Ccea3A837aef5c', 18, NULL); INSERT INTO common_asset_details(identifier, symbol, coingecko, cryptocompare, forked, started, swapped_for) VALUES('eip155:137/erc20:0x8505b9d2254A7Ae468c0E9dd10Ccea3A837aef5c', 'COMP', 'compound-governance-token', 'COMP', NULL, 1599512775, NULL);
UPDATE common_asset_details SET coingecko = 'compound-governance-token', cryptocompare = 'COMP' WHERE identifier = 'eip155:56/erc20:0x52CE071Bd9b1C4B00A0b92D298c512478CaD67e8';
INSERT INTO assets(identifier, name, type) VALUES('eip155:56/erc20:0x52CE071Bd9b1C4B00A0b92D298c512478CaD67e8', 'Compound Coin', 'C'); INSERT INTO evm_tokens(identifier, token_kind, chain, address, decimals, protocol) VALUES('eip155:56/erc20:0x52CE071Bd9b1C4B00A0b92D298c512478CaD67e8', 'A', 56, '0x52CE071Bd9b1C4B00A0b92D298c512478CaD67e8', 18, NULL); INSERT INTO common_asset_details(identifier, symbol, coingecko, cryptocompare, forked, started, swapped_for) VALUES('eip155:56/erc20:0x52CE071Bd9b1C4B00A0b92D298c512478CaD67e8', 'COMP', 'compound-governance-token', 'COMP', NULL, 1601441788, NULL);
UPDATE common_asset_details SET coingecko = 'compound-governance-token', cryptocompare = 'COMP' WHERE identifier = 'eip155:8453/erc20:0x9e1028F5F1D5eDE59748FFceE5532509976840E0';
INSERT INTO assets(identifier, name, type) VALUES('eip155:8453/erc20:0x9e1028F5F1D5eDE59748FFceE5532509976840E0', 'Compound', 'C'); INSERT INTO evm_tokens(identifier, token_kind, chain, address, decimals, protocol) VALUES('eip155:8453/erc20:0x9e1028F5F1D5eDE59748FFceE5532509976840E0', 'A', 8453, '0x9e1028F5F1D5eDE59748FFceE5532509976840E0', 18, NULL); INSERT INTO common_asset_details(identifier, symbol, coingecko, cryptocompare, forked, started, swapped_for) VALUES('eip155:8453/erc20:0x9e1028F5F1D5eDE59748FFceE5532509976840E0', 'COMP', 'compound-governance-token', 'COMP', NULL, 1690222051, NULL);
INSERT INTO assets(identifier, name, type) VALUES('KRO', 'Kroma', 'B'); INSERT INTO common_asset_details(identifier, symbol, coingecko, cryptocompare, forked, started, swapped_for) VALUES('KRO', 'KRO', 'kroma', '', NULL, 1735645200, NULL);
*
INSERT INTO assets(identifier, name, type) VALUES('eip155:1/erc20:0x168e209D7b2F58f1f24b8Ae7B7d35E662bBF11Cc', 'LayerAI Token', 'C'); INSERT INTO evm_tokens(identifier, token_kind, chain, address, decimals, protocol) VALUES('eip155:1/erc20:0x168e209D7b2F58f1f24b8Ae7B7d35E662bBF11Cc', 'A', 1, '0x168e209D7b2F58f1f24b8Ae7B7d35E662bBF11Cc', 18, NULL); INSERT INTO common_asset_details(identifier, symbol, coingecko, cryptocompare, forked, started, swapped_for) VALUES('eip155:1/erc20:0x168e209D7b2F58f1f24b8Ae7B7d35E662bBF11Cc', 'LAI', 'cryptogpt-token', 'LAI', NULL, 1693289999, NULL);
*
INSERT INTO assets(identifier, name, type) VALUES('eip155:56/erc20:0x776F9987D9DEED90eeD791cbD824D971FD5CCF09', 'LayerAI Token', 'C'); INSERT INTO evm_tokens(identifier, token_kind, chain, address, decimals, protocol) VALUES('eip155:56/erc20:0x776F9987D9DEED90eeD791cbD824D971FD5CCF09', 'A', 56, '0x776F9987D9DEED90eeD791cbD824D971FD5CCF09', 18, NULL); INSERT INTO common_asset_details(identifier, symbol, coingecko, cryptocompare, forked, started, swapped_for) VALUES('eip155:56/erc20:0x776F9987D9DEED90eeD791cbD824D971FD5CCF09', 'LAI', 'cryptogpt-token', 'LAI', NULL, 1693306789, NULL);
*
INSERT INTO assets(identifier, name, type) VALUES('eip155:42161/erc20:0x11e969e9B3f89cB16D686a03Cd8508C9fC0361AF', 'Axelar Wrapped LAVA', 'C'); INSERT INTO evm_tokens(identifier, token_kind, chain, address, decimals, protocol) VALUES('eip155:42161/erc20:0x11e969e9B3f89cB16D686a03Cd8508C9fC0361AF', 'A', 42161, '0x11e969e9B3f89cB16D686a03Cd8508C9fC0361AF', 6, NULL); INSERT INTO common_asset_details(identifier, symbol, coingecko, cryptocompare, forked, started, swapped_for) VALUES('eip155:42161/erc20:0x11e969e9B3f89cB16D686a03Cd8508C9fC0361AF', 'LAVA', 'lava-network', 'LAVA', NULL, 1720611951, NULL);
*
INSERT INTO assets(identifier, name, type) VALUES('eip155:8453/erc20:0x11e969e9B3f89cB16D686a03Cd8508C9fC0361AF', 'Axelar Wrapped LAVA', 'C'); INSERT INTO evm_tokens(identifier, token_kind, chain, address, decimals, protocol) VALUES('eip155:8453/erc20:0x11e969e9B3f89cB16D686a03Cd8508C9fC0361AF', 'A', 8453, '0x11e969e9B3f89cB16D686a03Cd8508C9fC0361AF', 6, NULL); INSERT INTO common_asset_details(identifier, symbol, coingecko, cryptocompare, forked, started, swapped_for) VALUES('eip155:8453/erc20:0x11e969e9B3f89cB16D686a03Cd8508C9fC0361AF', 'LAVA', 'lava-network', 'LAVA', NULL, 1720611989, NULL);
*
INSERT INTO assets(identifier, name, type) VALUES('eip155:56/erc20:0xF06ce11836851d71E74e4ffeFa7b73FCc8A27786', 'AutoLayer', 'C'); INSERT INTO evm_tokens(identifier, token_kind, chain, address, decimals, protocol) VALUES('eip155:56/erc20:0xF06ce11836851d71E74e4ffeFa7b73FCc8A27786', 'A', 56, '0xF06ce11836851d71E74e4ffeFa7b73FCc8A27786', 18, NULL); INSERT INTO common_asset_details(identifier, symbol, coingecko, cryptocompare, forked, started, swapped_for) VALUES('eip155:56/erc20:0xF06ce11836851d71E74e4ffeFa7b73FCc8A27786', 'LAY3R', 'autolayer', 'LAY3R', NULL, 1727072844, NULL);
*
INSERT INTO assets(identifier, name, type) VALUES('eip155:56/erc20:0x9096B4309224d751FCB43d7eB178dcFFc122aD15', 'Legion Token', 'C'); INSERT INTO evm_tokens(identifier, token_kind, chain, address, decimals, protocol) VALUES('eip155:56/erc20:0x9096B4309224d751FCB43d7eB178dcFFc122aD15', 'A', 56, '0x9096B4309224d751FCB43d7eB178dcFFc122aD15', 18, NULL); INSERT INTO common_asset_details(identifier, symbol, coingecko, cryptocompare, forked, started, swapped_for) VALUES('eip155:56/erc20:0x9096B4309224d751FCB43d7eB178dcFFc122aD15', 'LGX', 'legion-network', 'LGX', NULL, 1630946706, NULL);
*
INSERT INTO assets(identifier, name, type) VALUES('eip155:8453/erc20:0xfb42Da273158B0F642F59F2Ba7cc1d5457481677', 'Lingo', 'C'); INSERT INTO evm_tokens(identifier, token_kind, chain, address, decimals, protocol) VALUES('eip155:8453/erc20:0xfb42Da273158B0F642F59F2Ba7cc1d5457481677', 'A', 8453, '0xfb42Da273158B0F642F59F2Ba7cc1d5457481677', 18, NULL); INSERT INTO common_asset_details(identifier, symbol, coingecko, cryptocompare, forked, started, swapped_for) VALUES('eip155:8453/erc20:0xfb42Da273158B0F642F59F2Ba7cc1d5457481677', 'LINGO', 'lingo', 'LINGO', NULL, 1733845795, NULL);
*
INSERT INTO assets(identifier, name, type) VALUES('eip155:56/erc20:0xFceB31A79F71AC9CBDCF853519c1b12D379EdC46', 'Lista DAO', 'C'); INSERT INTO evm_tokens(identifier, token_kind, chain, address, decimals, protocol) VALUES('eip155:56/erc20:0xFceB31A79F71AC9CBDCF853519c1b12D379EdC46', 'A', 56, '0xFceB31A79F71AC9CBDCF853519c1b12D379EdC46', 18, NULL); INSERT INTO common_asset_details(identifier, symbol, coingecko, cryptocompare, forked, started, swapped_for) VALUES('eip155:56/erc20:0xFceB31A79F71AC9CBDCF853519c1b12D379EdC46', 'LISTA', 'lista', 'LISTA', NULL, 1711863357, NULL);
*
INSERT INTO assets(identifier, name, type) VALUES('LLM', 'Large Language Model', 'Y'); INSERT INTO common_asset_details(identifier, symbol, coingecko, cryptocompare, forked, started, swapped_for) VALUES('LLM', 'LLM', 'large-language-model', '', NULL, 1736324404, NULL);
*
INSERT INTO assets(identifier, name, type) VALUES('LOFI', 'LOFI', 'W'); INSERT INTO common_asset_details(identifier, symbol, coingecko, cryptocompare, forked, started, swapped_for) VALUES('LOFI', 'LOFI', 'lofi-2', '', NULL, 1732316940, NULL);
*
INSERT INTO assets(identifier, name, type) VALUES('eip155:42161/erc20:0x59062301Fb510F4ea2417B67404CB16D31E604BA', 'LogX Network', 'C'); INSERT INTO evm_tokens(identifier, token_kind, chain, address, decimals, protocol) VALUES('eip155:42161/erc20:0x59062301Fb510F4ea2417B67404CB16D31E604BA', 'A', 42161, '0x59062301Fb510F4ea2417B67404CB16D31E604BA', 18, NULL); INSERT INTO common_asset_details(identifier, symbol, coingecko, cryptocompare, forked, started, swapped_for) VALUES('eip155:42161/erc20:0x59062301Fb510F4ea2417B67404CB16D31E604BA', 'LOGX', 'logx-2', 'LOGX', NULL, 1726572778, NULL);
*
INSERT INTO assets(identifier, name, type) VALUES('eip155:1/erc20:0xa3F4341C3fEf5963AB04135D2014AC7d68222E19', 'LogX Network', 'C'); INSERT INTO evm_tokens(identifier, token_kind, chain, address, decimals, protocol) VALUES('eip155:1/erc20:0xa3F4341C3fEf5963AB04135D2014AC7d68222E19', 'A', 1, '0xa3F4341C3fEf5963AB04135D2014AC7d68222E19', 18, NULL); INSERT INTO common_asset_details(identifier, symbol, coingecko, cryptocompare, forked, started, swapped_for) VALUES('eip155:1/erc20:0xa3F4341C3fEf5963AB04135D2014AC7d68222E19', 'LOGX', 'logx-2', 'LOGX', NULL, 1726562651, NULL);
*
INSERT INTO assets(identifier, name, type) VALUES('eip155:8453/erc20:0x04055057677807D2a53d2b25a80FF3b4d932aE1a', 'LogX Network', 'C'); INSERT INTO evm_tokens(identifier, token_kind, chain, address, decimals, protocol) VALUES('eip155:8453/erc20:0x04055057677807D2a53d2b25a80FF3b4d932aE1a', 'A', 8453, '0x04055057677807D2a53d2b25a80FF3b4d932aE1a', 18, NULL); INSERT INTO common_asset_details(identifier, symbol, coingecko, cryptocompare, forked, started, swapped_for) VALUES('eip155:8453/erc20:0x04055057677807D2a53d2b25a80FF3b4d932aE1a', 'LOGX', 'logx-2', 'LOGX', NULL, 1730316957, NULL);
*
INSERT INTO assets(identifier, name, type) VALUES('LUCE', 'Luce', 'Y'); INSERT INTO common_asset_details(identifier, symbol, coingecko, cryptocompare, forked, started, swapped_for) VALUES('LUCE', 'LUCE', 'offcial-mascot-of-the-holy-year', 'LUCE', NULL, 1730131989, NULL);
*
INSERT INTO assets(identifier, name, type) VALUES('eip155:1/erc20:0xD9343a049D5DBd89CD19DC6BcA8c48fB3a0a42a7', 'Lumia Token', 'C'); INSERT INTO evm_tokens(identifier, token_kind, chain, address, decimals, protocol) VALUES('eip155:1/erc20:0xD9343a049D5DBd89CD19DC6BcA8c48fB3a0a42a7', 'A', 1, '0xD9343a049D5DBd89CD19DC6BcA8c48fB3a0a42a7', 18, NULL); INSERT INTO common_asset_details(identifier, symbol, coingecko, cryptocompare, forked, started, swapped_for) VALUES('eip155:1/erc20:0xD9343a049D5DBd89CD19DC6BcA8c48fB3a0a42a7', 'LUMIA', 'lumia', 'LUMIA', NULL, 1719267095, NULL);
*
INSERT INTO assets(identifier, name, type) VALUES('eip155:56/erc20:0x7F39BcdCa8E0E581c1d43aaa1cB862AA1c8C2047', 'Lumia Token', 'C'); INSERT INTO evm_tokens(identifier, token_kind, chain, address, decimals, protocol) VALUES('eip155:56/erc20:0x7F39BcdCa8E0E581c1d43aaa1cB862AA1c8C2047', 'A', 56, '0x7F39BcdCa8E0E581c1d43aaa1cB862AA1c8C2047', 18, NULL); INSERT INTO common_asset_details(identifier, symbol, coingecko, cryptocompare, forked, started, swapped_for) VALUES('eip155:56/erc20:0x7F39BcdCa8E0E581c1d43aaa1cB862AA1c8C2047', 'LUMIA', 'lumia', 'LUMIA', NULL, 1729013734, NULL);
*
UPDATE common_asset_details SET swapped_for = 'eip155:1/erc20:0xD9343a049D5DBd89CD19DC6BcA8c48fB3a0a42a7' WHERE identifier = 'eip155:1/erc20:0x0258F474786DdFd37ABCE6df6BBb1Dd5dfC4434a';
INSERT INTO assets(identifier, name, type) VALUES('eip155:1/erc20:0x0258F474786DdFd37ABCE6df6BBb1Dd5dfC4434a', 'Orion Protocol', 'C'); INSERT INTO evm_tokens(identifier, token_kind, chain, address, decimals, protocol) VALUES('eip155:1/erc20:0x0258F474786DdFd37ABCE6df6BBb1Dd5dfC4434a', 'A', 1, '0x0258F474786DdFd37ABCE6df6BBb1Dd5dfC4434a', 8, ''); INSERT INTO common_asset_details(identifier, symbol, coingecko, cryptocompare, forked, started, swapped_for) VALUES('eip155:1/erc20:0x0258F474786DdFd37ABCE6df6BBb1Dd5dfC4434a', 'ORN', 'orion-protocol', 'ORN', NULL, 1594674901, 'eip155:1/erc20:0xD9343a049D5DBd89CD19DC6BcA8c48fB3a0a42a7');
INSERT INTO assets(identifier, name, type) VALUES('eip155:8453/erc20:0x55cD6469F597452B5A7536e2CD98fDE4c1247ee4', 'Luna by Virtuals', 'C'); INSERT INTO evm_tokens(identifier, token_kind, chain, address, decimals, protocol) VALUES('eip155:8453/erc20:0x55cD6469F597452B5A7536e2CD98fDE4c1247ee4', 'A', 8453, '0x55cD6469F597452B5A7536e2CD98fDE4c1247ee4', 18, NULL); INSERT INTO common_asset_details(identifier, symbol, coingecko, cryptocompare, forked, started, swapped_for) VALUES('eip155:8453/erc20:0x55cD6469F597452B5A7536e2CD98fDE4c1247ee4', 'LUNA', 'luna-by-virtuals', '', NULL, 1729083587, NULL);
*
INSERT INTO assets(identifier, name, type) VALUES('M3M3', 'M3M3', 'Y'); INSERT INTO common_asset_details(identifier, symbol, coingecko, cryptocompare, forked, started, swapped_for) VALUES('M3M3', 'M3M3', 'm3m3', 'M3M3', NULL, 1733330284, NULL);
*
INSERT INTO assets(identifier, name, type) VALUES('eip155:1/erc20:0xc283c54DF1d858570071a053057806ae73CB6A64', 'MetaCene', 'C'); INSERT INTO evm_tokens(identifier, token_kind, chain, address, decimals, protocol) VALUES('eip155:1/erc20:0xc283c54DF1d858570071a053057806ae73CB6A64', 'A', 1, '0xc283c54DF1d858570071a053057806ae73CB6A64', 18, NULL); INSERT INTO common_asset_details(identifier, symbol, coingecko, cryptocompare, forked, started, swapped_for) VALUES('eip155:1/erc20:0xc283c54DF1d858570071a053057806ae73CB6A64', 'MAK', 'metacene', 'MAK', NULL, 1724221547, NULL);
*
INSERT INTO assets(identifier, name, type) VALUES('eip155:137/erc20:0xEB7eaB87837f4Dad1bb80856db9E4506Fc441f3D', 'MEE Governance Token', 'C'); INSERT INTO evm_tokens(identifier, token_kind, chain, address, decimals, protocol) VALUES('eip155:137/erc20:0xEB7eaB87837f4Dad1bb80856db9E4506Fc441f3D', 'A', 137, '0xEB7eaB87837f4Dad1bb80856db9E4506Fc441f3D', 18, NULL); INSERT INTO common_asset_details(identifier, symbol, coingecko, cryptocompare, forked, started, swapped_for) VALUES('eip155:137/erc20:0xEB7eaB87837f4Dad1bb80856db9E4506Fc441f3D', 'MEE', 'medieval-empires', 'MEE', NULL, 1670366986, NULL);
*
INSERT INTO assets(identifier, name, type) VALUES('eip155:1/erc20:0x0000000000c5dc95539589fbD24BE07c6C14eCa4', 'Milady Cult Coin', 'C'); INSERT INTO evm_tokens(identifier, token_kind, chain, address, decimals, protocol) VALUES('eip155:1/erc20:0x0000000000c5dc95539589fbD24BE07c6C14eCa4', 'A', 1, '0x0000000000c5dc95539589fbD24BE07c6C14eCa4', 18, NULL); INSERT INTO common_asset_details(identifier, symbol, coingecko, cryptocompare, forked, started, swapped_for) VALUES('eip155:1/erc20:0x0000000000c5dc95539589fbD24BE07c6C14eCa4', 'CULT', 'milady-cult-coin', '', NULL, 1733188643, NULL);
*
INSERT INTO assets(identifier, name, type) VALUES('eip155:1/erc20:0x5d285F735998F36631F678FF41fb56A10A4d0429', 'MixMarvel Token', 'C'); INSERT INTO evm_tokens(identifier, token_kind, chain, address, decimals, protocol) VALUES('eip155:1/erc20:0x5d285F735998F36631F678FF41fb56A10A4d0429', 'A', 1, '0x5d285F735998F36631F678FF41fb56A10A4d0429', 18, NULL); INSERT INTO common_asset_details(identifier, symbol, coingecko, cryptocompare, forked, started, swapped_for) VALUES('eip155:1/erc20:0x5d285F735998F36631F678FF41fb56A10A4d0429', 'MIX', 'mixmarvel', 'MIX', NULL, 1555508275, NULL);
*
INSERT INTO assets(identifier, name, type) VALUES('eip155:56/erc20:0xCF1B55D79E824da0Ae0652F96C66fe33263d743f', 'MixMarvel Token', 'C'); INSERT INTO evm_tokens(identifier, token_kind, chain, address, decimals, protocol) VALUES('eip155:56/erc20:0xCF1B55D79E824da0Ae0652F96C66fe33263d743f', 'A', 56, '0xCF1B55D79E824da0Ae0652F96C66fe33263d743f', 18, NULL); INSERT INTO common_asset_details(identifier, symbol, coingecko, cryptocompare, forked, started, swapped_for) VALUES('eip155:56/erc20:0xCF1B55D79E824da0Ae0652F96C66fe33263d743f', 'MIX', 'mixmarvel', 'MIX', NULL, 1689304766, NULL);
*
INSERT INTO assets(identifier, name, type) VALUES('eip155:1/erc20:0x06904a21f2dB805487FcBDC3b3Fe9607dAaa5D54', 'Moonray', 'C'); INSERT INTO evm_tokens(identifier, token_kind, chain, address, decimals, protocol) VALUES('eip155:1/erc20:0x06904a21f2dB805487FcBDC3b3Fe9607dAaa5D54', 'A', 1, '0x06904a21f2dB805487FcBDC3b3Fe9607dAaa5D54', 18, NULL); INSERT INTO common_asset_details(identifier, symbol, coingecko, cryptocompare, forked, started, swapped_for) VALUES('eip155:1/erc20:0x06904a21f2dB805487FcBDC3b3Fe9607dAaa5D54', 'MNRY', 'moonray', '', NULL, 1656698957, NULL);
*
INSERT INTO assets(identifier, name, type) VALUES('eip155:1/erc20:0xF944e35f95E819E752f3cCB5Faf40957d311e8c5', 'Moca', 'C'); INSERT INTO evm_tokens(identifier, token_kind, chain, address, decimals, protocol) VALUES('eip155:1/erc20:0xF944e35f95E819E752f3cCB5Faf40957d311e8c5', 'A', 1, '0xF944e35f95E819E752f3cCB5Faf40957d311e8c5', 18, NULL); INSERT INTO common_asset_details(identifier, symbol, coingecko, cryptocompare, forked, started, swapped_for) VALUES('eip155:1/erc20:0xF944e35f95E819E752f3cCB5Faf40957d311e8c5', 'MOCA', 'mocaverse', 'MOCA', NULL, 1714017959, NULL);
*
INSERT INTO assets(identifier, name, type) VALUES('eip155:8453/erc20:0x084382D1cc4f4DFD1769b1cC1Ac2A9b1f8365e90', 'MODE', 'C'); INSERT INTO evm_tokens(identifier, token_kind, chain, address, decimals, protocol) VALUES('eip155:8453/erc20:0x084382D1cc4f4DFD1769b1cC1Ac2A9b1f8365e90', 'A', 8453, '0x084382D1cc4f4DFD1769b1cC1Ac2A9b1f8365e90', 18, NULL); INSERT INTO common_asset_details(identifier, symbol, coingecko, cryptocompare, forked, started, swapped_for) VALUES('eip155:8453/erc20:0x084382D1cc4f4DFD1769b1cC1Ac2A9b1f8365e90', 'MODE', 'mode', 'MODE', NULL, 1719552415, NULL);
*
INSERT INTO assets(identifier, name, type) VALUES('eip155:8453/erc20:0xeD2d13A70acbD61074fC56bd0d0845e35f793e5E', 'Planet Mojo', 'C'); INSERT INTO evm_tokens(identifier, token_kind, chain, address, decimals, protocol) VALUES('eip155:8453/erc20:0xeD2d13A70acbD61074fC56bd0d0845e35f793e5E', 'A', 8453, '0xeD2d13A70acbD61074fC56bd0d0845e35f793e5E', 18, NULL); INSERT INTO common_asset_details(identifier, symbol, coingecko, cryptocompare, forked, started, swapped_for) VALUES('eip155:8453/erc20:0xeD2d13A70acbD61074fC56bd0d0845e35f793e5E', 'MOJO', 'planet-mojo', '', NULL, 1719436607, NULL);
*
INSERT INTO assets(identifier, name, type) VALUES('eip155:1/erc20:0xeD2d13A70acbD61074fC56bd0d0845e35f793e5E', 'Planet Mojo', 'C'); INSERT INTO evm_tokens(identifier, token_kind, chain, address, decimals, protocol) VALUES('eip155:1/erc20:0xeD2d13A70acbD61074fC56bd0d0845e35f793e5E', 'A', 1, '0xeD2d13A70acbD61074fC56bd0d0845e35f793e5E', 18, NULL); INSERT INTO common_asset_details(identifier, symbol, coingecko, cryptocompare, forked, started, swapped_for) VALUES('eip155:1/erc20:0xeD2d13A70acbD61074fC56bd0d0845e35f793e5E', 'MOJO', 'planet-mojo', '', NULL, 1709556647, NULL);
*
INSERT INTO assets(identifier, name, type) VALUES('eip155:56/erc20:0x59E69094398AfbEA632F8Bd63033BdD2443a3Be1', 'Wise Monkey', 'C'); INSERT INTO evm_tokens(identifier, token_kind, chain, address, decimals, protocol) VALUES('eip155:56/erc20:0x59E69094398AfbEA632F8Bd63033BdD2443a3Be1', 'A', 56, '0x59E69094398AfbEA632F8Bd63033BdD2443a3Be1', 18, NULL); INSERT INTO common_asset_details(identifier, symbol, coingecko, cryptocompare, forked, started, swapped_for) VALUES('eip155:56/erc20:0x59E69094398AfbEA632F8Bd63033BdD2443a3Be1', 'MONKY', 'wise-monkey', 'MONKY', NULL, 1733820940, NULL);
*
INSERT INTO assets(identifier, name, type) VALUES('eip155:8453/erc20:0x8C9037D1Ef5c6D1f6816278C7AAF5491d24CD527', 'Moxie', 'C'); INSERT INTO evm_tokens(identifier, token_kind, chain, address, decimals, protocol) VALUES('eip155:8453/erc20:0x8C9037D1Ef5c6D1f6816278C7AAF5491d24CD527', 'A', 8453, '0x8C9037D1Ef5c6D1f6816278C7AAF5491d24CD527', 18, NULL); INSERT INTO common_asset_details(identifier, symbol, coingecko, cryptocompare, forked, started, swapped_for) VALUES('eip155:8453/erc20:0x8C9037D1Ef5c6D1f6816278C7AAF5491d24CD527', 'MOXIE', 'moxie', 'MOXIE', NULL, 1720024235, NULL);
*
INSERT INTO assets(identifier, name, type) VALUES('MSTAR', 'Merlin Starter', 'W'); INSERT INTO common_asset_details(identifier, symbol, coingecko, cryptocompare, forked, started, swapped_for) VALUES('MSTAR', 'MSTAR', 'merlin-starter', 'MSTAR', NULL, 1713089381, NULL);
*
INSERT INTO assets(identifier, name, type) VALUES('MTOS', 'MomoAI', 'Y'); INSERT INTO common_asset_details(identifier, symbol, coingecko, cryptocompare, forked, started, swapped_for) VALUES('MTOS', 'MTOS', 'momoai', '', NULL, 1734582728, NULL);
*
INSERT INTO assets(identifier, name, type) VALUES('eip155:1/erc20:0x9b79ea20a8258649401f8C58973281081D905b9F', 'Network3', 'C'); INSERT INTO evm_tokens(identifier, token_kind, chain, address, decimals, protocol) VALUES('eip155:1/erc20:0x9b79ea20a8258649401f8C58973281081D905b9F', 'A', 1, '0x9b79ea20a8258649401f8C58973281081D905b9F', 18, NULL); INSERT INTO common_asset_details(identifier, symbol, coingecko, cryptocompare, forked, started, swapped_for) VALUES('eip155:1/erc20:0x9b79ea20a8258649401f8C58973281081D905b9F', 'N3', 'network3', 'N3', NULL, 1736664491, NULL);
*
INSERT INTO assets(identifier, name, type) VALUES('NATIX', 'NATIX Network', 'Y'); INSERT INTO common_asset_details(identifier, symbol, coingecko, cryptocompare, forked, started, swapped_for) VALUES('NATIX', 'NATIX', 'natix-network', 'NATIX', NULL, 1714743450, NULL);
*
INSERT INTO assets(identifier, name, type) VALUES('eip155:8453/erc20:0x314d7f9e2f55B430ef656FBB98A7635D43a2261E', 'Naym', 'C'); INSERT INTO evm_tokens(identifier, token_kind, chain, address, decimals, protocol) VALUES('eip155:8453/erc20:0x314d7f9e2f55B430ef656FBB98A7635D43a2261E', 'A', 8453, '0x314d7f9e2f55B430ef656FBB98A7635D43a2261E', 18, NULL); INSERT INTO common_asset_details(identifier, symbol, coingecko, cryptocompare, forked, started, swapped_for) VALUES('eip155:8453/erc20:0x314d7f9e2f55B430ef656FBB98A7635D43a2261E', 'NAYM', 'naym', 'NAYM', NULL, 1728378429, NULL);
*
INSERT INTO assets(identifier, name, type) VALUES('eip155:1/erc20:0x524f61DEF05E5FA39482628C803Ba869899c07C6', 'NESS', 'C'); INSERT INTO evm_tokens(identifier, token_kind, chain, address, decimals, protocol) VALUES('eip155:1/erc20:0x524f61DEF05E5FA39482628C803Ba869899c07C6', 'A', 1, '0x524f61DEF05E5FA39482628C803Ba869899c07C6', 18, NULL); INSERT INTO common_asset_details(identifier, symbol, coingecko, cryptocompare, forked, started, swapped_for) VALUES('eip155:1/erc20:0x524f61DEF05E5FA39482628C803Ba869899c07C6', 'NESS', 'ness-lab', 'NESS', NULL, 1683617051, NULL);
*
INSERT INTO assets(identifier, name, type) VALUES('eip155:1/erc20:0x06561dC5CEdCc012a4EA68609b17d41499622E4c', 'NOOB', 'C'); INSERT INTO evm_tokens(identifier, token_kind, chain, address, decimals, protocol) VALUES('eip155:1/erc20:0x06561dC5CEdCc012a4EA68609b17d41499622E4c', 'A', 1, '0x06561dC5CEdCc012a4EA68609b17d41499622E4c', 18, NULL); INSERT INTO common_asset_details(identifier, symbol, coingecko, cryptocompare, forked, started, swapped_for) VALUES('eip155:1/erc20:0x06561dC5CEdCc012a4EA68609b17d41499622E4c', 'NOOB', 'noob', 'NOOB', NULL, 1725021887, NULL);
*
INSERT INTO assets(identifier, name, type) VALUES('eip155:56/erc20:0xCf10117b30C7a5FC7C77B611bFC2555610DD4B3A', 'NOTAI', 'C'); INSERT INTO evm_tokens(identifier, token_kind, chain, address, decimals, protocol) VALUES('eip155:56/erc20:0xCf10117b30C7a5FC7C77B611bFC2555610DD4B3A', 'A', 56, '0xCf10117b30C7a5FC7C77B611bFC2555610DD4B3A', 18, NULL); INSERT INTO common_asset_details(identifier, symbol, coingecko, cryptocompare, forked, started, swapped_for) VALUES('eip155:56/erc20:0xCf10117b30C7a5FC7C77B611bFC2555610DD4B3A', 'NOTAI', 'notai', 'NOTAI', NULL, 1722862480, NULL);
*
INSERT INTO assets(identifier, name, type) VALUES('eip155:42161/erc20:0xdadeca1167fe47499e53Eb50F261103630974905', 'Neuron', 'C'); INSERT INTO evm_tokens(identifier, token_kind, chain, address, decimals, protocol) VALUES('eip155:42161/erc20:0xdadeca1167fe47499e53Eb50F261103630974905', 'A', 42161, '0xdadeca1167fe47499e53Eb50F261103630974905', 18, NULL); INSERT INTO common_asset_details(identifier, symbol, coingecko, cryptocompare, forked, started, swapped_for) VALUES('eip155:42161/erc20:0xdadeca1167fe47499e53Eb50F261103630974905', 'NRN', 'neuron', '', NULL, 1717527783, NULL);
*
INSERT INTO assets(identifier, name, type) VALUES('NS', 'SuiNS Token', 'W'); INSERT INTO common_asset_details(identifier, symbol, coingecko, cryptocompare, forked, started, swapped_for) VALUES('NS', 'NS', 'suins-token', 'NS', NULL, 1723207500, NULL);
*
INSERT INTO assets(identifier, name, type) VALUES('NYAN', 'Nyan Heroes', 'Y'); INSERT INTO common_asset_details(identifier, symbol, coingecko, cryptocompare, forked, started, swapped_for) VALUES('NYAN', 'NYAN', 'nyan', '', NULL, 1714141828, NULL);
*
INSERT INTO assets(identifier, name, type) VALUES('eip155:42161/erc20:0x1CD9a56c8C2eA913c70319A44Da75e99255aa46f', 'Orbiter Token', 'C'); INSERT INTO evm_tokens(identifier, token_kind, chain, address, decimals, protocol) VALUES('eip155:42161/erc20:0x1CD9a56c8C2eA913c70319A44Da75e99255aa46f', 'A', 42161, '0x1CD9a56c8C2eA913c70319A44Da75e99255aa46f', 18, NULL); INSERT INTO common_asset_details(identifier, symbol, coingecko, cryptocompare, forked, started, swapped_for) VALUES('eip155:42161/erc20:0x1CD9a56c8C2eA913c70319A44Da75e99255aa46f', 'OBT', 'orbiter-finance', 'OBT', NULL, 1736857449, NULL);
*
INSERT INTO assets(identifier, name, type) VALUES('eip155:8453/erc20:0x514D8E8099286a13486Ef6C525C120f51C239B52', 'Orbiter Token', 'C'); INSERT INTO evm_tokens(identifier, token_kind, chain, address, decimals, protocol) VALUES('eip155:8453/erc20:0x514D8E8099286a13486Ef6C525C120f51C239B52', 'A', 8453, '0x514D8E8099286a13486Ef6C525C120f51C239B52', 18, NULL); INSERT INTO common_asset_details(identifier, symbol, coingecko, cryptocompare, forked, started, swapped_for) VALUES('eip155:8453/erc20:0x514D8E8099286a13486Ef6C525C120f51C239B52', 'OBT', 'orbiter-finance', 'OBT', NULL, 1736856699, NULL);
*
INSERT INTO assets(identifier, name, type) VALUES('eip155:43114/erc20:0xcCf719c44e2C36E919335692E89d22Cf13D6aaEB', 'OpenBlox Token', 'C'); INSERT INTO evm_tokens(identifier, token_kind, chain, address, decimals, protocol) VALUES('eip155:43114/erc20:0xcCf719c44e2C36E919335692E89d22Cf13D6aaEB', 'A', 43114, '0xcCf719c44e2C36E919335692E89d22Cf13D6aaEB', 18, NULL); INSERT INTO common_asset_details(identifier, symbol, coingecko, cryptocompare, forked, started, swapped_for) VALUES('eip155:43114/erc20:0xcCf719c44e2C36E919335692E89d22Cf13D6aaEB', 'OBX', 'openblox', 'OBX', NULL, 1655382598, NULL);
*
INSERT INTO assets(identifier, name, type) VALUES('eip155:1/erc20:0x188fb5f5Ae5BBE4154d5778F2bbb2Fb985c94d25', 'OpenBlox Token', 'C'); INSERT INTO evm_tokens(identifier, token_kind, chain, address, decimals, protocol) VALUES('eip155:1/erc20:0x188fb5f5Ae5BBE4154d5778F2bbb2Fb985c94d25', 'A', 1, '0x188fb5f5Ae5BBE4154d5778F2bbb2Fb985c94d25', 18, NULL); INSERT INTO common_asset_details(identifier, symbol, coingecko, cryptocompare, forked, started, swapped_for) VALUES('eip155:1/erc20:0x188fb5f5Ae5BBE4154d5778F2bbb2Fb985c94d25', 'OBX', 'openblox', 'OBX', NULL, 1677161387, NULL);
*
INSERT INTO assets(identifier, name, type) VALUES('eip155:42161/erc20:0x188fb5f5Ae5BBE4154d5778F2bbb2Fb985c94d25', 'OpenBlox Token', 'C'); INSERT INTO evm_tokens(identifier, token_kind, chain, address, decimals, protocol) VALUES('eip155:42161/erc20:0x188fb5f5Ae5BBE4154d5778F2bbb2Fb985c94d25', 'A', 42161, '0x188fb5f5Ae5BBE4154d5778F2bbb2Fb985c94d25', 18, NULL); INSERT INTO common_asset_details(identifier, symbol, coingecko, cryptocompare, forked, started, swapped_for) VALUES('eip155:42161/erc20:0x188fb5f5Ae5BBE4154d5778F2bbb2Fb985c94d25', 'OBX', 'openblox', 'OBX', NULL, 1677163765, NULL);
*
INSERT INTO assets(identifier, name, type) VALUES('eip155:1/erc20:0x2E7e487D84B5BAbA5878A9833fb394bC89633Fd7', 'OMNIA Protocol', 'C'); INSERT INTO evm_tokens(identifier, token_kind, chain, address, decimals, protocol) VALUES('eip155:1/erc20:0x2E7e487D84B5BAbA5878A9833fb394bC89633Fd7', 'A', 1, '0x2E7e487D84B5BAbA5878A9833fb394bC89633Fd7', 18, NULL); INSERT INTO common_asset_details(identifier, symbol, coingecko, cryptocompare, forked, started, swapped_for) VALUES('eip155:1/erc20:0x2E7e487D84B5BAbA5878A9833fb394bC89633Fd7', 'OMNIA', 'omnia', '', NULL, 1637663608, NULL);
*
INSERT INTO assets(identifier, name, type) VALUES('eip155:56/erc20:0xB53cc8303943582949b9a23f0556b0f0C41Fec98', 'OMNIA Protocol', 'C'); INSERT INTO evm_tokens(identifier, token_kind, chain, address, decimals, protocol) VALUES('eip155:56/erc20:0xB53cc8303943582949b9a23f0556b0f0C41Fec98', 'A', 56, '0xB53cc8303943582949b9a23f0556b0f0C41Fec98', 18, NULL); INSERT INTO common_asset_details(identifier, symbol, coingecko, cryptocompare, forked, started, swapped_for) VALUES('eip155:56/erc20:0xB53cc8303943582949b9a23f0556b0f0C41Fec98', 'OMNIA', 'omnia', '', NULL, 1712559429, NULL);
*
INSERT INTO assets(identifier, name, type) VALUES('ONE', 'Harmony', 'B'); INSERT INTO common_asset_details(identifier, symbol, coingecko, cryptocompare, forked, started, swapped_for) VALUES('ONE', 'ONE', 'harmony', 'ONE', NULL, 1559433600, NULL);
*
INSERT INTO assets(identifier, name, type) VALUES('eip155:56/erc20:0x5651fA7a726B9Ec0cAd00Ee140179912B6E73599', 'OORT', 'C'); INSERT INTO evm_tokens(identifier, token_kind, chain, address, decimals, protocol) VALUES('eip155:56/erc20:0x5651fA7a726B9Ec0cAd00Ee140179912B6E73599', 'A', 56, '0x5651fA7a726B9Ec0cAd00Ee140179912B6E73599', 18, NULL); INSERT INTO common_asset_details(identifier, symbol, coingecko, cryptocompare, forked, started, swapped_for) VALUES('eip155:56/erc20:0x5651fA7a726B9Ec0cAd00Ee140179912B6E73599', 'OORT', 'oort', 'OORT', NULL, 1721069333, NULL);
*
INSERT INTO assets(identifier, name, type) VALUES('eip155:1/erc20:0xF8e57AC2730D3088D98B79209739b0D5Ba085a03', 'Optopia AI', 'C'); INSERT INTO evm_tokens(identifier, token_kind, chain, address, decimals, protocol) VALUES('eip155:1/erc20:0xF8e57AC2730D3088D98B79209739b0D5Ba085a03', 'A', 1, '0xF8e57AC2730D3088D98B79209739b0D5Ba085a03', 18, NULL); INSERT INTO common_asset_details(identifier, symbol, coingecko, cryptocompare, forked, started, swapped_for) VALUES('eip155:1/erc20:0xF8e57AC2730D3088D98B79209739b0D5Ba085a03', 'OPAI', 'optopia-ai', '', NULL, 1715594603, NULL);
*
INSERT INTO assets(identifier, name, type) VALUES('eip155:1/erc20:0xABD4C63d2616A5201454168269031355f4764337', 'Orderly Network', 'C'); INSERT INTO evm_tokens(identifier, token_kind, chain, address, decimals, protocol) VALUES('eip155:1/erc20:0xABD4C63d2616A5201454168269031355f4764337', 'A', 1, '0xABD4C63d2616A5201454168269031355f4764337', 18, NULL); INSERT INTO common_asset_details(identifier, symbol, coingecko, cryptocompare, forked, started, swapped_for) VALUES('eip155:1/erc20:0xABD4C63d2616A5201454168269031355f4764337', 'ORDER', 'orderly-network', 'ORDER', NULL, 1722927947, NULL);
*
INSERT INTO assets(identifier, name, type) VALUES('eip155:10/erc20:0x4E200fE2f3eFb977d5fd9c430A41531FB04d97B8', 'Orderly Network', 'C'); INSERT INTO evm_tokens(identifier, token_kind, chain, address, decimals, protocol) VALUES('eip155:10/erc20:0x4E200fE2f3eFb977d5fd9c430A41531FB04d97B8', 'A', 10, '0x4E200fE2f3eFb977d5fd9c430A41531FB04d97B8', 18, NULL); INSERT INTO common_asset_details(identifier, symbol, coingecko, cryptocompare, forked, started, swapped_for) VALUES('eip155:10/erc20:0x4E200fE2f3eFb977d5fd9c430A41531FB04d97B8', 'ORDER', 'orderly-network', 'ORDER', NULL, 1722931103, NULL);
*
INSERT INTO assets(identifier, name, type) VALUES('eip155:42161/erc20:0x4E200fE2f3eFb977d5fd9c430A41531FB04d97B8', 'Orderly Network', 'C'); INSERT INTO evm_tokens(identifier, token_kind, chain, address, decimals, protocol) VALUES('eip155:42161/erc20:0x4E200fE2f3eFb977d5fd9c430A41531FB04d97B8', 'A', 42161, '0x4E200fE2f3eFb977d5fd9c430A41531FB04d97B8', 18, NULL); INSERT INTO common_asset_details(identifier, symbol, coingecko, cryptocompare, forked, started, swapped_for) VALUES('eip155:42161/erc20:0x4E200fE2f3eFb977d5fd9c430A41531FB04d97B8', 'ORDER', 'orderly-network', 'ORDER', NULL, 1722930965, NULL);
*
INSERT INTO assets(identifier, name, type) VALUES('eip155:137/erc20:0x4E200fE2f3eFb977d5fd9c430A41531FB04d97B8', 'Orderly Network', 'C'); INSERT INTO evm_tokens(identifier, token_kind, chain, address, decimals, protocol) VALUES('eip155:137/erc20:0x4E200fE2f3eFb977d5fd9c430A41531FB04d97B8', 'A', 137, '0x4E200fE2f3eFb977d5fd9c430A41531FB04d97B8', 18, NULL); INSERT INTO common_asset_details(identifier, symbol, coingecko, cryptocompare, forked, started, swapped_for) VALUES('eip155:137/erc20:0x4E200fE2f3eFb977d5fd9c430A41531FB04d97B8', 'ORDER', 'orderly-network', 'ORDER', NULL, 1722931153, NULL);
*
INSERT INTO assets(identifier, name, type) VALUES('eip155:8453/erc20:0x4E200fE2f3eFb977d5fd9c430A41531FB04d97B8', 'Orderly Network', 'C'); INSERT INTO evm_tokens(identifier, token_kind, chain, address, decimals, protocol) VALUES('eip155:8453/erc20:0x4E200fE2f3eFb977d5fd9c430A41531FB04d97B8', 'A', 8453, '0x4E200fE2f3eFb977d5fd9c430A41531FB04d97B8', 18, NULL); INSERT INTO common_asset_details(identifier, symbol, coingecko, cryptocompare, forked, started, swapped_for) VALUES('eip155:8453/erc20:0x4E200fE2f3eFb977d5fd9c430A41531FB04d97B8', 'ORDER', 'orderly-network', 'ORDER', NULL, 1722932827, NULL);
*
INSERT INTO assets(identifier, name, type) VALUES('eip155:56/erc20:0x9E711221B34A2d4B8F552BD5f4A6C4e7934920f7', 'Okratech', 'C'); INSERT INTO evm_tokens(identifier, token_kind, chain, address, decimals, protocol) VALUES('eip155:56/erc20:0x9E711221B34A2d4B8F552BD5f4A6C4e7934920f7', 'A', 56, '0x9E711221B34A2d4B8F552BD5f4A6C4e7934920f7', 8, NULL); INSERT INTO common_asset_details(identifier, symbol, coingecko, cryptocompare, forked, started, swapped_for) VALUES('eip155:56/erc20:0x9E711221B34A2d4B8F552BD5f4A6C4e7934920f7', 'ORT', 'okratech-token', 'ORT', NULL, 1637748739, NULL);
*
INSERT INTO assets(identifier, name, type) VALUES('PEAQ', 'peaq', 'B'); INSERT INTO common_asset_details(identifier, symbol, coingecko, cryptocompare, forked, started, swapped_for) VALUES('PEAQ', 'PEAQ', 'peaq-2', 'PEAQ', NULL, 1731369600, NULL);
*
INSERT INTO assets(identifier, name, type) VALUES('eip155:1/erc20:0x5Ee3188A3f8aDee1D736EdD4AE85000105C88f66', 'Pentagon', 'C'); INSERT INTO evm_tokens(identifier, token_kind, chain, address, decimals, protocol) VALUES('eip155:1/erc20:0x5Ee3188A3f8aDee1D736EdD4AE85000105C88f66', 'A', 1, '0x5Ee3188A3f8aDee1D736EdD4AE85000105C88f66', 18, NULL); INSERT INTO common_asset_details(identifier, symbol, coingecko, cryptocompare, forked, started, swapped_for) VALUES('eip155:1/erc20:0x5Ee3188A3f8aDee1D736EdD4AE85000105C88f66', 'PEN', 'pentagon-games', '', NULL, 1732612439, NULL);
*
INSERT INTO assets(identifier, name, type) VALUES('eip155:42161/erc20:0x291A50E611035b6562a2374B8B44dE70aA8d7896', 'Pentagon', 'C'); INSERT INTO evm_tokens(identifier, token_kind, chain, address, decimals, protocol) VALUES('eip155:42161/erc20:0x291A50E611035b6562a2374B8B44dE70aA8d7896', 'A', 42161, '0x291A50E611035b6562a2374B8B44dE70aA8d7896', 18, NULL); INSERT INTO common_asset_details(identifier, symbol, coingecko, cryptocompare, forked, started, swapped_for) VALUES('eip155:42161/erc20:0x291A50E611035b6562a2374B8B44dE70aA8d7896', 'PEN', 'pentagon-games', '', NULL, 1733315427, NULL);
*
INSERT INTO assets(identifier, name, type) VALUES('PGC', 'PiggyPiggyCoin', 'W'); INSERT INTO common_asset_details(identifier, symbol, coingecko, cryptocompare, forked, started, swapped_for) VALUES('PGC', 'PGC', 'piggypiggycoin', '', NULL, 1731673800, NULL);
*
INSERT INTO assets(identifier, name, type) VALUES('eip155:1/erc20:0xc328a59E7321747aEBBc49FD28d1b32C1af8d3b2', 'Phil', 'C'); INSERT INTO evm_tokens(identifier, token_kind, chain, address, decimals, protocol) VALUES('eip155:1/erc20:0xc328a59E7321747aEBBc49FD28d1b32C1af8d3b2', 'A', 1, '0xc328a59E7321747aEBBc49FD28d1b32C1af8d3b2', 18, NULL); INSERT INTO common_asset_details(identifier, symbol, coingecko, cryptocompare, forked, started, swapped_for) VALUES('eip155:1/erc20:0xc328a59E7321747aEBBc49FD28d1b32C1af8d3b2', 'PHIL', 'phil', 'PHIL', NULL, 1724847047, NULL);
*
INSERT INTO assets(identifier, name, type) VALUES('eip155:56/erc20:0x4b3a2187648902082db0a44e8235d57F3f23DD10', 'PINEYE', 'C'); INSERT INTO evm_tokens(identifier, token_kind, chain, address, decimals, protocol) VALUES('eip155:56/erc20:0x4b3a2187648902082db0a44e8235d57F3f23DD10', 'A', 56, '0x4b3a2187648902082db0a44e8235d57F3f23DD10', 18, NULL); INSERT INTO common_asset_details(identifier, symbol, coingecko, cryptocompare, forked, started, swapped_for) VALUES('eip155:56/erc20:0x4b3a2187648902082db0a44e8235d57F3f23DD10', 'PINEYE', 'pineye', 'PINEYE', NULL, 1731354517, NULL);
*
INSERT INTO assets(identifier, name, type) VALUES('eip155:1/erc20:0xd795eb12034C2b77d787a22292c26fab5f5C70Aa', 'Pixelverse', 'C'); INSERT INTO evm_tokens(identifier, token_kind, chain, address, decimals, protocol) VALUES('eip155:1/erc20:0xd795eb12034C2b77d787a22292c26fab5f5C70Aa', 'A', 1, '0xd795eb12034C2b77d787a22292c26fab5f5C70Aa', 18, NULL); INSERT INTO common_asset_details(identifier, symbol, coingecko, cryptocompare, forked, started, swapped_for) VALUES('eip155:1/erc20:0xd795eb12034C2b77d787a22292c26fab5f5C70Aa', 'PIXFI', 'pixelverse-xyz', 'PIXFI', NULL, 1716327287, NULL);
*
INSERT INTO assets(identifier, name, type) VALUES('eip155:1/erc20:0x0944D5848BD9F60A34Ba92aEa300d4286696Eb76', 'Palette Token', 'C'); INSERT INTO evm_tokens(identifier, token_kind, chain, address, decimals, protocol) VALUES('eip155:1/erc20:0x0944D5848BD9F60A34Ba92aEa300d4286696Eb76', 'A', 1, '0x0944D5848BD9F60A34Ba92aEa300d4286696Eb76', 18, NULL); INSERT INTO common_asset_details(identifier, symbol, coingecko, cryptocompare, forked, started, swapped_for) VALUES('eip155:1/erc20:0x0944D5848BD9F60A34Ba92aEa300d4286696Eb76', 'PLT', 'palette', '', NULL, 1621920154, NULL);
*
INSERT INTO assets(identifier, name, type) VALUES('eip155:1/erc20:0xD8912C10681D8B21Fd3742244f44658dBA12264E', 'Pluton', 'C'); INSERT INTO evm_tokens(identifier, token_kind, chain, address, decimals, protocol) VALUES('eip155:1/erc20:0xD8912C10681D8B21Fd3742244f44658dBA12264E', 'A', 1, '0xD8912C10681D8B21Fd3742244f44658dBA12264E', 18, NULL); INSERT INTO common_asset_details(identifier, symbol, coingecko, cryptocompare, forked, started, swapped_for) VALUES('eip155:1/erc20:0xD8912C10681D8B21Fd3742244f44658dBA12264E', 'PLU', 'pluton', 'PLU', NULL, 1512694800, NULL);
*
INSERT INTO assets(identifier, name, type) VALUES('PNDR', 'Ponder One', 'W'); INSERT INTO common_asset_details(identifier, symbol, coingecko, cryptocompare, forked, started, swapped_for) VALUES('PNDR', 'PNDR', 'ponder-one', '', NULL, 1732060800, NULL);
*
INSERT INTO assets(identifier, name, type) VALUES('PONCH', 'Ponchiqs', 'W'); INSERT INTO common_asset_details(identifier, symbol, coingecko, cryptocompare, forked, started, swapped_for) VALUES('PONCH', 'PONCH', 'ponchiqs', 'PONCH', NULL, 1733492460, NULL);
*
INSERT INTO assets(identifier, name, type) VALUES('PURR', 'Purr', 'W'); INSERT INTO common_asset_details(identifier, symbol, coingecko, cryptocompare, forked, started, swapped_for) VALUES('PURR', 'PURR', 'purr-2', '', NULL, 1714698000, NULL);
*
INSERT INTO assets(identifier, name, type) VALUES('eip155:43114/erc20:0xf3E5914cA1F678E0A3a38031B5514682e3450919', 'InkFinance', 'C'); INSERT INTO evm_tokens(identifier, token_kind, chain, address, decimals, protocol) VALUES('eip155:43114/erc20:0xf3E5914cA1F678E0A3a38031B5514682e3450919', 'A', 43114, '0xf3E5914cA1F678E0A3a38031B5514682e3450919', 18, NULL); INSERT INTO common_asset_details(identifier, symbol, coingecko, cryptocompare, forked, started, swapped_for) VALUES('eip155:43114/erc20:0xf3E5914cA1F678E0A3a38031B5514682e3450919', 'QUILL', 'ink-finance', '', NULL, 1665466973, NULL);
*
INSERT INTO assets(identifier, name, type) VALUES('eip155:56/erc20:0x6Bcd897D4BA5675F860C7418ddc034f6c5610114', 'Rainmaker Games', 'C'); INSERT INTO evm_tokens(identifier, token_kind, chain, address, decimals, protocol) VALUES('eip155:56/erc20:0x6Bcd897D4BA5675F860C7418ddc034f6c5610114', 'A', 56, '0x6Bcd897D4BA5675F860C7418ddc034f6c5610114', 18, NULL); INSERT INTO common_asset_details(identifier, symbol, coingecko, cryptocompare, forked, started, swapped_for) VALUES('eip155:56/erc20:0x6Bcd897D4BA5675F860C7418ddc034f6c5610114', 'RAIN', 'rainmaker-games', 'RAIN', NULL, 1639584435, NULL);
*
INSERT INTO assets(identifier, name, type) VALUES('READY', 'READY!', 'Y'); INSERT INTO common_asset_details(identifier, symbol, coingecko, cryptocompare, forked, started, swapped_for) VALUES('READY', 'READY', 'ready', '', NULL, 1732626120, NULL);
*
INSERT INTO assets(identifier, name, type) VALUES('REDO', 'Resistance Dog', 'W'); INSERT INTO common_asset_details(identifier, symbol, coingecko, cryptocompare, forked, started, swapped_for) VALUES('REDO', 'REDO', 'resistance-dog', 'REDO', NULL, 1705536000, NULL);
*
INSERT INTO assets(identifier, name, type) VALUES('RIF', 'Rifampicin', 'Y'); INSERT INTO common_asset_details(identifier, symbol, coingecko, cryptocompare, forked, started, swapped_for) VALUES('RIF', '$RIF', 'rifampicin', '', NULL, 1726909472, NULL);
*
INSERT INTO assets(identifier, name, type) VALUES('eip155:8453/erc20:0xE2B1dc2D4A3b4E59FDF0c47B71A7A86391a8B35a', 'RWA Inc', 'C'); INSERT INTO evm_tokens(identifier, token_kind, chain, address, decimals, protocol) VALUES('eip155:8453/erc20:0xE2B1dc2D4A3b4E59FDF0c47B71A7A86391a8B35a', 'A', 8453, '0xE2B1dc2D4A3b4E59FDF0c47B71A7A86391a8B35a', 18, NULL); INSERT INTO common_asset_details(identifier, symbol, coingecko, cryptocompare, forked, started, swapped_for) VALUES('eip155:8453/erc20:0xE2B1dc2D4A3b4E59FDF0c47B71A7A86391a8B35a', 'RWA', 'rwa-inc', 'RWA', NULL, 1731686141, NULL);
*
INSERT INTO assets(identifier, name, type) VALUES('eip155:56/erc20:0xE2B1dc2D4A3b4E59FDF0c47B71A7A86391a8B35a', 'RWA Inc', 'C'); INSERT INTO evm_tokens(identifier, token_kind, chain, address, decimals, protocol) VALUES('eip155:56/erc20:0xE2B1dc2D4A3b4E59FDF0c47B71A7A86391a8B35a', 'A', 56, '0xE2B1dc2D4A3b4E59FDF0c47B71A7A86391a8B35a', 18, NULL); INSERT INTO common_asset_details(identifier, symbol, coingecko, cryptocompare, forked, started, swapped_for) VALUES('eip155:56/erc20:0xE2B1dc2D4A3b4E59FDF0c47B71A7A86391a8B35a', 'RWA', 'rwa-inc', 'RWA', NULL, 1731686141, NULL);
*
INSERT INTO assets(identifier, name, type) VALUES('SLC', 'Silencio', 'W'); INSERT INTO common_asset_details(identifier, symbol, coingecko, cryptocompare, forked, started, swapped_for) VALUES('SLC', 'SLC', 'silencio', '', NULL, 1737676800, NULL);
*
INSERT INTO assets(identifier, name, type) VALUES('SLF', 'Self Chain', 'B'); INSERT INTO common_asset_details(identifier, symbol, coingecko, cryptocompare, forked, started, swapped_for) VALUES('SLF', 'SLF', 'self-chain', 'slf', NULL, 1724976000, NULL);
*
INSERT INTO assets(identifier, name, type) VALUES('eip155:1/erc20:0x6A9B3fdB4a3296eCba1EbFA2cF4A8B16032a769C', 'bitSmiley', 'C'); INSERT INTO evm_tokens(identifier, token_kind, chain, address, decimals, protocol) VALUES('eip155:1/erc20:0x6A9B3fdB4a3296eCba1EbFA2cF4A8B16032a769C', 'A', 1, '0x6A9B3fdB4a3296eCba1EbFA2cF4A8B16032a769C', 18, NULL); INSERT INTO common_asset_details(identifier, symbol, coingecko, cryptocompare, forked, started, swapped_for) VALUES('eip155:1/erc20:0x6A9B3fdB4a3296eCba1EbFA2cF4A8B16032a769C', 'SMILE', 'bitsmiley', '', NULL, 1727443223, NULL);
*
INSERT INTO assets(identifier, name, type) VALUES('SMH', 'Spacemesh', 'B'); INSERT INTO common_asset_details(identifier, symbol, coingecko, cryptocompare, forked, started, swapped_for) VALUES('SMH', '$SMH', 'self-chain', 'spacemesh', NULL, 1700092800, NULL);
*
INSERT INTO assets(identifier, name, type) VALUES('eip155:1/erc20:0xD3C68968137317a57a9bAbeacC7707Ec433548B4', 'Phavercoin', 'C'); INSERT INTO evm_tokens(identifier, token_kind, chain, address, decimals, protocol) VALUES('eip155:1/erc20:0xD3C68968137317a57a9bAbeacC7707Ec433548B4', 'A', 1, '0xD3C68968137317a57a9bAbeacC7707Ec433548B4', 18, NULL); INSERT INTO common_asset_details(identifier, symbol, coingecko, cryptocompare, forked, started, swapped_for) VALUES('eip155:1/erc20:0xD3C68968137317a57a9bAbeacC7707Ec433548B4', 'SOCIAL', 'phavercoin', 'social', NULL, 1724053823, NULL);
*
INSERT INTO assets(identifier, name, type) VALUES('eip155:8453/erc20:0xD3C68968137317a57a9bAbeacC7707Ec433548B4', 'Phavercoin', 'C'); INSERT INTO evm_tokens(identifier, token_kind, chain, address, decimals, protocol) VALUES('eip155:8453/erc20:0xD3C68968137317a57a9bAbeacC7707Ec433548B4', 'A', 8453, '0xD3C68968137317a57a9bAbeacC7707Ec433548B4', 18, NULL); INSERT INTO common_asset_details(identifier, symbol, coingecko, cryptocompare, forked, started, swapped_for) VALUES('eip155:8453/erc20:0xD3C68968137317a57a9bAbeacC7707Ec433548B4', 'SOCIAL', 'phavercoin', 'social', NULL, 1724053793, NULL);
*
INSERT INTO assets(identifier, name, type) VALUES('eip155:56/erc20:0xabE8E5CabE24Cb36df9540088fD7cE1175b9bc52', 'Solv', 'C'); INSERT INTO evm_tokens(identifier, token_kind, chain, address, decimals, protocol) VALUES('eip155:56/erc20:0xabE8E5CabE24Cb36df9540088fD7cE1175b9bc52', 'A', 56, '0xabE8E5CabE24Cb36df9540088fD7cE1175b9bc52', 18, NULL); INSERT INTO common_asset_details(identifier, symbol, coingecko, cryptocompare, forked, started, swapped_for) VALUES('eip155:56/erc20:0xabE8E5CabE24Cb36df9540088fD7cE1175b9bc52', 'SOLV', 'solv-protocol', 'solv', NULL, 1734929239, NULL);
*
INSERT INTO assets(identifier, name, type) VALUES('SONICSVM', 'Sonic SVM', 'Y'); INSERT INTO common_asset_details(identifier, symbol, coingecko, cryptocompare, forked, started, swapped_for) VALUES('SONICSVM', 'SONIC', 'sonic-svm', 'sonic', NULL, 1732817720, NULL);
*
INSERT INTO assets(identifier, name, type) VALUES('eip155:1/erc20:0x76A0e27618462bDAC7a29104bdcfFf4E6BFCea2D', 'SoSoValue', 'C'); INSERT INTO evm_tokens(identifier, token_kind, chain, address, decimals, protocol) VALUES('eip155:1/erc20:0x76A0e27618462bDAC7a29104bdcfFf4E6BFCea2D', 'A', 1, '0x76A0e27618462bDAC7a29104bdcfFf4E6BFCea2D', 18, NULL); INSERT INTO common_asset_details(identifier, symbol, coingecko, cryptocompare, forked, started, swapped_for) VALUES('eip155:1/erc20:0x76A0e27618462bDAC7a29104bdcfFf4E6BFCea2D', 'SOSO', 'sosovalue', 'soso', NULL, 1736599511, NULL);
*
INSERT INTO assets(identifier, name, type) VALUES('eip155:56/erc20:0x9025DaA1FE2D27700187e0EAc670818945F94c2E', 'Stage', 'C'); INSERT INTO evm_tokens(identifier, token_kind, chain, address, decimals, protocol) VALUES('eip155:56/erc20:0x9025DaA1FE2D27700187e0EAc670818945F94c2E', 'A', 56, '0x9025DaA1FE2D27700187e0EAc670818945F94c2E', 18, NULL); INSERT INTO common_asset_details(identifier, symbol, coingecko, cryptocompare, forked, started, swapped_for) VALUES('eip155:56/erc20:0x9025DaA1FE2D27700187e0EAc670818945F94c2E', 'STAGE', 'stage', '', NULL, 1718377281, NULL);
*
INSERT INTO assets(identifier, name, type) VALUES('eip155:1/erc20:0xB299751B088336E165dA313c33e3195B8c6663A6', 'StarHeroes', 'C'); INSERT INTO evm_tokens(identifier, token_kind, chain, address, decimals, protocol) VALUES('eip155:1/erc20:0xB299751B088336E165dA313c33e3195B8c6663A6', 'A', 1, '0xB299751B088336E165dA313c33e3195B8c6663A6', 18, NULL); INSERT INTO common_asset_details(identifier, symbol, coingecko, cryptocompare, forked, started, swapped_for) VALUES('eip155:1/erc20:0xB299751B088336E165dA313c33e3195B8c6663A6', 'STAR', 'starheroes', '', NULL, 1710229511, NULL);
*
INSERT INTO assets(identifier, name, type) VALUES('eip155:42161/erc20:0xB299751B088336E165dA313c33e3195B8c6663A6', 'StarHeroes', 'C'); INSERT INTO evm_tokens(identifier, token_kind, chain, address, decimals, protocol) VALUES('eip155:42161/erc20:0xB299751B088336E165dA313c33e3195B8c6663A6', 'A', 42161, '0xB299751B088336E165dA313c33e3195B8c6663A6', 18, NULL); INSERT INTO common_asset_details(identifier, symbol, coingecko, cryptocompare, forked, started, swapped_for) VALUES('eip155:42161/erc20:0xB299751B088336E165dA313c33e3195B8c6663A6', 'STAR', 'starheroes', '', NULL, 1709244341, NULL);
*
INSERT INTO assets(identifier, name, type) VALUES('eip155:1/erc20:0x4FC15c91a9c4A9efB404174464687E8e128730C2', 'STAT', 'C'); INSERT INTO evm_tokens(identifier, token_kind, chain, address, decimals, protocol) VALUES('eip155:1/erc20:0x4FC15c91a9c4A9efB404174464687E8e128730C2', 'A', 1, '0x4FC15c91a9c4A9efB404174464687E8e128730C2', 18, NULL); INSERT INTO common_asset_details(identifier, symbol, coingecko, cryptocompare, forked, started, swapped_for) VALUES('eip155:1/erc20:0x4FC15c91a9c4A9efB404174464687E8e128730C2', 'STAT', 'stat', 'stat', NULL, 1664285735, NULL);
*
INSERT INTO assets(identifier, name, type) VALUES('STREAM', 'Streamflow', 'Y'); INSERT INTO common_asset_details(identifier, symbol, coingecko, cryptocompare, forked, started, swapped_for) VALUES('STREAM', 'STREAM', 'streamflow', '', NULL, 1733221847, NULL);
*
INSERT INTO assets(identifier, name, type) VALUES('STOP', 'LETSTOP', 'Y'); INSERT INTO common_asset_details(identifier, symbol, coingecko, cryptocompare, forked, started, swapped_for) VALUES('STOP', 'STOP', 'letstop', '', NULL, 1730394281, NULL);
*
INSERT INTO assets(identifier, name, type) VALUES('STNK', 'Stonks', 'Y'); INSERT INTO common_asset_details(identifier, symbol, coingecko, cryptocompare, forked, started, swapped_for) VALUES('STNK', 'STNK', 'stonks-4', 'stnk', NULL, 1732618320, NULL);
*
INSERT INTO assets(identifier, name, type) VALUES('SUNDOG', 'Sundog', 'W'); INSERT INTO common_asset_details(identifier, symbol, coingecko, cryptocompare, forked, started, swapped_for) VALUES('SUNDOG', 'SUNDOG', 'sundog', 'sundog', NULL, 1723766400, NULL);
*
INSERT INTO assets(identifier, name, type) VALUES('SUPRA', 'Supra', 'B'); INSERT INTO common_asset_details(identifier, symbol, coingecko, cryptocompare, forked, started, swapped_for) VALUES('SUPRA', 'SUPRA', 'supra', 'supra', NULL, 1732716660, NULL);
*
INSERT INTO assets(identifier, name, type) VALUES('SVL', 'Slash Vision Labs', 'W'); INSERT INTO common_asset_details(identifier, symbol, coingecko, cryptocompare, forked, started, swapped_for) VALUES('SVL', 'SVL', 'slash-vision-labs', 'svl', NULL, 1714435200, NULL);
*
INSERT INTO assets(identifier, name, type) VALUES('SWARMS', 'Swarms', 'Y'); INSERT INTO common_asset_details(identifier, symbol, coingecko, cryptocompare, forked, started, swapped_for) VALUES('SWARMS', 'SWARMS', 'swarms', 'swarms', NULL, 1735015440, NULL);
*
INSERT INTO assets(identifier, name, type) VALUES('eip155:1/erc20:0xDA987c655ebC38C801DB64A8608bc1AA56Cd9a31', 'Synternet Token', 'C'); INSERT INTO evm_tokens(identifier, token_kind, chain, address, decimals, protocol) VALUES('eip155:1/erc20:0xDA987c655ebC38C801DB64A8608bc1AA56Cd9a31', 'A', 1, '0xDA987c655ebC38C801DB64A8608bc1AA56Cd9a31', 18, NULL); INSERT INTO common_asset_details(identifier, symbol, coingecko, cryptocompare, forked, started, swapped_for) VALUES('eip155:1/erc20:0xDA987c655ebC38C801DB64A8608bc1AA56Cd9a31', 'SYNT', 'synternet-synt', '', NULL, 1719167999, NULL);
*
INSERT INTO assets(identifier, name, type) VALUES('eip155:42161/erc20:0x0721b3C9f19cfeF1d622C918DcD431960f35E060', 'SYNTHR', 'C'); INSERT INTO evm_tokens(identifier, token_kind, chain, address, decimals, protocol) VALUES('eip155:42161/erc20:0x0721b3C9f19cfeF1d622C918DcD431960f35E060', 'A', 42161, '0x0721b3C9f19cfeF1d622C918DcD431960f35E060', 18, NULL); INSERT INTO common_asset_details(identifier, symbol, coingecko, cryptocompare, forked, started, swapped_for) VALUES('eip155:42161/erc20:0x0721b3C9f19cfeF1d622C918DcD431960f35E060', 'SYNTH', 'synthr', 'SYNTH', NULL, 1735985194, NULL);
*
INSERT INTO assets(identifier, name, type) VALUES('eip155:56/erc20:0x35bEdBF9291b22218a0dA863170dcC9329Ef2563', 'TAP Coin', 'C'); INSERT INTO evm_tokens(identifier, token_kind, chain, address, decimals, protocol) VALUES('eip155:56/erc20:0x35bEdBF9291b22218a0dA863170dcC9329Ef2563', 'A', 56, '0x35bEdBF9291b22218a0dA863170dcC9329Ef2563', 18, NULL); INSERT INTO common_asset_details(identifier, symbol, coingecko, cryptocompare, forked, started, swapped_for) VALUES('eip155:56/erc20:0x35bEdBF9291b22218a0dA863170dcC9329Ef2563', 'TAP', '', '', NULL, 1641286778, NULL);
*
INSERT INTO assets(identifier, name, type) VALUES('eip155:1/erc20:0x5e7F6e008C6d9D7AD4c7EB75Bd4ce62864cc7454', 'tap', 'C'); INSERT INTO evm_tokens(identifier, token_kind, chain, address, decimals, protocol) VALUES('eip155:1/erc20:0x5e7F6e008C6d9D7AD4c7EB75Bd4ce62864cc7454', 'A', 1, '0x5e7F6e008C6d9D7AD4c7EB75Bd4ce62864cc7454', 18, NULL); INSERT INTO common_asset_details(identifier, symbol, coingecko, cryptocompare, forked, started, swapped_for) VALUES('eip155:1/erc20:0x5e7F6e008C6d9D7AD4c7EB75Bd4ce62864cc7454', 'tap', 'tapify', '', NULL, 1727975963, NULL);
*
INSERT INTO assets(identifier, name, type) VALUES('eip155:8453/erc20:0x7A5f5CcD46EBd7aC30615836D988ca3BD57412b3', 'TAOCat by Virtuals', 'C'); INSERT INTO evm_tokens(identifier, token_kind, chain, address, decimals, protocol) VALUES('eip155:8453/erc20:0x7A5f5CcD46EBd7aC30615836D988ca3BD57412b3', 'A', 8453, '0x7A5f5CcD46EBd7aC30615836D988ca3BD57412b3', 18, NULL); INSERT INTO common_asset_details(identifier, symbol, coingecko, cryptocompare, forked, started, swapped_for) VALUES('eip155:8453/erc20:0x7A5f5CcD46EBd7aC30615836D988ca3BD57412b3', 'TAOCAT', 'taocat-by-virtuals', '', NULL, 1734583587, NULL);
*
INSERT INTO assets(identifier, name, type) VALUES('eip155:1/erc20:0xdebe620609674F21B1089042527F420372eA98A5', 'ALTAVA', 'C'); INSERT INTO evm_tokens(identifier, token_kind, chain, address, decimals, protocol) VALUES('eip155:1/erc20:0xdebe620609674F21B1089042527F420372eA98A5', 'A', 1, '0xdebe620609674F21B1089042527F420372eA98A5', 18, NULL); INSERT INTO common_asset_details(identifier, symbol, coingecko, cryptocompare, forked, started, swapped_for) VALUES('eip155:1/erc20:0xdebe620609674F21B1089042527F420372eA98A5', 'TAVA', 'altava', 'tava', NULL, 1651141135, NULL);
*
INSERT INTO assets(identifier, name, type) VALUES('eip155:8453/erc20:0x00309D634d11541b857f927BE91aD2f0bD78894c', 'Tevaera', 'C'); INSERT INTO evm_tokens(identifier, token_kind, chain, address, decimals, protocol) VALUES('eip155:8453/erc20:0x00309D634d11541b857f927BE91aD2f0bD78894c', 'A', 8453, '0x00309D634d11541b857f927BE91aD2f0bD78894c', 18, NULL); INSERT INTO common_asset_details(identifier, symbol, coingecko, cryptocompare, forked, started, swapped_for) VALUES('eip155:8453/erc20:0x00309D634d11541b857f927BE91aD2f0bD78894c', 'TEVA', 'tevaera', 'TEVA', NULL, 1737809175, NULL);
*
INSERT INTO assets(identifier, name, type) VALUES('eip155:1/erc20:0x2E95Cea14dd384429EB3c4331B776c4CFBB6FCD9', 'Throne', 'C'); INSERT INTO evm_tokens(identifier, token_kind, chain, address, decimals, protocol) VALUES('eip155:1/erc20:0x2E95Cea14dd384429EB3c4331B776c4CFBB6FCD9', 'A', 1, '0x2E95Cea14dd384429EB3c4331B776c4CFBB6FCD9', 18, NULL); INSERT INTO common_asset_details(identifier, symbol, coingecko, cryptocompare, forked, started, swapped_for) VALUES('eip155:1/erc20:0x2E95Cea14dd384429EB3c4331B776c4CFBB6FCD9', 'THN', 'throne', '', NULL, 1621948583, NULL);
*
INSERT INTO assets(identifier, name, type) VALUES('THRUST', 'Thruster', 'W'); INSERT INTO common_asset_details(identifier, symbol, coingecko, cryptocompare, forked, started, swapped_for) VALUES('THRUST', 'THRUST', 'thruster', 'thrust', NULL, 1729555200, NULL);
*
INSERT INTO assets(identifier, name, type) VALUES('TRC', 'Terracoin', 'W'); INSERT INTO common_asset_details(identifier, symbol, coingecko, cryptocompare, forked, started, swapped_for) VALUES('TRC', 'TRC', 'terracoin', '', NULL, 1367107200, NULL);
*
INSERT INTO assets(identifier, name, type) VALUES('eip155:1/erc20:0xa02C49Da76A085e4E1EE60A6b920dDbC8db599F4', 'Shiba Inu Treat', 'C'); INSERT INTO evm_tokens(identifier, token_kind, chain, address, decimals, protocol) VALUES('eip155:1/erc20:0xa02C49Da76A085e4E1EE60A6b920dDbC8db599F4', 'A', 1, '0xa02C49Da76A085e4E1EE60A6b920dDbC8db599F4', 18, NULL); INSERT INTO common_asset_details(identifier, symbol, coingecko, cryptocompare, forked, started, swapped_for) VALUES('eip155:1/erc20:0xa02C49Da76A085e4E1EE60A6b920dDbC8db599F4', 'TREAT', 'shiba-inu-treat', '', NULL, 1735314743, NULL);
*
INSERT INTO assets(identifier, name, type) VALUES('TRISIG', 'Tri Sigma', 'Y'); INSERT INTO common_asset_details(identifier, symbol, coingecko, cryptocompare, forked, started, swapped_for) VALUES('TRISIG', 'TRISIG', 'tri-sigma', '', NULL, 1732289340, NULL);
*
INSERT INTO assets(identifier, name, type) VALUES('eip155:1/erc20:0x0828096494ad6252F0F853abFC5b6ec9dfe9fDAd', 'TeleportSystemToken', 'C'); INSERT INTO evm_tokens(identifier, token_kind, chain, address, decimals, protocol) VALUES('eip155:1/erc20:0x0828096494ad6252F0F853abFC5b6ec9dfe9fDAd', 'A', 1, '0x0828096494ad6252F0F853abFC5b6ec9dfe9fDAd', 18, NULL); INSERT INTO common_asset_details(identifier, symbol, coingecko, cryptocompare, forked, started, swapped_for) VALUES('eip155:1/erc20:0x0828096494ad6252F0F853abFC5b6ec9dfe9fDAd', 'TST', 'teleport-system-token', 'tst', NULL, 1713314111, NULL);
*
INSERT INTO assets(identifier, name, type) VALUES('eip155:1/erc20:0x558e7139800f8bc119F68D23a6126FFFD43a66a6', 'U2U Network', 'C'); INSERT INTO evm_tokens(identifier, token_kind, chain, address, decimals, protocol) VALUES('eip155:1/erc20:0x558e7139800f8bc119F68D23a6126FFFD43a66a6', 'A', 1, '0x558e7139800f8bc119F68D23a6126FFFD43a66a6', 18, NULL); INSERT INTO common_asset_details(identifier, symbol, coingecko, cryptocompare, forked, started, swapped_for) VALUES('eip155:1/erc20:0x558e7139800f8bc119F68D23a6126FFFD43a66a6', 'U2U', 'unicorn-ultra', '', NULL, 1732106411, NULL);
*
INSERT INTO assets(identifier, name, type) VALUES('eip155:1/erc20:0x01aaC2b594F7bdBeC740F0F1AA22910EbB4B74Ab', 'Unio Coin', 'C'); INSERT INTO evm_tokens(identifier, token_kind, chain, address, decimals, protocol) VALUES('eip155:1/erc20:0x01aaC2b594F7bdBeC740F0F1AA22910EbB4B74Ab', 'A', 1, '0x01aaC2b594F7bdBeC740F0F1AA22910EbB4B74Ab', 18, NULL); INSERT INTO common_asset_details(identifier, symbol, coingecko, cryptocompare, forked, started, swapped_for) VALUES('eip155:1/erc20:0x01aaC2b594F7bdBeC740F0F1AA22910EbB4B74Ab', 'UNIO', 'unio-coin', 'unio', NULL, 1712921759, NULL);
*
INSERT INTO assets(identifier, name, type) VALUES('eip155:8453/erc20:0x01aaC2b594F7bdBeC740F0F1AA22910EbB4B74Ab', 'Unio Coin', 'C'); INSERT INTO evm_tokens(identifier, token_kind, chain, address, decimals, protocol) VALUES('eip155:8453/erc20:0x01aaC2b594F7bdBeC740F0F1AA22910EbB4B74Ab', 'A', 8453, '0x01aaC2b594F7bdBeC740F0F1AA22910EbB4B74Ab', 18, NULL); INSERT INTO common_asset_details(identifier, symbol, coingecko, cryptocompare, forked, started, swapped_for) VALUES('eip155:8453/erc20:0x01aaC2b594F7bdBeC740F0F1AA22910EbB4B74Ab', 'UNIO', 'unio-coin', 'unio', NULL, 1712922025, NULL);
*
INSERT INTO assets(identifier, name, type) VALUES('eip155:1/erc20:0xC4441c2BE5d8fA8126822B9929CA0b81Ea0DE38E', 'USUAL', 'C'); INSERT INTO evm_tokens(identifier, token_kind, chain, address, decimals, protocol) VALUES('eip155:1/erc20:0xC4441c2BE5d8fA8126822B9929CA0b81Ea0DE38E', 'A', 1, '0xC4441c2BE5d8fA8126822B9929CA0b81Ea0DE38E', 18, NULL); INSERT INTO common_asset_details(identifier, symbol, coingecko, cryptocompare, forked, started, swapped_for) VALUES('eip155:1/erc20:0xC4441c2BE5d8fA8126822B9929CA0b81Ea0DE38E', 'USUAL', 'usual', 'usual', NULL, 1731492515, NULL);
*
INSERT INTO assets(identifier, name, type) VALUES('VANA', 'Vana', 'B'); INSERT INTO common_asset_details(identifier, symbol, coingecko, cryptocompare, forked, started, swapped_for) VALUES('VANA', 'VANA', 'vana', 'vana', NULL, 1734307200, NULL);
*
INSERT INTO assets(identifier, name, type) VALUES('eip155:1/erc20:0x8DE5B80a0C1B02Fe4976851D030B36122dbb8624', 'VANRY', 'C'); INSERT INTO evm_tokens(identifier, token_kind, chain, address, decimals, protocol) VALUES('eip155:1/erc20:0x8DE5B80a0C1B02Fe4976851D030B36122dbb8624', 'A', 1, '0x8DE5B80a0C1B02Fe4976851D030B36122dbb8624', 18, NULL); INSERT INTO common_asset_details(identifier, symbol, coingecko, cryptocompare, forked, started, swapped_for) VALUES('eip155:1/erc20:0x8DE5B80a0C1B02Fe4976851D030B36122dbb8624', 'VANRY', 'vanar-chain', 'vanry', NULL, 1698946235, NULL);
*
INSERT INTO assets(identifier, name, type) VALUES('eip155:137/erc20:0x8DE5B80a0C1B02Fe4976851D030B36122dbb8624', 'VANRY', 'C'); INSERT INTO evm_tokens(identifier, token_kind, chain, address, decimals, protocol) VALUES('eip155:137/erc20:0x8DE5B80a0C1B02Fe4976851D030B36122dbb8624', 'A', 137, '0x8DE5B80a0C1B02Fe4976851D030B36122dbb8624', 18, NULL); INSERT INTO common_asset_details(identifier, symbol, coingecko, cryptocompare, forked, started, swapped_for) VALUES('eip155:137/erc20:0x8DE5B80a0C1B02Fe4976851D030B36122dbb8624', 'VANRY', 'vanar-chain', 'vanry', NULL, 1698946873, NULL);
*
INSERT INTO assets(identifier, name, type) VALUES('eip155:56/erc20:0xB96D0f29a0aC9AF4a32835e90EC6531389765089', 'Vapor Token', 'C'); INSERT INTO evm_tokens(identifier, token_kind, chain, address, decimals, protocol) VALUES('eip155:56/erc20:0xB96D0f29a0aC9AF4a32835e90EC6531389765089', 'A', 56, '0xB96D0f29a0aC9AF4a32835e90EC6531389765089', 18, NULL); INSERT INTO common_asset_details(identifier, symbol, coingecko, cryptocompare, forked, started, swapped_for) VALUES('eip155:56/erc20:0xB96D0f29a0aC9AF4a32835e90EC6531389765089', 'VPR', 'vapor-wallet', 'vpr', NULL, 1702995707, NULL);
*
INSERT INTO assets(identifier, name, type) VALUES('WAT', 'WATCoin', 'W'); INSERT INTO common_asset_details(identifier, symbol, coingecko, cryptocompare, forked, started, swapped_for) VALUES('WAT', 'WAT', 'watcoin', '', NULL, 1727088240, NULL);
*
INSERT INTO assets(identifier, name, type) VALUES('eip155:56/erc20:0xb994882a1b9bd98A71Dd6ea5F61577c42848B0E8', 'World of Dypians', 'C'); INSERT INTO evm_tokens(identifier, token_kind, chain, address, decimals, protocol) VALUES('eip155:56/erc20:0xb994882a1b9bd98A71Dd6ea5F61577c42848B0E8', 'A', 56, '0xb994882a1b9bd98A71Dd6ea5F61577c42848B0E8', 18, NULL); INSERT INTO common_asset_details(identifier, symbol, coingecko, cryptocompare, forked, started, swapped_for) VALUES('eip155:56/erc20:0xb994882a1b9bd98A71Dd6ea5F61577c42848B0E8', 'WoD', 'world-of-dypians', '', NULL, 1721393441, NULL);
*
INSERT INTO assets(identifier, name, type) VALUES('eip155:1/erc20:0x5027Fc44a7Ba114B8f494B1e4970900C6652FEDF', 'Arcana Network', 'C'); INSERT INTO evm_tokens(identifier, token_kind, chain, address, decimals, protocol) VALUES('eip155:1/erc20:0x5027Fc44a7Ba114B8f494B1e4970900C6652FEDF', 'A', 1, '0x5027Fc44a7Ba114B8f494B1e4970900C6652FEDF', 18, NULL); INSERT INTO common_asset_details(identifier, symbol, coingecko, cryptocompare, forked, started, swapped_for) VALUES('eip155:1/erc20:0x5027Fc44a7Ba114B8f494B1e4970900C6652FEDF', 'XAR', 'arcana-token', 'xar', NULL, 1706702615, NULL);
*
INSERT INTO assets(identifier, name, type) VALUES('XION', 'XION', 'B'); INSERT INTO common_asset_details(identifier, symbol, coingecko, cryptocompare, forked, started, swapped_for) VALUES('XION', 'XION', 'xion-2', 'xion', NULL, 1733356800, NULL);
*
INSERT INTO assets(identifier, name, type) VALUES('eip155:56/erc20:0x103071Da56e7cD95b415320760D6a0dDC4DA1ca5', 'Xterio', 'C'); INSERT INTO evm_tokens(identifier, token_kind, chain, address, decimals, protocol) VALUES('eip155:56/erc20:0x103071Da56e7cD95b415320760D6a0dDC4DA1ca5', 'A', 56, '0x103071Da56e7cD95b415320760D6a0dDC4DA1ca5', 18, NULL); INSERT INTO common_asset_details(identifier, symbol, coingecko, cryptocompare, forked, started, swapped_for) VALUES('eip155:56/erc20:0x103071Da56e7cD95b415320760D6a0dDC4DA1ca5', 'XTER', 'xterio', '', NULL, 1733672970, NULL);
*
INSERT INTO assets(identifier, name, type) VALUES('eip155:1/erc20:0x4eDDb15A0abfa2c349e8065aF9214E942d9A6D36', 'XYRO', 'C'); INSERT INTO evm_tokens(identifier, token_kind, chain, address, decimals, protocol) VALUES('eip155:1/erc20:0x4eDDb15A0abfa2c349e8065aF9214E942d9A6D36', 'A', 1, '0x4eDDb15A0abfa2c349e8065aF9214E942d9A6D36', 18, NULL); INSERT INTO common_asset_details(identifier, symbol, coingecko, cryptocompare, forked, started, swapped_for) VALUES('eip155:1/erc20:0x4eDDb15A0abfa2c349e8065aF9214E942d9A6D36', 'XYRO', 'xyro', '', NULL, 1736169419, NULL);
*
INSERT INTO assets(identifier, name, type) VALUES('eip155:42161/erc20:0xAeAC3b55c3522157ecdA7EC8fcB86C832fAA28aF', 'XYRO', 'C'); INSERT INTO evm_tokens(identifier, token_kind, chain, address, decimals, protocol) VALUES('eip155:42161/erc20:0xAeAC3b55c3522157ecdA7EC8fcB86C832fAA28aF', 'A', 42161, '0xAeAC3b55c3522157ecdA7EC8fcB86C832fAA28aF', 18, NULL); INSERT INTO common_asset_details(identifier, symbol, coingecko, cryptocompare, forked, started, swapped_for) VALUES('eip155:42161/erc20:0xAeAC3b55c3522157ecdA7EC8fcB86C832fAA28aF', 'XYRO', 'xyro', '', NULL, 1736169647, NULL);
*
INSERT INTO assets(identifier, name, type) VALUES('YULI', 'YULI', 'W'); INSERT INTO common_asset_details(identifier, symbol, coingecko, cryptocompare, forked, started, swapped_for) VALUES('YULI', 'YULI', 'yuli', 'yuli', NULL, 1737676800, NULL);
*
INSERT INTO assets(identifier, name, type) VALUES('eip155:8453/erc20:0xF56B3b3972F2f154555a0b62FF5A22b7b2A3C90B', 'ZAP', 'C'); INSERT INTO evm_tokens(identifier, token_kind, chain, address, decimals, protocol) VALUES('eip155:8453/erc20:0xF56B3b3972F2f154555a0b62FF5A22b7b2A3C90B', 'A', 8453, '0xF56B3b3972F2f154555a0b62FF5A22b7b2A3C90B', 18, NULL); INSERT INTO common_asset_details(identifier, symbol, coingecko, cryptocompare, forked, started, swapped_for) VALUES('eip155:8453/erc20:0xF56B3b3972F2f154555a0b62FF5A22b7b2A3C90B', 'ZAP', 'zap-2', '', NULL, 1727285367, NULL);
*
INSERT INTO assets(identifier, name, type) VALUES('eip155:1/erc20:0xfd418e42783382E86Ae91e445406600Ba144D162', 'Zircuit', 'C'); INSERT INTO evm_tokens(identifier, token_kind, chain, address, decimals, protocol) VALUES('eip155:1/erc20:0xfd418e42783382E86Ae91e445406600Ba144D162', 'A', 1, '0xfd418e42783382E86Ae91e445406600Ba144D162', 18, NULL); INSERT INTO common_asset_details(identifier, symbol, coingecko, cryptocompare, forked, started, swapped_for) VALUES('eip155:1/erc20:0xfd418e42783382E86Ae91e445406600Ba144D162', 'ZRC', 'zircuit', '', NULL, 1722714659, NULL);
*
INSERT INTO assets(identifier, name, type) VALUES('eip155:1/erc20:0xfC385A1dF85660a7e041423DB512f779070FCede', 'ZKLink', 'C'); INSERT INTO evm_tokens(identifier, token_kind, chain, address, decimals, protocol) VALUES('eip155:1/erc20:0xfC385A1dF85660a7e041423DB512f779070FCede', 'A', 1, '0xfC385A1dF85660a7e041423DB512f779070FCede', 18, NULL); INSERT INTO common_asset_details(identifier, symbol, coingecko, cryptocompare, forked, started, swapped_for) VALUES('eip155:1/erc20:0xfC385A1dF85660a7e041423DB512f779070FCede', 'ZKL', 'zklink', 'zkl', NULL, 1712927711, NULL);
*
INSERT INTO assets(identifier, name, type) VALUES('ZEX', 'Zeta', 'W'); INSERT INTO common_asset_details(identifier, symbol, coingecko, cryptocompare, forked, started, swapped_for) VALUES('ZEX', 'ZEX', 'zeta', 'zex', NULL, 1719446400, NULL);
*