INSERT INTO assets(identifier, name, type) VALUES('solana/token:3sfANVyJiq5uZCZvyizaDzBtHQQTNBr6RBGdXVmFcN5p', 'Liquid Staked SOL', 'Y'); INSERT INTO solana_tokens(identifier, token_kind, address, decimals, protocol) VALUES('solana/token:3sfANVyJiq5uZCZvyizaDzBtHQQTNBr6RBGdXVmFcN5p', 'D', '3sfANVyJiq5uZCZvyizaDzBtHQQTNBr6RBGdXVmFcN5p', 9, NULL); INSERT INTO common_asset_details(identifier, symbol, coingecko, cryptocompare, forked, started, swapped_for) VALUES('solana/token:3sfANVyJiq5uZCZvyizaDzBtHQQTNBr6RBGdXVmFcN5p', 'LsSOL', '', '', NULL, 1751256019, NULL);
*
INSERT INTO assets(identifier, name, type) VALUES('solana/token:C29ebrgYjYoJPMGPnPSGY1q3mMGk4iDSqnQeQQA7moon', 'Nobody Sausage', 'Y'); INSERT INTO solana_tokens(identifier, token_kind, address, decimals, protocol) VALUES('solana/token:C29ebrgYjYoJPMGPnPSGY1q3mMGk4iDSqnQeQQA7moon', 'D', 'C29ebrgYjYoJPMGPnPSGY1q3mMGk4iDSqnQeQQA7moon', 9, NULL); INSERT INTO common_asset_details(identifier, symbol, coingecko, cryptocompare, forked, started, swapped_for) VALUES('solana/token:C29ebrgYjYoJPMGPnPSGY1q3mMGk4iDSqnQeQQA7moon', 'NOBODY', 'nobody-sausage', 'NOBODY', NULL, 1745506313, NULL);
*
INSERT INTO assets(identifier, name, type) VALUES('solana/token:BFgdzMkTPdKKJeTipv2njtDEwhKxkgFueJQfJGt1jups', 'Uranus', 'Y'); INSERT INTO solana_tokens(identifier, token_kind, address, decimals, protocol) VALUES('solana/token:BFgdzMkTPdKKJeTipv2njtDEwhKxkgFueJQfJGt1jups', 'D', 'BFgdzMkTPdKKJeTipv2njtDEwhKxkgFueJQfJGt1jups', 6, NULL); INSERT INTO common_asset_details(identifier, symbol, coingecko, cryptocompare, forked, started, swapped_for) VALUES('solana/token:BFgdzMkTPdKKJeTipv2njtDEwhKxkgFueJQfJGt1jups', 'URANUS', 'uranus-4', 'URANUS', NULL, 1751515880, NULL);
*
INSERT INTO assets(identifier, name, type) VALUES('eip155:56/erc20:0x1219c409faBe2C27Bd0D1A565daeed9Bd9f271dE', 'TAC Token', 'C'); INSERT INTO evm_tokens(identifier, token_kind, chain, address, decimals, protocol) VALUES('eip155:56/erc20:0x1219c409faBe2C27Bd0D1A565daeed9Bd9f271dE', 'A', 56, '0x1219c409faBe2C27Bd0D1A565daeed9Bd9f271dE', 18, NULL); INSERT INTO common_asset_details(identifier, symbol, coingecko, cryptocompare, forked, started, swapped_for) VALUES('eip155:56/erc20:0x1219c409faBe2C27Bd0D1A565daeed9Bd9f271dE', 'TAC', "tac", "", NULL, 1752010216, NULL);
*
INSERT INTO assets(identifier, name, type) VALUES('eip155:56/erc20:0xA22159fACA8BF5c57A48888a2D4Ddafc88e4DDEB', 'AIO', 'C'); INSERT INTO evm_tokens(identifier, token_kind, chain, address, decimals, protocol) VALUES('eip155:56/erc20:0xA22159fACA8BF5c57A48888a2D4Ddafc88e4DDEB', 'A', 56, '0xA22159fACA8BF5c57A48888a2D4Ddafc88e4DDEB', 18, NULL); INSERT INTO common_asset_details(identifier, symbol, coingecko, cryptocompare, forked, started, swapped_for) VALUES('eip155:56/erc20:0xA22159fACA8BF5c57A48888a2D4Ddafc88e4DDEB', 'AIO', "olaxbt", "", NULL, 1753845569, NULL);
*
INSERT INTO assets(identifier, name, type) VALUES('eip155:1/erc20:0xf94e7d0710709388bCe3161C32B4eEA56d3f91CC', 'Destra Network', 'C'); INSERT INTO evm_tokens(identifier, token_kind, chain, address, decimals, protocol) VALUES('eip155:1/erc20:0xf94e7d0710709388bCe3161C32B4eEA56d3f91CC', 'A', 1, '0xf94e7d0710709388bCe3161C32B4eEA56d3f91CC', 18, NULL); INSERT INTO common_asset_details(identifier, symbol, coingecko, cryptocompare, forked, started, swapped_for) VALUES('eip155:1/erc20:0xf94e7d0710709388bCe3161C32B4eEA56d3f91CC', 'DSync', "destra-network", "DSYNC", NULL, 1710127199, NULL);
*
INSERT INTO assets(identifier, name, type) VALUES('eip155:56/erc20:0x4c067DE26475E1CeFee8b8d1f6E2266b33a2372E', 'Rhea', 'C'); INSERT INTO evm_tokens(identifier, token_kind, chain, address, decimals, protocol) VALUES('eip155:56/erc20:0x4c067DE26475E1CeFee8b8d1f6E2266b33a2372E', 'A', 56, '0x4c067DE26475E1CeFee8b8d1f6E2266b33a2372E', 18, NULL); INSERT INTO common_asset_details(identifier, symbol, coingecko, cryptocompare, forked, started, swapped_for) VALUES('eip155:56/erc20:0x4c067DE26475E1CeFee8b8d1f6E2266b33a2372E', 'RHEA', "rhea-2", "", NULL, 1751353701, NULL);
*
INSERT INTO assets(identifier, name, type) VALUES('solana/token:CN162nCPpq3DxPCyKLbAvEJeB1aCxsnVTEG4ZU8vpump', 'AGENDA 47', 'Y'); INSERT INTO solana_tokens(identifier, token_kind, address, decimals, protocol) VALUES('solana/token:CN162nCPpq3DxPCyKLbAvEJeB1aCxsnVTEG4ZU8vpump', 'D', 'CN162nCPpq3DxPCyKLbAvEJeB1aCxsnVTEG4ZU8vpump', 6, NULL); INSERT INTO common_asset_details(identifier, symbol, coingecko, cryptocompare, forked, started, swapped_for) VALUES('solana/token:CN162nCPpq3DxPCyKLbAvEJeB1aCxsnVTEG4ZU8vpump', 'A47', 'agenda-47', 'A47', NULL, 1738077737, NULL);
*
INSERT INTO assets(identifier, name, type) VALUES('eip155:56/erc20:0x22b1458e780F8fA71E2F84502cEe8B5A3cc731Fa', 'MemeCore', 'C'); INSERT INTO evm_tokens(identifier, token_kind, chain, address, decimals, protocol) VALUES('eip155:56/erc20:0x22b1458e780F8fA71E2F84502cEe8B5A3cc731Fa', 'A', 56, '0x22b1458e780F8fA71E2F84502cEe8B5A3cc731Fa', 18, NULL); INSERT INTO common_asset_details(identifier, symbol, coingecko, cryptocompare, forked, started, swapped_for) VALUES('eip155:56/erc20:0x22b1458e780F8fA71E2F84502cEe8B5A3cc731Fa', 'M', "memecore", "M", NULL, 1749638267, NULL);
*
INSERT INTO assets(identifier, name, type) VALUES('LOBO', 'LOBO THE WOLF PUP', 'W'); INSERT INTO common_asset_details(identifier, symbol, coingecko, cryptocompare, forked, started, swapped_for) VALUES('LOBO', 'LOBO', 'lobo-the-wolf-pup-runes', 'LOBO', NULL, 1750725860, NULL);
*
INSERT INTO assets(identifier, name, type) VALUES('XU3O8', 'Uranium', 'W'); INSERT INTO common_asset_details(identifier, symbol, coingecko, cryptocompare, forked, started, swapped_for) VALUES('XU3O8', 'XU3O8', 'uranium', '', NULL, 1731689371, NULL);
*
INSERT INTO assets(identifier, name, type) VALUES('IKA', 'Ika', 'W'); INSERT INTO common_asset_details(identifier, symbol, coingecko, cryptocompare, forked, started, swapped_for) VALUES('IKA', 'IKA', 'ika', '', NULL, 1752674631, NULL);
*
INSERT INTO assets(identifier, name, type) VALUES('BFUSD', 'BFUSD', 'W'); INSERT INTO common_asset_details(identifier, symbol, coingecko, cryptocompare, forked, started, swapped_for) VALUES('BFUSD', 'BFUSD', '', '', NULL, NULL, NULL);
*
INSERT INTO assets(identifier, name, type) VALUES('eip155:1/erc20:0xfb072b42907dA2Bf7A8E8cB5dCAa790D45Fd81a8', 'Sidekick', 'C'); INSERT INTO evm_tokens(identifier, token_kind, chain, address, decimals, protocol) VALUES('eip155:1/erc20:0xfb072b42907dA2Bf7A8E8cB5dCAa790D45Fd81a8', 'A', 1, '0xfb072b42907dA2Bf7A8E8cB5dCAa790D45Fd81a8', 18, NULL); INSERT INTO common_asset_details(identifier, symbol, coingecko, cryptocompare, forked, started, swapped_for) VALUES('eip155:1/erc20:0xfb072b42907dA2Bf7A8E8cB5dCAa790D45Fd81a8', 'K', "sidekick", "", NULL, 1754390219, NULL);
*
INSERT INTO assets(identifier, name, type) VALUES('eip155:56/erc20:0x787D995c3d601D7Fd9Ea3b7355D12aDec690C74b', 'Token of Games', 'C'); INSERT INTO evm_tokens(identifier, token_kind, chain, address, decimals, protocol) VALUES('eip155:56/erc20:0x787D995c3d601D7Fd9Ea3b7355D12aDec690C74b', 'A', 56, '0x787D995c3d601D7Fd9Ea3b7355D12aDec690C74b', 18, NULL); INSERT INTO common_asset_details(identifier, symbol, coingecko, cryptocompare, forked, started, swapped_for) VALUES('eip155:56/erc20:0x787D995c3d601D7Fd9Ea3b7355D12aDec690C74b', 'TOG', "token-of-games", "TOG", NULL, 1751286170, NULL);
*
INSERT INTO assets(identifier, name, type) VALUES('eip155:56/erc20:0x1E3dbC0aad9671FDD31E58b2fcc6cF1Ca9947994', 'WORLD3', 'C'); INSERT INTO evm_tokens(identifier, token_kind, chain, address, decimals, protocol) VALUES('eip155:56/erc20:0x1E3dbC0aad9671FDD31E58b2fcc6cF1Ca9947994', 'A', 56, '0x1E3dbC0aad9671FDD31E58b2fcc6cF1Ca9947994', 18, NULL); INSERT INTO common_asset_details(identifier, symbol, coingecko, cryptocompare, forked, started, swapped_for) VALUES('eip155:56/erc20:0x1E3dbC0aad9671FDD31E58b2fcc6cF1Ca9947994', 'WAI', "world3", "", NULL, 1754630756, NULL);
*
INSERT INTO assets(identifier, name, type) VALUES('eip155:1/erc20:0xbBcdC8eb044bF661EabFA07b93909a76ebdb1100', 'Elympics', 'C'); INSERT INTO evm_tokens(identifier, token_kind, chain, address, decimals, protocol) VALUES('eip155:1/erc20:0xbBcdC8eb044bF661EabFA07b93909a76ebdb1100', 'A', 1, '0xbBcdC8eb044bF661EabFA07b93909a76ebdb1100', 18, NULL); INSERT INTO common_asset_details(identifier, symbol, coingecko, cryptocompare, forked, started, swapped_for) VALUES('eip155:1/erc20:0xbBcdC8eb044bF661EabFA07b93909a76ebdb1100', 'ELP', "elympics", "", NULL, 1752146075, NULL);
*
INSERT INTO assets(identifier, name, type) VALUES('eip155:8453/erc20:0xA6C6ea2e0140849bE02A3a34780CF61b766916c5', 'Unite', 'C'); INSERT INTO evm_tokens(identifier, token_kind, chain, address, decimals, protocol) VALUES('eip155:8453/erc20:0xA6C6ea2e0140849bE02A3a34780CF61b766916c5', 'A', 8453, '0xA6C6ea2e0140849bE02A3a34780CF61b766916c5', 18, NULL); INSERT INTO common_asset_details(identifier, symbol, coingecko, cryptocompare, forked, started, swapped_for) VALUES('eip155:8453/erc20:0xA6C6ea2e0140849bE02A3a34780CF61b766916c5', 'UNITE', "", "", NULL, 1719425617, NULL);
*
INSERT INTO assets(identifier, name, type) VALUES('eip155:56/erc20:0xfC5a743271672E91D77F0176e5CEa581Fbd5D834', 'SatLayer', 'C'); INSERT INTO evm_tokens(identifier, token_kind, chain, address, decimals, protocol) VALUES('eip155:56/erc20:0xfC5a743271672E91D77F0176e5CEa581Fbd5D834', 'A', 56, '0xfC5a743271672E91D77F0176e5CEa581Fbd5D834', 6, NULL); INSERT INTO common_asset_details(identifier, symbol, coingecko, cryptocompare, forked, started, swapped_for) VALUES('eip155:56/erc20:0xfC5a743271672E91D77F0176e5CEa581Fbd5D834', 'SLAY', "satlayer", "", NULL, 1754601750, NULL);
*
INSERT INTO assets(identifier, name, type) VALUES('eip155:1/erc20:0x51477A3002ee04B7542aDfe63ccdb50c00Ee5147', 'SatLayer', 'C'); INSERT INTO evm_tokens(identifier, token_kind, chain, address, decimals, protocol) VALUES('eip155:1/erc20:0x51477A3002ee04B7542aDfe63ccdb50c00Ee5147', 'A', 1, '0x51477A3002ee04B7542aDfe63ccdb50c00Ee5147', 6, NULL); INSERT INTO common_asset_details(identifier, symbol, coingecko, cryptocompare, forked, started, swapped_for) VALUES('eip155:1/erc20:0x51477A3002ee04B7542aDfe63ccdb50c00Ee5147', 'SLAY', "satlayer", "", NULL, 1742380919, NULL);
*
INSERT INTO assets(identifier, name, type) VALUES('solana/token:7eMJmn1bYWSQEwxAX7CyngBzGNGu1cT582asKxxRpump', 'Clippy PFP Cult', 'Y'); INSERT INTO solana_tokens(identifier, token_kind, address, decimals, protocol) VALUES('solana/token:7eMJmn1bYWSQEwxAX7CyngBzGNGu1cT582asKxxRpump', 'D', '7eMJmn1bYWSQEwxAX7CyngBzGNGu1cT582asKxxRpump', 6, NULL); INSERT INTO common_asset_details(identifier, symbol, coingecko, cryptocompare, forked, started, swapped_for) VALUES('solana/token:7eMJmn1bYWSQEwxAX7CyngBzGNGu1cT582asKxxRpump', 'CLIPPY', 'clippy-pfp-cult', '', NULL, 1751256019, NULL);
*
INSERT INTO assets(identifier, name, type) VALUES('solana/token:XsoCS1TfEyfFhfvj8EtZ528L3CaKBDBRqRapnBbDF2W', 'SP500 xStock', 'Y'); INSERT INTO solana_tokens(identifier, token_kind, address, decimals, protocol) VALUES('solana/token:XsoCS1TfEyfFhfvj8EtZ528L3CaKBDBRqRapnBbDF2W', 'D', 'XsoCS1TfEyfFhfvj8EtZ528L3CaKBDBRqRapnBbDF2W', 8, NULL); INSERT INTO common_asset_details(identifier, symbol, coingecko, cryptocompare, forked, started, swapped_for) VALUES('solana/token:XsoCS1TfEyfFhfvj8EtZ528L3CaKBDBRqRapnBbDF2W', 'SPYx', 'sp500-xstock', 'SPYX', NULL, 1749740760, NULL);
*
INSERT INTO assets(identifier, name, type) VALUES('solana/token:XsDoVfqeBukxuZHWhdvWHBhgEHjGNst4MLodqsJHzoB', 'Tesla xStock', 'Y'); INSERT INTO solana_tokens(identifier, token_kind, address, decimals, protocol) VALUES('solana/token:XsDoVfqeBukxuZHWhdvWHBhgEHjGNst4MLodqsJHzoB', 'D', 'XsDoVfqeBukxuZHWhdvWHBhgEHjGNst4MLodqsJHzoB', 8, NULL); INSERT INTO common_asset_details(identifier, symbol, coingecko, cryptocompare, forked, started, swapped_for) VALUES('solana/token:XsDoVfqeBukxuZHWhdvWHBhgEHjGNst4MLodqsJHzoB', 'TSLAx', 'tesla-xstock', 'TSLAX', NULL, 1749740796, NULL);
*
INSERT INTO assets(identifier, name, type) VALUES('solana/token:Xs3eBt7uRfJX8QUs4suhyU8p2M6DoUDrJyWBa8LLZsg', 'Amazon.com xStock', 'Y'); INSERT INTO solana_tokens(identifier, token_kind, address, decimals, protocol) VALUES('solana/token:Xs3eBt7uRfJX8QUs4suhyU8p2M6DoUDrJyWBa8LLZsg', 'D', 'Xs3eBt7uRfJX8QUs4suhyU8p2M6DoUDrJyWBa8LLZsg', 8, NULL); INSERT INTO common_asset_details(identifier, symbol, coingecko, cryptocompare, forked, started, swapped_for) VALUES('solana/token:Xs3eBt7uRfJX8QUs4suhyU8p2M6DoUDrJyWBa8LLZsg', 'AMZNx', 'amazon-xstock', 'AMZNx', NULL, 1749739512, NULL);
*
INSERT INTO assets(identifier, name, type) VALUES('solana/token:XsCPL9dNWBMvFtTmwcCA5v3xWPSMEBCszbQdiLLq6aN', 'Alphabet xStock', 'Y'); INSERT INTO solana_tokens(identifier, token_kind, address, decimals, protocol) VALUES('solana/token:XsCPL9dNWBMvFtTmwcCA5v3xWPSMEBCszbQdiLLq6aN', 'D', 'XsCPL9dNWBMvFtTmwcCA5v3xWPSMEBCszbQdiLLq6aN', 8, NULL); INSERT INTO common_asset_details(identifier, symbol, coingecko, cryptocompare, forked, started, swapped_for) VALUES('solana/token:XsCPL9dNWBMvFtTmwcCA5v3xWPSMEBCszbQdiLLq6aN', 'GOOGLx', 'alphabet-xstock', 'GOOGLX', NULL, 1749740664, NULL);
*
INSERT INTO assets(identifier, name, type) VALUES('solana/token:XsqE9cRRpzxcGKDXj1BJ7Xmg4GRhZoyY1KpmGSxAWT2', 'McDonalds xStock', 'Y'); INSERT INTO solana_tokens(identifier, token_kind, address, decimals, protocol) VALUES('solana/token:XsqE9cRRpzxcGKDXj1BJ7Xmg4GRhZoyY1KpmGSxAWT2', 'D', 'XsqE9cRRpzxcGKDXj1BJ7Xmg4GRhZoyY1KpmGSxAWT2', 8, NULL); INSERT INTO common_asset_details(identifier, symbol, coingecko, cryptocompare, forked, started, swapped_for) VALUES('solana/token:XsqE9cRRpzxcGKDXj1BJ7Xmg4GRhZoyY1KpmGSxAWT2', 'MCDx', 'mcdonald-s-xstock', 'MCDX', NULL, 1749740730, NULL);
*
INSERT INTO assets(identifier, name, type) VALUES('solana/token:XsvNBAYkrDRNhA7wPHQfX3ZUXZyZLdnCQDfHZ56bzpg', 'Robinhood xStock', 'Y'); INSERT INTO solana_tokens(identifier, token_kind, address, decimals, protocol) VALUES('solana/token:XsvNBAYkrDRNhA7wPHQfX3ZUXZyZLdnCQDfHZ56bzpg', 'D', 'XsvNBAYkrDRNhA7wPHQfX3ZUXZyZLdnCQDfHZ56bzpg', 8, NULL); INSERT INTO common_asset_details(identifier, symbol, coingecko, cryptocompare, forked, started, swapped_for) VALUES('solana/token:XsvNBAYkrDRNhA7wPHQfX3ZUXZyZLdnCQDfHZ56bzpg', 'HOODx', 'robinhood-xstock', 'HOODX', NULL, 1749740683, NULL);
*
INSERT INTO assets(identifier, name, type) VALUES('eip155:8453/erc20:0x22aF33FE49fD1Fa80c7149773dDe5890D3c76F3b', 'BankrCoin', 'C'); INSERT INTO evm_tokens(identifier, token_kind, chain, address, decimals, protocol) VALUES('eip155:8453/erc20:0x22aF33FE49fD1Fa80c7149773dDe5890D3c76F3b', 'A', 8453, '0x22aF33FE49fD1Fa80c7149773dDe5890D3c76F3b', 18, NULL); INSERT INTO common_asset_details(identifier, symbol, coingecko, cryptocompare, forked, started, swapped_for) VALUES('eip155:8453/erc20:0x22aF33FE49fD1Fa80c7149773dDe5890D3c76F3b', 'BNKR', "bankercoin-2", "BNKR", NULL, 1733201093, NULL);
*
INSERT INTO assets(identifier, name, type) VALUES('eip155:8453/erc20:0x7300B37DfdfAb110d83290A29DfB31B1740219fE', 'Mamo', 'C'); INSERT INTO evm_tokens(identifier, token_kind, chain, address, decimals, protocol) VALUES('eip155:8453/erc20:0x7300B37DfdfAb110d83290A29DfB31B1740219fE', 'A', 8453, '0x7300B37DfdfAb110d83290A29DfB31B1740219fE', 18, NULL); INSERT INTO common_asset_details(identifier, symbol, coingecko, cryptocompare, forked, started, swapped_for) VALUES('eip155:8453/erc20:0x7300B37DfdfAb110d83290A29DfB31B1740219fE', 'MAMO', "mamo", "MAMO", NULL, 1747748377, NULL);
*
INSERT INTO assets(identifier, name, type) VALUES('solana/token:XsP7xzNPvEHS1m6qfanPUGjNmdnmsLKEoNAnHjdxxyZ', 'MicroStrategy xStock', 'Y'); INSERT INTO solana_tokens(identifier, token_kind, address, decimals, protocol) VALUES('solana/token:XsP7xzNPvEHS1m6qfanPUGjNmdnmsLKEoNAnHjdxxyZ', 'D', 'XsP7xzNPvEHS1m6qfanPUGjNmdnmsLKEoNAnHjdxxyZ', 8, NULL); INSERT INTO common_asset_details(identifier, symbol, coingecko, cryptocompare, forked, started, swapped_for) VALUES('solana/token:XsP7xzNPvEHS1m6qfanPUGjNmdnmsLKEoNAnHjdxxyZ', 'MSTRx', 'microstrategy-xstock', 'MSTRX', NULL, 1749740730, NULL);
*
INSERT INTO assets(identifier, name, type) VALUES('eip155:42161/erc20:0x6bA19Ee69D5DDe3aB70185C801fA404F66feDB58', 'Kinto', 'C'); INSERT INTO evm_tokens(identifier, token_kind, chain, address, decimals, protocol) VALUES('eip155:42161/erc20:0x6bA19Ee69D5DDe3aB70185C801fA404F66feDB58', 'A', 42161, '0x6bA19Ee69D5DDe3aB70185C801fA404F66feDB58', 18, NULL); INSERT INTO common_asset_details(identifier, symbol, coingecko, cryptocompare, forked, started, swapped_for) VALUES('eip155:42161/erc20:0x6bA19Ee69D5DDe3aB70185C801fA404F66feDB58', 'K', "kinto", "K", NULL, 1752163154, NULL);
*
INSERT INTO assets(identifier, name, type) VALUES('eip155:1/erc20:0x000000Fa00b200406de700041CFc6b19BbFB4d13', 'Towns', 'C'); INSERT INTO evm_tokens(identifier, token_kind, chain, address, decimals, protocol) VALUES('eip155:1/erc20:0x000000Fa00b200406de700041CFc6b19BbFB4d13', 'A', 1, '0x000000Fa00b200406de700041CFc6b19BbFB4d13', 18, NULL); INSERT INTO common_asset_details(identifier, symbol, coingecko, cryptocompare, forked, started, swapped_for) VALUES('eip155:1/erc20:0x000000Fa00b200406de700041CFc6b19BbFB4d13', 'TOWNS', "towns", "TOWNS", NULL, 1738256999, NULL);
*
INSERT INTO assets(identifier, name, type) VALUES('eip155:8453/erc20:0x00000000A22C618fd6b4D7E9A335C4B96B189a38', 'Towns', 'C'); INSERT INTO evm_tokens(identifier, token_kind, chain, address, decimals, protocol) VALUES('eip155:8453/erc20:0x00000000A22C618fd6b4D7E9A335C4B96B189a38', 'A', 8453, '0x00000000A22C618fd6b4D7E9A335C4B96B189a38', 18, NULL); INSERT INTO common_asset_details(identifier, symbol, coingecko, cryptocompare, forked, started, swapped_for) VALUES('eip155:8453/erc20:0x00000000A22C618fd6b4D7E9A335C4B96B189a38', 'TOWNS', "towns", "TOWNS", NULL, 1739206611, NULL);
*
INSERT INTO assets(identifier, name, type) VALUES('eip155:56/erc20:0x00000000bcA93b25a6694ca3d2109d545988b13B', 'Towns', 'C'); INSERT INTO evm_tokens(identifier, token_kind, chain, address, decimals, protocol) VALUES('eip155:56/erc20:0x00000000bcA93b25a6694ca3d2109d545988b13B', 'A', 56, '0x00000000bcA93b25a6694ca3d2109d545988b13B', 18, NULL); INSERT INTO common_asset_details(identifier, symbol, coingecko, cryptocompare, forked, started, swapped_for) VALUES('eip155:56/erc20:0x00000000bcA93b25a6694ca3d2109d545988b13B', 'TOWNS', "towns", "TOWNS", NULL, 1752790704, NULL);
*
INSERT INTO assets(identifier, name, type) VALUES('solana/token:3qVpCnqdaJtARzE2dYuCy5pm8X2NgF5hx9q9GosPpump', 'DeepCore AI', 'Y'); INSERT INTO solana_tokens(identifier, token_kind, address, decimals, protocol) VALUES('solana/token:3qVpCnqdaJtARzE2dYuCy5pm8X2NgF5hx9q9GosPpump', 'D', '3qVpCnqdaJtARzE2dYuCy5pm8X2NgF5hx9q9GosPpump', 6, NULL); INSERT INTO common_asset_details(identifier, symbol, coingecko, cryptocompare, forked, started, swapped_for) VALUES('solana/token:3qVpCnqdaJtARzE2dYuCy5pm8X2NgF5hx9q9GosPpump', 'DPCORE', 'deepcore-ai', 'DPCORE', NULL, 1745512219, NULL);
*
INSERT INTO assets(identifier, name, type) VALUES('eip155:56/erc20:0x47B1DB3D0dBB4757f908cC496FF50798d704Efb9', 'Nono Coin', 'C'); INSERT INTO evm_tokens(identifier, token_kind, chain, address, decimals, protocol) VALUES('eip155:56/erc20:0x47B1DB3D0dBB4757f908cC496FF50798d704Efb9', 'A', 56, '0x47B1DB3D0dBB4757f908cC496FF50798d704Efb9', 18, NULL); INSERT INTO common_asset_details(identifier, symbol, coingecko, cryptocompare, forked, started, swapped_for) VALUES('eip155:56/erc20:0x47B1DB3D0dBB4757f908cC496FF50798d704Efb9', 'NOC', "nonocoin", "NOC", NULL, 1752606236, NULL);
*
INSERT INTO assets(identifier, name, type) VALUES('eip155:56/erc20:0xa8d3dee6671c4fdac4743a1eb1F276EabD4ba302', 'ZKWASM Token', 'C'); INSERT INTO evm_tokens(identifier, token_kind, chain, address, decimals, protocol) VALUES('eip155:56/erc20:0xa8d3dee6671c4fdac4743a1eb1F276EabD4ba302', 'A', 56, '0xa8d3dee6671c4fdac4743a1eb1F276EabD4ba302', 18, NULL); INSERT INTO common_asset_details(identifier, symbol, coingecko, cryptocompare, forked, started, swapped_for) VALUES('eip155:56/erc20:0xa8d3dee6671c4fdac4743a1eb1F276EabD4ba302', 'ZKWASM', "delphinus-lab", "ZKWASM", NULL, 1752997068, NULL);
*
INSERT INTO assets(identifier, name, type) VALUES('solana/token:haioZJAWTMaR4SFhZRwFBBejnGDPiwLTqrDiKpwH31h', 'HAiO', 'Y'); INSERT INTO solana_tokens(identifier, token_kind, address, decimals, protocol) VALUES('solana/token:haioZJAWTMaR4SFhZRwFBBejnGDPiwLTqrDiKpwH31h', 'D', 'haioZJAWTMaR4SFhZRwFBBejnGDPiwLTqrDiKpwH31h', 9, NULL); INSERT INTO common_asset_details(identifier, symbol, coingecko, cryptocompare, forked, started, swapped_for) VALUES('solana/token:haioZJAWTMaR4SFhZRwFBBejnGDPiwLTqrDiKpwH31h', 'HAIO', 'haio', '', NULL, 1751256019, NULL);
*
INSERT INTO assets(identifier, name, type) VALUES('eip155:56/erc20:0x79A4BAA491FeCC00A3b81A281bD97ABca932F5F6', 'Csky Token', 'C'); INSERT INTO evm_tokens(identifier, token_kind, chain, address, decimals, protocol) VALUES('eip155:56/erc20:0x79A4BAA491FeCC00A3b81A281bD97ABca932F5F6', 'A', 56, '0x79A4BAA491FeCC00A3b81A281bD97ABca932F5F6', 18, NULL); INSERT INTO common_asset_details(identifier, symbol, coingecko, cryptocompare, forked, started, swapped_for) VALUES('eip155:56/erc20:0x79A4BAA491FeCC00A3b81A281bD97ABca932F5F6', 'CSKY', "coresky", "", NULL, 1751539638, NULL);
*
INSERT INTO assets(identifier, name, type) VALUES('eip155:1/erc20:0xE2AD0BF751834f2fbdC62A41014f84d67cA1de2A', 'Caldera', 'C'); INSERT INTO evm_tokens(identifier, token_kind, chain, address, decimals, protocol) VALUES('eip155:1/erc20:0xE2AD0BF751834f2fbdC62A41014f84d67cA1de2A', 'A', 1, '0xE2AD0BF751834f2fbdC62A41014f84d67cA1de2A', 18, NULL); INSERT INTO common_asset_details(identifier, symbol, coingecko, cryptocompare, forked, started, swapped_for) VALUES('eip155:1/erc20:0xE2AD0BF751834f2fbdC62A41014f84d67cA1de2A', 'ERA', "caldera", "ERA", NULL, 1742940659, NULL);
*
INSERT INTO assets(identifier, name, type) VALUES('eip155:56/erc20:0x00312400303d02c323295f6E8b7309bc30FB6BcE', 'Caldera', 'C'); INSERT INTO evm_tokens(identifier, token_kind, chain, address, decimals, protocol) VALUES('eip155:56/erc20:0x00312400303d02c323295f6E8b7309bc30FB6BcE', 'A', 56, '0x00312400303d02c323295f6E8b7309bc30FB6BcE', 18, NULL); INSERT INTO common_asset_details(identifier, symbol, coingecko, cryptocompare, forked, started, swapped_for) VALUES('eip155:56/erc20:0x00312400303d02c323295f6E8b7309bc30FB6BcE', 'ERA', "caldera", "ERA", NULL, 1752292236, NULL);
*
INSERT INTO assets(identifier, name, type) VALUES('eip155:56/erc20:0xad8c787992428cD158E451aAb109f724B6bc36de', 'ASPECTA', 'C'); INSERT INTO evm_tokens(identifier, token_kind, chain, address, decimals, protocol) VALUES('eip155:56/erc20:0xad8c787992428cD158E451aAb109f724B6bc36de', 'A', 56, '0xad8c787992428cD158E451aAb109f724B6bc36de', 18, NULL); INSERT INTO common_asset_details(identifier, symbol, coingecko, cryptocompare, forked, started, swapped_for) VALUES('eip155:56/erc20:0xad8c787992428cD158E451aAb109f724B6bc36de', 'ASP', "aspecta", "ASP", NULL, 1750905375, NULL);
*
INSERT INTO assets(identifier, name, type) VALUES('eip155:1/erc20:0xF9ff95468cb9A0cD57b8542bbc4c148e290Ff465', 'THINK Token', 'C'); INSERT INTO evm_tokens(identifier, token_kind, chain, address, decimals, protocol) VALUES('eip155:1/erc20:0xF9ff95468cb9A0cD57b8542bbc4c148e290Ff465', 'A', 1, '0xF9ff95468cb9A0cD57b8542bbc4c148e290Ff465', 18, NULL); INSERT INTO common_asset_details(identifier, symbol, coingecko, cryptocompare, forked, started, swapped_for) VALUES('eip155:1/erc20:0xF9ff95468cb9A0cD57b8542bbc4c148e290Ff465', 'THINK', "think-protocol", "THINK", NULL, 1747893227, NULL);
*
INSERT INTO assets(identifier, name, type) VALUES('BLUM', 'Blum', 'W'); INSERT INTO common_asset_details(identifier, symbol, coingecko, cryptocompare, forked, started, swapped_for) VALUES('BLUM', 'BLUM', 'blum', 'BLUM', NULL, 1750725864, NULL);
*
INSERT INTO assets(identifier, name, type) VALUES('solana/token:8ZHE4ow1a2jjxuoMfyExuNamQNALv5ekZhsBn5nMDf5e', 'MORI COIN', 'Y'); INSERT INTO solana_tokens(identifier, token_kind, address, decimals, protocol) VALUES('solana/token:8ZHE4ow1a2jjxuoMfyExuNamQNALv5ekZhsBn5nMDf5e', 'D', '8ZHE4ow1a2jjxuoMfyExuNamQNALv5ekZhsBn5nMDf5e', 9, NULL); INSERT INTO common_asset_details(identifier, symbol, coingecko, cryptocompare, forked, started, swapped_for) VALUES('solana/token:8ZHE4ow1a2jjxuoMfyExuNamQNALv5ekZhsBn5nMDf5e', 'MORI', 'mori-coin', 'MORI', NULL, 1750861954, NULL);
*
INSERT INTO assets(identifier, name, type) VALUES('eip155:56/erc20:0x6bf62ca91e397B5A7d1D6bCe97D9092065d7A510', 'Cross', 'C'); INSERT INTO evm_tokens(identifier, token_kind, chain, address, decimals, protocol) VALUES('eip155:56/erc20:0x6bf62ca91e397B5A7d1D6bCe97D9092065d7A510', 'A', 56, '0x6bf62ca91e397B5A7d1D6bCe97D9092065d7A510', 18, NULL); INSERT INTO common_asset_details(identifier, symbol, coingecko, cryptocompare, forked, started, swapped_for) VALUES('eip155:56/erc20:0x6bf62ca91e397B5A7d1D6bCe97D9092065d7A510', 'CROSS', "cross-2", "CROSS", NULL, 1745569638, NULL);
*
INSERT INTO assets(identifier, name, type) VALUES('eip155:56/erc20:0xcE7C3B5E058C196a0EAAa21F8E4BF8C2C07C2935', 'Boom', 'C'); INSERT INTO evm_tokens(identifier, token_kind, chain, address, decimals, protocol) VALUES('eip155:56/erc20:0xcE7C3B5E058C196a0EAAa21F8E4BF8C2C07C2935', 'A', 56, '0xcE7C3B5E058C196a0EAAa21F8E4BF8C2C07C2935', 18, NULL); INSERT INTO common_asset_details(identifier, symbol, coingecko, cryptocompare, forked, started, swapped_for) VALUES('eip155:56/erc20:0xcE7C3B5E058C196a0EAAa21F8E4BF8C2C07C2935', 'BOOM', "boom-2", "", NULL, 1751540871, NULL);
*
INSERT INTO assets(identifier, name, type) VALUES('eip155:56/erc20:0x1dD8DA0E2A8aB8C24B94994bb0008928ca50bFcC', 'DashFun Coin', 'C'); INSERT INTO evm_tokens(identifier, token_kind, chain, address, decimals, protocol) VALUES('eip155:56/erc20:0x1dD8DA0E2A8aB8C24B94994bb0008928ca50bFcC', 'A', 56, '0x1dD8DA0E2A8aB8C24B94994bb0008928ca50bFcC', 18, NULL); INSERT INTO common_asset_details(identifier, symbol, coingecko, cryptocompare, forked, started, swapped_for) VALUES('eip155:56/erc20:0x1dD8DA0E2A8aB8C24B94994bb0008928ca50bFcC', 'DFUN', "dashfun-coin", "DFUN", NULL, 1751081231, NULL);
*
INSERT INTO assets(identifier, name, type) VALUES('eip155:42161/erc20:0x077574441C4F8763a37a2cFeE2ECb444aA60A15e', 'RCADE', 'C'); INSERT INTO evm_tokens(identifier, token_kind, chain, address, decimals, protocol) VALUES('eip155:42161/erc20:0x077574441C4F8763a37a2cFeE2ECb444aA60A15e', 'A', 42161, '0x077574441C4F8763a37a2cFeE2ECb444aA60A15e', 18, NULL); INSERT INTO common_asset_details(identifier, symbol, coingecko, cryptocompare, forked, started, swapped_for) VALUES('eip155:42161/erc20:0x077574441C4F8763a37a2cFeE2ECb444aA60A15e', 'RCADE', "rcade-network", "RCADE", NULL, 1750963958, NULL);
*
INSERT INTO assets(identifier, name, type) VALUES('eip155:56/erc20:0x6f0037C79d144d5B8E3E6f04E49FBb5f25fD508f', 'RCADE', 'C'); INSERT INTO evm_tokens(identifier, token_kind, chain, address, decimals, protocol) VALUES('eip155:56/erc20:0x6f0037C79d144d5B8E3E6f04E49FBb5f25fD508f', 'A', 56, '0x6f0037C79d144d5B8E3E6f04E49FBb5f25fD508f', 18, NULL); INSERT INTO common_asset_details(identifier, symbol, coingecko, cryptocompare, forked, started, swapped_for) VALUES('eip155:56/erc20:0x6f0037C79d144d5B8E3E6f04E49FBb5f25fD508f', 'RCADE', "rcade-network", "RCADE", NULL, 1751397721, NULL);
*
INSERT INTO assets(identifier, name, type) VALUES('eip155:56/erc20:0x37EFF3FF1321Fb9AbC734761cA72FAFDc044534A', 'PrompTale AI', 'C'); INSERT INTO evm_tokens(identifier, token_kind, chain, address, decimals, protocol) VALUES('eip155:56/erc20:0x37EFF3FF1321Fb9AbC734761cA72FAFDc044534A', 'A', 56, '0x37EFF3FF1321Fb9AbC734761cA72FAFDc044534A', 18, NULL); INSERT INTO common_asset_details(identifier, symbol, coingecko, cryptocompare, forked, started, swapped_for) VALUES('eip155:56/erc20:0x37EFF3FF1321Fb9AbC734761cA72FAFDc044534A', 'TALE', "promptale-ai", "TALE", NULL, 1749955210, NULL);
*
INSERT INTO assets(identifier, name, type) VALUES('eip155:1/erc20:0x6055Dc6Ff1077eebe5e6D2BA1a1f53d7Ef8430dE', 'Eclipse', 'C'); INSERT INTO evm_tokens(identifier, token_kind, chain, address, decimals, protocol) VALUES('eip155:1/erc20:0x6055Dc6Ff1077eebe5e6D2BA1a1f53d7Ef8430dE', 'A', 1, '0x6055Dc6Ff1077eebe5e6D2BA1a1f53d7Ef8430dE', 6, NULL); INSERT INTO common_asset_details(identifier, symbol, coingecko, cryptocompare, forked, started, swapped_for) VALUES('eip155:1/erc20:0x6055Dc6Ff1077eebe5e6D2BA1a1f53d7Ef8430dE', 'ES', "eclipse-3", "ES", NULL, 1721718323, NULL);
*
INSERT INTO assets(identifier, name, type) VALUES('solana/token:GkyPYa7NnCFbduLknCfBfP7p8564X1VZhwZYJ6CZpump', 'Chill House', 'Y'); INSERT INTO solana_tokens(identifier, token_kind, address, decimals, protocol) VALUES('solana/token:GkyPYa7NnCFbduLknCfBfP7p8564X1VZhwZYJ6CZpump', 'D', 'GkyPYa7NnCFbduLknCfBfP7p8564X1VZhwZYJ6CZpump', 6, NULL); INSERT INTO common_asset_details(identifier, symbol, coingecko, cryptocompare, forked, started, swapped_for) VALUES('solana/token:GkyPYa7NnCFbduLknCfBfP7p8564X1VZhwZYJ6CZpump', 'CHILLHOUSE', 'chill-house', 'CHILLHOUSE', NULL, 1745617855, NULL);
*
INSERT INTO assets(identifier, name, type) VALUES('eip155:1/erc20:0x699Ccf919C1dfdFa4C374292f42CAdC9899BF753', 'Vision', 'C'); INSERT INTO evm_tokens(identifier, token_kind, chain, address, decimals, protocol) VALUES('eip155:1/erc20:0x699Ccf919C1dfdFa4C374292f42CAdC9899BF753', 'A', 1, '0x699Ccf919C1dfdFa4C374292f42CAdC9899BF753', 18, NULL); INSERT INTO common_asset_details(identifier, symbol, coingecko, cryptocompare, forked, started, swapped_for) VALUES('eip155:1/erc20:0x699Ccf919C1dfdFa4C374292f42CAdC9899BF753', 'VSN', "vision-3", "VSN", NULL, 1749735167, NULL);
*
INSERT INTO assets(identifier, name, type) VALUES('eip155:56/erc20:0x19Ed254efa5E061D28d84650891a3db2A9940C16', 'Superp', 'C'); INSERT INTO evm_tokens(identifier, token_kind, chain, address, decimals, protocol) VALUES('eip155:56/erc20:0x19Ed254efa5E061D28d84650891a3db2A9940C16', 'A', 56, '0x19Ed254efa5E061D28d84650891a3db2A9940C16', 18, NULL); INSERT INTO common_asset_details(identifier, symbol, coingecko, cryptocompare, forked, started, swapped_for) VALUES('eip155:56/erc20:0x19Ed254efa5E061D28d84650891a3db2A9940C16', '$SUP', "superp", "", NULL, 1753434141, NULL);
*
INSERT INTO assets(identifier, name, type) VALUES('eip155:8453/erc20:0xF9569cFb8FD265e91aa478d86ae8c78b8AF55Df4', 'Auki Token', 'C'); INSERT INTO evm_tokens(identifier, token_kind, chain, address, decimals, protocol) VALUES('eip155:8453/erc20:0xF9569cFb8FD265e91aa478d86ae8c78b8AF55Df4', 'A', 8453, '0xF9569cFb8FD265e91aa478d86ae8c78b8AF55Df4', 18, NULL); INSERT INTO common_asset_details(identifier, symbol, coingecko, cryptocompare, forked, started, swapped_for) VALUES('eip155:8453/erc20:0xF9569cFb8FD265e91aa478d86ae8c78b8AF55Df4', 'AUKI', "auki-labs", "AUKI", NULL, 1720924617, NULL);
*
INSERT INTO assets(identifier, name, type) VALUES('eip155:56/erc20:0xE3225e11Cab122F1a126A28997788E5230838ab9', 'Codatta XNY', 'C'); INSERT INTO evm_tokens(identifier, token_kind, chain, address, decimals, protocol) VALUES('eip155:56/erc20:0xE3225e11Cab122F1a126A28997788E5230838ab9', 'A', 56, '0xE3225e11Cab122F1a126A28997788E5230838ab9', 18, NULL); INSERT INTO common_asset_details(identifier, symbol, coingecko, cryptocompare, forked, started, swapped_for) VALUES('eip155:56/erc20:0xE3225e11Cab122F1a126A28997788E5230838ab9', 'XNY', "codatta", "", NULL, 1750769110, NULL);
*
INSERT INTO assets(identifier, name, type) VALUES('eip155:1/erc20:0x553F4cB7256D8fC038E91d36Cb63fa7C13b624AB', 'TANSSI', 'C'); INSERT INTO evm_tokens(identifier, token_kind, chain, address, decimals, protocol) VALUES('eip155:1/erc20:0x553F4cB7256D8fC038E91d36Cb63fa7C13b624AB', 'A', 1, '0x553F4cB7256D8fC038E91d36Cb63fa7C13b624AB', 12, NULL); INSERT INTO common_asset_details(identifier, symbol, coingecko, cryptocompare, forked, started, swapped_for) VALUES('eip155:1/erc20:0x553F4cB7256D8fC038E91d36Cb63fa7C13b624AB', 'TANSSI', "tanssi", "TANSSI", NULL, 1749805511, NULL);
*
INSERT INTO assets(identifier, name, type) VALUES('eip155:1/erc20:0x2EE7097BfdD98fCE2AC08A1896038a7cd9aaEd81', 'Gaia Token', 'C'); INSERT INTO evm_tokens(identifier, token_kind, chain, address, decimals, protocol) VALUES('eip155:1/erc20:0x2EE7097BfdD98fCE2AC08A1896038a7cd9aaEd81', 'A', 1, '0x2EE7097BfdD98fCE2AC08A1896038a7cd9aaEd81', 18, NULL); INSERT INTO common_asset_details(identifier, symbol, coingecko, cryptocompare, forked, started, swapped_for) VALUES('eip155:1/erc20:0x2EE7097BfdD98fCE2AC08A1896038a7cd9aaEd81', 'GAIA', "gaia-3", "", NULL, 1739452079, NULL);
*
INSERT INTO assets(identifier, name, type) VALUES('solana/token:JB2wezZLdzWfnaCfHxLg193RS3Rh51ThiXxEDWQDpump', 'LABUBU', 'Y'); INSERT INTO solana_tokens(identifier, token_kind, address, decimals, protocol) VALUES('solana/token:JB2wezZLdzWfnaCfHxLg193RS3Rh51ThiXxEDWQDpump', 'D', 'JB2wezZLdzWfnaCfHxLg193RS3Rh51ThiXxEDWQDpump', 6, NULL); INSERT INTO common_asset_details(identifier, symbol, coingecko, cryptocompare, forked, started, swapped_for) VALUES('solana/token:JB2wezZLdzWfnaCfHxLg193RS3Rh51ThiXxEDWQDpump', 'LABUBU', '', '', NULL, 1727939120, NULL);
*
INSERT INTO assets(identifier, name, type) VALUES('eip155:56/erc20:0x1Ae85D523cab90558311c3d08fDB68fD28757516', 'Botzilla', 'C'); INSERT INTO evm_tokens(identifier, token_kind, chain, address, decimals, protocol) VALUES('eip155:56/erc20:0x1Ae85D523cab90558311c3d08fDB68fD28757516', 'A', 56, '0x1Ae85D523cab90558311c3d08fDB68fD28757516', 18, NULL); INSERT INTO common_asset_details(identifier, symbol, coingecko, cryptocompare, forked, started, swapped_for) VALUES('eip155:56/erc20:0x1Ae85D523cab90558311c3d08fDB68fD28757516', 'BTZ', '', '', NULL, 1740022963, NULL);
*
INSERT INTO assets(identifier, name, type) VALUES('solana/token:9j6twpYWrV1ueJok76D9YK8wJTVoG9Zy8spC7wnTpump', 'urmom', 'Y'); INSERT INTO solana_tokens(identifier, token_kind, address, decimals, protocol) VALUES('solana/token:9j6twpYWrV1ueJok76D9YK8wJTVoG9Zy8spC7wnTpump', 'D', '9j6twpYWrV1ueJok76D9YK8wJTVoG9Zy8spC7wnTpump', 6, NULL); INSERT INTO common_asset_details(identifier, symbol, coingecko, cryptocompare, forked, started, swapped_for) VALUES('solana/token:9j6twpYWrV1ueJok76D9YK8wJTVoG9Zy8spC7wnTpump', 'urmom', 'urmom-2', '', NULL, 1746407895, NULL);
*
INSERT INTO assets(identifier, name, type) VALUES('solana/token:4z7secBe41i5Svtotp4k2FsjMVV6xykEVnrD4kdFpump', 'TheTrenches', 'Y'); INSERT INTO solana_tokens(identifier, token_kind, address, decimals, protocol) VALUES('solana/token:4z7secBe41i5Svtotp4k2FsjMVV6xykEVnrD4kdFpump', 'D', '4z7secBe41i5Svtotp4k2FsjMVV6xykEVnrD4kdFpump', 6, NULL); INSERT INTO common_asset_details(identifier, symbol, coingecko, cryptocompare, forked, started, swapped_for) VALUES('solana/token:4z7secBe41i5Svtotp4k2FsjMVV6xykEVnrD4kdFpump', 'TRENCHES', 'the-trenches', '', NULL, 1747598570, NULL);
*
INSERT INTO assets(identifier, name, type) VALUES('eip155:56/erc20:0x208bF3E7dA9639f1Eaefa2DE78c23396B0682025', 'Tagger', 'C'); INSERT INTO evm_tokens(identifier, token_kind, chain, address, decimals, protocol) VALUES('eip155:56/erc20:0x208bF3E7dA9639f1Eaefa2DE78c23396B0682025', 'A', 56, '0x208bF3E7dA9639f1Eaefa2DE78c23396B0682025', 18, NULL); INSERT INTO common_asset_details(identifier, symbol, coingecko, cryptocompare, forked, started, swapped_for) VALUES('eip155:56/erc20:0x208bF3E7dA9639f1Eaefa2DE78c23396B0682025', 'TAG', 'tagger', 'TAG', NULL, 1734497973, NULL);
*
INSERT INTO assets(identifier, name, type) VALUES('eip155:56/erc20:0x8a0DB359c38414B5F145F65cc1c69d9253067c43', 'UPTOP', 'C'); INSERT INTO evm_tokens(identifier, token_kind, chain, address, decimals, protocol) VALUES('eip155:56/erc20:0x8a0DB359c38414B5F145F65cc1c69d9253067c43', 'A', 56, '0x8a0DB359c38414B5F145F65cc1c69d9253067c43', 18, NULL); INSERT INTO common_asset_details(identifier, symbol, coingecko, cryptocompare, forked, started, swapped_for) VALUES('eip155:56/erc20:0x8a0DB359c38414B5F145F65cc1c69d9253067c43', 'UPTOP', 'uptop', '', NULL, 1750400679, NULL);
*
INSERT INTO assets(identifier, name, type) VALUES('eip155:1/erc20:0xd86830e9c56785E2b703EB0029aE71a943e4D442', 'Kobushi', 'C'); INSERT INTO evm_tokens(identifier, token_kind, chain, address, decimals, protocol) VALUES('eip155:1/erc20:0xd86830e9c56785E2b703EB0029aE71a943e4D442', 'A', 1, '0xd86830e9c56785E2b703EB0029aE71a943e4D442', 9, NULL); INSERT INTO common_asset_details(identifier, symbol, coingecko, cryptocompare, forked, started, swapped_for) VALUES('eip155:1/erc20:0xd86830e9c56785E2b703EB0029aE71a943e4D442', 'KOBUSHI', 'kobushi', 'KOBUSHI', NULL, 1746193943, NULL);
*
INSERT INTO assets(identifier, name, type) VALUES('eip155:1/erc20:0xEccA809227d43B895754382f1fd871628d7E51FB', 'LanLan Cat', 'C'); INSERT INTO evm_tokens(identifier, token_kind, chain, address, decimals, protocol) VALUES('eip155:1/erc20:0xEccA809227d43B895754382f1fd871628d7E51FB', 'A', 1, '0xEccA809227d43B895754382f1fd871628d7E51FB', 9, NULL); INSERT INTO common_asset_details(identifier, symbol, coingecko, cryptocompare, forked, started, swapped_for) VALUES('eip155:1/erc20:0xEccA809227d43B895754382f1fd871628d7E51FB', 'LANLAN', 'lanlan-cat', 'LANLAN', NULL, 1747707047, NULL);
*
INSERT INTO assets(identifier, name, type) VALUES('solana/token:HUMA1821qVDKta3u2ovmfDQeW2fSQouSKE8fkF44wvGw', 'Huma Finance', 'Y'); INSERT INTO solana_tokens(identifier, token_kind, address, decimals, protocol) VALUES('solana/token:HUMA1821qVDKta3u2ovmfDQeW2fSQouSKE8fkF44wvGw', 'D', 'HUMA1821qVDKta3u2ovmfDQeW2fSQouSKE8fkF44wvGw', 6, NULL); INSERT INTO common_asset_details(identifier, symbol, coingecko, cryptocompare, forked, started, swapped_for) VALUES('solana/token:HUMA1821qVDKta3u2ovmfDQeW2fSQouSKE8fkF44wvGw', 'HUMA', 'huma-finance', 'HUMA', NULL, 1742926468, NULL);
*
INSERT INTO assets(identifier, name, type) VALUES('solana/token:2ru87k7yAZnDRsnqVpgJYETFgqVApuBcwB2xDb19pump', 'BIAO', 'Y'); INSERT INTO solana_tokens(identifier, token_kind, address, decimals, protocol) VALUES('solana/token:2ru87k7yAZnDRsnqVpgJYETFgqVApuBcwB2xDb19pump', 'D', '2ru87k7yAZnDRsnqVpgJYETFgqVApuBcwB2xDb19pump', 6, NULL); INSERT INTO common_asset_details(identifier, symbol, coingecko, cryptocompare, forked, started, swapped_for) VALUES('solana/token:2ru87k7yAZnDRsnqVpgJYETFgqVApuBcwB2xDb19pump', 'BIAO', 'biao-on-sol', 'BIAO', NULL, 1732745862, NULL);
*
INSERT INTO assets(identifier, name, type) VALUES('solana/token:3B5wuUrMEi5yATD7on46hKfej3pfmd7t1RKgrsN3pump', 'Billy', 'Y'); INSERT INTO solana_tokens(identifier, token_kind, address, decimals, protocol) VALUES('solana/token:3B5wuUrMEi5yATD7on46hKfej3pfmd7t1RKgrsN3pump', 'D', '3B5wuUrMEi5yATD7on46hKfej3pfmd7t1RKgrsN3pump', 6, NULL); INSERT INTO common_asset_details(identifier, symbol, coingecko, cryptocompare, forked, started, swapped_for) VALUES('solana/token:3B5wuUrMEi5yATD7on46hKfej3pfmd7t1RKgrsN3pump', 'BILLY', 'billy', 'BILLY', NULL, 1718587678, NULL);
*
INSERT INTO assets(identifier, name, type) VALUES('CSITRON', 'CSI888', 'P'); INSERT INTO common_asset_details(identifier, symbol, coingecko, cryptocompare, forked, started, swapped_for) VALUES('CSITRON', 'CSITRON', '', '', NULL, NULL, NULL);
*
INSERT INTO assets(identifier, name, type) VALUES('solana/token:2AEU9yWk3dEGnVwRaKv4div5TarC4dn7axFLyz6zG4Pf', 'Distribute.ai', 'Y'); INSERT INTO solana_tokens(identifier, token_kind, address, decimals, protocol) VALUES('solana/token:2AEU9yWk3dEGnVwRaKv4div5TarC4dn7axFLyz6zG4Pf', 'D', '2AEU9yWk3dEGnVwRaKv4div5TarC4dn7axFLyz6zG4Pf', 9, NULL); INSERT INTO common_asset_details(identifier, symbol, coingecko, cryptocompare, forked, started, swapped_for) VALUES('solana/token:2AEU9yWk3dEGnVwRaKv4div5TarC4dn7axFLyz6zG4Pf', 'DIS', '', '', NULL, 1747796840, NULL);
*
INSERT INTO assets(identifier, name, type) VALUES('solana/token:fRfKGCriduzDwSudCwpL7ySCEiboNuryhZDVJtr1a1C', 'Dupe', 'Y'); INSERT INTO solana_tokens(identifier, token_kind, address, decimals, protocol) VALUES('solana/token:fRfKGCriduzDwSudCwpL7ySCEiboNuryhZDVJtr1a1C', 'D', 'fRfKGCriduzDwSudCwpL7ySCEiboNuryhZDVJtr1a1C', 9, NULL); INSERT INTO common_asset_details(identifier, symbol, coingecko, cryptocompare, forked, started, swapped_for) VALUES('solana/token:fRfKGCriduzDwSudCwpL7ySCEiboNuryhZDVJtr1a1C', 'DUPE', 'dupe', '', NULL, 1745887629, NULL);
*
INSERT INTO assets(identifier, name, type) VALUES('solana/token:EwBUeMFm8Zcn79iJkDns3NdcL8t8B6Xikh9dKgZtpump', 'CHARLES', 'Y'); INSERT INTO solana_tokens(identifier, token_kind, address, decimals, protocol) VALUES('solana/token:EwBUeMFm8Zcn79iJkDns3NdcL8t8B6Xikh9dKgZtpump', 'D', 'EwBUeMFm8Zcn79iJkDns3NdcL8t8B6Xikh9dKgZtpump', 6, NULL); INSERT INTO common_asset_details(identifier, symbol, coingecko, cryptocompare, forked, started, swapped_for) VALUES('solana/token:EwBUeMFm8Zcn79iJkDns3NdcL8t8B6Xikh9dKgZtpump', 'KING', 'charles-2', '', NULL, 1747783431, NULL);
*
INSERT INTO assets(identifier, name, type) VALUES('solana/token:6MQpbiTC2YcogidTmKqMLK82qvE9z5QEm7EP3AEDpump', 'catwifmask', 'Y'); INSERT INTO solana_tokens(identifier, token_kind, address, decimals, protocol) VALUES('solana/token:6MQpbiTC2YcogidTmKqMLK82qvE9z5QEm7EP3AEDpump', 'D', '6MQpbiTC2YcogidTmKqMLK82qvE9z5QEm7EP3AEDpump', 6, NULL); INSERT INTO common_asset_details(identifier, symbol, coingecko, cryptocompare, forked, started, swapped_for) VALUES('solana/token:6MQpbiTC2YcogidTmKqMLK82qvE9z5QEm7EP3AEDpump', 'MASK', 'catwifmask', '', NULL, 1748528655, NULL);
*
INSERT INTO assets(identifier, name, type) VALUES('solana/token:hxcxN81ma8m5PMzPuCyysaMJ9wqJenBr811DbX4moon', 'Monke Phone', 'Y'); INSERT INTO solana_tokens(identifier, token_kind, address, decimals, protocol) VALUES('solana/token:hxcxN81ma8m5PMzPuCyysaMJ9wqJenBr811DbX4moon', 'D', 'hxcxN81ma8m5PMzPuCyysaMJ9wqJenBr811DbX4moon', 6, NULL); INSERT INTO common_asset_details(identifier, symbol, coingecko, cryptocompare, forked, started, swapped_for) VALUES('solana/token:hxcxN81ma8m5PMzPuCyysaMJ9wqJenBr811DbX4moon', 'MONKEPHONE', 'monke-phone', '', NULL, 1750866895, NULL);
*
INSERT INTO assets(identifier, name, type) VALUES('eip155:56/erc20:0x51363F073b1E4920fdA7AA9E9d84BA97EdE1560e', 'Build On BNB', 'C'); INSERT INTO evm_tokens(identifier, token_kind, chain, address, decimals, protocol) VALUES('eip155:56/erc20:0x51363F073b1E4920fdA7AA9E9d84BA97EdE1560e', 'A', 56, '0x51363F073b1E4920fdA7AA9E9d84BA97EdE1560e', 18, NULL); INSERT INTO common_asset_details(identifier, symbol, coingecko, cryptocompare, forked, started, swapped_for) VALUES('eip155:56/erc20:0x51363F073b1E4920fdA7AA9E9d84BA97EdE1560e', 'BOB', 'build-on-bnb', 'BUILDON', NULL, 1731603242, NULL);
*
INSERT INTO assets(identifier, name, type) VALUES('eip155:56/erc20:0xcF640FDF9b3d9E45cbd69fDA91D7e22579c14444', 'gorilla', 'C'); INSERT INTO evm_tokens(identifier, token_kind, chain, address, decimals, protocol) VALUES('eip155:56/erc20:0xcF640FDF9b3d9E45cbd69fDA91D7e22579c14444', 'A', 56, '0xcF640FDF9b3d9E45cbd69fDA91D7e22579c14444', 18, NULL); INSERT INTO common_asset_details(identifier, symbol, coingecko, cryptocompare, forked, started, swapped_for) VALUES('eip155:56/erc20:0xcF640FDF9b3d9E45cbd69fDA91D7e22579c14444', 'gorilla', 'gorilla-3', '', NULL, 1746503078, NULL);
*
INSERT INTO assets(identifier, name, type) VALUES('eip155:1/erc20:0x8C130499D33097D4D000D3332E1672f75b431543', 'Hoppy', 'C'); INSERT INTO evm_tokens(identifier, token_kind, chain, address, decimals, protocol) VALUES('eip155:1/erc20:0x8C130499D33097D4D000D3332E1672f75b431543', 'A', 1, '0x8C130499D33097D4D000D3332E1672f75b431543', 8, NULL); INSERT INTO common_asset_details(identifier, symbol, coingecko, cryptocompare, forked, started, swapped_for) VALUES('eip155:1/erc20:0x8C130499D33097D4D000D3332E1672f75b431543', 'HOPPY', 'hoppy-token', 'HOPPYTOKEN', NULL, 1689380339, NULL);
*
INSERT INTO assets(identifier, name, type) VALUES('eip155:56/erc20:0x90869b3a42E399951bd5F5fF278B8CC5ee1Dc0fE', 'REX', 'C'); INSERT INTO evm_tokens(identifier, token_kind, chain, address, decimals, protocol) VALUES('eip155:56/erc20:0x90869b3a42E399951bd5F5fF278B8CC5ee1Dc0fE', 'A', 56, '0x90869b3a42E399951bd5F5fF278B8CC5ee1Dc0fE', 18, NULL); INSERT INTO common_asset_details(identifier, symbol, coingecko, cryptocompare, forked, started, swapped_for) VALUES('eip155:56/erc20:0x90869b3a42E399951bd5F5fF278B8CC5ee1Dc0fE', 'REX', 'revox', 'REX', NULL, 1733297928, NULL);
*
INSERT INTO assets(identifier, name, type) VALUES('solana/token:4eDf52YYzL6i6gbZ6FXqrLUPXbtP61f1gPSFM66M4XHe', 'SOON', 'Y'); INSERT INTO solana_tokens(identifier, token_kind, address, decimals, protocol) VALUES('solana/token:4eDf52YYzL6i6gbZ6FXqrLUPXbtP61f1gPSFM66M4XHe', 'D', '4eDf52YYzL6i6gbZ6FXqrLUPXbtP61f1gPSFM66M4XHe', 9, NULL); INSERT INTO common_asset_details(identifier, symbol, coingecko, cryptocompare, forked, started, swapped_for) VALUES('solana/token:4eDf52YYzL6i6gbZ6FXqrLUPXbtP61f1gPSFM66M4XHe', 'SOON', 'soon-2', '', NULL, 1745739869, NULL);
*
INSERT INTO assets(identifier, name, type) VALUES('ZEUS', 'Zeus', 'P'); INSERT INTO common_asset_details(identifier, symbol, coingecko, cryptocompare, forked, started, swapped_for) VALUES('ZEUS', 'ZEUS', '', '', NULL, NULL, NULL);
*
INSERT INTO assets(identifier, name, type) VALUES('eip155:1/erc20:0x0f7dC5D02CC1E1f5Ee47854d534D332A1081cCC8', 'Pepes Dog', 'C'); INSERT INTO evm_tokens(identifier, token_kind, chain, address, decimals, protocol) VALUES('eip155:1/erc20:0x0f7dC5D02CC1E1f5Ee47854d534D332A1081cCC8', 'A', 1, '0x0f7dC5D02CC1E1f5Ee47854d534D332A1081cCC8', 9, NULL); INSERT INTO common_asset_details(identifier, symbol, coingecko, cryptocompare, forked, started, swapped_for) VALUES('eip155:1/erc20:0x0f7dC5D02CC1E1f5Ee47854d534D332A1081cCC8', 'ZEUS', 'pepes-dog', '', NULL, 1747863635, NULL);
*
INSERT INTO assets(identifier, name, type) VALUES('eip155:56/erc20:0x92516e0DDf1dDBF7FAB1b79CaC26689fDC5ba8e6', 'Huma Finance', 'C'); INSERT INTO evm_tokens(identifier, token_kind, chain, address, decimals, protocol) VALUES('eip155:56/erc20:0x92516e0DDf1dDBF7FAB1b79CaC26689fDC5ba8e6', 'A', 56, '0x92516e0DDf1dDBF7FAB1b79CaC26689fDC5ba8e6', 6, NULL); INSERT INTO common_asset_details(identifier, symbol, coingecko, cryptocompare, forked, started, swapped_for) VALUES('eip155:56/erc20:0x92516e0DDf1dDBF7FAB1b79CaC26689fDC5ba8e6', 'HUMA', 'huma-finance', 'HUMA', NULL, 1747893020, NULL);
*
INSERT INTO assets(identifier, name, type) VALUES('eip155:1/erc20:0xD0eC028a3D21533Fdd200838F39c85B03679285D', 'Newton', 'C'); INSERT INTO evm_tokens(identifier, token_kind, chain, address, decimals, protocol) VALUES('eip155:1/erc20:0xD0eC028a3D21533Fdd200838F39c85B03679285D', 'A', 1, '0xD0eC028a3D21533Fdd200838F39c85B03679285D', 18, NULL); INSERT INTO common_asset_details(identifier, symbol, coingecko, cryptocompare, forked, started, swapped_for) VALUES('eip155:1/erc20:0xD0eC028a3D21533Fdd200838F39c85B03679285D', 'NEWT', 'newton-protocol', 'NEWT', NULL, 1737135731, NULL);
*
INSERT INTO assets(identifier, name, type) VALUES('eip155:56/erc20:0xB8A677E6D805c8d743e6f14c8bC9C19305b5deFC', 'Newton', 'C'); INSERT INTO evm_tokens(identifier, token_kind, chain, address, decimals, protocol) VALUES('eip155:56/erc20:0xB8A677E6D805c8d743e6f14c8bC9C19305b5deFC', 'A', 56, '0xB8A677E6D805c8d743e6f14c8bC9C19305b5deFC', 18, NULL); INSERT INTO common_asset_details(identifier, symbol, coingecko, cryptocompare, forked, started, swapped_for) VALUES('eip155:56/erc20:0xB8A677E6D805c8d743e6f14c8bC9C19305b5deFC', 'NEWT', 'newton-protocol', 'NEWT', NULL, 1750615981, NULL);
*
INSERT INTO assets(identifier, name, type) VALUES('eip155:1/erc20:0x259338656198eC7A76c729514D3CB45Dfbf768A1', 'Resolv', 'C'); INSERT INTO evm_tokens(identifier, token_kind, chain, address, decimals, protocol) VALUES('eip155:1/erc20:0x259338656198eC7A76c729514D3CB45Dfbf768A1', 'A', 1, '0x259338656198eC7A76c729514D3CB45Dfbf768A1', 18, NULL); INSERT INTO common_asset_details(identifier, symbol, coingecko, cryptocompare, forked, started, swapped_for) VALUES('eip155:1/erc20:0x259338656198eC7A76c729514D3CB45Dfbf768A1', 'RESOLV', 'resolv', 'RESOLV', NULL, 1742418395, NULL);
*
INSERT INTO assets(identifier, name, type) VALUES('eip155:56/erc20:0xdA6CEF7F667d992A60EB823Ab215493aA0c6b360', 'Resolv', 'C'); INSERT INTO evm_tokens(identifier, token_kind, chain, address, decimals, protocol) VALUES('eip155:56/erc20:0xdA6CEF7F667d992A60EB823Ab215493aA0c6b360', 'A', 56, '0xdA6CEF7F667d992A60EB823Ab215493aA0c6b360', 18, NULL); INSERT INTO common_asset_details(identifier, symbol, coingecko, cryptocompare, forked, started, swapped_for) VALUES('eip155:56/erc20:0xdA6CEF7F667d992A60EB823Ab215493aA0c6b360', 'RESOLV', 'resolv', 'RESOLV', NULL, 1748518157, NULL);
*
INSERT INTO assets(identifier, name, type) VALUES('eip155:1/erc20:0xFDFfB411C4A70AA7C95D5C981a6Fb4Da867e1111', 'Sahara AI', 'C'); INSERT INTO evm_tokens(identifier, token_kind, chain, address, decimals, protocol) VALUES('eip155:1/erc20:0xFDFfB411C4A70AA7C95D5C981a6Fb4Da867e1111', 'A', 1, '0xFDFfB411C4A70AA7C95D5C981a6Fb4Da867e1111', 18, NULL); INSERT INTO common_asset_details(identifier, symbol, coingecko, cryptocompare, forked, started, swapped_for) VALUES('eip155:1/erc20:0xFDFfB411C4A70AA7C95D5C981a6Fb4Da867e1111', 'SAHARA', 'sahara-ai', 'SAHARA', NULL, 1750088819, NULL);
*
INSERT INTO assets(identifier, name, type) VALUES('eip155:56/erc20:0xFDFfB411C4A70AA7C95D5C981a6Fb4Da867e1111', 'Sahara AI', 'C'); INSERT INTO evm_tokens(identifier, token_kind, chain, address, decimals, protocol) VALUES('eip155:56/erc20:0xFDFfB411C4A70AA7C95D5C981a6Fb4Da867e1111', 'A', 56, '0xFDFfB411C4A70AA7C95D5C981a6Fb4Da867e1111', 18, NULL); INSERT INTO common_asset_details(identifier, symbol, coingecko, cryptocompare, forked, started, swapped_for) VALUES('eip155:56/erc20:0xFDFfB411C4A70AA7C95D5C981a6Fb4Da867e1111', 'SAHARA', 'sahara-ai', 'SAHARA', NULL, 1750485565, NULL);
*
INSERT INTO assets(identifier, name, type) VALUES('eip155:1/erc20:0x6B7774CB12ed7573a7586E7D0e62a2A563dDd3f0', 'Sophon', 'C'); INSERT INTO evm_tokens(identifier, token_kind, chain, address, decimals, protocol) VALUES('eip155:1/erc20:0x6B7774CB12ed7573a7586E7D0e62a2A563dDd3f0', 'A', 1, '0x6B7774CB12ed7573a7586E7D0e62a2A563dDd3f0', 18, NULL); INSERT INTO common_asset_details(identifier, symbol, coingecko, cryptocompare, forked, started, swapped_for) VALUES('eip155:1/erc20:0x6B7774CB12ed7573a7586E7D0e62a2A563dDd3f0', 'SOPH', 'sophon', 'SOPH', NULL, 1729001015, NULL);
*
INSERT INTO assets(identifier, name, type) VALUES('eip155:56/erc20:0x31DbA3c96481FDe3CD81C2aaF51F2D8bf618C742', 'Sophon', 'C'); INSERT INTO evm_tokens(identifier, token_kind, chain, address, decimals, protocol) VALUES('eip155:56/erc20:0x31DbA3c96481FDe3CD81C2aaF51F2D8bf618C742', 'A', 56, '0x31DbA3c96481FDe3CD81C2aaF51F2D8bf618C742', 18, NULL); INSERT INTO common_asset_details(identifier, symbol, coingecko, cryptocompare, forked, started, swapped_for) VALUES('eip155:56/erc20:0x31DbA3c96481FDe3CD81C2aaF51F2D8bf618C742', 'SOPH', 'sophon', 'SOPH', NULL, 1748277909, NULL);
*
INSERT INTO assets(identifier, name, type) VALUES('eip155:8453/erc20:0x31DbA3c96481FDe3CD81C2aaF51F2D8bf618C742', 'Sophon', 'C'); INSERT INTO evm_tokens(identifier, token_kind, chain, address, decimals, protocol) VALUES('eip155:8453/erc20:0x31DbA3c96481FDe3CD81C2aaF51F2D8bf618C742', 'A', 8453, '0x31DbA3c96481FDe3CD81C2aaF51F2D8bf618C742', 18, NULL); INSERT INTO common_asset_details(identifier, symbol, coingecko, cryptocompare, forked, started, swapped_for) VALUES('eip155:8453/erc20:0x31DbA3c96481FDe3CD81C2aaF51F2D8bf618C742', 'SOPH', 'sophon', 'SOPH', NULL, 1748277909, NULL);
*
INSERT INTO assets(identifier, name, type) VALUES('eip155:42161/erc20:0x31DbA3c96481FDe3CD81C2aaF51F2D8bf618C742', 'Sophon', 'C'); INSERT INTO evm_tokens(identifier, token_kind, chain, address, decimals, protocol) VALUES('eip155:42161/erc20:0x31DbA3c96481FDe3CD81C2aaF51F2D8bf618C742', 'A', 42161, '0x31DbA3c96481FDe3CD81C2aaF51F2D8bf618C742', 18, NULL); INSERT INTO common_asset_details(identifier, symbol, coingecko, cryptocompare, forked, started, swapped_for) VALUES('eip155:42161/erc20:0x31DbA3c96481FDe3CD81C2aaF51F2D8bf618C742', 'SOPH', 'sophon', 'SOPH', NULL, 1748277906, NULL);
*
INSERT INTO assets(identifier, name, type) VALUES('eip155:137/erc20:0xEb971Fd26783f32694dbB392dD7289de23109148', 'Sophon', 'C'); INSERT INTO evm_tokens(identifier, token_kind, chain, address, decimals, protocol) VALUES('eip155:137/erc20:0xEb971Fd26783f32694dbB392dD7289de23109148', 'A', 137, '0xEb971Fd26783f32694dbB392dD7289de23109148', 18, NULL); INSERT INTO common_asset_details(identifier, symbol, coingecko, cryptocompare, forked, started, swapped_for) VALUES('eip155:137/erc20:0xEb971Fd26783f32694dbB392dD7289de23109148', 'SOPH', 'sophon', 'SOPH', NULL, 1748278793, NULL);
*
INSERT INTO assets(identifier, name, type) VALUES('eip155:1/erc20:0xc20059e0317DE91738d13af027DfC4a50781b066', 'Spark', 'C'); INSERT INTO evm_tokens(identifier, token_kind, chain, address, decimals, protocol) VALUES('eip155:1/erc20:0xc20059e0317DE91738d13af027DfC4a50781b066', 'A', 1, '0xc20059e0317DE91738d13af027DfC4a50781b066', 18, NULL); INSERT INTO common_asset_details(identifier, symbol, coingecko, cryptocompare, forked, started, swapped_for) VALUES('eip155:1/erc20:0xc20059e0317DE91738d13af027DfC4a50781b066', 'SPK', 'spark-2', 'SPK', NULL, 1730145455, NULL);
*
INSERT INTO assets(identifier, name, type) VALUES('eip155:1/erc20:0x0fc2a55d5BD13033f1ee0cdd11f60F7eFe66f467', 'Lagrange', 'C'); INSERT INTO evm_tokens(identifier, token_kind, chain, address, decimals, protocol) VALUES('eip155:1/erc20:0x0fc2a55d5BD13033f1ee0cdd11f60F7eFe66f467', 'A', 1, '0x0fc2a55d5BD13033f1ee0cdd11f60F7eFe66f467', 18, NULL); INSERT INTO common_asset_details(identifier, symbol, coingecko, cryptocompare, forked, started, swapped_for) VALUES('eip155:1/erc20:0x0fc2a55d5BD13033f1ee0cdd11f60F7eFe66f467', 'LA', 'lagrange', 'LA', NULL, 1744231355, NULL);
*
INSERT INTO assets(identifier, name, type) VALUES('XO', 'Xociety', 'W'); INSERT INTO common_asset_details(identifier, symbol, coingecko, cryptocompare, forked, started, swapped_for) VALUES('XO', 'XO', 'xociety', '', NULL, 1748245560, NULL);
*
INSERT INTO assets(identifier, name, type) VALUES('eip155:56/erc20:0x7e975D85714B11d862C7cFFEe3C88d565a139Eb7', 'Bombie', 'C'); INSERT INTO evm_tokens(identifier, token_kind, chain, address, decimals, protocol) VALUES('eip155:56/erc20:0x7e975D85714B11d862C7cFFEe3C88d565a139Eb7', 'A', 56, '0x7e975D85714B11d862C7cFFEe3C88d565a139Eb7', 18, NULL); INSERT INTO common_asset_details(identifier, symbol, coingecko, cryptocompare, forked, started, swapped_for) VALUES('eip155:56/erc20:0x7e975D85714B11d862C7cFFEe3C88d565a139Eb7', 'BOMB', 'bombie', '', NULL, 1748391490, NULL);
*
INSERT INTO assets(identifier, name, type) VALUES('solana/token:CrYe4JBe5PFRvPHmfZD8PMU2aGhScfrZ56ozhpS1dvh8', 'BitBrawl', 'Y'); INSERT INTO solana_tokens(identifier, token_kind, address, decimals, protocol) VALUES('solana/token:CrYe4JBe5PFRvPHmfZD8PMU2aGhScfrZ56ozhpS1dvh8', 'D', 'CrYe4JBe5PFRvPHmfZD8PMU2aGhScfrZ56ozhpS1dvh8', 9, NULL); INSERT INTO common_asset_details(identifier, symbol, coingecko, cryptocompare, forked, started, swapped_for) VALUES('solana/token:CrYe4JBe5PFRvPHmfZD8PMU2aGhScfrZ56ozhpS1dvh8', 'BRAWL', '', 'BRAWL', NULL, 1711786777, NULL);
*
INSERT INTO assets(identifier, name, type) VALUES('eip155:42161/erc20:0x9d275685dC284C8eB1C79f6ABA7a63Dc75ec890a', 'Apple xStock', 'C'); INSERT INTO evm_tokens(identifier, token_kind, chain, address, decimals, protocol) VALUES('eip155:42161/erc20:0x9d275685dC284C8eB1C79f6ABA7a63Dc75ec890a', 'A', 42161, '0x9d275685dC284C8eB1C79f6ABA7a63Dc75ec890a', 18, NULL); INSERT INTO common_asset_details(identifier, symbol, coingecko, cryptocompare, forked, started, swapped_for) VALUES('eip155:42161/erc20:0x9d275685dC284C8eB1C79f6ABA7a63Dc75ec890a', 'AAPLx', 'apple-xstock', 'AAPLX', NULL, 1744143651, NULL);
*
INSERT INTO assets(identifier, name, type) VALUES('eip155:56/erc20:0xB7C0007ab75350c582d5eAb1862b872B5cF53F0C', 'pumpBTC Governance token', 'C'); INSERT INTO evm_tokens(identifier, token_kind, chain, address, decimals, protocol) VALUES('eip155:56/erc20:0xB7C0007ab75350c582d5eAb1862b872B5cF53F0C', 'A', 56, '0xB7C0007ab75350c582d5eAb1862b872B5cF53F0C', 18, NULL); INSERT INTO common_asset_details(identifier, symbol, coingecko, cryptocompare, forked, started, swapped_for) VALUES('eip155:56/erc20:0xB7C0007ab75350c582d5eAb1862b872B5cF53F0C', 'PUMP', 'pumpbtc-2', '', NULL, 1742969936, NULL);
*
INSERT INTO assets(identifier, name, type) VALUES('eip155:56/erc20:0xC1353D3Ee02FDbd4f65F92EEe543cfd709049CB1', 'CUDIS', 'C'); INSERT INTO evm_tokens(identifier, token_kind, chain, address, decimals, protocol) VALUES('eip155:56/erc20:0xC1353D3Ee02FDbd4f65F92EEe543cfd709049CB1', 'A', 56, '0xC1353D3Ee02FDbd4f65F92EEe543cfd709049CB1', 18, NULL); INSERT INTO common_asset_details(identifier, symbol, coingecko, cryptocompare, forked, started, swapped_for) VALUES('eip155:56/erc20:0xC1353D3Ee02FDbd4f65F92EEe543cfd709049CB1', 'CUDIS', 'cudis', 'CUDIS', NULL, 1747973231, NULL);
*
INSERT INTO assets(identifier, name, type) VALUES('eip155:1/erc20:0xBdBDBDd0c22888E63CB9098aD6D68439197CB091', 'Bondex Token', 'C'); INSERT INTO evm_tokens(identifier, token_kind, chain, address, decimals, protocol) VALUES('eip155:1/erc20:0xBdBDBDd0c22888E63CB9098aD6D68439197CB091', 'A', 1, '0xBdBDBDd0c22888E63CB9098aD6D68439197CB091', 18, NULL); INSERT INTO common_asset_details(identifier, symbol, coingecko, cryptocompare, forked, started, swapped_for) VALUES('eip155:1/erc20:0xBdBDBDd0c22888E63CB9098aD6D68439197CB091', 'BDXN', 'bondex', 'BDXN', NULL, 1711544255, NULL);
*
INSERT INTO assets(identifier, name, type) VALUES('eip155:56/erc20:0x799a290F9CC4085a0ce5b42b5F2C30193A7a872B', 'Elderglade', 'C'); INSERT INTO evm_tokens(identifier, token_kind, chain, address, decimals, protocol) VALUES('eip155:56/erc20:0x799a290F9CC4085a0ce5b42b5F2C30193A7a872B', 'A', 56, '0x799a290F9CC4085a0ce5b42b5F2C30193A7a872B', 18, NULL); INSERT INTO common_asset_details(identifier, symbol, coingecko, cryptocompare, forked, started, swapped_for) VALUES('eip155:56/erc20:0x799a290F9CC4085a0ce5b42b5F2C30193A7a872B', 'ELDE', 'elderglade', 'ELDE', NULL, 1745437322, NULL);
*
INSERT INTO assets(identifier, name, type) VALUES('solana/token:FRAGMEWj2z65qM62zqKhNtwNFskdfKs4ekDUDX3b4VD5', 'Fragmetric', 'Y'); INSERT INTO solana_tokens(identifier, token_kind, address, decimals, protocol) VALUES('solana/token:FRAGMEWj2z65qM62zqKhNtwNFskdfKs4ekDUDX3b4VD5', 'D', 'FRAGMEWj2z65qM62zqKhNtwNFskdfKs4ekDUDX3b4VD5', 9, NULL); INSERT INTO common_asset_details(identifier, symbol, coingecko, cryptocompare, forked, started, swapped_for) VALUES('solana/token:FRAGMEWj2z65qM62zqKhNtwNFskdfKs4ekDUDX3b4VD5', 'FRAG', 'fragmetric', '', NULL, 1750054872, NULL);
*
INSERT INTO assets(identifier, name, type) VALUES('eip155:42161/erc20:0xc845b2894dBddd03858fd2D643B4eF725fE0849d', 'NVIDIA xStock', 'C'); INSERT INTO evm_tokens(identifier, token_kind, chain, address, decimals, protocol) VALUES('eip155:42161/erc20:0xc845b2894dBddd03858fd2D643B4eF725fE0849d', 'A', 42161, '0xc845b2894dBddd03858fd2D643B4eF725fE0849d', 18, NULL); INSERT INTO common_asset_details(identifier, symbol, coingecko, cryptocompare, forked, started, swapped_for) VALUES('eip155:42161/erc20:0xc845b2894dBddd03858fd2D643B4eF725fE0849d', 'NVDAx', 'nvidia-xstock', 'NVDAX', NULL, 1744143834, NULL);
*
INSERT INTO assets(identifier, name, type) VALUES('eip155:1/erc20:0x61DBbBb552dc893ab3aAd09F289f811E67cEf285', 'Skate', 'C'); INSERT INTO evm_tokens(identifier, token_kind, chain, address, decimals, protocol) VALUES('eip155:1/erc20:0x61DBbBb552dc893ab3aAd09F289f811E67cEf285', 'A', 1, '0x61DBbBb552dc893ab3aAd09F289f811E67cEf285', 18, NULL); INSERT INTO common_asset_details(identifier, symbol, coingecko, cryptocompare, forked, started, swapped_for) VALUES('eip155:1/erc20:0x61DBbBb552dc893ab3aAd09F289f811E67cEf285', 'SKATE', 'skate', 'SKATE', NULL, 1748268179, NULL);
*
INSERT INTO assets(identifier, name, type) VALUES('eip155:56/erc20:0x61DBbBb552dc893ab3aAd09F289f811E67cEf285', 'Skate', 'C'); INSERT INTO evm_tokens(identifier, token_kind, chain, address, decimals, protocol) VALUES('eip155:56/erc20:0x61DBbBb552dc893ab3aAd09F289f811E67cEf285', 'A', 56, '0x61DBbBb552dc893ab3aAd09F289f811E67cEf285', 18, NULL); INSERT INTO common_asset_details(identifier, symbol, coingecko, cryptocompare, forked, started, swapped_for) VALUES('eip155:56/erc20:0x61DBbBb552dc893ab3aAd09F289f811E67cEf285', 'SKATE', 'skate', 'SKATE', NULL, 1748268697, NULL);
*
INSERT INTO assets(identifier, name, type) VALUES('eip155:42161/erc20:0x61DBbBb552dc893ab3aAd09F289f811E67cEf285', 'Skate', 'C'); INSERT INTO evm_tokens(identifier, token_kind, chain, address, decimals, protocol) VALUES('eip155:42161/erc20:0x61DBbBb552dc893ab3aAd09F289f811E67cEf285', 'A', 42161, '0x61DBbBb552dc893ab3aAd09F289f811E67cEf285', 18, NULL); INSERT INTO common_asset_details(identifier, symbol, coingecko, cryptocompare, forked, started, swapped_for) VALUES('eip155:42161/erc20:0x61DBbBb552dc893ab3aAd09F289f811E67cEf285', 'SKATE', 'skate', 'SKATE', NULL, 1749279608, NULL);
*
INSERT INTO assets(identifier, name, type) VALUES('solana/token:9v6BKHg8WWKBPTGqLFQz87RxyaHHDygx8SnZEbBFmns2', 'Skate', 'Y'); INSERT INTO solana_tokens(identifier, token_kind, address, decimals, protocol) VALUES('solana/token:9v6BKHg8WWKBPTGqLFQz87RxyaHHDygx8SnZEbBFmns2', 'D', '9v6BKHg8WWKBPTGqLFQz87RxyaHHDygx8SnZEbBFmns2', 9, NULL); INSERT INTO common_asset_details(identifier, symbol, coingecko, cryptocompare, forked, started, swapped_for) VALUES('solana/token:9v6BKHg8WWKBPTGqLFQz87RxyaHHDygx8SnZEbBFmns2', 'SKATE', 'skate', 'SKATE', NULL, 1748267048, NULL);
*
INSERT INTO assets(identifier, name, type) VALUES('eip155:42161/erc20:0xfEbDEd1B0986a8ee107f5AB1a1c5a813491DeCEB', 'Circle xStock', 'C'); INSERT INTO evm_tokens(identifier, token_kind, chain, address, decimals, protocol) VALUES('eip155:42161/erc20:0xfEbDEd1B0986a8ee107f5AB1a1c5a813491DeCEB', 'A', 42161, '0xfEbDEd1B0986a8ee107f5AB1a1c5a813491DeCEB', 18, NULL); INSERT INTO common_asset_details(identifier, symbol, coingecko, cryptocompare, forked, started, swapped_for) VALUES('eip155:42161/erc20:0xfEbDEd1B0986a8ee107f5AB1a1c5a813491DeCEB', 'CRCLx', 'circle-xstock', 'CRCLX', NULL, 1749635648, NULL);
*
INSERT INTO assets(identifier, name, type) VALUES('eip155:42161/erc20:0x364f210f430eC2448Fc68A49203040F6124096F0', 'Coinbase xStock', 'C'); INSERT INTO evm_tokens(identifier, token_kind, chain, address, decimals, protocol) VALUES('eip155:42161/erc20:0x364f210f430eC2448Fc68A49203040F6124096F0', 'A', 42161, '0x364f210f430eC2448Fc68A49203040F6124096F0', 18, NULL); INSERT INTO common_asset_details(identifier, symbol, coingecko, cryptocompare, forked, started, swapped_for) VALUES('eip155:42161/erc20:0x364f210f430eC2448Fc68A49203040F6124096F0', 'COINx', 'coinbase-xstock', 'COINX', NULL, 1744144985, NULL);
*
INSERT INTO assets(identifier, name, type) VALUES('AO', 'ao Computer', 'B'); INSERT INTO common_asset_details(identifier, symbol, coingecko, cryptocompare, forked, started, swapped_for) VALUES('AO', 'AO', 'ao-computer', 'AO', NULL, 1742342400, NULL);
*
INSERT INTO assets(identifier, name, type) VALUES('solana/token:ASRRjA1R4RHVk5H9QKKm1jaQqMkxvv6nh5EypPrvwmxQ', 'Assisterr AI', 'Y'); INSERT INTO solana_tokens(identifier, token_kind, address, decimals, protocol) VALUES('solana/token:ASRRjA1R4RHVk5H9QKKm1jaQqMkxvv6nh5EypPrvwmxQ', 'D', 'ASRRjA1R4RHVk5H9QKKm1jaQqMkxvv6nh5EypPrvwmxQ', 9, NULL); INSERT INTO common_asset_details(identifier, symbol, coingecko, cryptocompare, forked, started, swapped_for) VALUES('solana/token:ASRRjA1R4RHVk5H9QKKm1jaQqMkxvv6nh5EypPrvwmxQ', 'ASRR', 'assisterr-ai', 'ASRR', NULL, 1748161406, NULL);
*
INSERT INTO assets(identifier, name, type) VALUES('eip155:1/erc20:0xe5e0b73380181273abCfD88695F52C4D0C825661', 'Impossible Cloud Network Token', 'C'); INSERT INTO evm_tokens(identifier, token_kind, chain, address, decimals, protocol) VALUES('eip155:1/erc20:0xe5e0b73380181273abCfD88695F52C4D0C825661', 'A', 1, '0xe5e0b73380181273abCfD88695F52C4D0C825661', 18, NULL); INSERT INTO common_asset_details(identifier, symbol, coingecko, cryptocompare, forked, started, swapped_for) VALUES('eip155:1/erc20:0xe5e0b73380181273abCfD88695F52C4D0C825661', 'ICNT', 'impossible-cloud-network-token', '', NULL, 1722850007, NULL);
*
INSERT INTO assets(identifier, name, type) VALUES('eip155:8453/erc20:0xE0Cd4cAcDdcBF4f36e845407CE53E87717b6601d', 'Impossible Cloud Network Token', 'C'); INSERT INTO evm_tokens(identifier, token_kind, chain, address, decimals, protocol) VALUES('eip155:8453/erc20:0xE0Cd4cAcDdcBF4f36e845407CE53E87717b6601d', 'A', 8453, '0xE0Cd4cAcDdcBF4f36e845407CE53E87717b6601d', 18, NULL); INSERT INTO common_asset_details(identifier, symbol, coingecko, cryptocompare, forked, started, swapped_for) VALUES('eip155:8453/erc20:0xE0Cd4cAcDdcBF4f36e845407CE53E87717b6601d', 'ICNT', 'impossible-cloud-network-token', '', NULL, 1747909489, NULL);
*
INSERT INTO assets(identifier, name, type) VALUES('solana/token:DtR4D9FtVoTX2569gaL837ZgrB6wNjj6tkmnX9Rdk9B2', 'aura', 'Y'); INSERT INTO solana_tokens(identifier, token_kind, address, decimals, protocol) VALUES('solana/token:DtR4D9FtVoTX2569gaL837ZgrB6wNjj6tkmnX9Rdk9B2', 'D', 'DtR4D9FtVoTX2569gaL837ZgrB6wNjj6tkmnX9Rdk9B2', 6, NULL); INSERT INTO common_asset_details(identifier, symbol, coingecko, cryptocompare, forked, started, swapped_for) VALUES('solana/token:DtR4D9FtVoTX2569gaL837ZgrB6wNjj6tkmnX9Rdk9B2', 'AURA', 'aura-on-sol', '', NULL, 1717098847, NULL);
*
INSERT INTO assets(identifier, name, type) VALUES('solana/token:4TBi66vi32S7J8X1A6eWfaLHYmUXu7CStcEmsJQdpump', 'Ghiblification', 'Y'); INSERT INTO solana_tokens(identifier, token_kind, address, decimals, protocol) VALUES('solana/token:4TBi66vi32S7J8X1A6eWfaLHYmUXu7CStcEmsJQdpump', 'D', '4TBi66vi32S7J8X1A6eWfaLHYmUXu7CStcEmsJQdpump', 6, NULL); INSERT INTO common_asset_details(identifier, symbol, coingecko, cryptocompare, forked, started, swapped_for) VALUES('solana/token:4TBi66vi32S7J8X1A6eWfaLHYmUXu7CStcEmsJQdpump', 'Ghibli', 'ghiblification', '', NULL, 1751550357, NULL);
*
INSERT INTO assets(identifier, name, type) VALUES('DMC', 'DeLorean', 'W'); INSERT INTO common_asset_details(identifier, symbol, coingecko, cryptocompare, forked, started, swapped_for) VALUES('DMC', 'DMC', 'delorean', '', NULL, 1744383600, NULL);
*
INSERT INTO assets(identifier, name, type) VALUES('eip155:56/erc20:0xFE2DD2d57a05F89438F3AEC94EaFA4070396bab0', 'Matchain', 'C'); INSERT INTO evm_tokens(identifier, token_kind, chain, address, decimals, protocol) VALUES('eip155:56/erc20:0xFE2DD2d57a05F89438F3AEC94EaFA4070396bab0', 'A', 56, '0xFE2DD2d57a05F89438F3AEC94EaFA4070396bab0', 18, NULL); INSERT INTO common_asset_details(identifier, symbol, coingecko, cryptocompare, forked, started, swapped_for) VALUES('eip155:56/erc20:0xFE2DD2d57a05F89438F3AEC94EaFA4070396bab0', 'MAT', 'matchain', '', NULL, 1749829812, NULL);
*
INSERT INTO assets(identifier, name, type) VALUES('eip155:8453/erc20:0xE014d2A4da6E450f21b5050120D291e63c8940FD', 'Sogni AI', 'C'); INSERT INTO evm_tokens(identifier, token_kind, chain, address, decimals, protocol) VALUES('eip155:8453/erc20:0xE014d2A4da6E450f21b5050120D291e63c8940FD', 'A', 8453, '0xE014d2A4da6E450f21b5050120D291e63c8940FD', 18, NULL); INSERT INTO common_asset_details(identifier, symbol, coingecko, cryptocompare, forked, started, swapped_for) VALUES('eip155:8453/erc20:0xE014d2A4da6E450f21b5050120D291e63c8940FD', 'SOGNI', 'sogni-ai', '', NULL, 1750932345, NULL);
*
INSERT INTO assets(identifier, name, type) VALUES('RUJI', 'Rujira', 'W'); INSERT INTO common_asset_details(identifier, symbol, coingecko, cryptocompare, forked, started, swapped_for) VALUES('RUJI', 'RUJI', 'rujira', '', NULL, 1750834973, NULL);
*
INSERT INTO assets(identifier, name, type) VALUES('eip155:1/erc20:0x79bbF4508B1391af3A0F4B30bb5FC4aa9ab0E07C', 'HeyAnon', 'C'); INSERT INTO evm_tokens(identifier, token_kind, chain, address, decimals, protocol) VALUES('eip155:1/erc20:0x79bbF4508B1391af3A0F4B30bb5FC4aa9ab0E07C', 'A', 1, '0x79bbF4508B1391af3A0F4B30bb5FC4aa9ab0E07C', 18, NULL); INSERT INTO common_asset_details(identifier, symbol, coingecko, cryptocompare, forked, started, swapped_for) VALUES('eip155:1/erc20:0x79bbF4508B1391af3A0F4B30bb5FC4aa9ab0E07C', 'Anon', 'heyanon', 'ANON', NULL, 1734190259, NULL);
*
INSERT INTO assets(identifier, name, type) VALUES('eip155:56/erc20:0x79bbF4508B1391af3A0F4B30bb5FC4aa9ab0E07C', 'HeyAnon', 'C'); INSERT INTO evm_tokens(identifier, token_kind, chain, address, decimals, protocol) VALUES('eip155:56/erc20:0x79bbF4508B1391af3A0F4B30bb5FC4aa9ab0E07C', 'A', 56, '0x79bbF4508B1391af3A0F4B30bb5FC4aa9ab0E07C', 18, NULL); INSERT INTO common_asset_details(identifier, symbol, coingecko, cryptocompare, forked, started, swapped_for) VALUES('eip155:56/erc20:0x79bbF4508B1391af3A0F4B30bb5FC4aa9ab0E07C', 'Anon', 'heyanon', 'ANON', NULL, 1737025155, NULL);
*
INSERT INTO assets(identifier, name, type) VALUES('eip155:8453/erc20:0x79bbF4508B1391af3A0F4B30bb5FC4aa9ab0E07C', 'HeyAnon', 'C'); INSERT INTO evm_tokens(identifier, token_kind, chain, address, decimals, protocol) VALUES('eip155:8453/erc20:0x79bbF4508B1391af3A0F4B30bb5FC4aa9ab0E07C', 'A', 8453, '0x79bbF4508B1391af3A0F4B30bb5FC4aa9ab0E07C', 18, NULL); INSERT INTO common_asset_details(identifier, symbol, coingecko, cryptocompare, forked, started, swapped_for) VALUES('eip155:8453/erc20:0x79bbF4508B1391af3A0F4B30bb5FC4aa9ab0E07C', 'Anon', 'heyanon', 'ANON', NULL, 1734190687, NULL);
*
INSERT INTO assets(identifier, name, type) VALUES('eip155:42161/erc20:0x79bbF4508B1391af3A0F4B30bb5FC4aa9ab0E07C', 'HeyAnon', 'C'); INSERT INTO evm_tokens(identifier, token_kind, chain, address, decimals, protocol) VALUES('eip155:42161/erc20:0x79bbF4508B1391af3A0F4B30bb5FC4aa9ab0E07C', 'A', 42161, '0x79bbF4508B1391af3A0F4B30bb5FC4aa9ab0E07C', 18, NULL); INSERT INTO common_asset_details(identifier, symbol, coingecko, cryptocompare, forked, started, swapped_for) VALUES('eip155:42161/erc20:0x79bbF4508B1391af3A0F4B30bb5FC4aa9ab0E07C', 'Anon', 'heyanon', 'ANON', NULL, 1734263512, NULL);
*
INSERT INTO assets(identifier, name, type) VALUES('solana/token:9McvH6w97oewLmPxqQEoHUAv3u5iYMyQ9AeZZhguYf1T', 'HeyAnon', 'Y'); INSERT INTO solana_tokens(identifier, token_kind, address, decimals, protocol) VALUES('solana/token:9McvH6w97oewLmPxqQEoHUAv3u5iYMyQ9AeZZhguYf1T', 'D', '9McvH6w97oewLmPxqQEoHUAv3u5iYMyQ9AeZZhguYf1T', 9, NULL); INSERT INTO common_asset_details(identifier, symbol, coingecko, cryptocompare, forked, started, swapped_for) VALUES('solana/token:9McvH6w97oewLmPxqQEoHUAv3u5iYMyQ9AeZZhguYf1T', 'Anon', 'heyanon', 'ANON', NULL, 1734883898, NULL);
*
INSERT INTO assets(identifier, name, type) VALUES('solana/token:4vMsoUT2BWatFweudnQM1xedRLfJgJ7hswhcpz4xgBTy', 'Hivemapper', 'Y'); INSERT INTO solana_tokens(identifier, token_kind, address, decimals, protocol) VALUES('solana/token:4vMsoUT2BWatFweudnQM1xedRLfJgJ7hswhcpz4xgBTy', 'D', '4vMsoUT2BWatFweudnQM1xedRLfJgJ7hswhcpz4xgBTy', 9, NULL); INSERT INTO common_asset_details(identifier, symbol, coingecko, cryptocompare, forked, started, swapped_for) VALUES('solana/token:4vMsoUT2BWatFweudnQM1xedRLfJgJ7hswhcpz4xgBTy', 'HONEY', 'hivemapper', 'HONEY', NULL, 1734883898, NULL);
*
INSERT INTO assets(identifier, name, type) VALUES('eip155:56/erc20:0xdf296EA217AEC7e118FafA9b2Ce20d0cFccd2EaF', 'Boundless Network', 'C'); INSERT INTO evm_tokens(identifier, token_kind, chain, address, decimals, protocol) VALUES('eip155:56/erc20:0xdf296EA217AEC7e118FafA9b2Ce20d0cFccd2EaF', 'A', 56, '0xdf296EA217AEC7e118FafA9b2Ce20d0cFccd2EaF', 18, NULL); INSERT INTO common_asset_details(identifier, symbol, coingecko, cryptocompare, forked, started, swapped_for) VALUES('eip155:56/erc20:0xdf296EA217AEC7e118FafA9b2Ce20d0cFccd2EaF', 'BUN', 'boundless-network', '', NULL, 1743066548, NULL);
*
INSERT INTO assets(identifier, name, type) VALUES('eip155:1/erc20:0x57240C3E140f98abe315CA8E0213c7a77F34A334', 'RDO Token', 'C'); INSERT INTO evm_tokens(identifier, token_kind, chain, address, decimals, protocol) VALUES('eip155:1/erc20:0x57240C3E140f98abe315CA8E0213c7a77F34A334', 'A', 1, '0x57240C3E140f98abe315CA8E0213c7a77F34A334', 18, NULL); INSERT INTO common_asset_details(identifier, symbol, coingecko, cryptocompare, forked, started, swapped_for) VALUES('eip155:1/erc20:0x57240C3E140f98abe315CA8E0213c7a77F34A334', 'RDO', 'reddio', '', NULL, 1748013347, NULL);
*
INSERT INTO assets(identifier, name, type) VALUES('eip155:56/erc20:0xd86E6ef14b96D942eF0AbF0720C549197EA8c528', 'RDO Token', 'C'); INSERT INTO evm_tokens(identifier, token_kind, chain, address, decimals, protocol) VALUES('eip155:56/erc20:0xd86E6ef14b96D942eF0AbF0720C549197EA8c528', 'A', 56, '0xd86E6ef14b96D942eF0AbF0720C549197EA8c528', 18, NULL); INSERT INTO common_asset_details(identifier, symbol, coingecko, cryptocompare, forked, started, swapped_for) VALUES('eip155:56/erc20:0xd86E6ef14b96D942eF0AbF0720C549197EA8c528', 'RDO', 'reddio', '', NULL, 1748273644, NULL);
*
INSERT INTO assets(identifier, name, type) VALUES('eip155:1/erc20:0xAa9806c938836627Ed1a41Ae871c7E1889AE02Ca', 'LayerEdge', 'C'); INSERT INTO evm_tokens(identifier, token_kind, chain, address, decimals, protocol) VALUES('eip155:1/erc20:0xAa9806c938836627Ed1a41Ae871c7E1889AE02Ca', 'A', 1, '0xAa9806c938836627Ed1a41Ae871c7E1889AE02Ca', 18, NULL); INSERT INTO common_asset_details(identifier, symbol, coingecko, cryptocompare, forked, started, swapped_for) VALUES('eip155:1/erc20:0xAa9806c938836627Ed1a41Ae871c7E1889AE02Ca', 'EDGEN', 'edgen', 'EDGEN', NULL, 1746862115, NULL);
*
INSERT INTO assets(identifier, name, type) VALUES('solana/token:5evN2exivZXJfLaA1KhHfiJKWfwH8znqyH36w1SFz89Y', 'Project MIRAI', 'Y'); INSERT INTO solana_tokens(identifier, token_kind, address, decimals, protocol) VALUES('solana/token:5evN2exivZXJfLaA1KhHfiJKWfwH8znqyH36w1SFz89Y', 'D', '5evN2exivZXJfLaA1KhHfiJKWfwH8znqyH36w1SFz89Y', 6, NULL); INSERT INTO common_asset_details(identifier, symbol, coingecko, cryptocompare, forked, started, swapped_for) VALUES('solana/token:5evN2exivZXJfLaA1KhHfiJKWfwH8znqyH36w1SFz89Y', 'MIRAI', 'project-mirai', 'MIRAI', NULL, 1747322305, NULL);
*
INSERT INTO assets(identifier, name, type) VALUES('eip155:1/erc20:0x4D4574f50dd8B9dBe623cF329DCc78D76935E610', 'Zeus', 'C'); INSERT INTO evm_tokens(identifier, token_kind, chain, address, decimals, protocol) VALUES('eip155:1/erc20:0x4D4574f50dd8B9dBe623cF329DCc78D76935E610', 'A', 1, '0x4D4574f50dd8B9dBe623cF329DCc78D76935E610', 9, NULL); INSERT INTO common_asset_details(identifier, symbol, coingecko, cryptocompare, forked, started, swapped_for) VALUES('eip155:1/erc20:0x4D4574f50dd8B9dBe623cF329DCc78D76935E610', 'ZEUS', 'zeus-4', '', NULL, 1747797179, NULL);
*
INSERT INTO assets(identifier, name, type) VALUES('eip155:56/erc20:0xE0A441D23cedB44822dfC8562E4d8d39C6B7F946', 'SGC', 'C'); INSERT INTO evm_tokens(identifier, token_kind, chain, address, decimals, protocol) VALUES('eip155:56/erc20:0xE0A441D23cedB44822dfC8562E4d8d39C6B7F946', 'A', 56, '0xE0A441D23cedB44822dfC8562E4d8d39C6B7F946', 18, NULL); INSERT INTO common_asset_details(identifier, symbol, coingecko, cryptocompare, forked, started, swapped_for) VALUES('eip155:56/erc20:0xE0A441D23cedB44822dfC8562E4d8d39C6B7F946', 'SGC', 'battle-of-three-kingdoms', '', NULL, 1747045863, NULL);
*
INSERT INTO assets(identifier, name, type) VALUES('eip155:56/erc20:0x595E21b20E78674F8a64C1566A20b2b316Bc3511', 'BULLA', 'C'); INSERT INTO evm_tokens(identifier, token_kind, chain, address, decimals, protocol) VALUES('eip155:56/erc20:0x595E21b20E78674F8a64C1566A20b2b316Bc3511', 'A', 56, '0x595E21b20E78674F8a64C1566A20b2b316Bc3511', 18, NULL); INSERT INTO common_asset_details(identifier, symbol, coingecko, cryptocompare, forked, started, swapped_for) VALUES('eip155:56/erc20:0x595E21b20E78674F8a64C1566A20b2b316Bc3511', 'BULLA', 'bulla-3', '', NULL, 1748422327, NULL);
*
INSERT INTO assets(identifier, name, type) VALUES('NAM', 'Namada', 'W'); INSERT INTO common_asset_details(identifier, symbol, coingecko, cryptocompare, forked, started, swapped_for) VALUES('NAM', 'NAM', 'namada', '', NULL, 1750316599, NULL);
*
INSERT INTO assets(identifier, name, type) VALUES('STON', 'STON', 'W'); INSERT INTO common_asset_details(identifier, symbol, coingecko, cryptocompare, forked, started, swapped_for) VALUES('STON', 'STON', 'ston-2', 'STON', NULL, 1691676000, NULL);
*
INSERT INTO assets(identifier, name, type) VALUES('eip155:56/erc20:0xbAb528425Edb1E0E36D3719bc3307d9C8ccE8888', 'Moolah', 'C'); INSERT INTO evm_tokens(identifier, token_kind, chain, address, decimals, protocol) VALUES('eip155:56/erc20:0xbAb528425Edb1E0E36D3719bc3307d9C8ccE8888', 'A', 56, '0xbAb528425Edb1E0E36D3719bc3307d9C8ccE8888', 18, NULL); INSERT INTO common_asset_details(identifier, symbol, coingecko, cryptocompare, forked, started, swapped_for) VALUES('eip155:56/erc20:0xbAb528425Edb1E0E36D3719bc3307d9C8ccE8888', 'Moolah', 'moolah', '', NULL, 1748668316, NULL);
*
INSERT INTO assets(identifier, name, type) VALUES('eip155:1/erc20:0xB7b37b81d4497AB317fc9d4A370CF243043d6bBe', 'VAIX', 'C'); INSERT INTO evm_tokens(identifier, token_kind, chain, address, decimals, protocol) VALUES('eip155:1/erc20:0xB7b37b81d4497AB317fc9d4A370CF243043d6bBe', 'A', 1, '0xB7b37b81d4497AB317fc9d4A370CF243043d6bBe', 18, NULL); INSERT INTO common_asset_details(identifier, symbol, coingecko, cryptocompare, forked, started, swapped_for) VALUES('eip155:1/erc20:0xB7b37b81d4497AB317fc9d4A370CF243043d6bBe', 'VAIX', 'vectorspace', '', NULL, 1730183363, NULL);
*
INSERT INTO assets(identifier, name, type) VALUES('INFOFI', 'WAGMI HUB', 'W'); INSERT INTO common_asset_details(identifier, symbol, coingecko, cryptocompare, forked, started, swapped_for) VALUES('INFOFI', 'INFOFI', 'wagmi-hub', '', NULL, 1751299402, NULL);
*
INSERT INTO assets(identifier, name, type) VALUES('eip155:56/erc20:0x0c78d4605c2972e5f989DE9019De1Fb00c5D3462', 'CESSToken', 'C'); INSERT INTO evm_tokens(identifier, token_kind, chain, address, decimals, protocol) VALUES('eip155:56/erc20:0x0c78d4605c2972e5f989DE9019De1Fb00c5D3462', 'A', 56, '0x0c78d4605c2972e5f989DE9019De1Fb00c5D3462', 18, NULL); INSERT INTO common_asset_details(identifier, symbol, coingecko, cryptocompare, forked, started, swapped_for) VALUES('eip155:56/erc20:0x0c78d4605c2972e5f989DE9019De1Fb00c5D3462', 'CESS', 'cumulus-encrypted-storage-system', '', NULL, 1749018070, NULL);
*
INSERT INTO assets(identifier, name, type) VALUES('eip155:56/erc20:0xbfe78De7D1c51E0868501D5FA3E88e674C79AcDD', 'League of Traders', 'C'); INSERT INTO evm_tokens(identifier, token_kind, chain, address, decimals, protocol) VALUES('eip155:56/erc20:0xbfe78De7D1c51E0868501D5FA3E88e674C79AcDD', 'A', 56, '0xbfe78De7D1c51E0868501D5FA3E88e674C79AcDD', 18, NULL); INSERT INTO common_asset_details(identifier, symbol, coingecko, cryptocompare, forked, started, swapped_for) VALUES('eip155:56/erc20:0xbfe78De7D1c51E0868501D5FA3E88e674C79AcDD', 'LOT', 'league-of-traders', '', NULL, 1750152027, NULL);
*
INSERT INTO assets(identifier, name, type) VALUES('ECHO', 'Echo Protocol', 'W'); INSERT INTO common_asset_details(identifier, symbol, coingecko, cryptocompare, forked, started, swapped_for) VALUES('ECHO', 'ECHO', 'echo-protocol', '', NULL, 1751458094, NULL);
*
INSERT INTO assets(identifier, name, type) VALUES('solana/token:CB9dDufT3ZuQXqqSfa1c5kY935TEreyBw9XJXxHKpump', 'Unstable Coin', 'Y'); INSERT INTO solana_tokens(identifier, token_kind, address, decimals, protocol) VALUES('solana/token:CB9dDufT3ZuQXqqSfa1c5kY935TEreyBw9XJXxHKpump', 'D', 'CB9dDufT3ZuQXqqSfa1c5kY935TEreyBw9XJXxHKpump', 6, NULL); INSERT INTO common_asset_details(identifier, symbol, coingecko, cryptocompare, forked, started, swapped_for) VALUES('solana/token:CB9dDufT3ZuQXqqSfa1c5kY935TEreyBw9XJXxHKpump', 'USDUC', 'unstable-coin', 'USDUC', NULL, 1747606449, NULL);
*
INSERT INTO assets(identifier, name, type) VALUES('BTR', 'Bitlayer', 'B'); INSERT INTO common_asset_details(identifier, symbol, coingecko, cryptocompare, forked, started, swapped_for) VALUES('BTR', 'BTR', 'bitlayer-bitvm', '', NULL, 1712276809, NULL);
*
INSERT INTO assets(identifier, name, type) VALUES('eip155:8453/erc20:0x481FE356DF88169f5F38203Dd7f3C67B7559FDa5', 'Coiin', 'C'); INSERT INTO evm_tokens(identifier, token_kind, chain, address, decimals, protocol) VALUES('eip155:8453/erc20:0x481FE356DF88169f5F38203Dd7f3C67B7559FDa5', 'A', 8453, '0x481FE356DF88169f5F38203Dd7f3C67B7559FDa5', 18, NULL); INSERT INTO common_asset_details(identifier, symbol, coingecko, cryptocompare, forked, started, swapped_for) VALUES('eip155:8453/erc20:0x481FE356DF88169f5F38203Dd7f3C67B7559FDa5', 'COIIN', '', '', NULL, 1711911563, NULL);
*
INSERT INTO assets(identifier, name, type) VALUES('FLY', 'Fly', 'W'); INSERT INTO common_asset_details(identifier, symbol, coingecko, cryptocompare, forked, started, swapped_for) VALUES('FLY', 'FLY', 'fly-2', '', NULL, 1747944921, NULL);
*
INSERT INTO assets(identifier, name, type) VALUES('solana/token:pumpCmXqMfrsAkQ5r49WcJnRayYRqmXz6ae8H7H9Dfn', 'Pump.fun', 'Y'); INSERT INTO solana_tokens(identifier, token_kind, address, decimals, protocol) VALUES('solana/token:pumpCmXqMfrsAkQ5r49WcJnRayYRqmXz6ae8H7H9Dfn', 'D', 'pumpCmXqMfrsAkQ5r49WcJnRayYRqmXz6ae8H7H9Dfn', 6, NULL); INSERT INTO common_asset_details(identifier, symbol, coingecko, cryptocompare, forked, started, swapped_for) VALUES('solana/token:pumpCmXqMfrsAkQ5r49WcJnRayYRqmXz6ae8H7H9Dfn', 'pump', 'pump-fun', 'PUMP', NULL, 1752153028, NULL);
*
INSERT INTO assets(identifier, name, type) VALUES('eip155:1/erc20:0x08dCb9B5989fb09ef80E85567ec1F49577a70D29', 'Arena-Z', 'C'); INSERT INTO evm_tokens(identifier, token_kind, chain, address, decimals, protocol) VALUES('eip155:1/erc20:0x08dCb9B5989fb09ef80E85567ec1F49577a70D29', 'A', 1, '0x08dCb9B5989fb09ef80E85567ec1F49577a70D29', 18, NULL); INSERT INTO common_asset_details(identifier, symbol, coingecko, cryptocompare, forked, started, swapped_for) VALUES('eip155:1/erc20:0x08dCb9B5989fb09ef80E85567ec1F49577a70D29', 'A2Z', 'arena-z', '', NULL, 1749449843, NULL);
*
INSERT INTO assets(identifier, name, type) VALUES('eip155:56/erc20:0x9558a9254890B2A8B057a789F413631B9084f4a3', 'Infinity Ground AI', 'C'); INSERT INTO evm_tokens(identifier, token_kind, chain, address, decimals, protocol) VALUES('eip155:56/erc20:0x9558a9254890B2A8B057a789F413631B9084f4a3', 'A', 56, '0x9558a9254890B2A8B057a789F413631B9084f4a3', 18, NULL); INSERT INTO common_asset_details(identifier, symbol, coingecko, cryptocompare, forked, started, swapped_for) VALUES('eip155:56/erc20:0x9558a9254890B2A8B057a789F413631B9084f4a3', 'AIN', 'infinity-ground', '', NULL, 1748256317, NULL);
*
INSERT INTO assets(identifier, name, type) VALUES('eip155:1/erc20:0xe60e9BD04ccc0a394f1fDf29874e35a773cb07f4', 'America Party', 'C'); INSERT INTO evm_tokens(identifier, token_kind, chain, address, decimals, protocol) VALUES('eip155:1/erc20:0xe60e9BD04ccc0a394f1fDf29874e35a773cb07f4', 'A', 1, '0xe60e9BD04ccc0a394f1fDf29874e35a773cb07f4', 18, NULL); INSERT INTO common_asset_details(identifier, symbol, coingecko, cryptocompare, forked, started, swapped_for) VALUES('eip155:1/erc20:0xe60e9BD04ccc0a394f1fDf29874e35a773cb07f4', 'AP', 'america-party-4', 'AP', NULL, 1749247895, NULL);
*
INSERT INTO assets(identifier, name, type) VALUES('solana/token:BALLrveijbhu42QaS2XW1pRBYfMji73bGeYJghUvQs6y', 'POWERBALL', 'Y'); INSERT INTO solana_tokens(identifier, token_kind, address, decimals, protocol) VALUES('solana/token:BALLrveijbhu42QaS2XW1pRBYfMji73bGeYJghUvQs6y', 'D', 'BALLrveijbhu42QaS2XW1pRBYfMji73bGeYJghUvQs6y', 9, NULL); INSERT INTO common_asset_details(identifier, symbol, coingecko, cryptocompare, forked, started, swapped_for) VALUES('solana/token:BALLrveijbhu42QaS2XW1pRBYfMji73bGeYJghUvQs6y', 'ball', 'powerball', '', NULL, 1748913510, NULL);
*
INSERT INTO assets(identifier, name, type) VALUES('eip155:56/erc20:0xa4B68D48D7bc6f04420e8077E6F74bdeF809dEa3', 'BugsCoin', 'C'); INSERT INTO evm_tokens(identifier, token_kind, chain, address, decimals, protocol) VALUES('eip155:56/erc20:0xa4B68D48D7bc6f04420e8077E6F74bdeF809dEa3', 'A', 56, '0xa4B68D48D7bc6f04420e8077E6F74bdeF809dEa3', 18, NULL); INSERT INTO common_asset_details(identifier, symbol, coingecko, cryptocompare, forked, started, swapped_for) VALUES('eip155:56/erc20:0xa4B68D48D7bc6f04420e8077E6F74bdeF809dEa3', 'BGSC', 'bugscoin', 'BGSC', NULL, 1724398364, NULL);
*
INSERT INTO assets(identifier, name, type) VALUES('solana/token:boopkpWqe68MSxLqBGogs8ZbUDN4GXaLhFwNP7mpP1i', 'BOOP', 'Y'); INSERT INTO solana_tokens(identifier, token_kind, address, decimals, protocol) VALUES('solana/token:boopkpWqe68MSxLqBGogs8ZbUDN4GXaLhFwNP7mpP1i', 'D', 'boopkpWqe68MSxLqBGogs8ZbUDN4GXaLhFwNP7mpP1i', 9, NULL); INSERT INTO common_asset_details(identifier, symbol, coingecko, cryptocompare, forked, started, swapped_for) VALUES('solana/token:boopkpWqe68MSxLqBGogs8ZbUDN4GXaLhFwNP7mpP1i', 'boop', 'boop-4', 'BOOP', NULL, 1745921365, NULL);
*
INSERT INTO assets(identifier, name, type) VALUES('eip155:56/erc20:0x9A70815DFB644a24B57358E1041F8d0324c8f6e1', 'BOOP', 'C'); INSERT INTO evm_tokens(identifier, token_kind, chain, address, decimals, protocol) VALUES('eip155:56/erc20:0x9A70815DFB644a24B57358E1041F8d0324c8f6e1', 'A', 56, '0x9A70815DFB644a24B57358E1041F8d0324c8f6e1', 18, NULL); INSERT INTO common_asset_details(identifier, symbol, coingecko, cryptocompare, forked, started, swapped_for) VALUES('eip155:56/erc20:0x9A70815DFB644a24B57358E1041F8d0324c8f6e1', 'BOOP', 'boop-4', 'BOOP', NULL, 1745921365, NULL);
*
INSERT INTO assets(identifier, name, type) VALUES('solana/token:iUdvUaxyRHh8PYVcmkgBpSJu5evpW6jsSLv8RCpmoon', 'Worthless Coin', 'Y'); INSERT INTO solana_tokens(identifier, token_kind, address, decimals, protocol) VALUES('solana/token:iUdvUaxyRHh8PYVcmkgBpSJu5evpW6jsSLv8RCpmoon', 'D', 'iUdvUaxyRHh8PYVcmkgBpSJu5evpW6jsSLv8RCpmoon', 6, NULL); INSERT INTO common_asset_details(identifier, symbol, coingecko, cryptocompare, forked, started, swapped_for) VALUES('solana/token:iUdvUaxyRHh8PYVcmkgBpSJu5evpW6jsSLv8RCpmoon', 'worthless', 'worthless-coin-2', '', NULL, 1752646079, NULL);
*
INSERT INTO assets(identifier, name, type) VALUES('eip155:1/erc20:0x9f277eDFc463EBaA3D2a6274b01177697E910391', 'Miniature Woolly Mammoth', 'C'); INSERT INTO evm_tokens(identifier, token_kind, chain, address, decimals, protocol) VALUES('eip155:1/erc20:0x9f277eDFc463EBaA3D2a6274b01177697E910391', 'A', 1, '0x9f277eDFc463EBaA3D2a6274b01177697E910391', 18, NULL); INSERT INTO common_asset_details(identifier, symbol, coingecko, cryptocompare, forked, started, swapped_for) VALUES('eip155:1/erc20:0x9f277eDFc463EBaA3D2a6274b01177697E910391', 'WOOLLY', 'miniature-woolly-mammoth', 'WOOLLY', NULL, 1749497399, NULL);
*
INSERT INTO assets(identifier, name, type) VALUES('eip155:1/erc20:0x9cdf242Ef7975D8c68D5C1F5B6905801699b1940', 'WhiteRock', 'C'); INSERT INTO evm_tokens(identifier, token_kind, chain, address, decimals, protocol) VALUES('eip155:1/erc20:0x9cdf242Ef7975D8c68D5C1F5B6905801699b1940', 'A', 1, '0x9cdf242Ef7975D8c68D5C1F5B6905801699b1940', 18, NULL); INSERT INTO common_asset_details(identifier, symbol, coingecko, cryptocompare, forked, started, swapped_for) VALUES('eip155:1/erc20:0x9cdf242Ef7975D8c68D5C1F5B6905801699b1940', 'WHITE', 'whiterock', 'WHITE', NULL, 1727704067, NULL);
*
INSERT INTO assets(identifier, name, type) VALUES('solana/token:ENWC66tsY6cyqSrd8a7S9ETc712xCcSAuGcRUwSMWhyo', 'WhiteRock', 'Y'); INSERT INTO solana_tokens(identifier, token_kind, address, decimals, protocol) VALUES('solana/token:ENWC66tsY6cyqSrd8a7S9ETc712xCcSAuGcRUwSMWhyo', 'D', 'ENWC66tsY6cyqSrd8a7S9ETc712xCcSAuGcRUwSMWhyo', 8, NULL); INSERT INTO common_asset_details(identifier, symbol, coingecko, cryptocompare, forked, started, swapped_for) VALUES('solana/token:ENWC66tsY6cyqSrd8a7S9ETc712xCcSAuGcRUwSMWhyo', 'white', 'whiterock', 'WHITE', NULL, 1748447446, NULL);
*
INSERT INTO assets(identifier, name, type) VALUES('eip155:8453/erc20:0xbf8566956b4e2D8BEB90c4c19dbb8c67A9290C36', 'VIRGEN by Virtuals', 'C'); INSERT INTO evm_tokens(identifier, token_kind, chain, address, decimals, protocol) VALUES('eip155:8453/erc20:0xbf8566956b4e2D8BEB90c4c19dbb8c67A9290C36', 'A', 8453, '0xbf8566956b4e2D8BEB90c4c19dbb8c67A9290C36', 18, NULL); INSERT INTO common_asset_details(identifier, symbol, coingecko, cryptocompare, forked, started, swapped_for) VALUES('eip155:8453/erc20:0xbf8566956b4e2D8BEB90c4c19dbb8c67A9290C36', 'VIRGEN', 'virgen', '', NULL, 1747918879, NULL);
*
INSERT INTO assets(identifier, name, type) VALUES('eip155:56/erc20:0x8b194370825E37b33373e74A41009161808C1488', 'Velvet', 'C'); INSERT INTO evm_tokens(identifier, token_kind, chain, address, decimals, protocol) VALUES('eip155:56/erc20:0x8b194370825E37b33373e74A41009161808C1488', 'A', 56, '0x8b194370825E37b33373e74A41009161808C1488', 18, NULL); INSERT INTO common_asset_details(identifier, symbol, coingecko, cryptocompare, forked, started, swapped_for) VALUES('eip155:56/erc20:0x8b194370825E37b33373e74A41009161808C1488', 'VELVET', 'velvet', 'VELVET', NULL, 1752050469, NULL);
*
INSERT INTO assets(identifier, name, type) VALUES('solana/token:9GtvcnDUvGsuibktxiMjLQ2yyBq5akUahuBs8yANbonk', 'Valentine Grok Companion', 'Y'); INSERT INTO solana_tokens(identifier, token_kind, address, decimals, protocol) VALUES('solana/token:9GtvcnDUvGsuibktxiMjLQ2yyBq5akUahuBs8yANbonk', 'D', '9GtvcnDUvGsuibktxiMjLQ2yyBq5akUahuBs8yANbonk', 6, NULL); INSERT INTO common_asset_details(identifier, symbol, coingecko, cryptocompare, forked, started, swapped_for) VALUES('solana/token:9GtvcnDUvGsuibktxiMjLQ2yyBq5akUahuBs8yANbonk', 'valentine', 'valentine-grok-companion-3', '', NULL, 1752658310, NULL);
*
INSERT INTO assets(identifier, name, type) VALUES('eip155:42161/erc20:0x1114982539A2Bfb84e8B9e4e320bbC04532a9e44', 'TRN', 'C'); INSERT INTO evm_tokens(identifier, token_kind, chain, address, decimals, protocol) VALUES('eip155:42161/erc20:0x1114982539A2Bfb84e8B9e4e320bbC04532a9e44', 'A', 42161, '0x1114982539A2Bfb84e8B9e4e320bbC04532a9e44', 18, NULL); INSERT INTO common_asset_details(identifier, symbol, coingecko, cryptocompare, forked, started, swapped_for) VALUES('eip155:42161/erc20:0x1114982539A2Bfb84e8B9e4e320bbC04532a9e44', 'TRN', '', '', NULL, 1744535077, NULL);
*
INSERT INTO assets(identifier, name, type) VALUES('solana/token:8ncucXv6U6epZKHPbgaEBcEK399TpHGKCquSt4RnmX4f', 'Trencher', 'Y'); INSERT INTO solana_tokens(identifier, token_kind, address, decimals, protocol) VALUES('solana/token:8ncucXv6U6epZKHPbgaEBcEK399TpHGKCquSt4RnmX4f', 'D', '8ncucXv6U6epZKHPbgaEBcEK399TpHGKCquSt4RnmX4f', 6, NULL); INSERT INTO common_asset_details(identifier, symbol, coingecko, cryptocompare, forked, started, swapped_for) VALUES('solana/token:8ncucXv6U6epZKHPbgaEBcEK399TpHGKCquSt4RnmX4f', 'trencher', 'trencher', '', NULL, 1745399409, NULL);
*
INSERT INTO assets(identifier, name, type) VALUES('TOILET', 'Toilet Dust', 'W'); INSERT INTO common_asset_details(identifier, symbol, coingecko, cryptocompare, forked, started, swapped_for) VALUES('TOILET', 'TOILET', '', '', NULL, 1742515620, NULL);
*
INSERT INTO assets(identifier, name, type) VALUES('eip155:56/erc20:0xC0c240C870606a5Cb3150795E2D0dffF9f1F7456', 'Hyperion', 'C'); INSERT INTO evm_tokens(identifier, token_kind, chain, address, decimals, protocol) VALUES('eip155:56/erc20:0xC0c240C870606a5Cb3150795E2D0dffF9f1F7456', 'A', 56, '0xC0c240C870606a5Cb3150795E2D0dffF9f1F7456', 18, NULL); INSERT INTO common_asset_details(identifier, symbol, coingecko, cryptocompare, forked, started, swapped_for) VALUES('eip155:56/erc20:0xC0c240C870606a5Cb3150795E2D0dffF9f1F7456', 'RION', 'hyperion-2', '', NULL, NULL, NULL);
*
INSERT INTO assets(identifier, name, type) VALUES('solana/token:9XjiBXqM8yKk345CMtrWsfoVeXvGZxk1xZD4bdTEbTcv', 'Richie Rich', 'Y'); INSERT INTO solana_tokens(identifier, token_kind, address, decimals, protocol) VALUES('solana/token:9XjiBXqM8yKk345CMtrWsfoVeXvGZxk1xZD4bdTEbTcv', 'D', '9XjiBXqM8yKk345CMtrWsfoVeXvGZxk1xZD4bdTEbTcv', 9, NULL); INSERT INTO common_asset_details(identifier, symbol, coingecko, cryptocompare, forked, started, swapped_for) VALUES('solana/token:9XjiBXqM8yKk345CMtrWsfoVeXvGZxk1xZD4bdTEbTcv', 'RICHIE', '', '', NULL, 1746455165, NULL);
*
INSERT INTO assets(identifier, name, type) VALUES('solana/token:5oUzkFsCFMJJ23Z6Ghev5m7FjE6TtrqZJXUS7V5Smoon', 'GET RICH QUICK', 'Y'); INSERT INTO solana_tokens(identifier, token_kind, address, decimals, protocol) VALUES('solana/token:5oUzkFsCFMJJ23Z6Ghev5m7FjE6TtrqZJXUS7V5Smoon', 'D', '5oUzkFsCFMJJ23Z6Ghev5m7FjE6TtrqZJXUS7V5Smoon', 6, NULL); INSERT INTO common_asset_details(identifier, symbol, coingecko, cryptocompare, forked, started, swapped_for) VALUES('solana/token:5oUzkFsCFMJJ23Z6Ghev5m7FjE6TtrqZJXUS7V5Smoon', 'rich', 'get-rich-quick', 'RICH', NULL, 1751059834, NULL);
*
INSERT INTO assets(identifier, name, type) VALUES('REDX', 'REDX', 'W'); INSERT INTO common_asset_details(identifier, symbol, coingecko, cryptocompare, forked, started, swapped_for) VALUES('REDX', 'REDX', 'REDX', 'REDX', NULL, 1744191900, NULL);
*
INSERT INTO assets(identifier, name, type) VALUES('solana/token:9u8PP725K2GUf4p5bhKebrzHTGgvHp6KDeQPf7jc1F1W', 'Pope', 'Y'); INSERT INTO solana_tokens(identifier, token_kind, address, decimals, protocol) VALUES('solana/token:9u8PP725K2GUf4p5bhKebrzHTGgvHp6KDeQPf7jc1F1W', 'D', '9u8PP725K2GUf4p5bhKebrzHTGgvHp6KDeQPf7jc1F1W', 9, NULL); INSERT INTO common_asset_details(identifier, symbol, coingecko, cryptocompare, forked, started, swapped_for) VALUES('solana/token:9u8PP725K2GUf4p5bhKebrzHTGgvHp6KDeQPf7jc1F1W', 'POPE', '', '', NULL, 1746168131, NULL);
*
INSERT INTO assets(identifier, name, type) VALUES('POLC', 'Polka City', 'W'); INSERT INTO common_asset_details(identifier, symbol, coingecko, cryptocompare, forked, started, swapped_for) VALUES('POLC', 'POLC', '', '', NULL, 1744191900, NULL);
*
INSERT INTO assets(identifier, name, type) VALUES('eip155:1/erc20:0xaA8330FB2B4D5D07ABFE7A72262752a8505C6B37', 'Polka City', 'C'); INSERT INTO evm_tokens(identifier, token_kind, chain, address, decimals, protocol) VALUES('eip155:1/erc20:0xaA8330FB2B4D5D07ABFE7A72262752a8505C6B37', 'A', 1, '0xaA8330FB2B4D5D07ABFE7A72262752a8505C6B37', 18, NULL); INSERT INTO common_asset_details(identifier, symbol, coingecko, cryptocompare, forked, started, swapped_for) VALUES('eip155:1/erc20:0xaA8330FB2B4D5D07ABFE7A72262752a8505C6B37', 'POLC', 'polka-city', 'POLC', NULL, 1613575886, NULL);
*
INSERT INTO assets(identifier, name, type) VALUES('eip155:56/erc20:0x6Ae9701B9c423F40d54556C9a443409D79cE170a', 'Polka City', 'C'); INSERT INTO evm_tokens(identifier, token_kind, chain, address, decimals, protocol) VALUES('eip155:56/erc20:0x6Ae9701B9c423F40d54556C9a443409D79cE170a', 'A', 56, '0x6Ae9701B9c423F40d54556C9a443409D79cE170a', 18, NULL); INSERT INTO common_asset_details(identifier, symbol, coingecko, cryptocompare, forked, started, swapped_for) VALUES('eip155:56/erc20:0x6Ae9701B9c423F40d54556C9a443409D79cE170a', 'POLC', 'polka-city', 'POLC', NULL, NULL, NULL);
*
INSERT INTO assets(identifier, name, type) VALUES('eip155:8453/erc20:0x853a7c99227499DbA9dB8C3A02aA691aFDeBf841', 'Play', 'C'); INSERT INTO evm_tokens(identifier, token_kind, chain, address, decimals, protocol) VALUES('eip155:8453/erc20:0x853a7c99227499DbA9dB8C3A02aA691aFDeBf841', 'A', 8453, '0x853a7c99227499DbA9dB8C3A02aA691aFDeBf841', 18, NULL); INSERT INTO common_asset_details(identifier, symbol, coingecko, cryptocompare, forked, started, swapped_for) VALUES('eip155:8453/erc20:0x853a7c99227499DbA9dB8C3A02aA691aFDeBf841', 'PLAY', 'playsout', '', NULL, 1748504687, NULL);
*
INSERT INTO assets(identifier, name, type) VALUES('eip155:56/erc20:0xf86089B30F30285D492B0527C37b9C2225bFCF8c', 'Play', 'C'); INSERT INTO evm_tokens(identifier, token_kind, chain, address, decimals, protocol) VALUES('eip155:56/erc20:0xf86089B30F30285D492B0527C37b9C2225bFCF8c', 'A', 56, '0xf86089B30F30285D492B0527C37b9C2225bFCF8c', 18, NULL); INSERT INTO common_asset_details(identifier, symbol, coingecko, cryptocompare, forked, started, swapped_for) VALUES('eip155:56/erc20:0xf86089B30F30285D492B0527C37b9C2225bFCF8c', 'PLAY', 'playsout', '', NULL, 1751859391, NULL);
*
INSERT INTO assets(identifier, name, type) VALUES('eip155:1/erc20:0xeBb66a88cEdd12bfE3a289df6DFEe377F2963F12', 'Oscar', 'C'); INSERT INTO evm_tokens(identifier, token_kind, chain, address, decimals, protocol) VALUES('eip155:1/erc20:0xeBb66a88cEdd12bfE3a289df6DFEe377F2963F12', 'A', 1, '0xeBb66a88cEdd12bfE3a289df6DFEe377F2963F12', 9, NULL); INSERT INTO common_asset_details(identifier, symbol, coingecko, cryptocompare, forked, started, swapped_for) VALUES('eip155:1/erc20:0xeBb66a88cEdd12bfE3a289df6DFEe377F2963F12', 'OSCAR', 'oscar', 'OSCAR', NULL, 1727292131, NULL);
*
INSERT INTO assets(identifier, name, type) VALUES('solana/token:2fdtCHuvyLcD2q86XZGFmYbDux9ZbbUgMmFhzChqmoon', 'AIGOV', 'Y'); INSERT INTO solana_tokens(identifier, token_kind, address, decimals, protocol) VALUES('solana/token:2fdtCHuvyLcD2q86XZGFmYbDux9ZbbUgMmFhzChqmoon', 'D', '2fdtCHuvyLcD2q86XZGFmYbDux9ZbbUgMmFhzChqmoon', 9, NULL); INSERT INTO common_asset_details(identifier, symbol, coingecko, cryptocompare, forked, started, swapped_for) VALUES('solana/token:2fdtCHuvyLcD2q86XZGFmYbDux9ZbbUgMmFhzChqmoon', 'olivia', 'aigov', 'OLIVIA', NULL, 1748385667, NULL);
*
INSERT INTO assets(identifier, name, type) VALUES('eip155:1/erc20:0x926759A8EaEcFADb5D8bdC7A9C7B193C5085F507', 'Nura Labs', 'C'); INSERT INTO evm_tokens(identifier, token_kind, chain, address, decimals, protocol) VALUES('eip155:1/erc20:0x926759A8EaEcFADb5D8bdC7A9C7B193C5085F507', 'A', 1, '0x926759A8EaEcFADb5D8bdC7A9C7B193C5085F507', 18, NULL); INSERT INTO common_asset_details(identifier, symbol, coingecko, cryptocompare, forked, started, swapped_for) VALUES('eip155:1/erc20:0x926759A8EaEcFADb5D8bdC7A9C7B193C5085F507', 'NURA', 'nura-labs', 'NURA', NULL, 1747065323, NULL);
*
INSERT INTO assets(identifier, name, type) VALUES('solana/token:Ce2gx9KGXJ6C9Mp5b5x1sn9Mg87JwEbrQby4Zqo3pump', 'Not in Employment Education or Training', 'Y'); INSERT INTO solana_tokens(identifier, token_kind, address, decimals, protocol) VALUES('solana/token:Ce2gx9KGXJ6C9Mp5b5x1sn9Mg87JwEbrQby4Zqo3pump', 'D', 'Ce2gx9KGXJ6C9Mp5b5x1sn9Mg87JwEbrQby4Zqo3pump', 6, NULL); INSERT INTO common_asset_details(identifier, symbol, coingecko, cryptocompare, forked, started, swapped_for) VALUES('solana/token:Ce2gx9KGXJ6C9Mp5b5x1sn9Mg87JwEbrQby4Zqo3pump', 'neet', 'neet', 'NEET', NULL, 1745713919, NULL);
*
INSERT INTO assets(identifier, name, type) VALUES('solana/token:Ai3eKAWjzKMV8wRwd41nVP83yqfbAVJykhvJVPxspump', 'moonpig', 'Y'); INSERT INTO solana_tokens(identifier, token_kind, address, decimals, protocol) VALUES('solana/token:Ai3eKAWjzKMV8wRwd41nVP83yqfbAVJykhvJVPxspump', 'D', 'Ai3eKAWjzKMV8wRwd41nVP83yqfbAVJykhvJVPxspump', 6, NULL); INSERT INTO common_asset_details(identifier, symbol, coingecko, cryptocompare, forked, started, swapped_for) VALUES('solana/token:Ai3eKAWjzKMV8wRwd41nVP83yqfbAVJykhvJVPxspump', 'moonpig', 'moonpig', 'MOONPIG', NULL, 1746116807, NULL);
*
INSERT INTO assets(identifier, name, type) VALUES('eip155:1/erc20:0x22Fb1D972e2D37F5E8Ff6fF3655aA225e3485de1', 'MONKE', 'C'); INSERT INTO evm_tokens(identifier, token_kind, chain, address, decimals, protocol) VALUES('eip155:1/erc20:0x22Fb1D972e2D37F5E8Ff6fF3655aA225e3485de1', 'A', 1, '0x22Fb1D972e2D37F5E8Ff6fF3655aA225e3485de1', 18, NULL); INSERT INTO common_asset_details(identifier, symbol, coingecko, cryptocompare, forked, started, swapped_for) VALUES('eip155:1/erc20:0x22Fb1D972e2D37F5E8Ff6fF3655aA225e3485de1', 'MONKE', 'monke-6', '', NULL, 1752692207, NULL);
*
INSERT INTO assets(identifier, name, type) VALUES('eip155:56/erc20:0xa5346F91A767b89a0363A4309C8E6c5ADc0C4A59', 'MOMO.FUN', 'C'); INSERT INTO evm_tokens(identifier, token_kind, chain, address, decimals, protocol) VALUES('eip155:56/erc20:0xa5346F91A767b89a0363A4309C8E6c5ADc0C4A59', 'A', 56, '0xa5346F91A767b89a0363A4309C8E6c5ADc0C4A59', 18, NULL); INSERT INTO common_asset_details(identifier, symbol, coingecko, cryptocompare, forked, started, swapped_for) VALUES('eip155:56/erc20:0xa5346F91A767b89a0363A4309C8E6c5ADc0C4A59', 'MM', 'momofun', '', NULL, 1753795662, NULL);
*
INSERT INTO assets(identifier, name, type) VALUES('solana/token:MikamiBjh6AGBUU28GZsPAjFxRdGwcjt1kjGjr39Pr7', 'Mikami Coin', 'Y'); INSERT INTO solana_tokens(identifier, token_kind, address, decimals, protocol) VALUES('solana/token:MikamiBjh6AGBUU28GZsPAjFxRdGwcjt1kjGjr39Pr7', 'D', 'MikamiBjh6AGBUU28GZsPAjFxRdGwcjt1kjGjr39Pr7', 9, NULL); INSERT INTO common_asset_details(identifier, symbol, coingecko, cryptocompare, forked, started, swapped_for) VALUES('solana/token:MikamiBjh6AGBUU28GZsPAjFxRdGwcjt1kjGjr39Pr7', 'MIKAMI', '', '', NULL, 1746641190, NULL);
*
INSERT INTO assets(identifier, name, type) VALUES('solana/token:4daoTLufDmV3ods48Zh8rymaZKBLtgEvuH9qALYLbonk', 'just memecoin', 'Y'); INSERT INTO solana_tokens(identifier, token_kind, address, decimals, protocol) VALUES('solana/token:4daoTLufDmV3ods48Zh8rymaZKBLtgEvuH9qALYLbonk', 'D', '4daoTLufDmV3ods48Zh8rymaZKBLtgEvuH9qALYLbonk', 6, NULL); INSERT INTO common_asset_details(identifier, symbol, coingecko, cryptocompare, forked, started, swapped_for) VALUES('solana/token:4daoTLufDmV3ods48Zh8rymaZKBLtgEvuH9qALYLbonk', 'memecoin', 'just-memecoin', '', NULL, 1746035345, NULL);
*
INSERT INTO assets(identifier, name, type) VALUES('solana/token:mae8vJGf8Wju8Ron1oDTQVaTGGBpcpWDwoRQJALMMf2', 'Masha and the Bear', 'Y'); INSERT INTO solana_tokens(identifier, token_kind, address, decimals, protocol) VALUES('solana/token:mae8vJGf8Wju8Ron1oDTQVaTGGBpcpWDwoRQJALMMf2', 'D', 'mae8vJGf8Wju8Ron1oDTQVaTGGBpcpWDwoRQJALMMf2', 6, NULL); INSERT INTO common_asset_details(identifier, symbol, coingecko, cryptocompare, forked, started, swapped_for) VALUES('solana/token:mae8vJGf8Wju8Ron1oDTQVaTGGBpcpWDwoRQJALMMf2', 'masha', 'masha-and-the-bear', 'MASHA', NULL, 1748232091, NULL);
*
INSERT INTO assets(identifier, name, type) VALUES('eip155:1/erc20:0x95AF4aF910c28E8EcE4512BFE46F1F33687424ce', 'Manyu', 'C'); INSERT INTO evm_tokens(identifier, token_kind, chain, address, decimals, protocol) VALUES('eip155:1/erc20:0x95AF4aF910c28E8EcE4512BFE46F1F33687424ce', 'A', 1, '0x95AF4aF910c28E8EcE4512BFE46F1F33687424ce', 9, NULL); INSERT INTO common_asset_details(identifier, symbol, coingecko, cryptocompare, forked, started, swapped_for) VALUES('eip155:1/erc20:0x95AF4aF910c28E8EcE4512BFE46F1F33687424ce', 'MANYU', 'manyu-2', '', NULL, 1751395223, NULL);
*
INSERT INTO assets(identifier, name, type) VALUES('solana/token:83mCRQJzvKMeQd9wJbZDUCTPgRbZMDoPdMSx5Sf1pump', 'vitafin', 'Y'); INSERT INTO solana_tokens(identifier, token_kind, address, decimals, protocol) VALUES('solana/token:83mCRQJzvKMeQd9wJbZDUCTPgRbZMDoPdMSx5Sf1pump', 'D', '83mCRQJzvKMeQd9wJbZDUCTPgRbZMDoPdMSx5Sf1pump', 6, NULL); INSERT INTO common_asset_details(identifier, symbol, coingecko, cryptocompare, forked, started, swapped_for) VALUES('solana/token:83mCRQJzvKMeQd9wJbZDUCTPgRbZMDoPdMSx5Sf1pump', 'LLJEFFY', '', '', NULL, 1746345939, NULL);
*
INSERT INTO assets(identifier, name, type) VALUES('solana/token:CDBdbNqmrLu1PcgjrFG52yxg71QnFhBZcUE6PSFdbonk', 'Let''s BONK', 'Y'); INSERT INTO solana_tokens(identifier, token_kind, address, decimals, protocol) VALUES('solana/token:CDBdbNqmrLu1PcgjrFG52yxg71QnFhBZcUE6PSFdbonk', 'D', 'CDBdbNqmrLu1PcgjrFG52yxg71QnFhBZcUE6PSFdbonk', 6, NULL); INSERT INTO common_asset_details(identifier, symbol, coingecko, cryptocompare, forked, started, swapped_for) VALUES('solana/token:CDBdbNqmrLu1PcgjrFG52yxg71QnFhBZcUE6PSFdbonk', 'letsbonk', 'lets-bonk', '', NULL, 1745605162, NULL);
*
INSERT INTO assets(identifier, name, type) VALUES('eip155:8453/erc20:0x05A5B4e217004eB84C6787E0EcBE7a46CfD94CdD', 'Laka', 'C'); INSERT INTO evm_tokens(identifier, token_kind, chain, address, decimals, protocol) VALUES('eip155:8453/erc20:0x05A5B4e217004eB84C6787E0EcBE7a46CfD94CdD', 'A', 8453, '0x05A5B4e217004eB84C6787E0EcBE7a46CfD94CdD', 18, NULL); INSERT INTO common_asset_details(identifier, symbol, coingecko, cryptocompare, forked, started, swapped_for) VALUES('eip155:8453/erc20:0x05A5B4e217004eB84C6787E0EcBE7a46CfD94CdD', 'LAKA', 'laika-4', '', NULL, 1750858913, NULL);
*
INSERT INTO assets(identifier, name, type) VALUES('solana/token:6jTQCFZR8JwvvenVGa3RzGM3a5YEagk9kQXDpHHdpump', 'kolscan', 'Y'); INSERT INTO solana_tokens(identifier, token_kind, address, decimals, protocol) VALUES('solana/token:6jTQCFZR8JwvvenVGa3RzGM3a5YEagk9kQXDpHHdpump', 'D', '6jTQCFZR8JwvvenVGa3RzGM3a5YEagk9kQXDpHHdpump', 6, NULL); INSERT INTO common_asset_details(identifier, symbol, coingecko, cryptocompare, forked, started, swapped_for) VALUES('solana/token:6jTQCFZR8JwvvenVGa3RzGM3a5YEagk9kQXDpHHdpump', 'kolscan', 'kolscan', '', NULL, 1732046214, NULL);
*
INSERT INTO assets(identifier, name, type) VALUES('eip155:1/erc20:0x4E9623B7e5b6438542458f5EE828d65c24d3AF8c', 'Jerry The Turtle By Matt Furie', 'C'); INSERT INTO evm_tokens(identifier, token_kind, chain, address, decimals, protocol) VALUES('eip155:1/erc20:0x4E9623B7e5b6438542458f5EE828d65c24d3AF8c', 'A', 1, '0x4E9623B7e5b6438542458f5EE828d65c24d3AF8c', 18, NULL); INSERT INTO common_asset_details(identifier, symbol, coingecko, cryptocompare, forked, started, swapped_for) VALUES('eip155:1/erc20:0x4E9623B7e5b6438542458f5EE828d65c24d3AF8c', 'JYAI', 'jerry-the-turtle-by-matt-furie', 'JYAI', NULL, 1732652795, NULL);
*
INSERT INTO assets(identifier, name, type) VALUES('solana/token:JosjEXh69RckgSs2AWsN1xN8zmiSHxBuJjHLURJnHhg', 'JuliaOS', 'Y'); INSERT INTO solana_tokens(identifier, token_kind, address, decimals, protocol) VALUES('solana/token:JosjEXh69RckgSs2AWsN1xN8zmiSHxBuJjHLURJnHhg', 'D', 'JosjEXh69RckgSs2AWsN1xN8zmiSHxBuJjHLURJnHhg', 6, NULL); INSERT INTO common_asset_details(identifier, symbol, coingecko, cryptocompare, forked, started, swapped_for) VALUES('solana/token:JosjEXh69RckgSs2AWsN1xN8zmiSHxBuJjHLURJnHhg', 'jos', 'juliaos', 'JOS', NULL, 1745415896, NULL);
*
INSERT INTO assets(identifier, name, type) VALUES('eip155:56/erc20:0x3c8D20001FE883934A15c949a3355a65Ca984444', 'Janitor', 'C'); INSERT INTO evm_tokens(identifier, token_kind, chain, address, decimals, protocol) VALUES('eip155:56/erc20:0x3c8D20001FE883934A15c949a3355a65Ca984444', 'A', 56, '0x3c8D20001FE883934A15c949a3355a65Ca984444', 18, NULL); INSERT INTO common_asset_details(identifier, symbol, coingecko, cryptocompare, forked, started, swapped_for) VALUES('eip155:56/erc20:0x3c8D20001FE883934A15c949a3355a65Ca984444', 'Janitor', 'janitor', 'JANITOR', NULL, 1749025742, NULL);
*
INSERT INTO assets(identifier, name, type) VALUES('eip155:1/erc20:0x9E72a0E219cFf0011069ae7b0Da73fA26280f41B', 'Izzy', 'C'); INSERT INTO evm_tokens(identifier, token_kind, chain, address, decimals, protocol) VALUES('eip155:1/erc20:0x9E72a0E219cFf0011069ae7b0Da73fA26280f41B', 'A', 1, '0x9E72a0E219cFf0011069ae7b0Da73fA26280f41B', 9, NULL); INSERT INTO common_asset_details(identifier, symbol, coingecko, cryptocompare, forked, started, swapped_for) VALUES('eip155:1/erc20:0x9E72a0E219cFf0011069ae7b0Da73fA26280f41B', 'IZZY', 'izzy-2', '', NULL, 1747250447, NULL);
*
INSERT INTO assets(identifier, name, type) VALUES('solana/token:ibRLJrmgVuZh3tdDpjGgU5CQCCxpxuer7B7ckjGdLsv', 'IBRL', 'Y'); INSERT INTO solana_tokens(identifier, token_kind, address, decimals, protocol) VALUES('solana/token:ibRLJrmgVuZh3tdDpjGgU5CQCCxpxuer7B7ckjGdLsv', 'D', 'ibRLJrmgVuZh3tdDpjGgU5CQCCxpxuer7B7ckjGdLsv', 6, NULL); INSERT INTO common_asset_details(identifier, symbol, coingecko, cryptocompare, forked, started, swapped_for) VALUES('solana/token:ibRLJrmgVuZh3tdDpjGgU5CQCCxpxuer7B7ckjGdLsv', 'ibrl', 'gavel', '', NULL, 1747836638, NULL);
*
INSERT INTO assets(identifier, name, type) VALUES('solana/token:9wK8yN6iz1ie5kEJkvZCTxyN1x5sTdNfx8yeMY8Ebonk', 'Hosico Cat', 'Y'); INSERT INTO solana_tokens(identifier, token_kind, address, decimals, protocol) VALUES('solana/token:9wK8yN6iz1ie5kEJkvZCTxyN1x5sTdNfx8yeMY8Ebonk', 'D', '9wK8yN6iz1ie5kEJkvZCTxyN1x5sTdNfx8yeMY8Ebonk', 6, NULL); INSERT INTO common_asset_details(identifier, symbol, coingecko, cryptocompare, forked, started, swapped_for) VALUES('solana/token:9wK8yN6iz1ie5kEJkvZCTxyN1x5sTdNfx8yeMY8Ebonk', 'hosico', 'hosico-cat', '', NULL, 1745612599, NULL);
*
INSERT INTO assets(identifier, name, type) VALUES('eip155:8453/erc20:0x14f7358668D61Bf7171dAA877Ea9664906efc4eF', 'Halviora', 'C'); INSERT INTO evm_tokens(identifier, token_kind, chain, address, decimals, protocol) VALUES('eip155:8453/erc20:0x14f7358668D61Bf7171dAA877Ea9664906efc4eF', 'A', 8453, '0x14f7358668D61Bf7171dAA877Ea9664906efc4eF', 6, NULL); INSERT INTO common_asset_details(identifier, symbol, coingecko, cryptocompare, forked, started, swapped_for) VALUES('eip155:8453/erc20:0x14f7358668D61Bf7171dAA877Ea9664906efc4eF', 'Halviora', '', '', NULL, 1751465991, NULL);
*
INSERT INTO assets(identifier, name, type) VALUES('solana/token:31k88G5Mq7ptbRDf3AM13HAq6wRQHXHikR8hik7wPygk', 'Graphite Protocol', 'Y'); INSERT INTO solana_tokens(identifier, token_kind, address, decimals, protocol) VALUES('solana/token:31k88G5Mq7ptbRDf3AM13HAq6wRQHXHikR8hik7wPygk', 'D', '31k88G5Mq7ptbRDf3AM13HAq6wRQHXHikR8hik7wPygk', 9, NULL); INSERT INTO common_asset_details(identifier, symbol, coingecko, cryptocompare, forked, started, swapped_for) VALUES('solana/token:31k88G5Mq7ptbRDf3AM13HAq6wRQHXHikR8hik7wPygk', 'gp', 'graphite-protocol', '', NULL, 1709993454, NULL);
*
INSERT INTO assets(identifier, name, type) VALUES('solana/token:71Jvq4Epe2FCJ7JFSF7jLXdNk1Wy4Bhqd9iL6bEFELvg', 'Gorbagana', 'Y'); INSERT INTO solana_tokens(identifier, token_kind, address, decimals, protocol) VALUES('solana/token:71Jvq4Epe2FCJ7JFSF7jLXdNk1Wy4Bhqd9iL6bEFELvg', 'D', '71Jvq4Epe2FCJ7JFSF7jLXdNk1Wy4Bhqd9iL6bEFELvg', 6, NULL); INSERT INTO common_asset_details(identifier, symbol, coingecko, cryptocompare, forked, started, swapped_for) VALUES('solana/token:71Jvq4Epe2FCJ7JFSF7jLXdNk1Wy4Bhqd9iL6bEFELvg', 'gor', 'gorbagana', 'GOR', NULL, 1750594128, NULL);
*
INSERT INTO assets(identifier, name, type) VALUES('solana/token:ENfpbQUM5xAnNP8ecyEQGFJ6KwbuPjMwv7ZjR29cDuAb', 'gooncoin', 'Y'); INSERT INTO solana_tokens(identifier, token_kind, address, decimals, protocol) VALUES('solana/token:ENfpbQUM5xAnNP8ecyEQGFJ6KwbuPjMwv7ZjR29cDuAb', 'D', 'ENfpbQUM5xAnNP8ecyEQGFJ6KwbuPjMwv7ZjR29cDuAb', 9, NULL); INSERT INTO common_asset_details(identifier, symbol, coingecko, cryptocompare, forked, started, swapped_for) VALUES('solana/token:ENfpbQUM5xAnNP8ecyEQGFJ6KwbuPjMwv7ZjR29cDuAb', 'goonc', 'gooncoin', 'GOONC', NULL, 1747102831, NULL);
*
INSERT INTO assets(identifier, name, type) VALUES('solana/token:6FtbGaqgZzti1TxJksBV4PSya5of9VqA9vJNDxPwbonk', 'gib', 'Y'); INSERT INTO solana_tokens(identifier, token_kind, address, decimals, protocol) VALUES('solana/token:6FtbGaqgZzti1TxJksBV4PSya5of9VqA9vJNDxPwbonk', 'D', '6FtbGaqgZzti1TxJksBV4PSya5of9VqA9vJNDxPwbonk', 6, NULL); INSERT INTO common_asset_details(identifier, symbol, coingecko, cryptocompare, forked, started, swapped_for) VALUES('solana/token:6FtbGaqgZzti1TxJksBV4PSya5of9VqA9vJNDxPwbonk', 'gib', 'gib-3', '', NULL, 1747944186, NULL);
*
INSERT INTO assets(identifier, name, type) VALUES('eip155:1/erc20:0x774eaF7A53471628768dc679dA945847d34b9a55', 'Gasspas', 'C'); INSERT INTO evm_tokens(identifier, token_kind, chain, address, decimals, protocol) VALUES('eip155:1/erc20:0x774eaF7A53471628768dc679dA945847d34b9a55', 'A', 1, '0x774eaF7A53471628768dc679dA945847d34b9a55', 18, NULL); INSERT INTO common_asset_details(identifier, symbol, coingecko, cryptocompare, forked, started, swapped_for) VALUES('eip155:1/erc20:0x774eaF7A53471628768dc679dA945847d34b9a55', 'GASS', 'gasspas', 'GASS', NULL, 1747163699, NULL);
*
INSERT INTO assets(identifier, name, type) VALUES('eip155:1/erc20:0x140007c65535AA9C3801eA3bBd3F83C378C7F457', 'Free Speech', 'C'); INSERT INTO evm_tokens(identifier, token_kind, chain, address, decimals, protocol) VALUES('eip155:1/erc20:0x140007c65535AA9C3801eA3bBd3F83C378C7F457', 'A', 1, '0x140007c65535AA9C3801eA3bBd3F83C378C7F457', 9, NULL); INSERT INTO common_asset_details(identifier, symbol, coingecko, cryptocompare, forked, started, swapped_for) VALUES('eip155:1/erc20:0x140007c65535AA9C3801eA3bBd3F83C378C7F457', '', 'free-speech-2', '', NULL, 1732677551, NULL);
*
INSERT INTO assets(identifier, name, type) VALUES('eip155:56/erc20:0xf4B385849f2e817E92bffBfB9AEb48F950Ff4444', 'EGL1', 'C'); INSERT INTO evm_tokens(identifier, token_kind, chain, address, decimals, protocol) VALUES('eip155:56/erc20:0xf4B385849f2e817E92bffBfB9AEb48F950Ff4444', 'A', 56, '0xf4B385849f2e817E92bffBfB9AEb48F950Ff4444', 18, NULL); INSERT INTO common_asset_details(identifier, symbol, coingecko, cryptocompare, forked, started, swapped_for) VALUES('eip155:56/erc20:0xf4B385849f2e817E92bffBfB9AEb48F950Ff4444', 'EGL1', 'egl1', 'EGL1', NULL, 1749052949, NULL);
*
INSERT INTO assets(identifier, name, type) VALUES('solana/token:81YHAzq9yfptVbNTHiYuMVKVQ6ZNs3XeQFFENnNUpump', 'DMCP', 'Y'); INSERT INTO solana_tokens(identifier, token_kind, address, decimals, protocol) VALUES('solana/token:81YHAzq9yfptVbNTHiYuMVKVQ6ZNs3XeQFFENnNUpump', 'D', '81YHAzq9yfptVbNTHiYuMVKVQ6ZNs3XeQFFENnNUpump', 6, NULL); INSERT INTO common_asset_details(identifier, symbol, coingecko, cryptocompare, forked, started, swapped_for) VALUES('solana/token:81YHAzq9yfptVbNTHiYuMVKVQ6ZNs3XeQFFENnNUpump', 'DMCP', '', '', NULL, 1745424052, NULL);
*
INSERT INTO assets(identifier, name, type) VALUES('solana/token:HRw8mqK8N3ASKFKJGMJpy4FodwR3GKvCFKPDQNqUNuEP', 'TrumpCoin', 'Y'); INSERT INTO solana_tokens(identifier, token_kind, address, decimals, protocol) VALUES('solana/token:HRw8mqK8N3ASKFKJGMJpy4FodwR3GKvCFKPDQNqUNuEP', 'D', 'HRw8mqK8N3ASKFKJGMJpy4FodwR3GKvCFKPDQNqUNuEP', 9, NULL); INSERT INTO common_asset_details(identifier, symbol, coingecko, cryptocompare, forked, started, swapped_for) VALUES('solana/token:HRw8mqK8N3ASKFKJGMJpy4FodwR3GKvCFKPDQNqUNuEP', 'djt', 'trumpcoin', '', NULL, 1713744890, NULL);
*
INSERT INTO assets(identifier, name, type) VALUES('solana/token:FP2XnGpqP5opNZujB6KPpXYWSAwq7BbTUVUnRij1bonk', 'CryBaby', 'Y'); INSERT INTO solana_tokens(identifier, token_kind, address, decimals, protocol) VALUES('solana/token:FP2XnGpqP5opNZujB6KPpXYWSAwq7BbTUVUnRij1bonk', 'D', 'FP2XnGpqP5opNZujB6KPpXYWSAwq7BbTUVUnRij1bonk', 6, NULL); INSERT INTO common_asset_details(identifier, symbol, coingecko, cryptocompare, forked, started, swapped_for) VALUES('solana/token:FP2XnGpqP5opNZujB6KPpXYWSAwq7BbTUVUnRij1bonk', 'CryBB', '', 'CRYBB', NULL, 1749481302, NULL);
*
INSERT INTO assets(identifier, name, type) VALUES('eip155:8453/erc20:0xba12BC7B210E61e5D3110B997A63Ea216e0E18F7', 'Chainbase Token', 'C'); INSERT INTO evm_tokens(identifier, token_kind, chain, address, decimals, protocol) VALUES('eip155:8453/erc20:0xba12BC7B210E61e5D3110B997A63Ea216e0E18F7', 'A', 8453, '0xba12BC7B210E61e5D3110B997A63Ea216e0E18F7', 18, NULL); INSERT INTO common_asset_details(identifier, symbol, coingecko, cryptocompare, forked, started, swapped_for) VALUES('eip155:8453/erc20:0xba12BC7B210E61e5D3110B997A63Ea216e0E18F7', 'C', 'chainbase', 'C', NULL, 1743591769, NULL);
*
INSERT INTO assets(identifier, name, type) VALUES('eip155:56/erc20:0xc32cc70741c3A8433dCbcB5adE071c299B55FfC8', 'Chainbase Token', 'C'); INSERT INTO evm_tokens(identifier, token_kind, chain, address, decimals, protocol) VALUES('eip155:56/erc20:0xc32cc70741c3A8433dCbcB5adE071c299B55FfC8', 'A', 56, '0xc32cc70741c3A8433dCbcB5adE071c299B55FfC8', 18, NULL); INSERT INTO common_asset_details(identifier, symbol, coingecko, cryptocompare, forked, started, swapped_for) VALUES('eip155:56/erc20:0xc32cc70741c3A8433dCbcB5adE071c299B55FfC8', 'C', 'chainbase', 'C', NULL, 1750763311, NULL);
*
INSERT INTO assets(identifier, name, type) VALUES('solana/token:65svCEvM4HdBHXKDxfhjm3yw1A6mKXkdS6HXWXDQTSNA', 'Creator Buddy', 'Y'); INSERT INTO solana_tokens(identifier, token_kind, address, decimals, protocol) VALUES('solana/token:65svCEvM4HdBHXKDxfhjm3yw1A6mKXkdS6HXWXDQTSNA', 'D', '65svCEvM4HdBHXKDxfhjm3yw1A6mKXkdS6HXWXDQTSNA', 9, NULL); INSERT INTO common_asset_details(identifier, symbol, coingecko, cryptocompare, forked, started, swapped_for) VALUES('solana/token:65svCEvM4HdBHXKDxfhjm3yw1A6mKXkdS6HXWXDQTSNA', 'buddy', 'creator-buddy', '', NULL, 1746077224, NULL);
*
INSERT INTO assets(identifier, name, type) VALUES('solana/token:JmMRbLcKgNCu17yHZDAn4strE5NjmWJ4pCeJ7s7boop', 'Boopa', 'Y'); INSERT INTO solana_tokens(identifier, token_kind, address, decimals, protocol) VALUES('solana/token:JmMRbLcKgNCu17yHZDAn4strE5NjmWJ4pCeJ7s7boop', 'D', 'JmMRbLcKgNCu17yHZDAn4strE5NjmWJ4pCeJ7s7boop', 9, NULL); INSERT INTO common_asset_details(identifier, symbol, coingecko, cryptocompare, forked, started, swapped_for) VALUES('solana/token:JmMRbLcKgNCu17yHZDAn4strE5NjmWJ4pCeJ7s7boop', 'boopa', 'boopa', 'BOOPA', NULL, 1746129389, NULL);
*
INSERT INTO assets(identifier, name, type) VALUES('eip155:1/erc20:0x360ee0225CD8ABF0aDf1F97f4c0f4079a4BF41ec', 'Catalyse AI', 'C'); INSERT INTO evm_tokens(identifier, token_kind, chain, address, decimals, protocol) VALUES('eip155:1/erc20:0x360ee0225CD8ABF0aDf1F97f4c0f4079a4BF41ec', 'A', 1, '0x360ee0225CD8ABF0aDf1F97f4c0f4079a4BF41ec', 18, NULL); INSERT INTO common_asset_details(identifier, symbol, coingecko, cryptocompare, forked, started, swapped_for) VALUES('eip155:1/erc20:0x360ee0225CD8ABF0aDf1F97f4c0f4079a4BF41ec', 'CAI', 'catalyse-ai', '', NULL, 1748836319, NULL);
*
INSERT INTO assets(identifier, name, type) VALUES('eip155:1/erc20:0x9BE89D2a4cd102D8Fecc6BF9dA793be995C22541', 'Binance Wrapped BTC', 'C'); INSERT INTO evm_tokens(identifier, token_kind, chain, address, decimals, protocol) VALUES('eip155:1/erc20:0x9BE89D2a4cd102D8Fecc6BF9dA793be995C22541', 'A', 1, '0x9BE89D2a4cd102D8Fecc6BF9dA793be995C22541', 8, NULL); INSERT INTO common_asset_details(identifier, symbol, coingecko, cryptocompare, forked, started, swapped_for) VALUES('eip155:1/erc20:0x9BE89D2a4cd102D8Fecc6BF9dA793be995C22541', 'BBTC', 'binance-wrapped-btc', '', NULL, 1603438751, NULL);
*
INSERT INTO assets(identifier, name, type) VALUES('eip155:42161/erc20:0x96702be57Cd9777f835117a809C7124fe4ec989A', 'Meta xStock', 'C'); INSERT INTO evm_tokens(identifier, token_kind, chain, address, decimals, protocol) VALUES('eip155:42161/erc20:0x96702be57Cd9777f835117a809C7124fe4ec989A', 'A', 42161, '0x96702be57Cd9777f835117a809C7124fe4ec989A', 18, NULL); INSERT INTO common_asset_details(identifier, symbol, coingecko, cryptocompare, forked, started, swapped_for) VALUES('eip155:42161/erc20:0x96702be57Cd9777f835117a809C7124fe4ec989A', 'METAx', 'meta-xstock', '', NULL, 1744143905, NULL);
*
INSERT INTO assets(identifier, name, type) VALUES('eip155:56/erc20:0x96702be57Cd9777f835117a809C7124fe4ec989A', 'Meta xStock', 'C'); INSERT INTO evm_tokens(identifier, token_kind, chain, address, decimals, protocol) VALUES('eip155:56/erc20:0x96702be57Cd9777f835117a809C7124fe4ec989A', 'A', 56, '0x96702be57Cd9777f835117a809C7124fe4ec989A', 18, NULL); INSERT INTO common_asset_details(identifier, symbol, coingecko, cryptocompare, forked, started, swapped_for) VALUES('eip155:56/erc20:0x96702be57Cd9777f835117a809C7124fe4ec989A', 'METAx', 'meta-xstock', 'METAX', NULL, 1744143905, NULL);
*
INSERT INTO assets(identifier, name, type) VALUES('solana/token:Xsa62P5mvPszXL1krVUnU5ar38bBSVcWAB6fmPCo5Zu', 'Meta xStock', 'Y'); INSERT INTO solana_tokens(identifier, token_kind, address, decimals, protocol) VALUES('solana/token:Xsa62P5mvPszXL1krVUnU5ar38bBSVcWAB6fmPCo5Zu', 'D', 'Xsa62P5mvPszXL1krVUnU5ar38bBSVcWAB6fmPCo5Zu', 8, NULL); INSERT INTO common_asset_details(identifier, symbol, coingecko, cryptocompare, forked, started, swapped_for) VALUES('solana/token:Xsa62P5mvPszXL1krVUnU5ar38bBSVcWAB6fmPCo5Zu', 'metax', 'meta-xstock', 'METAX', NULL, 1749740730, NULL);
*
INSERT INTO assets(identifier, name, type) VALUES('eip155:56/erc20:0xA992ffb0C9B753307B9704079c61DB4e405DeFfd', 'Alliance Games', 'C'); INSERT INTO evm_tokens(identifier, token_kind, chain, address, decimals, protocol) VALUES('eip155:56/erc20:0xA992ffb0C9B753307B9704079c61DB4e405DeFfd', 'A', 56, '0xA992ffb0C9B753307B9704079c61DB4e405DeFfd', 18, NULL); INSERT INTO common_asset_details(identifier, symbol, coingecko, cryptocompare, forked, started, swapped_for) VALUES('eip155:56/erc20:0xA992ffb0C9B753307B9704079c61DB4e405DeFfd', 'COA', 'alliance-games', '', NULL, NULL, NULL);
*
INSERT INTO assets(identifier, name, type) VALUES('eip155:8453/erc20:0xA992ffb0C9B753307B9704079c61DB4e405DeFfd', 'Alliance Games', 'C'); INSERT INTO evm_tokens(identifier, token_kind, chain, address, decimals, protocol) VALUES('eip155:8453/erc20:0xA992ffb0C9B753307B9704079c61DB4e405DeFfd', 'A', 8453, '0xA992ffb0C9B753307B9704079c61DB4e405DeFfd', 18, NULL); INSERT INTO common_asset_details(identifier, symbol, coingecko, cryptocompare, forked, started, swapped_for) VALUES('eip155:8453/erc20:0xA992ffb0C9B753307B9704079c61DB4e405DeFfd', 'COA', 'alliance-games', '', NULL, 1751286287, NULL);
*
INSERT INTO assets(identifier, name, type) VALUES('eip155:56/erc20:0x77146784315Ba81904d654466968e3a7c196d1f3', 'Treehouse Token', 'C'); INSERT INTO evm_tokens(identifier, token_kind, chain, address, decimals, protocol) VALUES('eip155:56/erc20:0x77146784315Ba81904d654466968e3a7c196d1f3', 'A', 56, '0x77146784315Ba81904d654466968e3a7c196d1f3', 18, NULL); INSERT INTO common_asset_details(identifier, symbol, coingecko, cryptocompare, forked, started, swapped_for) VALUES('eip155:56/erc20:0x77146784315Ba81904d654466968e3a7c196d1f3', 'TREE', 'treehouse', 'TREE', NULL, 1752802004, NULL);
*
INSERT INTO assets(identifier, name, type) VALUES('eip155:1/erc20:0x77146784315Ba81904d654466968e3a7c196d1f3', 'Treehouse Token', 'C'); INSERT INTO evm_tokens(identifier, token_kind, chain, address, decimals, protocol) VALUES('eip155:1/erc20:0x77146784315Ba81904d654466968e3a7c196d1f3', 'A', 1, '0x77146784315Ba81904d654466968e3a7c196d1f3', 18, NULL); INSERT INTO common_asset_details(identifier, symbol, coingecko, cryptocompare, forked, started, swapped_for) VALUES('eip155:1/erc20:0x77146784315Ba81904d654466968e3a7c196d1f3', 'TREE', 'treehouse', 'TREE', NULL, 1750229315, NULL);
*
INSERT INTO assets(identifier, name, type) VALUES('solana/token:TUNAfXDZEdQizTMTh3uEvNvYqJmqFHZbEJt8joP4cyx', 'DeFituna', 'Y'); INSERT INTO solana_tokens(identifier, token_kind, address, decimals, protocol) VALUES('solana/token:TUNAfXDZEdQizTMTh3uEvNvYqJmqFHZbEJt8joP4cyx', 'D', 'TUNAfXDZEdQizTMTh3uEvNvYqJmqFHZbEJt8joP4cyx', 6, NULL); INSERT INTO common_asset_details(identifier, symbol, coingecko, cryptocompare, forked, started, swapped_for) VALUES('solana/token:TUNAfXDZEdQizTMTh3uEvNvYqJmqFHZbEJt8joP4cyx', 'tuna', 'defituna', '', NULL, 1753297176, NULL);
*
INSERT INTO assets(identifier, name, type) VALUES('eip155:1/erc20:0x6BEF15D938d4E72056AC92Ea4bDD0D76B1C4ad29', 'Succinct', 'C'); INSERT INTO evm_tokens(identifier, token_kind, chain, address, decimals, protocol) VALUES('eip155:1/erc20:0x6BEF15D938d4E72056AC92Ea4bDD0D76B1C4ad29', 'A', 1, '0x6BEF15D938d4E72056AC92Ea4bDD0D76B1C4ad29', 18, NULL); INSERT INTO common_asset_details(identifier, symbol, coingecko, cryptocompare, forked, started, swapped_for) VALUES('eip155:1/erc20:0x6BEF15D938d4E72056AC92Ea4bDD0D76B1C4ad29', 'PROVE', 'succinct', 'PROVE', NULL, 1746559643, NULL);
*
INSERT INTO assets(identifier, name, type) VALUES('eip155:56/erc20:0x7DDf164CEcfddd0f992299D033B5a11279A15929', 'Succinct', 'C'); INSERT INTO evm_tokens(identifier, token_kind, chain, address, decimals, protocol) VALUES('eip155:56/erc20:0x7DDf164CEcfddd0f992299D033B5a11279A15929', 'A', 56, '0x7DDf164CEcfddd0f992299D033B5a11279A15929', 18, NULL); INSERT INTO common_asset_details(identifier, symbol, coingecko, cryptocompare, forked, started, swapped_for) VALUES('eip155:56/erc20:0x7DDf164CEcfddd0f992299D033B5a11279A15929', 'PROVE', 'succinct', 'PROVE', NULL, 1753902048, NULL);
*
INSERT INTO assets(identifier, name, type) VALUES('eip155:1/erc20:0x00869E8e2e0343EDd11314E6ccb0D78d51547EE5', 'SuperGrok', 'C'); INSERT INTO evm_tokens(identifier, token_kind, chain, address, decimals, protocol) VALUES('eip155:1/erc20:0x00869E8e2e0343EDd11314E6ccb0D78d51547EE5', 'A', 1, '0x00869E8e2e0343EDd11314E6ccb0D78d51547EE5', 18, NULL); INSERT INTO common_asset_details(identifier, symbol, coingecko, cryptocompare, forked, started, swapped_for) VALUES('eip155:1/erc20:0x00869E8e2e0343EDd11314E6ccb0D78d51547EE5', 'SUPERGROK', 'supergrok', 'SUPERGROK', NULL, 1752489467, NULL);
*
INSERT INTO assets(identifier, name, type) VALUES('AO', 'ao Computer', 'W'); INSERT INTO common_asset_details(identifier, symbol, coingecko, cryptocompare, forked, started, swapped_for) VALUES('AO', 'AO', 'ao-computer', 'AO', NULL, 1742342400, NULL);
*