INSERT INTO assets(identifier, name, type) VALUES('solana/token:HUMA1821qVDKta3u2ovmfDQeW2fSQouSKE8fkF44wvGw', 'Huma Finance', 'Y'); INSERT INTO solana_tokens(identifier, token_kind, address, decimals, protocol) VALUES('solana/token:HUMA1821qVDKta3u2ovmfDQeW2fSQouSKE8fkF44wvGw', 'D', 'HUMA1821qVDKta3u2ovmfDQeW2fSQouSKE8fkF44wvGw', 6, NULL); INSERT INTO common_asset_details(identifier, symbol, coingecko, cryptocompare, forked, started, swapped_for) VALUES('solana/token:HUMA1821qVDKta3u2ovmfDQeW2fSQouSKE8fkF44wvGw', 'HUMA', 'huma-finance', 'HUMA', NULL, 1742926468, NULL);
*
INSERT INTO assets(identifier, name, type) VALUES('eip155:56/erc20:0x92516e0DDf1dDBF7FAB1b79CaC26689fDC5ba8e6', 'Huma Finance', 'C'); INSERT INTO evm_tokens(identifier, token_kind, chain, address, decimals, protocol) VALUES('eip155:56/erc20:0x92516e0DDf1dDBF7FAB1b79CaC26689fDC5ba8e6', 'A', 56, '0x92516e0DDf1dDBF7FAB1b79CaC26689fDC5ba8e6', 6, NULL); INSERT INTO common_asset_details(identifier, symbol, coingecko, cryptocompare, forked, started, swapped_for) VALUES('eip155:56/erc20:0x92516e0DDf1dDBF7FAB1b79CaC26689fDC5ba8e6', 'HUMA', 'huma-finance', 'HUMA', NULL, 1747893020, NULL);
*
INSERT INTO assets(identifier, name, type) VALUES('eip155:1/erc20:0xD0eC028a3D21533Fdd200838F39c85B03679285D', 'Newton', 'C'); INSERT INTO evm_tokens(identifier, token_kind, chain, address, decimals, protocol) VALUES('eip155:1/erc20:0xD0eC028a3D21533Fdd200838F39c85B03679285D', 'A', 1, '0xD0eC028a3D21533Fdd200838F39c85B03679285D', 18, NULL); INSERT INTO common_asset_details(identifier, symbol, coingecko, cryptocompare, forked, started, swapped_for) VALUES('eip155:1/erc20:0xD0eC028a3D21533Fdd200838F39c85B03679285D', 'NEWT', 'newton-protocol', 'NEWT', NULL, 1737135731, NULL);
*
INSERT INTO assets(identifier, name, type) VALUES('eip155:56/erc20:0xB8A677E6D805c8d743e6f14c8bC9C19305b5deFC', 'Newton', 'C'); INSERT INTO evm_tokens(identifier, token_kind, chain, address, decimals, protocol) VALUES('eip155:56/erc20:0xB8A677E6D805c8d743e6f14c8bC9C19305b5deFC', 'A', 56, '0xB8A677E6D805c8d743e6f14c8bC9C19305b5deFC', 18, NULL); INSERT INTO common_asset_details(identifier, symbol, coingecko, cryptocompare, forked, started, swapped_for) VALUES('eip155:56/erc20:0xB8A677E6D805c8d743e6f14c8bC9C19305b5deFC', 'NEWT', 'newton-protocol', 'NEWT', NULL, 1750615981, NULL);
*
INSERT INTO assets(identifier, name, type) VALUES('eip155:1/erc20:0x259338656198eC7A76c729514D3CB45Dfbf768A1', 'Resolv', 'C'); INSERT INTO evm_tokens(identifier, token_kind, chain, address, decimals, protocol) VALUES('eip155:1/erc20:0x259338656198eC7A76c729514D3CB45Dfbf768A1', 'A', 1, '0x259338656198eC7A76c729514D3CB45Dfbf768A1', 18, NULL); INSERT INTO common_asset_details(identifier, symbol, coingecko, cryptocompare, forked, started, swapped_for) VALUES('eip155:1/erc20:0x259338656198eC7A76c729514D3CB45Dfbf768A1', 'RESOLV', 'resolv', 'RESOLV', NULL, 1742418395, NULL);
*
INSERT INTO assets(identifier, name, type) VALUES('eip155:56/erc20:0xdA6CEF7F667d992A60EB823Ab215493aA0c6b360', 'Resolv', 'C'); INSERT INTO evm_tokens(identifier, token_kind, chain, address, decimals, protocol) VALUES('eip155:56/erc20:0xdA6CEF7F667d992A60EB823Ab215493aA0c6b360', 'A', 56, '0xdA6CEF7F667d992A60EB823Ab215493aA0c6b360', 18, NULL); INSERT INTO common_asset_details(identifier, symbol, coingecko, cryptocompare, forked, started, swapped_for) VALUES('eip155:56/erc20:0xdA6CEF7F667d992A60EB823Ab215493aA0c6b360', 'RESOLV', 'resolv', 'RESOLV', NULL, 1748518157, NULL);
*
INSERT INTO assets(identifier, name, type) VALUES('eip155:1/erc20:0xFDFfB411C4A70AA7C95D5C981a6Fb4Da867e1111', 'Sahara AI', 'C'); INSERT INTO evm_tokens(identifier, token_kind, chain, address, decimals, protocol) VALUES('eip155:1/erc20:0xFDFfB411C4A70AA7C95D5C981a6Fb4Da867e1111', 'A', 1, '0xFDFfB411C4A70AA7C95D5C981a6Fb4Da867e1111', 18, NULL); INSERT INTO common_asset_details(identifier, symbol, coingecko, cryptocompare, forked, started, swapped_for) VALUES('eip155:1/erc20:0xFDFfB411C4A70AA7C95D5C981a6Fb4Da867e1111', 'SAHARA', 'sahara-ai', 'SAHARA', NULL, 1750088819, NULL);
*
INSERT INTO assets(identifier, name, type) VALUES('eip155:56/erc20:0xFDFfB411C4A70AA7C95D5C981a6Fb4Da867e1111', 'Sahara AI', 'C'); INSERT INTO evm_tokens(identifier, token_kind, chain, address, decimals, protocol) VALUES('eip155:56/erc20:0xFDFfB411C4A70AA7C95D5C981a6Fb4Da867e1111', 'A', 56, '0xFDFfB411C4A70AA7C95D5C981a6Fb4Da867e1111', 18, NULL); INSERT INTO common_asset_details(identifier, symbol, coingecko, cryptocompare, forked, started, swapped_for) VALUES('eip155:56/erc20:0xFDFfB411C4A70AA7C95D5C981a6Fb4Da867e1111', 'SAHARA', 'sahara-ai', 'SAHARA', NULL, 1750485565, NULL);
*
INSERT INTO assets(identifier, name, type) VALUES('eip155:1/erc20:0x6B7774CB12ed7573a7586E7D0e62a2A563dDd3f0', 'Sophon', 'C'); INSERT INTO evm_tokens(identifier, token_kind, chain, address, decimals, protocol) VALUES('eip155:1/erc20:0x6B7774CB12ed7573a7586E7D0e62a2A563dDd3f0', 'A', 1, '0x6B7774CB12ed7573a7586E7D0e62a2A563dDd3f0', 18, NULL); INSERT INTO common_asset_details(identifier, symbol, coingecko, cryptocompare, forked, started, swapped_for) VALUES('eip155:1/erc20:0x6B7774CB12ed7573a7586E7D0e62a2A563dDd3f0', 'SOPH', 'sophon', 'SOPH', NULL, 1729001015, NULL);
*
INSERT INTO assets(identifier, name, type) VALUES('eip155:56/erc20:0x31DbA3c96481FDe3CD81C2aaF51F2D8bf618C742', 'Sophon', 'C'); INSERT INTO evm_tokens(identifier, token_kind, chain, address, decimals, protocol) VALUES('eip155:56/erc20:0x31DbA3c96481FDe3CD81C2aaF51F2D8bf618C742', 'A', 56, '0x31DbA3c96481FDe3CD81C2aaF51F2D8bf618C742', 18, NULL); INSERT INTO common_asset_details(identifier, symbol, coingecko, cryptocompare, forked, started, swapped_for) VALUES('eip155:56/erc20:0x31DbA3c96481FDe3CD81C2aaF51F2D8bf618C742', 'SOPH', 'sophon', 'SOPH', NULL, 1748277909, NULL);
*
INSERT INTO assets(identifier, name, type) VALUES('eip155:8453/erc20:0x31DbA3c96481FDe3CD81C2aaF51F2D8bf618C742', 'Sophon', 'C'); INSERT INTO evm_tokens(identifier, token_kind, chain, address, decimals, protocol) VALUES('eip155:8453/erc20:0x31DbA3c96481FDe3CD81C2aaF51F2D8bf618C742', 'A', 8453, '0x31DbA3c96481FDe3CD81C2aaF51F2D8bf618C742', 18, NULL); INSERT INTO common_asset_details(identifier, symbol, coingecko, cryptocompare, forked, started, swapped_for) VALUES('eip155:8453/erc20:0x31DbA3c96481FDe3CD81C2aaF51F2D8bf618C742', 'SOPH', 'sophon', 'SOPH', NULL, 1748277909, NULL);
*
INSERT INTO assets(identifier, name, type) VALUES('eip155:42161/erc20:0x31DbA3c96481FDe3CD81C2aaF51F2D8bf618C742', 'Sophon', 'C'); INSERT INTO evm_tokens(identifier, token_kind, chain, address, decimals, protocol) VALUES('eip155:42161/erc20:0x31DbA3c96481FDe3CD81C2aaF51F2D8bf618C742', 'A', 42161, '0x31DbA3c96481FDe3CD81C2aaF51F2D8bf618C742', 18, NULL); INSERT INTO common_asset_details(identifier, symbol, coingecko, cryptocompare, forked, started, swapped_for) VALUES('eip155:42161/erc20:0x31DbA3c96481FDe3CD81C2aaF51F2D8bf618C742', 'SOPH', 'sophon', 'SOPH', NULL, 1748277906, NULL);
*
INSERT INTO assets(identifier, name, type) VALUES('eip155:137/erc20:0xEb971Fd26783f32694dbB392dD7289de23109148', 'Sophon', 'C'); INSERT INTO evm_tokens(identifier, token_kind, chain, address, decimals, protocol) VALUES('eip155:137/erc20:0xEb971Fd26783f32694dbB392dD7289de23109148', 'A', 137, '0xEb971Fd26783f32694dbB392dD7289de23109148', 18, NULL); INSERT INTO common_asset_details(identifier, symbol, coingecko, cryptocompare, forked, started, swapped_for) VALUES('eip155:137/erc20:0xEb971Fd26783f32694dbB392dD7289de23109148', 'SOPH', 'sophon', 'SOPH', NULL, 1748278793, NULL);
*
INSERT INTO assets(identifier, name, type) VALUES('eip155:1/erc20:0xc20059e0317DE91738d13af027DfC4a50781b066', 'Spark', 'C'); INSERT INTO evm_tokens(identifier, token_kind, chain, address, decimals, protocol) VALUES('eip155:1/erc20:0xc20059e0317DE91738d13af027DfC4a50781b066', 'A', 1, '0xc20059e0317DE91738d13af027DfC4a50781b066', 18, NULL); INSERT INTO common_asset_details(identifier, symbol, coingecko, cryptocompare, forked, started, swapped_for) VALUES('eip155:1/erc20:0xc20059e0317DE91738d13af027DfC4a50781b066', 'SPK', 'spark-2', 'SPK', NULL, 1730145455, NULL);
*
INSERT INTO assets(identifier, name, type) VALUES('eip155:1/erc20:0x0fc2a55d5BD13033f1ee0cdd11f60F7eFe66f467', 'Lagrange', 'C'); INSERT INTO evm_tokens(identifier, token_kind, chain, address, decimals, protocol) VALUES('eip155:1/erc20:0x0fc2a55d5BD13033f1ee0cdd11f60F7eFe66f467', 'A', 1, '0x0fc2a55d5BD13033f1ee0cdd11f60F7eFe66f467', 18, NULL); INSERT INTO common_asset_details(identifier, symbol, coingecko, cryptocompare, forked, started, swapped_for) VALUES('eip155:1/erc20:0x0fc2a55d5BD13033f1ee0cdd11f60F7eFe66f467', 'LA', 'lagrange', 'LA', NULL, 1744231355, NULL);
*
INSERT INTO assets(identifier, name, type) VALUES('XO', 'Xociety', 'W'); INSERT INTO common_asset_details(identifier, symbol, coingecko, cryptocompare, forked, started, swapped_for) VALUES('XO', 'XO', 'xociety', '', NULL, 1748245560, NULL);
*
INSERT INTO assets(identifier, name, type) VALUES('eip155:56/erc20:0x7e975D85714B11d862C7cFFEe3C88d565a139Eb7', 'Bombie', 'C'); INSERT INTO evm_tokens(identifier, token_kind, chain, address, decimals, protocol) VALUES('eip155:56/erc20:0x7e975D85714B11d862C7cFFEe3C88d565a139Eb7', 'A', 56, '0x7e975D85714B11d862C7cFFEe3C88d565a139Eb7', 18, NULL); INSERT INTO common_asset_details(identifier, symbol, coingecko, cryptocompare, forked, started, swapped_for) VALUES('eip155:56/erc20:0x7e975D85714B11d862C7cFFEe3C88d565a139Eb7', 'BOMB', 'bombie', '', NULL, 1748391490, NULL);
*
INSERT INTO assets(identifier, name, type) VALUES('solana/token:CrYe4JBe5PFRvPHmfZD8PMU2aGhScfrZ56ozhpS1dvh8', 'BitBrawl', 'Y'); INSERT INTO solana_tokens(identifier, token_kind, address, decimals, protocol) VALUES('solana/token:CrYe4JBe5PFRvPHmfZD8PMU2aGhScfrZ56ozhpS1dvh8', 'D', 'CrYe4JBe5PFRvPHmfZD8PMU2aGhScfrZ56ozhpS1dvh8', 9, NULL); INSERT INTO common_asset_details(identifier, symbol, coingecko, cryptocompare, forked, started, swapped_for) VALUES('solana/token:CrYe4JBe5PFRvPHmfZD8PMU2aGhScfrZ56ozhpS1dvh8', 'BRAWL', '', 'BRAWL', NULL, 1711786777, NULL);
*
INSERT INTO assets(identifier, name, type) VALUES('eip155:42161/erc20:0x9d275685dC284C8eB1C79f6ABA7a63Dc75ec890a', 'Apple xStock', 'C'); INSERT INTO evm_tokens(identifier, token_kind, chain, address, decimals, protocol) VALUES('eip155:42161/erc20:0x9d275685dC284C8eB1C79f6ABA7a63Dc75ec890a', 'A', 42161, '0x9d275685dC284C8eB1C79f6ABA7a63Dc75ec890a', 18, NULL); INSERT INTO common_asset_details(identifier, symbol, coingecko, cryptocompare, forked, started, swapped_for) VALUES('eip155:42161/erc20:0x9d275685dC284C8eB1C79f6ABA7a63Dc75ec890a', 'AAPLx', 'apple-xstock', 'AAPLX', NULL, 1744143651, NULL);
*
INSERT INTO assets(identifier, name, type) VALUES('eip155:56/erc20:0xB7C0007ab75350c582d5eAb1862b872B5cF53F0C', 'pumpBTC Governance token', 'C'); INSERT INTO evm_tokens(identifier, token_kind, chain, address, decimals, protocol) VALUES('eip155:56/erc20:0xB7C0007ab75350c582d5eAb1862b872B5cF53F0C', 'A', 56, '0xB7C0007ab75350c582d5eAb1862b872B5cF53F0C', 18, NULL); INSERT INTO common_asset_details(identifier, symbol, coingecko, cryptocompare, forked, started, swapped_for) VALUES('eip155:56/erc20:0xB7C0007ab75350c582d5eAb1862b872B5cF53F0C', 'PUMP', 'pumpbtc-2', '', NULL, 1742969936, NULL);
*
INSERT INTO assets(identifier, name, type) VALUES('eip155:56/erc20:0xC1353D3Ee02FDbd4f65F92EEe543cfd709049CB1', 'CUDIS', 'C'); INSERT INTO evm_tokens(identifier, token_kind, chain, address, decimals, protocol) VALUES('eip155:56/erc20:0xC1353D3Ee02FDbd4f65F92EEe543cfd709049CB1', 'A', 56, '0xC1353D3Ee02FDbd4f65F92EEe543cfd709049CB1', 18, NULL); INSERT INTO common_asset_details(identifier, symbol, coingecko, cryptocompare, forked, started, swapped_for) VALUES('eip155:56/erc20:0xC1353D3Ee02FDbd4f65F92EEe543cfd709049CB1', 'CUDIS', 'cudis', 'CUDIS', NULL, 1747973231, NULL);
*
INSERT INTO assets(identifier, name, type) VALUES('eip155:1/erc20:0xBdBDBDd0c22888E63CB9098aD6D68439197CB091', 'Bondex Token', 'C'); INSERT INTO evm_tokens(identifier, token_kind, chain, address, decimals, protocol) VALUES('eip155:1/erc20:0xBdBDBDd0c22888E63CB9098aD6D68439197CB091', 'A', 1, '0xBdBDBDd0c22888E63CB9098aD6D68439197CB091', 18, NULL); INSERT INTO common_asset_details(identifier, symbol, coingecko, cryptocompare, forked, started, swapped_for) VALUES('eip155:1/erc20:0xBdBDBDd0c22888E63CB9098aD6D68439197CB091', 'BDXN', 'bondex', 'BDXN', NULL, 1711544255, NULL);
*
INSERT INTO assets(identifier, name, type) VALUES('eip155:56/erc20:0x799a290F9CC4085a0ce5b42b5F2C30193A7a872B', 'Elderglade', 'C'); INSERT INTO evm_tokens(identifier, token_kind, chain, address, decimals, protocol) VALUES('eip155:56/erc20:0x799a290F9CC4085a0ce5b42b5F2C30193A7a872B', 'A', 56, '0x799a290F9CC4085a0ce5b42b5F2C30193A7a872B', 18, NULL); INSERT INTO common_asset_details(identifier, symbol, coingecko, cryptocompare, forked, started, swapped_for) VALUES('eip155:56/erc20:0x799a290F9CC4085a0ce5b42b5F2C30193A7a872B', 'ELDE', 'elderglade', 'ELDE', NULL, 1745437322, NULL);
*
INSERT INTO assets(identifier, name, type) VALUES('solana/token:FRAGMEWj2z65qM62zqKhNtwNFskdfKs4ekDUDX3b4VD5', 'Fragmetric', 'Y'); INSERT INTO solana_tokens(identifier, token_kind, address, decimals, protocol) VALUES('solana/token:FRAGMEWj2z65qM62zqKhNtwNFskdfKs4ekDUDX3b4VD5', 'D', 'FRAGMEWj2z65qM62zqKhNtwNFskdfKs4ekDUDX3b4VD5', 9, NULL); INSERT INTO common_asset_details(identifier, symbol, coingecko, cryptocompare, forked, started, swapped_for) VALUES('solana/token:FRAGMEWj2z65qM62zqKhNtwNFskdfKs4ekDUDX3b4VD5', 'FRAG', 'fragmetric', '', NULL, 1750054872, NULL);
*
INSERT INTO assets(identifier, name, type) VALUES('eip155:42161/erc20:0xc845b2894dBddd03858fd2D643B4eF725fE0849d', 'NVIDIA xStock', 'C'); INSERT INTO evm_tokens(identifier, token_kind, chain, address, decimals, protocol) VALUES('eip155:42161/erc20:0xc845b2894dBddd03858fd2D643B4eF725fE0849d', 'A', 42161, '0xc845b2894dBddd03858fd2D643B4eF725fE0849d', 18, NULL); INSERT INTO common_asset_details(identifier, symbol, coingecko, cryptocompare, forked, started, swapped_for) VALUES('eip155:42161/erc20:0xc845b2894dBddd03858fd2D643B4eF725fE0849d', 'NVDAx', 'nvidia-xstock', 'NVDAX', NULL, 1744143834, NULL);
*
INSERT INTO assets(identifier, name, type) VALUES('eip155:1/erc20:0x61DBbBb552dc893ab3aAd09F289f811E67cEf285', 'Skate', 'C'); INSERT INTO evm_tokens(identifier, token_kind, chain, address, decimals, protocol) VALUES('eip155:1/erc20:0x61DBbBb552dc893ab3aAd09F289f811E67cEf285', 'A', 1, '0x61DBbBb552dc893ab3aAd09F289f811E67cEf285', 18, NULL); INSERT INTO common_asset_details(identifier, symbol, coingecko, cryptocompare, forked, started, swapped_for) VALUES('eip155:1/erc20:0x61DBbBb552dc893ab3aAd09F289f811E67cEf285', 'SKATE', 'skate', 'SKATE', NULL, 1748268179, NULL);
*
INSERT INTO assets(identifier, name, type) VALUES('eip155:56/erc20:0x61DBbBb552dc893ab3aAd09F289f811E67cEf285', 'Skate', 'C'); INSERT INTO evm_tokens(identifier, token_kind, chain, address, decimals, protocol) VALUES('eip155:56/erc20:0x61DBbBb552dc893ab3aAd09F289f811E67cEf285', 'A', 56, '0x61DBbBb552dc893ab3aAd09F289f811E67cEf285', 18, NULL); INSERT INTO common_asset_details(identifier, symbol, coingecko, cryptocompare, forked, started, swapped_for) VALUES('eip155:56/erc20:0x61DBbBb552dc893ab3aAd09F289f811E67cEf285', 'SKATE', 'skate', 'SKATE', NULL, 1748268697, NULL);
*
INSERT INTO assets(identifier, name, type) VALUES('eip155:42161/erc20:0x61DBbBb552dc893ab3aAd09F289f811E67cEf285', 'Skate', 'C'); INSERT INTO evm_tokens(identifier, token_kind, chain, address, decimals, protocol) VALUES('eip155:42161/erc20:0x61DBbBb552dc893ab3aAd09F289f811E67cEf285', 'A', 42161, '0x61DBbBb552dc893ab3aAd09F289f811E67cEf285', 18, NULL); INSERT INTO common_asset_details(identifier, symbol, coingecko, cryptocompare, forked, started, swapped_for) VALUES('eip155:42161/erc20:0x61DBbBb552dc893ab3aAd09F289f811E67cEf285', 'SKATE', 'skate', 'SKATE', NULL, 1749279608, NULL);
*
INSERT INTO assets(identifier, name, type) VALUES('solana/token:9v6BKHg8WWKBPTGqLFQz87RxyaHHDygx8SnZEbBFmns2', 'Skate', 'Y'); INSERT INTO solana_tokens(identifier, token_kind, address, decimals, protocol) VALUES('solana/token:9v6BKHg8WWKBPTGqLFQz87RxyaHHDygx8SnZEbBFmns2', 'D', '9v6BKHg8WWKBPTGqLFQz87RxyaHHDygx8SnZEbBFmns2', 9, NULL); INSERT INTO common_asset_details(identifier, symbol, coingecko, cryptocompare, forked, started, swapped_for) VALUES('solana/token:9v6BKHg8WWKBPTGqLFQz87RxyaHHDygx8SnZEbBFmns2', 'SKATE', 'skate', 'SKATE', NULL, 1748267048, NULL);
*
INSERT INTO assets(identifier, name, type) VALUES('eip155:42161/erc20:0xfEbDEd1B0986a8ee107f5AB1a1c5a813491DeCEB', 'Circle xStock', 'C'); INSERT INTO evm_tokens(identifier, token_kind, chain, address, decimals, protocol) VALUES('eip155:42161/erc20:0xfEbDEd1B0986a8ee107f5AB1a1c5a813491DeCEB', 'A', 42161, '0xfEbDEd1B0986a8ee107f5AB1a1c5a813491DeCEB', 18, NULL); INSERT INTO common_asset_details(identifier, symbol, coingecko, cryptocompare, forked, started, swapped_for) VALUES('eip155:42161/erc20:0xfEbDEd1B0986a8ee107f5AB1a1c5a813491DeCEB', 'CRCLx', 'circle-xstock', 'CRCLX', NULL, 1749635648, NULL);
*
INSERT INTO assets(identifier, name, type) VALUES('eip155:42161/erc20:0x364f210f430eC2448Fc68A49203040F6124096F0', 'Coinbase xStock', 'C'); INSERT INTO evm_tokens(identifier, token_kind, chain, address, decimals, protocol) VALUES('eip155:42161/erc20:0x364f210f430eC2448Fc68A49203040F6124096F0', 'A', 42161, '0x364f210f430eC2448Fc68A49203040F6124096F0', 18, NULL); INSERT INTO common_asset_details(identifier, symbol, coingecko, cryptocompare, forked, started, swapped_for) VALUES('eip155:42161/erc20:0x364f210f430eC2448Fc68A49203040F6124096F0', 'COINx', 'coinbase-xstock', 'COINX', NULL, 1744144985, NULL);
*
INSERT INTO assets(identifier, name, type) VALUES('AO', 'ao Computer', 'B'); INSERT INTO common_asset_details(identifier, symbol, coingecko, cryptocompare, forked, started, swapped_for) VALUES('AO', 'AO', 'ao-computer', 'AO', NULL, 1742342400, NULL);
*
INSERT INTO assets(identifier, name, type) VALUES('solana/token:ASRRjA1R4RHVk5H9QKKm1jaQqMkxvv6nh5EypPrvwmxQ', 'Assisterr AI', 'Y'); INSERT INTO solana_tokens(identifier, token_kind, address, decimals, protocol) VALUES('solana/token:ASRRjA1R4RHVk5H9QKKm1jaQqMkxvv6nh5EypPrvwmxQ', 'D', 'ASRRjA1R4RHVk5H9QKKm1jaQqMkxvv6nh5EypPrvwmxQ', 9, NULL); INSERT INTO common_asset_details(identifier, symbol, coingecko, cryptocompare, forked, started, swapped_for) VALUES('solana/token:ASRRjA1R4RHVk5H9QKKm1jaQqMkxvv6nh5EypPrvwmxQ', 'ASRR', 'assisterr-ai', 'ASRR', NULL, 1748161406, NULL);
*