INSERT INTO assets(identifier, name, type) VALUES("eip155:10/erc20:0xeF4461891DfB3AC8572cCf7C794664A8DD927945", "WalletConnect Token", "C"); INSERT INTO evm_tokens(identifier, token_kind, chain, address, decimals, protocol) VALUES("eip155:10/erc20:0xeF4461891DfB3AC8572cCf7C794664A8DD927945", "A", 10, "0xeF4461891DfB3AC8572cCf7C794664A8DD927945", 18, NULL); INSERT INTO common_asset_details(identifier, symbol, coingecko, cryptocompare, forked, started, swapped_for) VALUES("eip155:10/erc20:0xeF4461891DfB3AC8572cCf7C794664A8DD927945", "WCT", "connect-token-wct", "", NULL, 1730159521, NULL);
*
INSERT INTO assets(identifier, name, type) VALUES("eip155:42161/erc20:0xcbB7C0000aB88B473b1f5aFd9ef808440eed33Bf", "Coinbase Wrapped BTC", "C"); INSERT INTO evm_tokens(identifier, token_kind, chain, address, decimals, protocol) VALUES("eip155:42161/erc20:0xcbB7C0000aB88B473b1f5aFd9ef808440eed33Bf", "A", 42161, "0xcbB7C0000aB88B473b1f5aFd9ef808440eed33Bf", 8, ""); INSERT INTO common_asset_details(identifier, symbol, coingecko, cryptocompare, forked, started, swapped_for) VALUES("eip155:42161/erc20:0xcbB7C0000aB88B473b1f5aFd9ef808440eed33Bf", "cbBTC", "coinbase-wrapped-btc", "", NULL, 1731094732, NULL);
*
INSERT INTO assets(identifier, name, type) VALUES("eip155:1/erc20:0x58D97B57BB95320F9a05dC918Aef65434969c2B2", "Morpho", "C"); INSERT INTO evm_tokens(identifier, token_kind, chain, address, decimals, protocol) VALUES("eip155:1/erc20:0x58D97B57BB95320F9a05dC918Aef65434969c2B2", "A", 1, "0x58D97B57BB95320F9a05dC918Aef65434969c2B2", 8, ""); INSERT INTO common_asset_details(identifier, symbol, coingecko, cryptocompare, forked, started, swapped_for) VALUES("eip155:1/erc20:0x58D97B57BB95320F9a05dC918Aef65434969c2B2", "MORPHO", "morpho", "MORPHO", NULL, 1731243119, NULL);
*
INSERT INTO assets(identifier, name, type) VALUES("eip155:8453/erc20:0xBAa5CC21fd487B8Fcc2F632f3F4E8D37262a0842", "Morpho", "C"); INSERT INTO evm_tokens(identifier, token_kind, chain, address, decimals, protocol) VALUES("eip155:8453/erc20:0xBAa5CC21fd487B8Fcc2F632f3F4E8D37262a0842", "A", 8453, "0xBAa5CC21fd487B8Fcc2F632f3F4E8D37262a0842", 8, ""); INSERT INTO common_asset_details(identifier, symbol, coingecko, cryptocompare, forked, started, swapped_for) VALUES("eip155:8453/erc20:0xBAa5CC21fd487B8Fcc2F632f3F4E8D37262a0842", "MORPHO", "morpho", "MORPHO", NULL, 1731249905, NULL);
*
UPDATE evm_tokens SET protocol="giveth" WHERE identifier="eip155:10/erc20:0x528CDc92eAB044E1E39FE43B9514bfdAB4412B98";
INSERT INTO assets(identifier, name, type) VALUES("eip155:10/erc20:0x528CDc92eAB044E1E39FE43B9514bfdAB4412B98", "Giveth Token", "C"); INSERT INTO evm_tokens(identifier, token_kind, chain, address, decimals, protocol) VALUES("eip155:10/erc20:0x528CDc92eAB044E1E39FE43B9514bfdAB4412B98", "A", 10, "0x528CDc92eAB044E1E39FE43B9514bfdAB4412B98", 18, "giveth"); INSERT INTO common_asset_details(identifier, symbol, coingecko, cryptocompare, forked, started, swapped_for) VALUES("eip155:10/erc20:0x528CDc92eAB044E1E39FE43B9514bfdAB4412B98", "GIV", "giveth", "GIV", NULL, 1715000015, NULL);
UPDATE evm_tokens SET protocol="giveth" WHERE identifier="eip155:100/erc20:0x4f4F9b8D5B4d0Dc10506e5551B0513B61fD59e75";
INSERT INTO assets(identifier, name, type) VALUES("eip155:100/erc20:0x4f4F9b8D5B4d0Dc10506e5551B0513B61fD59e75", "Giveth from Mainnet", "C"); INSERT INTO evm_tokens(identifier, token_kind, chain, address, decimals, protocol) VALUES("eip155:100/erc20:0x4f4F9b8D5B4d0Dc10506e5551B0513B61fD59e75", "A", 100, "0x4f4F9b8D5B4d0Dc10506e5551B0513B61fD59e75", 18, "giveth"); INSERT INTO common_asset_details(identifier, symbol, coingecko, cryptocompare, forked, started, swapped_for) VALUES("eip155:100/erc20:0x4f4F9b8D5B4d0Dc10506e5551B0513B61fD59e75", "GIV", "giveth", "GIV", NULL, 1639667545, NULL);
UPDATE evm_tokens SET protocol="giveth" WHERE identifier="eip155:1/erc20:0x900dB999074d9277c5DA2A43F252D74366230DA0";
INSERT INTO assets(identifier, name, type) VALUES("eip155:1/erc20:0x900dB999074d9277c5DA2A43F252D74366230DA0", "Giveth", "C"); INSERT INTO evm_tokens(identifier, token_kind, chain, address, decimals, protocol) VALUES("eip155:1/erc20:0x900dB999074d9277c5DA2A43F252D74366230DA0", "A", 1, "0x900dB999074d9277c5DA2A43F252D74366230DA0", 18, "giveth"); INSERT INTO common_asset_details(identifier, symbol, coingecko, cryptocompare, forked, started, swapped_for) VALUES("eip155:1/erc20:0x900dB999074d9277c5DA2A43F252D74366230DA0", "GIV", "giveth", "GIV", NULL, 1639666178, NULL);
INSERT INTO assets(identifier, name, type) VALUES("eip155:10/erc20:0x301C739CF6bfb6B47A74878BdEB13f92F13Ae5E7", "GIVpower", "C"); INSERT INTO evm_tokens(identifier, token_kind, chain, address, decimals, protocol) VALUES("eip155:10/erc20:0x301C739CF6bfb6B47A74878BdEB13f92F13Ae5E7", "A", 10, "0x301C739CF6bfb6B47A74878BdEB13f92F13Ae5E7", 18, "giveth"); INSERT INTO common_asset_details(identifier, symbol, coingecko, cryptocompare, forked, started, swapped_for) VALUES("eip155:10/erc20:0x301C739CF6bfb6B47A74878BdEB13f92F13Ae5E7", "POW", NULL, NULL, NULL, 1692298965, NULL); INSERT INTO underlying_tokens_list(identifier, parent_token_entry, weight) VALUES ("eip155:10/erc20:0x528CDc92eAB044E1E39FE43B9514bfdAB4412B98", "eip155:10/erc20:0x301C739CF6bfb6B47A74878BdEB13f92F13Ae5E7", "1.0");
*