INSERT INTO assets(identifier, name, type) VALUES("eip155:10/erc20:0xeF4461891DfB3AC8572cCf7C794664A8DD927945", "WalletConnect Token", "C"); INSERT INTO evm_tokens(identifier, token_kind, chain, address, decimals, protocol) VALUES("eip155:10/erc20:0xeF4461891DfB3AC8572cCf7C794664A8DD927945", "A", 10, "0xeF4461891DfB3AC8572cCf7C794664A8DD927945", 18, NULL); INSERT INTO common_asset_details(identifier, symbol, coingecko, cryptocompare, forked, started, swapped_for) VALUES("eip155:10/erc20:0xeF4461891DfB3AC8572cCf7C794664A8DD927945", "WCT", "connect-token-wct", "", NULL, 1730159521, NULL);
*
INSERT INTO assets(identifier, name, type) VALUES("eip155:42161/erc20:0xcbB7C0000aB88B473b1f5aFd9ef808440eed33Bf", "Coinbase Wrapped BTC", "C"); INSERT INTO evm_tokens(identifier, token_kind, chain, address, decimals, protocol) VALUES("eip155:42161/erc20:0xcbB7C0000aB88B473b1f5aFd9ef808440eed33Bf", "A", 42161, "0xcbB7C0000aB88B473b1f5aFd9ef808440eed33Bf", 8, ""); INSERT INTO common_asset_details(identifier, symbol, coingecko, cryptocompare, forked, started, swapped_for) VALUES("eip155:42161/erc20:0xcbB7C0000aB88B473b1f5aFd9ef808440eed33Bf", "cbBTC", "coinbase-wrapped-btc", "", NULL, 1731094732, NULL);
*
INSERT INTO assets(identifier, name, type) VALUES("eip155:1/erc20:0x58D97B57BB95320F9a05dC918Aef65434969c2B2", "Morpho", "C"); INSERT INTO evm_tokens(identifier, token_kind, chain, address, decimals, protocol) VALUES("eip155:1/erc20:0x58D97B57BB95320F9a05dC918Aef65434969c2B2", "A", 1, "0x58D97B57BB95320F9a05dC918Aef65434969c2B2", 8, ""); INSERT INTO common_asset_details(identifier, symbol, coingecko, cryptocompare, forked, started, swapped_for) VALUES("eip155:1/erc20:0x58D97B57BB95320F9a05dC918Aef65434969c2B2", "MORPHO", "morpho", "MORPHO", NULL, 1731243119, NULL);
*
INSERT INTO assets(identifier, name, type) VALUES("eip155:8453/erc20:0xBAa5CC21fd487B8Fcc2F632f3F4E8D37262a0842", "Morpho", "C"); INSERT INTO evm_tokens(identifier, token_kind, chain, address, decimals, protocol) VALUES("eip155:8453/erc20:0xBAa5CC21fd487B8Fcc2F632f3F4E8D37262a0842", "A", 8453, "0xBAa5CC21fd487B8Fcc2F632f3F4E8D37262a0842", 8, ""); INSERT INTO common_asset_details(identifier, symbol, coingecko, cryptocompare, forked, started, swapped_for) VALUES("eip155:8453/erc20:0xBAa5CC21fd487B8Fcc2F632f3F4E8D37262a0842", "MORPHO", "morpho", "MORPHO", NULL, 1731249905, NULL);
*
UPDATE evm_tokens SET protocol="giveth" WHERE identifier="eip155:10/erc20:0x528CDc92eAB044E1E39FE43B9514bfdAB4412B98";
INSERT INTO assets(identifier, name, type) VALUES("eip155:10/erc20:0x528CDc92eAB044E1E39FE43B9514bfdAB4412B98", "Giveth Token", "C"); INSERT INTO evm_tokens(identifier, token_kind, chain, address, decimals, protocol) VALUES("eip155:10/erc20:0x528CDc92eAB044E1E39FE43B9514bfdAB4412B98", "A", 10, "0x528CDc92eAB044E1E39FE43B9514bfdAB4412B98", 18, "giveth"); INSERT INTO common_asset_details(identifier, symbol, coingecko, cryptocompare, forked, started, swapped_for) VALUES("eip155:10/erc20:0x528CDc92eAB044E1E39FE43B9514bfdAB4412B98", "GIV", "giveth", "GIV", NULL, 1715000015, NULL);
UPDATE evm_tokens SET protocol="giveth" WHERE identifier="eip155:100/erc20:0x4f4F9b8D5B4d0Dc10506e5551B0513B61fD59e75";
INSERT INTO assets(identifier, name, type) VALUES("eip155:100/erc20:0x4f4F9b8D5B4d0Dc10506e5551B0513B61fD59e75", "Giveth from Mainnet", "C"); INSERT INTO evm_tokens(identifier, token_kind, chain, address, decimals, protocol) VALUES("eip155:100/erc20:0x4f4F9b8D5B4d0Dc10506e5551B0513B61fD59e75", "A", 100, "0x4f4F9b8D5B4d0Dc10506e5551B0513B61fD59e75", 18, "giveth"); INSERT INTO common_asset_details(identifier, symbol, coingecko, cryptocompare, forked, started, swapped_for) VALUES("eip155:100/erc20:0x4f4F9b8D5B4d0Dc10506e5551B0513B61fD59e75", "GIV", "giveth", "GIV", NULL, 1639667545, NULL);
UPDATE evm_tokens SET protocol="giveth" WHERE identifier="eip155:1/erc20:0x900dB999074d9277c5DA2A43F252D74366230DA0";
INSERT INTO assets(identifier, name, type) VALUES("eip155:1/erc20:0x900dB999074d9277c5DA2A43F252D74366230DA0", "Giveth", "C"); INSERT INTO evm_tokens(identifier, token_kind, chain, address, decimals, protocol) VALUES("eip155:1/erc20:0x900dB999074d9277c5DA2A43F252D74366230DA0", "A", 1, "0x900dB999074d9277c5DA2A43F252D74366230DA0", 18, "giveth"); INSERT INTO common_asset_details(identifier, symbol, coingecko, cryptocompare, forked, started, swapped_for) VALUES("eip155:1/erc20:0x900dB999074d9277c5DA2A43F252D74366230DA0", "GIV", "giveth", "GIV", NULL, 1639666178, NULL);
INSERT INTO assets(identifier, name, type) VALUES("eip155:10/erc20:0x301C739CF6bfb6B47A74878BdEB13f92F13Ae5E7", "GIVpower", "C"); INSERT INTO evm_tokens(identifier, token_kind, chain, address, decimals, protocol) VALUES("eip155:10/erc20:0x301C739CF6bfb6B47A74878BdEB13f92F13Ae5E7", "A", 10, "0x301C739CF6bfb6B47A74878BdEB13f92F13Ae5E7", 18, "giveth"); INSERT INTO common_asset_details(identifier, symbol, coingecko, cryptocompare, forked, started, swapped_for) VALUES("eip155:10/erc20:0x301C739CF6bfb6B47A74878BdEB13f92F13Ae5E7", "POW", NULL, NULL, NULL, 1692298965, NULL); INSERT INTO underlying_tokens_list(identifier, parent_token_entry, weight) VALUES ("eip155:10/erc20:0x528CDc92eAB044E1E39FE43B9514bfdAB4412B98", "eip155:10/erc20:0x301C739CF6bfb6B47A74878BdEB13f92F13Ae5E7", "1.0");
*
INSERT INTO assets(identifier, name, type) VALUES("eip155:100/erc20:0xD93d3bDBa18ebcB3317a57119ea44ed2Cf41C2F2", "GIVpower", "C"); INSERT INTO evm_tokens(identifier, token_kind, chain, address, decimals, protocol) VALUES("eip155:100/erc20:0xD93d3bDBa18ebcB3317a57119ea44ed2Cf41C2F2", "A", 100, "0xD93d3bDBa18ebcB3317a57119ea44ed2Cf41C2F2", 18, "giveth"); INSERT INTO common_asset_details(identifier, symbol, coingecko, cryptocompare, forked, started, swapped_for) VALUES("eip155:100/erc20:0xD93d3bDBa18ebcB3317a57119ea44ed2Cf41C2F2", "POW", NULL, NULL, NULL, 1640280310, NULL); INSERT INTO underlying_tokens_list(identifier, parent_token_entry, weight) VALUES ("eip155:100/erc20:0x4f4F9b8D5B4d0Dc10506e5551B0513B61fD59e75", "eip155:100/erc20:0xD93d3bDBa18ebcB3317a57119ea44ed2Cf41C2F2", "1.0");
*
INSERT INTO assets(identifier, name, type) VALUES("eip155:1/erc20:0x157a6df6B74F4E5E45af4E4615FDe7B49225a662", "ISLAND", "C"); INSERT INTO evm_tokens(identifier, token_kind, chain, address, decimals, protocol) VALUES("eip155:1/erc20:0x157a6df6B74F4E5E45af4E4615FDe7B49225a662", "A", 1, "0x157a6df6B74F4E5E45af4E4615FDe7B49225a662", 18, NULL); INSERT INTO common_asset_details(identifier, symbol, coingecko, cryptocompare, forked, started, swapped_for) VALUES("eip155:1/erc20:0x157a6df6B74F4E5E45af4E4615FDe7B49225a662", "ISLAND", "island-token", NULL, NULL, 1734130331, NULL);
*
INSERT INTO assets(identifier, name, type) VALUES("eip155:1/erc20:0x9Ce84F6A69986a83d92C324df10bC8E64771030f", "Chintai Exchange Token", "C"); INSERT INTO evm_tokens(identifier, token_kind, chain, address, decimals, protocol) VALUES("eip155:1/erc20:0x9Ce84F6A69986a83d92C324df10bC8E64771030f", "A", 1, "0x9Ce84F6A69986a83d92C324df10bC8E64771030f", 18, NULL); INSERT INTO common_asset_details(identifier, symbol, coingecko, cryptocompare, forked, started, swapped_for) VALUES("eip155:1/erc20:0x9Ce84F6A69986a83d92C324df10bC8E64771030f", "CHEX", "chex-token", "CHEX", NULL, 1645439561, NULL);
*
INSERT INTO assets(identifier, name, type) VALUES("eip155:1/erc20:0x44ff8620b8cA30902395A7bD3F2407e1A091BF73", "Virtual Protocol", "C"); INSERT INTO evm_tokens(identifier, token_kind, chain, address, decimals, protocol) VALUES("eip155:1/erc20:0x44ff8620b8cA30902395A7bD3F2407e1A091BF73", "A", 1, "0x44ff8620b8cA30902395A7bD3F2407e1A091BF73", 18, NULL); INSERT INTO common_asset_details(identifier, symbol, coingecko, cryptocompare, forked, started, swapped_for) VALUES("eip155:1/erc20:0x44ff8620b8cA30902395A7bD3F2407e1A091BF73", "VIRTUAL", "virtual-protocol", "VIRTUAL", NULL, 1703308271, NULL);
*
INSERT INTO assets(identifier, name, type) VALUES("eip155:8453/erc20:0x0b3e328455c4059EEb9e3f84b5543F74E24e7E1b", "Virtual Protocol", "C"); INSERT INTO evm_tokens(identifier, token_kind, chain, address, decimals, protocol) VALUES("eip155:8453/erc20:0x0b3e328455c4059EEb9e3f84b5543F74E24e7E1b", "A", 8453, "0x0b3e328455c4059EEb9e3f84b5543F74E24e7E1b", 18, NULL); INSERT INTO common_asset_details(identifier, symbol, coingecko, cryptocompare, forked, started, swapped_for) VALUES("eip155:8453/erc20:0x0b3e328455c4059EEb9e3f84b5543F74E24e7E1b", "VIRTUAL", "virtual-protocol", "VIRTUAL", NULL, 1703308271, NULL);
*
INSERT INTO assets(identifier, name, type) VALUES("PENGU", "Pudgy Penguins", "Y"); INSERT INTO common_asset_details(identifier, symbol, coingecko, cryptocompare, forked, started, swapped_for) VALUES("PENGU", "PENGU", "pudgy-penguins", "PENGU", NULL, NULL, NULL);
*
INSERT INTO assets(identifier, name, type) VALUES("ME", "Magic Eden", "Y"); INSERT INTO common_asset_details(identifier, symbol, coingecko, cryptocompare, forked, started, swapped_for) VALUES("ME", "ME", "magic-eden", "ME", NULL, NULL, NULL);
*
INSERT INTO assets(identifier, name, type) VALUES("eip155:8453/erc20:0x800822d361335b4d5F352Dac293cA4128b5B605f", "Symmio", "C"); INSERT INTO evm_tokens(identifier, token_kind, chain, address, decimals, protocol) VALUES("eip155:8453/erc20:0x800822d361335b4d5F352Dac293cA4128b5B605f", "A", 8453, "0x800822d361335b4d5F352Dac293cA4128b5B605f", 18, NULL); INSERT INTO common_asset_details(identifier, symbol, coingecko, cryptocompare, forked, started, swapped_for) VALUES("eip155:8453/erc20:0x800822d361335b4d5F352Dac293cA4128b5B605f", "SYMM", "symmio", NULL, NULL, 1733328867, NULL);
*
INSERT INTO assets(identifier, name, type) VALUES("eip155:1/erc20:0x72FDc31f4a9a1EDF6B6132D3C1754F1CdcF5D9B1", "QBX", "C"); INSERT INTO evm_tokens(identifier, token_kind, chain, address, decimals, protocol) VALUES("eip155:1/erc20:0x72FDc31f4a9a1EDF6B6132D3C1754F1CdcF5D9B1", "A", 1, "0x72FDc31f4a9a1EDF6B6132D3C1754F1CdcF5D9B1", 18, NULL); INSERT INTO common_asset_details(identifier, symbol, coingecko, cryptocompare, forked, started, swapped_for) VALUES("eip155:1/erc20:0x72FDc31f4a9a1EDF6B6132D3C1754F1CdcF5D9B1", "QBX", "qbx", "QBX", NULL, 1718788847, NULL);
*
UPDATE common_asset_details SET cryptocompare = 'BRETT' WHERE identifier = 'eip155:8453/erc20:0x532f27101965dd16442E59d40670FaF5eBB142E4';
INSERT INTO assets(identifier, name, type) VALUES("eip155:8453/erc20:0x532f27101965dd16442E59d40670FaF5eBB142E4", "Brett", "C"); INSERT INTO evm_tokens(identifier, token_kind, chain, address, decimals, protocol) VALUES("eip155:8453/erc20:0x532f27101965dd16442E59d40670FaF5eBB142E4", "A", 8453, "0x532f27101965dd16442E59d40670FaF5eBB142E4", 18, NULL); INSERT INTO common_asset_details(identifier, symbol, coingecko, cryptocompare, forked, started, swapped_for) VALUES("eip155:8453/erc20:0x532f27101965dd16442E59d40670FaF5eBB142E4", "BRETT", "based-brett", "BRETT", NULL, 1708757271, NULL);
INSERT INTO assets(identifier, name, type) VALUES("eip155:1/erc20:0x812Ba41e071C7b7fA4EBcFB62dF5F45f6fA853Ee", "Neiro", "C"); INSERT INTO evm_tokens(identifier, token_kind, chain, address, decimals, protocol) VALUES("eip155:1/erc20:0x812Ba41e071C7b7fA4EBcFB62dF5F45f6fA853Ee", "A", 1, "0x812Ba41e071C7b7fA4EBcFB62dF5F45f6fA853Ee", 9, NULL); INSERT INTO common_asset_details(identifier, symbol, coingecko, cryptocompare, forked, started, swapped_for) VALUES("eip155:1/erc20:0x812Ba41e071C7b7fA4EBcFB62dF5F45f6fA853Ee", "Neiro", "neiro-3", "NEIRO", NULL, 1722114887, NULL);
*
INSERT INTO assets(identifier, name, type) VALUES("eip155:1/erc20:0x3073f7aAA4DB83f95e9FFf17424F71D4751a3073", "Movement", "C"); INSERT INTO evm_tokens(identifier, token_kind, chain, address, decimals, protocol) VALUES("eip155:1/erc20:0x3073f7aAA4DB83f95e9FFf17424F71D4751a3073", "A", 1, "0x3073f7aAA4DB83f95e9FFf17424F71D4751a3073", 8, NULL); INSERT INTO common_asset_details(identifier, symbol, coingecko, cryptocompare, forked, started, swapped_for) VALUES("eip155:1/erc20:0x3073f7aAA4DB83f95e9FFf17424F71D4751a3073", "MOVE", "movement", NULL, NULL, 1727456231, NULL);
*
INSERT INTO assets(identifier, name, type) VALUES("eip155:1/erc20:0xa6C0c097741D55ECd9a3A7DeF3A8253fD022ceB9", "AVA", "C"); INSERT INTO evm_tokens(identifier, token_kind, chain, address, decimals, protocol) VALUES("eip155:1/erc20:0xa6C0c097741D55ECd9a3A7DeF3A8253fD022ceB9", "A", 1, "0xa6C0c097741D55ECd9a3A7DeF3A8253fD022ceB9", 18, NULL); INSERT INTO common_asset_details(identifier, symbol, coingecko, cryptocompare, forked, started, swapped_for) VALUES("eip155:1/erc20:0xa6C0c097741D55ECd9a3A7DeF3A8253fD022ceB9", "AVA", "concierge-io", "AVA", NULL, 1690600619, NULL);
*
INSERT INTO assets(identifier, name, type) VALUES("eip155:1/erc20:0xAdF7C35560035944e805D98fF17d58CDe2449389", "Spectral Token", "C"); INSERT INTO evm_tokens(identifier, token_kind, chain, address, decimals, protocol) VALUES("eip155:1/erc20:0xAdF7C35560035944e805D98fF17d58CDe2449389", "A", 1, "0xAdF7C35560035944e805D98fF17d58CDe2449389", 18, NULL); INSERT INTO common_asset_details(identifier, symbol, coingecko, cryptocompare, forked, started, swapped_for) VALUES("eip155:1/erc20:0xAdF7C35560035944e805D98fF17d58CDe2449389", "SPEC", "spectral", NULL, NULL, 1699280867, NULL);
*
INSERT INTO assets(identifier, name, type) VALUES("eip155:8453/erc20:0x96419929d7949D6A801A6909c145C8EEf6A40431", "Spectral Token", "C"); INSERT INTO evm_tokens(identifier, token_kind, chain, address, decimals, protocol) VALUES("eip155:8453/erc20:0x96419929d7949D6A801A6909c145C8EEf6A40431", "A", 8453, "0x96419929d7949D6A801A6909c145C8EEf6A40431", 18, NULL); INSERT INTO common_asset_details(identifier, symbol, coingecko, cryptocompare, forked, started, swapped_for) VALUES("eip155:8453/erc20:0x96419929d7949D6A801A6909c145C8EEf6A40431", "SPEC", "spectral", NULL, NULL, 1714658741, NULL);
*
INSERT INTO assets(identifier, name, type) VALUES("eip155:1/erc20:0x033BbDe722EA3Cdcec73cFFEA6581DF9F9C257de", "Velar", "C"); INSERT INTO evm_tokens(identifier, token_kind, chain, address, decimals, protocol) VALUES("eip155:1/erc20:0x033BbDe722EA3Cdcec73cFFEA6581DF9F9C257de", "A", 1, "0x033BbDe722EA3Cdcec73cFFEA6581DF9F9C257de", 6, NULL); INSERT INTO common_asset_details(identifier, symbol, coingecko, cryptocompare, forked, started, swapped_for) VALUES("eip155:1/erc20:0x033BbDe722EA3Cdcec73cFFEA6581DF9F9C257de", "VELAR", "velar", "VELAR", NULL, 1710674483, NULL);
*
INSERT INTO assets(identifier, name, type) VALUES("eip155:1/erc20:0x8dF723295214Ea6f21026eeEb4382d475f146F9f", "Quantoz EURQ", "C"); INSERT INTO evm_tokens(identifier, token_kind, chain, address, decimals, protocol) VALUES("eip155:1/erc20:0x8dF723295214Ea6f21026eeEb4382d475f146F9f", "A", 1, "0x8dF723295214Ea6f21026eeEb4382d475f146F9f", 6, NULL); INSERT INTO common_asset_details(identifier, symbol, coingecko, cryptocompare, forked, started, swapped_for) VALUES("eip155:1/erc20:0x8dF723295214Ea6f21026eeEb4382d475f146F9f", "EURQ", "quantoz-eurq", NULL, NULL, 1731506447, NULL);
*
INSERT INTO assets(identifier, name, type) VALUES("eip155:1/erc20:0x7Ddc52c4De30e94Be3A6A0A2b259b2850f421989", "GoMining Token", "C"); INSERT INTO evm_tokens(identifier, token_kind, chain, address, decimals, protocol) VALUES("eip155:1/erc20:0x7Ddc52c4De30e94Be3A6A0A2b259b2850f421989", "A", 1, "0x7Ddc52c4De30e94Be3A6A0A2b259b2850f421989", 18, NULL); INSERT INTO common_asset_details(identifier, symbol, coingecko, cryptocompare, forked, started, swapped_for) VALUES("eip155:1/erc20:0x7Ddc52c4De30e94Be3A6A0A2b259b2850f421989", "GMT", "gmt-token", NULL, NULL, 1619463876, NULL);
*
INSERT INTO assets(identifier, name, type) VALUES("HMSTR", "Hamster Kombat", "W"); INSERT INTO common_asset_details(identifier, symbol, coingecko, cryptocompare, forked, started, swapped_for) VALUES("HMSTR", "HMSTR", "hamster-kombat", "HMSTR", NULL, NULL, NULL);
*
INSERT INTO assets(identifier, name, type) VALUES("eip155:1/erc20:0xe4880249745eAc5F1eD9d8F7DF844792D560e750", "Spiko US T-Bills Money Market Fund", "C"); INSERT INTO evm_tokens(identifier, token_kind, chain, address, decimals, protocol) VALUES("eip155:1/erc20:0xe4880249745eAc5F1eD9d8F7DF844792D560e750", "A", 1, "0xe4880249745eAc5F1eD9d8F7DF844792D560e750", 5, NULL); INSERT INTO common_asset_details(identifier, symbol, coingecko, cryptocompare, forked, started, swapped_for) VALUES("eip155:1/erc20:0xe4880249745eAc5F1eD9d8F7DF844792D560e750", "USTBL", "spiko-us-t-bills-money-market-fund", "NULL", NULL, 1713539171, NULL);
*
INSERT INTO assets(identifier, name, type) VALUES("eip155:1/erc20:0x59d1e836F7b7210A978b25a855085cc46fd090B5", "AssangeDAO", "C"); INSERT INTO evm_tokens(identifier, token_kind, chain, address, decimals, protocol) VALUES("eip155:1/erc20:0x59d1e836F7b7210A978b25a855085cc46fd090B5", "A", 1, "0x59d1e836F7b7210A978b25a855085cc46fd090B5", 18, NULL); INSERT INTO common_asset_details(identifier, symbol, coingecko, cryptocompare, forked, started, swapped_for) VALUES("eip155:1/erc20:0x59d1e836F7b7210A978b25a855085cc46fd090B5", "JUSTICE", "assangedao", "JUSTICE", NULL, 1644405370, NULL);
*
INSERT INTO assets(identifier, name, type) VALUES("eip155:42161/erc20:0x1A6B3A62391ECcaaa992ade44cd4AFe6bEC8CfF1", "UXLINK Token", "C"); INSERT INTO evm_tokens(identifier, token_kind, chain, address, decimals, protocol) VALUES("eip155:42161/erc20:0x1A6B3A62391ECcaaa992ade44cd4AFe6bEC8CfF1", "A", 42161, "0x1A6B3A62391ECcaaa992ade44cd4AFe6bEC8CfF1", 18, NULL); INSERT INTO common_asset_details(identifier, symbol, coingecko, cryptocompare, forked, started, swapped_for) VALUES("eip155:42161/erc20:0x1A6B3A62391ECcaaa992ade44cd4AFe6bEC8CfF1", "UXLINK", "uxlink", "UXLINK", NULL, 1717814584, NULL);
*
INSERT INTO assets(identifier, name, type) VALUES("BXN", "BXN", "B"); INSERT INTO common_asset_details(identifier, symbol, coingecko, cryptocompare, forked, started, swapped_for) VALUES("BXN", "BXN", "bxn", "BXN", NULL, NULL, NULL);
*
INSERT INTO assets(identifier, name, type) VALUES("BLAST", "Blast", "B"); INSERT INTO common_asset_details(identifier, symbol, coingecko, cryptocompare, forked, started, swapped_for) VALUES("BLAST", "BLAST", "blast", "BLAST", NULL, NULL, NULL);
*
INSERT INTO assets(identifier, name, type) VALUES("ZKX", "ZKX", "W"); INSERT INTO common_asset_details(identifier, symbol, coingecko, cryptocompare, forked, started, swapped_for) VALUES("ZKX", "ZKX", NULL, "ZKX", NULL, NULL, NULL);
*
INSERT INTO assets(identifier, name, type) VALUES("eip155:1/erc20:0xc83e27f270cce0A3A3A29521173a83F402c1768b", "Quantoz USDQ", "C"); INSERT INTO evm_tokens(identifier, token_kind, chain, address, decimals, protocol) VALUES("eip155:1/erc20:0xc83e27f270cce0A3A3A29521173a83F402c1768b", "A", 1, "0xc83e27f270cce0A3A3A29521173a83F402c1768b", 6, NULL); INSERT INTO common_asset_details(identifier, symbol, coingecko, cryptocompare, forked, started, swapped_for) VALUES("eip155:1/erc20:0xc83e27f270cce0A3A3A29521173a83F402c1768b", "USDQ", "quantoz-usdq", NULL, NULL, 1731510587, NULL);
*
INSERT INTO assets(identifier, name, type) VALUES("eip155:1/erc20:0x9EEAD9ce15383CaEED975427340b3A369410CFBF", "aUSD₮", "C"); INSERT INTO evm_tokens(identifier, token_kind, chain, address, decimals, protocol) VALUES("eip155:1/erc20:0x9EEAD9ce15383CaEED975427340b3A369410CFBF", "A", 1, "0x9EEAD9ce15383CaEED975427340b3A369410CFBF", 6, NULL); INSERT INTO common_asset_details(identifier, symbol, coingecko, cryptocompare, forked, started, swapped_for) VALUES("eip155:1/erc20:0x9EEAD9ce15383CaEED975427340b3A369410CFBF", "aUSD₮", "alloy-tether", NULL, NULL, 1710125639, NULL);
*
INSERT INTO assets(identifier, name, type) VALUES("GMMT", "Giant Mammoth", "B"); INSERT INTO common_asset_details(identifier, symbol, coingecko, cryptocompare, forked, started, swapped_for) VALUES("GMMT", "GMMT", NULL, "GMMT", NULL, NULL, NULL);
*
UPDATE common_asset_details SET swapped_for="eip155:1/erc20:0xb712d62fE84258292d1961B5150a19bC4Ab49026" WHERE identifier="CHNG";
INSERT INTO assets(identifier, name, type) VALUES("eip155:1/erc20:0xb712d62fE84258292d1961B5150a19bC4Ab49026", "Chainge", "C"); INSERT INTO evm_tokens(identifier, token_kind, chain, address, decimals, protocol) VALUES("eip155:1/erc20:0xb712d62fE84258292d1961B5150a19bC4Ab49026", "A", 1, "0xb712d62fE84258292d1961B5150a19bC4Ab49026", 18, NULL); INSERT INTO common_asset_details(identifier, symbol, coingecko, cryptocompare, forked, started, swapped_for) VALUES("eip155:1/erc20:0xb712d62fE84258292d1961B5150a19bC4Ab49026", "XCHNG", "chainge-finance", "XCHNG", NULL, 1706352551, NULL);
INSERT INTO assets(identifier, name, type) VALUES("eip155:42161/erc20:0x51C601dC278EB2CFea8e52c4caA35B3d6a9A2c26", "Chainge", "C"); INSERT INTO evm_tokens(identifier, token_kind, chain, address, decimals, protocol) VALUES("eip155:42161/erc20:0x51C601dC278EB2CFea8e52c4caA35B3d6a9A2c26", "A", 42161, "0x51C601dC278EB2CFea8e52c4caA35B3d6a9A2c26", 18, NULL); INSERT INTO common_asset_details(identifier, symbol, coingecko, cryptocompare, forked, started, swapped_for) VALUES("eip155:42161/erc20:0x51C601dC278EB2CFea8e52c4caA35B3d6a9A2c26", "XCHNG", "chainge-finance", "XCHNG", NULL, 1706354413, NULL);
*
INSERT INTO assets(identifier, name, type) VALUES("eip155:1/erc20:0x3E5A19c91266aD8cE2477B91585d1856B84062dF", "Ancient8", "C"); INSERT INTO evm_tokens(identifier, token_kind, chain, address, decimals, protocol) VALUES("eip155:1/erc20:0x3E5A19c91266aD8cE2477B91585d1856B84062dF", "A", 1, "0x3E5A19c91266aD8cE2477B91585d1856B84062dF", 18, NULL); INSERT INTO common_asset_details(identifier, symbol, coingecko, cryptocompare, forked, started, swapped_for) VALUES("eip155:1/erc20:0x3E5A19c91266aD8cE2477B91585d1856B84062dF", "A8", "ancient8", "A8", NULL, 1651826513, NULL);
*
INSERT INTO assets(identifier, name, type) VALUES("ALEO", "ALEO", "B"); INSERT INTO common_asset_details(identifier, symbol, coingecko, cryptocompare, forked, started, swapped_for) VALUES("ALEO", "ALEO", NULL, "ALEO", NULL, NULL, NULL);
*
INSERT INTO assets(identifier, name, type) VALUES("eip155:1/erc20:0x9C7BEBa8F6eF6643aBd725e45a4E8387eF260649", "Gravity", "C"); INSERT INTO evm_tokens(identifier, token_kind, chain, address, decimals, protocol) VALUES("eip155:1/erc20:0x9C7BEBa8F6eF6643aBd725e45a4E8387eF260649", "A", 1, "0x9C7BEBa8F6eF6643aBd725e45a4E8387eF260649", 18, NULL); INSERT INTO common_asset_details(identifier, symbol, coingecko, cryptocompare, forked, started, swapped_for) VALUES("eip155:1/erc20:0x9C7BEBa8F6eF6643aBd725e45a4E8387eF260649", "G", "g-token", "G", NULL, 1715576987, NULL);
*
INSERT INTO assets(identifier, name, type) VALUES("GIGA", "Gigachad", "Y"); INSERT INTO common_asset_details(identifier, symbol, coingecko, cryptocompare, forked, started, swapped_for) VALUES("GIGA", "GIGA", "gigachad-2", "GIGA", NULL, NULL, NULL);
*
INSERT INTO assets(identifier, name, type) VALUES("eip155:1/erc20:0x0a6E7Ba5042B38349e437ec6Db6214AEC7B35676", "Swell Governance Token", "C"); INSERT INTO evm_tokens(identifier, token_kind, chain, address, decimals, protocol) VALUES("eip155:1/erc20:0x0a6E7Ba5042B38349e437ec6Db6214AEC7B35676", "A", 1, "0x0a6E7Ba5042B38349e437ec6Db6214AEC7B35676", 18, NULL); INSERT INTO common_asset_details(identifier, symbol, coingecko, cryptocompare, forked, started, swapped_for) VALUES("eip155:1/erc20:0x0a6E7Ba5042B38349e437ec6Db6214AEC7B35676", "SWELL", "swell-network", "SWELL", NULL, 1721403287, NULL);
*
INSERT INTO assets(identifier, name, type) VALUES("eip155:1/erc20:0xd0a6053f087E87a25dC60701ba6E663b1a548E85", "BLOCKLORDS", "C"); INSERT INTO evm_tokens(identifier, token_kind, chain, address, decimals, protocol) VALUES("eip155:1/erc20:0xd0a6053f087E87a25dC60701ba6E663b1a548E85", "A", 1, "0xd0a6053f087E87a25dC60701ba6E663b1a548E85", 18, NULL); INSERT INTO common_asset_details(identifier, symbol, coingecko, cryptocompare, forked, started, swapped_for) VALUES("eip155:1/erc20:0xd0a6053f087E87a25dC60701ba6E663b1a548E85", "LRDS", "blocklords", "LRDS", NULL, 1705563095, NULL);
*
INSERT INTO assets(identifier, name, type) VALUES("eip155:8453/erc20:0xB676f87A6E701f0DE8De5Ab91B56b66109766DB1", "BLOCKLORDS", "C"); INSERT INTO evm_tokens(identifier, token_kind, chain, address, decimals, protocol) VALUES("eip155:8453/erc20:0xB676f87A6E701f0DE8De5Ab91B56b66109766DB1", "A", 8453, "0xB676f87A6E701f0DE8De5Ab91B56b66109766DB1", 18, NULL); INSERT INTO common_asset_details(identifier, symbol, coingecko, cryptocompare, forked, started, swapped_for) VALUES("eip155:8453/erc20:0xB676f87A6E701f0DE8De5Ab91B56b66109766DB1", "LRDS", "blocklords", "LRDS", NULL, 1724862371, NULL);
*
INSERT INTO assets(identifier, name, type) VALUES("MOODENG", "Moo Deng", "Y"); INSERT INTO common_asset_details(identifier, symbol, coingecko, cryptocompare, forked, started, swapped_for) VALUES("MOODENG", "MOODENG", "moo-deng", "MOODENG", NULL, NULL, NULL);
*
INSERT INTO assets(identifier, name, type) VALUES("RLUSD", "Ripple USD", "W"); INSERT INTO common_asset_details(identifier, symbol, coingecko, cryptocompare, forked, started, swapped_for) VALUES("RLUSD", "RLUSD", "ripple-usd", NULL, NULL, NULL, NULL);
*
INSERT INTO assets(identifier, name, type) VALUES("GRASS", "Grass", "Y"); INSERT INTO common_asset_details(identifier, symbol, coingecko, cryptocompare, forked, started, swapped_for) VALUES("GRASS", "GRASS", "grass", "GRASS", NULL, NULL, NULL);
*
INSERT INTO assets(identifier, name, type) VALUES("CHILLGUY", "Just a chill guy", "Y"); INSERT INTO common_asset_details(identifier, symbol, coingecko, cryptocompare, forked, started, swapped_for) VALUES("CHILLGUY", "CHILLGUY", "chill-guy", "CHILLGUY", NULL, NULL, NULL);
*
INSERT INTO assets(identifier, name, type) VALUES("RETARDIO", "RETARDIO", "Y"); INSERT INTO common_asset_details(identifier, symbol, coingecko, cryptocompare, forked, started, swapped_for) VALUES("RETARDIO", "RETARDIO", "retardio", "RETARDIO", NULL, NULL, NULL);
*
INSERT INTO assets(identifier, name, type) VALUES("MICHI", "michi", "Y"); INSERT INTO common_asset_details(identifier, symbol, coingecko, cryptocompare, forked, started, swapped_for) VALUES("MICHI", "MICHI", "michicoin", "MICHI", NULL, NULL, NULL);
*
INSERT INTO assets(identifier, name, type) VALUES("FARTCOIN", "Fartcoin", "Y"); INSERT INTO common_asset_details(identifier, symbol, coingecko, cryptocompare, forked, started, swapped_for) VALUES("FARTCOIN", "FARTCOIN", "fartcoin", "FARTCOIN", NULL, NULL, NULL);
*
INSERT INTO assets(identifier, name, type) VALUES("PNUT", "Peanut the Squirrel", "Y"); INSERT INTO common_asset_details(identifier, symbol, coingecko, cryptocompare, forked, started, swapped_for) VALUES("PNUT", "PNUT", "peanut-the-squirrel", "PNUT", NULL, NULL, NULL);
*
