INSERT INTO assets(identifier, name, type) VALUES("ETHW", "Ethereum PoW", "B"); INSERT INTO common_asset_details(identifier, symbol, coingecko, cryptocompare, forked, started, swapped_for) VALUES("ETHW", "ETHW", "ethereum-pow-iou", "ETHW", "ETH", 1663224179, NULL);
*
INSERT INTO assets(identifier, name, type) VALUES("eip155:1/erc20:0xBe9895146f7AF43049ca1c1AE358B0541Ea49704", "Coinbase Wrapped Staked ETH", "C"); INSERT INTO evm_tokens(identifier, token_kind, chain, address, decimals, protocol) VALUES("eip155:1/erc20:0xBe9895146f7AF43049ca1c1AE358B0541Ea49704", "A", 1, "0xBe9895146f7AF43049ca1c1AE358B0541Ea49704", 18, NULL); INSERT INTO common_asset_details(identifier, symbol, coingecko, cryptocompare, forked, started, swapped_for) VALUES("eip155:1/erc20:0xBe9895146f7AF43049ca1c1AE358B0541Ea49704", "cbETH", "coinbase-wrapped-staked-eth", "CBETH", NULL, 1643901537, NULL);
*
INSERT INTO assets(identifier, name, type) VALUES("ETHS", "Ethereum PoS Fork IOU", "B"); INSERT INTO common_asset_details(identifier, symbol, coingecko, cryptocompare, forked, started, swapped_for) VALUES("ETHS", "ETHS", "ethereum-pos-iou", "", "ETH", 1663224179, NULL);
*
INSERT INTO assets(identifier, name, type) VALUES("ETHF", "EthereumFair", "B"); INSERT INTO common_asset_details(identifier, symbol, coingecko, cryptocompare, forked, started, swapped_for) VALUES("ETHF", "ETHF", "ethereumfair", "", "ETH", 1663224179, NULL);
*
INSERT INTO assets(identifier, name, type) VALUES("eip155:1/erc20:0x7B4328c127B85369D9f82ca0503B000D09CF9180", "Dogechain Token", "C"); INSERT INTO evm_tokens(identifier, token_kind, chain, address, decimals, protocol) VALUES("eip155:1/erc20:0x7B4328c127B85369D9f82ca0503B000D09CF9180", "A", 1, "0x7B4328c127B85369D9f82ca0503B000D09CF9180", 18, NULL); INSERT INTO common_asset_details(identifier, symbol, coingecko, cryptocompare, forked, started, swapped_for) VALUES("eip155:1/erc20:0x7B4328c127B85369D9f82ca0503B000D09CF9180", "DC", "dogechain", "DC", NULL, 1661076494, NULL);
*
INSERT INTO assets(identifier, name, type) VALUES("eip155:1/erc20:0xB4b9DC1C77bdbb135eA907fd5a08094d98883A35", "SWEAT", "C"); INSERT INTO evm_tokens(identifier, token_kind, chain, address, decimals, protocol) VALUES("eip155:1/erc20:0xB4b9DC1C77bdbb135eA907fd5a08094d98883A35", "A", 1, "0xB4b9DC1C77bdbb135eA907fd5a08094d98883A35", 18, NULL); INSERT INTO common_asset_details(identifier, symbol, coingecko, cryptocompare, forked, started, swapped_for) VALUES("eip155:1/erc20:0xB4b9DC1C77bdbb135eA907fd5a08094d98883A35", "SWEAT", "sweatcoin", "SWEAT", NULL, 1661869294, NULL);
*
INSERT INTO assets(identifier, name, type) VALUES("eip155:1/erc20:0x0C9c7712C83B3C70e7c5E11100D33D9401BdF9dd", "Wombat", "C"); INSERT INTO evm_tokens(identifier, token_kind, chain, address, decimals, protocol) VALUES("eip155:1/erc20:0x0C9c7712C83B3C70e7c5E11100D33D9401BdF9dd", "A", 1, "0x0C9c7712C83B3C70e7c5E11100D33D9401BdF9dd", 18, NULL); INSERT INTO common_asset_details(identifier, symbol, coingecko, cryptocompare, forked, started, swapped_for) VALUES("eip155:1/erc20:0x0C9c7712C83B3C70e7c5E11100D33D9401BdF9dd", "WOMBAT", "wombat", "WOMBAT", NULL, 1658316704, NULL);
*
INSERT INTO assets(identifier, name, type) VALUES("eip155:137/erc20:0x0C9c7712C83B3C70e7c5E11100D33D9401BdF9dd", "Wombat", "C"); INSERT INTO evm_tokens(identifier, token_kind, chain, address, decimals, protocol) VALUES("eip155:137/erc20:0x0C9c7712C83B3C70e7c5E11100D33D9401BdF9dd", "A", 137, "0x0C9c7712C83B3C70e7c5E11100D33D9401BdF9dd", 18, NULL); INSERT INTO common_asset_details(identifier, symbol, coingecko, cryptocompare, forked, started, swapped_for) VALUES("eip155:137/erc20:0x0C9c7712C83B3C70e7c5E11100D33D9401BdF9dd", "WOMBAT", "wombat", "WOMBAT", NULL, 1658316704, NULL);
*
INSERT INTO assets(identifier, name, type) VALUES("eip155:1/erc20:0x3700Adfd26d5bC062cB8b8a77e68fbd43F58eCAB", "hiDOODLES", "C"); INSERT INTO evm_tokens(identifier, token_kind, chain, address, decimals, protocol) VALUES("eip155:1/erc20:0x3700Adfd26d5bC062cB8b8a77e68fbd43F58eCAB", "A", 1, "0x3700Adfd26d5bC062cB8b8a77e68fbd43F58eCAB", 18, NULL); INSERT INTO common_asset_details(identifier, symbol, coingecko, cryptocompare, forked, started, swapped_for) VALUES("eip155:1/erc20:0x3700Adfd26d5bC062cB8b8a77e68fbd43F58eCAB", "hiDOODLES", "hidoodles", "", NULL, 1663515467, NULL);
*
INSERT INTO assets(identifier, name, type) VALUES("eip155:1/erc20:0xbA8A621b4a54e61C442F5Ec623687e2a942225ef", "Sandclock", "C"); INSERT INTO evm_tokens(identifier, token_kind, chain, address, decimals, protocol) VALUES("eip155:1/erc20:0xbA8A621b4a54e61C442F5Ec623687e2a942225ef", "A", 1, "0xbA8A621b4a54e61C442F5Ec623687e2a942225ef", 18, NULL); INSERT INTO common_asset_details(identifier, symbol, coingecko, cryptocompare, forked, started, swapped_for) VALUES("eip155:1/erc20:0xbA8A621b4a54e61C442F5Ec623687e2a942225ef", "QUARTZ", "sandclock", "QUARTZ", NULL, 1634822494, NULL);
*
INSERT INTO assets(identifier, name, type) VALUES("eip155:1/erc20:0x8c088775e4139af116Ac1FA6f281Bbf71E8c1c73", "PUMLx", "C"); INSERT INTO evm_tokens(identifier, token_kind, chain, address, decimals, protocol) VALUES("eip155:1/erc20:0x8c088775e4139af116Ac1FA6f281Bbf71E8c1c73", "A", 1, "0x8c088775e4139af116Ac1FA6f281Bbf71E8c1c73", 18, NULL); INSERT INTO common_asset_details(identifier, symbol, coingecko, cryptocompare, forked, started, swapped_for) VALUES("eip155:1/erc20:0x8c088775e4139af116Ac1FA6f281Bbf71E8c1c73", "PUMLx", "pumlx", "QUARTZ", NULL, 1661931874, NULL);
*
INSERT INTO assets(identifier, name, type) VALUES("eip155:1/erc20:0x4BDCb66B968060D9390C1D12bd29734496205581", "Acquire.Fi", "C"); INSERT INTO evm_tokens(identifier, token_kind, chain, address, decimals, protocol) VALUES("eip155:1/erc20:0x4BDCb66B968060D9390C1D12bd29734496205581", "A", 1, "0x4BDCb66B968060D9390C1D12bd29734496205581", 18, NULL); INSERT INTO common_asset_details(identifier, symbol, coingecko, cryptocompare, forked, started, swapped_for) VALUES("eip155:1/erc20:0x4BDCb66B968060D9390C1D12bd29734496205581", "ACQ", "acquire-fi", "", NULL, 1663856831, NULL);
*
INSERT INTO assets(identifier, name, type) VALUES("eip155:56/erc20:0x40C8225329Bd3e28A043B029E0D07a5344d2C27C", "AgeOfGods", "C"); INSERT INTO evm_tokens(identifier, token_kind, chain, address, decimals, protocol) VALUES("eip155:56/erc20:0x40C8225329Bd3e28A043B029E0D07a5344d2C27C", "A", 56, "0x40C8225329Bd3e28A043B029E0D07a5344d2C27C", 18, NULL); INSERT INTO common_asset_details(identifier, symbol, coingecko, cryptocompare, forked, started, swapped_for) VALUES("eip155:56/erc20:0x40C8225329Bd3e28A043B029E0D07a5344d2C27C", "AOG", "ageofgods", "AOG", NULL, 1640195308, NULL);
*
INSERT INTO assets(identifier, name, type) VALUES("eip155:1/erc20:0x62d3c05b9C3d916FBC111819bbD3CEE52906C1Ae", "EVERY GAME", "C"); INSERT INTO evm_tokens(identifier, token_kind, chain, address, decimals, protocol) VALUES("eip155:1/erc20:0x62d3c05b9C3d916FBC111819bbD3CEE52906C1Ae", "A", 1, "0x62d3c05b9C3d916FBC111819bbD3CEE52906C1Ae", 18, NULL); INSERT INTO common_asset_details(identifier, symbol, coingecko, cryptocompare, forked, started, swapped_for) VALUES("eip155:1/erc20:0x62d3c05b9C3d916FBC111819bbD3CEE52906C1Ae", "EGAME", "every-game", "EGAME", NULL, 1618809316, NULL);
*
INSERT INTO assets(identifier, name, type) VALUES("eip155:1/erc20:0x12AEf5C60C2C86c8ECD3079f22F285f326371340", "hiSAND33", "C"); INSERT INTO evm_tokens(identifier, token_kind, chain, address, decimals, protocol) VALUES("eip155:1/erc20:0x12AEf5C60C2C86c8ECD3079f22F285f326371340", "A", 1, "0x12AEf5C60C2C86c8ECD3079f22F285f326371340", 18, NULL); INSERT INTO common_asset_details(identifier, symbol, coingecko, cryptocompare, forked, started, swapped_for) VALUES("eip155:1/erc20:0x12AEf5C60C2C86c8ECD3079f22F285f326371340", "hiSAND33", "hisand33", "", NULL, 1660809415, NULL);
*
INSERT INTO assets(identifier, name, type) VALUES("eip155:56/erc20:0x5F2F6c4C491B690216E0f8Ea753fF49eF4E36ba6", "MetaLand Shares", "C"); INSERT INTO evm_tokens(identifier, token_kind, chain, address, decimals, protocol) VALUES("eip155:56/erc20:0x5F2F6c4C491B690216E0f8Ea753fF49eF4E36ba6", "A", 56, "0x5F2F6c4C491B690216E0f8Ea753fF49eF4E36ba6", 18, NULL); INSERT INTO common_asset_details(identifier, symbol, coingecko, cryptocompare, forked, started, swapped_for) VALUES("eip155:56/erc20:0x5F2F6c4C491B690216E0f8Ea753fF49eF4E36ba6", "MLS", "pikaster", "", NULL, 1660718488, NULL);
*
INSERT INTO assets(identifier, name, type) VALUES("eip155:1/erc20:0xa88842Ae47dbe87116cF7001DDdD1b246fcd8262", "hiENS3", "C"); INSERT INTO evm_tokens(identifier, token_kind, chain, address, decimals, protocol) VALUES("eip155:1/erc20:0xa88842Ae47dbe87116cF7001DDdD1b246fcd8262", "A", 1, "0xa88842Ae47dbe87116cF7001DDdD1b246fcd8262", 18, NULL); INSERT INTO common_asset_details(identifier, symbol, coingecko, cryptocompare, forked, started, swapped_for) VALUES("eip155:1/erc20:0xa88842Ae47dbe87116cF7001DDdD1b246fcd8262", "hiENS3", "hiens3", "", NULL, 1661703373, NULL);
*
INSERT INTO assets(identifier, name, type) VALUES("eip155:1/erc20:0xb1f136a74e18E4E2921feBbf25820d1Bb65B5647", "hiPUNKS", "C"); INSERT INTO evm_tokens(identifier, token_kind, chain, address, decimals, protocol) VALUES("eip155:1/erc20:0xb1f136a74e18E4E2921feBbf25820d1Bb65B5647", "A", 1, "0xb1f136a74e18E4E2921feBbf25820d1Bb65B5647", 18, NULL); INSERT INTO common_asset_details(identifier, symbol, coingecko, cryptocompare, forked, started, swapped_for) VALUES("eip155:1/erc20:0xb1f136a74e18E4E2921feBbf25820d1Bb65B5647", "hiPUNKS", "hipunks", "", NULL, 1657431111, NULL);
*
INSERT INTO assets(identifier, name, type) VALUES("eip155:1/erc20:0x0f2D719407FdBeFF09D87557AbB7232601FD9F29", "Synapse", "C"); INSERT INTO evm_tokens(identifier, token_kind, chain, address, decimals, protocol) VALUES("eip155:1/erc20:0x0f2D719407FdBeFF09D87557AbB7232601FD9F29", "A", 1, "0x0f2D719407FdBeFF09D87557AbB7232601FD9F29", 18, NULL); INSERT INTO common_asset_details(identifier, symbol, coingecko, cryptocompare, forked, started, swapped_for) VALUES("eip155:1/erc20:0x0f2D719407FdBeFF09D87557AbB7232601FD9F29", "SYN", "synapse-2", "SYN", NULL, 1628972639, NULL);
*
INSERT INTO assets(identifier, name, type) VALUES("eip155:1/erc20:0x2620638EDA99F9e7E902Ea24a285456EE9438861", "Crust Storage Market", "C"); INSERT INTO evm_tokens(identifier, token_kind, chain, address, decimals, protocol) VALUES("eip155:1/erc20:0x2620638EDA99F9e7E902Ea24a285456EE9438861", "A", 1, "0x2620638EDA99F9e7E902Ea24a285456EE9438861", 18, NULL); INSERT INTO common_asset_details(identifier, symbol, coingecko, cryptocompare, forked, started, swapped_for) VALUES("eip155:1/erc20:0x2620638EDA99F9e7E902Ea24a285456EE9438861", "CSM", "crust-storage-market", "", NULL, 1605591989, NULL);
*
INSERT INTO assets(identifier, name, type) VALUES("eip155:1/erc20:0x5fAa989Af96Af85384b8a938c2EdE4A7378D9875", "Galxe", "C"); INSERT INTO evm_tokens(identifier, token_kind, chain, address, decimals, protocol) VALUES("eip155:1/erc20:0x5fAa989Af96Af85384b8a938c2EdE4A7378D9875", "A", 1, "0x5fAa989Af96Af85384b8a938c2EdE4A7378D9875", 18, NULL); INSERT INTO common_asset_details(identifier, symbol, coingecko, cryptocompare, forked, started, swapped_for) VALUES("eip155:1/erc20:0x5fAa989Af96Af85384b8a938c2EdE4A7378D9875", "GAL", "project-galaxy", "GAL", NULL, 1642564531, NULL);
*
INSERT INTO assets(identifier, name, type) VALUES("eip155:1/erc20:0xA2cd3D43c775978A96BdBf12d733D5A1ED94fb18", "Chain", "C"); INSERT INTO evm_tokens(identifier, token_kind, chain, address, decimals, protocol) VALUES("eip155:1/erc20:0xA2cd3D43c775978A96BdBf12d733D5A1ED94fb18", "A", 1, "0xA2cd3D43c775978A96BdBf12d733D5A1ED94fb18", 18, NULL); INSERT INTO common_asset_details(identifier, symbol, coingecko, cryptocompare, forked, started, swapped_for) VALUES("eip155:1/erc20:0xA2cd3D43c775978A96BdBf12d733D5A1ED94fb18", "XCN", "chain-2", "XCN", NULL, 1646687021, NULL);
*
INSERT INTO assets(identifier, name, type) VALUES("eip155:137/erc20:0xabEDe05598760E399ed7EB24900b30C51788f00F", "Stepwatch Paradise", "C"); INSERT INTO evm_tokens(identifier, token_kind, chain, address, decimals, protocol) VALUES("eip155:137/erc20:0xabEDe05598760E399ed7EB24900b30C51788f00F", "A", 137, "0xabEDe05598760E399ed7EB24900b30C51788f00F", 18, NULL); INSERT INTO common_asset_details(identifier, symbol, coingecko, cryptocompare, forked, started, swapped_for) VALUES("eip155:137/erc20:0xabEDe05598760E399ed7EB24900b30C51788f00F", "SWP", "stepwatch", "", NULL, 1655437672, NULL);
*
INSERT INTO assets(identifier, name, type) VALUES("eip155:1/erc20:0xd9Fcd98c322942075A5C3860693e9f4f03AAE07b", "Euler", "C"); INSERT INTO evm_tokens(identifier, token_kind, chain, address, decimals, protocol) VALUES("eip155:1/erc20:0xd9Fcd98c322942075A5C3860693e9f4f03AAE07b", "A", 1, "0xd9Fcd98c322942075A5C3860693e9f4f03AAE07b", 18, NULL); INSERT INTO common_asset_details(identifier, symbol, coingecko, cryptocompare, forked, started, swapped_for) VALUES("eip155:1/erc20:0xd9Fcd98c322942075A5C3860693e9f4f03AAE07b", "EUL", "euler", "EUL", NULL, 1640894681, NULL);
*
INSERT INTO assets(identifier, name, type) VALUES("eip155:1/erc20:0x83031984B45553070a088273f341BfF7fB4f2F46", "hiBAYC", "C"); INSERT INTO evm_tokens(identifier, token_kind, chain, address, decimals, protocol) VALUES("eip155:1/erc20:0x83031984B45553070a088273f341BfF7fB4f2F46", "A", 1, "0x83031984B45553070a088273f341BfF7fB4f2F46", 18, NULL); INSERT INTO common_asset_details(identifier, symbol, coingecko, cryptocompare, forked, started, swapped_for) VALUES("eip155:1/erc20:0x83031984B45553070a088273f341BfF7fB4f2F46", "hiBAYC", "hibayc", "HIBAYC", NULL, 1656758443, NULL);
*
INSERT INTO assets(identifier, name, type) VALUES("eip155:1/erc20:0x00A7EC2F2b451cb0233E8aDbf4C9a951027C2B02", "hiENS4", "C"); INSERT INTO evm_tokens(identifier, token_kind, chain, address, decimals, protocol) VALUES("eip155:1/erc20:0x00A7EC2F2b451cb0233E8aDbf4C9a951027C2B02", "A", 1, "0x00A7EC2F2b451cb0233E8aDbf4C9a951027C2B02", 18, NULL); INSERT INTO common_asset_details(identifier, symbol, coingecko, cryptocompare, forked, started, swapped_for) VALUES("eip155:1/erc20:0x00A7EC2F2b451cb0233E8aDbf4C9a951027C2B02", "hiENS4", "hiens4", "HIENS4", NULL, 1659855875, NULL);
*
INSERT INTO assets(identifier, name, type) VALUES("eip155:1/erc20:0x33bD66c334274989b673a8e8C8d1A3f1B8De5889", "hiODBS", "C"); INSERT INTO evm_tokens(identifier, token_kind, chain, address, decimals, protocol) VALUES("eip155:1/erc20:0x33bD66c334274989b673a8e8C8d1A3f1B8De5889", "A", 1, "0x33bD66c334274989b673a8e8C8d1A3f1B8De5889", 18, NULL); INSERT INTO common_asset_details(identifier, symbol, coingecko, cryptocompare, forked, started, swapped_for) VALUES("eip155:1/erc20:0x33bD66c334274989b673a8e8C8d1A3f1B8De5889", "hiODBS", "hiodbs", "HIENS4", NULL, 1662620608, NULL);
*
UPDATE common_asset_details SET cryptocompare="OBOT" WHERE identifier="eip155:1/erc20:0xeDADeB5fAa413e6c8623461849DFD0B7C3790c32";
INSERT INTO assets(identifier, name, type) VALUES("eip155:1/erc20:0xeDADeB5fAa413e6c8623461849DFD0B7C3790c32", "OBORTECH", "C"); INSERT INTO evm_tokens(identifier, token_kind, chain, address, decimals, protocol) VALUES("eip155:1/erc20:0xeDADeB5fAa413e6c8623461849DFD0B7C3790c32", "A", 1, "0xeDADeB5fAa413e6c8623461849DFD0B7C3790c32", 18, NULL); INSERT INTO common_asset_details(identifier, symbol, coingecko, cryptocompare, forked, started, swapped_for) VALUES("eip155:1/erc20:0xeDADeB5fAa413e6c8623461849DFD0B7C3790c32", "OBOT", "obortech", "OBOT", NULL, 1614859142, NULL);
UPDATE common_asset_details SET cryptocompare="BTBS" WHERE identifier="eip155:1/erc20:0x32E6C34Cd57087aBBD59B5A4AECC4cB495924356";
INSERT INTO assets(identifier, name, type) VALUES("eip155:1/erc20:0x32E6C34Cd57087aBBD59B5A4AECC4cB495924356", "BitBase", "C"); INSERT INTO evm_tokens(identifier, token_kind, chain, address, decimals, protocol) VALUES("eip155:1/erc20:0x32E6C34Cd57087aBBD59B5A4AECC4cB495924356", "A", 1, "0x32E6C34Cd57087aBBD59B5A4AECC4cB495924356", 18, NULL); INSERT INTO common_asset_details(identifier, symbol, coingecko, cryptocompare, forked, started, swapped_for) VALUES("eip155:1/erc20:0x32E6C34Cd57087aBBD59B5A4AECC4cB495924356", "OBOT", "bitbase-token", "BTBS", NULL, 1624118848, NULL);
UPDATE common_asset_details SET cryptocompare="NIFT" WHERE identifier="eip155:1/erc20:0x4a1d542b52a95AD01Ddc70C2e7df0c7bBAAdc56f";
INSERT INTO assets(identifier, name, type) VALUES("eip155:1/erc20:0x4a1d542b52a95AD01Ddc70C2e7df0c7bBAAdc56f", "Niftify", "C"); INSERT INTO evm_tokens(identifier, token_kind, chain, address, decimals, protocol) VALUES("eip155:1/erc20:0x4a1d542b52a95AD01Ddc70C2e7df0c7bBAAdc56f", "A", 1, "0x4a1d542b52a95AD01Ddc70C2e7df0c7bBAAdc56f", 18, NULL); INSERT INTO common_asset_details(identifier, symbol, coingecko, cryptocompare, forked, started, swapped_for) VALUES("eip155:1/erc20:0x4a1d542b52a95AD01Ddc70C2e7df0c7bBAAdc56f", "NIFT", "niftify", "NIFT", NULL, 1630444045, NULL);
UPDATE common_asset_details SET cryptocompare="ALTA" WHERE identifier="eip155:1/erc20:0xe0cCa86B254005889aC3a81e737f56a14f4A38F5";
INSERT INTO assets(identifier, name, type) VALUES("eip155:1/erc20:0xe0cCa86B254005889aC3a81e737f56a14f4A38F5", "Alta Finance", "C"); INSERT INTO evm_tokens(identifier, token_kind, chain, address, decimals, protocol) VALUES("eip155:1/erc20:0xe0cCa86B254005889aC3a81e737f56a14f4A38F5", "A", 1, "0xe0cCa86B254005889aC3a81e737f56a14f4A38F5", 18, NULL); INSERT INTO common_asset_details(identifier, symbol, coingecko, cryptocompare, forked, started, swapped_for) VALUES("eip155:1/erc20:0xe0cCa86B254005889aC3a81e737f56a14f4A38F5", "ALTA", "alta-finance", "ALTA", NULL, 1647302599, NULL);
UPDATE common_asset_details SET cryptocompare="MELOS" WHERE identifier="eip155:1/erc20:0x1afb69DBC9f54d08DAB1bD3436F8Da1af819E647";
INSERT INTO assets(identifier, name, type) VALUES("eip155:1/erc20:0x1afb69DBC9f54d08DAB1bD3436F8Da1af819E647", "MELOS", "C"); INSERT INTO evm_tokens(identifier, token_kind, chain, address, decimals, protocol) VALUES("eip155:1/erc20:0x1afb69DBC9f54d08DAB1bD3436F8Da1af819E647", "A", 1, "0x1afb69DBC9f54d08DAB1bD3436F8Da1af819E647", 18, NULL); INSERT INTO common_asset_details(identifier, symbol, coingecko, cryptocompare, forked, started, swapped_for) VALUES("eip155:1/erc20:0x1afb69DBC9f54d08DAB1bD3436F8Da1af819E647", "MELOS", "melos-studio", "MELOS", NULL, 1645509503, NULL);
UPDATE common_asset_details SET cryptocompare="LBL" WHERE identifier="eip155:1/erc20:0x2162f572B25f7358db9376AB58a947a4e45CeDE1";
INSERT INTO assets(identifier, name, type) VALUES("eip155:1/erc20:0x2162f572B25f7358db9376AB58a947a4e45CeDE1", "LABEL", "C"); INSERT INTO evm_tokens(identifier, token_kind, chain, address, decimals, protocol) VALUES("eip155:1/erc20:0x2162f572B25f7358db9376AB58a947a4e45CeDE1", "A", 1, "0x2162f572B25f7358db9376AB58a947a4e45CeDE1", 18, NULL); INSERT INTO common_asset_details(identifier, symbol, coingecko, cryptocompare, forked, started, swapped_for) VALUES("eip155:1/erc20:0x2162f572B25f7358db9376AB58a947a4e45CeDE1", "LBL", "label-foundation", "LBL", NULL, 1595599633, NULL);
UPDATE common_asset_details SET cryptocompare="OGV" WHERE identifier="eip155:1/erc20:0x9c354503C38481a7A7a51629142963F98eCC12D0";
INSERT INTO assets(identifier, name, type) VALUES("eip155:1/erc20:0x9c354503C38481a7A7a51629142963F98eCC12D0", "Origin Dollar Governance", "C"); INSERT INTO evm_tokens(identifier, token_kind, chain, address, decimals, protocol) VALUES("eip155:1/erc20:0x9c354503C38481a7A7a51629142963F98eCC12D0", "A", 1, "0x9c354503C38481a7A7a51629142963F98eCC12D0", 18, NULL); INSERT INTO common_asset_details(identifier, symbol, coingecko, cryptocompare, forked, started, swapped_for) VALUES("eip155:1/erc20:0x9c354503C38481a7A7a51629142963F98eCC12D0", "OGV", "origin-dollar-governance", "OGV", NULL, 1647993743, NULL);
UPDATE common_asset_details SET cryptocompare="DACXI" WHERE identifier="eip155:1/erc20:0xEfaB7248D36585e2340E5d25F8a8D243E6e3193F";
INSERT INTO assets(identifier, name, type) VALUES("eip155:1/erc20:0xEfaB7248D36585e2340E5d25F8a8D243E6e3193F", "DACXI", "C"); INSERT INTO evm_tokens(identifier, token_kind, chain, address, decimals, protocol) VALUES("eip155:1/erc20:0xEfaB7248D36585e2340E5d25F8a8D243E6e3193F", "A", 1, "0xEfaB7248D36585e2340E5d25F8a8D243E6e3193F", 18, NULL); INSERT INTO common_asset_details(identifier, symbol, coingecko, cryptocompare, forked, started, swapped_for) VALUES("eip155:1/erc20:0xEfaB7248D36585e2340E5d25F8a8D243E6e3193F", "DACXI", "dacxi", "DACXI", NULL, 1605719556, NULL);
UPDATE common_asset_details SET cryptocompare="WLKN" WHERE identifier="WLKN";
INSERT INTO assets(identifier, name, type) VALUES("WLKN", "Walken", "Y"); INSERT INTO common_asset_details(identifier, symbol, coingecko, cryptocompare, forked, started, swapped_for) VALUES("WLKN", "WLKN", "walken", "WLKN", NULL, 1657810920, NULL);
UPDATE common_asset_details SET cryptocompare="LQDR" WHERE identifier="LQDR";
INSERT INTO assets(identifier, name, type) VALUES("LQDR", "Liquid Driver", "W"); INSERT INTO common_asset_details(identifier, symbol, coingecko, cryptocompare, forked, started, swapped_for) VALUES("LQDR", "LQDR", "liquiddriver", "LQDR", NULL, 1620486477, NULL);
UPDATE common_asset_details SET cryptocompare="POPK" WHERE identifier="POPK";
INSERT INTO assets(identifier, name, type) VALUES("POPK", "POPKON", "B"); INSERT INTO common_asset_details(identifier, symbol, coingecko, cryptocompare, forked, started, swapped_for) VALUES("POPK", "POPK", "popkon", "POPK", NULL, 1649484203, NULL);
UPDATE common_asset_details SET cryptocompare="MJT" WHERE identifier="MJT";
INSERT INTO assets(identifier, name, type) VALUES("MJT", "MojitoSwap", "W"); INSERT INTO common_asset_details(identifier, symbol, coingecko, cryptocompare, forked, started, swapped_for) VALUES("MJT", "MJT", "mojitoswap", "MJT", NULL, 1641878361, NULL);
INSERT INTO assets(identifier, name, type) VALUES("MPLX", "Metaplex", "Y"); INSERT INTO common_asset_details(identifier, symbol, coingecko, cryptocompare, forked, started, swapped_for) VALUES("MPLX", "MPLX", "metaplex", "", NULL, 1663646540, NULL);
*
INSERT INTO assets(identifier, name, type) VALUES("CMP", "Caduceus", "B"); INSERT INTO common_asset_details(identifier, symbol, coingecko, cryptocompare, forked, started, swapped_for) VALUES("CMP", "CMP", "caduceus", "", NULL, 1658811653, NULL);
*
INSERT INTO assets(identifier, name, type) VALUES("NEER", "Metaverse.Network Pioneer", "W"); INSERT INTO common_asset_details(identifier, symbol, coingecko, cryptocompare, forked, started, swapped_for) VALUES("NEER", "NEER", "metaverse-network-pioneer", "NEER", NULL, 1662976997, NULL);
*
INSERT INTO assets(identifier, name, type) VALUES("NODL", "Nodle Network", "W"); INSERT INTO common_asset_details(identifier, symbol, coingecko, cryptocompare, forked, started, swapped_for) VALUES("NODL", "NODL", "nodle-network", "", NULL, 1661490029, NULL);
*
INSERT INTO assets(identifier, name, type) VALUES("BSX", "Basilisk", "W"); INSERT INTO common_asset_details(identifier, symbol, coingecko, cryptocompare, forked, started, swapped_for) VALUES("BSX", "BSX", "basilisk", "", NULL, 1660273211, NULL);
*
INSERT INTO assets(identifier, name, type) VALUES("JUNO", "JUNO", "W"); INSERT INTO common_asset_details(identifier, symbol, coingecko, cryptocompare, forked, started, swapped_for) VALUES("JUNO", "JUNO", "juno-network", "JUNO", NULL, 1634781611, NULL);
*
UPDATE common_asset_details SET coingecko="rhinofi" WHERE identifier="eip155:1/erc20:0xDDdddd4301A082e62E84e43F474f044423921918";
INSERT INTO assets(identifier, name, type) VALUES("eip155:1/erc20:0xDDdddd4301A082e62E84e43F474f044423921918", "DeversiFi Token", "C"); INSERT INTO evm_tokens(identifier, token_kind, chain, address, decimals, protocol) VALUES("eip155:1/erc20:0xDDdddd4301A082e62E84e43F474f044423921918", "A", 1, "0xDDdddd4301A082e62E84e43F474f044423921918", 18, NULL); INSERT INTO common_asset_details(identifier, symbol, coingecko, cryptocompare, forked, started, swapped_for) VALUES("eip155:1/erc20:0xDDdddd4301A082e62E84e43F474f044423921918", "DVF", "rhinofi", "DVF", NULL, 1615354524, NULL);
UPDATE common_asset_details SET coingecko="paxos-standard", cryptocompare="USDP" WHERE identifier="eip155:1/erc20:0x1456688345527bE1f37E9e627DA0837D6f08C925";
INSERT INTO assets(identifier, name, type) VALUES("eip155:1/erc20:0x1456688345527bE1f37E9e627DA0837D6f08C925", "USDP Stablecoin", "C"); INSERT INTO evm_tokens(identifier, token_kind, chain, address, decimals, protocol) VALUES("eip155:1/erc20:0x1456688345527bE1f37E9e627DA0837D6f08C925", "A", 1, "0x1456688345527bE1f37E9e627DA0837D6f08C925", 18, NULL); INSERT INTO common_asset_details(identifier, symbol, coingecko, cryptocompare, forked, started, swapped_for) VALUES("eip155:1/erc20:0x1456688345527bE1f37E9e627DA0837D6f08C925", "USDP", "paxos-standard", "USDP", NULL, 1606152323, NULL);
UPDATE common_asset_details SET coingecko="redacted" WHERE identifier="eip155:1/erc20:0xC0d4Ceb216B3BA9C3701B291766fDCbA977ceC3A";
INSERT INTO assets(identifier, name, type) VALUES("eip155:1/erc20:0xC0d4Ceb216B3BA9C3701B291766fDCbA977ceC3A", "BTRFLY", "C"); INSERT INTO evm_tokens(identifier, token_kind, chain, address, decimals, protocol) VALUES("eip155:1/erc20:0xC0d4Ceb216B3BA9C3701B291766fDCbA977ceC3A", "A", 1, "0xC0d4Ceb216B3BA9C3701B291766fDCbA977ceC3A", 9, NULL); INSERT INTO common_asset_details(identifier, symbol, coingecko, cryptocompare, forked, started, swapped_for) VALUES("eip155:1/erc20:0xC0d4Ceb216B3BA9C3701B291766fDCbA977ceC3A", "BTRFLY", "redacted", "BTRFLY", NULL, 1639526491, NULL);
UPDATE common_asset_details SET coingecko="alchemix-eth" WHERE identifier="eip155:1/erc20:0x0100546F2cD4C9D97f798fFC9755E47865FF7Ee6";
INSERT INTO assets(identifier, name, type) VALUES("eip155:1/erc20:0x0100546F2cD4C9D97f798fFC9755E47865FF7Ee6", "Alchemix ETH", "C"); INSERT INTO evm_tokens(identifier, token_kind, chain, address, decimals, protocol) VALUES("eip155:1/erc20:0x0100546F2cD4C9D97f798fFC9755E47865FF7Ee6", "A", 1, "0x0100546F2cD4C9D97f798fFC9755E47865FF7Ee6", 18, NULL); INSERT INTO common_asset_details(identifier, symbol, coingecko, cryptocompare, forked, started, swapped_for) VALUES("eip155:1/erc20:0x0100546F2cD4C9D97f798fFC9755E47865FF7Ee6", "alETH", "alchemix-eth", "", NULL, 1623421341, NULL);
UPDATE common_asset_details SET cryptocompare="URQA" WHERE identifier="eip155:1/erc20:0x1735Db6AB5BAa19eA55d0AdcEeD7bcDc008B3136";
INSERT INTO assets(identifier, name, type) VALUES("eip155:1/erc20:0x1735Db6AB5BAa19eA55d0AdcEeD7bcDc008B3136", "UREEQA Token", "C"); INSERT INTO evm_tokens(identifier, token_kind, chain, address, decimals, protocol) VALUES("eip155:1/erc20:0x1735Db6AB5BAa19eA55d0AdcEeD7bcDc008B3136", "A", 1, "0x1735Db6AB5BAa19eA55d0AdcEeD7bcDc008B3136", 18, NULL); INSERT INTO common_asset_details(identifier, symbol, coingecko, cryptocompare, forked, started, swapped_for) VALUES("eip155:1/erc20:0x1735Db6AB5BAa19eA55d0AdcEeD7bcDc008B3136", "URQA", "ureeqa", "URQA", NULL, 1617195851, NULL);
UPDATE common_asset_details SET cryptocompare="LEVER" WHERE identifier="eip155:1/erc20:0x4B5f49487ea7B3609b1aD05459BE420548789f1f";
INSERT INTO assets(identifier, name, type) VALUES("eip155:1/erc20:0x4B5f49487ea7B3609b1aD05459BE420548789f1f", "Lever", "C"); INSERT INTO evm_tokens(identifier, token_kind, chain, address, decimals, protocol) VALUES("eip155:1/erc20:0x4B5f49487ea7B3609b1aD05459BE420548789f1f", "A", 1, "0x4B5f49487ea7B3609b1aD05459BE420548789f1f", 18, NULL); INSERT INTO common_asset_details(identifier, symbol, coingecko, cryptocompare, forked, started, swapped_for) VALUES("eip155:1/erc20:0x4B5f49487ea7B3609b1aD05459BE420548789f1f", "LEVER", "lever", "LEVER", NULL, 1651479075, NULL);
INSERT INTO assets(identifier, name, type) VALUES("eip155:56/erc20:0x734548a9e43d2D564600b1B2ed5bE9C2b911c6aB", "Meta Apes Peel", "C"); INSERT INTO evm_tokens(identifier, token_kind, chain, address, decimals, protocol) VALUES("eip155:56/erc20:0x734548a9e43d2D564600b1B2ed5bE9C2b911c6aB", "A", 56, "0x734548a9e43d2D564600b1B2ed5bE9C2b911c6aB", 18, NULL); INSERT INTO common_asset_details(identifier, symbol, coingecko, cryptocompare, forked, started, swapped_for) VALUES("eip155:56/erc20:0x734548a9e43d2D564600b1B2ed5bE9C2b911c6aB", "PEEL", "meta-apes-peel", "UFT", NULL, 1653888332, NULL);
*
UPDATE common_asset_details SET coingecko="shopping-io-token" WHERE identifier="eip155:1/erc20:0x9B02dD390a603Add5c07f9fd9175b7DABE8D63B7";
INSERT INTO assets(identifier, name, type) VALUES("eip155:1/erc20:0x9B02dD390a603Add5c07f9fd9175b7DABE8D63B7", "Shopping.io", "C"); INSERT INTO evm_tokens(identifier, token_kind, chain, address, decimals, protocol) VALUES("eip155:1/erc20:0x9B02dD390a603Add5c07f9fd9175b7DABE8D63B7", "A", 1, "0x9B02dD390a603Add5c07f9fd9175b7DABE8D63B7", 18, NULL); INSERT INTO common_asset_details(identifier, symbol, coingecko, cryptocompare, forked, started, swapped_for) VALUES("eip155:1/erc20:0x9B02dD390a603Add5c07f9fd9175b7DABE8D63B7", "SPI", "shopping-io-token", "SPI", NULL, 1607010551, NULL);
UPDATE common_asset_details SET coingecko="cnh-tether" WHERE identifier="eip155:1/erc20:0x6E109E9dD7Fa1a58BC3eff667e8e41fC3cc07AEF";
INSERT INTO assets(identifier, name, type) VALUES("eip155:1/erc20:0x6E109E9dD7Fa1a58BC3eff667e8e41fC3cc07AEF", "Tether CNH", "C"); INSERT INTO evm_tokens(identifier, token_kind, chain, address, decimals, protocol) VALUES("eip155:1/erc20:0x6E109E9dD7Fa1a58BC3eff667e8e41fC3cc07AEF", "A", 1, "0x6E109E9dD7Fa1a58BC3eff667e8e41fC3cc07AEF", 6, NULL); INSERT INTO common_asset_details(identifier, symbol, coingecko, cryptocompare, forked, started, swapped_for) VALUES("eip155:1/erc20:0x6E109E9dD7Fa1a58BC3eff667e8e41fC3cc07AEF", "CNHT", "cnh-tether", "", NULL, 1555159152, NULL);
INSERT INTO assets(identifier, name, type) VALUES("FDM", "Fandom", "W"); INSERT INTO common_asset_details(identifier, symbol, coingecko, cryptocompare, forked, started, swapped_for) VALUES("FDM", "FDM", "fandom", "FDM", NULL, 1658502062, NULL);
*
INSERT INTO assets(identifier, name, type) VALUES("KLEVA", "Kleva", "W"); INSERT INTO common_asset_details(identifier, symbol, coingecko, cryptocompare, forked, started, swapped_for) VALUES("KLEVA", "KLEVA", "kleva", "", NULL, 1663053708, NULL);
*
INSERT INTO assets(identifier, name, type) VALUES("KUSD", "Kolibri USD", "W"); INSERT INTO common_asset_details(identifier, symbol, coingecko, cryptocompare, forked, started, swapped_for) VALUES("KUSD", "KUSD", "kolibri-usd", "", NULL, 1635300000, NULL);
*
INSERT INTO assets(identifier, name, type) VALUES("MOR", "Moreal", "W"); INSERT INTO common_asset_details(identifier, symbol, coingecko, cryptocompare, forked, started, swapped_for) VALUES("MOR", "MOR", "moreal", "", NULL, 1663135530, NULL);
*
INSERT INTO assets(identifier, name, type) VALUES("UZRS", "UZUROCKS", "W"); INSERT INTO common_asset_details(identifier, symbol, coingecko, cryptocompare, forked, started, swapped_for) VALUES("UZRS", "UZRS", "uzurocks", "", NULL, 1664262004, NULL);
*
INSERT INTO assets(identifier, name, type) VALUES("eip155:1/erc20:0x1977bE49C33dFacF6590C16ca9a9CfA0463f663c", "DoRen", "C"); INSERT INTO evm_tokens(identifier, token_kind, chain, address, decimals, protocol) VALUES("eip155:1/erc20:0x1977bE49C33dFacF6590C16ca9a9CfA0463f663c", "A", 1, "0x1977bE49C33dFacF6590C16ca9a9CfA0463f663c", 18, NULL); INSERT INTO common_asset_details(identifier, symbol, coingecko, cryptocompare, forked, started, swapped_for) VALUES("eip155:1/erc20:0x1977bE49C33dFacF6590C16ca9a9CfA0463f663c", "DRE", "doren", "DRE", NULL, 1616489524, NULL);
*
INSERT INTO assets(identifier, name, type) VALUES("eip155:1/erc20:0xD1E06952708771f71E6dd18F06EE418F6e8FC564", "GazeTV", "C"); INSERT INTO evm_tokens(identifier, token_kind, chain, address, decimals, protocol) VALUES("eip155:1/erc20:0xD1E06952708771f71E6dd18F06EE418F6e8FC564", "A", 1, "0xD1E06952708771f71E6dd18F06EE418F6e8FC564", 18, NULL); INSERT INTO common_asset_details(identifier, symbol, coingecko, cryptocompare, forked, started, swapped_for) VALUES("eip155:1/erc20:0xD1E06952708771f71E6dd18F06EE418F6e8FC564", "GAZE", "gazetv", "GAZE", NULL, 1605845649, NULL);
*
INSERT INTO assets(identifier, name, type) VALUES("eip155:56/erc20:0x71E4e5168CE91eF956DD5Bb80dB391e400aA325F", "HolderMoon", "C"); INSERT INTO evm_tokens(identifier, token_kind, chain, address, decimals, protocol) VALUES("eip155:56/erc20:0x71E4e5168CE91eF956DD5Bb80dB391e400aA325F", "A", 56, "0x71E4e5168CE91eF956DD5Bb80dB391e400aA325F", 9, NULL); INSERT INTO common_asset_details(identifier, symbol, coingecko, cryptocompare, forked, started, swapped_for) VALUES("eip155:56/erc20:0x71E4e5168CE91eF956DD5Bb80dB391e400aA325F", "HLM", "holdermoon", "GAZE", NULL, 1633739852, NULL);
*
UPDATE common_asset_details SET cryptocompare="MASK" WHERE identifier="eip155:1/erc20:0x69af81e73A73B40adF4f3d4223Cd9b1ECE623074";
INSERT INTO assets(identifier, name, type) VALUES("eip155:1/erc20:0x69af81e73A73B40adF4f3d4223Cd9b1ECE623074", "Mask Network", "C"); INSERT INTO evm_tokens(identifier, token_kind, chain, address, decimals, protocol) VALUES("eip155:1/erc20:0x69af81e73A73B40adF4f3d4223Cd9b1ECE623074", "A", 1, "0x69af81e73A73B40adF4f3d4223Cd9b1ECE623074", 18, NULL); INSERT INTO common_asset_details(identifier, symbol, coingecko, cryptocompare, forked, started, swapped_for) VALUES("eip155:1/erc20:0x69af81e73A73B40adF4f3d4223Cd9b1ECE623074", "MASK", "mask-network", "MASK", NULL, 1613723201, NULL);
UPDATE common_asset_details SET cryptocompare="PLD" WHERE identifier="PLD";
INSERT INTO assets(identifier, name, type) VALUES("PLD", "Plutonian DAO", "Y"); INSERT INTO common_asset_details(identifier, symbol, coingecko, cryptocompare, forked, started, swapped_for) VALUES("PLD", "PLD", "plutonian-dao", "PLD", NULL, 1651325061, NULL);
INSERT INTO assets(identifier, name, type) VALUES("eip155:1/erc20:0x1aBaEA1f7C830bD89Acc67eC4af516284b1bC33c", "Euro Coin", "C"); INSERT INTO evm_tokens(identifier, token_kind, chain, address, decimals, protocol) VALUES("eip155:1/erc20:0x1aBaEA1f7C830bD89Acc67eC4af516284b1bC33c", "A", 1, "0x1aBaEA1f7C830bD89Acc67eC4af516284b1bC33c", 6, NULL); INSERT INTO common_asset_details(identifier, symbol, coingecko, cryptocompare, forked, started, swapped_for) VALUES("eip155:1/erc20:0x1aBaEA1f7C830bD89Acc67eC4af516284b1bC33c", "EUROC", "euro-coin", "EUROC", NULL, 1652995438, NULL);
*
INSERT INTO assets(identifier, name, type) VALUES("eip155:1/erc20:0xFCc5c47bE19d06BF83eB04298b026F81069ff65b", "Yearn CRV", "C"); INSERT INTO evm_tokens(identifier, token_kind, chain, address, decimals, protocol) VALUES("eip155:1/erc20:0xFCc5c47bE19d06BF83eB04298b026F81069ff65b", "A", 1, "0xFCc5c47bE19d06BF83eB04298b026F81069ff65b", 18, NULL); INSERT INTO common_asset_details(identifier, symbol, coingecko, cryptocompare, forked, started, swapped_for) VALUES("eip155:1/erc20:0xFCc5c47bE19d06BF83eB04298b026F81069ff65b", "yCRV", "yearn-crv", "", NULL, 1664283143, NULL);
*
INSERT INTO assets(identifier, name, type) VALUES("eip155:1/erc20:0x27B5739e22ad9033bcBf192059122d163b60349D", "Staked Yearn CRV Vault", "C"); INSERT INTO evm_tokens(identifier, token_kind, chain, address, decimals, protocol) VALUES("eip155:1/erc20:0x27B5739e22ad9033bcBf192059122d163b60349D", "A", 1, "0x27B5739e22ad9033bcBf192059122d163b60349D", 18, NULL); INSERT INTO common_asset_details(identifier, symbol, coingecko, cryptocompare, forked, started, swapped_for) VALUES("eip155:1/erc20:0x27B5739e22ad9033bcBf192059122d163b60349D", "st-yCRV", "staked-yearn-crv-vault", "", NULL, 1664285315, NULL);
*
INSERT INTO assets(identifier, name, type) VALUES("eip155:1/erc20:0xc97232527B62eFb0D8ed38CF3EA103A6CcA4037e", "LP Yearn CRV Vault", "C"); INSERT INTO evm_tokens(identifier, token_kind, chain, address, decimals, protocol) VALUES("eip155:1/erc20:0xc97232527B62eFb0D8ed38CF3EA103A6CcA4037e", "A", 1, "0xc97232527B62eFb0D8ed38CF3EA103A6CcA4037e", 18, NULL); INSERT INTO common_asset_details(identifier, symbol, coingecko, cryptocompare, forked, started, swapped_for) VALUES("eip155:1/erc20:0xc97232527B62eFb0D8ed38CF3EA103A6CcA4037e", "lp-yCRV", "lp-yearn-crv-vault", "", NULL, 1664285303, NULL);
*
INSERT INTO assets(identifier, name, type) VALUES("eip155:42161/erc20:0xfc5A1A6EB076a2C7aD06eD22C90d7E710E35ad0a", "GMX", "C"); INSERT INTO evm_tokens(identifier, token_kind, chain, address, decimals, protocol) VALUES("eip155:42161/erc20:0xfc5A1A6EB076a2C7aD06eD22C90d7E710E35ad0a", "A", 42161, "0xfc5A1A6EB076a2C7aD06eD22C90d7E710E35ad0a", 18, NULL); INSERT INTO common_asset_details(identifier, symbol, coingecko, cryptocompare, forked, started, swapped_for) VALUES("eip155:42161/erc20:0xfc5A1A6EB076a2C7aD06eD22C90d7E710E35ad0a", "GMX", "gmx", "GMX", NULL, 1626958493, NULL);
*
INSERT INTO assets(identifier, name, type) VALUES("eip155:43114/erc20:0x31c994AC062C1970C086260Bc61babB708643fAc", "XANA", "C"); INSERT INTO evm_tokens(identifier, token_kind, chain, address, decimals, protocol) VALUES("eip155:43114/erc20:0x31c994AC062C1970C086260Bc61babB708643fAc", "A", 43114, "0x31c994AC062C1970C086260Bc61babB708643fAc", 18, NULL); INSERT INTO common_asset_details(identifier, symbol, coingecko, cryptocompare, forked, started, swapped_for) VALUES("eip155:43114/erc20:0x31c994AC062C1970C086260Bc61babB708643fAc", "XETA", "xana", "XETA", NULL, 1658071888, NULL);
*
INSERT INTO assets(identifier, name, type) VALUES("eip155:1/erc20:0x0ab87046fBb341D058F17CBC4c1133F25a20a52f", "Governance OHM", "C"); INSERT INTO evm_tokens(identifier, token_kind, chain, address, decimals, protocol) VALUES("eip155:1/erc20:0x0ab87046fBb341D058F17CBC4c1133F25a20a52f", "A", 1, "0x0ab87046fBb341D058F17CBC4c1133F25a20a52f", 18, NULL); INSERT INTO common_asset_details(identifier, symbol, coingecko, cryptocompare, forked, started, swapped_for) VALUES("eip155:1/erc20:0x0ab87046fBb341D058F17CBC4c1133F25a20a52f", "gOHM", "governance-ohm", "gOHM", NULL, 1637726104, NULL);
*
INSERT INTO assets(identifier, name, type) VALUES("eip155:1/erc20:0x4332f8A38f14BD3D8D1553aF27D7c7Ac6C27278D", "Ape Finance", "C"); INSERT INTO evm_tokens(identifier, token_kind, chain, address, decimals, protocol) VALUES("eip155:1/erc20:0x4332f8A38f14BD3D8D1553aF27D7c7Ac6C27278D", "A", 1, "0x4332f8A38f14BD3D8D1553aF27D7c7Ac6C27278D", 18, NULL); INSERT INTO common_asset_details(identifier, symbol, coingecko, cryptocompare, forked, started, swapped_for) VALUES("eip155:1/erc20:0x4332f8A38f14BD3D8D1553aF27D7c7Ac6C27278D", "APEFI", "ape-finance", "", NULL, 1652704674, NULL);
*
INSERT INTO assets(identifier, name, type) VALUES("eip155:1/erc20:0x41D5D79431A913C4aE7d69a668ecdfE5fF9DFB68", "Inverse DAO", "C"); INSERT INTO evm_tokens(identifier, token_kind, chain, address, decimals, protocol) VALUES("eip155:1/erc20:0x41D5D79431A913C4aE7d69a668ecdfE5fF9DFB68", "A", 1, "0x41D5D79431A913C4aE7d69a668ecdfE5fF9DFB68", 18, NULL); INSERT INTO common_asset_details(identifier, symbol, coingecko, cryptocompare, forked, started, swapped_for) VALUES("eip155:1/erc20:0x41D5D79431A913C4aE7d69a668ecdfE5fF9DFB68", "INV", "inverse-finance", "INV", NULL, 1608575013, NULL);
*
INSERT INTO assets(identifier, name, type) VALUES("eip155:1/erc20:0x2a3bFF78B79A009976EeA096a51A948a3dC00e34", "Wilder", "C"); INSERT INTO evm_tokens(identifier, token_kind, chain, address, decimals, protocol) VALUES("eip155:1/erc20:0x2a3bFF78B79A009976EeA096a51A948a3dC00e34", "A", 1, "0x2a3bFF78B79A009976EeA096a51A948a3dC00e34", 18, NULL); INSERT INTO common_asset_details(identifier, symbol, coingecko, cryptocompare, forked, started, swapped_for) VALUES("eip155:1/erc20:0x2a3bFF78B79A009976EeA096a51A948a3dC00e34", "WILD", "wilder-world", "WILD", NULL, 1620414989, NULL);
*
INSERT INTO assets(identifier, name, type) VALUES("APT", "Aptos", "B"); INSERT INTO common_asset_details(identifier, symbol, coingecko, cryptocompare, forked, started, swapped_for) VALUES("APT", "APT", "aptos", "APT", NULL, 1666148633, NULL);
*
INSERT INTO assets(identifier, name, type) VALUES("POKT", "Pocket Network", "B"); INSERT INTO common_asset_details(identifier, symbol, coingecko, cryptocompare, forked, started, swapped_for) VALUES("POKT", "POKT", "pocket-network", "POKT", NULL, 1641949200, NULL);
*
INSERT INTO assets(identifier, name, type) VALUES("XPLA", "XPLA", "B"); INSERT INTO common_asset_details(identifier, symbol, coingecko, cryptocompare, forked, started, swapped_for) VALUES("XPLA", "XPLA", "xpla", "", NULL, 1666375343, NULL);
*
INSERT INTO assets(identifier, name, type) VALUES("eip155:1/erc20:0x6988A804C74Fd04F37DA1EA4781CEa68c9C00F86", "Tribal Token", "C"); INSERT INTO evm_tokens(identifier, token_kind, chain, address, decimals, protocol) VALUES("eip155:1/erc20:0x6988A804C74Fd04F37DA1EA4781CEa68c9C00F86", "A", 1, "0x6988A804C74Fd04F37DA1EA4781CEa68c9C00F86", 18, NULL); INSERT INTO common_asset_details(identifier, symbol, coingecko, cryptocompare, forked, started, swapped_for) VALUES("eip155:1/erc20:0x6988A804C74Fd04F37DA1EA4781CEa68c9C00F86", "TRIBL", "tribal-token", "TRIBL", NULL, 1659640005, NULL);
*
INSERT INTO assets(identifier, name, type) VALUES("eip155:1/erc20:0x881Ba05de1E78f549cC63a8f6Cabb1d4AD32250D", "00 Token", "C"); INSERT INTO evm_tokens(identifier, token_kind, chain, address, decimals, protocol) VALUES("eip155:1/erc20:0x881Ba05de1E78f549cC63a8f6Cabb1d4AD32250D", "A", 1, "0x881Ba05de1E78f549cC63a8f6Cabb1d4AD32250D", 18, NULL); INSERT INTO common_asset_details(identifier, symbol, coingecko, cryptocompare, forked, started, swapped_for) VALUES("eip155:1/erc20:0x881Ba05de1E78f549cC63a8f6Cabb1d4AD32250D", "00", "zer0zer0", "00", NULL, 1650557529, NULL);
*
INSERT INTO assets(identifier, name, type) VALUES("eip155:56/erc20:0xfEB4e9B932eF708c498Cc997ABe51D0EE39300cf", "GetKicks", "C"); INSERT INTO evm_tokens(identifier, token_kind, chain, address, decimals, protocol) VALUES("eip155:56/erc20:0xfEB4e9B932eF708c498Cc997ABe51D0EE39300cf", "A", 56, "0xfEB4e9B932eF708c498Cc997ABe51D0EE39300cf", 18, NULL); INSERT INTO common_asset_details(identifier, symbol, coingecko, cryptocompare, forked, started, swapped_for) VALUES("eip155:56/erc20:0xfEB4e9B932eF708c498Cc997ABe51D0EE39300cf", "KICKS", "getkicks", "", NULL, 1665418905, NULL);
*
INSERT INTO assets(identifier, name, type) VALUES("eip155:1/erc20:0x4b13006980aCB09645131b91D259eaA111eaF5Ba", "Mycelium", "C"); INSERT INTO evm_tokens(identifier, token_kind, chain, address, decimals, protocol) VALUES("eip155:1/erc20:0x4b13006980aCB09645131b91D259eaA111eaF5Ba", "A", 1, "0x4b13006980aCB09645131b91D259eaA111eaF5Ba", 18, NULL); INSERT INTO common_asset_details(identifier, symbol, coingecko, cryptocompare, forked, started, swapped_for) VALUES("eip155:1/erc20:0x4b13006980aCB09645131b91D259eaA111eaF5Ba", "MYC", "mycelium", "", NULL, 1660182677, NULL);
*
INSERT INTO assets(identifier, name, type) VALUES("eip155:42161/erc20:0xC74fE4c715510Ec2F8C61d70D397B32043F55Abe", "Mycelium", "C"); INSERT INTO evm_tokens(identifier, token_kind, chain, address, decimals, protocol) VALUES("eip155:42161/erc20:0xC74fE4c715510Ec2F8C61d70D397B32043F55Abe", "A", 42161, "0xC74fE4c715510Ec2F8C61d70D397B32043F55Abe", 18, NULL); INSERT INTO common_asset_details(identifier, symbol, coingecko, cryptocompare, forked, started, swapped_for) VALUES("eip155:42161/erc20:0xC74fE4c715510Ec2F8C61d70D397B32043F55Abe", "MYC", "mycelium", "", NULL, 1660277009, NULL);
*
INSERT INTO assets(identifier, name, type) VALUES("eip155:1/erc20:0x1a7e4e63778B4f12a199C062f3eFdD288afCBce8", "agEUR", "C"); INSERT INTO evm_tokens(identifier, token_kind, chain, address, decimals, protocol) VALUES("eip155:1/erc20:0x1a7e4e63778B4f12a199C062f3eFdD288afCBce8", "A", 1, "0x1a7e4e63778B4f12a199C062f3eFdD288afCBce8", 18, NULL); INSERT INTO common_asset_details(identifier, symbol, coingecko, cryptocompare, forked, started, swapped_for) VALUES("eip155:1/erc20:0x1a7e4e63778B4f12a199C062f3eFdD288afCBce8", "agEUR", "ageur", "AGEUR", NULL, 1634982805, NULL);
*
INSERT INTO assets(identifier, name, type) VALUES("eip155:42220/erc20:0xD8763CBa276a3738E6DE85b4b3bF5FDed6D6cA73", "Celo Euro", "C"); INSERT INTO evm_tokens(identifier, token_kind, chain, address, decimals, protocol) VALUES("eip155:42220/erc20:0xD8763CBa276a3738E6DE85b4b3bF5FDed6D6cA73", "A", 42220, "0xD8763CBa276a3738E6DE85b4b3bF5FDed6D6cA73", 18, NULL); INSERT INTO common_asset_details(identifier, symbol, coingecko, cryptocompare, forked, started, swapped_for) VALUES("eip155:42220/erc20:0xD8763CBa276a3738E6DE85b4b3bF5FDed6D6cA73", "cEUR", "celo-euro", "CEUR", NULL, 1615767215, NULL);
*
INSERT INTO assets(identifier, name, type) VALUES("PARA", "Parallel Finance", "W"); INSERT INTO common_asset_details(identifier, symbol, coingecko, cryptocompare, forked, started, swapped_for) VALUES("PARA", "PARA", "parallel-finance", "PARALL", NULL, 1662624033, NULL);
*
INSERT INTO assets(identifier, name, type) VALUES("eip155:250/erc20:0x841FAD6EAe12c286d1Fd18d1d525DFfA75C7EFFE", "SpookyToken", "C"); INSERT INTO evm_tokens(identifier, token_kind, chain, address, decimals, protocol) VALUES("eip155:250/erc20:0x841FAD6EAe12c286d1Fd18d1d525DFfA75C7EFFE", "A", 250, "0x841FAD6EAe12c286d1Fd18d1d525DFfA75C7EFFE", 18, NULL); INSERT INTO common_asset_details(identifier, symbol, coingecko, cryptocompare, forked, started, swapped_for) VALUES("eip155:250/erc20:0x841FAD6EAe12c286d1Fd18d1d525DFfA75C7EFFE", "BOO", "spookyswap", "BOO", NULL, 1619353578, NULL);
*
INSERT INTO assets(identifier, name, type) VALUES("eip155:1/erc20:0x9fa69536d1cda4A04cFB50688294de75B505a9aE", "DeRace Token", "C"); INSERT INTO evm_tokens(identifier, token_kind, chain, address, decimals, protocol) VALUES("eip155:1/erc20:0x9fa69536d1cda4A04cFB50688294de75B505a9aE", "A", 1, "0x9fa69536d1cda4A04cFB50688294de75B505a9aE", 18, NULL); INSERT INTO common_asset_details(identifier, symbol, coingecko, cryptocompare, forked, started, swapped_for) VALUES("eip155:1/erc20:0x9fa69536d1cda4A04cFB50688294de75B505a9aE", "DERC", "derace", "DERC", NULL, 1626976430, NULL);
*
INSERT INTO assets(identifier, name, type) VALUES("eip155:56/erc20:0x373E768f79c820aA441540d254dCA6d045c6d25b", "DeRace Token", "C"); INSERT INTO evm_tokens(identifier, token_kind, chain, address, decimals, protocol) VALUES("eip155:56/erc20:0x373E768f79c820aA441540d254dCA6d045c6d25b", "A", 56, "0x373E768f79c820aA441540d254dCA6d045c6d25b", 18, NULL); INSERT INTO common_asset_details(identifier, symbol, coingecko, cryptocompare, forked, started, swapped_for) VALUES("eip155:56/erc20:0x373E768f79c820aA441540d254dCA6d045c6d25b", "DERC", "derace", "DERC", NULL, 1627900369, NULL);
*
INSERT INTO assets(identifier, name, type) VALUES("eip155:137/erc20:0xB35fcBCF1fD489fCe02Ee146599e893FDCdC60e6", "DeRace Token", "C"); INSERT INTO evm_tokens(identifier, token_kind, chain, address, decimals, protocol) VALUES("eip155:137/erc20:0xB35fcBCF1fD489fCe02Ee146599e893FDCdC60e6", "A", 137, "0xB35fcBCF1fD489fCe02Ee146599e893FDCdC60e6", 18, NULL); INSERT INTO common_asset_details(identifier, symbol, coingecko, cryptocompare, forked, started, swapped_for) VALUES("eip155:137/erc20:0xB35fcBCF1fD489fCe02Ee146599e893FDCdC60e6", "DERC", "derace", "DERC", NULL, NULL, NULL);
*
INSERT INTO assets(identifier, name, type) VALUES("SWP", "Kava Swap", "W"); INSERT INTO common_asset_details(identifier, symbol, coingecko, cryptocompare, forked, started, swapped_for) VALUES("SWP", "SWP", "kava-swap", "SWP", NULL, 1630548000, NULL);
*
UPDATE common_asset_details SET symbol="MUNT" WHERE identifier="NLG";
INSERT INTO assets(identifier, name, type) VALUES("NLG", "Munt", "B"); INSERT INTO common_asset_details(identifier, symbol, coingecko, cryptocompare, forked, started, swapped_for) VALUES("NLG", "MUNT", "gulden", "", NULL, 1396396800, NULL);
UPDATE assets SET name="Munt" WHERE identifier="NLG";
INSERT INTO assets(identifier, name, type) VALUES("NLG", "Munt", "B"); INSERT INTO common_asset_details(identifier, symbol, coingecko, cryptocompare, forked, started, swapped_for) VALUES("NLG", "MUNT", "gulden", "", NULL, 1396396800, NULL);
INSERT INTO assets(identifier, name, type) VALUES("eip155:250/erc20:0xc60D7067dfBc6f2caf30523a064f416A5Af52963", "Treeb", "C"); INSERT INTO evm_tokens(identifier, token_kind, chain, address, decimals, protocol) VALUES("eip155:250/erc20:0xc60D7067dfBc6f2caf30523a064f416A5Af52963", "A", 250, "0xc60D7067dfBc6f2caf30523a064f416A5Af52963", 18, NULL); INSERT INTO common_asset_details(identifier, symbol, coingecko, cryptocompare, forked, started, swapped_for) VALUES("eip155:250/erc20:0xc60D7067dfBc6f2caf30523a064f416A5Af52963", "TREEB", "treeb", "TREEB", NULL, NULL, NULL);
*
INSERT INTO assets(identifier, name, type) VALUES("SMR", "Shimmer", "B"); INSERT INTO common_asset_details(identifier, symbol, coingecko, cryptocompare, forked, started, swapped_for) VALUES("SMR", "MUNT", "shimmer", "SMR", NULL, 1664474634, NULL);
*
INSERT INTO assets(identifier, name, type) VALUES("POLYX", "Polymesh", "W"); INSERT INTO common_asset_details(identifier, symbol, coingecko, cryptocompare, forked, started, swapped_for) VALUES("POLYX", "POLYX", "polymesh", "POLYX", NULL, 1653530400, NULL);
*
UPDATE evm_tokens SET protocol="curve_pool" WHERE identifier="eip155:1/erc20:0xEcd5e75AFb02eFa118AF914515D6521aaBd189F1";
INSERT INTO assets(identifier, name, type) VALUES("eip155:1/erc20:0xEcd5e75AFb02eFa118AF914515D6521aaBd189F1", "Curve.fi Factory USD Metapool: TrueUSD", "C"); INSERT INTO evm_tokens(identifier, token_kind, chain, address, decimals, protocol) VALUES("eip155:1/erc20:0xEcd5e75AFb02eFa118AF914515D6521aaBd189F1", "A", 1, "0xEcd5e75AFb02eFa118AF914515D6521aaBd189F1", 18, NULL); INSERT INTO common_asset_details(identifier, symbol, coingecko, cryptocompare, forked, started, swapped_for) VALUES("eip155:1/erc20:0xEcd5e75AFb02eFa118AF914515D6521aaBd189F1", "TUSD3CRV-f", "", "", NULL, 1615328764, NULL);
UPDATE evm_tokens SET protocol="curve_pool" WHERE identifier="eip155:1/erc20:0xEd279fDD11cA84bEef15AF5D39BB4d4bEE23F0cA";
INSERT INTO assets(identifier, name, type) VALUES("eip155:1/erc20:0xEd279fDD11cA84bEef15AF5D39BB4d4bEE23F0cA", "Curve.fi Factory USD Metapool: Liquity", "C"); INSERT INTO evm_tokens(identifier, token_kind, chain, address, decimals, protocol) VALUES("eip155:1/erc20:0xEd279fDD11cA84bEef15AF5D39BB4d4bEE23F0cA", "A", 1, "0xEd279fDD11cA84bEef15AF5D39BB4d4bEE23F0cA", 18, NULL); INSERT INTO common_asset_details(identifier, symbol, coingecko, cryptocompare, forked, started, swapped_for) VALUES("eip155:1/erc20:0xEd279fDD11cA84bEef15AF5D39BB4d4bEE23F0cA", "LUSD3CRV-f", "", "", NULL, 1617695155, NULL);
UPDATE evm_tokens SET protocol="curve_pool" WHERE identifier="eip155:1/erc20:0xd632f22692FaC7611d2AA1C0D552930D43CAEd3B";
INSERT INTO assets(identifier, name, type) VALUES("eip155:1/erc20:0xd632f22692FaC7611d2AA1C0D552930D43CAEd3B", "Curve.fi Factory USD Metapool: Frax", "C"); INSERT INTO evm_tokens(identifier, token_kind, chain, address, decimals, protocol) VALUES("eip155:1/erc20:0xd632f22692FaC7611d2AA1C0D552930D43CAEd3B", "A", 1, "0xd632f22692FaC7611d2AA1C0D552930D43CAEd3B", 18, NULL); INSERT INTO common_asset_details(identifier, symbol, coingecko, cryptocompare, forked, started, swapped_for) VALUES("eip155:1/erc20:0xd632f22692FaC7611d2AA1C0D552930D43CAEd3B", "FRAX3CRV-f", "", "", NULL, 1614820439, NULL);
UPDATE evm_tokens SET protocol="curve_pool" WHERE identifier="eip155:1/erc20:0x4807862AA8b2bF68830e4C8dc86D0e9A998e085a";
INSERT INTO assets(identifier, name, type) VALUES("eip155:1/erc20:0x4807862AA8b2bF68830e4C8dc86D0e9A998e085a", "Curve.fi Factory USD Metapool: Binance USD", "C"); INSERT INTO evm_tokens(identifier, token_kind, chain, address, decimals, protocol) VALUES("eip155:1/erc20:0x4807862AA8b2bF68830e4C8dc86D0e9A998e085a", "A", 1, "0x4807862AA8b2bF68830e4C8dc86D0e9A998e085a", 18, NULL); INSERT INTO common_asset_details(identifier, symbol, coingecko, cryptocompare, forked, started, swapped_for) VALUES("eip155:1/erc20:0x4807862AA8b2bF68830e4C8dc86D0e9A998e085a", "BUSD3CRV-f", "", "", NULL, 1618396685, NULL);
UPDATE evm_tokens SET protocol="curve_pool" WHERE identifier="eip155:1/erc20:0x53a901d48795C58f485cBB38df08FA96a24669D5";
INSERT INTO assets(identifier, name, type) VALUES("eip155:1/erc20:0x53a901d48795C58f485cBB38df08FA96a24669D5", "Curve.fi ETH/rETH", "C"); INSERT INTO evm_tokens(identifier, token_kind, chain, address, decimals, protocol) VALUES("eip155:1/erc20:0x53a901d48795C58f485cBB38df08FA96a24669D5", "A", 1, "0x53a901d48795C58f485cBB38df08FA96a24669D5", 18, NULL); INSERT INTO common_asset_details(identifier, symbol, coingecko, cryptocompare, forked, started, swapped_for) VALUES("eip155:1/erc20:0x53a901d48795C58f485cBB38df08FA96a24669D5", "rCRV", "", "", NULL, 1621410658, NULL);
UPDATE evm_tokens SET protocol="curve_pool" WHERE identifier="eip155:1/erc20:0x43b4FdFD4Ff969587185cDB6f0BD875c5Fc83f8c";
INSERT INTO assets(identifier, name, type) VALUES("eip155:1/erc20:0x43b4FdFD4Ff969587185cDB6f0BD875c5Fc83f8c", "Curve.fi Factory USD Metapool: Alchemix USD", "C"); INSERT INTO evm_tokens(identifier, token_kind, chain, address, decimals, protocol) VALUES("eip155:1/erc20:0x43b4FdFD4Ff969587185cDB6f0BD875c5Fc83f8c", "A", 1, "0x43b4FdFD4Ff969587185cDB6f0BD875c5Fc83f8c", 18, NULL); INSERT INTO common_asset_details(identifier, symbol, coingecko, cryptocompare, forked, started, swapped_for) VALUES("eip155:1/erc20:0x43b4FdFD4Ff969587185cDB6f0BD875c5Fc83f8c", "alUSD3CRV-f", "", "", NULL, 1614641897, NULL);
UPDATE evm_tokens SET protocol="curve_pool" WHERE identifier="eip155:1/erc20:0xcA3d75aC011BF5aD07a98d02f18225F9bD9A6BDF";
INSERT INTO assets(identifier, name, type) VALUES("eip155:1/erc20:0xcA3d75aC011BF5aD07a98d02f18225F9bD9A6BDF", "Curve.fi USD-BTC-ETH", "C"); INSERT INTO evm_tokens(identifier, token_kind, chain, address, decimals, protocol) VALUES("eip155:1/erc20:0xcA3d75aC011BF5aD07a98d02f18225F9bD9A6BDF", "A", 1, "0xcA3d75aC011BF5aD07a98d02f18225F9bD9A6BDF", 18, NULL); INSERT INTO common_asset_details(identifier, symbol, coingecko, cryptocompare, forked, started, swapped_for) VALUES("eip155:1/erc20:0xcA3d75aC011BF5aD07a98d02f18225F9bD9A6BDF", "crvTricrypto", "", "", NULL, 1622187277, NULL);
UPDATE evm_tokens SET protocol="curve_pool" WHERE identifier="eip155:1/erc20:0xc4AD29ba4B3c580e6D59105FFf484999997675Ff";
INSERT INTO assets(identifier, name, type) VALUES("eip155:1/erc20:0xc4AD29ba4B3c580e6D59105FFf484999997675Ff", "Curve.fi USD-BTC-ETH", "C"); INSERT INTO evm_tokens(identifier, token_kind, chain, address, decimals, protocol) VALUES("eip155:1/erc20:0xc4AD29ba4B3c580e6D59105FFf484999997675Ff", "A", 1, "0xc4AD29ba4B3c580e6D59105FFf484999997675Ff", 18, NULL); INSERT INTO common_asset_details(identifier, symbol, coingecko, cryptocompare, forked, started, swapped_for) VALUES("eip155:1/erc20:0xc4AD29ba4B3c580e6D59105FFf484999997675Ff", "crv3crypto", "", "", NULL, 1626210526, NULL);
UPDATE evm_tokens SET protocol="curve_pool" WHERE identifier="eip155:1/erc20:0xFD5dB7463a3aB53fD211b4af195c5BCCC1A03890";
INSERT INTO assets(identifier, name, type) VALUES("eip155:1/erc20:0xFD5dB7463a3aB53fD211b4af195c5BCCC1A03890", "Curve.fi Factory Plain Pool: Euro Tether", "C"); INSERT INTO evm_tokens(identifier, token_kind, chain, address, decimals, protocol) VALUES("eip155:1/erc20:0xFD5dB7463a3aB53fD211b4af195c5BCCC1A03890", "A", 1, "0xFD5dB7463a3aB53fD211b4af195c5BCCC1A03890", 18, NULL); INSERT INTO common_asset_details(identifier, symbol, coingecko, cryptocompare, forked, started, swapped_for) VALUES("eip155:1/erc20:0xFD5dB7463a3aB53fD211b4af195c5BCCC1A03890", "EURT-f", "", "", NULL, 1627479017, NULL);
INSERT INTO assets(identifier, name, type) VALUES("eip155:1/erc20:0x94a7f270cd12545A277E656266Aef5e27dF3Eb28", "Wrapped Stream", "C"); INSERT INTO evm_tokens(identifier, token_kind, chain, address, decimals, protocol) VALUES("eip155:1/erc20:0x94a7f270cd12545A277E656266Aef5e27dF3Eb28", "A", 1, "0x94a7f270cd12545A277E656266Aef5e27dF3Eb28", 18, NULL); INSERT INTO common_asset_details(identifier, symbol, coingecko, cryptocompare, forked, started, swapped_for) VALUES("eip155:1/erc20:0x94a7f270cd12545A277E656266Aef5e27dF3Eb28", "WSTRM", "", "", NULL, 1651240359, NULL);
*
INSERT INTO assets(identifier, name, type) VALUES("eip155:1/erc20:0xcf0C122c6b73ff809C693DB761e7BaeBe62b6a2E", "FLOKI", "C"); INSERT INTO evm_tokens(identifier, token_kind, chain, address, decimals, protocol) VALUES("eip155:1/erc20:0xcf0C122c6b73ff809C693DB761e7BaeBe62b6a2E", "A", 1, "0xcf0C122c6b73ff809C693DB761e7BaeBe62b6a2E", 9, NULL); INSERT INTO common_asset_details(identifier, symbol, coingecko, cryptocompare, forked, started, swapped_for) VALUES("eip155:1/erc20:0xcf0C122c6b73ff809C693DB761e7BaeBe62b6a2E", "FLOKI", "floki", "FLOKI", NULL, 1642513877, NULL);
*
UPDATE common_asset_details SET swapped_for="eip155:1/erc20:0xcf0C122c6b73ff809C693DB761e7BaeBe62b6a2E" WHERE identifier="eip155:1/erc20:0x43f11c02439e2736800433b4594994Bd43Cd066D";
INSERT INTO assets(identifier, name, type) VALUES("eip155:1/erc20:0x43f11c02439e2736800433b4594994Bd43Cd066D", "FLOKI", "C"); INSERT INTO evm_tokens(identifier, token_kind, chain, address, decimals, protocol) VALUES("eip155:1/erc20:0x43f11c02439e2736800433b4594994Bd43Cd066D", "A", 1, "0x43f11c02439e2736800433b4594994Bd43Cd066D", 9, NULL); INSERT INTO common_asset_details(identifier, symbol, coingecko, cryptocompare, forked, started, swapped_for) VALUES("eip155:1/erc20:0x43f11c02439e2736800433b4594994Bd43Cd066D", "FLOKI", "floki", "FLOKI", NULL, 1628422404, "eip155:1/erc20:0xcf0C122c6b73ff809C693DB761e7BaeBe62b6a2E");
INSERT INTO assets(identifier, name, type) VALUES("AFC", "Arsenal Fan Token", "W"); INSERT INTO common_asset_details(identifier, symbol, coingecko, cryptocompare, forked, started, swapped_for) VALUES("AFC", "AFC", "arsenal-fan-token", "AFC", NULL, 1635300000, NULL);
*
INSERT INTO assets(identifier, name, type) VALUES("eip155:1/erc20:0x06450dEe7FD2Fb8E39061434BAbCFC05599a6Fb8", "XEN Crypto", "C"); INSERT INTO evm_tokens(identifier, token_kind, chain, address, decimals, protocol) VALUES("eip155:1/erc20:0x06450dEe7FD2Fb8E39061434BAbCFC05599a6Fb8", "A", 1, "0x06450dEe7FD2Fb8E39061434BAbCFC05599a6Fb8", 18, NULL); INSERT INTO common_asset_details(identifier, symbol, coingecko, cryptocompare, forked, started, swapped_for) VALUES("eip155:1/erc20:0x06450dEe7FD2Fb8E39061434BAbCFC05599a6Fb8", "XEN", "xen-crypto", "", NULL, 1665250163, NULL);
*
INSERT INTO assets(identifier, name, type) VALUES("eip155:1/erc20:0x8c4E7f814d40f8929F9112C5D09016F923d34472", "XCELTOKEN PLUS", "C"); INSERT INTO evm_tokens(identifier, token_kind, chain, address, decimals, protocol) VALUES("eip155:1/erc20:0x8c4E7f814d40f8929F9112C5D09016F923d34472", "A", 1, "0x8c4E7f814d40f8929F9112C5D09016F923d34472", 18, NULL); INSERT INTO common_asset_details(identifier, symbol, coingecko, cryptocompare, forked, started, swapped_for) VALUES("eip155:1/erc20:0x8c4E7f814d40f8929F9112C5D09016F923d34472", "XLAB", "xceltoken-plus", "XLAB", NULL, 1557381729, NULL);
*
INSERT INTO assets(identifier, name, type) VALUES("eip155:56/erc20:0x11C0c93035d1302083eB09841042cFa582839A8C", "Kaiken Shiba", "C"); INSERT INTO evm_tokens(identifier, token_kind, chain, address, decimals, protocol) VALUES("eip155:56/erc20:0x11C0c93035d1302083eB09841042cFa582839A8C", "A", 56, "0x11C0c93035d1302083eB09841042cFa582839A8C", 9, NULL); INSERT INTO common_asset_details(identifier, symbol, coingecko, cryptocompare, forked, started, swapped_for) VALUES("eip155:56/erc20:0x11C0c93035d1302083eB09841042cFa582839A8C", "KSHIB", "kaiken-shiba", "KSHIB", NULL, 1625642353, NULL);
*
INSERT INTO assets(identifier, name, type) VALUES("eip155:250/erc20:0x5C4FDfc5233f935f20D2aDbA572F770c2E377Ab0", "Hector", "C"); INSERT INTO evm_tokens(identifier, token_kind, chain, address, decimals, protocol) VALUES("eip155:250/erc20:0x5C4FDfc5233f935f20D2aDbA572F770c2E377Ab0", "A", 250, "0x5C4FDfc5233f935f20D2aDbA572F770c2E377Ab0", 9, NULL); INSERT INTO common_asset_details(identifier, symbol, coingecko, cryptocompare, forked, started, swapped_for) VALUES("eip155:250/erc20:0x5C4FDfc5233f935f20D2aDbA572F770c2E377Ab0", "HEC", "hector-dao", "HEC", NULL, NULL, NULL);
*
UPDATE common_asset_details SET coingecko="arpa" WHERE identifier="eip155:1/erc20:0xBA50933C268F567BDC86E1aC131BE072C6B0b71a";
INSERT INTO assets(identifier, name, type) VALUES("eip155:1/erc20:0xBA50933C268F567BDC86E1aC131BE072C6B0b71a", "ARPA Token", "C"); INSERT INTO evm_tokens(identifier, token_kind, chain, address, decimals, protocol) VALUES("eip155:1/erc20:0xBA50933C268F567BDC86E1aC131BE072C6B0b71a", "A", 1, "0xBA50933C268F567BDC86E1aC131BE072C6B0b71a", 18, NULL); INSERT INTO common_asset_details(identifier, symbol, coingecko, cryptocompare, forked, started, swapped_for) VALUES("eip155:1/erc20:0xBA50933C268F567BDC86E1aC131BE072C6B0b71a", "ARPA", "arpa", "", NULL, 1555911970, NULL);
INSERT INTO assets(identifier, name, type) VALUES("eip155:1/erc20:0x3593D125a4f7849a1B059E64F4517A86Dd60c95d", "MANTRA DAO", "C"); INSERT INTO evm_tokens(identifier, token_kind, chain, address, decimals, protocol) VALUES("eip155:1/erc20:0x3593D125a4f7849a1B059E64F4517A86Dd60c95d", "A", 1, "0x3593D125a4f7849a1B059E64F4517A86Dd60c95d", 18, NULL); INSERT INTO common_asset_details(identifier, symbol, coingecko, cryptocompare, forked, started, swapped_for) VALUES("eip155:1/erc20:0x3593D125a4f7849a1B059E64F4517A86Dd60c95d", "OM", "mantra-dao", "", NULL, 1608211311, NULL);
*
UPDATE common_asset_details SET swapped_for="eip155:1/erc20:0x3593D125a4f7849a1B059E64F4517A86Dd60c95d" WHERE identifier="eip155:1/erc20:0x2baEcDf43734F22FD5c152DB08E3C27233F0c7d2";
INSERT INTO assets(identifier, name, type) VALUES("eip155:1/erc20:0x2baEcDf43734F22FD5c152DB08E3C27233F0c7d2", "OM Token", "C"); INSERT INTO evm_tokens(identifier, token_kind, chain, address, decimals, protocol) VALUES("eip155:1/erc20:0x2baEcDf43734F22FD5c152DB08E3C27233F0c7d2", "A", 1, "0x2baEcDf43734F22FD5c152DB08E3C27233F0c7d2", 18, NULL); INSERT INTO common_asset_details(identifier, symbol, coingecko, cryptocompare, forked, started, swapped_for) VALUES("eip155:1/erc20:0x2baEcDf43734F22FD5c152DB08E3C27233F0c7d2", "OM", "mantra-dao", "", NULL, 1597508166, "eip155:1/erc20:0x3593D125a4f7849a1B059E64F4517A86Dd60c95d");
INSERT INTO assets(identifier, name, type) VALUES("eip155:1/erc20:0xB9D7DdDca9a4AC480991865EfEf82E01273F79C3", "bLUSD", "C"); INSERT INTO evm_tokens(identifier, token_kind, chain, address, decimals, protocol) VALUES("eip155:1/erc20:0xB9D7DdDca9a4AC480991865EfEf82E01273F79C3", "A", 1, "0xB9D7DdDca9a4AC480991865EfEf82E01273F79C3", 18, NULL); INSERT INTO common_asset_details(identifier, symbol, coingecko, cryptocompare, forked, started, swapped_for) VALUES("eip155:1/erc20:0xB9D7DdDca9a4AC480991865EfEf82E01273F79C3", "bLUSD", "boosted-lusd", "", NULL, 1664877743, NULL);
*
INSERT INTO assets(identifier, name, type) VALUES("eip155:1/erc20:0x86B4dBE5D203e634a12364C0e428fa242A3FbA98", "poundtoken", "C"); INSERT INTO evm_tokens(identifier, token_kind, chain, address, decimals, protocol) VALUES("eip155:1/erc20:0x86B4dBE5D203e634a12364C0e428fa242A3FbA98", "A", 1, "0x86B4dBE5D203e634a12364C0e428fa242A3FbA98", 18, NULL); INSERT INTO common_asset_details(identifier, symbol, coingecko, cryptocompare, forked, started, swapped_for) VALUES("eip155:1/erc20:0x86B4dBE5D203e634a12364C0e428fa242A3FbA98", "GBPT", "poundtoken", "GBPT", NULL, 1649829945, NULL);
*