INSERT INTO assets(identifier, name, type) VALUES("ETHW", "Ethereum PoW", "B"); INSERT INTO common_asset_details(identifier, symbol, coingecko, cryptocompare, forked, started, swapped_for) VALUES("ETHW", "ETHW", "ethereum-pow-iou", "ETHW", "ETH", 1663224179, NULL);
*
INSERT INTO assets(identifier, name, type) VALUES("eip155:1/erc20:0xBe9895146f7AF43049ca1c1AE358B0541Ea49704", "Coinbase Wrapped Staked ETH", "C"); INSERT INTO evm_tokens(identifier, token_kind, chain, address, decimals, protocol) VALUES("eip155:1/erc20:0xBe9895146f7AF43049ca1c1AE358B0541Ea49704", "A", 1, "0xBe9895146f7AF43049ca1c1AE358B0541Ea49704", 18, NULL); INSERT INTO common_asset_details(identifier, symbol, coingecko, cryptocompare, forked, started, swapped_for) VALUES("eip155:1/erc20:0xBe9895146f7AF43049ca1c1AE358B0541Ea49704", "cbETH", "coinbase-wrapped-staked-eth", "CBETH", NULL, 1643901537, NULL);
*
INSERT INTO assets(identifier, name, type) VALUES("ETHS", "Ethereum PoS Fork IOU", "B"); INSERT INTO common_asset_details(identifier, symbol, coingecko, cryptocompare, forked, started, swapped_for) VALUES("ETHS", "ETHS", "ethereum-pos-iou", "", "ETH", 1663224179, NULL);
*
INSERT INTO assets(identifier, name, type) VALUES("ETF", "EthereumFair", "B"); INSERT INTO common_asset_details(identifier, symbol, coingecko, cryptocompare, forked, started, swapped_for) VALUES("ETF", "ETF", "ethereumfair", "", "ETH", 1663224179, NULL);
*
INSERT INTO assets(identifier, name, type) VALUES("eip155:1/erc20:0x7B4328c127B85369D9f82ca0503B000D09CF9180", "Dogechain Token", "C"); INSERT INTO evm_tokens(identifier, token_kind, chain, address, decimals, protocol) VALUES("eip155:1/erc20:0x7B4328c127B85369D9f82ca0503B000D09CF9180", "A", 1, "0x7B4328c127B85369D9f82ca0503B000D09CF9180", 18, NULL); INSERT INTO common_asset_details(identifier, symbol, coingecko, cryptocompare, forked, started, swapped_for) VALUES("eip155:1/erc20:0x7B4328c127B85369D9f82ca0503B000D09CF9180", "DC", "dogechain", "", NULL, 1661076494, NULL);
*
INSERT INTO assets(identifier, name, type) VALUES("eip155:1/erc20:0xB4b9DC1C77bdbb135eA907fd5a08094d98883A35", "SWEAT", "C"); INSERT INTO evm_tokens(identifier, token_kind, chain, address, decimals, protocol) VALUES("eip155:1/erc20:0xB4b9DC1C77bdbb135eA907fd5a08094d98883A35", "A", 1, "0xB4b9DC1C77bdbb135eA907fd5a08094d98883A35", 18, NULL); INSERT INTO common_asset_details(identifier, symbol, coingecko, cryptocompare, forked, started, swapped_for) VALUES("eip155:1/erc20:0xB4b9DC1C77bdbb135eA907fd5a08094d98883A35", "SWEAT", "sweatcoin", "SWEAT", NULL, 1661869294, NULL);
*
INSERT INTO assets(identifier, name, type) VALUES("eip155:1/erc20:0x0C9c7712C83B3C70e7c5E11100D33D9401BdF9dd", "Wombat", "C"); INSERT INTO evm_tokens(identifier, token_kind, chain, address, decimals, protocol) VALUES("eip155:1/erc20:0x0C9c7712C83B3C70e7c5E11100D33D9401BdF9dd", "A", 1, "0x0C9c7712C83B3C70e7c5E11100D33D9401BdF9dd", 18, NULL); INSERT INTO common_asset_details(identifier, symbol, coingecko, cryptocompare, forked, started, swapped_for) VALUES("eip155:1/erc20:0x0C9c7712C83B3C70e7c5E11100D33D9401BdF9dd", "WOMBAT", "wombat", "WOMBAT", NULL, 1658316704, NULL);
*
INSERT INTO assets(identifier, name, type) VALUES("eip155:137/erc20:0x0C9c7712C83B3C70e7c5E11100D33D9401BdF9dd", "Wombat", "C"); INSERT INTO evm_tokens(identifier, token_kind, chain, address, decimals, protocol) VALUES("eip155:137/erc20:0x0C9c7712C83B3C70e7c5E11100D33D9401BdF9dd", "A", 137, "0x0C9c7712C83B3C70e7c5E11100D33D9401BdF9dd", 18, NULL); INSERT INTO common_asset_details(identifier, symbol, coingecko, cryptocompare, forked, started, swapped_for) VALUES("eip155:137/erc20:0x0C9c7712C83B3C70e7c5E11100D33D9401BdF9dd", "WOMBAT", "wombat", "WOMBAT", NULL, 1658316704, NULL);
*
INSERT INTO assets(identifier, name, type) VALUES("eip155:1/erc20:0x3700Adfd26d5bC062cB8b8a77e68fbd43F58eCAB", "hiDOODLES", "C"); INSERT INTO evm_tokens(identifier, token_kind, chain, address, decimals, protocol) VALUES("eip155:1/erc20:0x3700Adfd26d5bC062cB8b8a77e68fbd43F58eCAB", "A", 1, "0x3700Adfd26d5bC062cB8b8a77e68fbd43F58eCAB", 18, NULL); INSERT INTO common_asset_details(identifier, symbol, coingecko, cryptocompare, forked, started, swapped_for) VALUES("eip155:1/erc20:0x3700Adfd26d5bC062cB8b8a77e68fbd43F58eCAB", "hiDOODLES", "hidoodles", "", NULL, 1663515467, NULL);
*
INSERT INTO assets(identifier, name, type) VALUES("eip155:1/erc20:0xbA8A621b4a54e61C442F5Ec623687e2a942225ef", "Sandclock", "C"); INSERT INTO evm_tokens(identifier, token_kind, chain, address, decimals, protocol) VALUES("eip155:1/erc20:0xbA8A621b4a54e61C442F5Ec623687e2a942225ef", "A", 1, "0xbA8A621b4a54e61C442F5Ec623687e2a942225ef", 18, NULL); INSERT INTO common_asset_details(identifier, symbol, coingecko, cryptocompare, forked, started, swapped_for) VALUES("eip155:1/erc20:0xbA8A621b4a54e61C442F5Ec623687e2a942225ef", "QUARTZ", "sandclock", "QUARTZ", NULL, 1634822494, NULL);
*
INSERT INTO assets(identifier, name, type) VALUES("eip155:1/erc20:0x8c088775e4139af116Ac1FA6f281Bbf71E8c1c73", "PUMLx", "C"); INSERT INTO evm_tokens(identifier, token_kind, chain, address, decimals, protocol) VALUES("eip155:1/erc20:0x8c088775e4139af116Ac1FA6f281Bbf71E8c1c73", "A", 1, "0x8c088775e4139af116Ac1FA6f281Bbf71E8c1c73", 18, NULL); INSERT INTO common_asset_details(identifier, symbol, coingecko, cryptocompare, forked, started, swapped_for) VALUES("eip155:1/erc20:0x8c088775e4139af116Ac1FA6f281Bbf71E8c1c73", "PUMLx", "pumlx", "QUARTZ", NULL, 1661931874, NULL);
*
INSERT INTO assets(identifier, name, type) VALUES("eip155:1/erc20:0x4BDCb66B968060D9390C1D12bd29734496205581", "Acquire.Fi", "C"); INSERT INTO evm_tokens(identifier, token_kind, chain, address, decimals, protocol) VALUES("eip155:1/erc20:0x4BDCb66B968060D9390C1D12bd29734496205581", "A", 1, "0x4BDCb66B968060D9390C1D12bd29734496205581", 18, NULL); INSERT INTO common_asset_details(identifier, symbol, coingecko, cryptocompare, forked, started, swapped_for) VALUES("eip155:1/erc20:0x4BDCb66B968060D9390C1D12bd29734496205581", "ACQ", "acquire-fi", "", NULL, 1663856831, NULL);
*
INSERT INTO assets(identifier, name, type) VALUES("eip155:56/erc20:0x40C8225329Bd3e28A043B029E0D07a5344d2C27C", "AgeOfGods", "C"); INSERT INTO evm_tokens(identifier, token_kind, chain, address, decimals, protocol) VALUES("eip155:56/erc20:0x40C8225329Bd3e28A043B029E0D07a5344d2C27C", "A", 56, "0x40C8225329Bd3e28A043B029E0D07a5344d2C27C", 18, NULL); INSERT INTO common_asset_details(identifier, symbol, coingecko, cryptocompare, forked, started, swapped_for) VALUES("eip155:56/erc20:0x40C8225329Bd3e28A043B029E0D07a5344d2C27C", "AOG", "ageofgods", "AOG", NULL, 1640195308, NULL);
*
INSERT INTO assets(identifier, name, type) VALUES("eip155:1/erc20:0x62d3c05b9C3d916FBC111819bbD3CEE52906C1Ae", "EVERY GAME", "C"); INSERT INTO evm_tokens(identifier, token_kind, chain, address, decimals, protocol) VALUES("eip155:1/erc20:0x62d3c05b9C3d916FBC111819bbD3CEE52906C1Ae", "A", 1, "0x62d3c05b9C3d916FBC111819bbD3CEE52906C1Ae", 18, NULL); INSERT INTO common_asset_details(identifier, symbol, coingecko, cryptocompare, forked, started, swapped_for) VALUES("eip155:1/erc20:0x62d3c05b9C3d916FBC111819bbD3CEE52906C1Ae", "EGAME", "every-game", "EGAME", NULL, 1618809316, NULL);
*
INSERT INTO assets(identifier, name, type) VALUES("eip155:1/erc20:0x12AEf5C60C2C86c8ECD3079f22F285f326371340", "hiSAND33", "C"); INSERT INTO evm_tokens(identifier, token_kind, chain, address, decimals, protocol) VALUES("eip155:1/erc20:0x12AEf5C60C2C86c8ECD3079f22F285f326371340", "A", 1, "0x12AEf5C60C2C86c8ECD3079f22F285f326371340", 18, NULL); INSERT INTO common_asset_details(identifier, symbol, coingecko, cryptocompare, forked, started, swapped_for) VALUES("eip155:1/erc20:0x12AEf5C60C2C86c8ECD3079f22F285f326371340", "hiSAND33", "hisand33", "", NULL, 1660809415, NULL);
*
INSERT INTO assets(identifier, name, type) VALUES("eip155:56/erc20:0x5F2F6c4C491B690216E0f8Ea753fF49eF4E36ba6", "MetaLand Shares", "C"); INSERT INTO evm_tokens(identifier, token_kind, chain, address, decimals, protocol) VALUES("eip155:56/erc20:0x5F2F6c4C491B690216E0f8Ea753fF49eF4E36ba6", "A", 56, "0x5F2F6c4C491B690216E0f8Ea753fF49eF4E36ba6", 18, NULL); INSERT INTO common_asset_details(identifier, symbol, coingecko, cryptocompare, forked, started, swapped_for) VALUES("eip155:56/erc20:0x5F2F6c4C491B690216E0f8Ea753fF49eF4E36ba6", "MLS", "pikaster", "", NULL, 1660718488, NULL);
*
INSERT INTO assets(identifier, name, type) VALUES("eip155:1/erc20:0xa88842Ae47dbe87116cF7001DDdD1b246fcd8262", "hiENS3", "C"); INSERT INTO evm_tokens(identifier, token_kind, chain, address, decimals, protocol) VALUES("eip155:1/erc20:0xa88842Ae47dbe87116cF7001DDdD1b246fcd8262", "A", 1, "0xa88842Ae47dbe87116cF7001DDdD1b246fcd8262", 18, NULL); INSERT INTO common_asset_details(identifier, symbol, coingecko, cryptocompare, forked, started, swapped_for) VALUES("eip155:1/erc20:0xa88842Ae47dbe87116cF7001DDdD1b246fcd8262", "hiENS3", "hiens3", "", NULL, 1661703373, NULL);
*
INSERT INTO assets(identifier, name, type) VALUES("eip155:1/erc20:0xb1f136a74e18E4E2921feBbf25820d1Bb65B5647", "hiPUNKS", "C"); INSERT INTO evm_tokens(identifier, token_kind, chain, address, decimals, protocol) VALUES("eip155:1/erc20:0xb1f136a74e18E4E2921feBbf25820d1Bb65B5647", "A", 1, "0xb1f136a74e18E4E2921feBbf25820d1Bb65B5647", 18, NULL); INSERT INTO common_asset_details(identifier, symbol, coingecko, cryptocompare, forked, started, swapped_for) VALUES("eip155:1/erc20:0xb1f136a74e18E4E2921feBbf25820d1Bb65B5647", "hiPUNKS", "hipunks", "", NULL, 1657431111, NULL);
*
INSERT INTO assets(identifier, name, type) VALUES("eip155:1/erc20:0x0f2D719407FdBeFF09D87557AbB7232601FD9F29", "Synapse", "C"); INSERT INTO evm_tokens(identifier, token_kind, chain, address, decimals, protocol) VALUES("eip155:1/erc20:0x0f2D719407FdBeFF09D87557AbB7232601FD9F29", "A", 1, "0x0f2D719407FdBeFF09D87557AbB7232601FD9F29", 18, NULL); INSERT INTO common_asset_details(identifier, symbol, coingecko, cryptocompare, forked, started, swapped_for) VALUES("eip155:1/erc20:0x0f2D719407FdBeFF09D87557AbB7232601FD9F29", "SYN", "synapse-2", "SYN", NULL, 1628972639, NULL);
*
INSERT INTO assets(identifier, name, type) VALUES("eip155:1/erc20:0x2620638EDA99F9e7E902Ea24a285456EE9438861", "Crust Storage Market", "C"); INSERT INTO evm_tokens(identifier, token_kind, chain, address, decimals, protocol) VALUES("eip155:1/erc20:0x2620638EDA99F9e7E902Ea24a285456EE9438861", "A", 1, "0x2620638EDA99F9e7E902Ea24a285456EE9438861", 18, NULL); INSERT INTO common_asset_details(identifier, symbol, coingecko, cryptocompare, forked, started, swapped_for) VALUES("eip155:1/erc20:0x2620638EDA99F9e7E902Ea24a285456EE9438861", "CSM", "crust-storage-market", "", NULL, 1605591989, NULL);
*
INSERT INTO assets(identifier, name, type) VALUES("eip155:1/erc20:0x5fAa989Af96Af85384b8a938c2EdE4A7378D9875", "Galxe", "C"); INSERT INTO evm_tokens(identifier, token_kind, chain, address, decimals, protocol) VALUES("eip155:1/erc20:0x5fAa989Af96Af85384b8a938c2EdE4A7378D9875", "A", 1, "0x5fAa989Af96Af85384b8a938c2EdE4A7378D9875", 18, NULL); INSERT INTO common_asset_details(identifier, symbol, coingecko, cryptocompare, forked, started, swapped_for) VALUES("eip155:1/erc20:0x5fAa989Af96Af85384b8a938c2EdE4A7378D9875", "GAL", "project-galaxy", "GAL", NULL, 1642564531, NULL);
*
INSERT INTO assets(identifier, name, type) VALUES("eip155:1/erc20:0xA2cd3D43c775978A96BdBf12d733D5A1ED94fb18", "Chain", "C"); INSERT INTO evm_tokens(identifier, token_kind, chain, address, decimals, protocol) VALUES("eip155:1/erc20:0xA2cd3D43c775978A96BdBf12d733D5A1ED94fb18", "A", 1, "0xA2cd3D43c775978A96BdBf12d733D5A1ED94fb18", 18, NULL); INSERT INTO common_asset_details(identifier, symbol, coingecko, cryptocompare, forked, started, swapped_for) VALUES("eip155:1/erc20:0xA2cd3D43c775978A96BdBf12d733D5A1ED94fb18", "XCN", "chain-2", "XCN", NULL, 1646687021, NULL);
*
INSERT INTO assets(identifier, name, type) VALUES("eip155:137/erc20:0xabEDe05598760E399ed7EB24900b30C51788f00F", "Stepwatch Paradise", "C"); INSERT INTO evm_tokens(identifier, token_kind, chain, address, decimals, protocol) VALUES("eip155:137/erc20:0xabEDe05598760E399ed7EB24900b30C51788f00F", "A", 137, "0xabEDe05598760E399ed7EB24900b30C51788f00F", 18, NULL); INSERT INTO common_asset_details(identifier, symbol, coingecko, cryptocompare, forked, started, swapped_for) VALUES("eip155:137/erc20:0xabEDe05598760E399ed7EB24900b30C51788f00F", "SWP", "stepwatch", "", NULL, 1655437672, NULL);
*
INSERT INTO assets(identifier, name, type) VALUES("eip155:1/erc20:0xd9Fcd98c322942075A5C3860693e9f4f03AAE07b", "Euler", "C"); INSERT INTO evm_tokens(identifier, token_kind, chain, address, decimals, protocol) VALUES("eip155:1/erc20:0xd9Fcd98c322942075A5C3860693e9f4f03AAE07b", "A", 1, "0xd9Fcd98c322942075A5C3860693e9f4f03AAE07b", 18, NULL); INSERT INTO common_asset_details(identifier, symbol, coingecko, cryptocompare, forked, started, swapped_for) VALUES("eip155:1/erc20:0xd9Fcd98c322942075A5C3860693e9f4f03AAE07b", "EUL", "euler", "EUL", NULL, 1640894681, NULL);
*