UPDATE common_asset_details SET coingecko="extra-finance" WHERE identifier="eip155:10/erc20:0x2dAD3a13ef0C6366220f989157009e501e7938F8";
INSERT INTO assets(identifier, name, type) VALUES("eip155:10/erc20:0x2dAD3a13ef0C6366220f989157009e501e7938F8", "Extra Finance", "C"); INSERT INTO evm_tokens(identifier, token_kind, chain, address, decimals, protocol) VALUES("eip155:10/erc20:0x2dAD3a13ef0C6366220f989157009e501e7938F8", "A", 10, "0x2dAD3a13ef0C6366220f989157009e501e7938F8", 18, ""); INSERT INTO common_asset_details(identifier, symbol, coingecko, cryptocompare, forked, started, swapped_for) VALUES("eip155:10/erc20:0x2dAD3a13ef0C6366220f989157009e501e7938F8", "EXTRA", "extra-finance", "EXTRA", NULL, 1684751172, NULL);
UPDATE common_asset_details SET coingecko="extra-finance", cryptocompare="EXTRA" WHERE identifier="eip155:8453/erc20:0x2dAD3a13ef0C6366220f989157009e501e7938F8";
INSERT INTO assets(identifier, name, type) VALUES("eip155:8453/erc20:0x2dAD3a13ef0C6366220f989157009e501e7938F8", "Extra Finance", "C"); INSERT INTO evm_tokens(identifier, token_kind, chain, address, decimals, protocol) VALUES("eip155:8453/erc20:0x2dAD3a13ef0C6366220f989157009e501e7938F8", "A", 8453, "0x2dAD3a13ef0C6366220f989157009e501e7938F8", 18, ""); INSERT INTO common_asset_details(identifier, symbol, coingecko, cryptocompare, forked, started, swapped_for) VALUES("eip155:8453/erc20:0x2dAD3a13ef0C6366220f989157009e501e7938F8", "EXTRA", "extra-finance", "EXTRA", NULL, 1690955247, NULL);
UPDATE common_asset_details SET cryptocompare="WELL" WHERE identifier="WELL";
INSERT INTO assets(identifier, name, type) VALUES("WELL", "Extra Finance", "W"); INSERT INTO common_asset_details(identifier, symbol, coingecko, cryptocompare, forked, started, swapped_for) VALUES("WELL", "WELL", "moonwell-artemis", "WELL", NULL, 1652303490, NULL);
INSERT INTO assets(identifier, name, type) VALUES("eip155:100/erc20:0x420CA0f9B9b604cE0fd9C18EF134C705e5Fa3430", "Monerium EURe", "C"); INSERT INTO evm_tokens(identifier, token_kind, chain, address, decimals, protocol) VALUES("eip155:100/erc20:0x420CA0f9B9b604cE0fd9C18EF134C705e5Fa3430", "A", 100, "0x420CA0f9B9b604cE0fd9C18EF134C705e5Fa3430", 18, ""); INSERT INTO common_asset_details(identifier, symbol, coingecko, cryptocompare, forked, started, swapped_for) VALUES("eip155:100/erc20:0x420CA0f9B9b604cE0fd9C18EF134C705e5Fa3430", "EURe", "monerium-eur-money", "EURE", NULL, 1724565650, NULL);
*
INSERT INTO assets(identifier, name, type) VALUES("eip155:100/erc20:0x8E34bfEC4f6Eb781f9743D9b4af99CD23F9b7053", "Monerium GBPe", "C"); INSERT INTO evm_tokens(identifier, token_kind, chain, address, decimals, protocol) VALUES("eip155:100/erc20:0x8E34bfEC4f6Eb781f9743D9b4af99CD23F9b7053", "A", 100, "0x8E34bfEC4f6Eb781f9743D9b4af99CD23F9b7053", 18, ""); INSERT INTO common_asset_details(identifier, symbol, coingecko, cryptocompare, forked, started, swapped_for) VALUES("eip155:100/erc20:0x8E34bfEC4f6Eb781f9743D9b4af99CD23F9b7053", "GBPe", "monerium-gbp-emoney", "", NULL, 1724565650, NULL);
*
INSERT INTO assets(identifier, name, type) VALUES("eip155:100/erc20:0x50D1A74F4b6dcaCddD97fd442C0e22a4c97F2b7f", "Monerium USDe", "C"); INSERT INTO evm_tokens(identifier, token_kind, chain, address, decimals, protocol) VALUES("eip155:100/erc20:0x50D1A74F4b6dcaCddD97fd442C0e22a4c97F2b7f", "A", 100, "0x50D1A74F4b6dcaCddD97fd442C0e22a4c97F2b7f", 18, ""); INSERT INTO common_asset_details(identifier, symbol, coingecko, cryptocompare, forked, started, swapped_for) VALUES("eip155:100/erc20:0x50D1A74F4b6dcaCddD97fd442C0e22a4c97F2b7f", "USDe", "", "", NULL, 1724565650, NULL);
*
INSERT INTO assets(identifier, name, type) VALUES("eip155:100/erc20:0x614Bd419D3735C9eb51542C06e5Acc09a9953f61", "Monerium ISKe", "C"); INSERT INTO evm_tokens(identifier, token_kind, chain, address, decimals, protocol) VALUES("eip155:100/erc20:0x614Bd419D3735C9eb51542C06e5Acc09a9953f61", "A", 100, "0x614Bd419D3735C9eb51542C06e5Acc09a9953f61", 18, ""); INSERT INTO common_asset_details(identifier, symbol, coingecko, cryptocompare, forked, started, swapped_for) VALUES("eip155:100/erc20:0x614Bd419D3735C9eb51542C06e5Acc09a9953f61", "ISKe", "", "", NULL, 1724565650, NULL);
*
INSERT INTO assets(identifier, name, type) VALUES("eip155:100/erc20:0x20E694659536C6B46e4B8BE8f6303fFCD8d1dF69", "Monerium USD emoney", "C"); INSERT INTO evm_tokens(identifier, token_kind, chain, address, decimals, protocol) VALUES("eip155:100/erc20:0x20E694659536C6B46e4B8BE8f6303fFCD8d1dF69", "A", 100, "0x20E694659536C6B46e4B8BE8f6303fFCD8d1dF69", 18, ""); INSERT INTO common_asset_details(identifier, symbol, coingecko, cryptocompare, forked, started, swapped_for) VALUES("eip155:100/erc20:0x20E694659536C6B46e4B8BE8f6303fFCD8d1dF69", "USDe", "", "", NULL, 1669766400, NULL);
*
INSERT INTO assets(identifier, name, type) VALUES("eip155:100/erc20:0xD8F84BF2E036A3c8E4c0e25ed2aAe0370F3CCca8", "Monerium ISK emoney", "C"); INSERT INTO evm_tokens(identifier, token_kind, chain, address, decimals, protocol) VALUES("eip155:100/erc20:0xD8F84BF2E036A3c8E4c0e25ed2aAe0370F3CCca8", "A", 100, "0xD8F84BF2E036A3c8E4c0e25ed2aAe0370F3CCca8", 18, ""); INSERT INTO common_asset_details(identifier, symbol, coingecko, cryptocompare, forked, started, swapped_for) VALUES("eip155:100/erc20:0xD8F84BF2E036A3c8E4c0e25ed2aAe0370F3CCca8", "ISKe", "", "", NULL, 1669766540, NULL);
*
INSERT INTO assets(identifier, name, type) VALUES("eip155:137/erc20:0xE0aEa583266584DafBB3f9C3211d5588c73fEa8d", "Monerium EURe", "C"); INSERT INTO evm_tokens(identifier, token_kind, chain, address, decimals, protocol) VALUES("eip155:137/erc20:0xE0aEa583266584DafBB3f9C3211d5588c73fEa8d", "A", 137, "0xE0aEa583266584DafBB3f9C3211d5588c73fEa8d", 18, ""); INSERT INTO common_asset_details(identifier, symbol, coingecko, cryptocompare, forked, started, swapped_for) VALUES("eip155:137/erc20:0xE0aEa583266584DafBB3f9C3211d5588c73fEa8d", "EURe", "monerium-eur-money", "EURE", NULL, 1723964166, NULL);
*
INSERT INTO assets(identifier, name, type) VALUES("eip155:137/erc20:0x646BEea7a02FdAdA34c8e118949fE32350aB2206", "Monerium GBPe", "C"); INSERT INTO evm_tokens(identifier, token_kind, chain, address, decimals, protocol) VALUES("eip155:137/erc20:0x646BEea7a02FdAdA34c8e118949fE32350aB2206", "A", 137, "0x646BEea7a02FdAdA34c8e118949fE32350aB2206", 18, ""); INSERT INTO common_asset_details(identifier, symbol, coingecko, cryptocompare, forked, started, swapped_for) VALUES("eip155:137/erc20:0x646BEea7a02FdAdA34c8e118949fE32350aB2206", "GBPe", "monerium-gbp-emoney", "", NULL, 1723964170, NULL);
*
INSERT INTO assets(identifier, name, type) VALUES("eip155:137/erc20:0x75792CBDb361d80ba89271a079EfeE62c29FA324", "Monerium GBP emoney", "C"); INSERT INTO evm_tokens(identifier, token_kind, chain, address, decimals, protocol) VALUES("eip155:137/erc20:0x75792CBDb361d80ba89271a079EfeE62c29FA324", "A", 137, "0x75792CBDb361d80ba89271a079EfeE62c29FA324", 18, ""); INSERT INTO common_asset_details(identifier, symbol, coingecko, cryptocompare, forked, started, swapped_for) VALUES("eip155:137/erc20:0x75792CBDb361d80ba89271a079EfeE62c29FA324", "GBPe", "monerium-gbp-emoney", "", NULL, 1648476518, NULL);
*
INSERT INTO assets(identifier, name, type) VALUES("eip155:137/erc20:0x91e2B584908C2807EFc9F846E0C2A1fe875C5141", "Monerium USDe", "C"); INSERT INTO evm_tokens(identifier, token_kind, chain, address, decimals, protocol) VALUES("eip155:137/erc20:0x91e2B584908C2807EFc9F846E0C2A1fe875C5141", "A", 137, "0x91e2B584908C2807EFc9F846E0C2A1fe875C5141", 18, ""); INSERT INTO common_asset_details(identifier, symbol, coingecko, cryptocompare, forked, started, swapped_for) VALUES("eip155:137/erc20:0x91e2B584908C2807EFc9F846E0C2A1fe875C5141", "USDe", "", "", NULL, 1723964174, NULL);
*
INSERT INTO assets(identifier, name, type) VALUES("eip155:137/erc20:0x64E97c1a6535afD4a313eF46F88A64a34250B719", "Monerium USD emoney", "C"); INSERT INTO evm_tokens(identifier, token_kind, chain, address, decimals, protocol) VALUES("eip155:137/erc20:0x64E97c1a6535afD4a313eF46F88A64a34250B719", "A", 137, "0x64E97c1a6535afD4a313eF46F88A64a34250B719", 18, ""); INSERT INTO common_asset_details(identifier, symbol, coingecko, cryptocompare, forked, started, swapped_for) VALUES("eip155:137/erc20:0x64E97c1a6535afD4a313eF46F88A64a34250B719", "USDe", "", "", NULL, 1648476976, NULL);
*
INSERT INTO assets(identifier, name, type) VALUES("eip155:137/erc20:0xd053fc09e8F05A43Da4ECC40a750559C938C8131", "Monerium ISKe", "C"); INSERT INTO evm_tokens(identifier, token_kind, chain, address, decimals, protocol) VALUES("eip155:137/erc20:0xd053fc09e8F05A43Da4ECC40a750559C938C8131", "A", 137, "0xd053fc09e8F05A43Da4ECC40a750559C938C8131", 18, ""); INSERT INTO common_asset_details(identifier, symbol, coingecko, cryptocompare, forked, started, swapped_for) VALUES("eip155:137/erc20:0xd053fc09e8F05A43Da4ECC40a750559C938C8131", "ISKe", "", "", NULL, 1723964170, NULL);
*
INSERT INTO assets(identifier, name, type) VALUES("eip155:137/erc20:0xf1bBf27A9D659D326efBfa5D284EBaeFB803983D", "Monerium ISK emoney", "C"); INSERT INTO evm_tokens(identifier, token_kind, chain, address, decimals, protocol) VALUES("eip155:137/erc20:0xf1bBf27A9D659D326efBfa5D284EBaeFB803983D", "A", 137, "0xf1bBf27A9D659D326efBfa5D284EBaeFB803983D", 18, ""); INSERT INTO common_asset_details(identifier, symbol, coingecko, cryptocompare, forked, started, swapped_for) VALUES("eip155:137/erc20:0xf1bBf27A9D659D326efBfa5D284EBaeFB803983D", "ISKe", "", "", NULL, 1648476792, NULL);
*
INSERT INTO assets(identifier, name, type) VALUES("eip155:1/erc20:0x7ba92741Bf2A568abC6f1D3413c58c6e0244F8fD", "Monerium GBP emoney", "C"); INSERT INTO evm_tokens(identifier, token_kind, chain, address, decimals, protocol) VALUES("eip155:1/erc20:0x7ba92741Bf2A568abC6f1D3413c58c6e0244F8fD", "A", 1, "0x7ba92741Bf2A568abC6f1D3413c58c6e0244F8fD", 18, ""); INSERT INTO common_asset_details(identifier, symbol, coingecko, cryptocompare, forked, started, swapped_for) VALUES("eip155:1/erc20:0x7ba92741Bf2A568abC6f1D3413c58c6e0244F8fD", "GBPe", "monerium-gbp-emoney", "", NULL, 1573470141, NULL);
*
INSERT INTO assets(identifier, name, type) VALUES("eip155:1/erc20:0xcbB7C0000aB88B473b1f5aFd9ef808440eed33Bf", "Coinbase Wrapped BTC", "C"); INSERT INTO evm_tokens(identifier, token_kind, chain, address, decimals, protocol) VALUES("eip155:1/erc20:0xcbB7C0000aB88B473b1f5aFd9ef808440eed33Bf", "A", 1, "0xcbB7C0000aB88B473b1f5aFd9ef808440eed33Bf", 8, ""); INSERT INTO common_asset_details(identifier, symbol, coingecko, cryptocompare, forked, started, swapped_for) VALUES("eip155:1/erc20:0xcbB7C0000aB88B473b1f5aFd9ef808440eed33Bf", "cbBTC", "coinbase-wrapped-btc", "", NULL, 1724165531, NULL);
*
INSERT INTO assets(identifier, name, type) VALUES("eip155:8453/erc20:0xcbB7C0000aB88B473b1f5aFd9ef808440eed33Bf", "Coinbase Wrapped BTC", "C"); INSERT INTO evm_tokens(identifier, token_kind, chain, address, decimals, protocol) VALUES("eip155:8453/erc20:0xcbB7C0000aB88B473b1f5aFd9ef808440eed33Bf", "A", 8453, "0xcbB7C0000aB88B473b1f5aFd9ef808440eed33Bf", 8, ""); INSERT INTO common_asset_details(identifier, symbol, coingecko, cryptocompare, forked, started, swapped_for) VALUES("eip155:8453/erc20:0xcbB7C0000aB88B473b1f5aFd9ef808440eed33Bf", "cbBTC", "coinbase-wrapped-btc", "", NULL, 1724165535, NULL);
*
UPDATE assets SET name="Polygon Ecosystem Token" WHERE identifier="eip155:137/erc20:0x0000000000000000000000000000000000001010"; UPDATE common_asset_details SET symbol="POL", coingecko="polygon-ecosystem-token", cryptocompare="POL" WHERE identifier="eip155:137/erc20:0x0000000000000000000000000000000000001010";
INSERT INTO assets(identifier, name, type) VALUES("eip155:137/erc20:0x0000000000000000000000000000000000001010", "Polygon Ecosystem Token", "C"); INSERT INTO evm_tokens(identifier, token_kind, chain, address, decimals, protocol) VALUES("eip155:137/erc20:0x0000000000000000000000000000000000001010", "A", 137, "0x0000000000000000000000000000000000001010", 18, ""); INSERT INTO common_asset_details(identifier, symbol, coingecko, cryptocompare, forked, started, swapped_for) VALUES("eip155:137/erc20:0x0000000000000000000000000000000000001010", "POL", "polygon-ecosystem-token", "POL", NULL, NULL, NULL);
INSERT INTO assets(identifier, name, type) VALUES("eip155:1/erc20:0x4F604735c1cF31399C6E711D5962b2B3E0225AD3", "Glo Dollar", "C"); INSERT INTO evm_tokens(identifier, token_kind, chain, address, decimals, protocol) VALUES("eip155:1/erc20:0x4F604735c1cF31399C6E711D5962b2B3E0225AD3", "A", 1, "0x4F604735c1cF31399C6E711D5962b2B3E0225AD3", 18, NULL); INSERT INTO common_asset_details(identifier, symbol, coingecko, cryptocompare, forked, started, swapped_for) VALUES("eip155:1/erc20:0x4F604735c1cF31399C6E711D5962b2B3E0225AD3", "USDGLO", "glo-dollar", "USDGLO", NULL, 1667299487, NULL);
*
INSERT INTO assets(identifier, name, type) VALUES("eip155:10/erc20:0x4F604735c1cF31399C6E711D5962b2B3E0225AD3", "Glo Dollar", "C"); INSERT INTO evm_tokens(identifier, token_kind, chain, address, decimals, protocol) VALUES("eip155:10/erc20:0x4F604735c1cF31399C6E711D5962b2B3E0225AD3", "A", 10, "0x4F604735c1cF31399C6E711D5962b2B3E0225AD3", 18, NULL); INSERT INTO common_asset_details(identifier, symbol, coingecko, cryptocompare, forked, started, swapped_for) VALUES("eip155:10/erc20:0x4F604735c1cF31399C6E711D5962b2B3E0225AD3", "USDGLO", "glo-dollar", "USDGLO", NULL, 1690283423, NULL);
*
INSERT INTO assets(identifier, name, type) VALUES("eip155:137/erc20:0x4F604735c1cF31399C6E711D5962b2B3E0225AD3", "Glo Dollar", "C"); INSERT INTO evm_tokens(identifier, token_kind, chain, address, decimals, protocol) VALUES("eip155:137/erc20:0x4F604735c1cF31399C6E711D5962b2B3E0225AD3", "A", 137, "0x4F604735c1cF31399C6E711D5962b2B3E0225AD3", 18, NULL); INSERT INTO common_asset_details(identifier, symbol, coingecko, cryptocompare, forked, started, swapped_for) VALUES("eip155:137/erc20:0x4F604735c1cF31399C6E711D5962b2B3E0225AD3", "USDGLO", "glo-dollar", "USDGLO", NULL, 1667297263, NULL);
*
INSERT INTO assets(identifier, name, type) VALUES("eip155:42161/erc20:0x4F604735c1cF31399C6E711D5962b2B3E0225AD3", "Glo Dollar", "C"); INSERT INTO evm_tokens(identifier, token_kind, chain, address, decimals, protocol) VALUES("eip155:42161/erc20:0x4F604735c1cF31399C6E711D5962b2B3E0225AD3", "A", 42161, "0x4F604735c1cF31399C6E711D5962b2B3E0225AD3", 18, NULL); INSERT INTO common_asset_details(identifier, symbol, coingecko, cryptocompare, forked, started, swapped_for) VALUES("eip155:42161/erc20:0x4F604735c1cF31399C6E711D5962b2B3E0225AD3", "USDGLO", "glo-dollar", "USDGLO", NULL, 1699268164, NULL);
*
INSERT INTO assets(identifier, name, type) VALUES("eip155:8453/erc20:0x4F604735c1cF31399C6E711D5962b2B3E0225AD3", "Glo Dollar", "C"); INSERT INTO evm_tokens(identifier, token_kind, chain, address, decimals, protocol) VALUES("eip155:8453/erc20:0x4F604735c1cF31399C6E711D5962b2B3E0225AD3", "A", 8453, "0x4F604735c1cF31399C6E711D5962b2B3E0225AD3", 18, NULL); INSERT INTO common_asset_details(identifier, symbol, coingecko, cryptocompare, forked, started, swapped_for) VALUES("eip155:8453/erc20:0x4F604735c1cF31399C6E711D5962b2B3E0225AD3", "USDGLO", "glo-dollar", "USDGLO", NULL, 1692779483, NULL);
*
INSERT INTO assets(identifier, name, type) VALUES("eip155:42161/erc20:0xcb8b5CD20BdCaea9a010aC1F8d835824F5C87A04", "CoW Protocol Token", "C"); INSERT INTO evm_tokens(identifier, token_kind, chain, address, decimals, protocol) VALUES("eip155:42161/erc20:0xcb8b5CD20BdCaea9a010aC1F8d835824F5C87A04", "A", 42161, "0xcb8b5CD20BdCaea9a010aC1F8d835824F5C87A04", 18, NULL); INSERT INTO common_asset_details(identifier, symbol, coingecko, cryptocompare, forked, started, swapped_for) VALUES("eip155:42161/erc20:0xcb8b5CD20BdCaea9a010aC1F8d835824F5C87A04", "COW", "cow-protocol", "COW", NULL, 1714747872, NULL);
*
INSERT INTO assets(identifier, name, type) VALUES("eip155:1/erc20:0xdC035D45d973E3EC169d2276DDab16f1e407384F", "USDS Stablecoin", "C"); INSERT INTO evm_tokens(identifier, token_kind, chain, address, decimals, protocol) VALUES("eip155:1/erc20:0xdC035D45d973E3EC169d2276DDab16f1e407384F", "A", 1, "0xdC035D45d973E3EC169d2276DDab16f1e407384F", 18, NULL); INSERT INTO common_asset_details(identifier, symbol, coingecko, cryptocompare, forked, started, swapped_for) VALUES("eip155:1/erc20:0xdC035D45d973E3EC169d2276DDab16f1e407384F", "USDS", "usds", "", NULL, 1725290327, NULL);
*
INSERT INTO assets(identifier, name, type) VALUES("eip155:1/erc20:0x56072C95FAA701256059aa122697B133aDEd9279", "SKY Governance Token", "C"); INSERT INTO evm_tokens(identifier, token_kind, chain, address, decimals, protocol) VALUES("eip155:1/erc20:0x56072C95FAA701256059aa122697B133aDEd9279", "A", 1, "0x56072C95FAA701256059aa122697B133aDEd9279", 18, NULL); INSERT INTO common_asset_details(identifier, symbol, coingecko, cryptocompare, forked, started, swapped_for) VALUES("eip155:1/erc20:0x56072C95FAA701256059aa122697B133aDEd9279", "SKY", "sky", "", NULL, 1725290387, NULL);
*
INSERT INTO assets(identifier, name, type) VALUES("eip155:1/erc20:0x7ABc8A5768E6bE61A6c693a6e4EAcb5B60602C4D", "Covalent X Token", "C"); INSERT INTO evm_tokens(identifier, token_kind, chain, address, decimals, protocol) VALUES("eip155:1/erc20:0x7ABc8A5768E6bE61A6c693a6e4EAcb5B60602C4D", "A", 1, "0x7ABc8A5768E6bE61A6c693a6e4EAcb5B60602C4D", 18, NULL); INSERT INTO common_asset_details(identifier, symbol, coingecko, cryptocompare, forked, started, swapped_for) VALUES("eip155:1/erc20:0x7ABc8A5768E6bE61A6c693a6e4EAcb5B60602C4D", "CXT", "covalent-x-token", "CXT", NULL, 1720654703, NULL);
*
INSERT INTO assets(identifier, name, type) VALUES("eip155:1/erc20:0x88909D489678dD17aA6D9609F89B0419Bf78FD9a", "Layer3", "C"); INSERT INTO evm_tokens(identifier, token_kind, chain, address, decimals, protocol) VALUES("eip155:1/erc20:0x88909D489678dD17aA6D9609F89B0419Bf78FD9a", "A", 1, "0x88909D489678dD17aA6D9609F89B0419Bf78FD9a", 18, NULL); INSERT INTO common_asset_details(identifier, symbol, coingecko, cryptocompare, forked, started, swapped_for) VALUES("eip155:1/erc20:0x88909D489678dD17aA6D9609F89B0419Bf78FD9a", "L3", "layer3", "L3", NULL, 1720456127, NULL);
*
INSERT INTO assets(identifier, name, type) VALUES("eip155:1/erc20:0x856c4Efb76C1D1AE02e20CEB03A2A6a08b0b8dC3", "Origin Ether", "C"); INSERT INTO evm_tokens(identifier, token_kind, chain, address, decimals, protocol) VALUES("eip155:1/erc20:0x856c4Efb76C1D1AE02e20CEB03A2A6a08b0b8dC3", "A", 1, "0x856c4Efb76C1D1AE02e20CEB03A2A6a08b0b8dC3", 18, NULL); INSERT INTO common_asset_details(identifier, symbol, coingecko, cryptocompare, forked, started, swapped_for) VALUES("eip155:1/erc20:0x856c4Efb76C1D1AE02e20CEB03A2A6a08b0b8dC3", "OETH", "origin-ether", "OETHER", NULL, 1680121187, NULL);
*
INSERT INTO assets(identifier, name, type) VALUES("eip155:8453/erc20:0xDBFeFD2e8460a6Ee4955A68582F85708BAEA60A3", "Super OETH", "C"); INSERT INTO evm_tokens(identifier, token_kind, chain, address, decimals, protocol) VALUES("eip155:8453/erc20:0xDBFeFD2e8460a6Ee4955A68582F85708BAEA60A3", "A", 8453, "0xDBFeFD2e8460a6Ee4955A68582F85708BAEA60A3", 18, NULL); INSERT INTO common_asset_details(identifier, symbol, coingecko, cryptocompare, forked, started, swapped_for) VALUES("eip155:8453/erc20:0xDBFeFD2e8460a6Ee4955A68582F85708BAEA60A3", "superOETHb", "super-oeth", "SUPEROETHB", NULL, 1722428751, NULL);
*
INSERT INTO assets(identifier, name, type) VALUES("eip155:8453/erc20:0x7FcD174E80f264448ebeE8c88a7C4476AAF58Ea6", "Wrapped Super OETH", "C"); INSERT INTO evm_tokens(identifier, token_kind, chain, address, decimals, protocol) VALUES("eip155:8453/erc20:0x7FcD174E80f264448ebeE8c88a7C4476AAF58Ea6", "A", 8453, "0x7FcD174E80f264448ebeE8c88a7C4476AAF58Ea6", 18, NULL); INSERT INTO common_asset_details(identifier, symbol, coingecko, cryptocompare, forked, started, swapped_for) VALUES("eip155:8453/erc20:0x7FcD174E80f264448ebeE8c88a7C4476AAF58Ea6", "wsuperOETHb", "wrapped-super-oeth", "", NULL, 1722428761, NULL);
*
INSERT INTO assets(identifier, name, type) VALUES("eip155:10/erc20:0x871f2F2ff935FD1eD867842FF2a7bfD051A5E527", "Wootrade Network", "C"); INSERT INTO evm_tokens(identifier, token_kind, chain, address, decimals, protocol) VALUES("eip155:10/erc20:0x871f2F2ff935FD1eD867842FF2a7bfD051A5E527", "A", 10, "0x871f2F2ff935FD1eD867842FF2a7bfD051A5E527", 18, NULL); INSERT INTO common_asset_details(identifier, symbol, coingecko, cryptocompare, forked, started, swapped_for) VALUES("eip155:10/erc20:0x871f2F2ff935FD1eD867842FF2a7bfD051A5E527", "WOO", "woo-network", "WOO", NULL, 1669620657, NULL);
*