UPDATE common_asset_details SET coingecko="extra-finance" WHERE identifier="eip155:10/erc20:0x2dAD3a13ef0C6366220f989157009e501e7938F8";
INSERT INTO assets(identifier, name, type) VALUES("eip155:10/erc20:0x2dAD3a13ef0C6366220f989157009e501e7938F8", "Extra Finance", "C"); INSERT INTO evm_tokens(identifier, token_kind, chain, address, decimals, protocol) VALUES("eip155:10/erc20:0x2dAD3a13ef0C6366220f989157009e501e7938F8", "A", 10, "0x2dAD3a13ef0C6366220f989157009e501e7938F8", 18, ""); INSERT INTO common_asset_details(identifier, symbol, coingecko, cryptocompare, forked, started, swapped_for) VALUES("eip155:10/erc20:0x2dAD3a13ef0C6366220f989157009e501e7938F8", "EXTRA", "extra-finance", "EXTRA", NULL, 1684751172, NULL);
UPDATE common_asset_details SET coingecko="extra-finance", cryptocompare="EXTRA" WHERE identifier="eip155:8453/erc20:0x2dAD3a13ef0C6366220f989157009e501e7938F8";
INSERT INTO assets(identifier, name, type) VALUES("eip155:8453/erc20:0x2dAD3a13ef0C6366220f989157009e501e7938F8", "Extra Finance", "C"); INSERT INTO evm_tokens(identifier, token_kind, chain, address, decimals, protocol) VALUES("eip155:8453/erc20:0x2dAD3a13ef0C6366220f989157009e501e7938F8", "A", 8453, "0x2dAD3a13ef0C6366220f989157009e501e7938F8", 18, ""); INSERT INTO common_asset_details(identifier, symbol, coingecko, cryptocompare, forked, started, swapped_for) VALUES("eip155:8453/erc20:0x2dAD3a13ef0C6366220f989157009e501e7938F8", "EXTRA", "extra-finance", "EXTRA", NULL, 1690955247, NULL);
UPDATE common_asset_details SET cryptocompare="WELL" WHERE identifier="WELL";
INSERT INTO assets(identifier, name, type) VALUES("WELL", "Extra Finance", "W"); INSERT INTO common_asset_details(identifier, symbol, coingecko, cryptocompare, forked, started, swapped_for) VALUES("WELL", "WELL", "moonwell-artemis", "WELL", NULL, 1652303490, NULL);
INSERT INTO assets(identifier, name, type) VALUES("eip155:100/erc20:0x420CA0f9B9b604cE0fd9C18EF134C705e5Fa3430", "Monerium EURe", "C"); INSERT INTO evm_tokens(identifier, token_kind, chain, address, decimals, protocol) VALUES("eip155:100/erc20:0x420CA0f9B9b604cE0fd9C18EF134C705e5Fa3430", "A", 100, "0x420CA0f9B9b604cE0fd9C18EF134C705e5Fa3430", 18, ""); INSERT INTO common_asset_details(identifier, symbol, coingecko, cryptocompare, forked, started, swapped_for) VALUES("eip155:100/erc20:0x420CA0f9B9b604cE0fd9C18EF134C705e5Fa3430", "EURe", "monerium-eur-money", "EURE", NULL, 1724565650, NULL);
*
INSERT INTO assets(identifier, name, type) VALUES("eip155:100/erc20:0x8E34bfEC4f6Eb781f9743D9b4af99CD23F9b7053", "Monerium GBPe", "C"); INSERT INTO evm_tokens(identifier, token_kind, chain, address, decimals, protocol) VALUES("eip155:100/erc20:0x8E34bfEC4f6Eb781f9743D9b4af99CD23F9b7053", "A", 100, "0x8E34bfEC4f6Eb781f9743D9b4af99CD23F9b7053", 18, ""); INSERT INTO common_asset_details(identifier, symbol, coingecko, cryptocompare, forked, started, swapped_for) VALUES("eip155:100/erc20:0x8E34bfEC4f6Eb781f9743D9b4af99CD23F9b7053", "GBPe", "monerium-gbp-emoney", "", NULL, 1724565650, NULL);
*
INSERT INTO assets(identifier, name, type) VALUES("eip155:100/erc20:0x50D1A74F4b6dcaCddD97fd442C0e22a4c97F2b7f", "Monerium USDe", "C"); INSERT INTO evm_tokens(identifier, token_kind, chain, address, decimals, protocol) VALUES("eip155:100/erc20:0x50D1A74F4b6dcaCddD97fd442C0e22a4c97F2b7f", "A", 100, "0x50D1A74F4b6dcaCddD97fd442C0e22a4c97F2b7f", 18, ""); INSERT INTO common_asset_details(identifier, symbol, coingecko, cryptocompare, forked, started, swapped_for) VALUES("eip155:100/erc20:0x50D1A74F4b6dcaCddD97fd442C0e22a4c97F2b7f", "USDe", "", "", NULL, 1724565650, NULL);
*
INSERT INTO assets(identifier, name, type) VALUES("eip155:100/erc20:0x614Bd419D3735C9eb51542C06e5Acc09a9953f61", "Monerium ISKe", "C"); INSERT INTO evm_tokens(identifier, token_kind, chain, address, decimals, protocol) VALUES("eip155:100/erc20:0x614Bd419D3735C9eb51542C06e5Acc09a9953f61", "A", 100, "0x614Bd419D3735C9eb51542C06e5Acc09a9953f61", 18, ""); INSERT INTO common_asset_details(identifier, symbol, coingecko, cryptocompare, forked, started, swapped_for) VALUES("eip155:100/erc20:0x614Bd419D3735C9eb51542C06e5Acc09a9953f61", "ISKe", "", "", NULL, 1724565650, NULL);
*
INSERT INTO assets(identifier, name, type) VALUES("eip155:100/erc20:0x20E694659536C6B46e4B8BE8f6303fFCD8d1dF69", "Monerium USD emoney", "C"); INSERT INTO evm_tokens(identifier, token_kind, chain, address, decimals, protocol) VALUES("eip155:100/erc20:0x20E694659536C6B46e4B8BE8f6303fFCD8d1dF69", "A", 100, "0x20E694659536C6B46e4B8BE8f6303fFCD8d1dF69", 18, ""); INSERT INTO common_asset_details(identifier, symbol, coingecko, cryptocompare, forked, started, swapped_for) VALUES("eip155:100/erc20:0x20E694659536C6B46e4B8BE8f6303fFCD8d1dF69", "USDe", "", "", NULL, 1669766400, NULL);
*
INSERT INTO assets(identifier, name, type) VALUES("eip155:100/erc20:0xD8F84BF2E036A3c8E4c0e25ed2aAe0370F3CCca8", "Monerium ISK emoney", "C"); INSERT INTO evm_tokens(identifier, token_kind, chain, address, decimals, protocol) VALUES("eip155:100/erc20:0xD8F84BF2E036A3c8E4c0e25ed2aAe0370F3CCca8", "A", 100, "0xD8F84BF2E036A3c8E4c0e25ed2aAe0370F3CCca8", 18, ""); INSERT INTO common_asset_details(identifier, symbol, coingecko, cryptocompare, forked, started, swapped_for) VALUES("eip155:100/erc20:0xD8F84BF2E036A3c8E4c0e25ed2aAe0370F3CCca8", "ISKe", "", "", NULL, 1669766540, NULL);
*
INSERT INTO assets(identifier, name, type) VALUES("eip155:137/erc20:0xE0aEa583266584DafBB3f9C3211d5588c73fEa8d", "Monerium EURe", "C"); INSERT INTO evm_tokens(identifier, token_kind, chain, address, decimals, protocol) VALUES("eip155:137/erc20:0xE0aEa583266584DafBB3f9C3211d5588c73fEa8d", "A", 137, "0xE0aEa583266584DafBB3f9C3211d5588c73fEa8d", 18, ""); INSERT INTO common_asset_details(identifier, symbol, coingecko, cryptocompare, forked, started, swapped_for) VALUES("eip155:137/erc20:0xE0aEa583266584DafBB3f9C3211d5588c73fEa8d", "EURe", "monerium-eur-money", "EURE", NULL, 1723964166, NULL);
*
INSERT INTO assets(identifier, name, type) VALUES("eip155:137/erc20:0x646BEea7a02FdAdA34c8e118949fE32350aB2206", "Monerium GBPe", "C"); INSERT INTO evm_tokens(identifier, token_kind, chain, address, decimals, protocol) VALUES("eip155:137/erc20:0x646BEea7a02FdAdA34c8e118949fE32350aB2206", "A", 137, "0x646BEea7a02FdAdA34c8e118949fE32350aB2206", 18, ""); INSERT INTO common_asset_details(identifier, symbol, coingecko, cryptocompare, forked, started, swapped_for) VALUES("eip155:137/erc20:0x646BEea7a02FdAdA34c8e118949fE32350aB2206", "GBPe", "monerium-gbp-emoney", "", NULL, 1723964170, NULL);
*
INSERT INTO assets(identifier, name, type) VALUES("eip155:137/erc20:0x75792CBDb361d80ba89271a079EfeE62c29FA324", "Monerium GBP emoney", "C"); INSERT INTO evm_tokens(identifier, token_kind, chain, address, decimals, protocol) VALUES("eip155:137/erc20:0x75792CBDb361d80ba89271a079EfeE62c29FA324", "A", 137, "0x75792CBDb361d80ba89271a079EfeE62c29FA324", 18, ""); INSERT INTO common_asset_details(identifier, symbol, coingecko, cryptocompare, forked, started, swapped_for) VALUES("eip155:137/erc20:0x75792CBDb361d80ba89271a079EfeE62c29FA324", "GBPe", "monerium-gbp-emoney", "", NULL, 1648476518, NULL);
*
INSERT INTO assets(identifier, name, type) VALUES("eip155:137/erc20:0x91e2B584908C2807EFc9F846E0C2A1fe875C5141", "Monerium USDe", "C"); INSERT INTO evm_tokens(identifier, token_kind, chain, address, decimals, protocol) VALUES("eip155:137/erc20:0x91e2B584908C2807EFc9F846E0C2A1fe875C5141", "A", 137, "0x91e2B584908C2807EFc9F846E0C2A1fe875C5141", 18, ""); INSERT INTO common_asset_details(identifier, symbol, coingecko, cryptocompare, forked, started, swapped_for) VALUES("eip155:137/erc20:0x91e2B584908C2807EFc9F846E0C2A1fe875C5141", "USDe", "", "", NULL, 1723964174, NULL);
*
INSERT INTO assets(identifier, name, type) VALUES("eip155:137/erc20:0x64E97c1a6535afD4a313eF46F88A64a34250B719", "Monerium USD emoney", "C"); INSERT INTO evm_tokens(identifier, token_kind, chain, address, decimals, protocol) VALUES("eip155:137/erc20:0x64E97c1a6535afD4a313eF46F88A64a34250B719", "A", 137, "0x64E97c1a6535afD4a313eF46F88A64a34250B719", 18, ""); INSERT INTO common_asset_details(identifier, symbol, coingecko, cryptocompare, forked, started, swapped_for) VALUES("eip155:137/erc20:0x64E97c1a6535afD4a313eF46F88A64a34250B719", "USDe", "", "", NULL, 1648476976, NULL);
*
INSERT INTO assets(identifier, name, type) VALUES("eip155:137/erc20:0xd053fc09e8F05A43Da4ECC40a750559C938C8131", "Monerium ISKe", "C"); INSERT INTO evm_tokens(identifier, token_kind, chain, address, decimals, protocol) VALUES("eip155:137/erc20:0xd053fc09e8F05A43Da4ECC40a750559C938C8131", "A", 137, "0xd053fc09e8F05A43Da4ECC40a750559C938C8131", 18, ""); INSERT INTO common_asset_details(identifier, symbol, coingecko, cryptocompare, forked, started, swapped_for) VALUES("eip155:137/erc20:0xd053fc09e8F05A43Da4ECC40a750559C938C8131", "ISKe", "", "", NULL, 1723964170, NULL);
*
INSERT INTO assets(identifier, name, type) VALUES("eip155:137/erc20:0xf1bBf27A9D659D326efBfa5D284EBaeFB803983D", "Monerium ISK emoney", "C"); INSERT INTO evm_tokens(identifier, token_kind, chain, address, decimals, protocol) VALUES("eip155:137/erc20:0xf1bBf27A9D659D326efBfa5D284EBaeFB803983D", "A", 137, "0xf1bBf27A9D659D326efBfa5D284EBaeFB803983D", 18, ""); INSERT INTO common_asset_details(identifier, symbol, coingecko, cryptocompare, forked, started, swapped_for) VALUES("eip155:137/erc20:0xf1bBf27A9D659D326efBfa5D284EBaeFB803983D", "ISKe", "", "", NULL, 1648476792, NULL);
*
INSERT INTO assets(identifier, name, type) VALUES("eip155:1/erc20:0x7ba92741Bf2A568abC6f1D3413c58c6e0244F8fD", "Monerium GBP emoney", "C"); INSERT INTO evm_tokens(identifier, token_kind, chain, address, decimals, protocol) VALUES("eip155:1/erc20:0x7ba92741Bf2A568abC6f1D3413c58c6e0244F8fD", "A", 1, "0x7ba92741Bf2A568abC6f1D3413c58c6e0244F8fD", 18, ""); INSERT INTO common_asset_details(identifier, symbol, coingecko, cryptocompare, forked, started, swapped_for) VALUES("eip155:1/erc20:0x7ba92741Bf2A568abC6f1D3413c58c6e0244F8fD", "GBPe", "monerium-gbp-emoney", "", NULL, 1573470141, NULL);
*
