INSERT INTO ethereum_tokens(address, decimals, protocol) VALUES("0xD71eCFF9342A5Ced620049e616c5035F1dB98620", 18, NULL); INSERT INTO assets(identifier, type, name, symbol,started, swapped_for, coingecko, cryptocompare, details_reference) VALUES("_ceth_0xD71eCFF9342A5Ced620049e616c5035F1dB98620", "C", "Synth sEUR", "sEUR", 1569480631, NULL, "seur", "", "0xD71eCFF9342A5Ced620049e616c5035F1dB98620");
*
INSERT INTO ethereum_tokens(address, decimals, protocol) VALUES("0xa47c8bf37f92aBed4A126BDA807A7b7498661acD", 18, NULL); INSERT INTO assets(identifier, type, name, symbol,started, swapped_for, coingecko, cryptocompare, details_reference) VALUES("_ceth_0xa47c8bf37f92aBed4A126BDA807A7b7498661acD", "C", "Wrapped UST Token", "UST", 1606542599, NULL, "terrausd", "UST", "0xa47c8bf37f92aBed4A126BDA807A7b7498661acD");
*
INSERT INTO ethereum_tokens(address, decimals, protocol) VALUES("0x0E2EC54fC0B509F445631Bf4b91AB8168230C752", 18, NULL); INSERT INTO assets(identifier, type, name, symbol,started, swapped_for, coingecko, cryptocompare, details_reference) VALUES("_ceth_0x0E2EC54fC0B509F445631Bf4b91AB8168230C752", "C", "LINKUSD", "LINKUSD", 1599457740, NULL, "linkusd", "", "0x0E2EC54fC0B509F445631Bf4b91AB8168230C752");
*
INSERT INTO ethereum_tokens(address, decimals, protocol) VALUES("0x674C6Ad92Fd080e4004b2312b45f796a192D27a0", 18, NULL); INSERT INTO assets(identifier, type, name, symbol,started, swapped_for, coingecko, cryptocompare, details_reference) VALUES("_ceth_0x674C6Ad92Fd080e4004b2312b45f796a192D27a0", "C", "Neutrino USD", "USDN", 1601563115, NULL, "neutrino", "USDN", "0x674C6Ad92Fd080e4004b2312b45f796a192D27a0");
*
INSERT INTO ethereum_tokens(address, decimals, protocol) VALUES("0x5BC25f649fc4e26069dDF4cF4010F9f706c23831", 18, NULL); INSERT INTO assets(identifier, type, name, symbol,started, swapped_for, coingecko, cryptocompare, details_reference) VALUES("_ceth_0x5BC25f649fc4e26069dDF4cF4010F9f706c23831", "C", "DefiDollar", "DUSD", 1601563115, NULL, "defidollar", "", "0x5BC25f649fc4e26069dDF4cF4010F9f706c23831");
*
INSERT INTO ethereum_tokens(address, decimals, protocol) VALUES("0xdF574c24545E5FfEcb9a659c229253D4111d87e1", 8, NULL); INSERT INTO assets(identifier, type, name, symbol,started, swapped_for, coingecko, cryptocompare, details_reference) VALUES("_ceth_0xdF574c24545E5FfEcb9a659c229253D4111d87e1", "C", "HUSD", "HUSD", 1563449444, NULL, "husd", "HUSD", "0xdF574c24545E5FfEcb9a659c229253D4111d87e1");
*
INSERT INTO ethereum_tokens(address, decimals, protocol) VALUES("0x1456688345527bE1f37E9e627DA0837D6f08C925", 18, NULL); INSERT INTO assets(identifier, type, name, symbol,started, swapped_for, coingecko, cryptocompare, details_reference) VALUES("_ceth_0x1456688345527bE1f37E9e627DA0837D6f08C925", "C", "USDP Stablecoin", "USDP", 1606152323, NULL, "usdp", "", "0x1456688345527bE1f37E9e627DA0837D6f08C925");
*
INSERT INTO ethereum_tokens(address, decimals, protocol) VALUES("0x9BE89D2a4cd102D8Fecc6BF9dA793be995C22541", 8, NULL); INSERT INTO assets(identifier, type, name, symbol,started, swapped_for, coingecko, cryptocompare, details_reference) VALUES("_ceth_0x9BE89D2a4cd102D8Fecc6BF9dA793be995C22541", "C", "Binance Wrapped BTC", "BBTC", 1603438751, NULL, "binance-wrapped-btc", "", "0x9BE89D2a4cd102D8Fecc6BF9dA793be995C22541");
*
INSERT INTO ethereum_tokens(address, decimals, protocol) VALUES("0x845838DF265Dcd2c412A1Dc9e959c7d08537f8a2", 18, "curve_pool"); INSERT INTO assets(identifier, type, name, symbol,started, swapped_for, coingecko, cryptocompare, details_reference) VALUES("_ceth_0x845838DF265Dcd2c412A1Dc9e959c7d08537f8a2", "C", "Curve.fi cDAI/cUSDC", "cDAI+cUSDC", 1582652731, NULL, "", "", "0x845838DF265Dcd2c412A1Dc9e959c7d08537f8a2");
*
INSERT INTO ethereum_tokens(address, decimals, protocol) VALUES("0xb19059ebb43466C323583928285a49f558E572Fd", 18, "curve_pool"); INSERT INTO assets(identifier, type, name, symbol,started, swapped_for, coingecko, cryptocompare, details_reference) VALUES("_ceth_0xb19059ebb43466C323583928285a49f558E572Fd", "C", "Curve.fi hBTC/wBTC", "hCRV", 1598394687, NULL, "", "", "0xb19059ebb43466C323583928285a49f558E572Fd");
*
INSERT INTO ethereum_tokens(address, decimals, protocol) VALUES("0x5B5CFE992AdAC0C9D48E05854B2d91C73a003858", 18, "curve_pool"); INSERT INTO assets(identifier, type, name, symbol,started, swapped_for, coingecko, cryptocompare, details_reference) VALUES("_ceth_0x5B5CFE992AdAC0C9D48E05854B2d91C73a003858", "C", "Curve.fi HUSD/3Crv", "husd3CRV", 1602093636, NULL, "", "", "0x5B5CFE992AdAC0C9D48E05854B2d91C73a003858");
*
INSERT INTO ethereum_tokens(address, decimals, protocol) VALUES("0x6D65b498cb23deAba52db31c93Da9BFFb340FB8F", 18, "curve_pool"); INSERT INTO assets(identifier, type, name, symbol,started, swapped_for, coingecko, cryptocompare, details_reference) VALUES("_ceth_0x6D65b498cb23deAba52db31c93Da9BFFb340FB8F", "C", "Curve.fi LinkUSD/3Crv", "LinkUSD3CRV", 1602113576, NULL, "", "", "0x6D65b498cb23deAba52db31c93Da9BFFb340FB8F");
*
INSERT INTO ethereum_tokens(address, decimals, protocol) VALUES("0x1AEf73d49Dedc4b1778d0706583995958Dc862e6", 18, "curve_pool"); INSERT INTO assets(identifier, type, name, symbol,started, swapped_for, coingecko, cryptocompare, details_reference) VALUES("_ceth_0x1AEf73d49Dedc4b1778d0706583995958Dc862e6", "C", "Curve.fi MUSD/3Crv", "musd3CRV", 1602118991, NULL, "", "", "0x1AEf73d49Dedc4b1778d0706583995958Dc862e6");
*
INSERT INTO ethereum_tokens(address, decimals, protocol) VALUES("0xC2Ee6b0334C261ED60C72f6054450b61B8f18E35", 18, "curve_pool"); INSERT INTO assets(identifier, type, name, symbol,started, swapped_for, coingecko, cryptocompare, details_reference) VALUES("_ceth_0xC2Ee6b0334C261ED60C72f6054450b61B8f18E35", "C", "Curve.fi RSV/3Crv", "rsv3CRV", 1602460233, NULL, "", "", "0xC2Ee6b0334C261ED60C72f6054450b61B8f18E35");
*
INSERT INTO ethereum_tokens(address, decimals, protocol) VALUES("0x64eda51d3Ad40D56b9dFc5554E06F94e1Dd786Fd", 18, "curve_pool"); INSERT INTO assets(identifier, type, name, symbol,started, swapped_for, coingecko, cryptocompare, details_reference) VALUES("_ceth_0x64eda51d3Ad40D56b9dFc5554E06F94e1Dd786Fd", "C", "Curve.fi tBTC/sbtcCrv", "tbtc/sbtcCrv", 1603235147, NULL, "", "", "0x64eda51d3Ad40D56b9dFc5554E06F94e1Dd786Fd");
*
INSERT INTO ethereum_tokens(address, decimals, protocol) VALUES("0x97E2768e8E73511cA874545DC5Ff8067eB19B787", 18, "curve_pool"); INSERT INTO assets(identifier, type, name, symbol,started, swapped_for, coingecko, cryptocompare, details_reference) VALUES("_ceth_0x97E2768e8E73511cA874545DC5Ff8067eB19B787", "C", "Curve.fi USDK/3Crv", "usdk3CRV", 1602096387, NULL, "", "", "0x97E2768e8E73511cA874545DC5Ff8067eB19B787");
*
INSERT INTO ethereum_tokens(address, decimals, protocol) VALUES("0x4f3E8F405CF5aFC05D68142F3783bDfE13811522", 18, "curve_pool"); INSERT INTO assets(identifier, type, name, symbol,started, swapped_for, coingecko, cryptocompare, details_reference) VALUES("_ceth_0x4f3E8F405CF5aFC05D68142F3783bDfE13811522", "C", "Curve.fi USDN/3Crv", "usdn3CRV", 1602099637, NULL, "", "", "0x4f3E8F405CF5aFC05D68142F3783bDfE13811522");
*
INSERT INTO ethereum_tokens(address, decimals, protocol) VALUES("0x9fC689CCaDa600B6DF723D9E47D84d76664a1F23", 18, "curve_pool"); INSERT INTO assets(identifier, type, name, symbol,started, swapped_for, coingecko, cryptocompare, details_reference) VALUES("_ceth_0x9fC689CCaDa600B6DF723D9E47D84d76664a1F23", "C", "Curve.fi cDAI/cUSDC/USDT", "cDAI+cUSDC+USDT", 1581353059, NULL, "", "", "0x9fC689CCaDa600B6DF723D9E47D84d76664a1F23");
*
INSERT INTO ethereum_tokens(address, decimals, protocol) VALUES("0x3a664Ab939FD8482048609f652f9a0B0677337B9", 18, "curve_pool"); INSERT INTO assets(identifier, type, name, symbol,started, swapped_for, coingecko, cryptocompare, details_reference) VALUES("_ceth_0x3a664Ab939FD8482048609f652f9a0B0677337B9", "C", "Curve.fi DUSD/3Crv", "dusd3CRV", 1604447498, NULL, "", "", "0x3a664Ab939FD8482048609f652f9a0B0677337B9");
*
INSERT INTO ethereum_tokens(address, decimals, protocol) VALUES("0x410e3E86ef427e30B9235497143881f717d93c2A", 18, "curve_pool"); INSERT INTO assets(identifier, type, name, symbol,started, swapped_for, coingecko, cryptocompare, details_reference) VALUES("_ceth_0x410e3E86ef427e30B9235497143881f717d93c2A", "C", "Curve.fi bBTC/sbtcCRV", "bBTC/sbtcCRV", 1608000599, NULL, "", "", "0x410e3E86ef427e30B9235497143881f717d93c2A");
*
INSERT INTO ethereum_tokens(address, decimals, protocol) VALUES("0x2fE94ea3d5d4a175184081439753DE15AeF9d614", 18, "curve_pool"); INSERT INTO assets(identifier, type, name, symbol,started, swapped_for, coingecko, cryptocompare, details_reference) VALUES("_ceth_0x2fE94ea3d5d4a175184081439753DE15AeF9d614", "C", "Curve.fi oBTC/sbtcCRV", "oBTC/sbtcCRV", 1608056620, NULL, "", "", "0x2fE94ea3d5d4a175184081439753DE15AeF9d614");
*
INSERT INTO ethereum_tokens(address, decimals, protocol) VALUES("0xDE5331AC4B3630f94853Ff322B66407e0D6331E8", 18, "curve_pool"); INSERT INTO assets(identifier, type, name, symbol,started, swapped_for, coingecko, cryptocompare, details_reference) VALUES("_ceth_0xDE5331AC4B3630f94853Ff322B66407e0D6331E8", "C", "Curve.fi pBTC/sbtcCRV", "pBTC/sbtcCRV", 1607555496, NULL, "", "", "0xDE5331AC4B3630f94853Ff322B66407e0D6331E8");
*
INSERT INTO ethereum_tokens(address, decimals, protocol) VALUES("0x94e131324b6054c0D789b190b2dAC504e4361b53", 18, "curve_pool"); INSERT INTO assets(identifier, type, name, symbol,started, swapped_for, coingecko, cryptocompare, details_reference) VALUES("_ceth_0x94e131324b6054c0D789b190b2dAC504e4361b53", "C", "Curve.fi UST/3Crv", "ust3CRV", 1608153341, NULL, "", "", "0x94e131324b6054c0D789b190b2dAC504e4361b53");
*
INSERT INTO ethereum_tokens(address, decimals, protocol) VALUES("0x194eBd173F6cDacE046C53eACcE9B953F28411d1", 18, "curve_pool"); INSERT INTO assets(identifier, type, name, symbol,started, swapped_for, coingecko, cryptocompare, details_reference) VALUES("_ceth_0x194eBd173F6cDacE046C53eACcE9B953F28411d1", "C", "Curve.fi EURS/sEUR", "eursCRV", 1608157510, NULL, "", "", "0x194eBd173F6cDacE046C53eACcE9B953F28411d1");
*
INSERT INTO ethereum_tokens(address, decimals, protocol) VALUES("0xA3D87FffcE63B53E0d54fAa1cc983B7eB0b74A9c", 18, "curve_pool"); INSERT INTO assets(identifier, type, name, symbol,started, swapped_for, coingecko, cryptocompare, details_reference) VALUES("_ceth_0xA3D87FffcE63B53E0d54fAa1cc983B7eB0b74A9c", "C", "Curve.fi ETH/sETH", "eCRV", 1608489464, NULL, "", "", "0xA3D87FffcE63B53E0d54fAa1cc983B7eB0b74A9c");
*
INSERT INTO ethereum_tokens(address, decimals, protocol) VALUES("0x06325440D014e39736583c165C2963BA99fAf14E", 18, "curve_pool"); INSERT INTO assets(identifier, type, name, symbol,started, swapped_for, coingecko, cryptocompare, details_reference) VALUES("_ceth_0x06325440D014e39736583c165C2963BA99fAf14E", "C", "Curve.fi ETH/stETH", "steCRV", 1609806378, NULL, "", "", "0x06325440D014e39736583c165C2963BA99fAf14E");
*
INSERT INTO ethereum_tokens(address, decimals, protocol) VALUES("0xaA17A236F2bAdc98DDc0Cf999AbB47D47Fc0A6Cf", 18, "curve_pool"); INSERT INTO assets(identifier, type, name, symbol,started, swapped_for, coingecko, cryptocompare, details_reference) VALUES("_ceth_0xaA17A236F2bAdc98DDc0Cf999AbB47D47Fc0A6Cf", "C", "Curve.fi ETH/aETH", "ankrCRV", 1612233081, NULL, "", "", "0xaA17A236F2bAdc98DDc0Cf999AbB47D47Fc0A6Cf");
*
INSERT INTO ethereum_tokens(address, decimals, protocol) VALUES("0x02d341CcB60fAaf662bC0554d13778015d1b285C", 18, "curve_pool"); INSERT INTO assets(identifier, type, name, symbol,started, swapped_for, coingecko, cryptocompare, details_reference) VALUES("_ceth_0x02d341CcB60fAaf662bC0554d13778015d1b285C", "C", "Curve.fi aDAI/aSUSD", "saCRV", 1612211177, NULL, "", "", "0x02d341CcB60fAaf662bC0554d13778015d1b285C");
*
INSERT INTO ethereum_tokens(address, decimals, protocol) VALUES("0x5282a4eF67D9C33135340fB3289cc1711c13638C", 18, "curve_pool"); INSERT INTO assets(identifier, type, name, symbol,started, swapped_for, coingecko, cryptocompare, details_reference) VALUES("_ceth_0x5282a4eF67D9C33135340fB3289cc1711c13638C", "C", "Curve.fi cyDAI/cyUSDC/cyUSDT", "ib3CRV", 1612991328, NULL, "", "", "0x5282a4eF67D9C33135340fB3289cc1711c13638C");
*
INSERT INTO ethereum_tokens(address, decimals, protocol) VALUES("0xcee60cFa923170e4f8204AE08B4fA6A3F5656F3a", 18, "curve_pool"); INSERT INTO assets(identifier, type, name, symbol,started, swapped_for, coingecko, cryptocompare, details_reference) VALUES("_ceth_0xcee60cFa923170e4f8204AE08B4fA6A3F5656F3a", "C", "Curve.fi LINK/sLINK", "linkCRV", 1613575766, NULL, "", "", "0xcee60cFa923170e4f8204AE08B4fA6A3F5656F3a");
*
INSERT INTO ethereum_tokens(address, decimals, protocol) VALUES("0x7Eb40E450b9655f4B3cC4259BCC731c63ff55ae6", 18, "curve_pool"); INSERT INTO assets(identifier, type, name, symbol,started, swapped_for, coingecko, cryptocompare, details_reference) VALUES("_ceth_0x7Eb40E450b9655f4B3cC4259BCC731c63ff55ae6", "C", "Curve.fi USDP/3Crv", "usdp3CRV", 1614197821, NULL, "", "", "0x7Eb40E450b9655f4B3cC4259BCC731c63ff55ae6");
*
INSERT INTO ethereum_tokens(address, decimals, protocol) VALUES("0x03c31f3444357087d5f568d24AE17f9177c8AA84", 18, "yearn_vaults_v2"); INSERT INTO assets(identifier, type, name, symbol,started, swapped_for, coingecko, cryptocompare, details_reference) VALUES("_ceth_0x03c31f3444357087d5f568d24AE17f9177c8AA84", "C", "LINK yVault", "yvLINK", 1615383226, NULL, "", "", "0x03c31f3444357087d5f568d24AE17f9177c8AA84"); INSERT INTO underlying_tokens_list(address, weight, parent_token_entry) VALUES ("0x514910771AF9Ca656af840dff83E8264EcF986CA", "1.0", "0x03c31f3444357087d5f568d24AE17f9177c8AA84");
*
INSERT INTO ethereum_tokens(address, decimals, protocol) VALUES("0x054AF22E1519b020516D72D749221c24756385C9", 18, "yearn_vaults_v2"); INSERT INTO assets(identifier, type, name, symbol,started, swapped_for, coingecko, cryptocompare, details_reference) VALUES("_ceth_0x054AF22E1519b020516D72D749221c24756385C9", "C", "Curve HUSD Pool yVault", "yvCurve-HUSD", 1619201962, NULL, "", "", "0x054AF22E1519b020516D72D749221c24756385C9"); INSERT INTO underlying_tokens_list(address, weight, parent_token_entry) VALUES ("0x5B5CFE992AdAC0C9D48E05854B2d91C73a003858", "1.0", "0x054AF22E1519b020516D72D749221c24756385C9");
*
INSERT INTO ethereum_tokens(address, decimals, protocol) VALUES("0x0e880118C29F095143dDA28e64d95333A9e75A47", 18, "yearn_vaults_v2"); INSERT INTO assets(identifier, type, name, symbol,started, swapped_for, coingecko, cryptocompare, details_reference) VALUES("_ceth_0x0e880118C29F095143dDA28e64d95333A9e75A47", "C", "eCRV yVault", "yveCRV", 1611768523, NULL, "", "", "0x0e880118C29F095143dDA28e64d95333A9e75A47"); INSERT INTO underlying_tokens_list(address, weight, parent_token_entry) VALUES ("0xA3D87FffcE63B53E0d54fAa1cc983B7eB0b74A9c", "1.0", "0x0e880118C29F095143dDA28e64d95333A9e75A47");
*
INSERT INTO ethereum_tokens(address, decimals, protocol) VALUES("0x0e8A7717A4FD7694682E7005957dD5d7598bF14A", 8, "yearn_vaults_v2"); INSERT INTO assets(identifier, type, name, symbol,started, swapped_for, coingecko, cryptocompare, details_reference) VALUES("_ceth_0x0e8A7717A4FD7694682E7005957dD5d7598bF14A", "C", "yExperimentalWBTC", "yExptWBTC", 1611805323, NULL, "", "", "0x0e8A7717A4FD7694682E7005957dD5d7598bF14A"); INSERT INTO underlying_tokens_list(address, weight, parent_token_entry) VALUES ("0x2260FAC5E5542a773Aa44fBCfeDf7C193bc2C599", "1.0", "0x0e8A7717A4FD7694682E7005957dD5d7598bF14A");
*
INSERT INTO ethereum_tokens(address, decimals, protocol) VALUES("0x0F6121fB28C7C42916d663171063c62684598f9F", 18, "yearn_vaults_v2"); INSERT INTO assets(identifier, type, name, symbol,started, swapped_for, coingecko, cryptocompare, details_reference) VALUES("_ceth_0x0F6121fB28C7C42916d663171063c62684598f9F", "C", "HBTC yVault", "yvHBTC", 1623347494, NULL, "", "", "0x0F6121fB28C7C42916d663171063c62684598f9F"); INSERT INTO underlying_tokens_list(address, weight, parent_token_entry) VALUES ("0x0316EB71485b0Ab14103307bf65a021042c6d380", "1.0", "0x0F6121fB28C7C42916d663171063c62684598f9F");
*
INSERT INTO ethereum_tokens(address, decimals, protocol) VALUES("0x0ff3773a6984aD900f7FB23A9acbf07AC3aDFB06", 18, "yearn_vaults_v2"); INSERT INTO assets(identifier, type, name, symbol,started, swapped_for, coingecko, cryptocompare, details_reference) VALUES("_ceth_0x0ff3773a6984aD900f7FB23A9acbf07AC3aDFB06", "C", "Curve Y Pool yVault", "yUSD", 1618502273, NULL, "", "", "0x0ff3773a6984aD900f7FB23A9acbf07AC3aDFB06"); INSERT INTO underlying_tokens_list(address, weight, parent_token_entry) VALUES ("0xdF5e0e81Dff6FAF3A7e52BA697820c5e32D806A8", "1.0", "0x0ff3773a6984aD900f7FB23A9acbf07AC3aDFB06");
*
INSERT INTO ethereum_tokens(address, decimals, protocol) VALUES("0x1133b2E2F51becCF25b2f8d0cA48c1d93DD5ab12", 18, "yearn_vaults_v2"); INSERT INTO assets(identifier, type, name, symbol,started, swapped_for, coingecko, cryptocompare, details_reference) VALUES("_ceth_0x1133b2E2F51becCF25b2f8d0cA48c1d93DD5ab12", "C", "OCEAN yVault", "yvOCEAN", 1615162088, NULL, "", "", "0x1133b2E2F51becCF25b2f8d0cA48c1d93DD5ab12"); INSERT INTO underlying_tokens_list(address, weight, parent_token_entry) VALUES ("0x967da4048cD07aB37855c090aAF366e4ce1b9F48", "1.0", "0x1133b2E2F51becCF25b2f8d0cA48c1d93DD5ab12");
*
INSERT INTO ethereum_tokens(address, decimals, protocol) VALUES("0x132d8D2C76Db3812403431fAcB00F3453Fc42125", 18, "yearn_vaults_v2"); INSERT INTO assets(identifier, type, name, symbol,started, swapped_for, coingecko, cryptocompare, details_reference) VALUES("_ceth_0x132d8D2C76Db3812403431fAcB00F3453Fc42125", "C", "Curve ankrETH Pool yVault", "yvCurve-ankrETH", 1619135101, NULL, "", "", "0x132d8D2C76Db3812403431fAcB00F3453Fc42125"); INSERT INTO underlying_tokens_list(address, weight, parent_token_entry) VALUES ("0xaA17A236F2bAdc98DDc0Cf999AbB47D47Fc0A6Cf", "1.0", "0x132d8D2C76Db3812403431fAcB00F3453Fc42125");
*
INSERT INTO ethereum_tokens(address, decimals, protocol) VALUES("0x19b8Bc5CcF9700e16f2780bEA152F01C449f45D0", 18, "yearn_vaults_v2"); INSERT INTO assets(identifier, type, name, symbol,started, swapped_for, coingecko, cryptocompare, details_reference) VALUES("_ceth_0x19b8Bc5CcF9700e16f2780bEA152F01C449f45D0", "C", "ALCX yVault", "yvALCX", 1614695132, NULL, "", "", "0x19b8Bc5CcF9700e16f2780bEA152F01C449f45D0"); INSERT INTO underlying_tokens_list(address, weight, parent_token_entry) VALUES ("0xdBdb4d16EdA451D0503b854CF79D55697F90c8DF", "1.0", "0x19b8Bc5CcF9700e16f2780bEA152F01C449f45D0");
*
INSERT INTO ethereum_tokens(address, decimals, protocol) VALUES("0x19D3364A399d251E894aC732651be8B0E4e85001", 18, "yearn_vaults_v2"); INSERT INTO assets(identifier, type, name, symbol,started, swapped_for, coingecko, cryptocompare, details_reference) VALUES("_ceth_0x19D3364A399d251E894aC732651be8B0E4e85001", "C", "DAI yVault", "yvDAI", 1610900779, NULL, "", "", "0x19D3364A399d251E894aC732651be8B0E4e85001"); INSERT INTO underlying_tokens_list(address, weight, parent_token_entry) VALUES ("0x6B175474E89094C44Da98b954EedeAC495271d0F", "1.0", "0x19D3364A399d251E894aC732651be8B0E4e85001");
*
INSERT INTO ethereum_tokens(address, decimals, protocol) VALUES("0x1Ae8Ccd120A05080d9A01C3B4F627F865685D091", 8, "yearn_vaults_v2"); INSERT INTO assets(identifier, type, name, symbol,started, swapped_for, coingecko, cryptocompare, details_reference) VALUES("_ceth_0x1Ae8Ccd120A05080d9A01C3B4F627F865685D091", "C", "WBTC yVault", "yvWBTC", 1613681073, NULL, "", "", "0x1Ae8Ccd120A05080d9A01C3B4F627F865685D091"); INSERT INTO underlying_tokens_list(address, weight, parent_token_entry) VALUES ("0x2260FAC5E5542a773Aa44fBCfeDf7C193bc2C599", "1.0", "0x1Ae8Ccd120A05080d9A01C3B4F627F865685D091");
*
INSERT INTO ethereum_tokens(address, decimals, protocol) VALUES("0x1C6a9783F812b3Af3aBbf7de64c3cD7CC7D1af44", 18, "yearn_vaults_v2"); INSERT INTO assets(identifier, type, name, symbol,started, swapped_for, coingecko, cryptocompare, details_reference) VALUES("_ceth_0x1C6a9783F812b3Af3aBbf7de64c3cD7CC7D1af44", "C", "Curve UST Pool yVault", "yvCurve-UST", 1619201539, NULL, "", "", "0x1C6a9783F812b3Af3aBbf7de64c3cD7CC7D1af44"); INSERT INTO underlying_tokens_list(address, weight, parent_token_entry) VALUES ("0x94e131324b6054c0D789b190b2dAC504e4361b53", "1.0", "0x1C6a9783F812b3Af3aBbf7de64c3cD7CC7D1af44");
*
INSERT INTO ethereum_tokens(address, decimals, protocol) VALUES("0x23D3D0f1c697247d5e0a9efB37d8b0ED0C464f7f", 18, "yearn_vaults_v2"); INSERT INTO assets(identifier, type, name, symbol,started, swapped_for, coingecko, cryptocompare, details_reference) VALUES("_ceth_0x23D3D0f1c697247d5e0a9efB37d8b0ED0C464f7f", "C", "Curve tBTC Pool yVault", "yvCurve-tBTC", 1619203070, NULL, "", "", "0x23D3D0f1c697247d5e0a9efB37d8b0ED0C464f7f"); INSERT INTO underlying_tokens_list(address, weight, parent_token_entry) VALUES ("0x64eda51d3Ad40D56b9dFc5554E06F94e1Dd786Fd", "1.0", "0x23D3D0f1c697247d5e0a9efB37d8b0ED0C464f7f");
*
INSERT INTO ethereum_tokens(address, decimals, protocol) VALUES("0x25212Df29073FfFA7A67399AcEfC2dd75a831A1A", 18, "yearn_vaults_v2"); INSERT INTO assets(identifier, type, name, symbol,started, swapped_for, coingecko, cryptocompare, details_reference) VALUES("_ceth_0x25212Df29073FfFA7A67399AcEfC2dd75a831A1A", "C", "Curve EURS Pool yVault", "yvCurve-EURS", 1619202196, NULL, "", "", "0x25212Df29073FfFA7A67399AcEfC2dd75a831A1A"); INSERT INTO underlying_tokens_list(address, weight, parent_token_entry) VALUES ("0x194eBd173F6cDacE046C53eACcE9B953F28411d1", "1.0", "0x25212Df29073FfFA7A67399AcEfC2dd75a831A1A");
*
INSERT INTO ethereum_tokens(address, decimals, protocol) VALUES("0x27b7b1ad7288079A66d12350c828D3C00A6F07d7", 18, "yearn_vaults_v2"); INSERT INTO assets(identifier, type, name, symbol,started, swapped_for, coingecko, cryptocompare, details_reference) VALUES("_ceth_0x27b7b1ad7288079A66d12350c828D3C00A6F07d7", "C", "Curve Iron Bank Pool yVault", "yvCurve-IB", 1615530116, NULL, "", "", "0x27b7b1ad7288079A66d12350c828D3C00A6F07d7"); INSERT INTO underlying_tokens_list(address, weight, parent_token_entry) VALUES ("0x5282a4eF67D9C33135340fB3289cc1711c13638C", "1.0", "0x27b7b1ad7288079A66d12350c828D3C00A6F07d7");
*
INSERT INTO ethereum_tokens(address, decimals, protocol) VALUES("0x2a38B9B0201Ca39B17B460eD2f11e4929559071E", 18, "yearn_vaults_v2"); INSERT INTO assets(identifier, type, name, symbol,started, swapped_for, coingecko, cryptocompare, details_reference) VALUES("_ceth_0x2a38B9B0201Ca39B17B460eD2f11e4929559071E", "C", "Curve GUSD Pool yVault", "yvCurve-GUSD", 1619202751, NULL, "", "", "0x2a38B9B0201Ca39B17B460eD2f11e4929559071E"); INSERT INTO underlying_tokens_list(address, weight, parent_token_entry) VALUES ("0xD2967f45c4f384DEEa880F807Be904762a3DeA07", "1.0", "0x2a38B9B0201Ca39B17B460eD2f11e4929559071E");
*
INSERT INTO ethereum_tokens(address, decimals, protocol) VALUES("0x2F194Da57aa855CAa02Ea3Ab991fa5d38178B9e6", 18, "yearn_vaults_v2"); INSERT INTO assets(identifier, type, name, symbol,started, swapped_for, coingecko, cryptocompare, details_reference) VALUES("_ceth_0x2F194Da57aa855CAa02Ea3Ab991fa5d38178B9e6", "C", "UNI yVault", "yvUNI", 1615496001, NULL, "", "", "0x2F194Da57aa855CAa02Ea3Ab991fa5d38178B9e6"); INSERT INTO underlying_tokens_list(address, weight, parent_token_entry) VALUES ("0x1f9840a85d5aF5bf1D1762F925BDADdC4201F984", "1.0", "0x2F194Da57aa855CAa02Ea3Ab991fa5d38178B9e6");
*
INSERT INTO ethereum_tokens(address, decimals, protocol) VALUES("0x30FCf7c6cDfC46eC237783D94Fc78553E79d4E9C", 18, "yearn_vaults_v2"); INSERT INTO assets(identifier, type, name, symbol,started, swapped_for, coingecko, cryptocompare, details_reference) VALUES("_ceth_0x30FCf7c6cDfC46eC237783D94Fc78553E79d4E9C", "C", "Curve DUSD Pool yVault", "yvCurve-DUSD", 1619136773, NULL, "", "", "0x30FCf7c6cDfC46eC237783D94Fc78553E79d4E9C"); INSERT INTO underlying_tokens_list(address, weight, parent_token_entry) VALUES ("0x3a664Ab939FD8482048609f652f9a0B0677337B9", "1.0", "0x30FCf7c6cDfC46eC237783D94Fc78553E79d4E9C");
*
INSERT INTO ethereum_tokens(address, decimals, protocol) VALUES("0x3149950258FbBcE1638d6C23ac93A692604Ef864", 18, "yearn_vaults_v2"); INSERT INTO assets(identifier, type, name, symbol,started, swapped_for, coingecko, cryptocompare, details_reference) VALUES("_ceth_0x3149950258FbBcE1638d6C23ac93A692604Ef864", "C", "crvRenWBTC yVault", "yvcrvRenWBTC", 1614636579, NULL, "", "", "0x3149950258FbBcE1638d6C23ac93A692604Ef864"); INSERT INTO underlying_tokens_list(address, weight, parent_token_entry) VALUES ("0x49849C98ae39Fff122806C06791Fa73784FB3675", "1.0", "0x3149950258FbBcE1638d6C23ac93A692604Ef864");
*
INSERT INTO ethereum_tokens(address, decimals, protocol) VALUES("0x32413274504908460f0c373C7f20F429Fb80ed3A", 18, "yearn_vaults_v2"); INSERT INTO assets(identifier, type, name, symbol,started, swapped_for, coingecko, cryptocompare, details_reference) VALUES("_ceth_0x32413274504908460f0c373C7f20F429Fb80ed3A", "C", "saCRV yVault", "yvsaCRV", 1616277938, NULL, "", "", "0x32413274504908460f0c373C7f20F429Fb80ed3A"); INSERT INTO underlying_tokens_list(address, weight, parent_token_entry) VALUES ("0x02d341CcB60fAaf662bC0554d13778015d1b285C", "1.0", "0x32413274504908460f0c373C7f20F429Fb80ed3A");
*
INSERT INTO ethereum_tokens(address, decimals, protocol) VALUES("0x32651dD149a6EC22734882F790cBEB21402663F9", 6, "yearn_vaults_v2"); INSERT INTO assets(identifier, type, name, symbol,started, swapped_for, coingecko, cryptocompare, details_reference) VALUES("_ceth_0x32651dD149a6EC22734882F790cBEB21402663F9", "C", "USDT yVault", "yvUSDT", 1617042581, NULL, "", "", "0x32651dD149a6EC22734882F790cBEB21402663F9"); INSERT INTO underlying_tokens_list(address, weight, parent_token_entry) VALUES ("0xdAC17F958D2ee523a2206206994597C13D831ec7", "1.0", "0x32651dD149a6EC22734882F790cBEB21402663F9");
*
INSERT INTO ethereum_tokens(address, decimals, protocol) VALUES("0x3408324Dbb537886CADc180f6FfCf674eE215F67", 8, "yearn_vaults_v2"); INSERT INTO assets(identifier, type, name, symbol,started, swapped_for, coingecko, cryptocompare, details_reference) VALUES("_ceth_0x3408324Dbb537886CADc180f6FfCf674eE215F67", "C", "renBTC yVault", "yvrenBTC", 1621145234, NULL, "", "", "0x3408324Dbb537886CADc180f6FfCf674eE215F67"); INSERT INTO underlying_tokens_list(address, weight, parent_token_entry) VALUES ("0xEB4C2781e4ebA804CE9a9803C67d0893436bB27D", "1.0", "0x3408324Dbb537886CADc180f6FfCf674eE215F67");
*
INSERT INTO ethereum_tokens(address, decimals, protocol) VALUES("0x3466c90017F82DDA939B01E8DBd9b0f97AEF8DfC", 18, "yearn_vaults_v2"); INSERT INTO assets(identifier, type, name, symbol,started, swapped_for, coingecko, cryptocompare, details_reference) VALUES("_ceth_0x3466c90017F82DDA939B01E8DBd9b0f97AEF8DfC", "C", "sUSD yVault", "yvsUSD", 1612213670, NULL, "", "", "0x3466c90017F82DDA939B01E8DBd9b0f97AEF8DfC"); INSERT INTO underlying_tokens_list(address, weight, parent_token_entry) VALUES ("0x57Ab1ec28D129707052df4dF418D58a2D46d5f51", "1.0", "0x3466c90017F82DDA939B01E8DBd9b0f97AEF8DfC");
*
INSERT INTO ethereum_tokens(address, decimals, protocol) VALUES("0x39CAF13a104FF567f71fd2A4c68C026FDB6E740B", 18, "yearn_vaults_v2"); INSERT INTO assets(identifier, type, name, symbol,started, swapped_for, coingecko, cryptocompare, details_reference) VALUES("_ceth_0x39CAF13a104FF567f71fd2A4c68C026FDB6E740B", "C", "Curve Aave Pool yVault", "yvCurve-Aave", 1619203875, NULL, "", "", "0x39CAF13a104FF567f71fd2A4c68C026FDB6E740B"); INSERT INTO underlying_tokens_list(address, weight, parent_token_entry) VALUES ("0xFd2a8fA60Abd58Efe3EeE34dd494cD491dC14900", "1.0", "0x39CAF13a104FF567f71fd2A4c68C026FDB6E740B");
*
INSERT INTO ethereum_tokens(address, decimals, protocol) VALUES("0x3B96d491f067912D18563d56858Ba7d6EC67a6fa", 18, "yearn_vaults_v2"); INSERT INTO assets(identifier, type, name, symbol,started, swapped_for, coingecko, cryptocompare, details_reference) VALUES("_ceth_0x3B96d491f067912D18563d56858Ba7d6EC67a6fa", "C", "Curve USDN Pool yVault", "yvCurve-USDN", 1619203236, NULL, "", "", "0x3B96d491f067912D18563d56858Ba7d6EC67a6fa"); INSERT INTO underlying_tokens_list(address, weight, parent_token_entry) VALUES ("0x4f3E8F405CF5aFC05D68142F3783bDfE13811522", "1.0", "0x3B96d491f067912D18563d56858Ba7d6EC67a6fa");
*
INSERT INTO ethereum_tokens(address, decimals, protocol) VALUES("0x3c5DF3077BcF800640B5DAE8c91106575a4826E6", 18, "yearn_vaults_v2"); INSERT INTO assets(identifier, type, name, symbol,started, swapped_for, coingecko, cryptocompare, details_reference) VALUES("_ceth_0x3c5DF3077BcF800640B5DAE8c91106575a4826E6", "C", "Curve pBTC Pool yVault", "yvCurve-pBTC", 1619133571, NULL, "", "", "0x3c5DF3077BcF800640B5DAE8c91106575a4826E6"); INSERT INTO underlying_tokens_list(address, weight, parent_token_entry) VALUES ("0xDE5331AC4B3630f94853Ff322B66407e0D6331E8", "1.0", "0x3c5DF3077BcF800640B5DAE8c91106575a4826E6");
*
INSERT INTO ethereum_tokens(address, decimals, protocol) VALUES("0x3C90033684F2504D55eeb652720785F70FA692D4", 18, "yearn_vaults_v2"); INSERT INTO assets(identifier, type, name, symbol,started, swapped_for, coingecko, cryptocompare, details_reference) VALUES("_ceth_0x3C90033684F2504D55eeb652720785F70FA692D4", "C", "cDAI+cUSDC yVault", "yvcDAI+cUSDC", 1616796350, NULL, "", "", "0x3C90033684F2504D55eeb652720785F70FA692D4"); INSERT INTO underlying_tokens_list(address, weight, parent_token_entry) VALUES ("0x845838DF265Dcd2c412A1Dc9e959c7d08537f8a2", "1.0", "0x3C90033684F2504D55eeb652720785F70FA692D4");
*
INSERT INTO ethereum_tokens(address, decimals, protocol) VALUES("0x477faf103dADc5Fe5BAa40951cf7512dcBC18126", 6, "yearn_vaults_v2"); INSERT INTO assets(identifier, type, name, symbol,started, swapped_for, coingecko, cryptocompare, details_reference) VALUES("_ceth_0x477faf103dADc5Fe5BAa40951cf7512dcBC18126", "C", "USDC yVault", "yvUSDC", 1616040406, NULL, "", "", "0x477faf103dADc5Fe5BAa40951cf7512dcBC18126"); INSERT INTO underlying_tokens_list(address, weight, parent_token_entry) VALUES ("0xA0b86991c6218b36c1d19D4a2e9Eb0cE3606eB48", "1.0", "0x477faf103dADc5Fe5BAa40951cf7512dcBC18126");
*
INSERT INTO ethereum_tokens(address, decimals, protocol) VALUES("0x4856A7EFBbFcaE92AB13c5e2e322Fc77647bB856", 18, "yearn_vaults_v2"); INSERT INTO assets(identifier, type, name, symbol,started, swapped_for, coingecko, cryptocompare, details_reference) VALUES("_ceth_0x4856A7EFBbFcaE92AB13c5e2e322Fc77647bB856", "C", "RAI yVault", "yvRAI", 1620407629, NULL, "", "", "0x4856A7EFBbFcaE92AB13c5e2e322Fc77647bB856"); INSERT INTO underlying_tokens_list(address, weight, parent_token_entry) VALUES ("0x03ab458634910AaD20eF5f1C8ee96F1D6ac54919", "1.0", "0x4856A7EFBbFcaE92AB13c5e2e322Fc77647bB856");
*
INSERT INTO ethereum_tokens(address, decimals, protocol) VALUES("0x49b3E44e54b6220aF892DbA48ae45F1Ea6bC4aE9", 18, "yearn_vaults_v2"); INSERT INTO assets(identifier, type, name, symbol,started, swapped_for, coingecko, cryptocompare, details_reference) VALUES("_ceth_0x49b3E44e54b6220aF892DbA48ae45F1Ea6bC4aE9", "C", "TUSD yVault", "yvTUSD", 1615402481, NULL, "", "", "0x49b3E44e54b6220aF892DbA48ae45F1Ea6bC4aE9"); INSERT INTO underlying_tokens_list(address, weight, parent_token_entry) VALUES ("0x0000000000085d4780B73119b644AE5ecd22b376", "1.0", "0x49b3E44e54b6220aF892DbA48ae45F1Ea6bC4aE9");
*
INSERT INTO ethereum_tokens(address, decimals, protocol) VALUES("0x4B5BfD52124784745c1071dcB244C6688d2533d3", 18, "yearn_vaults_v2"); INSERT INTO assets(identifier, type, name, symbol,started, swapped_for, coingecko, cryptocompare, details_reference) VALUES("_ceth_0x4B5BfD52124784745c1071dcB244C6688d2533d3", "C", "Curve Y Pool yVault", "yUSD", 1619040924, NULL, "", "", "0x4B5BfD52124784745c1071dcB244C6688d2533d3"); INSERT INTO underlying_tokens_list(address, weight, parent_token_entry) VALUES ("0xdF5e0e81Dff6FAF3A7e52BA697820c5e32D806A8", "1.0", "0x4B5BfD52124784745c1071dcB244C6688d2533d3");
*
INSERT INTO ethereum_tokens(address, decimals, protocol) VALUES("0x56A5Fd5104a4956898753dfb060ff32882Ae0eb4", 18, "yearn_vaults_v2"); INSERT INTO assets(identifier, type, name, symbol,started, swapped_for, coingecko, cryptocompare, details_reference) VALUES("_ceth_0x56A5Fd5104a4956898753dfb060ff32882Ae0eb4", "C", "ALCX yVault", "yvALCX", 1614695052, NULL, "", "", "0x56A5Fd5104a4956898753dfb060ff32882Ae0eb4"); INSERT INTO underlying_tokens_list(address, weight, parent_token_entry) VALUES ("0xdBdb4d16EdA451D0503b854CF79D55697F90c8DF", "1.0", "0x56A5Fd5104a4956898753dfb060ff32882Ae0eb4");
*
INSERT INTO ethereum_tokens(address, decimals, protocol) VALUES("0x5737022626C282a89D105fD2e89ed6928EbDAe93", 18, "yearn_vaults_v2"); INSERT INTO assets(identifier, type, name, symbol,started, swapped_for, coingecko, cryptocompare, details_reference) VALUES("_ceth_0x5737022626C282a89D105fD2e89ed6928EbDAe93", "C", "eCRV yVault", "yveCRV", 1611645193, NULL, "", "", "0x5737022626C282a89D105fD2e89ed6928EbDAe93"); INSERT INTO underlying_tokens_list(address, weight, parent_token_entry) VALUES ("0xA3D87FffcE63B53E0d54fAa1cc983B7eB0b74A9c", "1.0", "0x5737022626C282a89D105fD2e89ed6928EbDAe93");
*
INSERT INTO ethereum_tokens(address, decimals, protocol) VALUES("0x5a770DbD3Ee6bAF2802D29a901Ef11501C44797A", 18, "yearn_vaults_v2"); INSERT INTO assets(identifier, type, name, symbol,started, swapped_for, coingecko, cryptocompare, details_reference) VALUES("_ceth_0x5a770DbD3Ee6bAF2802D29a901Ef11501C44797A", "C", "Curve sUSD Pool yVault", "yvCurve-sUSD", 1619203676, NULL, "", "", "0x5a770DbD3Ee6bAF2802D29a901Ef11501C44797A"); INSERT INTO underlying_tokens_list(address, weight, parent_token_entry) VALUES ("0xC25a3A3b969415c80451098fa907EC722572917F", "1.0", "0x5a770DbD3Ee6bAF2802D29a901Ef11501C44797A");
*
INSERT INTO ethereum_tokens(address, decimals, protocol) VALUES("0x5b189D92983E941273b26e3b46e5a16206c08827", 18, "yearn_vaults_v2"); INSERT INTO assets(identifier, type, name, symbol,started, swapped_for, coingecko, cryptocompare, details_reference) VALUES("_ceth_0x5b189D92983E941273b26e3b46e5a16206c08827", "C", "eCRV yVault", "yveCRV", 1611637575, NULL, "", "", "0x5b189D92983E941273b26e3b46e5a16206c08827"); INSERT INTO underlying_tokens_list(address, weight, parent_token_entry) VALUES ("0xA3D87FffcE63B53E0d54fAa1cc983B7eB0b74A9c", "1.0", "0x5b189D92983E941273b26e3b46e5a16206c08827");
*
INSERT INTO ethereum_tokens(address, decimals, protocol) VALUES("0x5B707472eeF1553646740a7e5BEcFD41B9B4Ef4C", 18, "yearn_vaults_v2"); INSERT INTO assets(identifier, type, name, symbol,started, swapped_for, coingecko, cryptocompare, details_reference) VALUES("_ceth_0x5B707472eeF1553646740a7e5BEcFD41B9B4Ef4C", "C", "COMP yVault", "yvCOMP", 1619753734, NULL, "", "", "0x5B707472eeF1553646740a7e5BEcFD41B9B4Ef4C"); INSERT INTO underlying_tokens_list(address, weight, parent_token_entry) VALUES ("0xc00e94Cb662C3520282E6f5717214004A7f26888", "1.0", "0x5B707472eeF1553646740a7e5BEcFD41B9B4Ef4C");
*
INSERT INTO ethereum_tokens(address, decimals, protocol) VALUES("0x5f18C75AbDAe578b483E5F43f12a39cF75b973a9", 6, "yearn_vaults_v2"); INSERT INTO assets(identifier, type, name, symbol,started, swapped_for, coingecko, cryptocompare, details_reference) VALUES("_ceth_0x5f18C75AbDAe578b483E5F43f12a39cF75b973a9", "C", "USDC yVault", "yvUSDC", 1610909579, NULL, "", "", "0x5f18C75AbDAe578b483E5F43f12a39cF75b973a9"); INSERT INTO underlying_tokens_list(address, weight, parent_token_entry) VALUES ("0xA0b86991c6218b36c1d19D4a2e9Eb0cE3606eB48", "1.0", "0x5f18C75AbDAe578b483E5F43f12a39cF75b973a9");
*
INSERT INTO ethereum_tokens(address, decimals, protocol) VALUES("0x625b7DF2fa8aBe21B0A976736CDa4775523aeD1E", 18, "yearn_vaults_v2"); INSERT INTO assets(identifier, type, name, symbol,started, swapped_for, coingecko, cryptocompare, details_reference) VALUES("_ceth_0x625b7DF2fa8aBe21B0A976736CDa4775523aeD1E", "C", "hCRV yVault", "yvhCRV", 1616773195, NULL, "", "", "0x625b7DF2fa8aBe21B0A976736CDa4775523aeD1E"); INSERT INTO underlying_tokens_list(address, weight, parent_token_entry) VALUES ("0xb19059ebb43466C323583928285a49f558E572Fd", "1.0", "0x625b7DF2fa8aBe21B0A976736CDa4775523aeD1E");
*
INSERT INTO ethereum_tokens(address, decimals, protocol) VALUES("0x671a912C10bba0CFA74Cfc2d6Fba9BA1ed9530B2", 18, "yearn_vaults_v2"); INSERT INTO assets(identifier, type, name, symbol,started, swapped_for, coingecko, cryptocompare, details_reference) VALUES("_ceth_0x671a912C10bba0CFA74Cfc2d6Fba9BA1ed9530B2", "C", "LINK yVault", "yvLINK", 1622471192, NULL, "", "", "0x671a912C10bba0CFA74Cfc2d6Fba9BA1ed9530B2"); INSERT INTO underlying_tokens_list(address, weight, parent_token_entry) VALUES ("0x514910771AF9Ca656af840dff83E8264EcF986CA", "1.0", "0x671a912C10bba0CFA74Cfc2d6Fba9BA1ed9530B2");
*
INSERT INTO ethereum_tokens(address, decimals, protocol) VALUES("0x6D2F347DCFc55C6AC80e515a58344acd7FeF0B84", 18, "yearn_vaults_v2"); INSERT INTO assets(identifier, type, name, symbol,started, swapped_for, coingecko, cryptocompare, details_reference) VALUES("_ceth_0x6D2F347DCFc55C6AC80e515a58344acd7FeF0B84", "C", "bCRV yVault", "yvbCRV", 1616796996, NULL, "", "", "0x6D2F347DCFc55C6AC80e515a58344acd7FeF0B84"); INSERT INTO underlying_tokens_list(address, weight, parent_token_entry) VALUES ("0x3B3Ac5386837Dc563660FB6a0937DFAa5924333B", "1.0", "0x6D2F347DCFc55C6AC80e515a58344acd7FeF0B84");
*
INSERT INTO ethereum_tokens(address, decimals, protocol) VALUES("0x7047F90229a057C13BF847C0744D646CFb6c9E1A", 18, "yearn_vaults_v2"); INSERT INTO assets(identifier, type, name, symbol,started, swapped_for, coingecko, cryptocompare, details_reference) VALUES("_ceth_0x7047F90229a057C13BF847C0744D646CFb6c9E1A", "C", "Curve renBTC Pool yVault", "yvCurve-renBTC", 1618198791, NULL, "", "", "0x7047F90229a057C13BF847C0744D646CFb6c9E1A"); INSERT INTO underlying_tokens_list(address, weight, parent_token_entry) VALUES ("0x49849C98ae39Fff122806C06791Fa73784FB3675", "1.0", "0x7047F90229a057C13BF847C0744D646CFb6c9E1A");
*
INSERT INTO ethereum_tokens(address, decimals, protocol) VALUES("0x71955515ADF20cBDC699B8bC556Fc7Fd726B31B0", 6, "yearn_vaults_v2"); INSERT INTO assets(identifier, type, name, symbol,started, swapped_for, coingecko, cryptocompare, details_reference) VALUES("_ceth_0x71955515ADF20cBDC699B8bC556Fc7Fd726B31B0", "C", "USDC yVault", "yvUSDC", 1620961937, NULL, "", "", "0x71955515ADF20cBDC699B8bC556Fc7Fd726B31B0"); INSERT INTO underlying_tokens_list(address, weight, parent_token_entry) VALUES ("0xA0b86991c6218b36c1d19D4a2e9Eb0cE3606eB48", "1.0", "0x71955515ADF20cBDC699B8bC556Fc7Fd726B31B0");
*
INSERT INTO ethereum_tokens(address, decimals, protocol) VALUES("0x7356f09C294Cb9c6428AC7327B24B0f29419C181", 18, "yearn_vaults_v2"); INSERT INTO assets(identifier, type, name, symbol,started, swapped_for, coingecko, cryptocompare, details_reference) VALUES("_ceth_0x7356f09C294Cb9c6428AC7327B24B0f29419C181", "C", "SNX yVault", "yvSNX", 1613163353, NULL, "", "", "0x7356f09C294Cb9c6428AC7327B24B0f29419C181"); INSERT INTO underlying_tokens_list(address, weight, parent_token_entry) VALUES ("0xC011a73ee8576Fb46F5E1c5751cA3B9Fe0af2a6F", "1.0", "0x7356f09C294Cb9c6428AC7327B24B0f29419C181");
*
INSERT INTO ethereum_tokens(address, decimals, protocol) VALUES("0x75A3f32ba5e60A094729257EE44841F9552baFb9", 18, "yearn_vaults_v2"); INSERT INTO assets(identifier, type, name, symbol,started, swapped_for, coingecko, cryptocompare, details_reference) VALUES("_ceth_0x75A3f32ba5e60A094729257EE44841F9552baFb9", "C", "AAVE yVault", "yvAAVE", 1619754772, NULL, "", "", "0x75A3f32ba5e60A094729257EE44841F9552baFb9"); INSERT INTO underlying_tokens_list(address, weight, parent_token_entry) VALUES ("0x7Fc66500c84A76Ad7e9c93437bFc5Ac33E2DDaE9", "1.0", "0x75A3f32ba5e60A094729257EE44841F9552baFb9");
*
INSERT INTO ethereum_tokens(address, decimals, protocol) VALUES("0x7Da96a3891Add058AdA2E826306D812C638D87a7", 6, "yearn_vaults_v2"); INSERT INTO assets(identifier, type, name, symbol,started, swapped_for, coingecko, cryptocompare, details_reference) VALUES("_ceth_0x7Da96a3891Add058AdA2E826306D812C638D87a7", "C", "USDT yVault", "yvUSDT", 1618346655, NULL, "", "", "0x7Da96a3891Add058AdA2E826306D812C638D87a7"); INSERT INTO underlying_tokens_list(address, weight, parent_token_entry) VALUES ("0xdAC17F958D2ee523a2206206994597C13D831ec7", "1.0", "0x7Da96a3891Add058AdA2E826306D812C638D87a7");
*
INSERT INTO ethereum_tokens(address, decimals, protocol) VALUES("0x8414Db07a7F743dEbaFb402070AB01a4E0d2E45e", 18, "yearn_vaults_v2"); INSERT INTO assets(identifier, type, name, symbol,started, swapped_for, coingecko, cryptocompare, details_reference) VALUES("_ceth_0x8414Db07a7F743dEbaFb402070AB01a4E0d2E45e", "C", "Curve sBTC Pool yVault", "yvCurve-sBTC", 1618198719, NULL, "", "", "0x8414Db07a7F743dEbaFb402070AB01a4E0d2E45e"); INSERT INTO underlying_tokens_list(address, weight, parent_token_entry) VALUES ("0x075b1bb99792c9E1041bA13afEf80C91a1e70fB3", "1.0", "0x8414Db07a7F743dEbaFb402070AB01a4E0d2E45e");
*
INSERT INTO ethereum_tokens(address, decimals, protocol) VALUES("0x84E13785B5a27879921D6F685f041421C7F482dA", 18, "yearn_vaults_v2"); INSERT INTO assets(identifier, type, name, symbol,started, swapped_for, coingecko, cryptocompare, details_reference) VALUES("_ceth_0x84E13785B5a27879921D6F685f041421C7F482dA", "C", "Curve 3pool yVault", "yvCurve-3pool", 1618503020, NULL, "", "", "0x84E13785B5a27879921D6F685f041421C7F482dA"); INSERT INTO underlying_tokens_list(address, weight, parent_token_entry) VALUES ("0x6c3F90f043a72FA612cbac8115EE7e52BDe6E490", "1.0", "0x84E13785B5a27879921D6F685f041421C7F482dA");
*
INSERT INTO ethereum_tokens(address, decimals, protocol) VALUES("0x873fB544277FD7b977B196a826459a69E27eA4ea", 18, "yearn_vaults_v2"); INSERT INTO assets(identifier, type, name, symbol,started, swapped_for, coingecko, cryptocompare, details_reference) VALUES("_ceth_0x873fB544277FD7b977B196a826459a69E27eA4ea", "C", "RAI yVault", "yvRAI", 1622846514, NULL, "", "", "0x873fB544277FD7b977B196a826459a69E27eA4ea"); INSERT INTO underlying_tokens_list(address, weight, parent_token_entry) VALUES ("0x03ab458634910AaD20eF5f1C8ee96F1D6ac54919", "1.0", "0x873fB544277FD7b977B196a826459a69E27eA4ea");
*
INSERT INTO ethereum_tokens(address, decimals, protocol) VALUES("0x8B58Aa42A4Aa222b684078459CE03Dd0A43342B1", 18, "yearn_vaults_v2"); INSERT INTO assets(identifier, type, name, symbol,started, swapped_for, coingecko, cryptocompare, details_reference) VALUES("_ceth_0x8B58Aa42A4Aa222b684078459CE03Dd0A43342B1", "C", "USDP yVault", "yvUSDP", 1619192695, NULL, "", "", "0x8B58Aa42A4Aa222b684078459CE03Dd0A43342B1"); INSERT INTO underlying_tokens_list(address, weight, parent_token_entry) VALUES ("0x1456688345527bE1f37E9e627DA0837D6f08C925", "1.0", "0x8B58Aa42A4Aa222b684078459CE03Dd0A43342B1");
*
INSERT INTO ethereum_tokens(address, decimals, protocol) VALUES("0x8cc94ccd0f3841a468184aCA3Cc478D2148E1757", 18, "yearn_vaults_v2"); INSERT INTO assets(identifier, type, name, symbol,started, swapped_for, coingecko, cryptocompare, details_reference) VALUES("_ceth_0x8cc94ccd0f3841a468184aCA3Cc478D2148E1757", "C", "Curve mUSD Pool yVault", "yvCurve-mUSD", 1619137013, NULL, "", "", "0x8cc94ccd0f3841a468184aCA3Cc478D2148E1757"); INSERT INTO underlying_tokens_list(address, weight, parent_token_entry) VALUES ("0x1AEf73d49Dedc4b1778d0706583995958Dc862e6", "1.0", "0x8cc94ccd0f3841a468184aCA3Cc478D2148E1757");
*
INSERT INTO ethereum_tokens(address, decimals, protocol) VALUES("0x8ee57c05741aA9DB947A744E713C15d4d19D8822", 18, "yearn_vaults_v2"); INSERT INTO assets(identifier, type, name, symbol,started, swapped_for, coingecko, cryptocompare, details_reference) VALUES("_ceth_0x8ee57c05741aA9DB947A744E713C15d4d19D8822", "C", "Curve BUSD Pool yVault", "yvCurve-BUSD", 1618496415, NULL, "", "", "0x8ee57c05741aA9DB947A744E713C15d4d19D8822"); INSERT INTO underlying_tokens_list(address, weight, parent_token_entry) VALUES ("0x3B3Ac5386837Dc563660FB6a0937DFAa5924333B", "1.0", "0x8ee57c05741aA9DB947A744E713C15d4d19D8822");
*
INSERT INTO ethereum_tokens(address, decimals, protocol) VALUES("0x8fA3A9ecd9EFb07A8CE90A6eb014CF3c0E3B32Ef", 18, "yearn_vaults_v2"); INSERT INTO assets(identifier, type, name, symbol,started, swapped_for, coingecko, cryptocompare, details_reference) VALUES("_ceth_0x8fA3A9ecd9EFb07A8CE90A6eb014CF3c0E3B32Ef", "C", "Curve BBTC Pool yVault", "yvCurve-BBTC", 1619133571, NULL, "", "", "0x8fA3A9ecd9EFb07A8CE90A6eb014CF3c0E3B32Ef"); INSERT INTO underlying_tokens_list(address, weight, parent_token_entry) VALUES ("0x410e3E86ef427e30B9235497143881f717d93c2A", "1.0", "0x8fA3A9ecd9EFb07A8CE90A6eb014CF3c0E3B32Ef");
*
INSERT INTO ethereum_tokens(address, decimals, protocol) VALUES("0x986b4AFF588a109c09B50A03f42E4110E29D353F", 18, "yearn_vaults_v2"); INSERT INTO assets(identifier, type, name, symbol,started, swapped_for, coingecko, cryptocompare, details_reference) VALUES("_ceth_0x986b4AFF588a109c09B50A03f42E4110E29D353F", "C", "eCRV yVault", "yveCRV", 1613507246, NULL, "", "", "0x986b4AFF588a109c09B50A03f42E4110E29D353F"); INSERT INTO underlying_tokens_list(address, weight, parent_token_entry) VALUES ("0xA3D87FffcE63B53E0d54fAa1cc983B7eB0b74A9c", "1.0", "0x986b4AFF588a109c09B50A03f42E4110E29D353F");
*
INSERT INTO ethereum_tokens(address, decimals, protocol) VALUES("0xa258C4606Ca8206D8aA700cE2143D7db854D168c", 18, "yearn_vaults_v2"); INSERT INTO assets(identifier, type, name, symbol,started, swapped_for, coingecko, cryptocompare, details_reference) VALUES("_ceth_0xa258C4606Ca8206D8aA700cE2143D7db854D168c", "C", "WETH yVault", "yvWETH", 1623088086, NULL, "", "", "0xa258C4606Ca8206D8aA700cE2143D7db854D168c"); INSERT INTO underlying_tokens_list(address, weight, parent_token_entry) VALUES ("0xC02aaA39b223FE8D0A0e5C4F27eAD9083C756Cc2", "1.0", "0xa258C4606Ca8206D8aA700cE2143D7db854D168c");
*
INSERT INTO ethereum_tokens(address, decimals, protocol) VALUES("0xa2619fDFB99ABeb533a1147461f3f1109c5ADe75", 18, "yearn_vaults_v2"); INSERT INTO assets(identifier, type, name, symbol,started, swapped_for, coingecko, cryptocompare, details_reference) VALUES("_ceth_0xa2619fDFB99ABeb533a1147461f3f1109c5ADe75", "C", "WETH yVault", "yvWETH", 1619473902, NULL, "", "", "0xa2619fDFB99ABeb533a1147461f3f1109c5ADe75"); INSERT INTO underlying_tokens_list(address, weight, parent_token_entry) VALUES ("0xC02aaA39b223FE8D0A0e5C4F27eAD9083C756Cc2", "1.0", "0xa2619fDFB99ABeb533a1147461f3f1109c5ADe75");
*
INSERT INTO ethereum_tokens(address, decimals, protocol) VALUES("0xa5cA62D95D24A4a350983D5B8ac4EB8638887396", 18, "yearn_vaults_v2"); INSERT INTO assets(identifier, type, name, symbol,started, swapped_for, coingecko, cryptocompare, details_reference) VALUES("_ceth_0xa5cA62D95D24A4a350983D5B8ac4EB8638887396", "C", "sUSD yVault", "yvsUSD", 1616100922, NULL, "", "", "0xa5cA62D95D24A4a350983D5B8ac4EB8638887396"); INSERT INTO underlying_tokens_list(address, weight, parent_token_entry) VALUES ("0x57Ab1ec28D129707052df4dF418D58a2D46d5f51", "1.0", "0xa5cA62D95D24A4a350983D5B8ac4EB8638887396");
*
INSERT INTO ethereum_tokens(address, decimals, protocol) VALUES("0xA696a63cc78DfFa1a63E9E50587C197387FF6C7E", 8, "yearn_vaults_v2"); INSERT INTO assets(identifier, type, name, symbol,started, swapped_for, coingecko, cryptocompare, details_reference) VALUES("_ceth_0xA696a63cc78DfFa1a63E9E50587C197387FF6C7E", "C", "WBTC yVault", "yvWBTC", 1617710298, NULL, "", "", "0xA696a63cc78DfFa1a63E9E50587C197387FF6C7E"); INSERT INTO underlying_tokens_list(address, weight, parent_token_entry) VALUES ("0x2260FAC5E5542a773Aa44fBCfeDf7C193bc2C599", "1.0", "0xA696a63cc78DfFa1a63E9E50587C197387FF6C7E");
*
INSERT INTO ethereum_tokens(address, decimals, protocol) VALUES("0xa9fE4601811213c340e850ea305481afF02f5b28", 18, "yearn_vaults_v2"); INSERT INTO assets(identifier, type, name, symbol,started, swapped_for, coingecko, cryptocompare, details_reference) VALUES("_ceth_0xa9fE4601811213c340e850ea305481afF02f5b28", "C", "WETH yVault", "yvWETH", 1613681002, NULL, "", "", "0xa9fE4601811213c340e850ea305481afF02f5b28"); INSERT INTO underlying_tokens_list(address, weight, parent_token_entry) VALUES ("0xC02aaA39b223FE8D0A0e5C4F27eAD9083C756Cc2", "1.0", "0xa9fE4601811213c340e850ea305481afF02f5b28");
*
INSERT INTO ethereum_tokens(address, decimals, protocol) VALUES("0xAaAee277F21Bb7D2Bf49E6b36d0d94DC229B0B25", 18, "yearn_vaults_v2"); INSERT INTO assets(identifier, type, name, symbol,started, swapped_for, coingecko, cryptocompare, details_reference) VALUES("_ceth_0xAaAee277F21Bb7D2Bf49E6b36d0d94DC229B0B25", "C", "LUSD yVault", "yvLUSD", 1621898408, NULL, "", "", "0xAaAee277F21Bb7D2Bf49E6b36d0d94DC229B0B25"); INSERT INTO underlying_tokens_list(address, weight, parent_token_entry) VALUES ("0x5f98805A4E8be255a32880FDeC7F6728C6568bA0", "1.0", "0xAaAee277F21Bb7D2Bf49E6b36d0d94DC229B0B25");
*
INSERT INTO ethereum_tokens(address, decimals, protocol) VALUES("0xAc1C90b9c76d56BA2e24F3995F7671c745f8f308", 18, "yearn_vaults_v2"); INSERT INTO assets(identifier, type, name, symbol,started, swapped_for, coingecko, cryptocompare, details_reference) VALUES("_ceth_0xAc1C90b9c76d56BA2e24F3995F7671c745f8f308", "C", "AAVE yVault", "yvAAVE", 1615238900, NULL, "", "", "0xAc1C90b9c76d56BA2e24F3995F7671c745f8f308"); INSERT INTO underlying_tokens_list(address, weight, parent_token_entry) VALUES ("0x7Fc66500c84A76Ad7e9c93437bFc5Ac33E2DDaE9", "1.0", "0xAc1C90b9c76d56BA2e24F3995F7671c745f8f308");
*
INSERT INTO ethereum_tokens(address, decimals, protocol) VALUES("0xac333895ce1A73875CF7B4Ecdc5A743C12f3d82B", 18, "yearn_vaults_v2"); INSERT INTO assets(identifier, type, name, symbol,started, swapped_for, coingecko, cryptocompare, details_reference) VALUES("_ceth_0xac333895ce1A73875CF7B4Ecdc5A743C12f3d82B", "C", "WETH yVault", "yvWETH", 1612200385, NULL, "", "", "0xac333895ce1A73875CF7B4Ecdc5A743C12f3d82B"); INSERT INTO underlying_tokens_list(address, weight, parent_token_entry) VALUES ("0xC02aaA39b223FE8D0A0e5C4F27eAD9083C756Cc2", "1.0", "0xac333895ce1A73875CF7B4Ecdc5A743C12f3d82B");
*
INSERT INTO ethereum_tokens(address, decimals, protocol) VALUES("0xAf322a2eDf31490250fdEb0D712621484b09aBB6", 6, "yearn_vaults_v2"); INSERT INTO assets(identifier, type, name, symbol,started, swapped_for, coingecko, cryptocompare, details_reference) VALUES("_ceth_0xAf322a2eDf31490250fdEb0D712621484b09aBB6", "C", "USDT yVault", "yvUSDT", 1615244693, NULL, "", "", "0xAf322a2eDf31490250fdEb0D712621484b09aBB6"); INSERT INTO underlying_tokens_list(address, weight, parent_token_entry) VALUES ("0xdAC17F958D2ee523a2206206994597C13D831ec7", "1.0", "0xAf322a2eDf31490250fdEb0D712621484b09aBB6");
*
INSERT INTO ethereum_tokens(address, decimals, protocol) VALUES("0xb32747B4045479B77a8b8Eb44029ba12580214F8", 18, "yearn_vaults_v2"); INSERT INTO assets(identifier, type, name, symbol,started, swapped_for, coingecko, cryptocompare, details_reference) VALUES("_ceth_0xb32747B4045479B77a8b8Eb44029ba12580214F8", "C", "SUSHI yVault", "yvSUSHI", 1615173665, NULL, "", "", "0xb32747B4045479B77a8b8Eb44029ba12580214F8"); INSERT INTO underlying_tokens_list(address, weight, parent_token_entry) VALUES ("0x6B3595068778DD592e39A122f4f5a5cF09C90fE2", "1.0", "0xb32747B4045479B77a8b8Eb44029ba12580214F8");
*
INSERT INTO ethereum_tokens(address, decimals, protocol) VALUES("0xb4D1Be44BfF40ad6e506edf43156577a3f8672eC", 18, "yearn_vaults_v2"); INSERT INTO assets(identifier, type, name, symbol,started, swapped_for, coingecko, cryptocompare, details_reference) VALUES("_ceth_0xb4D1Be44BfF40ad6e506edf43156577a3f8672eC", "C", "Curve sAave Pool yVault", "yvCurve-sAave", 1618495735, NULL, "", "", "0xb4D1Be44BfF40ad6e506edf43156577a3f8672eC"); INSERT INTO underlying_tokens_list(address, weight, parent_token_entry) VALUES ("0x02d341CcB60fAaf662bC0554d13778015d1b285C", "1.0", "0xb4D1Be44BfF40ad6e506edf43156577a3f8672eC");
*
INSERT INTO ethereum_tokens(address, decimals, protocol) VALUES("0xB8C3B7A2A618C552C23B1E4701109a9E756Bab67", 18, "yearn_vaults_v2"); INSERT INTO assets(identifier, type, name, symbol,started, swapped_for, coingecko, cryptocompare, details_reference) VALUES("_ceth_0xB8C3B7A2A618C552C23B1E4701109a9E756Bab67", "C", "1INCH yVault", "yv1INCH", 1613761651, NULL, "", "", "0xB8C3B7A2A618C552C23B1E4701109a9E756Bab67"); INSERT INTO underlying_tokens_list(address, weight, parent_token_entry) VALUES ("0x111111111117dC0aa78b770fA6A738034120C302", "1.0", "0xB8C3B7A2A618C552C23B1E4701109a9E756Bab67");
*
INSERT INTO ethereum_tokens(address, decimals, protocol) VALUES("0xB98Df7163E61bf053564bde010985f67279BBCEC", 18, "yearn_vaults_v2"); INSERT INTO assets(identifier, type, name, symbol,started, swapped_for, coingecko, cryptocompare, details_reference) VALUES("_ceth_0xB98Df7163E61bf053564bde010985f67279BBCEC", "C", "DAI yVault", "yvDAI", 1619291138, NULL, "", "", "0xB98Df7163E61bf053564bde010985f67279BBCEC"); INSERT INTO underlying_tokens_list(address, weight, parent_token_entry) VALUES ("0x6B175474E89094C44Da98b954EedeAC495271d0F", "1.0", "0xB98Df7163E61bf053564bde010985f67279BBCEC");
*
INSERT INTO ethereum_tokens(address, decimals, protocol) VALUES("0xbda3A6CB2aaef41805F6317841d7B8654eC8b124", 18, "yearn_vaults_v2"); INSERT INTO assets(identifier, type, name, symbol,started, swapped_for, coingecko, cryptocompare, details_reference) VALUES("_ceth_0xbda3A6CB2aaef41805F6317841d7B8654eC8b124", "C", "crvRenWBTC yVault", "yvcrvRenWBTC", 1616300024, NULL, "", "", "0xbda3A6CB2aaef41805F6317841d7B8654eC8b124"); INSERT INTO underlying_tokens_list(address, weight, parent_token_entry) VALUES ("0x49849C98ae39Fff122806C06791Fa73784FB3675", "1.0", "0xbda3A6CB2aaef41805F6317841d7B8654eC8b124");
*
INSERT INTO ethereum_tokens(address, decimals, protocol) VALUES("0xBF7AA989192b020a8d3e1C65a558e123834325cA", 18, "yearn_vaults_v2"); INSERT INTO assets(identifier, type, name, symbol,started, swapped_for, coingecko, cryptocompare, details_reference) VALUES("_ceth_0xBF7AA989192b020a8d3e1C65a558e123834325cA", "C", "HBTC yVault", "yvHBTC", 1614169559, NULL, "", "", "0xBF7AA989192b020a8d3e1C65a558e123834325cA"); INSERT INTO underlying_tokens_list(address, weight, parent_token_entry) VALUES ("0x0316EB71485b0Ab14103307bf65a021042c6d380", "1.0", "0xBF7AA989192b020a8d3e1C65a558e123834325cA");
*
INSERT INTO ethereum_tokens(address, decimals, protocol) VALUES("0xBFa4D8AA6d8a379aBFe7793399D3DdaCC5bBECBB", 18, "yearn_vaults_v2"); INSERT INTO assets(identifier, type, name, symbol,started, swapped_for, coingecko, cryptocompare, details_reference) VALUES("_ceth_0xBFa4D8AA6d8a379aBFe7793399D3DdaCC5bBECBB", "C", "DAI yVault", "yvDAI", 1607189818, NULL, "", "", "0xBFa4D8AA6d8a379aBFe7793399D3DdaCC5bBECBB"); INSERT INTO underlying_tokens_list(address, weight, parent_token_entry) VALUES ("0x6B175474E89094C44Da98b954EedeAC495271d0F", "1.0", "0xBFa4D8AA6d8a379aBFe7793399D3DdaCC5bBECBB");
*
INSERT INTO ethereum_tokens(address, decimals, protocol) VALUES("0xC4dAf3b5e2A9e93861c3FBDd25f1e943B8D87417", 18, "yearn_vaults_v2"); INSERT INTO assets(identifier, type, name, symbol,started, swapped_for, coingecko, cryptocompare, details_reference) VALUES("_ceth_0xC4dAf3b5e2A9e93861c3FBDd25f1e943B8D87417", "C", "Curve USDP Pool yVault", "yvCurve-USDP", 1619204103, NULL, "", "", "0xC4dAf3b5e2A9e93861c3FBDd25f1e943B8D87417"); INSERT INTO underlying_tokens_list(address, weight, parent_token_entry) VALUES ("0x7Eb40E450b9655f4B3cC4259BCC731c63ff55ae6", "1.0", "0xC4dAf3b5e2A9e93861c3FBDd25f1e943B8D87417");
*
INSERT INTO ethereum_tokens(address, decimals, protocol) VALUES("0xcB550A6D4C8e3517A939BC79d0c7093eb7cF56B5", 8, "yearn_vaults_v2"); INSERT INTO assets(identifier, type, name, symbol,started, swapped_for, coingecko, cryptocompare, details_reference) VALUES("_ceth_0xcB550A6D4C8e3517A939BC79d0c7093eb7cF56B5", "C", "WBTC yVault", "yvWBTC", 1612133527, NULL, "", "", "0xcB550A6D4C8e3517A939BC79d0c7093eb7cF56B5"); INSERT INTO underlying_tokens_list(address, weight, parent_token_entry) VALUES ("0x2260FAC5E5542a773Aa44fBCfeDf7C193bc2C599", "1.0", "0xcB550A6D4C8e3517A939BC79d0c7093eb7cF56B5");
*
INSERT INTO ethereum_tokens(address, decimals, protocol) VALUES("0xcE0F1Ef5aAAB82547acc699d3Ab93c069bb6e547", 18, "yearn_vaults_v2"); INSERT INTO assets(identifier, type, name, symbol,started, swapped_for, coingecko, cryptocompare, details_reference) VALUES("_ceth_0xcE0F1Ef5aAAB82547acc699d3Ab93c069bb6e547", "C", "sUSD-hedging yVault", "yvsUSD-h", 1623591450, NULL, "", "", "0xcE0F1Ef5aAAB82547acc699d3Ab93c069bb6e547"); INSERT INTO underlying_tokens_list(address, weight, parent_token_entry) VALUES ("0x57Ab1ec28D129707052df4dF418D58a2D46d5f51", "1.0", "0xcE0F1Ef5aAAB82547acc699d3Ab93c069bb6e547");
*
INSERT INTO ethereum_tokens(address, decimals, protocol) VALUES("0xD2C65E20C3fDE3F18097e7414e65596e0C83B1a9", 18, "yearn_vaults_v2"); INSERT INTO assets(identifier, type, name, symbol,started, swapped_for, coingecko, cryptocompare, details_reference) VALUES("_ceth_0xD2C65E20C3fDE3F18097e7414e65596e0C83B1a9", "C", "ICE yVault", "yvICE", 1618229826, NULL, "", "", "0xD2C65E20C3fDE3F18097e7414e65596e0C83B1a9"); INSERT INTO underlying_tokens_list(address, weight, parent_token_entry) VALUES ("0x5a84969bb663fb64F6d015DcF9F622Aedc796750", "1.0", "0xD2C65E20C3fDE3F18097e7414e65596e0C83B1a9");
*
INSERT INTO ethereum_tokens(address, decimals, protocol) VALUES("0xD6Ea40597Be05c201845c0bFd2e96A60bACde267", 18, "yearn_vaults_v2"); INSERT INTO assets(identifier, type, name, symbol,started, swapped_for, coingecko, cryptocompare, details_reference) VALUES("_ceth_0xD6Ea40597Be05c201845c0bFd2e96A60bACde267", "C", "Curve Compound Pool yVault", "yvCurve-Compound", 1618497569, NULL, "", "", "0xD6Ea40597Be05c201845c0bFd2e96A60bACde267"); INSERT INTO underlying_tokens_list(address, weight, parent_token_entry) VALUES ("0x845838DF265Dcd2c412A1Dc9e959c7d08537f8a2", "1.0", "0xD6Ea40597Be05c201845c0bFd2e96A60bACde267");
*
INSERT INTO ethereum_tokens(address, decimals, protocol) VALUES("0xdCD90C7f6324cfa40d7169ef80b12031770B4325", 18, "yearn_vaults_v2"); INSERT INTO assets(identifier, type, name, symbol,started, swapped_for, coingecko, cryptocompare, details_reference) VALUES("_ceth_0xdCD90C7f6324cfa40d7169ef80b12031770B4325", "C", "steCRV yVault", "yvsteCRV", 1610649529, NULL, "", "", "0xdCD90C7f6324cfa40d7169ef80b12031770B4325"); INSERT INTO underlying_tokens_list(address, weight, parent_token_entry) VALUES ("0x06325440D014e39736583c165C2963BA99fAf14E", "1.0", "0xdCD90C7f6324cfa40d7169ef80b12031770B4325");
*
INSERT INTO ethereum_tokens(address, decimals, protocol) VALUES("0xDdb166C6CB38CEDe52d12c405b6e906c1fB6f9d7", 18, "yearn_vaults_v2"); INSERT INTO assets(identifier, type, name, symbol,started, swapped_for, coingecko, cryptocompare, details_reference) VALUES("_ceth_0xDdb166C6CB38CEDe52d12c405b6e906c1fB6f9d7", "C", "crvRenWSBTC yVault", "yvcrvRenWSBTC", 1616818368, NULL, "", "", "0xDdb166C6CB38CEDe52d12c405b6e906c1fB6f9d7"); INSERT INTO underlying_tokens_list(address, weight, parent_token_entry) VALUES ("0x075b1bb99792c9E1041bA13afEf80C91a1e70fB3", "1.0", "0xDdb166C6CB38CEDe52d12c405b6e906c1fB6f9d7");
*
INSERT INTO ethereum_tokens(address, decimals, protocol) VALUES("0xe11ba472F74869176652C35D30dB89854b5ae84D", 18, "yearn_vaults_v2"); INSERT INTO assets(identifier, type, name, symbol,started, swapped_for, coingecko, cryptocompare, details_reference) VALUES("_ceth_0xe11ba472F74869176652C35D30dB89854b5ae84D", "C", "HEGIC yVault", "yvHEGIC", 1610147532, NULL, "", "", "0xe11ba472F74869176652C35D30dB89854b5ae84D"); INSERT INTO underlying_tokens_list(address, weight, parent_token_entry) VALUES ("0x584bC13c7D411c00c01A62e8019472dE68768430", "1.0", "0xe11ba472F74869176652C35D30dB89854b5ae84D");
*
INSERT INTO ethereum_tokens(address, decimals, protocol) VALUES("0xE14d13d8B3b85aF791b2AADD661cDBd5E6097Db1", 18, "yearn_vaults_v2"); INSERT INTO assets(identifier, type, name, symbol,started, swapped_for, coingecko, cryptocompare, details_reference) VALUES("_ceth_0xE14d13d8B3b85aF791b2AADD661cDBd5E6097Db1", "C", "YFI yVault", "yvYFI", 1615139942, NULL, "", "", "0xE14d13d8B3b85aF791b2AADD661cDBd5E6097Db1"); INSERT INTO underlying_tokens_list(address, weight, parent_token_entry) VALUES ("0x0bc529c00C6401aEF6D220BE8C6Ea1667F6Ad93e", "1.0", "0xE14d13d8B3b85aF791b2AADD661cDBd5E6097Db1");
*
INSERT INTO ethereum_tokens(address, decimals, protocol) VALUES("0xe2F6b9773BF3A015E2aA70741Bde1498bdB9425b", 6, "yearn_vaults_v2"); INSERT INTO assets(identifier, type, name, symbol,started, swapped_for, coingecko, cryptocompare, details_reference) VALUES("_ceth_0xe2F6b9773BF3A015E2aA70741Bde1498bdB9425b", "C", "Yearn USDC Vault", "yvUSDC", 1607188836, NULL, "", "", "0xe2F6b9773BF3A015E2aA70741Bde1498bdB9425b"); INSERT INTO underlying_tokens_list(address, weight, parent_token_entry) VALUES ("0xA0b86991c6218b36c1d19D4a2e9Eb0cE3606eB48", "1.0", "0xe2F6b9773BF3A015E2aA70741Bde1498bdB9425b");
*
INSERT INTO ethereum_tokens(address, decimals, protocol) VALUES("0xe9Dc63083c464d6EDcCFf23444fF3CFc6886f6FB", 18, "yearn_vaults_v2"); INSERT INTO assets(identifier, type, name, symbol,started, swapped_for, coingecko, cryptocompare, details_reference) VALUES("_ceth_0xe9Dc63083c464d6EDcCFf23444fF3CFc6886f6FB", "C", "Curve oBTC Pool yVault", "yvCurve-oBTC", 1619129210, NULL, "", "", "0xe9Dc63083c464d6EDcCFf23444fF3CFc6886f6FB"); INSERT INTO underlying_tokens_list(address, weight, parent_token_entry) VALUES ("0x2fE94ea3d5d4a175184081439753DE15AeF9d614", "1.0", "0xe9Dc63083c464d6EDcCFf23444fF3CFc6886f6FB");
*
INSERT INTO ethereum_tokens(address, decimals, protocol) VALUES("0xED0244B688cF059f32f45E38A6ac6E479D6755f6", 18, "yearn_vaults_v2"); INSERT INTO assets(identifier, type, name, symbol,started, swapped_for, coingecko, cryptocompare, details_reference) VALUES("_ceth_0xED0244B688cF059f32f45E38A6ac6E479D6755f6", "C", "WETH yVault", "yvWETH", 1610483759, NULL, "", "", "0xED0244B688cF059f32f45E38A6ac6E479D6755f6"); INSERT INTO underlying_tokens_list(address, weight, parent_token_entry) VALUES ("0xC02aaA39b223FE8D0A0e5C4F27eAD9083C756Cc2", "1.0", "0xED0244B688cF059f32f45E38A6ac6E479D6755f6");
*
INSERT INTO ethereum_tokens(address, decimals, protocol) VALUES("0xF29AE508698bDeF169B89834F76704C3B205aedf", 18, "yearn_vaults_v2"); INSERT INTO assets(identifier, type, name, symbol,started, swapped_for, coingecko, cryptocompare, details_reference) VALUES("_ceth_0xF29AE508698bDeF169B89834F76704C3B205aedf", "C", "SNX yVault", "yvSNX", 1618865006, NULL, "", "", "0xF29AE508698bDeF169B89834F76704C3B205aedf"); INSERT INTO underlying_tokens_list(address, weight, parent_token_entry) VALUES ("0xC011a73ee8576Fb46F5E1c5751cA3B9Fe0af2a6F", "1.0", "0xF29AE508698bDeF169B89834F76704C3B205aedf");
*
INSERT INTO ethereum_tokens(address, decimals, protocol) VALUES("0xf2db9a7c0ACd427A680D640F02d90f6186E71725", 18, "yearn_vaults_v2"); INSERT INTO assets(identifier, type, name, symbol,started, swapped_for, coingecko, cryptocompare, details_reference) VALUES("_ceth_0xf2db9a7c0ACd427A680D640F02d90f6186E71725", "C", "Curve LINK Pool yVault", "yvCurve-LINK", 1619203599, NULL, "", "", "0xf2db9a7c0ACd427A680D640F02d90f6186E71725"); INSERT INTO underlying_tokens_list(address, weight, parent_token_entry) VALUES ("0xcee60cFa923170e4f8204AE08B4fA6A3F5656F3a", "1.0", "0xf2db9a7c0ACd427A680D640F02d90f6186E71725");
*
INSERT INTO ethereum_tokens(address, decimals, protocol) VALUES("0xf4fDbc7C66Dc9832D672Ffe6242B6A386CeAd5DE", 18, "yearn_vaults_v2"); INSERT INTO assets(identifier, type, name, symbol,started, swapped_for, coingecko, cryptocompare, details_reference) VALUES("_ceth_0xf4fDbc7C66Dc9832D672Ffe6242B6A386CeAd5DE", "C", "sUSD yVault", "yvsUSD", 1611942215, NULL, "", "", "0xf4fDbc7C66Dc9832D672Ffe6242B6A386CeAd5DE"); INSERT INTO underlying_tokens_list(address, weight, parent_token_entry) VALUES ("0x57Ab1ec28D129707052df4dF418D58a2D46d5f51", "1.0", "0xf4fDbc7C66Dc9832D672Ffe6242B6A386CeAd5DE");
*
INSERT INTO ethereum_tokens(address, decimals, protocol) VALUES("0xF962B098Ecc4352aA2AD1d4164BD2b8367fd94c3", 18, "yearn_vaults_v2"); INSERT INTO assets(identifier, type, name, symbol,started, swapped_for, coingecko, cryptocompare, details_reference) VALUES("_ceth_0xF962B098Ecc4352aA2AD1d4164BD2b8367fd94c3", "C", "LINK yVault", "yvLINK", 1621638548, NULL, "", "", "0xF962B098Ecc4352aA2AD1d4164BD2b8367fd94c3"); INSERT INTO underlying_tokens_list(address, weight, parent_token_entry) VALUES ("0x514910771AF9Ca656af840dff83E8264EcF986CA", "1.0", "0xF962B098Ecc4352aA2AD1d4164BD2b8367fd94c3");
*
INSERT INTO ethereum_tokens(address, decimals, protocol) VALUES("0xFBEB78a723b8087fD2ea7Ef1afEc93d35E8Bed42", 18, "yearn_vaults_v2"); INSERT INTO assets(identifier, type, name, symbol,started, swapped_for, coingecko, cryptocompare, details_reference) VALUES("_ceth_0xFBEB78a723b8087fD2ea7Ef1afEc93d35E8Bed42", "C", "UNI yVault", "yvUNI", 1619752152, NULL, "", "", "0xFBEB78a723b8087fD2ea7Ef1afEc93d35E8Bed42"); INSERT INTO underlying_tokens_list(address, weight, parent_token_entry) VALUES ("0x1f9840a85d5aF5bf1D1762F925BDADdC4201F984", "1.0", "0xFBEB78a723b8087fD2ea7Ef1afEc93d35E8Bed42");
*
INSERT INTO ethereum_tokens(address, decimals, protocol) VALUES("0xFe8A3837cFf919C800bdC5d1ac6136F84497d679", 18, "yearn_vaults_v2"); INSERT INTO assets(identifier, type, name, symbol,started, swapped_for, coingecko, cryptocompare, details_reference) VALUES("_ceth_0xFe8A3837cFf919C800bdC5d1ac6136F84497d679", "C", "UNI yVault", "yvUNI", 1614210195, NULL, "", "", "0xFe8A3837cFf919C800bdC5d1ac6136F84497d679"); INSERT INTO underlying_tokens_list(address, weight, parent_token_entry) VALUES ("0x1f9840a85d5aF5bf1D1762F925BDADdC4201F984", "1.0", "0xFe8A3837cFf919C800bdC5d1ac6136F84497d679");
*
INSERT INTO ethereum_tokens(address, decimals, protocol) VALUES("0xeDF6568618A00C6F0908Bf7758A16F76B6E04aF9", 18, ""); INSERT INTO assets(identifier, type, name, symbol,started, swapped_for, coingecko, cryptocompare, details_reference) VALUES("_ceth_0xeDF6568618A00C6F0908Bf7758A16F76B6E04aF9", "C", "ARIANEE", "ARIA20", 1558016715, NULL, "arianee", "ARIA20", "0xeDF6568618A00C6F0908Bf7758A16F76B6E04aF9");
*
INSERT INTO assets(identifier, type, name, symbol, started, swapped_for, coingecko, cryptocompare, details_reference) VALUES("CRFI", "S", "Crossfi", "CRFI", 1620587551, NULL, "crossfi", "", "CRFI"); INSERT INTO common_asset_details(asset_id, forked) VALUES("CRFI", NULL);
*
INSERT INTO ethereum_tokens(address, decimals, protocol) VALUES("0xD417144312DbF50465b1C641d016962017Ef6240", 18, ""); INSERT INTO assets(identifier, type, name, symbol,started, swapped_for, coingecko, cryptocompare, details_reference) VALUES("_ceth_0xD417144312DbF50465b1C641d016962017Ef6240", "C", "Covalent Query Token", "CQT", 1621556153, NULL, "covalent", "CQT", "0xD417144312DbF50465b1C641d016962017Ef6240");
*
INSERT INTO assets(identifier, type, name, symbol, started, swapped_for, coingecko, cryptocompare, details_reference) VALUES("SLRS", "W", "Solrise Finance", "SLRS", 1625583749, NULL, "solrise-finance", "SLRS", "SLRS"); INSERT INTO common_asset_details(asset_id, forked) VALUES("SLRS", NULL);
*
INSERT INTO assets(identifier, type, name, symbol, started, swapped_for, coingecko, cryptocompare, details_reference) VALUES("SNY", "Y", "Synthetify Token", "SNY", 1625829480, NULL, "syntheify-token", "", "SNY"); INSERT INTO common_asset_details(asset_id, forked) VALUES("SNY", NULL);
*
INSERT INTO ethereum_tokens(address, decimals, protocol) VALUES("0xEA1ea0972fa092dd463f2968F9bB51Cc4c981D71", 18, ""); INSERT INTO assets(identifier, type, name, symbol,started, swapped_for, coingecko, cryptocompare, details_reference) VALUES("_ceth_0xEA1ea0972fa092dd463f2968F9bB51Cc4c981D71", "C", "Modefi", "MOD", 1613369145, NULL, "modefi", "MOD", "0xEA1ea0972fa092dd463f2968F9bB51Cc4c981D71");
*
INSERT INTO assets(identifier, type, name, symbol, started, swapped_for, coingecko, cryptocompare, details_reference) VALUES("ARRR", "W", "Pirate Chain", "ARRR", 1549760400, NULL, "pirate-chain", "ARRR", "ARRR"); INSERT INTO common_asset_details(asset_id, forked) VALUES("ARRR", NULL);
*
INSERT INTO assets(identifier, type, name, symbol, started, swapped_for, coingecko, cryptocompare, details_reference) VALUES("CEUR", "W", "Celo Euro", "CEUR", 1624957291, NULL, "celo-euro", "CEUR", "CEUR"); INSERT INTO common_asset_details(asset_id, forked) VALUES("CEUR", NULL);
*
INSERT INTO ethereum_tokens(address, decimals, protocol) VALUES("0xed0d5747A9AB03a75fBfEC3228cd55848245B75d", 6, ""); INSERT INTO assets(identifier, type, name, symbol,started, swapped_for, coingecko, cryptocompare, details_reference) VALUES("_ceth_0xed0d5747A9AB03a75fBfEC3228cd55848245B75d", "C", "Next Generation Money", "NGM", 1617722596, NULL, "e-money", "NGM", "0xed0d5747A9AB03a75fBfEC3228cd55848245B75d");
*
INSERT INTO ethereum_tokens(address, decimals, protocol) VALUES("0x2C9C19cE3b15ae77C6d80aEc3C1194Cfd6F7F3fA", 18, ""); INSERT INTO assets(identifier, type, name, symbol,started, swapped_for, coingecko, cryptocompare, details_reference) VALUES("_ceth_0x2C9C19cE3b15ae77C6d80aEc3C1194Cfd6F7F3fA", "C", "2CrazyToken", "2CRZ", 1624547923, NULL, "2crazynft", "2CRZ", "0x2C9C19cE3b15ae77C6d80aEc3C1194Cfd6F7F3fA");
*
INSERT INTO ethereum_tokens(address, decimals, protocol) VALUES("0x825cd4201f8A2bBB1A69668EAc4E5Fa71283273D", 18, ""); INSERT INTO assets(identifier, type, name, symbol,started, swapped_for, coingecko, cryptocompare, details_reference) VALUES("_ceth_0x825cd4201f8A2bBB1A69668EAc4E5Fa71283273D", "C", "Zort Coin", "ZORT", 1621883379, NULL, "zort", "", "0x825cd4201f8A2bBB1A69668EAc4E5Fa71283273D");
*
INSERT INTO ethereum_tokens(address, decimals, protocol) VALUES("0xb17C88bDA07D28B3838E0c1dE6a30eAfBCF52D85", 18, ""); INSERT INTO assets(identifier, type, name, symbol,started, swapped_for, coingecko, cryptocompare, details_reference) VALUES("_ceth_0xb17C88bDA07D28B3838E0c1dE6a30eAfBCF52D85", "C", "Shyft [ Wrapped ]", "SHFT", 1624989108, NULL, "shyft-network-2", "SHFT", "0xb17C88bDA07D28B3838E0c1dE6a30eAfBCF52D85");
*
INSERT INTO assets(identifier, type, name, symbol, started, swapped_for, coingecko, cryptocompare, details_reference) VALUES("DEXA", "W", "DEXA COIN", "DEXA", 1571364000, NULL, "dexa-coin", "", "DEXA"); INSERT INTO common_asset_details(asset_id, forked) VALUES("DEXA", NULL);
*
INSERT INTO ethereum_tokens(address, decimals, protocol) VALUES("0xa150Db9b1Fa65b44799d4dD949D922c0a33Ee606", 0, ""); INSERT INTO assets(identifier, type, name, symbol,started, swapped_for, coingecko, cryptocompare, details_reference) VALUES("_ceth_0xa150Db9b1Fa65b44799d4dD949D922c0a33Ee606", "C", "Digital Reserve Currency", "DRC", 1598549797, NULL, "digital-reserve-currency", "DRC", "0xa150Db9b1Fa65b44799d4dD949D922c0a33Ee606");
*
INSERT INTO ethereum_tokens(address, decimals, protocol) VALUES("0x10633216E7E8281e33c86F02Bf8e565a635D9770", 18, ""); INSERT INTO assets(identifier, type, name, symbol,started, swapped_for, coingecko, cryptocompare, details_reference) VALUES("_ceth_0x10633216E7E8281e33c86F02Bf8e565a635D9770", "C", "Dvision", "DVI", 1593085777, NULL, "dvision-network", "DVI", "0x10633216E7E8281e33c86F02Bf8e565a635D9770");
*
INSERT INTO assets(identifier, type, name, symbol, started, swapped_for, coingecko, cryptocompare, details_reference) VALUES("ICA", "S", "Icarus", "ICA", 1571364000, NULL, "icarus-finance", "", "ICA"); INSERT INTO common_asset_details(asset_id, forked) VALUES("ICA", NULL);
*
INSERT INTO ethereum_tokens(address, decimals, protocol) VALUES("0x2A039B1D9bBDccBb91be28691b730ca893e5e743", 18, ""); INSERT INTO assets(identifier, type, name, symbol,started, swapped_for, coingecko, cryptocompare, details_reference) VALUES("_ceth_0x2A039B1D9bBDccBb91be28691b730ca893e5e743", "C", "Rentible", "RNB", 1619729363, NULL, "rentible", "RNB", "0x2A039B1D9bBDccBb91be28691b730ca893e5e743");
*
UPDATE assets SET cryptocompare="ACXT" where identifier="_ceth_0x7bE00ed6796B21656732E8f739Fc1b8F1C53DA0D";
INSERT INTO ethereum_tokens(address, decimals, protocol) VALUES("0x7bE00ed6796B21656732E8f739Fc1b8F1C53DA0D", 18, ""); INSERT INTO assets(identifier, type, name, symbol,started, swapped_for, coingecko, cryptocompare, details_reference) VALUES("_ceth_0x7bE00ed6796B21656732E8f739Fc1b8F1C53DA0D", "C", "AC eXchange Token", "ACXT", 1602667438, NULL, "ac-exchange-token", "ACXT", "0x7bE00ed6796B21656732E8f739Fc1b8F1C53DA0D");
UPDATE assets SET cryptocompare="CLT" where identifier="_ceth_0x2001f2A0Cf801EcFda622f6C28fb6E10d803D969";
INSERT INTO ethereum_tokens(address, decimals, protocol) VALUES("0x2001f2A0Cf801EcFda622f6C28fb6E10d803D969", 8, ""); INSERT INTO assets(identifier, type, name, symbol,started, swapped_for, coingecko, cryptocompare, details_reference) VALUES("_ceth_0x2001f2A0Cf801EcFda622f6C28fb6E10d803D969", "C", "CoinLoan", "CLT", 1518798365, NULL, "coinloan", "CLT", "0x2001f2A0Cf801EcFda622f6C28fb6E10d803D969");
UPDATE assets SET cryptocompare="IQQ" where identifier="_ceth_0x68a9d92Fe19399FEEBEd6A9a0980a7ea7638074C";
INSERT INTO ethereum_tokens(address, decimals, protocol) VALUES("0x68a9d92Fe19399FEEBEd6A9a0980a7ea7638074C", 18, ""); INSERT INTO assets(identifier, type, name, symbol,started, swapped_for, coingecko, cryptocompare, details_reference) VALUES("_ceth_0x68a9d92Fe19399FEEBEd6A9a0980a7ea7638074C", "C", "Iqoniq", "IQQ", 1615386735, NULL, "iqoniq", "IQQ", "0x68a9d92Fe19399FEEBEd6A9a0980a7ea7638074C");
UPDATE assets SET cryptocompare="FORM" where identifier="_ceth_0x21381e026Ad6d8266244f2A583b35F9E4413FA2a";
INSERT INTO ethereum_tokens(address, decimals, protocol) VALUES("0x21381e026Ad6d8266244f2A583b35F9E4413FA2a", 18, ""); INSERT INTO assets(identifier, type, name, symbol,started, swapped_for, coingecko, cryptocompare, details_reference) VALUES("_ceth_0x21381e026Ad6d8266244f2A583b35F9E4413FA2a", "C", "Formation Finance", "FORM", 1617301388, NULL, "formation-fi", "FORM", "0x21381e026Ad6d8266244f2A583b35F9E4413FA2a");
UPDATE assets SET cryptocompare="PIN" where identifier="_ceth_0xc1f976B91217E240885536aF8b63bc8b5269a9BE";
INSERT INTO ethereum_tokens(address, decimals, protocol) VALUES("0xc1f976B91217E240885536aF8b63bc8b5269a9BE", 18, NULL); INSERT INTO assets(identifier, type, name, symbol,started, swapped_for, coingecko, cryptocompare, details_reference) VALUES("_ceth_0xc1f976B91217E240885536aF8b63bc8b5269a9BE", "C", "Public Index Network", "PIN", 1616281845, NULL, "public-index-network", "PIN", "0xc1f976B91217E240885536aF8b63bc8b5269a9BE");
UPDATE assets SET cryptocompare="STEP" where identifier="STEP";
INSERT INTO assets(identifier, type, name, symbol, started, swapped_for, coingecko, cryptocompare, details_reference) VALUES("STEP", "Y", "Step Finance", "STEP", 1619335055, NULL, "step-finance", "STEP", "STEP"); INSERT INTO common_asset_details(asset_id, forked) VALUES("STEP", NULL);
UPDATE assets SET cryptocompare="MNST" where identifier="MNST";
INSERT INTO assets(identifier, type, name, symbol, started, swapped_for, coingecko, cryptocompare, details_reference) VALUES("MNST", "S", "MoonStarter.net", "MNST", 1622997981, NULL, "moonstarter", "MNST", "MNST"); INSERT INTO common_asset_details(asset_id, forked) VALUES("MNST", NULL);
UPDATE assets SET cryptocompare="XAVA" where identifier="XAVA";
INSERT INTO assets(identifier, type, name, symbol, started, swapped_for, coingecko, cryptocompare, details_reference) VALUES("XAVA", "X", "Avalaunch", "XAVA", 1620038770, NULL, "avalaunch", "XAVA", "XAVA"); INSERT INTO common_asset_details(asset_id, forked) VALUES("XAVA", NULL);
UPDATE assets SET cryptocompare="ROSN" where identifier="ROSN";
INSERT INTO assets(identifier, type, name, symbol, started, swapped_for, coingecko, cryptocompare, details_reference) VALUES("ROSN", "S", "Roseon Finance", "ROSN", 1620551645, NULL, "roseon-finance", "ROSN", "ROSN"); INSERT INTO common_asset_details(asset_id, forked) VALUES("ROSN", NULL);
UPDATE assets SET coingecko="chronologic" where identifier="_ceth_0xE814aeE960a85208C3dB542C53E7D4a6C8D5f60F";
INSERT INTO ethereum_tokens(address, decimals, protocol) VALUES("0xE814aeE960a85208C3dB542C53E7D4a6C8D5f60F", 18, ""); INSERT INTO assets(identifier, type, name, symbol,started, swapped_for, coingecko, cryptocompare, details_reference) VALUES("_ceth_0xE814aeE960a85208C3dB542C53E7D4a6C8D5f60F", "C", "Chronologic", "DAY", 1505774047, NULL, "chronologic", "", "0xE814aeE960a85208C3dB542C53E7D4a6C8D5f60F");
UPDATE assets SET coingecko="sx-network" where identifier="_ceth_0x99fE3B1391503A1bC1788051347A1324bff41452";
INSERT INTO ethereum_tokens(address, decimals, protocol) VALUES("0x99fE3B1391503A1bC1788051347A1324bff41452", 18, ""); INSERT INTO assets(identifier, type, name, symbol,started, swapped_for, coingecko, cryptocompare, details_reference) VALUES("_ceth_0x99fE3B1391503A1bC1788051347A1324bff41452", "C", "SportX", "SX", 1610747210, NULL, "sx-network", "", "0x99fE3B1391503A1bC1788051347A1324bff41452");
UPDATE assets SET coingecko="uniqueone-photo" where identifier="_ceth_0xF6eA0E60cee427B90aA36f327eE61d1d4CABC49F";
INSERT INTO ethereum_tokens(address, decimals, protocol) VALUES("0xF6eA0E60cee427B90aA36f327eE61d1d4CABC49F", 18, NULL); INSERT INTO assets(identifier, type, name, symbol, started, swapped_for, coingecko, cryptocompare, details_reference) VALUES("_ceth_0xF6eA0E60cee427B90aA36f327eE61d1d4CABC49F", "C", "FOTO", "FOTO", 1612087883, NULL, "unique-photo", "FOTO", "0xF6eA0E60cee427B90aA36f327eE61d1d4CABC49F");
INSERT INTO assets(identifier, type, name, symbol, started, swapped_for, coingecko, cryptocompare, details_reference) VALUES("SIGNA", "B", "Signum", "SIGNA", 1402531200, NULL, "signum", "SIGNA", "SIGNA"); INSERT INTO common_asset_details(asset_id, forked) VALUES("SIGNA", NULL);
*
UPDATE assets SET swapped_for="SIGNA", coingecko="signum", cryptocompare="SIGNA" WHERE identifier="BURST";/*Introduce BURST token swap*/
INSERT INTO assets(identifier, type, name, symbol, started, swapped_for, coingecko, cryptocompare, details_reference) VALUES("BURST", "B", "Burst", "BURST", 1402531200, "SIGNA", "signum", "SIGNA", "BURST"); INSERT INTO common_asset_details(asset_id, forked) VALUES("BURST", NULL);
INSERT INTO ethereum_tokens(address, decimals, protocol) VALUES("0xccF4429DB6322D5C611ee964527D42E5d685DD6a", 8, "compound"); INSERT INTO assets(identifier, type, name, symbol,started, swapped_for, coingecko, cryptocompare, details_reference) VALUES("_ceth_0xccF4429DB6322D5C611ee964527D42E5d685DD6a", "C", "Compound Wrapped BTC", "cWBTC", 1615751087, NULL, "compound-wrapped-btc", "CWBTC", "0xccF4429DB6322D5C611ee964527D42E5d685DD6a");
*
INSERT INTO assets(identifier, type, name, symbol, started, swapped_for, coingecko, cryptocompare, details_reference) VALUES("INR", "A", "Indian Rupee", "INR", NULL, NULL, NULL, "", "INR"); INSERT INTO common_asset_details(asset_id, forked) VALUES("INR", NULL);
*
INSERT INTO assets(identifier, type, name, symbol, started, swapped_for, coingecko, cryptocompare, details_reference) VALUES("UNIDOWN", "W", "UNIDOWN", "UNIDOWN", 1603785600, NULL, NULL, "UNIDOWN", "UNIDOWN"); INSERT INTO common_asset_details(asset_id, forked) VALUES("UNIDOWN", NULL);
*
INSERT INTO assets(identifier, type, name, symbol, started, swapped_for, coingecko, cryptocompare, details_reference) VALUES("UNIUP", "W", "UNIUP", "UNIUP", 1603785600, NULL, NULL, "UNIUP", "UNIUP"); INSERT INTO common_asset_details(asset_id, forked) VALUES("UNIUP", NULL);
*
UPDATE ethereum_tokens SET protocol="aave" where address="0xE1BA0FB44CCb0D11b80F92f4f8Ed94CA3fF51D00";
INSERT INTO ethereum_tokens(address, decimals, protocol) VALUES("0xE1BA0FB44CCb0D11b80F92f4f8Ed94CA3fF51D00", 18, "aave"); INSERT INTO assets(identifier, type, name, symbol,started, swapped_for, coingecko, cryptocompare, details_reference) VALUES("_ceth_0xE1BA0FB44CCb0D11b80F92f4f8Ed94CA3fF51D00", "C", "Aave Interest bearing BAT", "aBAT", 1578501629, NULL, "aave-bat", "BAT", "0xE1BA0FB44CCb0D11b80F92f4f8Ed94CA3fF51D00");
UPDATE ethereum_tokens SET protocol="aave-v2" where address="0x05Ec93c0365baAeAbF7AefFb0972ea7ECdD39CF1";
INSERT INTO ethereum_tokens(address, decimals, protocol) VALUES("0x05Ec93c0365baAeAbF7AefFb0972ea7ECdD39CF1", 18, "aave-v2"); INSERT INTO assets(identifier, type, name, symbol,started, swapped_for, coingecko, cryptocompare, details_reference) VALUES("_ceth_0x05Ec93c0365baAeAbF7AefFb0972ea7ECdD39CF1", "C", "Aave Interest bearing BAT v2", "aBAT", 1606832522, NULL, "aave-bat", "BAT", "0x05Ec93c0365baAeAbF7AefFb0972ea7ECdD39CF1");
UPDATE ethereum_tokens SET protocol="aave" where address="0xba3D9687Cf50fE253cd2e1cFeEdE1d6787344Ed5";
INSERT INTO ethereum_tokens(address, decimals, protocol) VALUES("0xba3D9687Cf50fE253cd2e1cFeEdE1d6787344Ed5", 18, "aave"); INSERT INTO assets(identifier, type, name, symbol,started, swapped_for, coingecko, cryptocompare, details_reference) VALUES("_ceth_0xba3D9687Cf50fE253cd2e1cFeEdE1d6787344Ed5", "C", "Aave Interest bearing Aave Token", "aAAVE", 1603204313, NULL, "aave", "AAVE", "0xba3D9687Cf50fE253cd2e1cFeEdE1d6787344Ed5");
UPDATE ethereum_tokens SET protocol="aave-v2" where address="0xFFC97d72E13E01096502Cb8Eb52dEe56f74DAD7B";
INSERT INTO ethereum_tokens(address, decimals, protocol) VALUES("0xFFC97d72E13E01096502Cb8Eb52dEe56f74DAD7B", 18, "aave-v2"); INSERT INTO assets(identifier, type, name, symbol,started, swapped_for, coingecko, cryptocompare, details_reference) VALUES("_ceth_0xFFC97d72E13E01096502Cb8Eb52dEe56f74DAD7B", "C", "Aave Interest bearing Aave Token v2", "aAAVE", 1606832522, NULL, "aave", "AAVE", "0xFFC97d72E13E01096502Cb8Eb52dEe56f74DAD7B");
UPDATE ethereum_tokens SET protocol="aave" where address="0x6Ee0f7BB50a54AB5253dA0667B0Dc2ee526C30a8";
INSERT INTO ethereum_tokens(address, decimals, protocol) VALUES("0x6Ee0f7BB50a54AB5253dA0667B0Dc2ee526C30a8", 18, "aave"); INSERT INTO assets(identifier, type, name, symbol,started, swapped_for, coingecko, cryptocompare, details_reference) VALUES("_ceth_0x6Ee0f7BB50a54AB5253dA0667B0Dc2ee526C30a8", "C", "Aave Interest bearing Binance USD", "aBUSD", 1585230197, NULL, "aave-busd", "BUSD", "0x6Ee0f7BB50a54AB5253dA0667B0Dc2ee526C30a8");
UPDATE ethereum_tokens SET protocol="aave-v2" where address="0xA361718326c15715591c299427c62086F69923D9";
INSERT INTO ethereum_tokens(address, decimals, protocol) VALUES("0xA361718326c15715591c299427c62086F69923D9", 18, "aave-v2"); INSERT INTO assets(identifier, type, name, symbol,started, swapped_for, coingecko, cryptocompare, details_reference) VALUES("_ceth_0xA361718326c15715591c299427c62086F69923D9", "C", "Aave Interest bearing Binance USD v2", "aBUSD", 1606832522, NULL, "aave-busd", "BUSD", "0xA361718326c15715591c299427c62086F69923D9");
UPDATE ethereum_tokens SET protocol="aave-v2" where address="0x8dAE6Cb04688C62d939ed9B68d32Bc62e49970b1";
INSERT INTO ethereum_tokens(address, decimals, protocol) VALUES("0x8dAE6Cb04688C62d939ed9B68d32Bc62e49970b1", 18, "aave-v2"); INSERT INTO assets(identifier, type, name, symbol,started, swapped_for, coingecko, cryptocompare, details_reference) VALUES("_ceth_0x8dAE6Cb04688C62d939ed9B68d32Bc62e49970b1", "C", "Aave interest bearing CRV", "aCRV", 1609105615, NULL, "curve-dao-token", "CRV", "0x8dAE6Cb04688C62d939ed9B68d32Bc62e49970b1");
UPDATE ethereum_tokens SET protocol="aave" where address="0xfC1E690f61EFd961294b3e1Ce3313fBD8aa4f85d";
INSERT INTO ethereum_tokens(address, decimals, protocol) VALUES("0xfC1E690f61EFd961294b3e1Ce3313fBD8aa4f85d", 18, "aave"); INSERT INTO assets(identifier, type, name, symbol,started, swapped_for, coingecko, cryptocompare, details_reference) VALUES("_ceth_0xfC1E690f61EFd961294b3e1Ce3313fBD8aa4f85d", "C", "Aave Interest bearing DAI", "aDAI", 1578501167, NULL, "aave-dai", "DAI", "0xfC1E690f61EFd961294b3e1Ce3313fBD8aa4f85d");
UPDATE ethereum_tokens SET protocol="aave-v2" where address="0x028171bCA77440897B824Ca71D1c56caC55b68A3";
INSERT INTO ethereum_tokens(address, decimals, protocol) VALUES("0x028171bCA77440897B824Ca71D1c56caC55b68A3", 18, "aave-v2"); INSERT INTO assets(identifier, type, name, symbol,started, swapped_for, coingecko, cryptocompare, details_reference) VALUES("_ceth_0x028171bCA77440897B824Ca71D1c56caC55b68A3", "C", "Aave Interest bearing DAI v2", "aDAI", 1606832522, NULL, "aave-dai", "DAI", "0x028171bCA77440897B824Ca71D1c56caC55b68A3");
UPDATE ethereum_tokens SET protocol="aave" where address="0x712DB54daA836B53Ef1EcBb9c6ba3b9Efb073F40";
INSERT INTO ethereum_tokens(address, decimals, protocol) VALUES("0x712DB54daA836B53Ef1EcBb9c6ba3b9Efb073F40", 18, "aave"); INSERT INTO assets(identifier, type, name, symbol,started, swapped_for, coingecko, cryptocompare, details_reference) VALUES("_ceth_0x712DB54daA836B53Ef1EcBb9c6ba3b9Efb073F40", "C", "Aave Interest bearing ENJ", "aENJ", 1594921488, NULL, "aave-enj", "ENJ", "0x712DB54daA836B53Ef1EcBb9c6ba3b9Efb073F40");
UPDATE ethereum_tokens SET protocol="aave-v2" where address="0xaC6Df26a590F08dcC95D5a4705ae8abbc88509Ef";
INSERT INTO ethereum_tokens(address, decimals, protocol) VALUES("0xaC6Df26a590F08dcC95D5a4705ae8abbc88509Ef", 18, "aave-v2"); INSERT INTO assets(identifier, type, name, symbol,started, swapped_for, coingecko, cryptocompare, details_reference) VALUES("_ceth_0xaC6Df26a590F08dcC95D5a4705ae8abbc88509Ef", "C", "Aave Interest bearing ENJ v2", "aENJ", 1606832588, NULL, "aave-enj", "ENJ", "0xaC6Df26a590F08dcC95D5a4705ae8abbc88509Ef");
UPDATE ethereum_tokens SET protocol="aave" where address="0x3a3A65aAb0dd2A17E3F1947bA16138cd37d08c04";
INSERT INTO ethereum_tokens(address, decimals, protocol) VALUES("0x3a3A65aAb0dd2A17E3F1947bA16138cd37d08c04", 18, "aave"); INSERT INTO assets(identifier, type, name, symbol,started, swapped_for, coingecko, cryptocompare, details_reference) VALUES("_ceth_0x3a3A65aAb0dd2A17E3F1947bA16138cd37d08c04", "C", "Aave Interest bearing ETH", "aETH", 1578501678, NULL, "aave-eth-v1", "ETH", "0x3a3A65aAb0dd2A17E3F1947bA16138cd37d08c04");
UPDATE ethereum_tokens SET protocol="aave-v2" where address="0xD37EE7e4f452C6638c96536e68090De8cBcdb583";
INSERT INTO ethereum_tokens(address, decimals, protocol) VALUES("0xD37EE7e4f452C6638c96536e68090De8cBcdb583", 2, "aave-v2"); INSERT INTO assets(identifier, type, name, symbol,started, swapped_for, coingecko, cryptocompare, details_reference) VALUES("_ceth_0xD37EE7e4f452C6638c96536e68090De8cBcdb583", "C", "Aave Interest bearing GUSD", "aGUSD", 1609615002, NULL, "gemini-dollar", "GUSD", "0xD37EE7e4f452C6638c96536e68090De8cBcdb583");
UPDATE ethereum_tokens SET protocol="aave" where address="0x9D91BE44C06d373a8a226E1f3b146956083803eB";
INSERT INTO ethereum_tokens(address, decimals, protocol) VALUES("0x9D91BE44C06d373a8a226E1f3b146956083803eB", 18, "aave"); INSERT INTO assets(identifier, type, name, symbol,started, swapped_for, coingecko, cryptocompare, details_reference) VALUES("_ceth_0x9D91BE44C06d373a8a226E1f3b146956083803eB", "C", "Aave Interest bearing KNC", "aKNC", 1578501790, NULL, "aave-knc", "KNC", "0x9D91BE44C06d373a8a226E1f3b146956083803eB");
UPDATE ethereum_tokens SET protocol="aave-v2" where address="0x39C6b3e42d6A679d7D776778Fe880BC9487C2EDA";
INSERT INTO ethereum_tokens(address, decimals, protocol) VALUES("0x39C6b3e42d6A679d7D776778Fe880BC9487C2EDA", 18, "aave-v2"); INSERT INTO assets(identifier, type, name, symbol,started, swapped_for, coingecko, cryptocompare, details_reference) VALUES("_ceth_0x39C6b3e42d6A679d7D776778Fe880BC9487C2EDA", "C", "Aave Interest bearing KNC v2", "aKNC", 1606832588, NULL, "aave-knc", "KNC", "0x39C6b3e42d6A679d7D776778Fe880BC9487C2EDA");
UPDATE ethereum_tokens SET protocol="aave" where address="0x7D2D3688Df45Ce7C552E19c27e007673da9204B8";
INSERT INTO ethereum_tokens(address, decimals, protocol) VALUES("0x7D2D3688Df45Ce7C552E19c27e007673da9204B8", 18, "aave"); INSERT INTO assets(identifier, type, name, symbol,started, swapped_for, coingecko, cryptocompare, details_reference) VALUES("_ceth_0x7D2D3688Df45Ce7C552E19c27e007673da9204B8", "C", "Aave Interest bearing LEND", "aLEND", 1578501530, NULL, "aave-lend", "LEND", "0x7D2D3688Df45Ce7C552E19c27e007673da9204B8");
UPDATE ethereum_tokens SET protocol="aave" where address="0xA64BD6C70Cb9051F6A9ba1F163Fdc07E0DfB5F84";
INSERT INTO ethereum_tokens(address, decimals, protocol) VALUES("0xA64BD6C70Cb9051F6A9ba1F163Fdc07E0DfB5F84", 18, "aave"); INSERT INTO assets(identifier, type, name, symbol,started, swapped_for, coingecko, cryptocompare, details_reference) VALUES("_ceth_0xA64BD6C70Cb9051F6A9ba1F163Fdc07E0DfB5F84", "C", "Aave Interest bearing LINK", "aLINK", 1578501727, NULL, "aave-link", "LINK", "0xA64BD6C70Cb9051F6A9ba1F163Fdc07E0DfB5F84");
UPDATE ethereum_tokens SET protocol="aave-v2" where address="0xa06bC25B5805d5F8d82847D191Cb4Af5A3e873E0";
INSERT INTO ethereum_tokens(address, decimals, protocol) VALUES("0xa06bC25B5805d5F8d82847D191Cb4Af5A3e873E0", 18, "aave-v2"); INSERT INTO assets(identifier, type, name, symbol,started, swapped_for, coingecko, cryptocompare, details_reference) VALUES("_ceth_0xa06bC25B5805d5F8d82847D191Cb4Af5A3e873E0", "C", "Aave Interest bearing LINK v2", "aLINK", 1606832588, NULL, "aave-link", "LINK", "0xa06bC25B5805d5F8d82847D191Cb4Af5A3e873E0");
UPDATE ethereum_tokens SET protocol="aave" where address="0x6FCE4A401B6B80ACe52baAefE4421Bd188e76F6f";
INSERT INTO ethereum_tokens(address, decimals, protocol) VALUES("0x6FCE4A401B6B80ACe52baAefE4421Bd188e76F6f", 18, "aave"); INSERT INTO assets(identifier, type, name, symbol,started, swapped_for, coingecko, cryptocompare, details_reference) VALUES("_ceth_0x6FCE4A401B6B80ACe52baAefE4421Bd188e76F6f", "C", "Aave Interest bearing MANA", "aMANA", 1578502029, NULL, "aave-mana", "MANA", "0x6FCE4A401B6B80ACe52baAefE4421Bd188e76F6f");
UPDATE ethereum_tokens SET protocol="aave-v2" where address="0xa685a61171bb30d4072B338c80Cb7b2c865c873E";
INSERT INTO ethereum_tokens(address, decimals, protocol) VALUES("0xa685a61171bb30d4072B338c80Cb7b2c865c873E", 18, "aave-v2"); INSERT INTO assets(identifier, type, name, symbol,started, swapped_for, coingecko, cryptocompare, details_reference) VALUES("_ceth_0xa685a61171bb30d4072B338c80Cb7b2c865c873E", "C", "Aave Interest bearing MANA v2", "aMANA", 1606832588, NULL, "aave-mana", "MANA", "0xa685a61171bb30d4072B338c80Cb7b2c865c873E");
UPDATE ethereum_tokens SET protocol="aave" where address="0x7deB5e830be29F91E298ba5FF1356BB7f8146998";
INSERT INTO ethereum_tokens(address, decimals, protocol) VALUES("0x7deB5e830be29F91E298ba5FF1356BB7f8146998", 18, "aave"); INSERT INTO assets(identifier, type, name, symbol,started, swapped_for, coingecko, cryptocompare, details_reference) VALUES("_ceth_0x7deB5e830be29F91E298ba5FF1356BB7f8146998", "C", "Aave Interest bearing MKR", "aMKR", 1578502011, NULL, "aave-mkr", "MKR", "0x7deB5e830be29F91E298ba5FF1356BB7f8146998");
UPDATE ethereum_tokens SET protocol="aave-v2" where address="0xc713e5E149D5D0715DcD1c156a020976e7E56B88";
INSERT INTO ethereum_tokens(address, decimals, protocol) VALUES("0xc713e5E149D5D0715DcD1c156a020976e7E56B88", 18, "aave-v2"); INSERT INTO assets(identifier, type, name, symbol,started, swapped_for, coingecko, cryptocompare, details_reference) VALUES("_ceth_0xc713e5E149D5D0715DcD1c156a020976e7E56B88", "C", "Aave Interest bearing MKR v2", "aMKR", 1606832623, NULL, "aave-mkr", "MKR", "0xc713e5E149D5D0715DcD1c156a020976e7E56B88");
UPDATE ethereum_tokens SET protocol="aave" where address="0x69948cC03f478B95283F7dbf1CE764d0fc7EC54C";
INSERT INTO ethereum_tokens(address, decimals, protocol) VALUES("0x69948cC03f478B95283F7dbf1CE764d0fc7EC54C", 18, "aave"); INSERT INTO assets(identifier, type, name, symbol,started, swapped_for, coingecko, cryptocompare, details_reference) VALUES("_ceth_0x69948cC03f478B95283F7dbf1CE764d0fc7EC54C", "C", "Aave Interest bearing REN", "aREN", 1594923128, NULL, "aave-ren", "REN", "0x69948cC03f478B95283F7dbf1CE764d0fc7EC54C");
UPDATE ethereum_tokens SET protocol="aave-v2" where address="0xCC12AbE4ff81c9378D670De1b57F8e0Dd228D77a";
INSERT INTO ethereum_tokens(address, decimals, protocol) VALUES("0xCC12AbE4ff81c9378D670De1b57F8e0Dd228D77a", 18, "aave-v2"); INSERT INTO assets(identifier, type, name, symbol,started, swapped_for, coingecko, cryptocompare, details_reference) VALUES("_ceth_0xCC12AbE4ff81c9378D670De1b57F8e0Dd228D77a", "C", "Aave Interest bearing REN v2", "aREN", 1606832623, NULL, "aave-ren", "REN", "0xCC12AbE4ff81c9378D670De1b57F8e0Dd228D77a");
UPDATE ethereum_tokens SET protocol="aave" where address="0x71010A9D003445aC60C4e6A7017c1E89A477B438";
INSERT INTO ethereum_tokens(address, decimals, protocol) VALUES("0x71010A9D003445aC60C4e6A7017c1E89A477B438", 18, "aave"); INSERT INTO assets(identifier, type, name, symbol,started, swapped_for, coingecko, cryptocompare, details_reference) VALUES("_ceth_0x71010A9D003445aC60C4e6A7017c1E89A477B438", "C", "Aave Interest bearing REP", "aREP", 1578501835, NULL, "aave-rep", "REP", "0x71010A9D003445aC60C4e6A7017c1E89A477B438");
UPDATE ethereum_tokens SET protocol="aave" where address="0x328C4c80BC7aCa0834Db37e6600A6c49E12Da4DE";
INSERT INTO ethereum_tokens(address, decimals, protocol) VALUES("0x328C4c80BC7aCa0834Db37e6600A6c49E12Da4DE", 18, "aave"); INSERT INTO assets(identifier, type, name, symbol,started, swapped_for, coingecko, cryptocompare, details_reference) VALUES("_ceth_0x328C4c80BC7aCa0834Db37e6600A6c49E12Da4DE", "C", "Aave Interest bearing SNX", "aSNX", 1578502126, NULL, "aave-snx", "SNX", "0x328C4c80BC7aCa0834Db37e6600A6c49E12Da4DE");
UPDATE ethereum_tokens SET protocol="aave-v2" where address="0x35f6B052C598d933D69A4EEC4D04c73A191fE6c2";
INSERT INTO ethereum_tokens(address, decimals, protocol) VALUES("0x35f6B052C598d933D69A4EEC4D04c73A191fE6c2", 18, "aave-v2"); INSERT INTO assets(identifier, type, name, symbol,started, swapped_for, coingecko, cryptocompare, details_reference) VALUES("_ceth_0x35f6B052C598d933D69A4EEC4D04c73A191fE6c2", "C", "Aave Interest bearing SNX v2", "aSNX", 1606832623, NULL, "aave-snx", "SNX", "0x35f6B052C598d933D69A4EEC4D04c73A191fE6c2");
UPDATE ethereum_tokens SET protocol="aave" where address="0x625aE63000f46200499120B906716420bd059240";
INSERT INTO ethereum_tokens(address, decimals, protocol) VALUES("0x625aE63000f46200499120B906716420bd059240", 18, "aave"); INSERT INTO assets(identifier, type, name, symbol,started, swapped_for, coingecko, cryptocompare, details_reference) VALUES("_ceth_0x625aE63000f46200499120B906716420bd059240", "C", "Aave Interest bearing SUSD", "aSUSD", 1578501472, NULL, "aave-susd", "sUSD", "0x625aE63000f46200499120B906716420bd059240");
UPDATE ethereum_tokens SET protocol="aave-v2" where address="0x6C5024Cd4F8A59110119C56f8933403A539555EB";
INSERT INTO ethereum_tokens(address, decimals, protocol) VALUES("0x6C5024Cd4F8A59110119C56f8933403A539555EB", 18, "aave-v2"); INSERT INTO assets(identifier, type, name, symbol,started, swapped_for, coingecko, cryptocompare, details_reference) VALUES("_ceth_0x6C5024Cd4F8A59110119C56f8933403A539555EB", "C", "Aave Interest bearing SUSD v2", "aSUSD", 1606832623, NULL, "aave-susd", "sUSD", "0x6C5024Cd4F8A59110119C56f8933403A539555EB");
UPDATE ethereum_tokens SET protocol="aave" where address="0x4DA9b813057D04BAef4e5800E36083717b4a0341";
INSERT INTO ethereum_tokens(address, decimals, protocol) VALUES("0x4DA9b813057D04BAef4e5800E36083717b4a0341", 18, "aave"); INSERT INTO assets(identifier, type, name, symbol,started, swapped_for, coingecko, cryptocompare, details_reference) VALUES("_ceth_0x4DA9b813057D04BAef4e5800E36083717b4a0341", "C", "Aave Interest bearing TUSD", "aTUSD", 1578501282, NULL, "aave-tusd", "TUSD", "0x4DA9b813057D04BAef4e5800E36083717b4a0341");
UPDATE ethereum_tokens SET protocol="aave-v2" where address="0x101cc05f4A51C0319f570d5E146a8C625198e636";
INSERT INTO ethereum_tokens(address, decimals, protocol) VALUES("0x101cc05f4A51C0319f570d5E146a8C625198e636", 18, "aave-v2"); INSERT INTO assets(identifier, type, name, symbol,started, swapped_for, coingecko, cryptocompare, details_reference) VALUES("_ceth_0x101cc05f4A51C0319f570d5E146a8C625198e636", "C", "Aave Interest bearing TUSD v2", "aTUSD", 1606832636, NULL, "aave-tusd", "TUSD", "0x101cc05f4A51C0319f570d5E146a8C625198e636");
UPDATE ethereum_tokens SET protocol="aave" where address="0x9bA00D6856a4eDF4665BcA2C2309936572473B7E";
INSERT INTO ethereum_tokens(address, decimals, protocol) VALUES("0x9bA00D6856a4eDF4665BcA2C2309936572473B7E", 6, "aave"); INSERT INTO assets(identifier, type, name, symbol,started, swapped_for, coingecko, cryptocompare, details_reference) VALUES("_ceth_0x9bA00D6856a4eDF4665BcA2C2309936572473B7E", "C", "Aave Interest bearing USDC", "aUSDC", 1578501407, NULL, "aave-usdc", "USDC", "0x9bA00D6856a4eDF4665BcA2C2309936572473B7E");
UPDATE ethereum_tokens SET protocol="aave-v2" where address="0xBcca60bB61934080951369a648Fb03DF4F96263C";
INSERT INTO ethereum_tokens(address, decimals, protocol) VALUES("0xBcca60bB61934080951369a648Fb03DF4F96263C", 6, "aave-v2"); INSERT INTO assets(identifier, type, name, symbol,started, swapped_for, coingecko, cryptocompare, details_reference) VALUES("_ceth_0xBcca60bB61934080951369a648Fb03DF4F96263C", "C", "Aave Interest bearing USDC v2", "aUSDC", 1606832636, NULL, "aave-usdc", "USDC", "0xBcca60bB61934080951369a648Fb03DF4F96263C");
UPDATE ethereum_tokens SET protocol="aave" where address="0x71fc860F7D3A592A4a98740e39dB31d25db65ae8";
INSERT INTO ethereum_tokens(address, decimals, protocol) VALUES("0x71fc860F7D3A592A4a98740e39dB31d25db65ae8", 6, "aave"); INSERT INTO assets(identifier, type, name, symbol,started, swapped_for, coingecko, cryptocompare, details_reference) VALUES("_ceth_0x71fc860F7D3A592A4a98740e39dB31d25db65ae8", "C", "Aave Interest bearing USDT", "aUSDT", 1578501450, NULL, "aave-usdt", "USDT", "0x71fc860F7D3A592A4a98740e39dB31d25db65ae8");
UPDATE ethereum_tokens SET protocol="aave-v2" where address="0x3Ed3B47Dd13EC9a98b44e6204A523E766B225811";
INSERT INTO ethereum_tokens(address, decimals, protocol) VALUES("0x3Ed3B47Dd13EC9a98b44e6204A523E766B225811", 6, "aave-v2"); INSERT INTO assets(identifier, type, name, symbol,started, swapped_for, coingecko, cryptocompare, details_reference) VALUES("_ceth_0x3Ed3B47Dd13EC9a98b44e6204A523E766B225811", "C", "Aave Interest bearing USDT v2", "aUSDT", 1606774830, NULL, "aave-usdt", "USDT", "0x3Ed3B47Dd13EC9a98b44e6204A523E766B225811");
UPDATE ethereum_tokens SET protocol="aave" where address="0xFC4B8ED459e00e5400be803A9BB3954234FD50e3";
INSERT INTO ethereum_tokens(address, decimals, protocol) VALUES("0xFC4B8ED459e00e5400be803A9BB3954234FD50e3", 8, "aave"); INSERT INTO assets(identifier, type, name, symbol,started, swapped_for, coingecko, cryptocompare, details_reference) VALUES("_ceth_0xFC4B8ED459e00e5400be803A9BB3954234FD50e3", "C", "Aave Interest bearing WBTC", "aWBTC", 1578503540, NULL, "aave-wbtc", "WBTC", "0xFC4B8ED459e00e5400be803A9BB3954234FD50e3");
UPDATE ethereum_tokens SET protocol="aave-v2" where address="0x9ff58f4fFB29fA2266Ab25e75e2A8b3503311656";
INSERT INTO ethereum_tokens(address, decimals, protocol) VALUES("0x9ff58f4fFB29fA2266Ab25e75e2A8b3503311656", 8, "aave-v2"); INSERT INTO assets(identifier, type, name, symbol,started, swapped_for, coingecko, cryptocompare, details_reference) VALUES("_ceth_0x9ff58f4fFB29fA2266Ab25e75e2A8b3503311656", "C", "Aave Interest bearing WBTC v2", "aWBTC", 1606774830, NULL, "aave-wbtc", "WBTC", "0x9ff58f4fFB29fA2266Ab25e75e2A8b3503311656");
UPDATE ethereum_tokens SET protocol="aave-v2" where address="0x030bA81f1c18d280636F32af80b9AAd02Cf0854e";
INSERT INTO ethereum_tokens(address, decimals, protocol) VALUES("0x030bA81f1c18d280636F32af80b9AAd02Cf0854e", 18, "aave-v2"); INSERT INTO assets(identifier, type, name, symbol,started, swapped_for, coingecko, cryptocompare, details_reference) VALUES("_ceth_0x030bA81f1c18d280636F32af80b9AAd02Cf0854e", "C", "Aave interest bearing WETH", "aWETH", 1606774830, NULL, "weth", "WETH", "0x030bA81f1c18d280636F32af80b9AAd02Cf0854e");
UPDATE ethereum_tokens SET protocol="aave" where address="0x12e51E77DAAA58aA0E9247db7510Ea4B46F9bEAd"; UPDATE assets SET coingecko="ayfi-v1" where identifier="_ceth_0x12e51E77DAAA58aA0E9247db7510Ea4B46F9bEAd";
INSERT INTO ethereum_tokens(address, decimals, protocol) VALUES("0x12e51E77DAAA58aA0E9247db7510Ea4B46F9bEAd", 18, "aave"); INSERT INTO assets(identifier, type, name, symbol,started, swapped_for, coingecko, cryptocompare, details_reference) VALUES("_ceth_0x12e51E77DAAA58aA0E9247db7510Ea4B46F9bEAd", "C", "Aave Interest bearing YFI", "aYFI", 1598605878, NULL, "ayfi-v1", "YFI", "0x12e51E77DAAA58aA0E9247db7510Ea4B46F9bEAd");
UPDATE ethereum_tokens SET protocol="aave-v2" where address="0x5165d24277cD063F5ac44Efd447B27025e888f37"; UPDATE assets SET coingecko="yearn-finance" where identifier="_ceth_0x5165d24277cD063F5ac44Efd447B27025e888f37";
INSERT INTO ethereum_tokens(address, decimals, protocol) VALUES("0x5165d24277cD063F5ac44Efd447B27025e888f37", 18, "aave-v2"); INSERT INTO assets(identifier, type, name, symbol,started, swapped_for, coingecko, cryptocompare, details_reference) VALUES("_ceth_0x5165d24277cD063F5ac44Efd447B27025e888f37", "C", "Aave Interest bearing YFI v2", "aYFI", 1606774830, NULL, "yearn-finance", "YFI", "0x5165d24277cD063F5ac44Efd447B27025e888f37");
UPDATE ethereum_tokens SET protocol="aave" where address="0x6Fb0855c404E09c47C3fBCA25f08d4E41f9F062f";
INSERT INTO ethereum_tokens(address, decimals, protocol) VALUES("0x6Fb0855c404E09c47C3fBCA25f08d4E41f9F062f", 18, "aave"); INSERT INTO assets(identifier, type, name, symbol,started, swapped_for, coingecko, cryptocompare, details_reference) VALUES("_ceth_0x6Fb0855c404E09c47C3fBCA25f08d4E41f9F062f", "C", "Aave Interest bearing ZRX", "aZRX", 1578502051, NULL, "aave-zrx", "ZRX", "0x6Fb0855c404E09c47C3fBCA25f08d4E41f9F062f");
UPDATE ethereum_tokens SET protocol="aave-v2" where address="0xDf7FF54aAcAcbFf42dfe29DD6144A69b629f8C9e";
INSERT INTO ethereum_tokens(address, decimals, protocol) VALUES("0xDf7FF54aAcAcbFf42dfe29DD6144A69b629f8C9e", 18, "aave-v2"); INSERT INTO assets(identifier, type, name, symbol,started, swapped_for, coingecko, cryptocompare, details_reference) VALUES("_ceth_0xDf7FF54aAcAcbFf42dfe29DD6144A69b629f8C9e", "C", "Aave Interest bearing ZRX v2", "aZRX", 1606774830, NULL, "aave-zrx", "ZRX", "0xDf7FF54aAcAcbFf42dfe29DD6144A69b629f8C9e");
UPDATE ethereum_tokens SET protocol="aave" where address="0xB124541127A0A657f056D9Dd06188c4F1b0e5aab";
INSERT INTO ethereum_tokens(address, decimals, protocol) VALUES("0xB124541127A0A657f056D9Dd06188c4F1b0e5aab", 18, "aave"); INSERT INTO assets(identifier, type, name, symbol,started, swapped_for, coingecko, cryptocompare, details_reference) VALUES("_ceth_0xB124541127A0A657f056D9Dd06188c4F1b0e5aab", "C", "Aave Interest bearing Uniswap", "aUNI", 1603718736, NULL, "uniswap", "UNI", "0xB124541127A0A657f056D9Dd06188c4F1b0e5aab");
UPDATE ethereum_tokens SET protocol="aave-v2" where address="0xB9D7CB55f463405CDfBe4E90a6D2Df01C2B92BF1";
INSERT INTO ethereum_tokens(address, decimals, protocol) VALUES("0xB9D7CB55f463405CDfBe4E90a6D2Df01C2B92BF1", 18, "aave-v2"); INSERT INTO assets(identifier, type, name, symbol,started, swapped_for, coingecko, cryptocompare, details_reference) VALUES("_ceth_0xB9D7CB55f463405CDfBe4E90a6D2Df01C2B92BF1", "C", "Aave Interest bearing Uniswap v2", "aUNI", 1606774858, NULL, "uniswap", "UNI", "0xB9D7CB55f463405CDfBe4E90a6D2Df01C2B92BF1");
UPDATE ethereum_tokens SET protocol="compound" where address="0xc00e94Cb662C3520282E6f5717214004A7f26888";
INSERT INTO ethereum_tokens(address, decimals, protocol) VALUES("0xc00e94Cb662C3520282E6f5717214004A7f26888", 18, "compound"); INSERT INTO assets(identifier, type, name, symbol,started, swapped_for, coingecko, cryptocompare, details_reference) VALUES("_ceth_0xc00e94Cb662C3520282E6f5717214004A7f26888", "C", "Compound", "COMP", 1583323735, NULL, "compound-governance-token", "None", "0xc00e94Cb662C3520282E6f5717214004A7f26888");
UPDATE ethereum_tokens SET protocol="compound" where address="0x6C8c6b02E7b2BE14d4fA6022Dfd6d75921D90E4E";
INSERT INTO ethereum_tokens(address, decimals, protocol) VALUES("0x6C8c6b02E7b2BE14d4fA6022Dfd6d75921D90E4E", 8, "compound"); INSERT INTO assets(identifier, type, name, symbol,started, swapped_for, coingecko, cryptocompare, details_reference) VALUES("_ceth_0x6C8c6b02E7b2BE14d4fA6022Dfd6d75921D90E4E", "C", "Compound BAT", "cBAT", 1557192085, NULL, "compound-basic-attention-token", "None", "0x6C8c6b02E7b2BE14d4fA6022Dfd6d75921D90E4E");
UPDATE ethereum_tokens SET protocol="compound" where address="0x5d3a536E4D6DbD6114cc1Ead35777bAB948E3643";
INSERT INTO ethereum_tokens(address, decimals, protocol) VALUES("0x5d3a536E4D6DbD6114cc1Ead35777bAB948E3643", 8, "compound"); INSERT INTO assets(identifier, type, name, symbol,started, swapped_for, coingecko, cryptocompare, details_reference) VALUES("_ceth_0x5d3a536E4D6DbD6114cc1Ead35777bAB948E3643", "C", "Compound DAI", "cDAI", 1574471013, NULL, "cdai", "None", "0x5d3a536E4D6DbD6114cc1Ead35777bAB948E3643");
UPDATE ethereum_tokens SET protocol="compound" where address="0x4Ddc2D193948926D02f9B1fE9e1daa0718270ED5";
INSERT INTO ethereum_tokens(address, decimals, protocol) VALUES("0x4Ddc2D193948926D02f9B1fE9e1daa0718270ED5", 8, "compound"); INSERT INTO assets(identifier, type, name, symbol,started, swapped_for, coingecko, cryptocompare, details_reference) VALUES("_ceth_0x4Ddc2D193948926D02f9B1fE9e1daa0718270ED5", "C", "Compound ETH", "cETH", 1557192318, NULL, "compound-ether", "None", "0x4Ddc2D193948926D02f9B1fE9e1daa0718270ED5");
UPDATE ethereum_tokens SET protocol="compound" where address="0x158079Ee67Fce2f58472A96584A73C7Ab9AC95c1";
INSERT INTO ethereum_tokens(address, decimals, protocol) VALUES("0x158079Ee67Fce2f58472A96584A73C7Ab9AC95c1", 8, "compound"); INSERT INTO assets(identifier, type, name, symbol,started, swapped_for, coingecko, cryptocompare, details_reference) VALUES("_ceth_0x158079Ee67Fce2f58472A96584A73C7Ab9AC95c1", "C", "Compound Augur", "cREP", 1557192288, NULL, "compound-augur", "None", "0x158079Ee67Fce2f58472A96584A73C7Ab9AC95c1");
UPDATE ethereum_tokens SET protocol="compound" where address="0x70e36f6BF80a52b3B46b3aF8e106CC0ed743E8e4";
INSERT INTO ethereum_tokens(address, decimals, protocol) VALUES("0x70e36f6BF80a52b3B46b3aF8e106CC0ed743E8e4", 8, "compound"); INSERT INTO assets(identifier, type, name, symbol,started, swapped_for, coingecko, cryptocompare, details_reference) VALUES("_ceth_0x70e36f6BF80a52b3B46b3aF8e106CC0ed743E8e4", "C", "Compound Collateral", "cCOMP", 1601419265, NULL, "ccomp", "None", "0x70e36f6BF80a52b3B46b3aF8e106CC0ed743E8e4");
UPDATE ethereum_tokens SET protocol="compound" where address="0xF5DCe57282A584D2746FaF1593d3121Fcac444dC";
INSERT INTO ethereum_tokens(address, decimals, protocol) VALUES("0xF5DCe57282A584D2746FaF1593d3121Fcac444dC", 8, "compound"); INSERT INTO assets(identifier, type, name, symbol,started, swapped_for, coingecko, cryptocompare, details_reference) VALUES("_ceth_0xF5DCe57282A584D2746FaF1593d3121Fcac444dC", "C", "Compound Sai", "cSAI", 1557192252, NULL, "compound-sai", "None", "0xF5DCe57282A584D2746FaF1593d3121Fcac444dC");
UPDATE ethereum_tokens SET protocol="compound" where address="0x35A18000230DA775CAc24873d00Ff85BccdeD550";
INSERT INTO ethereum_tokens(address, decimals, protocol) VALUES("0x35A18000230DA775CAc24873d00Ff85BccdeD550", 8, "compound"); INSERT INTO assets(identifier, type, name, symbol,started, swapped_for, coingecko, cryptocompare, details_reference) VALUES("_ceth_0x35A18000230DA775CAc24873d00Ff85BccdeD550", "C", "Compound Uniswap", "cUNI", 1600898747, NULL, "compound-uniswap", "None", "0x35A18000230DA775CAc24873d00Ff85BccdeD550");
UPDATE ethereum_tokens SET protocol="compound" where address="0x39AA39c021dfbaE8faC545936693aC917d5E7563";
INSERT INTO ethereum_tokens(address, decimals, protocol) VALUES("0x39AA39c021dfbaE8faC545936693aC917d5E7563", 8, "compound"); INSERT INTO assets(identifier, type, name, symbol,started, swapped_for, coingecko, cryptocompare, details_reference) VALUES("_ceth_0x39AA39c021dfbaE8faC545936693aC917d5E7563", "C", "Compound USD Coin", "cUSDC", 1557192331, NULL, "compound-usd-coin", "None", "0x39AA39c021dfbaE8faC545936693aC917d5E7563");
UPDATE ethereum_tokens SET protocol="compound" where address="0xf650C3d88D12dB855b8bf7D11Be6C55A4e07dCC9";
INSERT INTO ethereum_tokens(address, decimals, protocol) VALUES("0xf650C3d88D12dB855b8bf7D11Be6C55A4e07dCC9", 8, "compound"); INSERT INTO assets(identifier, type, name, symbol,started, swapped_for, coingecko, cryptocompare, details_reference) VALUES("_ceth_0xf650C3d88D12dB855b8bf7D11Be6C55A4e07dCC9", "C", "Compound USDT", "cUSDT", 1586985186, NULL, "compound-usdt", "None", "0xf650C3d88D12dB855b8bf7D11Be6C55A4e07dCC9");
UPDATE ethereum_tokens SET protocol="compound" where address="0xC11b1268C1A384e55C48c2391d8d480264A3A7F4";
INSERT INTO ethereum_tokens(address, decimals, protocol) VALUES("0xC11b1268C1A384e55C48c2391d8d480264A3A7F4", 8, "compound"); INSERT INTO assets(identifier, type, name, symbol,started, swapped_for, coingecko, cryptocompare, details_reference) VALUES("_ceth_0xC11b1268C1A384e55C48c2391d8d480264A3A7F4", "C", "Compound Wrapped BTC", "cWBTC", 1563263257, NULL, "compound-wrapped-btc", "None", "0xC11b1268C1A384e55C48c2391d8d480264A3A7F4");
UPDATE ethereum_tokens SET protocol="compound" where address="0xB3319f5D18Bc0D84dD1b4825Dcde5d5f7266d407";
INSERT INTO ethereum_tokens(address, decimals, protocol) VALUES("0xB3319f5D18Bc0D84dD1b4825Dcde5d5f7266d407", 8, "compound"); INSERT INTO assets(identifier, type, name, symbol,started, swapped_for, coingecko, cryptocompare, details_reference) VALUES("_ceth_0xB3319f5D18Bc0D84dD1b4825Dcde5d5f7266d407", "C", "Compound 0x", "cZRX", 1557192054, NULL, "compound-0x", "None", "0xB3319f5D18Bc0D84dD1b4825Dcde5d5f7266d407");
UPDATE ethereum_tokens SET protocol="yearn-v1" where address="0x5dbcF33D8c2E976c6b560249878e6F1491Bca25c";
INSERT INTO ethereum_tokens(address, decimals, protocol) VALUES("0x5dbcF33D8c2E976c6b560249878e6F1491Bca25c", 18, "yearn-v1"); INSERT INTO assets(identifier, type, name, symbol,started, swapped_for, coingecko, cryptocompare, details_reference) VALUES("yyDAI+yUSDC+yUSDT+yTUSD", "C", "yearn Curve.fi yDAI/yUSDC/yUSDT/yTUSD", "yyDAI+yUSDC+yUSDT+yTUSD", 1596091760, NULL, "yvault-lp-ycurve", "", "0x5dbcF33D8c2E976c6b560249878e6F1491Bca25c");
UPDATE ethereum_tokens SET protocol="yearn-v1" where address="0xACd43E627e64355f1861cEC6d3a6688B31a6F952";
INSERT INTO ethereum_tokens(address, decimals, protocol) VALUES("0xACd43E627e64355f1861cEC6d3a6688B31a6F952", 18, "yearn-v1"); INSERT INTO assets(identifier, type, name, symbol,started, swapped_for, coingecko, cryptocompare, details_reference) VALUES("yDAI", "C", "yearn Dai Stablecoin", "yDAI", 1597301808, NULL, "dai", "", "0xACd43E627e64355f1861cEC6d3a6688B31a6F952");
UPDATE ethereum_tokens SET protocol="yearn-v1" where address="0xe1237aA7f535b0CC33Fd973D66cBf830354D16c7";
INSERT INTO ethereum_tokens(address, decimals, protocol) VALUES("0xe1237aA7f535b0CC33Fd973D66cBf830354D16c7", 18, "yearn-v1"); INSERT INTO assets(identifier, type, name, symbol,started, swapped_for, coingecko, cryptocompare, details_reference) VALUES("yWETH", "C", "yearn Wrapped Ether", "yWETH", 1598952738, NULL, "weth", "", "0xe1237aA7f535b0CC33Fd973D66cBf830354D16c7");
UPDATE ethereum_tokens SET protocol="yearn-v1" where address="0xBA2E7Fed597fd0E3e70f5130BcDbbFE06bB94fe1";
INSERT INTO ethereum_tokens(address, decimals, protocol) VALUES("0xBA2E7Fed597fd0E3e70f5130BcDbbFE06bB94fe1", 18, "yearn-v1"); INSERT INTO assets(identifier, type, name, symbol,started, swapped_for, coingecko, cryptocompare, details_reference) VALUES("yYFI", "C", "yearn yearn.finance", "yYFI", 1597845648, NULL, "yearn-finance", "", "0xBA2E7Fed597fd0E3e70f5130BcDbbFE06bB94fe1");
UPDATE ethereum_tokens SET protocol="yearn-v1" where address="0x29E240CFD7946BA20895a7a02eDb25C210f9f324";
INSERT INTO ethereum_tokens(address, decimals, protocol) VALUES("0x29E240CFD7946BA20895a7a02eDb25C210f9f324", 18, "yearn-v1"); INSERT INTO assets(identifier, type, name, symbol,started, swapped_for, coingecko, cryptocompare, details_reference) VALUES("yaLINK", "C", "yearn Aave Interest bearing LINK", "yaLINK", 1596628700, NULL, "aave-link", "", "0x29E240CFD7946BA20895a7a02eDb25C210f9f324");
UPDATE ethereum_tokens SET protocol="yearn-v1" where address="0x2f08119C6f07c006695E079AAFc638b8789FAf18";
INSERT INTO ethereum_tokens(address, decimals, protocol) VALUES("0x2f08119C6f07c006695E079AAFc638b8789FAf18", 6, "yearn-v1"); INSERT INTO assets(identifier, type, name, symbol,started, swapped_for, coingecko, cryptocompare, details_reference) VALUES("yUSDT", "C", "yearn Tether USD", "yUSDT", 1597318993, NULL, "tether", "", "0x2f08119C6f07c006695E079AAFc638b8789FAf18");
UPDATE ethereum_tokens SET protocol="yearn-v1" where address="0x597aD1e0c13Bfe8025993D9e79C69E1c0233522e";
INSERT INTO ethereum_tokens(address, decimals, protocol) VALUES("0x597aD1e0c13Bfe8025993D9e79C69E1c0233522e", 6, "yearn-v1"); INSERT INTO assets(identifier, type, name, symbol,started, swapped_for, coingecko, cryptocompare, details_reference) VALUES("yUSDC", "C", "yearn USD//C", "yUSDC", 1595721600, NULL, "usd-coin", "", "0x597aD1e0c13Bfe8025993D9e79C69E1c0233522e");
UPDATE ethereum_tokens SET protocol="yearn-v1" where address="0x37d19d1c4E1fa9DC47bD1eA12f742a0887eDa74a";
INSERT INTO ethereum_tokens(address, decimals, protocol) VALUES("0x37d19d1c4E1fa9DC47bD1eA12f742a0887eDa74a", 18, "yearn-v1"); INSERT INTO assets(identifier, type, name, symbol,started, swapped_for, coingecko, cryptocompare, details_reference) VALUES("yTUSD", "C", "yearn TrueUSD", "yTUSD", 1596678980, NULL, "true-usd", "", "0x37d19d1c4E1fa9DC47bD1eA12f742a0887eDa74a");
UPDATE ethereum_tokens SET protocol="yearn-v1" where address="0xec0d8D3ED5477106c6D4ea27D90a60e594693C90";
INSERT INTO ethereum_tokens(address, decimals, protocol) VALUES("0xec0d8D3ED5477106c6D4ea27D90a60e594693C90", 2, "yearn-v1"); INSERT INTO assets(identifier, type, name, symbol,started, swapped_for, coingecko, cryptocompare, details_reference) VALUES("yGUSD", "C", "yearn Gemini dollar", "yGUSD", 1602827638, NULL, "gemini-dollar", "", "0xec0d8D3ED5477106c6D4ea27D90a60e594693C90");
UPDATE ethereum_tokens SET protocol="yearn-v1" where address="0x2994529C0652D127b7842094103715ec5299bBed";
INSERT INTO ethereum_tokens(address, decimals, protocol) VALUES("0x2994529C0652D127b7842094103715ec5299bBed", 18, "yearn-v1"); INSERT INTO assets(identifier, type, name, symbol,started, swapped_for, coingecko, cryptocompare, details_reference) VALUES("yyDAI+yUSDC+yUSDT+yBUSD", "C", "yearn Curve.fi yDAI/yUSDC/yUSDT/yBUSD", "yyDAI+yUSDC+yUSDT+yBUSD", 1598095312, NULL, "lp-bcurve", "", "0x2994529C0652D127b7842094103715ec5299bBed");
UPDATE ethereum_tokens SET protocol="yearn-v1" where address="0x7Ff566E1d69DEfF32a7b244aE7276b9f90e9D0f6";
INSERT INTO ethereum_tokens(address, decimals, protocol) VALUES("0x7Ff566E1d69DEfF32a7b244aE7276b9f90e9D0f6", 18, "yearn-v1"); INSERT INTO assets(identifier, type, name, symbol,started, swapped_for, coingecko, cryptocompare, details_reference) VALUES("ycrvRenWSBTC", "C", "yearn Curve.fi renBTC/wBTC/sBTC", "ycrvRenWSBTC", 1598421792, NULL, "lp-renbtc-curve", "", "0x7Ff566E1d69DEfF32a7b244aE7276b9f90e9D0f6");
UPDATE ethereum_tokens SET protocol="yearn-v1" where address="0x9cA85572E6A3EbF24dEDd195623F188735A5179f";
INSERT INTO ethereum_tokens(address, decimals, protocol) VALUES("0x9cA85572E6A3EbF24dEDd195623F188735A5179f", 18, "yearn-v1"); INSERT INTO assets(identifier, type, name, symbol,started, swapped_for, coingecko, cryptocompare, details_reference) VALUES("y3Crv", "C", "yearn Curve.fi DAI/USDC/USDT", "y3Crv", 1602322413, NULL, "curve-dao-token", "", "0x9cA85572E6A3EbF24dEDd195623F188735A5179f");
INSERT INTO assets(identifier, type, name, symbol, started, swapped_for, coingecko, cryptocompare, details_reference) VALUES("COIN", "W", "Coinbase Tokenized Stock on FTX", "COIN", 1618394685, NULL, "coinbase-stock", "COIN", "COIN"); INSERT INTO common_asset_details(asset_id, forked) VALUES("COIN", NULL);
*
INSERT INTO assets(identifier, type, name, symbol, started, swapped_for, coingecko, cryptocompare, details_reference) VALUES("COIN-2", "W", "Coinbase Tokenized Stock on Bittrex", "COIN-2", 1618913796, NULL, "coinbase-stock-bittrex", "", "COIN-2"); INSERT INTO common_asset_details(asset_id, forked) VALUES("COIN-2", NULL);
*
INSERT INTO ethereum_tokens(address, decimals, protocol) VALUES("0xFAce851a4921ce59e912d19329929CE6da6EB0c7", 8, "compound"); INSERT INTO assets(identifier, type, name, symbol,started, swapped_for, coingecko, cryptocompare, details_reference) VALUES("_ceth_0xFAce851a4921ce59e912d19329929CE6da6EB0c7", "C", "Compound ChainLink Token", "cLINK", 1619041102, NULL, "", "", "0xFAce851a4921ce59e912d19329929CE6da6EB0c7");
*
INSERT INTO ethereum_tokens(address, decimals, protocol) VALUES("0x12392F67bdf24faE0AF363c24aC620a2f67DAd86", 8, "compound"); INSERT INTO assets(identifier, type, name, symbol,started, swapped_for, coingecko, cryptocompare, details_reference) VALUES("_ceth_0x12392F67bdf24faE0AF363c24aC620a2f67DAd86", "C", "Compound TrueUSD", "cTUSD", 1602071129, NULL, "", "", "0x12392F67bdf24faE0AF363c24aC620a2f67DAd86");
*
INSERT INTO ethereum_tokens(address, decimals, protocol) VALUES("0x272F97b7a56a387aE942350bBC7Df5700f8a4576", 18, "aave-v2"); INSERT INTO assets(identifier, type, name, symbol,started, swapped_for, coingecko, cryptocompare, details_reference) VALUES("_ceth_0x272F97b7a56a387aE942350bBC7Df5700f8a4576", "C", "Aave interest bearing BAL", "aBAL", 1612305941, NULL, "balancer", "BAL", "0x272F97b7a56a387aE942350bBC7Df5700f8a4576");
*
INSERT INTO ethereum_tokens(address, decimals, protocol) VALUES("0xc9BC48c72154ef3e5425641a3c747242112a46AF", 18, "aave-v2"); INSERT INTO assets(identifier, type, name, symbol,started, swapped_for, coingecko, cryptocompare, details_reference) VALUES("_ceth_0xc9BC48c72154ef3e5425641a3c747242112a46AF", "C", "Aave interest bearing RAI", "aRAI", 1624100131, NULL, "rai", "RAI", "0xc9BC48c72154ef3e5425641a3c747242112a46AF");
*
INSERT INTO ethereum_tokens(address, decimals, protocol) VALUES("0xF256CC7847E919FAc9B808cC216cAc87CCF2f47a", 18, "aave-v2"); INSERT INTO assets(identifier, type, name, symbol,started, swapped_for, coingecko, cryptocompare, details_reference) VALUES("_ceth_0xF256CC7847E919FAc9B808cC216cAc87CCF2f47a", "C", "Aave interest bearing XSUSHI", "aXSUSHI", 1613338009, NULL, "xsushi", "", "0xF256CC7847E919FAc9B808cC216cAc87CCF2f47a");
*
INSERT INTO ethereum_tokens(address, decimals, protocol) VALUES("0xAa6E8127831c9DE45ae56bB1b0d4D4Da6e5665BD", 18, NULL); INSERT INTO assets(identifier, type, name, symbol,started, swapped_for, coingecko, cryptocompare, details_reference) VALUES("_ceth_0xAa6E8127831c9DE45ae56bB1b0d4D4Da6e5665BD", "C", "ETH 2x Flexible Leverage Index", "ETH2x-FLI", 1615709597, NULL, "eth-2x-flexible-leverage-index", "ETH2X-FLI", "0xAa6E8127831c9DE45ae56bB1b0d4D4Da6e5665BD");
*
INSERT INTO ethereum_tokens(address, decimals, protocol) VALUES("0x824a50dF33AC1B41Afc52f4194E2e8356C17C3aC", 10, NULL); INSERT INTO assets(identifier, type, name, symbol,started, swapped_for, coingecko, cryptocompare, details_reference) VALUES("_ceth_0x824a50dF33AC1B41Afc52f4194E2e8356C17C3aC", "C", "KickToken", "KICK", 1624876630, NULL, "kick", "KICK", "0x824a50dF33AC1B41Afc52f4194E2e8356C17C3aC");
*
INSERT INTO assets(identifier, type, name, symbol, started, swapped_for, coingecko, cryptocompare, details_reference) VALUES("NRV", "S", "Nerve Finance", "NRV", 1614902617, NULL, "nerve-finance", "", "NRV"); INSERT INTO common_asset_details(asset_id, forked) VALUES("NRV", NULL);
*
INSERT INTO ethereum_tokens(address, decimals, protocol) VALUES("0x9695e0114e12C0d3A3636fAb5A18e6b737529023", 18, NULL); INSERT INTO assets(identifier, type, name, symbol,started, swapped_for, coingecko, cryptocompare, details_reference) VALUES("_ceth_0x9695e0114e12C0d3A3636fAb5A18e6b737529023", "C", "DFYN Token", "DFYN", 1620371946, NULL, "dfyn-network", "DFYN", "0x9695e0114e12C0d3A3636fAb5A18e6b737529023");
*
INSERT INTO ethereum_tokens(address, decimals, protocol) VALUES("0x2fdF40C484b1BD6F1c214ACAC737FEDc8b03E5a8", 18, NULL); INSERT INTO assets(identifier, type, name, symbol,started, swapped_for, coingecko, cryptocompare, details_reference) VALUES("_ceth_0x2fdF40C484b1BD6F1c214ACAC737FEDc8b03E5a8", "C", "MCS", "MCS", 1623309370, NULL, "yggdrash", "YEED", "0x2fdF40C484b1BD6F1c214ACAC737FEDc8b03E5a8");
*
UPDATE assets SET swapped_for="_ceth_0x2fdF40C484b1BD6F1c214ACAC737FEDc8b03E5a8", cryptocompare="YEED" WHERE identifier="_ceth_0xcA2796F9F61dc7b238Aab043971e49c6164DF375";/*Introduce YEED token swap*/
INSERT INTO ethereum_tokens(address, decimals, protocol) VALUES("0xcA2796F9F61dc7b238Aab043971e49c6164DF375", 18, NULL); INSERT INTO assets(identifier, type, name, symbol,started, swapped_for, coingecko, cryptocompare, details_reference) VALUES("_ceth_0xcA2796F9F61dc7b238Aab043971e49c6164DF375", "C", "YGGDRASH", "YEED", 1532414987, "_ceth_0x2fdF40C484b1BD6F1c214ACAC737FEDc8b03E5a8", "yggdrash", "YEED", "0xcA2796F9F61dc7b238Aab043971e49c6164DF375");
UPDATE assets SET coingecko="ethup" WHERE identifier="ETHUP";
INSERT INTO assets(identifier, type, name, symbol, started, swapped_for, coingecko, cryptocompare, details_reference) VALUES("ETHUP", "B", "Binance leveraged token ETHUP", "ETHUP", 1594771200, NULL, "ethup", "", "ETHUP"); INSERT INTO common_asset_details(asset_id, forked) VALUES("ETHUP", NULL);
UPDATE assets SET coingecko="ethdown" WHERE identifier="ETHDOWN";
INSERT INTO assets(identifier, type, name, symbol, started, swapped_for, coingecko, cryptocompare, details_reference) VALUES("ETHDOWN", "B", "Binance leveraged token ETHDOWN", "ETHDOWN", 1594771200, NULL, "ethdown", "", "ETHDOWN"); INSERT INTO common_asset_details(asset_id, forked) VALUES("ETHDOWN", NULL);
UPDATE assets SET coingecko="hempcoin-thc" WHERE identifier="THC";
INSERT INTO assets(identifier, type, name, symbol, started, swapped_for, coingecko, cryptocompare, details_reference) VALUES("THC", "B", "HempCoin", "THC", 1394323200, NULL, "hempcoin-thc", "", "THC"); INSERT INTO common_asset_details(asset_id, forked) VALUES("THC", NULL);
INSERT INTO assets(identifier, type, name, symbol, started, swapped_for, coingecko, cryptocompare, details_reference) VALUES("SSX", "B", "SOMESING", "SSX", 1575939600, NULL, "somesing", "SSX", "SSX"); INSERT INTO common_asset_details(asset_id, forked) VALUES("SSX", NULL);
*
INSERT INTO ethereum_tokens(address, decimals, protocol) VALUES("0x37c430c2b5f9Ff85e534873C715871818Ab1623E", 18, NULL); INSERT INTO assets(identifier, type, name, symbol,started, swapped_for, coingecko, cryptocompare, details_reference) VALUES("_ceth_0x37c430c2b5f9Ff85e534873C715871818Ab1623E", "C", "AXIA COIN", "AXC", 1624038028, NULL, "axia-coin", "AXC", "0x37c430c2b5f9Ff85e534873C715871818Ab1623E");
*