UPDATE common_asset_details SET coingecko="", cryptocompare="" WHERE identifier="eip155:1/erc20:0x053c80eA73Dc6941F518a68E2FC52Ac45BDE7c9C";
INSERT INTO assets(identifier, name, type) VALUES("eip155:1/erc20:0x053c80eA73Dc6941F518a68E2FC52Ac45BDE7c9C", "FARM_USDT", "C"); INSERT INTO evm_tokens(identifier, token_kind, chain, address, decimals, protocol) VALUES("eip155:1/erc20:0x053c80eA73Dc6941F518a68E2FC52Ac45BDE7c9C", "A", 1, "0x053c80eA73Dc6941F518a68E2FC52Ac45BDE7c9C", 6, ""); INSERT INTO common_asset_details(identifier, symbol, coingecko, cryptocompare, forked, started, swapped_for) VALUES("eip155:1/erc20:0x053c80eA73Dc6941F518a68E2FC52Ac45BDE7c9C", "fUSDT", "", "", NULL, 1603116272, NULL);
UPDATE common_asset_details SET coingecko="", cryptocompare="" WHERE identifier="eip155:1/erc20:0xab7FA2B2985BCcfC13c6D86b1D5A17486ab1e04C";
INSERT INTO assets(identifier, name, type) VALUES("eip155:1/erc20:0xab7FA2B2985BCcfC13c6D86b1D5A17486ab1e04C", "FARM_DAI", "C"); INSERT INTO evm_tokens(identifier, token_kind, chain, address, decimals, protocol) VALUES("eip155:1/erc20:0xab7FA2B2985BCcfC13c6D86b1D5A17486ab1e04C", "A", 1, "0xab7FA2B2985BCcfC13c6D86b1D5A17486ab1e04C", 18, ""); INSERT INTO common_asset_details(identifier, symbol, coingecko, cryptocompare, forked, started, swapped_for) VALUES("eip155:1/erc20:0xab7FA2B2985BCcfC13c6D86b1D5A17486ab1e04C", "fDAI", "", "", NULL, 1603116059, NULL);
UPDATE common_asset_details SET cryptocompare="DAI" WHERE identifier="eip155:43114/erc20:0xd586E7F844cEa2F87f50152665BCbc2C279D8d70";
INSERT INTO assets(identifier, name, type) VALUES("eip155:43114/erc20:0xd586E7F844cEa2F87f50152665BCbc2C279D8d70", "Dai Stablecoin", "C"); INSERT INTO evm_tokens(identifier, token_kind, chain, address, decimals, protocol) VALUES("eip155:43114/erc20:0xd586E7F844cEa2F87f50152665BCbc2C279D8d70", "A", 43114, "0xd586E7F844cEa2F87f50152665BCbc2C279D8d70", 18, ""); INSERT INTO common_asset_details(identifier, symbol, coingecko, cryptocompare, forked, started, swapped_for) VALUES("eip155:43114/erc20:0xd586E7F844cEa2F87f50152665BCbc2C279D8d70", "DAI.e", "dai", "DAI", NULL, 1627052370, NULL);
UPDATE common_asset_details SET cryptocompare="DAI" WHERE identifier="eip155:56/erc20:0x1AF3F329e8BE154074D8769D1FFa4eE058B1DBc3";
INSERT INTO assets(identifier, name, type) VALUES("eip155:56/erc20:0x1AF3F329e8BE154074D8769D1FFa4eE058B1DBc3", "Dai Token", "C"); INSERT INTO evm_tokens(identifier, token_kind, chain, address, decimals, protocol) VALUES("eip155:56/erc20:0x1AF3F329e8BE154074D8769D1FFa4eE058B1DBc3", "A", 56, "0x1AF3F329e8BE154074D8769D1FFa4eE058B1DBc3", 18, ""); INSERT INTO common_asset_details(identifier, symbol, coingecko, cryptocompare, forked, started, swapped_for) VALUES("eip155:56/erc20:0x1AF3F329e8BE154074D8769D1FFa4eE058B1DBc3", "DAI", "dai", "DAI", NULL, 1599646888, NULL);
UPDATE common_asset_details SET coingecko="", cryptocompare="" WHERE identifier="eip155:56/erc20:0x55d398326f99059fF775485246999027B3197955";
INSERT INTO assets(identifier, name, type) VALUES("eip155:56/erc20:0x55d398326f99059fF775485246999027B3197955", "Tether USD", "C"); INSERT INTO evm_tokens(identifier, token_kind, chain, address, decimals, protocol) VALUES("eip155:56/erc20:0x55d398326f99059fF775485246999027B3197955", "A", 56, "0x55d398326f99059fF775485246999027B3197955", 18, ""); INSERT INTO common_asset_details(identifier, symbol, coingecko, cryptocompare, forked, started, swapped_for) VALUES("eip155:56/erc20:0x55d398326f99059fF775485246999027B3197955", "USDT", "", "", NULL, 1599201028, NULL);
UPDATE common_asset_details SET cryptocompare="USDT" WHERE identifier="eip155:534352/erc20:0xf55BEC9cafDbE8730f096Aa55dad6D22d44099Df";
INSERT INTO assets(identifier, name, type) VALUES("eip155:534352/erc20:0xf55BEC9cafDbE8730f096Aa55dad6D22d44099Df", "Tether USD", "C"); INSERT INTO evm_tokens(identifier, token_kind, chain, address, decimals, protocol) VALUES("eip155:534352/erc20:0xf55BEC9cafDbE8730f096Aa55dad6D22d44099Df", "A", 534352, "0xf55BEC9cafDbE8730f096Aa55dad6D22d44099Df", 6, ""); INSERT INTO common_asset_details(identifier, symbol, coingecko, cryptocompare, forked, started, swapped_for) VALUES("eip155:534352/erc20:0xf55BEC9cafDbE8730f096Aa55dad6D22d44099Df", "USDT", "tether", "USDT", NULL, 1696952284, NULL);
UPDATE common_asset_details SET cryptocompare="DAI" WHERE identifier="eip155:534352/erc20:0xcA77eB3fEFe3725Dc33bccB54eDEFc3D9f764f97";
INSERT INTO assets(identifier, name, type) VALUES("eip155:534352/erc20:0xcA77eB3fEFe3725Dc33bccB54eDEFc3D9f764f97", "Dai Stablecoin", "C"); INSERT INTO evm_tokens(identifier, token_kind, chain, address, decimals, protocol) VALUES("eip155:534352/erc20:0xcA77eB3fEFe3725Dc33bccB54eDEFc3D9f764f97", "A", 534352, "0xcA77eB3fEFe3725Dc33bccB54eDEFc3D9f764f97", 18, ""); INSERT INTO common_asset_details(identifier, symbol, coingecko, cryptocompare, forked, started, swapped_for) VALUES("eip155:534352/erc20:0xcA77eB3fEFe3725Dc33bccB54eDEFc3D9f764f97", "DAI", "dai", "DAI", NULL, 1696919918, NULL);
UPDATE common_asset_details SET cryptocompare="DAI" WHERE identifier="eip155:250/erc20:0x8D11eC38a3EB5E956B052f67Da8Bdc9bef8Abf3E";
INSERT INTO assets(identifier, name, type) VALUES("eip155:250/erc20:0x8D11eC38a3EB5E956B052f67Da8Bdc9bef8Abf3E", "Dai Stablecoin", "C"); INSERT INTO evm_tokens(identifier, token_kind, chain, address, decimals, protocol) VALUES("eip155:250/erc20:0x8D11eC38a3EB5E956B052f67Da8Bdc9bef8Abf3E", "A", 250, "0x8D11eC38a3EB5E956B052f67Da8Bdc9bef8Abf3E", 18, ""); INSERT INTO common_asset_details(identifier, symbol, coingecko, cryptocompare, forked, started, swapped_for) VALUES("eip155:250/erc20:0x8D11eC38a3EB5E956B052f67Da8Bdc9bef8Abf3E", "DAI", "dai", "DAI", NULL, 1613748662, NULL);
UPDATE common_asset_details SET coingecko="frapped-usdt", cryptocompare="" WHERE identifier="eip155:250/erc20:0x049d68029688eAbF473097a2fC38ef61633A3C7A";
INSERT INTO assets(identifier, name, type) VALUES("eip155:250/erc20:0x049d68029688eAbF473097a2fC38ef61633A3C7A", "Frapped USDT", "C"); INSERT INTO evm_tokens(identifier, token_kind, chain, address, decimals, protocol) VALUES("eip155:250/erc20:0x049d68029688eAbF473097a2fC38ef61633A3C7A", "A", 250, "0x049d68029688eAbF473097a2fC38ef61633A3C7A", 6, ""); INSERT INTO common_asset_details(identifier, symbol, coingecko, cryptocompare, forked, started, swapped_for) VALUES("eip155:250/erc20:0x049d68029688eAbF473097a2fC38ef61633A3C7A", "fUSDT", "frapped-usdt", "", NULL, 1615367956, NULL);
