UPDATE common_asset_details SET coingecko="", cryptocompare="" WHERE identifier="eip155:1/erc20:0x053c80eA73Dc6941F518a68E2FC52Ac45BDE7c9C";
INSERT INTO assets(identifier, name, type) VALUES("eip155:1/erc20:0x053c80eA73Dc6941F518a68E2FC52Ac45BDE7c9C", "FARM_USDT", "C"); INSERT INTO evm_tokens(identifier, token_kind, chain, address, decimals, protocol) VALUES("eip155:1/erc20:0x053c80eA73Dc6941F518a68E2FC52Ac45BDE7c9C", "A", 1, "0x053c80eA73Dc6941F518a68E2FC52Ac45BDE7c9C", 6, ""); INSERT INTO common_asset_details(identifier, symbol, coingecko, cryptocompare, forked, started, swapped_for) VALUES("eip155:1/erc20:0x053c80eA73Dc6941F518a68E2FC52Ac45BDE7c9C", "fUSDT", "", "", NULL, 1603116272, NULL);
UPDATE common_asset_details SET coingecko="", cryptocompare="" WHERE identifier="eip155:1/erc20:0xab7FA2B2985BCcfC13c6D86b1D5A17486ab1e04C";
INSERT INTO assets(identifier, name, type) VALUES("eip155:1/erc20:0xab7FA2B2985BCcfC13c6D86b1D5A17486ab1e04C", "FARM_DAI", "C"); INSERT INTO evm_tokens(identifier, token_kind, chain, address, decimals, protocol) VALUES("eip155:1/erc20:0xab7FA2B2985BCcfC13c6D86b1D5A17486ab1e04C", "A", 1, "0xab7FA2B2985BCcfC13c6D86b1D5A17486ab1e04C", 18, ""); INSERT INTO common_asset_details(identifier, symbol, coingecko, cryptocompare, forked, started, swapped_for) VALUES("eip155:1/erc20:0xab7FA2B2985BCcfC13c6D86b1D5A17486ab1e04C", "fDAI", "", "", NULL, 1603116059, NULL);
UPDATE common_asset_details SET cryptocompare="DAI" WHERE identifier="eip155:43114/erc20:0xd586E7F844cEa2F87f50152665BCbc2C279D8d70";
INSERT INTO assets(identifier, name, type) VALUES("eip155:43114/erc20:0xd586E7F844cEa2F87f50152665BCbc2C279D8d70", "Dai Stablecoin", "C"); INSERT INTO evm_tokens(identifier, token_kind, chain, address, decimals, protocol) VALUES("eip155:43114/erc20:0xd586E7F844cEa2F87f50152665BCbc2C279D8d70", "A", 43114, "0xd586E7F844cEa2F87f50152665BCbc2C279D8d70", 18, ""); INSERT INTO common_asset_details(identifier, symbol, coingecko, cryptocompare, forked, started, swapped_for) VALUES("eip155:43114/erc20:0xd586E7F844cEa2F87f50152665BCbc2C279D8d70", "DAI.e", "dai", "DAI", NULL, 1627052370, NULL);
UPDATE common_asset_details SET cryptocompare="DAI" WHERE identifier="eip155:56/erc20:0x1AF3F329e8BE154074D8769D1FFa4eE058B1DBc3";
INSERT INTO assets(identifier, name, type) VALUES("eip155:56/erc20:0x1AF3F329e8BE154074D8769D1FFa4eE058B1DBc3", "Dai Token", "C"); INSERT INTO evm_tokens(identifier, token_kind, chain, address, decimals, protocol) VALUES("eip155:56/erc20:0x1AF3F329e8BE154074D8769D1FFa4eE058B1DBc3", "A", 56, "0x1AF3F329e8BE154074D8769D1FFa4eE058B1DBc3", 18, ""); INSERT INTO common_asset_details(identifier, symbol, coingecko, cryptocompare, forked, started, swapped_for) VALUES("eip155:56/erc20:0x1AF3F329e8BE154074D8769D1FFa4eE058B1DBc3", "DAI", "dai", "DAI", NULL, 1599646888, NULL);
UPDATE common_asset_details SET coingecko="", cryptocompare="" WHERE identifier="eip155:56/erc20:0x55d398326f99059fF775485246999027B3197955";
INSERT INTO assets(identifier, name, type) VALUES("eip155:56/erc20:0x55d398326f99059fF775485246999027B3197955", "Tether USD", "C"); INSERT INTO evm_tokens(identifier, token_kind, chain, address, decimals, protocol) VALUES("eip155:56/erc20:0x55d398326f99059fF775485246999027B3197955", "A", 56, "0x55d398326f99059fF775485246999027B3197955", 18, ""); INSERT INTO common_asset_details(identifier, symbol, coingecko, cryptocompare, forked, started, swapped_for) VALUES("eip155:56/erc20:0x55d398326f99059fF775485246999027B3197955", "USDT", "", "", NULL, 1599201028, NULL);
UPDATE common_asset_details SET cryptocompare="USDT" WHERE identifier="eip155:534352/erc20:0xf55BEC9cafDbE8730f096Aa55dad6D22d44099Df";
INSERT INTO assets(identifier, name, type) VALUES("eip155:534352/erc20:0xf55BEC9cafDbE8730f096Aa55dad6D22d44099Df", "Tether USD", "C"); INSERT INTO evm_tokens(identifier, token_kind, chain, address, decimals, protocol) VALUES("eip155:534352/erc20:0xf55BEC9cafDbE8730f096Aa55dad6D22d44099Df", "A", 534352, "0xf55BEC9cafDbE8730f096Aa55dad6D22d44099Df", 6, ""); INSERT INTO common_asset_details(identifier, symbol, coingecko, cryptocompare, forked, started, swapped_for) VALUES("eip155:534352/erc20:0xf55BEC9cafDbE8730f096Aa55dad6D22d44099Df", "USDT", "tether", "USDT", NULL, 1696952284, NULL);
UPDATE common_asset_details SET cryptocompare="DAI" WHERE identifier="eip155:534352/erc20:0xcA77eB3fEFe3725Dc33bccB54eDEFc3D9f764f97";
INSERT INTO assets(identifier, name, type) VALUES("eip155:534352/erc20:0xcA77eB3fEFe3725Dc33bccB54eDEFc3D9f764f97", "Dai Stablecoin", "C"); INSERT INTO evm_tokens(identifier, token_kind, chain, address, decimals, protocol) VALUES("eip155:534352/erc20:0xcA77eB3fEFe3725Dc33bccB54eDEFc3D9f764f97", "A", 534352, "0xcA77eB3fEFe3725Dc33bccB54eDEFc3D9f764f97", 18, ""); INSERT INTO common_asset_details(identifier, symbol, coingecko, cryptocompare, forked, started, swapped_for) VALUES("eip155:534352/erc20:0xcA77eB3fEFe3725Dc33bccB54eDEFc3D9f764f97", "DAI", "dai", "DAI", NULL, 1696919918, NULL);
UPDATE common_asset_details SET cryptocompare="DAI" WHERE identifier="eip155:250/erc20:0x8D11eC38a3EB5E956B052f67Da8Bdc9bef8Abf3E";
INSERT INTO assets(identifier, name, type) VALUES("eip155:250/erc20:0x8D11eC38a3EB5E956B052f67Da8Bdc9bef8Abf3E", "Dai Stablecoin", "C"); INSERT INTO evm_tokens(identifier, token_kind, chain, address, decimals, protocol) VALUES("eip155:250/erc20:0x8D11eC38a3EB5E956B052f67Da8Bdc9bef8Abf3E", "A", 250, "0x8D11eC38a3EB5E956B052f67Da8Bdc9bef8Abf3E", 18, ""); INSERT INTO common_asset_details(identifier, symbol, coingecko, cryptocompare, forked, started, swapped_for) VALUES("eip155:250/erc20:0x8D11eC38a3EB5E956B052f67Da8Bdc9bef8Abf3E", "DAI", "dai", "DAI", NULL, 1613748662, NULL);
UPDATE common_asset_details SET coingecko="frapped-usdt", cryptocompare="" WHERE identifier="eip155:250/erc20:0x049d68029688eAbF473097a2fC38ef61633A3C7A";
INSERT INTO assets(identifier, name, type) VALUES("eip155:250/erc20:0x049d68029688eAbF473097a2fC38ef61633A3C7A", "Frapped USDT", "C"); INSERT INTO evm_tokens(identifier, token_kind, chain, address, decimals, protocol) VALUES("eip155:250/erc20:0x049d68029688eAbF473097a2fC38ef61633A3C7A", "A", 250, "0x049d68029688eAbF473097a2fC38ef61633A3C7A", 6, ""); INSERT INTO common_asset_details(identifier, symbol, coingecko, cryptocompare, forked, started, swapped_for) VALUES("eip155:250/erc20:0x049d68029688eAbF473097a2fC38ef61633A3C7A", "fUSDT", "frapped-usdt", "", NULL, 1615367956, NULL);
UPDATE common_asset_details SET cryptocompare = 'BTC' WHERE identifier = 'BTC';
INSERT INTO assets(identifier, name, type) VALUES("BTC", "Bitcoin", "B"); INSERT INTO common_asset_details(identifier, symbol, coingecko, cryptocompare, forked, started, swapped_for) VALUES("BTC", "BTC", "bitcoin", "BTC", NULL, 1231006505, NULL);
UPDATE common_asset_details SET cryptocompare = 'ETH' WHERE identifier = 'ETH';
INSERT INTO assets(identifier, name, type) VALUES("ETH", "Ethereum", "B"); INSERT INTO common_asset_details(identifier, symbol, coingecko, cryptocompare, forked, started, swapped_for) VALUES("ETH", "ETH", "ethereum", "ETH", NULL, 1438214400, NULL);
UPDATE common_asset_details SET cryptocompare = 'EUR' WHERE identifier = 'EUR';
INSERT INTO assets(identifier, name, type) VALUES("EUR", "Euro", "A"); INSERT INTO common_asset_details(identifier, symbol, coingecko, cryptocompare, forked, started, swapped_for) VALUES("EUR", "EUR", "", "EUR", NULL, 915148800, NULL);
UPDATE common_asset_details SET cryptocompare = 'XMR' WHERE identifier = 'XMR';
INSERT INTO assets(identifier, name, type) VALUES("XMR", "Monero", "B"); INSERT INTO common_asset_details(identifier, symbol, coingecko, cryptocompare, forked, started, swapped_for) VALUES("XMR", "XMR", "monero", "XMR", NULL, 1397818194, NULL);
INSERT INTO assets(identifier, name, type) VALUES("XDAI", "XDAI", "B"); INSERT INTO common_asset_details(identifier, symbol, coingecko, cryptocompare, forked, started, swapped_for) VALUES("XDAI", "XDAI", "xdai", "", NULL, 1539024185, NULL);
*
UPDATE common_asset_details SET cryptocompare = 'POE' WHERE identifier = 'eip155:1/erc20:0x0e0989b1f9B8A38983c2BA8053269Ca62Ec9B195';
INSERT INTO assets(identifier, name, type) VALUES("eip155:1/erc20:0x0e0989b1f9B8A38983c2BA8053269Ca62Ec9B195", "Po.et", "C"); INSERT INTO evm_tokens(identifier, token_kind, chain, address, decimals, protocol) VALUES("eip155:1/erc20:0x0e0989b1f9B8A38983c2BA8053269Ca62Ec9B195", "A", 1, "0x0e0989b1f9B8A38983c2BA8053269Ca62Ec9B195", 8, ""); INSERT INTO common_asset_details(identifier, symbol, coingecko, cryptocompare, forked, started, swapped_for) VALUES("eip155:1/erc20:0x0e0989b1f9B8A38983c2BA8053269Ca62Ec9B195", "POE", "poet", "POE", NULL, 1502150400, NULL);
UPDATE common_asset_details SET cryptocompare = 'WOO' WHERE identifier = 'eip155:1/erc20:0x4691937a7508860F876c9c0a2a617E7d9E945D4B';
INSERT INTO assets(identifier, name, type) VALUES("eip155:1/erc20:0x4691937a7508860F876c9c0a2a617E7d9E945D4B", "Wootrade Network", "C"); INSERT INTO evm_tokens(identifier, token_kind, chain, address, decimals, protocol) VALUES("eip155:1/erc20:0x4691937a7508860F876c9c0a2a617E7d9E945D4B", "A", 1, "0x4691937a7508860F876c9c0a2a617E7d9E945D4B", 18, ""); INSERT INTO common_asset_details(identifier, symbol, coingecko, cryptocompare, forked, started, swapped_for) VALUES("eip155:1/erc20:0x4691937a7508860F876c9c0a2a617E7d9E945D4B", "WOO", "woo-network", "WOO", NULL, 1602855151, NULL);
UPDATE common_asset_details SET cryptocompare = 'REAP' WHERE identifier = 'eip155:1/erc20:0x1fc5EF0337AEA85C5f9198853a6E3A579a7A6987';
INSERT INTO assets(identifier, name, type) VALUES("eip155:1/erc20:0x1fc5EF0337AEA85C5f9198853a6E3A579a7A6987", "ReapChain", "C"); INSERT INTO evm_tokens(identifier, token_kind, chain, address, decimals, protocol) VALUES("eip155:1/erc20:0x1fc5EF0337AEA85C5f9198853a6E3A579a7A6987", "A", 1, "0x1fc5EF0337AEA85C5f9198853a6E3A579a7A6987", 18, ""); INSERT INTO common_asset_details(identifier, symbol, coingecko, cryptocompare, forked, started, swapped_for) VALUES("eip155:1/erc20:0x1fc5EF0337AEA85C5f9198853a6E3A579a7A6987", "REAP", "reapchain", "REAP", NULL, 1593490870, NULL);
UPDATE common_asset_details SET cryptocompare = 'BAT' WHERE identifier = 'eip155:1/erc20:0x0D8775F648430679A709E98d2b0Cb6250d2887EF';
INSERT INTO assets(identifier, name, type) VALUES("eip155:1/erc20:0x0D8775F648430679A709E98d2b0Cb6250d2887EF", "Basic Attention Token", "C"); INSERT INTO evm_tokens(identifier, token_kind, chain, address, decimals, protocol) VALUES("eip155:1/erc20:0x0D8775F648430679A709E98d2b0Cb6250d2887EF", "A", 1, "0x0D8775F648430679A709E98d2b0Cb6250d2887EF", 18, ""); INSERT INTO common_asset_details(identifier, symbol, coingecko, cryptocompare, forked, started, swapped_for) VALUES("eip155:1/erc20:0x0D8775F648430679A709E98d2b0Cb6250d2887EF", "BAT", "basic-attention-token", "BAT", NULL, 1496294094, NULL);
UPDATE common_asset_details SET cryptocompare = 'MONG' WHERE identifier = 'eip155:1/erc20:0x1ce270557C1f68Cfb577b856766310Bf8B47FD9C';
INSERT INTO assets(identifier, name, type) VALUES("eip155:1/erc20:0x1ce270557C1f68Cfb577b856766310Bf8B47FD9C", "MongCoin", "C"); INSERT INTO evm_tokens(identifier, token_kind, chain, address, decimals, protocol) VALUES("eip155:1/erc20:0x1ce270557C1f68Cfb577b856766310Bf8B47FD9C", "A", 1, "0x1ce270557C1f68Cfb577b856766310Bf8B47FD9C", 18, ""); INSERT INTO common_asset_details(identifier, symbol, coingecko, cryptocompare, forked, started, swapped_for) VALUES("eip155:1/erc20:0x1ce270557C1f68Cfb577b856766310Bf8B47FD9C", "$MONG", "mongcoin", "MONG", NULL, NULL, NULL);
UPDATE common_asset_details SET cryptocompare = 'STATE' WHERE identifier = 'eip155:1/erc20:0x00C2999c8B2AdF4ABC835cc63209533973718eB1';
INSERT INTO assets(identifier, name, type) VALUES("eip155:1/erc20:0x00C2999c8B2AdF4ABC835cc63209533973718eB1", "New World Order", "C"); INSERT INTO evm_tokens(identifier, token_kind, chain, address, decimals, protocol) VALUES("eip155:1/erc20:0x00C2999c8B2AdF4ABC835cc63209533973718eB1", "A", 1, "0x00C2999c8B2AdF4ABC835cc63209533973718eB1", 18, ""); INSERT INTO common_asset_details(identifier, symbol, coingecko, cryptocompare, forked, started, swapped_for) VALUES("eip155:1/erc20:0x00C2999c8B2AdF4ABC835cc63209533973718eB1", "STATE", "new-world-order", "STATE", NULL, NULL, NULL);
UPDATE common_asset_details SET cryptocompare = 'OGN' WHERE identifier = 'eip155:1/erc20:0x8207c1FfC5B6804F6024322CcF34F29c3541Ae26';
INSERT INTO assets(identifier, name, type) VALUES("eip155:1/erc20:0x8207c1FfC5B6804F6024322CcF34F29c3541Ae26", "Origin Protocol", "C"); INSERT INTO evm_tokens(identifier, token_kind, chain, address, decimals, protocol) VALUES("eip155:1/erc20:0x8207c1FfC5B6804F6024322CcF34F29c3541Ae26", "A", 1, "0x8207c1FfC5B6804F6024322CcF34F29c3541Ae26", 18, ""); INSERT INTO common_asset_details(identifier, symbol, coingecko, cryptocompare, forked, started, swapped_for) VALUES("eip155:1/erc20:0x8207c1FfC5B6804F6024322CcF34F29c3541Ae26", "OGN", "origin-protocol", "OGN", NULL, 1538352000, NULL);
UPDATE common_asset_details SET cryptocompare = 'ATMI' WHERE identifier = 'eip155:1/erc20:0x97AEB5066E1A590e868b511457BEb6FE99d329F5';
INSERT INTO assets(identifier, name, type) VALUES("eip155:1/erc20:0x97AEB5066E1A590e868b511457BEb6FE99d329F5", "Atonomi", "C"); INSERT INTO evm_tokens(identifier, token_kind, chain, address, decimals, protocol) VALUES("eip155:1/erc20:0x97AEB5066E1A590e868b511457BEb6FE99d329F5", "A", 1, "0x97AEB5066E1A590e868b511457BEb6FE99d329F5", 18, ""); INSERT INTO common_asset_details(identifier, symbol, coingecko, cryptocompare, forked, started, swapped_for) VALUES("eip155:1/erc20:0x97AEB5066E1A590e868b511457BEb6FE99d329F5", "ATMI", "atonomi", "ATMI", NULL, 1527093185, NULL);
UPDATE common_asset_details SET cryptocompare = 'MAV' WHERE identifier = 'eip155:1/erc20:0x7448c7456a97769F6cD04F1E83A4a23cCdC46aBD';
INSERT INTO assets(identifier, name, type) VALUES("eip155:1/erc20:0x7448c7456a97769F6cD04F1E83A4a23cCdC46aBD", "Maverick Token", "C"); INSERT INTO evm_tokens(identifier, token_kind, chain, address, decimals, protocol) VALUES("eip155:1/erc20:0x7448c7456a97769F6cD04F1E83A4a23cCdC46aBD", "A", 1, "0x7448c7456a97769F6cD04F1E83A4a23cCdC46aBD", 18, ""); INSERT INTO common_asset_details(identifier, symbol, coingecko, cryptocompare, forked, started, swapped_for) VALUES("eip155:1/erc20:0x7448c7456a97769F6cD04F1E83A4a23cCdC46aBD", "MAV", "maverick-protocol", "MAV", NULL, 1686643043, NULL);
UPDATE common_asset_details SET cryptocompare = 'NEAR' WHERE identifier = 'NEAR';
INSERT INTO assets(identifier, name, type) VALUES("NEAR", "Near", "B"); INSERT INTO common_asset_details(identifier, symbol, coingecko, cryptocompare, forked, started, swapped_for) VALUES("NEAR", "NEAR", "near", "NEAR", NULL, 1602633600, NULL);
UPDATE common_asset_details SET cryptocompare = 'EBC' WHERE identifier = 'eip155:1/erc20:0x31f3D9D1BeCE0c033fF78fA6DA60a6048F3E13c5';
INSERT INTO assets(identifier, name, type) VALUES("eip155:1/erc20:0x31f3D9D1BeCE0c033fF78fA6DA60a6048F3E13c5", "EBCoin", "C"); INSERT INTO evm_tokens(identifier, token_kind, chain, address, decimals, protocol) VALUES("eip155:1/erc20:0x31f3D9D1BeCE0c033fF78fA6DA60a6048F3E13c5", "A", 1, "0x31f3D9D1BeCE0c033fF78fA6DA60a6048F3E13c5", 18, ""); INSERT INTO common_asset_details(identifier, symbol, coingecko, cryptocompare, forked, started, swapped_for) VALUES("eip155:1/erc20:0x31f3D9D1BeCE0c033fF78fA6DA60a6048F3E13c5", "EBC", "ebcoin", "EBC", NULL, 1516060800, NULL);
UPDATE common_asset_details SET cryptocompare = 'SUSD' WHERE identifier = 'eip155:1/erc20:0x57Ab1ec28D129707052df4dF418D58a2D46d5f51';
INSERT INTO assets(identifier, name, type) VALUES("eip155:1/erc20:0x57Ab1ec28D129707052df4dF418D58a2D46d5f51", "Synth sUSD", "C"); INSERT INTO evm_tokens(identifier, token_kind, chain, address, decimals, protocol) VALUES("eip155:1/erc20:0x57Ab1ec28D129707052df4dF418D58a2D46d5f51", "A", 1, "0x57Ab1ec28D129707052df4dF418D58a2D46d5f51", 18, ""); INSERT INTO common_asset_details(identifier, symbol, coingecko, cryptocompare, forked, started, swapped_for) VALUES("eip155:1/erc20:0x57Ab1ec28D129707052df4dF418D58a2D46d5f51", "sUSD", "nusd", "SUSD", NULL, 1569466541, NULL);
UPDATE common_asset_details SET cryptocompare = 'WGP' WHERE identifier = 'eip155:1/erc20:0xdD94842C15abfe4c9bAFE4222adE02896Beb064c';
INSERT INTO assets(identifier, name, type) VALUES("eip155:1/erc20:0xdD94842C15abfe4c9bAFE4222adE02896Beb064c", "W Green Pay", "C"); INSERT INTO evm_tokens(identifier, token_kind, chain, address, decimals, protocol) VALUES("eip155:1/erc20:0xdD94842C15abfe4c9bAFE4222adE02896Beb064c", "A", 1, "0xdD94842C15abfe4c9bAFE4222adE02896Beb064c", 18, ""); INSERT INTO common_asset_details(identifier, symbol, coingecko, cryptocompare, forked, started, swapped_for) VALUES("eip155:1/erc20:0xdD94842C15abfe4c9bAFE4222adE02896Beb064c", "WGP", "w-green-pay", "WGP", NULL, 1551830400, NULL);
UPDATE common_asset_details SET cryptocompare = 'FYP' WHERE identifier = 'eip155:1/erc20:0x8F0921f30555624143d427b340b1156914882C10';
INSERT INTO assets(identifier, name, type) VALUES("eip155:1/erc20:0x8F0921f30555624143d427b340b1156914882C10", "FlypMe", "C"); INSERT INTO evm_tokens(identifier, token_kind, chain, address, decimals, protocol) VALUES("eip155:1/erc20:0x8F0921f30555624143d427b340b1156914882C10", "A", 1, "0x8F0921f30555624143d427b340b1156914882C10", 18, ""); INSERT INTO common_asset_details(identifier, symbol, coingecko, cryptocompare, forked, started, swapped_for) VALUES("eip155:1/erc20:0x8F0921f30555624143d427b340b1156914882C10", "FYP", "flypme", "FYP", NULL, 1506977585, NULL);
UPDATE common_asset_details SET cryptocompare = 'SILO' WHERE identifier = 'eip155:1/erc20:0x6f80310CA7F2C654691D1383149Fa1A57d8AB1f8';
INSERT INTO assets(identifier, name, type) VALUES("eip155:1/erc20:0x6f80310CA7F2C654691D1383149Fa1A57d8AB1f8", "Silo Governance Token", "C"); INSERT INTO evm_tokens(identifier, token_kind, chain, address, decimals, protocol) VALUES("eip155:1/erc20:0x6f80310CA7F2C654691D1383149Fa1A57d8AB1f8", "A", 1, "0x6f80310CA7F2C654691D1383149Fa1A57d8AB1f8", 18, ""); INSERT INTO common_asset_details(identifier, symbol, coingecko, cryptocompare, forked, started, swapped_for) VALUES("eip155:1/erc20:0x6f80310CA7F2C654691D1383149Fa1A57d8AB1f8", "Silo", "silo-finance", "SILO", NULL, NULL, NULL);
UPDATE common_asset_details SET cryptocompare = 'DATX' WHERE identifier = 'eip155:1/erc20:0xaBbBB6447B68ffD6141DA77C18c7B5876eD6c5ab';
INSERT INTO assets(identifier, name, type) VALUES("eip155:1/erc20:0xaBbBB6447B68ffD6141DA77C18c7B5876eD6c5ab", "DATx", "C"); INSERT INTO evm_tokens(identifier, token_kind, chain, address, decimals, protocol) VALUES("eip155:1/erc20:0xaBbBB6447B68ffD6141DA77C18c7B5876eD6c5ab", "A", 1, "0xaBbBB6447B68ffD6141DA77C18c7B5876eD6c5ab", 18, ""); INSERT INTO common_asset_details(identifier, symbol, coingecko, cryptocompare, forked, started, swapped_for) VALUES("eip155:1/erc20:0xaBbBB6447B68ffD6141DA77C18c7B5876eD6c5ab", "DATX", "datx", "DATX", NULL, 1517657708, NULL);
UPDATE common_asset_details SET cryptocompare = 'BRG' WHERE identifier = 'eip155:56/erc20:0x6e4a971B81CA58045a2AA982EaA3d50C4Ac38F42';
INSERT INTO assets(identifier, name, type) VALUES("eip155:56/erc20:0x6e4a971B81CA58045a2AA982EaA3d50C4Ac38F42", "Bridge", "C"); INSERT INTO evm_tokens(identifier, token_kind, chain, address, decimals, protocol) VALUES("eip155:56/erc20:0x6e4a971B81CA58045a2AA982EaA3d50C4Ac38F42", "A", 56, "0x6e4a971B81CA58045a2AA982EaA3d50C4Ac38F42", 18, ""); INSERT INTO common_asset_details(identifier, symbol, coingecko, cryptocompare, forked, started, swapped_for) VALUES("eip155:56/erc20:0x6e4a971B81CA58045a2AA982EaA3d50C4Ac38F42", "BRG", "bridge-oracle", "BRG", NULL, 1645697840, NULL);
UPDATE common_asset_details SET cryptocompare = 'CL' WHERE identifier = 'eip155:1/erc20:0xe81D72D14B1516e68ac3190a46C93302Cc8eD60f';
INSERT INTO assets(identifier, name, type) VALUES("eip155:1/erc20:0xe81D72D14B1516e68ac3190a46C93302Cc8eD60f", "Coinlancer", "C"); INSERT INTO evm_tokens(identifier, token_kind, chain, address, decimals, protocol) VALUES("eip155:1/erc20:0xe81D72D14B1516e68ac3190a46C93302Cc8eD60f", "A", 1, "0xe81D72D14B1516e68ac3190a46C93302Cc8eD60f", 18, ""); INSERT INTO common_asset_details(identifier, symbol, coingecko, cryptocompare, forked, started, swapped_for) VALUES("eip155:1/erc20:0xe81D72D14B1516e68ac3190a46C93302Cc8eD60f", "CL", "coinlancer", "CL", NULL, 1506413116, NULL);
UPDATE common_asset_details SET cryptocompare = 'HMC' WHERE identifier = 'eip155:1/erc20:0xAa0bb10CEc1fa372eb3Abc17C933FC6ba863DD9E';
INSERT INTO assets(identifier, name, type) VALUES("eip155:1/erc20:0xAa0bb10CEc1fa372eb3Abc17C933FC6ba863DD9E", "Hi Mutual Society", "C"); INSERT INTO evm_tokens(identifier, token_kind, chain, address, decimals, protocol) VALUES("eip155:1/erc20:0xAa0bb10CEc1fa372eb3Abc17C933FC6ba863DD9E", "A", 1, "0xAa0bb10CEc1fa372eb3Abc17C933FC6ba863DD9E", 18, ""); INSERT INTO common_asset_details(identifier, symbol, coingecko, cryptocompare, forked, started, swapped_for) VALUES("eip155:1/erc20:0xAa0bb10CEc1fa372eb3Abc17C933FC6ba863DD9E", "HMC", "hi-mutual-society", "HMC", NULL, 1503964800, NULL);
UPDATE common_asset_details SET cryptocompare = 'QASH' WHERE identifier = 'eip155:1/erc20:0x618E75Ac90b12c6049Ba3b27f5d5F8651b0037F6';
INSERT INTO assets(identifier, name, type) VALUES("eip155:1/erc20:0x618E75Ac90b12c6049Ba3b27f5d5F8651b0037F6", "QASH", "C"); INSERT INTO evm_tokens(identifier, token_kind, chain, address, decimals, protocol) VALUES("eip155:1/erc20:0x618E75Ac90b12c6049Ba3b27f5d5F8651b0037F6", "A", 1, "0x618E75Ac90b12c6049Ba3b27f5d5F8651b0037F6", 6, ""); INSERT INTO common_asset_details(identifier, symbol, coingecko, cryptocompare, forked, started, swapped_for) VALUES("eip155:1/erc20:0x618E75Ac90b12c6049Ba3b27f5d5F8651b0037F6", "QASH", "qash", "QASH", NULL, 1506902400, NULL);
UPDATE common_asset_details SET cryptocompare = 'SNT' WHERE identifier = 'eip155:1/erc20:0x744d70FDBE2Ba4CF95131626614a1763DF805B9E';
INSERT INTO assets(identifier, name, type) VALUES("eip155:1/erc20:0x744d70FDBE2Ba4CF95131626614a1763DF805B9E", "Status Network Token", "C"); INSERT INTO evm_tokens(identifier, token_kind, chain, address, decimals, protocol) VALUES("eip155:1/erc20:0x744d70FDBE2Ba4CF95131626614a1763DF805B9E", "A", 1, "0x744d70FDBE2Ba4CF95131626614a1763DF805B9E", 18, ""); INSERT INTO common_asset_details(identifier, symbol, coingecko, cryptocompare, forked, started, swapped_for) VALUES("eip155:1/erc20:0x744d70FDBE2Ba4CF95131626614a1763DF805B9E", "SNT", "status", "SNT", NULL, 1497889273, NULL);
UPDATE common_asset_details SET cryptocompare = 'VIU' WHERE identifier = 'eip155:1/erc20:0x519475b31653E46D20cD09F9FdcF3B12BDAcB4f5';
INSERT INTO assets(identifier, name, type) VALUES("eip155:1/erc20:0x519475b31653E46D20cD09F9FdcF3B12BDAcB4f5", "VIU", "C"); INSERT INTO evm_tokens(identifier, token_kind, chain, address, decimals, protocol) VALUES("eip155:1/erc20:0x519475b31653E46D20cD09F9FdcF3B12BDAcB4f5", "A", 1, "0x519475b31653E46D20cD09F9FdcF3B12BDAcB4f5", 18, "spam"); INSERT INTO common_asset_details(identifier, symbol, coingecko, cryptocompare, forked, started, swapped_for) VALUES("eip155:1/erc20:0x519475b31653E46D20cD09F9FdcF3B12BDAcB4f5", "VIU", "", "VIU", NULL, NULL, NULL);
UPDATE common_asset_details SET cryptocompare = 'GNX' WHERE identifier = 'eip155:1/erc20:0x6EC8a24CaBdc339A06a172F8223ea557055aDAa5';
INSERT INTO assets(identifier, name, type) VALUES("eip155:1/erc20:0x6EC8a24CaBdc339A06a172F8223ea557055aDAa5", "Genaro Network", "C"); INSERT INTO evm_tokens(identifier, token_kind, chain, address, decimals, protocol) VALUES("eip155:1/erc20:0x6EC8a24CaBdc339A06a172F8223ea557055aDAa5", "A", 1, "0x6EC8a24CaBdc339A06a172F8223ea557055aDAa5", 9, ""); INSERT INTO common_asset_details(identifier, symbol, coingecko, cryptocompare, forked, started, swapped_for) VALUES("eip155:1/erc20:0x6EC8a24CaBdc339A06a172F8223ea557055aDAa5", "GNX", "genaro-network", "GNX", NULL, 1506528751, NULL);
UPDATE common_asset_details SET cryptocompare = 'UUU' WHERE identifier = 'eip155:1/erc20:0x3543638eD4a9006E4840B105944271Bcea15605D';
INSERT INTO assets(identifier, name, type) VALUES("eip155:1/erc20:0x3543638eD4a9006E4840B105944271Bcea15605D", "U Network", "C"); INSERT INTO evm_tokens(identifier, token_kind, chain, address, decimals, protocol) VALUES("eip155:1/erc20:0x3543638eD4a9006E4840B105944271Bcea15605D", "A", 1, "0x3543638eD4a9006E4840B105944271Bcea15605D", 18, ""); INSERT INTO common_asset_details(identifier, symbol, coingecko, cryptocompare, forked, started, swapped_for) VALUES("eip155:1/erc20:0x3543638eD4a9006E4840B105944271Bcea15605D", "UUU", "u-network", "UUU", NULL, 1518068353, NULL);
UPDATE common_asset_details SET cryptocompare = 'ICOS' WHERE identifier = 'eip155:1/erc20:0x014B50466590340D41307Cc54DCee990c8D58aa8';
INSERT INTO assets(identifier, name, type) VALUES("eip155:1/erc20:0x014B50466590340D41307Cc54DCee990c8D58aa8", "ICO box", "C"); INSERT INTO evm_tokens(identifier, token_kind, chain, address, decimals, protocol) VALUES("eip155:1/erc20:0x014B50466590340D41307Cc54DCee990c8D58aa8", "A", 1, "0x014B50466590340D41307Cc54DCee990c8D58aa8", 6, ""); INSERT INTO common_asset_details(identifier, symbol, coingecko, cryptocompare, forked, started, swapped_for) VALUES("eip155:1/erc20:0x014B50466590340D41307Cc54DCee990c8D58aa8", "ICOS", "icos", "ICOS", NULL, 1498867200, NULL);
UPDATE common_asset_details SET cryptocompare = 'ZIP' WHERE identifier = 'eip155:1/erc20:0xA9d2927d3a04309E008B6af6E2e282AE2952e7fD';
INSERT INTO assets(identifier, name, type) VALUES("eip155:1/erc20:0xA9d2927d3a04309E008B6af6E2e282AE2952e7fD", "Zipper", "C"); INSERT INTO evm_tokens(identifier, token_kind, chain, address, decimals, protocol) VALUES("eip155:1/erc20:0xA9d2927d3a04309E008B6af6E2e282AE2952e7fD", "A", 1, "0xA9d2927d3a04309E008B6af6E2e282AE2952e7fD", 18, ""); INSERT INTO common_asset_details(identifier, symbol, coingecko, cryptocompare, forked, started, swapped_for) VALUES("eip155:1/erc20:0xA9d2927d3a04309E008B6af6E2e282AE2952e7fD", "ZIP", "zip", "ZIP", NULL, 1517144782, NULL);
UPDATE common_asset_details SET cryptocompare = 'WOJAK' WHERE identifier = 'eip155:1/erc20:0x5026F006B85729a8b14553FAE6af249aD16c9aaB';
INSERT INTO assets(identifier, name, type) VALUES("eip155:1/erc20:0x5026F006B85729a8b14553FAE6af249aD16c9aaB", "Wojak Coin", "C"); INSERT INTO evm_tokens(identifier, token_kind, chain, address, decimals, protocol) VALUES("eip155:1/erc20:0x5026F006B85729a8b14553FAE6af249aD16c9aaB", "A", 1, "0x5026F006B85729a8b14553FAE6af249aD16c9aaB", 18, ""); INSERT INTO common_asset_details(identifier, symbol, coingecko, cryptocompare, forked, started, swapped_for) VALUES("eip155:1/erc20:0x5026F006B85729a8b14553FAE6af249aD16c9aaB", "WOJAK", "wojak", "WOJAK", NULL, 1681768883, NULL);
UPDATE common_asset_details SET cryptocompare = 'BTC2XFLI' WHERE identifier = 'eip155:1/erc20:0x0B498ff89709d3838a063f1dFA463091F9801c2b';
INSERT INTO assets(identifier, name, type) VALUES("eip155:1/erc20:0x0B498ff89709d3838a063f1dFA463091F9801c2b", "BTC 2x Flexible Leverage Index", "C"); INSERT INTO evm_tokens(identifier, token_kind, chain, address, decimals, protocol) VALUES("eip155:1/erc20:0x0B498ff89709d3838a063f1dFA463091F9801c2b", "A", 1, "0x0B498ff89709d3838a063f1dFA463091F9801c2b", 18, ""); INSERT INTO common_asset_details(identifier, symbol, coingecko, cryptocompare, forked, started, swapped_for) VALUES("eip155:1/erc20:0x0B498ff89709d3838a063f1dFA463091F9801c2b", "BTC2x-FLI", "btc-2x-flexible-leverage-index", "BTC2XFLI", NULL, 1620238070, NULL);
UPDATE common_asset_details SET cryptocompare = 'ICETH' WHERE identifier = 'eip155:1/erc20:0x7C07F7aBe10CE8e33DC6C5aD68FE033085256A84';
INSERT INTO assets(identifier, name, type) VALUES("eip155:1/erc20:0x7C07F7aBe10CE8e33DC6C5aD68FE033085256A84", "Interest Compounding ETH Index", "C"); INSERT INTO evm_tokens(identifier, token_kind, chain, address, decimals, protocol) VALUES("eip155:1/erc20:0x7C07F7aBe10CE8e33DC6C5aD68FE033085256A84", "A", 1, "0x7C07F7aBe10CE8e33DC6C5aD68FE033085256A84", 18, ""); INSERT INTO common_asset_details(identifier, symbol, coingecko, cryptocompare, forked, started, swapped_for) VALUES("eip155:1/erc20:0x7C07F7aBe10CE8e33DC6C5aD68FE033085256A84", "icETH", "interest-compounding-eth-index", "ICETH", NULL, 1647786207, NULL);
UPDATE common_asset_details SET cryptocompare = 'ARX' WHERE identifier = 'eip155:1/erc20:0x7d8DafF6d70CEAd12c6f077048552Cf89130A2B1';
INSERT INTO assets(identifier, name, type) VALUES("eip155:1/erc20:0x7d8DafF6d70CEAd12c6f077048552Cf89130A2B1", "ARCS", "C"); INSERT INTO evm_tokens(identifier, token_kind, chain, address, decimals, protocol) VALUES("eip155:1/erc20:0x7d8DafF6d70CEAd12c6f077048552Cf89130A2B1", "A", 1, "0x7d8DafF6d70CEAd12c6f077048552Cf89130A2B1", 18, ""); INSERT INTO common_asset_details(identifier, symbol, coingecko, cryptocompare, forked, started, swapped_for) VALUES("eip155:1/erc20:0x7d8DafF6d70CEAd12c6f077048552Cf89130A2B1", "ARX", "arcs", "ARX", NULL, 1603681955, NULL);
UPDATE common_asset_details SET cryptocompare = 'CCO' WHERE identifier = 'eip155:1/erc20:0x679BADc551626e01B23CeecEFBc9B877EA18fc46';
INSERT INTO assets(identifier, name, type) VALUES("eip155:1/erc20:0x679BADc551626e01B23CeecEFBc9B877EA18fc46", "Ccore", "C"); INSERT INTO evm_tokens(identifier, token_kind, chain, address, decimals, protocol) VALUES("eip155:1/erc20:0x679BADc551626e01B23CeecEFBc9B877EA18fc46", "A", 1, "0x679BADc551626e01B23CeecEFBc9B877EA18fc46", 18, ""); INSERT INTO common_asset_details(identifier, symbol, coingecko, cryptocompare, forked, started, swapped_for) VALUES("eip155:1/erc20:0x679BADc551626e01B23CeecEFBc9B877EA18fc46", "CCO", "ccore", "CCO", NULL, 1506816000, NULL);
UPDATE common_asset_details SET cryptocompare = 'VDG' WHERE identifier = 'eip155:1/erc20:0x57C75ECCc8557136D32619a191fBCDc88560d711';
INSERT INTO assets(identifier, name, type) VALUES("eip155:1/erc20:0x57C75ECCc8557136D32619a191fBCDc88560d711", "VeriDocGlobal", "C"); INSERT INTO evm_tokens(identifier, token_kind, chain, address, decimals, protocol) VALUES("eip155:1/erc20:0x57C75ECCc8557136D32619a191fBCDc88560d711", "A", 1, "0x57C75ECCc8557136D32619a191fBCDc88560d711", 0, ""); INSERT INTO common_asset_details(identifier, symbol, coingecko, cryptocompare, forked, started, swapped_for) VALUES("eip155:1/erc20:0x57C75ECCc8557136D32619a191fBCDc88560d711", "VDG", "veridocglobal", "VDG", NULL, 1523969334, NULL);
UPDATE common_asset_details SET cryptocompare = 'MPWR' WHERE identifier = 'eip155:1/erc20:0x6731827Cb6879a2091ce3ab3423f7bf20539b579';
INSERT INTO assets(identifier, name, type) VALUES("eip155:1/erc20:0x6731827Cb6879a2091ce3ab3423f7bf20539b579", "Empower Token", "C"); INSERT INTO evm_tokens(identifier, token_kind, chain, address, decimals, protocol) VALUES("eip155:1/erc20:0x6731827Cb6879a2091ce3ab3423f7bf20539b579", "A", 1, "0x6731827Cb6879a2091ce3ab3423f7bf20539b579", 18, ""); INSERT INTO common_asset_details(identifier, symbol, coingecko, cryptocompare, forked, started, swapped_for) VALUES("eip155:1/erc20:0x6731827Cb6879a2091ce3ab3423f7bf20539b579", "MPWR", "clubrare-empower", "MPWR", NULL, NULL, NULL);
UPDATE common_asset_details SET cryptocompare = 'TNT' WHERE identifier = 'eip155:1/erc20:0x08f5a9235B08173b7569F83645d2c7fB55e8cCD8';
INSERT INTO assets(identifier, name, type) VALUES("eip155:1/erc20:0x08f5a9235B08173b7569F83645d2c7fB55e8cCD8", "Tierion Network Token", "C"); INSERT INTO evm_tokens(identifier, token_kind, chain, address, decimals, protocol) VALUES("eip155:1/erc20:0x08f5a9235B08173b7569F83645d2c7fB55e8cCD8", "A", 1, "0x08f5a9235B08173b7569F83645d2c7fB55e8cCD8", 8, ""); INSERT INTO common_asset_details(identifier, symbol, coingecko, cryptocompare, forked, started, swapped_for) VALUES("eip155:1/erc20:0x08f5a9235B08173b7569F83645d2c7fB55e8cCD8", "TNT", "tierion", "TNT", NULL, 1503638643, NULL);
UPDATE common_asset_details SET cryptocompare = 'CCRB' WHERE identifier = 'eip155:1/erc20:0xE4c94d45f7Aef7018a5D66f44aF780ec6023378e';
INSERT INTO assets(identifier, name, type) VALUES("eip155:1/erc20:0xE4c94d45f7Aef7018a5D66f44aF780ec6023378e", "CryptoCarbon", "C"); INSERT INTO evm_tokens(identifier, token_kind, chain, address, decimals, protocol) VALUES("eip155:1/erc20:0xE4c94d45f7Aef7018a5D66f44aF780ec6023378e", "A", 1, "0xE4c94d45f7Aef7018a5D66f44aF780ec6023378e", 6, ""); INSERT INTO common_asset_details(identifier, symbol, coingecko, cryptocompare, forked, started, swapped_for) VALUES("eip155:1/erc20:0xE4c94d45f7Aef7018a5D66f44aF780ec6023378e", "CCRB", "cryptocarbon", "CCRB", NULL, 1471001504, NULL);
UPDATE common_asset_details SET cryptocompare = 'NOAH' WHERE identifier = 'eip155:1/erc20:0x58a4884182d9E835597f405e5F258290E46ae7C2';
INSERT INTO assets(identifier, name, type) VALUES("eip155:1/erc20:0x58a4884182d9E835597f405e5F258290E46ae7C2", "Noah Coin", "C"); INSERT INTO evm_tokens(identifier, token_kind, chain, address, decimals, protocol) VALUES("eip155:1/erc20:0x58a4884182d9E835597f405e5F258290E46ae7C2", "A", 1, "0x58a4884182d9E835597f405e5F258290E46ae7C2", 18, ""); INSERT INTO common_asset_details(identifier, symbol, coingecko, cryptocompare, forked, started, swapped_for) VALUES("eip155:1/erc20:0x58a4884182d9E835597f405e5F258290E46ae7C2", "NOAH", "noah-coin", "NOAH", NULL, 1508500309, NULL);
UPDATE common_asset_details SET cryptocompare = 'OKB' WHERE identifier = 'eip155:1/erc20:0x75231F58b43240C9718Dd58B4967c5114342a86c';
INSERT INTO assets(identifier, name, type) VALUES("eip155:1/erc20:0x75231F58b43240C9718Dd58B4967c5114342a86c", "OKB", "C"); INSERT INTO evm_tokens(identifier, token_kind, chain, address, decimals, protocol) VALUES("eip155:1/erc20:0x75231F58b43240C9718Dd58B4967c5114342a86c", "A", 1, "0x75231F58b43240C9718Dd58B4967c5114342a86c", 18, ""); INSERT INTO common_asset_details(identifier, symbol, coingecko, cryptocompare, forked, started, swapped_for) VALUES("eip155:1/erc20:0x75231F58b43240C9718Dd58B4967c5114342a86c", "OKB", "okb", "OKB", NULL, 1556264879, NULL);
UPDATE common_asset_details SET cryptocompare = 'OWNDATA' WHERE identifier = 'eip155:1/erc20:0x170b275CEd089FffAEBFe927F445a350ED9160DC';
INSERT INTO assets(identifier, name, type) VALUES("eip155:1/erc20:0x170b275CEd089FffAEBFe927F445a350ED9160DC", "OWNDATA", "C"); INSERT INTO evm_tokens(identifier, token_kind, chain, address, decimals, protocol) VALUES("eip155:1/erc20:0x170b275CEd089FffAEBFe927F445a350ED9160DC", "A", 1, "0x170b275CEd089FffAEBFe927F445a350ED9160DC", 8, ""); INSERT INTO common_asset_details(identifier, symbol, coingecko, cryptocompare, forked, started, swapped_for) VALUES("eip155:1/erc20:0x170b275CEd089FffAEBFe927F445a350ED9160DC", "OWN", "own-token", "OWNDATA", NULL, 1528538549, NULL);
UPDATE common_asset_details SET cryptocompare = 'EURC' WHERE identifier = 'eip155:1/erc20:0x1aBaEA1f7C830bD89Acc67eC4af516284b1bC33c';
INSERT INTO assets(identifier, name, type) VALUES("eip155:1/erc20:0x1aBaEA1f7C830bD89Acc67eC4af516284b1bC33c", "Euro Coin", "C"); INSERT INTO evm_tokens(identifier, token_kind, chain, address, decimals, protocol) VALUES("eip155:1/erc20:0x1aBaEA1f7C830bD89Acc67eC4af516284b1bC33c", "A", 1, "0x1aBaEA1f7C830bD89Acc67eC4af516284b1bC33c", 6, ""); INSERT INTO common_asset_details(identifier, symbol, coingecko, cryptocompare, forked, started, swapped_for) VALUES("eip155:1/erc20:0x1aBaEA1f7C830bD89Acc67eC4af516284b1bC33c", "EUROC", "euro-coin", "EURC", NULL, 1652995438, NULL);
UPDATE common_asset_details SET cryptocompare = 'JARED' WHERE identifier = 'eip155:1/erc20:0x36880f14AF2e85Cae8E467827FA077D6BF12ea56';
INSERT INTO assets(identifier, name, type) VALUES("eip155:1/erc20:0x36880f14AF2e85Cae8E467827FA077D6BF12ea56", "Jared From Subway", "C"); INSERT INTO evm_tokens(identifier, token_kind, chain, address, decimals, protocol) VALUES("eip155:1/erc20:0x36880f14AF2e85Cae8E467827FA077D6BF12ea56", "A", 1, "0x36880f14AF2e85Cae8E467827FA077D6BF12ea56", 18, ""); INSERT INTO common_asset_details(identifier, symbol, coingecko, cryptocompare, forked, started, swapped_for) VALUES("eip155:1/erc20:0x36880f14AF2e85Cae8E467827FA077D6BF12ea56", "JARED", "jared-from-subway", "JARED", NULL, 1687705523, NULL);
UPDATE common_asset_details SET cryptocompare = 'CCCX' WHERE identifier = 'eip155:1/erc20:0x378903a03FB2C3AC76BB52773e3CE11340377A32';
INSERT INTO assets(identifier, name, type) VALUES("eip155:1/erc20:0x378903a03FB2C3AC76BB52773e3CE11340377A32", "Clipper Coin", "C"); INSERT INTO evm_tokens(identifier, token_kind, chain, address, decimals, protocol) VALUES("eip155:1/erc20:0x378903a03FB2C3AC76BB52773e3CE11340377A32", "A", 1, "0x378903a03FB2C3AC76BB52773e3CE11340377A32", 18, ""); INSERT INTO common_asset_details(identifier, symbol, coingecko, cryptocompare, forked, started, swapped_for) VALUES("eip155:1/erc20:0x378903a03FB2C3AC76BB52773e3CE11340377A32", "CCCX", "", "CCCX", NULL, 1524737013, NULL);
UPDATE common_asset_details SET cryptocompare = 'DORAV1' WHERE identifier = 'eip155:1/erc20:0xbc4171f45EF0EF66E76F979dF021a34B46DCc81d';
INSERT INTO assets(identifier, name, type) VALUES("eip155:1/erc20:0xbc4171f45EF0EF66E76F979dF021a34B46DCc81d", "Dorayaki", "C"); INSERT INTO evm_tokens(identifier, token_kind, chain, address, decimals, protocol) VALUES("eip155:1/erc20:0xbc4171f45EF0EF66E76F979dF021a34B46DCc81d", "A", 1, "0xbc4171f45EF0EF66E76F979dF021a34B46DCc81d", 18, ""); INSERT INTO common_asset_details(identifier, symbol, coingecko, cryptocompare, forked, started, swapped_for) VALUES("eip155:1/erc20:0xbc4171f45EF0EF66E76F979dF021a34B46DCc81d", "DORA", "dora-factory", "DORAV1", NULL, 1616166848, NULL);
UPDATE common_asset_details SET cryptocompare = 'DTX' WHERE identifier = 'eip155:1/erc20:0x765f0C16D1Ddc279295c1a7C24B0883F62d33F75';
INSERT INTO assets(identifier, name, type) VALUES("eip155:1/erc20:0x765f0C16D1Ddc279295c1a7C24B0883F62d33F75", "DaTa eXchange", "C"); INSERT INTO evm_tokens(identifier, token_kind, chain, address, decimals, protocol) VALUES("eip155:1/erc20:0x765f0C16D1Ddc279295c1a7C24B0883F62d33F75", "A", 1, "0x765f0C16D1Ddc279295c1a7C24B0883F62d33F75", 18, ""); INSERT INTO common_asset_details(identifier, symbol, coingecko, cryptocompare, forked, started, swapped_for) VALUES("eip155:1/erc20:0x765f0C16D1Ddc279295c1a7C24B0883F62d33F75", "DTX", "databroker-dao", "DTX", NULL, 1521331200, NULL);
UPDATE common_asset_details SET cryptocompare = 'IQN' WHERE identifier = 'eip155:1/erc20:0x0DB8D8b76BC361bAcbB72E2C491E06085A97Ab31';
INSERT INTO assets(identifier, name, type) VALUES("eip155:1/erc20:0x0DB8D8b76BC361bAcbB72E2C491E06085A97Ab31", "IQeon", "C"); INSERT INTO evm_tokens(identifier, token_kind, chain, address, decimals, protocol) VALUES("eip155:1/erc20:0x0DB8D8b76BC361bAcbB72E2C491E06085A97Ab31", "A", 1, "0x0DB8D8b76BC361bAcbB72E2C491E06085A97Ab31", 18, ""); INSERT INTO common_asset_details(identifier, symbol, coingecko, cryptocompare, forked, started, swapped_for) VALUES("eip155:1/erc20:0x0DB8D8b76BC361bAcbB72E2C491E06085A97Ab31", "IQN", "iqeon", "IQN", NULL, 1513412375, NULL);
UPDATE common_asset_details SET cryptocompare = 'HASHAI' WHERE identifier = 'eip155:1/erc20:0x292fcDD1B104DE5A00250fEBbA9bC6A5092A0076';
INSERT INTO assets(identifier, name, type) VALUES("eip155:1/erc20:0x292fcDD1B104DE5A00250fEBbA9bC6A5092A0076", "HashAI", "C"); INSERT INTO evm_tokens(identifier, token_kind, chain, address, decimals, protocol) VALUES("eip155:1/erc20:0x292fcDD1B104DE5A00250fEBbA9bC6A5092A0076", "A", 1, "0x292fcDD1B104DE5A00250fEBbA9bC6A5092A0076", 18, ""); INSERT INTO common_asset_details(identifier, symbol, coingecko, cryptocompare, forked, started, swapped_for) VALUES("eip155:1/erc20:0x292fcDD1B104DE5A00250fEBbA9bC6A5092A0076", "HashAI", "hashai", "HASHAI", NULL, 1712078243, NULL);
UPDATE common_asset_details SET cryptocompare = 'BORA' WHERE identifier = 'eip155:1/erc20:0x26fb86579e371c7AEdc461b2DdEF0A8628c93d3B';
INSERT INTO assets(identifier, name, type) VALUES("eip155:1/erc20:0x26fb86579e371c7AEdc461b2DdEF0A8628c93d3B", "BORA", "C"); INSERT INTO evm_tokens(identifier, token_kind, chain, address, decimals, protocol) VALUES("eip155:1/erc20:0x26fb86579e371c7AEdc461b2DdEF0A8628c93d3B", "A", 1, "0x26fb86579e371c7AEdc461b2DdEF0A8628c93d3B", 18, ""); INSERT INTO common_asset_details(identifier, symbol, coingecko, cryptocompare, forked, started, swapped_for) VALUES("eip155:1/erc20:0x26fb86579e371c7AEdc461b2DdEF0A8628c93d3B", "BORA", "bora", "BORA", NULL, 1530489600, NULL);
UPDATE common_asset_details SET cryptocompare = 'GXE' WHERE identifier = 'eip155:56/erc20:0x510975edA48A97E0cA228dD04d1217292487bea6';
INSERT INTO assets(identifier, name, type) VALUES("eip155:56/erc20:0x510975edA48A97E0cA228dD04d1217292487bea6", "XENO Governance Token", "C"); INSERT INTO evm_tokens(identifier, token_kind, chain, address, decimals, protocol) VALUES("eip155:56/erc20:0x510975edA48A97E0cA228dD04d1217292487bea6", "A", 56, "0x510975edA48A97E0cA228dD04d1217292487bea6", 18, ""); INSERT INTO common_asset_details(identifier, symbol, coingecko, cryptocompare, forked, started, swapped_for) VALUES("eip155:56/erc20:0x510975edA48A97E0cA228dD04d1217292487bea6", "GXE", "project-xeno", "GXE", NULL, 1664355147, NULL);
UPDATE common_asset_details SET cryptocompare = 'PGT' WHERE identifier = 'eip155:1/erc20:0xeaccb6E0f24d66cF4Aa6cBDa33971b9231d332a1';
INSERT INTO assets(identifier, name, type) VALUES("eip155:1/erc20:0xeaccb6E0f24d66cF4Aa6cBDa33971b9231d332a1", "Polyient Games Governance Token", "C"); INSERT INTO evm_tokens(identifier, token_kind, chain, address, decimals, protocol) VALUES("eip155:1/erc20:0xeaccb6E0f24d66cF4Aa6cBDa33971b9231d332a1", "A", 1, "0xeaccb6E0f24d66cF4Aa6cBDa33971b9231d332a1", 18, ""); INSERT INTO common_asset_details(identifier, symbol, coingecko, cryptocompare, forked, started, swapped_for) VALUES("eip155:1/erc20:0xeaccb6E0f24d66cF4Aa6cBDa33971b9231d332a1", "PGT", "polyient-games-governance-token", "PGT", NULL, 1601873708, NULL);
UPDATE common_asset_details SET cryptocompare = 'SONNE' WHERE identifier = 'eip155:10/erc20:0x1DB2466d9F5e10D7090E7152B68d62703a2245F0';
INSERT INTO assets(identifier, name, type) VALUES("eip155:10/erc20:0x1DB2466d9F5e10D7090E7152B68d62703a2245F0", "Sonne", "C"); INSERT INTO evm_tokens(identifier, token_kind, chain, address, decimals, protocol) VALUES("eip155:10/erc20:0x1DB2466d9F5e10D7090E7152B68d62703a2245F0", "A", 10, "0x1DB2466d9F5e10D7090E7152B68d62703a2245F0", 18, ""); INSERT INTO common_asset_details(identifier, symbol, coingecko, cryptocompare, forked, started, swapped_for) VALUES("eip155:10/erc20:0x1DB2466d9F5e10D7090E7152B68d62703a2245F0", "SONNE", "", "SONNE", NULL, 1716205507, NULL);
UPDATE common_asset_details SET cryptocompare = 'TRAC' WHERE identifier = 'eip155:1/erc20:0xaA7a9CA87d3694B5755f213B5D04094b8d0F0A6F';
INSERT INTO assets(identifier, name, type) VALUES("eip155:1/erc20:0xaA7a9CA87d3694B5755f213B5D04094b8d0F0A6F", "OriginTrail", "C"); INSERT INTO evm_tokens(identifier, token_kind, chain, address, decimals, protocol) VALUES("eip155:1/erc20:0xaA7a9CA87d3694B5755f213B5D04094b8d0F0A6F", "A", 1, "0xaA7a9CA87d3694B5755f213B5D04094b8d0F0A6F", 18, ""); INSERT INTO common_asset_details(identifier, symbol, coingecko, cryptocompare, forked, started, swapped_for) VALUES("eip155:1/erc20:0xaA7a9CA87d3694B5755f213B5D04094b8d0F0A6F", "TRAC", "origintrail", "TRAC", NULL, 1511222400, NULL);
UPDATE common_asset_details SET cryptocompare = 'RNT' WHERE identifier = 'eip155:1/erc20:0xFF603F43946A3A28DF5E6A73172555D8C8b02386';
INSERT INTO assets(identifier, name, type) VALUES("eip155:1/erc20:0xFF603F43946A3A28DF5E6A73172555D8C8b02386", "OneRoot Network", "C"); INSERT INTO evm_tokens(identifier, token_kind, chain, address, decimals, protocol) VALUES("eip155:1/erc20:0xFF603F43946A3A28DF5E6A73172555D8C8b02386", "A", 1, "0xFF603F43946A3A28DF5E6A73172555D8C8b02386", 18, ""); INSERT INTO common_asset_details(identifier, symbol, coingecko, cryptocompare, forked, started, swapped_for) VALUES("eip155:1/erc20:0xFF603F43946A3A28DF5E6A73172555D8C8b02386", "RNT", "oneroot-network", "RNT", NULL, 1511886091, NULL);
UPDATE common_asset_details SET cryptocompare = 'TAAS' WHERE identifier = 'eip155:1/erc20:0xE7775A6e9Bcf904eb39DA2b68c5efb4F9360e08C';
INSERT INTO assets(identifier, name, type) VALUES("eip155:1/erc20:0xE7775A6e9Bcf904eb39DA2b68c5efb4F9360e08C", "Token As A Service", "C"); INSERT INTO evm_tokens(identifier, token_kind, chain, address, decimals, protocol) VALUES("eip155:1/erc20:0xE7775A6e9Bcf904eb39DA2b68c5efb4F9360e08C", "A", 1, "0xE7775A6e9Bcf904eb39DA2b68c5efb4F9360e08C", 6, ""); INSERT INTO common_asset_details(identifier, symbol, coingecko, cryptocompare, forked, started, swapped_for) VALUES("eip155:1/erc20:0xE7775A6e9Bcf904eb39DA2b68c5efb4F9360e08C", "TAAS", "taas", "TAAS", NULL, 1485993600, NULL);
UPDATE common_asset_details SET cryptocompare = 'TRIBE' WHERE identifier = 'eip155:1/erc20:0xc7283b66Eb1EB5FB86327f08e1B5816b0720212B';
INSERT INTO assets(identifier, name, type) VALUES("eip155:1/erc20:0xc7283b66Eb1EB5FB86327f08e1B5816b0720212B", "Tribe", "C"); INSERT INTO evm_tokens(identifier, token_kind, chain, address, decimals, protocol) VALUES("eip155:1/erc20:0xc7283b66Eb1EB5FB86327f08e1B5816b0720212B", "A", 1, "0xc7283b66Eb1EB5FB86327f08e1B5816b0720212B", 18, ""); INSERT INTO common_asset_details(identifier, symbol, coingecko, cryptocompare, forked, started, swapped_for) VALUES("eip155:1/erc20:0xc7283b66Eb1EB5FB86327f08e1B5816b0720212B", "TRIBE", "tribe-2", "TRIBE", NULL, 1616909037, NULL);
UPDATE common_asset_details SET cryptocompare = 'RARE' WHERE identifier = 'eip155:1/erc20:0xba5BDe662c17e2aDFF1075610382B9B691296350';
INSERT INTO assets(identifier, name, type) VALUES("eip155:1/erc20:0xba5BDe662c17e2aDFF1075610382B9B691296350", "SuperRare", "C"); INSERT INTO evm_tokens(identifier, token_kind, chain, address, decimals, protocol) VALUES("eip155:1/erc20:0xba5BDe662c17e2aDFF1075610382B9B691296350", "A", 1, "0xba5BDe662c17e2aDFF1075610382B9B691296350", 18, ""); INSERT INTO common_asset_details(identifier, symbol, coingecko, cryptocompare, forked, started, swapped_for) VALUES("eip155:1/erc20:0xba5BDe662c17e2aDFF1075610382B9B691296350", "RARE", "superrare", "RARE", NULL, 1627249059, NULL);
UPDATE common_asset_details SET cryptocompare = 'DRT' WHERE identifier = 'eip155:1/erc20:0x9AF4f26941677C706cfEcf6D3379FF01bB85D5Ab';
INSERT INTO assets(identifier, name, type) VALUES("eip155:1/erc20:0x9AF4f26941677C706cfEcf6D3379FF01bB85D5Ab", "DomRaider", "C"); INSERT INTO evm_tokens(identifier, token_kind, chain, address, decimals, protocol) VALUES("eip155:1/erc20:0x9AF4f26941677C706cfEcf6D3379FF01bB85D5Ab", "A", 1, "0x9AF4f26941677C706cfEcf6D3379FF01bB85D5Ab", 8, ""); INSERT INTO common_asset_details(identifier, symbol, coingecko, cryptocompare, forked, started, swapped_for) VALUES("eip155:1/erc20:0x9AF4f26941677C706cfEcf6D3379FF01bB85D5Ab", "DRT", "domraider", "DRT", NULL, 1503964800, NULL);
UPDATE common_asset_details SET cryptocompare = 'EVX' WHERE identifier = 'eip155:1/erc20:0xf3Db5Fa2C66B7aF3Eb0C0b782510816cbe4813b8';
INSERT INTO assets(identifier, name, type) VALUES("eip155:1/erc20:0xf3Db5Fa2C66B7aF3Eb0C0b782510816cbe4813b8", "Everex", "C"); INSERT INTO evm_tokens(identifier, token_kind, chain, address, decimals, protocol) VALUES("eip155:1/erc20:0xf3Db5Fa2C66B7aF3Eb0C0b782510816cbe4813b8", "A", 1, "0xf3Db5Fa2C66B7aF3Eb0C0b782510816cbe4813b8", 4, ""); INSERT INTO common_asset_details(identifier, symbol, coingecko, cryptocompare, forked, started, swapped_for) VALUES("eip155:1/erc20:0xf3Db5Fa2C66B7aF3Eb0C0b782510816cbe4813b8", "EVX", "everex", "EVX", NULL, 1500854400, NULL);
UPDATE common_asset_details SET cryptocompare = 'POLS' WHERE identifier = 'eip155:1/erc20:0x83e6f1E41cdd28eAcEB20Cb649155049Fac3D5Aa';
INSERT INTO assets(identifier, name, type) VALUES("eip155:1/erc20:0x83e6f1E41cdd28eAcEB20Cb649155049Fac3D5Aa", "PolkastarterToken", "C"); INSERT INTO evm_tokens(identifier, token_kind, chain, address, decimals, protocol) VALUES("eip155:1/erc20:0x83e6f1E41cdd28eAcEB20Cb649155049Fac3D5Aa", "A", 1, "0x83e6f1E41cdd28eAcEB20Cb649155049Fac3D5Aa", 18, ""); INSERT INTO common_asset_details(identifier, symbol, coingecko, cryptocompare, forked, started, swapped_for) VALUES("eip155:1/erc20:0x83e6f1E41cdd28eAcEB20Cb649155049Fac3D5Aa", "POLS", "polkastarter", "POLS", NULL, 1601333180, NULL);
UPDATE common_asset_details SET cryptocompare = 'AVIVE' WHERE identifier = 'eip155:42161/erc20:0x5117f4Ad0bc70Dbb3B05bF39A1EC1Ee40DD67654';
INSERT INTO assets(identifier, name, type) VALUES("eip155:42161/erc20:0x5117f4Ad0bc70Dbb3B05bF39A1EC1Ee40DD67654", "Avive", "C"); INSERT INTO evm_tokens(identifier, token_kind, chain, address, decimals, protocol) VALUES("eip155:42161/erc20:0x5117f4Ad0bc70Dbb3B05bF39A1EC1Ee40DD67654", "A", 42161, "0x5117f4Ad0bc70Dbb3B05bF39A1EC1Ee40DD67654", 18, ""); INSERT INTO common_asset_details(identifier, symbol, coingecko, cryptocompare, forked, started, swapped_for) VALUES("eip155:42161/erc20:0x5117f4Ad0bc70Dbb3B05bF39A1EC1Ee40DD67654", "Avive", "avive", "AVIVE", NULL, 1702436459, NULL);
UPDATE common_asset_details SET cryptocompare = 'SQUAD' WHERE identifier = 'eip155:56/erc20:0x724A32dFFF9769A0a0e1F0515c0012d1fB14c3bd';
INSERT INTO assets(identifier, name, type) VALUES("eip155:56/erc20:0x724A32dFFF9769A0a0e1F0515c0012d1fB14c3bd", "SQUAD", "C"); INSERT INTO evm_tokens(identifier, token_kind, chain, address, decimals, protocol) VALUES("eip155:56/erc20:0x724A32dFFF9769A0a0e1F0515c0012d1fB14c3bd", "A", 56, "0x724A32dFFF9769A0a0e1F0515c0012d1fB14c3bd", 18, ""); INSERT INTO common_asset_details(identifier, symbol, coingecko, cryptocompare, forked, started, swapped_for) VALUES("eip155:56/erc20:0x724A32dFFF9769A0a0e1F0515c0012d1fB14c3bd", "SQUAD", "squad", "SQUAD", NULL, 1670576731, NULL);
UPDATE common_asset_details SET cryptocompare = 'VIEW' WHERE identifier = 'eip155:1/erc20:0xF03f8D65BaFA598611C3495124093c56e8F638f0';
INSERT INTO assets(identifier, name, type) VALUES("eip155:1/erc20:0xF03f8D65BaFA598611C3495124093c56e8F638f0", "View", "C"); INSERT INTO evm_tokens(identifier, token_kind, chain, address, decimals, protocol) VALUES("eip155:1/erc20:0xF03f8D65BaFA598611C3495124093c56e8F638f0", "A", 1, "0xF03f8D65BaFA598611C3495124093c56e8F638f0", 18, ""); INSERT INTO common_asset_details(identifier, symbol, coingecko, cryptocompare, forked, started, swapped_for) VALUES("eip155:1/erc20:0xF03f8D65BaFA598611C3495124093c56e8F638f0", "VIEW", "viewly", "VIEW", NULL, 1504742400, NULL);
UPDATE common_asset_details SET cryptocompare = 'XUC' WHERE identifier = 'eip155:1/erc20:0xc324a2f6b05880503444451B8b27e6f9e63287Cb';
INSERT INTO assets(identifier, name, type) VALUES("eip155:1/erc20:0xc324a2f6b05880503444451B8b27e6f9e63287Cb", "Exchange Union", "C"); INSERT INTO evm_tokens(identifier, token_kind, chain, address, decimals, protocol) VALUES("eip155:1/erc20:0xc324a2f6b05880503444451B8b27e6f9e63287Cb", "A", 1, "0xc324a2f6b05880503444451B8b27e6f9e63287Cb", 18, ""); INSERT INTO common_asset_details(identifier, symbol, coingecko, cryptocompare, forked, started, swapped_for) VALUES("eip155:1/erc20:0xc324a2f6b05880503444451B8b27e6f9e63287Cb", "XUC", "exchange-union", "XUC", NULL, 1502428013, NULL);
UPDATE common_asset_details SET cryptocompare = 'MNTP' WHERE identifier = 'eip155:1/erc20:0x83cee9e086A77e492eE0bB93C2B0437aD6fdECCc';
INSERT INTO assets(identifier, name, type) VALUES("eip155:1/erc20:0x83cee9e086A77e492eE0bB93C2B0437aD6fdECCc", "GoldMint", "C"); INSERT INTO evm_tokens(identifier, token_kind, chain, address, decimals, protocol) VALUES("eip155:1/erc20:0x83cee9e086A77e492eE0bB93C2B0437aD6fdECCc", "A", 1, "0x83cee9e086A77e492eE0bB93C2B0437aD6fdECCc", 18, ""); INSERT INTO common_asset_details(identifier, symbol, coingecko, cryptocompare, forked, started, swapped_for) VALUES("eip155:1/erc20:0x83cee9e086A77e492eE0bB93C2B0437aD6fdECCc", "MNTP", "goldmint", "MNTP", NULL, 1502755200, NULL);
UPDATE common_asset_details SET cryptocompare = 'YAM' WHERE identifier = 'eip155:1/erc20:0x0AaCfbeC6a24756c20D41914F2caba817C0d8521';
INSERT INTO assets(identifier, name, type) VALUES("eip155:1/erc20:0x0AaCfbeC6a24756c20D41914F2caba817C0d8521", "YAMv3", "C"); INSERT INTO evm_tokens(identifier, token_kind, chain, address, decimals, protocol) VALUES("eip155:1/erc20:0x0AaCfbeC6a24756c20D41914F2caba817C0d8521", "A", 1, "0x0AaCfbeC6a24756c20D41914F2caba817C0d8521", 18, ""); INSERT INTO common_asset_details(identifier, symbol, coingecko, cryptocompare, forked, started, swapped_for) VALUES("eip155:1/erc20:0x0AaCfbeC6a24756c20D41914F2caba817C0d8521", "YAM", "yam-2", "YAM", NULL, 1597121253, NULL);
UPDATE common_asset_details SET cryptocompare = 'DOT' WHERE identifier = 'DOT';
INSERT INTO assets(identifier, name, type) VALUES("DOT", "Polkadot", "B"); INSERT INTO common_asset_details(identifier, symbol, coingecko, cryptocompare, forked, started, swapped_for) VALUES("DOT", "DOT", "polkadot", "DOT", NULL, 1590451200, NULL);
UPDATE common_asset_details SET cryptocompare = 'RENTBE' WHERE identifier = 'eip155:1/erc20:0x6aEB95F06CDA84cA345c2dE0F3B7f96923a44f4c';
INSERT INTO assets(identifier, name, type) VALUES("eip155:1/erc20:0x6aEB95F06CDA84cA345c2dE0F3B7f96923a44f4c", "Rentberry", "C"); INSERT INTO evm_tokens(identifier, token_kind, chain, address, decimals, protocol) VALUES("eip155:1/erc20:0x6aEB95F06CDA84cA345c2dE0F3B7f96923a44f4c", "A", 1, "0x6aEB95F06CDA84cA345c2dE0F3B7f96923a44f4c", 14, ""); INSERT INTO common_asset_details(identifier, symbol, coingecko, cryptocompare, forked, started, swapped_for) VALUES("eip155:1/erc20:0x6aEB95F06CDA84cA345c2dE0F3B7f96923a44f4c", "BERRY", "rentberry", "RENTBE", NULL, 1519776000, NULL);
UPDATE common_asset_details SET cryptocompare = 'DODO' WHERE identifier = 'eip155:1/erc20:0x43Dfc4159D86F3A37A5A4B3D4580b888ad7d4DDd';
INSERT INTO assets(identifier, name, type) VALUES("eip155:1/erc20:0x43Dfc4159D86F3A37A5A4B3D4580b888ad7d4DDd", "DODO bird", "C"); INSERT INTO evm_tokens(identifier, token_kind, chain, address, decimals, protocol) VALUES("eip155:1/erc20:0x43Dfc4159D86F3A37A5A4B3D4580b888ad7d4DDd", "A", 1, "0x43Dfc4159D86F3A37A5A4B3D4580b888ad7d4DDd", 18, ""); INSERT INTO common_asset_details(identifier, symbol, coingecko, cryptocompare, forked, started, swapped_for) VALUES("eip155:1/erc20:0x43Dfc4159D86F3A37A5A4B3D4580b888ad7d4DDd", "DODO", "dodo", "DODO", NULL, 1601377130, NULL);
UPDATE common_asset_details SET cryptocompare = 'DROPS' WHERE identifier = 'eip155:1/erc20:0x6bB61215298F296C55b19Ad842D3Df69021DA2ef';
INSERT INTO assets(identifier, name, type) VALUES("eip155:1/erc20:0x6bB61215298F296C55b19Ad842D3Df69021DA2ef", "Drops Ownership Power", "C"); INSERT INTO evm_tokens(identifier, token_kind, chain, address, decimals, protocol) VALUES("eip155:1/erc20:0x6bB61215298F296C55b19Ad842D3Df69021DA2ef", "A", 1, "0x6bB61215298F296C55b19Ad842D3Df69021DA2ef", 18, ""); INSERT INTO common_asset_details(identifier, symbol, coingecko, cryptocompare, forked, started, swapped_for) VALUES("eip155:1/erc20:0x6bB61215298F296C55b19Ad842D3Df69021DA2ef", "DOP", "", "DROPS", NULL, NULL, NULL);
UPDATE common_asset_details SET cryptocompare = 'ADDY' WHERE identifier = 'eip155:137/erc20:0xc3FdbadC7c795EF1D6Ba111e06fF8F16A20Ea539';
INSERT INTO assets(identifier, name, type) VALUES("eip155:137/erc20:0xc3FdbadC7c795EF1D6Ba111e06fF8F16A20Ea539", "Adamant", "C"); INSERT INTO evm_tokens(identifier, token_kind, chain, address, decimals, protocol) VALUES("eip155:137/erc20:0xc3FdbadC7c795EF1D6Ba111e06fF8F16A20Ea539", "A", 137, "0xc3FdbadC7c795EF1D6Ba111e06fF8F16A20Ea539", 18, ""); INSERT INTO common_asset_details(identifier, symbol, coingecko, cryptocompare, forked, started, swapped_for) VALUES("eip155:137/erc20:0xc3FdbadC7c795EF1D6Ba111e06fF8F16A20Ea539", "ADDY", "", "ADDY", NULL, NULL, NULL);
UPDATE common_asset_details SET cryptocompare = 'BOUTS' WHERE identifier = 'eip155:1/erc20:0x139d9397274bb9E2C29A9aa8Aa0b5874d30D62E3';
INSERT INTO assets(identifier, name, type) VALUES("eip155:1/erc20:0x139d9397274bb9E2C29A9aa8Aa0b5874d30D62E3", "BoutsPro", "C"); INSERT INTO evm_tokens(identifier, token_kind, chain, address, decimals, protocol) VALUES("eip155:1/erc20:0x139d9397274bb9E2C29A9aa8Aa0b5874d30D62E3", "A", 1, "0x139d9397274bb9E2C29A9aa8Aa0b5874d30D62E3", 18, ""); INSERT INTO common_asset_details(identifier, symbol, coingecko, cryptocompare, forked, started, swapped_for) VALUES("eip155:1/erc20:0x139d9397274bb9E2C29A9aa8Aa0b5874d30D62E3", "BOUTS", "boutspro", "BOUTS", NULL, 1520640000, NULL);
UPDATE common_asset_details SET cryptocompare = 'RTH' WHERE identifier = 'eip155:1/erc20:0x3FD8f39A962eFDA04956981C31AB89FAB5FB8bC8';
INSERT INTO assets(identifier, name, type) VALUES("eip155:1/erc20:0x3FD8f39A962eFDA04956981C31AB89FAB5FB8bC8", "Rotharium", "C"); INSERT INTO evm_tokens(identifier, token_kind, chain, address, decimals, protocol) VALUES("eip155:1/erc20:0x3FD8f39A962eFDA04956981C31AB89FAB5FB8bC8", "A", 1, "0x3FD8f39A962eFDA04956981C31AB89FAB5FB8bC8", 18, ""); INSERT INTO common_asset_details(identifier, symbol, coingecko, cryptocompare, forked, started, swapped_for) VALUES("eip155:1/erc20:0x3FD8f39A962eFDA04956981C31AB89FAB5FB8bC8", "RTH", "rotharium", "RTH", NULL, 1510394777, NULL);
UPDATE common_asset_details SET cryptocompare = 'DIGG' WHERE identifier = 'eip155:1/erc20:0x798D1bE841a82a273720CE31c822C61a67a601C3';
INSERT INTO assets(identifier, name, type) VALUES("eip155:1/erc20:0x798D1bE841a82a273720CE31c822C61a67a601C3", "Digg", "C"); INSERT INTO evm_tokens(identifier, token_kind, chain, address, decimals, protocol) VALUES("eip155:1/erc20:0x798D1bE841a82a273720CE31c822C61a67a601C3", "A", 1, "0x798D1bE841a82a273720CE31c822C61a67a601C3", 9, ""); INSERT INTO common_asset_details(identifier, symbol, coingecko, cryptocompare, forked, started, swapped_for) VALUES("eip155:1/erc20:0x798D1bE841a82a273720CE31c822C61a67a601C3", "DIGG", "digg", "DIGG", NULL, 1610829712, NULL);
UPDATE common_asset_details SET cryptocompare = 'BLOC' WHERE identifier = 'eip155:1/erc20:0x6F919D67967a97EA36195A2346d9244E60FE0dDB';
INSERT INTO assets(identifier, name, type) VALUES("eip155:1/erc20:0x6F919D67967a97EA36195A2346d9244E60FE0dDB", "Blockcloud", "C"); INSERT INTO evm_tokens(identifier, token_kind, chain, address, decimals, protocol) VALUES("eip155:1/erc20:0x6F919D67967a97EA36195A2346d9244E60FE0dDB", "A", 1, "0x6F919D67967a97EA36195A2346d9244E60FE0dDB", 18, ""); INSERT INTO common_asset_details(identifier, symbol, coingecko, cryptocompare, forked, started, swapped_for) VALUES("eip155:1/erc20:0x6F919D67967a97EA36195A2346d9244E60FE0dDB", "BLOC", "blockcloud", "BLOC", NULL, 1540598400, NULL);
UPDATE common_asset_details SET cryptocompare = 'STQ' WHERE identifier = 'eip155:1/erc20:0x5c3a228510D246b78a3765C20221Cbf3082b44a4';
INSERT INTO assets(identifier, name, type) VALUES("eip155:1/erc20:0x5c3a228510D246b78a3765C20221Cbf3082b44a4", "Storiqa", "C"); INSERT INTO evm_tokens(identifier, token_kind, chain, address, decimals, protocol) VALUES("eip155:1/erc20:0x5c3a228510D246b78a3765C20221Cbf3082b44a4", "A", 1, "0x5c3a228510D246b78a3765C20221Cbf3082b44a4", 18, ""); INSERT INTO common_asset_details(identifier, symbol, coingecko, cryptocompare, forked, started, swapped_for) VALUES("eip155:1/erc20:0x5c3a228510D246b78a3765C20221Cbf3082b44a4", "STQ", "storiqa", "STQ", NULL, 1507060013, NULL);
UPDATE common_asset_details SET cryptocompare = 'AAC' WHERE identifier = 'eip155:1/erc20:0xe75ad3aAB14E4B0dF8c5da4286608DaBb21Bd864';
INSERT INTO assets(identifier, name, type) VALUES("eip155:1/erc20:0xe75ad3aAB14E4B0dF8c5da4286608DaBb21Bd864", "AcuteAngleCoin", "C"); INSERT INTO evm_tokens(identifier, token_kind, chain, address, decimals, protocol) VALUES("eip155:1/erc20:0xe75ad3aAB14E4B0dF8c5da4286608DaBb21Bd864", "A", 1, "0xe75ad3aAB14E4B0dF8c5da4286608DaBb21Bd864", 5, ""); INSERT INTO common_asset_details(identifier, symbol, coingecko, cryptocompare, forked, started, swapped_for) VALUES("eip155:1/erc20:0xe75ad3aAB14E4B0dF8c5da4286608DaBb21Bd864", "AAC", "acute-angle-cloud", "AAC", NULL, 1514554742, NULL);
UPDATE common_asset_details SET cryptocompare = 'STU' WHERE identifier = 'eip155:1/erc20:0x0371A82e4A9d0A4312f3ee2Ac9c6958512891372';
INSERT INTO assets(identifier, name, type) VALUES("eip155:1/erc20:0x0371A82e4A9d0A4312f3ee2Ac9c6958512891372", "bitJob", "C"); INSERT INTO evm_tokens(identifier, token_kind, chain, address, decimals, protocol) VALUES("eip155:1/erc20:0x0371A82e4A9d0A4312f3ee2Ac9c6958512891372", "A", 1, "0x0371A82e4A9d0A4312f3ee2Ac9c6958512891372", 18, ""); INSERT INTO common_asset_details(identifier, symbol, coingecko, cryptocompare, forked, started, swapped_for) VALUES("eip155:1/erc20:0x0371A82e4A9d0A4312f3ee2Ac9c6958512891372", "STU", "bitjob", "STU", NULL, 1501632000, NULL);
UPDATE common_asset_details SET cryptocompare = 'MRK' WHERE identifier = 'eip155:1/erc20:0xf453B5B9d4E0B5c62ffB256BB2378cc2BC8e8a89';
INSERT INTO assets(identifier, name, type) VALUES("eip155:1/erc20:0xf453B5B9d4E0B5c62ffB256BB2378cc2BC8e8a89", "MARK.SPACE", "C"); INSERT INTO evm_tokens(identifier, token_kind, chain, address, decimals, protocol) VALUES("eip155:1/erc20:0xf453B5B9d4E0B5c62ffB256BB2378cc2BC8e8a89", "A", 1, "0xf453B5B9d4E0B5c62ffB256BB2378cc2BC8e8a89", 8, ""); INSERT INTO common_asset_details(identifier, symbol, coingecko, cryptocompare, forked, started, swapped_for) VALUES("eip155:1/erc20:0xf453B5B9d4E0B5c62ffB256BB2378cc2BC8e8a89", "MRK", "mark-space", "MRK", NULL, 1508509510, NULL);
UPDATE common_asset_details SET cryptocompare = 'AVAX' WHERE identifier = 'AVAX';
INSERT INTO assets(identifier, name, type) VALUES("AVAX", "Avalanche", "B"); INSERT INTO common_asset_details(identifier, symbol, coingecko, cryptocompare, forked, started, swapped_for) VALUES("AVAX", "AVAX", "avalanche-2", "AVAX", NULL, 1600646400, NULL);
UPDATE common_asset_details SET cryptocompare = 'BNT' WHERE identifier = 'eip155:1/erc20:0x1F573D6Fb3F13d689FF844B4cE37794d79a7FF1C';
INSERT INTO assets(identifier, name, type) VALUES("eip155:1/erc20:0x1F573D6Fb3F13d689FF844B4cE37794d79a7FF1C", "Bancor", "C"); INSERT INTO evm_tokens(identifier, token_kind, chain, address, decimals, protocol) VALUES("eip155:1/erc20:0x1F573D6Fb3F13d689FF844B4cE37794d79a7FF1C", "A", 1, "0x1F573D6Fb3F13d689FF844B4cE37794d79a7FF1C", 18, ""); INSERT INTO common_asset_details(identifier, symbol, coingecko, cryptocompare, forked, started, swapped_for) VALUES("eip155:1/erc20:0x1F573D6Fb3F13d689FF844B4cE37794d79a7FF1C", "BNT", "bancor", "BNT", NULL, 1497657600, NULL);
UPDATE common_asset_details SET cryptocompare = 'REV' WHERE identifier = 'eip155:1/erc20:0x2ef52Ed7De8c5ce03a4eF0efbe9B7450F2D7Edc9';
INSERT INTO assets(identifier, name, type) VALUES("eip155:1/erc20:0x2ef52Ed7De8c5ce03a4eF0efbe9B7450F2D7Edc9", "Revain", "C"); INSERT INTO evm_tokens(identifier, token_kind, chain, address, decimals, protocol) VALUES("eip155:1/erc20:0x2ef52Ed7De8c5ce03a4eF0efbe9B7450F2D7Edc9", "A", 1, "0x2ef52Ed7De8c5ce03a4eF0efbe9B7450F2D7Edc9", 6, ""); INSERT INTO common_asset_details(identifier, symbol, coingecko, cryptocompare, forked, started, swapped_for) VALUES("eip155:1/erc20:0x2ef52Ed7De8c5ce03a4eF0efbe9B7450F2D7Edc9", "REV", "revain", "REV", NULL, 1585227180, NULL);
UPDATE common_asset_details SET cryptocompare = 'SPANK' WHERE identifier = 'eip155:1/erc20:0x42d6622deCe394b54999Fbd73D108123806f6a18';
INSERT INTO assets(identifier, name, type) VALUES("eip155:1/erc20:0x42d6622deCe394b54999Fbd73D108123806f6a18", "SpankChain", "C"); INSERT INTO evm_tokens(identifier, token_kind, chain, address, decimals, protocol) VALUES("eip155:1/erc20:0x42d6622deCe394b54999Fbd73D108123806f6a18", "A", 1, "0x42d6622deCe394b54999Fbd73D108123806f6a18", 18, ""); INSERT INTO common_asset_details(identifier, symbol, coingecko, cryptocompare, forked, started, swapped_for) VALUES("eip155:1/erc20:0x42d6622deCe394b54999Fbd73D108123806f6a18", "SPANK", "spankchain", "SPANK", NULL, 1503187200, NULL);
UPDATE common_asset_details SET cryptocompare = 'TRDT' WHERE identifier = 'eip155:1/erc20:0x33f90Dee07c6E8B9682dD20F73E6C358B2ED0f03';
INSERT INTO assets(identifier, name, type) VALUES("eip155:1/erc20:0x33f90Dee07c6E8B9682dD20F73E6C358B2ED0f03", "Trident Group", "C"); INSERT INTO evm_tokens(identifier, token_kind, chain, address, decimals, protocol) VALUES("eip155:1/erc20:0x33f90Dee07c6E8B9682dD20F73E6C358B2ED0f03", "A", 1, "0x33f90Dee07c6E8B9682dD20F73E6C358B2ED0f03", 0, ""); INSERT INTO common_asset_details(identifier, symbol, coingecko, cryptocompare, forked, started, swapped_for) VALUES("eip155:1/erc20:0x33f90Dee07c6E8B9682dD20F73E6C358B2ED0f03", "TRDT", "", "TRDT", NULL, 1513900800, NULL);
UPDATE common_asset_details SET cryptocompare = 'TRUMP' WHERE identifier = 'eip155:1/erc20:0x576e2BeD8F7b46D34016198911Cdf9886f78bea7';
INSERT INTO assets(identifier, name, type) VALUES("eip155:1/erc20:0x576e2BeD8F7b46D34016198911Cdf9886f78bea7", "MAGA", "C"); INSERT INTO evm_tokens(identifier, token_kind, chain, address, decimals, protocol) VALUES("eip155:1/erc20:0x576e2BeD8F7b46D34016198911Cdf9886f78bea7", "A", 1, "0x576e2BeD8F7b46D34016198911Cdf9886f78bea7", 9, ""); INSERT INTO common_asset_details(identifier, symbol, coingecko, cryptocompare, forked, started, swapped_for) VALUES("eip155:1/erc20:0x576e2BeD8F7b46D34016198911Cdf9886f78bea7", "TRUMP", "maga", "TRUMP", NULL, 1691790275, NULL);
UPDATE common_asset_details SET cryptocompare = 'LKI' WHERE identifier = 'eip155:56/erc20:0x1865dc79a9e4B5751531099057D7Ee801033d268';
INSERT INTO assets(identifier, name, type) VALUES("eip155:56/erc20:0x1865dc79a9e4B5751531099057D7Ee801033d268", "Laika AI", "C"); INSERT INTO evm_tokens(identifier, token_kind, chain, address, decimals, protocol) VALUES("eip155:56/erc20:0x1865dc79a9e4B5751531099057D7Ee801033d268", "A", 56, "0x1865dc79a9e4B5751531099057D7Ee801033d268", 18, ""); INSERT INTO common_asset_details(identifier, symbol, coingecko, cryptocompare, forked, started, swapped_for) VALUES("eip155:56/erc20:0x1865dc79a9e4B5751531099057D7Ee801033d268", "LKI", "laika-ai", "LKI", NULL, 1718399921, NULL);
UPDATE common_asset_details SET cryptocompare = 'COINVEST' WHERE identifier = 'eip155:1/erc20:0xeb547ed1D8A3Ff1461aBAa7F0022FED4836E00A4';
INSERT INTO assets(identifier, name, type) VALUES("eip155:1/erc20:0xeb547ed1D8A3Ff1461aBAa7F0022FED4836E00A4", "Coinvest", "C"); INSERT INTO evm_tokens(identifier, token_kind, chain, address, decimals, protocol) VALUES("eip155:1/erc20:0xeb547ed1D8A3Ff1461aBAa7F0022FED4836E00A4", "A", 1, "0xeb547ed1D8A3Ff1461aBAa7F0022FED4836E00A4", 18, ""); INSERT INTO common_asset_details(identifier, symbol, coingecko, cryptocompare, forked, started, swapped_for) VALUES("eip155:1/erc20:0xeb547ed1D8A3Ff1461aBAa7F0022FED4836E00A4", "COIN", "bepro-network", "COINVEST", NULL, 1513555200, NULL);
UPDATE common_asset_details SET cryptocompare = 'FLETA' WHERE identifier = 'eip155:1/erc20:0x7788D759F21F53533051A9AE657fA05A1E068fc6';
INSERT INTO assets(identifier, name, type) VALUES("eip155:1/erc20:0x7788D759F21F53533051A9AE657fA05A1E068fc6", "FLETA", "C"); INSERT INTO evm_tokens(identifier, token_kind, chain, address, decimals, protocol) VALUES("eip155:1/erc20:0x7788D759F21F53533051A9AE657fA05A1E068fc6", "A", 1, "0x7788D759F21F53533051A9AE657fA05A1E068fc6", 18, ""); INSERT INTO common_asset_details(identifier, symbol, coingecko, cryptocompare, forked, started, swapped_for) VALUES("eip155:1/erc20:0x7788D759F21F53533051A9AE657fA05A1E068fc6", "FLETA", "fleta", "FLETA", NULL, 1555372800, NULL);
UPDATE common_asset_details SET cryptocompare = 'YEE' WHERE identifier = 'eip155:1/erc20:0x922105fAd8153F516bCfB829f56DC097a0E1D705';
INSERT INTO assets(identifier, name, type) VALUES("eip155:1/erc20:0x922105fAd8153F516bCfB829f56DC097a0E1D705", "YEE", "C"); INSERT INTO evm_tokens(identifier, token_kind, chain, address, decimals, protocol) VALUES("eip155:1/erc20:0x922105fAd8153F516bCfB829f56DC097a0E1D705", "A", 1, "0x922105fAd8153F516bCfB829f56DC097a0E1D705", 18, ""); INSERT INTO common_asset_details(identifier, symbol, coingecko, cryptocompare, forked, started, swapped_for) VALUES("eip155:1/erc20:0x922105fAd8153F516bCfB829f56DC097a0E1D705", "YEE", "yee", "YEE", NULL, 1515456000, NULL);
UPDATE common_asset_details SET cryptocompare = 'BTCPX' WHERE identifier = 'eip155:1/erc20:0x9C32185b81766a051E08dE671207b34466DD1021';
INSERT INTO assets(identifier, name, type) VALUES("eip155:1/erc20:0x9C32185b81766a051E08dE671207b34466DD1021", "BTC Proxy", "C"); INSERT INTO evm_tokens(identifier, token_kind, chain, address, decimals, protocol) VALUES("eip155:1/erc20:0x9C32185b81766a051E08dE671207b34466DD1021", "A", 1, "0x9C32185b81766a051E08dE671207b34466DD1021", 8, ""); INSERT INTO common_asset_details(identifier, symbol, coingecko, cryptocompare, forked, started, swapped_for) VALUES("eip155:1/erc20:0x9C32185b81766a051E08dE671207b34466DD1021", "BTCpx", "btc-proxy", "BTCPX", NULL, NULL, NULL);
UPDATE common_asset_details SET cryptocompare = 'PEW' WHERE identifier = 'eip155:1/erc20:0x382ea807A61a418479318Efd96F1EFbC5c1F2C21';
INSERT INTO assets(identifier, name, type) VALUES("eip155:1/erc20:0x382ea807A61a418479318Efd96F1EFbC5c1F2C21", "pepe in a memes world", "C"); INSERT INTO evm_tokens(identifier, token_kind, chain, address, decimals, protocol) VALUES("eip155:1/erc20:0x382ea807A61a418479318Efd96F1EFbC5c1F2C21", "A", 1, "0x382ea807A61a418479318Efd96F1EFbC5c1F2C21", 18, ""); INSERT INTO common_asset_details(identifier, symbol, coingecko, cryptocompare, forked, started, swapped_for) VALUES("eip155:1/erc20:0x382ea807A61a418479318Efd96F1EFbC5c1F2C21", "PEW", "pepe-in-a-memes-world", "PEW", NULL, 1716872975, NULL);
UPDATE common_asset_details SET cryptocompare = 'PBL' WHERE identifier = 'eip155:1/erc20:0x55648De19836338549130B1af587F16beA46F66B';
INSERT INTO assets(identifier, name, type) VALUES("eip155:1/erc20:0x55648De19836338549130B1af587F16beA46F66B", "Publica", "C"); INSERT INTO evm_tokens(identifier, token_kind, chain, address, decimals, protocol) VALUES("eip155:1/erc20:0x55648De19836338549130B1af587F16beA46F66B", "A", 1, "0x55648De19836338549130B1af587F16beA46F66B", 18, ""); INSERT INTO common_asset_details(identifier, symbol, coingecko, cryptocompare, forked, started, swapped_for) VALUES("eip155:1/erc20:0x55648De19836338549130B1af587F16beA46F66B", "PBL", "publica", "PBL", NULL, 1502409600, NULL);
UPDATE common_asset_details SET cryptocompare = 'NUM' WHERE identifier = 'eip155:1/erc20:0x3496B523e5C00a4b4150D6721320CdDb234c3079';
INSERT INTO assets(identifier, name, type) VALUES("eip155:1/erc20:0x3496B523e5C00a4b4150D6721320CdDb234c3079", "NUM Token", "C"); INSERT INTO evm_tokens(identifier, token_kind, chain, address, decimals, protocol) VALUES("eip155:1/erc20:0x3496B523e5C00a4b4150D6721320CdDb234c3079", "A", 1, "0x3496B523e5C00a4b4150D6721320CdDb234c3079", 18, ""); INSERT INTO common_asset_details(identifier, symbol, coingecko, cryptocompare, forked, started, swapped_for) VALUES("eip155:1/erc20:0x3496B523e5C00a4b4150D6721320CdDb234c3079", "NUM", "numbers-protocol", "NUM", NULL, 1636099301, NULL);
UPDATE common_asset_details SET cryptocompare = 'CUNI' WHERE identifier = 'eip155:1/erc20:0x35A18000230DA775CAc24873d00Ff85BccdeD550';
INSERT INTO assets(identifier, name, type) VALUES("eip155:1/erc20:0x35A18000230DA775CAc24873d00Ff85BccdeD550", "Compound Uniswap", "C"); INSERT INTO evm_tokens(identifier, token_kind, chain, address, decimals, protocol) VALUES("eip155:1/erc20:0x35A18000230DA775CAc24873d00Ff85BccdeD550", "A", 1, "0x35A18000230DA775CAc24873d00Ff85BccdeD550", 8, "compound"); INSERT INTO common_asset_details(identifier, symbol, coingecko, cryptocompare, forked, started, swapped_for) VALUES("eip155:1/erc20:0x35A18000230DA775CAc24873d00Ff85BccdeD550", "cUNI", "compound-uniswap", "CUNI", NULL, 1600898747, NULL);
UPDATE common_asset_details SET cryptocompare = 'BANANA' WHERE identifier = 'eip155:1/erc20:0x38E68A37E401F7271568CecaAc63c6B1e19130B4';
INSERT INTO assets(identifier, name, type) VALUES("eip155:1/erc20:0x38E68A37E401F7271568CecaAc63c6B1e19130B4", "Banana", "C"); INSERT INTO evm_tokens(identifier, token_kind, chain, address, decimals, protocol) VALUES("eip155:1/erc20:0x38E68A37E401F7271568CecaAc63c6B1e19130B4", "A", 1, "0x38E68A37E401F7271568CecaAc63c6B1e19130B4", 18, ""); INSERT INTO common_asset_details(identifier, symbol, coingecko, cryptocompare, forked, started, swapped_for) VALUES("eip155:1/erc20:0x38E68A37E401F7271568CecaAc63c6B1e19130B4", "BANANA", "banana-gun", "BANANA", NULL, 1694710859, NULL);
UPDATE common_asset_details SET cryptocompare = 'RETH2' WHERE identifier = 'eip155:1/erc20:0x20BC832ca081b91433ff6c17f85701B6e92486c5';
INSERT INTO assets(identifier, name, type) VALUES("eip155:1/erc20:0x20BC832ca081b91433ff6c17f85701B6e92486c5", "StakeWise Reward ETH2", "C"); INSERT INTO evm_tokens(identifier, token_kind, chain, address, decimals, protocol) VALUES("eip155:1/erc20:0x20BC832ca081b91433ff6c17f85701B6e92486c5", "A", 1, "0x20BC832ca081b91433ff6c17f85701B6e92486c5", 18, ""); INSERT INTO common_asset_details(identifier, symbol, coingecko, cryptocompare, forked, started, swapped_for) VALUES("eip155:1/erc20:0x20BC832ca081b91433ff6c17f85701B6e92486c5", "rETH2", "reth2", "RETH2", NULL, 1611597081, NULL);
UPDATE common_asset_details SET cryptocompare = 'WIS' WHERE identifier = 'eip155:1/erc20:0xDecade1c6Bf2cD9fb89aFad73e4a519C867adcF5';
INSERT INTO assets(identifier, name, type) VALUES("eip155:1/erc20:0xDecade1c6Bf2cD9fb89aFad73e4a519C867adcF5", "Experty Wisdom Token", "C"); INSERT INTO evm_tokens(identifier, token_kind, chain, address, decimals, protocol) VALUES("eip155:1/erc20:0xDecade1c6Bf2cD9fb89aFad73e4a519C867adcF5", "A", 1, "0xDecade1c6Bf2cD9fb89aFad73e4a519C867adcF5", 18, ""); INSERT INTO common_asset_details(identifier, symbol, coingecko, cryptocompare, forked, started, swapped_for) VALUES("eip155:1/erc20:0xDecade1c6Bf2cD9fb89aFad73e4a519C867adcF5", "WIS", "experty-wisdom-token", "WIS", NULL, 1604695924, NULL);
UPDATE common_asset_details SET cryptocompare = 'USDS' WHERE identifier = 'eip155:1/erc20:0xA4Bdb11dc0a2bEC88d24A3aa1E6Bb17201112eBe';
INSERT INTO assets(identifier, name, type) VALUES("eip155:1/erc20:0xA4Bdb11dc0a2bEC88d24A3aa1E6Bb17201112eBe", "StableUSD", "C"); INSERT INTO evm_tokens(identifier, token_kind, chain, address, decimals, protocol) VALUES("eip155:1/erc20:0xA4Bdb11dc0a2bEC88d24A3aa1E6Bb17201112eBe", "A", 1, "0xA4Bdb11dc0a2bEC88d24A3aa1E6Bb17201112eBe", 6, ""); INSERT INTO common_asset_details(identifier, symbol, coingecko, cryptocompare, forked, started, swapped_for) VALUES("eip155:1/erc20:0xA4Bdb11dc0a2bEC88d24A3aa1E6Bb17201112eBe", "USDS", "stableusd", "USDS", NULL, 1534291200, NULL);
UPDATE common_asset_details SET cryptocompare = 'MTX' WHERE identifier = 'eip155:1/erc20:0x0AF44e2784637218dD1D32A322D44e603A8f0c6A';
INSERT INTO assets(identifier, name, type) VALUES("eip155:1/erc20:0x0AF44e2784637218dD1D32A322D44e603A8f0c6A", "Matryx", "C"); INSERT INTO evm_tokens(identifier, token_kind, chain, address, decimals, protocol) VALUES("eip155:1/erc20:0x0AF44e2784637218dD1D32A322D44e603A8f0c6A", "A", 1, "0x0AF44e2784637218dD1D32A322D44e603A8f0c6A", 18, ""); INSERT INTO common_asset_details(identifier, symbol, coingecko, cryptocompare, forked, started, swapped_for) VALUES("eip155:1/erc20:0x0AF44e2784637218dD1D32A322D44e603A8f0c6A", "MTX", "matryx", "MTX", NULL, 1504685050, NULL);
UPDATE common_asset_details SET cryptocompare = 'EDUCOIN' WHERE identifier = 'eip155:1/erc20:0xf263292e14d9D8ECd55B58dAD1F1dF825a874b7c';
INSERT INTO assets(identifier, name, type) VALUES("eip155:1/erc20:0xf263292e14d9D8ECd55B58dAD1F1dF825a874b7c", "EduCoin", "C"); INSERT INTO evm_tokens(identifier, token_kind, chain, address, decimals, protocol) VALUES("eip155:1/erc20:0xf263292e14d9D8ECd55B58dAD1F1dF825a874b7c", "A", 1, "0xf263292e14d9D8ECd55B58dAD1F1dF825a874b7c", 18, ""); INSERT INTO common_asset_details(identifier, symbol, coingecko, cryptocompare, forked, started, swapped_for) VALUES("eip155:1/erc20:0xf263292e14d9D8ECd55B58dAD1F1dF825a874b7c", "EDU", "educoin", "EDUCOIN", NULL, 1526399366, NULL);
UPDATE common_asset_details SET cryptocompare = 'DUCATO' WHERE identifier = 'eip155:1/erc20:0xa117ea1c0c85CEf648df2b6f40e50bb5475C228d';
INSERT INTO assets(identifier, name, type) VALUES("eip155:1/erc20:0xa117ea1c0c85CEf648df2b6f40e50bb5475C228d", "DUCATO Protocol Token", "C"); INSERT INTO evm_tokens(identifier, token_kind, chain, address, decimals, protocol) VALUES("eip155:1/erc20:0xa117ea1c0c85CEf648df2b6f40e50bb5475C228d", "A", 1, "0xa117ea1c0c85CEf648df2b6f40e50bb5475C228d", 18, ""); INSERT INTO common_asset_details(identifier, symbol, coingecko, cryptocompare, forked, started, swapped_for) VALUES("eip155:1/erc20:0xa117ea1c0c85CEf648df2b6f40e50bb5475C228d", "DUCATO", "ducato-finance", "DUCATO", NULL, 1595831020, NULL);
UPDATE common_asset_details SET cryptocompare = 'WEETH' WHERE identifier = 'eip155:1/erc20:0xCd5fE23C85820F7B72D0926FC9b05b43E359b7ee';
INSERT INTO assets(identifier, name, type) VALUES("eip155:1/erc20:0xCd5fE23C85820F7B72D0926FC9b05b43E359b7ee", "Wrapped eETH", "C"); INSERT INTO evm_tokens(identifier, token_kind, chain, address, decimals, protocol) VALUES("eip155:1/erc20:0xCd5fE23C85820F7B72D0926FC9b05b43E359b7ee", "A", 1, "0xCd5fE23C85820F7B72D0926FC9b05b43E359b7ee", 18, ""); INSERT INTO common_asset_details(identifier, symbol, coingecko, cryptocompare, forked, started, swapped_for) VALUES("eip155:1/erc20:0xCd5fE23C85820F7B72D0926FC9b05b43E359b7ee", "weETH", "", "WEETH", NULL, NULL, NULL);
UPDATE common_asset_details SET cryptocompare = 'GENS' WHERE identifier = 'eip155:56/erc20:0x2CD14cbA3F26254beeD1d78158cd2B6F91809600';
INSERT INTO assets(identifier, name, type) VALUES("eip155:56/erc20:0x2CD14cbA3F26254beeD1d78158cd2B6F91809600", "Genshiro Token", "C"); INSERT INTO evm_tokens(identifier, token_kind, chain, address, decimals, protocol) VALUES("eip155:56/erc20:0x2CD14cbA3F26254beeD1d78158cd2B6F91809600", "A", 56, "0x2CD14cbA3F26254beeD1d78158cd2B6F91809600", 18, ""); INSERT INTO common_asset_details(identifier, symbol, coingecko, cryptocompare, forked, started, swapped_for) VALUES("eip155:56/erc20:0x2CD14cbA3F26254beeD1d78158cd2B6F91809600", "GENS", "genshiro", "GENS", NULL, NULL, NULL);
UPDATE common_asset_details SET cryptocompare = 'HGT' WHERE identifier = 'eip155:1/erc20:0xba2184520A1cC49a6159c57e61E1844E085615B6';
INSERT INTO assets(identifier, name, type) VALUES("eip155:1/erc20:0xba2184520A1cC49a6159c57e61E1844E085615B6", "HelloGold", "C"); INSERT INTO evm_tokens(identifier, token_kind, chain, address, decimals, protocol) VALUES("eip155:1/erc20:0xba2184520A1cC49a6159c57e61E1844E085615B6", "A", 1, "0xba2184520A1cC49a6159c57e61E1844E085615B6", 8, ""); INSERT INTO common_asset_details(identifier, symbol, coingecko, cryptocompare, forked, started, swapped_for) VALUES("eip155:1/erc20:0xba2184520A1cC49a6159c57e61E1844E085615B6", "HGT", "hellogold", "HGT", NULL, 1503635388, NULL);
UPDATE common_asset_details SET cryptocompare = 'HOT' WHERE identifier = 'eip155:1/erc20:0x6c6EE5e31d828De241282B9606C8e98Ea48526E2';
INSERT INTO assets(identifier, name, type) VALUES("eip155:1/erc20:0x6c6EE5e31d828De241282B9606C8e98Ea48526E2", "Holo", "C"); INSERT INTO evm_tokens(identifier, token_kind, chain, address, decimals, protocol) VALUES("eip155:1/erc20:0x6c6EE5e31d828De241282B9606C8e98Ea48526E2", "A", 1, "0x6c6EE5e31d828De241282B9606C8e98Ea48526E2", 18, ""); INSERT INTO common_asset_details(identifier, symbol, coingecko, cryptocompare, forked, started, swapped_for) VALUES("eip155:1/erc20:0x6c6EE5e31d828De241282B9606C8e98Ea48526E2", "HOT", "holotoken", "HOT", NULL, 1518739200, NULL);
UPDATE common_asset_details SET cryptocompare = 'PLR' WHERE identifier = 'eip155:1/erc20:0xe3818504c1B32bF1557b16C238B2E01Fd3149C17';
INSERT INTO assets(identifier, name, type) VALUES("eip155:1/erc20:0xe3818504c1B32bF1557b16C238B2E01Fd3149C17", "Pillar", "C"); INSERT INTO evm_tokens(identifier, token_kind, chain, address, decimals, protocol) VALUES("eip155:1/erc20:0xe3818504c1B32bF1557b16C238B2E01Fd3149C17", "A", 1, "0xe3818504c1B32bF1557b16C238B2E01Fd3149C17", 18, ""); INSERT INTO common_asset_details(identifier, symbol, coingecko, cryptocompare, forked, started, swapped_for) VALUES("eip155:1/erc20:0xe3818504c1B32bF1557b16C238B2E01Fd3149C17", "PLR", "pillar", "PLR", NULL, 1498435200, NULL);
UPDATE common_asset_details SET cryptocompare = 'EQU' WHERE identifier = 'eip155:42161/erc20:0x87AAfFdF26c6885f6010219208D5B161ec7609c0';
INSERT INTO assets(identifier, name, type) VALUES("eip155:42161/erc20:0x87AAfFdF26c6885f6010219208D5B161ec7609c0", "Equation", "C"); INSERT INTO evm_tokens(identifier, token_kind, chain, address, decimals, protocol) VALUES("eip155:42161/erc20:0x87AAfFdF26c6885f6010219208D5B161ec7609c0", "A", 42161, "0x87AAfFdF26c6885f6010219208D5B161ec7609c0", 18, ""); INSERT INTO common_asset_details(identifier, symbol, coingecko, cryptocompare, forked, started, swapped_for) VALUES("eip155:42161/erc20:0x87AAfFdF26c6885f6010219208D5B161ec7609c0", "EQU", "", "EQU", NULL, NULL, NULL);
UPDATE common_asset_details SET cryptocompare = 'GIM' WHERE identifier = 'eip155:1/erc20:0xaE4f56F072c34C0a65B3ae3E4DB797D831439D93';
INSERT INTO assets(identifier, name, type) VALUES("eip155:1/erc20:0xaE4f56F072c34C0a65B3ae3E4DB797D831439D93", "Gimli", "C"); INSERT INTO evm_tokens(identifier, token_kind, chain, address, decimals, protocol) VALUES("eip155:1/erc20:0xaE4f56F072c34C0a65B3ae3E4DB797D831439D93", "A", 1, "0xaE4f56F072c34C0a65B3ae3E4DB797D831439D93", 8, ""); INSERT INTO common_asset_details(identifier, symbol, coingecko, cryptocompare, forked, started, swapped_for) VALUES("eip155:1/erc20:0xaE4f56F072c34C0a65B3ae3E4DB797D831439D93", "GIM", "gimli", "GIM", NULL, 1505583229, NULL);
UPDATE common_asset_details SET cryptocompare = 'AMIO' WHERE identifier = 'eip155:1/erc20:0x2E68dfB3f50Ea302c88F8dB74096D57565D9970a';
INSERT INTO assets(identifier, name, type) VALUES("eip155:1/erc20:0x2E68dfB3f50Ea302c88F8dB74096D57565D9970a", "Amino Intelligent Network", "C"); INSERT INTO evm_tokens(identifier, token_kind, chain, address, decimals, protocol) VALUES("eip155:1/erc20:0x2E68dfB3f50Ea302c88F8dB74096D57565D9970a", "A", 1, "0x2E68dfB3f50Ea302c88F8dB74096D57565D9970a", 18, ""); INSERT INTO common_asset_details(identifier, symbol, coingecko, cryptocompare, forked, started, swapped_for) VALUES("eip155:1/erc20:0x2E68dfB3f50Ea302c88F8dB74096D57565D9970a", "AMIO", "amino-network", "AMIO", NULL, 1555073235, NULL);
UPDATE common_asset_details SET cryptocompare = 'COMBO' WHERE identifier = 'eip155:1/erc20:0xc03fBF20A586fa89C2a5f6F941458E1Fbc40c661';
INSERT INTO assets(identifier, name, type) VALUES("eip155:1/erc20:0xc03fBF20A586fa89C2a5f6F941458E1Fbc40c661", "ComboToken", "C"); INSERT INTO evm_tokens(identifier, token_kind, chain, address, decimals, protocol) VALUES("eip155:1/erc20:0xc03fBF20A586fa89C2a5f6F941458E1Fbc40c661", "A", 1, "0xc03fBF20A586fa89C2a5f6F941458E1Fbc40c661", 18, ""); INSERT INTO common_asset_details(identifier, symbol, coingecko, cryptocompare, forked, started, swapped_for) VALUES("eip155:1/erc20:0xc03fBF20A586fa89C2a5f6F941458E1Fbc40c661", "COMBO", "cocos-bcx", "COMBO", NULL, NULL, NULL);
UPDATE common_asset_details SET cryptocompare = 'ADX' WHERE identifier = 'eip155:1/erc20:0xADE00C28244d5CE17D72E40330B1c318cD12B7c3';
INSERT INTO assets(identifier, name, type) VALUES("eip155:1/erc20:0xADE00C28244d5CE17D72E40330B1c318cD12B7c3", "AdEx Network", "C"); INSERT INTO evm_tokens(identifier, token_kind, chain, address, decimals, protocol) VALUES("eip155:1/erc20:0xADE00C28244d5CE17D72E40330B1c318cD12B7c3", "A", 1, "0xADE00C28244d5CE17D72E40330B1c318cD12B7c3", 18, ""); INSERT INTO common_asset_details(identifier, symbol, coingecko, cryptocompare, forked, started, swapped_for) VALUES("eip155:1/erc20:0xADE00C28244d5CE17D72E40330B1c318cD12B7c3", "ADX", "adex", "ADX", NULL, 1496102400, NULL);
UPDATE common_asset_details SET cryptocompare = 'ID' WHERE identifier = 'eip155:56/erc20:0x2dfF88A56767223A5529eA5960Da7A3F5f766406';
INSERT INTO assets(identifier, name, type) VALUES("eip155:56/erc20:0x2dfF88A56767223A5529eA5960Da7A3F5f766406", "SPACE ID", "C"); INSERT INTO evm_tokens(identifier, token_kind, chain, address, decimals, protocol) VALUES("eip155:56/erc20:0x2dfF88A56767223A5529eA5960Da7A3F5f766406", "A", 56, "0x2dfF88A56767223A5529eA5960Da7A3F5f766406", 18, ""); INSERT INTO common_asset_details(identifier, symbol, coingecko, cryptocompare, forked, started, swapped_for) VALUES("eip155:56/erc20:0x2dfF88A56767223A5529eA5960Da7A3F5f766406", "ID", "space-id", "ID", NULL, 1679117607, NULL);
UPDATE common_asset_details SET cryptocompare = 'PRA' WHERE identifier = 'eip155:1/erc20:0x9041Fe5B3FDEA0f5e4afDC17e75180738D877A01';
INSERT INTO assets(identifier, name, type) VALUES("eip155:1/erc20:0x9041Fe5B3FDEA0f5e4afDC17e75180738D877A01", "ProChain", "C"); INSERT INTO evm_tokens(identifier, token_kind, chain, address, decimals, protocol) VALUES("eip155:1/erc20:0x9041Fe5B3FDEA0f5e4afDC17e75180738D877A01", "A", 1, "0x9041Fe5B3FDEA0f5e4afDC17e75180738D877A01", 18, ""); INSERT INTO common_asset_details(identifier, symbol, coingecko, cryptocompare, forked, started, swapped_for) VALUES("eip155:1/erc20:0x9041Fe5B3FDEA0f5e4afDC17e75180738D877A01", "PRA", "prochain", "PRA", NULL, 1511848519, NULL);
UPDATE common_asset_details SET cryptocompare = 'SND' WHERE identifier = 'eip155:1/erc20:0xf333b2Ace992ac2bBD8798bF57Bc65a06184afBa';
INSERT INTO assets(identifier, name, type) VALUES("eip155:1/erc20:0xf333b2Ace992ac2bBD8798bF57Bc65a06184afBa", "Sand Coin", "C"); INSERT INTO evm_tokens(identifier, token_kind, chain, address, decimals, protocol) VALUES("eip155:1/erc20:0xf333b2Ace992ac2bBD8798bF57Bc65a06184afBa", "A", 1, "0xf333b2Ace992ac2bBD8798bF57Bc65a06184afBa", 0, ""); INSERT INTO common_asset_details(identifier, symbol, coingecko, cryptocompare, forked, started, swapped_for) VALUES("eip155:1/erc20:0xf333b2Ace992ac2bBD8798bF57Bc65a06184afBa", "SND", "", "SND", NULL, 1500673442, NULL);
UPDATE common_asset_details SET cryptocompare = 'MUSD' WHERE identifier = 'eip155:1/erc20:0xe2f2a5C287993345a840Db3B0845fbC70f5935a5';
INSERT INTO assets(identifier, name, type) VALUES("eip155:1/erc20:0xe2f2a5C287993345a840Db3B0845fbC70f5935a5", "mStable USD", "C"); INSERT INTO evm_tokens(identifier, token_kind, chain, address, decimals, protocol) VALUES("eip155:1/erc20:0xe2f2a5C287993345a840Db3B0845fbC70f5935a5", "A", 1, "0xe2f2a5C287993345a840Db3B0845fbC70f5935a5", 18, ""); INSERT INTO common_asset_details(identifier, symbol, coingecko, cryptocompare, forked, started, swapped_for) VALUES("eip155:1/erc20:0xe2f2a5C287993345a840Db3B0845fbC70f5935a5", "mUSD", "musd", "MUSD", NULL, 1590585470, NULL);
UPDATE common_asset_details SET cryptocompare = 'GAMMA' WHERE identifier = 'eip155:1/erc20:0x6BeA7CFEF803D1e3d5f7C0103f7ded065644e197';
INSERT INTO assets(identifier, name, type) VALUES("eip155:1/erc20:0x6BeA7CFEF803D1e3d5f7C0103f7ded065644e197", "Gamma", "C"); INSERT INTO evm_tokens(identifier, token_kind, chain, address, decimals, protocol) VALUES("eip155:1/erc20:0x6BeA7CFEF803D1e3d5f7C0103f7ded065644e197", "A", 1, "0x6BeA7CFEF803D1e3d5f7C0103f7ded065644e197", 18, ""); INSERT INTO common_asset_details(identifier, symbol, coingecko, cryptocompare, forked, started, swapped_for) VALUES("eip155:1/erc20:0x6BeA7CFEF803D1e3d5f7C0103f7ded065644e197", "GAMMA", "", "GAMMA", NULL, NULL, NULL);
UPDATE common_asset_details SET cryptocompare = 'PLINK' WHERE identifier = 'eip155:137/erc20:0x53E0bca35eC356BD5ddDFebbD1Fc0fD03FaBad39';
INSERT INTO assets(identifier, name, type) VALUES("eip155:137/erc20:0x53E0bca35eC356BD5ddDFebbD1Fc0fD03FaBad39", "ChainLink Token", "C"); INSERT INTO evm_tokens(identifier, token_kind, chain, address, decimals, protocol) VALUES("eip155:137/erc20:0x53E0bca35eC356BD5ddDFebbD1Fc0fD03FaBad39", "A", 137, "0x53E0bca35eC356BD5ddDFebbD1Fc0fD03FaBad39", 18, ""); INSERT INTO common_asset_details(identifier, symbol, coingecko, cryptocompare, forked, started, swapped_for) VALUES("eip155:137/erc20:0x53E0bca35eC356BD5ddDFebbD1Fc0fD03FaBad39", "LINK", "chainlink", "PLINK", NULL, NULL, NULL);
UPDATE common_asset_details SET cryptocompare = 'PUFETH' WHERE identifier = 'eip155:1/erc20:0xD9A442856C234a39a81a089C06451EBAa4306a72';
INSERT INTO assets(identifier, name, type) VALUES("eip155:1/erc20:0xD9A442856C234a39a81a089C06451EBAa4306a72", "pufETH", "C"); INSERT INTO evm_tokens(identifier, token_kind, chain, address, decimals, protocol) VALUES("eip155:1/erc20:0xD9A442856C234a39a81a089C06451EBAa4306a72", "A", 1, "0xD9A442856C234a39a81a089C06451EBAa4306a72", 18, ""); INSERT INTO common_asset_details(identifier, symbol, coingecko, cryptocompare, forked, started, swapped_for) VALUES("eip155:1/erc20:0xD9A442856C234a39a81a089C06451EBAa4306a72", "pufETH", "", "PUFETH", NULL, NULL, NULL);
UPDATE common_asset_details SET cryptocompare = 'DBET' WHERE identifier = 'eip155:1/erc20:0x9b68bFaE21DF5A510931A262CECf63f41338F264';
INSERT INTO assets(identifier, name, type) VALUES("eip155:1/erc20:0x9b68bFaE21DF5A510931A262CECf63f41338F264", "DecentBet", "C"); INSERT INTO evm_tokens(identifier, token_kind, chain, address, decimals, protocol) VALUES("eip155:1/erc20:0x9b68bFaE21DF5A510931A262CECf63f41338F264", "A", 1, "0x9b68bFaE21DF5A510931A262CECf63f41338F264", 18, ""); INSERT INTO common_asset_details(identifier, symbol, coingecko, cryptocompare, forked, started, swapped_for) VALUES("eip155:1/erc20:0x9b68bFaE21DF5A510931A262CECf63f41338F264", "DBET", "decentbet", "DBET", NULL, 1505260800, NULL);
UPDATE common_asset_details SET cryptocompare = 'COSM' WHERE identifier = 'eip155:1/erc20:0xC4Bcd64CB216D49fD3C643A32762F34626b45a1a';
INSERT INTO assets(identifier, name, type) VALUES("eip155:1/erc20:0xC4Bcd64CB216D49fD3C643A32762F34626b45a1a", "Cosmo Coin", "C"); INSERT INTO evm_tokens(identifier, token_kind, chain, address, decimals, protocol) VALUES("eip155:1/erc20:0xC4Bcd64CB216D49fD3C643A32762F34626b45a1a", "A", 1, "0xC4Bcd64CB216D49fD3C643A32762F34626b45a1a", 18, ""); INSERT INTO common_asset_details(identifier, symbol, coingecko, cryptocompare, forked, started, swapped_for) VALUES("eip155:1/erc20:0xC4Bcd64CB216D49fD3C643A32762F34626b45a1a", "COSM", "cosmo-coin", "COSM", NULL, 1519862400, NULL);
UPDATE common_asset_details SET cryptocompare = 'ICN' WHERE identifier = 'eip155:1/erc20:0x888666CA69E0f178DED6D75b5726Cee99A87D698';
INSERT INTO assets(identifier, name, type) VALUES("eip155:1/erc20:0x888666CA69E0f178DED6D75b5726Cee99A87D698", "Iconomi", "C"); INSERT INTO evm_tokens(identifier, token_kind, chain, address, decimals, protocol) VALUES("eip155:1/erc20:0x888666CA69E0f178DED6D75b5726Cee99A87D698", "A", 1, "0x888666CA69E0f178DED6D75b5726Cee99A87D698", 18, ""); INSERT INTO common_asset_details(identifier, symbol, coingecko, cryptocompare, forked, started, swapped_for) VALUES("eip155:1/erc20:0x888666CA69E0f178DED6D75b5726Cee99A87D698", "ICN", "", "ICN", NULL, 1472083200, NULL);
UPDATE common_asset_details SET cryptocompare = 'JC' WHERE identifier = 'eip155:1/erc20:0xE2D82Dc7dA0E6f882E96846451F4faBcc8f90528';
INSERT INTO assets(identifier, name, type) VALUES("eip155:1/erc20:0xE2D82Dc7dA0E6f882E96846451F4faBcc8f90528", "Jesus Coin", "C"); INSERT INTO evm_tokens(identifier, token_kind, chain, address, decimals, protocol) VALUES("eip155:1/erc20:0xE2D82Dc7dA0E6f882E96846451F4faBcc8f90528", "A", 1, "0xE2D82Dc7dA0E6f882E96846451F4faBcc8f90528", 18, ""); INSERT INTO common_asset_details(identifier, symbol, coingecko, cryptocompare, forked, started, swapped_for) VALUES("eip155:1/erc20:0xE2D82Dc7dA0E6f882E96846451F4faBcc8f90528", "JC", "", "JC", NULL, 1505174400, NULL);
UPDATE common_asset_details SET cryptocompare = 'DACC' WHERE identifier = 'eip155:1/erc20:0xF8C595D070d104377f58715ce2E6C93E49a87f3c';
INSERT INTO assets(identifier, name, type) VALUES("eip155:1/erc20:0xF8C595D070d104377f58715ce2E6C93E49a87f3c", "Decentralized Accessible Content Chain", "C"); INSERT INTO evm_tokens(identifier, token_kind, chain, address, decimals, protocol) VALUES("eip155:1/erc20:0xF8C595D070d104377f58715ce2E6C93E49a87f3c", "A", 1, "0xF8C595D070d104377f58715ce2E6C93E49a87f3c", 6, ""); INSERT INTO common_asset_details(identifier, symbol, coingecko, cryptocompare, forked, started, swapped_for) VALUES("eip155:1/erc20:0xF8C595D070d104377f58715ce2E6C93E49a87f3c", "DACC", "dacc", "DACC", NULL, 1527764723, NULL);
UPDATE common_asset_details SET cryptocompare = 'MIMATIC' WHERE identifier = 'eip155:137/erc20:0xa3Fa99A148fA48D14Ed51d610c367C61876997F1';
INSERT INTO assets(identifier, name, type) VALUES("eip155:137/erc20:0xa3Fa99A148fA48D14Ed51d610c367C61876997F1", "miMATIC", "C"); INSERT INTO evm_tokens(identifier, token_kind, chain, address, decimals, protocol) VALUES("eip155:137/erc20:0xa3Fa99A148fA48D14Ed51d610c367C61876997F1", "A", 137, "0xa3Fa99A148fA48D14Ed51d610c367C61876997F1", 18, ""); INSERT INTO common_asset_details(identifier, symbol, coingecko, cryptocompare, forked, started, swapped_for) VALUES("eip155:137/erc20:0xa3Fa99A148fA48D14Ed51d610c367C61876997F1", "miMATIC", "", "MIMATIC", NULL, NULL, NULL);
UPDATE common_asset_details SET cryptocompare = 'AMIS' WHERE identifier = 'eip155:1/erc20:0x949bEd886c739f1A3273629b3320db0C5024c719';
INSERT INTO assets(identifier, name, type) VALUES("eip155:1/erc20:0x949bEd886c739f1A3273629b3320db0C5024c719", "Amis", "C"); INSERT INTO evm_tokens(identifier, token_kind, chain, address, decimals, protocol) VALUES("eip155:1/erc20:0x949bEd886c739f1A3273629b3320db0C5024c719", "A", 1, "0x949bEd886c739f1A3273629b3320db0C5024c719", 9, ""); INSERT INTO common_asset_details(identifier, symbol, coingecko, cryptocompare, forked, started, swapped_for) VALUES("eip155:1/erc20:0x949bEd886c739f1A3273629b3320db0C5024c719", "AMIS", "amis", "AMIS", NULL, 1483404274, NULL);
UPDATE common_asset_details SET cryptocompare = 'IMGNAI' WHERE identifier = 'eip155:1/erc20:0xA735A3AF76CC30791C61c10d585833829d36CBe0';
INSERT INTO assets(identifier, name, type) VALUES("eip155:1/erc20:0xA735A3AF76CC30791C61c10d585833829d36CBe0", "Image", "C"); INSERT INTO evm_tokens(identifier, token_kind, chain, address, decimals, protocol) VALUES("eip155:1/erc20:0xA735A3AF76CC30791C61c10d585833829d36CBe0", "A", 1, "0xA735A3AF76CC30791C61c10d585833829d36CBe0", 9, ""); INSERT INTO common_asset_details(identifier, symbol, coingecko, cryptocompare, forked, started, swapped_for) VALUES("eip155:1/erc20:0xA735A3AF76CC30791C61c10d585833829d36CBe0", "imgnAI", "imgnai", "IMGNAI", NULL, 1670625107, NULL);
UPDATE common_asset_details SET cryptocompare = 'CPAY' WHERE identifier = 'eip155:1/erc20:0x0Ebb614204E47c09B6C3FeB9AAeCad8EE060E23E';
INSERT INTO assets(identifier, name, type) VALUES("eip155:1/erc20:0x0Ebb614204E47c09B6C3FeB9AAeCad8EE060E23E", "Cryptopay", "C"); INSERT INTO evm_tokens(identifier, token_kind, chain, address, decimals, protocol) VALUES("eip155:1/erc20:0x0Ebb614204E47c09B6C3FeB9AAeCad8EE060E23E", "A", 1, "0x0Ebb614204E47c09B6C3FeB9AAeCad8EE060E23E", 0, ""); INSERT INTO common_asset_details(identifier, symbol, coingecko, cryptocompare, forked, started, swapped_for) VALUES("eip155:1/erc20:0x0Ebb614204E47c09B6C3FeB9AAeCad8EE060E23E", "CPAY", "cryptopay", "CPAY", NULL, 1505606400, NULL);
UPDATE common_asset_details SET cryptocompare = 'CVT' WHERE identifier = 'eip155:1/erc20:0xBe428c3867F05deA2A89Fc76a102b544eaC7f772';
INSERT INTO assets(identifier, name, type) VALUES("eip155:1/erc20:0xBe428c3867F05deA2A89Fc76a102b544eaC7f772", "CyberVein", "C"); INSERT INTO evm_tokens(identifier, token_kind, chain, address, decimals, protocol) VALUES("eip155:1/erc20:0xBe428c3867F05deA2A89Fc76a102b544eaC7f772", "A", 1, "0xBe428c3867F05deA2A89Fc76a102b544eaC7f772", 18, ""); INSERT INTO common_asset_details(identifier, symbol, coingecko, cryptocompare, forked, started, swapped_for) VALUES("eip155:1/erc20:0xBe428c3867F05deA2A89Fc76a102b544eaC7f772", "CVT", "cybervein", "CVT", NULL, 1516888006, NULL);
UPDATE common_asset_details SET cryptocompare = 'TEL' WHERE identifier = 'eip155:1/erc20:0x467Bccd9d29f223BcE8043b84E8C8B282827790F';
INSERT INTO assets(identifier, name, type) VALUES("eip155:1/erc20:0x467Bccd9d29f223BcE8043b84E8C8B282827790F", "Telcoin", "C"); INSERT INTO evm_tokens(identifier, token_kind, chain, address, decimals, protocol) VALUES("eip155:1/erc20:0x467Bccd9d29f223BcE8043b84E8C8B282827790F", "A", 1, "0x467Bccd9d29f223BcE8043b84E8C8B282827790F", 2, ""); INSERT INTO common_asset_details(identifier, symbol, coingecko, cryptocompare, forked, started, swapped_for) VALUES("eip155:1/erc20:0x467Bccd9d29f223BcE8043b84E8C8B282827790F", "TEL", "telcoin", "TEL", NULL, 1510358400, NULL);
UPDATE common_asset_details SET cryptocompare = 'DOV' WHERE identifier = 'eip155:1/erc20:0xac3211a5025414Af2866FF09c23FC18bc97e79b1';
INSERT INTO assets(identifier, name, type) VALUES("eip155:1/erc20:0xac3211a5025414Af2866FF09c23FC18bc97e79b1", "Dovu", "C"); INSERT INTO evm_tokens(identifier, token_kind, chain, address, decimals, protocol) VALUES("eip155:1/erc20:0xac3211a5025414Af2866FF09c23FC18bc97e79b1", "A", 1, "0xac3211a5025414Af2866FF09c23FC18bc97e79b1", 18, ""); INSERT INTO common_asset_details(identifier, symbol, coingecko, cryptocompare, forked, started, swapped_for) VALUES("eip155:1/erc20:0xac3211a5025414Af2866FF09c23FC18bc97e79b1", "DOV", "dovu", "DOV", NULL, 1507027409, NULL);
UPDATE common_asset_details SET cryptocompare = 'ESS' WHERE identifier = 'eip155:1/erc20:0xfc05987bd2be489ACCF0f509E44B0145d68240f7';
INSERT INTO assets(identifier, name, type) VALUES("eip155:1/erc20:0xfc05987bd2be489ACCF0f509E44B0145d68240f7", "Essentia", "C"); INSERT INTO evm_tokens(identifier, token_kind, chain, address, decimals, protocol) VALUES("eip155:1/erc20:0xfc05987bd2be489ACCF0f509E44B0145d68240f7", "A", 1, "0xfc05987bd2be489ACCF0f509E44B0145d68240f7", 18, ""); INSERT INTO common_asset_details(identifier, symbol, coingecko, cryptocompare, forked, started, swapped_for) VALUES("eip155:1/erc20:0xfc05987bd2be489ACCF0f509E44B0145d68240f7", "ESS", "essentia", "ESS", NULL, 1529792284, NULL);
UPDATE common_asset_details SET cryptocompare = 'DEX' WHERE identifier = 'eip155:1/erc20:0x497bAEF294c11a5f0f5Bea3f2AdB3073DB448B56';
INSERT INTO assets(identifier, name, type) VALUES("eip155:1/erc20:0x497bAEF294c11a5f0f5Bea3f2AdB3073DB448B56", "DEX", "C"); INSERT INTO evm_tokens(identifier, token_kind, chain, address, decimals, protocol) VALUES("eip155:1/erc20:0x497bAEF294c11a5f0f5Bea3f2AdB3073DB448B56", "A", 1, "0x497bAEF294c11a5f0f5Bea3f2AdB3073DB448B56", 18, ""); INSERT INTO common_asset_details(identifier, symbol, coingecko, cryptocompare, forked, started, swapped_for) VALUES("eip155:1/erc20:0x497bAEF294c11a5f0f5Bea3f2AdB3073DB448B56", "DEX", "dex", "DEX", NULL, 1540376115, NULL);
UPDATE common_asset_details SET cryptocompare = 'AIR' WHERE identifier = 'eip155:1/erc20:0x27Dce1eC4d3f72C3E457Cc50354f1F975dDEf488';
INSERT INTO assets(identifier, name, type) VALUES("eip155:1/erc20:0x27Dce1eC4d3f72C3E457Cc50354f1F975dDEf488", "Air token", "C"); INSERT INTO evm_tokens(identifier, token_kind, chain, address, decimals, protocol) VALUES("eip155:1/erc20:0x27Dce1eC4d3f72C3E457Cc50354f1F975dDEf488", "A", 1, "0x27Dce1eC4d3f72C3E457Cc50354f1F975dDEf488", 8, ""); INSERT INTO common_asset_details(identifier, symbol, coingecko, cryptocompare, forked, started, swapped_for) VALUES("eip155:1/erc20:0x27Dce1eC4d3f72C3E457Cc50354f1F975dDEf488", "AIR", "", "AIR", NULL, 1507161600, NULL);
UPDATE common_asset_details SET cryptocompare = 'LIVE' WHERE identifier = 'eip155:1/erc20:0x24A77c1F17C547105E14813e517be06b0040aa76';
INSERT INTO assets(identifier, name, type) VALUES("eip155:1/erc20:0x24A77c1F17C547105E14813e517be06b0040aa76", "Live Stars", "C"); INSERT INTO evm_tokens(identifier, token_kind, chain, address, decimals, protocol) VALUES("eip155:1/erc20:0x24A77c1F17C547105E14813e517be06b0040aa76", "A", 1, "0x24A77c1F17C547105E14813e517be06b0040aa76", 18, ""); INSERT INTO common_asset_details(identifier, symbol, coingecko, cryptocompare, forked, started, swapped_for) VALUES("eip155:1/erc20:0x24A77c1F17C547105E14813e517be06b0040aa76", "LIVE", "", "LIVE", NULL, 1505981621, NULL);
UPDATE common_asset_details SET cryptocompare = 'COB' WHERE identifier = 'eip155:1/erc20:0xb2F7EB1f2c37645bE61d73953035360e768D81E6';
INSERT INTO assets(identifier, name, type) VALUES("eip155:1/erc20:0xb2F7EB1f2c37645bE61d73953035360e768D81E6", "Cobinhood", "C"); INSERT INTO evm_tokens(identifier, token_kind, chain, address, decimals, protocol) VALUES("eip155:1/erc20:0xb2F7EB1f2c37645bE61d73953035360e768D81E6", "A", 1, "0xb2F7EB1f2c37645bE61d73953035360e768D81E6", 18, ""); INSERT INTO common_asset_details(identifier, symbol, coingecko, cryptocompare, forked, started, swapped_for) VALUES("eip155:1/erc20:0xb2F7EB1f2c37645bE61d73953035360e768D81E6", "COB", "cobinhood", "COB", NULL, 1504508386, NULL);
UPDATE common_asset_details SET cryptocompare = 'UTNP' WHERE identifier = 'eip155:1/erc20:0x9e3319636e2126e3c0bc9e3134AEC5e1508A46c7';
INSERT INTO assets(identifier, name, type) VALUES("eip155:1/erc20:0x9e3319636e2126e3c0bc9e3134AEC5e1508A46c7", "Universa", "C"); INSERT INTO evm_tokens(identifier, token_kind, chain, address, decimals, protocol) VALUES("eip155:1/erc20:0x9e3319636e2126e3c0bc9e3134AEC5e1508A46c7", "A", 1, "0x9e3319636e2126e3c0bc9e3134AEC5e1508A46c7", 18, ""); INSERT INTO common_asset_details(identifier, symbol, coingecko, cryptocompare, forked, started, swapped_for) VALUES("eip155:1/erc20:0x9e3319636e2126e3c0bc9e3134AEC5e1508A46c7", "UTNP", "universa", "UTNP", NULL, 1504137600, NULL);
UPDATE common_asset_details SET cryptocompare = 'TGT' WHERE identifier = 'eip155:1/erc20:0xAc3Da587eac229C9896D919aBC235CA4Fd7f72c1';
INSERT INTO assets(identifier, name, type) VALUES("eip155:1/erc20:0xAc3Da587eac229C9896D919aBC235CA4Fd7f72c1", "Target Coin", "C"); INSERT INTO evm_tokens(identifier, token_kind, chain, address, decimals, protocol) VALUES("eip155:1/erc20:0xAc3Da587eac229C9896D919aBC235CA4Fd7f72c1", "A", 1, "0xAc3Da587eac229C9896D919aBC235CA4Fd7f72c1", 1, ""); INSERT INTO common_asset_details(identifier, symbol, coingecko, cryptocompare, forked, started, swapped_for) VALUES("eip155:1/erc20:0xAc3Da587eac229C9896D919aBC235CA4Fd7f72c1", "TGT", "", "TGT", NULL, 1498953600, NULL);
UPDATE common_asset_details SET cryptocompare = 'TLN' WHERE identifier = 'eip155:1/erc20:0x679131F591B4f369acB8cd8c51E68596806c3916';
INSERT INTO assets(identifier, name, type) VALUES("eip155:1/erc20:0x679131F591B4f369acB8cd8c51E68596806c3916", "Trustlines Network Token", "C"); INSERT INTO evm_tokens(identifier, token_kind, chain, address, decimals, protocol) VALUES("eip155:1/erc20:0x679131F591B4f369acB8cd8c51E68596806c3916", "A", 1, "0x679131F591B4f369acB8cd8c51E68596806c3916", 18, ""); INSERT INTO common_asset_details(identifier, symbol, coingecko, cryptocompare, forked, started, swapped_for) VALUES("eip155:1/erc20:0x679131F591B4f369acB8cd8c51E68596806c3916", "TLN", "trustline-network", "TLN", NULL, 1573731681, NULL);
UPDATE common_asset_details SET cryptocompare = 'HIFI' WHERE identifier = 'eip155:1/erc20:0x4b9278b94a1112cAD404048903b8d343a810B07e';
INSERT INTO assets(identifier, name, type) VALUES("eip155:1/erc20:0x4b9278b94a1112cAD404048903b8d343a810B07e", "Hifi Finance", "C"); INSERT INTO evm_tokens(identifier, token_kind, chain, address, decimals, protocol) VALUES("eip155:1/erc20:0x4b9278b94a1112cAD404048903b8d343a810B07e", "A", 1, "0x4b9278b94a1112cAD404048903b8d343a810B07e", 18, ""); INSERT INTO common_asset_details(identifier, symbol, coingecko, cryptocompare, forked, started, swapped_for) VALUES("eip155:1/erc20:0x4b9278b94a1112cAD404048903b8d343a810B07e", "HIFI", "hifi-finance", "HIFI", NULL, 1670539211, NULL);
UPDATE common_asset_details SET cryptocompare = 'DUMMY' WHERE identifier = 'eip155:1/erc20:0x445bd590A01fe6709d4f13A8F579c1e4846921db';
INSERT INTO assets(identifier, name, type) VALUES("eip155:1/erc20:0x445bd590A01fe6709d4f13A8F579c1e4846921db", "DUMMY", "C"); INSERT INTO evm_tokens(identifier, token_kind, chain, address, decimals, protocol) VALUES("eip155:1/erc20:0x445bd590A01fe6709d4f13A8F579c1e4846921db", "A", 1, "0x445bd590A01fe6709d4f13A8F579c1e4846921db", 18, ""); INSERT INTO common_asset_details(identifier, symbol, coingecko, cryptocompare, forked, started, swapped_for) VALUES("eip155:1/erc20:0x445bd590A01fe6709d4f13A8F579c1e4846921db", "DUMMY", "dummy", "DUMMY", NULL, 1685640491, NULL);
UPDATE common_asset_details SET cryptocompare = 'GTC' WHERE identifier = 'eip155:1/erc20:0xDe30da39c46104798bB5aA3fe8B9e0e1F348163F';
INSERT INTO assets(identifier, name, type) VALUES("eip155:1/erc20:0xDe30da39c46104798bB5aA3fe8B9e0e1F348163F", "Gitcoin", "C"); INSERT INTO evm_tokens(identifier, token_kind, chain, address, decimals, protocol) VALUES("eip155:1/erc20:0xDe30da39c46104798bB5aA3fe8B9e0e1F348163F", "A", 1, "0xDe30da39c46104798bB5aA3fe8B9e0e1F348163F", 18, ""); INSERT INTO common_asset_details(identifier, symbol, coingecko, cryptocompare, forked, started, swapped_for) VALUES("eip155:1/erc20:0xDe30da39c46104798bB5aA3fe8B9e0e1F348163F", "GTC", "gitcoin", "GTC", NULL, 1620856082, NULL);
UPDATE common_asset_details SET cryptocompare = 'PRO' WHERE identifier = 'eip155:1/erc20:0x226bb599a12C826476e3A771454697EA52E9E220';
INSERT INTO assets(identifier, name, type) VALUES("eip155:1/erc20:0x226bb599a12C826476e3A771454697EA52E9E220", "Propy", "C"); INSERT INTO evm_tokens(identifier, token_kind, chain, address, decimals, protocol) VALUES("eip155:1/erc20:0x226bb599a12C826476e3A771454697EA52E9E220", "A", 1, "0x226bb599a12C826476e3A771454697EA52E9E220", 8, ""); INSERT INTO common_asset_details(identifier, symbol, coingecko, cryptocompare, forked, started, swapped_for) VALUES("eip155:1/erc20:0x226bb599a12C826476e3A771454697EA52E9E220", "PRO", "propy", "PRO", NULL, 1500249600, NULL);
UPDATE common_asset_details SET cryptocompare = 'DF' WHERE identifier = 'eip155:1/erc20:0x431ad2ff6a9C365805eBaD47Ee021148d6f7DBe0';
INSERT INTO assets(identifier, name, type) VALUES("eip155:1/erc20:0x431ad2ff6a9C365805eBaD47Ee021148d6f7DBe0", "dForce", "C"); INSERT INTO evm_tokens(identifier, token_kind, chain, address, decimals, protocol) VALUES("eip155:1/erc20:0x431ad2ff6a9C365805eBaD47Ee021148d6f7DBe0", "A", 1, "0x431ad2ff6a9C365805eBaD47Ee021148d6f7DBe0", 18, ""); INSERT INTO common_asset_details(identifier, symbol, coingecko, cryptocompare, forked, started, swapped_for) VALUES("eip155:1/erc20:0x431ad2ff6a9C365805eBaD47Ee021148d6f7DBe0", "DF", "dforce-token", "DF", NULL, 1564020599, NULL);
UPDATE common_asset_details SET cryptocompare = 'CCOMP' WHERE identifier = 'eip155:1/erc20:0x70e36f6BF80a52b3B46b3aF8e106CC0ed743E8e4';
INSERT INTO assets(identifier, name, type) VALUES("eip155:1/erc20:0x70e36f6BF80a52b3B46b3aF8e106CC0ed743E8e4", "Compound Collateral", "C"); INSERT INTO evm_tokens(identifier, token_kind, chain, address, decimals, protocol) VALUES("eip155:1/erc20:0x70e36f6BF80a52b3B46b3aF8e106CC0ed743E8e4", "A", 1, "0x70e36f6BF80a52b3B46b3aF8e106CC0ed743E8e4", 8, "compound"); INSERT INTO common_asset_details(identifier, symbol, coingecko, cryptocompare, forked, started, swapped_for) VALUES("eip155:1/erc20:0x70e36f6BF80a52b3B46b3aF8e106CC0ed743E8e4", "cCOMP", "ccomp", "CCOMP", NULL, 1601419265, NULL);
UPDATE common_asset_details SET cryptocompare = 'PAPI' WHERE identifier = 'eip155:1/erc20:0x693C216aA181EbF776730d16C7ba06842548415E';
INSERT INTO assets(identifier, name, type) VALUES("eip155:1/erc20:0x693C216aA181EbF776730d16C7ba06842548415E", "Papi", "C"); INSERT INTO evm_tokens(identifier, token_kind, chain, address, decimals, protocol) VALUES("eip155:1/erc20:0x693C216aA181EbF776730d16C7ba06842548415E", "A", 1, "0x693C216aA181EbF776730d16C7ba06842548415E", 18, ""); INSERT INTO common_asset_details(identifier, symbol, coingecko, cryptocompare, forked, started, swapped_for) VALUES("eip155:1/erc20:0x693C216aA181EbF776730d16C7ba06842548415E", "PAPI", "papi", "PAPI", NULL, 1684509419, NULL);
UPDATE common_asset_details SET cryptocompare = 'CADC' WHERE identifier = 'eip155:1/erc20:0xcaDC0acd4B445166f12d2C07EAc6E2544FbE2Eef';
INSERT INTO assets(identifier, name, type) VALUES("eip155:1/erc20:0xcaDC0acd4B445166f12d2C07EAc6E2544FbE2Eef", "CAD Coin", "C"); INSERT INTO evm_tokens(identifier, token_kind, chain, address, decimals, protocol) VALUES("eip155:1/erc20:0xcaDC0acd4B445166f12d2C07EAc6E2544FbE2Eef", "A", 1, "0xcaDC0acd4B445166f12d2C07EAc6E2544FbE2Eef", 18, ""); INSERT INTO common_asset_details(identifier, symbol, coingecko, cryptocompare, forked, started, swapped_for) VALUES("eip155:1/erc20:0xcaDC0acd4B445166f12d2C07EAc6E2544FbE2Eef", "CADC", "", "CADC", NULL, NULL, NULL);
UPDATE common_asset_details SET cryptocompare = 'ARPA' WHERE identifier = 'eip155:1/erc20:0xBA50933C268F567BDC86E1aC131BE072C6B0b71a';
INSERT INTO assets(identifier, name, type) VALUES("eip155:1/erc20:0xBA50933C268F567BDC86E1aC131BE072C6B0b71a", "ARPA Chain", "C"); INSERT INTO evm_tokens(identifier, token_kind, chain, address, decimals, protocol) VALUES("eip155:1/erc20:0xBA50933C268F567BDC86E1aC131BE072C6B0b71a", "A", 1, "0xBA50933C268F567BDC86E1aC131BE072C6B0b71a", 18, ""); INSERT INTO common_asset_details(identifier, symbol, coingecko, cryptocompare, forked, started, swapped_for) VALUES("eip155:1/erc20:0xBA50933C268F567BDC86E1aC131BE072C6B0b71a", "ARPA", "arpa", "ARPA", NULL, 1555891200, NULL);
UPDATE common_asset_details SET cryptocompare = 'PNT' WHERE identifier = 'eip155:1/erc20:0x89Ab32156e46F46D02ade3FEcbe5Fc4243B9AAeD';
INSERT INTO assets(identifier, name, type) VALUES("eip155:1/erc20:0x89Ab32156e46F46D02ade3FEcbe5Fc4243B9AAeD", "pNetwork Token", "C"); INSERT INTO evm_tokens(identifier, token_kind, chain, address, decimals, protocol) VALUES("eip155:1/erc20:0x89Ab32156e46F46D02ade3FEcbe5Fc4243B9AAeD", "A", 1, "0x89Ab32156e46F46D02ade3FEcbe5Fc4243B9AAeD", 18, ""); INSERT INTO common_asset_details(identifier, symbol, coingecko, cryptocompare, forked, started, swapped_for) VALUES("eip155:1/erc20:0x89Ab32156e46F46D02ade3FEcbe5Fc4243B9AAeD", "PNT", "pnetwork", "PNT", NULL, 1592411070, NULL);
UPDATE common_asset_details SET cryptocompare = 'MOG' WHERE identifier = 'eip155:1/erc20:0xaaeE1A9723aaDB7afA2810263653A34bA2C21C7a';
INSERT INTO assets(identifier, name, type) VALUES("eip155:1/erc20:0xaaeE1A9723aaDB7afA2810263653A34bA2C21C7a", "Mog Coin", "C"); INSERT INTO evm_tokens(identifier, token_kind, chain, address, decimals, protocol) VALUES("eip155:1/erc20:0xaaeE1A9723aaDB7afA2810263653A34bA2C21C7a", "A", 1, "0xaaeE1A9723aaDB7afA2810263653A34bA2C21C7a", 18, ""); INSERT INTO common_asset_details(identifier, symbol, coingecko, cryptocompare, forked, started, swapped_for) VALUES("eip155:1/erc20:0xaaeE1A9723aaDB7afA2810263653A34bA2C21C7a", "Mog", "mog-coin", "MOG", NULL, 1689822407, NULL);
UPDATE common_asset_details SET cryptocompare = 'AIDT' WHERE identifier = 'eip155:1/erc20:0xD178b20c6007572bD1FD01D205cC20D32B4A6015';
INSERT INTO assets(identifier, name, type) VALUES("eip155:1/erc20:0xD178b20c6007572bD1FD01D205cC20D32B4A6015", "AIDUS TOKEN", "C"); INSERT INTO evm_tokens(identifier, token_kind, chain, address, decimals, protocol) VALUES("eip155:1/erc20:0xD178b20c6007572bD1FD01D205cC20D32B4A6015", "A", 1, "0xD178b20c6007572bD1FD01D205cC20D32B4A6015", 18, ""); INSERT INTO common_asset_details(identifier, symbol, coingecko, cryptocompare, forked, started, swapped_for) VALUES("eip155:1/erc20:0xD178b20c6007572bD1FD01D205cC20D32B4A6015", "AID", "aidus", "AIDT", NULL, 1552002850, NULL);
UPDATE common_asset_details SET cryptocompare = 'STRONG' WHERE identifier = 'eip155:1/erc20:0x990f341946A3fdB507aE7e52d17851B87168017c';
INSERT INTO assets(identifier, name, type) VALUES("eip155:1/erc20:0x990f341946A3fdB507aE7e52d17851B87168017c", "Strong", "C"); INSERT INTO evm_tokens(identifier, token_kind, chain, address, decimals, protocol) VALUES("eip155:1/erc20:0x990f341946A3fdB507aE7e52d17851B87168017c", "A", 1, "0x990f341946A3fdB507aE7e52d17851B87168017c", 18, ""); INSERT INTO common_asset_details(identifier, symbol, coingecko, cryptocompare, forked, started, swapped_for) VALUES("eip155:1/erc20:0x990f341946A3fdB507aE7e52d17851B87168017c", "STRONG", "strong", "STRONG", NULL, 1596834300, NULL);
UPDATE common_asset_details SET cryptocompare = 'ZCO' WHERE identifier = 'eip155:1/erc20:0x2008e3057BD734e10AD13c9EAe45Ff132aBc1722';
INSERT INTO assets(identifier, name, type) VALUES("eip155:1/erc20:0x2008e3057BD734e10AD13c9EAe45Ff132aBc1722", "Zebi", "C"); INSERT INTO evm_tokens(identifier, token_kind, chain, address, decimals, protocol) VALUES("eip155:1/erc20:0x2008e3057BD734e10AD13c9EAe45Ff132aBc1722", "A", 1, "0x2008e3057BD734e10AD13c9EAe45Ff132aBc1722", 8, ""); INSERT INTO common_asset_details(identifier, symbol, coingecko, cryptocompare, forked, started, swapped_for) VALUES("eip155:1/erc20:0x2008e3057BD734e10AD13c9EAe45Ff132aBc1722", "ZCO", "zebi", "ZCO", NULL, 1517788800, NULL);
UPDATE common_asset_details SET cryptocompare = 'FXT' WHERE identifier = 'eip155:1/erc20:0x1829aA045E21E0D59580024A951DB48096e01782';
INSERT INTO assets(identifier, name, type) VALUES("eip155:1/erc20:0x1829aA045E21E0D59580024A951DB48096e01782", "FuzeX", "C"); INSERT INTO evm_tokens(identifier, token_kind, chain, address, decimals, protocol) VALUES("eip155:1/erc20:0x1829aA045E21E0D59580024A951DB48096e01782", "A", 1, "0x1829aA045E21E0D59580024A951DB48096e01782", 18, ""); INSERT INTO common_asset_details(identifier, symbol, coingecko, cryptocompare, forked, started, swapped_for) VALUES("eip155:1/erc20:0x1829aA045E21E0D59580024A951DB48096e01782", "FXT", "fuzex", "FXT", NULL, 1515857283, NULL);
UPDATE common_asset_details SET cryptocompare = 'BTU' WHERE identifier = 'eip155:1/erc20:0xb683D83a532e2Cb7DFa5275eED3698436371cc9f';
INSERT INTO assets(identifier, name, type) VALUES("eip155:1/erc20:0xb683D83a532e2Cb7DFa5275eED3698436371cc9f", "BTU Protocol", "C"); INSERT INTO evm_tokens(identifier, token_kind, chain, address, decimals, protocol) VALUES("eip155:1/erc20:0xb683D83a532e2Cb7DFa5275eED3698436371cc9f", "A", 1, "0xb683D83a532e2Cb7DFa5275eED3698436371cc9f", 18, ""); INSERT INTO common_asset_details(identifier, symbol, coingecko, cryptocompare, forked, started, swapped_for) VALUES("eip155:1/erc20:0xb683D83a532e2Cb7DFa5275eED3698436371cc9f", "BTU", "btu-protocol", "BTU", NULL, 1525910400, NULL);
UPDATE common_asset_details SET cryptocompare = 'HIPENGUINS' WHERE identifier = 'eip155:1/erc20:0x669dB4c47f89f21554Ebd825A744888725FD9491';
INSERT INTO assets(identifier, name, type) VALUES("eip155:1/erc20:0x669dB4c47f89f21554Ebd825A744888725FD9491", "hiPENGUINS", "C"); INSERT INTO evm_tokens(identifier, token_kind, chain, address, decimals, protocol) VALUES("eip155:1/erc20:0x669dB4c47f89f21554Ebd825A744888725FD9491", "A", 1, "0x669dB4c47f89f21554Ebd825A744888725FD9491", 18, ""); INSERT INTO common_asset_details(identifier, symbol, coingecko, cryptocompare, forked, started, swapped_for) VALUES("eip155:1/erc20:0x669dB4c47f89f21554Ebd825A744888725FD9491", "hiPENGUINS", "hipenguins", "HIPENGUINS", NULL, 1669607855, NULL);
UPDATE common_asset_details SET cryptocompare = 'DADI' WHERE identifier = 'eip155:1/erc20:0xFb2f26F266Fb2805a387230f2aa0a331b4d96Fba';
INSERT INTO assets(identifier, name, type) VALUES("eip155:1/erc20:0xFb2f26F266Fb2805a387230f2aa0a331b4d96Fba", "Edge", "C"); INSERT INTO evm_tokens(identifier, token_kind, chain, address, decimals, protocol) VALUES("eip155:1/erc20:0xFb2f26F266Fb2805a387230f2aa0a331b4d96Fba", "A", 1, "0xFb2f26F266Fb2805a387230f2aa0a331b4d96Fba", 18, ""); INSERT INTO common_asset_details(identifier, symbol, coingecko, cryptocompare, forked, started, swapped_for) VALUES("eip155:1/erc20:0xFb2f26F266Fb2805a387230f2aa0a331b4d96Fba", "DADI", "", "DADI", NULL, 1504224000, NULL);
UPDATE common_asset_details SET cryptocompare = 'BUX' WHERE identifier = 'eip155:56/erc20:0x211FfbE424b90e25a15531ca322adF1559779E45';
INSERT INTO assets(identifier, name, type) VALUES("eip155:56/erc20:0x211FfbE424b90e25a15531ca322adF1559779E45", "BUX Token", "C"); INSERT INTO evm_tokens(identifier, token_kind, chain, address, decimals, protocol) VALUES("eip155:56/erc20:0x211FfbE424b90e25a15531ca322adF1559779E45", "A", 56, "0x211FfbE424b90e25a15531ca322adF1559779E45", 18, ""); INSERT INTO common_asset_details(identifier, symbol, coingecko, cryptocompare, forked, started, swapped_for) VALUES("eip155:56/erc20:0x211FfbE424b90e25a15531ca322adF1559779E45", "BUX", "blockport", "BUX", NULL, 1606757472, NULL);
UPDATE common_asset_details SET cryptocompare = 'NPXS' WHERE identifier = 'eip155:1/erc20:0xA15C7Ebe1f07CaF6bFF097D8a589fb8AC49Ae5B3';
INSERT INTO assets(identifier, name, type) VALUES("eip155:1/erc20:0xA15C7Ebe1f07CaF6bFF097D8a589fb8AC49Ae5B3", "Pundi X", "C"); INSERT INTO evm_tokens(identifier, token_kind, chain, address, decimals, protocol) VALUES("eip155:1/erc20:0xA15C7Ebe1f07CaF6bFF097D8a589fb8AC49Ae5B3", "A", 1, "0xA15C7Ebe1f07CaF6bFF097D8a589fb8AC49Ae5B3", 18, ""); INSERT INTO common_asset_details(identifier, symbol, coingecko, cryptocompare, forked, started, swapped_for) VALUES("eip155:1/erc20:0xA15C7Ebe1f07CaF6bFF097D8a589fb8AC49Ae5B3", "NPXS", "pundi-x", "NPXS", NULL, 1506470400, "eip155:1/erc20:0x0FD10b9899882a6f2fcb5c371E17e70FdEe00C38");
UPDATE common_asset_details SET cryptocompare = 'BUSD' WHERE identifier = 'eip155:1/erc20:0x4Fabb145d64652a948d72533023f6E7A623C7C53';
INSERT INTO assets(identifier, name, type) VALUES("eip155:1/erc20:0x4Fabb145d64652a948d72533023f6E7A623C7C53", "Binance USD", "C"); INSERT INTO evm_tokens(identifier, token_kind, chain, address, decimals, protocol) VALUES("eip155:1/erc20:0x4Fabb145d64652a948d72533023f6E7A623C7C53", "A", 1, "0x4Fabb145d64652a948d72533023f6E7A623C7C53", 18, ""); INSERT INTO common_asset_details(identifier, symbol, coingecko, cryptocompare, forked, started, swapped_for) VALUES("eip155:1/erc20:0x4Fabb145d64652a948d72533023f6E7A623C7C53", "BUSD", "binance-usd", "BUSD", NULL, 1567641600, NULL);
UPDATE common_asset_details SET cryptocompare = 'AKNC' WHERE identifier = 'eip155:1/erc20:0x9D91BE44C06d373a8a226E1f3b146956083803eB';
INSERT INTO assets(identifier, name, type) VALUES("eip155:1/erc20:0x9D91BE44C06d373a8a226E1f3b146956083803eB", "Aave Interest bearing KNC", "C"); INSERT INTO evm_tokens(identifier, token_kind, chain, address, decimals, protocol) VALUES("eip155:1/erc20:0x9D91BE44C06d373a8a226E1f3b146956083803eB", "A", 1, "0x9D91BE44C06d373a8a226E1f3b146956083803eB", 18, "aave"); INSERT INTO common_asset_details(identifier, symbol, coingecko, cryptocompare, forked, started, swapped_for) VALUES("eip155:1/erc20:0x9D91BE44C06d373a8a226E1f3b146956083803eB", "aKNC", "aave-knc", "AKNC", NULL, 1578501790, NULL);
UPDATE common_asset_details SET cryptocompare = 'BIBI' WHERE identifier = 'eip155:56/erc20:0xFE8bF5B8F5e4eb5f9BC2be16303f7dAB8CF56aA8';
INSERT INTO assets(identifier, name, type) VALUES("eip155:56/erc20:0xFE8bF5B8F5e4eb5f9BC2be16303f7dAB8CF56aA8", "BIBI", "C"); INSERT INTO evm_tokens(identifier, token_kind, chain, address, decimals, protocol) VALUES("eip155:56/erc20:0xFE8bF5B8F5e4eb5f9BC2be16303f7dAB8CF56aA8", "A", 56, "0xFE8bF5B8F5e4eb5f9BC2be16303f7dAB8CF56aA8", 18, ""); INSERT INTO common_asset_details(identifier, symbol, coingecko, cryptocompare, forked, started, swapped_for) VALUES("eip155:56/erc20:0xFE8bF5B8F5e4eb5f9BC2be16303f7dAB8CF56aA8", "BIBI", "bibi", "BIBI", NULL, 1683480032, NULL);
UPDATE common_asset_details SET cryptocompare = 'APY' WHERE identifier = 'eip155:1/erc20:0x95a4492F028aa1fd432Ea71146b433E7B4446611';
INSERT INTO assets(identifier, name, type) VALUES("eip155:1/erc20:0x95a4492F028aa1fd432Ea71146b433E7B4446611", "APY.Finance", "C"); INSERT INTO evm_tokens(identifier, token_kind, chain, address, decimals, protocol) VALUES("eip155:1/erc20:0x95a4492F028aa1fd432Ea71146b433E7B4446611", "A", 1, "0x95a4492F028aa1fd432Ea71146b433E7B4446611", 18, ""); INSERT INTO common_asset_details(identifier, symbol, coingecko, cryptocompare, forked, started, swapped_for) VALUES("eip155:1/erc20:0x95a4492F028aa1fd432Ea71146b433E7B4446611", "APY", "apy-finance", "APY", NULL, 1604545092, NULL);
UPDATE common_asset_details SET cryptocompare = 'AIX' WHERE identifier = 'eip155:1/erc20:0x1063ce524265d5a3A624f4914acd573dD89ce988';
INSERT INTO assets(identifier, name, type) VALUES("eip155:1/erc20:0x1063ce524265d5a3A624f4914acd573dD89ce988", "Aigang", "C"); INSERT INTO evm_tokens(identifier, token_kind, chain, address, decimals, protocol) VALUES("eip155:1/erc20:0x1063ce524265d5a3A624f4914acd573dD89ce988", "A", 1, "0x1063ce524265d5a3A624f4914acd573dD89ce988", 18, ""); INSERT INTO common_asset_details(identifier, symbol, coingecko, cryptocompare, forked, started, swapped_for) VALUES("eip155:1/erc20:0x1063ce524265d5a3A624f4914acd573dD89ce988", "AIX", "", "AIX", NULL, 1510652536, NULL);
UPDATE common_asset_details SET cryptocompare = 'SOLA' WHERE identifier = 'eip155:1/erc20:0x1F54638b7737193FFd86c19Ec51907A7c41755D8';
INSERT INTO assets(identifier, name, type) VALUES("eip155:1/erc20:0x1F54638b7737193FFd86c19Ec51907A7c41755D8", "Sola Token", "C"); INSERT INTO evm_tokens(identifier, token_kind, chain, address, decimals, protocol) VALUES("eip155:1/erc20:0x1F54638b7737193FFd86c19Ec51907A7c41755D8", "A", 1, "0x1F54638b7737193FFd86c19Ec51907A7c41755D8", 6, ""); INSERT INTO common_asset_details(identifier, symbol, coingecko, cryptocompare, forked, started, swapped_for) VALUES("eip155:1/erc20:0x1F54638b7737193FFd86c19Ec51907A7c41755D8", "SOL", "", "SOLA", NULL, 1514467063, NULL);
UPDATE common_asset_details SET cryptocompare = 'GEN' WHERE identifier = 'eip155:1/erc20:0x543Ff227F64Aa17eA132Bf9886cAb5DB55DCAddf';
INSERT INTO assets(identifier, name, type) VALUES("eip155:1/erc20:0x543Ff227F64Aa17eA132Bf9886cAb5DB55DCAddf", "DAOstack", "C"); INSERT INTO evm_tokens(identifier, token_kind, chain, address, decimals, protocol) VALUES("eip155:1/erc20:0x543Ff227F64Aa17eA132Bf9886cAb5DB55DCAddf", "A", 1, "0x543Ff227F64Aa17eA132Bf9886cAb5DB55DCAddf", 18, ""); INSERT INTO common_asset_details(identifier, symbol, coingecko, cryptocompare, forked, started, swapped_for) VALUES("eip155:1/erc20:0x543Ff227F64Aa17eA132Bf9886cAb5DB55DCAddf", "GEN", "genesis-coin", "GEN", NULL, 1524996077, NULL);
UPDATE common_asset_details SET cryptocompare = 'FTX' WHERE identifier = 'eip155:1/erc20:0xd559f20296FF4895da39b5bd9ADd54b442596a61';
INSERT INTO assets(identifier, name, type) VALUES("eip155:1/erc20:0xd559f20296FF4895da39b5bd9ADd54b442596a61", "FintruX Network", "C"); INSERT INTO evm_tokens(identifier, token_kind, chain, address, decimals, protocol) VALUES("eip155:1/erc20:0xd559f20296FF4895da39b5bd9ADd54b442596a61", "A", 1, "0xd559f20296FF4895da39b5bd9ADd54b442596a61", 18, ""); INSERT INTO common_asset_details(identifier, symbol, coingecko, cryptocompare, forked, started, swapped_for) VALUES("eip155:1/erc20:0xd559f20296FF4895da39b5bd9ADd54b442596a61", "FTX", "fintrux", "FTX", NULL, 1503100800, NULL);
UPDATE common_asset_details SET cryptocompare = 'CRV' WHERE identifier = 'eip155:1/erc20:0xD533a949740bb3306d119CC777fa900bA034cd52';
INSERT INTO assets(identifier, name, type) VALUES("eip155:1/erc20:0xD533a949740bb3306d119CC777fa900bA034cd52", "Curve DAO Token", "C"); INSERT INTO evm_tokens(identifier, token_kind, chain, address, decimals, protocol) VALUES("eip155:1/erc20:0xD533a949740bb3306d119CC777fa900bA034cd52", "A", 1, "0xD533a949740bb3306d119CC777fa900bA034cd52", 18, ""); INSERT INTO common_asset_details(identifier, symbol, coingecko, cryptocompare, forked, started, swapped_for) VALUES("eip155:1/erc20:0xD533a949740bb3306d119CC777fa900bA034cd52", "CRV", "curve-dao-token", "CRV", NULL, 1597270648, NULL);
UPDATE common_asset_details SET cryptocompare = 'DRGN' WHERE identifier = 'eip155:1/erc20:0x419c4dB4B9e25d6Db2AD9691ccb832C8D9fDA05E';
INSERT INTO assets(identifier, name, type) VALUES("eip155:1/erc20:0x419c4dB4B9e25d6Db2AD9691ccb832C8D9fDA05E", "Dragonchain", "C"); INSERT INTO evm_tokens(identifier, token_kind, chain, address, decimals, protocol) VALUES("eip155:1/erc20:0x419c4dB4B9e25d6Db2AD9691ccb832C8D9fDA05E", "A", 1, "0x419c4dB4B9e25d6Db2AD9691ccb832C8D9fDA05E", 18, ""); INSERT INTO common_asset_details(identifier, symbol, coingecko, cryptocompare, forked, started, swapped_for) VALUES("eip155:1/erc20:0x419c4dB4B9e25d6Db2AD9691ccb832C8D9fDA05E", "DRGN", "dragonchain", "DRGN", NULL, 1502928000, NULL);
UPDATE common_asset_details SET cryptocompare = 'EXA' WHERE identifier = 'eip155:10/erc20:0x1e925De1c68ef83bD98eE3E130eF14a50309C01B';
INSERT INTO assets(identifier, name, type) VALUES("eip155:10/erc20:0x1e925De1c68ef83bD98eE3E130eF14a50309C01B", "exactly", "C"); INSERT INTO evm_tokens(identifier, token_kind, chain, address, decimals, protocol) VALUES("eip155:10/erc20:0x1e925De1c68ef83bD98eE3E130eF14a50309C01B", "A", 10, "0x1e925De1c68ef83bD98eE3E130eF14a50309C01B", 18, ""); INSERT INTO common_asset_details(identifier, symbol, coingecko, cryptocompare, forked, started, swapped_for) VALUES("eip155:10/erc20:0x1e925De1c68ef83bD98eE3E130eF14a50309C01B", "EXA", "", "EXA", NULL, 1716205029, NULL);
UPDATE common_asset_details SET cryptocompare = 'SPOOL' WHERE identifier = 'eip155:1/erc20:0x40803cEA2b2A32BdA1bE61d3604af6a814E70976';
INSERT INTO assets(identifier, name, type) VALUES("eip155:1/erc20:0x40803cEA2b2A32BdA1bE61d3604af6a814E70976", "Spool DAO Token", "C"); INSERT INTO evm_tokens(identifier, token_kind, chain, address, decimals, protocol) VALUES("eip155:1/erc20:0x40803cEA2b2A32BdA1bE61d3604af6a814E70976", "A", 1, "0x40803cEA2b2A32BdA1bE61d3604af6a814E70976", 18, ""); INSERT INTO common_asset_details(identifier, symbol, coingecko, cryptocompare, forked, started, swapped_for) VALUES("eip155:1/erc20:0x40803cEA2b2A32BdA1bE61d3604af6a814E70976", "SPOOL", "", "SPOOL", NULL, NULL, NULL);
UPDATE common_asset_details SET cryptocompare = 'LCT' WHERE identifier = 'eip155:1/erc20:0x05C7065d644096a4E4C3FE24AF86e36dE021074b';
INSERT INTO assets(identifier, name, type) VALUES("eip155:1/erc20:0x05C7065d644096a4E4C3FE24AF86e36dE021074b", "LendConnect", "C"); INSERT INTO evm_tokens(identifier, token_kind, chain, address, decimals, protocol) VALUES("eip155:1/erc20:0x05C7065d644096a4E4C3FE24AF86e36dE021074b", "A", 1, "0x05C7065d644096a4E4C3FE24AF86e36dE021074b", 18, ""); INSERT INTO common_asset_details(identifier, symbol, coingecko, cryptocompare, forked, started, swapped_for) VALUES("eip155:1/erc20:0x05C7065d644096a4E4C3FE24AF86e36dE021074b", "LCT", "", "LCT", NULL, 1511263649, NULL);
UPDATE common_asset_details SET cryptocompare = 'ONOT' WHERE identifier = 'eip155:1/erc20:0xB31C219959E06f9aFBeB36b388a4BaD13E802725';
INSERT INTO assets(identifier, name, type) VALUES("eip155:1/erc20:0xB31C219959E06f9aFBeB36b388a4BaD13E802725", "ONOT", "C"); INSERT INTO evm_tokens(identifier, token_kind, chain, address, decimals, protocol) VALUES("eip155:1/erc20:0xB31C219959E06f9aFBeB36b388a4BaD13E802725", "A", 1, "0xB31C219959E06f9aFBeB36b388a4BaD13E802725", 18, "spam"); INSERT INTO common_asset_details(identifier, symbol, coingecko, cryptocompare, forked, started, swapped_for) VALUES("eip155:1/erc20:0xB31C219959E06f9aFBeB36b388a4BaD13E802725", "ONOT", "", "ONOT", NULL, NULL, NULL);
UPDATE common_asset_details SET cryptocompare = 'MCAP' WHERE identifier = 'eip155:1/erc20:0x93E682107d1E9defB0b5ee701C71707a4B2E46Bc';
INSERT INTO assets(identifier, name, type) VALUES("eip155:1/erc20:0x93E682107d1E9defB0b5ee701C71707a4B2E46Bc", "MCAP", "C"); INSERT INTO evm_tokens(identifier, token_kind, chain, address, decimals, protocol) VALUES("eip155:1/erc20:0x93E682107d1E9defB0b5ee701C71707a4B2E46Bc", "A", 1, "0x93E682107d1E9defB0b5ee701C71707a4B2E46Bc", 8, ""); INSERT INTO common_asset_details(identifier, symbol, coingecko, cryptocompare, forked, started, swapped_for) VALUES("eip155:1/erc20:0x93E682107d1E9defB0b5ee701C71707a4B2E46Bc", "MCAP", "", "MCAP", NULL, 1495634538, NULL);
UPDATE common_asset_details SET cryptocompare = 'STORM' WHERE identifier = 'eip155:1/erc20:0xD0a4b8946Cb52f0661273bfbC6fD0E0C75Fc6433';
INSERT INTO assets(identifier, name, type) VALUES("eip155:1/erc20:0xD0a4b8946Cb52f0661273bfbC6fD0E0C75Fc6433", "Storm", "C"); INSERT INTO evm_tokens(identifier, token_kind, chain, address, decimals, protocol) VALUES("eip155:1/erc20:0xD0a4b8946Cb52f0661273bfbC6fD0E0C75Fc6433", "A", 1, "0xD0a4b8946Cb52f0661273bfbC6fD0E0C75Fc6433", 18, ""); INSERT INTO common_asset_details(identifier, symbol, coingecko, cryptocompare, forked, started, swapped_for) VALUES("eip155:1/erc20:0xD0a4b8946Cb52f0661273bfbC6fD0E0C75Fc6433", "STORM", "", "STORM", NULL, 1509926400, NULL);
UPDATE common_asset_details SET cryptocompare = 'UFR' WHERE identifier = 'eip155:1/erc20:0xEA097A2b1dB00627B2Fa17460Ad260c016016977';
INSERT INTO assets(identifier, name, type) VALUES("eip155:1/erc20:0xEA097A2b1dB00627B2Fa17460Ad260c016016977", "Upfiring", "C"); INSERT INTO evm_tokens(identifier, token_kind, chain, address, decimals, protocol) VALUES("eip155:1/erc20:0xEA097A2b1dB00627B2Fa17460Ad260c016016977", "A", 1, "0xEA097A2b1dB00627B2Fa17460Ad260c016016977", 18, ""); INSERT INTO common_asset_details(identifier, symbol, coingecko, cryptocompare, forked, started, swapped_for) VALUES("eip155:1/erc20:0xEA097A2b1dB00627B2Fa17460Ad260c016016977", "UFR", "upfiring", "UFR", NULL, 1506913700, NULL);
UPDATE common_asset_details SET cryptocompare = 'PTON' WHERE identifier = 'eip155:1/erc20:0x4946583c5b86E01cCD30c71a05617D06E3E73060';
INSERT INTO assets(identifier, name, type) VALUES("eip155:1/erc20:0x4946583c5b86E01cCD30c71a05617D06E3E73060", "Foresting", "C"); INSERT INTO evm_tokens(identifier, token_kind, chain, address, decimals, protocol) VALUES("eip155:1/erc20:0x4946583c5b86E01cCD30c71a05617D06E3E73060", "A", 1, "0x4946583c5b86E01cCD30c71a05617D06E3E73060", 18, ""); INSERT INTO common_asset_details(identifier, symbol, coingecko, cryptocompare, forked, started, swapped_for) VALUES("eip155:1/erc20:0x4946583c5b86E01cCD30c71a05617D06E3E73060", "PTON", "foresting", "PTON", NULL, 1536887841, NULL);
UPDATE common_asset_details SET cryptocompare = 'SYBTC' WHERE identifier = 'eip155:1/erc20:0xfE18be6b3Bd88A2D2A7f928d00292E7a9963CfC6';
INSERT INTO assets(identifier, name, type) VALUES("eip155:1/erc20:0xfE18be6b3Bd88A2D2A7f928d00292E7a9963CfC6", "Synth sBTC", "C"); INSERT INTO evm_tokens(identifier, token_kind, chain, address, decimals, protocol) VALUES("eip155:1/erc20:0xfE18be6b3Bd88A2D2A7f928d00292E7a9963CfC6", "A", 1, "0xfE18be6b3Bd88A2D2A7f928d00292E7a9963CfC6", 18, ""); INSERT INTO common_asset_details(identifier, symbol, coingecko, cryptocompare, forked, started, swapped_for) VALUES("eip155:1/erc20:0xfE18be6b3Bd88A2D2A7f928d00292E7a9963CfC6", "sBTC", "sbtc", "SYBTC", NULL, 1569481945, NULL);
UPDATE common_asset_details SET cryptocompare = 'USDV' WHERE identifier = 'eip155:1/erc20:0x0E573Ce2736Dd9637A0b21058352e1667925C7a8';
INSERT INTO assets(identifier, name, type) VALUES("eip155:1/erc20:0x0E573Ce2736Dd9637A0b21058352e1667925C7a8", "USDV", "C"); INSERT INTO evm_tokens(identifier, token_kind, chain, address, decimals, protocol) VALUES("eip155:1/erc20:0x0E573Ce2736Dd9637A0b21058352e1667925C7a8", "A", 1, "0x0E573Ce2736Dd9637A0b21058352e1667925C7a8", 6, ""); INSERT INTO common_asset_details(identifier, symbol, coingecko, cryptocompare, forked, started, swapped_for) VALUES("eip155:1/erc20:0x0E573Ce2736Dd9637A0b21058352e1667925C7a8", "USDV", "", "USDV", NULL, NULL, NULL);
UPDATE common_asset_details SET cryptocompare = 'HISAND33' WHERE identifier = 'eip155:1/erc20:0x12AEf5C60C2C86c8ECD3079f22F285f326371340';
INSERT INTO assets(identifier, name, type) VALUES("eip155:1/erc20:0x12AEf5C60C2C86c8ECD3079f22F285f326371340", "hiSAND33", "C"); INSERT INTO evm_tokens(identifier, token_kind, chain, address, decimals, protocol) VALUES("eip155:1/erc20:0x12AEf5C60C2C86c8ECD3079f22F285f326371340", "A", 1, "0x12AEf5C60C2C86c8ECD3079f22F285f326371340", 18, ""); INSERT INTO common_asset_details(identifier, symbol, coingecko, cryptocompare, forked, started, swapped_for) VALUES("eip155:1/erc20:0x12AEf5C60C2C86c8ECD3079f22F285f326371340", "hiSAND33", "hisand33", "HISAND33", NULL, 1660809415, NULL);
UPDATE common_asset_details SET cryptocompare = 'HIAZUKI' WHERE identifier = 'eip155:1/erc20:0x4DB26817c88A57D2ef84cFd90168f535Ee83bDA9';
INSERT INTO assets(identifier, name, type) VALUES("eip155:1/erc20:0x4DB26817c88A57D2ef84cFd90168f535Ee83bDA9", "hiAZUKI", "C"); INSERT INTO evm_tokens(identifier, token_kind, chain, address, decimals, protocol) VALUES("eip155:1/erc20:0x4DB26817c88A57D2ef84cFd90168f535Ee83bDA9", "A", 1, "0x4DB26817c88A57D2ef84cFd90168f535Ee83bDA9", 18, ""); INSERT INTO common_asset_details(identifier, symbol, coingecko, cryptocompare, forked, started, swapped_for) VALUES("eip155:1/erc20:0x4DB26817c88A57D2ef84cFd90168f535Ee83bDA9", "hiAZUKI", "hiazuki", "HIAZUKI", NULL, 1671422339, NULL);
UPDATE common_asset_details SET cryptocompare = 'TRG' WHERE identifier = 'eip155:1/erc20:0x93eEB426782BD88fCD4B48D7b0368CF061044928';
INSERT INTO assets(identifier, name, type) VALUES("eip155:1/erc20:0x93eEB426782BD88fCD4B48D7b0368CF061044928", "The Rug Game", "C"); INSERT INTO evm_tokens(identifier, token_kind, chain, address, decimals, protocol) VALUES("eip155:1/erc20:0x93eEB426782BD88fCD4B48D7b0368CF061044928", "A", 1, "0x93eEB426782BD88fCD4B48D7b0368CF061044928", 18, ""); INSERT INTO common_asset_details(identifier, symbol, coingecko, cryptocompare, forked, started, swapped_for) VALUES("eip155:1/erc20:0x93eEB426782BD88fCD4B48D7b0368CF061044928", "TRG", "the-rug-game", "TRG", NULL, 1673421467, NULL);
UPDATE common_asset_details SET cryptocompare = 'WUSD' WHERE identifier = 'eip155:1/erc20:0xb6667b04Cb61Aa16B59617f90FFA068722Cf21dA';
INSERT INTO assets(identifier, name, type) VALUES("eip155:1/erc20:0xb6667b04Cb61Aa16B59617f90FFA068722Cf21dA", "Worldwide USD", "C"); INSERT INTO evm_tokens(identifier, token_kind, chain, address, decimals, protocol) VALUES("eip155:1/erc20:0xb6667b04Cb61Aa16B59617f90FFA068722Cf21dA", "A", 1, "0xb6667b04Cb61Aa16B59617f90FFA068722Cf21dA", 6, ""); INSERT INTO common_asset_details(identifier, symbol, coingecko, cryptocompare, forked, started, swapped_for) VALUES("eip155:1/erc20:0xb6667b04Cb61Aa16B59617f90FFA068722Cf21dA", "WUSD", "", "WUSD", NULL, NULL, NULL);
UPDATE common_asset_details SET cryptocompare = 'ELTCOIN' WHERE identifier = 'eip155:1/erc20:0x44197A4c44D6A059297cAf6be4F7e172BD56Caaf';
INSERT INTO assets(identifier, name, type) VALUES("eip155:1/erc20:0x44197A4c44D6A059297cAf6be4F7e172BD56Caaf", "ELTCOIN", "C"); INSERT INTO evm_tokens(identifier, token_kind, chain, address, decimals, protocol) VALUES("eip155:1/erc20:0x44197A4c44D6A059297cAf6be4F7e172BD56Caaf", "A", 1, "0x44197A4c44D6A059297cAf6be4F7e172BD56Caaf", 8, ""); INSERT INTO common_asset_details(identifier, symbol, coingecko, cryptocompare, forked, started, swapped_for) VALUES("eip155:1/erc20:0x44197A4c44D6A059297cAf6be4F7e172BD56Caaf", "ELTCOIN", "eltcoin", "ELTCOIN", NULL, 1507248000, NULL);
UPDATE common_asset_details SET cryptocompare = 'PCH' WHERE identifier = 'eip155:1/erc20:0xE3F4b4A5d91e5cB9435B947F090A319737036312';
INSERT INTO assets(identifier, name, type) VALUES("eip155:1/erc20:0xE3F4b4A5d91e5cB9435B947F090A319737036312", "POPCHAIN", "C"); INSERT INTO evm_tokens(identifier, token_kind, chain, address, decimals, protocol) VALUES("eip155:1/erc20:0xE3F4b4A5d91e5cB9435B947F090A319737036312", "A", 1, "0xE3F4b4A5d91e5cB9435B947F090A319737036312", 18, ""); INSERT INTO common_asset_details(identifier, symbol, coingecko, cryptocompare, forked, started, swapped_for) VALUES("eip155:1/erc20:0xE3F4b4A5d91e5cB9435B947F090A319737036312", "PCH", "popchain", "PCH", NULL, 1525192236, NULL);
UPDATE common_asset_details SET cryptocompare = 'PASS' WHERE identifier = 'eip155:1/erc20:0xeE4458e052B533b1aABD493B5f8c4d85D7B263Dc';
INSERT INTO assets(identifier, name, type) VALUES("eip155:1/erc20:0xeE4458e052B533b1aABD493B5f8c4d85D7B263Dc", "Blockpass", "C"); INSERT INTO evm_tokens(identifier, token_kind, chain, address, decimals, protocol) VALUES("eip155:1/erc20:0xeE4458e052B533b1aABD493B5f8c4d85D7B263Dc", "A", 1, "0xeE4458e052B533b1aABD493B5f8c4d85D7B263Dc", 6, ""); INSERT INTO common_asset_details(identifier, symbol, coingecko, cryptocompare, forked, started, swapped_for) VALUES("eip155:1/erc20:0xeE4458e052B533b1aABD493B5f8c4d85D7B263Dc", "PASS", "blockpass", "PASS", NULL, 1526462846, NULL);
UPDATE common_asset_details SET cryptocompare = 'BEPRO' WHERE identifier = 'eip155:1/erc20:0xCF3C8Be2e2C42331Da80EF210e9B1b307C03d36A';
INSERT INTO assets(identifier, name, type) VALUES("eip155:1/erc20:0xCF3C8Be2e2C42331Da80EF210e9B1b307C03d36A", "BetProtocolToken", "C"); INSERT INTO evm_tokens(identifier, token_kind, chain, address, decimals, protocol) VALUES("eip155:1/erc20:0xCF3C8Be2e2C42331Da80EF210e9B1b307C03d36A", "A", 1, "0xCF3C8Be2e2C42331Da80EF210e9B1b307C03d36A", 18, ""); INSERT INTO common_asset_details(identifier, symbol, coingecko, cryptocompare, forked, started, swapped_for) VALUES("eip155:1/erc20:0xCF3C8Be2e2C42331Da80EF210e9B1b307C03d36A", "BEPRO", "bepro-network", "BEPRO", NULL, 1601288115, NULL);
UPDATE common_asset_details SET cryptocompare = 'HIODBS' WHERE identifier = 'eip155:1/erc20:0x33bD66c334274989b673a8e8C8d1A3f1B8De5889';
INSERT INTO assets(identifier, name, type) VALUES("eip155:1/erc20:0x33bD66c334274989b673a8e8C8d1A3f1B8De5889", "hiODBS", "C"); INSERT INTO evm_tokens(identifier, token_kind, chain, address, decimals, protocol) VALUES("eip155:1/erc20:0x33bD66c334274989b673a8e8C8d1A3f1B8De5889", "A", 1, "0x33bD66c334274989b673a8e8C8d1A3f1B8De5889", 18, ""); INSERT INTO common_asset_details(identifier, symbol, coingecko, cryptocompare, forked, started, swapped_for) VALUES("eip155:1/erc20:0x33bD66c334274989b673a8e8C8d1A3f1B8De5889", "hiODBS", "hiodbs", "HIODBS", NULL, 1662620608, NULL);
UPDATE common_asset_details SET cryptocompare = 'ETBS' WHERE identifier = 'eip155:1/erc20:0x1B9743f556D65e757c4c650B4555bAF354cB8bd3';
INSERT INTO assets(identifier, name, type) VALUES("eip155:1/erc20:0x1B9743f556D65e757c4c650B4555bAF354cB8bd3", "Ethbits", "C"); INSERT INTO evm_tokens(identifier, token_kind, chain, address, decimals, protocol) VALUES("eip155:1/erc20:0x1B9743f556D65e757c4c650B4555bAF354cB8bd3", "A", 1, "0x1B9743f556D65e757c4c650B4555bAF354cB8bd3", 12, ""); INSERT INTO common_asset_details(identifier, symbol, coingecko, cryptocompare, forked, started, swapped_for) VALUES("eip155:1/erc20:0x1B9743f556D65e757c4c650B4555bAF354cB8bd3", "ETBS", "ethbits", "ETBS", NULL, 1492214400, NULL);
UPDATE common_asset_details SET cryptocompare = 'CMCT' WHERE identifier = 'eip155:1/erc20:0x47bc01597798DCD7506DCCA36ac4302fc93a8cFb';
INSERT INTO assets(identifier, name, type) VALUES("eip155:1/erc20:0x47bc01597798DCD7506DCCA36ac4302fc93a8cFb", "Crowd Machine", "C"); INSERT INTO evm_tokens(identifier, token_kind, chain, address, decimals, protocol) VALUES("eip155:1/erc20:0x47bc01597798DCD7506DCCA36ac4302fc93a8cFb", "A", 1, "0x47bc01597798DCD7506DCCA36ac4302fc93a8cFb", 8, ""); INSERT INTO common_asset_details(identifier, symbol, coingecko, cryptocompare, forked, started, swapped_for) VALUES("eip155:1/erc20:0x47bc01597798DCD7506DCCA36ac4302fc93a8cFb", "CMCT", "crowd-machine", "CMCT", NULL, 1522540800, NULL);
UPDATE common_asset_details SET cryptocompare = 'TROVE' WHERE identifier = 'eip155:42161/erc20:0x982239D38Af50B0168dA33346d85Fb12929c4c07';
INSERT INTO assets(identifier, name, type) VALUES("eip155:42161/erc20:0x982239D38Af50B0168dA33346d85Fb12929c4c07", "Arbitrove Governance Token", "C"); INSERT INTO evm_tokens(identifier, token_kind, chain, address, decimals, protocol) VALUES("eip155:42161/erc20:0x982239D38Af50B0168dA33346d85Fb12929c4c07", "A", 42161, "0x982239D38Af50B0168dA33346d85Fb12929c4c07", 18, ""); INSERT INTO common_asset_details(identifier, symbol, coingecko, cryptocompare, forked, started, swapped_for) VALUES("eip155:42161/erc20:0x982239D38Af50B0168dA33346d85Fb12929c4c07", "TROVE", "nitro-cartel", "TROVE", NULL, 1676128371, NULL);
UPDATE common_asset_details SET cryptocompare = 'JAR' WHERE identifier = 'eip155:1/erc20:0xa249DE6948022783765Fee4850d7b85E43118FCc';
INSERT INTO assets(identifier, name, type) VALUES("eip155:1/erc20:0xa249DE6948022783765Fee4850d7b85E43118FCc", "Jarvis+ Coins", "C"); INSERT INTO evm_tokens(identifier, token_kind, chain, address, decimals, protocol) VALUES("eip155:1/erc20:0xa249DE6948022783765Fee4850d7b85E43118FCc", "A", 1, "0xa249DE6948022783765Fee4850d7b85E43118FCc", 18, ""); INSERT INTO common_asset_details(identifier, symbol, coingecko, cryptocompare, forked, started, swapped_for) VALUES("eip155:1/erc20:0xa249DE6948022783765Fee4850d7b85E43118FCc", "JAR", "jarvis", "JAR", NULL, 1533721752, NULL);
UPDATE common_asset_details SET cryptocompare = 'EDG' WHERE identifier = 'eip155:1/erc20:0x08711D3B02C8758F2FB3ab4e80228418a7F8e39c';
INSERT INTO assets(identifier, name, type) VALUES("eip155:1/erc20:0x08711D3B02C8758F2FB3ab4e80228418a7F8e39c", "Edgeless", "C"); INSERT INTO evm_tokens(identifier, token_kind, chain, address, decimals, protocol) VALUES("eip155:1/erc20:0x08711D3B02C8758F2FB3ab4e80228418a7F8e39c", "A", 1, "0x08711D3B02C8758F2FB3ab4e80228418a7F8e39c", 0, ""); INSERT INTO common_asset_details(identifier, symbol, coingecko, cryptocompare, forked, started, swapped_for) VALUES("eip155:1/erc20:0x08711D3B02C8758F2FB3ab4e80228418a7F8e39c", "EDG", "edgeless", "EDG", NULL, 1487894400, NULL);
UPDATE common_asset_details SET cryptocompare = 'ADL' WHERE identifier = 'eip155:1/erc20:0x660e71483785f66133548B10f6926dC332b06e61';
INSERT INTO assets(identifier, name, type) VALUES("eip155:1/erc20:0x660e71483785f66133548B10f6926dC332b06e61", "Adelphoi", "C"); INSERT INTO evm_tokens(identifier, token_kind, chain, address, decimals, protocol) VALUES("eip155:1/erc20:0x660e71483785f66133548B10f6926dC332b06e61", "A", 1, "0x660e71483785f66133548B10f6926dC332b06e61", 18, ""); INSERT INTO common_asset_details(identifier, symbol, coingecko, cryptocompare, forked, started, swapped_for) VALUES("eip155:1/erc20:0x660e71483785f66133548B10f6926dC332b06e61", "ADL", "adelphoi", "ADL", NULL, 1480982400, NULL);
UPDATE common_asset_details SET cryptocompare = 'PLAYKEY' WHERE identifier = 'eip155:1/erc20:0x2604FA406Be957E542BEb89E6754fCdE6815e83f';
INSERT INTO assets(identifier, name, type) VALUES("eip155:1/erc20:0x2604FA406Be957E542BEb89E6754fCdE6815e83f", "Playkey", "C"); INSERT INTO evm_tokens(identifier, token_kind, chain, address, decimals, protocol) VALUES("eip155:1/erc20:0x2604FA406Be957E542BEb89E6754fCdE6815e83f", "A", 1, "0x2604FA406Be957E542BEb89E6754fCdE6815e83f", 18, ""); INSERT INTO common_asset_details(identifier, symbol, coingecko, cryptocompare, forked, started, swapped_for) VALUES("eip155:1/erc20:0x2604FA406Be957E542BEb89E6754fCdE6815e83f", "PKT", "playkey", "PLAYKEY", NULL, 1509513949, NULL);
UPDATE common_asset_details SET cryptocompare = 'IDH' WHERE identifier = 'eip155:1/erc20:0x5136C98A80811C3f46bDda8B5c4555CFd9f812F0';
INSERT INTO assets(identifier, name, type) VALUES("eip155:1/erc20:0x5136C98A80811C3f46bDda8B5c4555CFd9f812F0", "indaHash", "C"); INSERT INTO evm_tokens(identifier, token_kind, chain, address, decimals, protocol) VALUES("eip155:1/erc20:0x5136C98A80811C3f46bDda8B5c4555CFd9f812F0", "A", 1, "0x5136C98A80811C3f46bDda8B5c4555CFd9f812F0", 6, ""); INSERT INTO common_asset_details(identifier, symbol, coingecko, cryptocompare, forked, started, swapped_for) VALUES("eip155:1/erc20:0x5136C98A80811C3f46bDda8B5c4555CFd9f812F0", "IDH", "indahash", "IDH", NULL, 1510141391, NULL);
UPDATE common_asset_details SET cryptocompare = 'LEDU' WHERE identifier = 'eip155:1/erc20:0x5b26C5D0772E5bbaC8b3182AE9a13f9BB2D03765';
INSERT INTO assets(identifier, name, type) VALUES("eip155:1/erc20:0x5b26C5D0772E5bbaC8b3182AE9a13f9BB2D03765", "Education Ecosystem", "C"); INSERT INTO evm_tokens(identifier, token_kind, chain, address, decimals, protocol) VALUES("eip155:1/erc20:0x5b26C5D0772E5bbaC8b3182AE9a13f9BB2D03765", "A", 1, "0x5b26C5D0772E5bbaC8b3182AE9a13f9BB2D03765", 8, ""); INSERT INTO common_asset_details(identifier, symbol, coingecko, cryptocompare, forked, started, swapped_for) VALUES("eip155:1/erc20:0x5b26C5D0772E5bbaC8b3182AE9a13f9BB2D03765", "LEDU", "education-ecosystem", "LEDU", NULL, 1508803200, NULL);
UPDATE common_asset_details SET cryptocompare = 'WFLOW' WHERE identifier = 'eip155:1/erc20:0x5c147e74D63B1D31AA3Fd78Eb229B65161983B2b';
INSERT INTO assets(identifier, name, type) VALUES("eip155:1/erc20:0x5c147e74D63B1D31AA3Fd78Eb229B65161983B2b", "Wrapped Flow", "C"); INSERT INTO evm_tokens(identifier, token_kind, chain, address, decimals, protocol) VALUES("eip155:1/erc20:0x5c147e74D63B1D31AA3Fd78Eb229B65161983B2b", "A", 1, "0x5c147e74D63B1D31AA3Fd78Eb229B65161983B2b", 18, ""); INSERT INTO common_asset_details(identifier, symbol, coingecko, cryptocompare, forked, started, swapped_for) VALUES("eip155:1/erc20:0x5c147e74D63B1D31AA3Fd78Eb229B65161983B2b", "WFLOW", "wrapped-flow", "WFLOW", NULL, 1638237348, NULL);
UPDATE common_asset_details SET cryptocompare = 'VELOD' WHERE identifier = 'eip155:10/erc20:0x9560e827aF36c94D2Ac33a39bCE1Fe78631088Db';
INSERT INTO assets(identifier, name, type) VALUES("eip155:10/erc20:0x9560e827aF36c94D2Ac33a39bCE1Fe78631088Db", "VelodromeV2", "C"); INSERT INTO evm_tokens(identifier, token_kind, chain, address, decimals, protocol) VALUES("eip155:10/erc20:0x9560e827aF36c94D2Ac33a39bCE1Fe78631088Db", "A", 10, "0x9560e827aF36c94D2Ac33a39bCE1Fe78631088Db", 18, ""); INSERT INTO common_asset_details(identifier, symbol, coingecko, cryptocompare, forked, started, swapped_for) VALUES("eip155:10/erc20:0x9560e827aF36c94D2Ac33a39bCE1Fe78631088Db", "VELO", "velodrome-finance", "VELOD", NULL, 1716205473, NULL);
UPDATE common_asset_details SET cryptocompare = '3CRV' WHERE identifier = 'eip155:1/erc20:0x6c3F90f043a72FA612cbac8115EE7e52BDe6E490';
INSERT INTO assets(identifier, name, type) VALUES("eip155:1/erc20:0x6c3F90f043a72FA612cbac8115EE7e52BDe6E490", "Curve.fi DAI/USDC/USDT", "C"); INSERT INTO evm_tokens(identifier, token_kind, chain, address, decimals, protocol) VALUES("eip155:1/erc20:0x6c3F90f043a72FA612cbac8115EE7e52BDe6E490", "A", 1, "0x6c3F90f043a72FA612cbac8115EE7e52BDe6E490", 18, "curve_pool"); INSERT INTO common_asset_details(identifier, symbol, coingecko, cryptocompare, forked, started, swapped_for) VALUES("eip155:1/erc20:0x6c3F90f043a72FA612cbac8115EE7e52BDe6E490", "3Crv", "curve-dao-token", "3CRV", NULL, 1599414946, NULL);
UPDATE common_asset_details SET cryptocompare = 'XED' WHERE identifier = 'eip155:1/erc20:0xee573a945B01B788B9287CE062A0CFC15bE9fd86';
INSERT INTO assets(identifier, name, type) VALUES("eip155:1/erc20:0xee573a945B01B788B9287CE062A0CFC15bE9fd86", "Exeedme", "C"); INSERT INTO evm_tokens(identifier, token_kind, chain, address, decimals, protocol) VALUES("eip155:1/erc20:0xee573a945B01B788B9287CE062A0CFC15bE9fd86", "A", 1, "0xee573a945B01B788B9287CE062A0CFC15bE9fd86", 18, ""); INSERT INTO common_asset_details(identifier, symbol, coingecko, cryptocompare, forked, started, swapped_for) VALUES("eip155:1/erc20:0xee573a945B01B788B9287CE062A0CFC15bE9fd86", "XED", "exeedme", "XED", NULL, 1609266395, NULL);
UPDATE common_asset_details SET cryptocompare = 'BRETTBASE' WHERE identifier = 'eip155:8453/erc20:0x532f27101965dd16442E59d40670FaF5eBB142E4';
INSERT INTO assets(identifier, name, type) VALUES("eip155:8453/erc20:0x532f27101965dd16442E59d40670FaF5eBB142E4", "Brett", "C"); INSERT INTO evm_tokens(identifier, token_kind, chain, address, decimals, protocol) VALUES("eip155:8453/erc20:0x532f27101965dd16442E59d40670FaF5eBB142E4", "A", 8453, "0x532f27101965dd16442E59d40670FaF5eBB142E4", 18, ""); INSERT INTO common_asset_details(identifier, symbol, coingecko, cryptocompare, forked, started, swapped_for) VALUES("eip155:8453/erc20:0x532f27101965dd16442E59d40670FaF5eBB142E4", "BRETT", "based-brett", "BRETTBASE", NULL, NULL, NULL);
UPDATE common_asset_details SET cryptocompare = 'WEWE' WHERE identifier = 'eip155:1/erc20:0x1e917e764BC34d3BC313fe8159a6bD9d9FFD450d';
INSERT INTO assets(identifier, name, type) VALUES("eip155:1/erc20:0x1e917e764BC34d3BC313fe8159a6bD9d9FFD450d", "WEWE", "C"); INSERT INTO evm_tokens(identifier, token_kind, chain, address, decimals, protocol) VALUES("eip155:1/erc20:0x1e917e764BC34d3BC313fe8159a6bD9d9FFD450d", "A", 1, "0x1e917e764BC34d3BC313fe8159a6bD9d9FFD450d", 18, ""); INSERT INTO common_asset_details(identifier, symbol, coingecko, cryptocompare, forked, started, swapped_for) VALUES("eip155:1/erc20:0x1e917e764BC34d3BC313fe8159a6bD9d9FFD450d", "WEWE", "wewe", "WEWE", NULL, 1684354067, NULL);
UPDATE common_asset_details SET cryptocompare = 'BETHER' WHERE identifier = 'eip155:1/erc20:0x14C926F2290044B647e1Bf2072e67B495eff1905';
INSERT INTO assets(identifier, name, type) VALUES("eip155:1/erc20:0x14C926F2290044B647e1Bf2072e67B495eff1905", "Bethereum", "C"); INSERT INTO evm_tokens(identifier, token_kind, chain, address, decimals, protocol) VALUES("eip155:1/erc20:0x14C926F2290044B647e1Bf2072e67B495eff1905", "A", 1, "0x14C926F2290044B647e1Bf2072e67B495eff1905", 18, ""); INSERT INTO common_asset_details(identifier, symbol, coingecko, cryptocompare, forked, started, swapped_for) VALUES("eip155:1/erc20:0x14C926F2290044B647e1Bf2072e67B495eff1905", "BETHER", "bethereum", "BETHER", NULL, 1523404800, NULL);
UPDATE common_asset_details SET cryptocompare = 'IDEX' WHERE identifier = 'eip155:1/erc20:0xB705268213D593B8FD88d3FDEFF93AFF5CbDcfAE';
INSERT INTO assets(identifier, name, type) VALUES("eip155:1/erc20:0xB705268213D593B8FD88d3FDEFF93AFF5CbDcfAE", "IDEX Token", "C"); INSERT INTO evm_tokens(identifier, token_kind, chain, address, decimals, protocol) VALUES("eip155:1/erc20:0xB705268213D593B8FD88d3FDEFF93AFF5CbDcfAE", "A", 1, "0xB705268213D593B8FD88d3FDEFF93AFF5CbDcfAE", 18, ""); INSERT INTO common_asset_details(identifier, symbol, coingecko, cryptocompare, forked, started, swapped_for) VALUES("eip155:1/erc20:0xB705268213D593B8FD88d3FDEFF93AFF5CbDcfAE", "IDEX", "aurora-dao", "IDEX", NULL, 1556828898, NULL);
UPDATE common_asset_details SET cryptocompare = 'TTU' WHERE identifier = 'eip155:1/erc20:0x9CDa8A60dd5AfA156c95Bd974428d91a0812e054';
INSERT INTO assets(identifier, name, type) VALUES("eip155:1/erc20:0x9CDa8A60dd5AfA156c95Bd974428d91a0812e054", "TaTaTu", "C"); INSERT INTO evm_tokens(identifier, token_kind, chain, address, decimals, protocol) VALUES("eip155:1/erc20:0x9CDa8A60dd5AfA156c95Bd974428d91a0812e054", "A", 1, "0x9CDa8A60dd5AfA156c95Bd974428d91a0812e054", 18, ""); INSERT INTO common_asset_details(identifier, symbol, coingecko, cryptocompare, forked, started, swapped_for) VALUES("eip155:1/erc20:0x9CDa8A60dd5AfA156c95Bd974428d91a0812e054", "TTU", "", "TTU", NULL, 1523119984, NULL);
UPDATE common_asset_details SET cryptocompare = 'IDXM' WHERE identifier = 'eip155:1/erc20:0xCc13Fc627EFfd6E35D2D2706Ea3C4D7396c610ea';
INSERT INTO assets(identifier, name, type) VALUES("eip155:1/erc20:0xCc13Fc627EFfd6E35D2D2706Ea3C4D7396c610ea", "IDEX Membership", "C"); INSERT INTO evm_tokens(identifier, token_kind, chain, address, decimals, protocol) VALUES("eip155:1/erc20:0xCc13Fc627EFfd6E35D2D2706Ea3C4D7396c610ea", "A", 1, "0xCc13Fc627EFfd6E35D2D2706Ea3C4D7396c610ea", 8, ""); INSERT INTO common_asset_details(identifier, symbol, coingecko, cryptocompare, forked, started, swapped_for) VALUES("eip155:1/erc20:0xCc13Fc627EFfd6E35D2D2706Ea3C4D7396c610ea", "IDXM", "idex-membership", "IDXM", NULL, 1516214877, NULL);
UPDATE common_asset_details SET cryptocompare = 'KDAG' WHERE identifier = 'eip155:1/erc20:0x95E40E065AFB3059dcabe4aaf404c1F92756603a';
INSERT INTO assets(identifier, name, type) VALUES("eip155:1/erc20:0x95E40E065AFB3059dcabe4aaf404c1F92756603a", "King DAG", "C"); INSERT INTO evm_tokens(identifier, token_kind, chain, address, decimals, protocol) VALUES("eip155:1/erc20:0x95E40E065AFB3059dcabe4aaf404c1F92756603a", "A", 1, "0x95E40E065AFB3059dcabe4aaf404c1F92756603a", 18, ""); INSERT INTO common_asset_details(identifier, symbol, coingecko, cryptocompare, forked, started, swapped_for) VALUES("eip155:1/erc20:0x95E40E065AFB3059dcabe4aaf404c1F92756603a", "KDAG", "kdag", "KDAG", NULL, 1579267018, NULL);
UPDATE common_asset_details SET cryptocompare = 'SETH' WHERE identifier = 'eip155:1/erc20:0x5e74C9036fb86BD7eCdcb084a0673EFc32eA31cb';
INSERT INTO assets(identifier, name, type) VALUES("eip155:1/erc20:0x5e74C9036fb86BD7eCdcb084a0673EFc32eA31cb", "Synth sETH", "C"); INSERT INTO evm_tokens(identifier, token_kind, chain, address, decimals, protocol) VALUES("eip155:1/erc20:0x5e74C9036fb86BD7eCdcb084a0673EFc32eA31cb", "A", 1, "0x5e74C9036fb86BD7eCdcb084a0673EFc32eA31cb", 18, ""); INSERT INTO common_asset_details(identifier, symbol, coingecko, cryptocompare, forked, started, swapped_for) VALUES("eip155:1/erc20:0x5e74C9036fb86BD7eCdcb084a0673EFc32eA31cb", "sETH", "seth", "SETH", NULL, 1568274302, NULL);
UPDATE common_asset_details SET cryptocompare = 'FLY' WHERE identifier = 'eip155:1/erc20:0x85f6eB2BD5a062f5F8560BE93FB7147e16c81472';
INSERT INTO assets(identifier, name, type) VALUES("eip155:1/erc20:0x85f6eB2BD5a062f5F8560BE93FB7147e16c81472", "Franklin", "C"); INSERT INTO evm_tokens(identifier, token_kind, chain, address, decimals, protocol) VALUES("eip155:1/erc20:0x85f6eB2BD5a062f5F8560BE93FB7147e16c81472", "A", 1, "0x85f6eB2BD5a062f5F8560BE93FB7147e16c81472", 4, ""); INSERT INTO common_asset_details(identifier, symbol, coingecko, cryptocompare, forked, started, swapped_for) VALUES("eip155:1/erc20:0x85f6eB2BD5a062f5F8560BE93FB7147e16c81472", "FLy", "franklin", "FLY", NULL, 1610530262, NULL);
UPDATE common_asset_details SET cryptocompare = 'WKAI' WHERE identifier = 'eip155:56/erc20:0x39Ae8EEFB05138f418Bb27659c21632Dc1DDAb10';
INSERT INTO assets(identifier, name, type) VALUES("eip155:56/erc20:0x39Ae8EEFB05138f418Bb27659c21632Dc1DDAb10", "KardiaChain Token", "C"); INSERT INTO evm_tokens(identifier, token_kind, chain, address, decimals, protocol) VALUES("eip155:56/erc20:0x39Ae8EEFB05138f418Bb27659c21632Dc1DDAb10", "A", 56, "0x39Ae8EEFB05138f418Bb27659c21632Dc1DDAb10", 18, ""); INSERT INTO common_asset_details(identifier, symbol, coingecko, cryptocompare, forked, started, swapped_for) VALUES("eip155:56/erc20:0x39Ae8EEFB05138f418Bb27659c21632Dc1DDAb10", "KAI", "kardiachain", "WKAI", NULL, 1629951748, NULL);
UPDATE common_asset_details SET cryptocompare = 'WAB' WHERE identifier = 'eip155:1/erc20:0x4BBbC57aF270138Ef2FF2C50DbfAD684e9E0e604';
INSERT INTO assets(identifier, name, type) VALUES("eip155:1/erc20:0x4BBbC57aF270138Ef2FF2C50DbfAD684e9E0e604", "WABnetwork", "C"); INSERT INTO evm_tokens(identifier, token_kind, chain, address, decimals, protocol) VALUES("eip155:1/erc20:0x4BBbC57aF270138Ef2FF2C50DbfAD684e9E0e604", "A", 1, "0x4BBbC57aF270138Ef2FF2C50DbfAD684e9E0e604", 18, ""); INSERT INTO common_asset_details(identifier, symbol, coingecko, cryptocompare, forked, started, swapped_for) VALUES("eip155:1/erc20:0x4BBbC57aF270138Ef2FF2C50DbfAD684e9E0e604", "WAB", "", "WAB", NULL, 1529247016, NULL);
UPDATE common_asset_details SET cryptocompare = 'XET' WHERE identifier = 'eip155:1/erc20:0x054C64741dBafDC19784505494029823D89c3b13';
INSERT INTO assets(identifier, name, type) VALUES("eip155:1/erc20:0x054C64741dBafDC19784505494029823D89c3b13", "ETERNAL TOKEN", "C"); INSERT INTO evm_tokens(identifier, token_kind, chain, address, decimals, protocol) VALUES("eip155:1/erc20:0x054C64741dBafDC19784505494029823D89c3b13", "A", 1, "0x054C64741dBafDC19784505494029823D89c3b13", 8, ""); INSERT INTO common_asset_details(identifier, symbol, coingecko, cryptocompare, forked, started, swapped_for) VALUES("eip155:1/erc20:0x054C64741dBafDC19784505494029823D89c3b13", "XET", "", "XET", NULL, 1525067226, NULL);
UPDATE common_asset_details SET cryptocompare = 'BLOOM' WHERE identifier = 'eip155:1/erc20:0x6c4a8973E6633dA2Da7187669479C27830c7b1c4';
INSERT INTO assets(identifier, name, type) VALUES("eip155:1/erc20:0x6c4a8973E6633dA2Da7187669479C27830c7b1c4", "BLOOM", "C"); INSERT INTO evm_tokens(identifier, token_kind, chain, address, decimals, protocol) VALUES("eip155:1/erc20:0x6c4a8973E6633dA2Da7187669479C27830c7b1c4", "A", 1, "0x6c4a8973E6633dA2Da7187669479C27830c7b1c4", 18, ""); INSERT INTO common_asset_details(identifier, symbol, coingecko, cryptocompare, forked, started, swapped_for) VALUES("eip155:1/erc20:0x6c4a8973E6633dA2Da7187669479C27830c7b1c4", "BLOOM", "", "BLOOM", NULL, NULL, NULL);
UPDATE common_asset_details SET cryptocompare = 'PRL' WHERE identifier = 'eip155:1/erc20:0x1844b21593262668B7248d0f57a220CaaBA46ab9';
INSERT INTO assets(identifier, name, type) VALUES("eip155:1/erc20:0x1844b21593262668B7248d0f57a220CaaBA46ab9", "Oyster", "C"); INSERT INTO evm_tokens(identifier, token_kind, chain, address, decimals, protocol) VALUES("eip155:1/erc20:0x1844b21593262668B7248d0f57a220CaaBA46ab9", "A", 1, "0x1844b21593262668B7248d0f57a220CaaBA46ab9", 18, ""); INSERT INTO common_asset_details(identifier, symbol, coingecko, cryptocompare, forked, started, swapped_for) VALUES("eip155:1/erc20:0x1844b21593262668B7248d0f57a220CaaBA46ab9", "PRL", "", "PRL", NULL, 1506816000, NULL);
UPDATE common_asset_details SET cryptocompare = 'DIVX' WHERE identifier = 'eip155:1/erc20:0x13f11C9905A08ca76e3e853bE63D4f0944326C72';
INSERT INTO assets(identifier, name, type) VALUES("eip155:1/erc20:0x13f11C9905A08ca76e3e853bE63D4f0944326C72", "Divi Exchange Token", "C"); INSERT INTO evm_tokens(identifier, token_kind, chain, address, decimals, protocol) VALUES("eip155:1/erc20:0x13f11C9905A08ca76e3e853bE63D4f0944326C72", "A", 1, "0x13f11C9905A08ca76e3e853bE63D4f0944326C72", 18, ""); INSERT INTO common_asset_details(identifier, symbol, coingecko, cryptocompare, forked, started, swapped_for) VALUES("eip155:1/erc20:0x13f11C9905A08ca76e3e853bE63D4f0944326C72", "DIVX", "divi", "DIVX", NULL, 1505199359, NULL);
UPDATE common_asset_details SET cryptocompare = 'LGR' WHERE identifier = 'eip155:1/erc20:0x2eb86e8fC520E0F6Bb5D9Af08F924fe70558Ab89';
INSERT INTO assets(identifier, name, type) VALUES("eip155:1/erc20:0x2eb86e8fC520E0F6Bb5D9Af08F924fe70558Ab89", "Logarithm", "C"); INSERT INTO evm_tokens(identifier, token_kind, chain, address, decimals, protocol) VALUES("eip155:1/erc20:0x2eb86e8fC520E0F6Bb5D9Af08F924fe70558Ab89", "A", 1, "0x2eb86e8fC520E0F6Bb5D9Af08F924fe70558Ab89", 8, ""); INSERT INTO common_asset_details(identifier, symbol, coingecko, cryptocompare, forked, started, swapped_for) VALUES("eip155:1/erc20:0x2eb86e8fC520E0F6Bb5D9Af08F924fe70558Ab89", "LGR", "", "LGR", NULL, 1509543413, NULL);
UPDATE common_asset_details SET cryptocompare = 'VSL' WHERE identifier = 'eip155:1/erc20:0x5c543e7AE0A1104f78406C340E9C64FD9fCE5170';
INSERT INTO assets(identifier, name, type) VALUES("eip155:1/erc20:0x5c543e7AE0A1104f78406C340E9C64FD9fCE5170", "vSlice", "C"); INSERT INTO evm_tokens(identifier, token_kind, chain, address, decimals, protocol) VALUES("eip155:1/erc20:0x5c543e7AE0A1104f78406C340E9C64FD9fCE5170", "A", 1, "0x5c543e7AE0A1104f78406C340E9C64FD9fCE5170", 18, ""); INSERT INTO common_asset_details(identifier, symbol, coingecko, cryptocompare, forked, started, swapped_for) VALUES("eip155:1/erc20:0x5c543e7AE0A1104f78406C340E9C64FD9fCE5170", "VSL", "vslice", "VSL", NULL, 1479147488, NULL);
UPDATE common_asset_details SET cryptocompare = 'RIBBIT' WHERE identifier = 'eip155:1/erc20:0xb794Ad95317f75c44090f64955954C3849315fFe';
INSERT INTO assets(identifier, name, type) VALUES("eip155:1/erc20:0xb794Ad95317f75c44090f64955954C3849315fFe", "Ribbit", "C"); INSERT INTO evm_tokens(identifier, token_kind, chain, address, decimals, protocol) VALUES("eip155:1/erc20:0xb794Ad95317f75c44090f64955954C3849315fFe", "A", 1, "0xb794Ad95317f75c44090f64955954C3849315fFe", 18, ""); INSERT INTO common_asset_details(identifier, symbol, coingecko, cryptocompare, forked, started, swapped_for) VALUES("eip155:1/erc20:0xb794Ad95317f75c44090f64955954C3849315fFe", "RIBBIT", "ribbit-meme", "RIBBIT", NULL, NULL, NULL);
UPDATE common_asset_details SET cryptocompare = 'ALINK' WHERE identifier = 'eip155:1/erc20:0xA64BD6C70Cb9051F6A9ba1F163Fdc07E0DfB5F84';
INSERT INTO assets(identifier, name, type) VALUES("eip155:1/erc20:0xA64BD6C70Cb9051F6A9ba1F163Fdc07E0DfB5F84", "Aave Interest bearing LINK", "C"); INSERT INTO evm_tokens(identifier, token_kind, chain, address, decimals, protocol) VALUES("eip155:1/erc20:0xA64BD6C70Cb9051F6A9ba1F163Fdc07E0DfB5F84", "A", 1, "0xA64BD6C70Cb9051F6A9ba1F163Fdc07E0DfB5F84", 18, "aave"); INSERT INTO common_asset_details(identifier, symbol, coingecko, cryptocompare, forked, started, swapped_for) VALUES("eip155:1/erc20:0xA64BD6C70Cb9051F6A9ba1F163Fdc07E0DfB5F84", "aLINK", "aave-link", "ALINK", NULL, 1578501727, NULL);
UPDATE common_asset_details SET cryptocompare = 'BRAT' WHERE identifier = 'eip155:1/erc20:0x9E77D5a1251b6F7D456722A6eaC6D2d5980bd891';
INSERT INTO assets(identifier, name, type) VALUES("eip155:1/erc20:0x9E77D5a1251b6F7D456722A6eaC6D2d5980bd891", "BROTHER", "C"); INSERT INTO evm_tokens(identifier, token_kind, chain, address, decimals, protocol) VALUES("eip155:1/erc20:0x9E77D5a1251b6F7D456722A6eaC6D2d5980bd891", "A", 1, "0x9E77D5a1251b6F7D456722A6eaC6D2d5980bd891", 8, ""); INSERT INTO common_asset_details(identifier, symbol, coingecko, cryptocompare, forked, started, swapped_for) VALUES("eip155:1/erc20:0x9E77D5a1251b6F7D456722A6eaC6D2d5980bd891", "BRAT", "brother", "BRAT", NULL, 1500236025, NULL);
UPDATE common_asset_details SET cryptocompare = 'HKN' WHERE identifier = 'eip155:1/erc20:0x9e6B2B11542f2BC52f3029077acE37E8fD838D7F';
INSERT INTO assets(identifier, name, type) VALUES("eip155:1/erc20:0x9e6B2B11542f2BC52f3029077acE37E8fD838D7F", "Hacken", "C"); INSERT INTO evm_tokens(identifier, token_kind, chain, address, decimals, protocol) VALUES("eip155:1/erc20:0x9e6B2B11542f2BC52f3029077acE37E8fD838D7F", "A", 1, "0x9e6B2B11542f2BC52f3029077acE37E8fD838D7F", 8, ""); INSERT INTO common_asset_details(identifier, symbol, coingecko, cryptocompare, forked, started, swapped_for) VALUES("eip155:1/erc20:0x9e6B2B11542f2BC52f3029077acE37E8fD838D7F", "HKN", "hackenai", "HKN", NULL, 1504051200, NULL);
UPDATE common_asset_details SET cryptocompare = 'AIDOGE' WHERE identifier = 'eip155:42161/erc20:0x09E18590E8f76b6Cf471b3cd75fE1A1a9D2B2c2b';
INSERT INTO assets(identifier, name, type) VALUES("eip155:42161/erc20:0x09E18590E8f76b6Cf471b3cd75fE1A1a9D2B2c2b", "AIDOGE", "C"); INSERT INTO evm_tokens(identifier, token_kind, chain, address, decimals, protocol) VALUES("eip155:42161/erc20:0x09E18590E8f76b6Cf471b3cd75fE1A1a9D2B2c2b", "A", 42161, "0x09E18590E8f76b6Cf471b3cd75fE1A1a9D2B2c2b", 6, ""); INSERT INTO common_asset_details(identifier, symbol, coingecko, cryptocompare, forked, started, swapped_for) VALUES("eip155:42161/erc20:0x09E18590E8f76b6Cf471b3cd75fE1A1a9D2B2c2b", "AIDOGE", "arbdoge-ai", "AIDOGE", NULL, 1681093916, NULL);
UPDATE common_asset_details SET cryptocompare = 'RSETH' WHERE identifier = 'eip155:1/erc20:0xA1290d69c65A6Fe4DF752f95823fae25cB99e5A7';
INSERT INTO assets(identifier, name, type) VALUES("eip155:1/erc20:0xA1290d69c65A6Fe4DF752f95823fae25cB99e5A7", "rsETH", "C"); INSERT INTO evm_tokens(identifier, token_kind, chain, address, decimals, protocol) VALUES("eip155:1/erc20:0xA1290d69c65A6Fe4DF752f95823fae25cB99e5A7", "A", 1, "0xA1290d69c65A6Fe4DF752f95823fae25cB99e5A7", 18, ""); INSERT INTO common_asset_details(identifier, symbol, coingecko, cryptocompare, forked, started, swapped_for) VALUES("eip155:1/erc20:0xA1290d69c65A6Fe4DF752f95823fae25cB99e5A7", "rsETH", "", "RSETH", NULL, NULL, NULL);
UPDATE common_asset_details SET cryptocompare = 'SDCRV' WHERE identifier = 'eip155:1/erc20:0xD1b5651E55D4CeeD36251c61c50C889B36F6abB5';
INSERT INTO assets(identifier, name, type) VALUES("eip155:1/erc20:0xD1b5651E55D4CeeD36251c61c50C889B36F6abB5", "Stake DAO CRV", "C"); INSERT INTO evm_tokens(identifier, token_kind, chain, address, decimals, protocol) VALUES("eip155:1/erc20:0xD1b5651E55D4CeeD36251c61c50C889B36F6abB5", "A", 1, "0xD1b5651E55D4CeeD36251c61c50C889B36F6abB5", 18, ""); INSERT INTO common_asset_details(identifier, symbol, coingecko, cryptocompare, forked, started, swapped_for) VALUES("eip155:1/erc20:0xD1b5651E55D4CeeD36251c61c50C889B36F6abB5", "sdCRV", "stake-dao-crv", "SDCRV", NULL, NULL, NULL);
UPDATE common_asset_details SET cryptocompare = 'XPET' WHERE identifier = 'eip155:42161/erc20:0x00CBcF7B3d37844e44b888Bc747bDd75FCf4E555';
INSERT INTO assets(identifier, name, type) VALUES("eip155:42161/erc20:0x00CBcF7B3d37844e44b888Bc747bDd75FCf4E555", "xPet.tech Token", "C"); INSERT INTO evm_tokens(identifier, token_kind, chain, address, decimals, protocol) VALUES("eip155:42161/erc20:0x00CBcF7B3d37844e44b888Bc747bDd75FCf4E555", "A", 42161, "0x00CBcF7B3d37844e44b888Bc747bDd75FCf4E555", 18, ""); INSERT INTO common_asset_details(identifier, symbol, coingecko, cryptocompare, forked, started, swapped_for) VALUES("eip155:42161/erc20:0x00CBcF7B3d37844e44b888Bc747bDd75FCf4E555", "XPET", "", "XPET", NULL, NULL, NULL);
UPDATE common_asset_details SET cryptocompare = 'XPAT' WHERE identifier = 'eip155:1/erc20:0xBB1fA4FdEB3459733bF67EbC6f893003fA976a82';
INSERT INTO assets(identifier, name, type) VALUES("eip155:1/erc20:0xBB1fA4FdEB3459733bF67EbC6f893003fA976a82", "Bitnation", "C"); INSERT INTO evm_tokens(identifier, token_kind, chain, address, decimals, protocol) VALUES("eip155:1/erc20:0xBB1fA4FdEB3459733bF67EbC6f893003fA976a82", "A", 1, "0xBB1fA4FdEB3459733bF67EbC6f893003fA976a82", 18, ""); INSERT INTO common_asset_details(identifier, symbol, coingecko, cryptocompare, forked, started, swapped_for) VALUES("eip155:1/erc20:0xBB1fA4FdEB3459733bF67EbC6f893003fA976a82", "XPAT", "pangea", "XPAT", NULL, 1492387200, NULL);
UPDATE common_asset_details SET cryptocompare = 'INDEX' WHERE identifier = 'eip155:1/erc20:0x0954906da0Bf32d5479e25f46056d22f08464cab';
INSERT INTO assets(identifier, name, type) VALUES("eip155:1/erc20:0x0954906da0Bf32d5479e25f46056d22f08464cab", "Index", "C"); INSERT INTO evm_tokens(identifier, token_kind, chain, address, decimals, protocol) VALUES("eip155:1/erc20:0x0954906da0Bf32d5479e25f46056d22f08464cab", "A", 1, "0x0954906da0Bf32d5479e25f46056d22f08464cab", 18, ""); INSERT INTO common_asset_details(identifier, symbol, coingecko, cryptocompare, forked, started, swapped_for) VALUES("eip155:1/erc20:0x0954906da0Bf32d5479e25f46056d22f08464cab", "INDEX", "index-cooperative", "INDEX", NULL, 1601964283, NULL);
UPDATE common_asset_details SET cryptocompare = 'BHPC' WHERE identifier = 'eip155:1/erc20:0xEE74110fB5A1007b06282e0DE5d73A61bf41d9Cd';
INSERT INTO assets(identifier, name, type) VALUES("eip155:1/erc20:0xEE74110fB5A1007b06282e0DE5d73A61bf41d9Cd", "BHPCash", "C"); INSERT INTO evm_tokens(identifier, token_kind, chain, address, decimals, protocol) VALUES("eip155:1/erc20:0xEE74110fB5A1007b06282e0DE5d73A61bf41d9Cd", "A", 1, "0xEE74110fB5A1007b06282e0DE5d73A61bf41d9Cd", 18, ""); INSERT INTO common_asset_details(identifier, symbol, coingecko, cryptocompare, forked, started, swapped_for) VALUES("eip155:1/erc20:0xEE74110fB5A1007b06282e0DE5d73A61bf41d9Cd", "BHPC", "blockchain-of-hash-power", "BHPC", NULL, 1521075066, NULL);
UPDATE common_asset_details SET cryptocompare = 'PPP' WHERE identifier = 'eip155:1/erc20:0xc42209aCcC14029c1012fB5680D95fBd6036E2a0';
INSERT INTO assets(identifier, name, type) VALUES("eip155:1/erc20:0xc42209aCcC14029c1012fB5680D95fBd6036E2a0", "PayPie", "C"); INSERT INTO evm_tokens(identifier, token_kind, chain, address, decimals, protocol) VALUES("eip155:1/erc20:0xc42209aCcC14029c1012fB5680D95fBd6036E2a0", "A", 1, "0xc42209aCcC14029c1012fB5680D95fBd6036E2a0", 18, ""); INSERT INTO common_asset_details(identifier, symbol, coingecko, cryptocompare, forked, started, swapped_for) VALUES("eip155:1/erc20:0xc42209aCcC14029c1012fB5680D95fBd6036E2a0", "PPP", "paypie", "PPP", NULL, 1501632000, NULL);
UPDATE common_asset_details SET cryptocompare = 'ABYSS' WHERE identifier = 'eip155:1/erc20:0x0E8d6b471e332F140e7d9dbB99E5E3822F728DA6';
INSERT INTO assets(identifier, name, type) VALUES("eip155:1/erc20:0x0E8d6b471e332F140e7d9dbB99E5E3822F728DA6", "The Abyss", "C"); INSERT INTO evm_tokens(identifier, token_kind, chain, address, decimals, protocol) VALUES("eip155:1/erc20:0x0E8d6b471e332F140e7d9dbB99E5E3822F728DA6", "A", 1, "0x0E8d6b471e332F140e7d9dbB99E5E3822F728DA6", 18, ""); INSERT INTO common_asset_details(identifier, symbol, coingecko, cryptocompare, forked, started, swapped_for) VALUES("eip155:1/erc20:0x0E8d6b471e332F140e7d9dbB99E5E3822F728DA6", "ABYSS", "the-abyss", "ABYSS", NULL, 1511913600, NULL);
UPDATE common_asset_details SET cryptocompare = 'TBTC' WHERE identifier = 'eip155:1/erc20:0x18084fbA666a33d37592fA2633fD49a74DD93a88';
INSERT INTO assets(identifier, name, type) VALUES("eip155:1/erc20:0x18084fbA666a33d37592fA2633fD49a74DD93a88", "tBTC v2", "C"); INSERT INTO evm_tokens(identifier, token_kind, chain, address, decimals, protocol) VALUES("eip155:1/erc20:0x18084fbA666a33d37592fA2633fD49a74DD93a88", "A", 1, "0x18084fbA666a33d37592fA2633fD49a74DD93a88", 18, ""); INSERT INTO common_asset_details(identifier, symbol, coingecko, cryptocompare, forked, started, swapped_for) VALUES("eip155:1/erc20:0x18084fbA666a33d37592fA2633fD49a74DD93a88", "tBTC", "t-bitcoin", "TBTC", NULL, NULL, NULL);
UPDATE common_asset_details SET cryptocompare = 'WIC' WHERE identifier = 'eip155:1/erc20:0x5e4ABE6419650CA839Ce5BB7Db422b881a6064bB';
INSERT INTO assets(identifier, name, type) VALUES("eip155:1/erc20:0x5e4ABE6419650CA839Ce5BB7Db422b881a6064bB", "Wi Coin", "C"); INSERT INTO evm_tokens(identifier, token_kind, chain, address, decimals, protocol) VALUES("eip155:1/erc20:0x5e4ABE6419650CA839Ce5BB7Db422b881a6064bB", "A", 1, "0x5e4ABE6419650CA839Ce5BB7Db422b881a6064bB", 18, ""); INSERT INTO common_asset_details(identifier, symbol, coingecko, cryptocompare, forked, started, swapped_for) VALUES("eip155:1/erc20:0x5e4ABE6419650CA839Ce5BB7Db422b881a6064bB", "WIC", "wicoin", "WIC", NULL, 1502110282, NULL);
UPDATE common_asset_details SET cryptocompare = 'FTI' WHERE identifier = 'eip155:1/erc20:0x943ED852DadB5C3938ECdC6883718df8142DE4C8';
INSERT INTO assets(identifier, name, type) VALUES("eip155:1/erc20:0x943ED852DadB5C3938ECdC6883718df8142DE4C8", "FansTime", "C"); INSERT INTO evm_tokens(identifier, token_kind, chain, address, decimals, protocol) VALUES("eip155:1/erc20:0x943ED852DadB5C3938ECdC6883718df8142DE4C8", "A", 1, "0x943ED852DadB5C3938ECdC6883718df8142DE4C8", 18, ""); INSERT INTO common_asset_details(identifier, symbol, coingecko, cryptocompare, forked, started, swapped_for) VALUES("eip155:1/erc20:0x943ED852DadB5C3938ECdC6883718df8142DE4C8", "FTI", "fanstime", "FTI", NULL, 1523776844, NULL);
UPDATE common_asset_details SET cryptocompare = 'LAUNCH' WHERE identifier = 'eip155:1/erc20:0xa23C1194d421F252b4e6D5edcc3205F7650a4eBE';
INSERT INTO assets(identifier, name, type) VALUES("eip155:1/erc20:0xa23C1194d421F252b4e6D5edcc3205F7650a4eBE", "Launch Block", "C"); INSERT INTO evm_tokens(identifier, token_kind, chain, address, decimals, protocol) VALUES("eip155:1/erc20:0xa23C1194d421F252b4e6D5edcc3205F7650a4eBE", "A", 1, "0xa23C1194d421F252b4e6D5edcc3205F7650a4eBE", 18, ""); INSERT INTO common_asset_details(identifier, symbol, coingecko, cryptocompare, forked, started, swapped_for) VALUES("eip155:1/erc20:0xa23C1194d421F252b4e6D5edcc3205F7650a4eBE", "LBP", "launchblock", "LAUNCH", NULL, 1634306167, NULL);
UPDATE common_asset_details SET cryptocompare = 'GRAPE' WHERE identifier = 'eip155:56/erc20:0x555296de6A86E72752e5C5DC091FE49713Aa145C';
INSERT INTO assets(identifier, name, type) VALUES("eip155:56/erc20:0x555296de6A86E72752e5C5DC091FE49713Aa145C", "Grape coin", "C"); INSERT INTO evm_tokens(identifier, token_kind, chain, address, decimals, protocol) VALUES("eip155:56/erc20:0x555296de6A86E72752e5C5DC091FE49713Aa145C", "A", 56, "0x555296de6A86E72752e5C5DC091FE49713Aa145C", 18, ""); INSERT INTO common_asset_details(identifier, symbol, coingecko, cryptocompare, forked, started, swapped_for) VALUES("eip155:56/erc20:0x555296de6A86E72752e5C5DC091FE49713Aa145C", "GRAPE", "the-grapes-grape-coin", "GRAPE", NULL, 1713977740, NULL);
UPDATE common_asset_details SET cryptocompare = 'GHST' WHERE identifier = 'eip155:1/erc20:0x3F382DbD960E3a9bbCeaE22651E88158d2791550';
INSERT INTO assets(identifier, name, type) VALUES("eip155:1/erc20:0x3F382DbD960E3a9bbCeaE22651E88158d2791550", "Aavegotchi GHST Token", "C"); INSERT INTO evm_tokens(identifier, token_kind, chain, address, decimals, protocol) VALUES("eip155:1/erc20:0x3F382DbD960E3a9bbCeaE22651E88158d2791550", "A", 1, "0x3F382DbD960E3a9bbCeaE22651E88158d2791550", 18, ""); INSERT INTO common_asset_details(identifier, symbol, coingecko, cryptocompare, forked, started, swapped_for) VALUES("eip155:1/erc20:0x3F382DbD960E3a9bbCeaE22651E88158d2791550", "GHST", "aavegotchi", "GHST", NULL, 1599986900, NULL);
UPDATE common_asset_details SET cryptocompare = 'HIBEANZ' WHERE identifier = 'eip155:1/erc20:0x23ddBD36547d43627afa9B42d4e9FB0515F48B09';
INSERT INTO assets(identifier, name, type) VALUES("eip155:1/erc20:0x23ddBD36547d43627afa9B42d4e9FB0515F48B09", "hiBEANZ", "C"); INSERT INTO evm_tokens(identifier, token_kind, chain, address, decimals, protocol) VALUES("eip155:1/erc20:0x23ddBD36547d43627afa9B42d4e9FB0515F48B09", "A", 1, "0x23ddBD36547d43627afa9B42d4e9FB0515F48B09", 18, ""); INSERT INTO common_asset_details(identifier, symbol, coingecko, cryptocompare, forked, started, swapped_for) VALUES("eip155:1/erc20:0x23ddBD36547d43627afa9B42d4e9FB0515F48B09", "hiBEANZ", "hibeanz", "HIBEANZ", NULL, 1677223415, NULL);
UPDATE common_asset_details SET cryptocompare = 'QNT' WHERE identifier = 'eip155:1/erc20:0x4a220E6096B25EADb88358cb44068A3248254675';
INSERT INTO assets(identifier, name, type) VALUES("eip155:1/erc20:0x4a220E6096B25EADb88358cb44068A3248254675", "Quant", "C"); INSERT INTO evm_tokens(identifier, token_kind, chain, address, decimals, protocol) VALUES("eip155:1/erc20:0x4a220E6096B25EADb88358cb44068A3248254675", "A", 1, "0x4a220E6096B25EADb88358cb44068A3248254675", 18, ""); INSERT INTO common_asset_details(identifier, symbol, coingecko, cryptocompare, forked, started, swapped_for) VALUES("eip155:1/erc20:0x4a220E6096B25EADb88358cb44068A3248254675", "QNT", "quant-network", "QNT", NULL, 1529884800, NULL);
UPDATE common_asset_details SET cryptocompare = 'HAND' WHERE identifier = 'eip155:1/erc20:0x48C1B2f3eFA85fbafb2ab951bF4Ba860a08cdBB7';
INSERT INTO assets(identifier, name, type) VALUES("eip155:1/erc20:0x48C1B2f3eFA85fbafb2ab951bF4Ba860a08cdBB7", "ShowHand", "C"); INSERT INTO evm_tokens(identifier, token_kind, chain, address, decimals, protocol) VALUES("eip155:1/erc20:0x48C1B2f3eFA85fbafb2ab951bF4Ba860a08cdBB7", "A", 1, "0x48C1B2f3eFA85fbafb2ab951bF4Ba860a08cdBB7", 0, ""); INSERT INTO common_asset_details(identifier, symbol, coingecko, cryptocompare, forked, started, swapped_for) VALUES("eip155:1/erc20:0x48C1B2f3eFA85fbafb2ab951bF4Ba860a08cdBB7", "HAND", "showhand", "HAND", NULL, 1516438291, NULL);
UPDATE common_asset_details SET cryptocompare = 'SOAR' WHERE identifier = 'eip155:1/erc20:0xD65960FAcb8E4a2dFcb2C2212cb2e44a02e2a57E';
INSERT INTO assets(identifier, name, type) VALUES("eip155:1/erc20:0xD65960FAcb8E4a2dFcb2C2212cb2e44a02e2a57E", "Soarcoin", "C"); INSERT INTO evm_tokens(identifier, token_kind, chain, address, decimals, protocol) VALUES("eip155:1/erc20:0xD65960FAcb8E4a2dFcb2C2212cb2e44a02e2a57E", "A", 1, "0xD65960FAcb8E4a2dFcb2C2212cb2e44a02e2a57E", 6, ""); INSERT INTO common_asset_details(identifier, symbol, coingecko, cryptocompare, forked, started, swapped_for) VALUES("eip155:1/erc20:0xD65960FAcb8E4a2dFcb2C2212cb2e44a02e2a57E", "SOAR", "soarcoin", "SOAR", NULL, 1489104000, NULL);
UPDATE common_asset_details SET cryptocompare = 'WBETH' WHERE identifier = 'eip155:1/erc20:0xa2E3356610840701BDf5611a53974510Ae27E2e1';
INSERT INTO assets(identifier, name, type) VALUES("eip155:1/erc20:0xa2E3356610840701BDf5611a53974510Ae27E2e1", "Wrapped Binance Beacon ETH", "C"); INSERT INTO evm_tokens(identifier, token_kind, chain, address, decimals, protocol) VALUES("eip155:1/erc20:0xa2E3356610840701BDf5611a53974510Ae27E2e1", "A", 1, "0xa2E3356610840701BDf5611a53974510Ae27E2e1", 18, ""); INSERT INTO common_asset_details(identifier, symbol, coingecko, cryptocompare, forked, started, swapped_for) VALUES("eip155:1/erc20:0xa2E3356610840701BDf5611a53974510Ae27E2e1", "wBETH", "wrapped-beacon-eth", "WBETH", NULL, 1681902323, NULL);
UPDATE common_asset_details SET cryptocompare = 'BSWAP' WHERE identifier = 'eip155:8453/erc20:0x78a087d713Be963Bf307b18F2Ff8122EF9A63ae9';
INSERT INTO assets(identifier, name, type) VALUES("eip155:8453/erc20:0x78a087d713Be963Bf307b18F2Ff8122EF9A63ae9", "Baseswap Token", "C"); INSERT INTO evm_tokens(identifier, token_kind, chain, address, decimals, protocol) VALUES("eip155:8453/erc20:0x78a087d713Be963Bf307b18F2Ff8122EF9A63ae9", "A", 8453, "0x78a087d713Be963Bf307b18F2Ff8122EF9A63ae9", 18, ""); INSERT INTO common_asset_details(identifier, symbol, coingecko, cryptocompare, forked, started, swapped_for) VALUES("eip155:8453/erc20:0x78a087d713Be963Bf307b18F2Ff8122EF9A63ae9", "BSWAP", "", "BSWAP", NULL, 1690915487, NULL);
UPDATE common_asset_details SET cryptocompare = 'RVT' WHERE identifier = 'eip155:1/erc20:0x3d1BA9be9f66B8ee101911bC36D3fB562eaC2244';
INSERT INTO assets(identifier, name, type) VALUES("eip155:1/erc20:0x3d1BA9be9f66B8ee101911bC36D3fB562eaC2244", "Rivetz", "C"); INSERT INTO evm_tokens(identifier, token_kind, chain, address, decimals, protocol) VALUES("eip155:1/erc20:0x3d1BA9be9f66B8ee101911bC36D3fB562eaC2244", "A", 1, "0x3d1BA9be9f66B8ee101911bC36D3fB562eaC2244", 18, ""); INSERT INTO common_asset_details(identifier, symbol, coingecko, cryptocompare, forked, started, swapped_for) VALUES("eip155:1/erc20:0x3d1BA9be9f66B8ee101911bC36D3fB562eaC2244", "RVT", "rivetz", "RVT", NULL, 1500940800, NULL);
UPDATE common_asset_details SET cryptocompare = 'BLOOMT' WHERE identifier = 'eip155:1/erc20:0x107c4504cd79C5d2696Ea0030a8dD4e92601B82e';
INSERT INTO assets(identifier, name, type) VALUES("eip155:1/erc20:0x107c4504cd79C5d2696Ea0030a8dD4e92601B82e", "Bloom", "C"); INSERT INTO evm_tokens(identifier, token_kind, chain, address, decimals, protocol) VALUES("eip155:1/erc20:0x107c4504cd79C5d2696Ea0030a8dD4e92601B82e", "A", 1, "0x107c4504cd79C5d2696Ea0030a8dD4e92601B82e", 18, ""); INSERT INTO common_asset_details(identifier, symbol, coingecko, cryptocompare, forked, started, swapped_for) VALUES("eip155:1/erc20:0x107c4504cd79C5d2696Ea0030a8dD4e92601B82e", "BLT", "bloom", "BLOOMT", NULL, 1510272000, NULL);
UPDATE common_asset_details SET cryptocompare = 'TRIO' WHERE identifier = 'eip155:1/erc20:0x8B40761142B9aa6dc8964e61D0585995425C3D94';
INSERT INTO assets(identifier, name, type) VALUES("eip155:1/erc20:0x8B40761142B9aa6dc8964e61D0585995425C3D94", "Tripio", "C"); INSERT INTO evm_tokens(identifier, token_kind, chain, address, decimals, protocol) VALUES("eip155:1/erc20:0x8B40761142B9aa6dc8964e61D0585995425C3D94", "A", 1, "0x8B40761142B9aa6dc8964e61D0585995425C3D94", 18, ""); INSERT INTO common_asset_details(identifier, symbol, coingecko, cryptocompare, forked, started, swapped_for) VALUES("eip155:1/erc20:0x8B40761142B9aa6dc8964e61D0585995425C3D94", "TRIO", "tripio", "TRIO", NULL, 1518480000, NULL);
UPDATE common_asset_details SET cryptocompare = 'PERX' WHERE identifier = 'eip155:1/erc20:0x3C6ff50c9Ec362efa359317009428d52115fe643';
INSERT INTO assets(identifier, name, type) VALUES("eip155:1/erc20:0x3C6ff50c9Ec362efa359317009428d52115fe643", "PeerEx Network", "C"); INSERT INTO evm_tokens(identifier, token_kind, chain, address, decimals, protocol) VALUES("eip155:1/erc20:0x3C6ff50c9Ec362efa359317009428d52115fe643", "A", 1, "0x3C6ff50c9Ec362efa359317009428d52115fe643", 18, ""); INSERT INTO common_asset_details(identifier, symbol, coingecko, cryptocompare, forked, started, swapped_for) VALUES("eip155:1/erc20:0x3C6ff50c9Ec362efa359317009428d52115fe643", "PERX", "peerex-network", "PERX", NULL, 1596548338, NULL);
UPDATE common_asset_details SET cryptocompare = 'TOSHI' WHERE identifier = 'eip155:8453/erc20:0xAC1Bd2486aAf3B5C0fc3Fd868558b082a531B2B4';
INSERT INTO assets(identifier, name, type) VALUES("eip155:8453/erc20:0xAC1Bd2486aAf3B5C0fc3Fd868558b082a531B2B4", "Toshi", "C"); INSERT INTO evm_tokens(identifier, token_kind, chain, address, decimals, protocol) VALUES("eip155:8453/erc20:0xAC1Bd2486aAf3B5C0fc3Fd868558b082a531B2B4", "A", 8453, "0xAC1Bd2486aAf3B5C0fc3Fd868558b082a531B2B4", 18, ""); INSERT INTO common_asset_details(identifier, symbol, coingecko, cryptocompare, forked, started, swapped_for) VALUES("eip155:8453/erc20:0xAC1Bd2486aAf3B5C0fc3Fd868558b082a531B2B4", "TOSHI", "toshi", "TOSHI", NULL, 1696863767, NULL);
UPDATE common_asset_details SET cryptocompare = 'WLUNC' WHERE identifier = 'eip155:1/erc20:0xd2877702675e6cEb975b4A1dFf9fb7BAF4C91ea9';
INSERT INTO assets(identifier, name, type) VALUES("eip155:1/erc20:0xd2877702675e6cEb975b4A1dFf9fb7BAF4C91ea9", "Wrapped LUNA Token", "C"); INSERT INTO evm_tokens(identifier, token_kind, chain, address, decimals, protocol) VALUES("eip155:1/erc20:0xd2877702675e6cEb975b4A1dFf9fb7BAF4C91ea9", "A", 1, "0xd2877702675e6cEb975b4A1dFf9fb7BAF4C91ea9", 18, ""); INSERT INTO common_asset_details(identifier, symbol, coingecko, cryptocompare, forked, started, swapped_for) VALUES("eip155:1/erc20:0xd2877702675e6cEb975b4A1dFf9fb7BAF4C91ea9", "LUNA", "wrapped-terra", "WLUNC", NULL, 1606542524, NULL);
UPDATE common_asset_details SET cryptocompare = 'LIFETOKEN' WHERE identifier = 'eip155:1/erc20:0xfF18DBc487b4c2E3222d115952bABfDa8BA52F5F';
INSERT INTO assets(identifier, name, type) VALUES("eip155:1/erc20:0xfF18DBc487b4c2E3222d115952bABfDa8BA52F5F", "LIFE", "C"); INSERT INTO evm_tokens(identifier, token_kind, chain, address, decimals, protocol) VALUES("eip155:1/erc20:0xfF18DBc487b4c2E3222d115952bABfDa8BA52F5F", "A", 1, "0xfF18DBc487b4c2E3222d115952bABfDa8BA52F5F", 18, ""); INSERT INTO common_asset_details(identifier, symbol, coingecko, cryptocompare, forked, started, swapped_for) VALUES("eip155:1/erc20:0xfF18DBc487b4c2E3222d115952bABfDa8BA52F5F", "LIFE", "life", "LIFETOKEN", NULL, 1499613984, NULL);
UPDATE common_asset_details SET cryptocompare = 'EMV' WHERE identifier = 'eip155:1/erc20:0xB802b24E0637c2B87D2E8b7784C055BBE921011a';
INSERT INTO assets(identifier, name, type) VALUES("eip155:1/erc20:0xB802b24E0637c2B87D2E8b7784C055BBE921011a", "Ethereum Movie Venture", "C"); INSERT INTO evm_tokens(identifier, token_kind, chain, address, decimals, protocol) VALUES("eip155:1/erc20:0xB802b24E0637c2B87D2E8b7784C055BBE921011a", "A", 1, "0xB802b24E0637c2B87D2E8b7784C055BBE921011a", 2, ""); INSERT INTO common_asset_details(identifier, symbol, coingecko, cryptocompare, forked, started, swapped_for) VALUES("eip155:1/erc20:0xB802b24E0637c2B87D2E8b7784C055BBE921011a", "EMV", "", "EMV", NULL, 1469491200, NULL);
UPDATE common_asset_details SET cryptocompare = 'WIKI' WHERE identifier = 'eip155:1/erc20:0x66BaD545596fb17a0B4ebDC003a85dEF10E8F6Ae';
INSERT INTO assets(identifier, name, type) VALUES("eip155:1/erc20:0x66BaD545596fb17a0B4ebDC003a85dEF10E8F6Ae", "Wiki Token", "C"); INSERT INTO evm_tokens(identifier, token_kind, chain, address, decimals, protocol) VALUES("eip155:1/erc20:0x66BaD545596fb17a0B4ebDC003a85dEF10E8F6Ae", "A", 1, "0x66BaD545596fb17a0B4ebDC003a85dEF10E8F6Ae", 18, ""); INSERT INTO common_asset_details(identifier, symbol, coingecko, cryptocompare, forked, started, swapped_for) VALUES("eip155:1/erc20:0x66BaD545596fb17a0B4ebDC003a85dEF10E8F6Ae", "WIKI", "wiki-token", "WIKI", NULL, 1533681266, NULL);
UPDATE common_asset_details SET cryptocompare = 'MTA' WHERE identifier = 'eip155:1/erc20:0xa3BeD4E1c75D00fa6f4E5E6922DB7261B5E9AcD2';
INSERT INTO assets(identifier, name, type) VALUES("eip155:1/erc20:0xa3BeD4E1c75D00fa6f4E5E6922DB7261B5E9AcD2", "Meta", "C"); INSERT INTO evm_tokens(identifier, token_kind, chain, address, decimals, protocol) VALUES("eip155:1/erc20:0xa3BeD4E1c75D00fa6f4E5E6922DB7261B5E9AcD2", "A", 1, "0xa3BeD4E1c75D00fa6f4E5E6922DB7261B5E9AcD2", 18, ""); INSERT INTO common_asset_details(identifier, symbol, coingecko, cryptocompare, forked, started, swapped_for) VALUES("eip155:1/erc20:0xa3BeD4E1c75D00fa6f4E5E6922DB7261B5E9AcD2", "MTA", "meta", "MTA", NULL, 1594635836, NULL);
UPDATE common_asset_details SET cryptocompare = 'HVN' WHERE identifier = 'eip155:1/erc20:0xC0Eb85285d83217CD7c891702bcbC0FC401E2D9D';
INSERT INTO assets(identifier, name, type) VALUES("eip155:1/erc20:0xC0Eb85285d83217CD7c891702bcbC0FC401E2D9D", "Hiveterminal Token", "C"); INSERT INTO evm_tokens(identifier, token_kind, chain, address, decimals, protocol) VALUES("eip155:1/erc20:0xC0Eb85285d83217CD7c891702bcbC0FC401E2D9D", "A", 1, "0xC0Eb85285d83217CD7c891702bcbC0FC401E2D9D", 8, ""); INSERT INTO common_asset_details(identifier, symbol, coingecko, cryptocompare, forked, started, swapped_for) VALUES("eip155:1/erc20:0xC0Eb85285d83217CD7c891702bcbC0FC401E2D9D", "HVN", "hiveterminal", "HVN", NULL, 1502668800, NULL);
UPDATE common_asset_details SET cryptocompare = 'DIGITAL' WHERE identifier = 'eip155:1/erc20:0xa150Db9b1Fa65b44799d4dD949D922c0a33Ee606';
INSERT INTO assets(identifier, name, type) VALUES("eip155:1/erc20:0xa150Db9b1Fa65b44799d4dD949D922c0a33Ee606", "Digital Reserve Currency", "C"); INSERT INTO evm_tokens(identifier, token_kind, chain, address, decimals, protocol) VALUES("eip155:1/erc20:0xa150Db9b1Fa65b44799d4dD949D922c0a33Ee606", "A", 1, "0xa150Db9b1Fa65b44799d4dD949D922c0a33Ee606", 0, ""); INSERT INTO common_asset_details(identifier, symbol, coingecko, cryptocompare, forked, started, swapped_for) VALUES("eip155:1/erc20:0xa150Db9b1Fa65b44799d4dD949D922c0a33Ee606", "DRC", "digital-reserve-currency", "DIGITAL", NULL, 1598549797, NULL);
UPDATE common_asset_details SET cryptocompare = 'SS' WHERE identifier = 'eip155:1/erc20:0xbbFF862d906E348E9946Bfb2132ecB157Da3D4b4';
INSERT INTO assets(identifier, name, type) VALUES("eip155:1/erc20:0xbbFF862d906E348E9946Bfb2132ecB157Da3D4b4", "Sharder", "C"); INSERT INTO evm_tokens(identifier, token_kind, chain, address, decimals, protocol) VALUES("eip155:1/erc20:0xbbFF862d906E348E9946Bfb2132ecB157Da3D4b4", "A", 1, "0xbbFF862d906E348E9946Bfb2132ecB157Da3D4b4", 18, ""); INSERT INTO common_asset_details(identifier, symbol, coingecko, cryptocompare, forked, started, swapped_for) VALUES("eip155:1/erc20:0xbbFF862d906E348E9946Bfb2132ecB157Da3D4b4", "SS", "sharder-protocol", "SS", NULL, 1517875200, NULL);
UPDATE common_asset_details SET cryptocompare = 'AILINK' WHERE identifier = 'eip155:1/erc20:0x4289c043A12392F1027307fB58272D8EBd853912';
INSERT INTO assets(identifier, name, type) VALUES("eip155:1/erc20:0x4289c043A12392F1027307fB58272D8EBd853912", "AiLink Token", "C"); INSERT INTO evm_tokens(identifier, token_kind, chain, address, decimals, protocol) VALUES("eip155:1/erc20:0x4289c043A12392F1027307fB58272D8EBd853912", "A", 1, "0x4289c043A12392F1027307fB58272D8EBd853912", 18, ""); INSERT INTO common_asset_details(identifier, symbol, coingecko, cryptocompare, forked, started, swapped_for) VALUES("eip155:1/erc20:0x4289c043A12392F1027307fB58272D8EBd853912", "ALI", "ailink-token", "AILINK", NULL, 1516685501, NULL);
UPDATE common_asset_details SET cryptocompare = 'BZNT' WHERE identifier = 'eip155:1/erc20:0xE1Aee98495365fc179699C1bB3E761FA716beE62';
INSERT INTO assets(identifier, name, type) VALUES("eip155:1/erc20:0xE1Aee98495365fc179699C1bB3E761FA716beE62", "Bezant", "C"); INSERT INTO evm_tokens(identifier, token_kind, chain, address, decimals, protocol) VALUES("eip155:1/erc20:0xE1Aee98495365fc179699C1bB3E761FA716beE62", "A", 1, "0xE1Aee98495365fc179699C1bB3E761FA716beE62", 18, ""); INSERT INTO common_asset_details(identifier, symbol, coingecko, cryptocompare, forked, started, swapped_for) VALUES("eip155:1/erc20:0xE1Aee98495365fc179699C1bB3E761FA716beE62", "BZNT", "bezant", "BZNT", NULL, 1525171355, NULL);
UPDATE common_asset_details SET cryptocompare = 'PURSE' WHERE identifier = 'eip155:56/erc20:0x29a63F4B209C29B4DC47f06FFA896F32667DAD2C';
INSERT INTO assets(identifier, name, type) VALUES("eip155:56/erc20:0x29a63F4B209C29B4DC47f06FFA896F32667DAD2C", "PURSE TOKEN", "C"); INSERT INTO evm_tokens(identifier, token_kind, chain, address, decimals, protocol) VALUES("eip155:56/erc20:0x29a63F4B209C29B4DC47f06FFA896F32667DAD2C", "A", 56, "0x29a63F4B209C29B4DC47f06FFA896F32667DAD2C", 18, ""); INSERT INTO common_asset_details(identifier, symbol, coingecko, cryptocompare, forked, started, swapped_for) VALUES("eip155:56/erc20:0x29a63F4B209C29B4DC47f06FFA896F32667DAD2C", "PURSE", "pundi-x-purse", "PURSE", NULL, NULL, NULL);
UPDATE common_asset_details SET cryptocompare = 'CO2' WHERE identifier = 'eip155:1/erc20:0xB4b1D2C217EC0776584CE08D3DD98F90EDedA44b';
INSERT INTO assets(identifier, name, type) VALUES("eip155:1/erc20:0xB4b1D2C217EC0776584CE08D3DD98F90EDedA44b", "Climatecoin", "C"); INSERT INTO evm_tokens(identifier, token_kind, chain, address, decimals, protocol) VALUES("eip155:1/erc20:0xB4b1D2C217EC0776584CE08D3DD98F90EDedA44b", "A", 1, "0xB4b1D2C217EC0776584CE08D3DD98F90EDedA44b", 18, ""); INSERT INTO common_asset_details(identifier, symbol, coingecko, cryptocompare, forked, started, swapped_for) VALUES("eip155:1/erc20:0xB4b1D2C217EC0776584CE08D3DD98F90EDedA44b", "CO2", "climatecoin", "CO2", NULL, 1511710354, NULL);
UPDATE common_asset_details SET cryptocompare = 'SSH' WHERE identifier = 'eip155:1/erc20:0x6e2050CBFB3eD8A4d39b64cC9f47E711a03a5a89';
INSERT INTO assets(identifier, name, type) VALUES("eip155:1/erc20:0x6e2050CBFB3eD8A4d39b64cC9f47E711a03a5a89", "StreamSpace", "C"); INSERT INTO evm_tokens(identifier, token_kind, chain, address, decimals, protocol) VALUES("eip155:1/erc20:0x6e2050CBFB3eD8A4d39b64cC9f47E711a03a5a89", "A", 1, "0x6e2050CBFB3eD8A4d39b64cC9f47E711a03a5a89", 18, ""); INSERT INTO common_asset_details(identifier, symbol, coingecko, cryptocompare, forked, started, swapped_for) VALUES("eip155:1/erc20:0x6e2050CBFB3eD8A4d39b64cC9f47E711a03a5a89", "SSH", "", "SSH", NULL, 1519859663, NULL);
UPDATE common_asset_details SET cryptocompare = 'OPXVEVELO' WHERE identifier = 'eip155:10/erc20:0x46f21fDa29F1339e0aB543763FF683D399e393eC';
INSERT INTO assets(identifier, name, type) VALUES("eip155:10/erc20:0x46f21fDa29F1339e0aB543763FF683D399e393eC", "Perpetually Bonded Velo", "C"); INSERT INTO evm_tokens(identifier, token_kind, chain, address, decimals, protocol) VALUES("eip155:10/erc20:0x46f21fDa29F1339e0aB543763FF683D399e393eC", "A", 10, "0x46f21fDa29F1339e0aB543763FF683D399e393eC", 18, ""); INSERT INTO common_asset_details(identifier, symbol, coingecko, cryptocompare, forked, started, swapped_for) VALUES("eip155:10/erc20:0x46f21fDa29F1339e0aB543763FF683D399e393eC", "opxveVELO", "", "OPXVEVELO", NULL, 1715783893, NULL);
UPDATE common_asset_details SET cryptocompare = 'DAX' WHERE identifier = 'eip155:1/erc20:0x0B4BdC478791897274652DC15eF5C135cae61E60';
INSERT INTO assets(identifier, name, type) VALUES("eip155:1/erc20:0x0B4BdC478791897274652DC15eF5C135cae61E60", "DAEX", "C"); INSERT INTO evm_tokens(identifier, token_kind, chain, address, decimals, protocol) VALUES("eip155:1/erc20:0x0B4BdC478791897274652DC15eF5C135cae61E60", "A", 1, "0x0B4BdC478791897274652DC15eF5C135cae61E60", 18, ""); INSERT INTO common_asset_details(identifier, symbol, coingecko, cryptocompare, forked, started, swapped_for) VALUES("eip155:1/erc20:0x0B4BdC478791897274652DC15eF5C135cae61E60", "DAX", "daex", "DAX", NULL, 1517981944, NULL);
UPDATE common_asset_details SET cryptocompare = 'SNOV' WHERE identifier = 'eip155:1/erc20:0xBDC5bAC39Dbe132B1E030e898aE3830017D7d969';
INSERT INTO assets(identifier, name, type) VALUES("eip155:1/erc20:0xBDC5bAC39Dbe132B1E030e898aE3830017D7d969", "Snovian.Space", "C"); INSERT INTO evm_tokens(identifier, token_kind, chain, address, decimals, protocol) VALUES("eip155:1/erc20:0xBDC5bAC39Dbe132B1E030e898aE3830017D7d969", "A", 1, "0xBDC5bAC39Dbe132B1E030e898aE3830017D7d969", 18, ""); INSERT INTO common_asset_details(identifier, symbol, coingecko, cryptocompare, forked, started, swapped_for) VALUES("eip155:1/erc20:0xBDC5bAC39Dbe132B1E030e898aE3830017D7d969", "SNOV", "snovio", "SNOV", NULL, 1503360000, NULL);
UPDATE common_asset_details SET cryptocompare = 'ADI' WHERE identifier = 'eip155:1/erc20:0x8810C63470d38639954c6B41AaC545848C46484a';
INSERT INTO assets(identifier, name, type) VALUES("eip155:1/erc20:0x8810C63470d38639954c6B41AaC545848C46484a", "Aditus", "C"); INSERT INTO evm_tokens(identifier, token_kind, chain, address, decimals, protocol) VALUES("eip155:1/erc20:0x8810C63470d38639954c6B41AaC545848C46484a", "A", 1, "0x8810C63470d38639954c6B41AaC545848C46484a", 18, ""); INSERT INTO common_asset_details(identifier, symbol, coingecko, cryptocompare, forked, started, swapped_for) VALUES("eip155:1/erc20:0x8810C63470d38639954c6B41AaC545848C46484a", "ADI", "aditus", "ADI", NULL, 1511395200, NULL);
UPDATE common_asset_details SET cryptocompare = 'POLKER' WHERE identifier = 'eip155:56/erc20:0xc49DDe62B4A0810074721fAcA54Aab52369f486a';
INSERT INTO assets(identifier, name, type) VALUES("eip155:56/erc20:0xc49DDe62B4A0810074721fAcA54Aab52369f486a", "POLKER", "C"); INSERT INTO evm_tokens(identifier, token_kind, chain, address, decimals, protocol) VALUES("eip155:56/erc20:0xc49DDe62B4A0810074721fAcA54Aab52369f486a", "A", 56, "0xc49DDe62B4A0810074721fAcA54Aab52369f486a", 18, ""); INSERT INTO common_asset_details(identifier, symbol, coingecko, cryptocompare, forked, started, swapped_for) VALUES("eip155:56/erc20:0xc49DDe62B4A0810074721fAcA54Aab52369f486a", "PKR", "polker", "POLKER", NULL, 1624505603, NULL);
UPDATE common_asset_details SET cryptocompare = 'VOW' WHERE identifier = 'eip155:1/erc20:0x1BBf25e71EC48B84d773809B4bA55B6F4bE946Fb';
INSERT INTO assets(identifier, name, type) VALUES("eip155:1/erc20:0x1BBf25e71EC48B84d773809B4bA55B6F4bE946Fb", "Vow", "C"); INSERT INTO evm_tokens(identifier, token_kind, chain, address, decimals, protocol) VALUES("eip155:1/erc20:0x1BBf25e71EC48B84d773809B4bA55B6F4bE946Fb", "A", 1, "0x1BBf25e71EC48B84d773809B4bA55B6F4bE946Fb", 18, ""); INSERT INTO common_asset_details(identifier, symbol, coingecko, cryptocompare, forked, started, swapped_for) VALUES("eip155:1/erc20:0x1BBf25e71EC48B84d773809B4bA55B6F4bE946Fb", "VOW", "vow", "VOW", NULL, 1597991844, NULL);
UPDATE common_asset_details SET cryptocompare = 'LOOT' WHERE identifier = 'eip155:1/erc20:0xb478c6245e3D85D6EC3486B62ea872128d562541';
INSERT INTO assets(identifier, name, type) VALUES("eip155:1/erc20:0xb478c6245e3D85D6EC3486B62ea872128d562541", "LootBot", "C"); INSERT INTO evm_tokens(identifier, token_kind, chain, address, decimals, protocol) VALUES("eip155:1/erc20:0xb478c6245e3D85D6EC3486B62ea872128d562541", "A", 1, "0xb478c6245e3D85D6EC3486B62ea872128d562541", 18, ""); INSERT INTO common_asset_details(identifier, symbol, coingecko, cryptocompare, forked, started, swapped_for) VALUES("eip155:1/erc20:0xb478c6245e3D85D6EC3486B62ea872128d562541", "$LOOT", "lootbot", "LOOT", NULL, 1689435443, NULL);
UPDATE common_asset_details SET cryptocompare = 'CSIX' WHERE identifier = 'eip155:56/erc20:0x04756126F044634C9a0f0E985e60c88a51ACC206';
INSERT INTO assets(identifier, name, type) VALUES("eip155:56/erc20:0x04756126F044634C9a0f0E985e60c88a51ACC206", "Carbon", "C"); INSERT INTO evm_tokens(identifier, token_kind, chain, address, decimals, protocol) VALUES("eip155:56/erc20:0x04756126F044634C9a0f0E985e60c88a51ACC206", "A", 56, "0x04756126F044634C9a0f0E985e60c88a51ACC206", 18, ""); INSERT INTO common_asset_details(identifier, symbol, coingecko, cryptocompare, forked, started, swapped_for) VALUES("eip155:56/erc20:0x04756126F044634C9a0f0E985e60c88a51ACC206", "CSIX", "carbon-browser", "CSIX", NULL, 1672898669, NULL);
UPDATE common_asset_details SET cryptocompare = 'REAL' WHERE identifier = 'eip155:1/erc20:0x9214eC02CB71CbA0ADA6896b8dA260736a67ab10';
INSERT INTO assets(identifier, name, type) VALUES("eip155:1/erc20:0x9214eC02CB71CbA0ADA6896b8dA260736a67ab10", "REAL", "C"); INSERT INTO evm_tokens(identifier, token_kind, chain, address, decimals, protocol) VALUES("eip155:1/erc20:0x9214eC02CB71CbA0ADA6896b8dA260736a67ab10", "A", 1, "0x9214eC02CB71CbA0ADA6896b8dA260736a67ab10", 18, ""); INSERT INTO common_asset_details(identifier, symbol, coingecko, cryptocompare, forked, started, swapped_for) VALUES("eip155:1/erc20:0x9214eC02CB71CbA0ADA6896b8dA260736a67ab10", "REAL", "real", "REAL", NULL, 1504172987, NULL);
UPDATE common_asset_details SET cryptocompare = 'ABT' WHERE identifier = 'eip155:1/erc20:0xB98d4C97425d9908E66E53A6fDf673ACcA0BE986';
INSERT INTO assets(identifier, name, type) VALUES("eip155:1/erc20:0xB98d4C97425d9908E66E53A6fDf673ACcA0BE986", "Arcblock", "C"); INSERT INTO evm_tokens(identifier, token_kind, chain, address, decimals, protocol) VALUES("eip155:1/erc20:0xB98d4C97425d9908E66E53A6fDf673ACcA0BE986", "A", 1, "0xB98d4C97425d9908E66E53A6fDf673ACcA0BE986", 18, ""); INSERT INTO common_asset_details(identifier, symbol, coingecko, cryptocompare, forked, started, swapped_for) VALUES("eip155:1/erc20:0xB98d4C97425d9908E66E53A6fDf673ACcA0BE986", "ABT", "arcblock", "ABT", NULL, 1515196800, NULL);
UPDATE common_asset_details SET cryptocompare = 'LIF' WHERE identifier = 'eip155:1/erc20:0xEB9951021698B42e4399f9cBb6267Aa35F82D59D';
INSERT INTO assets(identifier, name, type) VALUES("eip155:1/erc20:0xEB9951021698B42e4399f9cBb6267Aa35F82D59D", "Winding Tree", "C"); INSERT INTO evm_tokens(identifier, token_kind, chain, address, decimals, protocol) VALUES("eip155:1/erc20:0xEB9951021698B42e4399f9cBb6267Aa35F82D59D", "A", 1, "0xEB9951021698B42e4399f9cBb6267Aa35F82D59D", 18, ""); INSERT INTO common_asset_details(identifier, symbol, coingecko, cryptocompare, forked, started, swapped_for) VALUES("eip155:1/erc20:0xEB9951021698B42e4399f9cBb6267Aa35F82D59D", "LIF", "winding-tree", "LIF", NULL, 1517270400, NULL);
UPDATE common_asset_details SET cryptocompare = 'DCK' WHERE identifier = 'eip155:56/erc20:0x16faF9DAa401AA42506AF503Aa3d80B871c467A3';
INSERT INTO assets(identifier, name, type) VALUES("eip155:56/erc20:0x16faF9DAa401AA42506AF503Aa3d80B871c467A3", "DexCheck", "C"); INSERT INTO evm_tokens(identifier, token_kind, chain, address, decimals, protocol) VALUES("eip155:56/erc20:0x16faF9DAa401AA42506AF503Aa3d80B871c467A3", "A", 56, "0x16faF9DAa401AA42506AF503Aa3d80B871c467A3", 18, ""); INSERT INTO common_asset_details(identifier, symbol, coingecko, cryptocompare, forked, started, swapped_for) VALUES("eip155:56/erc20:0x16faF9DAa401AA42506AF503Aa3d80B871c467A3", "DCK", "dexcheck", "DCK", NULL, 1687188342, NULL);
UPDATE common_asset_details SET cryptocompare = 'UNI' WHERE identifier = 'eip155:1/erc20:0x1f9840a85d5aF5bf1D1762F925BDADdC4201F984';
INSERT INTO assets(identifier, name, type) VALUES("eip155:1/erc20:0x1f9840a85d5aF5bf1D1762F925BDADdC4201F984", "Uniswap", "C"); INSERT INTO evm_tokens(identifier, token_kind, chain, address, decimals, protocol) VALUES("eip155:1/erc20:0x1f9840a85d5aF5bf1D1762F925BDADdC4201F984", "A", 1, "0x1f9840a85d5aF5bf1D1762F925BDADdC4201F984", 18, ""); INSERT INTO common_asset_details(identifier, symbol, coingecko, cryptocompare, forked, started, swapped_for) VALUES("eip155:1/erc20:0x1f9840a85d5aF5bf1D1762F925BDADdC4201F984", "UNI", "uniswap", "UNI", NULL, 1600107086, NULL);
UPDATE common_asset_details SET cryptocompare = 'WNXM' WHERE identifier = 'eip155:1/erc20:0x0d438F3b5175Bebc262bF23753C1E53d03432bDE';
INSERT INTO assets(identifier, name, type) VALUES("eip155:1/erc20:0x0d438F3b5175Bebc262bF23753C1E53d03432bDE", "Wrapped Nexus Mutual", "C"); INSERT INTO evm_tokens(identifier, token_kind, chain, address, decimals, protocol) VALUES("eip155:1/erc20:0x0d438F3b5175Bebc262bF23753C1E53d03432bDE", "A", 1, "0x0d438F3b5175Bebc262bF23753C1E53d03432bDE", 18, ""); INSERT INTO common_asset_details(identifier, symbol, coingecko, cryptocompare, forked, started, swapped_for) VALUES("eip155:1/erc20:0x0d438F3b5175Bebc262bF23753C1E53d03432bDE", "wNXM", "wrapped-nxm", "WNXM", NULL, 1593733266, NULL);
UPDATE common_asset_details SET cryptocompare = 'XNK' WHERE identifier = 'eip155:1/erc20:0xBC86727E770de68B1060C91f6BB6945c73e10388';
INSERT INTO assets(identifier, name, type) VALUES("eip155:1/erc20:0xBC86727E770de68B1060C91f6BB6945c73e10388", "Ink Protocol", "C"); INSERT INTO evm_tokens(identifier, token_kind, chain, address, decimals, protocol) VALUES("eip155:1/erc20:0xBC86727E770de68B1060C91f6BB6945c73e10388", "A", 1, "0xBC86727E770de68B1060C91f6BB6945c73e10388", 18, ""); INSERT INTO common_asset_details(identifier, symbol, coingecko, cryptocompare, forked, started, swapped_for) VALUES("eip155:1/erc20:0xBC86727E770de68B1060C91f6BB6945c73e10388", "XNK", "ink-protocol", "XNK", NULL, 1510704000, NULL);
UPDATE common_asset_details SET cryptocompare = 'RINGX' WHERE identifier = 'eip155:1/erc20:0x7F86C782EC802ac402e0369d2E6d500256F7abC5';
INSERT INTO assets(identifier, name, type) VALUES("eip155:1/erc20:0x7F86C782EC802ac402e0369d2E6d500256F7abC5", "RING X PLATFORM", "C"); INSERT INTO evm_tokens(identifier, token_kind, chain, address, decimals, protocol) VALUES("eip155:1/erc20:0x7F86C782EC802ac402e0369d2E6d500256F7abC5", "A", 1, "0x7F86C782EC802ac402e0369d2E6d500256F7abC5", 18, ""); INSERT INTO common_asset_details(identifier, symbol, coingecko, cryptocompare, forked, started, swapped_for) VALUES("eip155:1/erc20:0x7F86C782EC802ac402e0369d2E6d500256F7abC5", "RINGX", "ring-x-platform", "RINGX", NULL, 1588230484, NULL);
UPDATE common_asset_details SET cryptocompare = 'STRK' WHERE identifier = 'STRK';
INSERT INTO assets(identifier, name, type) VALUES("STRK", "Starknet", "W"); INSERT INTO common_asset_details(identifier, symbol, coingecko, cryptocompare, forked, started, swapped_for) VALUES("STRK", "STRK", "starknet", "STRK", NULL, 1668610211, NULL);
UPDATE common_asset_details SET cryptocompare = 'MERCU' WHERE identifier = 'eip155:1/erc20:0x8a77e40936BbC27e80E9a3F526368C967869c86D';
INSERT INTO assets(identifier, name, type) VALUES("eip155:1/erc20:0x8a77e40936BbC27e80E9a3F526368C967869c86D", "Merculet", "C"); INSERT INTO evm_tokens(identifier, token_kind, chain, address, decimals, protocol) VALUES("eip155:1/erc20:0x8a77e40936BbC27e80E9a3F526368C967869c86D", "A", 1, "0x8a77e40936BbC27e80E9a3F526368C967869c86D", 18, ""); INSERT INTO common_asset_details(identifier, symbol, coingecko, cryptocompare, forked, started, swapped_for) VALUES("eip155:1/erc20:0x8a77e40936BbC27e80E9a3F526368C967869c86D", "MVP", "merculet", "MERCU", NULL, 1523118839, NULL);
UPDATE common_asset_details SET cryptocompare = 'PUNKV' WHERE identifier = 'eip155:1/erc20:0x269616D549D7e8Eaa82DFb17028d0B212D11232A';
INSERT INTO assets(identifier, name, type) VALUES("eip155:1/erc20:0x269616D549D7e8Eaa82DFb17028d0B212D11232A", "CryptoPunks", "C"); INSERT INTO evm_tokens(identifier, token_kind, chain, address, decimals, protocol) VALUES("eip155:1/erc20:0x269616D549D7e8Eaa82DFb17028d0B212D11232A", "A", 1, "0x269616D549D7e8Eaa82DFb17028d0B212D11232A", 18, ""); INSERT INTO common_asset_details(identifier, symbol, coingecko, cryptocompare, forked, started, swapped_for) VALUES("eip155:1/erc20:0x269616D549D7e8Eaa82DFb17028d0B212D11232A", "PUNK", "punk-vault-nftx", "PUNKV", NULL, 1624265437, NULL);
UPDATE common_asset_details SET cryptocompare = 'BLY' WHERE identifier = 'eip155:1/erc20:0xf8aD7dFe656188A23e89da09506Adf7ad9290D5d';
INSERT INTO assets(identifier, name, type) VALUES("eip155:1/erc20:0xf8aD7dFe656188A23e89da09506Adf7ad9290D5d", "Blocery Token", "C"); INSERT INTO evm_tokens(identifier, token_kind, chain, address, decimals, protocol) VALUES("eip155:1/erc20:0xf8aD7dFe656188A23e89da09506Adf7ad9290D5d", "A", 1, "0xf8aD7dFe656188A23e89da09506Adf7ad9290D5d", 18, ""); INSERT INTO common_asset_details(identifier, symbol, coingecko, cryptocompare, forked, started, swapped_for) VALUES("eip155:1/erc20:0xf8aD7dFe656188A23e89da09506Adf7ad9290D5d", "BLY", "blocery", "BLY", NULL, 1593069593, NULL);
UPDATE common_asset_details SET cryptocompare = 'MCI' WHERE identifier = 'eip155:1/erc20:0x138A8752093F4f9a79AaeDF48d4B9248fab93c9C';
INSERT INTO assets(identifier, name, type) VALUES("eip155:1/erc20:0x138A8752093F4f9a79AaeDF48d4B9248fab93c9C", "Musiconomi", "C"); INSERT INTO evm_tokens(identifier, token_kind, chain, address, decimals, protocol) VALUES("eip155:1/erc20:0x138A8752093F4f9a79AaeDF48d4B9248fab93c9C", "A", 1, "0x138A8752093F4f9a79AaeDF48d4B9248fab93c9C", 18, ""); INSERT INTO common_asset_details(identifier, symbol, coingecko, cryptocompare, forked, started, swapped_for) VALUES("eip155:1/erc20:0x138A8752093F4f9a79AaeDF48d4B9248fab93c9C", "MCI", "", "MCI", NULL, 1499644800, NULL);
UPDATE common_asset_details SET cryptocompare = 'BTCRED' WHERE identifier = 'eip155:1/erc20:0x6Aac8CB9861E42bf8259F5AbDC6aE3Ae89909E11';
INSERT INTO assets(identifier, name, type) VALUES("eip155:1/erc20:0x6Aac8CB9861E42bf8259F5AbDC6aE3Ae89909E11", "Bitcoin Red", "C"); INSERT INTO evm_tokens(identifier, token_kind, chain, address, decimals, protocol) VALUES("eip155:1/erc20:0x6Aac8CB9861E42bf8259F5AbDC6aE3Ae89909E11", "A", 1, "0x6Aac8CB9861E42bf8259F5AbDC6aE3Ae89909E11", 8, ""); INSERT INTO common_asset_details(identifier, symbol, coingecko, cryptocompare, forked, started, swapped_for) VALUES("eip155:1/erc20:0x6Aac8CB9861E42bf8259F5AbDC6aE3Ae89909E11", "BTCRED", "bitcoin-red", "BTCRED", NULL, 1508414234, NULL);
UPDATE common_asset_details SET cryptocompare = 'JETCOIN' WHERE identifier = 'eip155:1/erc20:0x8727c112C712c4a03371AC87a74dD6aB104Af768';
INSERT INTO assets(identifier, name, type) VALUES("eip155:1/erc20:0x8727c112C712c4a03371AC87a74dD6aB104Af768", "Jetcoin", "C"); INSERT INTO evm_tokens(identifier, token_kind, chain, address, decimals, protocol) VALUES("eip155:1/erc20:0x8727c112C712c4a03371AC87a74dD6aB104Af768", "A", 1, "0x8727c112C712c4a03371AC87a74dD6aB104Af768", 18, ""); INSERT INTO common_asset_details(identifier, symbol, coingecko, cryptocompare, forked, started, swapped_for) VALUES("eip155:1/erc20:0x8727c112C712c4a03371AC87a74dD6aB104Af768", "JET", "jetcoin", "JETCOIN", NULL, 1504820140, NULL);
UPDATE common_asset_details SET cryptocompare = 'VALOR' WHERE identifier = 'eip155:1/erc20:0x297E4e5e59Ad72B1B0A2fd446929e76117be0E0a';
INSERT INTO assets(identifier, name, type) VALUES("eip155:1/erc20:0x297E4e5e59Ad72B1B0A2fd446929e76117be0E0a", "ValorToken", "C"); INSERT INTO evm_tokens(identifier, token_kind, chain, address, decimals, protocol) VALUES("eip155:1/erc20:0x297E4e5e59Ad72B1B0A2fd446929e76117be0E0a", "A", 1, "0x297E4e5e59Ad72B1B0A2fd446929e76117be0E0a", 18, ""); INSERT INTO common_asset_details(identifier, symbol, coingecko, cryptocompare, forked, started, swapped_for) VALUES("eip155:1/erc20:0x297E4e5e59Ad72B1B0A2fd446929e76117be0E0a", "VALOR", "smart-valor", "VALOR", NULL, NULL, NULL);
UPDATE common_asset_details SET cryptocompare = 'PAZZI' WHERE identifier = 'eip155:1/erc20:0xbcD8756Ea481608Ea3DD5a555493305Cf0A79640';
INSERT INTO assets(identifier, name, type) VALUES("eip155:1/erc20:0xbcD8756Ea481608Ea3DD5a555493305Cf0A79640", "Pazzi", "C"); INSERT INTO evm_tokens(identifier, token_kind, chain, address, decimals, protocol) VALUES("eip155:1/erc20:0xbcD8756Ea481608Ea3DD5a555493305Cf0A79640", "A", 1, "0xbcD8756Ea481608Ea3DD5a555493305Cf0A79640", 18, ""); INSERT INTO common_asset_details(identifier, symbol, coingecko, cryptocompare, forked, started, swapped_for) VALUES("eip155:1/erc20:0xbcD8756Ea481608Ea3DD5a555493305Cf0A79640", "PAZZI", "paparazzi", "PAZZI", NULL, 1588776788, NULL);
UPDATE common_asset_details SET cryptocompare = 'PHI' WHERE identifier = 'eip155:1/erc20:0x13C2fab6354d3790D8ece4f0f1a3280b4A25aD96';
INSERT INTO assets(identifier, name, type) VALUES("eip155:1/erc20:0x13C2fab6354d3790D8ece4f0f1a3280b4A25aD96", "PHI Token", "C"); INSERT INTO evm_tokens(identifier, token_kind, chain, address, decimals, protocol) VALUES("eip155:1/erc20:0x13C2fab6354d3790D8ece4f0f1a3280b4A25aD96", "A", 1, "0x13C2fab6354d3790D8ece4f0f1a3280b4A25aD96", 18, ""); INSERT INTO common_asset_details(identifier, symbol, coingecko, cryptocompare, forked, started, swapped_for) VALUES("eip155:1/erc20:0x13C2fab6354d3790D8ece4f0f1a3280b4A25aD96", "PHI", "phi-token", "PHI", NULL, 1519831304, NULL);
UPDATE common_asset_details SET cryptocompare = 'ERO' WHERE identifier = 'eip155:1/erc20:0x74CEDa77281b339142A36817Fa5F9E29412bAb85';
INSERT INTO assets(identifier, name, type) VALUES("eip155:1/erc20:0x74CEDa77281b339142A36817Fa5F9E29412bAb85", "Eroscoin", "C"); INSERT INTO evm_tokens(identifier, token_kind, chain, address, decimals, protocol) VALUES("eip155:1/erc20:0x74CEDa77281b339142A36817Fa5F9E29412bAb85", "A", 1, "0x74CEDa77281b339142A36817Fa5F9E29412bAb85", 8, ""); INSERT INTO common_asset_details(identifier, symbol, coingecko, cryptocompare, forked, started, swapped_for) VALUES("eip155:1/erc20:0x74CEDa77281b339142A36817Fa5F9E29412bAb85", "ERO", "eroscoin", "ERO", NULL, 1505347200, NULL);
UPDATE common_asset_details SET cryptocompare = 'SRK' WHERE identifier = 'eip155:1/erc20:0x0488401c3F535193Fa8Df029d9fFe615A06E74E6';
INSERT INTO assets(identifier, name, type) VALUES("eip155:1/erc20:0x0488401c3F535193Fa8Df029d9fFe615A06E74E6", "SparkPoint", "C"); INSERT INTO evm_tokens(identifier, token_kind, chain, address, decimals, protocol) VALUES("eip155:1/erc20:0x0488401c3F535193Fa8Df029d9fFe615A06E74E6", "A", 1, "0x0488401c3F535193Fa8Df029d9fFe615A06E74E6", 18, ""); INSERT INTO common_asset_details(identifier, symbol, coingecko, cryptocompare, forked, started, swapped_for) VALUES("eip155:1/erc20:0x0488401c3F535193Fa8Df029d9fFe615A06E74E6", "SRK", "sparkpoint", "SRK", NULL, 1552531478, NULL);
UPDATE common_asset_details SET cryptocompare = 'CSNO' WHERE identifier = 'eip155:1/erc20:0x29D75277aC7F0335b2165D0895E8725cbF658d73';
INSERT INTO assets(identifier, name, type) VALUES("eip155:1/erc20:0x29D75277aC7F0335b2165D0895E8725cbF658d73", "BitDice", "C"); INSERT INTO evm_tokens(identifier, token_kind, chain, address, decimals, protocol) VALUES("eip155:1/erc20:0x29D75277aC7F0335b2165D0895E8725cbF658d73", "A", 1, "0x29D75277aC7F0335b2165D0895E8725cbF658d73", 8, ""); INSERT INTO common_asset_details(identifier, symbol, coingecko, cryptocompare, forked, started, swapped_for) VALUES("eip155:1/erc20:0x29D75277aC7F0335b2165D0895E8725cbF658d73", "CSNO", "bitdice", "CSNO", NULL, 1502755200, NULL);
UPDATE common_asset_details SET cryptocompare = 'CSM' WHERE identifier = 'eip155:1/erc20:0x2620638EDA99F9e7E902Ea24a285456EE9438861';
INSERT INTO assets(identifier, name, type) VALUES("eip155:1/erc20:0x2620638EDA99F9e7E902Ea24a285456EE9438861", "Crust Storage Market", "C"); INSERT INTO evm_tokens(identifier, token_kind, chain, address, decimals, protocol) VALUES("eip155:1/erc20:0x2620638EDA99F9e7E902Ea24a285456EE9438861", "A", 1, "0x2620638EDA99F9e7E902Ea24a285456EE9438861", 18, ""); INSERT INTO common_asset_details(identifier, symbol, coingecko, cryptocompare, forked, started, swapped_for) VALUES("eip155:1/erc20:0x2620638EDA99F9e7E902Ea24a285456EE9438861", "CSM", "crust-storage-market", "CSM", NULL, 1605591989, NULL);
UPDATE common_asset_details SET cryptocompare = 'TCT' WHERE identifier = 'eip155:1/erc20:0x4824A7b64E3966B0133f4f4FFB1b9D6bEb75FFF7';
INSERT INTO assets(identifier, name, type) VALUES("eip155:1/erc20:0x4824A7b64E3966B0133f4f4FFB1b9D6bEb75FFF7", "TokenClub", "C"); INSERT INTO evm_tokens(identifier, token_kind, chain, address, decimals, protocol) VALUES("eip155:1/erc20:0x4824A7b64E3966B0133f4f4FFB1b9D6bEb75FFF7", "A", 1, "0x4824A7b64E3966B0133f4f4FFB1b9D6bEb75FFF7", 18, ""); INSERT INTO common_asset_details(identifier, symbol, coingecko, cryptocompare, forked, started, swapped_for) VALUES("eip155:1/erc20:0x4824A7b64E3966B0133f4f4FFB1b9D6bEb75FFF7", "TCT", "tycoon-global", "TCT", NULL, 1513987200, NULL);
UPDATE common_asset_details SET cryptocompare = 'RCT' WHERE identifier = 'eip155:1/erc20:0x13f25cd52b21650caa8225C9942337d914C9B030';
INSERT INTO assets(identifier, name, type) VALUES("eip155:1/erc20:0x13f25cd52b21650caa8225C9942337d914C9B030", "RealChain", "C"); INSERT INTO evm_tokens(identifier, token_kind, chain, address, decimals, protocol) VALUES("eip155:1/erc20:0x13f25cd52b21650caa8225C9942337d914C9B030", "A", 1, "0x13f25cd52b21650caa8225C9942337d914C9B030", 18, ""); INSERT INTO common_asset_details(identifier, symbol, coingecko, cryptocompare, forked, started, swapped_for) VALUES("eip155:1/erc20:0x13f25cd52b21650caa8225C9942337d914C9B030", "RCT", "realchain", "RCT", NULL, 1515002327, NULL);
UPDATE common_asset_details SET cryptocompare = 'GOC' WHERE identifier = 'eip155:56/erc20:0x4B85a666deC7C959e88b97814E46113601B07e57';
INSERT INTO assets(identifier, name, type) VALUES("eip155:56/erc20:0x4B85a666deC7C959e88b97814E46113601B07e57", "GoCrypto", "C"); INSERT INTO evm_tokens(identifier, token_kind, chain, address, decimals, protocol) VALUES("eip155:56/erc20:0x4B85a666deC7C959e88b97814E46113601B07e57", "A", 56, "0x4B85a666deC7C959e88b97814E46113601B07e57", 18, ""); INSERT INTO common_asset_details(identifier, symbol, coingecko, cryptocompare, forked, started, swapped_for) VALUES("eip155:56/erc20:0x4B85a666deC7C959e88b97814E46113601B07e57", "GoC", "eligma", "GOC", NULL, 1631109304, NULL);
UPDATE common_asset_details SET cryptocompare = 'PFR' WHERE identifier = 'eip155:1/erc20:0x2FA32a39fc1c399E0Cc7B2935868f5165De7cE97';
INSERT INTO assets(identifier, name, type) VALUES("eip155:1/erc20:0x2FA32a39fc1c399E0Cc7B2935868f5165De7cE97", "Payfair", "C"); INSERT INTO evm_tokens(identifier, token_kind, chain, address, decimals, protocol) VALUES("eip155:1/erc20:0x2FA32a39fc1c399E0Cc7B2935868f5165De7cE97", "A", 1, "0x2FA32a39fc1c399E0Cc7B2935868f5165De7cE97", 8, ""); INSERT INTO common_asset_details(identifier, symbol, coingecko, cryptocompare, forked, started, swapped_for) VALUES("eip155:1/erc20:0x2FA32a39fc1c399E0Cc7B2935868f5165De7cE97", "PFR", "payfair", "PFR", NULL, 1507719567, NULL);
UPDATE common_asset_details SET cryptocompare = 'SVD' WHERE identifier = 'eip155:1/erc20:0xbdEB4b83251Fb146687fa19D1C660F99411eefe3';
INSERT INTO assets(identifier, name, type) VALUES("eip155:1/erc20:0xbdEB4b83251Fb146687fa19D1C660F99411eefe3", "savedroid", "C"); INSERT INTO evm_tokens(identifier, token_kind, chain, address, decimals, protocol) VALUES("eip155:1/erc20:0xbdEB4b83251Fb146687fa19D1C660F99411eefe3", "A", 1, "0xbdEB4b83251Fb146687fa19D1C660F99411eefe3", 18, ""); INSERT INTO common_asset_details(identifier, symbol, coingecko, cryptocompare, forked, started, swapped_for) VALUES("eip155:1/erc20:0xbdEB4b83251Fb146687fa19D1C660F99411eefe3", "SVD", "savedroid", "SVD", NULL, 1513123200, NULL);
UPDATE common_asset_details SET cryptocompare = 'TBT' WHERE identifier = 'eip155:1/erc20:0xAFe60511341a37488de25Bef351952562E31fCc1';
INSERT INTO assets(identifier, name, type) VALUES("eip155:1/erc20:0xAFe60511341a37488de25Bef351952562E31fCc1", "T-Bot", "C"); INSERT INTO evm_tokens(identifier, token_kind, chain, address, decimals, protocol) VALUES("eip155:1/erc20:0xAFe60511341a37488de25Bef351952562E31fCc1", "A", 1, "0xAFe60511341a37488de25Bef351952562E31fCc1", 8, ""); INSERT INTO common_asset_details(identifier, symbol, coingecko, cryptocompare, forked, started, swapped_for) VALUES("eip155:1/erc20:0xAFe60511341a37488de25Bef351952562E31fCc1", "TBT", "tidebit-token", "TBT", NULL, 1506087291, NULL);
UPDATE common_asset_details SET cryptocompare = 'NXC' WHERE identifier = 'eip155:1/erc20:0x45e42D659D9f9466cD5DF622506033145a9b89Bc';
INSERT INTO assets(identifier, name, type) VALUES("eip155:1/erc20:0x45e42D659D9f9466cD5DF622506033145a9b89Bc", "Nexium", "C"); INSERT INTO evm_tokens(identifier, token_kind, chain, address, decimals, protocol) VALUES("eip155:1/erc20:0x45e42D659D9f9466cD5DF622506033145a9b89Bc", "A", 1, "0x45e42D659D9f9466cD5DF622506033145a9b89Bc", 3, ""); INSERT INTO common_asset_details(identifier, symbol, coingecko, cryptocompare, forked, started, swapped_for) VALUES("eip155:1/erc20:0x45e42D659D9f9466cD5DF622506033145a9b89Bc", "NXC", "", "NXC", NULL, 1463563652, NULL);
UPDATE common_asset_details SET cryptocompare = 'STACS' WHERE identifier = 'eip155:1/erc20:0x286708f069225905194673755F12359e6afF6FE1';
INSERT INTO assets(identifier, name, type) VALUES("eip155:1/erc20:0x286708f069225905194673755F12359e6afF6FE1", "STACS", "C"); INSERT INTO evm_tokens(identifier, token_kind, chain, address, decimals, protocol) VALUES("eip155:1/erc20:0x286708f069225905194673755F12359e6afF6FE1", "A", 1, "0x286708f069225905194673755F12359e6afF6FE1", 18, ""); INSERT INTO common_asset_details(identifier, symbol, coingecko, cryptocompare, forked, started, swapped_for) VALUES("eip155:1/erc20:0x286708f069225905194673755F12359e6afF6FE1", "STACS", "", "STACS", NULL, 1542383860, NULL);
UPDATE common_asset_details SET cryptocompare = 'KAT' WHERE identifier = 'eip155:1/erc20:0x14da230d6726C50F759Bc1838717F8CE6373509C';
INSERT INTO assets(identifier, name, type) VALUES("eip155:1/erc20:0x14da230d6726C50F759Bc1838717F8CE6373509C", "Kambria Token", "C"); INSERT INTO evm_tokens(identifier, token_kind, chain, address, decimals, protocol) VALUES("eip155:1/erc20:0x14da230d6726C50F759Bc1838717F8CE6373509C", "A", 1, "0x14da230d6726C50F759Bc1838717F8CE6373509C", 18, ""); INSERT INTO common_asset_details(identifier, symbol, coingecko, cryptocompare, forked, started, swapped_for) VALUES("eip155:1/erc20:0x14da230d6726C50F759Bc1838717F8CE6373509C", "KAT", "kambria", "KAT", NULL, 1601450954, NULL);
UPDATE common_asset_details SET cryptocompare = 'LIT' WHERE identifier = 'eip155:1/erc20:0xb59490aB09A0f526Cc7305822aC65f2Ab12f9723';
INSERT INTO assets(identifier, name, type) VALUES("eip155:1/erc20:0xb59490aB09A0f526Cc7305822aC65f2Ab12f9723", "Litentry", "C"); INSERT INTO evm_tokens(identifier, token_kind, chain, address, decimals, protocol) VALUES("eip155:1/erc20:0xb59490aB09A0f526Cc7305822aC65f2Ab12f9723", "A", 1, "0xb59490aB09A0f526Cc7305822aC65f2Ab12f9723", 18, ""); INSERT INTO common_asset_details(identifier, symbol, coingecko, cryptocompare, forked, started, swapped_for) VALUES("eip155:1/erc20:0xb59490aB09A0f526Cc7305822aC65f2Ab12f9723", "LIT", "litentry", "LIT", NULL, 1611494689, NULL);
UPDATE common_asset_details SET cryptocompare = 'AERO' WHERE identifier = 'eip155:8453/erc20:0x940181a94A35A4569E4529A3CDfB74e38FD98631';
INSERT INTO assets(identifier, name, type) VALUES("eip155:8453/erc20:0x940181a94A35A4569E4529A3CDfB74e38FD98631", "Aerodrome", "C"); INSERT INTO evm_tokens(identifier, token_kind, chain, address, decimals, protocol) VALUES("eip155:8453/erc20:0x940181a94A35A4569E4529A3CDfB74e38FD98631", "A", 8453, "0x940181a94A35A4569E4529A3CDfB74e38FD98631", 18, ""); INSERT INTO common_asset_details(identifier, symbol, coingecko, cryptocompare, forked, started, swapped_for) VALUES("eip155:8453/erc20:0x940181a94A35A4569E4529A3CDfB74e38FD98631", "AERO", "aerodrome-finance", "AERO", NULL, 1693190447, NULL);
UPDATE common_asset_details SET cryptocompare = 'UCASH' WHERE identifier = 'eip155:1/erc20:0x92e52a1A235d9A103D970901066CE910AAceFD37';
INSERT INTO assets(identifier, name, type) VALUES("eip155:1/erc20:0x92e52a1A235d9A103D970901066CE910AAceFD37", "UNIVERSAL CASH", "C"); INSERT INTO evm_tokens(identifier, token_kind, chain, address, decimals, protocol) VALUES("eip155:1/erc20:0x92e52a1A235d9A103D970901066CE910AAceFD37", "A", 1, "0x92e52a1A235d9A103D970901066CE910AAceFD37", 8, ""); INSERT INTO common_asset_details(identifier, symbol, coingecko, cryptocompare, forked, started, swapped_for) VALUES("eip155:1/erc20:0x92e52a1A235d9A103D970901066CE910AAceFD37", "UCASH", "ucash", "UCASH", NULL, 1504915200, NULL);
UPDATE common_asset_details SET cryptocompare = 'OPENX' WHERE identifier = 'eip155:10/erc20:0xc3864f98f2a61A7cAeb95b039D031b4E2f55e0e9';
INSERT INTO assets(identifier, name, type) VALUES("eip155:10/erc20:0xc3864f98f2a61A7cAeb95b039D031b4E2f55e0e9", "OpenX Optimism", "C"); INSERT INTO evm_tokens(identifier, token_kind, chain, address, decimals, protocol) VALUES("eip155:10/erc20:0xc3864f98f2a61A7cAeb95b039D031b4E2f55e0e9", "A", 10, "0xc3864f98f2a61A7cAeb95b039D031b4E2f55e0e9", 18, ""); INSERT INTO common_asset_details(identifier, symbol, coingecko, cryptocompare, forked, started, swapped_for) VALUES("eip155:10/erc20:0xc3864f98f2a61A7cAeb95b039D031b4E2f55e0e9", "OpenX", "", "OPENX", NULL, 1715874769, NULL);
UPDATE common_asset_details SET cryptocompare = 'MANA' WHERE identifier = 'eip155:1/erc20:0x0F5D2fB29fb7d3CFeE444a200298f468908cC942';
INSERT INTO assets(identifier, name, type) VALUES("eip155:1/erc20:0x0F5D2fB29fb7d3CFeE444a200298f468908cC942", "Decentraland", "C"); INSERT INTO evm_tokens(identifier, token_kind, chain, address, decimals, protocol) VALUES("eip155:1/erc20:0x0F5D2fB29fb7d3CFeE444a200298f468908cC942", "A", 1, "0x0F5D2fB29fb7d3CFeE444a200298f468908cC942", 18, ""); INSERT INTO common_asset_details(identifier, symbol, coingecko, cryptocompare, forked, started, swapped_for) VALUES("eip155:1/erc20:0x0F5D2fB29fb7d3CFeE444a200298f468908cC942", "MANA", "decentraland", "MANA", NULL, 1502824689, NULL);
UPDATE common_asset_details SET cryptocompare = 'FREE' WHERE identifier = 'eip155:1/erc20:0x2F141Ce366a2462f02cEA3D12CF93E4DCa49e4Fd';
INSERT INTO assets(identifier, name, type) VALUES("eip155:1/erc20:0x2F141Ce366a2462f02cEA3D12CF93E4DCa49e4Fd", "Free Coin", "C"); INSERT INTO evm_tokens(identifier, token_kind, chain, address, decimals, protocol) VALUES("eip155:1/erc20:0x2F141Ce366a2462f02cEA3D12CF93E4DCa49e4Fd", "A", 1, "0x2F141Ce366a2462f02cEA3D12CF93E4DCa49e4Fd", 18, "spam"); INSERT INTO common_asset_details(identifier, symbol, coingecko, cryptocompare, forked, started, swapped_for) VALUES("eip155:1/erc20:0x2F141Ce366a2462f02cEA3D12CF93E4DCa49e4Fd", "FREE", "", "FREE", NULL, NULL, NULL);
UPDATE common_asset_details SET cryptocompare = 'KWATT' WHERE identifier = 'eip155:1/erc20:0x241bA672574A78a3A604CDd0a94429A73a84a324';
INSERT INTO assets(identifier, name, type) VALUES("eip155:1/erc20:0x241bA672574A78a3A604CDd0a94429A73a84a324", "4NEW", "C"); INSERT INTO evm_tokens(identifier, token_kind, chain, address, decimals, protocol) VALUES("eip155:1/erc20:0x241bA672574A78a3A604CDd0a94429A73a84a324", "A", 1, "0x241bA672574A78a3A604CDd0a94429A73a84a324", 18, ""); INSERT INTO common_asset_details(identifier, symbol, coingecko, cryptocompare, forked, started, swapped_for) VALUES("eip155:1/erc20:0x241bA672574A78a3A604CDd0a94429A73a84a324", "KWATT", "4new", "KWATT", NULL, 1534783482, NULL);
UPDATE common_asset_details SET cryptocompare = 'FTXT' WHERE identifier = 'eip155:1/erc20:0x41875C2332B0877cDFAA699B641402b7D4642c32';
INSERT INTO assets(identifier, name, type) VALUES("eip155:1/erc20:0x41875C2332B0877cDFAA699B641402b7D4642c32", "FUTURAX", "C"); INSERT INTO evm_tokens(identifier, token_kind, chain, address, decimals, protocol) VALUES("eip155:1/erc20:0x41875C2332B0877cDFAA699B641402b7D4642c32", "A", 1, "0x41875C2332B0877cDFAA699B641402b7D4642c32", 8, ""); INSERT INTO common_asset_details(identifier, symbol, coingecko, cryptocompare, forked, started, swapped_for) VALUES("eip155:1/erc20:0x41875C2332B0877cDFAA699B641402b7D4642c32", "FTXT", "futurax", "FTXT", NULL, 1534084234, NULL);
UPDATE common_asset_details SET cryptocompare = 'CLB' WHERE identifier = 'eip155:1/erc20:0xb1c1Cb8C7c1992dba24e628bF7d38E71daD46aeB';
INSERT INTO assets(identifier, name, type) VALUES("eip155:1/erc20:0xb1c1Cb8C7c1992dba24e628bF7d38E71daD46aeB", "Cloudbric", "C"); INSERT INTO evm_tokens(identifier, token_kind, chain, address, decimals, protocol) VALUES("eip155:1/erc20:0xb1c1Cb8C7c1992dba24e628bF7d38E71daD46aeB", "A", 1, "0xb1c1Cb8C7c1992dba24e628bF7d38E71daD46aeB", 18, ""); INSERT INTO common_asset_details(identifier, symbol, coingecko, cryptocompare, forked, started, swapped_for) VALUES("eip155:1/erc20:0xb1c1Cb8C7c1992dba24e628bF7d38E71daD46aeB", "CLB", "cloudbric", "CLB", NULL, 1529050983, NULL);
UPDATE common_asset_details SET cryptocompare = 'KEY' WHERE identifier = 'eip155:1/erc20:0x4CC19356f2D37338b9802aa8E8fc58B0373296E7';
INSERT INTO assets(identifier, name, type) VALUES("eip155:1/erc20:0x4CC19356f2D37338b9802aa8E8fc58B0373296E7", "Selfkey", "C"); INSERT INTO evm_tokens(identifier, token_kind, chain, address, decimals, protocol) VALUES("eip155:1/erc20:0x4CC19356f2D37338b9802aa8E8fc58B0373296E7", "A", 1, "0x4CC19356f2D37338b9802aa8E8fc58B0373296E7", 18, ""); INSERT INTO common_asset_details(identifier, symbol, coingecko, cryptocompare, forked, started, swapped_for) VALUES("eip155:1/erc20:0x4CC19356f2D37338b9802aa8E8fc58B0373296E7", "KEY", "selfkey", "KEY", NULL, 1508803200, NULL);
UPDATE common_asset_details SET cryptocompare = 'BPET' WHERE identifier = 'eip155:42161/erc20:0x6dAF586B7370B14163171544fca24AbcC0862ac5';
INSERT INTO assets(identifier, name, type) VALUES("eip155:42161/erc20:0x6dAF586B7370B14163171544fca24AbcC0862ac5", "BPET", "C"); INSERT INTO evm_tokens(identifier, token_kind, chain, address, decimals, protocol) VALUES("eip155:42161/erc20:0x6dAF586B7370B14163171544fca24AbcC0862ac5", "A", 42161, "0x6dAF586B7370B14163171544fca24AbcC0862ac5", 18, ""); INSERT INTO common_asset_details(identifier, symbol, coingecko, cryptocompare, forked, started, swapped_for) VALUES("eip155:42161/erc20:0x6dAF586B7370B14163171544fca24AbcC0862ac5", "BPET", "", "BPET", NULL, NULL, NULL);
UPDATE common_asset_details SET cryptocompare = 'USTCW' WHERE identifier = 'eip155:1/erc20:0xa693B19d2931d498c5B318dF961919BB4aee87a5';
INSERT INTO assets(identifier, name, type) VALUES("eip155:1/erc20:0xa693B19d2931d498c5B318dF961919BB4aee87a5", "UST", "C"); INSERT INTO evm_tokens(identifier, token_kind, chain, address, decimals, protocol) VALUES("eip155:1/erc20:0xa693B19d2931d498c5B318dF961919BB4aee87a5", "A", 1, "0xa693B19d2931d498c5B318dF961919BB4aee87a5", 6, ""); INSERT INTO common_asset_details(identifier, symbol, coingecko, cryptocompare, forked, started, swapped_for) VALUES("eip155:1/erc20:0xa693B19d2931d498c5B318dF961919BB4aee87a5", "UST", "terrausd-wormhole", "USTCW", NULL, NULL, NULL);
UPDATE common_asset_details SET cryptocompare = 'DGPT' WHERE identifier = 'eip155:1/erc20:0xf6cFe53d6FEbaEEA051f400ff5fc14F0cBBDacA1';
INSERT INTO assets(identifier, name, type) VALUES("eip155:1/erc20:0xf6cFe53d6FEbaEEA051f400ff5fc14F0cBBDacA1", "DigiPulse", "C"); INSERT INTO evm_tokens(identifier, token_kind, chain, address, decimals, protocol) VALUES("eip155:1/erc20:0xf6cFe53d6FEbaEEA051f400ff5fc14F0cBBDacA1", "A", 1, "0xf6cFe53d6FEbaEEA051f400ff5fc14F0cBBDacA1", 18, ""); INSERT INTO common_asset_details(identifier, symbol, coingecko, cryptocompare, forked, started, swapped_for) VALUES("eip155:1/erc20:0xf6cFe53d6FEbaEEA051f400ff5fc14F0cBBDacA1", "DGPT", "", "DGPT", NULL, 1501804800, NULL);
UPDATE common_asset_details SET cryptocompare = 'NEXO' WHERE identifier = 'eip155:1/erc20:0xB62132e35a6c13ee1EE0f84dC5d40bad8d815206';
INSERT INTO assets(identifier, name, type) VALUES("eip155:1/erc20:0xB62132e35a6c13ee1EE0f84dC5d40bad8d815206", "Nexo", "C"); INSERT INTO evm_tokens(identifier, token_kind, chain, address, decimals, protocol) VALUES("eip155:1/erc20:0xB62132e35a6c13ee1EE0f84dC5d40bad8d815206", "A", 1, "0xB62132e35a6c13ee1EE0f84dC5d40bad8d815206", 18, ""); INSERT INTO common_asset_details(identifier, symbol, coingecko, cryptocompare, forked, started, swapped_for) VALUES("eip155:1/erc20:0xB62132e35a6c13ee1EE0f84dC5d40bad8d815206", "NEXO", "nexo", "NEXO", NULL, 1524250249, NULL);
UPDATE common_asset_details SET cryptocompare = 'SMARTCREDIT' WHERE identifier = 'eip155:1/erc20:0x72e9D9038cE484EE986FEa183f8d8Df93f9aDA13';
INSERT INTO assets(identifier, name, type) VALUES("eip155:1/erc20:0x72e9D9038cE484EE986FEa183f8d8Df93f9aDA13", "SMARTCREDIT Token", "C"); INSERT INTO evm_tokens(identifier, token_kind, chain, address, decimals, protocol) VALUES("eip155:1/erc20:0x72e9D9038cE484EE986FEa183f8d8Df93f9aDA13", "A", 1, "0x72e9D9038cE484EE986FEa183f8d8Df93f9aDA13", 18, ""); INSERT INTO common_asset_details(identifier, symbol, coingecko, cryptocompare, forked, started, swapped_for) VALUES("eip155:1/erc20:0x72e9D9038cE484EE986FEa183f8d8Df93f9aDA13", "SMARTCREDIT", "smartcredit-token", "SMARTCREDIT", NULL, 1602058612, NULL);
UPDATE common_asset_details SET cryptocompare = 'HICOOLCATS' WHERE identifier = 'eip155:1/erc20:0x082716b6734b31791407d7Dd0e2a2c41260029b2';
INSERT INTO assets(identifier, name, type) VALUES("eip155:1/erc20:0x082716b6734b31791407d7Dd0e2a2c41260029b2", "hiCOOLCATS", "C"); INSERT INTO evm_tokens(identifier, token_kind, chain, address, decimals, protocol) VALUES("eip155:1/erc20:0x082716b6734b31791407d7Dd0e2a2c41260029b2", "A", 1, "0x082716b6734b31791407d7Dd0e2a2c41260029b2", 18, ""); INSERT INTO common_asset_details(identifier, symbol, coingecko, cryptocompare, forked, started, swapped_for) VALUES("eip155:1/erc20:0x082716b6734b31791407d7Dd0e2a2c41260029b2", "hiCOOLCATS", "hicoolcats", "HICOOLCATS", NULL, 1670816171, NULL);
UPDATE common_asset_details SET cryptocompare = 'YTS' WHERE identifier = 'eip155:43114/erc20:0x488F73cddDA1DE3664775fFd91623637383D6404';
INSERT INTO assets(identifier, name, type) VALUES("eip155:43114/erc20:0x488F73cddDA1DE3664775fFd91623637383D6404", "YetiSwap", "C"); INSERT INTO evm_tokens(identifier, token_kind, chain, address, decimals, protocol) VALUES("eip155:43114/erc20:0x488F73cddDA1DE3664775fFd91623637383D6404", "A", 43114, "0x488F73cddDA1DE3664775fFd91623637383D6404", 18, ""); INSERT INTO common_asset_details(identifier, symbol, coingecko, cryptocompare, forked, started, swapped_for) VALUES("eip155:43114/erc20:0x488F73cddDA1DE3664775fFd91623637383D6404", "YTS", "yearn-ecosystem-token-index", "YTS", NULL, 1614533838, NULL);
UPDATE common_asset_details SET cryptocompare = 'ZPR' WHERE identifier = 'eip155:1/erc20:0xb5b8F5616Fe42d5ceCA3e87F3FddbDd8F496d760';
INSERT INTO assets(identifier, name, type) VALUES("eip155:1/erc20:0xb5b8F5616Fe42d5ceCA3e87F3FddbDd8F496d760", "ZPER", "C"); INSERT INTO evm_tokens(identifier, token_kind, chain, address, decimals, protocol) VALUES("eip155:1/erc20:0xb5b8F5616Fe42d5ceCA3e87F3FddbDd8F496d760", "A", 1, "0xb5b8F5616Fe42d5ceCA3e87F3FddbDd8F496d760", 18, ""); INSERT INTO common_asset_details(identifier, symbol, coingecko, cryptocompare, forked, started, swapped_for) VALUES("eip155:1/erc20:0xb5b8F5616Fe42d5ceCA3e87F3FddbDd8F496d760", "ZPR", "zper", "ZPR", NULL, 1522281600, NULL);
UPDATE common_asset_details SET cryptocompare = 'RFD' WHERE identifier = 'eip155:1/erc20:0x955d5c14C8D4944dA1Ea7836bd44D54a8eC35Ba1';
INSERT INTO assets(identifier, name, type) VALUES("eip155:1/erc20:0x955d5c14C8D4944dA1Ea7836bd44D54a8eC35Ba1", "REFUND", "C"); INSERT INTO evm_tokens(identifier, token_kind, chain, address, decimals, protocol) VALUES("eip155:1/erc20:0x955d5c14C8D4944dA1Ea7836bd44D54a8eC35Ba1", "A", 1, "0x955d5c14C8D4944dA1Ea7836bd44D54a8eC35Ba1", 18, ""); INSERT INTO common_asset_details(identifier, symbol, coingecko, cryptocompare, forked, started, swapped_for) VALUES("eip155:1/erc20:0x955d5c14C8D4944dA1Ea7836bd44D54a8eC35Ba1", "RFD", "refund", "RFD", NULL, NULL, NULL);
UPDATE common_asset_details SET cryptocompare = 'FREC' WHERE identifier = 'eip155:1/erc20:0x17e67d1CB4e349B9CA4Bc3e17C7DF2a397A7BB64';
INSERT INTO assets(identifier, name, type) VALUES("eip155:1/erc20:0x17e67d1CB4e349B9CA4Bc3e17C7DF2a397A7BB64", "Freyrchain", "C"); INSERT INTO evm_tokens(identifier, token_kind, chain, address, decimals, protocol) VALUES("eip155:1/erc20:0x17e67d1CB4e349B9CA4Bc3e17C7DF2a397A7BB64", "A", 1, "0x17e67d1CB4e349B9CA4Bc3e17C7DF2a397A7BB64", 18, ""); INSERT INTO common_asset_details(identifier, symbol, coingecko, cryptocompare, forked, started, swapped_for) VALUES("eip155:1/erc20:0x17e67d1CB4e349B9CA4Bc3e17C7DF2a397A7BB64", "FREC", "freyrchain", "FREC", NULL, 1518019816, NULL);
UPDATE common_asset_details SET cryptocompare = 'MKUSD' WHERE identifier = 'eip155:1/erc20:0x4591DBfF62656E7859Afe5e45f6f47D3669fBB28';
INSERT INTO assets(identifier, name, type) VALUES("eip155:1/erc20:0x4591DBfF62656E7859Afe5e45f6f47D3669fBB28", "Prisma mkUSD", "C"); INSERT INTO evm_tokens(identifier, token_kind, chain, address, decimals, protocol) VALUES("eip155:1/erc20:0x4591DBfF62656E7859Afe5e45f6f47D3669fBB28", "A", 1, "0x4591DBfF62656E7859Afe5e45f6f47D3669fBB28", 18, ""); INSERT INTO common_asset_details(identifier, symbol, coingecko, cryptocompare, forked, started, swapped_for) VALUES("eip155:1/erc20:0x4591DBfF62656E7859Afe5e45f6f47D3669fBB28", "mkUSD", "prisma-mkusd", "MKUSD", NULL, 1693427663, NULL);
UPDATE common_asset_details SET cryptocompare = 'IVY' WHERE identifier = 'eip155:1/erc20:0xA4eA687A2A7F29cF2dc66B39c68e4411C0D00C49';
INSERT INTO assets(identifier, name, type) VALUES("eip155:1/erc20:0xA4eA687A2A7F29cF2dc66B39c68e4411C0D00C49", "Ivy", "C"); INSERT INTO evm_tokens(identifier, token_kind, chain, address, decimals, protocol) VALUES("eip155:1/erc20:0xA4eA687A2A7F29cF2dc66B39c68e4411C0D00C49", "A", 1, "0xA4eA687A2A7F29cF2dc66B39c68e4411C0D00C49", 18, ""); INSERT INTO common_asset_details(identifier, symbol, coingecko, cryptocompare, forked, started, swapped_for) VALUES("eip155:1/erc20:0xA4eA687A2A7F29cF2dc66B39c68e4411C0D00C49", "IVY", "ivy", "IVY", NULL, 1523827334, NULL);
UPDATE common_asset_details SET cryptocompare = 'FRD' WHERE identifier = 'eip155:1/erc20:0x0ABeFb7611Cb3A01EA3FaD85f33C3C934F8e2cF4';
INSERT INTO assets(identifier, name, type) VALUES("eip155:1/erc20:0x0ABeFb7611Cb3A01EA3FaD85f33C3C934F8e2cF4", "Farad", "C"); INSERT INTO evm_tokens(identifier, token_kind, chain, address, decimals, protocol) VALUES("eip155:1/erc20:0x0ABeFb7611Cb3A01EA3FaD85f33C3C934F8e2cF4", "A", 1, "0x0ABeFb7611Cb3A01EA3FaD85f33C3C934F8e2cF4", 18, ""); INSERT INTO common_asset_details(identifier, symbol, coingecko, cryptocompare, forked, started, swapped_for) VALUES("eip155:1/erc20:0x0ABeFb7611Cb3A01EA3FaD85f33C3C934F8e2cF4", "FRD", "", "FRD", NULL, 1501632000, NULL);
UPDATE common_asset_details SET cryptocompare = 'PROS' WHERE identifier = 'eip155:1/erc20:0x8642A849D0dcb7a15a974794668ADcfbe4794B56';
INSERT INTO assets(identifier, name, type) VALUES("eip155:1/erc20:0x8642A849D0dcb7a15a974794668ADcfbe4794B56", "Prosper", "C"); INSERT INTO evm_tokens(identifier, token_kind, chain, address, decimals, protocol) VALUES("eip155:1/erc20:0x8642A849D0dcb7a15a974794668ADcfbe4794B56", "A", 1, "0x8642A849D0dcb7a15a974794668ADcfbe4794B56", 18, ""); INSERT INTO common_asset_details(identifier, symbol, coingecko, cryptocompare, forked, started, swapped_for) VALUES("eip155:1/erc20:0x8642A849D0dcb7a15a974794668ADcfbe4794B56", "PROS", "prosper", "PROS", NULL, 1608048948, NULL);
UPDATE common_asset_details SET cryptocompare = 'POOLX' WHERE identifier = 'eip155:56/erc20:0xbAeA9aBA1454DF334943951d51116aE342eAB255';
INSERT INTO assets(identifier, name, type) VALUES("eip155:56/erc20:0xbAeA9aBA1454DF334943951d51116aE342eAB255", "Poolz Finance", "C"); INSERT INTO evm_tokens(identifier, token_kind, chain, address, decimals, protocol) VALUES("eip155:56/erc20:0xbAeA9aBA1454DF334943951d51116aE342eAB255", "A", 56, "0xbAeA9aBA1454DF334943951d51116aE342eAB255", 18, ""); INSERT INTO common_asset_details(identifier, symbol, coingecko, cryptocompare, forked, started, swapped_for) VALUES("eip155:56/erc20:0xbAeA9aBA1454DF334943951d51116aE342eAB255", "POOLX", "poolz-finance-2", "POOLX", NULL, 1680112839, NULL);
UPDATE common_asset_details SET cryptocompare = 'DEFI' WHERE identifier = 'eip155:1/erc20:0x6B0FaCA7bA905a86F221CEb5CA404f605e5b3131';
INSERT INTO assets(identifier, name, type) VALUES("eip155:1/erc20:0x6B0FaCA7bA905a86F221CEb5CA404f605e5b3131", "DeFi", "C"); INSERT INTO evm_tokens(identifier, token_kind, chain, address, decimals, protocol) VALUES("eip155:1/erc20:0x6B0FaCA7bA905a86F221CEb5CA404f605e5b3131", "A", 1, "0x6B0FaCA7bA905a86F221CEb5CA404f605e5b3131", 18, ""); INSERT INTO common_asset_details(identifier, symbol, coingecko, cryptocompare, forked, started, swapped_for) VALUES("eip155:1/erc20:0x6B0FaCA7bA905a86F221CEb5CA404f605e5b3131", "DEFI", "de-fi", "DEFI", NULL, 1705506419, NULL);
UPDATE common_asset_details SET cryptocompare = 'FUNDC' WHERE identifier = 'eip155:1/erc20:0xd20bcBD56d9D551CAc10a6bC2a83635BFb72F3F4';
INSERT INTO assets(identifier, name, type) VALUES("eip155:1/erc20:0xd20bcBD56d9D551CAc10a6bC2a83635BFb72F3F4", "FUND", "C"); INSERT INTO evm_tokens(identifier, token_kind, chain, address, decimals, protocol) VALUES("eip155:1/erc20:0xd20bcBD56d9D551CAc10a6bC2a83635BFb72F3F4", "A", 1, "0xd20bcBD56d9D551CAc10a6bC2a83635BFb72F3F4", 6, "spam"); INSERT INTO common_asset_details(identifier, symbol, coingecko, cryptocompare, forked, started, swapped_for) VALUES("eip155:1/erc20:0xd20bcBD56d9D551CAc10a6bC2a83635BFb72F3F4", "FUND", "", "FUNDC", NULL, NULL, NULL);
UPDATE common_asset_details SET cryptocompare = 'GEEQ' WHERE identifier = 'eip155:1/erc20:0x6B9f031D718dDed0d681c20cB754F97b3BB81b78';
INSERT INTO assets(identifier, name, type) VALUES("eip155:1/erc20:0x6B9f031D718dDed0d681c20cB754F97b3BB81b78", "Geeq", "C"); INSERT INTO evm_tokens(identifier, token_kind, chain, address, decimals, protocol) VALUES("eip155:1/erc20:0x6B9f031D718dDed0d681c20cB754F97b3BB81b78", "A", 1, "0x6B9f031D718dDed0d681c20cB754F97b3BB81b78", 18, ""); INSERT INTO common_asset_details(identifier, symbol, coingecko, cryptocompare, forked, started, swapped_for) VALUES("eip155:1/erc20:0x6B9f031D718dDed0d681c20cB754F97b3BB81b78", "GEEQ", "geeq", "GEEQ", NULL, 1596492862, NULL);
UPDATE common_asset_details SET cryptocompare = 'NOBS' WHERE identifier = 'eip155:1/erc20:0xF4FaEa455575354d2699BC209B0a65CA99F69982';
INSERT INTO assets(identifier, name, type) VALUES("eip155:1/erc20:0xF4FaEa455575354d2699BC209B0a65CA99F69982", "No BS Crypto", "C"); INSERT INTO evm_tokens(identifier, token_kind, chain, address, decimals, protocol) VALUES("eip155:1/erc20:0xF4FaEa455575354d2699BC209B0a65CA99F69982", "A", 1, "0xF4FaEa455575354d2699BC209B0a65CA99F69982", 18, ""); INSERT INTO common_asset_details(identifier, symbol, coingecko, cryptocompare, forked, started, swapped_for) VALUES("eip155:1/erc20:0xF4FaEa455575354d2699BC209B0a65CA99F69982", "NOBS", "", "NOBS", NULL, 1525392000, NULL);
UPDATE common_asset_details SET cryptocompare = 'SDAI' WHERE identifier = 'eip155:1/erc20:0x83F20F44975D03b1b09e64809B757c47f942BEeA';
INSERT INTO assets(identifier, name, type) VALUES("eip155:1/erc20:0x83F20F44975D03b1b09e64809B757c47f942BEeA", "Savings Dai", "C"); INSERT INTO evm_tokens(identifier, token_kind, chain, address, decimals, protocol) VALUES("eip155:1/erc20:0x83F20F44975D03b1b09e64809B757c47f942BEeA", "A", 1, "0x83F20F44975D03b1b09e64809B757c47f942BEeA", 18, ""); INSERT INTO common_asset_details(identifier, symbol, coingecko, cryptocompare, forked, started, swapped_for) VALUES("eip155:1/erc20:0x83F20F44975D03b1b09e64809B757c47f942BEeA", "sDAI", "savings-dai", "SDAI", NULL, 1673977931, NULL);
UPDATE common_asset_details SET cryptocompare = 'UBDN' WHERE identifier = 'eip155:1/erc20:0xD624E5C89466A15812c1D45Ce1533be1F16C1702';
INSERT INTO assets(identifier, name, type) VALUES("eip155:1/erc20:0xD624E5C89466A15812c1D45Ce1533be1F16C1702", "UBD Network", "C"); INSERT INTO evm_tokens(identifier, token_kind, chain, address, decimals, protocol) VALUES("eip155:1/erc20:0xD624E5C89466A15812c1D45Ce1533be1F16C1702", "A", 1, "0xD624E5C89466A15812c1D45Ce1533be1F16C1702", 18, ""); INSERT INTO common_asset_details(identifier, symbol, coingecko, cryptocompare, forked, started, swapped_for) VALUES("eip155:1/erc20:0xD624E5C89466A15812c1D45Ce1533be1F16C1702", "UBDN", "", "UBDN", NULL, NULL, NULL);
UPDATE common_asset_details SET cryptocompare = 'AUDIO' WHERE identifier = 'eip155:1/erc20:0x18aAA7115705e8be94bfFEBDE57Af9BFc265B998';
INSERT INTO assets(identifier, name, type) VALUES("eip155:1/erc20:0x18aAA7115705e8be94bfFEBDE57Af9BFc265B998", "Audius", "C"); INSERT INTO evm_tokens(identifier, token_kind, chain, address, decimals, protocol) VALUES("eip155:1/erc20:0x18aAA7115705e8be94bfFEBDE57Af9BFc265B998", "A", 1, "0x18aAA7115705e8be94bfFEBDE57Af9BFc265B998", 18, ""); INSERT INTO common_asset_details(identifier, symbol, coingecko, cryptocompare, forked, started, swapped_for) VALUES("eip155:1/erc20:0x18aAA7115705e8be94bfFEBDE57Af9BFc265B998", "AUDIO", "audius", "AUDIO", NULL, 1603333709, NULL);
UPDATE common_asset_details SET cryptocompare = 'EBTC' WHERE identifier = 'eip155:1/erc20:0xeB7C20027172E5d143fB030d50f91Cece2D1485D';
INSERT INTO assets(identifier, name, type) VALUES("eip155:1/erc20:0xeB7C20027172E5d143fB030d50f91Cece2D1485D", "eBitcoin", "C"); INSERT INTO evm_tokens(identifier, token_kind, chain, address, decimals, protocol) VALUES("eip155:1/erc20:0xeB7C20027172E5d143fB030d50f91Cece2D1485D", "A", 1, "0xeB7C20027172E5d143fB030d50f91Cece2D1485D", 8, ""); INSERT INTO common_asset_details(identifier, symbol, coingecko, cryptocompare, forked, started, swapped_for) VALUES("eip155:1/erc20:0xeB7C20027172E5d143fB030d50f91Cece2D1485D", "EBTC", "eos-btc", "EBTC", NULL, 1506470400, NULL);
UPDATE common_asset_details SET cryptocompare = 'TGAME' WHERE identifier = 'eip155:1/erc20:0xF8e06E4e4A80287FDCa5b02dcCecAa9D0954840F';
INSERT INTO assets(identifier, name, type) VALUES("eip155:1/erc20:0xF8e06E4e4A80287FDCa5b02dcCecAa9D0954840F", "Truegame", "C"); INSERT INTO evm_tokens(identifier, token_kind, chain, address, decimals, protocol) VALUES("eip155:1/erc20:0xF8e06E4e4A80287FDCa5b02dcCecAa9D0954840F", "A", 1, "0xF8e06E4e4A80287FDCa5b02dcCecAa9D0954840F", 18, ""); INSERT INTO common_asset_details(identifier, symbol, coingecko, cryptocompare, forked, started, swapped_for) VALUES("eip155:1/erc20:0xF8e06E4e4A80287FDCa5b02dcCecAa9D0954840F", "TGAME", "truegame", "TGAME", NULL, 1520263076, NULL);
UPDATE common_asset_details SET cryptocompare = 'DEXE' WHERE identifier = 'eip155:1/erc20:0xde4EE8057785A7e8e800Db58F9784845A5C2Cbd6';
INSERT INTO assets(identifier, name, type) VALUES("eip155:1/erc20:0xde4EE8057785A7e8e800Db58F9784845A5C2Cbd6", "Dexe", "C"); INSERT INTO evm_tokens(identifier, token_kind, chain, address, decimals, protocol) VALUES("eip155:1/erc20:0xde4EE8057785A7e8e800Db58F9784845A5C2Cbd6", "A", 1, "0xde4EE8057785A7e8e800Db58F9784845A5C2Cbd6", 18, ""); INSERT INTO common_asset_details(identifier, symbol, coingecko, cryptocompare, forked, started, swapped_for) VALUES("eip155:1/erc20:0xde4EE8057785A7e8e800Db58F9784845A5C2Cbd6", "DEXE", "dexe", "DEXE", NULL, 1601302213, NULL);
UPDATE common_asset_details SET cryptocompare = 'COMAI' WHERE identifier = 'eip155:1/erc20:0xc78B628b060258300218740B1A7a5b3c82b3bd9f';
INSERT INTO assets(identifier, name, type) VALUES("eip155:1/erc20:0xc78B628b060258300218740B1A7a5b3c82b3bd9f", "Wrapped Commune AI", "C"); INSERT INTO evm_tokens(identifier, token_kind, chain, address, decimals, protocol) VALUES("eip155:1/erc20:0xc78B628b060258300218740B1A7a5b3c82b3bd9f", "A", 1, "0xc78B628b060258300218740B1A7a5b3c82b3bd9f", 18, ""); INSERT INTO common_asset_details(identifier, symbol, coingecko, cryptocompare, forked, started, swapped_for) VALUES("eip155:1/erc20:0xc78B628b060258300218740B1A7a5b3c82b3bd9f", "wCOMAI", "", "COMAI", NULL, NULL, NULL);
UPDATE common_asset_details SET cryptocompare = 'ARCT' WHERE identifier = 'eip155:1/erc20:0x1245ef80F4d9e02ED9425375e8F649B9221b31D8';
INSERT INTO assets(identifier, name, type) VALUES("eip155:1/erc20:0x1245ef80F4d9e02ED9425375e8F649B9221b31D8", "ArbitrageCT", "C"); INSERT INTO evm_tokens(identifier, token_kind, chain, address, decimals, protocol) VALUES("eip155:1/erc20:0x1245ef80F4d9e02ED9425375e8F649B9221b31D8", "A", 1, "0x1245ef80F4d9e02ED9425375e8F649B9221b31D8", 8, ""); INSERT INTO common_asset_details(identifier, symbol, coingecko, cryptocompare, forked, started, swapped_for) VALUES("eip155:1/erc20:0x1245ef80F4d9e02ED9425375e8F649B9221b31D8", "ARCT", "arbitragect", "ARCT", NULL, 1507248000, NULL);
UPDATE common_asset_details SET cryptocompare = 'PIPL' WHERE identifier = 'eip155:1/erc20:0xE64509F0bf07ce2d29A7eF19A8A9bc065477C1B4';
INSERT INTO assets(identifier, name, type) VALUES("eip155:1/erc20:0xE64509F0bf07ce2d29A7eF19A8A9bc065477C1B4", "PiplCoin", "C"); INSERT INTO evm_tokens(identifier, token_kind, chain, address, decimals, protocol) VALUES("eip155:1/erc20:0xE64509F0bf07ce2d29A7eF19A8A9bc065477C1B4", "A", 1, "0xE64509F0bf07ce2d29A7eF19A8A9bc065477C1B4", 8, ""); INSERT INTO common_asset_details(identifier, symbol, coingecko, cryptocompare, forked, started, swapped_for) VALUES("eip155:1/erc20:0xE64509F0bf07ce2d29A7eF19A8A9bc065477C1B4", "PIPL", "piplcoin", "PIPL", NULL, 1502201105, NULL);
UPDATE common_asset_details SET cryptocompare = 'LOVESNOOPY' WHERE identifier = 'eip155:1/erc20:0xF0EDAC27Aa3E85E2D176F689B0025f90C154393a';
INSERT INTO assets(identifier, name, type) VALUES("eip155:1/erc20:0xF0EDAC27Aa3E85E2D176F689B0025f90C154393a", "I LOVE SNOOPY", "C"); INSERT INTO evm_tokens(identifier, token_kind, chain, address, decimals, protocol) VALUES("eip155:1/erc20:0xF0EDAC27Aa3E85E2D176F689B0025f90C154393a", "A", 1, "0xF0EDAC27Aa3E85E2D176F689B0025f90C154393a", 18, ""); INSERT INTO common_asset_details(identifier, symbol, coingecko, cryptocompare, forked, started, swapped_for) VALUES("eip155:1/erc20:0xF0EDAC27Aa3E85E2D176F689B0025f90C154393a", "LOVESNOOPY", "i-love-snoopy", "LOVESNOOPY", NULL, 1683703583, NULL);
UPDATE common_asset_details SET cryptocompare = 'BBTC' WHERE identifier = 'eip155:1/erc20:0x9BE89D2a4cd102D8Fecc6BF9dA793be995C22541';
INSERT INTO assets(identifier, name, type) VALUES("eip155:1/erc20:0x9BE89D2a4cd102D8Fecc6BF9dA793be995C22541", "Binance Wrapped BTC", "C"); INSERT INTO evm_tokens(identifier, token_kind, chain, address, decimals, protocol) VALUES("eip155:1/erc20:0x9BE89D2a4cd102D8Fecc6BF9dA793be995C22541", "A", 1, "0x9BE89D2a4cd102D8Fecc6BF9dA793be995C22541", 8, ""); INSERT INTO common_asset_details(identifier, symbol, coingecko, cryptocompare, forked, started, swapped_for) VALUES("eip155:1/erc20:0x9BE89D2a4cd102D8Fecc6BF9dA793be995C22541", "BBTC", "binance-wrapped-btc", "BBTC", NULL, 1603438751, NULL);
UPDATE common_asset_details SET cryptocompare = '1WO' WHERE identifier = 'eip155:1/erc20:0xfDBc1aDc26F0F8f8606a5d63b7D3a3CD21c22B23';
INSERT INTO assets(identifier, name, type) VALUES("eip155:1/erc20:0xfDBc1aDc26F0F8f8606a5d63b7D3a3CD21c22B23", "1World", "C"); INSERT INTO evm_tokens(identifier, token_kind, chain, address, decimals, protocol) VALUES("eip155:1/erc20:0xfDBc1aDc26F0F8f8606a5d63b7D3a3CD21c22B23", "A", 1, "0xfDBc1aDc26F0F8f8606a5d63b7D3a3CD21c22B23", 8, ""); INSERT INTO common_asset_details(identifier, symbol, coingecko, cryptocompare, forked, started, swapped_for) VALUES("eip155:1/erc20:0xfDBc1aDc26F0F8f8606a5d63b7D3a3CD21c22B23", "1WO", "1world", "1WO", NULL, 1512000000, NULL);
UPDATE common_asset_details SET cryptocompare = 'SCL' WHERE identifier = 'eip155:1/erc20:0xd7631787B4dCc87b1254cfd1e5cE48e96823dEe8';
INSERT INTO assets(identifier, name, type) VALUES("eip155:1/erc20:0xd7631787B4dCc87b1254cfd1e5cE48e96823dEe8", "Sociall", "C"); INSERT INTO evm_tokens(identifier, token_kind, chain, address, decimals, protocol) VALUES("eip155:1/erc20:0xd7631787B4dCc87b1254cfd1e5cE48e96823dEe8", "A", 1, "0xd7631787B4dCc87b1254cfd1e5cE48e96823dEe8", 8, ""); INSERT INTO common_asset_details(identifier, symbol, coingecko, cryptocompare, forked, started, swapped_for) VALUES("eip155:1/erc20:0xd7631787B4dCc87b1254cfd1e5cE48e96823dEe8", "SCL", "sociall", "SCL", NULL, 1501083937, NULL);
UPDATE common_asset_details SET cryptocompare = 'CNHT' WHERE identifier = 'eip155:1/erc20:0x6E109E9dD7Fa1a58BC3eff667e8e41fC3cc07AEF';
INSERT INTO assets(identifier, name, type) VALUES("eip155:1/erc20:0x6E109E9dD7Fa1a58BC3eff667e8e41fC3cc07AEF", "Tether CNH", "C"); INSERT INTO evm_tokens(identifier, token_kind, chain, address, decimals, protocol) VALUES("eip155:1/erc20:0x6E109E9dD7Fa1a58BC3eff667e8e41fC3cc07AEF", "A", 1, "0x6E109E9dD7Fa1a58BC3eff667e8e41fC3cc07AEF", 6, ""); INSERT INTO common_asset_details(identifier, symbol, coingecko, cryptocompare, forked, started, swapped_for) VALUES("eip155:1/erc20:0x6E109E9dD7Fa1a58BC3eff667e8e41fC3cc07AEF", "CNHT", "cnh-tether", "CNHT", NULL, 1555159152, NULL);
UPDATE common_asset_details SET cryptocompare = 'SWRV' WHERE identifier = 'eip155:1/erc20:0xB8BAa0e4287890a5F79863aB62b7F175ceCbD433';
INSERT INTO assets(identifier, name, type) VALUES("eip155:1/erc20:0xB8BAa0e4287890a5F79863aB62b7F175ceCbD433", "Swerve DAO Token", "C"); INSERT INTO evm_tokens(identifier, token_kind, chain, address, decimals, protocol) VALUES("eip155:1/erc20:0xB8BAa0e4287890a5F79863aB62b7F175ceCbD433", "A", 1, "0xB8BAa0e4287890a5F79863aB62b7F175ceCbD433", 18, ""); INSERT INTO common_asset_details(identifier, symbol, coingecko, cryptocompare, forked, started, swapped_for) VALUES("eip155:1/erc20:0xB8BAa0e4287890a5F79863aB62b7F175ceCbD433", "SWRV", "swerve-dao", "SWRV", NULL, 1599252883, NULL);
UPDATE common_asset_details SET cryptocompare = 'J8T' WHERE identifier = 'eip155:1/erc20:0x0D262e5dC4A06a0F1c90cE79C7a60C09DfC884E4';
INSERT INTO assets(identifier, name, type) VALUES("eip155:1/erc20:0x0D262e5dC4A06a0F1c90cE79C7a60C09DfC884E4", "JET8", "C"); INSERT INTO evm_tokens(identifier, token_kind, chain, address, decimals, protocol) VALUES("eip155:1/erc20:0x0D262e5dC4A06a0F1c90cE79C7a60C09DfC884E4", "A", 1, "0x0D262e5dC4A06a0F1c90cE79C7a60C09DfC884E4", 8, ""); INSERT INTO common_asset_details(identifier, symbol, coingecko, cryptocompare, forked, started, swapped_for) VALUES("eip155:1/erc20:0x0D262e5dC4A06a0F1c90cE79C7a60C09DfC884E4", "J8T", "jet8", "J8T", NULL, 1517443200, NULL);
UPDATE common_asset_details SET cryptocompare = 'HXRO' WHERE identifier = 'eip155:1/erc20:0x4bD70556ae3F8a6eC6C4080A0C327B24325438f3';
INSERT INTO assets(identifier, name, type) VALUES("eip155:1/erc20:0x4bD70556ae3F8a6eC6C4080A0C327B24325438f3", "Hxro", "C"); INSERT INTO evm_tokens(identifier, token_kind, chain, address, decimals, protocol) VALUES("eip155:1/erc20:0x4bD70556ae3F8a6eC6C4080A0C327B24325438f3", "A", 1, "0x4bD70556ae3F8a6eC6C4080A0C327B24325438f3", 18, ""); INSERT INTO common_asset_details(identifier, symbol, coingecko, cryptocompare, forked, started, swapped_for) VALUES("eip155:1/erc20:0x4bD70556ae3F8a6eC6C4080A0C327B24325438f3", "HXRO", "hxro", "HXRO", NULL, 1545350400, NULL);
UPDATE common_asset_details SET cryptocompare = 'ETG' WHERE identifier = 'eip155:1/erc20:0x28c8d01FF633eA9Cd8fc6a451D7457889E698de6';
INSERT INTO assets(identifier, name, type) VALUES("eip155:1/erc20:0x28c8d01FF633eA9Cd8fc6a451D7457889E698de6", "Ethereum Gold", "C"); INSERT INTO evm_tokens(identifier, token_kind, chain, address, decimals, protocol) VALUES("eip155:1/erc20:0x28c8d01FF633eA9Cd8fc6a451D7457889E698de6", "A", 1, "0x28c8d01FF633eA9Cd8fc6a451D7457889E698de6", 0, ""); INSERT INTO common_asset_details(identifier, symbol, coingecko, cryptocompare, forked, started, swapped_for) VALUES("eip155:1/erc20:0x28c8d01FF633eA9Cd8fc6a451D7457889E698de6", "ETG", "ethereum-gold", "ETG", NULL, 1507763838, NULL);
UPDATE common_asset_details SET cryptocompare = 'HUR' WHERE identifier = 'eip155:1/erc20:0xCDB7eCFd3403Eef3882c65B761ef9B5054890a47';
INSERT INTO assets(identifier, name, type) VALUES("eip155:1/erc20:0xCDB7eCFd3403Eef3882c65B761ef9B5054890a47", "Hurify", "C"); INSERT INTO evm_tokens(identifier, token_kind, chain, address, decimals, protocol) VALUES("eip155:1/erc20:0xCDB7eCFd3403Eef3882c65B761ef9B5054890a47", "A", 1, "0xCDB7eCFd3403Eef3882c65B761ef9B5054890a47", 18, ""); INSERT INTO common_asset_details(identifier, symbol, coingecko, cryptocompare, forked, started, swapped_for) VALUES("eip155:1/erc20:0xCDB7eCFd3403Eef3882c65B761ef9B5054890a47", "HUR", "hurify", "HUR", NULL, 1509494400, NULL);
UPDATE common_asset_details SET cryptocompare = 'SHIK' WHERE identifier = 'eip155:1/erc20:0x24dA31e7BB182cb2cABfEF1d88db19C2AE1f5572';
INSERT INTO assets(identifier, name, type) VALUES("eip155:1/erc20:0x24dA31e7BB182cb2cABfEF1d88db19C2AE1f5572", "SHIKOKU INU", "C"); INSERT INTO evm_tokens(identifier, token_kind, chain, address, decimals, protocol) VALUES("eip155:1/erc20:0x24dA31e7BB182cb2cABfEF1d88db19C2AE1f5572", "A", 1, "0x24dA31e7BB182cb2cABfEF1d88db19C2AE1f5572", 18, ""); INSERT INTO common_asset_details(identifier, symbol, coingecko, cryptocompare, forked, started, swapped_for) VALUES("eip155:1/erc20:0x24dA31e7BB182cb2cABfEF1d88db19C2AE1f5572", "SHIK", "shikoku", "SHIK", NULL, 1667858903, NULL);
UPDATE common_asset_details SET cryptocompare = 'OXT' WHERE identifier = 'eip155:1/erc20:0x4575f41308EC1483f3d399aa9a2826d74Da13Deb';
INSERT INTO assets(identifier, name, type) VALUES("eip155:1/erc20:0x4575f41308EC1483f3d399aa9a2826d74Da13Deb", "Orchid", "C"); INSERT INTO evm_tokens(identifier, token_kind, chain, address, decimals, protocol) VALUES("eip155:1/erc20:0x4575f41308EC1483f3d399aa9a2826d74Da13Deb", "A", 1, "0x4575f41308EC1483f3d399aa9a2826d74Da13Deb", 18, ""); INSERT INTO common_asset_details(identifier, symbol, coingecko, cryptocompare, forked, started, swapped_for) VALUES("eip155:1/erc20:0x4575f41308EC1483f3d399aa9a2826d74Da13Deb", "OXT", "orchid-protocol", "OXT", NULL, 1575331200, NULL);
UPDATE common_asset_details SET cryptocompare = 'DIMO' WHERE identifier = 'eip155:137/erc20:0xE261D618a959aFfFd53168Cd07D12E37B26761db';
INSERT INTO assets(identifier, name, type) VALUES("eip155:137/erc20:0xE261D618a959aFfFd53168Cd07D12E37B26761db", "Dimo", "C"); INSERT INTO evm_tokens(identifier, token_kind, chain, address, decimals, protocol) VALUES("eip155:137/erc20:0xE261D618a959aFfFd53168Cd07D12E37B26761db", "A", 137, "0xE261D618a959aFfFd53168Cd07D12E37B26761db", 18, ""); INSERT INTO common_asset_details(identifier, symbol, coingecko, cryptocompare, forked, started, swapped_for) VALUES("eip155:137/erc20:0xE261D618a959aFfFd53168Cd07D12E37B26761db", "DIMO", "dimo", "DIMO", NULL, 1654729214, NULL);
UPDATE common_asset_details SET cryptocompare = 'SUSHI' WHERE identifier = 'eip155:1/erc20:0x6B3595068778DD592e39A122f4f5a5cF09C90fE2';
INSERT INTO assets(identifier, name, type) VALUES("eip155:1/erc20:0x6B3595068778DD592e39A122f4f5a5cF09C90fE2", "SushiToken", "C"); INSERT INTO evm_tokens(identifier, token_kind, chain, address, decimals, protocol) VALUES("eip155:1/erc20:0x6B3595068778DD592e39A122f4f5a5cF09C90fE2", "A", 1, "0x6B3595068778DD592e39A122f4f5a5cF09C90fE2", 18, ""); INSERT INTO common_asset_details(identifier, symbol, coingecko, cryptocompare, forked, started, swapped_for) VALUES("eip155:1/erc20:0x6B3595068778DD592e39A122f4f5a5cF09C90fE2", "SUSHI", "sushi", "SUSHI", NULL, 1598444887, NULL);
UPDATE common_asset_details SET cryptocompare = 'MLN' WHERE identifier = 'eip155:1/erc20:0xec67005c4E498Ec7f55E092bd1d35cbC47C91892';
INSERT INTO assets(identifier, name, type) VALUES("eip155:1/erc20:0xec67005c4E498Ec7f55E092bd1d35cbC47C91892", "Melonport", "C"); INSERT INTO evm_tokens(identifier, token_kind, chain, address, decimals, protocol) VALUES("eip155:1/erc20:0xec67005c4E498Ec7f55E092bd1d35cbC47C91892", "A", 1, "0xec67005c4E498Ec7f55E092bd1d35cbC47C91892", 18, ""); INSERT INTO common_asset_details(identifier, symbol, coingecko, cryptocompare, forked, started, swapped_for) VALUES("eip155:1/erc20:0xec67005c4E498Ec7f55E092bd1d35cbC47C91892", "MLN", "melon", "MLN", NULL, 1487116800, NULL);
UPDATE common_asset_details SET cryptocompare = 'HORSE' WHERE identifier = 'eip155:1/erc20:0x5B0751713b2527d7f002c0c4e2a37e1219610A6B';
INSERT INTO assets(identifier, name, type) VALUES("eip155:1/erc20:0x5B0751713b2527d7f002c0c4e2a37e1219610A6B", "Ethorse", "C"); INSERT INTO evm_tokens(identifier, token_kind, chain, address, decimals, protocol) VALUES("eip155:1/erc20:0x5B0751713b2527d7f002c0c4e2a37e1219610A6B", "A", 1, "0x5B0751713b2527d7f002c0c4e2a37e1219610A6B", 18, ""); INSERT INTO common_asset_details(identifier, symbol, coingecko, cryptocompare, forked, started, swapped_for) VALUES("eip155:1/erc20:0x5B0751713b2527d7f002c0c4e2a37e1219610A6B", "HORSE", "ethorse", "HORSE", NULL, 1513036800, NULL);
UPDATE common_asset_details SET cryptocompare = 'LATX' WHERE identifier = 'eip155:1/erc20:0x2f85E502a988AF76f7ee6D83b7db8d6c0A823bf9';
INSERT INTO assets(identifier, name, type) VALUES("eip155:1/erc20:0x2f85E502a988AF76f7ee6D83b7db8d6c0A823bf9", "LatiumX", "C"); INSERT INTO evm_tokens(identifier, token_kind, chain, address, decimals, protocol) VALUES("eip155:1/erc20:0x2f85E502a988AF76f7ee6D83b7db8d6c0A823bf9", "A", 1, "0x2f85E502a988AF76f7ee6D83b7db8d6c0A823bf9", 8, ""); INSERT INTO common_asset_details(identifier, symbol, coingecko, cryptocompare, forked, started, swapped_for) VALUES("eip155:1/erc20:0x2f85E502a988AF76f7ee6D83b7db8d6c0A823bf9", "LATX", "latiumx", "LATX", NULL, 1504051200, NULL);
UPDATE common_asset_details SET cryptocompare = 'BREE' WHERE identifier = 'eip155:1/erc20:0x25377ddb16c79C93B0CBf46809C8dE8765f03FCd';
INSERT INTO assets(identifier, name, type) VALUES("eip155:1/erc20:0x25377ddb16c79C93B0CBf46809C8dE8765f03FCd", "Synthetic CBDAO", "C"); INSERT INTO evm_tokens(identifier, token_kind, chain, address, decimals, protocol) VALUES("eip155:1/erc20:0x25377ddb16c79C93B0CBf46809C8dE8765f03FCd", "A", 1, "0x25377ddb16c79C93B0CBf46809C8dE8765f03FCd", 18, ""); INSERT INTO common_asset_details(identifier, symbol, coingecko, cryptocompare, forked, started, swapped_for) VALUES("eip155:1/erc20:0x25377ddb16c79C93B0CBf46809C8dE8765f03FCd", "SBREE", "cbdao", "BREE", NULL, 1594985474, NULL);
UPDATE common_asset_details SET cryptocompare = 'KAN' WHERE identifier = 'eip155:1/erc20:0x1410434b0346f5bE678d0FB554E5c7ab620f8f4a';
INSERT INTO assets(identifier, name, type) VALUES("eip155:1/erc20:0x1410434b0346f5bE678d0FB554E5c7ab620f8f4a", "BitKan", "C"); INSERT INTO evm_tokens(identifier, token_kind, chain, address, decimals, protocol) VALUES("eip155:1/erc20:0x1410434b0346f5bE678d0FB554E5c7ab620f8f4a", "A", 1, "0x1410434b0346f5bE678d0FB554E5c7ab620f8f4a", 18, ""); INSERT INTO common_asset_details(identifier, symbol, coingecko, cryptocompare, forked, started, swapped_for) VALUES("eip155:1/erc20:0x1410434b0346f5bE678d0FB554E5c7ab620f8f4a", "KAN", "kan", "KAN", NULL, 1518577961, NULL);
UPDATE common_asset_details SET cryptocompare = 'PIX' WHERE identifier = 'eip155:1/erc20:0x8eFFd494eB698cc399AF6231fCcd39E08fd20B15';
INSERT INTO assets(identifier, name, type) VALUES("eip155:1/erc20:0x8eFFd494eB698cc399AF6231fCcd39E08fd20B15", "Lampix", "C"); INSERT INTO evm_tokens(identifier, token_kind, chain, address, decimals, protocol) VALUES("eip155:1/erc20:0x8eFFd494eB698cc399AF6231fCcd39E08fd20B15", "A", 1, "0x8eFFd494eB698cc399AF6231fCcd39E08fd20B15", 0, ""); INSERT INTO common_asset_details(identifier, symbol, coingecko, cryptocompare, forked, started, swapped_for) VALUES("eip155:1/erc20:0x8eFFd494eB698cc399AF6231fCcd39E08fd20B15", "PIX", "lampix", "PIX", NULL, 1502103095, NULL);
UPDATE common_asset_details SET cryptocompare = 'LSETH' WHERE identifier = 'eip155:1/erc20:0x8c1BEd5b9a0928467c9B1341Da1D7BD5e10b6549';
INSERT INTO assets(identifier, name, type) VALUES("eip155:1/erc20:0x8c1BEd5b9a0928467c9B1341Da1D7BD5e10b6549", "Liquid Staked ETH", "C"); INSERT INTO evm_tokens(identifier, token_kind, chain, address, decimals, protocol) VALUES("eip155:1/erc20:0x8c1BEd5b9a0928467c9B1341Da1D7BD5e10b6549", "A", 1, "0x8c1BEd5b9a0928467c9B1341Da1D7BD5e10b6549", 18, ""); INSERT INTO common_asset_details(identifier, symbol, coingecko, cryptocompare, forked, started, swapped_for) VALUES("eip155:1/erc20:0x8c1BEd5b9a0928467c9B1341Da1D7BD5e10b6549", "LsETH", "liquid-staked-ethereum", "LSETH", NULL, 1664906231, NULL);
UPDATE common_asset_details SET cryptocompare = 'EBK' WHERE identifier = 'eip155:1/erc20:0xBDDab785b306BCD9fB056Da189615Cc8eCE1D823';
INSERT INTO assets(identifier, name, type) VALUES("eip155:1/erc20:0xBDDab785b306BCD9fB056Da189615Cc8eCE1D823", "Ebakus", "C"); INSERT INTO evm_tokens(identifier, token_kind, chain, address, decimals, protocol) VALUES("eip155:1/erc20:0xBDDab785b306BCD9fB056Da189615Cc8eCE1D823", "A", 1, "0xBDDab785b306BCD9fB056Da189615Cc8eCE1D823", 18, "spam"); INSERT INTO common_asset_details(identifier, symbol, coingecko, cryptocompare, forked, started, swapped_for) VALUES("eip155:1/erc20:0xBDDab785b306BCD9fB056Da189615Cc8eCE1D823", "EBK", "", "EBK", NULL, NULL, NULL);
UPDATE common_asset_details SET cryptocompare = 'GAT' WHERE identifier = 'eip155:1/erc20:0x687174f8C49ceb7729D925C3A961507ea4Ac7b28';
INSERT INTO assets(identifier, name, type) VALUES("eip155:1/erc20:0x687174f8C49ceb7729D925C3A961507ea4Ac7b28", "Global Awards Token", "C"); INSERT INTO evm_tokens(identifier, token_kind, chain, address, decimals, protocol) VALUES("eip155:1/erc20:0x687174f8C49ceb7729D925C3A961507ea4Ac7b28", "A", 1, "0x687174f8C49ceb7729D925C3A961507ea4Ac7b28", 18, ""); INSERT INTO common_asset_details(identifier, symbol, coingecko, cryptocompare, forked, started, swapped_for) VALUES("eip155:1/erc20:0x687174f8C49ceb7729D925C3A961507ea4Ac7b28", "GAT", "global-aex-token", "GAT", NULL, 1509148800, NULL);
UPDATE common_asset_details SET cryptocompare = 'STARC' WHERE identifier = 'eip155:1/erc20:0x8f136Cc8bEf1fEA4A7b71aa2301ff1A52F084384';
INSERT INTO assets(identifier, name, type) VALUES("eip155:1/erc20:0x8f136Cc8bEf1fEA4A7b71aa2301ff1A52F084384", "StarChain", "C"); INSERT INTO evm_tokens(identifier, token_kind, chain, address, decimals, protocol) VALUES("eip155:1/erc20:0x8f136Cc8bEf1fEA4A7b71aa2301ff1A52F084384", "A", 1, "0x8f136Cc8bEf1fEA4A7b71aa2301ff1A52F084384", 8, ""); INSERT INTO common_asset_details(identifier, symbol, coingecko, cryptocompare, forked, started, swapped_for) VALUES("eip155:1/erc20:0x8f136Cc8bEf1fEA4A7b71aa2301ff1A52F084384", "STC", "starchain", "STARC", NULL, 1515283200, NULL);
UPDATE common_asset_details SET cryptocompare = 'SHIP' WHERE identifier = 'eip155:1/erc20:0xe25b0BBA01Dc5630312B6A21927E578061A13f55';
INSERT INTO assets(identifier, name, type) VALUES("eip155:1/erc20:0xe25b0BBA01Dc5630312B6A21927E578061A13f55", "ShipChain", "C"); INSERT INTO evm_tokens(identifier, token_kind, chain, address, decimals, protocol) VALUES("eip155:1/erc20:0xe25b0BBA01Dc5630312B6A21927E578061A13f55", "A", 1, "0xe25b0BBA01Dc5630312B6A21927E578061A13f55", 18, ""); INSERT INTO common_asset_details(identifier, symbol, coingecko, cryptocompare, forked, started, swapped_for) VALUES("eip155:1/erc20:0xe25b0BBA01Dc5630312B6A21927E578061A13f55", "SHIP", "shipchain", "SHIP", NULL, 1515196800, NULL);
UPDATE common_asset_details SET cryptocompare = 'ITC' WHERE identifier = 'eip155:1/erc20:0x5E6b6d9aBAd9093fdc861Ea1600eBa1b355Cd940';
INSERT INTO assets(identifier, name, type) VALUES("eip155:1/erc20:0x5E6b6d9aBAd9093fdc861Ea1600eBa1b355Cd940", "IoT Chain", "C"); INSERT INTO evm_tokens(identifier, token_kind, chain, address, decimals, protocol) VALUES("eip155:1/erc20:0x5E6b6d9aBAd9093fdc861Ea1600eBa1b355Cd940", "A", 1, "0x5E6b6d9aBAd9093fdc861Ea1600eBa1b355Cd940", 18, ""); INSERT INTO common_asset_details(identifier, symbol, coingecko, cryptocompare, forked, started, swapped_for) VALUES("eip155:1/erc20:0x5E6b6d9aBAd9093fdc861Ea1600eBa1b355Cd940", "ITC", "iot-chain", "ITC", NULL, 1511511469, NULL);
UPDATE common_asset_details SET cryptocompare = 'COFI' WHERE identifier = 'eip155:1/erc20:0x3136eF851592aCf49CA4C825131E364170FA32b3';
INSERT INTO assets(identifier, name, type) VALUES("eip155:1/erc20:0x3136eF851592aCf49CA4C825131E364170FA32b3", "CoinFi", "C"); INSERT INTO evm_tokens(identifier, token_kind, chain, address, decimals, protocol) VALUES("eip155:1/erc20:0x3136eF851592aCf49CA4C825131E364170FA32b3", "A", 1, "0x3136eF851592aCf49CA4C825131E364170FA32b3", 18, ""); INSERT INTO common_asset_details(identifier, symbol, coingecko, cryptocompare, forked, started, swapped_for) VALUES("eip155:1/erc20:0x3136eF851592aCf49CA4C825131E364170FA32b3", "COFI", "coinfi", "COFI", NULL, 1513296000, NULL);
UPDATE common_asset_details SET cryptocompare = 'CREP' WHERE identifier = 'eip155:1/erc20:0x158079Ee67Fce2f58472A96584A73C7Ab9AC95c1';
INSERT INTO assets(identifier, name, type) VALUES("eip155:1/erc20:0x158079Ee67Fce2f58472A96584A73C7Ab9AC95c1", "Compound Augur", "C"); INSERT INTO evm_tokens(identifier, token_kind, chain, address, decimals, protocol) VALUES("eip155:1/erc20:0x158079Ee67Fce2f58472A96584A73C7Ab9AC95c1", "A", 1, "0x158079Ee67Fce2f58472A96584A73C7Ab9AC95c1", 8, "compound"); INSERT INTO common_asset_details(identifier, symbol, coingecko, cryptocompare, forked, started, swapped_for) VALUES("eip155:1/erc20:0x158079Ee67Fce2f58472A96584A73C7Ab9AC95c1", "cREP", "compound-augur", "CREP", NULL, 1557192288, NULL);
UPDATE common_asset_details SET cryptocompare = 'MIC' WHERE identifier = 'eip155:1/erc20:0x3A1237D38D0Fb94513f85D61679cAd7F38507242';
INSERT INTO assets(identifier, name, type) VALUES("eip155:1/erc20:0x3A1237D38D0Fb94513f85D61679cAd7F38507242", "Mindexcoin", "C"); INSERT INTO evm_tokens(identifier, token_kind, chain, address, decimals, protocol) VALUES("eip155:1/erc20:0x3A1237D38D0Fb94513f85D61679cAd7F38507242", "A", 1, "0x3A1237D38D0Fb94513f85D61679cAd7F38507242", 18, ""); INSERT INTO common_asset_details(identifier, symbol, coingecko, cryptocompare, forked, started, swapped_for) VALUES("eip155:1/erc20:0x3A1237D38D0Fb94513f85D61679cAd7F38507242", "MIC", "mindexcoin", "MIC", NULL, 1516296249, NULL);
UPDATE common_asset_details SET cryptocompare = 'TRU' WHERE identifier = 'eip155:1/erc20:0x4C19596f5aAfF459fA38B0f7eD92F11AE6543784';
INSERT INTO assets(identifier, name, type) VALUES("eip155:1/erc20:0x4C19596f5aAfF459fA38B0f7eD92F11AE6543784", "TrustToken", "C"); INSERT INTO evm_tokens(identifier, token_kind, chain, address, decimals, protocol) VALUES("eip155:1/erc20:0x4C19596f5aAfF459fA38B0f7eD92F11AE6543784", "A", 1, "0x4C19596f5aAfF459fA38B0f7eD92F11AE6543784", 8, ""); INSERT INTO common_asset_details(identifier, symbol, coingecko, cryptocompare, forked, started, swapped_for) VALUES("eip155:1/erc20:0x4C19596f5aAfF459fA38B0f7eD92F11AE6543784", "TRU", "truefi", "TRU", NULL, 1591124602, NULL);
UPDATE common_asset_details SET cryptocompare = 'ROND' WHERE identifier = 'eip155:137/erc20:0x204820B6e6FEae805e376D2C6837446186e57981';
INSERT INTO assets(identifier, name, type) VALUES("eip155:137/erc20:0x204820B6e6FEae805e376D2C6837446186e57981", "ROND Coin", "C"); INSERT INTO evm_tokens(identifier, token_kind, chain, address, decimals, protocol) VALUES("eip155:137/erc20:0x204820B6e6FEae805e376D2C6837446186e57981", "A", 137, "0x204820B6e6FEae805e376D2C6837446186e57981", 18, ""); INSERT INTO common_asset_details(identifier, symbol, coingecko, cryptocompare, forked, started, swapped_for) VALUES("eip155:137/erc20:0x204820B6e6FEae805e376D2C6837446186e57981", "ROND", "", "ROND", NULL, NULL, NULL);
UPDATE common_asset_details SET cryptocompare = 'POGAI' WHERE identifier = 'eip155:42161/erc20:0x6fD58f5a2F3468e35fEb098b5F59F04157002407';
INSERT INTO assets(identifier, name, type) VALUES("eip155:42161/erc20:0x6fD58f5a2F3468e35fEb098b5F59F04157002407", "poor guy", "C"); INSERT INTO evm_tokens(identifier, token_kind, chain, address, decimals, protocol) VALUES("eip155:42161/erc20:0x6fD58f5a2F3468e35fEb098b5F59F04157002407", "A", 42161, "0x6fD58f5a2F3468e35fEb098b5F59F04157002407", 18, ""); INSERT INTO common_asset_details(identifier, symbol, coingecko, cryptocompare, forked, started, swapped_for) VALUES("eip155:42161/erc20:0x6fD58f5a2F3468e35fEb098b5F59F04157002407", "pogai", "pogai", "POGAI", NULL, 1676907154, NULL);
UPDATE common_asset_details SET cryptocompare = 'CREAM' WHERE identifier = 'eip155:1/erc20:0x2ba592F78dB6436527729929AAf6c908497cB200';
INSERT INTO assets(identifier, name, type) VALUES("eip155:1/erc20:0x2ba592F78dB6436527729929AAf6c908497cB200", "Cream", "C"); INSERT INTO evm_tokens(identifier, token_kind, chain, address, decimals, protocol) VALUES("eip155:1/erc20:0x2ba592F78dB6436527729929AAf6c908497cB200", "A", 1, "0x2ba592F78dB6436527729929AAf6c908497cB200", 18, ""); INSERT INTO common_asset_details(identifier, symbol, coingecko, cryptocompare, forked, started, swapped_for) VALUES("eip155:1/erc20:0x2ba592F78dB6436527729929AAf6c908497cB200", "CREAM", "cream-2", "CREAM", NULL, 1596553617, NULL);
UPDATE common_asset_details SET cryptocompare = 'BEL' WHERE identifier = 'eip155:56/erc20:0x8443f091997f06a61670B735ED92734F5628692F';
INSERT INTO assets(identifier, name, type) VALUES("eip155:56/erc20:0x8443f091997f06a61670B735ED92734F5628692F", "Bella Protocol", "C"); INSERT INTO evm_tokens(identifier, token_kind, chain, address, decimals, protocol) VALUES("eip155:56/erc20:0x8443f091997f06a61670B735ED92734F5628692F", "A", 56, "0x8443f091997f06a61670B735ED92734F5628692F", 18, ""); INSERT INTO common_asset_details(identifier, symbol, coingecko, cryptocompare, forked, started, swapped_for) VALUES("eip155:56/erc20:0x8443f091997f06a61670B735ED92734F5628692F", "BEL", "bella-protocol", "BEL", NULL, 1601440951, NULL);
UPDATE common_asset_details SET cryptocompare = 'PXG' WHERE identifier = 'eip155:1/erc20:0x47e67BA66b0699500f18A53F94E2b9dB3D47437e';
INSERT INTO assets(identifier, name, type) VALUES("eip155:1/erc20:0x47e67BA66b0699500f18A53F94E2b9dB3D47437e", "PlayGame", "C"); INSERT INTO evm_tokens(identifier, token_kind, chain, address, decimals, protocol) VALUES("eip155:1/erc20:0x47e67BA66b0699500f18A53F94E2b9dB3D47437e", "A", 1, "0x47e67BA66b0699500f18A53F94E2b9dB3D47437e", 18, ""); INSERT INTO common_asset_details(identifier, symbol, coingecko, cryptocompare, forked, started, swapped_for) VALUES("eip155:1/erc20:0x47e67BA66b0699500f18A53F94E2b9dB3D47437e", "PXG", "playgame", "PXG", NULL, 1530779450, NULL);
UPDATE common_asset_details SET cryptocompare = 'ALCH' WHERE identifier = 'eip155:1/erc20:0xFD25676Fc2c4421778B18Ec7Ab86E7C5701DF187';
INSERT INTO assets(identifier, name, type) VALUES("eip155:1/erc20:0xFD25676Fc2c4421778B18Ec7Ab86E7C5701DF187", "Alchemy", "C"); INSERT INTO evm_tokens(identifier, token_kind, chain, address, decimals, protocol) VALUES("eip155:1/erc20:0xFD25676Fc2c4421778B18Ec7Ab86E7C5701DF187", "A", 1, "0xFD25676Fc2c4421778B18Ec7Ab86E7C5701DF187", 18, ""); INSERT INTO common_asset_details(identifier, symbol, coingecko, cryptocompare, forked, started, swapped_for) VALUES("eip155:1/erc20:0xFD25676Fc2c4421778B18Ec7Ab86E7C5701DF187", "ACOIN", "alchemy", "ALCH", NULL, 1581922577, NULL);
UPDATE common_asset_details SET cryptocompare = 'UPP' WHERE identifier = 'eip155:1/erc20:0xC86D054809623432210c107af2e3F619DcFbf652';
INSERT INTO assets(identifier, name, type) VALUES("eip155:1/erc20:0xC86D054809623432210c107af2e3F619DcFbf652", "Sentinel Protocol", "C"); INSERT INTO evm_tokens(identifier, token_kind, chain, address, decimals, protocol) VALUES("eip155:1/erc20:0xC86D054809623432210c107af2e3F619DcFbf652", "A", 1, "0xC86D054809623432210c107af2e3F619DcFbf652", 18, ""); INSERT INTO common_asset_details(identifier, symbol, coingecko, cryptocompare, forked, started, swapped_for) VALUES("eip155:1/erc20:0xC86D054809623432210c107af2e3F619DcFbf652", "UPP", "sentinel-protocol", "UPP", NULL, 1526947200, NULL);
UPDATE common_asset_details SET cryptocompare = 'INS' WHERE identifier = 'eip155:1/erc20:0x5B2e4a700dfBc560061e957edec8F6EeEb74a320';
INSERT INTO assets(identifier, name, type) VALUES("eip155:1/erc20:0x5B2e4a700dfBc560061e957edec8F6EeEb74a320", "Insolar", "C"); INSERT INTO evm_tokens(identifier, token_kind, chain, address, decimals, protocol) VALUES("eip155:1/erc20:0x5B2e4a700dfBc560061e957edec8F6EeEb74a320", "A", 1, "0x5B2e4a700dfBc560061e957edec8F6EeEb74a320", 10, ""); INSERT INTO common_asset_details(identifier, symbol, coingecko, cryptocompare, forked, started, swapped_for) VALUES("eip155:1/erc20:0x5B2e4a700dfBc560061e957edec8F6EeEb74a320", "INS", "insolar-old", "INS", NULL, 1512345600, NULL);
UPDATE common_asset_details SET cryptocompare = 'FRONT' WHERE identifier = 'eip155:1/erc20:0xf8C3527CC04340b208C854E985240c02F7B7793f';
INSERT INTO assets(identifier, name, type) VALUES("eip155:1/erc20:0xf8C3527CC04340b208C854E985240c02F7B7793f", "Frontier Token", "C"); INSERT INTO evm_tokens(identifier, token_kind, chain, address, decimals, protocol) VALUES("eip155:1/erc20:0xf8C3527CC04340b208C854E985240c02F7B7793f", "A", 1, "0xf8C3527CC04340b208C854E985240c02F7B7793f", 18, ""); INSERT INTO common_asset_details(identifier, symbol, coingecko, cryptocompare, forked, started, swapped_for) VALUES("eip155:1/erc20:0xf8C3527CC04340b208C854E985240c02F7B7793f", "FRONT", "frontier-token", "FRONT", NULL, 1599843287, NULL);
UPDATE common_asset_details SET cryptocompare = 'EXTRA' WHERE identifier = 'eip155:10/erc20:0x2dAD3a13ef0C6366220f989157009e501e7938F8';
INSERT INTO assets(identifier, name, type) VALUES("eip155:10/erc20:0x2dAD3a13ef0C6366220f989157009e501e7938F8", "Extra Finance", "C"); INSERT INTO evm_tokens(identifier, token_kind, chain, address, decimals, protocol) VALUES("eip155:10/erc20:0x2dAD3a13ef0C6366220f989157009e501e7938F8", "A", 10, "0x2dAD3a13ef0C6366220f989157009e501e7938F8", 18, ""); INSERT INTO common_asset_details(identifier, symbol, coingecko, cryptocompare, forked, started, swapped_for) VALUES("eip155:10/erc20:0x2dAD3a13ef0C6366220f989157009e501e7938F8", "EXTRA", "", "EXTRA", NULL, 1716205361, NULL);
UPDATE common_asset_details SET cryptocompare = 'AIPAD' WHERE identifier = 'eip155:1/erc20:0xE55d97A97ae6A17706ee281486E98A84095d8AAf';
INSERT INTO assets(identifier, name, type) VALUES("eip155:1/erc20:0xE55d97A97ae6A17706ee281486E98A84095d8AAf", "AIPAD.tech", "C"); INSERT INTO evm_tokens(identifier, token_kind, chain, address, decimals, protocol) VALUES("eip155:1/erc20:0xE55d97A97ae6A17706ee281486E98A84095d8AAf", "A", 1, "0xE55d97A97ae6A17706ee281486E98A84095d8AAf", 18, ""); INSERT INTO common_asset_details(identifier, symbol, coingecko, cryptocompare, forked, started, swapped_for) VALUES("eip155:1/erc20:0xE55d97A97ae6A17706ee281486E98A84095d8AAf", "AIPAD", "aipad", "AIPAD", NULL, 1675580939, NULL);
UPDATE common_asset_details SET cryptocompare = 'ORN' WHERE identifier = 'eip155:1/erc20:0x0258F474786DdFd37ABCE6df6BBb1Dd5dfC4434a';
INSERT INTO assets(identifier, name, type) VALUES("eip155:1/erc20:0x0258F474786DdFd37ABCE6df6BBb1Dd5dfC4434a", "Orion Protocol", "C"); INSERT INTO evm_tokens(identifier, token_kind, chain, address, decimals, protocol) VALUES("eip155:1/erc20:0x0258F474786DdFd37ABCE6df6BBb1Dd5dfC4434a", "A", 1, "0x0258F474786DdFd37ABCE6df6BBb1Dd5dfC4434a", 8, ""); INSERT INTO common_asset_details(identifier, symbol, coingecko, cryptocompare, forked, started, swapped_for) VALUES("eip155:1/erc20:0x0258F474786DdFd37ABCE6df6BBb1Dd5dfC4434a", "ORN", "orion-protocol", "ORN", NULL, 1594674901, NULL);
UPDATE common_asset_details SET cryptocompare = 'UKG' WHERE identifier = 'eip155:1/erc20:0x24692791Bc444c5Cd0b81e3CBCaba4b04Acd1F3B';
INSERT INTO assets(identifier, name, type) VALUES("eip155:1/erc20:0x24692791Bc444c5Cd0b81e3CBCaba4b04Acd1F3B", "Unikoin Gold", "C"); INSERT INTO evm_tokens(identifier, token_kind, chain, address, decimals, protocol) VALUES("eip155:1/erc20:0x24692791Bc444c5Cd0b81e3CBCaba4b04Acd1F3B", "A", 1, "0x24692791Bc444c5Cd0b81e3CBCaba4b04Acd1F3B", 18, ""); INSERT INTO common_asset_details(identifier, symbol, coingecko, cryptocompare, forked, started, swapped_for) VALUES("eip155:1/erc20:0x24692791Bc444c5Cd0b81e3CBCaba4b04Acd1F3B", "UKG", "unikoin-gold", "UKG", NULL, 1506297600, NULL);
UPDATE common_asset_details SET cryptocompare = 'DAY' WHERE identifier = 'eip155:1/erc20:0xE814aeE960a85208C3dB542C53E7D4a6C8D5f60F';
INSERT INTO assets(identifier, name, type) VALUES("eip155:1/erc20:0xE814aeE960a85208C3dB542C53E7D4a6C8D5f60F", "Chronologic", "C"); INSERT INTO evm_tokens(identifier, token_kind, chain, address, decimals, protocol) VALUES("eip155:1/erc20:0xE814aeE960a85208C3dB542C53E7D4a6C8D5f60F", "A", 1, "0xE814aeE960a85208C3dB542C53E7D4a6C8D5f60F", 18, ""); INSERT INTO common_asset_details(identifier, symbol, coingecko, cryptocompare, forked, started, swapped_for) VALUES("eip155:1/erc20:0xE814aeE960a85208C3dB542C53E7D4a6C8D5f60F", "DAY", "chronologic", "DAY", NULL, 1505774047, NULL);
UPDATE common_asset_details SET cryptocompare = 'MITH' WHERE identifier = 'eip155:1/erc20:0x3893b9422Cd5D70a81eDeFfe3d5A1c6A978310BB';
INSERT INTO assets(identifier, name, type) VALUES("eip155:1/erc20:0x3893b9422Cd5D70a81eDeFfe3d5A1c6A978310BB", "Mithril", "C"); INSERT INTO evm_tokens(identifier, token_kind, chain, address, decimals, protocol) VALUES("eip155:1/erc20:0x3893b9422Cd5D70a81eDeFfe3d5A1c6A978310BB", "A", 1, "0x3893b9422Cd5D70a81eDeFfe3d5A1c6A978310BB", 18, ""); INSERT INTO common_asset_details(identifier, symbol, coingecko, cryptocompare, forked, started, swapped_for) VALUES("eip155:1/erc20:0x3893b9422Cd5D70a81eDeFfe3d5A1c6A978310BB", "MITH", "mithril", "MITH", NULL, 1517875200, NULL);
UPDATE common_asset_details SET cryptocompare = 'PAL' WHERE identifier = 'eip155:1/erc20:0xfeDAE5642668f8636A11987Ff386bfd215F942EE';
INSERT INTO assets(identifier, name, type) VALUES("eip155:1/erc20:0xfeDAE5642668f8636A11987Ff386bfd215F942EE", "Pal Network", "C"); INSERT INTO evm_tokens(identifier, token_kind, chain, address, decimals, protocol) VALUES("eip155:1/erc20:0xfeDAE5642668f8636A11987Ff386bfd215F942EE", "A", 1, "0xfeDAE5642668f8636A11987Ff386bfd215F942EE", 18, ""); INSERT INTO common_asset_details(identifier, symbol, coingecko, cryptocompare, forked, started, swapped_for) VALUES("eip155:1/erc20:0xfeDAE5642668f8636A11987Ff386bfd215F942EE", "PAL", "policypal", "PAL", NULL, 1515628800, NULL);
UPDATE common_asset_details SET cryptocompare = 'CBC' WHERE identifier = 'eip155:1/erc20:0x26DB5439F651CAF491A87d48799dA81F191bDB6b';
INSERT INTO assets(identifier, name, type) VALUES("eip155:1/erc20:0x26DB5439F651CAF491A87d48799dA81F191bDB6b", "CashBet Coin", "C"); INSERT INTO evm_tokens(identifier, token_kind, chain, address, decimals, protocol) VALUES("eip155:1/erc20:0x26DB5439F651CAF491A87d48799dA81F191bDB6b", "A", 1, "0x26DB5439F651CAF491A87d48799dA81F191bDB6b", 8, ""); INSERT INTO common_asset_details(identifier, symbol, coingecko, cryptocompare, forked, started, swapped_for) VALUES("eip155:1/erc20:0x26DB5439F651CAF491A87d48799dA81F191bDB6b", "CBC", "cashbet-coin", "CBC", NULL, 1521590400, NULL);
UPDATE common_asset_details SET cryptocompare = 'KIND' WHERE identifier = 'eip155:1/erc20:0x4618519de4C304F3444ffa7f812dddC2971cc688';
INSERT INTO assets(identifier, name, type) VALUES("eip155:1/erc20:0x4618519de4C304F3444ffa7f812dddC2971cc688", "Kind Ads Token", "C"); INSERT INTO evm_tokens(identifier, token_kind, chain, address, decimals, protocol) VALUES("eip155:1/erc20:0x4618519de4C304F3444ffa7f812dddC2971cc688", "A", 1, "0x4618519de4C304F3444ffa7f812dddC2971cc688", 8, ""); INSERT INTO common_asset_details(identifier, symbol, coingecko, cryptocompare, forked, started, swapped_for) VALUES("eip155:1/erc20:0x4618519de4C304F3444ffa7f812dddC2971cc688", "KIND", "kind-ads-token", "KIND", NULL, 1529166283, NULL);
UPDATE common_asset_details SET cryptocompare = 'GAMEC' WHERE identifier = 'eip155:1/erc20:0xB70835D7822eBB9426B56543E391846C107bd32C';
INSERT INTO assets(identifier, name, type) VALUES("eip155:1/erc20:0xB70835D7822eBB9426B56543E391846C107bd32C", "Game.com", "C"); INSERT INTO evm_tokens(identifier, token_kind, chain, address, decimals, protocol) VALUES("eip155:1/erc20:0xB70835D7822eBB9426B56543E391846C107bd32C", "A", 1, "0xB70835D7822eBB9426B56543E391846C107bd32C", 18, ""); INSERT INTO common_asset_details(identifier, symbol, coingecko, cryptocompare, forked, started, swapped_for) VALUES("eip155:1/erc20:0xB70835D7822eBB9426B56543E391846C107bd32C", "GTC", "global-trust-coin", "GAMEC", NULL, 1506671530, NULL);
UPDATE common_asset_details SET cryptocompare = 'PZP' WHERE identifier = 'eip155:56/erc20:0x6ad9E9c098a45B2B41b519119C31c3DcB02ACcB2';
INSERT INTO assets(identifier, name, type) VALUES("eip155:56/erc20:0x6ad9E9c098a45B2B41b519119C31c3DcB02ACcB2", "PLAYZAP", "C"); INSERT INTO evm_tokens(identifier, token_kind, chain, address, decimals, protocol) VALUES("eip155:56/erc20:0x6ad9E9c098a45B2B41b519119C31c3DcB02ACcB2", "A", 56, "0x6ad9E9c098a45B2B41b519119C31c3DcB02ACcB2", 18, ""); INSERT INTO common_asset_details(identifier, symbol, coingecko, cryptocompare, forked, started, swapped_for) VALUES("eip155:56/erc20:0x6ad9E9c098a45B2B41b519119C31c3DcB02ACcB2", "PZP", "playzap", "PZP", NULL, 1678251040, NULL);
UPDATE common_asset_details SET cryptocompare = 'XSUSHI' WHERE identifier = 'eip155:1/erc20:0x8798249c2E607446EfB7Ad49eC89dD1865Ff4272';
INSERT INTO assets(identifier, name, type) VALUES("eip155:1/erc20:0x8798249c2E607446EfB7Ad49eC89dD1865Ff4272", "SushiBar", "C"); INSERT INTO evm_tokens(identifier, token_kind, chain, address, decimals, protocol) VALUES("eip155:1/erc20:0x8798249c2E607446EfB7Ad49eC89dD1865Ff4272", "A", 1, "0x8798249c2E607446EfB7Ad49eC89dD1865Ff4272", 18, ""); INSERT INTO common_asset_details(identifier, symbol, coingecko, cryptocompare, forked, started, swapped_for) VALUES("eip155:1/erc20:0x8798249c2E607446EfB7Ad49eC89dD1865Ff4272", "xSUSHI", "xsushi", "XSUSHI", NULL, 1599311156, NULL);
UPDATE common_asset_details SET cryptocompare = 'BCPT' WHERE identifier = 'eip155:1/erc20:0x1c4481750daa5Ff521A2a7490d9981eD46465Dbd';
INSERT INTO assets(identifier, name, type) VALUES("eip155:1/erc20:0x1c4481750daa5Ff521A2a7490d9981eD46465Dbd", "BlockMason Credit Protocol", "C"); INSERT INTO evm_tokens(identifier, token_kind, chain, address, decimals, protocol) VALUES("eip155:1/erc20:0x1c4481750daa5Ff521A2a7490d9981eD46465Dbd", "A", 1, "0x1c4481750daa5Ff521A2a7490d9981eD46465Dbd", 18, ""); INSERT INTO common_asset_details(identifier, symbol, coingecko, cryptocompare, forked, started, swapped_for) VALUES("eip155:1/erc20:0x1c4481750daa5Ff521A2a7490d9981eD46465Dbd", "BCPT", "blockmason-credit-protocol", "BCPT", NULL, 1491004800, NULL);
UPDATE common_asset_details SET cryptocompare = '1ST' WHERE identifier = 'eip155:1/erc20:0xAf30D2a7E90d7DC361c8C4585e9BB7D2F6f15bc7';
INSERT INTO assets(identifier, name, type) VALUES("eip155:1/erc20:0xAf30D2a7E90d7DC361c8C4585e9BB7D2F6f15bc7", "FirstBlood", "C"); INSERT INTO evm_tokens(identifier, token_kind, chain, address, decimals, protocol) VALUES("eip155:1/erc20:0xAf30D2a7E90d7DC361c8C4585e9BB7D2F6f15bc7", "A", 1, "0xAf30D2a7E90d7DC361c8C4585e9BB7D2F6f15bc7", 18, ""); INSERT INTO common_asset_details(identifier, symbol, coingecko, cryptocompare, forked, started, swapped_for) VALUES("eip155:1/erc20:0xAf30D2a7E90d7DC361c8C4585e9BB7D2F6f15bc7", "1ST", "first-blood", "1ST", NULL, 1468022400, NULL);
UPDATE common_asset_details SET cryptocompare = 'PRIX' WHERE identifier = 'eip155:1/erc20:0x3ADfc4999F77D04c8341BAC5F3A76f58DfF5B37A';
INSERT INTO assets(identifier, name, type) VALUES("eip155:1/erc20:0x3ADfc4999F77D04c8341BAC5F3A76f58DfF5B37A", "Privatix", "C"); INSERT INTO evm_tokens(identifier, token_kind, chain, address, decimals, protocol) VALUES("eip155:1/erc20:0x3ADfc4999F77D04c8341BAC5F3A76f58DfF5B37A", "A", 1, "0x3ADfc4999F77D04c8341BAC5F3A76f58DfF5B37A", 8, ""); INSERT INTO common_asset_details(identifier, symbol, coingecko, cryptocompare, forked, started, swapped_for) VALUES("eip155:1/erc20:0x3ADfc4999F77D04c8341BAC5F3A76f58DfF5B37A", "PRIX", "privatix", "PRIX", NULL, 1507593600, NULL);
UPDATE common_asset_details SET cryptocompare = 'NDC' WHERE identifier = 'eip155:1/erc20:0xA54ddC7B3CcE7FC8b1E3Fa0256D0DB80D2c10970';
INSERT INTO assets(identifier, name, type) VALUES("eip155:1/erc20:0xA54ddC7B3CcE7FC8b1E3Fa0256D0DB80D2c10970", "NEVERDIE", "C"); INSERT INTO evm_tokens(identifier, token_kind, chain, address, decimals, protocol) VALUES("eip155:1/erc20:0xA54ddC7B3CcE7FC8b1E3Fa0256D0DB80D2c10970", "A", 1, "0xA54ddC7B3CcE7FC8b1E3Fa0256D0DB80D2c10970", 18, ""); INSERT INTO common_asset_details(identifier, symbol, coingecko, cryptocompare, forked, started, swapped_for) VALUES("eip155:1/erc20:0xA54ddC7B3CcE7FC8b1E3Fa0256D0DB80D2c10970", "NDC", "", "NDC", NULL, 1492742292, NULL);
UPDATE common_asset_details SET cryptocompare = 'GENSLR' WHERE identifier = 'eip155:1/erc20:0xAd1A5B8538a866eCD56dDd328b50ed57cEd5D936';
INSERT INTO assets(identifier, name, type) VALUES("eip155:1/erc20:0xAd1A5B8538a866eCD56dDd328b50ed57cEd5D936", "Good Gensler", "C"); INSERT INTO evm_tokens(identifier, token_kind, chain, address, decimals, protocol) VALUES("eip155:1/erc20:0xAd1A5B8538a866eCD56dDd328b50ed57cEd5D936", "A", 1, "0xAd1A5B8538a866eCD56dDd328b50ed57cEd5D936", 18, ""); INSERT INTO common_asset_details(identifier, symbol, coingecko, cryptocompare, forked, started, swapped_for) VALUES("eip155:1/erc20:0xAd1A5B8538a866eCD56dDd328b50ed57cEd5D936", "GENSLR", "good-gensler", "GENSLR", NULL, NULL, NULL);
UPDATE common_asset_details SET cryptocompare = 'RCN' WHERE identifier = 'eip155:1/erc20:0xF970b8E36e23F7fC3FD752EeA86f8Be8D83375A6';
INSERT INTO assets(identifier, name, type) VALUES("eip155:1/erc20:0xF970b8E36e23F7fC3FD752EeA86f8Be8D83375A6", "Ripio Credit Network", "C"); INSERT INTO evm_tokens(identifier, token_kind, chain, address, decimals, protocol) VALUES("eip155:1/erc20:0xF970b8E36e23F7fC3FD752EeA86f8Be8D83375A6", "A", 1, "0xF970b8E36e23F7fC3FD752EeA86f8Be8D83375A6", 18, ""); INSERT INTO common_asset_details(identifier, symbol, coingecko, cryptocompare, forked, started, swapped_for) VALUES("eip155:1/erc20:0xF970b8E36e23F7fC3FD752EeA86f8Be8D83375A6", "RCN", "ripio-credit-network", "RCN", NULL, 1508198400, NULL);
UPDATE common_asset_details SET cryptocompare = 'LUAUSD' WHERE identifier = 'eip155:42161/erc20:0x1DD6b5F9281c6B4f043c02A83a46c2772024636c';
INSERT INTO assets(identifier, name, type) VALUES("eip155:42161/erc20:0x1DD6b5F9281c6B4f043c02A83a46c2772024636c", "Lumi Finance USD", "C"); INSERT INTO evm_tokens(identifier, token_kind, chain, address, decimals, protocol) VALUES("eip155:42161/erc20:0x1DD6b5F9281c6B4f043c02A83a46c2772024636c", "A", 42161, "0x1DD6b5F9281c6B4f043c02A83a46c2772024636c", 18, ""); INSERT INTO common_asset_details(identifier, symbol, coingecko, cryptocompare, forked, started, swapped_for) VALUES("eip155:42161/erc20:0x1DD6b5F9281c6B4f043c02A83a46c2772024636c", "LUAUSD", "", "LUAUSD", NULL, NULL, NULL);
UPDATE common_asset_details SET cryptocompare = 'GRMD' WHERE identifier = 'eip155:1/erc20:0xb444208cB0516C150178fCf9a52604BC04A1aCEa';
INSERT INTO assets(identifier, name, type) VALUES("eip155:1/erc20:0xb444208cB0516C150178fCf9a52604BC04A1aCEa", "GreenMed", "C"); INSERT INTO evm_tokens(identifier, token_kind, chain, address, decimals, protocol) VALUES("eip155:1/erc20:0xb444208cB0516C150178fCf9a52604BC04A1aCEa", "A", 1, "0xb444208cB0516C150178fCf9a52604BC04A1aCEa", 18, ""); INSERT INTO common_asset_details(identifier, symbol, coingecko, cryptocompare, forked, started, swapped_for) VALUES("eip155:1/erc20:0xb444208cB0516C150178fCf9a52604BC04A1aCEa", "GRMD", "", "GRMD", NULL, 1508952776, NULL);
UPDATE common_asset_details SET cryptocompare = 'UNIETH' WHERE identifier = 'eip155:1/erc20:0xF1376bceF0f78459C0Ed0ba5ddce976F1ddF51F4';
INSERT INTO assets(identifier, name, type) VALUES("eip155:1/erc20:0xF1376bceF0f78459C0Ed0ba5ddce976F1ddF51F4", "Universal ETH", "C"); INSERT INTO evm_tokens(identifier, token_kind, chain, address, decimals, protocol) VALUES("eip155:1/erc20:0xF1376bceF0f78459C0Ed0ba5ddce976F1ddF51F4", "A", 1, "0xF1376bceF0f78459C0Ed0ba5ddce976F1ddF51F4", 18, ""); INSERT INTO common_asset_details(identifier, symbol, coingecko, cryptocompare, forked, started, swapped_for) VALUES("eip155:1/erc20:0xF1376bceF0f78459C0Ed0ba5ddce976F1ddF51F4", "uniETH", "", "UNIETH", NULL, NULL, NULL);
UPDATE common_asset_details SET cryptocompare = 'GSC' WHERE identifier = 'eip155:1/erc20:0x228ba514309FFDF03A81a205a6D040E429d6E80C';
INSERT INTO assets(identifier, name, type) VALUES("eip155:1/erc20:0x228ba514309FFDF03A81a205a6D040E429d6E80C", "Global Social Chain", "C"); INSERT INTO evm_tokens(identifier, token_kind, chain, address, decimals, protocol) VALUES("eip155:1/erc20:0x228ba514309FFDF03A81a205a6D040E429d6E80C", "A", 1, "0x228ba514309FFDF03A81a205a6D040E429d6E80C", 18, ""); INSERT INTO common_asset_details(identifier, symbol, coingecko, cryptocompare, forked, started, swapped_for) VALUES("eip155:1/erc20:0x228ba514309FFDF03A81a205a6D040E429d6E80C", "GSC", "global-social-chain", "GSC", NULL, 1517544472, NULL);
UPDATE common_asset_details SET cryptocompare = 'GIV' WHERE identifier = 'eip155:1/erc20:0x900dB999074d9277c5DA2A43F252D74366230DA0';
INSERT INTO assets(identifier, name, type) VALUES("eip155:1/erc20:0x900dB999074d9277c5DA2A43F252D74366230DA0", "Giveth", "C"); INSERT INTO evm_tokens(identifier, token_kind, chain, address, decimals, protocol) VALUES("eip155:1/erc20:0x900dB999074d9277c5DA2A43F252D74366230DA0", "A", 1, "0x900dB999074d9277c5DA2A43F252D74366230DA0", 18, ""); INSERT INTO common_asset_details(identifier, symbol, coingecko, cryptocompare, forked, started, swapped_for) VALUES("eip155:1/erc20:0x900dB999074d9277c5DA2A43F252D74366230DA0", "GIV", "giveth", "GIV", NULL, 1639666178, NULL);
UPDATE common_asset_details SET cryptocompare = 'CPY' WHERE identifier = 'eip155:1/erc20:0xf44745fBd41F6A1ba151df190db0564c5fCc4410';
INSERT INTO assets(identifier, name, type) VALUES("eip155:1/erc20:0xf44745fBd41F6A1ba151df190db0564c5fCc4410", "COPYTRACK", "C"); INSERT INTO evm_tokens(identifier, token_kind, chain, address, decimals, protocol) VALUES("eip155:1/erc20:0xf44745fBd41F6A1ba151df190db0564c5fCc4410", "A", 1, "0xf44745fBd41F6A1ba151df190db0564c5fCc4410", 18, ""); INSERT INTO common_asset_details(identifier, symbol, coingecko, cryptocompare, forked, started, swapped_for) VALUES("eip155:1/erc20:0xf44745fBd41F6A1ba151df190db0564c5fCc4410", "CPY", "", "CPY", NULL, 1512864000, NULL);
UPDATE common_asset_details SET cryptocompare = 'RGT' WHERE identifier = 'eip155:1/erc20:0xD291E7a03283640FDc51b121aC401383A46cC623';
INSERT INTO assets(identifier, name, type) VALUES("eip155:1/erc20:0xD291E7a03283640FDc51b121aC401383A46cC623", "Rari Governance Token", "C"); INSERT INTO evm_tokens(identifier, token_kind, chain, address, decimals, protocol) VALUES("eip155:1/erc20:0xD291E7a03283640FDc51b121aC401383A46cC623", "A", 1, "0xD291E7a03283640FDc51b121aC401383A46cC623", 18, ""); INSERT INTO common_asset_details(identifier, symbol, coingecko, cryptocompare, forked, started, swapped_for) VALUES("eip155:1/erc20:0xD291E7a03283640FDc51b121aC401383A46cC623", "RGT", "rari-governance-token", "RGT", NULL, 1603212673, NULL);
UPDATE common_asset_details SET cryptocompare = 'SPHTX' WHERE identifier = 'eip155:1/erc20:0x3833ddA0AEB6947b98cE454d89366cBA8Cc55528';
INSERT INTO assets(identifier, name, type) VALUES("eip155:1/erc20:0x3833ddA0AEB6947b98cE454d89366cBA8Cc55528", "SophiaTX", "C"); INSERT INTO evm_tokens(identifier, token_kind, chain, address, decimals, protocol) VALUES("eip155:1/erc20:0x3833ddA0AEB6947b98cE454d89366cBA8Cc55528", "A", 1, "0x3833ddA0AEB6947b98cE454d89366cBA8Cc55528", 18, ""); INSERT INTO common_asset_details(identifier, symbol, coingecko, cryptocompare, forked, started, swapped_for) VALUES("eip155:1/erc20:0x3833ddA0AEB6947b98cE454d89366cBA8Cc55528", "SPHTX", "sophiatx", "SPHTX", NULL, 1506556800, NULL);
UPDATE common_asset_details SET cryptocompare = 'ZSC' WHERE identifier = 'eip155:1/erc20:0x7A41e0517a5ecA4FdbC7FbebA4D4c47B9fF6DC63';
INSERT INTO assets(identifier, name, type) VALUES("eip155:1/erc20:0x7A41e0517a5ecA4FdbC7FbebA4D4c47B9fF6DC63", "Zeusshield", "C"); INSERT INTO evm_tokens(identifier, token_kind, chain, address, decimals, protocol) VALUES("eip155:1/erc20:0x7A41e0517a5ecA4FdbC7FbebA4D4c47B9fF6DC63", "A", 1, "0x7A41e0517a5ecA4FdbC7FbebA4D4c47B9fF6DC63", 18, ""); INSERT INTO common_asset_details(identifier, symbol, coingecko, cryptocompare, forked, started, swapped_for) VALUES("eip155:1/erc20:0x7A41e0517a5ecA4FdbC7FbebA4D4c47B9fF6DC63", "ZSC", "zeusshield", "ZSC", NULL, 1499618354, NULL);
UPDATE common_asset_details SET cryptocompare = 'CSAI' WHERE identifier = 'eip155:1/erc20:0xF5DCe57282A584D2746FaF1593d3121Fcac444dC';
INSERT INTO assets(identifier, name, type) VALUES("eip155:1/erc20:0xF5DCe57282A584D2746FaF1593d3121Fcac444dC", "Compound Sai", "C"); INSERT INTO evm_tokens(identifier, token_kind, chain, address, decimals, protocol) VALUES("eip155:1/erc20:0xF5DCe57282A584D2746FaF1593d3121Fcac444dC", "A", 1, "0xF5DCe57282A584D2746FaF1593d3121Fcac444dC", 8, "compound"); INSERT INTO common_asset_details(identifier, symbol, coingecko, cryptocompare, forked, started, swapped_for) VALUES("eip155:1/erc20:0xF5DCe57282A584D2746FaF1593d3121Fcac444dC", "cSAI", "compound-sai", "CSAI", NULL, 1557192252, NULL);
UPDATE common_asset_details SET cryptocompare = 'IHT' WHERE identifier = 'eip155:1/erc20:0xEda8B016efA8b1161208Cf041cD86972eeE0F31E';
INSERT INTO assets(identifier, name, type) VALUES("eip155:1/erc20:0xEda8B016efA8b1161208Cf041cD86972eeE0F31E", "IHT Real Estate Protocol", "C"); INSERT INTO evm_tokens(identifier, token_kind, chain, address, decimals, protocol) VALUES("eip155:1/erc20:0xEda8B016efA8b1161208Cf041cD86972eeE0F31E", "A", 1, "0xEda8B016efA8b1161208Cf041cD86972eeE0F31E", 18, ""); INSERT INTO common_asset_details(identifier, symbol, coingecko, cryptocompare, forked, started, swapped_for) VALUES("eip155:1/erc20:0xEda8B016efA8b1161208Cf041cD86972eeE0F31E", "IHT", "iht-real-estate-protocol", "IHT", NULL, 1513036800, NULL);
UPDATE common_asset_details SET cryptocompare = 'XTP' WHERE identifier = 'eip155:1/erc20:0x6368e1E18c4C419DDFC608A0BEd1ccb87b9250fc';
INSERT INTO assets(identifier, name, type) VALUES("eip155:1/erc20:0x6368e1E18c4C419DDFC608A0BEd1ccb87b9250fc", "Tap", "C"); INSERT INTO evm_tokens(identifier, token_kind, chain, address, decimals, protocol) VALUES("eip155:1/erc20:0x6368e1E18c4C419DDFC608A0BEd1ccb87b9250fc", "A", 1, "0x6368e1E18c4C419DDFC608A0BEd1ccb87b9250fc", 18, ""); INSERT INTO common_asset_details(identifier, symbol, coingecko, cryptocompare, forked, started, swapped_for) VALUES("eip155:1/erc20:0x6368e1E18c4C419DDFC608A0BEd1ccb87b9250fc", "XTP", "tidepay", "XTP", NULL, 1576627200, NULL);
UPDATE common_asset_details SET cryptocompare = 'EXRD' WHERE identifier = 'eip155:1/erc20:0x6468e79A80C0eaB0F9A2B574c8d5bC374Af59414';
INSERT INTO assets(identifier, name, type) VALUES("eip155:1/erc20:0x6468e79A80C0eaB0F9A2B574c8d5bC374Af59414", "e-Radix", "C"); INSERT INTO evm_tokens(identifier, token_kind, chain, address, decimals, protocol) VALUES("eip155:1/erc20:0x6468e79A80C0eaB0F9A2B574c8d5bC374Af59414", "A", 1, "0x6468e79A80C0eaB0F9A2B574c8d5bC374Af59414", 18, ""); INSERT INTO common_asset_details(identifier, symbol, coingecko, cryptocompare, forked, started, swapped_for) VALUES("eip155:1/erc20:0x6468e79A80C0eaB0F9A2B574c8d5bC374Af59414", "EXRD", "e-radix", "EXRD", NULL, 1603805479, NULL);
UPDATE common_asset_details SET cryptocompare = 'PRIMEETH' WHERE identifier = 'eip155:1/erc20:0x6ef3D766Dfe02Dc4bF04aAe9122EB9A0Ded25615';
INSERT INTO assets(identifier, name, type) VALUES("eip155:1/erc20:0x6ef3D766Dfe02Dc4bF04aAe9122EB9A0Ded25615", "Prime Staked ETH", "C"); INSERT INTO evm_tokens(identifier, token_kind, chain, address, decimals, protocol) VALUES("eip155:1/erc20:0x6ef3D766Dfe02Dc4bF04aAe9122EB9A0Ded25615", "A", 1, "0x6ef3D766Dfe02Dc4bF04aAe9122EB9A0Ded25615", 18, ""); INSERT INTO common_asset_details(identifier, symbol, coingecko, cryptocompare, forked, started, swapped_for) VALUES("eip155:1/erc20:0x6ef3D766Dfe02Dc4bF04aAe9122EB9A0Ded25615", "primeETH", "", "PRIMEETH", NULL, NULL, NULL);
UPDATE common_asset_details SET cryptocompare = 'BTCE' WHERE identifier = 'eip155:1/erc20:0x0886949c1b8C412860c4264Ceb8083d1365e86CF';
INSERT INTO assets(identifier, name, type) VALUES("eip155:1/erc20:0x0886949c1b8C412860c4264Ceb8083d1365e86CF", "EthereumBitcoin", "C"); INSERT INTO evm_tokens(identifier, token_kind, chain, address, decimals, protocol) VALUES("eip155:1/erc20:0x0886949c1b8C412860c4264Ceb8083d1365e86CF", "A", 1, "0x0886949c1b8C412860c4264Ceb8083d1365e86CF", 8, ""); INSERT INTO common_asset_details(identifier, symbol, coingecko, cryptocompare, forked, started, swapped_for) VALUES("eip155:1/erc20:0x0886949c1b8C412860c4264Ceb8083d1365e86CF", "BTCE", "", "BTCE", NULL, 1508257238, NULL);
UPDATE common_asset_details SET cryptocompare = 'FOX' WHERE identifier = 'eip155:1/erc20:0xc770EEfAd204B5180dF6a14Ee197D99d808ee52d';
INSERT INTO assets(identifier, name, type) VALUES("eip155:1/erc20:0xc770EEfAd204B5180dF6a14Ee197D99d808ee52d", "FOX Token", "C"); INSERT INTO evm_tokens(identifier, token_kind, chain, address, decimals, protocol) VALUES("eip155:1/erc20:0xc770EEfAd204B5180dF6a14Ee197D99d808ee52d", "A", 1, "0xc770EEfAd204B5180dF6a14Ee197D99d808ee52d", 18, ""); INSERT INTO common_asset_details(identifier, symbol, coingecko, cryptocompare, forked, started, swapped_for) VALUES("eip155:1/erc20:0xc770EEfAd204B5180dF6a14Ee197D99d808ee52d", "FOX", "shapeshift-fox-token", "FOX", NULL, 1553639047, NULL);
UPDATE common_asset_details SET cryptocompare = 'UWU' WHERE identifier = 'eip155:1/erc20:0x55C08ca52497e2f1534B59E2917BF524D4765257';
INSERT INTO assets(identifier, name, type) VALUES("eip155:1/erc20:0x55C08ca52497e2f1534B59E2917BF524D4765257", "UwU Lend", "C"); INSERT INTO evm_tokens(identifier, token_kind, chain, address, decimals, protocol) VALUES("eip155:1/erc20:0x55C08ca52497e2f1534B59E2917BF524D4765257", "A", 1, "0x55C08ca52497e2f1534B59E2917BF524D4765257", 18, ""); INSERT INTO common_asset_details(identifier, symbol, coingecko, cryptocompare, forked, started, swapped_for) VALUES("eip155:1/erc20:0x55C08ca52497e2f1534B59E2917BF524D4765257", "UwU", "", "UWU", NULL, NULL, NULL);
UPDATE common_asset_details SET cryptocompare = 'TCH' WHERE identifier = 'eip155:1/erc20:0x9972A0F24194447E73a7e8b6CD26a52e02DDfAD5';
INSERT INTO assets(identifier, name, type) VALUES("eip155:1/erc20:0x9972A0F24194447E73a7e8b6CD26a52e02DDfAD5", "Thore Cash", "C"); INSERT INTO evm_tokens(identifier, token_kind, chain, address, decimals, protocol) VALUES("eip155:1/erc20:0x9972A0F24194447E73a7e8b6CD26a52e02DDfAD5", "A", 1, "0x9972A0F24194447E73a7e8b6CD26a52e02DDfAD5", 0, ""); INSERT INTO common_asset_details(identifier, symbol, coingecko, cryptocompare, forked, started, swapped_for) VALUES("eip155:1/erc20:0x9972A0F24194447E73a7e8b6CD26a52e02DDfAD5", "TCH", "thorecash", "TCH", NULL, 1522178999, NULL);
UPDATE common_asset_details SET cryptocompare = 'AETH' WHERE identifier = 'eip155:1/erc20:0x3a3A65aAb0dd2A17E3F1947bA16138cd37d08c04';
INSERT INTO assets(identifier, name, type) VALUES("eip155:1/erc20:0x3a3A65aAb0dd2A17E3F1947bA16138cd37d08c04", "Aave Interest bearing ETH", "C"); INSERT INTO evm_tokens(identifier, token_kind, chain, address, decimals, protocol) VALUES("eip155:1/erc20:0x3a3A65aAb0dd2A17E3F1947bA16138cd37d08c04", "A", 1, "0x3a3A65aAb0dd2A17E3F1947bA16138cd37d08c04", 18, "aave"); INSERT INTO common_asset_details(identifier, symbol, coingecko, cryptocompare, forked, started, swapped_for) VALUES("eip155:1/erc20:0x3a3A65aAb0dd2A17E3F1947bA16138cd37d08c04", "aETH", "aave-eth-v1", "AETH", NULL, 1578501678, NULL);
UPDATE common_asset_details SET cryptocompare = 'GNO' WHERE identifier = 'eip155:1/erc20:0x6810e776880C02933D47DB1b9fc05908e5386b96';
INSERT INTO assets(identifier, name, type) VALUES("eip155:1/erc20:0x6810e776880C02933D47DB1b9fc05908e5386b96", "Gnosis token", "C"); INSERT INTO evm_tokens(identifier, token_kind, chain, address, decimals, protocol) VALUES("eip155:1/erc20:0x6810e776880C02933D47DB1b9fc05908e5386b96", "A", 1, "0x6810e776880C02933D47DB1b9fc05908e5386b96", 18, ""); INSERT INTO common_asset_details(identifier, symbol, coingecko, cryptocompare, forked, started, swapped_for) VALUES("eip155:1/erc20:0x6810e776880C02933D47DB1b9fc05908e5386b96", "GNO", "gnosis", "GNO", NULL, 1492992000, NULL);
UPDATE common_asset_details SET cryptocompare = 'IXT' WHERE identifier = 'eip155:1/erc20:0xfcA47962D45ADFdfd1Ab2D972315dB4ce7CCf094';
INSERT INTO assets(identifier, name, type) VALUES("eip155:1/erc20:0xfcA47962D45ADFdfd1Ab2D972315dB4ce7CCf094", "IXT", "C"); INSERT INTO evm_tokens(identifier, token_kind, chain, address, decimals, protocol) VALUES("eip155:1/erc20:0xfcA47962D45ADFdfd1Ab2D972315dB4ce7CCf094", "A", 1, "0xfcA47962D45ADFdfd1Ab2D972315dB4ce7CCf094", 8, ""); INSERT INTO common_asset_details(identifier, symbol, coingecko, cryptocompare, forked, started, swapped_for) VALUES("eip155:1/erc20:0xfcA47962D45ADFdfd1Ab2D972315dB4ce7CCf094", "IXT", "insurex", "IXT", NULL, 1499739698, NULL);
UPDATE common_asset_details SET cryptocompare = 'LYM' WHERE identifier = 'eip155:1/erc20:0xc690F7C7FcfFA6a82b79faB7508c466FEfdfc8c5';
INSERT INTO assets(identifier, name, type) VALUES("eip155:1/erc20:0xc690F7C7FcfFA6a82b79faB7508c466FEfdfc8c5", "Lympo", "C"); INSERT INTO evm_tokens(identifier, token_kind, chain, address, decimals, protocol) VALUES("eip155:1/erc20:0xc690F7C7FcfFA6a82b79faB7508c466FEfdfc8c5", "A", 1, "0xc690F7C7FcfFA6a82b79faB7508c466FEfdfc8c5", 18, ""); INSERT INTO common_asset_details(identifier, symbol, coingecko, cryptocompare, forked, started, swapped_for) VALUES("eip155:1/erc20:0xc690F7C7FcfFA6a82b79faB7508c466FEfdfc8c5", "LYM", "lympo", "LYM", NULL, 1514332800, NULL);
UPDATE common_asset_details SET cryptocompare = 'OLT' WHERE identifier = 'eip155:1/erc20:0x64A60493D888728Cf42616e034a0dfEAe38EFCF0';
INSERT INTO assets(identifier, name, type) VALUES("eip155:1/erc20:0x64A60493D888728Cf42616e034a0dfEAe38EFCF0", "OneLedger", "C"); INSERT INTO evm_tokens(identifier, token_kind, chain, address, decimals, protocol) VALUES("eip155:1/erc20:0x64A60493D888728Cf42616e034a0dfEAe38EFCF0", "A", 1, "0x64A60493D888728Cf42616e034a0dfEAe38EFCF0", 18, ""); INSERT INTO common_asset_details(identifier, symbol, coingecko, cryptocompare, forked, started, swapped_for) VALUES("eip155:1/erc20:0x64A60493D888728Cf42616e034a0dfEAe38EFCF0", "OLT", "one-ledger", "OLT", NULL, 1528848000, NULL);
UPDATE common_asset_details SET cryptocompare = 'APEX' WHERE identifier = 'eip155:1/erc20:0x52A8845DF664D76C69d2EEa607CD793565aF42B8';
INSERT INTO assets(identifier, name, type) VALUES("eip155:1/erc20:0x52A8845DF664D76C69d2EEa607CD793565aF42B8", "ApeX Token", "C"); INSERT INTO evm_tokens(identifier, token_kind, chain, address, decimals, protocol) VALUES("eip155:1/erc20:0x52A8845DF664D76C69d2EEa607CD793565aF42B8", "A", 1, "0x52A8845DF664D76C69d2EEa607CD793565aF42B8", 18, ""); INSERT INTO common_asset_details(identifier, symbol, coingecko, cryptocompare, forked, started, swapped_for) VALUES("eip155:1/erc20:0x52A8845DF664D76C69d2EEa607CD793565aF42B8", "APEX", "apex-token-2", "APEX", NULL, NULL, NULL);
UPDATE common_asset_details SET cryptocompare = 'TOMI' WHERE identifier = 'eip155:1/erc20:0x4385328cc4D643Ca98DfEA734360C0F596C83449';
INSERT INTO assets(identifier, name, type) VALUES("eip155:1/erc20:0x4385328cc4D643Ca98DfEA734360C0F596C83449", "tomi Token", "C"); INSERT INTO evm_tokens(identifier, token_kind, chain, address, decimals, protocol) VALUES("eip155:1/erc20:0x4385328cc4D643Ca98DfEA734360C0F596C83449", "A", 1, "0x4385328cc4D643Ca98DfEA734360C0F596C83449", 18, ""); INSERT INTO common_asset_details(identifier, symbol, coingecko, cryptocompare, forked, started, swapped_for) VALUES("eip155:1/erc20:0x4385328cc4D643Ca98DfEA734360C0F596C83449", "TOMI", "tominet", "TOMI", NULL, 1673305523, NULL);
UPDATE common_asset_details SET cryptocompare = 'DMAR' WHERE identifier = 'eip155:1/erc20:0x2ccbFF3A042c68716Ed2a2Cb0c544A9f1d1935E1';
INSERT INTO assets(identifier, name, type) VALUES("eip155:1/erc20:0x2ccbFF3A042c68716Ed2a2Cb0c544A9f1d1935E1", "DMarket", "C"); INSERT INTO evm_tokens(identifier, token_kind, chain, address, decimals, protocol) VALUES("eip155:1/erc20:0x2ccbFF3A042c68716Ed2a2Cb0c544A9f1d1935E1", "A", 1, "0x2ccbFF3A042c68716Ed2a2Cb0c544A9f1d1935E1", 8, ""); INSERT INTO common_asset_details(identifier, symbol, coingecko, cryptocompare, forked, started, swapped_for) VALUES("eip155:1/erc20:0x2ccbFF3A042c68716Ed2a2Cb0c544A9f1d1935E1", "DMT", "dmarket", "DMAR", NULL, 1506038400, NULL);
UPDATE common_asset_details SET cryptocompare = 'CDX' WHERE identifier = 'eip155:1/erc20:0x6fFF3806Bbac52A20e0d79BC538d527f6a22c96b';
INSERT INTO assets(identifier, name, type) VALUES("eip155:1/erc20:0x6fFF3806Bbac52A20e0d79BC538d527f6a22c96b", "CDX Network", "C"); INSERT INTO evm_tokens(identifier, token_kind, chain, address, decimals, protocol) VALUES("eip155:1/erc20:0x6fFF3806Bbac52A20e0d79BC538d527f6a22c96b", "A", 1, "0x6fFF3806Bbac52A20e0d79BC538d527f6a22c96b", 18, ""); INSERT INTO common_asset_details(identifier, symbol, coingecko, cryptocompare, forked, started, swapped_for) VALUES("eip155:1/erc20:0x6fFF3806Bbac52A20e0d79BC538d527f6a22c96b", "CDX", "commodity-ad-network", "CDX", NULL, 1503393177, NULL);
UPDATE common_asset_details SET cryptocompare = 'APW' WHERE identifier = 'eip155:1/erc20:0x4104b135DBC9609Fc1A9490E61369036497660c8';
INSERT INTO assets(identifier, name, type) VALUES("eip155:1/erc20:0x4104b135DBC9609Fc1A9490E61369036497660c8", "APWine Token", "C"); INSERT INTO evm_tokens(identifier, token_kind, chain, address, decimals, protocol) VALUES("eip155:1/erc20:0x4104b135DBC9609Fc1A9490E61369036497660c8", "A", 1, "0x4104b135DBC9609Fc1A9490E61369036497660c8", 18, ""); INSERT INTO common_asset_details(identifier, symbol, coingecko, cryptocompare, forked, started, swapped_for) VALUES("eip155:1/erc20:0x4104b135DBC9609Fc1A9490E61369036497660c8", "APW", "apwine", "APW", NULL, NULL, NULL);
UPDATE common_asset_details SET cryptocompare = 'AAVE' WHERE identifier = 'eip155:1/erc20:0x7Fc66500c84A76Ad7e9c93437bFc5Ac33E2DDaE9';
INSERT INTO assets(identifier, name, type) VALUES("eip155:1/erc20:0x7Fc66500c84A76Ad7e9c93437bFc5Ac33E2DDaE9", "Aave Token", "C"); INSERT INTO evm_tokens(identifier, token_kind, chain, address, decimals, protocol) VALUES("eip155:1/erc20:0x7Fc66500c84A76Ad7e9c93437bFc5Ac33E2DDaE9", "A", 1, "0x7Fc66500c84A76Ad7e9c93437bFc5Ac33E2DDaE9", 18, ""); INSERT INTO common_asset_details(identifier, symbol, coingecko, cryptocompare, forked, started, swapped_for) VALUES("eip155:1/erc20:0x7Fc66500c84A76Ad7e9c93437bFc5Ac33E2DDaE9", "AAVE", "aave", "AAVE", NULL, 1600970788, NULL);
UPDATE common_asset_details SET cryptocompare = 'ZINC' WHERE identifier = 'eip155:1/erc20:0x4AaC461C86aBfA71e9d00d9a2cde8d74E4E1aeEa';
INSERT INTO assets(identifier, name, type) VALUES("eip155:1/erc20:0x4AaC461C86aBfA71e9d00d9a2cde8d74E4E1aeEa", "ZINC", "C"); INSERT INTO evm_tokens(identifier, token_kind, chain, address, decimals, protocol) VALUES("eip155:1/erc20:0x4AaC461C86aBfA71e9d00d9a2cde8d74E4E1aeEa", "A", 1, "0x4AaC461C86aBfA71e9d00d9a2cde8d74E4E1aeEa", 18, ""); INSERT INTO common_asset_details(identifier, symbol, coingecko, cryptocompare, forked, started, swapped_for) VALUES("eip155:1/erc20:0x4AaC461C86aBfA71e9d00d9a2cde8d74E4E1aeEa", "ZINC", "zinc", "ZINC", NULL, 1504483200, NULL);
UPDATE common_asset_details SET cryptocompare = 'MXNT' WHERE identifier = 'eip155:1/erc20:0xed03Ed872159e199065401b6d0D487d78d9464AA';
INSERT INTO assets(identifier, name, type) VALUES("eip155:1/erc20:0xed03Ed872159e199065401b6d0D487d78d9464AA", "TetherToken", "C"); INSERT INTO evm_tokens(identifier, token_kind, chain, address, decimals, protocol) VALUES("eip155:1/erc20:0xed03Ed872159e199065401b6d0D487d78d9464AA", "A", 1, "0xed03Ed872159e199065401b6d0D487d78d9464AA", 6, ""); INSERT INTO common_asset_details(identifier, symbol, coingecko, cryptocompare, forked, started, swapped_for) VALUES("eip155:1/erc20:0xed03Ed872159e199065401b6d0D487d78d9464AA", "MXNt", "mexican-peso-tether", "MXNT", NULL, 1652215376, NULL);
UPDATE common_asset_details SET cryptocompare = 'EPS' WHERE identifier = 'eip155:56/erc20:0xA7f552078dcC247C2684336020c03648500C6d9F';
INSERT INTO assets(identifier, name, type) VALUES("eip155:56/erc20:0xA7f552078dcC247C2684336020c03648500C6d9F", "Ellipsis", "C"); INSERT INTO evm_tokens(identifier, token_kind, chain, address, decimals, protocol) VALUES("eip155:56/erc20:0xA7f552078dcC247C2684336020c03648500C6d9F", "A", 56, "0xA7f552078dcC247C2684336020c03648500C6d9F", 18, ""); INSERT INTO common_asset_details(identifier, symbol, coingecko, cryptocompare, forked, started, swapped_for) VALUES("eip155:56/erc20:0xA7f552078dcC247C2684336020c03648500C6d9F", "EPS", "ellipsis", "EPS", NULL, 1616517644, NULL);
UPDATE common_asset_details SET cryptocompare = 'DTA' WHERE identifier = 'eip155:1/erc20:0x69b148395Ce0015C13e36BFfBAd63f49EF874E03';
INSERT INTO assets(identifier, name, type) VALUES("eip155:1/erc20:0x69b148395Ce0015C13e36BFfBAd63f49EF874E03", "DATA", "C"); INSERT INTO evm_tokens(identifier, token_kind, chain, address, decimals, protocol) VALUES("eip155:1/erc20:0x69b148395Ce0015C13e36BFfBAd63f49EF874E03", "A", 1, "0x69b148395Ce0015C13e36BFfBAd63f49EF874E03", 18, ""); INSERT INTO common_asset_details(identifier, symbol, coingecko, cryptocompare, forked, started, swapped_for) VALUES("eip155:1/erc20:0x69b148395Ce0015C13e36BFfBAd63f49EF874E03", "DTA", "data", "DTA", NULL, 1515628800, NULL);
UPDATE common_asset_details SET cryptocompare = 'HISQUIGGLE' WHERE identifier = 'eip155:1/erc20:0x51395AdE06Eae126f590e7B06Dc8F6Baf511f13F';
INSERT INTO assets(identifier, name, type) VALUES("eip155:1/erc20:0x51395AdE06Eae126f590e7B06Dc8F6Baf511f13F", "hiSQUIGGLE", "C"); INSERT INTO evm_tokens(identifier, token_kind, chain, address, decimals, protocol) VALUES("eip155:1/erc20:0x51395AdE06Eae126f590e7B06Dc8F6Baf511f13F", "A", 1, "0x51395AdE06Eae126f590e7B06Dc8F6Baf511f13F", 18, ""); INSERT INTO common_asset_details(identifier, symbol, coingecko, cryptocompare, forked, started, swapped_for) VALUES("eip155:1/erc20:0x51395AdE06Eae126f590e7B06Dc8F6Baf511f13F", "hiSQUIGGLE", "hisquiggle", "HISQUIGGLE", NULL, 1667186459, NULL);
UPDATE common_asset_details SET cryptocompare = 'TKA' WHERE identifier = 'eip155:1/erc20:0xdaE1Baf249964bc4b6aC98c3122f0e3E785fd279';
INSERT INTO assets(identifier, name, type) VALUES("eip155:1/erc20:0xdaE1Baf249964bc4b6aC98c3122f0e3E785fd279", "Tokia", "C"); INSERT INTO evm_tokens(identifier, token_kind, chain, address, decimals, protocol) VALUES("eip155:1/erc20:0xdaE1Baf249964bc4b6aC98c3122f0e3E785fd279", "A", 1, "0xdaE1Baf249964bc4b6aC98c3122f0e3E785fd279", 18, ""); INSERT INTO common_asset_details(identifier, symbol, coingecko, cryptocompare, forked, started, swapped_for) VALUES("eip155:1/erc20:0xdaE1Baf249964bc4b6aC98c3122f0e3E785fd279", "TKA", "", "TKA", NULL, 1514469699, NULL);
UPDATE common_asset_details SET cryptocompare = 'UNO' WHERE identifier = 'eip155:1/erc20:0x474021845C4643113458ea4414bdb7fB74A01A77';
INSERT INTO assets(identifier, name, type) VALUES("eip155:1/erc20:0x474021845C4643113458ea4414bdb7fB74A01A77", "UnoRe", "C"); INSERT INTO evm_tokens(identifier, token_kind, chain, address, decimals, protocol) VALUES("eip155:1/erc20:0x474021845C4643113458ea4414bdb7fB74A01A77", "A", 1, "0x474021845C4643113458ea4414bdb7fB74A01A77", 18, ""); INSERT INTO common_asset_details(identifier, symbol, coingecko, cryptocompare, forked, started, swapped_for) VALUES("eip155:1/erc20:0x474021845C4643113458ea4414bdb7fB74A01A77", "UNO", "uno-re", "UNO", NULL, 1619478432, NULL);
UPDATE common_asset_details SET cryptocompare = 'LDC' WHERE identifier = 'eip155:1/erc20:0x5102791cA02FC3595398400BFE0e33d7B6C82267';
INSERT INTO assets(identifier, name, type) VALUES("eip155:1/erc20:0x5102791cA02FC3595398400BFE0e33d7B6C82267", "Leadcoin", "C"); INSERT INTO evm_tokens(identifier, token_kind, chain, address, decimals, protocol) VALUES("eip155:1/erc20:0x5102791cA02FC3595398400BFE0e33d7B6C82267", "A", 1, "0x5102791cA02FC3595398400BFE0e33d7B6C82267", 18, ""); INSERT INTO common_asset_details(identifier, symbol, coingecko, cryptocompare, forked, started, swapped_for) VALUES("eip155:1/erc20:0x5102791cA02FC3595398400BFE0e33d7B6C82267", "LDC", "leadcoin", "LDC", NULL, 1519729218, NULL);
UPDATE common_asset_details SET cryptocompare = 'POOH' WHERE identifier = 'eip155:1/erc20:0xB69753c06BB5c366BE51E73bFc0cC2e3DC07E371';
INSERT INTO assets(identifier, name, type) VALUES("eip155:1/erc20:0xB69753c06BB5c366BE51E73bFc0cC2e3DC07E371", "POOH", "C"); INSERT INTO evm_tokens(identifier, token_kind, chain, address, decimals, protocol) VALUES("eip155:1/erc20:0xB69753c06BB5c366BE51E73bFc0cC2e3DC07E371", "A", 1, "0xB69753c06BB5c366BE51E73bFc0cC2e3DC07E371", 18, ""); INSERT INTO common_asset_details(identifier, symbol, coingecko, cryptocompare, forked, started, swapped_for) VALUES("eip155:1/erc20:0xB69753c06BB5c366BE51E73bFc0cC2e3DC07E371", "POOH", "pooh", "POOH", NULL, 1682433983, NULL);
UPDATE common_asset_details SET cryptocompare = 'POT' WHERE identifier = 'eip155:137/erc20:0xd7c8469c7eC40f853dA5f651DE81b45aeD47e5aB';
INSERT INTO assets(identifier, name, type) VALUES("eip155:137/erc20:0xd7c8469c7eC40f853dA5f651DE81b45aeD47e5aB", "PotCoin.com POT", "C"); INSERT INTO evm_tokens(identifier, token_kind, chain, address, decimals, protocol) VALUES("eip155:137/erc20:0xd7c8469c7eC40f853dA5f651DE81b45aeD47e5aB", "A", 137, "0xd7c8469c7eC40f853dA5f651DE81b45aeD47e5aB", 18, ""); INSERT INTO common_asset_details(identifier, symbol, coingecko, cryptocompare, forked, started, swapped_for) VALUES("eip155:137/erc20:0xd7c8469c7eC40f853dA5f651DE81b45aeD47e5aB", "POT", "potcoin", "POT", NULL, NULL, NULL);
UPDATE common_asset_details SET cryptocompare = 'NPER' WHERE identifier = 'eip155:1/erc20:0x4cE6B362Bc77A24966Dda9078f9cEF81b3B886a7';
INSERT INTO assets(identifier, name, type) VALUES("eip155:1/erc20:0x4cE6B362Bc77A24966Dda9078f9cEF81b3B886a7", "NPER", "C"); INSERT INTO evm_tokens(identifier, token_kind, chain, address, decimals, protocol) VALUES("eip155:1/erc20:0x4cE6B362Bc77A24966Dda9078f9cEF81b3B886a7", "A", 1, "0x4cE6B362Bc77A24966Dda9078f9cEF81b3B886a7", 18, ""); INSERT INTO common_asset_details(identifier, symbol, coingecko, cryptocompare, forked, started, swapped_for) VALUES("eip155:1/erc20:0x4cE6B362Bc77A24966Dda9078f9cEF81b3B886a7", "NPER", "nper", "NPER", NULL, 1515628800, NULL);
UPDATE common_asset_details SET cryptocompare = 'SNC' WHERE identifier = 'eip155:1/erc20:0xF4134146AF2d511Dd5EA8cDB1C4AC88C57D60404';
INSERT INTO assets(identifier, name, type) VALUES("eip155:1/erc20:0xF4134146AF2d511Dd5EA8cDB1C4AC88C57D60404", "SunContract", "C"); INSERT INTO evm_tokens(identifier, token_kind, chain, address, decimals, protocol) VALUES("eip155:1/erc20:0xF4134146AF2d511Dd5EA8cDB1C4AC88C57D60404", "A", 1, "0xF4134146AF2d511Dd5EA8cDB1C4AC88C57D60404", 18, ""); INSERT INTO common_asset_details(identifier, symbol, coingecko, cryptocompare, forked, started, swapped_for) VALUES("eip155:1/erc20:0xF4134146AF2d511Dd5EA8cDB1C4AC88C57D60404", "SNC", "suncontract", "SNC", NULL, 1495756800, NULL);
UPDATE common_asset_details SET cryptocompare = 'WHEN' WHERE identifier = 'eip155:1/erc20:0xF4FE95603881D0e07954fD7605E0e9a916e42C44';
INSERT INTO assets(identifier, name, type) VALUES("eip155:1/erc20:0xF4FE95603881D0e07954fD7605E0e9a916e42C44", "WHEN Token", "C"); INSERT INTO evm_tokens(identifier, token_kind, chain, address, decimals, protocol) VALUES("eip155:1/erc20:0xF4FE95603881D0e07954fD7605E0e9a916e42C44", "A", 1, "0xF4FE95603881D0e07954fD7605E0e9a916e42C44", 18, ""); INSERT INTO common_asset_details(identifier, symbol, coingecko, cryptocompare, forked, started, swapped_for) VALUES("eip155:1/erc20:0xF4FE95603881D0e07954fD7605E0e9a916e42C44", "WHEN", "when-token", "WHEN", NULL, 1521411781, NULL);
UPDATE common_asset_details SET cryptocompare = 'UBXT' WHERE identifier = 'eip155:1/erc20:0x8564653879a18C560E7C0Ea0E084c516C62F5653';
INSERT INTO assets(identifier, name, type) VALUES("eip155:1/erc20:0x8564653879a18C560E7C0Ea0E084c516C62F5653", "UpBots", "C"); INSERT INTO evm_tokens(identifier, token_kind, chain, address, decimals, protocol) VALUES("eip155:1/erc20:0x8564653879a18C560E7C0Ea0E084c516C62F5653", "A", 1, "0x8564653879a18C560E7C0Ea0E084c516C62F5653", 18, ""); INSERT INTO common_asset_details(identifier, symbol, coingecko, cryptocompare, forked, started, swapped_for) VALUES("eip155:1/erc20:0x8564653879a18C560E7C0Ea0E084c516C62F5653", "UBXT", "upbots", "UBXT", NULL, 1599908414, NULL);
UPDATE common_asset_details SET cryptocompare = 'WLTH' WHERE identifier = 'eip155:8453/erc20:0x99b2B1A2aDB02B38222ADcD057783D7e5D1FCC7D';
INSERT INTO assets(identifier, name, type) VALUES("eip155:8453/erc20:0x99b2B1A2aDB02B38222ADcD057783D7e5D1FCC7D", "Common Wealth Token", "C"); INSERT INTO evm_tokens(identifier, token_kind, chain, address, decimals, protocol) VALUES("eip155:8453/erc20:0x99b2B1A2aDB02B38222ADcD057783D7e5D1FCC7D", "A", 8453, "0x99b2B1A2aDB02B38222ADcD057783D7e5D1FCC7D", 18, ""); INSERT INTO common_asset_details(identifier, symbol, coingecko, cryptocompare, forked, started, swapped_for) VALUES("eip155:8453/erc20:0x99b2B1A2aDB02B38222ADcD057783D7e5D1FCC7D", "WLTH", "", "WLTH", NULL, 1714380877, NULL);
UPDATE common_asset_details SET cryptocompare = 'AUTHORSHIP' WHERE identifier = 'eip155:1/erc20:0x2dAEE1AA61D60A252DC80564499A69802853583A';
INSERT INTO assets(identifier, name, type) VALUES("eip155:1/erc20:0x2dAEE1AA61D60A252DC80564499A69802853583A", "Authorship", "C"); INSERT INTO evm_tokens(identifier, token_kind, chain, address, decimals, protocol) VALUES("eip155:1/erc20:0x2dAEE1AA61D60A252DC80564499A69802853583A", "A", 1, "0x2dAEE1AA61D60A252DC80564499A69802853583A", 4, ""); INSERT INTO common_asset_details(identifier, symbol, coingecko, cryptocompare, forked, started, swapped_for) VALUES("eip155:1/erc20:0x2dAEE1AA61D60A252DC80564499A69802853583A", "ATS", "authorship", "AUTHORSHIP", NULL, 1500388369, NULL);
UPDATE common_asset_details SET cryptocompare = 'SIN' WHERE identifier = 'eip155:56/erc20:0x6397de0F9aEDc0F7A8Fa8B438DDE883B9c201010';
INSERT INTO assets(identifier, name, type) VALUES("eip155:56/erc20:0x6397de0F9aEDc0F7A8Fa8B438DDE883B9c201010", "SinCity Token", "C"); INSERT INTO evm_tokens(identifier, token_kind, chain, address, decimals, protocol) VALUES("eip155:56/erc20:0x6397de0F9aEDc0F7A8Fa8B438DDE883B9c201010", "A", 56, "0x6397de0F9aEDc0F7A8Fa8B438DDE883B9c201010", 18, ""); INSERT INTO common_asset_details(identifier, symbol, coingecko, cryptocompare, forked, started, swapped_for) VALUES("eip155:56/erc20:0x6397de0F9aEDc0F7A8Fa8B438DDE883B9c201010", "SIN", "sin-city", "SIN", NULL, 1634212193, NULL);
UPDATE common_asset_details SET cryptocompare = 'DPP' WHERE identifier = 'eip155:1/erc20:0x01b3Ec4aAe1B8729529BEB4965F27d008788B0EB';
INSERT INTO assets(identifier, name, type) VALUES("eip155:1/erc20:0x01b3Ec4aAe1B8729529BEB4965F27d008788B0EB", "Digital Assets Power Play", "C"); INSERT INTO evm_tokens(identifier, token_kind, chain, address, decimals, protocol) VALUES("eip155:1/erc20:0x01b3Ec4aAe1B8729529BEB4965F27d008788B0EB", "A", 1, "0x01b3Ec4aAe1B8729529BEB4965F27d008788B0EB", 18, ""); INSERT INTO common_asset_details(identifier, symbol, coingecko, cryptocompare, forked, started, swapped_for) VALUES("eip155:1/erc20:0x01b3Ec4aAe1B8729529BEB4965F27d008788B0EB", "DPP", "", "DPP", NULL, 1505748922, NULL);
UPDATE common_asset_details SET cryptocompare = 'ZKS' WHERE identifier = 'eip155:1/erc20:0xe4815AE53B124e7263F08dcDBBB757d41Ed658c6';
INSERT INTO assets(identifier, name, type) VALUES("eip155:1/erc20:0xe4815AE53B124e7263F08dcDBBB757d41Ed658c6", "ZKs", "C"); INSERT INTO evm_tokens(identifier, token_kind, chain, address, decimals, protocol) VALUES("eip155:1/erc20:0xe4815AE53B124e7263F08dcDBBB757d41Ed658c6", "A", 1, "0xe4815AE53B124e7263F08dcDBBB757d41Ed658c6", 18, ""); INSERT INTO common_asset_details(identifier, symbol, coingecko, cryptocompare, forked, started, swapped_for) VALUES("eip155:1/erc20:0xe4815AE53B124e7263F08dcDBBB757d41Ed658c6", "ZKS", "zkspace", "ZKS", NULL, 1606014225, NULL);
UPDATE common_asset_details SET cryptocompare = 'L3USD' WHERE identifier = 'eip155:1/erc20:0x2C2D8a078B33bf7782a16AcCE2C5BA6653a90D5f';
INSERT INTO assets(identifier, name, type) VALUES("eip155:1/erc20:0x2C2D8a078B33bf7782a16AcCE2C5BA6653a90D5f", "L3USD", "C"); INSERT INTO evm_tokens(identifier, token_kind, chain, address, decimals, protocol) VALUES("eip155:1/erc20:0x2C2D8a078B33bf7782a16AcCE2C5BA6653a90D5f", "A", 1, "0x2C2D8a078B33bf7782a16AcCE2C5BA6653a90D5f", 18, ""); INSERT INTO common_asset_details(identifier, symbol, coingecko, cryptocompare, forked, started, swapped_for) VALUES("eip155:1/erc20:0x2C2D8a078B33bf7782a16AcCE2C5BA6653a90D5f", "L3USD", "", "L3USD", NULL, NULL, NULL);
UPDATE common_asset_details SET cryptocompare = 'SNX' WHERE identifier = 'eip155:1/erc20:0xC011a73ee8576Fb46F5E1c5751cA3B9Fe0af2a6F';
INSERT INTO assets(identifier, name, type) VALUES("eip155:1/erc20:0xC011a73ee8576Fb46F5E1c5751cA3B9Fe0af2a6F", "Synthetix Network Token", "C"); INSERT INTO evm_tokens(identifier, token_kind, chain, address, decimals, protocol) VALUES("eip155:1/erc20:0xC011a73ee8576Fb46F5E1c5751cA3B9Fe0af2a6F", "A", 1, "0xC011a73ee8576Fb46F5E1c5751cA3B9Fe0af2a6F", 18, ""); INSERT INTO common_asset_details(identifier, symbol, coingecko, cryptocompare, forked, started, swapped_for) VALUES("eip155:1/erc20:0xC011a73ee8576Fb46F5E1c5751cA3B9Fe0af2a6F", "SNX", "havven", "SNX", NULL, 1515283200, NULL);
UPDATE common_asset_details SET cryptocompare = 'SOMNIUM' WHERE identifier = 'eip155:1/erc20:0xDf801468a808a32656D2eD2D2d80B72A129739f4';
INSERT INTO assets(identifier, name, type) VALUES("eip155:1/erc20:0xDf801468a808a32656D2eD2D2d80B72A129739f4", "Somnium Space Cubes", "C"); INSERT INTO evm_tokens(identifier, token_kind, chain, address, decimals, protocol) VALUES("eip155:1/erc20:0xDf801468a808a32656D2eD2D2d80B72A129739f4", "A", 1, "0xDf801468a808a32656D2eD2D2d80B72A129739f4", 8, ""); INSERT INTO common_asset_details(identifier, symbol, coingecko, cryptocompare, forked, started, swapped_for) VALUES("eip155:1/erc20:0xDf801468a808a32656D2eD2D2d80B72A129739f4", "CUBE", "somnium-space-cubes", "SOMNIUM", NULL, 1570181738, NULL);
UPDATE common_asset_details SET cryptocompare = 'BBO' WHERE identifier = 'eip155:1/erc20:0x84F7c44B6Fed1080f647E354D552595be2Cc602F';
INSERT INTO assets(identifier, name, type) VALUES("eip155:1/erc20:0x84F7c44B6Fed1080f647E354D552595be2Cc602F", "Bigbom", "C"); INSERT INTO evm_tokens(identifier, token_kind, chain, address, decimals, protocol) VALUES("eip155:1/erc20:0x84F7c44B6Fed1080f647E354D552595be2Cc602F", "A", 1, "0x84F7c44B6Fed1080f647E354D552595be2Cc602F", 18, ""); INSERT INTO common_asset_details(identifier, symbol, coingecko, cryptocompare, forked, started, swapped_for) VALUES("eip155:1/erc20:0x84F7c44B6Fed1080f647E354D552595be2Cc602F", "BBO", "bigbom-eco", "BBO", NULL, 1522854907, NULL);
UPDATE common_asset_details SET cryptocompare = 'VALUE' WHERE identifier = 'eip155:1/erc20:0x49E833337ECe7aFE375e44F4E3e8481029218E5c';
INSERT INTO assets(identifier, name, type) VALUES("eip155:1/erc20:0x49E833337ECe7aFE375e44F4E3e8481029218E5c", "Value Liquidity", "C"); INSERT INTO evm_tokens(identifier, token_kind, chain, address, decimals, protocol) VALUES("eip155:1/erc20:0x49E833337ECe7aFE375e44F4E3e8481029218E5c", "A", 1, "0x49E833337ECe7aFE375e44F4E3e8481029218E5c", 18, ""); INSERT INTO common_asset_details(identifier, symbol, coingecko, cryptocompare, forked, started, swapped_for) VALUES("eip155:1/erc20:0x49E833337ECe7aFE375e44F4E3e8481029218E5c", "VALUE", "value-liquidity", "VALUE", NULL, 1600162155, NULL);
UPDATE common_asset_details SET cryptocompare = 'LUC' WHERE identifier = 'eip155:1/erc20:0x5dbe296F97B23C4A6AA6183D73e574D02bA5c719';
INSERT INTO assets(identifier, name, type) VALUES("eip155:1/erc20:0x5dbe296F97B23C4A6AA6183D73e574D02bA5c719", "Level Up Coin", "C"); INSERT INTO evm_tokens(identifier, token_kind, chain, address, decimals, protocol) VALUES("eip155:1/erc20:0x5dbe296F97B23C4A6AA6183D73e574D02bA5c719", "A", 1, "0x5dbe296F97B23C4A6AA6183D73e574D02bA5c719", 18, ""); INSERT INTO common_asset_details(identifier, symbol, coingecko, cryptocompare, forked, started, swapped_for) VALUES("eip155:1/erc20:0x5dbe296F97B23C4A6AA6183D73e574D02bA5c719", "LUC", "play2live", "LUC", NULL, 1520812800, NULL);
UPDATE common_asset_details SET cryptocompare = 'LL' WHERE identifier = 'eip155:1/erc20:0x0921799CB1d702148131024d18fCdE022129Dc73';
INSERT INTO assets(identifier, name, type) VALUES("eip155:1/erc20:0x0921799CB1d702148131024d18fCdE022129Dc73", "LightLink", "C"); INSERT INTO evm_tokens(identifier, token_kind, chain, address, decimals, protocol) VALUES("eip155:1/erc20:0x0921799CB1d702148131024d18fCdE022129Dc73", "A", 1, "0x0921799CB1d702148131024d18fCdE022129Dc73", 18, ""); INSERT INTO common_asset_details(identifier, symbol, coingecko, cryptocompare, forked, started, swapped_for) VALUES("eip155:1/erc20:0x0921799CB1d702148131024d18fCdE022129Dc73", "LL", "lightlink", "LL", NULL, 1708060619, NULL);
UPDATE common_asset_details SET cryptocompare = 'RATING' WHERE identifier = 'eip155:1/erc20:0xE8663A64A96169ff4d95b4299E7ae9a76b905B31';
INSERT INTO assets(identifier, name, type) VALUES("eip155:1/erc20:0xE8663A64A96169ff4d95b4299E7ae9a76b905B31", "DPRating", "C"); INSERT INTO evm_tokens(identifier, token_kind, chain, address, decimals, protocol) VALUES("eip155:1/erc20:0xE8663A64A96169ff4d95b4299E7ae9a76b905B31", "A", 1, "0xE8663A64A96169ff4d95b4299E7ae9a76b905B31", 8, ""); INSERT INTO common_asset_details(identifier, symbol, coingecko, cryptocompare, forked, started, swapped_for) VALUES("eip155:1/erc20:0xE8663A64A96169ff4d95b4299E7ae9a76b905B31", "RATING", "dprating", "RATING", NULL, 1527754376, NULL);
UPDATE common_asset_details SET cryptocompare = 'LDXG' WHERE identifier = 'eip155:1/erc20:0xBbe3a58585121F7DC4A5c6e7dE6514eC86987A77';
INSERT INTO assets(identifier, name, type) VALUES("eip155:1/erc20:0xBbe3a58585121F7DC4A5c6e7dE6514eC86987A77", "LondonCoinGold", "C"); INSERT INTO evm_tokens(identifier, token_kind, chain, address, decimals, protocol) VALUES("eip155:1/erc20:0xBbe3a58585121F7DC4A5c6e7dE6514eC86987A77", "A", 1, "0xBbe3a58585121F7DC4A5c6e7dE6514eC86987A77", 18, ""); INSERT INTO common_asset_details(identifier, symbol, coingecko, cryptocompare, forked, started, swapped_for) VALUES("eip155:1/erc20:0xBbe3a58585121F7DC4A5c6e7dE6514eC86987A77", "LDXG", "", "LDXG", NULL, NULL, NULL);
UPDATE common_asset_details SET cryptocompare = 'MULTIV' WHERE identifier = 'eip155:1/erc20:0xc91B523A59ACC63A64f61fc7bBfB4bfc82DD25f2';
INSERT INTO assets(identifier, name, type) VALUES("eip155:1/erc20:0xc91B523A59ACC63A64f61fc7bBfB4bfc82DD25f2", "Multiverse", "C"); INSERT INTO evm_tokens(identifier, token_kind, chain, address, decimals, protocol) VALUES("eip155:1/erc20:0xc91B523A59ACC63A64f61fc7bBfB4bfc82DD25f2", "A", 1, "0xc91B523A59ACC63A64f61fc7bBfB4bfc82DD25f2", 18, ""); INSERT INTO common_asset_details(identifier, symbol, coingecko, cryptocompare, forked, started, swapped_for) VALUES("eip155:1/erc20:0xc91B523A59ACC63A64f61fc7bBfB4bfc82DD25f2", "AI", "multiverse", "MULTIV", NULL, 1622665363, NULL);
UPDATE common_asset_details SET cryptocompare = 'CLEARPOLL' WHERE identifier = 'eip155:1/erc20:0x705EE96c1c160842C92c1aeCfCFfccc9C412e3D9';
INSERT INTO assets(identifier, name, type) VALUES("eip155:1/erc20:0x705EE96c1c160842C92c1aeCfCFfccc9C412e3D9", "ClearPoll", "C"); INSERT INTO evm_tokens(identifier, token_kind, chain, address, decimals, protocol) VALUES("eip155:1/erc20:0x705EE96c1c160842C92c1aeCfCFfccc9C412e3D9", "A", 1, "0x705EE96c1c160842C92c1aeCfCFfccc9C412e3D9", 18, ""); INSERT INTO common_asset_details(identifier, symbol, coingecko, cryptocompare, forked, started, swapped_for) VALUES("eip155:1/erc20:0x705EE96c1c160842C92c1aeCfCFfccc9C412e3D9", "POLL", "clearpoll", "CLEARPOLL", NULL, 1507680000, NULL);
UPDATE common_asset_details SET cryptocompare = 'MSP' WHERE identifier = 'eip155:1/erc20:0x68AA3F232dA9bdC2343465545794ef3eEa5209BD';
INSERT INTO assets(identifier, name, type) VALUES("eip155:1/erc20:0x68AA3F232dA9bdC2343465545794ef3eEa5209BD", "Mothership", "C"); INSERT INTO evm_tokens(identifier, token_kind, chain, address, decimals, protocol) VALUES("eip155:1/erc20:0x68AA3F232dA9bdC2343465545794ef3eEa5209BD", "A", 1, "0x68AA3F232dA9bdC2343465545794ef3eEa5209BD", 18, ""); INSERT INTO common_asset_details(identifier, symbol, coingecko, cryptocompare, forked, started, swapped_for) VALUES("eip155:1/erc20:0x68AA3F232dA9bdC2343465545794ef3eEa5209BD", "MSP", "mothership", "MSP", NULL, 1499212800, NULL);
UPDATE common_asset_details SET cryptocompare = 'RIYA' WHERE identifier = 'eip155:1/erc20:0x0b1724cc9FDA0186911EF6a75949e9c0d3F0f2F3';
INSERT INTO assets(identifier, name, type) VALUES("eip155:1/erc20:0x0b1724cc9FDA0186911EF6a75949e9c0d3F0f2F3", "Etheriya", "C"); INSERT INTO evm_tokens(identifier, token_kind, chain, address, decimals, protocol) VALUES("eip155:1/erc20:0x0b1724cc9FDA0186911EF6a75949e9c0d3F0f2F3", "A", 1, "0x0b1724cc9FDA0186911EF6a75949e9c0d3F0f2F3", 8, ""); INSERT INTO common_asset_details(identifier, symbol, coingecko, cryptocompare, forked, started, swapped_for) VALUES("eip155:1/erc20:0x0b1724cc9FDA0186911EF6a75949e9c0d3F0f2F3", "RIYA", "", "RIYA", NULL, 1497865684, NULL);
UPDATE common_asset_details SET cryptocompare = 'CEEK' WHERE identifier = 'eip155:1/erc20:0xb056c38f6b7Dc4064367403E26424CD2c60655e1';
INSERT INTO assets(identifier, name, type) VALUES("eip155:1/erc20:0xb056c38f6b7Dc4064367403E26424CD2c60655e1", "CEEK VR", "C"); INSERT INTO evm_tokens(identifier, token_kind, chain, address, decimals, protocol) VALUES("eip155:1/erc20:0xb056c38f6b7Dc4064367403E26424CD2c60655e1", "A", 1, "0xb056c38f6b7Dc4064367403E26424CD2c60655e1", 18, ""); INSERT INTO common_asset_details(identifier, symbol, coingecko, cryptocompare, forked, started, swapped_for) VALUES("eip155:1/erc20:0xb056c38f6b7Dc4064367403E26424CD2c60655e1", "CEEK", "ceek", "CEEK", NULL, 1521808735, NULL);
UPDATE common_asset_details SET cryptocompare = 'SNGLS' WHERE identifier = 'eip155:1/erc20:0xaeC2E87E0A235266D9C5ADc9DEb4b2E29b54D009';
INSERT INTO assets(identifier, name, type) VALUES("eip155:1/erc20:0xaeC2E87E0A235266D9C5ADc9DEb4b2E29b54D009", "SingularDTV", "C"); INSERT INTO evm_tokens(identifier, token_kind, chain, address, decimals, protocol) VALUES("eip155:1/erc20:0xaeC2E87E0A235266D9C5ADc9DEb4b2E29b54D009", "A", 1, "0xaeC2E87E0A235266D9C5ADc9DEb4b2E29b54D009", 0, ""); INSERT INTO common_asset_details(identifier, symbol, coingecko, cryptocompare, forked, started, swapped_for) VALUES("eip155:1/erc20:0xaeC2E87E0A235266D9C5ADc9DEb4b2E29b54D009", "SNGLS", "singulardtv", "SNGLS", NULL, 1475366400, NULL);
UPDATE common_asset_details SET cryptocompare = 'DAN' WHERE identifier = 'eip155:1/erc20:0x9B70740e708a083C6fF38Df52297020f5DfAa5EE';
INSERT INTO assets(identifier, name, type) VALUES("eip155:1/erc20:0x9B70740e708a083C6fF38Df52297020f5DfAa5EE", "Daneel", "C"); INSERT INTO evm_tokens(identifier, token_kind, chain, address, decimals, protocol) VALUES("eip155:1/erc20:0x9B70740e708a083C6fF38Df52297020f5DfAa5EE", "A", 1, "0x9B70740e708a083C6fF38Df52297020f5DfAa5EE", 10, ""); INSERT INTO common_asset_details(identifier, symbol, coingecko, cryptocompare, forked, started, swapped_for) VALUES("eip155:1/erc20:0x9B70740e708a083C6fF38Df52297020f5DfAa5EE", "DAN", "daneel", "DAN", NULL, 1510499013, NULL);
UPDATE common_asset_details SET cryptocompare = 'EGT' WHERE identifier = 'eip155:1/erc20:0x8e1b448EC7aDFc7Fa35FC2e885678bD323176E34';
INSERT INTO assets(identifier, name, type) VALUES("eip155:1/erc20:0x8e1b448EC7aDFc7Fa35FC2e885678bD323176E34", "Egretia", "C"); INSERT INTO evm_tokens(identifier, token_kind, chain, address, decimals, protocol) VALUES("eip155:1/erc20:0x8e1b448EC7aDFc7Fa35FC2e885678bD323176E34", "A", 1, "0x8e1b448EC7aDFc7Fa35FC2e885678bD323176E34", 18, ""); INSERT INTO common_asset_details(identifier, symbol, coingecko, cryptocompare, forked, started, swapped_for) VALUES("eip155:1/erc20:0x8e1b448EC7aDFc7Fa35FC2e885678bD323176E34", "EGT", "egretia", "EGT", NULL, 1523577600, NULL);
UPDATE common_asset_details SET cryptocompare = 'HOPPY' WHERE identifier = 'eip155:1/erc20:0x8C130499D33097D4D000D3332E1672f75b431543';
INSERT INTO assets(identifier, name, type) VALUES("eip155:1/erc20:0x8C130499D33097D4D000D3332E1672f75b431543", "Hoppy", "C"); INSERT INTO evm_tokens(identifier, token_kind, chain, address, decimals, protocol) VALUES("eip155:1/erc20:0x8C130499D33097D4D000D3332E1672f75b431543", "A", 1, "0x8C130499D33097D4D000D3332E1672f75b431543", 8, ""); INSERT INTO common_asset_details(identifier, symbol, coingecko, cryptocompare, forked, started, swapped_for) VALUES("eip155:1/erc20:0x8C130499D33097D4D000D3332E1672f75b431543", "HOPPY", "hoppy-token", "HOPPY", NULL, NULL, NULL);
UPDATE common_asset_details SET cryptocompare = 'PHBD' WHERE identifier = 'eip155:137/erc20:0x6D969cEA201e427d2875724Fd4E8044833fBc7f4';
INSERT INTO assets(identifier, name, type) VALUES("eip155:137/erc20:0x6D969cEA201e427d2875724Fd4E8044833fBc7f4", "Polygon HBD", "C"); INSERT INTO evm_tokens(identifier, token_kind, chain, address, decimals, protocol) VALUES("eip155:137/erc20:0x6D969cEA201e427d2875724Fd4E8044833fBc7f4", "A", 137, "0x6D969cEA201e427d2875724Fd4E8044833fBc7f4", 3, ""); INSERT INTO common_asset_details(identifier, symbol, coingecko, cryptocompare, forked, started, swapped_for) VALUES("eip155:137/erc20:0x6D969cEA201e427d2875724Fd4E8044833fBc7f4", "pHBD", "", "PHBD", NULL, NULL, NULL);
UPDATE common_asset_details SET cryptocompare = 'ATMCHAIN' WHERE identifier = 'eip155:1/erc20:0x9B11EFcAAA1890f6eE52C6bB7CF8153aC5d74139';
INSERT INTO assets(identifier, name, type) VALUES("eip155:1/erc20:0x9B11EFcAAA1890f6eE52C6bB7CF8153aC5d74139", "ATMChain", "C"); INSERT INTO evm_tokens(identifier, token_kind, chain, address, decimals, protocol) VALUES("eip155:1/erc20:0x9B11EFcAAA1890f6eE52C6bB7CF8153aC5d74139", "A", 1, "0x9B11EFcAAA1890f6eE52C6bB7CF8153aC5d74139", 8, "spam"); INSERT INTO common_asset_details(identifier, symbol, coingecko, cryptocompare, forked, started, swapped_for) VALUES("eip155:1/erc20:0x9B11EFcAAA1890f6eE52C6bB7CF8153aC5d74139", "ATM", "", "ATMCHAIN", NULL, NULL, NULL);
UPDATE common_asset_details SET cryptocompare = 'HBT' WHERE identifier = 'eip155:1/erc20:0xDd6C68bb32462e01705011a4e2Ad1a60740f217F';
INSERT INTO assets(identifier, name, type) VALUES("eip155:1/erc20:0xDd6C68bb32462e01705011a4e2Ad1a60740f217F", "Hubii Network", "C"); INSERT INTO evm_tokens(identifier, token_kind, chain, address, decimals, protocol) VALUES("eip155:1/erc20:0xDd6C68bb32462e01705011a4e2Ad1a60740f217F", "A", 1, "0xDd6C68bb32462e01705011a4e2Ad1a60740f217F", 15, ""); INSERT INTO common_asset_details(identifier, symbol, coingecko, cryptocompare, forked, started, swapped_for) VALUES("eip155:1/erc20:0xDd6C68bb32462e01705011a4e2Ad1a60740f217F", "HBT", "hubii-network", "HBT", NULL, 1503532800, NULL);
UPDATE common_asset_details SET cryptocompare = 'GOT' WHERE identifier = 'eip155:1/erc20:0x613Fa2A6e6DAA70c659060E86bA1443D2679c9D7';
INSERT INTO assets(identifier, name, type) VALUES("eip155:1/erc20:0x613Fa2A6e6DAA70c659060E86bA1443D2679c9D7", "ParkinGo", "C"); INSERT INTO evm_tokens(identifier, token_kind, chain, address, decimals, protocol) VALUES("eip155:1/erc20:0x613Fa2A6e6DAA70c659060E86bA1443D2679c9D7", "A", 1, "0x613Fa2A6e6DAA70c659060E86bA1443D2679c9D7", 18, ""); INSERT INTO common_asset_details(identifier, symbol, coingecko, cryptocompare, forked, started, swapped_for) VALUES("eip155:1/erc20:0x613Fa2A6e6DAA70c659060E86bA1443D2679c9D7", "GOT", "parkingo", "GOT", NULL, 1529366400, NULL);
UPDATE common_asset_details SET cryptocompare = 'POSI' WHERE identifier = 'eip155:56/erc20:0x5CA42204cDaa70d5c773946e69dE942b85CA6706';
INSERT INTO assets(identifier, name, type) VALUES("eip155:56/erc20:0x5CA42204cDaa70d5c773946e69dE942b85CA6706", "Position Token", "C"); INSERT INTO evm_tokens(identifier, token_kind, chain, address, decimals, protocol) VALUES("eip155:56/erc20:0x5CA42204cDaa70d5c773946e69dE942b85CA6706", "A", 56, "0x5CA42204cDaa70d5c773946e69dE942b85CA6706", 18, ""); INSERT INTO common_asset_details(identifier, symbol, coingecko, cryptocompare, forked, started, swapped_for) VALUES("eip155:56/erc20:0x5CA42204cDaa70d5c773946e69dE942b85CA6706", "POSI", "position-token", "POSI", NULL, 1627372225, NULL);
UPDATE common_asset_details SET cryptocompare = 'MTL' WHERE identifier = 'eip155:1/erc20:0xF433089366899D83a9f26A773D59ec7eCF30355e';
INSERT INTO assets(identifier, name, type) VALUES("eip155:1/erc20:0xF433089366899D83a9f26A773D59ec7eCF30355e", "Metal", "C"); INSERT INTO evm_tokens(identifier, token_kind, chain, address, decimals, protocol) VALUES("eip155:1/erc20:0xF433089366899D83a9f26A773D59ec7eCF30355e", "A", 1, "0xF433089366899D83a9f26A773D59ec7eCF30355e", 8, ""); INSERT INTO common_asset_details(identifier, symbol, coingecko, cryptocompare, forked, started, swapped_for) VALUES("eip155:1/erc20:0xF433089366899D83a9f26A773D59ec7eCF30355e", "MTL", "metal", "MTL", NULL, 1496966400, NULL);
UPDATE common_asset_details SET cryptocompare = 'NTWK' WHERE identifier = 'eip155:1/erc20:0x2233799Ee2683d75dfefAcbCd2A26c78D34b470d';
INSERT INTO assets(identifier, name, type) VALUES("eip155:1/erc20:0x2233799Ee2683d75dfefAcbCd2A26c78D34b470d", "Network Token", "C"); INSERT INTO evm_tokens(identifier, token_kind, chain, address, decimals, protocol) VALUES("eip155:1/erc20:0x2233799Ee2683d75dfefAcbCd2A26c78D34b470d", "A", 1, "0x2233799Ee2683d75dfefAcbCd2A26c78D34b470d", 18, ""); INSERT INTO common_asset_details(identifier, symbol, coingecko, cryptocompare, forked, started, swapped_for) VALUES("eip155:1/erc20:0x2233799Ee2683d75dfefAcbCd2A26c78D34b470d", "NTWK", "", "NTWK", NULL, 1508690038, NULL);
UPDATE common_asset_details SET cryptocompare = 'ETHD' WHERE identifier = 'eip155:1/erc20:0xdbFb423E9bBF16294388e07696A5120E4CeBA0C5';
INSERT INTO assets(identifier, name, type) VALUES("eip155:1/erc20:0xdbFb423E9bBF16294388e07696A5120E4CeBA0C5", "Ethereum Dark", "C"); INSERT INTO evm_tokens(identifier, token_kind, chain, address, decimals, protocol) VALUES("eip155:1/erc20:0xdbFb423E9bBF16294388e07696A5120E4CeBA0C5", "A", 1, "0xdbFb423E9bBF16294388e07696A5120E4CeBA0C5", 18, ""); INSERT INTO common_asset_details(identifier, symbol, coingecko, cryptocompare, forked, started, swapped_for) VALUES("eip155:1/erc20:0xdbFb423E9bBF16294388e07696A5120E4CeBA0C5", "ETHD", "", "ETHD", NULL, 1505865600, NULL);
UPDATE common_asset_details SET cryptocompare = 'ZMN' WHERE identifier = 'eip155:1/erc20:0x554FFc77F4251a9fB3c0E3590a6a205f8d4e067D';
INSERT INTO assets(identifier, name, type) VALUES("eip155:1/erc20:0x554FFc77F4251a9fB3c0E3590a6a205f8d4e067D", "ZMINE", "C"); INSERT INTO evm_tokens(identifier, token_kind, chain, address, decimals, protocol) VALUES("eip155:1/erc20:0x554FFc77F4251a9fB3c0E3590a6a205f8d4e067D", "A", 1, "0x554FFc77F4251a9fB3c0E3590a6a205f8d4e067D", 18, ""); INSERT INTO common_asset_details(identifier, symbol, coingecko, cryptocompare, forked, started, swapped_for) VALUES("eip155:1/erc20:0x554FFc77F4251a9fB3c0E3590a6a205f8d4e067D", "ZMN", "zmine", "ZMN", NULL, 1516354221, NULL);
UPDATE common_asset_details SET cryptocompare = 'BITCRATIC' WHERE identifier = 'eip155:1/erc20:0x9eC251401eAfB7e98f37A1D911c0AEA02CB63A80';
INSERT INTO assets(identifier, name, type) VALUES("eip155:1/erc20:0x9eC251401eAfB7e98f37A1D911c0AEA02CB63A80", "Bitcratic", "C"); INSERT INTO evm_tokens(identifier, token_kind, chain, address, decimals, protocol) VALUES("eip155:1/erc20:0x9eC251401eAfB7e98f37A1D911c0AEA02CB63A80", "A", 1, "0x9eC251401eAfB7e98f37A1D911c0AEA02CB63A80", 18, "spam"); INSERT INTO common_asset_details(identifier, symbol, coingecko, cryptocompare, forked, started, swapped_for) VALUES("eip155:1/erc20:0x9eC251401eAfB7e98f37A1D911c0AEA02CB63A80", "BCT", "", "BITCRATIC", NULL, NULL, NULL);
UPDATE common_asset_details SET cryptocompare = 'PROPSPROJECT' WHERE identifier = 'eip155:1/erc20:0x6fe56C0bcdD471359019FcBC48863d6c3e9d4F41';
INSERT INTO assets(identifier, name, type) VALUES("eip155:1/erc20:0x6fe56C0bcdD471359019FcBC48863d6c3e9d4F41", "Props Token", "C"); INSERT INTO evm_tokens(identifier, token_kind, chain, address, decimals, protocol) VALUES("eip155:1/erc20:0x6fe56C0bcdD471359019FcBC48863d6c3e9d4F41", "A", 1, "0x6fe56C0bcdD471359019FcBC48863d6c3e9d4F41", 18, ""); INSERT INTO common_asset_details(identifier, symbol, coingecko, cryptocompare, forked, started, swapped_for) VALUES("eip155:1/erc20:0x6fe56C0bcdD471359019FcBC48863d6c3e9d4F41", "PROPS", "props", "PROPSPROJECT", NULL, 1551658213, NULL);
UPDATE common_asset_details SET cryptocompare = 'ADA' WHERE identifier = 'ADA';
INSERT INTO assets(identifier, name, type) VALUES("ADA", "Cardano", "B"); INSERT INTO common_asset_details(identifier, symbol, coingecko, cryptocompare, forked, started, swapped_for) VALUES("ADA", "ADA", "cardano", "ADA", NULL, 1506643200, NULL);
UPDATE common_asset_details SET cryptocompare = 'LBA' WHERE identifier = 'eip155:1/erc20:0xfe5F141Bf94fE84bC28deD0AB966c16B17490657';
INSERT INTO assets(identifier, name, type) VALUES("eip155:1/erc20:0xfe5F141Bf94fE84bC28deD0AB966c16B17490657", "Cred", "C"); INSERT INTO evm_tokens(identifier, token_kind, chain, address, decimals, protocol) VALUES("eip155:1/erc20:0xfe5F141Bf94fE84bC28deD0AB966c16B17490657", "A", 1, "0xfe5F141Bf94fE84bC28deD0AB966c16B17490657", 18, ""); INSERT INTO common_asset_details(identifier, symbol, coingecko, cryptocompare, forked, started, swapped_for) VALUES("eip155:1/erc20:0xfe5F141Bf94fE84bC28deD0AB966c16B17490657", "LBA", "libra-credit", "LBA", NULL, 1523491200, NULL);
UPDATE common_asset_details SET cryptocompare = '1SG' WHERE identifier = 'eip155:1/erc20:0x0F72714B35a366285Df85886A2eE174601292A17';
INSERT INTO assets(identifier, name, type) VALUES("eip155:1/erc20:0x0F72714B35a366285Df85886A2eE174601292A17", "1SG", "C"); INSERT INTO evm_tokens(identifier, token_kind, chain, address, decimals, protocol) VALUES("eip155:1/erc20:0x0F72714B35a366285Df85886A2eE174601292A17", "A", 1, "0x0F72714B35a366285Df85886A2eE174601292A17", 18, ""); INSERT INTO common_asset_details(identifier, symbol, coingecko, cryptocompare, forked, started, swapped_for) VALUES("eip155:1/erc20:0x0F72714B35a366285Df85886A2eE174601292A17", "1SG", "1sg", "1SG", NULL, 1545696000, NULL);
UPDATE common_asset_details SET cryptocompare = 'HIGAZERS' WHERE identifier = 'eip155:1/erc20:0xc1AD0aA69454603a5dEe55Cf9BD9341e01328544';
INSERT INTO assets(identifier, name, type) VALUES("eip155:1/erc20:0xc1AD0aA69454603a5dEe55Cf9BD9341e01328544", "hiGAZERS", "C"); INSERT INTO evm_tokens(identifier, token_kind, chain, address, decimals, protocol) VALUES("eip155:1/erc20:0xc1AD0aA69454603a5dEe55Cf9BD9341e01328544", "A", 1, "0xc1AD0aA69454603a5dEe55Cf9BD9341e01328544", 18, ""); INSERT INTO common_asset_details(identifier, symbol, coingecko, cryptocompare, forked, started, swapped_for) VALUES("eip155:1/erc20:0xc1AD0aA69454603a5dEe55Cf9BD9341e01328544", "hiGAZERS", "higazers", "HIGAZERS", NULL, 1668762443, NULL);
UPDATE common_asset_details SET cryptocompare = 'ZELIX' WHERE identifier = 'eip155:1/erc20:0x0257fFD7eA2eBba4aAA090C7AdBDD032A08c1F74';
INSERT INTO assets(identifier, name, type) VALUES("eip155:1/erc20:0x0257fFD7eA2eBba4aAA090C7AdBDD032A08c1F74", "ZELIX", "C"); INSERT INTO evm_tokens(identifier, token_kind, chain, address, decimals, protocol) VALUES("eip155:1/erc20:0x0257fFD7eA2eBba4aAA090C7AdBDD032A08c1F74", "A", 1, "0x0257fFD7eA2eBba4aAA090C7AdBDD032A08c1F74", 18, ""); INSERT INTO common_asset_details(identifier, symbol, coingecko, cryptocompare, forked, started, swapped_for) VALUES("eip155:1/erc20:0x0257fFD7eA2eBba4aAA090C7AdBDD032A08c1F74", "ZELIX", "zelix", "ZELIX", NULL, NULL, NULL);
UPDATE common_asset_details SET cryptocompare = 'SHL' WHERE identifier = 'eip155:1/erc20:0x8542325B72C6D9fC0aD2Ca965A78435413a915A0';
INSERT INTO assets(identifier, name, type) VALUES("eip155:1/erc20:0x8542325B72C6D9fC0aD2Ca965A78435413a915A0", "Oyster Shell", "C"); INSERT INTO evm_tokens(identifier, token_kind, chain, address, decimals, protocol) VALUES("eip155:1/erc20:0x8542325B72C6D9fC0aD2Ca965A78435413a915A0", "A", 1, "0x8542325B72C6D9fC0aD2Ca965A78435413a915A0", 18, ""); INSERT INTO common_asset_details(identifier, symbol, coingecko, cryptocompare, forked, started, swapped_for) VALUES("eip155:1/erc20:0x8542325B72C6D9fC0aD2Ca965A78435413a915A0", "SHL", "", "SHL", NULL, 1523582002, NULL);
UPDATE common_asset_details SET cryptocompare = 'ZEE' WHERE identifier = 'eip155:1/erc20:0x2eDf094dB69d6Dcd487f1B3dB9febE2eeC0dd4c5';
INSERT INTO assets(identifier, name, type) VALUES("eip155:1/erc20:0x2eDf094dB69d6Dcd487f1B3dB9febE2eeC0dd4c5", "ZeroSwapToken", "C"); INSERT INTO evm_tokens(identifier, token_kind, chain, address, decimals, protocol) VALUES("eip155:1/erc20:0x2eDf094dB69d6Dcd487f1B3dB9febE2eeC0dd4c5", "A", 1, "0x2eDf094dB69d6Dcd487f1B3dB9febE2eeC0dd4c5", 18, ""); INSERT INTO common_asset_details(identifier, symbol, coingecko, cryptocompare, forked, started, swapped_for) VALUES("eip155:1/erc20:0x2eDf094dB69d6Dcd487f1B3dB9febE2eeC0dd4c5", "ZEE", "zeroswap", "ZEE", NULL, 1602352650, NULL);
UPDATE common_asset_details SET cryptocompare = 'AST' WHERE identifier = 'eip155:1/erc20:0x27054b13b1B798B345b591a4d22e6562d47eA75a';
INSERT INTO assets(identifier, name, type) VALUES("eip155:1/erc20:0x27054b13b1B798B345b591a4d22e6562d47eA75a", "AirSwap", "C"); INSERT INTO evm_tokens(identifier, token_kind, chain, address, decimals, protocol) VALUES("eip155:1/erc20:0x27054b13b1B798B345b591a4d22e6562d47eA75a", "A", 1, "0x27054b13b1B798B345b591a4d22e6562d47eA75a", 4, ""); INSERT INTO common_asset_details(identifier, symbol, coingecko, cryptocompare, forked, started, swapped_for) VALUES("eip155:1/erc20:0x27054b13b1B798B345b591a4d22e6562d47eA75a", "AST", "airswap", "AST", NULL, 1506384000, NULL);
UPDATE common_asset_details SET cryptocompare = 'PMGT' WHERE identifier = 'eip155:1/erc20:0xAFFCDd96531bCd66faED95FC61e443D08F79eFEf';
INSERT INTO assets(identifier, name, type) VALUES("eip155:1/erc20:0xAFFCDd96531bCd66faED95FC61e443D08F79eFEf", "Perth Mint Gold Token", "C"); INSERT INTO evm_tokens(identifier, token_kind, chain, address, decimals, protocol) VALUES("eip155:1/erc20:0xAFFCDd96531bCd66faED95FC61e443D08F79eFEf", "A", 1, "0xAFFCDd96531bCd66faED95FC61e443D08F79eFEf", 5, ""); INSERT INTO common_asset_details(identifier, symbol, coingecko, cryptocompare, forked, started, swapped_for) VALUES("eip155:1/erc20:0xAFFCDd96531bCd66faED95FC61e443D08F79eFEf", "PMGT", "perth-mint-gold-token", "PMGT", NULL, 1570681682, NULL);
UPDATE common_asset_details SET cryptocompare = 'PARETO' WHERE identifier = 'eip155:1/erc20:0xea5f88E54d982Cbb0c441cde4E79bC305e5b43Bc';
INSERT INTO assets(identifier, name, type) VALUES("eip155:1/erc20:0xea5f88E54d982Cbb0c441cde4E79bC305e5b43Bc", "PARETO Rewards", "C"); INSERT INTO evm_tokens(identifier, token_kind, chain, address, decimals, protocol) VALUES("eip155:1/erc20:0xea5f88E54d982Cbb0c441cde4E79bC305e5b43Bc", "A", 1, "0xea5f88E54d982Cbb0c441cde4E79bC305e5b43Bc", 18, ""); INSERT INTO common_asset_details(identifier, symbol, coingecko, cryptocompare, forked, started, swapped_for) VALUES("eip155:1/erc20:0xea5f88E54d982Cbb0c441cde4E79bC305e5b43Bc", "PARETO", "pareto-network", "PARETO", NULL, 1509926400, NULL);
UPDATE common_asset_details SET cryptocompare = 'TAN' WHERE identifier = 'eip155:1/erc20:0x2C36204a0712A2a50E54A62F7c4F01867e78cB53';
INSERT INTO assets(identifier, name, type) VALUES("eip155:1/erc20:0x2C36204a0712A2a50E54A62F7c4F01867e78cB53", "Taklimakan", "C"); INSERT INTO evm_tokens(identifier, token_kind, chain, address, decimals, protocol) VALUES("eip155:1/erc20:0x2C36204a0712A2a50E54A62F7c4F01867e78cB53", "A", 1, "0x2C36204a0712A2a50E54A62F7c4F01867e78cB53", 18, ""); INSERT INTO common_asset_details(identifier, symbol, coingecko, cryptocompare, forked, started, swapped_for) VALUES("eip155:1/erc20:0x2C36204a0712A2a50E54A62F7c4F01867e78cB53", "TAN", "taklimakan-network", "TAN", NULL, 1545745042, NULL);
UPDATE common_asset_details SET cryptocompare = 'CELR' WHERE identifier = 'eip155:1/erc20:0x4F9254C83EB525f9FCf346490bbb3ed28a81C667';
INSERT INTO assets(identifier, name, type) VALUES("eip155:1/erc20:0x4F9254C83EB525f9FCf346490bbb3ed28a81C667", "Celer Network", "C"); INSERT INTO evm_tokens(identifier, token_kind, chain, address, decimals, protocol) VALUES("eip155:1/erc20:0x4F9254C83EB525f9FCf346490bbb3ed28a81C667", "A", 1, "0x4F9254C83EB525f9FCf346490bbb3ed28a81C667", 18, ""); INSERT INTO common_asset_details(identifier, symbol, coingecko, cryptocompare, forked, started, swapped_for) VALUES("eip155:1/erc20:0x4F9254C83EB525f9FCf346490bbb3ed28a81C667", "CELR", "celer-network", "CELR", NULL, 1548115200, NULL);
UPDATE common_asset_details SET cryptocompare = 'UOP' WHERE identifier = 'eip155:1/erc20:0xE4AE84448DB5CFE1DaF1e6fb172b469c161CB85F';
INSERT INTO assets(identifier, name, type) VALUES("eip155:1/erc20:0xE4AE84448DB5CFE1DaF1e6fb172b469c161CB85F", "Utopia Genesis Foundation", "C"); INSERT INTO evm_tokens(identifier, token_kind, chain, address, decimals, protocol) VALUES("eip155:1/erc20:0xE4AE84448DB5CFE1DaF1e6fb172b469c161CB85F", "A", 1, "0xE4AE84448DB5CFE1DaF1e6fb172b469c161CB85F", 18, ""); INSERT INTO common_asset_details(identifier, symbol, coingecko, cryptocompare, forked, started, swapped_for) VALUES("eip155:1/erc20:0xE4AE84448DB5CFE1DaF1e6fb172b469c161CB85F", "UOP", "utopia-genesis-foundation", "UOP", NULL, 1607431737, NULL);
UPDATE common_asset_details SET cryptocompare = 'BGB' WHERE identifier = 'eip155:1/erc20:0x19de6b897Ed14A376Dda0Fe53a5420D2aC828a28';
INSERT INTO assets(identifier, name, type) VALUES("eip155:1/erc20:0x19de6b897Ed14A376Dda0Fe53a5420D2aC828a28", "BitgetToken", "C"); INSERT INTO evm_tokens(identifier, token_kind, chain, address, decimals, protocol) VALUES("eip155:1/erc20:0x19de6b897Ed14A376Dda0Fe53a5420D2aC828a28", "A", 1, "0x19de6b897Ed14A376Dda0Fe53a5420D2aC828a28", 18, ""); INSERT INTO common_asset_details(identifier, symbol, coingecko, cryptocompare, forked, started, swapped_for) VALUES("eip155:1/erc20:0x19de6b897Ed14A376Dda0Fe53a5420D2aC828a28", "BGB", "bitget-token", "BGB", NULL, 1621164984, NULL);
UPDATE common_asset_details SET cryptocompare = 'HIMEEBITS' WHERE identifier = 'eip155:1/erc20:0xBBeca80A4c99c3b1BD3C10E64595d0Fc7dC26eE0';
INSERT INTO assets(identifier, name, type) VALUES("eip155:1/erc20:0xBBeca80A4c99c3b1BD3C10E64595d0Fc7dC26eE0", "hiMEEBITS", "C"); INSERT INTO evm_tokens(identifier, token_kind, chain, address, decimals, protocol) VALUES("eip155:1/erc20:0xBBeca80A4c99c3b1BD3C10E64595d0Fc7dC26eE0", "A", 1, "0xBBeca80A4c99c3b1BD3C10E64595d0Fc7dC26eE0", 18, ""); INSERT INTO common_asset_details(identifier, symbol, coingecko, cryptocompare, forked, started, swapped_for) VALUES("eip155:1/erc20:0xBBeca80A4c99c3b1BD3C10E64595d0Fc7dC26eE0", "hiMEEBITS", "himeebits", "HIMEEBITS", NULL, 1666796111, NULL);
UPDATE common_asset_details SET cryptocompare = 'LHINU' WHERE identifier = 'eip155:1/erc20:0xCeDefE438860D2789dA6419b3a19cEcE2A41038d';
INSERT INTO assets(identifier, name, type) VALUES("eip155:1/erc20:0xCeDefE438860D2789dA6419b3a19cEcE2A41038d", "Love Hate Inu", "C"); INSERT INTO evm_tokens(identifier, token_kind, chain, address, decimals, protocol) VALUES("eip155:1/erc20:0xCeDefE438860D2789dA6419b3a19cEcE2A41038d", "A", 1, "0xCeDefE438860D2789dA6419b3a19cEcE2A41038d", 18, ""); INSERT INTO common_asset_details(identifier, symbol, coingecko, cryptocompare, forked, started, swapped_for) VALUES("eip155:1/erc20:0xCeDefE438860D2789dA6419b3a19cEcE2A41038d", "LHINU", "love-hate-inu", "LHINU", NULL, NULL, NULL);
UPDATE common_asset_details SET cryptocompare = 'MNE' WHERE identifier = 'eip155:1/erc20:0x1a95B271B0535D15fa49932Daba31BA612b52946';
INSERT INTO assets(identifier, name, type) VALUES("eip155:1/erc20:0x1a95B271B0535D15fa49932Daba31BA612b52946", "Minereum", "C"); INSERT INTO evm_tokens(identifier, token_kind, chain, address, decimals, protocol) VALUES("eip155:1/erc20:0x1a95B271B0535D15fa49932Daba31BA612b52946", "A", 1, "0x1a95B271B0535D15fa49932Daba31BA612b52946", 8, ""); INSERT INTO common_asset_details(identifier, symbol, coingecko, cryptocompare, forked, started, swapped_for) VALUES("eip155:1/erc20:0x1a95B271B0535D15fa49932Daba31BA612b52946", "MNE", "minereum", "MNE", NULL, 1492128000, NULL);
UPDATE common_asset_details SET cryptocompare = 'CHI' WHERE identifier = 'eip155:1/erc20:0x0000000000004946c0e9F43F4Dee607b0eF1fA1c';
INSERT INTO assets(identifier, name, type) VALUES("eip155:1/erc20:0x0000000000004946c0e9F43F4Dee607b0eF1fA1c", "Chi Gastoken", "C"); INSERT INTO evm_tokens(identifier, token_kind, chain, address, decimals, protocol) VALUES("eip155:1/erc20:0x0000000000004946c0e9F43F4Dee607b0eF1fA1c", "A", 1, "0x0000000000004946c0e9F43F4Dee607b0eF1fA1c", 0, ""); INSERT INTO common_asset_details(identifier, symbol, coingecko, cryptocompare, forked, started, swapped_for) VALUES("eip155:1/erc20:0x0000000000004946c0e9F43F4Dee607b0eF1fA1c", "CHI", "chi-gastoken", "CHI", NULL, 1590352004, NULL);
UPDATE common_asset_details SET cryptocompare = 'PMNT' WHERE identifier = 'eip155:1/erc20:0x81b4D08645DA11374a03749AB170836E4e539767';
INSERT INTO assets(identifier, name, type) VALUES("eip155:1/erc20:0x81b4D08645DA11374a03749AB170836E4e539767", "Paymon", "C"); INSERT INTO evm_tokens(identifier, token_kind, chain, address, decimals, protocol) VALUES("eip155:1/erc20:0x81b4D08645DA11374a03749AB170836E4e539767", "A", 1, "0x81b4D08645DA11374a03749AB170836E4e539767", 9, ""); INSERT INTO common_asset_details(identifier, symbol, coingecko, cryptocompare, forked, started, swapped_for) VALUES("eip155:1/erc20:0x81b4D08645DA11374a03749AB170836E4e539767", "PMNT", "", "PMNT", NULL, 1517501672, NULL);
UPDATE common_asset_details SET cryptocompare = 'DOR' WHERE identifier = 'eip155:1/erc20:0x906b3f8b7845840188Eab53c3f5AD348A787752f';
INSERT INTO assets(identifier, name, type) VALUES("eip155:1/erc20:0x906b3f8b7845840188Eab53c3f5AD348A787752f", "Dorado", "C"); INSERT INTO evm_tokens(identifier, token_kind, chain, address, decimals, protocol) VALUES("eip155:1/erc20:0x906b3f8b7845840188Eab53c3f5AD348A787752f", "A", 1, "0x906b3f8b7845840188Eab53c3f5AD348A787752f", 15, ""); INSERT INTO common_asset_details(identifier, symbol, coingecko, cryptocompare, forked, started, swapped_for) VALUES("eip155:1/erc20:0x906b3f8b7845840188Eab53c3f5AD348A787752f", "DOR", "", "DOR", NULL, 1517356800, NULL);
UPDATE common_asset_details SET cryptocompare = 'VEE' WHERE identifier = 'eip155:1/erc20:0x340D2bdE5Eb28c1eed91B2f790723E3B160613B7';
INSERT INTO assets(identifier, name, type) VALUES("eip155:1/erc20:0x340D2bdE5Eb28c1eed91B2f790723E3B160613B7", "BLOCKv", "C"); INSERT INTO evm_tokens(identifier, token_kind, chain, address, decimals, protocol) VALUES("eip155:1/erc20:0x340D2bdE5Eb28c1eed91B2f790723E3B160613B7", "A", 1, "0x340D2bdE5Eb28c1eed91B2f790723E3B160613B7", 18, ""); INSERT INTO common_asset_details(identifier, symbol, coingecko, cryptocompare, forked, started, swapped_for) VALUES("eip155:1/erc20:0x340D2bdE5Eb28c1eed91B2f790723E3B160613B7", "VEE", "blockv", "VEE", NULL, 1507766400, NULL);
UPDATE common_asset_details SET cryptocompare = 'SOLVE' WHERE identifier = 'eip155:1/erc20:0x446C9033E7516D820cc9a2ce2d0B7328b579406F';
INSERT INTO assets(identifier, name, type) VALUES("eip155:1/erc20:0x446C9033E7516D820cc9a2ce2d0B7328b579406F", "Solve.care", "C"); INSERT INTO evm_tokens(identifier, token_kind, chain, address, decimals, protocol) VALUES("eip155:1/erc20:0x446C9033E7516D820cc9a2ce2d0B7328b579406F", "A", 1, "0x446C9033E7516D820cc9a2ce2d0B7328b579406F", 8, ""); INSERT INTO common_asset_details(identifier, symbol, coingecko, cryptocompare, forked, started, swapped_for) VALUES("eip155:1/erc20:0x446C9033E7516D820cc9a2ce2d0B7328b579406F", "SOLVE", "solve-care", "SOLVE", NULL, 1528934400, NULL);
UPDATE common_asset_details SET cryptocompare = 'IDRT' WHERE identifier = 'eip155:1/erc20:0x998FFE1E43fAcffb941dc337dD0468d52bA5b48A';
INSERT INTO assets(identifier, name, type) VALUES("eip155:1/erc20:0x998FFE1E43fAcffb941dc337dD0468d52bA5b48A", "Rupiah Token", "C"); INSERT INTO evm_tokens(identifier, token_kind, chain, address, decimals, protocol) VALUES("eip155:1/erc20:0x998FFE1E43fAcffb941dc337dD0468d52bA5b48A", "A", 1, "0x998FFE1E43fAcffb941dc337dD0468d52bA5b48A", 18, ""); INSERT INTO common_asset_details(identifier, symbol, coingecko, cryptocompare, forked, started, swapped_for) VALUES("eip155:1/erc20:0x998FFE1E43fAcffb941dc337dD0468d52bA5b48A", "IDRT", "rupiah-token", "IDRT", NULL, 1554879530, NULL);
UPDATE common_asset_details SET cryptocompare = 'COMP' WHERE identifier = 'eip155:1/erc20:0xc00e94Cb662C3520282E6f5717214004A7f26888';
INSERT INTO assets(identifier, name, type) VALUES("eip155:1/erc20:0xc00e94Cb662C3520282E6f5717214004A7f26888", "Compound", "C"); INSERT INTO evm_tokens(identifier, token_kind, chain, address, decimals, protocol) VALUES("eip155:1/erc20:0xc00e94Cb662C3520282E6f5717214004A7f26888", "A", 1, "0xc00e94Cb662C3520282E6f5717214004A7f26888", 18, "compound"); INSERT INTO common_asset_details(identifier, symbol, coingecko, cryptocompare, forked, started, swapped_for) VALUES("eip155:1/erc20:0xc00e94Cb662C3520282E6f5717214004A7f26888", "COMP", "compound-governance-token", "COMP", NULL, 1583323735, NULL);
UPDATE common_asset_details SET cryptocompare = 'FPI' WHERE identifier = 'eip155:1/erc20:0x5Ca135cB8527d76e932f34B5145575F9d8cbE08E';
INSERT INTO assets(identifier, name, type) VALUES("eip155:1/erc20:0x5Ca135cB8527d76e932f34B5145575F9d8cbE08E", "Frax Price Index", "C"); INSERT INTO evm_tokens(identifier, token_kind, chain, address, decimals, protocol) VALUES("eip155:1/erc20:0x5Ca135cB8527d76e932f34B5145575F9d8cbE08E", "A", 1, "0x5Ca135cB8527d76e932f34B5145575F9d8cbE08E", 18, ""); INSERT INTO common_asset_details(identifier, symbol, coingecko, cryptocompare, forked, started, swapped_for) VALUES("eip155:1/erc20:0x5Ca135cB8527d76e932f34B5145575F9d8cbE08E", "FPI", "frax-price-index", "FPI", NULL, NULL, NULL);
UPDATE common_asset_details SET cryptocompare = 'TEMCO' WHERE identifier = 'eip155:1/erc20:0x2Fc246aA66F0da5bB1368F688548ecBBE9bdee5d';
INSERT INTO assets(identifier, name, type) VALUES("eip155:1/erc20:0x2Fc246aA66F0da5bB1368F688548ecBBE9bdee5d", "TEMCO", "C"); INSERT INTO evm_tokens(identifier, token_kind, chain, address, decimals, protocol) VALUES("eip155:1/erc20:0x2Fc246aA66F0da5bB1368F688548ecBBE9bdee5d", "A", 1, "0x2Fc246aA66F0da5bB1368F688548ecBBE9bdee5d", 18, ""); INSERT INTO common_asset_details(identifier, symbol, coingecko, cryptocompare, forked, started, swapped_for) VALUES("eip155:1/erc20:0x2Fc246aA66F0da5bB1368F688548ecBBE9bdee5d", "TEMCO", "temco", "TEMCO", NULL, 1549311846, NULL);
UPDATE common_asset_details SET cryptocompare = 'FOOD' WHERE identifier = 'eip155:1/erc20:0x2a093BcF0C98Ef744Bb6F69D74f2F85605324290';
INSERT INTO assets(identifier, name, type) VALUES("eip155:1/erc20:0x2a093BcF0C98Ef744Bb6F69D74f2F85605324290", "FoodCoin", "C"); INSERT INTO evm_tokens(identifier, token_kind, chain, address, decimals, protocol) VALUES("eip155:1/erc20:0x2a093BcF0C98Ef744Bb6F69D74f2F85605324290", "A", 1, "0x2a093BcF0C98Ef744Bb6F69D74f2F85605324290", 8, ""); INSERT INTO common_asset_details(identifier, symbol, coingecko, cryptocompare, forked, started, swapped_for) VALUES("eip155:1/erc20:0x2a093BcF0C98Ef744Bb6F69D74f2F85605324290", "FOOD", "foodcoin", "FOOD", NULL, 1513036800, NULL);
UPDATE common_asset_details SET cryptocompare = 'CRE' WHERE identifier = 'eip155:1/erc20:0x115eC79F1de567eC68B7AE7eDA501b406626478e';
INSERT INTO assets(identifier, name, type) VALUES("eip155:1/erc20:0x115eC79F1de567eC68B7AE7eDA501b406626478e", "Carry", "C"); INSERT INTO evm_tokens(identifier, token_kind, chain, address, decimals, protocol) VALUES("eip155:1/erc20:0x115eC79F1de567eC68B7AE7eDA501b406626478e", "A", 1, "0x115eC79F1de567eC68B7AE7eDA501b406626478e", 18, ""); INSERT INTO common_asset_details(identifier, symbol, coingecko, cryptocompare, forked, started, swapped_for) VALUES("eip155:1/erc20:0x115eC79F1de567eC68B7AE7eDA501b406626478e", "CRE", "carry", "CRE", NULL, 1529821129, NULL);
UPDATE common_asset_details SET cryptocompare = 'UBT' WHERE identifier = 'eip155:1/erc20:0x8400D94A5cb0fa0D041a3788e395285d61c9ee5e';
INSERT INTO assets(identifier, name, type) VALUES("eip155:1/erc20:0x8400D94A5cb0fa0D041a3788e395285d61c9ee5e", "Unibright", "C"); INSERT INTO evm_tokens(identifier, token_kind, chain, address, decimals, protocol) VALUES("eip155:1/erc20:0x8400D94A5cb0fa0D041a3788e395285d61c9ee5e", "A", 1, "0x8400D94A5cb0fa0D041a3788e395285d61c9ee5e", 8, ""); INSERT INTO common_asset_details(identifier, symbol, coingecko, cryptocompare, forked, started, swapped_for) VALUES("eip155:1/erc20:0x8400D94A5cb0fa0D041a3788e395285d61c9ee5e", "UBT", "unibright", "UBT", NULL, 1515695966, NULL);
UPDATE common_asset_details SET cryptocompare = 'TIG' WHERE identifier = 'eip155:1/erc20:0xEee2d00Eb7DEB8Dd6924187f5AA3496B7d06E62A';
INSERT INTO assets(identifier, name, type) VALUES("eip155:1/erc20:0xEee2d00Eb7DEB8Dd6924187f5AA3496B7d06E62A", "Tigereum", "C"); INSERT INTO evm_tokens(identifier, token_kind, chain, address, decimals, protocol) VALUES("eip155:1/erc20:0xEee2d00Eb7DEB8Dd6924187f5AA3496B7d06E62A", "A", 1, "0xEee2d00Eb7DEB8Dd6924187f5AA3496B7d06E62A", 18, ""); INSERT INTO common_asset_details(identifier, symbol, coingecko, cryptocompare, forked, started, swapped_for) VALUES("eip155:1/erc20:0xEee2d00Eb7DEB8Dd6924187f5AA3496B7d06E62A", "TIG", "tigereum", "TIG", NULL, 1491004800, NULL);
UPDATE common_asset_details SET cryptocompare = 'DCN' WHERE identifier = 'eip155:1/erc20:0x08d32b0da63e2C3bcF8019c9c5d849d7a9d791e6';
INSERT INTO assets(identifier, name, type) VALUES("eip155:1/erc20:0x08d32b0da63e2C3bcF8019c9c5d849d7a9d791e6", "Dentacoin", "C"); INSERT INTO evm_tokens(identifier, token_kind, chain, address, decimals, protocol) VALUES("eip155:1/erc20:0x08d32b0da63e2C3bcF8019c9c5d849d7a9d791e6", "A", 1, "0x08d32b0da63e2C3bcF8019c9c5d849d7a9d791e6", 0, ""); INSERT INTO common_asset_details(identifier, symbol, coingecko, cryptocompare, forked, started, swapped_for) VALUES("eip155:1/erc20:0x08d32b0da63e2C3bcF8019c9c5d849d7a9d791e6", "DCN", "dentacoin", "DCN", NULL, 1487090430, NULL);
UPDATE common_asset_details SET cryptocompare = 'BCDN' WHERE identifier = 'eip155:1/erc20:0x1e797Ce986C3CFF4472F7D38d5C4aba55DfEFE40';
INSERT INTO assets(identifier, name, type) VALUES("eip155:1/erc20:0x1e797Ce986C3CFF4472F7D38d5C4aba55DfEFE40", "BlockCDN", "C"); INSERT INTO evm_tokens(identifier, token_kind, chain, address, decimals, protocol) VALUES("eip155:1/erc20:0x1e797Ce986C3CFF4472F7D38d5C4aba55DfEFE40", "A", 1, "0x1e797Ce986C3CFF4472F7D38d5C4aba55DfEFE40", 15, ""); INSERT INTO common_asset_details(identifier, symbol, coingecko, cryptocompare, forked, started, swapped_for) VALUES("eip155:1/erc20:0x1e797Ce986C3CFF4472F7D38d5C4aba55DfEFE40", "BCDN", "blockcdn", "BCDN", NULL, 1478681266, NULL);
UPDATE common_asset_details SET cryptocompare = 'TNS' WHERE identifier = 'eip155:1/erc20:0xb0280743b44bF7db4B6bE482b2Ba7b75E5dA096C';
INSERT INTO assets(identifier, name, type) VALUES("eip155:1/erc20:0xb0280743b44bF7db4B6bE482b2Ba7b75E5dA096C", "Transcodium", "C"); INSERT INTO evm_tokens(identifier, token_kind, chain, address, decimals, protocol) VALUES("eip155:1/erc20:0xb0280743b44bF7db4B6bE482b2Ba7b75E5dA096C", "A", 1, "0xb0280743b44bF7db4B6bE482b2Ba7b75E5dA096C", 18, ""); INSERT INTO common_asset_details(identifier, symbol, coingecko, cryptocompare, forked, started, swapped_for) VALUES("eip155:1/erc20:0xb0280743b44bF7db4B6bE482b2Ba7b75E5dA096C", "TNS", "transcodium", "TNS", NULL, 1517371433, NULL);
UPDATE common_asset_details SET cryptocompare = 'EUROE' WHERE identifier = 'eip155:1/erc20:0x820802Fa8a99901F52e39acD21177b0BE6EE2974';
INSERT INTO assets(identifier, name, type) VALUES("eip155:1/erc20:0x820802Fa8a99901F52e39acD21177b0BE6EE2974", "EUROe Stablecoin", "C"); INSERT INTO evm_tokens(identifier, token_kind, chain, address, decimals, protocol) VALUES("eip155:1/erc20:0x820802Fa8a99901F52e39acD21177b0BE6EE2974", "A", 1, "0x820802Fa8a99901F52e39acD21177b0BE6EE2974", 6, ""); INSERT INTO common_asset_details(identifier, symbol, coingecko, cryptocompare, forked, started, swapped_for) VALUES("eip155:1/erc20:0x820802Fa8a99901F52e39acD21177b0BE6EE2974", "EUROe", "euroe-stablecoin", "EUROE", NULL, NULL, NULL);
UPDATE common_asset_details SET cryptocompare = 'OCEAN' WHERE identifier = 'eip155:1/erc20:0x967da4048cD07aB37855c090aAF366e4ce1b9F48';
INSERT INTO assets(identifier, name, type) VALUES("eip155:1/erc20:0x967da4048cD07aB37855c090aAF366e4ce1b9F48", "OceanToken", "C"); INSERT INTO evm_tokens(identifier, token_kind, chain, address, decimals, protocol) VALUES("eip155:1/erc20:0x967da4048cD07aB37855c090aAF366e4ce1b9F48", "A", 1, "0x967da4048cD07aB37855c090aAF366e4ce1b9F48", 18, ""); INSERT INTO common_asset_details(identifier, symbol, coingecko, cryptocompare, forked, started, swapped_for) VALUES("eip155:1/erc20:0x967da4048cD07aB37855c090aAF366e4ce1b9F48", "OCEAN", "ocean-protocol", "OCEAN", NULL, 1556037118, NULL);
UPDATE common_asset_details SET cryptocompare = 'WPEPE' WHERE identifier = 'eip155:1/erc20:0xb2fd1E0478Dbf61772996bcCE8A2F1151EEeda37';
INSERT INTO assets(identifier, name, type) VALUES("eip155:1/erc20:0xb2fd1E0478Dbf61772996bcCE8A2F1151EEeda37", "Wrapped Pepe", "C"); INSERT INTO evm_tokens(identifier, token_kind, chain, address, decimals, protocol) VALUES("eip155:1/erc20:0xb2fd1E0478Dbf61772996bcCE8A2F1151EEeda37", "A", 1, "0xb2fd1E0478Dbf61772996bcCE8A2F1151EEeda37", 18, ""); INSERT INTO common_asset_details(identifier, symbol, coingecko, cryptocompare, forked, started, swapped_for) VALUES("eip155:1/erc20:0xb2fd1E0478Dbf61772996bcCE8A2F1151EEeda37", "WPEPE", "wrapped-pepe", "WPEPE", NULL, 1688750003, NULL);
UPDATE common_asset_details SET cryptocompare = 'VIB' WHERE identifier = 'eip155:1/erc20:0x2C974B2d0BA1716E644c1FC59982a89DDD2fF724';
INSERT INTO assets(identifier, name, type) VALUES("eip155:1/erc20:0x2C974B2d0BA1716E644c1FC59982a89DDD2fF724", "Viberate", "C"); INSERT INTO evm_tokens(identifier, token_kind, chain, address, decimals, protocol) VALUES("eip155:1/erc20:0x2C974B2d0BA1716E644c1FC59982a89DDD2fF724", "A", 1, "0x2C974B2d0BA1716E644c1FC59982a89DDD2fF724", 18, ""); INSERT INTO common_asset_details(identifier, symbol, coingecko, cryptocompare, forked, started, swapped_for) VALUES("eip155:1/erc20:0x2C974B2d0BA1716E644c1FC59982a89DDD2fF724", "VIB", "viberate", "VIB", NULL, 1500336000, NULL);
UPDATE common_asset_details SET cryptocompare = 'BOBS' WHERE identifier = 'eip155:1/erc20:0xDF347911910b6c9A4286bA8E2EE5ea4a39eB2134';
INSERT INTO assets(identifier, name, type) VALUES("eip155:1/erc20:0xDF347911910b6c9A4286bA8E2EE5ea4a39eB2134", "Bob's Repair", "C"); INSERT INTO evm_tokens(identifier, token_kind, chain, address, decimals, protocol) VALUES("eip155:1/erc20:0xDF347911910b6c9A4286bA8E2EE5ea4a39eB2134", "A", 1, "0xDF347911910b6c9A4286bA8E2EE5ea4a39eB2134", 18, ""); INSERT INTO common_asset_details(identifier, symbol, coingecko, cryptocompare, forked, started, swapped_for) VALUES("eip155:1/erc20:0xDF347911910b6c9A4286bA8E2EE5ea4a39eB2134", "BOB", "bobs_repair", "BOBS", NULL, 1513296000, NULL);
UPDATE common_asset_details SET cryptocompare = 'RTB' WHERE identifier = 'eip155:1/erc20:0xEC491c1088Eae992B7A214efB0a266AD0927A72A';
INSERT INTO assets(identifier, name, type) VALUES("eip155:1/erc20:0xEC491c1088Eae992B7A214efB0a266AD0927A72A", "AB-Chain RTB", "C"); INSERT INTO evm_tokens(identifier, token_kind, chain, address, decimals, protocol) VALUES("eip155:1/erc20:0xEC491c1088Eae992B7A214efB0a266AD0927A72A", "A", 1, "0xEC491c1088Eae992B7A214efB0a266AD0927A72A", 18, ""); INSERT INTO common_asset_details(identifier, symbol, coingecko, cryptocompare, forked, started, swapped_for) VALUES("eip155:1/erc20:0xEC491c1088Eae992B7A214efB0a266AD0927A72A", "RTB", "", "RTB", NULL, 1517900505, NULL);
UPDATE common_asset_details SET cryptocompare = 'BORG' WHERE identifier = 'eip155:1/erc20:0x64d0f55Cd8C7133a9D7102b13987235F486F2224';
INSERT INTO assets(identifier, name, type) VALUES("eip155:1/erc20:0x64d0f55Cd8C7133a9D7102b13987235F486F2224", "SwissBorg Token", "C"); INSERT INTO evm_tokens(identifier, token_kind, chain, address, decimals, protocol) VALUES("eip155:1/erc20:0x64d0f55Cd8C7133a9D7102b13987235F486F2224", "A", 1, "0x64d0f55Cd8C7133a9D7102b13987235F486F2224", 18, ""); INSERT INTO common_asset_details(identifier, symbol, coingecko, cryptocompare, forked, started, swapped_for) VALUES("eip155:1/erc20:0x64d0f55Cd8C7133a9D7102b13987235F486F2224", "BORG", "swissborg", "BORG", NULL, 1692772583, NULL);
UPDATE common_asset_details SET cryptocompare = 'ETHB' WHERE identifier = 'eip155:1/erc20:0x3a26746Ddb79B1B8e4450e3F4FFE3285A307387E';
INSERT INTO assets(identifier, name, type) VALUES("eip155:1/erc20:0x3a26746Ddb79B1B8e4450e3F4FFE3285A307387E", "EtherBTC", "C"); INSERT INTO evm_tokens(identifier, token_kind, chain, address, decimals, protocol) VALUES("eip155:1/erc20:0x3a26746Ddb79B1B8e4450e3F4FFE3285A307387E", "A", 1, "0x3a26746Ddb79B1B8e4450e3F4FFE3285A307387E", 8, ""); INSERT INTO common_asset_details(identifier, symbol, coingecko, cryptocompare, forked, started, swapped_for) VALUES("eip155:1/erc20:0x3a26746Ddb79B1B8e4450e3F4FFE3285A307387E", "ETHB", "", "ETHB", NULL, 1499639401, NULL);
UPDATE common_asset_details SET cryptocompare = 'ETHX' WHERE identifier = 'eip155:1/erc20:0xA35b1B31Ce002FBF2058D22F30f95D405200A15b';
INSERT INTO assets(identifier, name, type) VALUES("eip155:1/erc20:0xA35b1B31Ce002FBF2058D22F30f95D405200A15b", "ETHx", "C"); INSERT INTO evm_tokens(identifier, token_kind, chain, address, decimals, protocol) VALUES("eip155:1/erc20:0xA35b1B31Ce002FBF2058D22F30f95D405200A15b", "A", 1, "0xA35b1B31Ce002FBF2058D22F30f95D405200A15b", 18, ""); INSERT INTO common_asset_details(identifier, symbol, coingecko, cryptocompare, forked, started, swapped_for) VALUES("eip155:1/erc20:0xA35b1B31Ce002FBF2058D22F30f95D405200A15b", "ETHx", "", "ETHX", NULL, NULL, NULL);
UPDATE common_asset_details SET cryptocompare = 'CREDO' WHERE identifier = 'eip155:1/erc20:0x4E0603e2A27A30480E5e3a4Fe548e29EF12F64bE';
INSERT INTO assets(identifier, name, type) VALUES("eip155:1/erc20:0x4E0603e2A27A30480E5e3a4Fe548e29EF12F64bE", "Credo", "C"); INSERT INTO evm_tokens(identifier, token_kind, chain, address, decimals, protocol) VALUES("eip155:1/erc20:0x4E0603e2A27A30480E5e3a4Fe548e29EF12F64bE", "A", 1, "0x4E0603e2A27A30480E5e3a4Fe548e29EF12F64bE", 18, ""); INSERT INTO common_asset_details(identifier, symbol, coingecko, cryptocompare, forked, started, swapped_for) VALUES("eip155:1/erc20:0x4E0603e2A27A30480E5e3a4Fe548e29EF12F64bE", "CREDO", "credo", "CREDO", NULL, 1496437557, NULL);
UPDATE common_asset_details SET cryptocompare = 'ODE' WHERE identifier = 'eip155:1/erc20:0xbf52F2ab39e26E0951d2a02b49B7702aBe30406a';
INSERT INTO assets(identifier, name, type) VALUES("eip155:1/erc20:0xbf52F2ab39e26E0951d2a02b49B7702aBe30406a", "ODEM", "C"); INSERT INTO evm_tokens(identifier, token_kind, chain, address, decimals, protocol) VALUES("eip155:1/erc20:0xbf52F2ab39e26E0951d2a02b49B7702aBe30406a", "A", 1, "0xbf52F2ab39e26E0951d2a02b49B7702aBe30406a", 18, ""); INSERT INTO common_asset_details(identifier, symbol, coingecko, cryptocompare, forked, started, swapped_for) VALUES("eip155:1/erc20:0xbf52F2ab39e26E0951d2a02b49B7702aBe30406a", "ODE", "odem", "ODE", NULL, 1519808432, NULL);
UPDATE common_asset_details SET cryptocompare = 'VIN' WHERE identifier = 'eip155:1/erc20:0xF3e014fE81267870624132ef3A646B8E83853a96';
INSERT INTO assets(identifier, name, type) VALUES("eip155:1/erc20:0xF3e014fE81267870624132ef3A646B8E83853a96", "VINchain", "C"); INSERT INTO evm_tokens(identifier, token_kind, chain, address, decimals, protocol) VALUES("eip155:1/erc20:0xF3e014fE81267870624132ef3A646B8E83853a96", "A", 1, "0xF3e014fE81267870624132ef3A646B8E83853a96", 18, ""); INSERT INTO common_asset_details(identifier, symbol, coingecko, cryptocompare, forked, started, swapped_for) VALUES("eip155:1/erc20:0xF3e014fE81267870624132ef3A646B8E83853a96", "VIN", "vinchain", "VIN", NULL, 1509580800, NULL);
UPDATE common_asset_details SET cryptocompare = 'EXY' WHERE identifier = 'eip155:1/erc20:0x5c743a35E903F6c584514ec617ACEe0611Cf44f3';
INSERT INTO assets(identifier, name, type) VALUES("eip155:1/erc20:0x5c743a35E903F6c584514ec617ACEe0611Cf44f3", "Experty", "C"); INSERT INTO evm_tokens(identifier, token_kind, chain, address, decimals, protocol) VALUES("eip155:1/erc20:0x5c743a35E903F6c584514ec617ACEe0611Cf44f3", "A", 1, "0x5c743a35E903F6c584514ec617ACEe0611Cf44f3", 18, ""); INSERT INTO common_asset_details(identifier, symbol, coingecko, cryptocompare, forked, started, swapped_for) VALUES("eip155:1/erc20:0x5c743a35E903F6c584514ec617ACEe0611Cf44f3", "EXY", "experty", "EXY", NULL, 1510876800, NULL);
UPDATE common_asset_details SET cryptocompare = 'GUP' WHERE identifier = 'eip155:1/erc20:0xf7B098298f7C69Fc14610bf71d5e02c60792894C';
INSERT INTO assets(identifier, name, type) VALUES("eip155:1/erc20:0xf7B098298f7C69Fc14610bf71d5e02c60792894C", "Matchpool Guppy", "C"); INSERT INTO evm_tokens(identifier, token_kind, chain, address, decimals, protocol) VALUES("eip155:1/erc20:0xf7B098298f7C69Fc14610bf71d5e02c60792894C", "A", 1, "0xf7B098298f7C69Fc14610bf71d5e02c60792894C", 3, ""); INSERT INTO common_asset_details(identifier, symbol, coingecko, cryptocompare, forked, started, swapped_for) VALUES("eip155:1/erc20:0xf7B098298f7C69Fc14610bf71d5e02c60792894C", "GUP", "matchpool", "GUP", NULL, 1484352000, NULL);
UPDATE common_asset_details SET cryptocompare = 'ZPC' WHERE identifier = 'eip155:42161/erc20:0xeE0b14e8fC86691Cf6eE42B9954985B4cF968534';
INSERT INTO assets(identifier, name, type) VALUES("eip155:42161/erc20:0xeE0b14e8fC86691Cf6eE42B9954985B4cF968534", "ZenPandaCoin", "C"); INSERT INTO evm_tokens(identifier, token_kind, chain, address, decimals, protocol) VALUES("eip155:42161/erc20:0xeE0b14e8fC86691Cf6eE42B9954985B4cF968534", "A", 42161, "0xeE0b14e8fC86691Cf6eE42B9954985B4cF968534", 18, ""); INSERT INTO common_asset_details(identifier, symbol, coingecko, cryptocompare, forked, started, swapped_for) VALUES("eip155:42161/erc20:0xeE0b14e8fC86691Cf6eE42B9954985B4cF968534", "ZPC", "", "ZPC", NULL, 1683369929, NULL);
UPDATE common_asset_details SET cryptocompare = 'DOGE20' WHERE identifier = 'eip155:1/erc20:0xF2ec4a773ef90c58d98ea734c0eBDB538519b988';
INSERT INTO assets(identifier, name, type) VALUES("eip155:1/erc20:0xF2ec4a773ef90c58d98ea734c0eBDB538519b988", "Doge 2.0", "C"); INSERT INTO evm_tokens(identifier, token_kind, chain, address, decimals, protocol) VALUES("eip155:1/erc20:0xF2ec4a773ef90c58d98ea734c0eBDB538519b988", "A", 1, "0xF2ec4a773ef90c58d98ea734c0eBDB538519b988", 9, ""); INSERT INTO common_asset_details(identifier, symbol, coingecko, cryptocompare, forked, started, swapped_for) VALUES("eip155:1/erc20:0xF2ec4a773ef90c58d98ea734c0eBDB538519b988", "DOGE2.0", "doge-2-0", "DOGE20", NULL, NULL, NULL);
UPDATE common_asset_details SET cryptocompare = 'DONS' WHERE identifier = 'eip155:56/erc20:0x95c91eEf65F50570cFC3f269961a00108Cf7BF59';
INSERT INTO assets(identifier, name, type) VALUES("eip155:56/erc20:0x95c91eEf65F50570cFC3f269961a00108Cf7BF59", "The DONS", "C"); INSERT INTO evm_tokens(identifier, token_kind, chain, address, decimals, protocol) VALUES("eip155:56/erc20:0x95c91eEf65F50570cFC3f269961a00108Cf7BF59", "A", 56, "0x95c91eEf65F50570cFC3f269961a00108Cf7BF59", 18, ""); INSERT INTO common_asset_details(identifier, symbol, coingecko, cryptocompare, forked, started, swapped_for) VALUES("eip155:56/erc20:0x95c91eEf65F50570cFC3f269961a00108Cf7BF59", "DONS", "dons", "DONS", NULL, 1683830652, NULL);
UPDATE common_asset_details SET cryptocompare = 'ENTRP' WHERE identifier = 'eip155:1/erc20:0x5BC7e5f0Ab8b2E10D2D0a3F21739FCe62459aeF3';
INSERT INTO assets(identifier, name, type) VALUES("eip155:1/erc20:0x5BC7e5f0Ab8b2E10D2D0a3F21739FCe62459aeF3", "Hut34 Entropy Token", "C"); INSERT INTO evm_tokens(identifier, token_kind, chain, address, decimals, protocol) VALUES("eip155:1/erc20:0x5BC7e5f0Ab8b2E10D2D0a3F21739FCe62459aeF3", "A", 1, "0x5BC7e5f0Ab8b2E10D2D0a3F21739FCe62459aeF3", 18, ""); INSERT INTO common_asset_details(identifier, symbol, coingecko, cryptocompare, forked, started, swapped_for) VALUES("eip155:1/erc20:0x5BC7e5f0Ab8b2E10D2D0a3F21739FCe62459aeF3", "ENTRP", "hut34-entropy", "ENTRP", NULL, 1504742400, NULL);
UPDATE common_asset_details SET cryptocompare = 'WFAI' WHERE identifier = 'eip155:1/erc20:0x8A001303158670E284950565164933372807cD48';
INSERT INTO assets(identifier, name, type) VALUES("eip155:1/erc20:0x8A001303158670E284950565164933372807cD48", "WaifuAI", "C"); INSERT INTO evm_tokens(identifier, token_kind, chain, address, decimals, protocol) VALUES("eip155:1/erc20:0x8A001303158670E284950565164933372807cD48", "A", 1, "0x8A001303158670E284950565164933372807cD48", 18, ""); INSERT INTO common_asset_details(identifier, symbol, coingecko, cryptocompare, forked, started, swapped_for) VALUES("eip155:1/erc20:0x8A001303158670E284950565164933372807cD48", "WFAI", "waifuai", "WFAI", NULL, 1685010299, NULL);
UPDATE common_asset_details SET cryptocompare = 'NETVR' WHERE identifier = 'eip155:1/erc20:0xFc0d6Cf33e38bcE7CA7D89c0E292274031b7157A';
INSERT INTO assets(identifier, name, type) VALUES("eip155:1/erc20:0xFc0d6Cf33e38bcE7CA7D89c0E292274031b7157A", "NETVRK", "C"); INSERT INTO evm_tokens(identifier, token_kind, chain, address, decimals, protocol) VALUES("eip155:1/erc20:0xFc0d6Cf33e38bcE7CA7D89c0E292274031b7157A", "A", 1, "0xFc0d6Cf33e38bcE7CA7D89c0E292274031b7157A", 18, ""); INSERT INTO common_asset_details(identifier, symbol, coingecko, cryptocompare, forked, started, swapped_for) VALUES("eip155:1/erc20:0xFc0d6Cf33e38bcE7CA7D89c0E292274031b7157A", "NTVRK", "netvrk", "NETVR", NULL, 1620949965, NULL);
UPDATE common_asset_details SET cryptocompare = 'NGL' WHERE identifier = 'eip155:1/erc20:0x12652C6d93FDB6F4f37d48A8687783C782BB0d10';
INSERT INTO assets(identifier, name, type) VALUES("eip155:1/erc20:0x12652C6d93FDB6F4f37d48A8687783C782BB0d10", "Entangle", "C"); INSERT INTO evm_tokens(identifier, token_kind, chain, address, decimals, protocol) VALUES("eip155:1/erc20:0x12652C6d93FDB6F4f37d48A8687783C782BB0d10", "A", 1, "0x12652C6d93FDB6F4f37d48A8687783C782BB0d10", 18, ""); INSERT INTO common_asset_details(identifier, symbol, coingecko, cryptocompare, forked, started, swapped_for) VALUES("eip155:1/erc20:0x12652C6d93FDB6F4f37d48A8687783C782BB0d10", "NGL", "entangle", "NGL", NULL, 1709846639, NULL);
UPDATE common_asset_details SET cryptocompare = 'PRG' WHERE identifier = 'eip155:1/erc20:0x7728dFEF5aBd468669EB7f9b48A7f70a501eD29D';
INSERT INTO assets(identifier, name, type) VALUES("eip155:1/erc20:0x7728dFEF5aBd468669EB7f9b48A7f70a501eD29D", "Paragon", "C"); INSERT INTO evm_tokens(identifier, token_kind, chain, address, decimals, protocol) VALUES("eip155:1/erc20:0x7728dFEF5aBd468669EB7f9b48A7f70a501eD29D", "A", 1, "0x7728dFEF5aBd468669EB7f9b48A7f70a501eD29D", 6, ""); INSERT INTO common_asset_details(identifier, symbol, coingecko, cryptocompare, forked, started, swapped_for) VALUES("eip155:1/erc20:0x7728dFEF5aBd468669EB7f9b48A7f70a501eD29D", "PRG", "", "PRG", NULL, 1502755200, NULL);
UPDATE common_asset_details SET cryptocompare = 'VERI' WHERE identifier = 'eip155:1/erc20:0x8f3470A7388c05eE4e7AF3d01D8C722b0FF52374';
INSERT INTO assets(identifier, name, type) VALUES("eip155:1/erc20:0x8f3470A7388c05eE4e7AF3d01D8C722b0FF52374", "Veritaseum", "C"); INSERT INTO evm_tokens(identifier, token_kind, chain, address, decimals, protocol) VALUES("eip155:1/erc20:0x8f3470A7388c05eE4e7AF3d01D8C722b0FF52374", "A", 1, "0x8f3470A7388c05eE4e7AF3d01D8C722b0FF52374", 18, ""); INSERT INTO common_asset_details(identifier, symbol, coingecko, cryptocompare, forked, started, swapped_for) VALUES("eip155:1/erc20:0x8f3470A7388c05eE4e7AF3d01D8C722b0FF52374", "VERI", "veritaseum", "VERI", NULL, 1492951503, NULL);
UPDATE common_asset_details SET cryptocompare = 'ATL' WHERE identifier = 'eip155:1/erc20:0x78B7FADA55A64dD895D8c8c35779DD8b67fA8a05';
INSERT INTO assets(identifier, name, type) VALUES("eip155:1/erc20:0x78B7FADA55A64dD895D8c8c35779DD8b67fA8a05", "ATLANT", "C"); INSERT INTO evm_tokens(identifier, token_kind, chain, address, decimals, protocol) VALUES("eip155:1/erc20:0x78B7FADA55A64dD895D8c8c35779DD8b67fA8a05", "A", 1, "0x78B7FADA55A64dD895D8c8c35779DD8b67fA8a05", 18, ""); INSERT INTO common_asset_details(identifier, symbol, coingecko, cryptocompare, forked, started, swapped_for) VALUES("eip155:1/erc20:0x78B7FADA55A64dD895D8c8c35779DD8b67fA8a05", "ATL", "atlant", "ATL", NULL, 1504299298, NULL);
UPDATE common_asset_details SET cryptocompare = 'BITUNE' WHERE identifier = 'eip155:1/erc20:0x1Fac00CceE478eCeD6A120a50Ed2Ab28EE7FE32b';
INSERT INTO assets(identifier, name, type) VALUES("eip155:1/erc20:0x1Fac00CceE478eCeD6A120a50Ed2Ab28EE7FE32b", "Bitune AI Platform Token", "C"); INSERT INTO evm_tokens(identifier, token_kind, chain, address, decimals, protocol) VALUES("eip155:1/erc20:0x1Fac00CceE478eCeD6A120a50Ed2Ab28EE7FE32b", "A", 1, "0x1Fac00CceE478eCeD6A120a50Ed2Ab28EE7FE32b", 18, ""); INSERT INTO common_asset_details(identifier, symbol, coingecko, cryptocompare, forked, started, swapped_for) VALUES("eip155:1/erc20:0x1Fac00CceE478eCeD6A120a50Ed2Ab28EE7FE32b", "TUNE", "antimatter", "BITUNE", NULL, 1703056247, NULL);
UPDATE common_asset_details SET cryptocompare = 'FUN' WHERE identifier = 'eip155:1/erc20:0x419D0d8BdD9aF5e606Ae2232ed285Aff190E711b';
INSERT INTO assets(identifier, name, type) VALUES("eip155:1/erc20:0x419D0d8BdD9aF5e606Ae2232ed285Aff190E711b", "FunFair", "C"); INSERT INTO evm_tokens(identifier, token_kind, chain, address, decimals, protocol) VALUES("eip155:1/erc20:0x419D0d8BdD9aF5e606Ae2232ed285Aff190E711b", "A", 1, "0x419D0d8BdD9aF5e606Ae2232ed285Aff190E711b", 8, ""); INSERT INTO common_asset_details(identifier, symbol, coingecko, cryptocompare, forked, started, swapped_for) VALUES("eip155:1/erc20:0x419D0d8BdD9aF5e606Ae2232ed285Aff190E711b", "FUN", "funfair", "FUN", NULL, 1485907200, NULL);
UPDATE common_asset_details SET cryptocompare = 'IG' WHERE identifier = 'eip155:1/erc20:0x8a88f04e0c905054D2F33b26BB3A46D7091A039A';
INSERT INTO assets(identifier, name, type) VALUES("eip155:1/erc20:0x8a88f04e0c905054D2F33b26BB3A46D7091A039A", "IGToken", "C"); INSERT INTO evm_tokens(identifier, token_kind, chain, address, decimals, protocol) VALUES("eip155:1/erc20:0x8a88f04e0c905054D2F33b26BB3A46D7091A039A", "A", 1, "0x8a88f04e0c905054D2F33b26BB3A46D7091A039A", 18, ""); INSERT INTO common_asset_details(identifier, symbol, coingecko, cryptocompare, forked, started, swapped_for) VALUES("eip155:1/erc20:0x8a88f04e0c905054D2F33b26BB3A46D7091A039A", "IG", "igtoken", "IG", NULL, 1532199440, NULL);
UPDATE common_asset_details SET cryptocompare = 'RLX' WHERE identifier = 'eip155:1/erc20:0x4A42d2c580f83dcE404aCad18dab26Db11a1750E';
INSERT INTO assets(identifier, name, type) VALUES("eip155:1/erc20:0x4A42d2c580f83dcE404aCad18dab26Db11a1750E", "Relex", "C"); INSERT INTO evm_tokens(identifier, token_kind, chain, address, decimals, protocol) VALUES("eip155:1/erc20:0x4A42d2c580f83dcE404aCad18dab26Db11a1750E", "A", 1, "0x4A42d2c580f83dcE404aCad18dab26Db11a1750E", 18, ""); INSERT INTO common_asset_details(identifier, symbol, coingecko, cryptocompare, forked, started, swapped_for) VALUES("eip155:1/erc20:0x4A42d2c580f83dcE404aCad18dab26Db11a1750E", "RLX", "relex", "RLX", NULL, 1500881541, NULL);
UPDATE common_asset_details SET cryptocompare = 'GEMS' WHERE identifier = 'eip155:1/erc20:0xc7BbA5b765581eFb2Cdd2679DB5Bea9eE79b201f';
INSERT INTO assets(identifier, name, type) VALUES("eip155:1/erc20:0xc7BbA5b765581eFb2Cdd2679DB5Bea9eE79b201f", "Gems", "C"); INSERT INTO evm_tokens(identifier, token_kind, chain, address, decimals, protocol) VALUES("eip155:1/erc20:0xc7BbA5b765581eFb2Cdd2679DB5Bea9eE79b201f", "A", 1, "0xc7BbA5b765581eFb2Cdd2679DB5Bea9eE79b201f", 18, ""); INSERT INTO common_asset_details(identifier, symbol, coingecko, cryptocompare, forked, started, swapped_for) VALUES("eip155:1/erc20:0xc7BbA5b765581eFb2Cdd2679DB5Bea9eE79b201f", "GEM", "gems-2", "GEMS", NULL, 1515196800, NULL);
UPDATE common_asset_details SET cryptocompare = 'UFT' WHERE identifier = 'eip155:1/erc20:0x0202Be363B8a4820f3F4DE7FaF5224fF05943AB1';
INSERT INTO assets(identifier, name, type) VALUES("eip155:1/erc20:0x0202Be363B8a4820f3F4DE7FaF5224fF05943AB1", "UniLend Finance Token", "C"); INSERT INTO evm_tokens(identifier, token_kind, chain, address, decimals, protocol) VALUES("eip155:1/erc20:0x0202Be363B8a4820f3F4DE7FaF5224fF05943AB1", "A", 1, "0x0202Be363B8a4820f3F4DE7FaF5224fF05943AB1", 18, ""); INSERT INTO common_asset_details(identifier, symbol, coingecko, cryptocompare, forked, started, swapped_for) VALUES("eip155:1/erc20:0x0202Be363B8a4820f3F4DE7FaF5224fF05943AB1", "UFT", "unlend-finance", "UFT", NULL, 1602276451, NULL);
UPDATE common_asset_details SET cryptocompare = 'RFUEL' WHERE identifier = 'eip155:1/erc20:0xaf9f549774ecEDbD0966C52f250aCc548D3F36E5';
INSERT INTO assets(identifier, name, type) VALUES("eip155:1/erc20:0xaf9f549774ecEDbD0966C52f250aCc548D3F36E5", "Rio Fuel Token ", "C"); INSERT INTO evm_tokens(identifier, token_kind, chain, address, decimals, protocol) VALUES("eip155:1/erc20:0xaf9f549774ecEDbD0966C52f250aCc548D3F36E5", "A", 1, "0xaf9f549774ecEDbD0966C52f250aCc548D3F36E5", 18, ""); INSERT INTO common_asset_details(identifier, symbol, coingecko, cryptocompare, forked, started, swapped_for) VALUES("eip155:1/erc20:0xaf9f549774ecEDbD0966C52f250aCc548D3F36E5", "RFUEL", "rio-defi", "RFUEL", NULL, 1600840045, NULL);
UPDATE common_asset_details SET cryptocompare = 'HIPUNKS' WHERE identifier = 'eip155:1/erc20:0xb1f136a74e18E4E2921feBbf25820d1Bb65B5647';
INSERT INTO assets(identifier, name, type) VALUES("eip155:1/erc20:0xb1f136a74e18E4E2921feBbf25820d1Bb65B5647", "hiPUNKS", "C"); INSERT INTO evm_tokens(identifier, token_kind, chain, address, decimals, protocol) VALUES("eip155:1/erc20:0xb1f136a74e18E4E2921feBbf25820d1Bb65B5647", "A", 1, "0xb1f136a74e18E4E2921feBbf25820d1Bb65B5647", 18, ""); INSERT INTO common_asset_details(identifier, symbol, coingecko, cryptocompare, forked, started, swapped_for) VALUES("eip155:1/erc20:0xb1f136a74e18E4E2921feBbf25820d1Bb65B5647", "hiPUNKS", "hipunks", "HIPUNKS", NULL, 1657431111, NULL);
UPDATE common_asset_details SET cryptocompare = 'NOIA' WHERE identifier = 'eip155:1/erc20:0xa8c8CfB141A3bB59FEA1E2ea6B79b5ECBCD7b6ca';
INSERT INTO assets(identifier, name, type) VALUES("eip155:1/erc20:0xa8c8CfB141A3bB59FEA1E2ea6B79b5ECBCD7b6ca", "Syntropy", "C"); INSERT INTO evm_tokens(identifier, token_kind, chain, address, decimals, protocol) VALUES("eip155:1/erc20:0xa8c8CfB141A3bB59FEA1E2ea6B79b5ECBCD7b6ca", "A", 1, "0xa8c8CfB141A3bB59FEA1E2ea6B79b5ECBCD7b6ca", 18, ""); INSERT INTO common_asset_details(identifier, symbol, coingecko, cryptocompare, forked, started, swapped_for) VALUES("eip155:1/erc20:0xa8c8CfB141A3bB59FEA1E2ea6B79b5ECBCD7b6ca", "NOIA", "noia-network", "NOIA", NULL, 1601239579, NULL);
UPDATE common_asset_details SET cryptocompare = 'GVT' WHERE identifier = 'eip155:1/erc20:0x103c3A209da59d3E7C4A89307e66521e081CFDF0';
INSERT INTO assets(identifier, name, type) VALUES("eip155:1/erc20:0x103c3A209da59d3E7C4A89307e66521e081CFDF0", "Genesis Vision", "C"); INSERT INTO evm_tokens(identifier, token_kind, chain, address, decimals, protocol) VALUES("eip155:1/erc20:0x103c3A209da59d3E7C4A89307e66521e081CFDF0", "A", 1, "0x103c3A209da59d3E7C4A89307e66521e081CFDF0", 18, ""); INSERT INTO common_asset_details(identifier, symbol, coingecko, cryptocompare, forked, started, swapped_for) VALUES("eip155:1/erc20:0x103c3A209da59d3E7C4A89307e66521e081CFDF0", "GVT", "genesis-vision", "GVT", NULL, 1504310400, NULL);
UPDATE common_asset_details SET cryptocompare = 'CHX' WHERE identifier = 'eip155:1/erc20:0x1460a58096d80a50a2F1f956DDA497611Fa4f165';
INSERT INTO assets(identifier, name, type) VALUES("eip155:1/erc20:0x1460a58096d80a50a2F1f956DDA497611Fa4f165", "Own", "C"); INSERT INTO evm_tokens(identifier, token_kind, chain, address, decimals, protocol) VALUES("eip155:1/erc20:0x1460a58096d80a50a2F1f956DDA497611Fa4f165", "A", 1, "0x1460a58096d80a50a2F1f956DDA497611Fa4f165", 18, ""); INSERT INTO common_asset_details(identifier, symbol, coingecko, cryptocompare, forked, started, swapped_for) VALUES("eip155:1/erc20:0x1460a58096d80a50a2F1f956DDA497611Fa4f165", "CHX", "chainium", "CHX", NULL, 1521967454, NULL);
UPDATE common_asset_details SET cryptocompare = 'OBI' WHERE identifier = 'eip155:1/erc20:0xBb3A8FD6Ec4bF0FDc6Cd2739b1e41192D12B1873';
INSERT INTO assets(identifier, name, type) VALUES("eip155:1/erc20:0xBb3A8FD6Ec4bF0FDc6Cd2739b1e41192D12B1873", "ORBOFI", "C"); INSERT INTO evm_tokens(identifier, token_kind, chain, address, decimals, protocol) VALUES("eip155:1/erc20:0xBb3A8FD6Ec4bF0FDc6Cd2739b1e41192D12B1873", "A", 1, "0xBb3A8FD6Ec4bF0FDc6Cd2739b1e41192D12B1873", 18, ""); INSERT INTO common_asset_details(identifier, symbol, coingecko, cryptocompare, forked, started, swapped_for) VALUES("eip155:1/erc20:0xBb3A8FD6Ec4bF0FDc6Cd2739b1e41192D12B1873", "OBI", "orbofi-ai", "OBI", NULL, 1684836239, NULL);
UPDATE common_asset_details SET cryptocompare = 'PIXEL' WHERE identifier = 'eip155:1/erc20:0x3429d03c6F7521AeC737a0BBF2E5ddcef2C3Ae31';
INSERT INTO assets(identifier, name, type) VALUES("eip155:1/erc20:0x3429d03c6F7521AeC737a0BBF2E5ddcef2C3Ae31", "PIXEL", "C"); INSERT INTO evm_tokens(identifier, token_kind, chain, address, decimals, protocol) VALUES("eip155:1/erc20:0x3429d03c6F7521AeC737a0BBF2E5ddcef2C3Ae31", "A", 1, "0x3429d03c6F7521AeC737a0BBF2E5ddcef2C3Ae31", 18, ""); INSERT INTO common_asset_details(identifier, symbol, coingecko, cryptocompare, forked, started, swapped_for) VALUES("eip155:1/erc20:0x3429d03c6F7521AeC737a0BBF2E5ddcef2C3Ae31", "PIXEL", "pixels", "PIXEL", NULL, 1704937007, NULL);
UPDATE common_asset_details SET cryptocompare = 'LGO' WHERE identifier = 'eip155:1/erc20:0x123aB195DD38B1b40510d467a6a359b201af056f';
INSERT INTO assets(identifier, name, type) VALUES("eip155:1/erc20:0x123aB195DD38B1b40510d467a6a359b201af056f", "LGO Exchange", "C"); INSERT INTO evm_tokens(identifier, token_kind, chain, address, decimals, protocol) VALUES("eip155:1/erc20:0x123aB195DD38B1b40510d467a6a359b201af056f", "A", 1, "0x123aB195DD38B1b40510d467a6a359b201af056f", 8, ""); INSERT INTO common_asset_details(identifier, symbol, coingecko, cryptocompare, forked, started, swapped_for) VALUES("eip155:1/erc20:0x123aB195DD38B1b40510d467a6a359b201af056f", "LGO", "legolas-exchange", "LGO", NULL, 1517443200, NULL);
UPDATE common_asset_details SET cryptocompare = 'ETK' WHERE identifier = 'eip155:1/erc20:0x3c4a3ffd813a107febd57B2f01BC344264D90FdE';
INSERT INTO assets(identifier, name, type) VALUES("eip155:1/erc20:0x3c4a3ffd813a107febd57B2f01BC344264D90FdE", "EnergiToken", "C"); INSERT INTO evm_tokens(identifier, token_kind, chain, address, decimals, protocol) VALUES("eip155:1/erc20:0x3c4a3ffd813a107febd57B2f01BC344264D90FdE", "A", 1, "0x3c4a3ffd813a107febd57B2f01BC344264D90FdE", 2, ""); INSERT INTO common_asset_details(identifier, symbol, coingecko, cryptocompare, forked, started, swapped_for) VALUES("eip155:1/erc20:0x3c4a3ffd813a107febd57B2f01BC344264D90FdE", "ETK", "energi-token", "ETK", NULL, 1511494487, NULL);
UPDATE common_asset_details SET cryptocompare = 'PLU' WHERE identifier = 'eip155:1/erc20:0xD8912C10681D8B21Fd3742244f44658dBA12264E';
INSERT INTO assets(identifier, name, type) VALUES("eip155:1/erc20:0xD8912C10681D8B21Fd3742244f44658dBA12264E", "Pluton", "C"); INSERT INTO evm_tokens(identifier, token_kind, chain, address, decimals, protocol) VALUES("eip155:1/erc20:0xD8912C10681D8B21Fd3742244f44658dBA12264E", "A", 1, "0xD8912C10681D8B21Fd3742244f44658dBA12264E", 18, ""); INSERT INTO common_asset_details(identifier, symbol, coingecko, cryptocompare, forked, started, swapped_for) VALUES("eip155:1/erc20:0xD8912C10681D8B21Fd3742244f44658dBA12264E", "PLU", "pluton", "PLU", NULL, 1466467200, NULL);
UPDATE common_asset_details SET cryptocompare = 'LINK' WHERE identifier = 'eip155:1/erc20:0x514910771AF9Ca656af840dff83E8264EcF986CA';
INSERT INTO assets(identifier, name, type) VALUES("eip155:1/erc20:0x514910771AF9Ca656af840dff83E8264EcF986CA", "Chainlink", "C"); INSERT INTO evm_tokens(identifier, token_kind, chain, address, decimals, protocol) VALUES("eip155:1/erc20:0x514910771AF9Ca656af840dff83E8264EcF986CA", "A", 1, "0x514910771AF9Ca656af840dff83E8264EcF986CA", 18, ""); INSERT INTO common_asset_details(identifier, symbol, coingecko, cryptocompare, forked, started, swapped_for) VALUES("eip155:1/erc20:0x514910771AF9Ca656af840dff83E8264EcF986CA", "LINK", "chainlink", "LINK", NULL, 1505520000, NULL);
UPDATE common_asset_details SET cryptocompare = 'XD' WHERE identifier = 'eip155:1/erc20:0x24DCc881E7Dd730546834452F21872D5cb4b5293';
INSERT INTO assets(identifier, name, type) VALUES("eip155:1/erc20:0x24DCc881E7Dd730546834452F21872D5cb4b5293", "Data Transaction Token", "C"); INSERT INTO evm_tokens(identifier, token_kind, chain, address, decimals, protocol) VALUES("eip155:1/erc20:0x24DCc881E7Dd730546834452F21872D5cb4b5293", "A", 1, "0x24DCc881E7Dd730546834452F21872D5cb4b5293", 18, ""); INSERT INTO common_asset_details(identifier, symbol, coingecko, cryptocompare, forked, started, swapped_for) VALUES("eip155:1/erc20:0x24DCc881E7Dd730546834452F21872D5cb4b5293", "XD", "scroll-token", "XD", NULL, 1504656000, NULL);
UPDATE common_asset_details SET cryptocompare = 'ETHERNITY' WHERE identifier = 'eip155:1/erc20:0xBBc2AE13b23d715c30720F079fcd9B4a74093505';
INSERT INTO assets(identifier, name, type) VALUES("eip155:1/erc20:0xBBc2AE13b23d715c30720F079fcd9B4a74093505", "Ethernity Chain", "C"); INSERT INTO evm_tokens(identifier, token_kind, chain, address, decimals, protocol) VALUES("eip155:1/erc20:0xBBc2AE13b23d715c30720F079fcd9B4a74093505", "A", 1, "0xBBc2AE13b23d715c30720F079fcd9B4a74093505", 18, ""); INSERT INTO common_asset_details(identifier, symbol, coingecko, cryptocompare, forked, started, swapped_for) VALUES("eip155:1/erc20:0xBBc2AE13b23d715c30720F079fcd9B4a74093505", "ERN", "ethernity-chain", "ETHERNITY", NULL, 1611899325, NULL);
UPDATE common_asset_details SET cryptocompare = 'PTOY' WHERE identifier = 'eip155:1/erc20:0x8Ae4BF2C33a8e667de34B54938B0ccD03Eb8CC06';
INSERT INTO assets(identifier, name, type) VALUES("eip155:1/erc20:0x8Ae4BF2C33a8e667de34B54938B0ccD03Eb8CC06", "Patientory", "C"); INSERT INTO evm_tokens(identifier, token_kind, chain, address, decimals, protocol) VALUES("eip155:1/erc20:0x8Ae4BF2C33a8e667de34B54938B0ccD03Eb8CC06", "A", 1, "0x8Ae4BF2C33a8e667de34B54938B0ccD03Eb8CC06", 8, ""); INSERT INTO common_asset_details(identifier, symbol, coingecko, cryptocompare, forked, started, swapped_for) VALUES("eip155:1/erc20:0x8Ae4BF2C33a8e667de34B54938B0ccD03Eb8CC06", "PTOY", "patientory", "PTOY", NULL, 1493078400, NULL);
UPDATE common_asset_details SET cryptocompare = 'ADT' WHERE identifier = 'eip155:1/erc20:0xD0D6D6C5Fe4a677D343cC433536BB717bAe167dD';
INSERT INTO assets(identifier, name, type) VALUES("eip155:1/erc20:0xD0D6D6C5Fe4a677D343cC433536BB717bAe167dD", "adToken", "C"); INSERT INTO evm_tokens(identifier, token_kind, chain, address, decimals, protocol) VALUES("eip155:1/erc20:0xD0D6D6C5Fe4a677D343cC433536BB717bAe167dD", "A", 1, "0xD0D6D6C5Fe4a677D343cC433536BB717bAe167dD", 9, ""); INSERT INTO common_asset_details(identifier, symbol, coingecko, cryptocompare, forked, started, swapped_for) VALUES("eip155:1/erc20:0xD0D6D6C5Fe4a677D343cC433536BB717bAe167dD", "ADT", "adtoken", "ADT", NULL, 1498435200, NULL);
UPDATE common_asset_details SET cryptocompare = 'USDC' WHERE identifier = 'eip155:1/erc20:0xA0b86991c6218b36c1d19D4a2e9Eb0cE3606eB48';
INSERT INTO assets(identifier, name, type) VALUES("eip155:1/erc20:0xA0b86991c6218b36c1d19D4a2e9Eb0cE3606eB48", "USD Coin", "C"); INSERT INTO evm_tokens(identifier, token_kind, chain, address, decimals, protocol) VALUES("eip155:1/erc20:0xA0b86991c6218b36c1d19D4a2e9Eb0cE3606eB48", "A", 1, "0xA0b86991c6218b36c1d19D4a2e9Eb0cE3606eB48", 6, ""); INSERT INTO common_asset_details(identifier, symbol, coingecko, cryptocompare, forked, started, swapped_for) VALUES("eip155:1/erc20:0xA0b86991c6218b36c1d19D4a2e9Eb0cE3606eB48", "USDC", "usd-coin", "USDC", NULL, 1533324504, NULL);
UPDATE common_asset_details SET cryptocompare = 'BOXX' WHERE identifier = 'eip155:1/erc20:0x780116D91E5592E58a3b3c76A351571b39abCEc6';
INSERT INTO assets(identifier, name, type) VALUES("eip155:1/erc20:0x780116D91E5592E58a3b3c76A351571b39abCEc6", "Blockparty (BOXX Token)", "C"); INSERT INTO evm_tokens(identifier, token_kind, chain, address, decimals, protocol) VALUES("eip155:1/erc20:0x780116D91E5592E58a3b3c76A351571b39abCEc6", "A", 1, "0x780116D91E5592E58a3b3c76A351571b39abCEc6", 15, ""); INSERT INTO common_asset_details(identifier, symbol, coingecko, cryptocompare, forked, started, swapped_for) VALUES("eip155:1/erc20:0x780116D91E5592E58a3b3c76A351571b39abCEc6", "BOXX", "boxx", "BOXX", NULL, 1527552000, NULL);
UPDATE common_asset_details SET cryptocompare = 'AMPL' WHERE identifier = 'eip155:1/erc20:0xD46bA6D942050d489DBd938a2C909A5d5039A161';
INSERT INTO assets(identifier, name, type) VALUES("eip155:1/erc20:0xD46bA6D942050d489DBd938a2C909A5d5039A161", "Ampleforth", "C"); INSERT INTO evm_tokens(identifier, token_kind, chain, address, decimals, protocol) VALUES("eip155:1/erc20:0xD46bA6D942050d489DBd938a2C909A5d5039A161", "A", 1, "0xD46bA6D942050d489DBd938a2C909A5d5039A161", 9, ""); INSERT INTO common_asset_details(identifier, symbol, coingecko, cryptocompare, forked, started, swapped_for) VALUES("eip155:1/erc20:0xD46bA6D942050d489DBd938a2C909A5d5039A161", "AMPL", "ampleforth", "AMPL", NULL, 1560475588, NULL);
UPDATE common_asset_details SET cryptocompare = 'ELAMA' WHERE identifier = 'eip155:1/erc20:0xFb444c1f2B718dDfC385cB8Fd9f2D1D776b24668';
INSERT INTO assets(identifier, name, type) VALUES("eip155:1/erc20:0xFb444c1f2B718dDfC385cB8Fd9f2D1D776b24668", "Elamachain", "C"); INSERT INTO evm_tokens(identifier, token_kind, chain, address, decimals, protocol) VALUES("eip155:1/erc20:0xFb444c1f2B718dDfC385cB8Fd9f2D1D776b24668", "A", 1, "0xFb444c1f2B718dDfC385cB8Fd9f2D1D776b24668", 18, ""); INSERT INTO common_asset_details(identifier, symbol, coingecko, cryptocompare, forked, started, swapped_for) VALUES("eip155:1/erc20:0xFb444c1f2B718dDfC385cB8Fd9f2D1D776b24668", "ELAMA", "elamachain", "ELAMA", NULL, 1580256000, NULL);
UPDATE common_asset_details SET cryptocompare = 'ESE' WHERE identifier = 'eip155:1/erc20:0x908dDb096BFb3AcB19e2280aAD858186ea4935C4';
INSERT INTO assets(identifier, name, type) VALUES("eip155:1/erc20:0x908dDb096BFb3AcB19e2280aAD858186ea4935C4", "eesee", "C"); INSERT INTO evm_tokens(identifier, token_kind, chain, address, decimals, protocol) VALUES("eip155:1/erc20:0x908dDb096BFb3AcB19e2280aAD858186ea4935C4", "A", 1, "0x908dDb096BFb3AcB19e2280aAD858186ea4935C4", 18, ""); INSERT INTO common_asset_details(identifier, symbol, coingecko, cryptocompare, forked, started, swapped_for) VALUES("eip155:1/erc20:0x908dDb096BFb3AcB19e2280aAD858186ea4935C4", "ESE", "eesee", "ESE", NULL, 1712168315, NULL);
UPDATE common_asset_details SET cryptocompare = 'MSTETH' WHERE identifier = 'eip155:1/erc20:0x49446A0874197839D15395B908328a74ccc96Bc0';
INSERT INTO assets(identifier, name, type) VALUES("eip155:1/erc20:0x49446A0874197839D15395B908328a74ccc96Bc0", "mstETH", "C"); INSERT INTO evm_tokens(identifier, token_kind, chain, address, decimals, protocol) VALUES("eip155:1/erc20:0x49446A0874197839D15395B908328a74ccc96Bc0", "A", 1, "0x49446A0874197839D15395B908328a74ccc96Bc0", 18, ""); INSERT INTO common_asset_details(identifier, symbol, coingecko, cryptocompare, forked, started, swapped_for) VALUES("eip155:1/erc20:0x49446A0874197839D15395B908328a74ccc96Bc0", "mstETH", "", "MSTETH", NULL, NULL, NULL);
UPDATE common_asset_details SET cryptocompare = 'EOSDAC' WHERE identifier = 'eip155:1/erc20:0x7e9e431a0B8c4D532C745B1043c7FA29a48D4fBa';
INSERT INTO assets(identifier, name, type) VALUES("eip155:1/erc20:0x7e9e431a0B8c4D532C745B1043c7FA29a48D4fBa", "eosDAC", "C"); INSERT INTO evm_tokens(identifier, token_kind, chain, address, decimals, protocol) VALUES("eip155:1/erc20:0x7e9e431a0B8c4D532C745B1043c7FA29a48D4fBa", "A", 1, "0x7e9e431a0B8c4D532C745B1043c7FA29a48D4fBa", 18, ""); INSERT INTO common_asset_details(identifier, symbol, coingecko, cryptocompare, forked, started, swapped_for) VALUES("eip155:1/erc20:0x7e9e431a0B8c4D532C745B1043c7FA29a48D4fBa", "EOSDAC", "eosdac", "EOSDAC", NULL, 1520115088, NULL);
UPDATE common_asset_details SET cryptocompare = 'INDI' WHERE identifier = 'eip155:1/erc20:0x3392D8A60B77F8d3eAa4FB58F09d835bD31ADD29';
INSERT INTO assets(identifier, name, type) VALUES("eip155:1/erc20:0x3392D8A60B77F8d3eAa4FB58F09d835bD31ADD29", "IndiGG", "C"); INSERT INTO evm_tokens(identifier, token_kind, chain, address, decimals, protocol) VALUES("eip155:1/erc20:0x3392D8A60B77F8d3eAa4FB58F09d835bD31ADD29", "A", 1, "0x3392D8A60B77F8d3eAa4FB58F09d835bD31ADD29", 18, ""); INSERT INTO common_asset_details(identifier, symbol, coingecko, cryptocompare, forked, started, swapped_for) VALUES("eip155:1/erc20:0x3392D8A60B77F8d3eAa4FB58F09d835bD31ADD29", "INDI", "indigg", "INDI", NULL, 1646301802, NULL);
UPDATE common_asset_details SET cryptocompare = 'SI' WHERE identifier = 'eip155:1/erc20:0xD23Ac27148aF6A2f339BD82D0e3CFF380b5093de';
INSERT INTO assets(identifier, name, type) VALUES("eip155:1/erc20:0xD23Ac27148aF6A2f339BD82D0e3CFF380b5093de", "SIREN", "C"); INSERT INTO evm_tokens(identifier, token_kind, chain, address, decimals, protocol) VALUES("eip155:1/erc20:0xD23Ac27148aF6A2f339BD82D0e3CFF380b5093de", "A", 1, "0xD23Ac27148aF6A2f339BD82D0e3CFF380b5093de", 18, ""); INSERT INTO common_asset_details(identifier, symbol, coingecko, cryptocompare, forked, started, swapped_for) VALUES("eip155:1/erc20:0xD23Ac27148aF6A2f339BD82D0e3CFF380b5093de", "SI", "siren", "SI", NULL, 1605327961, NULL);
UPDATE common_asset_details SET cryptocompare = 'VRA' WHERE identifier = 'eip155:1/erc20:0xF411903cbC70a74d22900a5DE66A2dda66507255';
INSERT INTO assets(identifier, name, type) VALUES("eip155:1/erc20:0xF411903cbC70a74d22900a5DE66A2dda66507255", "Verasity", "C"); INSERT INTO evm_tokens(identifier, token_kind, chain, address, decimals, protocol) VALUES("eip155:1/erc20:0xF411903cbC70a74d22900a5DE66A2dda66507255", "A", 1, "0xF411903cbC70a74d22900a5DE66A2dda66507255", 18, ""); INSERT INTO common_asset_details(identifier, symbol, coingecko, cryptocompare, forked, started, swapped_for) VALUES("eip155:1/erc20:0xF411903cbC70a74d22900a5DE66A2dda66507255", "VRA", "verasity", "VRA", NULL, 1611749669, NULL);
UPDATE common_asset_details SET cryptocompare = 'CRYSTALCLEAR' WHERE identifier = 'eip155:1/erc20:0x336F646F87D9f6bC6Ed42Dd46E8b3fD9DbD15C22';
INSERT INTO assets(identifier, name, type) VALUES("eip155:1/erc20:0x336F646F87D9f6bC6Ed42Dd46E8b3fD9DbD15C22", "Crystal Clear", "C"); INSERT INTO evm_tokens(identifier, token_kind, chain, address, decimals, protocol) VALUES("eip155:1/erc20:0x336F646F87D9f6bC6Ed42Dd46E8b3fD9DbD15C22", "A", 1, "0x336F646F87D9f6bC6Ed42Dd46E8b3fD9DbD15C22", 18, ""); INSERT INTO common_asset_details(identifier, symbol, coingecko, cryptocompare, forked, started, swapped_for) VALUES("eip155:1/erc20:0x336F646F87D9f6bC6Ed42Dd46E8b3fD9DbD15C22", "CCT", "crystal-clear", "CRYSTALCLEAR", NULL, 1501459200, NULL);
UPDATE common_asset_details SET cryptocompare = 'IFT' WHERE identifier = 'eip155:1/erc20:0x7654915A1b82D6D2D0AFc37c52Af556eA8983c7E';
INSERT INTO assets(identifier, name, type) VALUES("eip155:1/erc20:0x7654915A1b82D6D2D0AFc37c52Af556eA8983c7E", "InvestFeed", "C"); INSERT INTO evm_tokens(identifier, token_kind, chain, address, decimals, protocol) VALUES("eip155:1/erc20:0x7654915A1b82D6D2D0AFc37c52Af556eA8983c7E", "A", 1, "0x7654915A1b82D6D2D0AFc37c52Af556eA8983c7E", 18, ""); INSERT INTO common_asset_details(identifier, symbol, coingecko, cryptocompare, forked, started, swapped_for) VALUES("eip155:1/erc20:0x7654915A1b82D6D2D0AFc37c52Af556eA8983c7E", "IFT", "", "IFT", NULL, 1498608000, NULL);
UPDATE common_asset_details SET cryptocompare = 'BTBL' WHERE identifier = 'eip155:1/erc20:0x06e0feB0D74106c7adA8497754074D222Ec6BCDf';
INSERT INTO assets(identifier, name, type) VALUES("eip155:1/erc20:0x06e0feB0D74106c7adA8497754074D222Ec6BCDf", "BitBall", "C"); INSERT INTO evm_tokens(identifier, token_kind, chain, address, decimals, protocol) VALUES("eip155:1/erc20:0x06e0feB0D74106c7adA8497754074D222Ec6BCDf", "A", 1, "0x06e0feB0D74106c7adA8497754074D222Ec6BCDf", 18, "spam"); INSERT INTO common_asset_details(identifier, symbol, coingecko, cryptocompare, forked, started, swapped_for) VALUES("eip155:1/erc20:0x06e0feB0D74106c7adA8497754074D222Ec6BCDf", "BTB", "", "BTBL", NULL, NULL, NULL);
UPDATE common_asset_details SET cryptocompare = 'CV' WHERE identifier = 'eip155:1/erc20:0x50bC2Ecc0bfDf5666640048038C1ABA7B7525683';
INSERT INTO assets(identifier, name, type) VALUES("eip155:1/erc20:0x50bC2Ecc0bfDf5666640048038C1ABA7B7525683", "cVToken", "C"); INSERT INTO evm_tokens(identifier, token_kind, chain, address, decimals, protocol) VALUES("eip155:1/erc20:0x50bC2Ecc0bfDf5666640048038C1ABA7B7525683", "A", 1, "0x50bC2Ecc0bfDf5666640048038C1ABA7B7525683", 18, ""); INSERT INTO common_asset_details(identifier, symbol, coingecko, cryptocompare, forked, started, swapped_for) VALUES("eip155:1/erc20:0x50bC2Ecc0bfDf5666640048038C1ABA7B7525683", "CV", "carvertical", "CV", NULL, 1601413167, NULL);
UPDATE common_asset_details SET cryptocompare = 'Y2K' WHERE identifier = 'eip155:42161/erc20:0x65c936f008BC34fE819bce9Fa5afD9dc2d49977f';
INSERT INTO assets(identifier, name, type) VALUES("eip155:42161/erc20:0x65c936f008BC34fE819bce9Fa5afD9dc2d49977f", "Y2K", "C"); INSERT INTO evm_tokens(identifier, token_kind, chain, address, decimals, protocol) VALUES("eip155:42161/erc20:0x65c936f008BC34fE819bce9Fa5afD9dc2d49977f", "A", 42161, "0x65c936f008BC34fE819bce9Fa5afD9dc2d49977f", 18, ""); INSERT INTO common_asset_details(identifier, symbol, coingecko, cryptocompare, forked, started, swapped_for) VALUES("eip155:42161/erc20:0x65c936f008BC34fE819bce9Fa5afD9dc2d49977f", "Y2K", "y2k", "Y2K", NULL, 1666976870, NULL);
UPDATE common_asset_details SET cryptocompare = 'QSP' WHERE identifier = 'eip155:1/erc20:0x99ea4dB9EE77ACD40B119BD1dC4E33e1C070b80d';
INSERT INTO assets(identifier, name, type) VALUES("eip155:1/erc20:0x99ea4dB9EE77ACD40B119BD1dC4E33e1C070b80d", "Quantstamp", "C"); INSERT INTO evm_tokens(identifier, token_kind, chain, address, decimals, protocol) VALUES("eip155:1/erc20:0x99ea4dB9EE77ACD40B119BD1dC4E33e1C070b80d", "A", 1, "0x99ea4dB9EE77ACD40B119BD1dC4E33e1C070b80d", 18, ""); INSERT INTO common_asset_details(identifier, symbol, coingecko, cryptocompare, forked, started, swapped_for) VALUES("eip155:1/erc20:0x99ea4dB9EE77ACD40B119BD1dC4E33e1C070b80d", "QSP", "quantstamp", "QSP", NULL, 1506816000, NULL);
UPDATE common_asset_details SET cryptocompare = 'BAS' WHERE identifier = 'eip155:1/erc20:0x2A05d22DB079BC40C2f77a1d1fF703a56E631cc1';
INSERT INTO assets(identifier, name, type) VALUES("eip155:1/erc20:0x2A05d22DB079BC40C2f77a1d1fF703a56E631cc1", "BitAsean", "C"); INSERT INTO evm_tokens(identifier, token_kind, chain, address, decimals, protocol) VALUES("eip155:1/erc20:0x2A05d22DB079BC40C2f77a1d1fF703a56E631cc1", "A", 1, "0x2A05d22DB079BC40C2f77a1d1fF703a56E631cc1", 8, ""); INSERT INTO common_asset_details(identifier, symbol, coingecko, cryptocompare, forked, started, swapped_for) VALUES("eip155:1/erc20:0x2A05d22DB079BC40C2f77a1d1fF703a56E631cc1", "BAS", "bitasean", "BAS", NULL, 1496448000, NULL);
UPDATE common_asset_details SET cryptocompare = 'GOLDF' WHERE identifier = 'eip155:1/erc20:0x2653891204F463fb2a2F4f412564b19e955166aE';
INSERT INTO assets(identifier, name, type) VALUES("eip155:1/erc20:0x2653891204F463fb2a2F4f412564b19e955166aE", "Gold Fever Native Gold", "C"); INSERT INTO evm_tokens(identifier, token_kind, chain, address, decimals, protocol) VALUES("eip155:1/erc20:0x2653891204F463fb2a2F4f412564b19e955166aE", "A", 1, "0x2653891204F463fb2a2F4f412564b19e955166aE", 18, ""); INSERT INTO common_asset_details(identifier, symbol, coingecko, cryptocompare, forked, started, swapped_for) VALUES("eip155:1/erc20:0x2653891204F463fb2a2F4f412564b19e955166aE", "NGL", "gold-fever-native-gold", "GOLDF", NULL, 1636695547, NULL);
UPDATE common_asset_details SET cryptocompare = 'SIMPSON' WHERE identifier = 'eip155:1/erc20:0x44aAd22aFbB2606d7828Ca1f8f9E5af00e779AE1';
INSERT INTO assets(identifier, name, type) VALUES("eip155:1/erc20:0x44aAd22aFbB2606d7828Ca1f8f9E5af00e779AE1", "Homer", "C"); INSERT INTO evm_tokens(identifier, token_kind, chain, address, decimals, protocol) VALUES("eip155:1/erc20:0x44aAd22aFbB2606d7828Ca1f8f9E5af00e779AE1", "A", 1, "0x44aAd22aFbB2606d7828Ca1f8f9E5af00e779AE1", 9, ""); INSERT INTO common_asset_details(identifier, symbol, coingecko, cryptocompare, forked, started, swapped_for) VALUES("eip155:1/erc20:0x44aAd22aFbB2606d7828Ca1f8f9E5af00e779AE1", "Simpson", "homer", "SIMPSON", NULL, NULL, NULL);
UPDATE common_asset_details SET cryptocompare = 'PROM' WHERE identifier = 'eip155:1/erc20:0xfc82bb4ba86045Af6F327323a46E80412b91b27d';
INSERT INTO assets(identifier, name, type) VALUES("eip155:1/erc20:0xfc82bb4ba86045Af6F327323a46E80412b91b27d", "Prometeus", "C"); INSERT INTO evm_tokens(identifier, token_kind, chain, address, decimals, protocol) VALUES("eip155:1/erc20:0xfc82bb4ba86045Af6F327323a46E80412b91b27d", "A", 1, "0xfc82bb4ba86045Af6F327323a46E80412b91b27d", 18, ""); INSERT INTO common_asset_details(identifier, symbol, coingecko, cryptocompare, forked, started, swapped_for) VALUES("eip155:1/erc20:0xfc82bb4ba86045Af6F327323a46E80412b91b27d", "PROM", "prometeus", "PROM", NULL, 1558252145, NULL);
UPDATE common_asset_details SET cryptocompare = 'ROOK' WHERE identifier = 'eip155:1/erc20:0xfA5047c9c78B8877af97BDcb85Db743fD7313d4a';
INSERT INTO assets(identifier, name, type) VALUES("eip155:1/erc20:0xfA5047c9c78B8877af97BDcb85Db743fD7313d4a", "KeeperDAO", "C"); INSERT INTO evm_tokens(identifier, token_kind, chain, address, decimals, protocol) VALUES("eip155:1/erc20:0xfA5047c9c78B8877af97BDcb85Db743fD7313d4a", "A", 1, "0xfA5047c9c78B8877af97BDcb85Db743fD7313d4a", 18, ""); INSERT INTO common_asset_details(identifier, symbol, coingecko, cryptocompare, forked, started, swapped_for) VALUES("eip155:1/erc20:0xfA5047c9c78B8877af97BDcb85Db743fD7313d4a", "ROOK", "rook", "ROOK", NULL, 1604214421, NULL);
UPDATE common_asset_details SET cryptocompare = 'MEXP' WHERE identifier = 'eip155:1/erc20:0xDe201dAec04ba73166d9917Fdf08e1728E270F06';
INSERT INTO assets(identifier, name, type) VALUES("eip155:1/erc20:0xDe201dAec04ba73166d9917Fdf08e1728E270F06", "MOJI Experience Points ", "C"); INSERT INTO evm_tokens(identifier, token_kind, chain, address, decimals, protocol) VALUES("eip155:1/erc20:0xDe201dAec04ba73166d9917Fdf08e1728E270F06", "A", 1, "0xDe201dAec04ba73166d9917Fdf08e1728E270F06", 18, ""); INSERT INTO common_asset_details(identifier, symbol, coingecko, cryptocompare, forked, started, swapped_for) VALUES("eip155:1/erc20:0xDe201dAec04ba73166d9917Fdf08e1728E270F06", "MEXP", "moji-experience-points", "MEXP", NULL, 1586610745, NULL);
UPDATE common_asset_details SET cryptocompare = 'PUMLX' WHERE identifier = 'eip155:1/erc20:0x8c088775e4139af116Ac1FA6f281Bbf71E8c1c73';
INSERT INTO assets(identifier, name, type) VALUES("eip155:1/erc20:0x8c088775e4139af116Ac1FA6f281Bbf71E8c1c73", "PUMLx", "C"); INSERT INTO evm_tokens(identifier, token_kind, chain, address, decimals, protocol) VALUES("eip155:1/erc20:0x8c088775e4139af116Ac1FA6f281Bbf71E8c1c73", "A", 1, "0x8c088775e4139af116Ac1FA6f281Bbf71E8c1c73", 18, ""); INSERT INTO common_asset_details(identifier, symbol, coingecko, cryptocompare, forked, started, swapped_for) VALUES("eip155:1/erc20:0x8c088775e4139af116Ac1FA6f281Bbf71E8c1c73", "PUMLx", "pumlx", "PUMLX", NULL, 1661931874, NULL);
UPDATE common_asset_details SET cryptocompare = 'OST' WHERE identifier = 'eip155:1/erc20:0x2C4e8f2D746113d0696cE89B35F0d8bF88E0AEcA';
INSERT INTO assets(identifier, name, type) VALUES("eip155:1/erc20:0x2C4e8f2D746113d0696cE89B35F0d8bF88E0AEcA", "OST", "C"); INSERT INTO evm_tokens(identifier, token_kind, chain, address, decimals, protocol) VALUES("eip155:1/erc20:0x2C4e8f2D746113d0696cE89B35F0d8bF88E0AEcA", "A", 1, "0x2C4e8f2D746113d0696cE89B35F0d8bF88E0AEcA", 18, ""); INSERT INTO common_asset_details(identifier, symbol, coingecko, cryptocompare, forked, started, swapped_for) VALUES("eip155:1/erc20:0x2C4e8f2D746113d0696cE89B35F0d8bF88E0AEcA", "OST", "simple-token", "OST", NULL, 1507852800, NULL);
UPDATE common_asset_details SET cryptocompare = 'PRIMAL' WHERE identifier = 'eip155:56/erc20:0xCb5327Ed4649548e0d73E70b633cdfd99aF6Da87';
INSERT INTO assets(identifier, name, type) VALUES("eip155:56/erc20:0xCb5327Ed4649548e0d73E70b633cdfd99aF6Da87", "PRIMAL Token", "C"); INSERT INTO evm_tokens(identifier, token_kind, chain, address, decimals, protocol) VALUES("eip155:56/erc20:0xCb5327Ed4649548e0d73E70b633cdfd99aF6Da87", "A", 56, "0xCb5327Ed4649548e0d73E70b633cdfd99aF6Da87", 18, ""); INSERT INTO common_asset_details(identifier, symbol, coingecko, cryptocompare, forked, started, swapped_for) VALUES("eip155:56/erc20:0xCb5327Ed4649548e0d73E70b633cdfd99aF6Da87", "PRIMAL", "primal-b3099cd0-995a-4311-80d5-9c133153b38e", "PRIMAL", NULL, 1669871541, NULL);
UPDATE common_asset_details SET cryptocompare = 'BTSE' WHERE identifier = 'eip155:1/erc20:0x666d875C600AA06AC1cf15641361dEC3b00432Ef';
INSERT INTO assets(identifier, name, type) VALUES("eip155:1/erc20:0x666d875C600AA06AC1cf15641361dEC3b00432Ef", "BTSE Token", "C"); INSERT INTO evm_tokens(identifier, token_kind, chain, address, decimals, protocol) VALUES("eip155:1/erc20:0x666d875C600AA06AC1cf15641361dEC3b00432Ef", "A", 1, "0x666d875C600AA06AC1cf15641361dEC3b00432Ef", 8, ""); INSERT INTO common_asset_details(identifier, symbol, coingecko, cryptocompare, forked, started, swapped_for) VALUES("eip155:1/erc20:0x666d875C600AA06AC1cf15641361dEC3b00432Ef", "BTSE", "btse-token", "BTSE", NULL, 1599041294, NULL);
UPDATE common_asset_details SET cryptocompare = 'METM' WHERE identifier = 'eip155:1/erc20:0xFEF3884b603C33EF8eD4183346E093A173C94da6';
INSERT INTO assets(identifier, name, type) VALUES("eip155:1/erc20:0xFEF3884b603C33EF8eD4183346E093A173C94da6", "MetaMorph", "C"); INSERT INTO evm_tokens(identifier, token_kind, chain, address, decimals, protocol) VALUES("eip155:1/erc20:0xFEF3884b603C33EF8eD4183346E093A173C94da6", "A", 1, "0xFEF3884b603C33EF8eD4183346E093A173C94da6", 18, ""); INSERT INTO common_asset_details(identifier, symbol, coingecko, cryptocompare, forked, started, swapped_for) VALUES("eip155:1/erc20:0xFEF3884b603C33EF8eD4183346E093A173C94da6", "METM", "metamorph", "METM", NULL, 1523786444, NULL);
UPDATE common_asset_details SET cryptocompare = 'HEGIC' WHERE identifier = 'eip155:1/erc20:0x584bC13c7D411c00c01A62e8019472dE68768430';
INSERT INTO assets(identifier, name, type) VALUES("eip155:1/erc20:0x584bC13c7D411c00c01A62e8019472dE68768430", "Hegic", "C"); INSERT INTO evm_tokens(identifier, token_kind, chain, address, decimals, protocol) VALUES("eip155:1/erc20:0x584bC13c7D411c00c01A62e8019472dE68768430", "A", 1, "0x584bC13c7D411c00c01A62e8019472dE68768430", 18, ""); INSERT INTO common_asset_details(identifier, symbol, coingecko, cryptocompare, forked, started, swapped_for) VALUES("eip155:1/erc20:0x584bC13c7D411c00c01A62e8019472dE68768430", "HEGIC", "hegic", "HEGIC", NULL, 1596888964, NULL);
UPDATE common_asset_details SET cryptocompare = 'HEX' WHERE identifier = 'eip155:1/erc20:0x2b591e99afE9f32eAA6214f7B7629768c40Eeb39';
INSERT INTO assets(identifier, name, type) VALUES("eip155:1/erc20:0x2b591e99afE9f32eAA6214f7B7629768c40Eeb39", "HEX", "C"); INSERT INTO evm_tokens(identifier, token_kind, chain, address, decimals, protocol) VALUES("eip155:1/erc20:0x2b591e99afE9f32eAA6214f7B7629768c40Eeb39", "A", 1, "0x2b591e99afE9f32eAA6214f7B7629768c40Eeb39", 8, ""); INSERT INTO common_asset_details(identifier, symbol, coingecko, cryptocompare, forked, started, swapped_for) VALUES("eip155:1/erc20:0x2b591e99afE9f32eAA6214f7B7629768c40Eeb39", "HEX", "hex", "HEX", NULL, 1575331200, NULL);
UPDATE common_asset_details SET cryptocompare = 'EMT' WHERE identifier = 'eip155:1/erc20:0x9501BFc48897DCEEadf73113EF635d2fF7ee4B97';
INSERT INTO assets(identifier, name, type) VALUES("eip155:1/erc20:0x9501BFc48897DCEEadf73113EF635d2fF7ee4B97", "EasyMine", "C"); INSERT INTO evm_tokens(identifier, token_kind, chain, address, decimals, protocol) VALUES("eip155:1/erc20:0x9501BFc48897DCEEadf73113EF635d2fF7ee4B97", "A", 1, "0x9501BFc48897DCEEadf73113EF635d2fF7ee4B97", 18, ""); INSERT INTO common_asset_details(identifier, symbol, coingecko, cryptocompare, forked, started, swapped_for) VALUES("eip155:1/erc20:0x9501BFc48897DCEEadf73113EF635d2fF7ee4B97", "EMT", "easymine", "EMT", NULL, 1503574082, NULL);
UPDATE common_asset_details SET cryptocompare = 'TNB' WHERE identifier = 'eip155:1/erc20:0xF7920B0768Ecb20A123fAc32311d07D193381d6f';
INSERT INTO assets(identifier, name, type) VALUES("eip155:1/erc20:0xF7920B0768Ecb20A123fAc32311d07D193381d6f", "Time New Bank", "C"); INSERT INTO evm_tokens(identifier, token_kind, chain, address, decimals, protocol) VALUES("eip155:1/erc20:0xF7920B0768Ecb20A123fAc32311d07D193381d6f", "A", 1, "0xF7920B0768Ecb20A123fAc32311d07D193381d6f", 18, ""); INSERT INTO common_asset_details(identifier, symbol, coingecko, cryptocompare, forked, started, swapped_for) VALUES("eip155:1/erc20:0xF7920B0768Ecb20A123fAc32311d07D193381d6f", "TNB", "time-new-bank", "TNB", NULL, 1475280000, NULL);
UPDATE common_asset_details SET cryptocompare = 'CRGO' WHERE identifier = 'eip155:1/erc20:0xf49CDD50aD408d387d611F88A647179C3de3492b';
INSERT INTO assets(identifier, name, type) VALUES("eip155:1/erc20:0xf49CDD50aD408d387d611F88A647179C3de3492b", "CargoCoin", "C"); INSERT INTO evm_tokens(identifier, token_kind, chain, address, decimals, protocol) VALUES("eip155:1/erc20:0xf49CDD50aD408d387d611F88A647179C3de3492b", "A", 1, "0xf49CDD50aD408d387d611F88A647179C3de3492b", 18, ""); INSERT INTO common_asset_details(identifier, symbol, coingecko, cryptocompare, forked, started, swapped_for) VALUES("eip155:1/erc20:0xf49CDD50aD408d387d611F88A647179C3de3492b", "CRGO", "", "CRGO", NULL, 1525118732, NULL);
UPDATE common_asset_details SET cryptocompare = 'LMWR' WHERE identifier = 'eip155:1/erc20:0x628A3b2E302C7e896AcC432D2d0dD22B6cb9bc88';
INSERT INTO assets(identifier, name, type) VALUES("eip155:1/erc20:0x628A3b2E302C7e896AcC432D2d0dD22B6cb9bc88", "LimeWire Token", "C"); INSERT INTO evm_tokens(identifier, token_kind, chain, address, decimals, protocol) VALUES("eip155:1/erc20:0x628A3b2E302C7e896AcC432D2d0dD22B6cb9bc88", "A", 1, "0x628A3b2E302C7e896AcC432D2d0dD22B6cb9bc88", 18, ""); INSERT INTO common_asset_details(identifier, symbol, coingecko, cryptocompare, forked, started, swapped_for) VALUES("eip155:1/erc20:0x628A3b2E302C7e896AcC432D2d0dD22B6cb9bc88", "LMWR", "limewire-token", "LMWR", NULL, 1679683391, NULL);
UPDATE common_asset_details SET cryptocompare = 'WABI' WHERE identifier = 'eip155:1/erc20:0x286BDA1413a2Df81731D4930ce2F862a35A609fE';
INSERT INTO assets(identifier, name, type) VALUES("eip155:1/erc20:0x286BDA1413a2Df81731D4930ce2F862a35A609fE", "Tael", "C"); INSERT INTO evm_tokens(identifier, token_kind, chain, address, decimals, protocol) VALUES("eip155:1/erc20:0x286BDA1413a2Df81731D4930ce2F862a35A609fE", "A", 1, "0x286BDA1413a2Df81731D4930ce2F862a35A609fE", 18, ""); INSERT INTO common_asset_details(identifier, symbol, coingecko, cryptocompare, forked, started, swapped_for) VALUES("eip155:1/erc20:0x286BDA1413a2Df81731D4930ce2F862a35A609fE", "WABI", "wabi", "WABI", NULL, 1500595200, NULL);
UPDATE common_asset_details SET cryptocompare = 'SENT' WHERE identifier = 'eip155:1/erc20:0xa44E5137293E855B1b7bC7E2C6f8cD796fFCB037';
INSERT INTO assets(identifier, name, type) VALUES("eip155:1/erc20:0xa44E5137293E855B1b7bC7E2C6f8cD796fFCB037", "Sentinel", "C"); INSERT INTO evm_tokens(identifier, token_kind, chain, address, decimals, protocol) VALUES("eip155:1/erc20:0xa44E5137293E855B1b7bC7E2C6f8cD796fFCB037", "A", 1, "0xa44E5137293E855B1b7bC7E2C6f8cD796fFCB037", 8, ""); INSERT INTO common_asset_details(identifier, symbol, coingecko, cryptocompare, forked, started, swapped_for) VALUES("eip155:1/erc20:0xa44E5137293E855B1b7bC7E2C6f8cD796fFCB037", "SENT", "sentinel-group", "SENT", NULL, 1506988800, NULL);
UPDATE common_asset_details SET cryptocompare = 'REN' WHERE identifier = 'eip155:1/erc20:0x408e41876cCCDC0F92210600ef50372656052a38';
INSERT INTO assets(identifier, name, type) VALUES("eip155:1/erc20:0x408e41876cCCDC0F92210600ef50372656052a38", "Republic", "C"); INSERT INTO evm_tokens(identifier, token_kind, chain, address, decimals, protocol) VALUES("eip155:1/erc20:0x408e41876cCCDC0F92210600ef50372656052a38", "A", 1, "0x408e41876cCCDC0F92210600ef50372656052a38", 18, ""); INSERT INTO common_asset_details(identifier, symbol, coingecko, cryptocompare, forked, started, swapped_for) VALUES("eip155:1/erc20:0x408e41876cCCDC0F92210600ef50372656052a38", "REN", "republic-protocol", "REN", NULL, 1514678400, NULL);
UPDATE common_asset_details SET cryptocompare = 'DTH' WHERE identifier = 'eip155:1/erc20:0x5adc961D6AC3f7062D2eA45FEFB8D8167d44b190';
INSERT INTO assets(identifier, name, type) VALUES("eip155:1/erc20:0x5adc961D6AC3f7062D2eA45FEFB8D8167d44b190", "Dether", "C"); INSERT INTO evm_tokens(identifier, token_kind, chain, address, decimals, protocol) VALUES("eip155:1/erc20:0x5adc961D6AC3f7062D2eA45FEFB8D8167d44b190", "A", 1, "0x5adc961D6AC3f7062D2eA45FEFB8D8167d44b190", 18, ""); INSERT INTO common_asset_details(identifier, symbol, coingecko, cryptocompare, forked, started, swapped_for) VALUES("eip155:1/erc20:0x5adc961D6AC3f7062D2eA45FEFB8D8167d44b190", "DTH", "dether", "DTH", NULL, 1500854400, NULL);
UPDATE common_asset_details SET cryptocompare = 'YUP' WHERE identifier = 'eip155:1/erc20:0xD9A12Cde03a86E800496469858De8581D3A5353d';
INSERT INTO assets(identifier, name, type) VALUES("eip155:1/erc20:0xD9A12Cde03a86E800496469858De8581D3A5353d", "Crowdholding", "C"); INSERT INTO evm_tokens(identifier, token_kind, chain, address, decimals, protocol) VALUES("eip155:1/erc20:0xD9A12Cde03a86E800496469858De8581D3A5353d", "A", 1, "0xD9A12Cde03a86E800496469858De8581D3A5353d", 18, ""); INSERT INTO common_asset_details(identifier, symbol, coingecko, cryptocompare, forked, started, swapped_for) VALUES("eip155:1/erc20:0xD9A12Cde03a86E800496469858De8581D3A5353d", "YUP", "crowdholding", "YUP", NULL, 1520444035, NULL);
UPDATE common_asset_details SET cryptocompare = 'JNT' WHERE identifier = 'eip155:1/erc20:0xa5Fd1A791C4dfcaacC963D4F73c6Ae5824149eA7';
INSERT INTO assets(identifier, name, type) VALUES("eip155:1/erc20:0xa5Fd1A791C4dfcaacC963D4F73c6Ae5824149eA7", "Jibrel Network", "C"); INSERT INTO evm_tokens(identifier, token_kind, chain, address, decimals, protocol) VALUES("eip155:1/erc20:0xa5Fd1A791C4dfcaacC963D4F73c6Ae5824149eA7", "A", 1, "0xa5Fd1A791C4dfcaacC963D4F73c6Ae5824149eA7", 18, ""); INSERT INTO common_asset_details(identifier, symbol, coingecko, cryptocompare, forked, started, swapped_for) VALUES("eip155:1/erc20:0xa5Fd1A791C4dfcaacC963D4F73c6Ae5824149eA7", "JNT", "jibrel", "JNT", NULL, 1511740800, "eip155:1/erc20:0x0AeE8703D34DD9aE107386d3eFF22AE75Dd616D1");
UPDATE common_asset_details SET cryptocompare = 'SNTVT' WHERE identifier = 'eip155:1/erc20:0x7865af71cf0b288b4E7F654f4F7851EB46a2B7F8';
INSERT INTO assets(identifier, name, type) VALUES("eip155:1/erc20:0x7865af71cf0b288b4E7F654f4F7851EB46a2B7F8", "Sentivate", "C"); INSERT INTO evm_tokens(identifier, token_kind, chain, address, decimals, protocol) VALUES("eip155:1/erc20:0x7865af71cf0b288b4E7F654f4F7851EB46a2B7F8", "A", 1, "0x7865af71cf0b288b4E7F654f4F7851EB46a2B7F8", 18, ""); INSERT INTO common_asset_details(identifier, symbol, coingecko, cryptocompare, forked, started, swapped_for) VALUES("eip155:1/erc20:0x7865af71cf0b288b4E7F654f4F7851EB46a2B7F8", "SNTVT", "sentivate", "SNTVT", NULL, 1531539498, NULL);
UPDATE common_asset_details SET cryptocompare = 'CGPT' WHERE identifier = 'eip155:56/erc20:0x9840652DC04fb9db2C43853633f0F62BE6f00f98';
INSERT INTO assets(identifier, name, type) VALUES("eip155:56/erc20:0x9840652DC04fb9db2C43853633f0F62BE6f00f98", "ChainGPT", "C"); INSERT INTO evm_tokens(identifier, token_kind, chain, address, decimals, protocol) VALUES("eip155:56/erc20:0x9840652DC04fb9db2C43853633f0F62BE6f00f98", "A", 56, "0x9840652DC04fb9db2C43853633f0F62BE6f00f98", 18, ""); INSERT INTO common_asset_details(identifier, symbol, coingecko, cryptocompare, forked, started, swapped_for) VALUES("eip155:56/erc20:0x9840652DC04fb9db2C43853633f0F62BE6f00f98", "CGPT", "chaingpt", "CGPT", NULL, 1680202293, NULL);
UPDATE common_asset_details SET cryptocompare = 'BALD' WHERE identifier = 'eip155:8453/erc20:0x27D2DECb4bFC9C76F0309b8E88dec3a601Fe25a8';
INSERT INTO assets(identifier, name, type) VALUES("eip155:8453/erc20:0x27D2DECb4bFC9C76F0309b8E88dec3a601Fe25a8", "Bald", "C"); INSERT INTO evm_tokens(identifier, token_kind, chain, address, decimals, protocol) VALUES("eip155:8453/erc20:0x27D2DECb4bFC9C76F0309b8E88dec3a601Fe25a8", "A", 8453, "0x27D2DECb4bFC9C76F0309b8E88dec3a601Fe25a8", 18, ""); INSERT INTO common_asset_details(identifier, symbol, coingecko, cryptocompare, forked, started, swapped_for) VALUES("eip155:8453/erc20:0x27D2DECb4bFC9C76F0309b8E88dec3a601Fe25a8", "BALD", "", "BALD", NULL, 1690656235, NULL);
UPDATE common_asset_details SET cryptocompare = 'ZRX' WHERE identifier = 'eip155:1/erc20:0xE41d2489571d322189246DaFA5ebDe1F4699F498';
INSERT INTO assets(identifier, name, type) VALUES("eip155:1/erc20:0xE41d2489571d322189246DaFA5ebDe1F4699F498", "0x", "C"); INSERT INTO evm_tokens(identifier, token_kind, chain, address, decimals, protocol) VALUES("eip155:1/erc20:0xE41d2489571d322189246DaFA5ebDe1F4699F498", "A", 1, "0xE41d2489571d322189246DaFA5ebDe1F4699F498", 18, ""); INSERT INTO common_asset_details(identifier, symbol, coingecko, cryptocompare, forked, started, swapped_for) VALUES("eip155:1/erc20:0xE41d2489571d322189246DaFA5ebDe1F4699F498", "ZRX", "0x", "ZRX", NULL, 1502476756, NULL);
UPDATE common_asset_details SET cryptocompare = 'YFII' WHERE identifier = 'eip155:1/erc20:0xa1d0E215a23d7030842FC67cE582a6aFa3CCaB83';
INSERT INTO assets(identifier, name, type) VALUES("eip155:1/erc20:0xa1d0E215a23d7030842FC67cE582a6aFa3CCaB83", "YFII.finance", "C"); INSERT INTO evm_tokens(identifier, token_kind, chain, address, decimals, protocol) VALUES("eip155:1/erc20:0xa1d0E215a23d7030842FC67cE582a6aFa3CCaB83", "A", 1, "0xa1d0E215a23d7030842FC67cE582a6aFa3CCaB83", 18, ""); INSERT INTO common_asset_details(identifier, symbol, coingecko, cryptocompare, forked, started, swapped_for) VALUES("eip155:1/erc20:0xa1d0E215a23d7030842FC67cE582a6aFa3CCaB83", "YFII", "yfii-finance", "YFII", NULL, 1595768700, NULL);
UPDATE common_asset_details SET cryptocompare = 'CND' WHERE identifier = 'eip155:1/erc20:0xd4c435F5B09F855C3317c8524Cb1F586E42795fa';
INSERT INTO assets(identifier, name, type) VALUES("eip155:1/erc20:0xd4c435F5B09F855C3317c8524Cb1F586E42795fa", "Cindicator", "C"); INSERT INTO evm_tokens(identifier, token_kind, chain, address, decimals, protocol) VALUES("eip155:1/erc20:0xd4c435F5B09F855C3317c8524Cb1F586E42795fa", "A", 1, "0xd4c435F5B09F855C3317c8524Cb1F586E42795fa", 18, ""); INSERT INTO common_asset_details(identifier, symbol, coingecko, cryptocompare, forked, started, swapped_for) VALUES("eip155:1/erc20:0xd4c435F5B09F855C3317c8524Cb1F586E42795fa", "CND", "cindicator", "CND", NULL, 1504828800, NULL);
UPDATE common_asset_details SET cryptocompare = 'GRG' WHERE identifier = 'eip155:1/erc20:0x4FbB350052Bca5417566f188eB2EBCE5b19BC964';
INSERT INTO assets(identifier, name, type) VALUES("eip155:1/erc20:0x4FbB350052Bca5417566f188eB2EBCE5b19BC964", "Rigo Token", "C"); INSERT INTO evm_tokens(identifier, token_kind, chain, address, decimals, protocol) VALUES("eip155:1/erc20:0x4FbB350052Bca5417566f188eB2EBCE5b19BC964", "A", 1, "0x4FbB350052Bca5417566f188eB2EBCE5b19BC964", 18, ""); INSERT INTO common_asset_details(identifier, symbol, coingecko, cryptocompare, forked, started, swapped_for) VALUES("eip155:1/erc20:0x4FbB350052Bca5417566f188eB2EBCE5b19BC964", "GRG", "rigoblock", "GRG", NULL, 1541876282, NULL);
UPDATE common_asset_details SET cryptocompare = 'YFI' WHERE identifier = 'eip155:1/erc20:0x0bc529c00C6401aEF6D220BE8C6Ea1667F6Ad93e';
INSERT INTO assets(identifier, name, type) VALUES("eip155:1/erc20:0x0bc529c00C6401aEF6D220BE8C6Ea1667F6Ad93e", "yearn.finance", "C"); INSERT INTO evm_tokens(identifier, token_kind, chain, address, decimals, protocol) VALUES("eip155:1/erc20:0x0bc529c00C6401aEF6D220BE8C6Ea1667F6Ad93e", "A", 1, "0x0bc529c00C6401aEF6D220BE8C6Ea1667F6Ad93e", 18, ""); INSERT INTO common_asset_details(identifier, symbol, coingecko, cryptocompare, forked, started, swapped_for) VALUES("eip155:1/erc20:0x0bc529c00C6401aEF6D220BE8C6Ea1667F6Ad93e", "YFI", "yearn-finance", "YFI", NULL, 1594972885, NULL);
UPDATE common_asset_details SET cryptocompare = 'OVN' WHERE identifier = 'eip155:10/erc20:0x3b08fcd15280e7B5A6e404c4abb87F7C774D1B2e';
INSERT INTO assets(identifier, name, type) VALUES("eip155:10/erc20:0x3b08fcd15280e7B5A6e404c4abb87F7C774D1B2e", "OVN", "C"); INSERT INTO evm_tokens(identifier, token_kind, chain, address, decimals, protocol) VALUES("eip155:10/erc20:0x3b08fcd15280e7B5A6e404c4abb87F7C774D1B2e", "A", 10, "0x3b08fcd15280e7B5A6e404c4abb87F7C774D1B2e", 18, ""); INSERT INTO common_asset_details(identifier, symbol, coingecko, cryptocompare, forked, started, swapped_for) VALUES("eip155:10/erc20:0x3b08fcd15280e7B5A6e404c4abb87F7C774D1B2e", "OVN", "", "OVN", NULL, 1716199501, NULL);
UPDATE common_asset_details SET cryptocompare = 'SOLX' WHERE identifier = 'eip155:137/erc20:0x6D295DA283c4C0658EAfe608e4145e8a86777B88';
INSERT INTO assets(identifier, name, type) VALUES("eip155:137/erc20:0x6D295DA283c4C0658EAfe608e4145e8a86777B88", "SolarX", "C"); INSERT INTO evm_tokens(identifier, token_kind, chain, address, decimals, protocol) VALUES("eip155:137/erc20:0x6D295DA283c4C0658EAfe608e4145e8a86777B88", "A", 137, "0x6D295DA283c4C0658EAfe608e4145e8a86777B88", 18, ""); INSERT INTO common_asset_details(identifier, symbol, coingecko, cryptocompare, forked, started, swapped_for) VALUES("eip155:137/erc20:0x6D295DA283c4C0658EAfe608e4145e8a86777B88", "SOLX", "", "SOLX", NULL, NULL, NULL);
UPDATE common_asset_details SET cryptocompare = 'ORBR' WHERE identifier = 'eip155:1/erc20:0xdA30f261a962d5AAe94C9ecd170544600d193766';
INSERT INTO assets(identifier, name, type) VALUES("eip155:1/erc20:0xdA30f261a962d5AAe94C9ecd170544600d193766", "Orbler", "C"); INSERT INTO evm_tokens(identifier, token_kind, chain, address, decimals, protocol) VALUES("eip155:1/erc20:0xdA30f261a962d5AAe94C9ecd170544600d193766", "A", 1, "0xdA30f261a962d5AAe94C9ecd170544600d193766", 18, ""); INSERT INTO common_asset_details(identifier, symbol, coingecko, cryptocompare, forked, started, swapped_for) VALUES("eip155:1/erc20:0xdA30f261a962d5AAe94C9ecd170544600d193766", "ORBR", "orbler", "ORBR", NULL, 1644233545, NULL);
UPDATE common_asset_details SET cryptocompare = 'ZCN' WHERE identifier = 'eip155:1/erc20:0xb9EF770B6A5e12E45983C5D80545258aA38F3B78';
INSERT INTO assets(identifier, name, type) VALUES("eip155:1/erc20:0xb9EF770B6A5e12E45983C5D80545258aA38F3B78", "0Chain", "C"); INSERT INTO evm_tokens(identifier, token_kind, chain, address, decimals, protocol) VALUES("eip155:1/erc20:0xb9EF770B6A5e12E45983C5D80545258aA38F3B78", "A", 1, "0xb9EF770B6A5e12E45983C5D80545258aA38F3B78", 10, ""); INSERT INTO common_asset_details(identifier, symbol, coingecko, cryptocompare, forked, started, swapped_for) VALUES("eip155:1/erc20:0xb9EF770B6A5e12E45983C5D80545258aA38F3B78", "ZCN", "0chain", "ZCN", NULL, 1527724800, NULL);
UPDATE common_asset_details SET cryptocompare = 'BMT' WHERE identifier = 'eip155:1/erc20:0xf028ADEe51533b1B47BEaa890fEb54a457f51E89';
INSERT INTO assets(identifier, name, type) VALUES("eip155:1/erc20:0xf028ADEe51533b1B47BEaa890fEb54a457f51E89", "BMChain", "C"); INSERT INTO evm_tokens(identifier, token_kind, chain, address, decimals, protocol) VALUES("eip155:1/erc20:0xf028ADEe51533b1B47BEaa890fEb54a457f51E89", "A", 1, "0xf028ADEe51533b1B47BEaa890fEb54a457f51E89", 18, ""); INSERT INTO common_asset_details(identifier, symbol, coingecko, cryptocompare, forked, started, swapped_for) VALUES("eip155:1/erc20:0xf028ADEe51533b1B47BEaa890fEb54a457f51E89", "BMT", "bmchain-token", "BMT", NULL, 1502928000, NULL);
UPDATE common_asset_details SET cryptocompare = 'SHROOM' WHERE identifier = 'eip155:1/erc20:0xEd0439EACf4c4965AE4613D77a5C2Efe10e5f183';
INSERT INTO assets(identifier, name, type) VALUES("eip155:1/erc20:0xEd0439EACf4c4965AE4613D77a5C2Efe10e5f183", "shroom.finance", "C"); INSERT INTO evm_tokens(identifier, token_kind, chain, address, decimals, protocol) VALUES("eip155:1/erc20:0xEd0439EACf4c4965AE4613D77a5C2Efe10e5f183", "A", 1, "0xEd0439EACf4c4965AE4613D77a5C2Efe10e5f183", 18, ""); INSERT INTO common_asset_details(identifier, symbol, coingecko, cryptocompare, forked, started, swapped_for) VALUES("eip155:1/erc20:0xEd0439EACf4c4965AE4613D77a5C2Efe10e5f183", "SHROOM", "shroom-finance", "SHROOM", NULL, 1599047104, NULL);
UPDATE common_asset_details SET cryptocompare = 'RMESH' WHERE identifier = 'eip155:1/erc20:0x8D5682941cE456900b12d47ac06a88b47C764CE1';
INSERT INTO assets(identifier, name, type) VALUES("eip155:1/erc20:0x8D5682941cE456900b12d47ac06a88b47C764CE1", "RightMesh", "C"); INSERT INTO evm_tokens(identifier, token_kind, chain, address, decimals, protocol) VALUES("eip155:1/erc20:0x8D5682941cE456900b12d47ac06a88b47C764CE1", "A", 1, "0x8D5682941cE456900b12d47ac06a88b47C764CE1", 18, ""); INSERT INTO common_asset_details(identifier, symbol, coingecko, cryptocompare, forked, started, swapped_for) VALUES("eip155:1/erc20:0x8D5682941cE456900b12d47ac06a88b47C764CE1", "RMESH", "", "RMESH", NULL, 1520571969, NULL);
UPDATE common_asset_details SET cryptocompare = 'WOM' WHERE identifier = 'eip155:1/erc20:0xBd356a39BFf2cAda8E9248532DD879147221Cf76';
INSERT INTO assets(identifier, name, type) VALUES("eip155:1/erc20:0xBd356a39BFf2cAda8E9248532DD879147221Cf76", "WOM Token", "C"); INSERT INTO evm_tokens(identifier, token_kind, chain, address, decimals, protocol) VALUES("eip155:1/erc20:0xBd356a39BFf2cAda8E9248532DD879147221Cf76", "A", 1, "0xBd356a39BFf2cAda8E9248532DD879147221Cf76", 18, ""); INSERT INTO common_asset_details(identifier, symbol, coingecko, cryptocompare, forked, started, swapped_for) VALUES("eip155:1/erc20:0xBd356a39BFf2cAda8E9248532DD879147221Cf76", "WOM", "wom-token", "WOM", NULL, 1601364147, NULL);
UPDATE common_asset_details SET cryptocompare = 'SMARTSHARE' WHERE identifier = 'eip155:1/erc20:0x624d520BAB2E4aD83935Fa503fB130614374E850';
INSERT INTO assets(identifier, name, type) VALUES("eip155:1/erc20:0x624d520BAB2E4aD83935Fa503fB130614374E850", "Smartshare", "C"); INSERT INTO evm_tokens(identifier, token_kind, chain, address, decimals, protocol) VALUES("eip155:1/erc20:0x624d520BAB2E4aD83935Fa503fB130614374E850", "A", 1, "0x624d520BAB2E4aD83935Fa503fB130614374E850", 4, ""); INSERT INTO common_asset_details(identifier, symbol, coingecko, cryptocompare, forked, started, swapped_for) VALUES("eip155:1/erc20:0x624d520BAB2E4aD83935Fa503fB130614374E850", "SSP", "smartshare", "SMARTSHARE", NULL, 1515628800, NULL);
UPDATE common_asset_details SET cryptocompare = 'ESZ' WHERE identifier = 'eip155:1/erc20:0xe8A1Df958bE379045E2B46a31A98B93A2eCDfDeD';
INSERT INTO assets(identifier, name, type) VALUES("eip155:1/erc20:0xe8A1Df958bE379045E2B46a31A98B93A2eCDfDeD", "EtherSportz", "C"); INSERT INTO evm_tokens(identifier, token_kind, chain, address, decimals, protocol) VALUES("eip155:1/erc20:0xe8A1Df958bE379045E2B46a31A98B93A2eCDfDeD", "A", 1, "0xe8A1Df958bE379045E2B46a31A98B93A2eCDfDeD", 18, ""); INSERT INTO common_asset_details(identifier, symbol, coingecko, cryptocompare, forked, started, swapped_for) VALUES("eip155:1/erc20:0xe8A1Df958bE379045E2B46a31A98B93A2eCDfDeD", "ESZ", "ethersportz", "ESZ", NULL, 1515655459, NULL);
UPDATE common_asset_details SET cryptocompare = 'SGP' WHERE identifier = 'eip155:1/erc20:0x33C623a2BAAfEb8D15DfaF3cE44095efec83D72C';
INSERT INTO assets(identifier, name, type) VALUES("eip155:1/erc20:0x33C623a2BAAfEb8D15DfaF3cE44095efec83D72C", "SGPay", "C"); INSERT INTO evm_tokens(identifier, token_kind, chain, address, decimals, protocol) VALUES("eip155:1/erc20:0x33C623a2BAAfEb8D15DfaF3cE44095efec83D72C", "A", 1, "0x33C623a2BAAfEb8D15DfaF3cE44095efec83D72C", 18, ""); INSERT INTO common_asset_details(identifier, symbol, coingecko, cryptocompare, forked, started, swapped_for) VALUES("eip155:1/erc20:0x33C623a2BAAfEb8D15DfaF3cE44095efec83D72C", "SGP", "", "SGP", NULL, 1516615619, NULL);
UPDATE common_asset_details SET cryptocompare = 'LOON' WHERE identifier = 'eip155:1/erc20:0x7C5d5100B339Fe7D995a893AF6CB496B9474373c';
INSERT INTO assets(identifier, name, type) VALUES("eip155:1/erc20:0x7C5d5100B339Fe7D995a893AF6CB496B9474373c", "Loon Network", "C"); INSERT INTO evm_tokens(identifier, token_kind, chain, address, decimals, protocol) VALUES("eip155:1/erc20:0x7C5d5100B339Fe7D995a893AF6CB496B9474373c", "A", 1, "0x7C5d5100B339Fe7D995a893AF6CB496B9474373c", 18, ""); INSERT INTO common_asset_details(identifier, symbol, coingecko, cryptocompare, forked, started, swapped_for) VALUES("eip155:1/erc20:0x7C5d5100B339Fe7D995a893AF6CB496B9474373c", "LOON", "loon-network", "LOON", NULL, 1578456235, NULL);
UPDATE common_asset_details SET cryptocompare = 'DPI' WHERE identifier = 'eip155:1/erc20:0x1494CA1F11D487c2bBe4543E90080AeBa4BA3C2b';
INSERT INTO assets(identifier, name, type) VALUES("eip155:1/erc20:0x1494CA1F11D487c2bBe4543E90080AeBa4BA3C2b", "DefiPulse Index", "C"); INSERT INTO evm_tokens(identifier, token_kind, chain, address, decimals, protocol) VALUES("eip155:1/erc20:0x1494CA1F11D487c2bBe4543E90080AeBa4BA3C2b", "A", 1, "0x1494CA1F11D487c2bBe4543E90080AeBa4BA3C2b", 18, ""); INSERT INTO common_asset_details(identifier, symbol, coingecko, cryptocompare, forked, started, swapped_for) VALUES("eip155:1/erc20:0x1494CA1F11D487c2bBe4543E90080AeBa4BA3C2b", "DPI", "defipulse-index", "DPI", NULL, 1599694252, NULL);
UPDATE common_asset_details SET cryptocompare = 'FXS' WHERE identifier = 'eip155:1/erc20:0x3432B6A60D23Ca0dFCa7761B7ab56459D9C964D0';
INSERT INTO assets(identifier, name, type) VALUES("eip155:1/erc20:0x3432B6A60D23Ca0dFCa7761B7ab56459D9C964D0", "Frax Share", "C"); INSERT INTO evm_tokens(identifier, token_kind, chain, address, decimals, protocol) VALUES("eip155:1/erc20:0x3432B6A60D23Ca0dFCa7761B7ab56459D9C964D0", "A", 1, "0x3432B6A60D23Ca0dFCa7761B7ab56459D9C964D0", 18, ""); INSERT INTO common_asset_details(identifier, symbol, coingecko, cryptocompare, forked, started, swapped_for) VALUES("eip155:1/erc20:0x3432B6A60D23Ca0dFCa7761B7ab56459D9C964D0", "FXS", "frax-share", "FXS", NULL, 1608140560, NULL);
UPDATE common_asset_details SET cryptocompare = 'HIENS3' WHERE identifier = 'eip155:1/erc20:0xa88842Ae47dbe87116cF7001DDdD1b246fcd8262';
INSERT INTO assets(identifier, name, type) VALUES("eip155:1/erc20:0xa88842Ae47dbe87116cF7001DDdD1b246fcd8262", "hiENS3", "C"); INSERT INTO evm_tokens(identifier, token_kind, chain, address, decimals, protocol) VALUES("eip155:1/erc20:0xa88842Ae47dbe87116cF7001DDdD1b246fcd8262", "A", 1, "0xa88842Ae47dbe87116cF7001DDdD1b246fcd8262", 18, ""); INSERT INTO common_asset_details(identifier, symbol, coingecko, cryptocompare, forked, started, swapped_for) VALUES("eip155:1/erc20:0xa88842Ae47dbe87116cF7001DDdD1b246fcd8262", "hiENS3", "hiens3", "HIENS3", NULL, 1661703373, NULL);
UPDATE common_asset_details SET cryptocompare = 'RENBTC' WHERE identifier = 'eip155:1/erc20:0xEB4C2781e4ebA804CE9a9803C67d0893436bB27D';
INSERT INTO assets(identifier, name, type) VALUES("eip155:1/erc20:0xEB4C2781e4ebA804CE9a9803C67d0893436bB27D", "renBTC", "C"); INSERT INTO evm_tokens(identifier, token_kind, chain, address, decimals, protocol) VALUES("eip155:1/erc20:0xEB4C2781e4ebA804CE9a9803C67d0893436bB27D", "A", 1, "0xEB4C2781e4ebA804CE9a9803C67d0893436bB27D", 8, ""); INSERT INTO common_asset_details(identifier, symbol, coingecko, cryptocompare, forked, started, swapped_for) VALUES("eip155:1/erc20:0xEB4C2781e4ebA804CE9a9803C67d0893436bB27D", "renBTC", "renbtc", "RENBTC", NULL, 1585090944, NULL);
UPDATE common_asset_details SET cryptocompare = 'YOU' WHERE identifier = 'eip155:1/erc20:0x34364BEe11607b1963d66BCA665FDE93fCA666a8';
INSERT INTO assets(identifier, name, type) VALUES("eip155:1/erc20:0x34364BEe11607b1963d66BCA665FDE93fCA666a8", "YOU COIN", "C"); INSERT INTO evm_tokens(identifier, token_kind, chain, address, decimals, protocol) VALUES("eip155:1/erc20:0x34364BEe11607b1963d66BCA665FDE93fCA666a8", "A", 1, "0x34364BEe11607b1963d66BCA665FDE93fCA666a8", 18, ""); INSERT INTO common_asset_details(identifier, symbol, coingecko, cryptocompare, forked, started, swapped_for) VALUES("eip155:1/erc20:0x34364BEe11607b1963d66BCA665FDE93fCA666a8", "YOU", "you-chain", "YOU", NULL, 1520696174, NULL);
UPDATE common_asset_details SET cryptocompare = 'DHT' WHERE identifier = 'eip155:1/erc20:0xca1207647Ff814039530D7d35df0e1Dd2e91Fa84';
INSERT INTO assets(identifier, name, type) VALUES("eip155:1/erc20:0xca1207647Ff814039530D7d35df0e1Dd2e91Fa84", "dHedge DAO Token", "C"); INSERT INTO evm_tokens(identifier, token_kind, chain, address, decimals, protocol) VALUES("eip155:1/erc20:0xca1207647Ff814039530D7d35df0e1Dd2e91Fa84", "A", 1, "0xca1207647Ff814039530D7d35df0e1Dd2e91Fa84", 18, ""); INSERT INTO common_asset_details(identifier, symbol, coingecko, cryptocompare, forked, started, swapped_for) VALUES("eip155:1/erc20:0xca1207647Ff814039530D7d35df0e1Dd2e91Fa84", "DHT", "dhedge-dao", "DHT", NULL, 1599730531, NULL);
UPDATE common_asset_details SET cryptocompare = 'FARM' WHERE identifier = 'eip155:1/erc20:0xa0246c9032bC3A600820415aE600c6388619A14D';
INSERT INTO assets(identifier, name, type) VALUES("eip155:1/erc20:0xa0246c9032bC3A600820415aE600c6388619A14D", "Harvest Finance", "C"); INSERT INTO evm_tokens(identifier, token_kind, chain, address, decimals, protocol) VALUES("eip155:1/erc20:0xa0246c9032bC3A600820415aE600c6388619A14D", "A", 1, "0xa0246c9032bC3A600820415aE600c6388619A14D", 18, ""); INSERT INTO common_asset_details(identifier, symbol, coingecko, cryptocompare, forked, started, swapped_for) VALUES("eip155:1/erc20:0xa0246c9032bC3A600820415aE600c6388619A14D", "FARM", "harvest-finance", "FARM", NULL, 1598895285, NULL);
UPDATE common_asset_details SET cryptocompare = 'USK' WHERE identifier = 'eip155:1/erc20:0x1B3C515F58857E141A966b33182f2F3feECC10E9';
INSERT INTO assets(identifier, name, type) VALUES("eip155:1/erc20:0x1B3C515F58857E141A966b33182f2F3feECC10E9", "Usk", "C"); INSERT INTO evm_tokens(identifier, token_kind, chain, address, decimals, protocol) VALUES("eip155:1/erc20:0x1B3C515F58857E141A966b33182f2F3feECC10E9", "A", 1, "0x1B3C515F58857E141A966b33182f2F3feECC10E9", 6, ""); INSERT INTO common_asset_details(identifier, symbol, coingecko, cryptocompare, forked, started, swapped_for) VALUES("eip155:1/erc20:0x1B3C515F58857E141A966b33182f2F3feECC10E9", "USK", "usk", "USK", NULL, NULL, NULL);
UPDATE common_asset_details SET cryptocompare = 'FACTR' WHERE identifier = 'eip155:1/erc20:0xe0bCEEF36F3a6eFDd5EEBFACD591423f8549B9D5';
INSERT INTO assets(identifier, name, type) VALUES("eip155:1/erc20:0xe0bCEEF36F3a6eFDd5EEBFACD591423f8549B9D5", "Defactor", "C"); INSERT INTO evm_tokens(identifier, token_kind, chain, address, decimals, protocol) VALUES("eip155:1/erc20:0xe0bCEEF36F3a6eFDd5EEBFACD591423f8549B9D5", "A", 1, "0xe0bCEEF36F3a6eFDd5EEBFACD591423f8549B9D5", 18, ""); INSERT INTO common_asset_details(identifier, symbol, coingecko, cryptocompare, forked, started, swapped_for) VALUES("eip155:1/erc20:0xe0bCEEF36F3a6eFDd5EEBFACD591423f8549B9D5", "FACTR", "defactor", "FACTR", NULL, 1666875767, NULL);
UPDATE common_asset_details SET cryptocompare = 'BFT' WHERE identifier = 'eip155:1/erc20:0x01fF50f8b7f74E4f00580d9596cd3D0d6d6E326f';
INSERT INTO assets(identifier, name, type) VALUES("eip155:1/erc20:0x01fF50f8b7f74E4f00580d9596cd3D0d6d6E326f", "BnkToTheFuture", "C"); INSERT INTO evm_tokens(identifier, token_kind, chain, address, decimals, protocol) VALUES("eip155:1/erc20:0x01fF50f8b7f74E4f00580d9596cd3D0d6d6E326f", "A", 1, "0x01fF50f8b7f74E4f00580d9596cd3D0d6d6E326f", 18, ""); INSERT INTO common_asset_details(identifier, symbol, coingecko, cryptocompare, forked, started, swapped_for) VALUES("eip155:1/erc20:0x01fF50f8b7f74E4f00580d9596cd3D0d6d6E326f", "BFT", "bnktothefuture", "BFT", NULL, 1517875200, NULL);
UPDATE common_asset_details SET cryptocompare = 'NCASH' WHERE identifier = 'eip155:1/erc20:0x809826cceAb68c387726af962713b64Cb5Cb3CCA';
INSERT INTO assets(identifier, name, type) VALUES("eip155:1/erc20:0x809826cceAb68c387726af962713b64Cb5Cb3CCA", "Nucleus Vision", "C"); INSERT INTO evm_tokens(identifier, token_kind, chain, address, decimals, protocol) VALUES("eip155:1/erc20:0x809826cceAb68c387726af962713b64Cb5Cb3CCA", "A", 1, "0x809826cceAb68c387726af962713b64Cb5Cb3CCA", 18, ""); INSERT INTO common_asset_details(identifier, symbol, coingecko, cryptocompare, forked, started, swapped_for) VALUES("eip155:1/erc20:0x809826cceAb68c387726af962713b64Cb5Cb3CCA", "NCASH", "nucleus-vision", "NCASH", NULL, 1511568000, NULL);
UPDATE common_asset_details SET cryptocompare = 'TKR' WHERE identifier = 'eip155:1/erc20:0xB45a50545bEEAB73F38F31E5973768C421805E5E';
INSERT INTO assets(identifier, name, type) VALUES("eip155:1/erc20:0xB45a50545bEEAB73F38F31E5973768C421805E5E", "CryptoInsight", "C"); INSERT INTO evm_tokens(identifier, token_kind, chain, address, decimals, protocol) VALUES("eip155:1/erc20:0xB45a50545bEEAB73F38F31E5973768C421805E5E", "A", 1, "0xB45a50545bEEAB73F38F31E5973768C421805E5E", 18, ""); INSERT INTO common_asset_details(identifier, symbol, coingecko, cryptocompare, forked, started, swapped_for) VALUES("eip155:1/erc20:0xB45a50545bEEAB73F38F31E5973768C421805E5E", "TKR", "", "TKR", NULL, 1502482261, NULL);
UPDATE common_asset_details SET cryptocompare = 'SPENDC' WHERE identifier = 'eip155:1/erc20:0xDDD460bBD9F79847ea08681563e8A9696867210C';
INSERT INTO assets(identifier, name, type) VALUES("eip155:1/erc20:0xDDD460bBD9F79847ea08681563e8A9696867210C", "Spendcoin", "C"); INSERT INTO evm_tokens(identifier, token_kind, chain, address, decimals, protocol) VALUES("eip155:1/erc20:0xDDD460bBD9F79847ea08681563e8A9696867210C", "A", 1, "0xDDD460bBD9F79847ea08681563e8A9696867210C", 18, ""); INSERT INTO common_asset_details(identifier, symbol, coingecko, cryptocompare, forked, started, swapped_for) VALUES("eip155:1/erc20:0xDDD460bBD9F79847ea08681563e8A9696867210C", "SPND", "spendcoin", "SPENDC", NULL, 1530057600, NULL);
UPDATE common_asset_details SET cryptocompare = 'IYKYK' WHERE identifier = 'eip155:1/erc20:0x7cB683151A83c2B10A30cBB003CDA9996228a2bA';
INSERT INTO assets(identifier, name, type) VALUES("eip155:1/erc20:0x7cB683151A83c2B10A30cBB003CDA9996228a2bA", "IYKYK", "C"); INSERT INTO evm_tokens(identifier, token_kind, chain, address, decimals, protocol) VALUES("eip155:1/erc20:0x7cB683151A83c2B10A30cBB003CDA9996228a2bA", "A", 1, "0x7cB683151A83c2B10A30cBB003CDA9996228a2bA", 18, ""); INSERT INTO common_asset_details(identifier, symbol, coingecko, cryptocompare, forked, started, swapped_for) VALUES("eip155:1/erc20:0x7cB683151A83c2B10A30cBB003CDA9996228a2bA", "IYKYK", "iykyk", "IYKYK", NULL, NULL, NULL);
UPDATE common_asset_details SET cryptocompare = 'CLIPS' WHERE identifier = 'eip155:1/erc20:0xeCbEE2fAE67709F718426DDC3bF770B26B95eD20';
INSERT INTO assets(identifier, name, type) VALUES("eip155:1/erc20:0xeCbEE2fAE67709F718426DDC3bF770B26B95eD20", "CLIPS", "C"); INSERT INTO evm_tokens(identifier, token_kind, chain, address, decimals, protocol) VALUES("eip155:1/erc20:0xeCbEE2fAE67709F718426DDC3bF770B26B95eD20", "A", 1, "0xeCbEE2fAE67709F718426DDC3bF770B26B95eD20", 18, ""); INSERT INTO common_asset_details(identifier, symbol, coingecko, cryptocompare, forked, started, swapped_for) VALUES("eip155:1/erc20:0xeCbEE2fAE67709F718426DDC3bF770B26B95eD20", "CLIPS", "clips", "CLIPS", NULL, 1683205811, NULL);
UPDATE common_asset_details SET cryptocompare = 'AURAF' WHERE identifier = 'eip155:1/erc20:0xC0c293ce456fF0ED870ADd98a0828Dd4d2903DBF';
INSERT INTO assets(identifier, name, type) VALUES("eip155:1/erc20:0xC0c293ce456fF0ED870ADd98a0828Dd4d2903DBF", "Aura", "C"); INSERT INTO evm_tokens(identifier, token_kind, chain, address, decimals, protocol) VALUES("eip155:1/erc20:0xC0c293ce456fF0ED870ADd98a0828Dd4d2903DBF", "A", 1, "0xC0c293ce456fF0ED870ADd98a0828Dd4d2903DBF", 18, ""); INSERT INTO common_asset_details(identifier, symbol, coingecko, cryptocompare, forked, started, swapped_for) VALUES("eip155:1/erc20:0xC0c293ce456fF0ED870ADd98a0828Dd4d2903DBF", "AURA", "aura-finance", "AURAF", NULL, 1654771511, NULL);
UPDATE common_asset_details SET cryptocompare = 'CHAD' WHERE identifier = 'eip155:1/erc20:0x6B89B97169a797d94F057F4a0B01E2cA303155e4';
INSERT INTO assets(identifier, name, type) VALUES("eip155:1/erc20:0x6B89B97169a797d94F057F4a0B01E2cA303155e4", "Chad Coin", "C"); INSERT INTO evm_tokens(identifier, token_kind, chain, address, decimals, protocol) VALUES("eip155:1/erc20:0x6B89B97169a797d94F057F4a0B01E2cA303155e4", "A", 1, "0x6B89B97169a797d94F057F4a0B01E2cA303155e4", 18, ""); INSERT INTO common_asset_details(identifier, symbol, coingecko, cryptocompare, forked, started, swapped_for) VALUES("eip155:1/erc20:0x6B89B97169a797d94F057F4a0B01E2cA303155e4", "CHAD", "chad-coin", "CHAD", NULL, NULL, NULL);
UPDATE common_asset_details SET cryptocompare = 'DENT' WHERE identifier = 'eip155:1/erc20:0x3597bfD533a99c9aa083587B074434E61Eb0A258';
INSERT INTO assets(identifier, name, type) VALUES("eip155:1/erc20:0x3597bfD533a99c9aa083587B074434E61Eb0A258", "Dent", "C"); INSERT INTO evm_tokens(identifier, token_kind, chain, address, decimals, protocol) VALUES("eip155:1/erc20:0x3597bfD533a99c9aa083587B074434E61Eb0A258", "A", 1, "0x3597bfD533a99c9aa083587B074434E61Eb0A258", 8, ""); INSERT INTO common_asset_details(identifier, symbol, coingecko, cryptocompare, forked, started, swapped_for) VALUES("eip155:1/erc20:0x3597bfD533a99c9aa083587B074434E61Eb0A258", "DENT", "dent", "DENT", NULL, 1499817600, NULL);
UPDATE common_asset_details SET cryptocompare = 'LMCH' WHERE identifier = 'eip155:1/erc20:0x9205C049C231DdA51bAce0ba569f047E3E1e9979';
INSERT INTO assets(identifier, name, type) VALUES("eip155:1/erc20:0x9205C049C231DdA51bAce0ba569f047E3E1e9979", "Latamcash", "C"); INSERT INTO evm_tokens(identifier, token_kind, chain, address, decimals, protocol) VALUES("eip155:1/erc20:0x9205C049C231DdA51bAce0ba569f047E3E1e9979", "A", 1, "0x9205C049C231DdA51bAce0ba569f047E3E1e9979", 18, ""); INSERT INTO common_asset_details(identifier, symbol, coingecko, cryptocompare, forked, started, swapped_for) VALUES("eip155:1/erc20:0x9205C049C231DdA51bAce0ba569f047E3E1e9979", "LMCH", "latamcash", "LMCH", NULL, 1581735064, NULL);
UPDATE common_asset_details SET cryptocompare = 'WSTETH' WHERE identifier = 'eip155:1/erc20:0x7f39C581F595B53c5cb19bD0b3f8dA6c935E2Ca0';
INSERT INTO assets(identifier, name, type) VALUES("eip155:1/erc20:0x7f39C581F595B53c5cb19bD0b3f8dA6c935E2Ca0", "Wrapped liquid staked Ether 2.0", "C"); INSERT INTO evm_tokens(identifier, token_kind, chain, address, decimals, protocol) VALUES("eip155:1/erc20:0x7f39C581F595B53c5cb19bD0b3f8dA6c935E2Ca0", "A", 1, "0x7f39C581F595B53c5cb19bD0b3f8dA6c935E2Ca0", 18, ""); INSERT INTO common_asset_details(identifier, symbol, coingecko, cryptocompare, forked, started, swapped_for) VALUES("eip155:1/erc20:0x7f39C581F595B53c5cb19bD0b3f8dA6c935E2Ca0", "wstETH", "wrapped-steth", "WSTETH", NULL, NULL, NULL);
UPDATE common_asset_details SET cryptocompare = 'HIBAKC' WHERE identifier = 'eip155:1/erc20:0x3B0b09F5b14F6D50e6672aE158F9D71893FecA18';
INSERT INTO assets(identifier, name, type) VALUES("eip155:1/erc20:0x3B0b09F5b14F6D50e6672aE158F9D71893FecA18", "hiBAKC", "C"); INSERT INTO evm_tokens(identifier, token_kind, chain, address, decimals, protocol) VALUES("eip155:1/erc20:0x3B0b09F5b14F6D50e6672aE158F9D71893FecA18", "A", 1, "0x3B0b09F5b14F6D50e6672aE158F9D71893FecA18", 18, ""); INSERT INTO common_asset_details(identifier, symbol, coingecko, cryptocompare, forked, started, swapped_for) VALUES("eip155:1/erc20:0x3B0b09F5b14F6D50e6672aE158F9D71893FecA18", "hiBAKC", "hibakc", "HIBAKC", NULL, 1677661691, NULL);
UPDATE common_asset_details SET cryptocompare = 'BLZ' WHERE identifier = 'eip155:1/erc20:0x5732046A883704404F284Ce41FfADd5b007FD668';
INSERT INTO assets(identifier, name, type) VALUES("eip155:1/erc20:0x5732046A883704404F284Ce41FfADd5b007FD668", "Bluzelle", "C"); INSERT INTO evm_tokens(identifier, token_kind, chain, address, decimals, protocol) VALUES("eip155:1/erc20:0x5732046A883704404F284Ce41FfADd5b007FD668", "A", 1, "0x5732046A883704404F284Ce41FfADd5b007FD668", 18, ""); INSERT INTO common_asset_details(identifier, symbol, coingecko, cryptocompare, forked, started, swapped_for) VALUES("eip155:1/erc20:0x5732046A883704404F284Ce41FfADd5b007FD668", "BLZ", "bluzelle", "BLZ", NULL, 1509494400, NULL);
UPDATE common_asset_details SET cryptocompare = 'WINGS' WHERE identifier = 'eip155:1/erc20:0x667088b212ce3d06a1b553a7221E1fD19000d9aF';
INSERT INTO assets(identifier, name, type) VALUES("eip155:1/erc20:0x667088b212ce3d06a1b553a7221E1fD19000d9aF", "Wings DAO", "C"); INSERT INTO evm_tokens(identifier, token_kind, chain, address, decimals, protocol) VALUES("eip155:1/erc20:0x667088b212ce3d06a1b553a7221E1fD19000d9aF", "A", 1, "0x667088b212ce3d06a1b553a7221E1fD19000d9aF", 18, ""); INSERT INTO common_asset_details(identifier, symbol, coingecko, cryptocompare, forked, started, swapped_for) VALUES("eip155:1/erc20:0x667088b212ce3d06a1b553a7221E1fD19000d9aF", "WINGS", "wings", "WINGS", NULL, 1483142400, NULL);
UPDATE common_asset_details SET cryptocompare = 'CDAI' WHERE identifier = 'eip155:1/erc20:0x5d3a536E4D6DbD6114cc1Ead35777bAB948E3643';
INSERT INTO assets(identifier, name, type) VALUES("eip155:1/erc20:0x5d3a536E4D6DbD6114cc1Ead35777bAB948E3643", "Compound DAI", "C"); INSERT INTO evm_tokens(identifier, token_kind, chain, address, decimals, protocol) VALUES("eip155:1/erc20:0x5d3a536E4D6DbD6114cc1Ead35777bAB948E3643", "A", 1, "0x5d3a536E4D6DbD6114cc1Ead35777bAB948E3643", 8, "compound"); INSERT INTO common_asset_details(identifier, symbol, coingecko, cryptocompare, forked, started, swapped_for) VALUES("eip155:1/erc20:0x5d3a536E4D6DbD6114cc1Ead35777bAB948E3643", "cDAI", "cdai", "CDAI", NULL, 1574471013, NULL);
UPDATE common_asset_details SET cryptocompare = 'PHA' WHERE identifier = 'eip155:1/erc20:0x6c5bA91642F10282b576d91922Ae6448C9d52f4E';
INSERT INTO assets(identifier, name, type) VALUES("eip155:1/erc20:0x6c5bA91642F10282b576d91922Ae6448C9d52f4E", "Phala", "C"); INSERT INTO evm_tokens(identifier, token_kind, chain, address, decimals, protocol) VALUES("eip155:1/erc20:0x6c5bA91642F10282b576d91922Ae6448C9d52f4E", "A", 1, "0x6c5bA91642F10282b576d91922Ae6448C9d52f4E", 18, ""); INSERT INTO common_asset_details(identifier, symbol, coingecko, cryptocompare, forked, started, swapped_for) VALUES("eip155:1/erc20:0x6c5bA91642F10282b576d91922Ae6448C9d52f4E", "PHA", "pha", "PHA", NULL, 1588271785, NULL);
UPDATE common_asset_details SET cryptocompare = 'CATE' WHERE identifier = 'eip155:56/erc20:0xE4FAE3Faa8300810C835970b9187c268f55D998F';
INSERT INTO assets(identifier, name, type) VALUES("eip155:56/erc20:0xE4FAE3Faa8300810C835970b9187c268f55D998F", "CateCoin", "C"); INSERT INTO evm_tokens(identifier, token_kind, chain, address, decimals, protocol) VALUES("eip155:56/erc20:0xE4FAE3Faa8300810C835970b9187c268f55D998F", "A", 56, "0xE4FAE3Faa8300810C835970b9187c268f55D998F", 9, ""); INSERT INTO common_asset_details(identifier, symbol, coingecko, cryptocompare, forked, started, swapped_for) VALUES("eip155:56/erc20:0xE4FAE3Faa8300810C835970b9187c268f55D998F", "CATE", "catecoin", "CATE", NULL, 1625410760, NULL);
UPDATE common_asset_details SET cryptocompare = 'DXD' WHERE identifier = 'eip155:1/erc20:0xa1d65E8fB6e87b60FECCBc582F7f97804B725521';
INSERT INTO assets(identifier, name, type) VALUES("eip155:1/erc20:0xa1d65E8fB6e87b60FECCBc582F7f97804B725521", "DXdao", "C"); INSERT INTO evm_tokens(identifier, token_kind, chain, address, decimals, protocol) VALUES("eip155:1/erc20:0xa1d65E8fB6e87b60FECCBc582F7f97804B725521", "A", 1, "0xa1d65E8fB6e87b60FECCBc582F7f97804B725521", 18, ""); INSERT INTO common_asset_details(identifier, symbol, coingecko, cryptocompare, forked, started, swapped_for) VALUES("eip155:1/erc20:0xa1d65E8fB6e87b60FECCBc582F7f97804B725521", "DXD", "dxdao", "DXD", NULL, 1588752887, NULL);
UPDATE common_asset_details SET cryptocompare = 'LWC' WHERE identifier = 'eip155:1/erc20:0xa6a1Cc527d48585538b137E6Abc14B2a55489D11';
INSERT INTO assets(identifier, name, type) VALUES("eip155:1/erc20:0xa6a1Cc527d48585538b137E6Abc14B2a55489D11", "Linework Coin", "C"); INSERT INTO evm_tokens(identifier, token_kind, chain, address, decimals, protocol) VALUES("eip155:1/erc20:0xa6a1Cc527d48585538b137E6Abc14B2a55489D11", "A", 1, "0xa6a1Cc527d48585538b137E6Abc14B2a55489D11", 8, ""); INSERT INTO common_asset_details(identifier, symbol, coingecko, cryptocompare, forked, started, swapped_for) VALUES("eip155:1/erc20:0xa6a1Cc527d48585538b137E6Abc14B2a55489D11", "LWC", "linework-coin", "LWC", NULL, 1630938433, NULL);
UPDATE common_asset_details SET cryptocompare = 'FRM' WHERE identifier = 'eip155:1/erc20:0xE5CAeF4Af8780E59Df925470b050Fb23C43CA68C';
INSERT INTO assets(identifier, name, type) VALUES("eip155:1/erc20:0xE5CAeF4Af8780E59Df925470b050Fb23C43CA68C", "Ferrum Network Token", "C"); INSERT INTO evm_tokens(identifier, token_kind, chain, address, decimals, protocol) VALUES("eip155:1/erc20:0xE5CAeF4Af8780E59Df925470b050Fb23C43CA68C", "A", 1, "0xE5CAeF4Af8780E59Df925470b050Fb23C43CA68C", 6, ""); INSERT INTO common_asset_details(identifier, symbol, coingecko, cryptocompare, forked, started, swapped_for) VALUES("eip155:1/erc20:0xE5CAeF4Af8780E59Df925470b050Fb23C43CA68C", "FRM", "ferrum-network", "FRM", NULL, 1564453764, NULL);
UPDATE common_asset_details SET cryptocompare = 'MMX' WHERE identifier = 'eip155:1/erc20:0x614Da3b37B6F66F7Ce69B4Bbbcf9a55CE6168707';
INSERT INTO assets(identifier, name, type) VALUES("eip155:1/erc20:0x614Da3b37B6F66F7Ce69B4Bbbcf9a55CE6168707", "M2 Global Wealth Limited", "C"); INSERT INTO evm_tokens(identifier, token_kind, chain, address, decimals, protocol) VALUES("eip155:1/erc20:0x614Da3b37B6F66F7Ce69B4Bbbcf9a55CE6168707", "A", 1, "0x614Da3b37B6F66F7Ce69B4Bbbcf9a55CE6168707", 18, ""); INSERT INTO common_asset_details(identifier, symbol, coingecko, cryptocompare, forked, started, swapped_for) VALUES("eip155:1/erc20:0x614Da3b37B6F66F7Ce69B4Bbbcf9a55CE6168707", "MMX", "", "MMX", NULL, NULL, NULL);
UPDATE common_asset_details SET cryptocompare = 'OSAK' WHERE identifier = 'eip155:1/erc20:0xa21Af1050F7B26e0cfF45ee51548254C41ED6b5c';
INSERT INTO assets(identifier, name, type) VALUES("eip155:1/erc20:0xa21Af1050F7B26e0cfF45ee51548254C41ED6b5c", "Osaka Protocol", "C"); INSERT INTO evm_tokens(identifier, token_kind, chain, address, decimals, protocol) VALUES("eip155:1/erc20:0xa21Af1050F7B26e0cfF45ee51548254C41ED6b5c", "A", 1, "0xa21Af1050F7B26e0cfF45ee51548254C41ED6b5c", 18, ""); INSERT INTO common_asset_details(identifier, symbol, coingecko, cryptocompare, forked, started, swapped_for) VALUES("eip155:1/erc20:0xa21Af1050F7B26e0cfF45ee51548254C41ED6b5c", "OSAK", "", "OSAK", NULL, NULL, NULL);
UPDATE common_asset_details SET cryptocompare = 'TEND' WHERE identifier = 'eip155:1/erc20:0x1453Dbb8A29551ADe11D89825CA812e05317EAEB';
INSERT INTO assets(identifier, name, type) VALUES("eip155:1/erc20:0x1453Dbb8A29551ADe11D89825CA812e05317EAEB", "Tendies", "C"); INSERT INTO evm_tokens(identifier, token_kind, chain, address, decimals, protocol) VALUES("eip155:1/erc20:0x1453Dbb8A29551ADe11D89825CA812e05317EAEB", "A", 1, "0x1453Dbb8A29551ADe11D89825CA812e05317EAEB", 18, ""); INSERT INTO common_asset_details(identifier, symbol, coingecko, cryptocompare, forked, started, swapped_for) VALUES("eip155:1/erc20:0x1453Dbb8A29551ADe11D89825CA812e05317EAEB", "TEND", "tendies", "TEND", NULL, 1595883667, NULL);
UPDATE common_asset_details SET cryptocompare = 'XCEL' WHERE identifier = 'eip155:1/erc20:0xF6276830c265A779A2225B9d2FCbAb790CBEb92B';
INSERT INTO assets(identifier, name, type) VALUES("eip155:1/erc20:0xF6276830c265A779A2225B9d2FCbAb790CBEb92B", "XCELTOKEN", "C"); INSERT INTO evm_tokens(identifier, token_kind, chain, address, decimals, protocol) VALUES("eip155:1/erc20:0xF6276830c265A779A2225B9d2FCbAb790CBEb92B", "A", 1, "0xF6276830c265A779A2225B9d2FCbAb790CBEb92B", 18, "spam"); INSERT INTO common_asset_details(identifier, symbol, coingecko, cryptocompare, forked, started, swapped_for) VALUES("eip155:1/erc20:0xF6276830c265A779A2225B9d2FCbAb790CBEb92B", "XCEL", "", "XCEL", NULL, NULL, NULL);
UPDATE common_asset_details SET cryptocompare = 'DIP' WHERE identifier = 'eip155:1/erc20:0xc719d010B63E5bbF2C0551872CD5316ED26AcD83';
INSERT INTO assets(identifier, name, type) VALUES("eip155:1/erc20:0xc719d010B63E5bbF2C0551872CD5316ED26AcD83", "Etherisc", "C"); INSERT INTO evm_tokens(identifier, token_kind, chain, address, decimals, protocol) VALUES("eip155:1/erc20:0xc719d010B63E5bbF2C0551872CD5316ED26AcD83", "A", 1, "0xc719d010B63E5bbF2C0551872CD5316ED26AcD83", 18, ""); INSERT INTO common_asset_details(identifier, symbol, coingecko, cryptocompare, forked, started, swapped_for) VALUES("eip155:1/erc20:0xc719d010B63E5bbF2C0551872CD5316ED26AcD83", "DIP", "etherisc", "DIP", NULL, 1529940316, NULL);
UPDATE common_asset_details SET cryptocompare = 'BAC' WHERE identifier = 'eip155:1/erc20:0x3449FC1Cd036255BA1EB19d65fF4BA2b8903A69a';
INSERT INTO assets(identifier, name, type) VALUES("eip155:1/erc20:0x3449FC1Cd036255BA1EB19d65fF4BA2b8903A69a", "Basis Cash", "C"); INSERT INTO evm_tokens(identifier, token_kind, chain, address, decimals, protocol) VALUES("eip155:1/erc20:0x3449FC1Cd036255BA1EB19d65fF4BA2b8903A69a", "A", 1, "0x3449FC1Cd036255BA1EB19d65fF4BA2b8903A69a", 18, ""); INSERT INTO common_asset_details(identifier, symbol, coingecko, cryptocompare, forked, started, swapped_for) VALUES("eip155:1/erc20:0x3449FC1Cd036255BA1EB19d65fF4BA2b8903A69a", "BAC", "basis-cash", "BAC", NULL, 1606676615, NULL);
UPDATE common_asset_details SET cryptocompare = 'AFROX' WHERE identifier = 'eip155:1/erc20:0x08130635368AA28b217a4dfb68E1bF8dC525621C';
INSERT INTO assets(identifier, name, type) VALUES("eip155:1/erc20:0x08130635368AA28b217a4dfb68E1bF8dC525621C", "AfroDex", "C"); INSERT INTO evm_tokens(identifier, token_kind, chain, address, decimals, protocol) VALUES("eip155:1/erc20:0x08130635368AA28b217a4dfb68E1bF8dC525621C", "A", 1, "0x08130635368AA28b217a4dfb68E1bF8dC525621C", 4, "spam"); INSERT INTO common_asset_details(identifier, symbol, coingecko, cryptocompare, forked, started, swapped_for) VALUES("eip155:1/erc20:0x08130635368AA28b217a4dfb68E1bF8dC525621C", "AfroX", "", "AFROX", NULL, NULL, NULL);
UPDATE common_asset_details SET cryptocompare = 'ADEL' WHERE identifier = 'eip155:1/erc20:0x94d863173EE77439E4292284fF13fAD54b3BA182';
INSERT INTO assets(identifier, name, type) VALUES("eip155:1/erc20:0x94d863173EE77439E4292284fF13fAD54b3BA182", "Akropolis Delphi", "C"); INSERT INTO evm_tokens(identifier, token_kind, chain, address, decimals, protocol) VALUES("eip155:1/erc20:0x94d863173EE77439E4292284fF13fAD54b3BA182", "A", 1, "0x94d863173EE77439E4292284fF13fAD54b3BA182", 18, ""); INSERT INTO common_asset_details(identifier, symbol, coingecko, cryptocompare, forked, started, swapped_for) VALUES("eip155:1/erc20:0x94d863173EE77439E4292284fF13fAD54b3BA182", "ADEL", "akropolis-delphi", "ADEL", NULL, 1598950842, NULL);
UPDATE common_asset_details SET cryptocompare = 'CUSDT' WHERE identifier = 'eip155:1/erc20:0xf650C3d88D12dB855b8bf7D11Be6C55A4e07dCC9';
INSERT INTO assets(identifier, name, type) VALUES("eip155:1/erc20:0xf650C3d88D12dB855b8bf7D11Be6C55A4e07dCC9", "Compound USDT", "C"); INSERT INTO evm_tokens(identifier, token_kind, chain, address, decimals, protocol) VALUES("eip155:1/erc20:0xf650C3d88D12dB855b8bf7D11Be6C55A4e07dCC9", "A", 1, "0xf650C3d88D12dB855b8bf7D11Be6C55A4e07dCC9", 8, "compound"); INSERT INTO common_asset_details(identifier, symbol, coingecko, cryptocompare, forked, started, swapped_for) VALUES("eip155:1/erc20:0xf650C3d88D12dB855b8bf7D11Be6C55A4e07dCC9", "cUSDT", "compound-usdt", "CUSDT", NULL, 1586985186, NULL);
UPDATE common_asset_details SET cryptocompare = 'RUGA' WHERE identifier = 'eip155:1/erc20:0xDD782657af86492771BdB369CaEB8c246bE362f5';
INSERT INTO assets(identifier, name, type) VALUES("eip155:1/erc20:0xDD782657af86492771BdB369CaEB8c246bE362f5", "RUGame Labs", "C"); INSERT INTO evm_tokens(identifier, token_kind, chain, address, decimals, protocol) VALUES("eip155:1/erc20:0xDD782657af86492771BdB369CaEB8c246bE362f5", "A", 1, "0xDD782657af86492771BdB369CaEB8c246bE362f5", 12, ""); INSERT INTO common_asset_details(identifier, symbol, coingecko, cryptocompare, forked, started, swapped_for) VALUES("eip155:1/erc20:0xDD782657af86492771BdB369CaEB8c246bE362f5", "RUG", "rugame", "RUGA", NULL, 1681907375, NULL);
UPDATE common_asset_details SET cryptocompare = 'DEC' WHERE identifier = 'eip155:1/erc20:0x30f271C9E86D2B7d00a6376Cd96A1cFBD5F0b9b3';
INSERT INTO assets(identifier, name, type) VALUES("eip155:1/erc20:0x30f271C9E86D2B7d00a6376Cd96A1cFBD5F0b9b3", "Decentr", "C"); INSERT INTO evm_tokens(identifier, token_kind, chain, address, decimals, protocol) VALUES("eip155:1/erc20:0x30f271C9E86D2B7d00a6376Cd96A1cFBD5F0b9b3", "A", 1, "0x30f271C9E86D2B7d00a6376Cd96A1cFBD5F0b9b3", 18, ""); INSERT INTO common_asset_details(identifier, symbol, coingecko, cryptocompare, forked, started, swapped_for) VALUES("eip155:1/erc20:0x30f271C9E86D2B7d00a6376Cd96A1cFBD5F0b9b3", "DEC", "decentr", "DEC", NULL, 1593644131, NULL);
UPDATE common_asset_details SET cryptocompare = 'SKL' WHERE identifier = 'eip155:1/erc20:0x00c83aeCC790e8a4453e5dD3B0B4b3680501a7A7';
INSERT INTO assets(identifier, name, type) VALUES("eip155:1/erc20:0x00c83aeCC790e8a4453e5dD3B0B4b3680501a7A7", "SKALE", "C"); INSERT INTO evm_tokens(identifier, token_kind, chain, address, decimals, protocol) VALUES("eip155:1/erc20:0x00c83aeCC790e8a4453e5dD3B0B4b3680501a7A7", "A", 1, "0x00c83aeCC790e8a4453e5dD3B0B4b3680501a7A7", 18, ""); INSERT INTO common_asset_details(identifier, symbol, coingecko, cryptocompare, forked, started, swapped_for) VALUES("eip155:1/erc20:0x00c83aeCC790e8a4453e5dD3B0B4b3680501a7A7", "SKL", "skale", "SKL", NULL, 1593467066, NULL);
UPDATE common_asset_details SET cryptocompare = 'PBTC35A' WHERE identifier = 'eip155:1/erc20:0xA8b12Cc90AbF65191532a12bb5394A714A46d358';
INSERT INTO assets(identifier, name, type) VALUES("eip155:1/erc20:0xA8b12Cc90AbF65191532a12bb5394A714A46d358", "pBTC35A", "C"); INSERT INTO evm_tokens(identifier, token_kind, chain, address, decimals, protocol) VALUES("eip155:1/erc20:0xA8b12Cc90AbF65191532a12bb5394A714A46d358", "A", 1, "0xA8b12Cc90AbF65191532a12bb5394A714A46d358", 18, ""); INSERT INTO common_asset_details(identifier, symbol, coingecko, cryptocompare, forked, started, swapped_for) VALUES("eip155:1/erc20:0xA8b12Cc90AbF65191532a12bb5394A714A46d358", "PBTC35A", "pbtc35a", "PBTC35A", NULL, 1610002577, NULL);
UPDATE common_asset_details SET cryptocompare = 'CPT' WHERE identifier = 'eip155:1/erc20:0x88d50B466BE55222019D71F9E8fAe17f5f45FCA1';
INSERT INTO assets(identifier, name, type) VALUES("eip155:1/erc20:0x88d50B466BE55222019D71F9E8fAe17f5f45FCA1", "Cryptaur", "C"); INSERT INTO evm_tokens(identifier, token_kind, chain, address, decimals, protocol) VALUES("eip155:1/erc20:0x88d50B466BE55222019D71F9E8fAe17f5f45FCA1", "A", 1, "0x88d50B466BE55222019D71F9E8fAe17f5f45FCA1", 8, ""); INSERT INTO common_asset_details(identifier, symbol, coingecko, cryptocompare, forked, started, swapped_for) VALUES("eip155:1/erc20:0x88d50B466BE55222019D71F9E8fAe17f5f45FCA1", "CPT", "cryptaur", "CPT", NULL, 1516319070, NULL);
UPDATE common_asset_details SET cryptocompare = 'BEE' WHERE identifier = 'eip155:1/erc20:0x4D8fc1453a0F359e99c9675954e656D80d996FbF';
INSERT INTO assets(identifier, name, type) VALUES("eip155:1/erc20:0x4D8fc1453a0F359e99c9675954e656D80d996FbF", "Bee Token", "C"); INSERT INTO evm_tokens(identifier, token_kind, chain, address, decimals, protocol) VALUES("eip155:1/erc20:0x4D8fc1453a0F359e99c9675954e656D80d996FbF", "A", 1, "0x4D8fc1453a0F359e99c9675954e656D80d996FbF", 18, ""); INSERT INTO common_asset_details(identifier, symbol, coingecko, cryptocompare, forked, started, swapped_for) VALUES("eip155:1/erc20:0x4D8fc1453a0F359e99c9675954e656D80d996FbF", "BEE", "bee-coin", "BEE", NULL, 1506556800, NULL);
UPDATE common_asset_details SET cryptocompare = 'RLC' WHERE identifier = 'eip155:1/erc20:0x607F4C5BB672230e8672085532f7e901544a7375';
INSERT INTO assets(identifier, name, type) VALUES("eip155:1/erc20:0x607F4C5BB672230e8672085532f7e901544a7375", "iExec RLC", "C"); INSERT INTO evm_tokens(identifier, token_kind, chain, address, decimals, protocol) VALUES("eip155:1/erc20:0x607F4C5BB672230e8672085532f7e901544a7375", "A", 1, "0x607F4C5BB672230e8672085532f7e901544a7375", 9, ""); INSERT INTO common_asset_details(identifier, symbol, coingecko, cryptocompare, forked, started, swapped_for) VALUES("eip155:1/erc20:0x607F4C5BB672230e8672085532f7e901544a7375", "RLC", "iexec-rlc", "RLC", NULL, 1484006400, NULL);
UPDATE common_asset_details SET cryptocompare = 'XAUR' WHERE identifier = 'eip155:1/erc20:0x4DF812F6064def1e5e029f1ca858777CC98D2D81';
INSERT INTO assets(identifier, name, type) VALUES("eip155:1/erc20:0x4DF812F6064def1e5e029f1ca858777CC98D2D81", "Xaurum", "C"); INSERT INTO evm_tokens(identifier, token_kind, chain, address, decimals, protocol) VALUES("eip155:1/erc20:0x4DF812F6064def1e5e029f1ca858777CC98D2D81", "A", 1, "0x4DF812F6064def1e5e029f1ca858777CC98D2D81", 8, ""); INSERT INTO common_asset_details(identifier, symbol, coingecko, cryptocompare, forked, started, swapped_for) VALUES("eip155:1/erc20:0x4DF812F6064def1e5e029f1ca858777CC98D2D81", "XAUR", "xaurum", "XAUR", NULL, 1470667584, NULL);
UPDATE common_asset_details SET cryptocompare = 'UMA' WHERE identifier = 'eip155:1/erc20:0x04Fa0d235C4abf4BcF4787aF4CF447DE572eF828';
INSERT INTO assets(identifier, name, type) VALUES("eip155:1/erc20:0x04Fa0d235C4abf4BcF4787aF4CF447DE572eF828", "UMA Voting Token v1", "C"); INSERT INTO evm_tokens(identifier, token_kind, chain, address, decimals, protocol) VALUES("eip155:1/erc20:0x04Fa0d235C4abf4BcF4787aF4CF447DE572eF828", "A", 1, "0x04Fa0d235C4abf4BcF4787aF4CF447DE572eF828", 18, ""); INSERT INTO common_asset_details(identifier, symbol, coingecko, cryptocompare, forked, started, swapped_for) VALUES("eip155:1/erc20:0x04Fa0d235C4abf4BcF4787aF4CF447DE572eF828", "UMA", "uma", "UMA", NULL, 1578581061, NULL);
UPDATE common_asset_details SET cryptocompare = 'ACH' WHERE identifier = 'eip155:1/erc20:0xEd04915c23f00A313a544955524EB7DBD823143d';
INSERT INTO assets(identifier, name, type) VALUES("eip155:1/erc20:0xEd04915c23f00A313a544955524EB7DBD823143d", "Alchemy Pay", "C"); INSERT INTO evm_tokens(identifier, token_kind, chain, address, decimals, protocol) VALUES("eip155:1/erc20:0xEd04915c23f00A313a544955524EB7DBD823143d", "A", 1, "0xEd04915c23f00A313a544955524EB7DBD823143d", 8, ""); INSERT INTO common_asset_details(identifier, symbol, coingecko, cryptocompare, forked, started, swapped_for) VALUES("eip155:1/erc20:0xEd04915c23f00A313a544955524EB7DBD823143d", "ACH", "alchemy-pay", "ACH", NULL, 1567580452, NULL);
UPDATE common_asset_details SET cryptocompare = 'LDO' WHERE identifier = 'eip155:1/erc20:0x5A98FcBEA516Cf06857215779Fd812CA3beF1B32';
INSERT INTO assets(identifier, name, type) VALUES("eip155:1/erc20:0x5A98FcBEA516Cf06857215779Fd812CA3beF1B32", "Lido DAO Token", "C"); INSERT INTO evm_tokens(identifier, token_kind, chain, address, decimals, protocol) VALUES("eip155:1/erc20:0x5A98FcBEA516Cf06857215779Fd812CA3beF1B32", "A", 1, "0x5A98FcBEA516Cf06857215779Fd812CA3beF1B32", 18, ""); INSERT INTO common_asset_details(identifier, symbol, coingecko, cryptocompare, forked, started, swapped_for) VALUES("eip155:1/erc20:0x5A98FcBEA516Cf06857215779Fd812CA3beF1B32", "LDO", "lido-dao", "LDO", NULL, 1608242396, NULL);
UPDATE common_asset_details SET cryptocompare = 'PAY' WHERE identifier = 'eip155:1/erc20:0xB97048628DB6B661D4C2aA833e95Dbe1A905B280';
INSERT INTO assets(identifier, name, type) VALUES("eip155:1/erc20:0xB97048628DB6B661D4C2aA833e95Dbe1A905B280", "TenX", "C"); INSERT INTO evm_tokens(identifier, token_kind, chain, address, decimals, protocol) VALUES("eip155:1/erc20:0xB97048628DB6B661D4C2aA833e95Dbe1A905B280", "A", 1, "0xB97048628DB6B661D4C2aA833e95Dbe1A905B280", 18, ""); INSERT INTO common_asset_details(identifier, symbol, coingecko, cryptocompare, forked, started, swapped_for) VALUES("eip155:1/erc20:0xB97048628DB6B661D4C2aA833e95Dbe1A905B280", "PAY", "tenx", "PAY", NULL, 1465171200, NULL);
UPDATE common_asset_details SET cryptocompare = 'FURU' WHERE identifier = 'eip155:1/erc20:0xfFffFffF2ba8F66D4e51811C5190992176930278';
INSERT INTO assets(identifier, name, type) VALUES("eip155:1/erc20:0xfFffFffF2ba8F66D4e51811C5190992176930278", "Furucombo", "C"); INSERT INTO evm_tokens(identifier, token_kind, chain, address, decimals, protocol) VALUES("eip155:1/erc20:0xfFffFffF2ba8F66D4e51811C5190992176930278", "A", 1, "0xfFffFffF2ba8F66D4e51811C5190992176930278", 18, ""); INSERT INTO common_asset_details(identifier, symbol, coingecko, cryptocompare, forked, started, swapped_for) VALUES("eip155:1/erc20:0xfFffFffF2ba8F66D4e51811C5190992176930278", "COMBO", "furucombo", "FURU", NULL, 1609231627, NULL);
UPDATE common_asset_details SET cryptocompare = 'FOAM' WHERE identifier = 'eip155:1/erc20:0x4946Fcea7C692606e8908002e55A582af44AC121';
INSERT INTO assets(identifier, name, type) VALUES("eip155:1/erc20:0x4946Fcea7C692606e8908002e55A582af44AC121", "FOAM", "C"); INSERT INTO evm_tokens(identifier, token_kind, chain, address, decimals, protocol) VALUES("eip155:1/erc20:0x4946Fcea7C692606e8908002e55A582af44AC121", "A", 1, "0x4946Fcea7C692606e8908002e55A582af44AC121", 18, ""); INSERT INTO common_asset_details(identifier, symbol, coingecko, cryptocompare, forked, started, swapped_for) VALUES("eip155:1/erc20:0x4946Fcea7C692606e8908002e55A582af44AC121", "FOAM", "foam-protocol", "FOAM", NULL, 1532802665, NULL);
UPDATE common_asset_details SET cryptocompare = 'PETH' WHERE identifier = 'eip155:1/erc20:0x836A808d4828586A69364065A1e064609F5078c7';
INSERT INTO assets(identifier, name, type) VALUES("eip155:1/erc20:0x836A808d4828586A69364065A1e064609F5078c7", "JPEGd ETH", "C"); INSERT INTO evm_tokens(identifier, token_kind, chain, address, decimals, protocol) VALUES("eip155:1/erc20:0x836A808d4828586A69364065A1e064609F5078c7", "A", 1, "0x836A808d4828586A69364065A1e064609F5078c7", 18, ""); INSERT INTO common_asset_details(identifier, symbol, coingecko, cryptocompare, forked, started, swapped_for) VALUES("eip155:1/erc20:0x836A808d4828586A69364065A1e064609F5078c7", "pETH", "", "PETH", NULL, NULL, NULL);
UPDATE common_asset_details SET cryptocompare = 'IMT' WHERE identifier = 'eip155:1/erc20:0x13119E34E140097a507B07a5564bDe1bC375D9e6';
INSERT INTO assets(identifier, name, type) VALUES("eip155:1/erc20:0x13119E34E140097a507B07a5564bDe1bC375D9e6", "Moneytoken", "C"); INSERT INTO evm_tokens(identifier, token_kind, chain, address, decimals, protocol) VALUES("eip155:1/erc20:0x13119E34E140097a507B07a5564bDe1bC375D9e6", "A", 1, "0x13119E34E140097a507B07a5564bDe1bC375D9e6", 18, ""); INSERT INTO common_asset_details(identifier, symbol, coingecko, cryptocompare, forked, started, swapped_for) VALUES("eip155:1/erc20:0x13119E34E140097a507B07a5564bDe1bC375D9e6", "IMT", "moneytoken", "IMT", NULL, 1524700800, NULL);
UPDATE common_asset_details SET cryptocompare = 'ROOT' WHERE identifier = 'eip155:1/erc20:0xa3d4BEe77B05d4a0C943877558Ce21A763C4fa29';
INSERT INTO assets(identifier, name, type) VALUES("eip155:1/erc20:0xa3d4BEe77B05d4a0C943877558Ce21A763C4fa29", "The Root Network", "C"); INSERT INTO evm_tokens(identifier, token_kind, chain, address, decimals, protocol) VALUES("eip155:1/erc20:0xa3d4BEe77B05d4a0C943877558Ce21A763C4fa29", "A", 1, "0xa3d4BEe77B05d4a0C943877558Ce21A763C4fa29", 6, ""); INSERT INTO common_asset_details(identifier, symbol, coingecko, cryptocompare, forked, started, swapped_for) VALUES("eip155:1/erc20:0xa3d4BEe77B05d4a0C943877558Ce21A763C4fa29", "ROOT", "the-root-network", "ROOT", NULL, 1699946591, NULL);
UPDATE common_asset_details SET cryptocompare = 'SAND' WHERE identifier = 'eip155:1/erc20:0x3845badAde8e6dFF049820680d1F14bD3903a5d0';
INSERT INTO assets(identifier, name, type) VALUES("eip155:1/erc20:0x3845badAde8e6dFF049820680d1F14bD3903a5d0", "The Sandbox", "C"); INSERT INTO evm_tokens(identifier, token_kind, chain, address, decimals, protocol) VALUES("eip155:1/erc20:0x3845badAde8e6dFF049820680d1F14bD3903a5d0", "A", 1, "0x3845badAde8e6dFF049820680d1F14bD3903a5d0", 18, ""); INSERT INTO common_asset_details(identifier, symbol, coingecko, cryptocompare, forked, started, swapped_for) VALUES("eip155:1/erc20:0x3845badAde8e6dFF049820680d1F14bD3903a5d0", "SAND", "the-sandbox", "SAND", NULL, 1572367723, NULL);
UPDATE common_asset_details SET cryptocompare = 'CWBTC' WHERE identifier = 'eip155:1/erc20:0xC11b1268C1A384e55C48c2391d8d480264A3A7F4';
INSERT INTO assets(identifier, name, type) VALUES("eip155:1/erc20:0xC11b1268C1A384e55C48c2391d8d480264A3A7F4", "Compound Wrapped BTC", "C"); INSERT INTO evm_tokens(identifier, token_kind, chain, address, decimals, protocol) VALUES("eip155:1/erc20:0xC11b1268C1A384e55C48c2391d8d480264A3A7F4", "A", 1, "0xC11b1268C1A384e55C48c2391d8d480264A3A7F4", 8, "compound"); INSERT INTO common_asset_details(identifier, symbol, coingecko, cryptocompare, forked, started, swapped_for) VALUES("eip155:1/erc20:0xC11b1268C1A384e55C48c2391d8d480264A3A7F4", "cWBTC", "compound-wrapped-btc", "CWBTC", NULL, 1563263257, NULL);
UPDATE common_asset_details SET cryptocompare = 'VSP' WHERE identifier = 'eip155:1/erc20:0x1b40183EFB4Dd766f11bDa7A7c3AD8982e998421';
INSERT INTO assets(identifier, name, type) VALUES("eip155:1/erc20:0x1b40183EFB4Dd766f11bDa7A7c3AD8982e998421", "VesperToken", "C"); INSERT INTO evm_tokens(identifier, token_kind, chain, address, decimals, protocol) VALUES("eip155:1/erc20:0x1b40183EFB4Dd766f11bDa7A7c3AD8982e998421", "A", 1, "0x1b40183EFB4Dd766f11bDa7A7c3AD8982e998421", 18, ""); INSERT INTO common_asset_details(identifier, symbol, coingecko, cryptocompare, forked, started, swapped_for) VALUES("eip155:1/erc20:0x1b40183EFB4Dd766f11bDa7A7c3AD8982e998421", "VSP", "vesper-finance", "VSP", NULL, 1613051449, NULL);
UPDATE common_asset_details SET cryptocompare = 'BID' WHERE identifier = 'eip155:1/erc20:0x25e1474170c4c0aA64fa98123bdc8dB49D7802fa';
INSERT INTO assets(identifier, name, type) VALUES("eip155:1/erc20:0x25e1474170c4c0aA64fa98123bdc8dB49D7802fa", "Bidao", "C"); INSERT INTO evm_tokens(identifier, token_kind, chain, address, decimals, protocol) VALUES("eip155:1/erc20:0x25e1474170c4c0aA64fa98123bdc8dB49D7802fa", "A", 1, "0x25e1474170c4c0aA64fa98123bdc8dB49D7802fa", 18, ""); INSERT INTO common_asset_details(identifier, symbol, coingecko, cryptocompare, forked, started, swapped_for) VALUES("eip155:1/erc20:0x25e1474170c4c0aA64fa98123bdc8dB49D7802fa", "BID", "bidao", "BID", NULL, 1600933448, NULL);
UPDATE common_asset_details SET cryptocompare = 'WAXL' WHERE identifier = 'eip155:1/erc20:0x467719aD09025FcC6cF6F8311755809d45a5E5f3';
INSERT INTO assets(identifier, name, type) VALUES("eip155:1/erc20:0x467719aD09025FcC6cF6F8311755809d45a5E5f3", "Axelar", "C"); INSERT INTO evm_tokens(identifier, token_kind, chain, address, decimals, protocol) VALUES("eip155:1/erc20:0x467719aD09025FcC6cF6F8311755809d45a5E5f3", "A", 1, "0x467719aD09025FcC6cF6F8311755809d45a5E5f3", 6, ""); INSERT INTO common_asset_details(identifier, symbol, coingecko, cryptocompare, forked, started, swapped_for) VALUES("eip155:1/erc20:0x467719aD09025FcC6cF6F8311755809d45a5E5f3", "AXL", "axelar", "WAXL", NULL, 1661795465, NULL);
UPDATE common_asset_details SET cryptocompare = 'CVG' WHERE identifier = 'eip155:1/erc20:0x97efFB790f2fbB701D88f89DB4521348A2B77be8';
INSERT INTO assets(identifier, name, type) VALUES("eip155:1/erc20:0x97efFB790f2fbB701D88f89DB4521348A2B77be8", "Convergence", "C"); INSERT INTO evm_tokens(identifier, token_kind, chain, address, decimals, protocol) VALUES("eip155:1/erc20:0x97efFB790f2fbB701D88f89DB4521348A2B77be8", "A", 1, "0x97efFB790f2fbB701D88f89DB4521348A2B77be8", 18, ""); INSERT INTO common_asset_details(identifier, symbol, coingecko, cryptocompare, forked, started, swapped_for) VALUES("eip155:1/erc20:0x97efFB790f2fbB701D88f89DB4521348A2B77be8", "CVG", "", "CVG", NULL, NULL, NULL);
UPDATE common_asset_details SET cryptocompare = 'VCHF' WHERE identifier = 'eip155:1/erc20:0x79d4f0232A66c4c91b89c76362016A1707CFBF4f';
INSERT INTO assets(identifier, name, type) VALUES("eip155:1/erc20:0x79d4f0232A66c4c91b89c76362016A1707CFBF4f", "VNX Franc", "C"); INSERT INTO evm_tokens(identifier, token_kind, chain, address, decimals, protocol) VALUES("eip155:1/erc20:0x79d4f0232A66c4c91b89c76362016A1707CFBF4f", "A", 1, "0x79d4f0232A66c4c91b89c76362016A1707CFBF4f", 18, ""); INSERT INTO common_asset_details(identifier, symbol, coingecko, cryptocompare, forked, started, swapped_for) VALUES("eip155:1/erc20:0x79d4f0232A66c4c91b89c76362016A1707CFBF4f", "VCHF", "", "VCHF", NULL, NULL, NULL);
UPDATE common_asset_details SET cryptocompare = 'MDS' WHERE identifier = 'eip155:1/erc20:0x66186008C1050627F979d464eABb258860563dbE';
INSERT INTO assets(identifier, name, type) VALUES("eip155:1/erc20:0x66186008C1050627F979d464eABb258860563dbE", "MediShares", "C"); INSERT INTO evm_tokens(identifier, token_kind, chain, address, decimals, protocol) VALUES("eip155:1/erc20:0x66186008C1050627F979d464eABb258860563dbE", "A", 1, "0x66186008C1050627F979d464eABb258860563dbE", 18, ""); INSERT INTO common_asset_details(identifier, symbol, coingecko, cryptocompare, forked, started, swapped_for) VALUES("eip155:1/erc20:0x66186008C1050627F979d464eABb258860563dbE", "MDS", "medishares", "MDS", NULL, 1511415196, NULL);
UPDATE common_asset_details SET cryptocompare = 'OSETH' WHERE identifier = 'eip155:1/erc20:0xf1C9acDc66974dFB6dEcB12aA385b9cD01190E38';
INSERT INTO assets(identifier, name, type) VALUES("eip155:1/erc20:0xf1C9acDc66974dFB6dEcB12aA385b9cD01190E38", "Staked ETH", "C"); INSERT INTO evm_tokens(identifier, token_kind, chain, address, decimals, protocol) VALUES("eip155:1/erc20:0xf1C9acDc66974dFB6dEcB12aA385b9cD01190E38", "A", 1, "0xf1C9acDc66974dFB6dEcB12aA385b9cD01190E38", 18, ""); INSERT INTO common_asset_details(identifier, symbol, coingecko, cryptocompare, forked, started, swapped_for) VALUES("eip155:1/erc20:0xf1C9acDc66974dFB6dEcB12aA385b9cD01190E38", "osETH", "", "OSETH", NULL, NULL, NULL);
UPDATE common_asset_details SET cryptocompare = 'ZB' WHERE identifier = 'eip155:1/erc20:0xBd0793332e9fB844A52a205A233EF27a5b34B927';
INSERT INTO assets(identifier, name, type) VALUES("eip155:1/erc20:0xBd0793332e9fB844A52a205A233EF27a5b34B927", "ZB Token", "C"); INSERT INTO evm_tokens(identifier, token_kind, chain, address, decimals, protocol) VALUES("eip155:1/erc20:0xBd0793332e9fB844A52a205A233EF27a5b34B927", "A", 1, "0xBd0793332e9fB844A52a205A233EF27a5b34B927", 18, ""); INSERT INTO common_asset_details(identifier, symbol, coingecko, cryptocompare, forked, started, swapped_for) VALUES("eip155:1/erc20:0xBd0793332e9fB844A52a205A233EF27a5b34B927", "ZB", "zb-token", "ZB", NULL, 1529751168, NULL);
UPDATE common_asset_details SET cryptocompare = 'CSP' WHERE identifier = 'eip155:1/erc20:0xA6446D655a0c34bC4F05042EE88170D056CBAf45';
INSERT INTO assets(identifier, name, type) VALUES("eip155:1/erc20:0xA6446D655a0c34bC4F05042EE88170D056CBAf45", "Caspian Token", "C"); INSERT INTO evm_tokens(identifier, token_kind, chain, address, decimals, protocol) VALUES("eip155:1/erc20:0xA6446D655a0c34bC4F05042EE88170D056CBAf45", "A", 1, "0xA6446D655a0c34bC4F05042EE88170D056CBAf45", 18, ""); INSERT INTO common_asset_details(identifier, symbol, coingecko, cryptocompare, forked, started, swapped_for) VALUES("eip155:1/erc20:0xA6446D655a0c34bC4F05042EE88170D056CBAf45", "CSP", "caspian", "CSP", NULL, 1537450329, NULL);
UPDATE common_asset_details SET cryptocompare = 'SNTR' WHERE identifier = 'eip155:1/erc20:0x2859021eE7F2Cb10162E67F33Af2D22764B31aFf';
INSERT INTO assets(identifier, name, type) VALUES("eip155:1/erc20:0x2859021eE7F2Cb10162E67F33Af2D22764B31aFf", "Silent Notary", "C"); INSERT INTO evm_tokens(identifier, token_kind, chain, address, decimals, protocol) VALUES("eip155:1/erc20:0x2859021eE7F2Cb10162E67F33Af2D22764B31aFf", "A", 1, "0x2859021eE7F2Cb10162E67F33Af2D22764B31aFf", 4, ""); INSERT INTO common_asset_details(identifier, symbol, coingecko, cryptocompare, forked, started, swapped_for) VALUES("eip155:1/erc20:0x2859021eE7F2Cb10162E67F33Af2D22764B31aFf", "SNTR", "silent-notary", "SNTR", NULL, 1510223037, NULL);
UPDATE common_asset_details SET cryptocompare = 'AUC' WHERE identifier = 'eip155:1/erc20:0xc12d099be31567add4e4e4d0D45691C3F58f5663';
INSERT INTO assets(identifier, name, type) VALUES("eip155:1/erc20:0xc12d099be31567add4e4e4d0D45691C3F58f5663", "Auctus", "C"); INSERT INTO evm_tokens(identifier, token_kind, chain, address, decimals, protocol) VALUES("eip155:1/erc20:0xc12d099be31567add4e4e4d0D45691C3F58f5663", "A", 1, "0xc12d099be31567add4e4e4d0D45691C3F58f5663", 18, ""); INSERT INTO common_asset_details(identifier, symbol, coingecko, cryptocompare, forked, started, swapped_for) VALUES("eip155:1/erc20:0xc12d099be31567add4e4e4d0D45691C3F58f5663", "AUC", "auctus", "AUC", NULL, 1522090240, NULL);
UPDATE common_asset_details SET cryptocompare = 'PICKLE' WHERE identifier = 'eip155:1/erc20:0x429881672B9AE42b8EbA0E26cD9C73711b891Ca5';
INSERT INTO assets(identifier, name, type) VALUES("eip155:1/erc20:0x429881672B9AE42b8EbA0E26cD9C73711b891Ca5", "PickleToken", "C"); INSERT INTO evm_tokens(identifier, token_kind, chain, address, decimals, protocol) VALUES("eip155:1/erc20:0x429881672B9AE42b8EbA0E26cD9C73711b891Ca5", "A", 1, "0x429881672B9AE42b8EbA0E26cD9C73711b891Ca5", 18, ""); INSERT INTO common_asset_details(identifier, symbol, coingecko, cryptocompare, forked, started, swapped_for) VALUES("eip155:1/erc20:0x429881672B9AE42b8EbA0E26cD9C73711b891Ca5", "PICKLE", "pickle-finance", "PICKLE", NULL, 1599694316, NULL);
UPDATE common_asset_details SET cryptocompare = 'STETH' WHERE identifier = 'eip155:1/erc20:0xae7ab96520DE3A18E5e111B5EaAb095312D7fE84';
INSERT INTO assets(identifier, name, type) VALUES("eip155:1/erc20:0xae7ab96520DE3A18E5e111B5EaAb095312D7fE84", "Liquid staked Ether 2.0", "C"); INSERT INTO evm_tokens(identifier, token_kind, chain, address, decimals, protocol) VALUES("eip155:1/erc20:0xae7ab96520DE3A18E5e111B5EaAb095312D7fE84", "A", 1, "0xae7ab96520DE3A18E5e111B5EaAb095312D7fE84", 18, ""); INSERT INTO common_asset_details(identifier, symbol, coingecko, cryptocompare, forked, started, swapped_for) VALUES("eip155:1/erc20:0xae7ab96520DE3A18E5e111B5EaAb095312D7fE84", "stETH", "staked-ether", "STETH", NULL, 1608242396, NULL);
UPDATE common_asset_details SET cryptocompare = 'ALPHA' WHERE identifier = 'eip155:56/erc20:0xa1faa113cbE53436Df28FF0aEe54275c13B40975';
INSERT INTO assets(identifier, name, type) VALUES("eip155:56/erc20:0xa1faa113cbE53436Df28FF0aEe54275c13B40975", "AlphaToken", "C"); INSERT INTO evm_tokens(identifier, token_kind, chain, address, decimals, protocol) VALUES("eip155:56/erc20:0xa1faa113cbE53436Df28FF0aEe54275c13B40975", "A", 56, "0xa1faa113cbE53436Df28FF0aEe54275c13B40975", 18, ""); INSERT INTO common_asset_details(identifier, symbol, coingecko, cryptocompare, forked, started, swapped_for) VALUES("eip155:56/erc20:0xa1faa113cbE53436Df28FF0aEe54275c13B40975", "ALPHA", "alpha-finance", "ALPHA", NULL, 1601197936, NULL);
UPDATE common_asset_details SET cryptocompare = 'GUSD' WHERE identifier = 'eip155:1/erc20:0x056Fd409E1d7A124BD7017459dFEa2F387b6d5Cd';
INSERT INTO assets(identifier, name, type) VALUES("eip155:1/erc20:0x056Fd409E1d7A124BD7017459dFEa2F387b6d5Cd", "Gemini Dollar", "C"); INSERT INTO evm_tokens(identifier, token_kind, chain, address, decimals, protocol) VALUES("eip155:1/erc20:0x056Fd409E1d7A124BD7017459dFEa2F387b6d5Cd", "A", 1, "0x056Fd409E1d7A124BD7017459dFEa2F387b6d5Cd", 2, ""); INSERT INTO common_asset_details(identifier, symbol, coingecko, cryptocompare, forked, started, swapped_for) VALUES("eip155:1/erc20:0x056Fd409E1d7A124BD7017459dFEa2F387b6d5Cd", "GUSD", "gemini-dollar", "GUSD", NULL, 1536521774, NULL);
UPDATE common_asset_details SET cryptocompare = 'BBI' WHERE identifier = 'eip155:1/erc20:0x37D40510a2F5Bc98AA7a0f7BF4b3453Bcfb90Ac1';
INSERT INTO assets(identifier, name, type) VALUES("eip155:1/erc20:0x37D40510a2F5Bc98AA7a0f7BF4b3453Bcfb90Ac1", "BelugaPay", "C"); INSERT INTO evm_tokens(identifier, token_kind, chain, address, decimals, protocol) VALUES("eip155:1/erc20:0x37D40510a2F5Bc98AA7a0f7BF4b3453Bcfb90Ac1", "A", 1, "0x37D40510a2F5Bc98AA7a0f7BF4b3453Bcfb90Ac1", 18, ""); INSERT INTO common_asset_details(identifier, symbol, coingecko, cryptocompare, forked, started, swapped_for) VALUES("eip155:1/erc20:0x37D40510a2F5Bc98AA7a0f7BF4b3453Bcfb90Ac1", "BBI", "belugapay", "BBI", NULL, 1507939200, NULL);
UPDATE common_asset_details SET cryptocompare = 'RCKT' WHERE identifier = 'eip155:8453/erc20:0x6653dD4B92a0e5Bf8ae570A98906d9D6fD2eEc09';
INSERT INTO assets(identifier, name, type) VALUES("eip155:8453/erc20:0x6653dD4B92a0e5Bf8ae570A98906d9D6fD2eEc09", "RocketSwap", "C"); INSERT INTO evm_tokens(identifier, token_kind, chain, address, decimals, protocol) VALUES("eip155:8453/erc20:0x6653dD4B92a0e5Bf8ae570A98906d9D6fD2eEc09", "A", 8453, "0x6653dD4B92a0e5Bf8ae570A98906d9D6fD2eEc09", 18, ""); INSERT INTO common_asset_details(identifier, symbol, coingecko, cryptocompare, forked, started, swapped_for) VALUES("eip155:8453/erc20:0x6653dD4B92a0e5Bf8ae570A98906d9D6fD2eEc09", "RCKT", "rocketswap", "RCKT", NULL, 1690255319, NULL);
UPDATE common_asset_details SET cryptocompare = 'FDUSD' WHERE identifier = 'eip155:1/erc20:0xc5f0f7b66764F6ec8C8Dff7BA683102295E16409';
INSERT INTO assets(identifier, name, type) VALUES("eip155:1/erc20:0xc5f0f7b66764F6ec8C8Dff7BA683102295E16409", "First Digital USD", "C"); INSERT INTO evm_tokens(identifier, token_kind, chain, address, decimals, protocol) VALUES("eip155:1/erc20:0xc5f0f7b66764F6ec8C8Dff7BA683102295E16409", "A", 1, "0xc5f0f7b66764F6ec8C8Dff7BA683102295E16409", 18, ""); INSERT INTO common_asset_details(identifier, symbol, coingecko, cryptocompare, forked, started, swapped_for) VALUES("eip155:1/erc20:0xc5f0f7b66764F6ec8C8Dff7BA683102295E16409", "FDUSD", "first-digital-usd", "FDUSD", NULL, NULL, NULL);
UPDATE common_asset_details SET cryptocompare = 'STAKE' WHERE identifier = 'eip155:1/erc20:0x0Ae055097C6d159879521C384F1D2123D1f195e6';
INSERT INTO assets(identifier, name, type) VALUES("eip155:1/erc20:0x0Ae055097C6d159879521C384F1D2123D1f195e6", "xDAI STAKE", "C"); INSERT INTO evm_tokens(identifier, token_kind, chain, address, decimals, protocol) VALUES("eip155:1/erc20:0x0Ae055097C6d159879521C384F1D2123D1f195e6", "A", 1, "0x0Ae055097C6d159879521C384F1D2123D1f195e6", 18, ""); INSERT INTO common_asset_details(identifier, symbol, coingecko, cryptocompare, forked, started, swapped_for) VALUES("eip155:1/erc20:0x0Ae055097C6d159879521C384F1D2123D1f195e6", "STAKE", "xdai-stake", "STAKE", NULL, 1586959457, NULL);
UPDATE common_asset_details SET cryptocompare = 'YAMV2' WHERE identifier = 'eip155:1/erc20:0xAba8cAc6866B83Ae4eec97DD07ED254282f6aD8A';
INSERT INTO assets(identifier, name, type) VALUES("eip155:1/erc20:0xAba8cAc6866B83Ae4eec97DD07ED254282f6aD8A", "YAMv2", "C"); INSERT INTO evm_tokens(identifier, token_kind, chain, address, decimals, protocol) VALUES("eip155:1/erc20:0xAba8cAc6866B83Ae4eec97DD07ED254282f6aD8A", "A", 1, "0xAba8cAc6866B83Ae4eec97DD07ED254282f6aD8A", 24, ""); INSERT INTO common_asset_details(identifier, symbol, coingecko, cryptocompare, forked, started, swapped_for) VALUES("eip155:1/erc20:0xAba8cAc6866B83Ae4eec97DD07ED254282f6aD8A", "YAMv2", "yam-v2", "YAMV2", NULL, 1597849378, NULL);
UPDATE common_asset_details SET cryptocompare = 'DRP' WHERE identifier = 'eip155:1/erc20:0x621d78f2EF2fd937BFca696CabaF9A779F59B3Ed';
INSERT INTO assets(identifier, name, type) VALUES("eip155:1/erc20:0x621d78f2EF2fd937BFca696CabaF9A779F59B3Ed", "DCORP", "C"); INSERT INTO evm_tokens(identifier, token_kind, chain, address, decimals, protocol) VALUES("eip155:1/erc20:0x621d78f2EF2fd937BFca696CabaF9A779F59B3Ed", "A", 1, "0x621d78f2EF2fd937BFca696CabaF9A779F59B3Ed", 2, ""); INSERT INTO common_asset_details(identifier, symbol, coingecko, cryptocompare, forked, started, swapped_for) VALUES("eip155:1/erc20:0x621d78f2EF2fd937BFca696CabaF9A779F59B3Ed", "DRP", "dcorp", "DRP", NULL, 1495411200, NULL);
UPDATE common_asset_details SET cryptocompare = 'DOGE' WHERE identifier = 'DOGE';
INSERT INTO assets(identifier, name, type) VALUES("DOGE", "Dogecoin", "B"); INSERT INTO common_asset_details(identifier, symbol, coingecko, cryptocompare, forked, started, swapped_for) VALUES("DOGE", "DOGE", "dogecoin", "DOGE", NULL, 1386325540, NULL);
UPDATE common_asset_details SET cryptocompare = 'DLT' WHERE identifier = 'eip155:1/erc20:0x07e3c70653548B04f0A75970C1F81B4CBbFB606f';
INSERT INTO assets(identifier, name, type) VALUES("eip155:1/erc20:0x07e3c70653548B04f0A75970C1F81B4CBbFB606f", "Agrello", "C"); INSERT INTO evm_tokens(identifier, token_kind, chain, address, decimals, protocol) VALUES("eip155:1/erc20:0x07e3c70653548B04f0A75970C1F81B4CBbFB606f", "A", 1, "0x07e3c70653548B04f0A75970C1F81B4CBbFB606f", 18, ""); INSERT INTO common_asset_details(identifier, symbol, coingecko, cryptocompare, forked, started, swapped_for) VALUES("eip155:1/erc20:0x07e3c70653548B04f0A75970C1F81B4CBbFB606f", "DLT", "dollarlite", "DLT", NULL, 1500163200, NULL);
UPDATE common_asset_details SET cryptocompare = 'NBC' WHERE identifier = 'eip155:1/erc20:0x9F195617fA8fbAD9540C5D113A99A0a0172aaEDC';
INSERT INTO assets(identifier, name, type) VALUES("eip155:1/erc20:0x9F195617fA8fbAD9540C5D113A99A0a0172aaEDC", "Niobium Coin", "C"); INSERT INTO evm_tokens(identifier, token_kind, chain, address, decimals, protocol) VALUES("eip155:1/erc20:0x9F195617fA8fbAD9540C5D113A99A0a0172aaEDC", "A", 1, "0x9F195617fA8fbAD9540C5D113A99A0a0172aaEDC", 18, ""); INSERT INTO common_asset_details(identifier, symbol, coingecko, cryptocompare, forked, started, swapped_for) VALUES("eip155:1/erc20:0x9F195617fA8fbAD9540C5D113A99A0a0172aaEDC", "NBC", "niobium-coin", "NBC", NULL, 1512118339, NULL);
UPDATE common_asset_details SET cryptocompare = 'FIDU' WHERE identifier = 'eip155:1/erc20:0x6a445E9F40e0b97c92d0b8a3366cEF1d67F700BF';
INSERT INTO assets(identifier, name, type) VALUES("eip155:1/erc20:0x6a445E9F40e0b97c92d0b8a3366cEF1d67F700BF", "Fidu", "C"); INSERT INTO evm_tokens(identifier, token_kind, chain, address, decimals, protocol) VALUES("eip155:1/erc20:0x6a445E9F40e0b97c92d0b8a3366cEF1d67F700BF", "A", 1, "0x6a445E9F40e0b97c92d0b8a3366cEF1d67F700BF", 18, ""); INSERT INTO common_asset_details(identifier, symbol, coingecko, cryptocompare, forked, started, swapped_for) VALUES("eip155:1/erc20:0x6a445E9F40e0b97c92d0b8a3366cEF1d67F700BF", "FIDU", "fidu", "FIDU", NULL, NULL, NULL);
UPDATE common_asset_details SET cryptocompare = 'XOV' WHERE identifier = 'eip155:1/erc20:0x153eD9CC1b792979d2Bde0BBF45CC2A7e436a5F9';
INSERT INTO assets(identifier, name, type) VALUES("eip155:1/erc20:0x153eD9CC1b792979d2Bde0BBF45CC2A7e436a5F9", "XOVBank", "C"); INSERT INTO evm_tokens(identifier, token_kind, chain, address, decimals, protocol) VALUES("eip155:1/erc20:0x153eD9CC1b792979d2Bde0BBF45CC2A7e436a5F9", "A", 1, "0x153eD9CC1b792979d2Bde0BBF45CC2A7e436a5F9", 18, ""); INSERT INTO common_asset_details(identifier, symbol, coingecko, cryptocompare, forked, started, swapped_for) VALUES("eip155:1/erc20:0x153eD9CC1b792979d2Bde0BBF45CC2A7e436a5F9", "XOV", "xov", "XOV", NULL, 1524920924, NULL);
UPDATE common_asset_details SET cryptocompare = 'DEPO' WHERE identifier = 'eip155:1/erc20:0x89cbeAC5E8A13F0Ebb4C74fAdFC69bE81A501106';
INSERT INTO assets(identifier, name, type) VALUES("eip155:1/erc20:0x89cbeAC5E8A13F0Ebb4C74fAdFC69bE81A501106", "Depository Network", "C"); INSERT INTO evm_tokens(identifier, token_kind, chain, address, decimals, protocol) VALUES("eip155:1/erc20:0x89cbeAC5E8A13F0Ebb4C74fAdFC69bE81A501106", "A", 1, "0x89cbeAC5E8A13F0Ebb4C74fAdFC69bE81A501106", 18, ""); INSERT INTO common_asset_details(identifier, symbol, coingecko, cryptocompare, forked, started, swapped_for) VALUES("eip155:1/erc20:0x89cbeAC5E8A13F0Ebb4C74fAdFC69bE81A501106", "DEPO", "", "DEPO", NULL, 1529488628, NULL);
UPDATE common_asset_details SET cryptocompare = 'MTC' WHERE identifier = 'eip155:1/erc20:0x905E337c6c8645263D3521205Aa37bf4d034e745';
INSERT INTO assets(identifier, name, type) VALUES("eip155:1/erc20:0x905E337c6c8645263D3521205Aa37bf4d034e745", "doc.com Token", "C"); INSERT INTO evm_tokens(identifier, token_kind, chain, address, decimals, protocol) VALUES("eip155:1/erc20:0x905E337c6c8645263D3521205Aa37bf4d034e745", "A", 1, "0x905E337c6c8645263D3521205Aa37bf4d034e745", 18, ""); INSERT INTO common_asset_details(identifier, symbol, coingecko, cryptocompare, forked, started, swapped_for) VALUES("eip155:1/erc20:0x905E337c6c8645263D3521205Aa37bf4d034e745", "MTC", "medical-token-currency", "MTC", NULL, 1515974400, NULL);
UPDATE common_asset_details SET cryptocompare = 'DUSK' WHERE identifier = 'eip155:1/erc20:0x940a2dB1B7008B6C776d4faaCa729d6d4A4AA551';
INSERT INTO assets(identifier, name, type) VALUES("eip155:1/erc20:0x940a2dB1B7008B6C776d4faaCa729d6d4A4AA551", "Dusk Network", "C"); INSERT INTO evm_tokens(identifier, token_kind, chain, address, decimals, protocol) VALUES("eip155:1/erc20:0x940a2dB1B7008B6C776d4faaCa729d6d4A4AA551", "A", 1, "0x940a2dB1B7008B6C776d4faaCa729d6d4A4AA551", 18, ""); INSERT INTO common_asset_details(identifier, symbol, coingecko, cryptocompare, forked, started, swapped_for) VALUES("eip155:1/erc20:0x940a2dB1B7008B6C776d4faaCa729d6d4A4AA551", "DUSK", "dusk-network", "DUSK", NULL, 1544486400, NULL);
UPDATE common_asset_details SET cryptocompare = 'EZT' WHERE identifier = 'eip155:1/erc20:0x5e6016Ae7d7C49d347dcF834860B9f3Ee282812b';
INSERT INTO assets(identifier, name, type) VALUES("eip155:1/erc20:0x5e6016Ae7d7C49d347dcF834860B9f3Ee282812b", "EZToken", "C"); INSERT INTO evm_tokens(identifier, token_kind, chain, address, decimals, protocol) VALUES("eip155:1/erc20:0x5e6016Ae7d7C49d347dcF834860B9f3Ee282812b", "A", 1, "0x5e6016Ae7d7C49d347dcF834860B9f3Ee282812b", 8, ""); INSERT INTO common_asset_details(identifier, symbol, coingecko, cryptocompare, forked, started, swapped_for) VALUES("eip155:1/erc20:0x5e6016Ae7d7C49d347dcF834860B9f3Ee282812b", "EZT", "", "EZT", NULL, 1513900800, NULL);
UPDATE common_asset_details SET cryptocompare = 'METH' WHERE identifier = 'eip155:1/erc20:0xd5F7838F5C461fefF7FE49ea5ebaF7728bB0ADfa';
INSERT INTO assets(identifier, name, type) VALUES("eip155:1/erc20:0xd5F7838F5C461fefF7FE49ea5ebaF7728bB0ADfa", "mETH", "C"); INSERT INTO evm_tokens(identifier, token_kind, chain, address, decimals, protocol) VALUES("eip155:1/erc20:0xd5F7838F5C461fefF7FE49ea5ebaF7728bB0ADfa", "A", 1, "0xd5F7838F5C461fefF7FE49ea5ebaF7728bB0ADfa", 18, ""); INSERT INTO common_asset_details(identifier, symbol, coingecko, cryptocompare, forked, started, swapped_for) VALUES("eip155:1/erc20:0xd5F7838F5C461fefF7FE49ea5ebaF7728bB0ADfa", "mETH", "mantle-staked-ether", "METH", NULL, 1696584719, NULL);
UPDATE common_asset_details SET cryptocompare = 'BANCA' WHERE identifier = 'eip155:1/erc20:0x998b3B82bC9dBA173990Be7afb772788B5aCB8Bd';
INSERT INTO assets(identifier, name, type) VALUES("eip155:1/erc20:0x998b3B82bC9dBA173990Be7afb772788B5aCB8Bd", "Banca", "C"); INSERT INTO evm_tokens(identifier, token_kind, chain, address, decimals, protocol) VALUES("eip155:1/erc20:0x998b3B82bC9dBA173990Be7afb772788B5aCB8Bd", "A", 1, "0x998b3B82bC9dBA173990Be7afb772788B5aCB8Bd", 18, ""); INSERT INTO common_asset_details(identifier, symbol, coingecko, cryptocompare, forked, started, swapped_for) VALUES("eip155:1/erc20:0x998b3B82bC9dBA173990Be7afb772788B5aCB8Bd", "BANCA", "banca", "BANCA", NULL, 1517545620, NULL);
UPDATE common_asset_details SET cryptocompare = 'RSWETH' WHERE identifier = 'eip155:1/erc20:0xFAe103DC9cf190eD75350761e95403b7b8aFa6c0';
INSERT INTO assets(identifier, name, type) VALUES("eip155:1/erc20:0xFAe103DC9cf190eD75350761e95403b7b8aFa6c0", "rswETH", "C"); INSERT INTO evm_tokens(identifier, token_kind, chain, address, decimals, protocol) VALUES("eip155:1/erc20:0xFAe103DC9cf190eD75350761e95403b7b8aFa6c0", "A", 1, "0xFAe103DC9cf190eD75350761e95403b7b8aFa6c0", 18, ""); INSERT INTO common_asset_details(identifier, symbol, coingecko, cryptocompare, forked, started, swapped_for) VALUES("eip155:1/erc20:0xFAe103DC9cf190eD75350761e95403b7b8aFa6c0", "rswETH", "", "RSWETH", NULL, NULL, NULL);
UPDATE common_asset_details SET cryptocompare = 'BZ' WHERE identifier = 'eip155:1/erc20:0x4375E7aD8A01B8eC3Ed041399f62D9Cd120e0063';
INSERT INTO assets(identifier, name, type) VALUES("eip155:1/erc20:0x4375E7aD8A01B8eC3Ed041399f62D9Cd120e0063", "Bit-Z Token", "C"); INSERT INTO evm_tokens(identifier, token_kind, chain, address, decimals, protocol) VALUES("eip155:1/erc20:0x4375E7aD8A01B8eC3Ed041399f62D9Cd120e0063", "A", 1, "0x4375E7aD8A01B8eC3Ed041399f62D9Cd120e0063", 18, ""); INSERT INTO common_asset_details(identifier, symbol, coingecko, cryptocompare, forked, started, swapped_for) VALUES("eip155:1/erc20:0x4375E7aD8A01B8eC3Ed041399f62D9Cd120e0063", "BZ", "bit-z-token", "BZ", NULL, 1529575592, NULL);
UPDATE common_asset_details SET cryptocompare = 'XDCE' WHERE identifier = 'eip155:1/erc20:0x41AB1b6fcbB2fA9DCEd81aCbdeC13Ea6315F2Bf2';
INSERT INTO assets(identifier, name, type) VALUES("eip155:1/erc20:0x41AB1b6fcbB2fA9DCEd81aCbdeC13Ea6315F2Bf2", "XinFin Network", "C"); INSERT INTO evm_tokens(identifier, token_kind, chain, address, decimals, protocol) VALUES("eip155:1/erc20:0x41AB1b6fcbB2fA9DCEd81aCbdeC13Ea6315F2Bf2", "A", 1, "0x41AB1b6fcbB2fA9DCEd81aCbdeC13Ea6315F2Bf2", 18, ""); INSERT INTO common_asset_details(identifier, symbol, coingecko, cryptocompare, forked, started, swapped_for) VALUES("eip155:1/erc20:0x41AB1b6fcbB2fA9DCEd81aCbdeC13Ea6315F2Bf2", "XDCE", "xdce-crowd-sale", "XDCE", NULL, 1498608000, NULL);
UPDATE common_asset_details SET cryptocompare = 'FRV' WHERE identifier = 'eip155:1/erc20:0x48DF4E0296f908CEAb0428A5182D19B31fC037d6';
INSERT INTO assets(identifier, name, type) VALUES("eip155:1/erc20:0x48DF4E0296f908CEAb0428A5182D19B31fC037d6", "Fitrova", "C"); INSERT INTO evm_tokens(identifier, token_kind, chain, address, decimals, protocol) VALUES("eip155:1/erc20:0x48DF4E0296f908CEAb0428A5182D19B31fC037d6", "A", 1, "0x48DF4E0296f908CEAb0428A5182D19B31fC037d6", 8, ""); INSERT INTO common_asset_details(identifier, symbol, coingecko, cryptocompare, forked, started, swapped_for) VALUES("eip155:1/erc20:0x48DF4E0296f908CEAb0428A5182D19B31fC037d6", "FRV", "", "FRV", NULL, 1518784824, NULL);
UPDATE common_asset_details SET cryptocompare = 'XSR' WHERE identifier = 'eip155:1/erc20:0x6bC1F3A1ae56231DbB64d3E82E070857EAe86045';
INSERT INTO assets(identifier, name, type) VALUES("eip155:1/erc20:0x6bC1F3A1ae56231DbB64d3E82E070857EAe86045", "Xensor", "C"); INSERT INTO evm_tokens(identifier, token_kind, chain, address, decimals, protocol) VALUES("eip155:1/erc20:0x6bC1F3A1ae56231DbB64d3E82E070857EAe86045", "A", 1, "0x6bC1F3A1ae56231DbB64d3E82E070857EAe86045", 18, ""); INSERT INTO common_asset_details(identifier, symbol, coingecko, cryptocompare, forked, started, swapped_for) VALUES("eip155:1/erc20:0x6bC1F3A1ae56231DbB64d3E82E070857EAe86045", "XSR", "xensor", "XSR", NULL, 1571636345, NULL);
UPDATE common_asset_details SET cryptocompare = '300' WHERE identifier = 'eip155:1/erc20:0xaEc98A708810414878c3BCDF46Aad31dEd4a4557';
INSERT INTO assets(identifier, name, type) VALUES("eip155:1/erc20:0xaEc98A708810414878c3BCDF46Aad31dEd4a4557", "300 Token", "C"); INSERT INTO evm_tokens(identifier, token_kind, chain, address, decimals, protocol) VALUES("eip155:1/erc20:0xaEc98A708810414878c3BCDF46Aad31dEd4a4557", "A", 1, "0xaEc98A708810414878c3BCDF46Aad31dEd4a4557", 18, ""); INSERT INTO common_asset_details(identifier, symbol, coingecko, cryptocompare, forked, started, swapped_for) VALUES("eip155:1/erc20:0xaEc98A708810414878c3BCDF46Aad31dEd4a4557", "300", "", "300", NULL, 1498694400, NULL);
UPDATE common_asset_details SET cryptocompare = 'PLAY' WHERE identifier = 'eip155:1/erc20:0xE477292f1B3268687A29376116B0ED27A9c76170';
INSERT INTO assets(identifier, name, type) VALUES("eip155:1/erc20:0xE477292f1B3268687A29376116B0ED27A9c76170", "HEROcoin", "C"); INSERT INTO evm_tokens(identifier, token_kind, chain, address, decimals, protocol) VALUES("eip155:1/erc20:0xE477292f1B3268687A29376116B0ED27A9c76170", "A", 1, "0xE477292f1B3268687A29376116B0ED27A9c76170", 18, ""); INSERT INTO common_asset_details(identifier, symbol, coingecko, cryptocompare, forked, started, swapped_for) VALUES("eip155:1/erc20:0xE477292f1B3268687A29376116B0ED27A9c76170", "PLAY", "play-token", "PLAY", NULL, 1503532800, NULL);
UPDATE common_asset_details SET cryptocompare = 'GEOJ' WHERE identifier = 'eip155:1/erc20:0x23894DC9da6c94ECb439911cAF7d337746575A72';
INSERT INTO assets(identifier, name, type) VALUES("eip155:1/erc20:0x23894DC9da6c94ECb439911cAF7d337746575A72", "Geojam", "C"); INSERT INTO evm_tokens(identifier, token_kind, chain, address, decimals, protocol) VALUES("eip155:1/erc20:0x23894DC9da6c94ECb439911cAF7d337746575A72", "A", 1, "0x23894DC9da6c94ECb439911cAF7d337746575A72", 18, ""); INSERT INTO common_asset_details(identifier, symbol, coingecko, cryptocompare, forked, started, swapped_for) VALUES("eip155:1/erc20:0x23894DC9da6c94ECb439911cAF7d337746575A72", "JAM", "geojam", "GEOJ", NULL, 1638298391, NULL);
UPDATE common_asset_details SET cryptocompare = 'XSTUSD' WHERE identifier = 'eip155:1/erc20:0xc7D9c108D4E1dD1484D3e2568d7f74bfD763d356';
INSERT INTO assets(identifier, name, type) VALUES("eip155:1/erc20:0xc7D9c108D4E1dD1484D3e2568d7f74bfD763d356", "SORA Synthetic USD", "C"); INSERT INTO evm_tokens(identifier, token_kind, chain, address, decimals, protocol) VALUES("eip155:1/erc20:0xc7D9c108D4E1dD1484D3e2568d7f74bfD763d356", "A", 1, "0xc7D9c108D4E1dD1484D3e2568d7f74bfD763d356", 18, ""); INSERT INTO common_asset_details(identifier, symbol, coingecko, cryptocompare, forked, started, swapped_for) VALUES("eip155:1/erc20:0xc7D9c108D4E1dD1484D3e2568d7f74bfD763d356", "XSTUSD", "sora-synthetic-usd", "XSTUSD", NULL, NULL, NULL);
UPDATE common_asset_details SET cryptocompare = 'CZR' WHERE identifier = 'eip155:1/erc20:0x0223fc70574214F65813fE336D870Ac47E147fAe';
INSERT INTO assets(identifier, name, type) VALUES("eip155:1/erc20:0x0223fc70574214F65813fE336D870Ac47E147fAe", "CanonChain", "C"); INSERT INTO evm_tokens(identifier, token_kind, chain, address, decimals, protocol) VALUES("eip155:1/erc20:0x0223fc70574214F65813fE336D870Ac47E147fAe", "A", 1, "0x0223fc70574214F65813fE336D870Ac47E147fAe", 18, ""); INSERT INTO common_asset_details(identifier, symbol, coingecko, cryptocompare, forked, started, swapped_for) VALUES("eip155:1/erc20:0x0223fc70574214F65813fE336D870Ac47E147fAe", "CZR", "canonchain", "CZR", NULL, 1515725245, NULL);
UPDATE common_asset_details SET cryptocompare = 'FLP' WHERE identifier = 'eip155:1/erc20:0x3a1Bda28AdB5B0a812a7CF10A1950c920F79BcD3';
INSERT INTO assets(identifier, name, type) VALUES("eip155:1/erc20:0x3a1Bda28AdB5B0a812a7CF10A1950c920F79BcD3", "FLIP", "C"); INSERT INTO evm_tokens(identifier, token_kind, chain, address, decimals, protocol) VALUES("eip155:1/erc20:0x3a1Bda28AdB5B0a812a7CF10A1950c920F79BcD3", "A", 1, "0x3a1Bda28AdB5B0a812a7CF10A1950c920F79BcD3", 18, ""); INSERT INTO common_asset_details(identifier, symbol, coingecko, cryptocompare, forked, started, swapped_for) VALUES("eip155:1/erc20:0x3a1Bda28AdB5B0a812a7CF10A1950c920F79BcD3", "FLP", "gameflip", "FLP", NULL, 1507858694, NULL);
UPDATE common_asset_details SET cryptocompare = 'EVC' WHERE identifier = 'eip155:1/erc20:0xb62d18DeA74045E822352CE4B3EE77319DC5ff2F';
INSERT INTO assets(identifier, name, type) VALUES("eip155:1/erc20:0xb62d18DeA74045E822352CE4B3EE77319DC5ff2F", "EventChain", "C"); INSERT INTO evm_tokens(identifier, token_kind, chain, address, decimals, protocol) VALUES("eip155:1/erc20:0xb62d18DeA74045E822352CE4B3EE77319DC5ff2F", "A", 1, "0xb62d18DeA74045E822352CE4B3EE77319DC5ff2F", 18, ""); INSERT INTO common_asset_details(identifier, symbol, coingecko, cryptocompare, forked, started, swapped_for) VALUES("eip155:1/erc20:0xb62d18DeA74045E822352CE4B3EE77319DC5ff2F", "EVC", "eventchain", "EVC", NULL, 1504117524, NULL);
UPDATE common_asset_details SET cryptocompare = 'CYMT' WHERE identifier = 'eip155:1/erc20:0x78c292D1445E6b9558bf42e8BC369271DeD062eA';
INSERT INTO assets(identifier, name, type) VALUES("eip155:1/erc20:0x78c292D1445E6b9558bf42e8BC369271DeD062eA", "CyberMusic", "C"); INSERT INTO evm_tokens(identifier, token_kind, chain, address, decimals, protocol) VALUES("eip155:1/erc20:0x78c292D1445E6b9558bf42e8BC369271DeD062eA", "A", 1, "0x78c292D1445E6b9558bf42e8BC369271DeD062eA", 8, ""); INSERT INTO common_asset_details(identifier, symbol, coingecko, cryptocompare, forked, started, swapped_for) VALUES("eip155:1/erc20:0x78c292D1445E6b9558bf42e8BC369271DeD062eA", "CYMT", "cybermusic", "CYMT", NULL, 1535015874, NULL);
UPDATE common_asset_details SET cryptocompare = 'PBUX' WHERE identifier = 'eip155:56/erc20:0x9D1d4dE9cD93203147fAc3BC0262a78e3a0e96bb';
INSERT INTO assets(identifier, name, type) VALUES("eip155:56/erc20:0x9D1d4dE9cD93203147fAc3BC0262a78e3a0e96bb", "Playbux", "C"); INSERT INTO evm_tokens(identifier, token_kind, chain, address, decimals, protocol) VALUES("eip155:56/erc20:0x9D1d4dE9cD93203147fAc3BC0262a78e3a0e96bb", "A", 56, "0x9D1d4dE9cD93203147fAc3BC0262a78e3a0e96bb", 18, ""); INSERT INTO common_asset_details(identifier, symbol, coingecko, cryptocompare, forked, started, swapped_for) VALUES("eip155:56/erc20:0x9D1d4dE9cD93203147fAc3BC0262a78e3a0e96bb", "PBUX", "playbux", "PBUX", NULL, 1713979813, NULL);
UPDATE common_asset_details SET cryptocompare = 'ULTRAP' WHERE identifier = 'eip155:1/erc20:0x35282d87011f87508D457F08252Bc5bFa52E10A0';
INSERT INTO assets(identifier, name, type) VALUES("eip155:1/erc20:0x35282d87011f87508D457F08252Bc5bFa52E10A0", "Prisma ULTRA USD", "C"); INSERT INTO evm_tokens(identifier, token_kind, chain, address, decimals, protocol) VALUES("eip155:1/erc20:0x35282d87011f87508D457F08252Bc5bFa52E10A0", "A", 1, "0x35282d87011f87508D457F08252Bc5bFa52E10A0", 18, ""); INSERT INTO common_asset_details(identifier, symbol, coingecko, cryptocompare, forked, started, swapped_for) VALUES("eip155:1/erc20:0x35282d87011f87508D457F08252Bc5bFa52E10A0", "ULTRA", "", "ULTRAP", NULL, NULL, NULL);
UPDATE common_asset_details SET cryptocompare = 'ETHER' WHERE identifier = 'eip155:1/erc20:0xEA38eAa3C86c8F9B751533Ba2E562deb9acDED40';
INSERT INTO assets(identifier, name, type) VALUES("eip155:1/erc20:0xEA38eAa3C86c8F9B751533Ba2E562deb9acDED40", "Etherparty", "C"); INSERT INTO evm_tokens(identifier, token_kind, chain, address, decimals, protocol) VALUES("eip155:1/erc20:0xEA38eAa3C86c8F9B751533Ba2E562deb9acDED40", "A", 1, "0xEA38eAa3C86c8F9B751533Ba2E562deb9acDED40", 18, ""); INSERT INTO common_asset_details(identifier, symbol, coingecko, cryptocompare, forked, started, swapped_for) VALUES("eip155:1/erc20:0xEA38eAa3C86c8F9B751533Ba2E562deb9acDED40", "FUEL", "etherparty", "ETHER", NULL, 1506816000, NULL);
UPDATE common_asset_details SET cryptocompare = 'ITM' WHERE identifier = 'eip155:1/erc20:0x1dbED266D20D27d0bd1c4707FC002dEfE7E0267B';
INSERT INTO assets(identifier, name, type) VALUES("eip155:1/erc20:0x1dbED266D20D27d0bd1c4707FC002dEfE7E0267B", "Intimate", "C"); INSERT INTO evm_tokens(identifier, token_kind, chain, address, decimals, protocol) VALUES("eip155:1/erc20:0x1dbED266D20D27d0bd1c4707FC002dEfE7E0267B", "A", 1, "0x1dbED266D20D27d0bd1c4707FC002dEfE7E0267B", 18, ""); INSERT INTO common_asset_details(identifier, symbol, coingecko, cryptocompare, forked, started, swapped_for) VALUES("eip155:1/erc20:0x1dbED266D20D27d0bd1c4707FC002dEfE7E0267B", "ITM", "", "ITM", NULL, 1524614400, NULL);
UPDATE common_asset_details SET cryptocompare = 'CLEV' WHERE identifier = 'eip155:1/erc20:0x72953a5C32413614d24C29c84a66AE4B59581Bbf';
INSERT INTO assets(identifier, name, type) VALUES("eip155:1/erc20:0x72953a5C32413614d24C29c84a66AE4B59581Bbf", "CLever Token", "C"); INSERT INTO evm_tokens(identifier, token_kind, chain, address, decimals, protocol) VALUES("eip155:1/erc20:0x72953a5C32413614d24C29c84a66AE4B59581Bbf", "A", 1, "0x72953a5C32413614d24C29c84a66AE4B59581Bbf", 18, ""); INSERT INTO common_asset_details(identifier, symbol, coingecko, cryptocompare, forked, started, swapped_for) VALUES("eip155:1/erc20:0x72953a5C32413614d24C29c84a66AE4B59581Bbf", "CLEV", "clever-token", "CLEV", NULL, NULL, NULL);
UPDATE common_asset_details SET cryptocompare = 'WWBNB' WHERE identifier = 'eip155:137/erc20:0xeCDCB5B88F8e3C15f95c720C51c71c9E2080525d';
INSERT INTO assets(identifier, name, type) VALUES("eip155:137/erc20:0xeCDCB5B88F8e3C15f95c720C51c71c9E2080525d", "Wrapped BNB", "C"); INSERT INTO evm_tokens(identifier, token_kind, chain, address, decimals, protocol) VALUES("eip155:137/erc20:0xeCDCB5B88F8e3C15f95c720C51c71c9E2080525d", "A", 137, "0xeCDCB5B88F8e3C15f95c720C51c71c9E2080525d", 18, ""); INSERT INTO common_asset_details(identifier, symbol, coingecko, cryptocompare, forked, started, swapped_for) VALUES("eip155:137/erc20:0xeCDCB5B88F8e3C15f95c720C51c71c9E2080525d", "WBNB", "", "WWBNB", NULL, NULL, NULL);
UPDATE common_asset_details SET cryptocompare = 'FUNDREQUEST' WHERE identifier = 'eip155:1/erc20:0x4DF47B4969B2911C966506E3592c41389493953b';
INSERT INTO assets(identifier, name, type) VALUES("eip155:1/erc20:0x4DF47B4969B2911C966506E3592c41389493953b", "FundRequest", "C"); INSERT INTO evm_tokens(identifier, token_kind, chain, address, decimals, protocol) VALUES("eip155:1/erc20:0x4DF47B4969B2911C966506E3592c41389493953b", "A", 1, "0x4DF47B4969B2911C966506E3592c41389493953b", 18, ""); INSERT INTO common_asset_details(identifier, symbol, coingecko, cryptocompare, forked, started, swapped_for) VALUES("eip155:1/erc20:0x4DF47B4969B2911C966506E3592c41389493953b", "FND", "fundrequest", "FUNDREQUEST", NULL, 1480291200, NULL);
UPDATE common_asset_details SET cryptocompare = 'TCNX' WHERE identifier = 'eip155:1/erc20:0x28d7F432d24ba6020d1cbD4f28BEDc5a82F24320';
INSERT INTO assets(identifier, name, type) VALUES("eip155:1/erc20:0x28d7F432d24ba6020d1cbD4f28BEDc5a82F24320", "Tercet Network", "C"); INSERT INTO evm_tokens(identifier, token_kind, chain, address, decimals, protocol) VALUES("eip155:1/erc20:0x28d7F432d24ba6020d1cbD4f28BEDc5a82F24320", "A", 1, "0x28d7F432d24ba6020d1cbD4f28BEDc5a82F24320", 18, ""); INSERT INTO common_asset_details(identifier, symbol, coingecko, cryptocompare, forked, started, swapped_for) VALUES("eip155:1/erc20:0x28d7F432d24ba6020d1cbD4f28BEDc5a82F24320", "TCNX", "tercet-network", "TCNX", NULL, 1544428515, NULL);
UPDATE common_asset_details SET cryptocompare = 'BBCT' WHERE identifier = 'eip155:1/erc20:0xe7D3e4413E29ae35B0893140F4500965c74365e5';
INSERT INTO assets(identifier, name, type) VALUES("eip155:1/erc20:0xe7D3e4413E29ae35B0893140F4500965c74365e5", "TraDove B2BCoin", "C"); INSERT INTO evm_tokens(identifier, token_kind, chain, address, decimals, protocol) VALUES("eip155:1/erc20:0xe7D3e4413E29ae35B0893140F4500965c74365e5", "A", 1, "0xe7D3e4413E29ae35B0893140F4500965c74365e5", 18, ""); INSERT INTO common_asset_details(identifier, symbol, coingecko, cryptocompare, forked, started, swapped_for) VALUES("eip155:1/erc20:0xe7D3e4413E29ae35B0893140F4500965c74365e5", "BBC", "tradove", "BBCT", NULL, 1508371200, NULL);
UPDATE common_asset_details SET cryptocompare = 'LND' WHERE identifier = 'eip155:1/erc20:0x0947b0e6D821378805c9598291385CE7c791A6B2';
INSERT INTO assets(identifier, name, type) VALUES("eip155:1/erc20:0x0947b0e6D821378805c9598291385CE7c791A6B2", "Lendingblock", "C"); INSERT INTO evm_tokens(identifier, token_kind, chain, address, decimals, protocol) VALUES("eip155:1/erc20:0x0947b0e6D821378805c9598291385CE7c791A6B2", "A", 1, "0x0947b0e6D821378805c9598291385CE7c791A6B2", 18, ""); INSERT INTO common_asset_details(identifier, symbol, coingecko, cryptocompare, forked, started, swapped_for) VALUES("eip155:1/erc20:0x0947b0e6D821378805c9598291385CE7c791A6B2", "LND", "lendingblock", "LND", NULL, 1520261623, NULL);
UPDATE common_asset_details SET cryptocompare = 'SKIN' WHERE identifier = 'eip155:1/erc20:0x2bDC0D42996017fCe214b21607a515DA41A9E0C5';
INSERT INTO assets(identifier, name, type) VALUES("eip155:1/erc20:0x2bDC0D42996017fCe214b21607a515DA41A9E0C5", "SkinCoin", "C"); INSERT INTO evm_tokens(identifier, token_kind, chain, address, decimals, protocol) VALUES("eip155:1/erc20:0x2bDC0D42996017fCe214b21607a515DA41A9E0C5", "A", 1, "0x2bDC0D42996017fCe214b21607a515DA41A9E0C5", 6, ""); INSERT INTO common_asset_details(identifier, symbol, coingecko, cryptocompare, forked, started, swapped_for) VALUES("eip155:1/erc20:0x2bDC0D42996017fCe214b21607a515DA41A9E0C5", "SKIN", "skin-rich", "SKIN", NULL, 1496793600, NULL);
UPDATE common_asset_details SET cryptocompare = 'IDICE' WHERE identifier = 'eip155:1/erc20:0x5a84969bb663fb64F6d015DcF9F622Aedc796750';
INSERT INTO assets(identifier, name, type) VALUES("eip155:1/erc20:0x5a84969bb663fb64F6d015DcF9F622Aedc796750", "iDice", "C"); INSERT INTO evm_tokens(identifier, token_kind, chain, address, decimals, protocol) VALUES("eip155:1/erc20:0x5a84969bb663fb64F6d015DcF9F622Aedc796750", "A", 1, "0x5a84969bb663fb64F6d015DcF9F622Aedc796750", 18, ""); INSERT INTO common_asset_details(identifier, symbol, coingecko, cryptocompare, forked, started, swapped_for) VALUES("eip155:1/erc20:0x5a84969bb663fb64F6d015DcF9F622Aedc796750", "ICE", "", "IDICE", NULL, 1497225259, NULL);
UPDATE common_asset_details SET cryptocompare = 'ECOM' WHERE identifier = 'eip155:1/erc20:0x171D750d42d661B62C277a6B486ADb82348c3Eca';
INSERT INTO assets(identifier, name, type) VALUES("eip155:1/erc20:0x171D750d42d661B62C277a6B486ADb82348c3Eca", "Omnitude", "C"); INSERT INTO evm_tokens(identifier, token_kind, chain, address, decimals, protocol) VALUES("eip155:1/erc20:0x171D750d42d661B62C277a6B486ADb82348c3Eca", "A", 1, "0x171D750d42d661B62C277a6B486ADb82348c3Eca", 18, ""); INSERT INTO common_asset_details(identifier, symbol, coingecko, cryptocompare, forked, started, swapped_for) VALUES("eip155:1/erc20:0x171D750d42d661B62C277a6B486ADb82348c3Eca", "ECOM", "omnitude", "ECOM", NULL, 1517418276, NULL);
UPDATE common_asset_details SET cryptocompare = '1INCH' WHERE identifier = 'eip155:1/erc20:0x111111111117dC0aa78b770fA6A738034120C302';
INSERT INTO assets(identifier, name, type) VALUES("eip155:1/erc20:0x111111111117dC0aa78b770fA6A738034120C302", "1INCH Token", "C"); INSERT INTO evm_tokens(identifier, token_kind, chain, address, decimals, protocol) VALUES("eip155:1/erc20:0x111111111117dC0aa78b770fA6A738034120C302", "A", 1, "0x111111111117dC0aa78b770fA6A738034120C302", 18, ""); INSERT INTO common_asset_details(identifier, symbol, coingecko, cryptocompare, forked, started, swapped_for) VALUES("eip155:1/erc20:0x111111111117dC0aa78b770fA6A738034120C302", "1INCH", "1inch", "1INCH", NULL, 1608747211, NULL);
UPDATE common_asset_details SET cryptocompare = 'NFTX' WHERE identifier = 'eip155:1/erc20:0x87d73E916D7057945c9BcD8cdd94e42A6F47f776';
INSERT INTO assets(identifier, name, type) VALUES("eip155:1/erc20:0x87d73E916D7057945c9BcD8cdd94e42A6F47f776", "NFTX", "C"); INSERT INTO evm_tokens(identifier, token_kind, chain, address, decimals, protocol) VALUES("eip155:1/erc20:0x87d73E916D7057945c9BcD8cdd94e42A6F47f776", "A", 1, "0x87d73E916D7057945c9BcD8cdd94e42A6F47f776", 18, ""); INSERT INTO common_asset_details(identifier, symbol, coingecko, cryptocompare, forked, started, swapped_for) VALUES("eip155:1/erc20:0x87d73E916D7057945c9BcD8cdd94e42A6F47f776", "NFTX", "nftx", "NFTX", NULL, 1605424498, NULL);
UPDATE common_asset_details SET cryptocompare = 'EZETH' WHERE identifier = 'eip155:1/erc20:0xbf5495Efe5DB9ce00f80364C8B423567e58d2110';
INSERT INTO assets(identifier, name, type) VALUES("eip155:1/erc20:0xbf5495Efe5DB9ce00f80364C8B423567e58d2110", "Renzo Restaked ETH", "C"); INSERT INTO evm_tokens(identifier, token_kind, chain, address, decimals, protocol) VALUES("eip155:1/erc20:0xbf5495Efe5DB9ce00f80364C8B423567e58d2110", "A", 1, "0xbf5495Efe5DB9ce00f80364C8B423567e58d2110", 18, ""); INSERT INTO common_asset_details(identifier, symbol, coingecko, cryptocompare, forked, started, swapped_for) VALUES("eip155:1/erc20:0xbf5495Efe5DB9ce00f80364C8B423567e58d2110", "ezETH", "", "EZETH", NULL, NULL, NULL);
UPDATE common_asset_details SET cryptocompare = 'GCRE' WHERE identifier = 'eip155:1/erc20:0xa3EE21C306A700E682AbCdfe9BaA6A08F3820419';
INSERT INTO assets(identifier, name, type) VALUES("eip155:1/erc20:0xa3EE21C306A700E682AbCdfe9BaA6A08F3820419", "Gluwa Creditcoin Vesting Token", "C"); INSERT INTO evm_tokens(identifier, token_kind, chain, address, decimals, protocol) VALUES("eip155:1/erc20:0xa3EE21C306A700E682AbCdfe9BaA6A08F3820419", "A", 1, "0xa3EE21C306A700E682AbCdfe9BaA6A08F3820419", 18, ""); INSERT INTO common_asset_details(identifier, symbol, coingecko, cryptocompare, forked, started, swapped_for) VALUES("eip155:1/erc20:0xa3EE21C306A700E682AbCdfe9BaA6A08F3820419", "G-CRE", "creditcoin-2", "GCRE", NULL, 1555372277, NULL);
UPDATE common_asset_details SET cryptocompare = 'RUFF' WHERE identifier = 'eip155:1/erc20:0xf278c1CA969095ffddDED020290cf8B5C424AcE2';
INSERT INTO assets(identifier, name, type) VALUES("eip155:1/erc20:0xf278c1CA969095ffddDED020290cf8B5C424AcE2", "Ruff", "C"); INSERT INTO evm_tokens(identifier, token_kind, chain, address, decimals, protocol) VALUES("eip155:1/erc20:0xf278c1CA969095ffddDED020290cf8B5C424AcE2", "A", 1, "0xf278c1CA969095ffddDED020290cf8B5C424AcE2", 18, ""); INSERT INTO common_asset_details(identifier, symbol, coingecko, cryptocompare, forked, started, swapped_for) VALUES("eip155:1/erc20:0xf278c1CA969095ffddDED020290cf8B5C424AcE2", "RUFF", "ruff", "RUFF", NULL, 1515648513, NULL);
UPDATE common_asset_details SET cryptocompare = 'CFI' WHERE identifier = 'eip155:1/erc20:0x12FEF5e57bF45873Cd9B62E9DBd7BFb99e32D73e';
INSERT INTO assets(identifier, name, type) VALUES("eip155:1/erc20:0x12FEF5e57bF45873Cd9B62E9DBd7BFb99e32D73e", "Cofound.it", "C"); INSERT INTO evm_tokens(identifier, token_kind, chain, address, decimals, protocol) VALUES("eip155:1/erc20:0x12FEF5e57bF45873Cd9B62E9DBd7BFb99e32D73e", "A", 1, "0x12FEF5e57bF45873Cd9B62E9DBd7BFb99e32D73e", 18, ""); INSERT INTO common_asset_details(identifier, symbol, coingecko, cryptocompare, forked, started, swapped_for) VALUES("eip155:1/erc20:0x12FEF5e57bF45873Cd9B62E9DBd7BFb99e32D73e", "CFI", "", "CFI", NULL, 1490918400, NULL);
UPDATE common_asset_details SET cryptocompare = 'SIG' WHERE identifier = 'eip155:1/erc20:0x6888a16eA9792c15A4DCF2f6C623D055c8eDe792';
INSERT INTO assets(identifier, name, type) VALUES("eip155:1/erc20:0x6888a16eA9792c15A4DCF2f6C623D055c8eDe792", "Spectiv", "C"); INSERT INTO evm_tokens(identifier, token_kind, chain, address, decimals, protocol) VALUES("eip155:1/erc20:0x6888a16eA9792c15A4DCF2f6C623D055c8eDe792", "A", 1, "0x6888a16eA9792c15A4DCF2f6C623D055c8eDe792", 18, ""); INSERT INTO common_asset_details(identifier, symbol, coingecko, cryptocompare, forked, started, swapped_for) VALUES("eip155:1/erc20:0x6888a16eA9792c15A4DCF2f6C623D055c8eDe792", "SIG", "signal-token", "SIG", NULL, 1512881971, NULL);
UPDATE common_asset_details SET cryptocompare = 'OTN' WHERE identifier = 'eip155:1/erc20:0x881Ef48211982D01E2CB7092C915E647Cd40D85C';
INSERT INTO assets(identifier, name, type) VALUES("eip155:1/erc20:0x881Ef48211982D01E2CB7092C915E647Cd40D85C", "Open Trading Network", "C"); INSERT INTO evm_tokens(identifier, token_kind, chain, address, decimals, protocol) VALUES("eip155:1/erc20:0x881Ef48211982D01E2CB7092C915E647Cd40D85C", "A", 1, "0x881Ef48211982D01E2CB7092C915E647Cd40D85C", 18, ""); INSERT INTO common_asset_details(identifier, symbol, coingecko, cryptocompare, forked, started, swapped_for) VALUES("eip155:1/erc20:0x881Ef48211982D01E2CB7092C915E647Cd40D85C", "OTN", "", "OTN", NULL, 1506704561, NULL);
UPDATE common_asset_details SET cryptocompare = 'BTO' WHERE identifier = 'eip155:1/erc20:0x36905Fc93280f52362A1CBAB151F25DC46742Fb5';
INSERT INTO assets(identifier, name, type) VALUES("eip155:1/erc20:0x36905Fc93280f52362A1CBAB151F25DC46742Fb5", "Bottos", "C"); INSERT INTO evm_tokens(identifier, token_kind, chain, address, decimals, protocol) VALUES("eip155:1/erc20:0x36905Fc93280f52362A1CBAB151F25DC46742Fb5", "A", 1, "0x36905Fc93280f52362A1CBAB151F25DC46742Fb5", 18, ""); INSERT INTO common_asset_details(identifier, symbol, coingecko, cryptocompare, forked, started, swapped_for) VALUES("eip155:1/erc20:0x36905Fc93280f52362A1CBAB151F25DC46742Fb5", "BTO", "bottos", "BTO", NULL, 1510012800, NULL);
UPDATE common_asset_details SET cryptocompare = 'ELEC' WHERE identifier = 'eip155:1/erc20:0xD49ff13661451313cA1553fd6954BD1d9b6E02b9';
INSERT INTO assets(identifier, name, type) VALUES("eip155:1/erc20:0xD49ff13661451313cA1553fd6954BD1d9b6E02b9", "Electrify.Asia", "C"); INSERT INTO evm_tokens(identifier, token_kind, chain, address, decimals, protocol) VALUES("eip155:1/erc20:0xD49ff13661451313cA1553fd6954BD1d9b6E02b9", "A", 1, "0xD49ff13661451313cA1553fd6954BD1d9b6E02b9", 18, ""); INSERT INTO common_asset_details(identifier, symbol, coingecko, cryptocompare, forked, started, swapped_for) VALUES("eip155:1/erc20:0xD49ff13661451313cA1553fd6954BD1d9b6E02b9", "ELEC", "electrify-asia", "ELEC", NULL, 1517616000, NULL);
UPDATE common_asset_details SET cryptocompare = 'DMG' WHERE identifier = 'eip155:1/erc20:0xEd91879919B71bB6905f23af0A68d231EcF87b14';
INSERT INTO assets(identifier, name, type) VALUES("eip155:1/erc20:0xEd91879919B71bB6905f23af0A68d231EcF87b14", "DMM: Governance", "C"); INSERT INTO evm_tokens(identifier, token_kind, chain, address, decimals, protocol) VALUES("eip155:1/erc20:0xEd91879919B71bB6905f23af0A68d231EcF87b14", "A", 1, "0xEd91879919B71bB6905f23af0A68d231EcF87b14", 18, ""); INSERT INTO common_asset_details(identifier, symbol, coingecko, cryptocompare, forked, started, swapped_for) VALUES("eip155:1/erc20:0xEd91879919B71bB6905f23af0A68d231EcF87b14", "DMG", "dmm-governance", "DMG", NULL, 1589826789, NULL);
UPDATE common_asset_details SET cryptocompare = 'TVK' WHERE identifier = 'eip155:1/erc20:0xd084B83C305daFD76AE3E1b4E1F1fe2eCcCb3988';
INSERT INTO assets(identifier, name, type) VALUES("eip155:1/erc20:0xd084B83C305daFD76AE3E1b4E1F1fe2eCcCb3988", "Terra Virtua Kolect", "C"); INSERT INTO evm_tokens(identifier, token_kind, chain, address, decimals, protocol) VALUES("eip155:1/erc20:0xd084B83C305daFD76AE3E1b4E1F1fe2eCcCb3988", "A", 1, "0xd084B83C305daFD76AE3E1b4E1F1fe2eCcCb3988", 18, ""); INSERT INTO common_asset_details(identifier, symbol, coingecko, cryptocompare, forked, started, swapped_for) VALUES("eip155:1/erc20:0xd084B83C305daFD76AE3E1b4E1F1fe2eCcCb3988", "TVK", "the-virtua-kolect", "TVK", NULL, 1607372826, NULL);
UPDATE common_asset_details SET cryptocompare = 'OHMV2' WHERE identifier = 'eip155:1/erc20:0x64aa3364F17a4D01c6f1751Fd97C2BD3D7e7f1D5';
INSERT INTO assets(identifier, name, type) VALUES("eip155:1/erc20:0x64aa3364F17a4D01c6f1751Fd97C2BD3D7e7f1D5", "Olympus", "C"); INSERT INTO evm_tokens(identifier, token_kind, chain, address, decimals, protocol) VALUES("eip155:1/erc20:0x64aa3364F17a4D01c6f1751Fd97C2BD3D7e7f1D5", "A", 1, "0x64aa3364F17a4D01c6f1751Fd97C2BD3D7e7f1D5", 9, ""); INSERT INTO common_asset_details(identifier, symbol, coingecko, cryptocompare, forked, started, swapped_for) VALUES("eip155:1/erc20:0x64aa3364F17a4D01c6f1751Fd97C2BD3D7e7f1D5", "OHM", "olympus", "OHMV2", NULL, NULL, NULL);
UPDATE common_asset_details SET cryptocompare = 'WACME' WHERE identifier = 'eip155:1/erc20:0xDF4Ef6EE483953fE3B84ABd08C6A060445c01170';
INSERT INTO assets(identifier, name, type) VALUES("eip155:1/erc20:0xDF4Ef6EE483953fE3B84ABd08C6A060445c01170", "Wrapped ACME", "C"); INSERT INTO evm_tokens(identifier, token_kind, chain, address, decimals, protocol) VALUES("eip155:1/erc20:0xDF4Ef6EE483953fE3B84ABd08C6A060445c01170", "A", 1, "0xDF4Ef6EE483953fE3B84ABd08C6A060445c01170", 8, ""); INSERT INTO common_asset_details(identifier, symbol, coingecko, cryptocompare, forked, started, swapped_for) VALUES("eip155:1/erc20:0xDF4Ef6EE483953fE3B84ABd08C6A060445c01170", "WACME", "", "WACME", NULL, NULL, NULL);
UPDATE common_asset_details SET cryptocompare = 'OM' WHERE identifier = 'eip155:1/erc20:0x3593D125a4f7849a1B059E64F4517A86Dd60c95d';
INSERT INTO assets(identifier, name, type) VALUES("eip155:1/erc20:0x3593D125a4f7849a1B059E64F4517A86Dd60c95d", "MANTRA DAO", "C"); INSERT INTO evm_tokens(identifier, token_kind, chain, address, decimals, protocol) VALUES("eip155:1/erc20:0x3593D125a4f7849a1B059E64F4517A86Dd60c95d", "A", 1, "0x3593D125a4f7849a1B059E64F4517A86Dd60c95d", 18, ""); INSERT INTO common_asset_details(identifier, symbol, coingecko, cryptocompare, forked, started, swapped_for) VALUES("eip155:1/erc20:0x3593D125a4f7849a1B059E64F4517A86Dd60c95d", "OM", "mantra-dao", "OM", NULL, 1608211311, NULL);
UPDATE common_asset_details SET cryptocompare = 'RARI' WHERE identifier = 'eip155:1/erc20:0xFca59Cd816aB1eaD66534D82bc21E7515cE441CF';
INSERT INTO assets(identifier, name, type) VALUES("eip155:1/erc20:0xFca59Cd816aB1eaD66534D82bc21E7515cE441CF", "Rarible", "C"); INSERT INTO evm_tokens(identifier, token_kind, chain, address, decimals, protocol) VALUES("eip155:1/erc20:0xFca59Cd816aB1eaD66534D82bc21E7515cE441CF", "A", 1, "0xFca59Cd816aB1eaD66534D82bc21E7515cE441CF", 18, ""); INSERT INTO common_asset_details(identifier, symbol, coingecko, cryptocompare, forked, started, swapped_for) VALUES("eip155:1/erc20:0xFca59Cd816aB1eaD66534D82bc21E7515cE441CF", "RARI", "rarible", "RARI", NULL, 1594721646, NULL);
UPDATE common_asset_details SET cryptocompare = 'FUMO' WHERE identifier = 'eip155:1/erc20:0x2890dF158D76E584877a1D17A85FEA3aeeB85aa6';
INSERT INTO assets(identifier, name, type) VALUES("eip155:1/erc20:0x2890dF158D76E584877a1D17A85FEA3aeeB85aa6", "Alien Milady Fumo", "C"); INSERT INTO evm_tokens(identifier, token_kind, chain, address, decimals, protocol) VALUES("eip155:1/erc20:0x2890dF158D76E584877a1D17A85FEA3aeeB85aa6", "A", 1, "0x2890dF158D76E584877a1D17A85FEA3aeeB85aa6", 18, ""); INSERT INTO common_asset_details(identifier, symbol, coingecko, cryptocompare, forked, started, swapped_for) VALUES("eip155:1/erc20:0x2890dF158D76E584877a1D17A85FEA3aeeB85aa6", "FUMO", "alien-milady-fumo", "FUMO", NULL, NULL, NULL);
UPDATE common_asset_details SET cryptocompare = 'SPURDO' WHERE identifier = 'eip155:1/erc20:0x59C6766de1Dc50a9c9DB86CB0461b5Ce07408aB7';
INSERT INTO assets(identifier, name, type) VALUES("eip155:1/erc20:0x59C6766de1Dc50a9c9DB86CB0461b5Ce07408aB7", "spurdo", "C"); INSERT INTO evm_tokens(identifier, token_kind, chain, address, decimals, protocol) VALUES("eip155:1/erc20:0x59C6766de1Dc50a9c9DB86CB0461b5Ce07408aB7", "A", 1, "0x59C6766de1Dc50a9c9DB86CB0461b5Ce07408aB7", 8, ""); INSERT INTO common_asset_details(identifier, symbol, coingecko, cryptocompare, forked, started, swapped_for) VALUES("eip155:1/erc20:0x59C6766de1Dc50a9c9DB86CB0461b5Ce07408aB7", "spurdo", "spurdo", "SPURDO", NULL, 1691941475, NULL);
UPDATE common_asset_details SET cryptocompare = 'KNCL' WHERE identifier = 'eip155:1/erc20:0xdd974D5C2e2928deA5F71b9825b8b646686BD200';
INSERT INTO assets(identifier, name, type) VALUES("eip155:1/erc20:0xdd974D5C2e2928deA5F71b9825b8b646686BD200", "Kyber Network", "C"); INSERT INTO evm_tokens(identifier, token_kind, chain, address, decimals, protocol) VALUES("eip155:1/erc20:0xdd974D5C2e2928deA5F71b9825b8b646686BD200", "A", 1, "0xdd974D5C2e2928deA5F71b9825b8b646686BD200", 18, ""); INSERT INTO common_asset_details(identifier, symbol, coingecko, cryptocompare, forked, started, swapped_for) VALUES("eip155:1/erc20:0xdd974D5C2e2928deA5F71b9825b8b646686BD200", "KNC", "kyber-network", "KNCL", NULL, 1501545600, NULL);
UPDATE common_asset_details SET cryptocompare = 'WEVERV1' WHERE identifier = 'eip155:1/erc20:0x29d578CEc46B50Fa5C88a99C6A4B70184C062953';
INSERT INTO assets(identifier, name, type) VALUES("eip155:1/erc20:0x29d578CEc46B50Fa5C88a99C6A4B70184C062953", "Wrapped Ever", "C"); INSERT INTO evm_tokens(identifier, token_kind, chain, address, decimals, protocol) VALUES("eip155:1/erc20:0x29d578CEc46B50Fa5C88a99C6A4B70184C062953", "A", 1, "0x29d578CEc46B50Fa5C88a99C6A4B70184C062953", 9, ""); INSERT INTO common_asset_details(identifier, symbol, coingecko, cryptocompare, forked, started, swapped_for) VALUES("eip155:1/erc20:0x29d578CEc46B50Fa5C88a99C6A4B70184C062953", "WEVER", "everscale", "WEVERV1", NULL, 1647189726, NULL);
UPDATE common_asset_details SET cryptocompare = 'PEEL' WHERE identifier = 'eip155:56/erc20:0x734548a9e43d2D564600b1B2ed5bE9C2b911c6aB';
INSERT INTO assets(identifier, name, type) VALUES("eip155:56/erc20:0x734548a9e43d2D564600b1B2ed5bE9C2b911c6aB", "Meta Apes Peel", "C"); INSERT INTO evm_tokens(identifier, token_kind, chain, address, decimals, protocol) VALUES("eip155:56/erc20:0x734548a9e43d2D564600b1B2ed5bE9C2b911c6aB", "A", 56, "0x734548a9e43d2D564600b1B2ed5bE9C2b911c6aB", 18, ""); INSERT INTO common_asset_details(identifier, symbol, coingecko, cryptocompare, forked, started, swapped_for) VALUES("eip155:56/erc20:0x734548a9e43d2D564600b1B2ed5bE9C2b911c6aB", "PEEL", "meta-apes-peel", "PEEL", NULL, 1653888332, NULL);
UPDATE common_asset_details SET cryptocompare = 'SSV' WHERE identifier = 'eip155:1/erc20:0x9D65fF81a3c488d585bBfb0Bfe3c7707c7917f54';
INSERT INTO assets(identifier, name, type) VALUES("eip155:1/erc20:0x9D65fF81a3c488d585bBfb0Bfe3c7707c7917f54", "SSV Token", "C"); INSERT INTO evm_tokens(identifier, token_kind, chain, address, decimals, protocol) VALUES("eip155:1/erc20:0x9D65fF81a3c488d585bBfb0Bfe3c7707c7917f54", "A", 1, "0x9D65fF81a3c488d585bBfb0Bfe3c7707c7917f54", 18, ""); INSERT INTO common_asset_details(identifier, symbol, coingecko, cryptocompare, forked, started, swapped_for) VALUES("eip155:1/erc20:0x9D65fF81a3c488d585bBfb0Bfe3c7707c7917f54", "SSV", "ssv-network", "SSV", NULL, 1629366524, NULL);
UPDATE common_asset_details SET cryptocompare = 'KICKS' WHERE identifier = 'eip155:56/erc20:0xfEB4e9B932eF708c498Cc997ABe51D0EE39300cf';
INSERT INTO assets(identifier, name, type) VALUES("eip155:56/erc20:0xfEB4e9B932eF708c498Cc997ABe51D0EE39300cf", "GetKicks", "C"); INSERT INTO evm_tokens(identifier, token_kind, chain, address, decimals, protocol) VALUES("eip155:56/erc20:0xfEB4e9B932eF708c498Cc997ABe51D0EE39300cf", "A", 56, "0xfEB4e9B932eF708c498Cc997ABe51D0EE39300cf", 18, ""); INSERT INTO common_asset_details(identifier, symbol, coingecko, cryptocompare, forked, started, swapped_for) VALUES("eip155:56/erc20:0xfEB4e9B932eF708c498Cc997ABe51D0EE39300cf", "KICKS", "getkicks", "KICKS", NULL, 1665418905, NULL);
UPDATE common_asset_details SET cryptocompare = 'CVXFXS' WHERE identifier = 'eip155:1/erc20:0xFEEf77d3f69374f66429C91d732A244f074bdf74';
INSERT INTO assets(identifier, name, type) VALUES("eip155:1/erc20:0xFEEf77d3f69374f66429C91d732A244f074bdf74", "Convex FXS", "C"); INSERT INTO evm_tokens(identifier, token_kind, chain, address, decimals, protocol) VALUES("eip155:1/erc20:0xFEEf77d3f69374f66429C91d732A244f074bdf74", "A", 1, "0xFEEf77d3f69374f66429C91d732A244f074bdf74", 18, ""); INSERT INTO common_asset_details(identifier, symbol, coingecko, cryptocompare, forked, started, swapped_for) VALUES("eip155:1/erc20:0xFEEf77d3f69374f66429C91d732A244f074bdf74", "cvxFXS", "convex-fxs", "CVXFXS", NULL, 1640164144, NULL);
UPDATE common_asset_details SET cryptocompare = 'LUN' WHERE identifier = 'eip155:1/erc20:0xfa05A73FfE78ef8f1a739473e462c54bae6567D9';
INSERT INTO assets(identifier, name, type) VALUES("eip155:1/erc20:0xfa05A73FfE78ef8f1a739473e462c54bae6567D9", "Lunyr", "C"); INSERT INTO evm_tokens(identifier, token_kind, chain, address, decimals, protocol) VALUES("eip155:1/erc20:0xfa05A73FfE78ef8f1a739473e462c54bae6567D9", "A", 1, "0xfa05A73FfE78ef8f1a739473e462c54bae6567D9", 18, ""); INSERT INTO common_asset_details(identifier, symbol, coingecko, cryptocompare, forked, started, swapped_for) VALUES("eip155:1/erc20:0xfa05A73FfE78ef8f1a739473e462c54bae6567D9", "LUN", "lunyr", "LUN", NULL, 1488931200, NULL);
UPDATE common_asset_details SET cryptocompare = 'SENC' WHERE identifier = 'eip155:1/erc20:0xA13f0743951B4f6E3e3AA039f682E17279f52bc3';
INSERT INTO assets(identifier, name, type) VALUES("eip155:1/erc20:0xA13f0743951B4f6E3e3AA039f682E17279f52bc3", "Sentinel Chain", "C"); INSERT INTO evm_tokens(identifier, token_kind, chain, address, decimals, protocol) VALUES("eip155:1/erc20:0xA13f0743951B4f6E3e3AA039f682E17279f52bc3", "A", 1, "0xA13f0743951B4f6E3e3AA039f682E17279f52bc3", 18, ""); INSERT INTO common_asset_details(identifier, symbol, coingecko, cryptocompare, forked, started, swapped_for) VALUES("eip155:1/erc20:0xA13f0743951B4f6E3e3AA039f682E17279f52bc3", "SENC", "sentinel-chain", "SENC", NULL, 1516492800, NULL);
UPDATE common_asset_details SET cryptocompare = 'XNN' WHERE identifier = 'eip155:1/erc20:0xab95E915c123fdEd5BDfB6325e35ef5515F1EA69';
INSERT INTO assets(identifier, name, type) VALUES("eip155:1/erc20:0xab95E915c123fdEd5BDfB6325e35ef5515F1EA69", "Xenon", "C"); INSERT INTO evm_tokens(identifier, token_kind, chain, address, decimals, protocol) VALUES("eip155:1/erc20:0xab95E915c123fdEd5BDfB6325e35ef5515F1EA69", "A", 1, "0xab95E915c123fdEd5BDfB6325e35ef5515F1EA69", 18, ""); INSERT INTO common_asset_details(identifier, symbol, coingecko, cryptocompare, forked, started, swapped_for) VALUES("eip155:1/erc20:0xab95E915c123fdEd5BDfB6325e35ef5515F1EA69", "XNN", "", "XNN", NULL, 1505981778, NULL);
UPDATE common_asset_details SET cryptocompare = 'USDM' WHERE identifier = 'eip155:1/erc20:0x59D9356E565Ab3A36dD77763Fc0d87fEaf85508C';
INSERT INTO assets(identifier, name, type) VALUES("eip155:1/erc20:0x59D9356E565Ab3A36dD77763Fc0d87fEaf85508C", "Mountain Protocol USD", "C"); INSERT INTO evm_tokens(identifier, token_kind, chain, address, decimals, protocol) VALUES("eip155:1/erc20:0x59D9356E565Ab3A36dD77763Fc0d87fEaf85508C", "A", 1, "0x59D9356E565Ab3A36dD77763Fc0d87fEaf85508C", 18, ""); INSERT INTO common_asset_details(identifier, symbol, coingecko, cryptocompare, forked, started, swapped_for) VALUES("eip155:1/erc20:0x59D9356E565Ab3A36dD77763Fc0d87fEaf85508C", "USDM", "", "USDM", NULL, NULL, NULL);
UPDATE common_asset_details SET cryptocompare = 'EETH' WHERE identifier = 'eip155:1/erc20:0x35fA164735182de50811E8e2E824cFb9B6118ac2';
INSERT INTO assets(identifier, name, type) VALUES("eip155:1/erc20:0x35fA164735182de50811E8e2E824cFb9B6118ac2", "ether.fi ETH", "C"); INSERT INTO evm_tokens(identifier, token_kind, chain, address, decimals, protocol) VALUES("eip155:1/erc20:0x35fA164735182de50811E8e2E824cFb9B6118ac2", "A", 1, "0x35fA164735182de50811E8e2E824cFb9B6118ac2", 18, ""); INSERT INTO common_asset_details(identifier, symbol, coingecko, cryptocompare, forked, started, swapped_for) VALUES("eip155:1/erc20:0x35fA164735182de50811E8e2E824cFb9B6118ac2", "eETH", "", "EETH", NULL, NULL, NULL);
UPDATE common_asset_details SET cryptocompare = 'PKG' WHERE identifier = 'eip155:1/erc20:0x02F2D4a04E6E01aCE88bD2Cd632875543b2eF577';
INSERT INTO assets(identifier, name, type) VALUES("eip155:1/erc20:0x02F2D4a04E6E01aCE88bD2Cd632875543b2eF577", "PKG Token", "C"); INSERT INTO evm_tokens(identifier, token_kind, chain, address, decimals, protocol) VALUES("eip155:1/erc20:0x02F2D4a04E6E01aCE88bD2Cd632875543b2eF577", "A", 1, "0x02F2D4a04E6E01aCE88bD2Cd632875543b2eF577", 18, ""); INSERT INTO common_asset_details(identifier, symbol, coingecko, cryptocompare, forked, started, swapped_for) VALUES("eip155:1/erc20:0x02F2D4a04E6E01aCE88bD2Cd632875543b2eF577", "PKG", "pkg-token", "PKG", NULL, 1524676722, NULL);
UPDATE common_asset_details SET cryptocompare = 'ENG' WHERE identifier = 'eip155:1/erc20:0xf0Ee6b27b759C9893Ce4f094b49ad28fd15A23e4';
INSERT INTO assets(identifier, name, type) VALUES("eip155:1/erc20:0xf0Ee6b27b759C9893Ce4f094b49ad28fd15A23e4", "Enigma", "C"); INSERT INTO evm_tokens(identifier, token_kind, chain, address, decimals, protocol) VALUES("eip155:1/erc20:0xf0Ee6b27b759C9893Ce4f094b49ad28fd15A23e4", "A", 1, "0xf0Ee6b27b759C9893Ce4f094b49ad28fd15A23e4", 8, ""); INSERT INTO common_asset_details(identifier, symbol, coingecko, cryptocompare, forked, started, swapped_for) VALUES("eip155:1/erc20:0xf0Ee6b27b759C9893Ce4f094b49ad28fd15A23e4", "ENG", "enigma", "ENG", NULL, 1498867200, NULL);
UPDATE common_asset_details SET cryptocompare = 'CNN' WHERE identifier = 'eip155:1/erc20:0x8713d26637CF49e1b6B4a7Ce57106AaBc9325343';
INSERT INTO assets(identifier, name, type) VALUES("eip155:1/erc20:0x8713d26637CF49e1b6B4a7Ce57106AaBc9325343", "Content Neutrality Network", "C"); INSERT INTO evm_tokens(identifier, token_kind, chain, address, decimals, protocol) VALUES("eip155:1/erc20:0x8713d26637CF49e1b6B4a7Ce57106AaBc9325343", "A", 1, "0x8713d26637CF49e1b6B4a7Ce57106AaBc9325343", 18, ""); INSERT INTO common_asset_details(identifier, symbol, coingecko, cryptocompare, forked, started, swapped_for) VALUES("eip155:1/erc20:0x8713d26637CF49e1b6B4a7Ce57106AaBc9325343", "CNN", "cnn", "CNN", NULL, 1519823488, NULL);
UPDATE common_asset_details SET cryptocompare = 'TAIKO' WHERE identifier = 'eip155:1/erc20:0x10dea67478c5F8C5E2D90e5E9B26dBe60c54d800';
INSERT INTO assets(identifier, name, type) VALUES("eip155:1/erc20:0x10dea67478c5F8C5E2D90e5E9B26dBe60c54d800", "Taiko Token", "C"); INSERT INTO evm_tokens(identifier, token_kind, chain, address, decimals, protocol) VALUES("eip155:1/erc20:0x10dea67478c5F8C5E2D90e5E9B26dBe60c54d800", "A", 1, "0x10dea67478c5F8C5E2D90e5E9B26dBe60c54d800", 18, ""); INSERT INTO common_asset_details(identifier, symbol, coingecko, cryptocompare, forked, started, swapped_for) VALUES("eip155:1/erc20:0x10dea67478c5F8C5E2D90e5E9B26dBe60c54d800", "TAIKO", "taiko", "TAIKO", NULL, 1714033799, NULL);
UPDATE common_asset_details SET cryptocompare = 'AUDT' WHERE identifier = 'eip155:1/erc20:0xB90cb79B72EB10c39CbDF86e50B1C89F6a235f2e';
INSERT INTO assets(identifier, name, type) VALUES("eip155:1/erc20:0xB90cb79B72EB10c39CbDF86e50B1C89F6a235f2e", "Auditchain", "C"); INSERT INTO evm_tokens(identifier, token_kind, chain, address, decimals, protocol) VALUES("eip155:1/erc20:0xB90cb79B72EB10c39CbDF86e50B1C89F6a235f2e", "A", 1, "0xB90cb79B72EB10c39CbDF86e50B1C89F6a235f2e", 18, ""); INSERT INTO common_asset_details(identifier, symbol, coingecko, cryptocompare, forked, started, swapped_for) VALUES("eip155:1/erc20:0xB90cb79B72EB10c39CbDF86e50B1C89F6a235f2e", "AUDT", "auditchain", "AUDT", NULL, 1625320880, NULL);
UPDATE common_asset_details SET cryptocompare = 'NBAI' WHERE identifier = 'eip155:1/erc20:0x17f8aFB63DfcDcC90ebE6e84F060Cc306A98257D';
INSERT INTO assets(identifier, name, type) VALUES("eip155:1/erc20:0x17f8aFB63DfcDcC90ebE6e84F060Cc306A98257D", "Nebula AI", "C"); INSERT INTO evm_tokens(identifier, token_kind, chain, address, decimals, protocol) VALUES("eip155:1/erc20:0x17f8aFB63DfcDcC90ebE6e84F060Cc306A98257D", "A", 1, "0x17f8aFB63DfcDcC90ebE6e84F060Cc306A98257D", 18, ""); INSERT INTO common_asset_details(identifier, symbol, coingecko, cryptocompare, forked, started, swapped_for) VALUES("eip155:1/erc20:0x17f8aFB63DfcDcC90ebE6e84F060Cc306A98257D", "NBAI", "nebula-ai", "NBAI", NULL, 1522355674, NULL);
UPDATE common_asset_details SET cryptocompare = 'MEMEME' WHERE identifier = 'eip155:1/erc20:0x1A963Df363D01EEBB2816b366d61C917F20e1EbE';
INSERT INTO assets(identifier, name, type) VALUES("eip155:1/erc20:0x1A963Df363D01EEBB2816b366d61C917F20e1EbE", "Mememe", "C"); INSERT INTO evm_tokens(identifier, token_kind, chain, address, decimals, protocol) VALUES("eip155:1/erc20:0x1A963Df363D01EEBB2816b366d61C917F20e1EbE", "A", 1, "0x1A963Df363D01EEBB2816b366d61C917F20e1EbE", 18, ""); INSERT INTO common_asset_details(identifier, symbol, coingecko, cryptocompare, forked, started, swapped_for) VALUES("eip155:1/erc20:0x1A963Df363D01EEBB2816b366d61C917F20e1EbE", "MEMEME", "mememe", "MEMEME", NULL, 1681960595, NULL);
UPDATE common_asset_details SET cryptocompare = 'LON' WHERE identifier = 'eip155:1/erc20:0x0000000000095413afC295d19EDeb1Ad7B71c952';
INSERT INTO assets(identifier, name, type) VALUES("eip155:1/erc20:0x0000000000095413afC295d19EDeb1Ad7B71c952", "Tokenlon", "C"); INSERT INTO evm_tokens(identifier, token_kind, chain, address, decimals, protocol) VALUES("eip155:1/erc20:0x0000000000095413afC295d19EDeb1Ad7B71c952", "A", 1, "0x0000000000095413afC295d19EDeb1Ad7B71c952", 18, ""); INSERT INTO common_asset_details(identifier, symbol, coingecko, cryptocompare, forked, started, swapped_for) VALUES("eip155:1/erc20:0x0000000000095413afC295d19EDeb1Ad7B71c952", "LON", "tokenlon", "LON", NULL, 1608523100, NULL);
UPDATE common_asset_details SET cryptocompare = 'PAXG' WHERE identifier = 'eip155:1/erc20:0x45804880De22913dAFE09f4980848ECE6EcbAf78';
INSERT INTO assets(identifier, name, type) VALUES("eip155:1/erc20:0x45804880De22913dAFE09f4980848ECE6EcbAf78", "PAX Gold", "C"); INSERT INTO evm_tokens(identifier, token_kind, chain, address, decimals, protocol) VALUES("eip155:1/erc20:0x45804880De22913dAFE09f4980848ECE6EcbAf78", "A", 1, "0x45804880De22913dAFE09f4980848ECE6EcbAf78", 18, ""); INSERT INTO common_asset_details(identifier, symbol, coingecko, cryptocompare, forked, started, swapped_for) VALUES("eip155:1/erc20:0x45804880De22913dAFE09f4980848ECE6EcbAf78", "PAXG", "pax-gold", "PAXG", NULL, 1566777600, NULL);
UPDATE common_asset_details SET cryptocompare = 'STPT' WHERE identifier = 'eip155:1/erc20:0xDe7D85157d9714EADf595045CC12Ca4A5f3E2aDb';
INSERT INTO assets(identifier, name, type) VALUES("eip155:1/erc20:0xDe7D85157d9714EADf595045CC12Ca4A5f3E2aDb", "Standard Tokenization Protocol", "C"); INSERT INTO evm_tokens(identifier, token_kind, chain, address, decimals, protocol) VALUES("eip155:1/erc20:0xDe7D85157d9714EADf595045CC12Ca4A5f3E2aDb", "A", 1, "0xDe7D85157d9714EADf595045CC12Ca4A5f3E2aDb", 18, ""); INSERT INTO common_asset_details(identifier, symbol, coingecko, cryptocompare, forked, started, swapped_for) VALUES("eip155:1/erc20:0xDe7D85157d9714EADf595045CC12Ca4A5f3E2aDb", "STPT", "stp-network", "STPT", NULL, 1559692800, NULL);
UPDATE common_asset_details SET cryptocompare = 'DELTAC' WHERE identifier = 'eip155:1/erc20:0xDE1E0AE6101b46520cF66fDC0B1059c5cC3d106c';
INSERT INTO assets(identifier, name, type) VALUES("eip155:1/erc20:0xDE1E0AE6101b46520cF66fDC0B1059c5cC3d106c", "DeltaChain", "C"); INSERT INTO evm_tokens(identifier, token_kind, chain, address, decimals, protocol) VALUES("eip155:1/erc20:0xDE1E0AE6101b46520cF66fDC0B1059c5cC3d106c", "A", 1, "0xDE1E0AE6101b46520cF66fDC0B1059c5cC3d106c", 8, ""); INSERT INTO common_asset_details(identifier, symbol, coingecko, cryptocompare, forked, started, swapped_for) VALUES("eip155:1/erc20:0xDE1E0AE6101b46520cF66fDC0B1059c5cC3d106c", "DELTA", "deltachain", "DELTAC", NULL, 1530965520, NULL);
UPDATE common_asset_details SET cryptocompare = 'XOR' WHERE identifier = 'eip155:1/erc20:0x40FD72257597aA14C7231A7B1aaa29Fce868F677';
INSERT INTO assets(identifier, name, type) VALUES("eip155:1/erc20:0x40FD72257597aA14C7231A7B1aaa29Fce868F677", "Sora Token", "C"); INSERT INTO evm_tokens(identifier, token_kind, chain, address, decimals, protocol) VALUES("eip155:1/erc20:0x40FD72257597aA14C7231A7B1aaa29Fce868F677", "A", 1, "0x40FD72257597aA14C7231A7B1aaa29Fce868F677", 18, ""); INSERT INTO common_asset_details(identifier, symbol, coingecko, cryptocompare, forked, started, swapped_for) VALUES("eip155:1/erc20:0x40FD72257597aA14C7231A7B1aaa29Fce868F677", "XOR", "sora", "XOR", NULL, 1571141236, NULL);
UPDATE common_asset_details SET cryptocompare = 'PAW' WHERE identifier = 'eip155:1/erc20:0xDc63269eA166b70d4780b3A11F5C825C2b761B01';
INSERT INTO assets(identifier, name, type) VALUES("eip155:1/erc20:0xDc63269eA166b70d4780b3A11F5C825C2b761B01", "PAWSWAP", "C"); INSERT INTO evm_tokens(identifier, token_kind, chain, address, decimals, protocol) VALUES("eip155:1/erc20:0xDc63269eA166b70d4780b3A11F5C825C2b761B01", "A", 1, "0xDc63269eA166b70d4780b3A11F5C825C2b761B01", 18, ""); INSERT INTO common_asset_details(identifier, symbol, coingecko, cryptocompare, forked, started, swapped_for) VALUES("eip155:1/erc20:0xDc63269eA166b70d4780b3A11F5C825C2b761B01", "PAW", "pawswap", "PAW", NULL, 1673868443, NULL);
UPDATE common_asset_details SET cryptocompare = 'WBTC' WHERE identifier = 'eip155:1/erc20:0x2260FAC5E5542a773Aa44fBCfeDf7C193bc2C599';
INSERT INTO assets(identifier, name, type) VALUES("eip155:1/erc20:0x2260FAC5E5542a773Aa44fBCfeDf7C193bc2C599", "Wrapped Bitcoin", "C"); INSERT INTO evm_tokens(identifier, token_kind, chain, address, decimals, protocol) VALUES("eip155:1/erc20:0x2260FAC5E5542a773Aa44fBCfeDf7C193bc2C599", "A", 1, "0x2260FAC5E5542a773Aa44fBCfeDf7C193bc2C599", 8, ""); INSERT INTO common_asset_details(identifier, symbol, coingecko, cryptocompare, forked, started, swapped_for) VALUES("eip155:1/erc20:0x2260FAC5E5542a773Aa44fBCfeDf7C193bc2C599", "WBTC", "wrapped-bitcoin", "WBTC", NULL, 1543095952, NULL);
UPDATE common_asset_details SET cryptocompare = 'SYNR' WHERE identifier = 'eip155:1/erc20:0xbc6E06778708177a18210181b073DA747C88490a';
INSERT INTO assets(identifier, name, type) VALUES("eip155:1/erc20:0xbc6E06778708177a18210181b073DA747C88490a", "Syndicate Token", "C"); INSERT INTO evm_tokens(identifier, token_kind, chain, address, decimals, protocol) VALUES("eip155:1/erc20:0xbc6E06778708177a18210181b073DA747C88490a", "A", 1, "0xbc6E06778708177a18210181b073DA747C88490a", 18, ""); INSERT INTO common_asset_details(identifier, symbol, coingecko, cryptocompare, forked, started, swapped_for) VALUES("eip155:1/erc20:0xbc6E06778708177a18210181b073DA747C88490a", "SYNR", "syndicate-2", "SYNR", NULL, 1642489479, NULL);
UPDATE common_asset_details SET cryptocompare = 'ART' WHERE identifier = 'eip155:1/erc20:0xfec0cF7fE078a500abf15F1284958F22049c2C7e';
INSERT INTO assets(identifier, name, type) VALUES("eip155:1/erc20:0xfec0cF7fE078a500abf15F1284958F22049c2C7e", "Maecenas", "C"); INSERT INTO evm_tokens(identifier, token_kind, chain, address, decimals, protocol) VALUES("eip155:1/erc20:0xfec0cF7fE078a500abf15F1284958F22049c2C7e", "A", 1, "0xfec0cF7fE078a500abf15F1284958F22049c2C7e", 18, ""); INSERT INTO common_asset_details(identifier, symbol, coingecko, cryptocompare, forked, started, swapped_for) VALUES("eip155:1/erc20:0xfec0cF7fE078a500abf15F1284958F22049c2C7e", "ART", "maecenas", "ART", NULL, 1504471004, NULL);
UPDATE common_asset_details SET cryptocompare = 'DCHF' WHERE identifier = 'eip155:1/erc20:0x045da4bFe02B320f4403674B3b7d121737727A36';
INSERT INTO assets(identifier, name, type) VALUES("eip155:1/erc20:0x045da4bFe02B320f4403674B3b7d121737727A36", "Defi Franc", "C"); INSERT INTO evm_tokens(identifier, token_kind, chain, address, decimals, protocol) VALUES("eip155:1/erc20:0x045da4bFe02B320f4403674B3b7d121737727A36", "A", 1, "0x045da4bFe02B320f4403674B3b7d121737727A36", 18, ""); INSERT INTO common_asset_details(identifier, symbol, coingecko, cryptocompare, forked, started, swapped_for) VALUES("eip155:1/erc20:0x045da4bFe02B320f4403674B3b7d121737727A36", "DCHF", "defi-franc", "DCHF", NULL, NULL, NULL);
UPDATE common_asset_details SET cryptocompare = 'JUSDC' WHERE identifier = 'eip155:42161/erc20:0xe66998533a1992ecE9eA99cDf47686F4fc8458E0';
INSERT INTO assets(identifier, name, type) VALUES("eip155:42161/erc20:0xe66998533a1992ecE9eA99cDf47686F4fc8458E0", "Jones USDC", "C"); INSERT INTO evm_tokens(identifier, token_kind, chain, address, decimals, protocol) VALUES("eip155:42161/erc20:0xe66998533a1992ecE9eA99cDf47686F4fc8458E0", "A", 42161, "0xe66998533a1992ecE9eA99cDf47686F4fc8458E0", 18, ""); INSERT INTO common_asset_details(identifier, symbol, coingecko, cryptocompare, forked, started, swapped_for) VALUES("eip155:42161/erc20:0xe66998533a1992ecE9eA99cDf47686F4fc8458E0", "jUSDC", "", "JUSDC", NULL, NULL, NULL);
UPDATE common_asset_details SET cryptocompare = 'CRVUSD' WHERE identifier = 'eip155:1/erc20:0xf939E0A03FB07F59A73314E73794Be0E57ac1b4E';
INSERT INTO assets(identifier, name, type) VALUES("eip155:1/erc20:0xf939E0A03FB07F59A73314E73794Be0E57ac1b4E", "Curve.Fi USD Stablecoin", "C"); INSERT INTO evm_tokens(identifier, token_kind, chain, address, decimals, protocol) VALUES("eip155:1/erc20:0xf939E0A03FB07F59A73314E73794Be0E57ac1b4E", "A", 1, "0xf939E0A03FB07F59A73314E73794Be0E57ac1b4E", 18, ""); INSERT INTO common_asset_details(identifier, symbol, coingecko, cryptocompare, forked, started, swapped_for) VALUES("eip155:1/erc20:0xf939E0A03FB07F59A73314E73794Be0E57ac1b4E", "crvUSD", "crvusd", "CRVUSD", NULL, 1684065467, NULL);
UPDATE common_asset_details SET cryptocompare = 'TROG' WHERE identifier = 'eip155:1/erc20:0x2077D81d0c5258230D5a195233941547cB5f0989';
INSERT INTO assets(identifier, name, type) VALUES("eip155:1/erc20:0x2077D81d0c5258230D5a195233941547cB5f0989", "Trog", "C"); INSERT INTO evm_tokens(identifier, token_kind, chain, address, decimals, protocol) VALUES("eip155:1/erc20:0x2077D81d0c5258230D5a195233941547cB5f0989", "A", 1, "0x2077D81d0c5258230D5a195233941547cB5f0989", 9, ""); INSERT INTO common_asset_details(identifier, symbol, coingecko, cryptocompare, forked, started, swapped_for) VALUES("eip155:1/erc20:0x2077D81d0c5258230D5a195233941547cB5f0989", "TROG", "trog", "TROG", NULL, 1717213811, NULL);
UPDATE common_asset_details SET cryptocompare = 'HMQ' WHERE identifier = 'eip155:1/erc20:0xcbCC0F036ED4788F63FC0fEE32873d6A7487b908';
INSERT INTO assets(identifier, name, type) VALUES("eip155:1/erc20:0xcbCC0F036ED4788F63FC0fEE32873d6A7487b908", "Humaniq", "C"); INSERT INTO evm_tokens(identifier, token_kind, chain, address, decimals, protocol) VALUES("eip155:1/erc20:0xcbCC0F036ED4788F63FC0fEE32873d6A7487b908", "A", 1, "0xcbCC0F036ED4788F63FC0fEE32873d6A7487b908", 8, ""); INSERT INTO common_asset_details(identifier, symbol, coingecko, cryptocompare, forked, started, swapped_for) VALUES("eip155:1/erc20:0xcbCC0F036ED4788F63FC0fEE32873d6A7487b908", "HMQ", "humaniq", "HMQ", NULL, 1481414400, NULL);
UPDATE common_asset_details SET cryptocompare = 'SUBS' WHERE identifier = 'eip155:1/erc20:0x8D75959f1E61EC2571aa72798237101F084DE63a';
INSERT INTO assets(identifier, name, type) VALUES("eip155:1/erc20:0x8D75959f1E61EC2571aa72798237101F084DE63a", "Substratum", "C"); INSERT INTO evm_tokens(identifier, token_kind, chain, address, decimals, protocol) VALUES("eip155:1/erc20:0x8D75959f1E61EC2571aa72798237101F084DE63a", "A", 1, "0x8D75959f1E61EC2571aa72798237101F084DE63a", 18, ""); INSERT INTO common_asset_details(identifier, symbol, coingecko, cryptocompare, forked, started, swapped_for) VALUES("eip155:1/erc20:0x8D75959f1E61EC2571aa72798237101F084DE63a", "SUB", "substratum", "SUBS", NULL, 1501372800, NULL);
UPDATE common_asset_details SET cryptocompare = 'BEAN' WHERE identifier = 'eip155:1/erc20:0xBEA0000029AD1c77D3d5D23Ba2D8893dB9d1Efab';
INSERT INTO assets(identifier, name, type) VALUES("eip155:1/erc20:0xBEA0000029AD1c77D3d5D23Ba2D8893dB9d1Efab", "Bean", "C"); INSERT INTO evm_tokens(identifier, token_kind, chain, address, decimals, protocol) VALUES("eip155:1/erc20:0xBEA0000029AD1c77D3d5D23Ba2D8893dB9d1Efab", "A", 1, "0xBEA0000029AD1c77D3d5D23Ba2D8893dB9d1Efab", 6, ""); INSERT INTO common_asset_details(identifier, symbol, coingecko, cryptocompare, forked, started, swapped_for) VALUES("eip155:1/erc20:0xBEA0000029AD1c77D3d5D23Ba2D8893dB9d1Efab", "BEAN", "", "BEAN", NULL, NULL, NULL);
UPDATE common_asset_details SET cryptocompare = 'BTRN' WHERE identifier = 'eip155:1/erc20:0x03C780cD554598592B97b7256dDAad759945b125';
INSERT INTO assets(identifier, name, type) VALUES("eip155:1/erc20:0x03C780cD554598592B97b7256dDAad759945b125", "Biotron", "C"); INSERT INTO evm_tokens(identifier, token_kind, chain, address, decimals, protocol) VALUES("eip155:1/erc20:0x03C780cD554598592B97b7256dDAad759945b125", "A", 1, "0x03C780cD554598592B97b7256dDAad759945b125", 18, ""); INSERT INTO common_asset_details(identifier, symbol, coingecko, cryptocompare, forked, started, swapped_for) VALUES("eip155:1/erc20:0x03C780cD554598592B97b7256dDAad759945b125", "BTRN", "biotron", "BTRN", NULL, 1522934027, NULL);
UPDATE common_asset_details SET cryptocompare = 'EXMR' WHERE identifier = 'eip155:1/erc20:0xc98e0639c6d2EC037A615341c369666B110e80E5';
INSERT INTO assets(identifier, name, type) VALUES("eip155:1/erc20:0xc98e0639c6d2EC037A615341c369666B110e80E5", "EXMR", "C"); INSERT INTO evm_tokens(identifier, token_kind, chain, address, decimals, protocol) VALUES("eip155:1/erc20:0xc98e0639c6d2EC037A615341c369666B110e80E5", "A", 1, "0xc98e0639c6d2EC037A615341c369666B110e80E5", 8, ""); INSERT INTO common_asset_details(identifier, symbol, coingecko, cryptocompare, forked, started, swapped_for) VALUES("eip155:1/erc20:0xc98e0639c6d2EC037A615341c369666B110e80E5", "EXMR", "exmr-monero", "EXMR", NULL, 1507877843, NULL);
UPDATE common_asset_details SET cryptocompare = 'ROC' WHERE identifier = 'eip155:1/erc20:0x1BcBc54166F6bA149934870b60506199b6C9dB6D';
INSERT INTO assets(identifier, name, type) VALUES("eip155:1/erc20:0x1BcBc54166F6bA149934870b60506199b6C9dB6D", "Rasputin Online Coin", "C"); INSERT INTO evm_tokens(identifier, token_kind, chain, address, decimals, protocol) VALUES("eip155:1/erc20:0x1BcBc54166F6bA149934870b60506199b6C9dB6D", "A", 1, "0x1BcBc54166F6bA149934870b60506199b6C9dB6D", 10, ""); INSERT INTO common_asset_details(identifier, symbol, coingecko, cryptocompare, forked, started, swapped_for) VALUES("eip155:1/erc20:0x1BcBc54166F6bA149934870b60506199b6C9dB6D", "ROC", "rasputin", "ROC", NULL, 1499261991, NULL);
UPDATE common_asset_details SET cryptocompare = 'LARRY' WHERE identifier = 'eip155:1/erc20:0xd08623FB2A1f044025EEC65886011CF5D0F06B01';
INSERT INTO assets(identifier, name, type) VALUES("eip155:1/erc20:0xd08623FB2A1f044025EEC65886011CF5D0F06B01", "LarryCoin", "C"); INSERT INTO evm_tokens(identifier, token_kind, chain, address, decimals, protocol) VALUES("eip155:1/erc20:0xd08623FB2A1f044025EEC65886011CF5D0F06B01", "A", 1, "0xd08623FB2A1f044025EEC65886011CF5D0F06B01", 18, ""); INSERT INTO common_asset_details(identifier, symbol, coingecko, cryptocompare, forked, started, swapped_for) VALUES("eip155:1/erc20:0xd08623FB2A1f044025EEC65886011CF5D0F06B01", "LARRY", "larry", "LARRY", NULL, NULL, NULL);
UPDATE common_asset_details SET cryptocompare = 'NEU' WHERE identifier = 'eip155:1/erc20:0xA823E6722006afe99E91c30FF5295052fe6b8E32';
INSERT INTO assets(identifier, name, type) VALUES("eip155:1/erc20:0xA823E6722006afe99E91c30FF5295052fe6b8E32", "Neumark", "C"); INSERT INTO evm_tokens(identifier, token_kind, chain, address, decimals, protocol) VALUES("eip155:1/erc20:0xA823E6722006afe99E91c30FF5295052fe6b8E32", "A", 1, "0xA823E6722006afe99E91c30FF5295052fe6b8E32", 18, ""); INSERT INTO common_asset_details(identifier, symbol, coingecko, cryptocompare, forked, started, swapped_for) VALUES("eip155:1/erc20:0xA823E6722006afe99E91c30FF5295052fe6b8E32", "NEU", "neumark", "NEU", NULL, 1502668800, NULL);
UPDATE common_asset_details SET cryptocompare = 'EXRN' WHERE identifier = 'eip155:1/erc20:0xe469c4473af82217B30CF17b10BcDb6C8c796e75';
INSERT INTO assets(identifier, name, type) VALUES("eip155:1/erc20:0xe469c4473af82217B30CF17b10BcDb6C8c796e75", "EXRNchain", "C"); INSERT INTO evm_tokens(identifier, token_kind, chain, address, decimals, protocol) VALUES("eip155:1/erc20:0xe469c4473af82217B30CF17b10BcDb6C8c796e75", "A", 1, "0xe469c4473af82217B30CF17b10BcDb6C8c796e75", 0, ""); INSERT INTO common_asset_details(identifier, symbol, coingecko, cryptocompare, forked, started, swapped_for) VALUES("eip155:1/erc20:0xe469c4473af82217B30CF17b10BcDb6C8c796e75", "EXRN", "exrnchain", "EXRN", NULL, 1507553178, NULL);
UPDATE common_asset_details SET cryptocompare = 'SRN' WHERE identifier = 'eip155:1/erc20:0x68d57c9a1C35f63E2c83eE8e49A64e9d70528D25';
INSERT INTO assets(identifier, name, type) VALUES("eip155:1/erc20:0x68d57c9a1C35f63E2c83eE8e49A64e9d70528D25", "SIRIN LABS Token", "C"); INSERT INTO evm_tokens(identifier, token_kind, chain, address, decimals, protocol) VALUES("eip155:1/erc20:0x68d57c9a1C35f63E2c83eE8e49A64e9d70528D25", "A", 1, "0x68d57c9a1C35f63E2c83eE8e49A64e9d70528D25", 18, ""); INSERT INTO common_asset_details(identifier, symbol, coingecko, cryptocompare, forked, started, swapped_for) VALUES("eip155:1/erc20:0x68d57c9a1C35f63E2c83eE8e49A64e9d70528D25", "SRN", "sirin-labs-token", "SRN", NULL, 1508284800, NULL);
UPDATE common_asset_details SET cryptocompare = 'EQL' WHERE identifier = 'eip155:1/erc20:0x47dD62D4D075DeAd71d0e00299fc56a2d747beBb';
INSERT INTO assets(identifier, name, type) VALUES("eip155:1/erc20:0x47dD62D4D075DeAd71d0e00299fc56a2d747beBb", "Equal", "C"); INSERT INTO evm_tokens(identifier, token_kind, chain, address, decimals, protocol) VALUES("eip155:1/erc20:0x47dD62D4D075DeAd71d0e00299fc56a2d747beBb", "A", 1, "0x47dD62D4D075DeAd71d0e00299fc56a2d747beBb", 18, ""); INSERT INTO common_asset_details(identifier, symbol, coingecko, cryptocompare, forked, started, swapped_for) VALUES("eip155:1/erc20:0x47dD62D4D075DeAd71d0e00299fc56a2d747beBb", "EQL", "equal", "EQL", NULL, 1513673020, NULL);
UPDATE common_asset_details SET cryptocompare = 'ELY' WHERE identifier = 'eip155:1/erc20:0xa95592DCFfA3C080B4B40E459c5f5692F67DB7F8';
INSERT INTO assets(identifier, name, type) VALUES("eip155:1/erc20:0xa95592DCFfA3C080B4B40E459c5f5692F67DB7F8", "Elysian", "C"); INSERT INTO evm_tokens(identifier, token_kind, chain, address, decimals, protocol) VALUES("eip155:1/erc20:0xa95592DCFfA3C080B4B40E459c5f5692F67DB7F8", "A", 1, "0xa95592DCFfA3C080B4B40E459c5f5692F67DB7F8", 18, ""); INSERT INTO common_asset_details(identifier, symbol, coingecko, cryptocompare, forked, started, swapped_for) VALUES("eip155:1/erc20:0xa95592DCFfA3C080B4B40E459c5f5692F67DB7F8", "ELY", "elysian", "ELY", NULL, 1524579568, NULL);
UPDATE common_asset_details SET cryptocompare = 'DAV' WHERE identifier = 'eip155:1/erc20:0xd82Df0ABD3f51425Eb15ef7580fDA55727875f14';
INSERT INTO assets(identifier, name, type) VALUES("eip155:1/erc20:0xd82Df0ABD3f51425Eb15ef7580fDA55727875f14", "DAV Coin", "C"); INSERT INTO evm_tokens(identifier, token_kind, chain, address, decimals, protocol) VALUES("eip155:1/erc20:0xd82Df0ABD3f51425Eb15ef7580fDA55727875f14", "A", 1, "0xd82Df0ABD3f51425Eb15ef7580fDA55727875f14", 18, ""); INSERT INTO common_asset_details(identifier, symbol, coingecko, cryptocompare, forked, started, swapped_for) VALUES("eip155:1/erc20:0xd82Df0ABD3f51425Eb15ef7580fDA55727875f14", "DAV", "dav", "DAV", NULL, 1528549816, NULL);
UPDATE common_asset_details SET cryptocompare = 'ZLOT' WHERE identifier = 'eip155:1/erc20:0xA8e7AD77C60eE6f30BaC54E2E7c0617Bd7B5A03E';
INSERT INTO assets(identifier, name, type) VALUES("eip155:1/erc20:0xA8e7AD77C60eE6f30BaC54E2E7c0617Bd7B5A03E", "zLOT", "C"); INSERT INTO evm_tokens(identifier, token_kind, chain, address, decimals, protocol) VALUES("eip155:1/erc20:0xA8e7AD77C60eE6f30BaC54E2E7c0617Bd7B5A03E", "A", 1, "0xA8e7AD77C60eE6f30BaC54E2E7c0617Bd7B5A03E", 18, ""); INSERT INTO common_asset_details(identifier, symbol, coingecko, cryptocompare, forked, started, swapped_for) VALUES("eip155:1/erc20:0xA8e7AD77C60eE6f30BaC54E2E7c0617Bd7B5A03E", "ZLOT", "zlot", "ZLOT", NULL, 1603240380, NULL);
UPDATE common_asset_details SET cryptocompare = 'FRXETH' WHERE identifier = 'eip155:1/erc20:0x5E8422345238F34275888049021821E8E08CAa1f';
INSERT INTO assets(identifier, name, type) VALUES("eip155:1/erc20:0x5E8422345238F34275888049021821E8E08CAa1f", "Frax Ether", "C"); INSERT INTO evm_tokens(identifier, token_kind, chain, address, decimals, protocol) VALUES("eip155:1/erc20:0x5E8422345238F34275888049021821E8E08CAa1f", "A", 1, "0x5E8422345238F34275888049021821E8E08CAa1f", 18, ""); INSERT INTO common_asset_details(identifier, symbol, coingecko, cryptocompare, forked, started, swapped_for) VALUES("eip155:1/erc20:0x5E8422345238F34275888049021821E8E08CAa1f", "frxETH", "frax-ether", "FRXETH", NULL, NULL, NULL);
UPDATE common_asset_details SET cryptocompare = 'IND' WHERE identifier = 'eip155:1/erc20:0xf8e386EDa857484f5a12e4B5DAa9984E06E73705';
INSERT INTO assets(identifier, name, type) VALUES("eip155:1/erc20:0xf8e386EDa857484f5a12e4B5DAa9984E06E73705", "Indorse Token", "C"); INSERT INTO evm_tokens(identifier, token_kind, chain, address, decimals, protocol) VALUES("eip155:1/erc20:0xf8e386EDa857484f5a12e4B5DAa9984E06E73705", "A", 1, "0xf8e386EDa857484f5a12e4B5DAa9984E06E73705", 18, ""); INSERT INTO common_asset_details(identifier, symbol, coingecko, cryptocompare, forked, started, swapped_for) VALUES("eip155:1/erc20:0xf8e386EDa857484f5a12e4B5DAa9984E06E73705", "IND", "indorse", "IND", NULL, 1502181444, NULL);
UPDATE common_asset_details SET cryptocompare = 'STP' WHERE identifier = 'eip155:1/erc20:0xecd570bBf74761b960Fa04Cc10fe2c4e86FfDA36';
INSERT INTO assets(identifier, name, type) VALUES("eip155:1/erc20:0xecd570bBf74761b960Fa04Cc10fe2c4e86FfDA36", "StashPay", "C"); INSERT INTO evm_tokens(identifier, token_kind, chain, address, decimals, protocol) VALUES("eip155:1/erc20:0xecd570bBf74761b960Fa04Cc10fe2c4e86FfDA36", "A", 1, "0xecd570bBf74761b960Fa04Cc10fe2c4e86FfDA36", 8, ""); INSERT INTO common_asset_details(identifier, symbol, coingecko, cryptocompare, forked, started, swapped_for) VALUES("eip155:1/erc20:0xecd570bBf74761b960Fa04Cc10fe2c4e86FfDA36", "STP", "stash", "STP", NULL, 1503532800, NULL);
UPDATE common_asset_details SET cryptocompare = 'LEMO' WHERE identifier = 'eip155:1/erc20:0x60C24407d01782C2175D32fe7C8921ed732371D1';
INSERT INTO assets(identifier, name, type) VALUES("eip155:1/erc20:0x60C24407d01782C2175D32fe7C8921ed732371D1", "LemoChain", "C"); INSERT INTO evm_tokens(identifier, token_kind, chain, address, decimals, protocol) VALUES("eip155:1/erc20:0x60C24407d01782C2175D32fe7C8921ed732371D1", "A", 1, "0x60C24407d01782C2175D32fe7C8921ed732371D1", 18, ""); INSERT INTO common_asset_details(identifier, symbol, coingecko, cryptocompare, forked, started, swapped_for) VALUES("eip155:1/erc20:0x60C24407d01782C2175D32fe7C8921ed732371D1", "LEMO", "lemochain", "LEMO", NULL, 1530968235, NULL);
UPDATE common_asset_details SET cryptocompare = 'TCR' WHERE identifier = 'eip155:1/erc20:0x9C4A4204B79dd291D6b6571C5BE8BbcD0622F050';
INSERT INTO assets(identifier, name, type) VALUES("eip155:1/erc20:0x9C4A4204B79dd291D6b6571C5BE8BbcD0622F050", "Tracer", "C"); INSERT INTO evm_tokens(identifier, token_kind, chain, address, decimals, protocol) VALUES("eip155:1/erc20:0x9C4A4204B79dd291D6b6571C5BE8BbcD0622F050", "A", 1, "0x9C4A4204B79dd291D6b6571C5BE8BbcD0622F050", 18, ""); INSERT INTO common_asset_details(identifier, symbol, coingecko, cryptocompare, forked, started, swapped_for) VALUES("eip155:1/erc20:0x9C4A4204B79dd291D6b6571C5BE8BbcD0622F050", "TCR", "tracer-dao", "TCR", NULL, NULL, NULL);
UPDATE common_asset_details SET cryptocompare = 'BCHC' WHERE identifier = 'eip155:1/erc20:0x2ab05B915C30093679165bcdba9C26D8Cd8BeE99';
INSERT INTO assets(identifier, name, type) VALUES("eip155:1/erc20:0x2ab05B915C30093679165bcdba9C26D8Cd8BeE99", "BitCherry", "C"); INSERT INTO evm_tokens(identifier, token_kind, chain, address, decimals, protocol) VALUES("eip155:1/erc20:0x2ab05B915C30093679165bcdba9C26D8Cd8BeE99", "A", 1, "0x2ab05B915C30093679165bcdba9C26D8Cd8BeE99", 18, ""); INSERT INTO common_asset_details(identifier, symbol, coingecko, cryptocompare, forked, started, swapped_for) VALUES("eip155:1/erc20:0x2ab05B915C30093679165bcdba9C26D8Cd8BeE99", "BCHC", "bitcherry", "BCHC", NULL, 1555983997, NULL);
UPDATE common_asset_details SET cryptocompare = 'TTC' WHERE identifier = 'eip155:1/erc20:0x9389434852b94bbaD4c8AfEd5B7BDBc5Ff0c2275';
INSERT INTO assets(identifier, name, type) VALUES("eip155:1/erc20:0x9389434852b94bbaD4c8AfEd5B7BDBc5Ff0c2275", "TTC Protocol", "C"); INSERT INTO evm_tokens(identifier, token_kind, chain, address, decimals, protocol) VALUES("eip155:1/erc20:0x9389434852b94bbaD4c8AfEd5B7BDBc5Ff0c2275", "A", 1, "0x9389434852b94bbaD4c8AfEd5B7BDBc5Ff0c2275", 18, ""); INSERT INTO common_asset_details(identifier, symbol, coingecko, cryptocompare, forked, started, swapped_for) VALUES("eip155:1/erc20:0x9389434852b94bbaD4c8AfEd5B7BDBc5Ff0c2275", "TTC", "ttc-protocol", "TTC", NULL, 1529884800, NULL);
UPDATE common_asset_details SET cryptocompare = 'TUSD' WHERE identifier = 'eip155:1/erc20:0x0000000000085d4780B73119b644AE5ecd22b376';
INSERT INTO assets(identifier, name, type) VALUES("eip155:1/erc20:0x0000000000085d4780B73119b644AE5ecd22b376", "TrueUSD", "C"); INSERT INTO evm_tokens(identifier, token_kind, chain, address, decimals, protocol) VALUES("eip155:1/erc20:0x0000000000085d4780B73119b644AE5ecd22b376", "A", 1, "0x0000000000085d4780B73119b644AE5ecd22b376", 18, ""); INSERT INTO common_asset_details(identifier, symbol, coingecko, cryptocompare, forked, started, swapped_for) VALUES("eip155:1/erc20:0x0000000000085d4780B73119b644AE5ecd22b376", "TUSD", "true-usd", "TUSD", NULL, 1520310861, NULL);
UPDATE common_asset_details SET cryptocompare = 'LEO' WHERE identifier = 'eip155:1/erc20:0x2AF5D2aD76741191D15Dfe7bF6aC92d4Bd912Ca3';
INSERT INTO assets(identifier, name, type) VALUES("eip155:1/erc20:0x2AF5D2aD76741191D15Dfe7bF6aC92d4Bd912Ca3", "LEO Token", "C"); INSERT INTO evm_tokens(identifier, token_kind, chain, address, decimals, protocol) VALUES("eip155:1/erc20:0x2AF5D2aD76741191D15Dfe7bF6aC92d4Bd912Ca3", "A", 1, "0x2AF5D2aD76741191D15Dfe7bF6aC92d4Bd912Ca3", 18, ""); INSERT INTO common_asset_details(identifier, symbol, coingecko, cryptocompare, forked, started, swapped_for) VALUES("eip155:1/erc20:0x2AF5D2aD76741191D15Dfe7bF6aC92d4Bd912Ca3", "LEO", "leo-token", "LEO", NULL, 1558444909, NULL);
UPDATE common_asset_details SET cryptocompare = 'BSV' WHERE identifier = 'BSV';
INSERT INTO assets(identifier, name, type) VALUES("BSV", "Bitcoin Satoshi's Vision", "B"); INSERT INTO common_asset_details(identifier, symbol, coingecko, cryptocompare, forked, started, swapped_for) VALUES("BSV", "BSV", "bitcoin-cash-sv", "BSV", "BCH", 1542300000, NULL);
UPDATE common_asset_details SET cryptocompare = 'KPAPA' WHERE identifier = 'eip155:137/erc20:0x5aBD74c7192e7688F81206d8A4F6B9c298f3D282';
INSERT INTO assets(identifier, name, type) VALUES("eip155:137/erc20:0x5aBD74c7192e7688F81206d8A4F6B9c298f3D282", "KINGPAPA", "C"); INSERT INTO evm_tokens(identifier, token_kind, chain, address, decimals, protocol) VALUES("eip155:137/erc20:0x5aBD74c7192e7688F81206d8A4F6B9c298f3D282", "A", 137, "0x5aBD74c7192e7688F81206d8A4F6B9c298f3D282", 18, ""); INSERT INTO common_asset_details(identifier, symbol, coingecko, cryptocompare, forked, started, swapped_for) VALUES("eip155:137/erc20:0x5aBD74c7192e7688F81206d8A4F6B9c298f3D282", "KPAPA", "", "KPAPA", NULL, NULL, NULL);
UPDATE common_asset_details SET cryptocompare = 'XTZ' WHERE identifier = 'XTZ';
INSERT INTO assets(identifier, name, type) VALUES("XTZ", "Tezos", "B"); INSERT INTO common_asset_details(identifier, symbol, coingecko, cryptocompare, forked, started, swapped_for) VALUES("XTZ", "XTZ", "tezos", "XTZ", NULL, 1498867200, NULL);
UPDATE common_asset_details SET cryptocompare = 'NOX' WHERE identifier = 'eip155:1/erc20:0xeC46f8207D766012454c408De210BCBc2243E71c';
INSERT INTO assets(identifier, name, type) VALUES("eip155:1/erc20:0xeC46f8207D766012454c408De210BCBc2243E71c", "Nitro", "C"); INSERT INTO evm_tokens(identifier, token_kind, chain, address, decimals, protocol) VALUES("eip155:1/erc20:0xeC46f8207D766012454c408De210BCBc2243E71c", "A", 1, "0xeC46f8207D766012454c408De210BCBc2243E71c", 18, ""); INSERT INTO common_asset_details(identifier, symbol, coingecko, cryptocompare, forked, started, swapped_for) VALUES("eip155:1/erc20:0xeC46f8207D766012454c408De210BCBc2243E71c", "NOX", "nitro", "NOX", NULL, 1507593600, NULL);
UPDATE common_asset_details SET cryptocompare = 'AMP' WHERE identifier = 'eip155:1/erc20:0xfF20817765cB7f73d4bde2e66e067E58D11095C2';
INSERT INTO assets(identifier, name, type) VALUES("eip155:1/erc20:0xfF20817765cB7f73d4bde2e66e067E58D11095C2", "Amp", "C"); INSERT INTO evm_tokens(identifier, token_kind, chain, address, decimals, protocol) VALUES("eip155:1/erc20:0xfF20817765cB7f73d4bde2e66e067E58D11095C2", "A", 1, "0xfF20817765cB7f73d4bde2e66e067E58D11095C2", 18, ""); INSERT INTO common_asset_details(identifier, symbol, coingecko, cryptocompare, forked, started, swapped_for) VALUES("eip155:1/erc20:0xfF20817765cB7f73d4bde2e66e067E58D11095C2", "AMP", "amp-token", "AMP", NULL, 1597148839, NULL);
UPDATE common_asset_details SET cryptocompare = 'GELATO' WHERE identifier = 'eip155:1/erc20:0x15b7c0c907e4C6b9AdaAaabC300C08991D6CEA05';
INSERT INTO assets(identifier, name, type) VALUES("eip155:1/erc20:0x15b7c0c907e4C6b9AdaAaabC300C08991D6CEA05", "Gelato Network Token", "C"); INSERT INTO evm_tokens(identifier, token_kind, chain, address, decimals, protocol) VALUES("eip155:1/erc20:0x15b7c0c907e4C6b9AdaAaabC300C08991D6CEA05", "A", 1, "0x15b7c0c907e4C6b9AdaAaabC300C08991D6CEA05", 18, ""); INSERT INTO common_asset_details(identifier, symbol, coingecko, cryptocompare, forked, started, swapped_for) VALUES("eip155:1/erc20:0x15b7c0c907e4C6b9AdaAaabC300C08991D6CEA05", "GEL", "gelato", "GELATO", NULL, 1630927609, NULL);
UPDATE common_asset_details SET cryptocompare = 'DAPPT' WHERE identifier = 'eip155:1/erc20:0x96184d9C811Ea0624fC30C80233B1d749B9E485B';
INSERT INTO assets(identifier, name, type) VALUES("eip155:1/erc20:0x96184d9C811Ea0624fC30C80233B1d749B9E485B", "Dapp Token", "C"); INSERT INTO evm_tokens(identifier, token_kind, chain, address, decimals, protocol) VALUES("eip155:1/erc20:0x96184d9C811Ea0624fC30C80233B1d749B9E485B", "A", 1, "0x96184d9C811Ea0624fC30C80233B1d749B9E485B", 18, ""); INSERT INTO common_asset_details(identifier, symbol, coingecko, cryptocompare, forked, started, swapped_for) VALUES("eip155:1/erc20:0x96184d9C811Ea0624fC30C80233B1d749B9E485B", "DAPPT", "dapp-com", "DAPPT", NULL, 1603000572, NULL);
UPDATE common_asset_details SET cryptocompare = 'QUICKOLD' WHERE identifier = 'eip155:1/erc20:0x6c28AeF8977c9B773996d0e8376d2EE379446F2f';
INSERT INTO assets(identifier, name, type) VALUES("eip155:1/erc20:0x6c28AeF8977c9B773996d0e8376d2EE379446F2f", "Quickswap", "C"); INSERT INTO evm_tokens(identifier, token_kind, chain, address, decimals, protocol) VALUES("eip155:1/erc20:0x6c28AeF8977c9B773996d0e8376d2EE379446F2f", "A", 1, "0x6c28AeF8977c9B773996d0e8376d2EE379446F2f", 18, ""); INSERT INTO common_asset_details(identifier, symbol, coingecko, cryptocompare, forked, started, swapped_for) VALUES("eip155:1/erc20:0x6c28AeF8977c9B773996d0e8376d2EE379446F2f", "QUICK", "quick", "QUICKOLD", NULL, 1602175076, NULL);
UPDATE common_asset_details SET cryptocompare = 'GRID' WHERE identifier = 'eip155:1/erc20:0x12B19D3e2ccc14Da04FAe33e63652ce469b3F2FD';
INSERT INTO assets(identifier, name, type) VALUES("eip155:1/erc20:0x12B19D3e2ccc14Da04FAe33e63652ce469b3F2FD", "Grid+", "C"); INSERT INTO evm_tokens(identifier, token_kind, chain, address, decimals, protocol) VALUES("eip155:1/erc20:0x12B19D3e2ccc14Da04FAe33e63652ce469b3F2FD", "A", 1, "0x12B19D3e2ccc14Da04FAe33e63652ce469b3F2FD", 12, ""); INSERT INTO common_asset_details(identifier, symbol, coingecko, cryptocompare, forked, started, swapped_for) VALUES("eip155:1/erc20:0x12B19D3e2ccc14Da04FAe33e63652ce469b3F2FD", "GRID", "grid", "GRID", NULL, 1499817600, NULL);
UPDATE common_asset_details SET cryptocompare = 'WRC' WHERE identifier = 'eip155:1/erc20:0x72aDadb447784dd7AB1F472467750fC485e4cb2d';
INSERT INTO assets(identifier, name, type) VALUES("eip155:1/erc20:0x72aDadb447784dd7AB1F472467750fC485e4cb2d", "Worldcore", "C"); INSERT INTO evm_tokens(identifier, token_kind, chain, address, decimals, protocol) VALUES("eip155:1/erc20:0x72aDadb447784dd7AB1F472467750fC485e4cb2d", "A", 1, "0x72aDadb447784dd7AB1F472467750fC485e4cb2d", 6, ""); INSERT INTO common_asset_details(identifier, symbol, coingecko, cryptocompare, forked, started, swapped_for) VALUES("eip155:1/erc20:0x72aDadb447784dd7AB1F472467750fC485e4cb2d", "WRC", "worldcore", "WRC", NULL, 1502928000, NULL);
UPDATE common_asset_details SET cryptocompare = 'PLBT' WHERE identifier = 'eip155:1/erc20:0x0AfFa06e7Fbe5bC9a764C979aA66E8256A631f02';
INSERT INTO assets(identifier, name, type) VALUES("eip155:1/erc20:0x0AfFa06e7Fbe5bC9a764C979aA66E8256A631f02", "Polybius", "C"); INSERT INTO evm_tokens(identifier, token_kind, chain, address, decimals, protocol) VALUES("eip155:1/erc20:0x0AfFa06e7Fbe5bC9a764C979aA66E8256A631f02", "A", 1, "0x0AfFa06e7Fbe5bC9a764C979aA66E8256A631f02", 6, ""); INSERT INTO common_asset_details(identifier, symbol, coingecko, cryptocompare, forked, started, swapped_for) VALUES("eip155:1/erc20:0x0AfFa06e7Fbe5bC9a764C979aA66E8256A631f02", "PLBT", "polybius", "PLBT", NULL, 1490832000, NULL);
UPDATE common_asset_details SET cryptocompare = 'ALTD' WHERE identifier = 'eip155:1/erc20:0x8929e9DbD2785e3BA16175E596CDD61520feE0D1';
INSERT INTO assets(identifier, name, type) VALUES("eip155:1/erc20:0x8929e9DbD2785e3BA16175E596CDD61520feE0D1", "Altitude", "C"); INSERT INTO evm_tokens(identifier, token_kind, chain, address, decimals, protocol) VALUES("eip155:1/erc20:0x8929e9DbD2785e3BA16175E596CDD61520feE0D1", "A", 1, "0x8929e9DbD2785e3BA16175E596CDD61520feE0D1", 18, ""); INSERT INTO common_asset_details(identifier, symbol, coingecko, cryptocompare, forked, started, swapped_for) VALUES("eip155:1/erc20:0x8929e9DbD2785e3BA16175E596CDD61520feE0D1", "ALTD", "", "ALTD", NULL, NULL, NULL);
UPDATE common_asset_details SET cryptocompare = 'APPC' WHERE identifier = 'eip155:1/erc20:0x1a7a8BD9106F2B8D977E08582DC7d24c723ab0DB';
INSERT INTO assets(identifier, name, type) VALUES("eip155:1/erc20:0x1a7a8BD9106F2B8D977E08582DC7d24c723ab0DB", "AppCoins", "C"); INSERT INTO evm_tokens(identifier, token_kind, chain, address, decimals, protocol) VALUES("eip155:1/erc20:0x1a7a8BD9106F2B8D977E08582DC7d24c723ab0DB", "A", 1, "0x1a7a8BD9106F2B8D977E08582DC7d24c723ab0DB", 18, ""); INSERT INTO common_asset_details(identifier, symbol, coingecko, cryptocompare, forked, started, swapped_for) VALUES("eip155:1/erc20:0x1a7a8BD9106F2B8D977E08582DC7d24c723ab0DB", "APPC", "appcoins", "APPC", NULL, 1509926400, NULL);
UPDATE common_asset_details SET cryptocompare = 'ECELL' WHERE identifier = 'eip155:1/erc20:0x9b62Ec1453cEa5Dde760AAf662048cA6eEB66E7f';
INSERT INTO assets(identifier, name, type) VALUES("eip155:1/erc20:0x9b62Ec1453cEa5Dde760AAf662048cA6eEB66E7f", "Consensus Cell Network", "C"); INSERT INTO evm_tokens(identifier, token_kind, chain, address, decimals, protocol) VALUES("eip155:1/erc20:0x9b62Ec1453cEa5Dde760AAf662048cA6eEB66E7f", "A", 1, "0x9b62Ec1453cEa5Dde760AAf662048cA6eEB66E7f", 2, ""); INSERT INTO common_asset_details(identifier, symbol, coingecko, cryptocompare, forked, started, swapped_for) VALUES("eip155:1/erc20:0x9b62Ec1453cEa5Dde760AAf662048cA6eEB66E7f", "ECELL", "celletf", "ECELL", NULL, 1566879537, NULL);
UPDATE common_asset_details SET cryptocompare = 'DIA' WHERE identifier = 'eip155:1/erc20:0x84cA8bc7997272c7CfB4D0Cd3D55cd942B3c9419';
INSERT INTO assets(identifier, name, type) VALUES("eip155:1/erc20:0x84cA8bc7997272c7CfB4D0Cd3D55cd942B3c9419", "DIAToken", "C"); INSERT INTO evm_tokens(identifier, token_kind, chain, address, decimals, protocol) VALUES("eip155:1/erc20:0x84cA8bc7997272c7CfB4D0Cd3D55cd942B3c9419", "A", 1, "0x84cA8bc7997272c7CfB4D0Cd3D55cd942B3c9419", 18, ""); INSERT INTO common_asset_details(identifier, symbol, coingecko, cryptocompare, forked, started, swapped_for) VALUES("eip155:1/erc20:0x84cA8bc7997272c7CfB4D0Cd3D55cd942B3c9419", "DIA", "dia-data", "DIA", NULL, 1574868479, NULL);
UPDATE common_asset_details SET cryptocompare = 'KP3R' WHERE identifier = 'eip155:1/erc20:0x1cEB5cB57C4D4E2b2433641b95Dd330A33185A44';
INSERT INTO assets(identifier, name, type) VALUES("eip155:1/erc20:0x1cEB5cB57C4D4E2b2433641b95Dd330A33185A44", "Keep3rV1", "C"); INSERT INTO evm_tokens(identifier, token_kind, chain, address, decimals, protocol) VALUES("eip155:1/erc20:0x1cEB5cB57C4D4E2b2433641b95Dd330A33185A44", "A", 1, "0x1cEB5cB57C4D4E2b2433641b95Dd330A33185A44", 18, ""); INSERT INTO common_asset_details(identifier, symbol, coingecko, cryptocompare, forked, started, swapped_for) VALUES("eip155:1/erc20:0x1cEB5cB57C4D4E2b2433641b95Dd330A33185A44", "KP3R", "keep3rv1", "KP3R", NULL, 1603871844, NULL);
UPDATE common_asset_details SET cryptocompare = 'XDAI' WHERE identifier = 'XDAI';
INSERT INTO assets(identifier, name, type) VALUES("XDAI", "XDAI", "B"); INSERT INTO common_asset_details(identifier, symbol, coingecko, cryptocompare, forked, started, swapped_for) VALUES("XDAI", "XDAI", "xdai", "XDAI", NULL, 1539024185, NULL);
UPDATE common_asset_details SET cryptocompare = 'RNTB' WHERE identifier = 'eip155:1/erc20:0x1FE70bE734e473e5721ea57C8B5B01e6Caa52686';
INSERT INTO assets(identifier, name, type) VALUES("eip155:1/erc20:0x1FE70bE734e473e5721ea57C8B5B01e6Caa52686", "BitRent", "C"); INSERT INTO evm_tokens(identifier, token_kind, chain, address, decimals, protocol) VALUES("eip155:1/erc20:0x1FE70bE734e473e5721ea57C8B5B01e6Caa52686", "A", 1, "0x1FE70bE734e473e5721ea57C8B5B01e6Caa52686", 18, ""); INSERT INTO common_asset_details(identifier, symbol, coingecko, cryptocompare, forked, started, swapped_for) VALUES("eip155:1/erc20:0x1FE70bE734e473e5721ea57C8B5B01e6Caa52686", "RNTB", "bitrent", "RNTB", NULL, 1506556800, NULL);
UPDATE common_asset_details SET cryptocompare = 'EKO' WHERE identifier = 'eip155:1/erc20:0xa6a840E50bCaa50dA017b91A0D86B8b2d41156EE';
INSERT INTO assets(identifier, name, type) VALUES("eip155:1/erc20:0xa6a840E50bCaa50dA017b91A0D86B8b2d41156EE", "EchoLink", "C"); INSERT INTO evm_tokens(identifier, token_kind, chain, address, decimals, protocol) VALUES("eip155:1/erc20:0xa6a840E50bCaa50dA017b91A0D86B8b2d41156EE", "A", 1, "0xa6a840E50bCaa50dA017b91A0D86B8b2d41156EE", 18, ""); INSERT INTO common_asset_details(identifier, symbol, coingecko, cryptocompare, forked, started, swapped_for) VALUES("eip155:1/erc20:0xa6a840E50bCaa50dA017b91A0D86B8b2d41156EE", "EKO", "echolink", "EKO", NULL, 1510756506, NULL);
UPDATE common_asset_details SET cryptocompare = 'SUKU' WHERE identifier = 'eip155:1/erc20:0x0763fdCCF1aE541A5961815C0872A8c5Bc6DE4d7';
INSERT INTO assets(identifier, name, type) VALUES("eip155:1/erc20:0x0763fdCCF1aE541A5961815C0872A8c5Bc6DE4d7", "SUKU", "C"); INSERT INTO evm_tokens(identifier, token_kind, chain, address, decimals, protocol) VALUES("eip155:1/erc20:0x0763fdCCF1aE541A5961815C0872A8c5Bc6DE4d7", "A", 1, "0x0763fdCCF1aE541A5961815C0872A8c5Bc6DE4d7", 18, ""); INSERT INTO common_asset_details(identifier, symbol, coingecko, cryptocompare, forked, started, swapped_for) VALUES("eip155:1/erc20:0x0763fdCCF1aE541A5961815C0872A8c5Bc6DE4d7", "SUKU", "suku", "SUKU", NULL, 1571338185, NULL);
UPDATE common_asset_details SET cryptocompare = 'NLK' WHERE identifier = 'eip155:1/erc20:0x744030Ad4E6c10fAf5483b62473D88a254d62261';
INSERT INTO assets(identifier, name, type) VALUES("eip155:1/erc20:0x744030Ad4E6c10fAf5483b62473D88a254d62261", "NuLink token", "C"); INSERT INTO evm_tokens(identifier, token_kind, chain, address, decimals, protocol) VALUES("eip155:1/erc20:0x744030Ad4E6c10fAf5483b62473D88a254d62261", "A", 1, "0x744030Ad4E6c10fAf5483b62473D88a254d62261", 18, ""); INSERT INTO common_asset_details(identifier, symbol, coingecko, cryptocompare, forked, started, swapped_for) VALUES("eip155:1/erc20:0x744030Ad4E6c10fAf5483b62473D88a254d62261", "NLK", "nulink-2", "NLK", NULL, 1712049251, NULL);
UPDATE common_asset_details SET cryptocompare = 'APIS' WHERE identifier = 'eip155:1/erc20:0x4C0fBE1BB46612915E7967d2C3213cd4d87257AD';
INSERT INTO assets(identifier, name, type) VALUES("eip155:1/erc20:0x4C0fBE1BB46612915E7967d2C3213cd4d87257AD", "APIS", "C"); INSERT INTO evm_tokens(identifier, token_kind, chain, address, decimals, protocol) VALUES("eip155:1/erc20:0x4C0fBE1BB46612915E7967d2C3213cd4d87257AD", "A", 1, "0x4C0fBE1BB46612915E7967d2C3213cd4d87257AD", 18, ""); INSERT INTO common_asset_details(identifier, symbol, coingecko, cryptocompare, forked, started, swapped_for) VALUES("eip155:1/erc20:0x4C0fBE1BB46612915E7967d2C3213cd4d87257AD", "APIS", "apis", "APIS", NULL, 1520148246, NULL);
UPDATE common_asset_details SET cryptocompare = 'ATH' WHERE identifier = 'eip155:1/erc20:0xbe0Ed4138121EcFC5c0E56B40517da27E6c5226B';
INSERT INTO assets(identifier, name, type) VALUES("eip155:1/erc20:0xbe0Ed4138121EcFC5c0E56B40517da27E6c5226B", "Aethir Token", "C"); INSERT INTO evm_tokens(identifier, token_kind, chain, address, decimals, protocol) VALUES("eip155:1/erc20:0xbe0Ed4138121EcFC5c0E56B40517da27E6c5226B", "A", 1, "0xbe0Ed4138121EcFC5c0E56B40517da27E6c5226B", 18, ""); INSERT INTO common_asset_details(identifier, symbol, coingecko, cryptocompare, forked, started, swapped_for) VALUES("eip155:1/erc20:0xbe0Ed4138121EcFC5c0E56B40517da27E6c5226B", "ATH", "aethir", "ATH", NULL, 1717570679, NULL);
UPDATE common_asset_details SET cryptocompare = 'XYO' WHERE identifier = 'eip155:1/erc20:0x55296f69f40Ea6d20E478533C15A6B08B654E758';
INSERT INTO assets(identifier, name, type) VALUES("eip155:1/erc20:0x55296f69f40Ea6d20E478533C15A6B08B654E758", "XY Oracle", "C"); INSERT INTO evm_tokens(identifier, token_kind, chain, address, decimals, protocol) VALUES("eip155:1/erc20:0x55296f69f40Ea6d20E478533C15A6B08B654E758", "A", 1, "0x55296f69f40Ea6d20E478533C15A6B08B654E758", 18, ""); INSERT INTO common_asset_details(identifier, symbol, coingecko, cryptocompare, forked, started, swapped_for) VALUES("eip155:1/erc20:0x55296f69f40Ea6d20E478533C15A6B08B654E758", "XYO", "xyo-network", "XYO", NULL, 1515221841, NULL);
UPDATE common_asset_details SET cryptocompare = 'MOC' WHERE identifier = 'eip155:1/erc20:0x865ec58b06bF6305B886793AA20A2da31D034E68';
INSERT INTO assets(identifier, name, type) VALUES("eip155:1/erc20:0x865ec58b06bF6305B886793AA20A2da31D034E68", "Moss Coin", "C"); INSERT INTO evm_tokens(identifier, token_kind, chain, address, decimals, protocol) VALUES("eip155:1/erc20:0x865ec58b06bF6305B886793AA20A2da31D034E68", "A", 1, "0x865ec58b06bF6305B886793AA20A2da31D034E68", 18, ""); INSERT INTO common_asset_details(identifier, symbol, coingecko, cryptocompare, forked, started, swapped_for) VALUES("eip155:1/erc20:0x865ec58b06bF6305B886793AA20A2da31D034E68", "MOC", "mossland", "MOC", NULL, 1504656000, NULL);
UPDATE common_asset_details SET cryptocompare = 'FACE' WHERE identifier = 'eip155:1/erc20:0x1CCAA0F2a7210d76E1fDec740d5F323E2E1b1672';
INSERT INTO assets(identifier, name, type) VALUES("eip155:1/erc20:0x1CCAA0F2a7210d76E1fDec740d5F323E2E1b1672", "Faceter", "C"); INSERT INTO evm_tokens(identifier, token_kind, chain, address, decimals, protocol) VALUES("eip155:1/erc20:0x1CCAA0F2a7210d76E1fDec740d5F323E2E1b1672", "A", 1, "0x1CCAA0F2a7210d76E1fDec740d5F323E2E1b1672", 18, ""); INSERT INTO common_asset_details(identifier, symbol, coingecko, cryptocompare, forked, started, swapped_for) VALUES("eip155:1/erc20:0x1CCAA0F2a7210d76E1fDec740d5F323E2E1b1672", "FACE", "face", "FACE", NULL, 1516320000, NULL);
UPDATE common_asset_details SET cryptocompare = 'MGO' WHERE identifier = 'eip155:1/erc20:0x40395044Ac3c0C57051906dA938B54BD6557F212';
INSERT INTO assets(identifier, name, type) VALUES("eip155:1/erc20:0x40395044Ac3c0C57051906dA938B54BD6557F212", "MobileGo", "C"); INSERT INTO evm_tokens(identifier, token_kind, chain, address, decimals, protocol) VALUES("eip155:1/erc20:0x40395044Ac3c0C57051906dA938B54BD6557F212", "A", 1, "0x40395044Ac3c0C57051906dA938B54BD6557F212", 8, ""); INSERT INTO common_asset_details(identifier, symbol, coingecko, cryptocompare, forked, started, swapped_for) VALUES("eip155:1/erc20:0x40395044Ac3c0C57051906dA938B54BD6557F212", "MGO", "mobilego", "MGO", NULL, 1487203200, NULL);
UPDATE common_asset_details SET cryptocompare = 'AURO' WHERE identifier = 'eip155:1/erc20:0x9ab165D795019b6d8B3e971DdA91071421305e5a';
INSERT INTO assets(identifier, name, type) VALUES("eip155:1/erc20:0x9ab165D795019b6d8B3e971DdA91071421305e5a", "Aurora", "C"); INSERT INTO evm_tokens(identifier, token_kind, chain, address, decimals, protocol) VALUES("eip155:1/erc20:0x9ab165D795019b6d8B3e971DdA91071421305e5a", "A", 1, "0x9ab165D795019b6d8B3e971DdA91071421305e5a", 18, ""); INSERT INTO common_asset_details(identifier, symbol, coingecko, cryptocompare, forked, started, swapped_for) VALUES("eip155:1/erc20:0x9ab165D795019b6d8B3e971DdA91071421305e5a", "AOA", "aurora", "AURO", NULL, 1526428800, NULL);
UPDATE common_asset_details SET cryptocompare = 'PYLNT' WHERE identifier = 'eip155:1/erc20:0x7703C35CfFdC5CDa8D27aa3df2F9ba6964544b6e';
INSERT INTO assets(identifier, name, type) VALUES("eip155:1/erc20:0x7703C35CfFdC5CDa8D27aa3df2F9ba6964544b6e", "Pylon Network", "C"); INSERT INTO evm_tokens(identifier, token_kind, chain, address, decimals, protocol) VALUES("eip155:1/erc20:0x7703C35CfFdC5CDa8D27aa3df2F9ba6964544b6e", "A", 1, "0x7703C35CfFdC5CDa8D27aa3df2F9ba6964544b6e", 18, ""); INSERT INTO common_asset_details(identifier, symbol, coingecko, cryptocompare, forked, started, swapped_for) VALUES("eip155:1/erc20:0x7703C35CfFdC5CDa8D27aa3df2F9ba6964544b6e", "PYLNT", "pylon-network", "PYLNT", NULL, 1501372800, NULL);
UPDATE common_asset_details SET cryptocompare = 'EGAS' WHERE identifier = 'eip155:1/erc20:0xb53A96bcBdD9CF78dfF20BAB6C2be7bAec8f00f8';
INSERT INTO assets(identifier, name, type) VALUES("eip155:1/erc20:0xb53A96bcBdD9CF78dfF20BAB6C2be7bAec8f00f8", "ETHGAS", "C"); INSERT INTO evm_tokens(identifier, token_kind, chain, address, decimals, protocol) VALUES("eip155:1/erc20:0xb53A96bcBdD9CF78dfF20BAB6C2be7bAec8f00f8", "A", 1, "0xb53A96bcBdD9CF78dfF20BAB6C2be7bAec8f00f8", 8, ""); INSERT INTO common_asset_details(identifier, symbol, coingecko, cryptocompare, forked, started, swapped_for) VALUES("eip155:1/erc20:0xb53A96bcBdD9CF78dfF20BAB6C2be7bAec8f00f8", "EGAS", "", "EGAS", NULL, 1509494400, NULL);
UPDATE common_asset_details SET cryptocompare = 'PCL' WHERE identifier = 'eip155:1/erc20:0x3618516F45CD3c913F81F9987AF41077932Bc40d';
INSERT INTO assets(identifier, name, type) VALUES("eip155:1/erc20:0x3618516F45CD3c913F81F9987AF41077932Bc40d", "Peculium", "C"); INSERT INTO evm_tokens(identifier, token_kind, chain, address, decimals, protocol) VALUES("eip155:1/erc20:0x3618516F45CD3c913F81F9987AF41077932Bc40d", "A", 1, "0x3618516F45CD3c913F81F9987AF41077932Bc40d", 8, ""); INSERT INTO common_asset_details(identifier, symbol, coingecko, cryptocompare, forked, started, swapped_for) VALUES("eip155:1/erc20:0x3618516F45CD3c913F81F9987AF41077932Bc40d", "PCL", "peculium-2", "PCL", NULL, 1509926400, NULL);
UPDATE common_asset_details SET cryptocompare = 'ZKB' WHERE identifier = 'eip155:1/erc20:0xBBBbbBBB46A1dA0F0C3F64522c275BAA4C332636';
INSERT INTO assets(identifier, name, type) VALUES("eip155:1/erc20:0xBBBbbBBB46A1dA0F0C3F64522c275BAA4C332636", "ZKBase", "C"); INSERT INTO evm_tokens(identifier, token_kind, chain, address, decimals, protocol) VALUES("eip155:1/erc20:0xBBBbbBBB46A1dA0F0C3F64522c275BAA4C332636", "A", 1, "0xBBBbbBBB46A1dA0F0C3F64522c275BAA4C332636", 18, ""); INSERT INTO common_asset_details(identifier, symbol, coingecko, cryptocompare, forked, started, swapped_for) VALUES("eip155:1/erc20:0xBBBbbBBB46A1dA0F0C3F64522c275BAA4C332636", "ZKB", "zkspace", "ZKB", NULL, 1703844923, NULL);
UPDATE common_asset_details SET cryptocompare = 'DOUGH' WHERE identifier = 'eip155:1/erc20:0xad32A8e6220741182940c5aBF610bDE99E737b2D';
INSERT INTO assets(identifier, name, type) VALUES("eip155:1/erc20:0xad32A8e6220741182940c5aBF610bDE99E737b2D", "PieDAO DOUGH v2", "C"); INSERT INTO evm_tokens(identifier, token_kind, chain, address, decimals, protocol) VALUES("eip155:1/erc20:0xad32A8e6220741182940c5aBF610bDE99E737b2D", "A", 1, "0xad32A8e6220741182940c5aBF610bDE99E737b2D", 18, ""); INSERT INTO common_asset_details(identifier, symbol, coingecko, cryptocompare, forked, started, swapped_for) VALUES("eip155:1/erc20:0xad32A8e6220741182940c5aBF610bDE99E737b2D", "DOUGH", "piedao-dough-v2", "DOUGH", NULL, 1599823243, NULL);
UPDATE common_asset_details SET cryptocompare = 'IPL' WHERE identifier = 'eip155:1/erc20:0x64CdF819d3E75Ac8eC217B3496d7cE167Be42e80';
INSERT INTO assets(identifier, name, type) VALUES("eip155:1/erc20:0x64CdF819d3E75Ac8eC217B3496d7cE167Be42e80", "VouchForMe", "C"); INSERT INTO evm_tokens(identifier, token_kind, chain, address, decimals, protocol) VALUES("eip155:1/erc20:0x64CdF819d3E75Ac8eC217B3496d7cE167Be42e80", "A", 1, "0x64CdF819d3E75Ac8eC217B3496d7cE167Be42e80", 18, ""); INSERT INTO common_asset_details(identifier, symbol, coingecko, cryptocompare, forked, started, swapped_for) VALUES("eip155:1/erc20:0x64CdF819d3E75Ac8eC217B3496d7cE167Be42e80", "IPL", "insurepal", "IPL", NULL, 1516096372, NULL);
UPDATE common_asset_details SET cryptocompare = 'ALKI' WHERE identifier = 'eip155:1/erc20:0x3106a0a076BeDAE847652F42ef07FD58589E001f';
INSERT INTO assets(identifier, name, type) VALUES("eip155:1/erc20:0x3106a0a076BeDAE847652F42ef07FD58589E001f", "Alkimi Exchange", "C"); INSERT INTO evm_tokens(identifier, token_kind, chain, address, decimals, protocol) VALUES("eip155:1/erc20:0x3106a0a076BeDAE847652F42ef07FD58589E001f", "A", 1, "0x3106a0a076BeDAE847652F42ef07FD58589E001f", 18, ""); INSERT INTO common_asset_details(identifier, symbol, coingecko, cryptocompare, forked, started, swapped_for) VALUES("eip155:1/erc20:0x3106a0a076BeDAE847652F42ef07FD58589E001f", "$ADS", "alkimi", "ALKI", NULL, 1629828521, NULL);
UPDATE common_asset_details SET cryptocompare = 'PMA' WHERE identifier = 'eip155:1/erc20:0x846C66cf71C43f80403B51fE3906B3599D63336f';
INSERT INTO assets(identifier, name, type) VALUES("eip155:1/erc20:0x846C66cf71C43f80403B51fE3906B3599D63336f", "PumaPay", "C"); INSERT INTO evm_tokens(identifier, token_kind, chain, address, decimals, protocol) VALUES("eip155:1/erc20:0x846C66cf71C43f80403B51fE3906B3599D63336f", "A", 1, "0x846C66cf71C43f80403B51fE3906B3599D63336f", 18, ""); INSERT INTO common_asset_details(identifier, symbol, coingecko, cryptocompare, forked, started, swapped_for) VALUES("eip155:1/erc20:0x846C66cf71C43f80403B51fE3906B3599D63336f", "PMA", "pumapay", "PMA", NULL, 1521676800, NULL);
UPDATE common_asset_details SET cryptocompare = 'CZRX' WHERE identifier = 'eip155:1/erc20:0xB3319f5D18Bc0D84dD1b4825Dcde5d5f7266d407';
INSERT INTO assets(identifier, name, type) VALUES("eip155:1/erc20:0xB3319f5D18Bc0D84dD1b4825Dcde5d5f7266d407", "Compound 0x", "C"); INSERT INTO evm_tokens(identifier, token_kind, chain, address, decimals, protocol) VALUES("eip155:1/erc20:0xB3319f5D18Bc0D84dD1b4825Dcde5d5f7266d407", "A", 1, "0xB3319f5D18Bc0D84dD1b4825Dcde5d5f7266d407", 8, "compound"); INSERT INTO common_asset_details(identifier, symbol, coingecko, cryptocompare, forked, started, swapped_for) VALUES("eip155:1/erc20:0xB3319f5D18Bc0D84dD1b4825Dcde5d5f7266d407", "cZRX", "compound-0x", "CZRX", NULL, 1557192054, NULL);
UPDATE common_asset_details SET cryptocompare = 'BDG' WHERE identifier = 'eip155:1/erc20:0x1961B3331969eD52770751fC718ef530838b6dEE';
INSERT INTO assets(identifier, name, type) VALUES("eip155:1/erc20:0x1961B3331969eD52770751fC718ef530838b6dEE", "BitDegree", "C"); INSERT INTO evm_tokens(identifier, token_kind, chain, address, decimals, protocol) VALUES("eip155:1/erc20:0x1961B3331969eD52770751fC718ef530838b6dEE", "A", 1, "0x1961B3331969eD52770751fC718ef530838b6dEE", 18, ""); INSERT INTO common_asset_details(identifier, symbol, coingecko, cryptocompare, forked, started, swapped_for) VALUES("eip155:1/erc20:0x1961B3331969eD52770751fC718ef530838b6dEE", "BDG", "bitdegree", "BDG", NULL, 1506556800, NULL);
UPDATE common_asset_details SET cryptocompare = 'DASH' WHERE identifier = 'DASH';
INSERT INTO assets(identifier, name, type) VALUES("DASH", "Dash", "B"); INSERT INTO common_asset_details(identifier, symbol, coingecko, cryptocompare, forked, started, swapped_for) VALUES("DASH", "DASH", "dash", "DASH", NULL, 1390095618, NULL);
UPDATE common_asset_details SET cryptocompare = 'OPEN' WHERE identifier = 'eip155:1/erc20:0x4123a133ae3c521FD134D7b13A2dEC35b56c2463';
INSERT INTO assets(identifier, name, type) VALUES("eip155:1/erc20:0x4123a133ae3c521FD134D7b13A2dEC35b56c2463", "Qredo Token", "C"); INSERT INTO evm_tokens(identifier, token_kind, chain, address, decimals, protocol) VALUES("eip155:1/erc20:0x4123a133ae3c521FD134D7b13A2dEC35b56c2463", "A", 1, "0x4123a133ae3c521FD134D7b13A2dEC35b56c2463", 8, ""); INSERT INTO common_asset_details(identifier, symbol, coingecko, cryptocompare, forked, started, swapped_for) VALUES("eip155:1/erc20:0x4123a133ae3c521FD134D7b13A2dEC35b56c2463", "QRDO", "qredo", "OPEN", NULL, 1624287774, NULL);
UPDATE common_asset_details SET cryptocompare = 'BADGER' WHERE identifier = 'eip155:1/erc20:0x3472A5A71965499acd81997a54BBA8D852C6E53d';
INSERT INTO assets(identifier, name, type) VALUES("eip155:1/erc20:0x3472A5A71965499acd81997a54BBA8D852C6E53d", "Badger", "C"); INSERT INTO evm_tokens(identifier, token_kind, chain, address, decimals, protocol) VALUES("eip155:1/erc20:0x3472A5A71965499acd81997a54BBA8D852C6E53d", "A", 1, "0x3472A5A71965499acd81997a54BBA8D852C6E53d", 18, ""); INSERT INTO common_asset_details(identifier, symbol, coingecko, cryptocompare, forked, started, swapped_for) VALUES("eip155:1/erc20:0x3472A5A71965499acd81997a54BBA8D852C6E53d", "BADGER", "badger-dao", "BADGER", NULL, 1606584722, NULL);
UPDATE common_asset_details SET cryptocompare = 'WUST' WHERE identifier = 'eip155:1/erc20:0xa47c8bf37f92aBed4A126BDA807A7b7498661acD';
INSERT INTO assets(identifier, name, type) VALUES("eip155:1/erc20:0xa47c8bf37f92aBed4A126BDA807A7b7498661acD", "Wrapped UST Token", "C"); INSERT INTO evm_tokens(identifier, token_kind, chain, address, decimals, protocol) VALUES("eip155:1/erc20:0xa47c8bf37f92aBed4A126BDA807A7b7498661acD", "A", 1, "0xa47c8bf37f92aBed4A126BDA807A7b7498661acD", 18, ""); INSERT INTO common_asset_details(identifier, symbol, coingecko, cryptocompare, forked, started, swapped_for) VALUES("eip155:1/erc20:0xa47c8bf37f92aBed4A126BDA807A7b7498661acD", "UST", "terrausd", "WUST", NULL, 1606542599, NULL);
UPDATE common_asset_details SET cryptocompare = 'VIT' WHERE identifier = 'eip155:1/erc20:0x23b75Bc7AaF28e2d6628C3f424B3882F8f072a3c';
INSERT INTO assets(identifier, name, type) VALUES("eip155:1/erc20:0x23b75Bc7AaF28e2d6628C3f424B3882F8f072a3c", "Vice Industry Token", "C"); INSERT INTO evm_tokens(identifier, token_kind, chain, address, decimals, protocol) VALUES("eip155:1/erc20:0x23b75Bc7AaF28e2d6628C3f424B3882F8f072a3c", "A", 1, "0x23b75Bc7AaF28e2d6628C3f424B3882F8f072a3c", 18, ""); INSERT INTO common_asset_details(identifier, symbol, coingecko, cryptocompare, forked, started, swapped_for) VALUES("eip155:1/erc20:0x23b75Bc7AaF28e2d6628C3f424B3882F8f072a3c", "VIT", "vice-industry-token", "VIT", NULL, 1514764800, NULL);
UPDATE common_asset_details SET cryptocompare = 'CVC' WHERE identifier = 'eip155:1/erc20:0x41e5560054824eA6B0732E656E3Ad64E20e94E45';
INSERT INTO assets(identifier, name, type) VALUES("eip155:1/erc20:0x41e5560054824eA6B0732E656E3Ad64E20e94E45", "Civic", "C"); INSERT INTO evm_tokens(identifier, token_kind, chain, address, decimals, protocol) VALUES("eip155:1/erc20:0x41e5560054824eA6B0732E656E3Ad64E20e94E45", "A", 1, "0x41e5560054824eA6B0732E656E3Ad64E20e94E45", 8, ""); INSERT INTO common_asset_details(identifier, symbol, coingecko, cryptocompare, forked, started, swapped_for) VALUES("eip155:1/erc20:0x41e5560054824eA6B0732E656E3Ad64E20e94E45", "CVC", "civic", "CVC", NULL, 1498003200, NULL);
UPDATE common_asset_details SET cryptocompare = 'RETH' WHERE identifier = 'eip155:1/erc20:0xae78736Cd615f374D3085123A210448E74Fc6393';
INSERT INTO assets(identifier, name, type) VALUES("eip155:1/erc20:0xae78736Cd615f374D3085123A210448E74Fc6393", "Rocket Pool ETH", "C"); INSERT INTO evm_tokens(identifier, token_kind, chain, address, decimals, protocol) VALUES("eip155:1/erc20:0xae78736Cd615f374D3085123A210448E74Fc6393", "A", 1, "0xae78736Cd615f374D3085123A210448E74Fc6393", 18, ""); INSERT INTO common_asset_details(identifier, symbol, coingecko, cryptocompare, forked, started, swapped_for) VALUES("eip155:1/erc20:0xae78736Cd615f374D3085123A210448E74Fc6393", "rETH", "rocket-pool-eth", "RETH", NULL, 1632980684, NULL);
UPDATE common_asset_details SET cryptocompare = 'LA' WHERE identifier = 'eip155:1/erc20:0xE50365f5D679CB98a1dd62D6F6e58e59321BcdDf';
INSERT INTO assets(identifier, name, type) VALUES("eip155:1/erc20:0xE50365f5D679CB98a1dd62D6F6e58e59321BcdDf", "LATOKEN", "C"); INSERT INTO evm_tokens(identifier, token_kind, chain, address, decimals, protocol) VALUES("eip155:1/erc20:0xE50365f5D679CB98a1dd62D6F6e58e59321BcdDf", "A", 1, "0xE50365f5D679CB98a1dd62D6F6e58e59321BcdDf", 18, ""); INSERT INTO common_asset_details(identifier, symbol, coingecko, cryptocompare, forked, started, swapped_for) VALUES("eip155:1/erc20:0xE50365f5D679CB98a1dd62D6F6e58e59321BcdDf", "LA", "latoken", "LA", NULL, 1507600800, NULL);
UPDATE common_asset_details SET cryptocompare = 'ALB' WHERE identifier = 'eip155:8453/erc20:0x1dd2d631c92b1aCdFCDd51A0F7145A50130050C4';
INSERT INTO assets(identifier, name, type) VALUES("eip155:8453/erc20:0x1dd2d631c92b1aCdFCDd51A0F7145A50130050C4", "AlienBase Token", "C"); INSERT INTO evm_tokens(identifier, token_kind, chain, address, decimals, protocol) VALUES("eip155:8453/erc20:0x1dd2d631c92b1aCdFCDd51A0F7145A50130050C4", "A", 8453, "0x1dd2d631c92b1aCdFCDd51A0F7145A50130050C4", 18, ""); INSERT INTO common_asset_details(identifier, symbol, coingecko, cryptocompare, forked, started, swapped_for) VALUES("eip155:8453/erc20:0x1dd2d631c92b1aCdFCDd51A0F7145A50130050C4", "ALB", "", "ALB", NULL, 1691496701, NULL);
UPDATE common_asset_details SET cryptocompare = 'CBAT' WHERE identifier = 'eip155:1/erc20:0x6C8c6b02E7b2BE14d4fA6022Dfd6d75921D90E4E';
INSERT INTO assets(identifier, name, type) VALUES("eip155:1/erc20:0x6C8c6b02E7b2BE14d4fA6022Dfd6d75921D90E4E", "Compound BAT", "C"); INSERT INTO evm_tokens(identifier, token_kind, chain, address, decimals, protocol) VALUES("eip155:1/erc20:0x6C8c6b02E7b2BE14d4fA6022Dfd6d75921D90E4E", "A", 1, "0x6C8c6b02E7b2BE14d4fA6022Dfd6d75921D90E4E", 8, "compound"); INSERT INTO common_asset_details(identifier, symbol, coingecko, cryptocompare, forked, started, swapped_for) VALUES("eip155:1/erc20:0x6C8c6b02E7b2BE14d4fA6022Dfd6d75921D90E4E", "cBAT", "compound-basic-attention-token", "CBAT", NULL, 1557192085, NULL);
UPDATE common_asset_details SET cryptocompare = 'WTAO' WHERE identifier = 'eip155:1/erc20:0x77E06c9eCCf2E797fd462A92B6D7642EF85b0A44';
INSERT INTO assets(identifier, name, type) VALUES("eip155:1/erc20:0x77E06c9eCCf2E797fd462A92B6D7642EF85b0A44", "Wrapped TAO", "C"); INSERT INTO evm_tokens(identifier, token_kind, chain, address, decimals, protocol) VALUES("eip155:1/erc20:0x77E06c9eCCf2E797fd462A92B6D7642EF85b0A44", "A", 1, "0x77E06c9eCCf2E797fd462A92B6D7642EF85b0A44", 9, ""); INSERT INTO common_asset_details(identifier, symbol, coingecko, cryptocompare, forked, started, swapped_for) VALUES("eip155:1/erc20:0x77E06c9eCCf2E797fd462A92B6D7642EF85b0A44", "wTAO", "", "WTAO", NULL, NULL, NULL);
UPDATE common_asset_details SET cryptocompare = 'NORMIE' WHERE identifier = 'eip155:1/erc20:0x772c44b5166647B135BB4836AbC4E06c28E94978';
INSERT INTO assets(identifier, name, type) VALUES("eip155:1/erc20:0x772c44b5166647B135BB4836AbC4E06c28E94978", "Normie", "C"); INSERT INTO evm_tokens(identifier, token_kind, chain, address, decimals, protocol) VALUES("eip155:1/erc20:0x772c44b5166647B135BB4836AbC4E06c28E94978", "A", 1, "0x772c44b5166647B135BB4836AbC4E06c28E94978", 18, ""); INSERT INTO common_asset_details(identifier, symbol, coingecko, cryptocompare, forked, started, swapped_for) VALUES("eip155:1/erc20:0x772c44b5166647B135BB4836AbC4E06c28E94978", "NORMIE", "normie", "NORMIE", NULL, 1683937163, NULL);
UPDATE common_asset_details SET cryptocompare = 'USH' WHERE identifier = 'eip155:1/erc20:0xE60779CC1b2c1d0580611c526a8DF0E3f870EC48';
INSERT INTO assets(identifier, name, type) VALUES("eip155:1/erc20:0xE60779CC1b2c1d0580611c526a8DF0E3f870EC48", "unshETHing_Token", "C"); INSERT INTO evm_tokens(identifier, token_kind, chain, address, decimals, protocol) VALUES("eip155:1/erc20:0xE60779CC1b2c1d0580611c526a8DF0E3f870EC48", "A", 1, "0xE60779CC1b2c1d0580611c526a8DF0E3f870EC48", 18, ""); INSERT INTO common_asset_details(identifier, symbol, coingecko, cryptocompare, forked, started, swapped_for) VALUES("eip155:1/erc20:0xE60779CC1b2c1d0580611c526a8DF0E3f870EC48", "USH", "unsheth", "USH", NULL, 1675153775, NULL);
UPDATE common_asset_details SET cryptocompare = 'MVL' WHERE identifier = 'eip155:1/erc20:0xA849EaaE994fb86Afa73382e9Bd88c2B6b18Dc71';
INSERT INTO assets(identifier, name, type) VALUES("eip155:1/erc20:0xA849EaaE994fb86Afa73382e9Bd88c2B6b18Dc71", "MVL", "C"); INSERT INTO evm_tokens(identifier, token_kind, chain, address, decimals, protocol) VALUES("eip155:1/erc20:0xA849EaaE994fb86Afa73382e9Bd88c2B6b18Dc71", "A", 1, "0xA849EaaE994fb86Afa73382e9Bd88c2B6b18Dc71", 18, ""); INSERT INTO common_asset_details(identifier, symbol, coingecko, cryptocompare, forked, started, swapped_for) VALUES("eip155:1/erc20:0xA849EaaE994fb86Afa73382e9Bd88c2B6b18Dc71", "MVL", "mass-vehicle-ledger", "MVL", NULL, 1527762079, NULL);
UPDATE common_asset_details SET cryptocompare = 'MKR' WHERE identifier = 'eip155:1/erc20:0x9f8F72aA9304c8B593d555F12eF6589cC3A579A2';
INSERT INTO assets(identifier, name, type) VALUES("eip155:1/erc20:0x9f8F72aA9304c8B593d555F12eF6589cC3A579A2", "Maker", "C"); INSERT INTO evm_tokens(identifier, token_kind, chain, address, decimals, protocol) VALUES("eip155:1/erc20:0x9f8F72aA9304c8B593d555F12eF6589cC3A579A2", "A", 1, "0x9f8F72aA9304c8B593d555F12eF6589cC3A579A2", 18, ""); INSERT INTO common_asset_details(identifier, symbol, coingecko, cryptocompare, forked, started, swapped_for) VALUES("eip155:1/erc20:0x9f8F72aA9304c8B593d555F12eF6589cC3A579A2", "MKR", "maker", "MKR", NULL, 1439596800, NULL);
UPDATE common_asset_details SET cryptocompare = 'LVL' WHERE identifier = 'eip155:56/erc20:0xB64E280e9D1B5DbEc4AcceDb2257A87b400DB149';
INSERT INTO assets(identifier, name, type) VALUES("eip155:56/erc20:0xB64E280e9D1B5DbEc4AcceDb2257A87b400DB149", "Level Token", "C"); INSERT INTO evm_tokens(identifier, token_kind, chain, address, decimals, protocol) VALUES("eip155:56/erc20:0xB64E280e9D1B5DbEc4AcceDb2257A87b400DB149", "A", 56, "0xB64E280e9D1B5DbEc4AcceDb2257A87b400DB149", 18, ""); INSERT INTO common_asset_details(identifier, symbol, coingecko, cryptocompare, forked, started, swapped_for) VALUES("eip155:56/erc20:0xB64E280e9D1B5DbEc4AcceDb2257A87b400DB149", "LVL", "level", "LVL", NULL, 1670816042, NULL);
UPDATE common_asset_details SET cryptocompare = 'MRV' WHERE identifier = 'eip155:1/erc20:0xAB6CF87a50F17d7F5E1FEaf81B6fE9FfBe8EBF84';
INSERT INTO assets(identifier, name, type) VALUES("eip155:1/erc20:0xAB6CF87a50F17d7F5E1FEaf81B6fE9FfBe8EBF84", "Macroverse", "C"); INSERT INTO evm_tokens(identifier, token_kind, chain, address, decimals, protocol) VALUES("eip155:1/erc20:0xAB6CF87a50F17d7F5E1FEaf81B6fE9FfBe8EBF84", "A", 1, "0xAB6CF87a50F17d7F5E1FEaf81B6fE9FfBe8EBF84", 18, ""); INSERT INTO common_asset_details(identifier, symbol, coingecko, cryptocompare, forked, started, swapped_for) VALUES("eip155:1/erc20:0xAB6CF87a50F17d7F5E1FEaf81B6fE9FfBe8EBF84", "MRV", "mrv", "MRV", NULL, 1498366641, NULL);
UPDATE common_asset_details SET cryptocompare = 'IPSX' WHERE identifier = 'eip155:1/erc20:0x001F0aA5dA15585e5b2305DbaB2bac425ea71007';
INSERT INTO assets(identifier, name, type) VALUES("eip155:1/erc20:0x001F0aA5dA15585e5b2305DbaB2bac425ea71007", "IP Exchange", "C"); INSERT INTO evm_tokens(identifier, token_kind, chain, address, decimals, protocol) VALUES("eip155:1/erc20:0x001F0aA5dA15585e5b2305DbaB2bac425ea71007", "A", 1, "0x001F0aA5dA15585e5b2305DbaB2bac425ea71007", 18, ""); INSERT INTO common_asset_details(identifier, symbol, coingecko, cryptocompare, forked, started, swapped_for) VALUES("eip155:1/erc20:0x001F0aA5dA15585e5b2305DbaB2bac425ea71007", "IPSX", "ip-sharing-exchange", "IPSX", NULL, 1504828800, NULL);
UPDATE common_asset_details SET cryptocompare = 'YFL' WHERE identifier = 'eip155:1/erc20:0x28cb7e841ee97947a86B06fA4090C8451f64c0be';
INSERT INTO assets(identifier, name, type) VALUES("eip155:1/erc20:0x28cb7e841ee97947a86B06fA4090C8451f64c0be", "YFLink", "C"); INSERT INTO evm_tokens(identifier, token_kind, chain, address, decimals, protocol) VALUES("eip155:1/erc20:0x28cb7e841ee97947a86B06fA4090C8451f64c0be", "A", 1, "0x28cb7e841ee97947a86B06fA4090C8451f64c0be", 18, ""); INSERT INTO common_asset_details(identifier, symbol, coingecko, cryptocompare, forked, started, swapped_for) VALUES("eip155:1/erc20:0x28cb7e841ee97947a86B06fA4090C8451f64c0be", "YFL", "yflink", "YFL", NULL, 1596432467, NULL);
UPDATE common_asset_details SET cryptocompare = 'BWF' WHERE identifier = 'eip155:1/erc20:0xF7E04D8a32229B4cA63aA51eEA9979C7287FEa48';
INSERT INTO assets(identifier, name, type) VALUES("eip155:1/erc20:0xF7E04D8a32229B4cA63aA51eEA9979C7287FEa48", "Beowulf ", "C"); INSERT INTO evm_tokens(identifier, token_kind, chain, address, decimals, protocol) VALUES("eip155:1/erc20:0xF7E04D8a32229B4cA63aA51eEA9979C7287FEa48", "A", 1, "0xF7E04D8a32229B4cA63aA51eEA9979C7287FEa48", 5, ""); INSERT INTO common_asset_details(identifier, symbol, coingecko, cryptocompare, forked, started, swapped_for) VALUES("eip155:1/erc20:0xF7E04D8a32229B4cA63aA51eEA9979C7287FEa48", "BWF", "beowulf", "BWF", NULL, 1599476835, NULL);
UPDATE common_asset_details SET cryptocompare = 'NANJ' WHERE identifier = 'eip155:1/erc20:0xFFE02ee4C69eDf1b340fCaD64fbd6b37a7b9e265';
INSERT INTO assets(identifier, name, type) VALUES("eip155:1/erc20:0xFFE02ee4C69eDf1b340fCaD64fbd6b37a7b9e265", "NANJCOIN", "C"); INSERT INTO evm_tokens(identifier, token_kind, chain, address, decimals, protocol) VALUES("eip155:1/erc20:0xFFE02ee4C69eDf1b340fCaD64fbd6b37a7b9e265", "A", 1, "0xFFE02ee4C69eDf1b340fCaD64fbd6b37a7b9e265", 8, ""); INSERT INTO common_asset_details(identifier, symbol, coingecko, cryptocompare, forked, started, swapped_for) VALUES("eip155:1/erc20:0xFFE02ee4C69eDf1b340fCaD64fbd6b37a7b9e265", "NANJ", "nanjcoin", "NANJ", NULL, 1521575961, NULL);
UPDATE common_asset_details SET cryptocompare = 'AUCTION' WHERE identifier = 'eip155:1/erc20:0xA9B1Eb5908CfC3cdf91F9B8B3a74108598009096';
INSERT INTO assets(identifier, name, type) VALUES("eip155:1/erc20:0xA9B1Eb5908CfC3cdf91F9B8B3a74108598009096", "Bounce Token", "C"); INSERT INTO evm_tokens(identifier, token_kind, chain, address, decimals, protocol) VALUES("eip155:1/erc20:0xA9B1Eb5908CfC3cdf91F9B8B3a74108598009096", "A", 1, "0xA9B1Eb5908CfC3cdf91F9B8B3a74108598009096", 18, ""); INSERT INTO common_asset_details(identifier, symbol, coingecko, cryptocompare, forked, started, swapped_for) VALUES("eip155:1/erc20:0xA9B1Eb5908CfC3cdf91F9B8B3a74108598009096", "AUCTION", "auction", "AUCTION", NULL, 1611896951, NULL);
UPDATE common_asset_details SET cryptocompare = 'ING' WHERE identifier = 'eip155:1/erc20:0x24dDFf6D8B8a42d835af3b440De91f3386554Aa4';
INSERT INTO assets(identifier, name, type) VALUES("eip155:1/erc20:0x24dDFf6D8B8a42d835af3b440De91f3386554Aa4", "Iungo", "C"); INSERT INTO evm_tokens(identifier, token_kind, chain, address, decimals, protocol) VALUES("eip155:1/erc20:0x24dDFf6D8B8a42d835af3b440De91f3386554Aa4", "A", 1, "0x24dDFf6D8B8a42d835af3b440De91f3386554Aa4", 18, ""); INSERT INTO common_asset_details(identifier, symbol, coingecko, cryptocompare, forked, started, swapped_for) VALUES("eip155:1/erc20:0x24dDFf6D8B8a42d835af3b440De91f3386554Aa4", "ING", "iungo", "ING", NULL, 1505952000, NULL);
UPDATE common_asset_details SET cryptocompare = 'DAWN' WHERE identifier = 'eip155:1/erc20:0x580c8520dEDA0a441522AEAe0f9F7A5f29629aFa';
INSERT INTO assets(identifier, name, type) VALUES("eip155:1/erc20:0x580c8520dEDA0a441522AEAe0f9F7A5f29629aFa", "Dawn Protocol", "C"); INSERT INTO evm_tokens(identifier, token_kind, chain, address, decimals, protocol) VALUES("eip155:1/erc20:0x580c8520dEDA0a441522AEAe0f9F7A5f29629aFa", "A", 1, "0x580c8520dEDA0a441522AEAe0f9F7A5f29629aFa", 18, ""); INSERT INTO common_asset_details(identifier, symbol, coingecko, cryptocompare, forked, started, swapped_for) VALUES("eip155:1/erc20:0x580c8520dEDA0a441522AEAe0f9F7A5f29629aFa", "DAWN", "dawn-protocol", "DAWN", NULL, 1588282127, NULL);
UPDATE common_asset_details SET cryptocompare = 'HIMFERS' WHERE identifier = 'eip155:1/erc20:0xB755D5bC7de83232b9df1886bD5CdB38895933B0';
INSERT INTO assets(identifier, name, type) VALUES("eip155:1/erc20:0xB755D5bC7de83232b9df1886bD5CdB38895933B0", "hiMFERS", "C"); INSERT INTO evm_tokens(identifier, token_kind, chain, address, decimals, protocol) VALUES("eip155:1/erc20:0xB755D5bC7de83232b9df1886bD5CdB38895933B0", "A", 1, "0xB755D5bC7de83232b9df1886bD5CdB38895933B0", 18, ""); INSERT INTO common_asset_details(identifier, symbol, coingecko, cryptocompare, forked, started, swapped_for) VALUES("eip155:1/erc20:0xB755D5bC7de83232b9df1886bD5CdB38895933B0", "hiMFERS", "himfers", "HIMFERS", NULL, 1672726895, NULL);
UPDATE common_asset_details SET cryptocompare = 'POL' WHERE identifier = 'eip155:1/erc20:0x455e53CBB86018Ac2B8092FdCd39d8444aFFC3F6';
INSERT INTO assets(identifier, name, type) VALUES("eip155:1/erc20:0x455e53CBB86018Ac2B8092FdCd39d8444aFFC3F6", "Polygon Ecosystem Token", "C"); INSERT INTO evm_tokens(identifier, token_kind, chain, address, decimals, protocol) VALUES("eip155:1/erc20:0x455e53CBB86018Ac2B8092FdCd39d8444aFFC3F6", "A", 1, "0x455e53CBB86018Ac2B8092FdCd39d8444aFFC3F6", 18, ""); INSERT INTO common_asset_details(identifier, symbol, coingecko, cryptocompare, forked, started, swapped_for) VALUES("eip155:1/erc20:0x455e53CBB86018Ac2B8092FdCd39d8444aFFC3F6", "POL", "polygon-ecosystem-token", "POL", NULL, 1698224783, NULL);
UPDATE common_asset_details SET cryptocompare = 'ERSDL' WHERE identifier = 'eip155:1/erc20:0x5218E472cFCFE0b64A064F055B43b4cdC9EfD3A6';
INSERT INTO assets(identifier, name, type) VALUES("eip155:1/erc20:0x5218E472cFCFE0b64A064F055B43b4cdC9EfD3A6", "UnFederalReserveToken", "C"); INSERT INTO evm_tokens(identifier, token_kind, chain, address, decimals, protocol) VALUES("eip155:1/erc20:0x5218E472cFCFE0b64A064F055B43b4cdC9EfD3A6", "A", 1, "0x5218E472cFCFE0b64A064F055B43b4cdC9EfD3A6", 18, ""); INSERT INTO common_asset_details(identifier, symbol, coingecko, cryptocompare, forked, started, swapped_for) VALUES("eip155:1/erc20:0x5218E472cFCFE0b64A064F055B43b4cdC9EfD3A6", "eRSDL", "unfederalreserve", "ERSDL", NULL, 1600732997, NULL);
UPDATE common_asset_details SET cryptocompare = 'PLAYC' WHERE identifier = 'eip155:1/erc20:0x0198f46f520F33cd4329bd4bE380a25a90536CD5';
INSERT INTO assets(identifier, name, type) VALUES("eip155:1/erc20:0x0198f46f520F33cd4329bd4bE380a25a90536CD5", "PlayChip", "C"); INSERT INTO evm_tokens(identifier, token_kind, chain, address, decimals, protocol) VALUES("eip155:1/erc20:0x0198f46f520F33cd4329bd4bE380a25a90536CD5", "A", 1, "0x0198f46f520F33cd4329bd4bE380a25a90536CD5", 18, ""); INSERT INTO common_asset_details(identifier, symbol, coingecko, cryptocompare, forked, started, swapped_for) VALUES("eip155:1/erc20:0x0198f46f520F33cd4329bd4bE380a25a90536CD5", "PLA", "playchip", "PLAYC", NULL, 1544486400, NULL);
UPDATE common_asset_details SET cryptocompare = 'CUSDC' WHERE identifier = 'eip155:1/erc20:0x39AA39c021dfbaE8faC545936693aC917d5E7563';
INSERT INTO assets(identifier, name, type) VALUES("eip155:1/erc20:0x39AA39c021dfbaE8faC545936693aC917d5E7563", "Compound USD Coin", "C"); INSERT INTO evm_tokens(identifier, token_kind, chain, address, decimals, protocol) VALUES("eip155:1/erc20:0x39AA39c021dfbaE8faC545936693aC917d5E7563", "A", 1, "0x39AA39c021dfbaE8faC545936693aC917d5E7563", 8, "compound"); INSERT INTO common_asset_details(identifier, symbol, coingecko, cryptocompare, forked, started, swapped_for) VALUES("eip155:1/erc20:0x39AA39c021dfbaE8faC545936693aC917d5E7563", "cUSDC", "compound-usd-coin", "CUSDC", NULL, 1557192331, NULL);
UPDATE common_asset_details SET cryptocompare = 'TALAO' WHERE identifier = 'eip155:1/erc20:0x1D4cCC31dAB6EA20f461d329a0562C1c58412515';
INSERT INTO assets(identifier, name, type) VALUES("eip155:1/erc20:0x1D4cCC31dAB6EA20f461d329a0562C1c58412515", "Talao", "C"); INSERT INTO evm_tokens(identifier, token_kind, chain, address, decimals, protocol) VALUES("eip155:1/erc20:0x1D4cCC31dAB6EA20f461d329a0562C1c58412515", "A", 1, "0x1D4cCC31dAB6EA20f461d329a0562C1c58412515", 18, ""); INSERT INTO common_asset_details(identifier, symbol, coingecko, cryptocompare, forked, started, swapped_for) VALUES("eip155:1/erc20:0x1D4cCC31dAB6EA20f461d329a0562C1c58412515", "TALAO", "", "TALAO", NULL, 1521936000, NULL);
UPDATE common_asset_details SET cryptocompare = 'CBT' WHERE identifier = 'eip155:1/erc20:0x076C97e1c869072eE22f8c91978C99B4bcB02591';
INSERT INTO assets(identifier, name, type) VALUES("eip155:1/erc20:0x076C97e1c869072eE22f8c91978C99B4bcB02591", "CommerceBlock", "C"); INSERT INTO evm_tokens(identifier, token_kind, chain, address, decimals, protocol) VALUES("eip155:1/erc20:0x076C97e1c869072eE22f8c91978C99B4bcB02591", "A", 1, "0x076C97e1c869072eE22f8c91978C99B4bcB02591", 18, ""); INSERT INTO common_asset_details(identifier, symbol, coingecko, cryptocompare, forked, started, swapped_for) VALUES("eip155:1/erc20:0x076C97e1c869072eE22f8c91978C99B4bcB02591", "CBT", "cryptocurrency-business-token", "CBT", NULL, 1513710969, NULL);
UPDATE common_asset_details SET cryptocompare = 'MITX' WHERE identifier = 'eip155:1/erc20:0x4a527d8fc13C5203AB24BA0944F4Cb14658D1Db6';
INSERT INTO assets(identifier, name, type) VALUES("eip155:1/erc20:0x4a527d8fc13C5203AB24BA0944F4Cb14658D1Db6", "Morpheus Labs", "C"); INSERT INTO evm_tokens(identifier, token_kind, chain, address, decimals, protocol) VALUES("eip155:1/erc20:0x4a527d8fc13C5203AB24BA0944F4Cb14658D1Db6", "A", 1, "0x4a527d8fc13C5203AB24BA0944F4Cb14658D1Db6", 18, ""); INSERT INTO common_asset_details(identifier, symbol, coingecko, cryptocompare, forked, started, swapped_for) VALUES("eip155:1/erc20:0x4a527d8fc13C5203AB24BA0944F4Cb14658D1Db6", "MITX", "morpheus-labs", "MITX", NULL, 1518652800, NULL);
UPDATE common_asset_details SET cryptocompare = 'THRT' WHERE identifier = 'eip155:1/erc20:0x4f27053F32edA8Af84956437Bc00e5fFa7003287';
INSERT INTO assets(identifier, name, type) VALUES("eip155:1/erc20:0x4f27053F32edA8Af84956437Bc00e5fFa7003287", "Thrive Token", "C"); INSERT INTO evm_tokens(identifier, token_kind, chain, address, decimals, protocol) VALUES("eip155:1/erc20:0x4f27053F32edA8Af84956437Bc00e5fFa7003287", "A", 1, "0x4f27053F32edA8Af84956437Bc00e5fFa7003287", 18, ""); INSERT INTO common_asset_details(identifier, symbol, coingecko, cryptocompare, forked, started, swapped_for) VALUES("eip155:1/erc20:0x4f27053F32edA8Af84956437Bc00e5fFa7003287", "THRT", "thrive", "THRT", NULL, 1523532799, NULL);
UPDATE common_asset_details SET cryptocompare = 'QORPO' WHERE identifier = 'eip155:1/erc20:0x22514fFb0d7232a56F0c24090E7B68f179FAA940';
INSERT INTO assets(identifier, name, type) VALUES("eip155:1/erc20:0x22514fFb0d7232a56F0c24090E7B68f179FAA940", "QORPO Token", "C"); INSERT INTO evm_tokens(identifier, token_kind, chain, address, decimals, protocol) VALUES("eip155:1/erc20:0x22514fFb0d7232a56F0c24090E7B68f179FAA940", "A", 1, "0x22514fFb0d7232a56F0c24090E7B68f179FAA940", 18, ""); INSERT INTO common_asset_details(identifier, symbol, coingecko, cryptocompare, forked, started, swapped_for) VALUES("eip155:1/erc20:0x22514fFb0d7232a56F0c24090E7B68f179FAA940", "QORPO", "qopro", "QORPO", NULL, 1707148379, NULL);
UPDATE common_asset_details SET cryptocompare = 'NGC' WHERE identifier = 'eip155:1/erc20:0x72dD4b6bd852A3AA172Be4d6C5a6dbEc588cf131';
INSERT INTO assets(identifier, name, type) VALUES("eip155:1/erc20:0x72dD4b6bd852A3AA172Be4d6C5a6dbEc588cf131", "NAGA", "C"); INSERT INTO evm_tokens(identifier, token_kind, chain, address, decimals, protocol) VALUES("eip155:1/erc20:0x72dD4b6bd852A3AA172Be4d6C5a6dbEc588cf131", "A", 1, "0x72dD4b6bd852A3AA172Be4d6C5a6dbEc588cf131", 18, ""); INSERT INTO common_asset_details(identifier, symbol, coingecko, cryptocompare, forked, started, swapped_for) VALUES("eip155:1/erc20:0x72dD4b6bd852A3AA172Be4d6C5a6dbEc588cf131", "NGC", "naga", "NGC", NULL, 1509753600, NULL);
UPDATE common_asset_details SET cryptocompare = 'IXS' WHERE identifier = 'eip155:1/erc20:0x73d7c860998CA3c01Ce8c808F5577d94d545d1b4';
INSERT INTO assets(identifier, name, type) VALUES("eip155:1/erc20:0x73d7c860998CA3c01Ce8c808F5577d94d545d1b4", "Ixs Token", "C"); INSERT INTO evm_tokens(identifier, token_kind, chain, address, decimals, protocol) VALUES("eip155:1/erc20:0x73d7c860998CA3c01Ce8c808F5577d94d545d1b4", "A", 1, "0x73d7c860998CA3c01Ce8c808F5577d94d545d1b4", 18, ""); INSERT INTO common_asset_details(identifier, symbol, coingecko, cryptocompare, forked, started, swapped_for) VALUES("eip155:1/erc20:0x73d7c860998CA3c01Ce8c808F5577d94d545d1b4", "IXS", "ix-swap", "IXS", NULL, 1630574442, NULL);
UPDATE common_asset_details SET cryptocompare = 'MFT' WHERE identifier = 'eip155:1/erc20:0xDF2C7238198Ad8B389666574f2d8bc411A4b7428';
INSERT INTO assets(identifier, name, type) VALUES("eip155:1/erc20:0xDF2C7238198Ad8B389666574f2d8bc411A4b7428", "Mainframe", "C"); INSERT INTO evm_tokens(identifier, token_kind, chain, address, decimals, protocol) VALUES("eip155:1/erc20:0xDF2C7238198Ad8B389666574f2d8bc411A4b7428", "A", 1, "0xDF2C7238198Ad8B389666574f2d8bc411A4b7428", 18, ""); INSERT INTO common_asset_details(identifier, symbol, coingecko, cryptocompare, forked, started, swapped_for) VALUES("eip155:1/erc20:0xDF2C7238198Ad8B389666574f2d8bc411A4b7428", "MFT", "mainframe", "MFT", NULL, 1530662400, NULL);
UPDATE common_asset_details SET cryptocompare = 'TRYB' WHERE identifier = 'eip155:1/erc20:0x2C537E5624e4af88A7ae4060C022609376C8D0EB';
INSERT INTO assets(identifier, name, type) VALUES("eip155:1/erc20:0x2C537E5624e4af88A7ae4060C022609376C8D0EB", "BiLira", "C"); INSERT INTO evm_tokens(identifier, token_kind, chain, address, decimals, protocol) VALUES("eip155:1/erc20:0x2C537E5624e4af88A7ae4060C022609376C8D0EB", "A", 1, "0x2C537E5624e4af88A7ae4060C022609376C8D0EB", 6, ""); INSERT INTO common_asset_details(identifier, symbol, coingecko, cryptocompare, forked, started, swapped_for) VALUES("eip155:1/erc20:0x2C537E5624e4af88A7ae4060C022609376C8D0EB", "TRYB", "bilira", "TRYB", NULL, 1563539445, NULL);
UPDATE common_asset_details SET cryptocompare = 'LIMO' WHERE identifier = 'eip155:56/erc20:0xd2B6bF88b7d9dA599331719e338fcdeb235A0b99';
INSERT INTO assets(identifier, name, type) VALUES("eip155:56/erc20:0xd2B6bF88b7d9dA599331719e338fcdeb235A0b99", "LIMOVERSE", "C"); INSERT INTO evm_tokens(identifier, token_kind, chain, address, decimals, protocol) VALUES("eip155:56/erc20:0xd2B6bF88b7d9dA599331719e338fcdeb235A0b99", "A", 56, "0xd2B6bF88b7d9dA599331719e338fcdeb235A0b99", 18, ""); INSERT INTO common_asset_details(identifier, symbol, coingecko, cryptocompare, forked, started, swapped_for) VALUES("eip155:56/erc20:0xd2B6bF88b7d9dA599331719e338fcdeb235A0b99", "LIMO", "limoverse", "LIMO", NULL, 1654928897, NULL);
UPDATE common_asset_details SET cryptocompare = 'CONC' WHERE identifier = 'eip155:1/erc20:0xb3Ad645dB386D7F6D753B2b9C3F4B853DA6890B8';
INSERT INTO assets(identifier, name, type) VALUES("eip155:1/erc20:0xb3Ad645dB386D7F6D753B2b9C3F4B853DA6890B8", "Concentrator Token", "C"); INSERT INTO evm_tokens(identifier, token_kind, chain, address, decimals, protocol) VALUES("eip155:1/erc20:0xb3Ad645dB386D7F6D753B2b9C3F4B853DA6890B8", "A", 1, "0xb3Ad645dB386D7F6D753B2b9C3F4B853DA6890B8", 18, ""); INSERT INTO common_asset_details(identifier, symbol, coingecko, cryptocompare, forked, started, swapped_for) VALUES("eip155:1/erc20:0xb3Ad645dB386D7F6D753B2b9C3F4B853DA6890B8", "CTR", "concentrator", "CONC", NULL, NULL, NULL);
UPDATE common_asset_details SET cryptocompare = 'RDN' WHERE identifier = 'eip155:1/erc20:0x255Aa6DF07540Cb5d3d297f0D0D4D84cb52bc8e6';
INSERT INTO assets(identifier, name, type) VALUES("eip155:1/erc20:0x255Aa6DF07540Cb5d3d297f0D0D4D84cb52bc8e6", "Raiden Network Token", "C"); INSERT INTO evm_tokens(identifier, token_kind, chain, address, decimals, protocol) VALUES("eip155:1/erc20:0x255Aa6DF07540Cb5d3d297f0D0D4D84cb52bc8e6", "A", 1, "0x255Aa6DF07540Cb5d3d297f0D0D4D84cb52bc8e6", 18, ""); INSERT INTO common_asset_details(identifier, symbol, coingecko, cryptocompare, forked, started, swapped_for) VALUES("eip155:1/erc20:0x255Aa6DF07540Cb5d3d297f0D0D4D84cb52bc8e6", "RDN", "raiden-network", "RDN", NULL, 1506038400, NULL);
UPDATE common_asset_details SET cryptocompare = 'ZKJ' WHERE identifier = 'eip155:1/erc20:0xC71B5F631354BE6853eFe9C3Ab6b9590F8302e81';
INSERT INTO assets(identifier, name, type) VALUES("eip155:1/erc20:0xC71B5F631354BE6853eFe9C3Ab6b9590F8302e81", "Polyhedra Network", "C"); INSERT INTO evm_tokens(identifier, token_kind, chain, address, decimals, protocol) VALUES("eip155:1/erc20:0xC71B5F631354BE6853eFe9C3Ab6b9590F8302e81", "A", 1, "0xC71B5F631354BE6853eFe9C3Ab6b9590F8302e81", 18, ""); INSERT INTO common_asset_details(identifier, symbol, coingecko, cryptocompare, forked, started, swapped_for) VALUES("eip155:1/erc20:0xC71B5F631354BE6853eFe9C3Ab6b9590F8302e81", "ZK", "polyhedra-network", "ZKJ", NULL, 1710064979, NULL);
UPDATE common_asset_details SET cryptocompare = 'TRST' WHERE identifier = 'eip155:1/erc20:0xCb94be6f13A1182E4A4B6140cb7bf2025d28e41B';
INSERT INTO assets(identifier, name, type) VALUES("eip155:1/erc20:0xCb94be6f13A1182E4A4B6140cb7bf2025d28e41B", "WeTrust", "C"); INSERT INTO evm_tokens(identifier, token_kind, chain, address, decimals, protocol) VALUES("eip155:1/erc20:0xCb94be6f13A1182E4A4B6140cb7bf2025d28e41B", "A", 1, "0xCb94be6f13A1182E4A4B6140cb7bf2025d28e41B", 6, ""); INSERT INTO common_asset_details(identifier, symbol, coingecko, cryptocompare, forked, started, swapped_for) VALUES("eip155:1/erc20:0xCb94be6f13A1182E4A4B6140cb7bf2025d28e41B", "TRST", "wetrust", "TRST", NULL, 1481068800, NULL);
UPDATE common_asset_details SET cryptocompare = 'IZI' WHERE identifier = 'eip155:1/erc20:0x9ad37205d608B8b219e6a2573f922094CEc5c200';
INSERT INTO assets(identifier, name, type) VALUES("eip155:1/erc20:0x9ad37205d608B8b219e6a2573f922094CEc5c200", "izumi Token", "C"); INSERT INTO evm_tokens(identifier, token_kind, chain, address, decimals, protocol) VALUES("eip155:1/erc20:0x9ad37205d608B8b219e6a2573f922094CEc5c200", "A", 1, "0x9ad37205d608B8b219e6a2573f922094CEc5c200", 18, ""); INSERT INTO common_asset_details(identifier, symbol, coingecko, cryptocompare, forked, started, swapped_for) VALUES("eip155:1/erc20:0x9ad37205d608B8b219e6a2573f922094CEc5c200", "iZi", "izumi-finance", "IZI", NULL, 1629875070, NULL);
UPDATE common_asset_details SET cryptocompare = 'MTH' WHERE identifier = 'eip155:1/erc20:0xaF4DcE16Da2877f8c9e00544c93B62Ac40631F16';
INSERT INTO assets(identifier, name, type) VALUES("eip155:1/erc20:0xaF4DcE16Da2877f8c9e00544c93B62Ac40631F16", "Monetha", "C"); INSERT INTO evm_tokens(identifier, token_kind, chain, address, decimals, protocol) VALUES("eip155:1/erc20:0xaF4DcE16Da2877f8c9e00544c93B62Ac40631F16", "A", 1, "0xaF4DcE16Da2877f8c9e00544c93B62Ac40631F16", 5, ""); INSERT INTO common_asset_details(identifier, symbol, coingecko, cryptocompare, forked, started, swapped_for) VALUES("eip155:1/erc20:0xaF4DcE16Da2877f8c9e00544c93B62Ac40631F16", "MTH", "monetha", "MTH", NULL, 1504051200, NULL);
UPDATE common_asset_details SET cryptocompare = 'CAS' WHERE identifier = 'eip155:56/erc20:0x780207B8C0Fdc32cF60E957415bFa1f2d4d9718c';
INSERT INTO assets(identifier, name, type) VALUES("eip155:56/erc20:0x780207B8C0Fdc32cF60E957415bFa1f2d4d9718c", "Cashaa", "C"); INSERT INTO evm_tokens(identifier, token_kind, chain, address, decimals, protocol) VALUES("eip155:56/erc20:0x780207B8C0Fdc32cF60E957415bFa1f2d4d9718c", "A", 56, "0x780207B8C0Fdc32cF60E957415bFa1f2d4d9718c", 18, ""); INSERT INTO common_asset_details(identifier, symbol, coingecko, cryptocompare, forked, started, swapped_for) VALUES("eip155:56/erc20:0x780207B8C0Fdc32cF60E957415bFa1f2d4d9718c", "CAS", "cashaa", "CAS", NULL, 1613831416, NULL);
UPDATE common_asset_details SET cryptocompare = 'OPEPE' WHERE identifier = 'eip155:56/erc20:0x0851ad49cFf57C024594Da73095E6E05d8B1676a';
INSERT INTO assets(identifier, name, type) VALUES("eip155:56/erc20:0x0851ad49cFf57C024594Da73095E6E05d8B1676a", "Optimism PEPE", "C"); INSERT INTO evm_tokens(identifier, token_kind, chain, address, decimals, protocol) VALUES("eip155:56/erc20:0x0851ad49cFf57C024594Da73095E6E05d8B1676a", "A", 56, "0x0851ad49cFf57C024594Da73095E6E05d8B1676a", 9, ""); INSERT INTO common_asset_details(identifier, symbol, coingecko, cryptocompare, forked, started, swapped_for) VALUES("eip155:56/erc20:0x0851ad49cFf57C024594Da73095E6E05d8B1676a", "OPEPE", "optimism-pepe", "OPEPE", NULL, 1682318219, NULL);
UPDATE common_asset_details SET cryptocompare = 'TMTG' WHERE identifier = 'eip155:1/erc20:0x10086399DD8c1e3De736724AF52587a2044c9fA2';
INSERT INTO assets(identifier, name, type) VALUES("eip155:1/erc20:0x10086399DD8c1e3De736724AF52587a2044c9fA2", "The Midas Touch Gold", "C"); INSERT INTO evm_tokens(identifier, token_kind, chain, address, decimals, protocol) VALUES("eip155:1/erc20:0x10086399DD8c1e3De736724AF52587a2044c9fA2", "A", 1, "0x10086399DD8c1e3De736724AF52587a2044c9fA2", 18, ""); INSERT INTO common_asset_details(identifier, symbol, coingecko, cryptocompare, forked, started, swapped_for) VALUES("eip155:1/erc20:0x10086399DD8c1e3De736724AF52587a2044c9fA2", "TMTG", "the-midas-touch-gold", "TMTG", NULL, 1531180800, NULL);
UPDATE common_asset_details SET cryptocompare = 'YAMV1' WHERE identifier = 'eip155:1/erc20:0x0e2298E3B3390e3b945a5456fBf59eCc3f55DA16';
INSERT INTO assets(identifier, name, type) VALUES("eip155:1/erc20:0x0e2298E3B3390e3b945a5456fBf59eCc3f55DA16", "YAM", "C"); INSERT INTO evm_tokens(identifier, token_kind, chain, address, decimals, protocol) VALUES("eip155:1/erc20:0x0e2298E3B3390e3b945a5456fBf59eCc3f55DA16", "A", 1, "0x0e2298E3B3390e3b945a5456fBf59eCc3f55DA16", 18, ""); INSERT INTO common_asset_details(identifier, symbol, coingecko, cryptocompare, forked, started, swapped_for) VALUES("eip155:1/erc20:0x0e2298E3B3390e3b945a5456fBf59eCc3f55DA16", "YAM", "yam-2", "YAMV1", NULL, 1597121253, NULL);
UPDATE common_asset_details SET cryptocompare = 'WYS' WHERE identifier = 'eip155:1/erc20:0xd8950fDeaa10304B7A7Fd03a2FC66BC39f3c711a';
INSERT INTO assets(identifier, name, type) VALUES("eip155:1/erc20:0xd8950fDeaa10304B7A7Fd03a2FC66BC39f3c711a", "Wysker", "C"); INSERT INTO evm_tokens(identifier, token_kind, chain, address, decimals, protocol) VALUES("eip155:1/erc20:0xd8950fDeaa10304B7A7Fd03a2FC66BC39f3c711a", "A", 1, "0xd8950fDeaa10304B7A7Fd03a2FC66BC39f3c711a", 18, ""); INSERT INTO common_asset_details(identifier, symbol, coingecko, cryptocompare, forked, started, swapped_for) VALUES("eip155:1/erc20:0xd8950fDeaa10304B7A7Fd03a2FC66BC39f3c711a", "WYS", "", "WYS", NULL, 1506902400, NULL);
UPDATE common_asset_details SET cryptocompare = 'BZRX' WHERE identifier = 'eip155:1/erc20:0x56d811088235F11C8920698a204A5010a788f4b3';
INSERT INTO assets(identifier, name, type) VALUES("eip155:1/erc20:0x56d811088235F11C8920698a204A5010a788f4b3", "bZx Protocol", "C"); INSERT INTO evm_tokens(identifier, token_kind, chain, address, decimals, protocol) VALUES("eip155:1/erc20:0x56d811088235F11C8920698a204A5010a788f4b3", "A", 1, "0x56d811088235F11C8920698a204A5010a788f4b3", 18, ""); INSERT INTO common_asset_details(identifier, symbol, coingecko, cryptocompare, forked, started, swapped_for) VALUES("eip155:1/erc20:0x56d811088235F11C8920698a204A5010a788f4b3", "BZRX", "bzx-protocol", "BZRX", NULL, 1594509320, NULL);
UPDATE common_asset_details SET cryptocompare = 'MDT' WHERE identifier = 'eip155:1/erc20:0x814e0908b12A99FeCf5BC101bB5d0b8B5cDf7d26';
INSERT INTO assets(identifier, name, type) VALUES("eip155:1/erc20:0x814e0908b12A99FeCf5BC101bB5d0b8B5cDf7d26", "Measurable Data Token", "C"); INSERT INTO evm_tokens(identifier, token_kind, chain, address, decimals, protocol) VALUES("eip155:1/erc20:0x814e0908b12A99FeCf5BC101bB5d0b8B5cDf7d26", "A", 1, "0x814e0908b12A99FeCf5BC101bB5d0b8B5cDf7d26", 18, ""); INSERT INTO common_asset_details(identifier, symbol, coingecko, cryptocompare, forked, started, swapped_for) VALUES("eip155:1/erc20:0x814e0908b12A99FeCf5BC101bB5d0b8B5cDf7d26", "MDT", "measurable-data-token", "MDT", NULL, 1508371200, NULL);
UPDATE common_asset_details SET cryptocompare = 'CENTRA' WHERE identifier = 'eip155:1/erc20:0x96A65609a7B84E8842732DEB08f56C3E21aC6f8a';
INSERT INTO assets(identifier, name, type) VALUES("eip155:1/erc20:0x96A65609a7B84E8842732DEB08f56C3E21aC6f8a", "Centra", "C"); INSERT INTO evm_tokens(identifier, token_kind, chain, address, decimals, protocol) VALUES("eip155:1/erc20:0x96A65609a7B84E8842732DEB08f56C3E21aC6f8a", "A", 1, "0x96A65609a7B84E8842732DEB08f56C3E21aC6f8a", 18, ""); INSERT INTO common_asset_details(identifier, symbol, coingecko, cryptocompare, forked, started, swapped_for) VALUES("eip155:1/erc20:0x96A65609a7B84E8842732DEB08f56C3E21aC6f8a", "CTR", "", "CENTRA", NULL, 1500768000, NULL);
UPDATE common_asset_details SET cryptocompare = 'DOGC' WHERE identifier = 'eip155:1/erc20:0xda8263d8ce3F726233f8b5585bcb86a3120a58B6';
INSERT INTO assets(identifier, name, type) VALUES("eip155:1/erc20:0xda8263d8ce3F726233f8b5585bcb86a3120a58B6", "DogeClub", "C"); INSERT INTO evm_tokens(identifier, token_kind, chain, address, decimals, protocol) VALUES("eip155:1/erc20:0xda8263d8ce3F726233f8b5585bcb86a3120a58B6", "A", 1, "0xda8263d8ce3F726233f8b5585bcb86a3120a58B6", 18, ""); INSERT INTO common_asset_details(identifier, symbol, coingecko, cryptocompare, forked, started, swapped_for) VALUES("eip155:1/erc20:0xda8263d8ce3F726233f8b5585bcb86a3120a58B6", "DOGC", "dogeclub", "DOGC", NULL, 1686495803, NULL);
UPDATE common_asset_details SET cryptocompare = 'POS' WHERE identifier = 'eip155:1/erc20:0xEe609fE292128Cad03b786DBb9Bc2634Ccdbe7fC';
INSERT INTO assets(identifier, name, type) VALUES("eip155:1/erc20:0xEe609fE292128Cad03b786DBb9Bc2634Ccdbe7fC", "PoSToken", "C"); INSERT INTO evm_tokens(identifier, token_kind, chain, address, decimals, protocol) VALUES("eip155:1/erc20:0xEe609fE292128Cad03b786DBb9Bc2634Ccdbe7fC", "A", 1, "0xEe609fE292128Cad03b786DBb9Bc2634Ccdbe7fC", 18, ""); INSERT INTO common_asset_details(identifier, symbol, coingecko, cryptocompare, forked, started, swapped_for) VALUES("eip155:1/erc20:0xEe609fE292128Cad03b786DBb9Bc2634Ccdbe7fC", "POS", "pos-coin", "POS", NULL, 1503360000, NULL);
UPDATE common_asset_details SET cryptocompare = 'PPT' WHERE identifier = 'eip155:1/erc20:0xd4fa1460F537bb9085d22C7bcCB5DD450Ef28e3a';
INSERT INTO assets(identifier, name, type) VALUES("eip155:1/erc20:0xd4fa1460F537bb9085d22C7bcCB5DD450Ef28e3a", "Populous", "C"); INSERT INTO evm_tokens(identifier, token_kind, chain, address, decimals, protocol) VALUES("eip155:1/erc20:0xd4fa1460F537bb9085d22C7bcCB5DD450Ef28e3a", "A", 1, "0xd4fa1460F537bb9085d22C7bcCB5DD450Ef28e3a", 8, ""); INSERT INTO common_asset_details(identifier, symbol, coingecko, cryptocompare, forked, started, swapped_for) VALUES("eip155:1/erc20:0xd4fa1460F537bb9085d22C7bcCB5DD450Ef28e3a", "PPT", "populous", "PPT", NULL, 1491955200, NULL);
UPDATE common_asset_details SET cryptocompare = 'WIFI' WHERE identifier = 'eip155:137/erc20:0xE238Ecb42C424E877652AD82d8A939183A04C35f';
INSERT INTO assets(identifier, name, type) VALUES("eip155:137/erc20:0xE238Ecb42C424E877652AD82d8A939183A04C35f", "WiFi Map", "C"); INSERT INTO evm_tokens(identifier, token_kind, chain, address, decimals, protocol) VALUES("eip155:137/erc20:0xE238Ecb42C424E877652AD82d8A939183A04C35f", "A", 137, "0xE238Ecb42C424E877652AD82d8A939183A04C35f", 18, ""); INSERT INTO common_asset_details(identifier, symbol, coingecko, cryptocompare, forked, started, swapped_for) VALUES("eip155:137/erc20:0xE238Ecb42C424E877652AD82d8A939183A04C35f", "WIFI", "wifi", "WIFI", NULL, 1679594183, NULL);
UPDATE common_asset_details SET cryptocompare = 'TRAK' WHERE identifier = 'eip155:1/erc20:0x12759512D326303B45f1ceC8F7B6fd96F387778E';
INSERT INTO assets(identifier, name, type) VALUES("eip155:1/erc20:0x12759512D326303B45f1ceC8F7B6fd96F387778E", "TrakInvest", "C"); INSERT INTO evm_tokens(identifier, token_kind, chain, address, decimals, protocol) VALUES("eip155:1/erc20:0x12759512D326303B45f1ceC8F7B6fd96F387778E", "A", 1, "0x12759512D326303B45f1ceC8F7B6fd96F387778E", 18, ""); INSERT INTO common_asset_details(identifier, symbol, coingecko, cryptocompare, forked, started, swapped_for) VALUES("eip155:1/erc20:0x12759512D326303B45f1ceC8F7B6fd96F387778E", "TRAK", "", "TRAK", NULL, 1513361766, NULL);
UPDATE common_asset_details SET cryptocompare = 'XRA' WHERE identifier = 'eip155:1/erc20:0x7025baB2EC90410de37F488d1298204cd4D6b29d';
INSERT INTO assets(identifier, name, type) VALUES("eip155:1/erc20:0x7025baB2EC90410de37F488d1298204cd4D6b29d", "Xriba", "C"); INSERT INTO evm_tokens(identifier, token_kind, chain, address, decimals, protocol) VALUES("eip155:1/erc20:0x7025baB2EC90410de37F488d1298204cd4D6b29d", "A", 1, "0x7025baB2EC90410de37F488d1298204cd4D6b29d", 18, ""); INSERT INTO common_asset_details(identifier, symbol, coingecko, cryptocompare, forked, started, swapped_for) VALUES("eip155:1/erc20:0x7025baB2EC90410de37F488d1298204cd4D6b29d", "XRA", "xriba", "XRA", NULL, 1519159592, NULL);
UPDATE common_asset_details SET cryptocompare = 'LRC' WHERE identifier = 'eip155:1/erc20:0xBBbbCA6A901c926F240b89EacB641d8Aec7AEafD';
INSERT INTO assets(identifier, name, type) VALUES("eip155:1/erc20:0xBBbbCA6A901c926F240b89EacB641d8Aec7AEafD", "LoopringCoin V2", "C"); INSERT INTO evm_tokens(identifier, token_kind, chain, address, decimals, protocol) VALUES("eip155:1/erc20:0xBBbbCA6A901c926F240b89EacB641d8Aec7AEafD", "A", 1, "0xBBbbCA6A901c926F240b89EacB641d8Aec7AEafD", 18, ""); INSERT INTO common_asset_details(identifier, symbol, coingecko, cryptocompare, forked, started, swapped_for) VALUES("eip155:1/erc20:0xBBbbCA6A901c926F240b89EacB641d8Aec7AEafD", "LRC", "loopring", "LRC", NULL, 1500422400, NULL);
UPDATE common_asset_details SET cryptocompare = 'IHF' WHERE identifier = 'eip155:1/erc20:0xaF1250fa68D7DECD34fD75dE8742Bc03B29BD58e';
INSERT INTO assets(identifier, name, type) VALUES("eip155:1/erc20:0xaF1250fa68D7DECD34fD75dE8742Bc03B29BD58e", "Invictus Hyperion Fund", "C"); INSERT INTO evm_tokens(identifier, token_kind, chain, address, decimals, protocol) VALUES("eip155:1/erc20:0xaF1250fa68D7DECD34fD75dE8742Bc03B29BD58e", "A", 1, "0xaF1250fa68D7DECD34fD75dE8742Bc03B29BD58e", 18, ""); INSERT INTO common_asset_details(identifier, symbol, coingecko, cryptocompare, forked, started, swapped_for) VALUES("eip155:1/erc20:0xaF1250fa68D7DECD34fD75dE8742Bc03B29BD58e", "IHF", "invictus-hyprion-fund", "IHF", NULL, 1526394640, NULL);
UPDATE common_asset_details SET cryptocompare = 'TEAM' WHERE identifier = 'eip155:1/erc20:0x1c79ab32C66aCAa1e9E81952B8AAa581B43e54E7';
INSERT INTO assets(identifier, name, type) VALUES("eip155:1/erc20:0x1c79ab32C66aCAa1e9E81952B8AAa581B43e54E7", "TokenStars Team", "C"); INSERT INTO evm_tokens(identifier, token_kind, chain, address, decimals, protocol) VALUES("eip155:1/erc20:0x1c79ab32C66aCAa1e9E81952B8AAa581B43e54E7", "A", 1, "0x1c79ab32C66aCAa1e9E81952B8AAa581B43e54E7", 4, ""); INSERT INTO common_asset_details(identifier, symbol, coingecko, cryptocompare, forked, started, swapped_for) VALUES("eip155:1/erc20:0x1c79ab32C66aCAa1e9E81952B8AAa581B43e54E7", "TEAM", "tokenstars-team", "TEAM", NULL, 1519279480, NULL);
UPDATE common_asset_details SET cryptocompare = 'USDBC' WHERE identifier = 'eip155:8453/erc20:0xd9aAEc86B65D86f6A7B5B1b0c42FFA531710b6CA';
INSERT INTO assets(identifier, name, type) VALUES("eip155:8453/erc20:0xd9aAEc86B65D86f6A7B5B1b0c42FFA531710b6CA", "USD Base Coin", "C"); INSERT INTO evm_tokens(identifier, token_kind, chain, address, decimals, protocol) VALUES("eip155:8453/erc20:0xd9aAEc86B65D86f6A7B5B1b0c42FFA531710b6CA", "A", 8453, "0xd9aAEc86B65D86f6A7B5B1b0c42FFA531710b6CA", 6, ""); INSERT INTO common_asset_details(identifier, symbol, coingecko, cryptocompare, forked, started, swapped_for) VALUES("eip155:8453/erc20:0xd9aAEc86B65D86f6A7B5B1b0c42FFA531710b6CA", "USDbC", "usd-coin", "USDBC", NULL, 1690914161, NULL);
UPDATE common_asset_details SET cryptocompare = 'HEZ' WHERE identifier = 'eip155:1/erc20:0xEEF9f339514298C6A857EfCfC1A762aF84438dEE';
INSERT INTO assets(identifier, name, type) VALUES("eip155:1/erc20:0xEEF9f339514298C6A857EfCfC1A762aF84438dEE", "Hermez Network", "C"); INSERT INTO evm_tokens(identifier, token_kind, chain, address, decimals, protocol) VALUES("eip155:1/erc20:0xEEF9f339514298C6A857EfCfC1A762aF84438dEE", "A", 1, "0xEEF9f339514298C6A857EfCfC1A762aF84438dEE", 18, ""); INSERT INTO common_asset_details(identifier, symbol, coingecko, cryptocompare, forked, started, swapped_for) VALUES("eip155:1/erc20:0xEEF9f339514298C6A857EfCfC1A762aF84438dEE", "HEZ", "hermez-network-token", "HEZ", NULL, 1602717322, NULL);
UPDATE common_asset_details SET cryptocompare = 'ASTRONAUT' WHERE identifier = 'eip155:1/erc20:0x7B22938ca841aA392C93dBB7f4c42178E3d65E88';
INSERT INTO assets(identifier, name, type) VALUES("eip155:1/erc20:0x7B22938ca841aA392C93dBB7f4c42178E3d65E88", "Astro", "C"); INSERT INTO evm_tokens(identifier, token_kind, chain, address, decimals, protocol) VALUES("eip155:1/erc20:0x7B22938ca841aA392C93dBB7f4c42178E3d65E88", "A", 1, "0x7B22938ca841aA392C93dBB7f4c42178E3d65E88", 4, ""); INSERT INTO common_asset_details(identifier, symbol, coingecko, cryptocompare, forked, started, swapped_for) VALUES("eip155:1/erc20:0x7B22938ca841aA392C93dBB7f4c42178E3d65E88", "ASTRO", "astro", "ASTRONAUT", NULL, 1505606400, NULL);
UPDATE common_asset_details SET cryptocompare = 'OPENDAO' WHERE identifier = 'eip155:1/erc20:0x3b484b82567a09e2588A13D54D032153f0c0aEe0';
INSERT INTO assets(identifier, name, type) VALUES("eip155:1/erc20:0x3b484b82567a09e2588A13D54D032153f0c0aEe0", "SOS", "C"); INSERT INTO evm_tokens(identifier, token_kind, chain, address, decimals, protocol) VALUES("eip155:1/erc20:0x3b484b82567a09e2588A13D54D032153f0c0aEe0", "A", 1, "0x3b484b82567a09e2588A13D54D032153f0c0aEe0", 18, ""); INSERT INTO common_asset_details(identifier, symbol, coingecko, cryptocompare, forked, started, swapped_for) VALUES("eip155:1/erc20:0x3b484b82567a09e2588A13D54D032153f0c0aEe0", "SOS", "opendao", "OPENDAO", NULL, 1640250632, NULL);
UPDATE common_asset_details SET cryptocompare = 'CELO' WHERE identifier = 'CELO';
INSERT INTO assets(identifier, name, type) VALUES("CELO", "Celo", "B"); INSERT INTO common_asset_details(identifier, symbol, coingecko, cryptocompare, forked, started, swapped_for) VALUES("CELO", "CELO", "celo", "CELO", NULL, 1590115455, NULL);
UPDATE common_asset_details SET cryptocompare = 'CVP' WHERE identifier = 'eip155:1/erc20:0x38e4adB44ef08F22F5B5b76A8f0c2d0dCbE7DcA1';
INSERT INTO assets(identifier, name, type) VALUES("eip155:1/erc20:0x38e4adB44ef08F22F5B5b76A8f0c2d0dCbE7DcA1", "Concentrated Voting Power", "C"); INSERT INTO evm_tokens(identifier, token_kind, chain, address, decimals, protocol) VALUES("eip155:1/erc20:0x38e4adB44ef08F22F5B5b76A8f0c2d0dCbE7DcA1", "A", 1, "0x38e4adB44ef08F22F5B5b76A8f0c2d0dCbE7DcA1", 18, ""); INSERT INTO common_asset_details(identifier, symbol, coingecko, cryptocompare, forked, started, swapped_for) VALUES("eip155:1/erc20:0x38e4adB44ef08F22F5B5b76A8f0c2d0dCbE7DcA1", "CVP", "concentrated-voting-power", "CVP", NULL, 1597938312, NULL);
UPDATE common_asset_details SET cryptocompare = 'AELIN' WHERE identifier = 'eip155:10/erc20:0x61BAADcF22d2565B0F471b291C475db5555e0b76';
INSERT INTO assets(identifier, name, type) VALUES("eip155:10/erc20:0x61BAADcF22d2565B0F471b291C475db5555e0b76", "Aelin Token", "C"); INSERT INTO evm_tokens(identifier, token_kind, chain, address, decimals, protocol) VALUES("eip155:10/erc20:0x61BAADcF22d2565B0F471b291C475db5555e0b76", "A", 10, "0x61BAADcF22d2565B0F471b291C475db5555e0b76", 18, ""); INSERT INTO common_asset_details(identifier, symbol, coingecko, cryptocompare, forked, started, swapped_for) VALUES("eip155:10/erc20:0x61BAADcF22d2565B0F471b291C475db5555e0b76", "AELIN", "", "AELIN", NULL, 1716159745, NULL);
UPDATE common_asset_details SET cryptocompare = 'SKRP' WHERE identifier = 'eip155:1/erc20:0xfdFE8b7aB6CF1bD1E3d14538Ef40686296C42052';
INSERT INTO assets(identifier, name, type) VALUES("eip155:1/erc20:0xfdFE8b7aB6CF1bD1E3d14538Ef40686296C42052", "Skraps", "C"); INSERT INTO evm_tokens(identifier, token_kind, chain, address, decimals, protocol) VALUES("eip155:1/erc20:0xfdFE8b7aB6CF1bD1E3d14538Ef40686296C42052", "A", 1, "0xfdFE8b7aB6CF1bD1E3d14538Ef40686296C42052", 18, ""); INSERT INTO common_asset_details(identifier, symbol, coingecko, cryptocompare, forked, started, swapped_for) VALUES("eip155:1/erc20:0xfdFE8b7aB6CF1bD1E3d14538Ef40686296C42052", "SKRP", "skraps", "SKRP", NULL, 1519583547, NULL);
UPDATE common_asset_details SET cryptocompare = 'HYPE' WHERE identifier = 'eip155:56/erc20:0x62891201468A517EeEc00FE72f33595a3F9047eE';
INSERT INTO assets(identifier, name, type) VALUES("eip155:56/erc20:0x62891201468A517EeEc00FE72f33595a3F9047eE", "HYPE", "C"); INSERT INTO evm_tokens(identifier, token_kind, chain, address, decimals, protocol) VALUES("eip155:56/erc20:0x62891201468A517EeEc00FE72f33595a3F9047eE", "A", 56, "0x62891201468A517EeEc00FE72f33595a3F9047eE", 18, ""); INSERT INTO common_asset_details(identifier, symbol, coingecko, cryptocompare, forked, started, swapped_for) VALUES("eip155:56/erc20:0x62891201468A517EeEc00FE72f33595a3F9047eE", "HYPE", "supreme-finance", "HYPE", NULL, 1718342755, NULL);
UPDATE common_asset_details SET cryptocompare = 'AUSDC' WHERE identifier = 'eip155:1/erc20:0x9bA00D6856a4eDF4665BcA2C2309936572473B7E';
INSERT INTO assets(identifier, name, type) VALUES("eip155:1/erc20:0x9bA00D6856a4eDF4665BcA2C2309936572473B7E", "Aave Interest bearing USDC", "C"); INSERT INTO evm_tokens(identifier, token_kind, chain, address, decimals, protocol) VALUES("eip155:1/erc20:0x9bA00D6856a4eDF4665BcA2C2309936572473B7E", "A", 1, "0x9bA00D6856a4eDF4665BcA2C2309936572473B7E", 6, "aave"); INSERT INTO common_asset_details(identifier, symbol, coingecko, cryptocompare, forked, started, swapped_for) VALUES("eip155:1/erc20:0x9bA00D6856a4eDF4665BcA2C2309936572473B7E", "aUSDC", "aave-usdc", "AUSDC", NULL, 1578501407, NULL);
UPDATE common_asset_details SET cryptocompare = 'OMG' WHERE identifier = 'eip155:1/erc20:0xd26114cd6EE289AccF82350c8d8487fedB8A0C07';
INSERT INTO assets(identifier, name, type) VALUES("eip155:1/erc20:0xd26114cd6EE289AccF82350c8d8487fedB8A0C07", "OmiseGO", "C"); INSERT INTO evm_tokens(identifier, token_kind, chain, address, decimals, protocol) VALUES("eip155:1/erc20:0xd26114cd6EE289AccF82350c8d8487fedB8A0C07", "A", 1, "0xd26114cd6EE289AccF82350c8d8487fedB8A0C07", 18, ""); INSERT INTO common_asset_details(identifier, symbol, coingecko, cryptocompare, forked, started, swapped_for) VALUES("eip155:1/erc20:0xd26114cd6EE289AccF82350c8d8487fedB8A0C07", "OMG", "omisego", "OMG", NULL, 1498176000, NULL);
UPDATE common_asset_details SET cryptocompare = 'CRB' WHERE identifier = 'eip155:1/erc20:0xAef38fBFBF932D1AeF3B808Bc8fBd8Cd8E1f8BC5';
INSERT INTO assets(identifier, name, type) VALUES("eip155:1/erc20:0xAef38fBFBF932D1AeF3B808Bc8fBd8Cd8E1f8BC5", "Creditbit", "C"); INSERT INTO evm_tokens(identifier, token_kind, chain, address, decimals, protocol) VALUES("eip155:1/erc20:0xAef38fBFBF932D1AeF3B808Bc8fBd8Cd8E1f8BC5", "A", 1, "0xAef38fBFBF932D1AeF3B808Bc8fBd8Cd8E1f8BC5", 8, ""); INSERT INTO common_asset_details(identifier, symbol, coingecko, cryptocompare, forked, started, swapped_for) VALUES("eip155:1/erc20:0xAef38fBFBF932D1AeF3B808Bc8fBd8Cd8E1f8BC5", "CRB", "creditbit", "CRB", NULL, 1446595200, NULL);
UPDATE common_asset_details SET cryptocompare = 'TRAXIA' WHERE identifier = 'eip155:1/erc20:0x3209f98BeBF0149B769ce26D71F7aEA8E435EfEa';
INSERT INTO assets(identifier, name, type) VALUES("eip155:1/erc20:0x3209f98BeBF0149B769ce26D71F7aEA8E435EfEa", "TRAXIA", "C"); INSERT INTO evm_tokens(identifier, token_kind, chain, address, decimals, protocol) VALUES("eip155:1/erc20:0x3209f98BeBF0149B769ce26D71F7aEA8E435EfEa", "A", 1, "0x3209f98BeBF0149B769ce26D71F7aEA8E435EfEa", 18, ""); INSERT INTO common_asset_details(identifier, symbol, coingecko, cryptocompare, forked, started, swapped_for) VALUES("eip155:1/erc20:0x3209f98BeBF0149B769ce26D71F7aEA8E435EfEa", "TMT", "traxia", "TRAXIA", NULL, 1519516800, NULL);
UPDATE common_asset_details SET cryptocompare = 'BOND' WHERE identifier = 'eip155:1/erc20:0x0391D2021f89DC339F60Fff84546EA23E337750f';
INSERT INTO assets(identifier, name, type) VALUES("eip155:1/erc20:0x0391D2021f89DC339F60Fff84546EA23E337750f", "BarnBridge", "C"); INSERT INTO evm_tokens(identifier, token_kind, chain, address, decimals, protocol) VALUES("eip155:1/erc20:0x0391D2021f89DC339F60Fff84546EA23E337750f", "A", 1, "0x0391D2021f89DC339F60Fff84546EA23E337750f", 18, ""); INSERT INTO common_asset_details(identifier, symbol, coingecko, cryptocompare, forked, started, swapped_for) VALUES("eip155:1/erc20:0x0391D2021f89DC339F60Fff84546EA23E337750f", "BOND", "barnbridge", "BOND", NULL, 1599494104, NULL);
UPDATE common_asset_details SET cryptocompare = 'ARY' WHERE identifier = 'eip155:1/erc20:0xa5F8fC0921880Cb7342368BD128eb8050442B1a1';
INSERT INTO assets(identifier, name, type) VALUES("eip155:1/erc20:0xa5F8fC0921880Cb7342368BD128eb8050442B1a1", "Block Array", "C"); INSERT INTO evm_tokens(identifier, token_kind, chain, address, decimals, protocol) VALUES("eip155:1/erc20:0xa5F8fC0921880Cb7342368BD128eb8050442B1a1", "A", 1, "0xa5F8fC0921880Cb7342368BD128eb8050442B1a1", 18, ""); INSERT INTO common_asset_details(identifier, symbol, coingecko, cryptocompare, forked, started, swapped_for) VALUES("eip155:1/erc20:0xa5F8fC0921880Cb7342368BD128eb8050442B1a1", "ARY", "block-array", "ARY", NULL, 1513296000, NULL);
UPDATE common_asset_details SET cryptocompare = 'HB' WHERE identifier = 'eip155:1/erc20:0xE2492F8D2A2618d8709Ca99b1d8d75713Bd84089';
INSERT INTO assets(identifier, name, type) VALUES("eip155:1/erc20:0xE2492F8D2A2618d8709Ca99b1d8d75713Bd84089", "HeartBout", "C"); INSERT INTO evm_tokens(identifier, token_kind, chain, address, decimals, protocol) VALUES("eip155:1/erc20:0xE2492F8D2A2618d8709Ca99b1d8d75713Bd84089", "A", 1, "0xE2492F8D2A2618d8709Ca99b1d8d75713Bd84089", 18, ""); INSERT INTO common_asset_details(identifier, symbol, coingecko, cryptocompare, forked, started, swapped_for) VALUES("eip155:1/erc20:0xE2492F8D2A2618d8709Ca99b1d8d75713Bd84089", "HB", "heartbout", "HB", NULL, 1521835971, NULL);
UPDATE common_asset_details SET cryptocompare = 'SALT' WHERE identifier = 'eip155:1/erc20:0x4156D3342D5c385a87D264F90653733592000581';
INSERT INTO assets(identifier, name, type) VALUES("eip155:1/erc20:0x4156D3342D5c385a87D264F90653733592000581", "SALT", "C"); INSERT INTO evm_tokens(identifier, token_kind, chain, address, decimals, protocol) VALUES("eip155:1/erc20:0x4156D3342D5c385a87D264F90653733592000581", "A", 1, "0x4156D3342D5c385a87D264F90653733592000581", 8, ""); INSERT INTO common_asset_details(identifier, symbol, coingecko, cryptocompare, forked, started, swapped_for) VALUES("eip155:1/erc20:0x4156D3342D5c385a87D264F90653733592000581", "SALT", "salt", "SALT", NULL, 1501200000, NULL);
UPDATE common_asset_details SET cryptocompare = 'BNTY' WHERE identifier = 'eip155:1/erc20:0xd2d6158683aeE4Cc838067727209a0aAF4359de3';
INSERT INTO assets(identifier, name, type) VALUES("eip155:1/erc20:0xd2d6158683aeE4Cc838067727209a0aAF4359de3", "Bounty0x", "C"); INSERT INTO evm_tokens(identifier, token_kind, chain, address, decimals, protocol) VALUES("eip155:1/erc20:0xd2d6158683aeE4Cc838067727209a0aAF4359de3", "A", 1, "0xd2d6158683aeE4Cc838067727209a0aAF4359de3", 18, ""); INSERT INTO common_asset_details(identifier, symbol, coingecko, cryptocompare, forked, started, swapped_for) VALUES("eip155:1/erc20:0xd2d6158683aeE4Cc838067727209a0aAF4359de3", "BNTY", "bounty0x", "BNTY", NULL, 1508284800, NULL);
UPDATE common_asset_details SET cryptocompare = 'BTH' WHERE identifier = 'eip155:1/erc20:0xFAd572db566E5234AC9Fc3d570c4EdC0050eAA92';
INSERT INTO assets(identifier, name, type) VALUES("eip155:1/erc20:0xFAd572db566E5234AC9Fc3d570c4EdC0050eAA92", "Bytether", "C"); INSERT INTO evm_tokens(identifier, token_kind, chain, address, decimals, protocol) VALUES("eip155:1/erc20:0xFAd572db566E5234AC9Fc3d570c4EdC0050eAA92", "A", 1, "0xFAd572db566E5234AC9Fc3d570c4EdC0050eAA92", 18, ""); INSERT INTO common_asset_details(identifier, symbol, coingecko, cryptocompare, forked, started, swapped_for) VALUES("eip155:1/erc20:0xFAd572db566E5234AC9Fc3d570c4EdC0050eAA92", "BTH", "bithereum", "BTH", NULL, 1507680000, NULL);
UPDATE common_asset_details SET cryptocompare = 'WASSIE' WHERE identifier = 'eip155:1/erc20:0x2c95D751DA37A5C1d9c5a7Fd465c1d50F3d96160';
INSERT INTO assets(identifier, name, type) VALUES("eip155:1/erc20:0x2c95D751DA37A5C1d9c5a7Fd465c1d50F3d96160", "WASSIE", "C"); INSERT INTO evm_tokens(identifier, token_kind, chain, address, decimals, protocol) VALUES("eip155:1/erc20:0x2c95D751DA37A5C1d9c5a7Fd465c1d50F3d96160", "A", 1, "0x2c95D751DA37A5C1d9c5a7Fd465c1d50F3d96160", 18, ""); INSERT INTO common_asset_details(identifier, symbol, coingecko, cryptocompare, forked, started, swapped_for) VALUES("eip155:1/erc20:0x2c95D751DA37A5C1d9c5a7Fd465c1d50F3d96160", "WASSIE", "wassie", "WASSIE", NULL, NULL, NULL);
UPDATE common_asset_details SET cryptocompare = 'XMX' WHERE identifier = 'eip155:1/erc20:0x0f8c45B896784A1E408526B9300519ef8660209c';
INSERT INTO assets(identifier, name, type) VALUES("eip155:1/erc20:0x0f8c45B896784A1E408526B9300519ef8660209c", "XMax", "C"); INSERT INTO evm_tokens(identifier, token_kind, chain, address, decimals, protocol) VALUES("eip155:1/erc20:0x0f8c45B896784A1E408526B9300519ef8660209c", "A", 1, "0x0f8c45B896784A1E408526B9300519ef8660209c", 8, ""); INSERT INTO common_asset_details(identifier, symbol, coingecko, cryptocompare, forked, started, swapped_for) VALUES("eip155:1/erc20:0x0f8c45B896784A1E408526B9300519ef8660209c", "XMX", "xmax", "XMX", NULL, 1506902400, NULL);
UPDATE common_asset_details SET cryptocompare = 'HEDG' WHERE identifier = 'eip155:1/erc20:0xF1290473E210b2108A85237fbCd7b6eb42Cc654F';
INSERT INTO assets(identifier, name, type) VALUES("eip155:1/erc20:0xF1290473E210b2108A85237fbCd7b6eb42Cc654F", "HedgeTrade", "C"); INSERT INTO evm_tokens(identifier, token_kind, chain, address, decimals, protocol) VALUES("eip155:1/erc20:0xF1290473E210b2108A85237fbCd7b6eb42Cc654F", "A", 1, "0xF1290473E210b2108A85237fbCd7b6eb42Cc654F", 18, ""); INSERT INTO common_asset_details(identifier, symbol, coingecko, cryptocompare, forked, started, swapped_for) VALUES("eip155:1/erc20:0xF1290473E210b2108A85237fbCd7b6eb42Cc654F", "HEDG", "hedgetrade", "HEDG", NULL, 1546537778, NULL);
UPDATE common_asset_details SET cryptocompare = 'GRAI' WHERE identifier = 'eip155:1/erc20:0x15f74458aE0bFdAA1a96CA1aa779D715Cc1Eefe4';
INSERT INTO assets(identifier, name, type) VALUES("eip155:1/erc20:0x15f74458aE0bFdAA1a96CA1aa779D715Cc1Eefe4", "Gravita Debt Token", "C"); INSERT INTO evm_tokens(identifier, token_kind, chain, address, decimals, protocol) VALUES("eip155:1/erc20:0x15f74458aE0bFdAA1a96CA1aa779D715Cc1Eefe4", "A", 1, "0x15f74458aE0bFdAA1a96CA1aa779D715Cc1Eefe4", 18, ""); INSERT INTO common_asset_details(identifier, symbol, coingecko, cryptocompare, forked, started, swapped_for) VALUES("eip155:1/erc20:0x15f74458aE0bFdAA1a96CA1aa779D715Cc1Eefe4", "GRAI", "", "GRAI", NULL, NULL, NULL);
UPDATE common_asset_details SET cryptocompare = 'BITAIR' WHERE identifier = 'eip155:1/erc20:0x02725836ebF3eCDb1cDf1c7b02FcbBfaa2736AF8';
INSERT INTO assets(identifier, name, type) VALUES("eip155:1/erc20:0x02725836ebF3eCDb1cDf1c7b02FcbBfaa2736AF8", "Bitair", "C"); INSERT INTO evm_tokens(identifier, token_kind, chain, address, decimals, protocol) VALUES("eip155:1/erc20:0x02725836ebF3eCDb1cDf1c7b02FcbBfaa2736AF8", "A", 1, "0x02725836ebF3eCDb1cDf1c7b02FcbBfaa2736AF8", 8, ""); INSERT INTO common_asset_details(identifier, symbol, coingecko, cryptocompare, forked, started, swapped_for) VALUES("eip155:1/erc20:0x02725836ebF3eCDb1cDf1c7b02FcbBfaa2736AF8", "BTCA", "", "BITAIR", NULL, 1504828800, NULL);
UPDATE common_asset_details SET cryptocompare = 'DAOB' WHERE identifier = 'eip155:1/erc20:0x8aA33A7899FCC8eA5fBe6A608A109c3893A1B8b2';
INSERT INTO assets(identifier, name, type) VALUES("eip155:1/erc20:0x8aA33A7899FCC8eA5fBe6A608A109c3893A1B8b2", "DAO.Casino", "C"); INSERT INTO evm_tokens(identifier, token_kind, chain, address, decimals, protocol) VALUES("eip155:1/erc20:0x8aA33A7899FCC8eA5fBe6A608A109c3893A1B8b2", "A", 1, "0x8aA33A7899FCC8eA5fBe6A608A109c3893A1B8b2", 18, ""); INSERT INTO common_asset_details(identifier, symbol, coingecko, cryptocompare, forked, started, swapped_for) VALUES("eip155:1/erc20:0x8aA33A7899FCC8eA5fBe6A608A109c3893A1B8b2", "BET", "dao-casino", "DAOB", NULL, 1490054400, NULL);
UPDATE common_asset_details SET cryptocompare = 'FUCK' WHERE identifier = 'eip155:1/erc20:0x65Be44C747988fBF606207698c944Df4442efE19';
INSERT INTO assets(identifier, name, type) VALUES("eip155:1/erc20:0x65Be44C747988fBF606207698c944Df4442efE19", "Finally Usable Crypto Karma", "C"); INSERT INTO evm_tokens(identifier, token_kind, chain, address, decimals, protocol) VALUES("eip155:1/erc20:0x65Be44C747988fBF606207698c944Df4442efE19", "A", 1, "0x65Be44C747988fBF606207698c944Df4442efE19", 4, ""); INSERT INTO common_asset_details(identifier, symbol, coingecko, cryptocompare, forked, started, swapped_for) VALUES("eip155:1/erc20:0x65Be44C747988fBF606207698c944Df4442efE19", "FUCK", "", "FUCK", NULL, 1496361600, NULL);
UPDATE common_asset_details SET cryptocompare = 'LGD' WHERE identifier = 'eip155:1/erc20:0x59061b6f26BB4A9cE5828A19d35CFD5A4B80F056';
INSERT INTO assets(identifier, name, type) VALUES("eip155:1/erc20:0x59061b6f26BB4A9cE5828A19d35CFD5A4B80F056", "Legends", "C"); INSERT INTO evm_tokens(identifier, token_kind, chain, address, decimals, protocol) VALUES("eip155:1/erc20:0x59061b6f26BB4A9cE5828A19d35CFD5A4B80F056", "A", 1, "0x59061b6f26BB4A9cE5828A19d35CFD5A4B80F056", 8, ""); INSERT INTO common_asset_details(identifier, symbol, coingecko, cryptocompare, forked, started, swapped_for) VALUES("eip155:1/erc20:0x59061b6f26BB4A9cE5828A19d35CFD5A4B80F056", "MORE", "legends-room", "LGD", NULL, 1492473600, NULL);
UPDATE common_asset_details SET cryptocompare = 'REQ' WHERE identifier = 'eip155:1/erc20:0x8f8221aFbB33998d8584A2B05749bA73c37a938a';
INSERT INTO assets(identifier, name, type) VALUES("eip155:1/erc20:0x8f8221aFbB33998d8584A2B05749bA73c37a938a", "Request", "C"); INSERT INTO evm_tokens(identifier, token_kind, chain, address, decimals, protocol) VALUES("eip155:1/erc20:0x8f8221aFbB33998d8584A2B05749bA73c37a938a", "A", 1, "0x8f8221aFbB33998d8584A2B05749bA73c37a938a", 18, ""); INSERT INTO common_asset_details(identifier, symbol, coingecko, cryptocompare, forked, started, swapped_for) VALUES("eip155:1/erc20:0x8f8221aFbB33998d8584A2B05749bA73c37a938a", "REQ", "request-network", "REQ", NULL, 1504137600, NULL);
UPDATE common_asset_details SET cryptocompare = 'CAR' WHERE identifier = 'eip155:1/erc20:0x4D9e23a3842fE7Eb7682B9725cF6c507C424A41B';
INSERT INTO assets(identifier, name, type) VALUES("eip155:1/erc20:0x4D9e23a3842fE7Eb7682B9725cF6c507C424A41B", "CarBlock", "C"); INSERT INTO evm_tokens(identifier, token_kind, chain, address, decimals, protocol) VALUES("eip155:1/erc20:0x4D9e23a3842fE7Eb7682B9725cF6c507C424A41B", "A", 1, "0x4D9e23a3842fE7Eb7682B9725cF6c507C424A41B", 18, ""); INSERT INTO common_asset_details(identifier, symbol, coingecko, cryptocompare, forked, started, swapped_for) VALUES("eip155:1/erc20:0x4D9e23a3842fE7Eb7682B9725cF6c507C424A41B", "CAR", "", "CAR", NULL, 1530154004, NULL);
UPDATE common_asset_details SET cryptocompare = 'BCH' WHERE identifier = 'BCH';
INSERT INTO assets(identifier, name, type) VALUES("BCH", "Bitcoin Cash", "B"); INSERT INTO common_asset_details(identifier, symbol, coingecko, cryptocompare, forked, started, swapped_for) VALUES("BCH", "BCH", "bitcoin-cash", "BCH", "BTC", 1501593374, NULL);
UPDATE common_asset_details SET cryptocompare = 'PLG' WHERE identifier = 'eip155:1/erc20:0x85ca6710D0F1D511d130f6935eDDA88ACBD921bD';
INSERT INTO assets(identifier, name, type) VALUES("eip155:1/erc20:0x85ca6710D0F1D511d130f6935eDDA88ACBD921bD", "Pledge Coin", "C"); INSERT INTO evm_tokens(identifier, token_kind, chain, address, decimals, protocol) VALUES("eip155:1/erc20:0x85ca6710D0F1D511d130f6935eDDA88ACBD921bD", "A", 1, "0x85ca6710D0F1D511d130f6935eDDA88ACBD921bD", 18, ""); INSERT INTO common_asset_details(identifier, symbol, coingecko, cryptocompare, forked, started, swapped_for) VALUES("eip155:1/erc20:0x85ca6710D0F1D511d130f6935eDDA88ACBD921bD", "PLG", "pledgecamp", "PLG", NULL, 1556755200, NULL);
UPDATE common_asset_details SET cryptocompare = 'DROP' WHERE identifier = 'eip155:1/erc20:0x4672bAD527107471cB5067a887f4656D585a8A31';
INSERT INTO assets(identifier, name, type) VALUES("eip155:1/erc20:0x4672bAD527107471cB5067a887f4656D585a8A31", "Dropil", "C"); INSERT INTO evm_tokens(identifier, token_kind, chain, address, decimals, protocol) VALUES("eip155:1/erc20:0x4672bAD527107471cB5067a887f4656D585a8A31", "A", 1, "0x4672bAD527107471cB5067a887f4656D585a8A31", 18, ""); INSERT INTO common_asset_details(identifier, symbol, coingecko, cryptocompare, forked, started, swapped_for) VALUES("eip155:1/erc20:0x4672bAD527107471cB5067a887f4656D585a8A31", "DROP", "dropil", "DROP", NULL, 1516381267, NULL);
UPDATE common_asset_details SET cryptocompare = 'ZIPT' WHERE identifier = 'eip155:1/erc20:0xEDD7c94FD7B4971b916d15067Bc454b9E1bAD980';
INSERT INTO assets(identifier, name, type) VALUES("eip155:1/erc20:0xEDD7c94FD7B4971b916d15067Bc454b9E1bAD980", "Zippie", "C"); INSERT INTO evm_tokens(identifier, token_kind, chain, address, decimals, protocol) VALUES("eip155:1/erc20:0xEDD7c94FD7B4971b916d15067Bc454b9E1bAD980", "A", 1, "0xEDD7c94FD7B4971b916d15067Bc454b9E1bAD980", 18, ""); INSERT INTO common_asset_details(identifier, symbol, coingecko, cryptocompare, forked, started, swapped_for) VALUES("eip155:1/erc20:0xEDD7c94FD7B4971b916d15067Bc454b9E1bAD980", "ZIPT", "zippie", "ZIPT", NULL, 1522297282, NULL);
UPDATE common_asset_details SET cryptocompare = 'EURS' WHERE identifier = 'eip155:1/erc20:0xdB25f211AB05b1c97D595516F45794528a807ad8';
INSERT INTO assets(identifier, name, type) VALUES("eip155:1/erc20:0xdB25f211AB05b1c97D595516F45794528a807ad8", "STASIS EURS", "C"); INSERT INTO evm_tokens(identifier, token_kind, chain, address, decimals, protocol) VALUES("eip155:1/erc20:0xdB25f211AB05b1c97D595516F45794528a807ad8", "A", 1, "0xdB25f211AB05b1c97D595516F45794528a807ad8", 2, ""); INSERT INTO common_asset_details(identifier, symbol, coingecko, cryptocompare, forked, started, swapped_for) VALUES("eip155:1/erc20:0xdB25f211AB05b1c97D595516F45794528a807ad8", "EURS", "stasis-eurs", "EURS", NULL, 1529686012, NULL);
UPDATE common_asset_details SET cryptocompare = 'HGET' WHERE identifier = 'eip155:1/erc20:0x7968bc6a03017eA2de509AAA816F163Db0f35148';
INSERT INTO assets(identifier, name, type) VALUES("eip155:1/erc20:0x7968bc6a03017eA2de509AAA816F163Db0f35148", "Hedget", "C"); INSERT INTO evm_tokens(identifier, token_kind, chain, address, decimals, protocol) VALUES("eip155:1/erc20:0x7968bc6a03017eA2de509AAA816F163Db0f35148", "A", 1, "0x7968bc6a03017eA2de509AAA816F163Db0f35148", 6, ""); INSERT INTO common_asset_details(identifier, symbol, coingecko, cryptocompare, forked, started, swapped_for) VALUES("eip155:1/erc20:0x7968bc6a03017eA2de509AAA816F163Db0f35148", "HGET", "hedget", "HGET", NULL, 1599303343, NULL);
UPDATE common_asset_details SET cryptocompare = 'XCHF' WHERE identifier = 'eip155:1/erc20:0xB4272071eCAdd69d933AdcD19cA99fe80664fc08';
INSERT INTO assets(identifier, name, type) VALUES("eip155:1/erc20:0xB4272071eCAdd69d933AdcD19cA99fe80664fc08", "CryptoFranc", "C"); INSERT INTO evm_tokens(identifier, token_kind, chain, address, decimals, protocol) VALUES("eip155:1/erc20:0xB4272071eCAdd69d933AdcD19cA99fe80664fc08", "A", 1, "0xB4272071eCAdd69d933AdcD19cA99fe80664fc08", 18, ""); INSERT INTO common_asset_details(identifier, symbol, coingecko, cryptocompare, forked, started, swapped_for) VALUES("eip155:1/erc20:0xB4272071eCAdd69d933AdcD19cA99fe80664fc08", "XCHF", "cryptofranc", "XCHF", NULL, 1540888325, NULL);
UPDATE common_asset_details SET cryptocompare = 'NRV' WHERE identifier = 'eip155:56/erc20:0x42F6f551ae042cBe50C739158b4f0CAC0Edb9096';
INSERT INTO assets(identifier, name, type) VALUES("eip155:56/erc20:0x42F6f551ae042cBe50C739158b4f0CAC0Edb9096", "Nerve", "C"); INSERT INTO evm_tokens(identifier, token_kind, chain, address, decimals, protocol) VALUES("eip155:56/erc20:0x42F6f551ae042cBe50C739158b4f0CAC0Edb9096", "A", 56, "0x42F6f551ae042cBe50C739158b4f0CAC0Edb9096", 18, ""); INSERT INTO common_asset_details(identifier, symbol, coingecko, cryptocompare, forked, started, swapped_for) VALUES("eip155:56/erc20:0x42F6f551ae042cBe50C739158b4f0CAC0Edb9096", "NRV", "nerve-finance", "NRV", NULL, 1614906217, NULL);
UPDATE common_asset_details SET cryptocompare = 'CAG' WHERE identifier = 'eip155:1/erc20:0x7d4b8Cce0591C9044a22ee543533b72E976E36C3';
INSERT INTO assets(identifier, name, type) VALUES("eip155:1/erc20:0x7d4b8Cce0591C9044a22ee543533b72E976E36C3", "Change", "C"); INSERT INTO evm_tokens(identifier, token_kind, chain, address, decimals, protocol) VALUES("eip155:1/erc20:0x7d4b8Cce0591C9044a22ee543533b72E976E36C3", "A", 1, "0x7d4b8Cce0591C9044a22ee543533b72E976E36C3", 18, ""); INSERT INTO common_asset_details(identifier, symbol, coingecko, cryptocompare, forked, started, swapped_for) VALUES("eip155:1/erc20:0x7d4b8Cce0591C9044a22ee543533b72E976E36C3", "CAG", "change", "CAG", NULL, 1504966676, NULL);
UPDATE common_asset_details SET cryptocompare = 'AUSDT' WHERE identifier = 'eip155:1/erc20:0x9EEAD9ce15383CaEED975427340b3A369410CFBF';
INSERT INTO assets(identifier, name, type) VALUES("eip155:1/erc20:0x9EEAD9ce15383CaEED975427340b3A369410CFBF", "aUSD", "C"); INSERT INTO evm_tokens(identifier, token_kind, chain, address, decimals, protocol) VALUES("eip155:1/erc20:0x9EEAD9ce15383CaEED975427340b3A369410CFBF", "A", 1, "0x9EEAD9ce15383CaEED975427340b3A369410CFBF", 6, ""); INSERT INTO common_asset_details(identifier, symbol, coingecko, cryptocompare, forked, started, swapped_for) VALUES("eip155:1/erc20:0x9EEAD9ce15383CaEED975427340b3A369410CFBF", "aUSD", "", "AUSDT", NULL, NULL, NULL);
UPDATE common_asset_details SET cryptocompare = 'CENNZ' WHERE identifier = 'eip155:1/erc20:0x1122B6a0E00DCe0563082b6e2953f3A943855c1F';
INSERT INTO assets(identifier, name, type) VALUES("eip155:1/erc20:0x1122B6a0E00DCe0563082b6e2953f3A943855c1F", "Centrality", "C"); INSERT INTO evm_tokens(identifier, token_kind, chain, address, decimals, protocol) VALUES("eip155:1/erc20:0x1122B6a0E00DCe0563082b6e2953f3A943855c1F", "A", 1, "0x1122B6a0E00DCe0563082b6e2953f3A943855c1F", 18, ""); INSERT INTO common_asset_details(identifier, symbol, coingecko, cryptocompare, forked, started, swapped_for) VALUES("eip155:1/erc20:0x1122B6a0E00DCe0563082b6e2953f3A943855c1F", "CENNZ", "centrality", "CENNZ", NULL, 1515492070, NULL);
UPDATE common_asset_details SET cryptocompare = 'BOBT' WHERE identifier = 'eip155:1/erc20:0x7D8146cf21e8D7cbe46054e01588207b51198729';
INSERT INTO assets(identifier, name, type) VALUES("eip155:1/erc20:0x7D8146cf21e8D7cbe46054e01588207b51198729", "BOB", "C"); INSERT INTO evm_tokens(identifier, token_kind, chain, address, decimals, protocol) VALUES("eip155:1/erc20:0x7D8146cf21e8D7cbe46054e01588207b51198729", "A", 1, "0x7D8146cf21e8D7cbe46054e01588207b51198729", 18, ""); INSERT INTO common_asset_details(identifier, symbol, coingecko, cryptocompare, forked, started, swapped_for) VALUES("eip155:1/erc20:0x7D8146cf21e8D7cbe46054e01588207b51198729", "BOB", "bob-token", "BOBT", NULL, 1681938743, NULL);
UPDATE common_asset_details SET cryptocompare = 'SUR' WHERE identifier = 'eip155:1/erc20:0xe120c1ECBfdFeA7F0A8f0Ee30063491E8c26fedf';
INSERT INTO assets(identifier, name, type) VALUES("eip155:1/erc20:0xe120c1ECBfdFeA7F0A8f0Ee30063491E8c26fedf", "Suretly", "C"); INSERT INTO evm_tokens(identifier, token_kind, chain, address, decimals, protocol) VALUES("eip155:1/erc20:0xe120c1ECBfdFeA7F0A8f0Ee30063491E8c26fedf", "A", 1, "0xe120c1ECBfdFeA7F0A8f0Ee30063491E8c26fedf", 8, ""); INSERT INTO common_asset_details(identifier, symbol, coingecko, cryptocompare, forked, started, swapped_for) VALUES("eip155:1/erc20:0xe120c1ECBfdFeA7F0A8f0Ee30063491E8c26fedf", "SUR", "suretly", "SUR", NULL, 1492646400, NULL);
UPDATE common_asset_details SET cryptocompare = 'OAX' WHERE identifier = 'eip155:1/erc20:0x701C244b988a513c945973dEFA05de933b23Fe1D';
INSERT INTO assets(identifier, name, type) VALUES("eip155:1/erc20:0x701C244b988a513c945973dEFA05de933b23Fe1D", "OpenANX", "C"); INSERT INTO evm_tokens(identifier, token_kind, chain, address, decimals, protocol) VALUES("eip155:1/erc20:0x701C244b988a513c945973dEFA05de933b23Fe1D", "A", 1, "0x701C244b988a513c945973dEFA05de933b23Fe1D", 18, ""); INSERT INTO common_asset_details(identifier, symbol, coingecko, cryptocompare, forked, started, swapped_for) VALUES("eip155:1/erc20:0x701C244b988a513c945973dEFA05de933b23Fe1D", "OAX", "openanx", "OAX", NULL, 1496275200, NULL);
UPDATE common_asset_details SET cryptocompare = 'KEX' WHERE identifier = 'eip155:1/erc20:0x16980b3B4a3f9D89E33311B5aa8f80303E5ca4F8';
INSERT INTO assets(identifier, name, type) VALUES("eip155:1/erc20:0x16980b3B4a3f9D89E33311B5aa8f80303E5ca4F8", "KIRA Network", "C"); INSERT INTO evm_tokens(identifier, token_kind, chain, address, decimals, protocol) VALUES("eip155:1/erc20:0x16980b3B4a3f9D89E33311B5aa8f80303E5ca4F8", "A", 1, "0x16980b3B4a3f9D89E33311B5aa8f80303E5ca4F8", 6, ""); INSERT INTO common_asset_details(identifier, symbol, coingecko, cryptocompare, forked, started, swapped_for) VALUES("eip155:1/erc20:0x16980b3B4a3f9D89E33311B5aa8f80303E5ca4F8", "KEX", "kira-network", "KEX", NULL, 1602882753, NULL);
UPDATE common_asset_details SET cryptocompare = 'FLIXX' WHERE identifier = 'eip155:1/erc20:0xf04a8ac553FceDB5BA99A64799155826C136b0Be';
INSERT INTO assets(identifier, name, type) VALUES("eip155:1/erc20:0xf04a8ac553FceDB5BA99A64799155826C136b0Be", "Flixxo", "C"); INSERT INTO evm_tokens(identifier, token_kind, chain, address, decimals, protocol) VALUES("eip155:1/erc20:0xf04a8ac553FceDB5BA99A64799155826C136b0Be", "A", 1, "0xf04a8ac553FceDB5BA99A64799155826C136b0Be", 18, ""); INSERT INTO common_asset_details(identifier, symbol, coingecko, cryptocompare, forked, started, swapped_for) VALUES("eip155:1/erc20:0xf04a8ac553FceDB5BA99A64799155826C136b0Be", "FLIXX", "flixxo", "FLIXX", NULL, 1505088000, NULL);
UPDATE common_asset_details SET cryptocompare = 'TRCT' WHERE identifier = 'eip155:1/erc20:0x30ceCB5461A449A90081F5a5F55db4e048397BAB';
INSERT INTO assets(identifier, name, type) VALUES("eip155:1/erc20:0x30ceCB5461A449A90081F5a5F55db4e048397BAB", "Tracto", "C"); INSERT INTO evm_tokens(identifier, token_kind, chain, address, decimals, protocol) VALUES("eip155:1/erc20:0x30ceCB5461A449A90081F5a5F55db4e048397BAB", "A", 1, "0x30ceCB5461A449A90081F5a5F55db4e048397BAB", 8, ""); INSERT INTO common_asset_details(identifier, symbol, coingecko, cryptocompare, forked, started, swapped_for) VALUES("eip155:1/erc20:0x30ceCB5461A449A90081F5a5F55db4e048397BAB", "TRCT", "", "TRCT", NULL, 1505235335, NULL);
UPDATE common_asset_details SET cryptocompare = 'DRPU' WHERE identifier = 'eip155:1/erc20:0xe30e02f049957e2A5907589e06Ba646fB2c321bA';
INSERT INTO assets(identifier, name, type) VALUES("eip155:1/erc20:0xe30e02f049957e2A5907589e06Ba646fB2c321bA", "DCORP Utility", "C"); INSERT INTO evm_tokens(identifier, token_kind, chain, address, decimals, protocol) VALUES("eip155:1/erc20:0xe30e02f049957e2A5907589e06Ba646fB2c321bA", "A", 1, "0xe30e02f049957e2A5907589e06Ba646fB2c321bA", 8, ""); INSERT INTO common_asset_details(identifier, symbol, coingecko, cryptocompare, forked, started, swapped_for) VALUES("eip155:1/erc20:0xe30e02f049957e2A5907589e06Ba646fB2c321bA", "DRPU", "", "DRPU", NULL, 1509532630, NULL);
UPDATE common_asset_details SET cryptocompare = 'SWAP' WHERE identifier = 'eip155:1/erc20:0xCC4304A31d09258b0029eA7FE63d032f52e44EFe';
INSERT INTO assets(identifier, name, type) VALUES("eip155:1/erc20:0xCC4304A31d09258b0029eA7FE63d032f52e44EFe", "TrustSwap", "C"); INSERT INTO evm_tokens(identifier, token_kind, chain, address, decimals, protocol) VALUES("eip155:1/erc20:0xCC4304A31d09258b0029eA7FE63d032f52e44EFe", "A", 1, "0xCC4304A31d09258b0029eA7FE63d032f52e44EFe", 18, ""); INSERT INTO common_asset_details(identifier, symbol, coingecko, cryptocompare, forked, started, swapped_for) VALUES("eip155:1/erc20:0xCC4304A31d09258b0029eA7FE63d032f52e44EFe", "SWAP", "trustswap", "SWAP", NULL, 1594294602, NULL);
UPDATE common_asset_details SET cryptocompare = 'CDCETH' WHERE identifier = 'eip155:1/erc20:0xfe18aE03741a5b84e39C295Ac9C856eD7991C38e';
INSERT INTO assets(identifier, name, type) VALUES("eip155:1/erc20:0xfe18aE03741a5b84e39C295Ac9C856eD7991C38e", "Crypto.com Wrapped Staked ETH", "C"); INSERT INTO evm_tokens(identifier, token_kind, chain, address, decimals, protocol) VALUES("eip155:1/erc20:0xfe18aE03741a5b84e39C295Ac9C856eD7991C38e", "A", 1, "0xfe18aE03741a5b84e39C295Ac9C856eD7991C38e", 18, "spam"); INSERT INTO common_asset_details(identifier, symbol, coingecko, cryptocompare, forked, started, swapped_for) VALUES("eip155:1/erc20:0xfe18aE03741a5b84e39C295Ac9C856eD7991C38e", "CDCETH", "", "CDCETH", NULL, NULL, NULL);
UPDATE common_asset_details SET cryptocompare = 'REM' WHERE identifier = 'eip155:1/erc20:0x83984d6142934bb535793A82ADB0a46EF0F66B6d';
INSERT INTO assets(identifier, name, type) VALUES("eip155:1/erc20:0x83984d6142934bb535793A82ADB0a46EF0F66B6d", "Remme", "C"); INSERT INTO evm_tokens(identifier, token_kind, chain, address, decimals, protocol) VALUES("eip155:1/erc20:0x83984d6142934bb535793A82ADB0a46EF0F66B6d", "A", 1, "0x83984d6142934bb535793A82ADB0a46EF0F66B6d", 4, ""); INSERT INTO common_asset_details(identifier, symbol, coingecko, cryptocompare, forked, started, swapped_for) VALUES("eip155:1/erc20:0x83984d6142934bb535793A82ADB0a46EF0F66B6d", "REM", "remme", "REM", NULL, 1512145159, NULL);
UPDATE common_asset_details SET cryptocompare = 'IDEA' WHERE identifier = 'eip155:1/erc20:0x5d3a4F62124498092Ce665f865E0b38fF6F5FbEa';
INSERT INTO assets(identifier, name, type) VALUES("eip155:1/erc20:0x5d3a4F62124498092Ce665f865E0b38fF6F5FbEa", "IDEAOLOGY", "C"); INSERT INTO evm_tokens(identifier, token_kind, chain, address, decimals, protocol) VALUES("eip155:1/erc20:0x5d3a4F62124498092Ce665f865E0b38fF6F5FbEa", "A", 1, "0x5d3a4F62124498092Ce665f865E0b38fF6F5FbEa", 18, ""); INSERT INTO common_asset_details(identifier, symbol, coingecko, cryptocompare, forked, started, swapped_for) VALUES("eip155:1/erc20:0x5d3a4F62124498092Ce665f865E0b38fF6F5FbEa", "IDEA", "ideaology", "IDEA", NULL, 1601532735, NULL);
UPDATE common_asset_details SET cryptocompare = 'DX' WHERE identifier = 'eip155:1/erc20:0x973e52691176d36453868D9d86572788d27041A9';
INSERT INTO assets(identifier, name, type) VALUES("eip155:1/erc20:0x973e52691176d36453868D9d86572788d27041A9", "DXChain Token", "C"); INSERT INTO evm_tokens(identifier, token_kind, chain, address, decimals, protocol) VALUES("eip155:1/erc20:0x973e52691176d36453868D9d86572788d27041A9", "A", 1, "0x973e52691176d36453868D9d86572788d27041A9", 18, ""); INSERT INTO common_asset_details(identifier, symbol, coingecko, cryptocompare, forked, started, swapped_for) VALUES("eip155:1/erc20:0x973e52691176d36453868D9d86572788d27041A9", "DX", "dxchain", "DX", NULL, 1530942568, NULL);
UPDATE common_asset_details SET cryptocompare = 'VITA' WHERE identifier = 'eip155:1/erc20:0x81f8f0bb1cB2A06649E51913A151F0E7Ef6FA321';
INSERT INTO assets(identifier, name, type) VALUES("eip155:1/erc20:0x81f8f0bb1cB2A06649E51913A151F0E7Ef6FA321", "VitaDAO Token", "C"); INSERT INTO evm_tokens(identifier, token_kind, chain, address, decimals, protocol) VALUES("eip155:1/erc20:0x81f8f0bb1cB2A06649E51913A151F0E7Ef6FA321", "A", 1, "0x81f8f0bb1cB2A06649E51913A151F0E7Ef6FA321", 18, ""); INSERT INTO common_asset_details(identifier, symbol, coingecko, cryptocompare, forked, started, swapped_for) VALUES("eip155:1/erc20:0x81f8f0bb1cB2A06649E51913A151F0E7Ef6FA321", "VITA", "vitadao", "VITA", NULL, 1623977434, NULL);
UPDATE common_asset_details SET cryptocompare = 'LTC' WHERE identifier = 'LTC';
INSERT INTO assets(identifier, name, type) VALUES("LTC", "Litecoin", "B"); INSERT INTO common_asset_details(identifier, symbol, coingecko, cryptocompare, forked, started, swapped_for) VALUES("LTC", "LTC", "litecoin", "LTC", NULL, 1317972665, NULL);
UPDATE common_asset_details SET cryptocompare = 'SWFTC' WHERE identifier = 'eip155:1/erc20:0x0bb217E40F8a5Cb79Adf04E1aAb60E5abd0dfC1e';
INSERT INTO assets(identifier, name, type) VALUES("eip155:1/erc20:0x0bb217E40F8a5Cb79Adf04E1aAb60E5abd0dfC1e", "SwftCoin", "C"); INSERT INTO evm_tokens(identifier, token_kind, chain, address, decimals, protocol) VALUES("eip155:1/erc20:0x0bb217E40F8a5Cb79Adf04E1aAb60E5abd0dfC1e", "A", 1, "0x0bb217E40F8a5Cb79Adf04E1aAb60E5abd0dfC1e", 8, ""); INSERT INTO common_asset_details(identifier, symbol, coingecko, cryptocompare, forked, started, swapped_for) VALUES("eip155:1/erc20:0x0bb217E40F8a5Cb79Adf04E1aAb60E5abd0dfC1e", "SWFTC", "swftcoin", "SWFTC", NULL, 1501903127, NULL);
UPDATE common_asset_details SET cryptocompare = 'AKRO' WHERE identifier = 'eip155:1/erc20:0x8Ab7404063Ec4DBcfd4598215992DC3F8EC853d7';
INSERT INTO assets(identifier, name, type) VALUES("eip155:1/erc20:0x8Ab7404063Ec4DBcfd4598215992DC3F8EC853d7", "Akropolis", "C"); INSERT INTO evm_tokens(identifier, token_kind, chain, address, decimals, protocol) VALUES("eip155:1/erc20:0x8Ab7404063Ec4DBcfd4598215992DC3F8EC853d7", "A", 1, "0x8Ab7404063Ec4DBcfd4598215992DC3F8EC853d7", 18, ""); INSERT INTO common_asset_details(identifier, symbol, coingecko, cryptocompare, forked, started, swapped_for) VALUES("eip155:1/erc20:0x8Ab7404063Ec4DBcfd4598215992DC3F8EC853d7", "AKRO", "akropolis", "AKRO", NULL, 1562371200, NULL);
UPDATE common_asset_details SET cryptocompare = 'EVE' WHERE identifier = 'eip155:1/erc20:0x923108a439C4e8C2315c4f6521E5cE95B44e9B4c';
INSERT INTO assets(identifier, name, type) VALUES("eip155:1/erc20:0x923108a439C4e8C2315c4f6521E5cE95B44e9B4c", "Devery", "C"); INSERT INTO evm_tokens(identifier, token_kind, chain, address, decimals, protocol) VALUES("eip155:1/erc20:0x923108a439C4e8C2315c4f6521E5cE95B44e9B4c", "A", 1, "0x923108a439C4e8C2315c4f6521E5cE95B44e9B4c", 18, ""); INSERT INTO common_asset_details(identifier, symbol, coingecko, cryptocompare, forked, started, swapped_for) VALUES("eip155:1/erc20:0x923108a439C4e8C2315c4f6521E5cE95B44e9B4c", "EVE", "devery", "EVE", NULL, 1507334400, NULL);
UPDATE common_asset_details SET cryptocompare = 'NEC' WHERE identifier = 'eip155:1/erc20:0xCc80C051057B774cD75067Dc48f8987C4Eb97A5e';
INSERT INTO assets(identifier, name, type) VALUES("eip155:1/erc20:0xCc80C051057B774cD75067Dc48f8987C4Eb97A5e", "Ethfinex Nectar Token", "C"); INSERT INTO evm_tokens(identifier, token_kind, chain, address, decimals, protocol) VALUES("eip155:1/erc20:0xCc80C051057B774cD75067Dc48f8987C4Eb97A5e", "A", 1, "0xCc80C051057B774cD75067Dc48f8987C4Eb97A5e", 18, ""); INSERT INTO common_asset_details(identifier, symbol, coingecko, cryptocompare, forked, started, swapped_for) VALUES("eip155:1/erc20:0xCc80C051057B774cD75067Dc48f8987C4Eb97A5e", "NEC", "nectar-token", "NEC", NULL, 1512086400, NULL);
UPDATE common_asset_details SET cryptocompare = 'TURBOT' WHERE identifier = 'eip155:1/erc20:0xA35923162C49cF95e6BF26623385eb431ad920D3';
INSERT INTO assets(identifier, name, type) VALUES("eip155:1/erc20:0xA35923162C49cF95e6BF26623385eb431ad920D3", "Turbo", "C"); INSERT INTO evm_tokens(identifier, token_kind, chain, address, decimals, protocol) VALUES("eip155:1/erc20:0xA35923162C49cF95e6BF26623385eb431ad920D3", "A", 1, "0xA35923162C49cF95e6BF26623385eb431ad920D3", 18, ""); INSERT INTO common_asset_details(identifier, symbol, coingecko, cryptocompare, forked, started, swapped_for) VALUES("eip155:1/erc20:0xA35923162C49cF95e6BF26623385eb431ad920D3", "TURBO", "turbo", "TURBOT", NULL, NULL, NULL);
UPDATE common_asset_details SET cryptocompare = 'TKN' WHERE identifier = 'eip155:1/erc20:0xaAAf91D9b90dF800Df4F55c205fd6989c977E73a';
INSERT INTO assets(identifier, name, type) VALUES("eip155:1/erc20:0xaAAf91D9b90dF800Df4F55c205fd6989c977E73a", "TokenCard", "C"); INSERT INTO evm_tokens(identifier, token_kind, chain, address, decimals, protocol) VALUES("eip155:1/erc20:0xaAAf91D9b90dF800Df4F55c205fd6989c977E73a", "A", 1, "0xaAAf91D9b90dF800Df4F55c205fd6989c977E73a", 8, ""); INSERT INTO common_asset_details(identifier, symbol, coingecko, cryptocompare, forked, started, swapped_for) VALUES("eip155:1/erc20:0xaAAf91D9b90dF800Df4F55c205fd6989c977E73a", "TKN", "tokencard", "TKN", NULL, 1493683200, NULL);
UPDATE common_asset_details SET cryptocompare = 'ADH' WHERE identifier = 'eip155:1/erc20:0xE69a353b3152Dd7b706ff7dD40fe1d18b7802d31';
INSERT INTO assets(identifier, name, type) VALUES("eip155:1/erc20:0xE69a353b3152Dd7b706ff7dD40fe1d18b7802d31", "AdHive", "C"); INSERT INTO evm_tokens(identifier, token_kind, chain, address, decimals, protocol) VALUES("eip155:1/erc20:0xE69a353b3152Dd7b706ff7dD40fe1d18b7802d31", "A", 1, "0xE69a353b3152Dd7b706ff7dD40fe1d18b7802d31", 18, ""); INSERT INTO common_asset_details(identifier, symbol, coingecko, cryptocompare, forked, started, swapped_for) VALUES("eip155:1/erc20:0xE69a353b3152Dd7b706ff7dD40fe1d18b7802d31", "ADH", "adhive", "ADH", NULL, 1515456000, NULL);
UPDATE common_asset_details SET cryptocompare = 'DNT' WHERE identifier = 'eip155:1/erc20:0x0AbdAce70D3790235af448C88547603b945604ea';
INSERT INTO assets(identifier, name, type) VALUES("eip155:1/erc20:0x0AbdAce70D3790235af448C88547603b945604ea", "district0x", "C"); INSERT INTO evm_tokens(identifier, token_kind, chain, address, decimals, protocol) VALUES("eip155:1/erc20:0x0AbdAce70D3790235af448C88547603b945604ea", "A", 1, "0x0AbdAce70D3790235af448C88547603b945604ea", 18, ""); INSERT INTO common_asset_details(identifier, symbol, coingecko, cryptocompare, forked, started, swapped_for) VALUES("eip155:1/erc20:0x0AbdAce70D3790235af448C88547603b945604ea", "DNT", "district0x", "DNT", NULL, 1501798507, NULL);
UPDATE common_asset_details SET cryptocompare = 'RFR' WHERE identifier = 'eip155:1/erc20:0xd0929d411954c47438dc1d871dd6081F5C5e149c';
INSERT INTO assets(identifier, name, type) VALUES("eip155:1/erc20:0xd0929d411954c47438dc1d871dd6081F5C5e149c", "Refereum", "C"); INSERT INTO evm_tokens(identifier, token_kind, chain, address, decimals, protocol) VALUES("eip155:1/erc20:0xd0929d411954c47438dc1d871dd6081F5C5e149c", "A", 1, "0xd0929d411954c47438dc1d871dd6081F5C5e149c", 4, ""); INSERT INTO common_asset_details(identifier, symbol, coingecko, cryptocompare, forked, started, swapped_for) VALUES("eip155:1/erc20:0xd0929d411954c47438dc1d871dd6081F5C5e149c", "RFR", "refereum", "RFR", NULL, 1506297600, NULL);
UPDATE common_asset_details SET cryptocompare = 'SYLO' WHERE identifier = 'eip155:1/erc20:0xf293d23BF2CDc05411Ca0edDD588eb1977e8dcd4';
INSERT INTO assets(identifier, name, type) VALUES("eip155:1/erc20:0xf293d23BF2CDc05411Ca0edDD588eb1977e8dcd4", "Sylo", "C"); INSERT INTO evm_tokens(identifier, token_kind, chain, address, decimals, protocol) VALUES("eip155:1/erc20:0xf293d23BF2CDc05411Ca0edDD588eb1977e8dcd4", "A", 1, "0xf293d23BF2CDc05411Ca0edDD588eb1977e8dcd4", 18, ""); INSERT INTO common_asset_details(identifier, symbol, coingecko, cryptocompare, forked, started, swapped_for) VALUES("eip155:1/erc20:0xf293d23BF2CDc05411Ca0edDD588eb1977e8dcd4", "SYLO", "sylo", "SYLO", NULL, 1525229188, NULL);
UPDATE common_asset_details SET cryptocompare = 'XEN' WHERE identifier = 'eip155:1/erc20:0x06450dEe7FD2Fb8E39061434BAbCFC05599a6Fb8';
INSERT INTO assets(identifier, name, type) VALUES("eip155:1/erc20:0x06450dEe7FD2Fb8E39061434BAbCFC05599a6Fb8", "XEN Crypto", "C"); INSERT INTO evm_tokens(identifier, token_kind, chain, address, decimals, protocol) VALUES("eip155:1/erc20:0x06450dEe7FD2Fb8E39061434BAbCFC05599a6Fb8", "A", 1, "0x06450dEe7FD2Fb8E39061434BAbCFC05599a6Fb8", 18, ""); INSERT INTO common_asset_details(identifier, symbol, coingecko, cryptocompare, forked, started, swapped_for) VALUES("eip155:1/erc20:0x06450dEe7FD2Fb8E39061434BAbCFC05599a6Fb8", "XEN", "xen-crypto", "XEN", NULL, 1665250163, NULL);
UPDATE common_asset_details SET cryptocompare = 'VBNT' WHERE identifier = 'eip155:1/erc20:0x48Fb253446873234F2fEBbF9BdeAA72d9d387f94';
INSERT INTO assets(identifier, name, type) VALUES("eip155:1/erc20:0x48Fb253446873234F2fEBbF9BdeAA72d9d387f94", "Bancor Governance Token", "C"); INSERT INTO evm_tokens(identifier, token_kind, chain, address, decimals, protocol) VALUES("eip155:1/erc20:0x48Fb253446873234F2fEBbF9BdeAA72d9d387f94", "A", 1, "0x48Fb253446873234F2fEBbF9BdeAA72d9d387f94", 18, ""); INSERT INTO common_asset_details(identifier, symbol, coingecko, cryptocompare, forked, started, swapped_for) VALUES("eip155:1/erc20:0x48Fb253446873234F2fEBbF9BdeAA72d9d387f94", "vBNT", "bancor-governance-token", "VBNT", NULL, 1602490567, NULL);
UPDATE common_asset_details SET cryptocompare = 'APP' WHERE identifier = 'eip155:1/erc20:0xC5d27F27F08D1FD1E3EbBAa50b3442e6c0D50439';
INSERT INTO assets(identifier, name, type) VALUES("eip155:1/erc20:0xC5d27F27F08D1FD1E3EbBAa50b3442e6c0D50439", "Moon App", "C"); INSERT INTO evm_tokens(identifier, token_kind, chain, address, decimals, protocol) VALUES("eip155:1/erc20:0xC5d27F27F08D1FD1E3EbBAa50b3442e6c0D50439", "A", 1, "0xC5d27F27F08D1FD1E3EbBAa50b3442e6c0D50439", 18, ""); INSERT INTO common_asset_details(identifier, symbol, coingecko, cryptocompare, forked, started, swapped_for) VALUES("eip155:1/erc20:0xC5d27F27F08D1FD1E3EbBAa50b3442e6c0D50439", "APP", "moon-app", "APP", NULL, 1696941791, NULL);
UPDATE common_asset_details SET cryptocompare = 'FSNV1' WHERE identifier = 'eip155:1/erc20:0xD0352a019e9AB9d757776F532377aAEbd36Fd541';
INSERT INTO assets(identifier, name, type) VALUES("eip155:1/erc20:0xD0352a019e9AB9d757776F532377aAEbd36Fd541", "Fusion", "C"); INSERT INTO evm_tokens(identifier, token_kind, chain, address, decimals, protocol) VALUES("eip155:1/erc20:0xD0352a019e9AB9d757776F532377aAEbd36Fd541", "A", 1, "0xD0352a019e9AB9d757776F532377aAEbd36Fd541", 18, ""); INSERT INTO common_asset_details(identifier, symbol, coingecko, cryptocompare, forked, started, swapped_for) VALUES("eip155:1/erc20:0xD0352a019e9AB9d757776F532377aAEbd36Fd541", "FSN", "fsn", "FSNV1", NULL, 1516406400, NULL);
UPDATE common_asset_details SET cryptocompare = 'MDA' WHERE identifier = 'eip155:1/erc20:0x51DB5Ad35C671a87207d88fC11d593AC0C8415bd';
INSERT INTO assets(identifier, name, type) VALUES("eip155:1/erc20:0x51DB5Ad35C671a87207d88fC11d593AC0C8415bd", "Moeda Loyalty Points", "C"); INSERT INTO evm_tokens(identifier, token_kind, chain, address, decimals, protocol) VALUES("eip155:1/erc20:0x51DB5Ad35C671a87207d88fC11d593AC0C8415bd", "A", 1, "0x51DB5Ad35C671a87207d88fC11d593AC0C8415bd", 18, ""); INSERT INTO common_asset_details(identifier, symbol, coingecko, cryptocompare, forked, started, swapped_for) VALUES("eip155:1/erc20:0x51DB5Ad35C671a87207d88fC11d593AC0C8415bd", "MDA", "moeda-loyalty-points", "MDA", NULL, 1500249600, NULL);
UPDATE common_asset_details SET cryptocompare = 'CACHEGOLD' WHERE identifier = 'eip155:1/erc20:0xF5238462E7235c7B62811567E63Dd17d12C2EAA0';
INSERT INTO assets(identifier, name, type) VALUES("eip155:1/erc20:0xF5238462E7235c7B62811567E63Dd17d12C2EAA0", "CACHE Gold", "C"); INSERT INTO evm_tokens(identifier, token_kind, chain, address, decimals, protocol) VALUES("eip155:1/erc20:0xF5238462E7235c7B62811567E63Dd17d12C2EAA0", "A", 1, "0xF5238462E7235c7B62811567E63Dd17d12C2EAA0", 8, ""); INSERT INTO common_asset_details(identifier, symbol, coingecko, cryptocompare, forked, started, swapped_for) VALUES("eip155:1/erc20:0xF5238462E7235c7B62811567E63Dd17d12C2EAA0", "CGT", "cache-gold", "CACHEGOLD", NULL, 1581937395, NULL);
UPDATE common_asset_details SET cryptocompare = 'MMAON' WHERE identifier = 'eip155:1/erc20:0x8315472Bae77F9a2B856A67Eb0796480AafCd51c';
INSERT INTO assets(identifier, name, type) VALUES("eip155:1/erc20:0x8315472Bae77F9a2B856A67Eb0796480AafCd51c", "MMAON", "C"); INSERT INTO evm_tokens(identifier, token_kind, chain, address, decimals, protocol) VALUES("eip155:1/erc20:0x8315472Bae77F9a2B856A67Eb0796480AafCd51c", "A", 1, "0x8315472Bae77F9a2B856A67Eb0796480AafCd51c", 18, ""); INSERT INTO common_asset_details(identifier, symbol, coingecko, cryptocompare, forked, started, swapped_for) VALUES("eip155:1/erc20:0x8315472Bae77F9a2B856A67Eb0796480AafCd51c", "MMAON", "mmaon", "MMAON", NULL, 1613533892, NULL);
UPDATE common_asset_details SET cryptocompare = 'NCT' WHERE identifier = 'eip155:1/erc20:0x9E46A38F5DaaBe8683E10793b06749EEF7D733d1';
INSERT INTO assets(identifier, name, type) VALUES("eip155:1/erc20:0x9E46A38F5DaaBe8683E10793b06749EEF7D733d1", "PolySwarm", "C"); INSERT INTO evm_tokens(identifier, token_kind, chain, address, decimals, protocol) VALUES("eip155:1/erc20:0x9E46A38F5DaaBe8683E10793b06749EEF7D733d1", "A", 1, "0x9E46A38F5DaaBe8683E10793b06749EEF7D733d1", 18, ""); INSERT INTO common_asset_details(identifier, symbol, coingecko, cryptocompare, forked, started, swapped_for) VALUES("eip155:1/erc20:0x9E46A38F5DaaBe8683E10793b06749EEF7D733d1", "NCT", "polyswarm", "NCT", NULL, 1519046836, NULL);
UPDATE common_asset_details SET cryptocompare = 'OCN' WHERE identifier = 'eip155:1/erc20:0x4092678e4E78230F46A1534C0fbc8fA39780892B';
INSERT INTO assets(identifier, name, type) VALUES("eip155:1/erc20:0x4092678e4E78230F46A1534C0fbc8fA39780892B", "Odyssey", "C"); INSERT INTO evm_tokens(identifier, token_kind, chain, address, decimals, protocol) VALUES("eip155:1/erc20:0x4092678e4E78230F46A1534C0fbc8fA39780892B", "A", 1, "0x4092678e4E78230F46A1534C0fbc8fA39780892B", 18, ""); INSERT INTO common_asset_details(identifier, symbol, coingecko, cryptocompare, forked, started, swapped_for) VALUES("eip155:1/erc20:0x4092678e4E78230F46A1534C0fbc8fA39780892B", "OCN", "odyssey", "OCN", NULL, 1515974400, NULL);
UPDATE common_asset_details SET cryptocompare = 'CEL' WHERE identifier = 'eip155:1/erc20:0xaaAEBE6Fe48E54f431b0C390CfaF0b017d09D42d';
INSERT INTO assets(identifier, name, type) VALUES("eip155:1/erc20:0xaaAEBE6Fe48E54f431b0C390CfaF0b017d09D42d", "Celsius", "C"); INSERT INTO evm_tokens(identifier, token_kind, chain, address, decimals, protocol) VALUES("eip155:1/erc20:0xaaAEBE6Fe48E54f431b0C390CfaF0b017d09D42d", "A", 1, "0xaaAEBE6Fe48E54f431b0C390CfaF0b017d09D42d", 4, ""); INSERT INTO common_asset_details(identifier, symbol, coingecko, cryptocompare, forked, started, swapped_for) VALUES("eip155:1/erc20:0xaaAEBE6Fe48E54f431b0C390CfaF0b017d09D42d", "CEL", "celsius-degree-token", "CEL", NULL, 1554810016, NULL);
UPDATE common_asset_details SET cryptocompare = 'BTCST' WHERE identifier = 'eip155:56/erc20:0x78650B139471520656b9E7aA7A5e9276814a38e9';
INSERT INTO assets(identifier, name, type) VALUES("eip155:56/erc20:0x78650B139471520656b9E7aA7A5e9276814a38e9", "StandardBTCHashrateToken", "C"); INSERT INTO evm_tokens(identifier, token_kind, chain, address, decimals, protocol) VALUES("eip155:56/erc20:0x78650B139471520656b9E7aA7A5e9276814a38e9", "A", 56, "0x78650B139471520656b9E7aA7A5e9276814a38e9", 17, ""); INSERT INTO common_asset_details(identifier, symbol, coingecko, cryptocompare, forked, started, swapped_for) VALUES("eip155:56/erc20:0x78650B139471520656b9E7aA7A5e9276814a38e9", "BTCST", "btc-standard-hashrate-token", "BTCST", NULL, 1608698335, NULL);
UPDATE common_asset_details SET cryptocompare = 'CANYA' WHERE identifier = 'eip155:1/erc20:0x1d462414fe14cf489c7A21CaC78509f4bF8CD7c0';
INSERT INTO assets(identifier, name, type) VALUES("eip155:1/erc20:0x1d462414fe14cf489c7A21CaC78509f4bF8CD7c0", "CanYaCoin", "C"); INSERT INTO evm_tokens(identifier, token_kind, chain, address, decimals, protocol) VALUES("eip155:1/erc20:0x1d462414fe14cf489c7A21CaC78509f4bF8CD7c0", "A", 1, "0x1d462414fe14cf489c7A21CaC78509f4bF8CD7c0", 6, ""); INSERT INTO common_asset_details(identifier, symbol, coingecko, cryptocompare, forked, started, swapped_for) VALUES("eip155:1/erc20:0x1d462414fe14cf489c7A21CaC78509f4bF8CD7c0", "CAN", "canyacoin", "CANYA", NULL, 1506988800, NULL);
UPDATE common_asset_details SET cryptocompare = 'YFV' WHERE identifier = 'eip155:1/erc20:0x45f24BaEef268BB6d63AEe5129015d69702BCDfa';
INSERT INTO assets(identifier, name, type) VALUES("eip155:1/erc20:0x45f24BaEef268BB6d63AEe5129015d69702BCDfa", "YFValue", "C"); INSERT INTO evm_tokens(identifier, token_kind, chain, address, decimals, protocol) VALUES("eip155:1/erc20:0x45f24BaEef268BB6d63AEe5129015d69702BCDfa", "A", 1, "0x45f24BaEef268BB6d63AEe5129015d69702BCDfa", 18, ""); INSERT INTO common_asset_details(identifier, symbol, coingecko, cryptocompare, forked, started, swapped_for) VALUES("eip155:1/erc20:0x45f24BaEef268BB6d63AEe5129015d69702BCDfa", "YFV", "value-liquidity", "YFV", NULL, 1597602120, "eip155:1/erc20:0x49E833337ECe7aFE375e44F4E3e8481029218E5c");
UPDATE common_asset_details SET cryptocompare = 'HAT' WHERE identifier = 'eip155:1/erc20:0x9002D4485b7594e3E850F0a206713B305113f69e';
INSERT INTO assets(identifier, name, type) VALUES("eip155:1/erc20:0x9002D4485b7594e3E850F0a206713B305113f69e", "Hat.Exchange", "C"); INSERT INTO evm_tokens(identifier, token_kind, chain, address, decimals, protocol) VALUES("eip155:1/erc20:0x9002D4485b7594e3E850F0a206713B305113f69e", "A", 1, "0x9002D4485b7594e3E850F0a206713B305113f69e", 18, ""); INSERT INTO common_asset_details(identifier, symbol, coingecko, cryptocompare, forked, started, swapped_for) VALUES("eip155:1/erc20:0x9002D4485b7594e3E850F0a206713B305113f69e", "HAT", "", "HAT", NULL, 1508284800, NULL);
UPDATE common_asset_details SET cryptocompare = 'XES' WHERE identifier = 'eip155:1/erc20:0xA017ac5faC5941f95010b12570B812C974469c2C';
INSERT INTO assets(identifier, name, type) VALUES("eip155:1/erc20:0xA017ac5faC5941f95010b12570B812C974469c2C", "Proxeus", "C"); INSERT INTO evm_tokens(identifier, token_kind, chain, address, decimals, protocol) VALUES("eip155:1/erc20:0xA017ac5faC5941f95010b12570B812C974469c2C", "A", 1, "0xA017ac5faC5941f95010b12570B812C974469c2C", 18, ""); INSERT INTO common_asset_details(identifier, symbol, coingecko, cryptocompare, forked, started, swapped_for) VALUES("eip155:1/erc20:0xA017ac5faC5941f95010b12570B812C974469c2C", "XES", "proxeus", "XES", NULL, 1516953727, NULL);
UPDATE common_asset_details SET cryptocompare = 'XRP' WHERE identifier = 'XRP';
INSERT INTO assets(identifier, name, type) VALUES("XRP", "Ripple", "B"); INSERT INTO common_asset_details(identifier, symbol, coingecko, cryptocompare, forked, started, swapped_for) VALUES("XRP", "XRP", "ripple", "XRP", NULL, 1364774400, NULL);
UPDATE common_asset_details SET cryptocompare = 'AUTON' WHERE identifier = 'eip155:1/erc20:0x5554e04e76533E1d14c52f05beEF6c9d329E1E30';
INSERT INTO assets(identifier, name, type) VALUES("eip155:1/erc20:0x5554e04e76533E1d14c52f05beEF6c9d329E1E30", "Autonio", "C"); INSERT INTO evm_tokens(identifier, token_kind, chain, address, decimals, protocol) VALUES("eip155:1/erc20:0x5554e04e76533E1d14c52f05beEF6c9d329E1E30", "A", 1, "0x5554e04e76533E1d14c52f05beEF6c9d329E1E30", 0, ""); INSERT INTO common_asset_details(identifier, symbol, coingecko, cryptocompare, forked, started, swapped_for) VALUES("eip155:1/erc20:0x5554e04e76533E1d14c52f05beEF6c9d329E1E30", "NIO", "nioshares", "AUTON", NULL, 1506816000, NULL);
UPDATE common_asset_details SET cryptocompare = 'SYNLEV' WHERE identifier = 'eip155:1/erc20:0x1695936d6a953df699C38CA21c2140d497C08BD9';
INSERT INTO assets(identifier, name, type) VALUES("eip155:1/erc20:0x1695936d6a953df699C38CA21c2140d497C08BD9", "SynLev", "C"); INSERT INTO evm_tokens(identifier, token_kind, chain, address, decimals, protocol) VALUES("eip155:1/erc20:0x1695936d6a953df699C38CA21c2140d497C08BD9", "A", 1, "0x1695936d6a953df699C38CA21c2140d497C08BD9", 18, ""); INSERT INTO common_asset_details(identifier, symbol, coingecko, cryptocompare, forked, started, swapped_for) VALUES("eip155:1/erc20:0x1695936d6a953df699C38CA21c2140d497C08BD9", "SYN", "synlev", "SYNLEV", NULL, 1597091217, NULL);
UPDATE common_asset_details SET cryptocompare = 'HIDOODLES' WHERE identifier = 'eip155:1/erc20:0x3700Adfd26d5bC062cB8b8a77e68fbd43F58eCAB';
INSERT INTO assets(identifier, name, type) VALUES("eip155:1/erc20:0x3700Adfd26d5bC062cB8b8a77e68fbd43F58eCAB", "hiDOODLES", "C"); INSERT INTO evm_tokens(identifier, token_kind, chain, address, decimals, protocol) VALUES("eip155:1/erc20:0x3700Adfd26d5bC062cB8b8a77e68fbd43F58eCAB", "A", 1, "0x3700Adfd26d5bC062cB8b8a77e68fbd43F58eCAB", 18, ""); INSERT INTO common_asset_details(identifier, symbol, coingecko, cryptocompare, forked, started, swapped_for) VALUES("eip155:1/erc20:0x3700Adfd26d5bC062cB8b8a77e68fbd43F58eCAB", "hiDOODLES", "hidoodles", "HIDOODLES", NULL, 1663515467, NULL);
UPDATE common_asset_details SET cryptocompare = 'CPEX' WHERE identifier = 'eip155:1/erc20:0xb787d4eAc8899730bb8C57fc3c998c49c5244ec0';
INSERT INTO assets(identifier, name, type) VALUES("eip155:1/erc20:0xb787d4eAc8899730bb8C57fc3c998c49c5244ec0", "CoinPulse Token", "C"); INSERT INTO evm_tokens(identifier, token_kind, chain, address, decimals, protocol) VALUES("eip155:1/erc20:0xb787d4eAc8899730bb8C57fc3c998c49c5244ec0", "A", 1, "0xb787d4eAc8899730bb8C57fc3c998c49c5244ec0", 8, ""); INSERT INTO common_asset_details(identifier, symbol, coingecko, cryptocompare, forked, started, swapped_for) VALUES("eip155:1/erc20:0xb787d4eAc8899730bb8C57fc3c998c49c5244ec0", "CPEX", "", "CPEX", NULL, 1521084334, NULL);
UPDATE common_asset_details SET cryptocompare = 'GSE' WHERE identifier = 'eip155:1/erc20:0xe530441f4f73bDB6DC2fA5aF7c3fC5fD551Ec838';
INSERT INTO assets(identifier, name, type) VALUES("eip155:1/erc20:0xe530441f4f73bDB6DC2fA5aF7c3fC5fD551Ec838", "GSENetwork", "C"); INSERT INTO evm_tokens(identifier, token_kind, chain, address, decimals, protocol) VALUES("eip155:1/erc20:0xe530441f4f73bDB6DC2fA5aF7c3fC5fD551Ec838", "A", 1, "0xe530441f4f73bDB6DC2fA5aF7c3fC5fD551Ec838", 4, ""); INSERT INTO common_asset_details(identifier, symbol, coingecko, cryptocompare, forked, started, swapped_for) VALUES("eip155:1/erc20:0xe530441f4f73bDB6DC2fA5aF7c3fC5fD551Ec838", "GSE", "gsenetwork", "GSE", NULL, 1528890581, NULL);
UPDATE common_asset_details SET cryptocompare = 'LYXE' WHERE identifier = 'eip155:1/erc20:0xA8b919680258d369114910511cc87595aec0be6D';
INSERT INTO assets(identifier, name, type) VALUES("eip155:1/erc20:0xA8b919680258d369114910511cc87595aec0be6D", "LUKSO", "C"); INSERT INTO evm_tokens(identifier, token_kind, chain, address, decimals, protocol) VALUES("eip155:1/erc20:0xA8b919680258d369114910511cc87595aec0be6D", "A", 1, "0xA8b919680258d369114910511cc87595aec0be6D", 18, ""); INSERT INTO common_asset_details(identifier, symbol, coingecko, cryptocompare, forked, started, swapped_for) VALUES("eip155:1/erc20:0xA8b919680258d369114910511cc87595aec0be6D", "LYXE", "lukso-token", "LYXE", NULL, 1589371378, NULL);
UPDATE common_asset_details SET cryptocompare = 'FLUZ' WHERE identifier = 'eip155:1/erc20:0x954b5De09A55e59755aCBda29e1Eb74A45D30175';
INSERT INTO assets(identifier, name, type) VALUES("eip155:1/erc20:0x954b5De09A55e59755aCBda29e1Eb74A45D30175", "Fluz Fluz", "C"); INSERT INTO evm_tokens(identifier, token_kind, chain, address, decimals, protocol) VALUES("eip155:1/erc20:0x954b5De09A55e59755aCBda29e1Eb74A45D30175", "A", 1, "0x954b5De09A55e59755aCBda29e1Eb74A45D30175", 18, ""); INSERT INTO common_asset_details(identifier, symbol, coingecko, cryptocompare, forked, started, swapped_for) VALUES("eip155:1/erc20:0x954b5De09A55e59755aCBda29e1Eb74A45D30175", "FLUZ", "fluzfluz", "FLUZ", NULL, 1510185600, NULL);
UPDATE common_asset_details SET cryptocompare = 'SXDT' WHERE identifier = 'eip155:1/erc20:0x12B306fA98F4CbB8d4457FdFf3a0A0a56f07cCdf';
INSERT INTO assets(identifier, name, type) VALUES("eip155:1/erc20:0x12B306fA98F4CbB8d4457FdFf3a0A0a56f07cCdf", "Spectre.ai Dividend Token", "C"); INSERT INTO evm_tokens(identifier, token_kind, chain, address, decimals, protocol) VALUES("eip155:1/erc20:0x12B306fA98F4CbB8d4457FdFf3a0A0a56f07cCdf", "A", 1, "0x12B306fA98F4CbB8d4457FdFf3a0A0a56f07cCdf", 18, ""); INSERT INTO common_asset_details(identifier, symbol, coingecko, cryptocompare, forked, started, swapped_for) VALUES("eip155:1/erc20:0x12B306fA98F4CbB8d4457FdFf3a0A0a56f07cCdf", "SXDT", "spectre-dividend-token", "SXDT", NULL, 1496361600, NULL);
UPDATE common_asset_details SET cryptocompare = 'FSW' WHERE identifier = 'eip155:1/erc20:0xfffffffFf15AbF397dA76f1dcc1A1604F45126DB';
INSERT INTO assets(identifier, name, type) VALUES("eip155:1/erc20:0xfffffffFf15AbF397dA76f1dcc1A1604F45126DB", "FalconSwap Token ", "C"); INSERT INTO evm_tokens(identifier, token_kind, chain, address, decimals, protocol) VALUES("eip155:1/erc20:0xfffffffFf15AbF397dA76f1dcc1A1604F45126DB", "A", 1, "0xfffffffFf15AbF397dA76f1dcc1A1604F45126DB", 18, ""); INSERT INTO common_asset_details(identifier, symbol, coingecko, cryptocompare, forked, started, swapped_for) VALUES("eip155:1/erc20:0xfffffffFf15AbF397dA76f1dcc1A1604F45126DB", "FSW", "fsw-token", "FSW", NULL, 1598220320, NULL);
UPDATE common_asset_details SET cryptocompare = 'CARTAXI' WHERE identifier = 'eip155:1/erc20:0x662aBcAd0b7f345AB7FfB1b1fbb9Df7894f18e66';
INSERT INTO assets(identifier, name, type) VALUES("eip155:1/erc20:0x662aBcAd0b7f345AB7FfB1b1fbb9Df7894f18e66", "CarTaxi Token", "C"); INSERT INTO evm_tokens(identifier, token_kind, chain, address, decimals, protocol) VALUES("eip155:1/erc20:0x662aBcAd0b7f345AB7FfB1b1fbb9Df7894f18e66", "A", 1, "0x662aBcAd0b7f345AB7FfB1b1fbb9Df7894f18e66", 18, ""); INSERT INTO common_asset_details(identifier, symbol, coingecko, cryptocompare, forked, started, swapped_for) VALUES("eip155:1/erc20:0x662aBcAd0b7f345AB7FfB1b1fbb9Df7894f18e66", "CTX", "", "CARTAXI", NULL, 1506211200, NULL);
UPDATE common_asset_details SET cryptocompare = 'HIFLUF' WHERE identifier = 'eip155:1/erc20:0x79C9e0410b6615e7Ba9DD69614B0519325a2B047';
INSERT INTO assets(identifier, name, type) VALUES("eip155:1/erc20:0x79C9e0410b6615e7Ba9DD69614B0519325a2B047", "hiFLUF", "C"); INSERT INTO evm_tokens(identifier, token_kind, chain, address, decimals, protocol) VALUES("eip155:1/erc20:0x79C9e0410b6615e7Ba9DD69614B0519325a2B047", "A", 1, "0x79C9e0410b6615e7Ba9DD69614B0519325a2B047", 18, ""); INSERT INTO common_asset_details(identifier, symbol, coingecko, cryptocompare, forked, started, swapped_for) VALUES("eip155:1/erc20:0x79C9e0410b6615e7Ba9DD69614B0519325a2B047", "hiFLUF", "hifluf", "HIFLUF", NULL, 1671780755, NULL);
UPDATE common_asset_details SET cryptocompare = 'ANKR' WHERE identifier = 'eip155:1/erc20:0x8290333ceF9e6D528dD5618Fb97a76f268f3EDD4';
INSERT INTO assets(identifier, name, type) VALUES("eip155:1/erc20:0x8290333ceF9e6D528dD5618Fb97a76f268f3EDD4", "Ankr Network", "C"); INSERT INTO evm_tokens(identifier, token_kind, chain, address, decimals, protocol) VALUES("eip155:1/erc20:0x8290333ceF9e6D528dD5618Fb97a76f268f3EDD4", "A", 1, "0x8290333ceF9e6D528dD5618Fb97a76f268f3EDD4", 18, ""); INSERT INTO common_asset_details(identifier, symbol, coingecko, cryptocompare, forked, started, swapped_for) VALUES("eip155:1/erc20:0x8290333ceF9e6D528dD5618Fb97a76f268f3EDD4", "ANKR", "ankr", "ANKR", NULL, 1550707200, NULL);
UPDATE common_asset_details SET cryptocompare = 'C20' WHERE identifier = 'eip155:1/erc20:0x26E75307Fc0C021472fEb8F727839531F112f317';
INSERT INTO assets(identifier, name, type) VALUES("eip155:1/erc20:0x26E75307Fc0C021472fEb8F727839531F112f317", "CRYPTO20", "C"); INSERT INTO evm_tokens(identifier, token_kind, chain, address, decimals, protocol) VALUES("eip155:1/erc20:0x26E75307Fc0C021472fEb8F727839531F112f317", "A", 1, "0x26E75307Fc0C021472fEb8F727839531F112f317", 18, ""); INSERT INTO common_asset_details(identifier, symbol, coingecko, cryptocompare, forked, started, swapped_for) VALUES("eip155:1/erc20:0x26E75307Fc0C021472fEb8F727839531F112f317", "C20", "crypto20", "C20", NULL, 1507932933, NULL);
UPDATE common_asset_details SET cryptocompare = 'CXO' WHERE identifier = 'eip155:1/erc20:0xb6EE9668771a79be7967ee29a63D4184F8097143';
INSERT INTO assets(identifier, name, type) VALUES("eip155:1/erc20:0xb6EE9668771a79be7967ee29a63D4184F8097143", "CargoX", "C"); INSERT INTO evm_tokens(identifier, token_kind, chain, address, decimals, protocol) VALUES("eip155:1/erc20:0xb6EE9668771a79be7967ee29a63D4184F8097143", "A", 1, "0xb6EE9668771a79be7967ee29a63D4184F8097143", 18, ""); INSERT INTO common_asset_details(identifier, symbol, coingecko, cryptocompare, forked, started, swapped_for) VALUES("eip155:1/erc20:0xb6EE9668771a79be7967ee29a63D4184F8097143", "CXO", "cargox", "CXO", NULL, 1513728000, NULL);
UPDATE common_asset_details SET cryptocompare = 'ZAP' WHERE identifier = 'eip155:1/erc20:0x6781a0F84c7E9e846DCb84A9a5bd49333067b104';
INSERT INTO assets(identifier, name, type) VALUES("eip155:1/erc20:0x6781a0F84c7E9e846DCb84A9a5bd49333067b104", "Zap", "C"); INSERT INTO evm_tokens(identifier, token_kind, chain, address, decimals, protocol) VALUES("eip155:1/erc20:0x6781a0F84c7E9e846DCb84A9a5bd49333067b104", "A", 1, "0x6781a0F84c7E9e846DCb84A9a5bd49333067b104", 18, ""); INSERT INTO common_asset_details(identifier, symbol, coingecko, cryptocompare, forked, started, swapped_for) VALUES("eip155:1/erc20:0x6781a0F84c7E9e846DCb84A9a5bd49333067b104", "ZAP", "zap", "ZAP", NULL, 1506985286, NULL);
UPDATE common_asset_details SET cryptocompare = 'XDATA' WHERE identifier = 'eip155:1/erc20:0x0Cf0Ee63788A0849fE5297F3407f701E122cC023';
INSERT INTO assets(identifier, name, type) VALUES("eip155:1/erc20:0x0Cf0Ee63788A0849fE5297F3407f701E122cC023", "Streamr DATAcoin", "C"); INSERT INTO evm_tokens(identifier, token_kind, chain, address, decimals, protocol) VALUES("eip155:1/erc20:0x0Cf0Ee63788A0849fE5297F3407f701E122cC023", "A", 1, "0x0Cf0Ee63788A0849fE5297F3407f701E122cC023", 18, ""); INSERT INTO common_asset_details(identifier, symbol, coingecko, cryptocompare, forked, started, swapped_for) VALUES("eip155:1/erc20:0x0Cf0Ee63788A0849fE5297F3407f701E122cC023", "DATA", "streamr-xdata", "XDATA", NULL, 1507248000, NULL);
UPDATE common_asset_details SET cryptocompare = 'SFRXETH' WHERE identifier = 'eip155:1/erc20:0xac3E018457B222d93114458476f3E3416Abbe38F';
INSERT INTO assets(identifier, name, type) VALUES("eip155:1/erc20:0xac3E018457B222d93114458476f3E3416Abbe38F", "Staked Frax Ether", "C"); INSERT INTO evm_tokens(identifier, token_kind, chain, address, decimals, protocol) VALUES("eip155:1/erc20:0xac3E018457B222d93114458476f3E3416Abbe38F", "A", 1, "0xac3E018457B222d93114458476f3E3416Abbe38F", 18, ""); INSERT INTO common_asset_details(identifier, symbol, coingecko, cryptocompare, forked, started, swapped_for) VALUES("eip155:1/erc20:0xac3E018457B222d93114458476f3E3416Abbe38F", "sfrxETH", "staked-frax-ether", "SFRXETH", NULL, NULL, NULL);
UPDATE common_asset_details SET cryptocompare = 'DATAWALLET' WHERE identifier = 'eip155:1/erc20:0x8dB54ca569D3019A2ba126D03C37c44b5eF81EF6';
INSERT INTO assets(identifier, name, type) VALUES("eip155:1/erc20:0x8dB54ca569D3019A2ba126D03C37c44b5eF81EF6", "Datawallet", "C"); INSERT INTO evm_tokens(identifier, token_kind, chain, address, decimals, protocol) VALUES("eip155:1/erc20:0x8dB54ca569D3019A2ba126D03C37c44b5eF81EF6", "A", 1, "0x8dB54ca569D3019A2ba126D03C37c44b5eF81EF6", 8, ""); INSERT INTO common_asset_details(identifier, symbol, coingecko, cryptocompare, forked, started, swapped_for) VALUES("eip155:1/erc20:0x8dB54ca569D3019A2ba126D03C37c44b5eF81EF6", "DXT", "datawallet", "DATAWALLET", NULL, 1517774913, NULL);
UPDATE common_asset_details SET cryptocompare = 'LOC' WHERE identifier = 'eip155:1/erc20:0x5e3346444010135322268a4630d2ED5F8D09446c';
INSERT INTO assets(identifier, name, type) VALUES("eip155:1/erc20:0x5e3346444010135322268a4630d2ED5F8D09446c", "LockTrip", "C"); INSERT INTO evm_tokens(identifier, token_kind, chain, address, decimals, protocol) VALUES("eip155:1/erc20:0x5e3346444010135322268a4630d2ED5F8D09446c", "A", 1, "0x5e3346444010135322268a4630d2ED5F8D09446c", 18, ""); INSERT INTO common_asset_details(identifier, symbol, coingecko, cryptocompare, forked, started, swapped_for) VALUES("eip155:1/erc20:0x5e3346444010135322268a4630d2ED5F8D09446c", "LOC", "lockchain", "LOC", NULL, 1506129300, NULL);
UPDATE common_asset_details SET cryptocompare = 'API3' WHERE identifier = 'eip155:1/erc20:0x0b38210ea11411557c13457D4dA7dC6ea731B88a';
INSERT INTO assets(identifier, name, type) VALUES("eip155:1/erc20:0x0b38210ea11411557c13457D4dA7dC6ea731B88a", "API3", "C"); INSERT INTO evm_tokens(identifier, token_kind, chain, address, decimals, protocol) VALUES("eip155:1/erc20:0x0b38210ea11411557c13457D4dA7dC6ea731B88a", "A", 1, "0x0b38210ea11411557c13457D4dA7dC6ea731B88a", 18, ""); INSERT INTO common_asset_details(identifier, symbol, coingecko, cryptocompare, forked, started, swapped_for) VALUES("eip155:1/erc20:0x0b38210ea11411557c13457D4dA7dC6ea731B88a", "API3", "api3", "API3", NULL, 1604665283, NULL);
UPDATE common_asset_details SET cryptocompare = 'BLN' WHERE identifier = 'eip155:1/erc20:0xCA29db4221c111888a7e80b12eAc8a266Da3Ee0d';
INSERT INTO assets(identifier, name, type) VALUES("eip155:1/erc20:0xCA29db4221c111888a7e80b12eAc8a266Da3Ee0d", "Bolenum", "C"); INSERT INTO evm_tokens(identifier, token_kind, chain, address, decimals, protocol) VALUES("eip155:1/erc20:0xCA29db4221c111888a7e80b12eAc8a266Da3Ee0d", "A", 1, "0xCA29db4221c111888a7e80b12eAc8a266Da3Ee0d", 18, ""); INSERT INTO common_asset_details(identifier, symbol, coingecko, cryptocompare, forked, started, swapped_for) VALUES("eip155:1/erc20:0xCA29db4221c111888a7e80b12eAc8a266Da3Ee0d", "BLN", "bolenum", "BLN", NULL, 1497889213, NULL);
UPDATE common_asset_details SET cryptocompare = 'OPENGO' WHERE identifier = 'eip155:1/erc20:0x69e8b9528CABDA89fe846C67675B5D73d463a916';
INSERT INTO assets(identifier, name, type) VALUES("eip155:1/erc20:0x69e8b9528CABDA89fe846C67675B5D73d463a916", "OPEN Governance Token", "C"); INSERT INTO evm_tokens(identifier, token_kind, chain, address, decimals, protocol) VALUES("eip155:1/erc20:0x69e8b9528CABDA89fe846C67675B5D73d463a916", "A", 1, "0x69e8b9528CABDA89fe846C67675B5D73d463a916", 18, ""); INSERT INTO common_asset_details(identifier, symbol, coingecko, cryptocompare, forked, started, swapped_for) VALUES("eip155:1/erc20:0x69e8b9528CABDA89fe846C67675B5D73d463a916", "OPEN", "", "OPENGO", NULL, NULL, NULL);
UPDATE common_asset_details SET cryptocompare = 'BRD' WHERE identifier = 'eip155:1/erc20:0x558EC3152e2eb2174905cd19AeA4e34A23DE9aD6';
INSERT INTO assets(identifier, name, type) VALUES("eip155:1/erc20:0x558EC3152e2eb2174905cd19AeA4e34A23DE9aD6", "Bread", "C"); INSERT INTO evm_tokens(identifier, token_kind, chain, address, decimals, protocol) VALUES("eip155:1/erc20:0x558EC3152e2eb2174905cd19AeA4e34A23DE9aD6", "A", 1, "0x558EC3152e2eb2174905cd19AeA4e34A23DE9aD6", 18, ""); INSERT INTO common_asset_details(identifier, symbol, coingecko, cryptocompare, forked, started, swapped_for) VALUES("eip155:1/erc20:0x558EC3152e2eb2174905cd19AeA4e34A23DE9aD6", "BRD", "bread", "BRD", NULL, 1512086400, NULL);
UPDATE common_asset_details SET cryptocompare = 'VOISE' WHERE identifier = 'eip155:1/erc20:0x83eEA00D838f92dEC4D1475697B9f4D3537b56E3';
INSERT INTO assets(identifier, name, type) VALUES("eip155:1/erc20:0x83eEA00D838f92dEC4D1475697B9f4D3537b56E3", "Voise", "C"); INSERT INTO evm_tokens(identifier, token_kind, chain, address, decimals, protocol) VALUES("eip155:1/erc20:0x83eEA00D838f92dEC4D1475697B9f4D3537b56E3", "A", 1, "0x83eEA00D838f92dEC4D1475697B9f4D3537b56E3", 8, ""); INSERT INTO common_asset_details(identifier, symbol, coingecko, cryptocompare, forked, started, swapped_for) VALUES("eip155:1/erc20:0x83eEA00D838f92dEC4D1475697B9f4D3537b56E3", "VOISE", "voise", "VOISE", NULL, 1490659200, NULL);
UPDATE common_asset_details SET cryptocompare = 'ELIX' WHERE identifier = 'eip155:1/erc20:0xc8C6A31A4A806d3710A7B38b7B296D2fABCCDBA8';
INSERT INTO assets(identifier, name, type) VALUES("eip155:1/erc20:0xc8C6A31A4A806d3710A7B38b7B296D2fABCCDBA8", "Elixir", "C"); INSERT INTO evm_tokens(identifier, token_kind, chain, address, decimals, protocol) VALUES("eip155:1/erc20:0xc8C6A31A4A806d3710A7B38b7B296D2fABCCDBA8", "A", 1, "0xc8C6A31A4A806d3710A7B38b7B296D2fABCCDBA8", 18, ""); INSERT INTO common_asset_details(identifier, symbol, coingecko, cryptocompare, forked, started, swapped_for) VALUES("eip155:1/erc20:0xc8C6A31A4A806d3710A7B38b7B296D2fABCCDBA8", "ELIX", "", "ELIX", NULL, 1504209130, NULL);
UPDATE common_asset_details SET cryptocompare = 'ESD' WHERE identifier = 'eip155:1/erc20:0x36F3FD68E7325a35EB768F1AedaAe9EA0689d723';
INSERT INTO assets(identifier, name, type) VALUES("eip155:1/erc20:0x36F3FD68E7325a35EB768F1AedaAe9EA0689d723", "Empty Set Dollar", "C"); INSERT INTO evm_tokens(identifier, token_kind, chain, address, decimals, protocol) VALUES("eip155:1/erc20:0x36F3FD68E7325a35EB768F1AedaAe9EA0689d723", "A", 1, "0x36F3FD68E7325a35EB768F1AedaAe9EA0689d723", 18, ""); INSERT INTO common_asset_details(identifier, symbol, coingecko, cryptocompare, forked, started, swapped_for) VALUES("eip155:1/erc20:0x36F3FD68E7325a35EB768F1AedaAe9EA0689d723", "ESD", "empty-set-dollar", "ESD", NULL, 1598265060, NULL);
UPDATE common_asset_details SET cryptocompare = 'SAI' WHERE identifier = 'eip155:1/erc20:0x89d24A6b4CcB1B6fAA2625fE562bDD9a23260359';
INSERT INTO assets(identifier, name, type) VALUES("eip155:1/erc20:0x89d24A6b4CcB1B6fAA2625fE562bDD9a23260359", "Single Collateral Dai", "C"); INSERT INTO evm_tokens(identifier, token_kind, chain, address, decimals, protocol) VALUES("eip155:1/erc20:0x89d24A6b4CcB1B6fAA2625fE562bDD9a23260359", "A", 1, "0x89d24A6b4CcB1B6fAA2625fE562bDD9a23260359", 18, ""); INSERT INTO common_asset_details(identifier, symbol, coingecko, cryptocompare, forked, started, swapped_for) VALUES("eip155:1/erc20:0x89d24A6b4CcB1B6fAA2625fE562bDD9a23260359", "SAI", "sai", "SAI", NULL, 1513586475, NULL);
UPDATE common_asset_details SET cryptocompare = 'UNITRADE' WHERE identifier = 'eip155:1/erc20:0x6F87D756DAf0503d08Eb8993686c7Fc01Dc44fB1';
INSERT INTO assets(identifier, name, type) VALUES("eip155:1/erc20:0x6F87D756DAf0503d08Eb8993686c7Fc01Dc44fB1", "Unitrade", "C"); INSERT INTO evm_tokens(identifier, token_kind, chain, address, decimals, protocol) VALUES("eip155:1/erc20:0x6F87D756DAf0503d08Eb8993686c7Fc01Dc44fB1", "A", 1, "0x6F87D756DAf0503d08Eb8993686c7Fc01Dc44fB1", 18, ""); INSERT INTO common_asset_details(identifier, symbol, coingecko, cryptocompare, forked, started, swapped_for) VALUES("eip155:1/erc20:0x6F87D756DAf0503d08Eb8993686c7Fc01Dc44fB1", "TRADE", "unitrade", "UNITRADE", NULL, 1595830787, NULL);
UPDATE common_asset_details SET cryptocompare = 'BLUE' WHERE identifier = 'eip155:1/erc20:0x539EfE69bCDd21a83eFD9122571a64CC25e0282b';
INSERT INTO assets(identifier, name, type) VALUES("eip155:1/erc20:0x539EfE69bCDd21a83eFD9122571a64CC25e0282b", "Blue Protocol", "C"); INSERT INTO evm_tokens(identifier, token_kind, chain, address, decimals, protocol) VALUES("eip155:1/erc20:0x539EfE69bCDd21a83eFD9122571a64CC25e0282b", "A", 1, "0x539EfE69bCDd21a83eFD9122571a64CC25e0282b", 8, ""); INSERT INTO common_asset_details(identifier, symbol, coingecko, cryptocompare, forked, started, swapped_for) VALUES("eip155:1/erc20:0x539EfE69bCDd21a83eFD9122571a64CC25e0282b", "BLUE", "blue", "BLUE", NULL, 1508198400, NULL);
UPDATE common_asset_details SET cryptocompare = 'ZLA' WHERE identifier = 'eip155:1/erc20:0xfd8971d5E8E1740cE2d0A84095fCA4De729d0c16';
INSERT INTO assets(identifier, name, type) VALUES("eip155:1/erc20:0xfd8971d5E8E1740cE2d0A84095fCA4De729d0c16", "Zilla", "C"); INSERT INTO evm_tokens(identifier, token_kind, chain, address, decimals, protocol) VALUES("eip155:1/erc20:0xfd8971d5E8E1740cE2d0A84095fCA4De729d0c16", "A", 1, "0xfd8971d5E8E1740cE2d0A84095fCA4De729d0c16", 18, ""); INSERT INTO common_asset_details(identifier, symbol, coingecko, cryptocompare, forked, started, swapped_for) VALUES("eip155:1/erc20:0xfd8971d5E8E1740cE2d0A84095fCA4De729d0c16", "ZLA", "zilla", "ZLA", NULL, 1512044787, NULL);
UPDATE common_asset_details SET cryptocompare = 'VCORE' WHERE identifier = 'eip155:1/erc20:0x733B5056a0697e7a4357305FE452999a0C409feb';
INSERT INTO assets(identifier, name, type) VALUES("eip155:1/erc20:0x733B5056a0697e7a4357305FE452999a0C409feb", "VCORE", "C"); INSERT INTO evm_tokens(identifier, token_kind, chain, address, decimals, protocol) VALUES("eip155:1/erc20:0x733B5056a0697e7a4357305FE452999a0C409feb", "A", 1, "0x733B5056a0697e7a4357305FE452999a0C409feb", 18, ""); INSERT INTO common_asset_details(identifier, symbol, coingecko, cryptocompare, forked, started, swapped_for) VALUES("eip155:1/erc20:0x733B5056a0697e7a4357305FE452999a0C409feb", "VCORE", "vcore", "VCORE", NULL, 1650379821, NULL);
UPDATE common_asset_details SET cryptocompare = 'SENSE' WHERE identifier = 'eip155:1/erc20:0x6745fAB6801e376cD24F03572B9C9B0D4EdDDCcf';
INSERT INTO assets(identifier, name, type) VALUES("eip155:1/erc20:0x6745fAB6801e376cD24F03572B9C9B0D4EdDDCcf", "Sense", "C"); INSERT INTO evm_tokens(identifier, token_kind, chain, address, decimals, protocol) VALUES("eip155:1/erc20:0x6745fAB6801e376cD24F03572B9C9B0D4EdDDCcf", "A", 1, "0x6745fAB6801e376cD24F03572B9C9B0D4EdDDCcf", 8, ""); INSERT INTO common_asset_details(identifier, symbol, coingecko, cryptocompare, forked, started, swapped_for) VALUES("eip155:1/erc20:0x6745fAB6801e376cD24F03572B9C9B0D4EdDDCcf", "SENSE", "sense", "SENSE", NULL, 1502928000, NULL);
UPDATE common_asset_details SET cryptocompare = 'GEAR' WHERE identifier = 'eip155:1/erc20:0xBa3335588D9403515223F109EdC4eB7269a9Ab5D';
INSERT INTO assets(identifier, name, type) VALUES("eip155:1/erc20:0xBa3335588D9403515223F109EdC4eB7269a9Ab5D", "Gearbox", "C"); INSERT INTO evm_tokens(identifier, token_kind, chain, address, decimals, protocol) VALUES("eip155:1/erc20:0xBa3335588D9403515223F109EdC4eB7269a9Ab5D", "A", 1, "0xBa3335588D9403515223F109EdC4eB7269a9Ab5D", 18, ""); INSERT INTO common_asset_details(identifier, symbol, coingecko, cryptocompare, forked, started, swapped_for) VALUES("eip155:1/erc20:0xBa3335588D9403515223F109EdC4eB7269a9Ab5D", "GEAR", "gearbox", "GEAR", NULL, 1639587020, NULL);
UPDATE common_asset_details SET cryptocompare = 'HST' WHERE identifier = 'eip155:1/erc20:0x554C20B7c486beeE439277b4540A434566dC4C02';
INSERT INTO assets(identifier, name, type) VALUES("eip155:1/erc20:0x554C20B7c486beeE439277b4540A434566dC4C02", "Decision Token", "C"); INSERT INTO evm_tokens(identifier, token_kind, chain, address, decimals, protocol) VALUES("eip155:1/erc20:0x554C20B7c486beeE439277b4540A434566dC4C02", "A", 1, "0x554C20B7c486beeE439277b4540A434566dC4C02", 18, ""); INSERT INTO common_asset_details(identifier, symbol, coingecko, cryptocompare, forked, started, swapped_for) VALUES("eip155:1/erc20:0x554C20B7c486beeE439277b4540A434566dC4C02", "HST", "decision-token", "HST", NULL, 1507161600, NULL);
UPDATE common_asset_details SET cryptocompare = 'BREAD' WHERE identifier = 'eip155:100/erc20:0xa555d5344f6FB6c65da19e403Cb4c1eC4a1a5Ee3';
INSERT INTO assets(identifier, name, type) VALUES("eip155:100/erc20:0xa555d5344f6FB6c65da19e403Cb4c1eC4a1a5Ee3", "Breadchain Stablecoin", "C"); INSERT INTO evm_tokens(identifier, token_kind, chain, address, decimals, protocol) VALUES("eip155:100/erc20:0xa555d5344f6FB6c65da19e403Cb4c1eC4a1a5Ee3", "A", 100, "0xa555d5344f6FB6c65da19e403Cb4c1eC4a1a5Ee3", 18, ""); INSERT INTO common_asset_details(identifier, symbol, coingecko, cryptocompare, forked, started, swapped_for) VALUES("eip155:100/erc20:0xa555d5344f6FB6c65da19e403Cb4c1eC4a1a5Ee3", "BREAD", "", "BREAD", NULL, NULL, NULL);
UPDATE common_asset_details SET cryptocompare = 'BMX' WHERE identifier = 'eip155:1/erc20:0x986EE2B944c42D017F52Af21c4c69B84DBeA35d8';
INSERT INTO assets(identifier, name, type) VALUES("eip155:1/erc20:0x986EE2B944c42D017F52Af21c4c69B84DBeA35d8", "BitMart Token", "C"); INSERT INTO evm_tokens(identifier, token_kind, chain, address, decimals, protocol) VALUES("eip155:1/erc20:0x986EE2B944c42D017F52Af21c4c69B84DBeA35d8", "A", 1, "0x986EE2B944c42D017F52Af21c4c69B84DBeA35d8", 18, ""); INSERT INTO common_asset_details(identifier, symbol, coingecko, cryptocompare, forked, started, swapped_for) VALUES("eip155:1/erc20:0x986EE2B944c42D017F52Af21c4c69B84DBeA35d8", "BMX", "bitmart-token", "BMX", NULL, 1514319340, NULL);
UPDATE common_asset_details SET cryptocompare = 'CAMP' WHERE identifier = 'eip155:1/erc20:0xE9E73E1aE76D17A16cC53E3e87a9a7dA78834d37';
INSERT INTO assets(identifier, name, type) VALUES("eip155:1/erc20:0xE9E73E1aE76D17A16cC53E3e87a9a7dA78834d37", "Camp", "C"); INSERT INTO evm_tokens(identifier, token_kind, chain, address, decimals, protocol) VALUES("eip155:1/erc20:0xE9E73E1aE76D17A16cC53E3e87a9a7dA78834d37", "A", 1, "0xE9E73E1aE76D17A16cC53E3e87a9a7dA78834d37", 18, ""); INSERT INTO common_asset_details(identifier, symbol, coingecko, cryptocompare, forked, started, swapped_for) VALUES("eip155:1/erc20:0xE9E73E1aE76D17A16cC53E3e87a9a7dA78834d37", "CAMP", "camp", "CAMP", NULL, 1601535391, NULL);
UPDATE common_asset_details SET cryptocompare = 'WILDC' WHERE identifier = 'eip155:1/erc20:0xD3C00772B24D997A812249ca637a921e81357701';
INSERT INTO assets(identifier, name, type) VALUES("eip155:1/erc20:0xD3C00772B24D997A812249ca637a921e81357701", "Wild Crypto", "C"); INSERT INTO evm_tokens(identifier, token_kind, chain, address, decimals, protocol) VALUES("eip155:1/erc20:0xD3C00772B24D997A812249ca637a921e81357701", "A", 1, "0xD3C00772B24D997A812249ca637a921e81357701", 18, ""); INSERT INTO common_asset_details(identifier, symbol, coingecko, cryptocompare, forked, started, swapped_for) VALUES("eip155:1/erc20:0xD3C00772B24D997A812249ca637a921e81357701", "WILD", "wild-crypto", "WILDC", NULL, 1502119706, NULL);
UPDATE common_asset_details SET cryptocompare = 'ANKRETH' WHERE identifier = 'eip155:1/erc20:0xE95A203B1a91a908F9B9CE46459d101078c2c3cb';
INSERT INTO assets(identifier, name, type) VALUES("eip155:1/erc20:0xE95A203B1a91a908F9B9CE46459d101078c2c3cb", "Ankr Staked ETH", "C"); INSERT INTO evm_tokens(identifier, token_kind, chain, address, decimals, protocol) VALUES("eip155:1/erc20:0xE95A203B1a91a908F9B9CE46459d101078c2c3cb", "A", 1, "0xE95A203B1a91a908F9B9CE46459d101078c2c3cb", 18, ""); INSERT INTO common_asset_details(identifier, symbol, coingecko, cryptocompare, forked, started, swapped_for) VALUES("eip155:1/erc20:0xE95A203B1a91a908F9B9CE46459d101078c2c3cb", "ankrETH", "ankreth", "ANKRETH", NULL, NULL, NULL);
UPDATE common_asset_details SET cryptocompare = 'USDK' WHERE identifier = 'eip155:1/erc20:0x1c48f86ae57291F7686349F12601910BD8D470bb';
INSERT INTO assets(identifier, name, type) VALUES("eip155:1/erc20:0x1c48f86ae57291F7686349F12601910BD8D470bb", "USDK", "C"); INSERT INTO evm_tokens(identifier, token_kind, chain, address, decimals, protocol) VALUES("eip155:1/erc20:0x1c48f86ae57291F7686349F12601910BD8D470bb", "A", 1, "0x1c48f86ae57291F7686349F12601910BD8D470bb", 18, ""); INSERT INTO common_asset_details(identifier, symbol, coingecko, cryptocompare, forked, started, swapped_for) VALUES("eip155:1/erc20:0x1c48f86ae57291F7686349F12601910BD8D470bb", "USDK", "usdk", "USDK", NULL, 1557991300, NULL);
UPDATE common_asset_details SET cryptocompare = 'CUBEAUTO' WHERE identifier = 'eip155:1/erc20:0x622dFfCc4e83C64ba959530A5a5580687a57581b';
INSERT INTO assets(identifier, name, type) VALUES("eip155:1/erc20:0x622dFfCc4e83C64ba959530A5a5580687a57581b", "Cube", "C"); INSERT INTO evm_tokens(identifier, token_kind, chain, address, decimals, protocol) VALUES("eip155:1/erc20:0x622dFfCc4e83C64ba959530A5a5580687a57581b", "A", 1, "0x622dFfCc4e83C64ba959530A5a5580687a57581b", 18, ""); INSERT INTO common_asset_details(identifier, symbol, coingecko, cryptocompare, forked, started, swapped_for) VALUES("eip155:1/erc20:0x622dFfCc4e83C64ba959530A5a5580687a57581b", "AUTO", "cube", "CUBEAUTO", NULL, 1518620403, NULL);
UPDATE common_asset_details SET cryptocompare = 'NMR' WHERE identifier = 'eip155:1/erc20:0x1776e1F26f98b1A5dF9cD347953a26dd3Cb46671';
INSERT INTO assets(identifier, name, type) VALUES("eip155:1/erc20:0x1776e1F26f98b1A5dF9cD347953a26dd3Cb46671", "Numeraire", "C"); INSERT INTO evm_tokens(identifier, token_kind, chain, address, decimals, protocol) VALUES("eip155:1/erc20:0x1776e1F26f98b1A5dF9cD347953a26dd3Cb46671", "A", 1, "0x1776e1F26f98b1A5dF9cD347953a26dd3Cb46671", 18, ""); INSERT INTO common_asset_details(identifier, symbol, coingecko, cryptocompare, forked, started, swapped_for) VALUES("eip155:1/erc20:0x1776e1F26f98b1A5dF9cD347953a26dd3Cb46671", "NMR", "numeraire", "NMR", NULL, 1496952637, NULL);
UPDATE common_asset_details SET cryptocompare = 'SAN' WHERE identifier = 'eip155:1/erc20:0x7C5A0CE9267ED19B22F8cae653F198e3E8daf098';
INSERT INTO assets(identifier, name, type) VALUES("eip155:1/erc20:0x7C5A0CE9267ED19B22F8cae653F198e3E8daf098", "Santiment Network Token", "C"); INSERT INTO evm_tokens(identifier, token_kind, chain, address, decimals, protocol) VALUES("eip155:1/erc20:0x7C5A0CE9267ED19B22F8cae653F198e3E8daf098", "A", 1, "0x7C5A0CE9267ED19B22F8cae653F198e3E8daf098", 18, ""); INSERT INTO common_asset_details(identifier, symbol, coingecko, cryptocompare, forked, started, swapped_for) VALUES("eip155:1/erc20:0x7C5A0CE9267ED19B22F8cae653F198e3E8daf098", "SAN", "santiment-network-token", "SAN", NULL, 1486598400, NULL);
UPDATE common_asset_details SET cryptocompare = 'FOR' WHERE identifier = 'eip155:1/erc20:0x1FCdcE58959f536621d76f5b7FfB955baa5A672F';
INSERT INTO assets(identifier, name, type) VALUES("eip155:1/erc20:0x1FCdcE58959f536621d76f5b7FfB955baa5A672F", "The Force Protocol", "C"); INSERT INTO evm_tokens(identifier, token_kind, chain, address, decimals, protocol) VALUES("eip155:1/erc20:0x1FCdcE58959f536621d76f5b7FfB955baa5A672F", "A", 1, "0x1FCdcE58959f536621d76f5b7FfB955baa5A672F", 18, ""); INSERT INTO common_asset_details(identifier, symbol, coingecko, cryptocompare, forked, started, swapped_for) VALUES("eip155:1/erc20:0x1FCdcE58959f536621d76f5b7FfB955baa5A672F", "FOR", "force-protocol", "FOR", NULL, 1534849129, NULL);
UPDATE common_asset_details SET cryptocompare = 'LNK' WHERE identifier = 'eip155:1/erc20:0xE2E6D4BE086c6938B53B22144855eef674281639';
INSERT INTO assets(identifier, name, type) VALUES("eip155:1/erc20:0xE2E6D4BE086c6938B53B22144855eef674281639", "Link Platform", "C"); INSERT INTO evm_tokens(identifier, token_kind, chain, address, decimals, protocol) VALUES("eip155:1/erc20:0xE2E6D4BE086c6938B53B22144855eef674281639", "A", 1, "0xE2E6D4BE086c6938B53B22144855eef674281639", 18, ""); INSERT INTO common_asset_details(identifier, symbol, coingecko, cryptocompare, forked, started, swapped_for) VALUES("eip155:1/erc20:0xE2E6D4BE086c6938B53B22144855eef674281639", "LNK", "link-platform", "LNK", NULL, 1491868800, NULL);
UPDATE common_asset_details SET cryptocompare = 'MWAT' WHERE identifier = 'eip155:1/erc20:0x6425c6BE902d692AE2db752B3c268AFAdb099D3b';
INSERT INTO assets(identifier, name, type) VALUES("eip155:1/erc20:0x6425c6BE902d692AE2db752B3c268AFAdb099D3b", "Restart Energy MWAT", "C"); INSERT INTO evm_tokens(identifier, token_kind, chain, address, decimals, protocol) VALUES("eip155:1/erc20:0x6425c6BE902d692AE2db752B3c268AFAdb099D3b", "A", 1, "0x6425c6BE902d692AE2db752B3c268AFAdb099D3b", 18, ""); INSERT INTO common_asset_details(identifier, symbol, coingecko, cryptocompare, forked, started, swapped_for) VALUES("eip155:1/erc20:0x6425c6BE902d692AE2db752B3c268AFAdb099D3b", "MWAT", "restart-energy", "MWAT", NULL, 1513382400, NULL);
UPDATE common_asset_details SET cryptocompare = 'UNB' WHERE identifier = 'eip155:1/erc20:0x8dB253a1943DdDf1AF9bcF8706ac9A0Ce939d922';
INSERT INTO assets(identifier, name, type) VALUES("eip155:1/erc20:0x8dB253a1943DdDf1AF9bcF8706ac9A0Ce939d922", "Unbound", "C"); INSERT INTO evm_tokens(identifier, token_kind, chain, address, decimals, protocol) VALUES("eip155:1/erc20:0x8dB253a1943DdDf1AF9bcF8706ac9A0Ce939d922", "A", 1, "0x8dB253a1943DdDf1AF9bcF8706ac9A0Ce939d922", 18, ""); INSERT INTO common_asset_details(identifier, symbol, coingecko, cryptocompare, forked, started, swapped_for) VALUES("eip155:1/erc20:0x8dB253a1943DdDf1AF9bcF8706ac9A0Ce939d922", "UNB", "unbound-finance", "UNB", NULL, 1638881418, NULL);
UPDATE common_asset_details SET cryptocompare = 'SPIN' WHERE identifier = 'eip155:1/erc20:0x4F22310C27eF39FEAA4A756027896DC382F0b5E2';
INSERT INTO assets(identifier, name, type) VALUES("eip155:1/erc20:0x4F22310C27eF39FEAA4A756027896DC382F0b5E2", "SPIN Protocol", "C"); INSERT INTO evm_tokens(identifier, token_kind, chain, address, decimals, protocol) VALUES("eip155:1/erc20:0x4F22310C27eF39FEAA4A756027896DC382F0b5E2", "A", 1, "0x4F22310C27eF39FEAA4A756027896DC382F0b5E2", 18, ""); INSERT INTO common_asset_details(identifier, symbol, coingecko, cryptocompare, forked, started, swapped_for) VALUES("eip155:1/erc20:0x4F22310C27eF39FEAA4A756027896DC382F0b5E2", "SPIN", "spin-protocol", "SPIN", NULL, 1550620800, NULL);
UPDATE common_asset_details SET cryptocompare = 'GLM' WHERE identifier = 'eip155:1/erc20:0x7DD9c5Cba05E151C895FDe1CF355C9A1D5DA6429';
INSERT INTO assets(identifier, name, type) VALUES("eip155:1/erc20:0x7DD9c5Cba05E151C895FDe1CF355C9A1D5DA6429", "Golem", "C"); INSERT INTO evm_tokens(identifier, token_kind, chain, address, decimals, protocol) VALUES("eip155:1/erc20:0x7DD9c5Cba05E151C895FDe1CF355C9A1D5DA6429", "A", 1, "0x7DD9c5Cba05E151C895FDe1CF355C9A1D5DA6429", 18, ""); INSERT INTO common_asset_details(identifier, symbol, coingecko, cryptocompare, forked, started, swapped_for) VALUES("eip155:1/erc20:0x7DD9c5Cba05E151C895FDe1CF355C9A1D5DA6429", "GLM", "golem", "GLM", NULL, 1605690833, NULL);
UPDATE common_asset_details SET cryptocompare = 'JRT' WHERE identifier = 'eip155:1/erc20:0x8A9C67fee641579dEbA04928c4BC45F66e26343A';
INSERT INTO assets(identifier, name, type) VALUES("eip155:1/erc20:0x8A9C67fee641579dEbA04928c4BC45F66e26343A", "Jarvis Reward Token", "C"); INSERT INTO evm_tokens(identifier, token_kind, chain, address, decimals, protocol) VALUES("eip155:1/erc20:0x8A9C67fee641579dEbA04928c4BC45F66e26343A", "A", 1, "0x8A9C67fee641579dEbA04928c4BC45F66e26343A", 18, ""); INSERT INTO common_asset_details(identifier, symbol, coingecko, cryptocompare, forked, started, swapped_for) VALUES("eip155:1/erc20:0x8A9C67fee641579dEbA04928c4BC45F66e26343A", "JRT", "jarvis-reward-token", "JRT", NULL, 1554767428, NULL);
UPDATE common_asset_details SET cryptocompare = 'COCO' WHERE identifier = 'eip155:1/erc20:0xcB50350aB555Ed5d56265E096288536E8Cac41Eb';
INSERT INTO assets(identifier, name, type) VALUES("eip155:1/erc20:0xcB50350aB555Ed5d56265E096288536E8Cac41Eb", "0xCoco", "C"); INSERT INTO evm_tokens(identifier, token_kind, chain, address, decimals, protocol) VALUES("eip155:1/erc20:0xcB50350aB555Ed5d56265E096288536E8Cac41Eb", "A", 1, "0xcB50350aB555Ed5d56265E096288536E8Cac41Eb", 18, ""); INSERT INTO common_asset_details(identifier, symbol, coingecko, cryptocompare, forked, started, swapped_for) VALUES("eip155:1/erc20:0xcB50350aB555Ed5d56265E096288536E8Cac41Eb", "COCO", "0xcoco", "COCO", NULL, 1690498187, NULL);
UPDATE common_asset_details SET cryptocompare = 'ICE' WHERE identifier = 'eip155:56/erc20:0xc335Df7C25b72eEC661d5Aa32a7c2B7b2a1D1874';
INSERT INTO assets(identifier, name, type) VALUES("eip155:56/erc20:0xc335Df7C25b72eEC661d5Aa32a7c2B7b2a1D1874", "Ice", "C"); INSERT INTO evm_tokens(identifier, token_kind, chain, address, decimals, protocol) VALUES("eip155:56/erc20:0xc335Df7C25b72eEC661d5Aa32a7c2B7b2a1D1874", "A", 56, "0xc335Df7C25b72eEC661d5Aa32a7c2B7b2a1D1874", 18, ""); INSERT INTO common_asset_details(identifier, symbol, coingecko, cryptocompare, forked, started, swapped_for) VALUES("eip155:56/erc20:0xc335Df7C25b72eEC661d5Aa32a7c2B7b2a1D1874", "ICE", "ice", "ICE", NULL, 1714142615, NULL);
UPDATE common_asset_details SET cryptocompare = 'UTT' WHERE identifier = 'eip155:1/erc20:0x16f812Be7FfF02cAF662B85d5d58a5da6572D4Df';
INSERT INTO assets(identifier, name, type) VALUES("eip155:1/erc20:0x16f812Be7FfF02cAF662B85d5d58a5da6572D4Df", "United Traders Token", "C"); INSERT INTO evm_tokens(identifier, token_kind, chain, address, decimals, protocol) VALUES("eip155:1/erc20:0x16f812Be7FfF02cAF662B85d5d58a5da6572D4Df", "A", 1, "0x16f812Be7FfF02cAF662B85d5d58a5da6572D4Df", 8, ""); INSERT INTO common_asset_details(identifier, symbol, coingecko, cryptocompare, forked, started, swapped_for) VALUES("eip155:1/erc20:0x16f812Be7FfF02cAF662B85d5d58a5da6572D4Df", "UTT", "united-traders-token", "UTT", NULL, 1510272000, NULL);
UPDATE common_asset_details SET cryptocompare = 'VID' WHERE identifier = 'eip155:1/erc20:0x2C9023bBc572ff8dc1228c7858A280046Ea8C9E5';
INSERT INTO assets(identifier, name, type) VALUES("eip155:1/erc20:0x2C9023bBc572ff8dc1228c7858A280046Ea8C9E5", "VideoCoin", "C"); INSERT INTO evm_tokens(identifier, token_kind, chain, address, decimals, protocol) VALUES("eip155:1/erc20:0x2C9023bBc572ff8dc1228c7858A280046Ea8C9E5", "A", 1, "0x2C9023bBc572ff8dc1228c7858A280046Ea8C9E5", 18, ""); INSERT INTO common_asset_details(identifier, symbol, coingecko, cryptocompare, forked, started, swapped_for) VALUES("eip155:1/erc20:0x2C9023bBc572ff8dc1228c7858A280046Ea8C9E5", "VID", "videocoin", "VID", NULL, 1534139149, NULL);
UPDATE common_asset_details SET cryptocompare = 'SX' WHERE identifier = 'eip155:1/erc20:0x96E61422b6A9bA0e068B6c5ADd4fFaBC6a4aae27';
INSERT INTO assets(identifier, name, type) VALUES("eip155:1/erc20:0x96E61422b6A9bA0e068B6c5ADd4fFaBC6a4aae27", "Iron Bank EUR", "C"); INSERT INTO evm_tokens(identifier, token_kind, chain, address, decimals, protocol) VALUES("eip155:1/erc20:0x96E61422b6A9bA0e068B6c5ADd4fFaBC6a4aae27", "A", 1, "0x96E61422b6A9bA0e068B6c5ADd4fFaBC6a4aae27", 18, ""); INSERT INTO common_asset_details(identifier, symbol, coingecko, cryptocompare, forked, started, swapped_for) VALUES("eip155:1/erc20:0x96E61422b6A9bA0e068B6c5ADd4fFaBC6a4aae27", "ibEUR", "iron-bank-euro", "SX", NULL, 1626705474, NULL);
UPDATE common_asset_details SET cryptocompare = 'TIX' WHERE identifier = 'eip155:1/erc20:0xEa1f346faF023F974Eb5adaf088BbCdf02d761F4';
INSERT INTO assets(identifier, name, type) VALUES("eip155:1/erc20:0xEa1f346faF023F974Eb5adaf088BbCdf02d761F4", "Blocktix", "C"); INSERT INTO evm_tokens(identifier, token_kind, chain, address, decimals, protocol) VALUES("eip155:1/erc20:0xEa1f346faF023F974Eb5adaf088BbCdf02d761F4", "A", 1, "0xEa1f346faF023F974Eb5adaf088BbCdf02d761F4", 18, ""); INSERT INTO common_asset_details(identifier, symbol, coingecko, cryptocompare, forked, started, swapped_for) VALUES("eip155:1/erc20:0xEa1f346faF023F974Eb5adaf088BbCdf02d761F4", "TIX", "blocktix", "TIX", NULL, 1499385600, NULL);
UPDATE common_asset_details SET cryptocompare = 'GET' WHERE identifier = 'eip155:1/erc20:0x8a854288a5976036A725879164Ca3e91d30c6A1B';
INSERT INTO assets(identifier, name, type) VALUES("eip155:1/erc20:0x8a854288a5976036A725879164Ca3e91d30c6A1B", "GET Protocol", "C"); INSERT INTO evm_tokens(identifier, token_kind, chain, address, decimals, protocol) VALUES("eip155:1/erc20:0x8a854288a5976036A725879164Ca3e91d30c6A1B", "A", 1, "0x8a854288a5976036A725879164Ca3e91d30c6A1B", 18, ""); INSERT INTO common_asset_details(identifier, symbol, coingecko, cryptocompare, forked, started, swapped_for) VALUES("eip155:1/erc20:0x8a854288a5976036A725879164Ca3e91d30c6A1B", "GET", "get-token", "GET", NULL, 1503360000, NULL);
UPDATE common_asset_details SET cryptocompare = 'TBX' WHERE identifier = 'eip155:1/erc20:0x3A92bD396aEf82af98EbC0Aa9030D25a23B11C6b';
INSERT INTO assets(identifier, name, type) VALUES("eip155:1/erc20:0x3A92bD396aEf82af98EbC0Aa9030D25a23B11C6b", "Tokenbox", "C"); INSERT INTO evm_tokens(identifier, token_kind, chain, address, decimals, protocol) VALUES("eip155:1/erc20:0x3A92bD396aEf82af98EbC0Aa9030D25a23B11C6b", "A", 1, "0x3A92bD396aEf82af98EbC0Aa9030D25a23B11C6b", 18, ""); INSERT INTO common_asset_details(identifier, symbol, coingecko, cryptocompare, forked, started, swapped_for) VALUES("eip155:1/erc20:0x3A92bD396aEf82af98EbC0Aa9030D25a23B11C6b", "TBX", "tokenbox", "TBX", NULL, 1507248000, NULL);
UPDATE common_asset_details SET cryptocompare = 'MAS' WHERE identifier = 'eip155:1/erc20:0x23Ccc43365D9dD3882eab88F43d515208f832430';
INSERT INTO assets(identifier, name, type) VALUES("eip155:1/erc20:0x23Ccc43365D9dD3882eab88F43d515208f832430", "MidasProtocol", "C"); INSERT INTO evm_tokens(identifier, token_kind, chain, address, decimals, protocol) VALUES("eip155:1/erc20:0x23Ccc43365D9dD3882eab88F43d515208f832430", "A", 1, "0x23Ccc43365D9dD3882eab88F43d515208f832430", 18, ""); INSERT INTO common_asset_details(identifier, symbol, coingecko, cryptocompare, forked, started, swapped_for) VALUES("eip155:1/erc20:0x23Ccc43365D9dD3882eab88F43d515208f832430", "MAS", "midas-protocol", "MAS", NULL, 1530285057, NULL);
UPDATE common_asset_details SET cryptocompare = 'PERP' WHERE identifier = 'eip155:1/erc20:0xbC396689893D065F41bc2C6EcbeE5e0085233447';
INSERT INTO assets(identifier, name, type) VALUES("eip155:1/erc20:0xbC396689893D065F41bc2C6EcbeE5e0085233447", "Perpetual", "C"); INSERT INTO evm_tokens(identifier, token_kind, chain, address, decimals, protocol) VALUES("eip155:1/erc20:0xbC396689893D065F41bc2C6EcbeE5e0085233447", "A", 1, "0xbC396689893D065F41bc2C6EcbeE5e0085233447", 18, ""); INSERT INTO common_asset_details(identifier, symbol, coingecko, cryptocompare, forked, started, swapped_for) VALUES("eip155:1/erc20:0xbC396689893D065F41bc2C6EcbeE5e0085233447", "PERP", "perpetual-protocol", "PERP", NULL, 1599343689, NULL);
UPDATE common_asset_details SET cryptocompare = 'DUELN' WHERE identifier = 'eip155:137/erc20:0xFFC4B25557bB4327d437C3B3eAD6b2B15fAb391A';
INSERT INTO assets(identifier, name, type) VALUES("eip155:137/erc20:0xFFC4B25557bB4327d437C3B3eAD6b2B15fAb391A", "Duel Token", "C"); INSERT INTO evm_tokens(identifier, token_kind, chain, address, decimals, protocol) VALUES("eip155:137/erc20:0xFFC4B25557bB4327d437C3B3eAD6b2B15fAb391A", "A", 137, "0xFFC4B25557bB4327d437C3B3eAD6b2B15fAb391A", 18, ""); INSERT INTO common_asset_details(identifier, symbol, coingecko, cryptocompare, forked, started, swapped_for) VALUES("eip155:137/erc20:0xFFC4B25557bB4327d437C3B3eAD6b2B15fAb391A", "DUEL", "duel-network-2", "DUELN", NULL, NULL, NULL);
UPDATE common_asset_details SET cryptocompare = 'SWT' WHERE identifier = 'eip155:1/erc20:0xB9e7F8568e08d5659f5D29C4997173d84CdF2607';
INSERT INTO assets(identifier, name, type) VALUES("eip155:1/erc20:0xB9e7F8568e08d5659f5D29C4997173d84CdF2607", "Swarm City", "C"); INSERT INTO evm_tokens(identifier, token_kind, chain, address, decimals, protocol) VALUES("eip155:1/erc20:0xB9e7F8568e08d5659f5D29C4997173d84CdF2607", "A", 1, "0xB9e7F8568e08d5659f5D29C4997173d84CdF2607", 18, ""); INSERT INTO common_asset_details(identifier, symbol, coingecko, cryptocompare, forked, started, swapped_for) VALUES("eip155:1/erc20:0xB9e7F8568e08d5659f5D29C4997173d84CdF2607", "SWT", "swarm-city", "SWT", NULL, 1488578683, NULL);
UPDATE common_asset_details SET cryptocompare = 'UCT' WHERE identifier = 'eip155:1/erc20:0x3c4bEa627039F0B7e7d21E34bB9C9FE962977518';
INSERT INTO assets(identifier, name, type) VALUES("eip155:1/erc20:0x3c4bEa627039F0B7e7d21E34bB9C9FE962977518", "Ubique Chain Of Things", "C"); INSERT INTO evm_tokens(identifier, token_kind, chain, address, decimals, protocol) VALUES("eip155:1/erc20:0x3c4bEa627039F0B7e7d21E34bB9C9FE962977518", "A", 1, "0x3c4bEa627039F0B7e7d21E34bB9C9FE962977518", 18, ""); INSERT INTO common_asset_details(identifier, symbol, coingecko, cryptocompare, forked, started, swapped_for) VALUES("eip155:1/erc20:0x3c4bEa627039F0B7e7d21E34bB9C9FE962977518", "UCT", "ucot", "UCT", NULL, 1517276066, NULL);
UPDATE common_asset_details SET cryptocompare = 'COOKIE' WHERE identifier = 'eip155:56/erc20:0xC0041EF357B183448B235a8Ea73Ce4E4eC8c265F';
INSERT INTO assets(identifier, name, type) VALUES("eip155:56/erc20:0xC0041EF357B183448B235a8Ea73Ce4E4eC8c265F", "Cookie", "C"); INSERT INTO evm_tokens(identifier, token_kind, chain, address, decimals, protocol) VALUES("eip155:56/erc20:0xC0041EF357B183448B235a8Ea73Ce4E4eC8c265F", "A", 56, "0xC0041EF357B183448B235a8Ea73Ce4E4eC8c265F", 18, ""); INSERT INTO common_asset_details(identifier, symbol, coingecko, cryptocompare, forked, started, swapped_for) VALUES("eip155:56/erc20:0xC0041EF357B183448B235a8Ea73Ce4E4eC8c265F", "COOKIE", "cookie", "COOKIE", NULL, 1718616673, NULL);
UPDATE common_asset_details SET cryptocompare = 'SPONGE' WHERE identifier = 'eip155:1/erc20:0x25722Cd432d02895d9BE45f5dEB60fc479c8781E';
INSERT INTO assets(identifier, name, type) VALUES("eip155:1/erc20:0x25722Cd432d02895d9BE45f5dEB60fc479c8781E", "SpongeBob", "C"); INSERT INTO evm_tokens(identifier, token_kind, chain, address, decimals, protocol) VALUES("eip155:1/erc20:0x25722Cd432d02895d9BE45f5dEB60fc479c8781E", "A", 1, "0x25722Cd432d02895d9BE45f5dEB60fc479c8781E", 18, ""); INSERT INTO common_asset_details(identifier, symbol, coingecko, cryptocompare, forked, started, swapped_for) VALUES("eip155:1/erc20:0x25722Cd432d02895d9BE45f5dEB60fc479c8781E", "SPONGE", "sponge-f08b2fe4-9d9c-47c3-b5a0-84c2ac3bbbff", "SPONGE", NULL, NULL, NULL);
UPDATE common_asset_details SET cryptocompare = 'TUNE' WHERE identifier = 'eip155:1/erc20:0x9B99CcA871Be05119B2012fd4474731dd653FEBe';
INSERT INTO assets(identifier, name, type) VALUES("eip155:1/erc20:0x9B99CcA871Be05119B2012fd4474731dd653FEBe", "Antimatter.Finance Governance Token", "C"); INSERT INTO evm_tokens(identifier, token_kind, chain, address, decimals, protocol) VALUES("eip155:1/erc20:0x9B99CcA871Be05119B2012fd4474731dd653FEBe", "A", 1, "0x9B99CcA871Be05119B2012fd4474731dd653FEBe", 18, ""); INSERT INTO common_asset_details(identifier, symbol, coingecko, cryptocompare, forked, started, swapped_for) VALUES("eip155:1/erc20:0x9B99CcA871Be05119B2012fd4474731dd653FEBe", "MATTER", "antimatter", "TUNE", NULL, 1627032459, NULL);
UPDATE common_asset_details SET cryptocompare = 'INFRA' WHERE identifier = 'eip155:1/erc20:0x013062189dc3dcc99e9Cee714c513033b8d99e3c';
INSERT INTO assets(identifier, name, type) VALUES("eip155:1/erc20:0x013062189dc3dcc99e9Cee714c513033b8d99e3c", "Bware", "C"); INSERT INTO evm_tokens(identifier, token_kind, chain, address, decimals, protocol) VALUES("eip155:1/erc20:0x013062189dc3dcc99e9Cee714c513033b8d99e3c", "A", 1, "0x013062189dc3dcc99e9Cee714c513033b8d99e3c", 18, ""); INSERT INTO common_asset_details(identifier, symbol, coingecko, cryptocompare, forked, started, swapped_for) VALUES("eip155:1/erc20:0x013062189dc3dcc99e9Cee714c513033b8d99e3c", "INFRA", "bware-infra", "INFRA", NULL, 1677013895, NULL);
UPDATE common_asset_details SET cryptocompare = 'SG' WHERE identifier = 'eip155:1/erc20:0xdDF7Fd345D54ff4B40079579d4C4670415DbfD0A';
INSERT INTO assets(identifier, name, type) VALUES("eip155:1/erc20:0xdDF7Fd345D54ff4B40079579d4C4670415DbfD0A", "Social Good", "C"); INSERT INTO evm_tokens(identifier, token_kind, chain, address, decimals, protocol) VALUES("eip155:1/erc20:0xdDF7Fd345D54ff4B40079579d4C4670415DbfD0A", "A", 1, "0xdDF7Fd345D54ff4B40079579d4C4670415DbfD0A", 18, ""); INSERT INTO common_asset_details(identifier, symbol, coingecko, cryptocompare, forked, started, swapped_for) VALUES("eip155:1/erc20:0xdDF7Fd345D54ff4B40079579d4C4670415DbfD0A", "SG", "social-good-project", "SG", NULL, 1595240185, NULL);
UPDATE common_asset_details SET cryptocompare = 'LCS' WHERE identifier = 'eip155:1/erc20:0xAA19961b6B858D9F18a115f25aa1D98ABc1fdBA8';
INSERT INTO assets(identifier, name, type) VALUES("eip155:1/erc20:0xAA19961b6B858D9F18a115f25aa1D98ABc1fdBA8", "LocalCoinSwap", "C"); INSERT INTO evm_tokens(identifier, token_kind, chain, address, decimals, protocol) VALUES("eip155:1/erc20:0xAA19961b6B858D9F18a115f25aa1D98ABc1fdBA8", "A", 1, "0xAA19961b6B858D9F18a115f25aa1D98ABc1fdBA8", 18, ""); INSERT INTO common_asset_details(identifier, symbol, coingecko, cryptocompare, forked, started, swapped_for) VALUES("eip155:1/erc20:0xAA19961b6B858D9F18a115f25aa1D98ABc1fdBA8", "LCS", "localcoinswap", "LCS", NULL, 1521030728, NULL);
UPDATE common_asset_details SET cryptocompare = 'FNB' WHERE identifier = 'eip155:1/erc20:0x47b28F365Bf4CB38DB4B6356864BDE7bc4B35129';
INSERT INTO assets(identifier, name, type) VALUES("eip155:1/erc20:0x47b28F365Bf4CB38DB4B6356864BDE7bc4B35129", "FNB Protocol", "C"); INSERT INTO evm_tokens(identifier, token_kind, chain, address, decimals, protocol) VALUES("eip155:1/erc20:0x47b28F365Bf4CB38DB4B6356864BDE7bc4B35129", "A", 1, "0x47b28F365Bf4CB38DB4B6356864BDE7bc4B35129", 18, ""); INSERT INTO common_asset_details(identifier, symbol, coingecko, cryptocompare, forked, started, swapped_for) VALUES("eip155:1/erc20:0x47b28F365Bf4CB38DB4B6356864BDE7bc4B35129", "FNB", "fnb-protocol", "FNB", NULL, 1542758400, NULL);
UPDATE common_asset_details SET cryptocompare = 'WEB' WHERE identifier = 'eip155:1/erc20:0x840fe75ABfaDc0F2d54037829571B2782e919ce4';
INSERT INTO assets(identifier, name, type) VALUES("eip155:1/erc20:0x840fe75ABfaDc0F2d54037829571B2782e919ce4", "Webcoin", "C"); INSERT INTO evm_tokens(identifier, token_kind, chain, address, decimals, protocol) VALUES("eip155:1/erc20:0x840fe75ABfaDc0F2d54037829571B2782e919ce4", "A", 1, "0x840fe75ABfaDc0F2d54037829571B2782e919ce4", 18, ""); INSERT INTO common_asset_details(identifier, symbol, coingecko, cryptocompare, forked, started, swapped_for) VALUES("eip155:1/erc20:0x840fe75ABfaDc0F2d54037829571B2782e919ce4", "WEB", "webcoin", "WEB", NULL, 1506816000, NULL);
UPDATE common_asset_details SET cryptocompare = 'HICLONEX' WHERE identifier = 'eip155:1/erc20:0x764104dc24DAdFf01150253a58C82337984B4319';
INSERT INTO assets(identifier, name, type) VALUES("eip155:1/erc20:0x764104dc24DAdFf01150253a58C82337984B4319", "hiCLONEX", "C"); INSERT INTO evm_tokens(identifier, token_kind, chain, address, decimals, protocol) VALUES("eip155:1/erc20:0x764104dc24DAdFf01150253a58C82337984B4319", "A", 1, "0x764104dc24DAdFf01150253a58C82337984B4319", 18, ""); INSERT INTO common_asset_details(identifier, symbol, coingecko, cryptocompare, forked, started, swapped_for) VALUES("eip155:1/erc20:0x764104dc24DAdFf01150253a58C82337984B4319", "hiCLONEX", "hiclonex", "HICLONEX", NULL, 1670142323, NULL);
UPDATE common_asset_details SET cryptocompare = 'EARTH' WHERE identifier = 'eip155:1/erc20:0x900b4449236a7bb26b286601dD14d2bDe7a6aC6c';
INSERT INTO assets(identifier, name, type) VALUES("eip155:1/erc20:0x900b4449236a7bb26b286601dD14d2bDe7a6aC6c", "Earth Token", "C"); INSERT INTO evm_tokens(identifier, token_kind, chain, address, decimals, protocol) VALUES("eip155:1/erc20:0x900b4449236a7bb26b286601dD14d2bDe7a6aC6c", "A", 1, "0x900b4449236a7bb26b286601dD14d2bDe7a6aC6c", 8, ""); INSERT INTO common_asset_details(identifier, symbol, coingecko, cryptocompare, forked, started, swapped_for) VALUES("eip155:1/erc20:0x900b4449236a7bb26b286601dD14d2bDe7a6aC6c", "EARTH", "", "EARTH", NULL, 1508716800, NULL);
UPDATE common_asset_details SET cryptocompare = 'STRIKE' WHERE identifier = 'eip155:1/erc20:0x74232704659ef37c08995e386A2E26cc27a8d7B1';
INSERT INTO assets(identifier, name, type) VALUES("eip155:1/erc20:0x74232704659ef37c08995e386A2E26cc27a8d7B1", "Strike Token", "C"); INSERT INTO evm_tokens(identifier, token_kind, chain, address, decimals, protocol) VALUES("eip155:1/erc20:0x74232704659ef37c08995e386A2E26cc27a8d7B1", "A", 1, "0x74232704659ef37c08995e386A2E26cc27a8d7B1", 18, ""); INSERT INTO common_asset_details(identifier, symbol, coingecko, cryptocompare, forked, started, swapped_for) VALUES("eip155:1/erc20:0x74232704659ef37c08995e386A2E26cc27a8d7B1", "STRK", "strike", "STRIKE", NULL, 1615435564, NULL);
UPDATE common_asset_details SET cryptocompare = 'ZUNUSD' WHERE identifier = 'eip155:1/erc20:0x8C0D76C9B18779665475F3E212D9Ca1Ed6A1A0e6';
INSERT INTO assets(identifier, name, type) VALUES("eip155:1/erc20:0x8C0D76C9B18779665475F3E212D9Ca1Ed6A1A0e6", "Zunami USD", "C"); INSERT INTO evm_tokens(identifier, token_kind, chain, address, decimals, protocol) VALUES("eip155:1/erc20:0x8C0D76C9B18779665475F3E212D9Ca1Ed6A1A0e6", "A", 1, "0x8C0D76C9B18779665475F3E212D9Ca1Ed6A1A0e6", 18, ""); INSERT INTO common_asset_details(identifier, symbol, coingecko, cryptocompare, forked, started, swapped_for) VALUES("eip155:1/erc20:0x8C0D76C9B18779665475F3E212D9Ca1Ed6A1A0e6", "zunUSD", "", "ZUNUSD", NULL, NULL, NULL);
UPDATE common_asset_details SET cryptocompare = 'O' WHERE identifier = 'eip155:1/erc20:0xb53ecF1345caBeE6eA1a65100Ebb153cEbcac40f';
INSERT INTO assets(identifier, name, type) VALUES("eip155:1/erc20:0xb53ecF1345caBeE6eA1a65100Ebb153cEbcac40f", "Childhoods End", "C"); INSERT INTO evm_tokens(identifier, token_kind, chain, address, decimals, protocol) VALUES("eip155:1/erc20:0xb53ecF1345caBeE6eA1a65100Ebb153cEbcac40f", "A", 1, "0xb53ecF1345caBeE6eA1a65100Ebb153cEbcac40f", 18, ""); INSERT INTO common_asset_details(identifier, symbol, coingecko, cryptocompare, forked, started, swapped_for) VALUES("eip155:1/erc20:0xb53ecF1345caBeE6eA1a65100Ebb153cEbcac40f", "O", "", "O", NULL, NULL, NULL);
UPDATE common_asset_details SET cryptocompare = 'REDLANG' WHERE identifier = 'eip155:1/erc20:0x76960Dccd5a1fe799F7c29bE9F19ceB4627aEb2f';
INSERT INTO assets(identifier, name, type) VALUES("eip155:1/erc20:0x76960Dccd5a1fe799F7c29bE9F19ceB4627aEb2f", "RED", "C"); INSERT INTO evm_tokens(identifier, token_kind, chain, address, decimals, protocol) VALUES("eip155:1/erc20:0x76960Dccd5a1fe799F7c29bE9F19ceB4627aEb2f", "A", 1, "0x76960Dccd5a1fe799F7c29bE9F19ceB4627aEb2f", 18, ""); INSERT INTO common_asset_details(identifier, symbol, coingecko, cryptocompare, forked, started, swapped_for) VALUES("eip155:1/erc20:0x76960Dccd5a1fe799F7c29bE9F19ceB4627aEb2f", "RED", "red", "REDLANG", NULL, 1515345440, NULL);
UPDATE common_asset_details SET cryptocompare = 'PLANET' WHERE identifier = 'eip155:1/erc20:0x2aD9adDD0d97EC3cDBA27F92bF6077893b76Ab0b';
INSERT INTO assets(identifier, name, type) VALUES("eip155:1/erc20:0x2aD9adDD0d97EC3cDBA27F92bF6077893b76Ab0b", "PLANET", "C"); INSERT INTO evm_tokens(identifier, token_kind, chain, address, decimals, protocol) VALUES("eip155:1/erc20:0x2aD9adDD0d97EC3cDBA27F92bF6077893b76Ab0b", "A", 1, "0x2aD9adDD0d97EC3cDBA27F92bF6077893b76Ab0b", 18, ""); INSERT INTO common_asset_details(identifier, symbol, coingecko, cryptocompare, forked, started, swapped_for) VALUES("eip155:1/erc20:0x2aD9adDD0d97EC3cDBA27F92bF6077893b76Ab0b", "PLANET", "planet-token", "PLANET", NULL, NULL, NULL);
UPDATE common_asset_details SET cryptocompare = 'MSWAP' WHERE identifier = 'eip155:56/erc20:0xdD5a149740c055bdcdC5C066888f739DBe0bf2d0';
INSERT INTO assets(identifier, name, type) VALUES("eip155:56/erc20:0xdD5a149740c055bdcdC5C066888f739DBe0bf2d0", "MoneySwap", "C"); INSERT INTO evm_tokens(identifier, token_kind, chain, address, decimals, protocol) VALUES("eip155:56/erc20:0xdD5a149740c055bdcdC5C066888f739DBe0bf2d0", "A", 56, "0xdD5a149740c055bdcdC5C066888f739DBe0bf2d0", 18, ""); INSERT INTO common_asset_details(identifier, symbol, coingecko, cryptocompare, forked, started, swapped_for) VALUES("eip155:56/erc20:0xdD5a149740c055bdcdC5C066888f739DBe0bf2d0", "MSWAP", "moneyswap", "MSWAP", NULL, 1615188005, NULL);
UPDATE common_asset_details SET cryptocompare = 'LOCUS' WHERE identifier = 'eip155:1/erc20:0xC64500DD7B0f1794807e67802F8Abbf5F8Ffb054';
INSERT INTO assets(identifier, name, type) VALUES("eip155:1/erc20:0xC64500DD7B0f1794807e67802F8Abbf5F8Ffb054", "Locus Chain", "C"); INSERT INTO evm_tokens(identifier, token_kind, chain, address, decimals, protocol) VALUES("eip155:1/erc20:0xC64500DD7B0f1794807e67802F8Abbf5F8Ffb054", "A", 1, "0xC64500DD7B0f1794807e67802F8Abbf5F8Ffb054", 18, ""); INSERT INTO common_asset_details(identifier, symbol, coingecko, cryptocompare, forked, started, swapped_for) VALUES("eip155:1/erc20:0xC64500DD7B0f1794807e67802F8Abbf5F8Ffb054", "LOCUS", "locus-chain", "LOCUS", NULL, 1523348276, NULL);
UPDATE common_asset_details SET cryptocompare = 'TEN' WHERE identifier = 'eip155:1/erc20:0xDD16eC0F66E54d453e6756713E533355989040E4';
INSERT INTO assets(identifier, name, type) VALUES("eip155:1/erc20:0xDD16eC0F66E54d453e6756713E533355989040E4", "Tokenomy", "C"); INSERT INTO evm_tokens(identifier, token_kind, chain, address, decimals, protocol) VALUES("eip155:1/erc20:0xDD16eC0F66E54d453e6756713E533355989040E4", "A", 1, "0xDD16eC0F66E54d453e6756713E533355989040E4", 18, ""); INSERT INTO common_asset_details(identifier, symbol, coingecko, cryptocompare, forked, started, swapped_for) VALUES("eip155:1/erc20:0xDD16eC0F66E54d453e6756713E533355989040E4", "TEN", "tokenomy", "TEN", NULL, 1515369600, NULL);
UPDATE common_asset_details SET cryptocompare = 'ORAI' WHERE identifier = 'eip155:1/erc20:0x4c11249814f11b9346808179Cf06e71ac328c1b5';
INSERT INTO assets(identifier, name, type) VALUES("eip155:1/erc20:0x4c11249814f11b9346808179Cf06e71ac328c1b5", "Oraichain Token", "C"); INSERT INTO evm_tokens(identifier, token_kind, chain, address, decimals, protocol) VALUES("eip155:1/erc20:0x4c11249814f11b9346808179Cf06e71ac328c1b5", "A", 1, "0x4c11249814f11b9346808179Cf06e71ac328c1b5", 18, ""); INSERT INTO common_asset_details(identifier, symbol, coingecko, cryptocompare, forked, started, swapped_for) VALUES("eip155:1/erc20:0x4c11249814f11b9346808179Cf06e71ac328c1b5", "ORAI", "oraichain-token", "ORAI", NULL, 1600914971, NULL);
UPDATE common_asset_details SET cryptocompare = 'BIAO' WHERE identifier = 'eip155:1/erc20:0x00282FD551D03dC033256C4bf119532e8C735D8a';
INSERT INTO assets(identifier, name, type) VALUES("eip155:1/erc20:0x00282FD551D03dC033256C4bf119532e8C735D8a", "Biaocoin", "C"); INSERT INTO evm_tokens(identifier, token_kind, chain, address, decimals, protocol) VALUES("eip155:1/erc20:0x00282FD551D03dC033256C4bf119532e8C735D8a", "A", 1, "0x00282FD551D03dC033256C4bf119532e8C735D8a", 2, ""); INSERT INTO common_asset_details(identifier, symbol, coingecko, cryptocompare, forked, started, swapped_for) VALUES("eip155:1/erc20:0x00282FD551D03dC033256C4bf119532e8C735D8a", "BIAO", "biaocoin", "BIAO", NULL, 1685033027, NULL);
UPDATE common_asset_details SET cryptocompare = 'GUESS' WHERE identifier = 'eip155:1/erc20:0xBDCFbf5C4D91Abc0bC9709C7286d00063c0e6F22';
INSERT INTO assets(identifier, name, type) VALUES("eip155:1/erc20:0xBDCFbf5C4D91Abc0bC9709C7286d00063c0e6F22", "Peerguess", "C"); INSERT INTO evm_tokens(identifier, token_kind, chain, address, decimals, protocol) VALUES("eip155:1/erc20:0xBDCFbf5C4D91Abc0bC9709C7286d00063c0e6F22", "A", 1, "0xBDCFbf5C4D91Abc0bC9709C7286d00063c0e6F22", 2, ""); INSERT INTO common_asset_details(identifier, symbol, coingecko, cryptocompare, forked, started, swapped_for) VALUES("eip155:1/erc20:0xBDCFbf5C4D91Abc0bC9709C7286d00063c0e6F22", "GUESS", "peerguess", "GUESS", NULL, 1509148800, NULL);
UPDATE common_asset_details SET cryptocompare = 'SPF' WHERE identifier = 'eip155:1/erc20:0x85089389C14Bd9c77FC2b8F0c3d1dC3363Bf06Ef';
INSERT INTO assets(identifier, name, type) VALUES("eip155:1/erc20:0x85089389C14Bd9c77FC2b8F0c3d1dC3363Bf06Ef", "SportyCo", "C"); INSERT INTO evm_tokens(identifier, token_kind, chain, address, decimals, protocol) VALUES("eip155:1/erc20:0x85089389C14Bd9c77FC2b8F0c3d1dC3363Bf06Ef", "A", 1, "0x85089389C14Bd9c77FC2b8F0c3d1dC3363Bf06Ef", 18, ""); INSERT INTO common_asset_details(identifier, symbol, coingecko, cryptocompare, forked, started, swapped_for) VALUES("eip155:1/erc20:0x85089389C14Bd9c77FC2b8F0c3d1dC3363Bf06Ef", "SPF", "", "SPF", NULL, 1506470400, NULL);
UPDATE common_asset_details SET cryptocompare = 'BNANA' WHERE identifier = 'eip155:1/erc20:0x07eF9E82721AC16809D24DAfBE1792Ce01654DB4';
INSERT INTO assets(identifier, name, type) VALUES("eip155:1/erc20:0x07eF9E82721AC16809D24DAfBE1792Ce01654DB4", "Chimpion", "C"); INSERT INTO evm_tokens(identifier, token_kind, chain, address, decimals, protocol) VALUES("eip155:1/erc20:0x07eF9E82721AC16809D24DAfBE1792Ce01654DB4", "A", 1, "0x07eF9E82721AC16809D24DAfBE1792Ce01654DB4", 18, ""); INSERT INTO common_asset_details(identifier, symbol, coingecko, cryptocompare, forked, started, swapped_for) VALUES("eip155:1/erc20:0x07eF9E82721AC16809D24DAfBE1792Ce01654DB4", "BNANA", "", "BNANA", NULL, NULL, NULL);
UPDATE common_asset_details SET cryptocompare = 'NIOX' WHERE identifier = 'eip155:1/erc20:0xc813EA5e3b48BEbeedb796ab42A30C5599b01740';
INSERT INTO assets(identifier, name, type) VALUES("eip155:1/erc20:0xc813EA5e3b48BEbeedb796ab42A30C5599b01740", "Autonio", "C"); INSERT INTO evm_tokens(identifier, token_kind, chain, address, decimals, protocol) VALUES("eip155:1/erc20:0xc813EA5e3b48BEbeedb796ab42A30C5599b01740", "A", 1, "0xc813EA5e3b48BEbeedb796ab42A30C5599b01740", 4, ""); INSERT INTO common_asset_details(identifier, symbol, coingecko, cryptocompare, forked, started, swapped_for) VALUES("eip155:1/erc20:0xc813EA5e3b48BEbeedb796ab42A30C5599b01740", "NIOX", "autonio", "NIOX", NULL, 1593134600, NULL);
UPDATE common_asset_details SET cryptocompare = 'STAC' WHERE identifier = 'eip155:1/erc20:0x9a005c9a89BD72a4Bd27721E7a09A3c11D2b03C4';
INSERT INTO assets(identifier, name, type) VALUES("eip155:1/erc20:0x9a005c9a89BD72a4Bd27721E7a09A3c11D2b03C4", "StarterCoin", "C"); INSERT INTO evm_tokens(identifier, token_kind, chain, address, decimals, protocol) VALUES("eip155:1/erc20:0x9a005c9a89BD72a4Bd27721E7a09A3c11D2b03C4", "A", 1, "0x9a005c9a89BD72a4Bd27721E7a09A3c11D2b03C4", 18, ""); INSERT INTO common_asset_details(identifier, symbol, coingecko, cryptocompare, forked, started, swapped_for) VALUES("eip155:1/erc20:0x9a005c9a89BD72a4Bd27721E7a09A3c11D2b03C4", "STAC", "", "STAC", NULL, 1511395200, NULL);
UPDATE common_asset_details SET cryptocompare = 'ZKBOB' WHERE identifier = 'eip155:137/erc20:0xB0B195aEFA3650A6908f15CdaC7D92F8a5791B0B';
INSERT INTO assets(identifier, name, type) VALUES("eip155:137/erc20:0xB0B195aEFA3650A6908f15CdaC7D92F8a5791B0B", "BOB", "C"); INSERT INTO evm_tokens(identifier, token_kind, chain, address, decimals, protocol) VALUES("eip155:137/erc20:0xB0B195aEFA3650A6908f15CdaC7D92F8a5791B0B", "A", 137, "0xB0B195aEFA3650A6908f15CdaC7D92F8a5791B0B", 18, ""); INSERT INTO common_asset_details(identifier, symbol, coingecko, cryptocompare, forked, started, swapped_for) VALUES("eip155:137/erc20:0xB0B195aEFA3650A6908f15CdaC7D92F8a5791B0B", "BOB", "", "ZKBOB", NULL, NULL, NULL);
UPDATE common_asset_details SET cryptocompare = 'CAPO' WHERE identifier = 'eip155:56/erc20:0x922722E9Ef614EC9A3E94b78496e92AbFBb5A624';
INSERT INTO assets(identifier, name, type) VALUES("eip155:56/erc20:0x922722E9Ef614EC9A3E94b78496e92AbFBb5A624", "ILCAPO", "C"); INSERT INTO evm_tokens(identifier, token_kind, chain, address, decimals, protocol) VALUES("eip155:56/erc20:0x922722E9Ef614EC9A3E94b78496e92AbFBb5A624", "A", 56, "0x922722E9Ef614EC9A3E94b78496e92AbFBb5A624", 18, ""); INSERT INTO common_asset_details(identifier, symbol, coingecko, cryptocompare, forked, started, swapped_for) VALUES("eip155:56/erc20:0x922722E9Ef614EC9A3E94b78496e92AbFBb5A624", "CAPO", "ilcapo", "CAPO", NULL, 1683543349, NULL);
UPDATE common_asset_details SET cryptocompare = 'EURE' WHERE identifier = 'eip155:1/erc20:0x3231Cb76718CDeF2155FC47b5286d82e6eDA273f';
INSERT INTO assets(identifier, name, type) VALUES("eip155:1/erc20:0x3231Cb76718CDeF2155FC47b5286d82e6eDA273f", "Monerium EUR emoney", "C"); INSERT INTO evm_tokens(identifier, token_kind, chain, address, decimals, protocol) VALUES("eip155:1/erc20:0x3231Cb76718CDeF2155FC47b5286d82e6eDA273f", "A", 1, "0x3231Cb76718CDeF2155FC47b5286d82e6eDA273f", 18, ""); INSERT INTO common_asset_details(identifier, symbol, coingecko, cryptocompare, forked, started, swapped_for) VALUES("eip155:1/erc20:0x3231Cb76718CDeF2155FC47b5286d82e6eDA273f", "EURe", "monerium-eur-money", "EURE", NULL, NULL, NULL);
UPDATE common_asset_details SET cryptocompare = 'VIKKY' WHERE identifier = 'eip155:1/erc20:0xd2946be786F35c3Cc402C29b323647aBda799071';
INSERT INTO assets(identifier, name, type) VALUES("eip155:1/erc20:0xd2946be786F35c3Cc402C29b323647aBda799071", "VikkyToken", "C"); INSERT INTO evm_tokens(identifier, token_kind, chain, address, decimals, protocol) VALUES("eip155:1/erc20:0xd2946be786F35c3Cc402C29b323647aBda799071", "A", 1, "0xd2946be786F35c3Cc402C29b323647aBda799071", 8, ""); INSERT INTO common_asset_details(identifier, symbol, coingecko, cryptocompare, forked, started, swapped_for) VALUES("eip155:1/erc20:0xd2946be786F35c3Cc402C29b323647aBda799071", "VIKKY", "vikkytoken", "VIKKY", NULL, 1528518303, NULL);
UPDATE common_asset_details SET cryptocompare = 'KRL' WHERE identifier = 'eip155:1/erc20:0x464eBE77c293E473B48cFe96dDCf88fcF7bFDAC0';
INSERT INTO assets(identifier, name, type) VALUES("eip155:1/erc20:0x464eBE77c293E473B48cFe96dDCf88fcF7bFDAC0", "Kryll", "C"); INSERT INTO evm_tokens(identifier, token_kind, chain, address, decimals, protocol) VALUES("eip155:1/erc20:0x464eBE77c293E473B48cFe96dDCf88fcF7bFDAC0", "A", 1, "0x464eBE77c293E473B48cFe96dDCf88fcF7bFDAC0", 18, ""); INSERT INTO common_asset_details(identifier, symbol, coingecko, cryptocompare, forked, started, swapped_for) VALUES("eip155:1/erc20:0x464eBE77c293E473B48cFe96dDCf88fcF7bFDAC0", "KRL", "kryll", "KRL", NULL, 1525085278, NULL);
UPDATE common_asset_details SET cryptocompare = 'POLY' WHERE identifier = 'eip155:1/erc20:0x9992eC3cF6A55b00978cdDF2b27BC6882d88D1eC';
INSERT INTO assets(identifier, name, type) VALUES("eip155:1/erc20:0x9992eC3cF6A55b00978cdDF2b27BC6882d88D1eC", "Polymath Network", "C"); INSERT INTO evm_tokens(identifier, token_kind, chain, address, decimals, protocol) VALUES("eip155:1/erc20:0x9992eC3cF6A55b00978cdDF2b27BC6882d88D1eC", "A", 1, "0x9992eC3cF6A55b00978cdDF2b27BC6882d88D1eC", 18, ""); INSERT INTO common_asset_details(identifier, symbol, coingecko, cryptocompare, forked, started, swapped_for) VALUES("eip155:1/erc20:0x9992eC3cF6A55b00978cdDF2b27BC6882d88D1eC", "POLY", "polymath", "POLY", NULL, 1514160000, NULL);
UPDATE common_asset_details SET cryptocompare = 'CLN' WHERE identifier = 'eip155:1/erc20:0x4162178B78D6985480A308B2190EE5517460406D';
INSERT INTO assets(identifier, name, type) VALUES("eip155:1/erc20:0x4162178B78D6985480A308B2190EE5517460406D", "Colu Local Network", "C"); INSERT INTO evm_tokens(identifier, token_kind, chain, address, decimals, protocol) VALUES("eip155:1/erc20:0x4162178B78D6985480A308B2190EE5517460406D", "A", 1, "0x4162178B78D6985480A308B2190EE5517460406D", 18, ""); INSERT INTO common_asset_details(identifier, symbol, coingecko, cryptocompare, forked, started, swapped_for) VALUES("eip155:1/erc20:0x4162178B78D6985480A308B2190EE5517460406D", "CLN", "", "CLN", NULL, 1513123200, NULL);
UPDATE common_asset_details SET cryptocompare = 'BMH' WHERE identifier = 'eip155:1/erc20:0xF03045a4C8077e38f3B8e2Ed33b8aEE69edF869F';
INSERT INTO assets(identifier, name, type) VALUES("eip155:1/erc20:0xF03045a4C8077e38f3B8e2Ed33b8aEE69edF869F", "BlockMesh", "C"); INSERT INTO evm_tokens(identifier, token_kind, chain, address, decimals, protocol) VALUES("eip155:1/erc20:0xF03045a4C8077e38f3B8e2Ed33b8aEE69edF869F", "A", 1, "0xF03045a4C8077e38f3B8e2Ed33b8aEE69edF869F", 18, ""); INSERT INTO common_asset_details(identifier, symbol, coingecko, cryptocompare, forked, started, swapped_for) VALUES("eip155:1/erc20:0xF03045a4C8077e38f3B8e2Ed33b8aEE69edF869F", "BMH", "blockmesh-2", "BMH", NULL, 1518760148, NULL);
UPDATE common_asset_details SET cryptocompare = 'MCB' WHERE identifier = 'eip155:1/erc20:0x4e352cF164E64ADCBad318C3a1e222E9EBa4Ce42';
INSERT INTO assets(identifier, name, type) VALUES("eip155:1/erc20:0x4e352cF164E64ADCBad318C3a1e222E9EBa4Ce42", "MCDEX Token", "C"); INSERT INTO evm_tokens(identifier, token_kind, chain, address, decimals, protocol) VALUES("eip155:1/erc20:0x4e352cF164E64ADCBad318C3a1e222E9EBa4Ce42", "A", 1, "0x4e352cF164E64ADCBad318C3a1e222E9EBa4Ce42", 18, ""); INSERT INTO common_asset_details(identifier, symbol, coingecko, cryptocompare, forked, started, swapped_for) VALUES("eip155:1/erc20:0x4e352cF164E64ADCBad318C3a1e222E9EBa4Ce42", "MCB", "mcdex", "MCB", NULL, 1593849744, NULL);
UPDATE common_asset_details SET cryptocompare = 'ETH2' WHERE identifier = 'ETH2';
INSERT INTO assets(identifier, name, type) VALUES("ETH2", "Staked ETH in Phase 0", "B"); INSERT INTO common_asset_details(identifier, symbol, coingecko, cryptocompare, forked, started, swapped_for) VALUES("ETH2", "ETH", "ethereum", "ETH2", NULL, 1602667372, NULL);
UPDATE common_asset_details SET cryptocompare = 'RFOX' WHERE identifier = 'eip155:1/erc20:0xa1d6Df714F91DeBF4e0802A542E13067f31b8262';
INSERT INTO assets(identifier, name, type) VALUES("eip155:1/erc20:0xa1d6Df714F91DeBF4e0802A542E13067f31b8262", "RFOX", "C"); INSERT INTO evm_tokens(identifier, token_kind, chain, address, decimals, protocol) VALUES("eip155:1/erc20:0xa1d6Df714F91DeBF4e0802A542E13067f31b8262", "A", 1, "0xa1d6Df714F91DeBF4e0802A542E13067f31b8262", 18, ""); INSERT INTO common_asset_details(identifier, symbol, coingecko, cryptocompare, forked, started, swapped_for) VALUES("eip155:1/erc20:0xa1d6Df714F91DeBF4e0802A542E13067f31b8262", "RFOX", "redfox-labs-2", "RFOX", NULL, 1603301829, NULL);
UPDATE common_asset_details SET cryptocompare = 'TFL' WHERE identifier = 'eip155:1/erc20:0xa7f976C360ebBeD4465c2855684D1AAE5271eFa9';
INSERT INTO assets(identifier, name, type) VALUES("eip155:1/erc20:0xa7f976C360ebBeD4465c2855684D1AAE5271eFa9", "TrueFlip", "C"); INSERT INTO evm_tokens(identifier, token_kind, chain, address, decimals, protocol) VALUES("eip155:1/erc20:0xa7f976C360ebBeD4465c2855684D1AAE5271eFa9", "A", 1, "0xa7f976C360ebBeD4465c2855684D1AAE5271eFa9", 8, ""); INSERT INTO common_asset_details(identifier, symbol, coingecko, cryptocompare, forked, started, swapped_for) VALUES("eip155:1/erc20:0xa7f976C360ebBeD4465c2855684D1AAE5271eFa9", "TFL", "trueflip", "TFL", NULL, 1492646400, NULL);
UPDATE common_asset_details SET cryptocompare = 'JES' WHERE identifier = 'eip155:1/erc20:0xD115A61A25c059c78cD34b97Fab7aB25dfC84BC3';
INSERT INTO assets(identifier, name, type) VALUES("eip155:1/erc20:0xD115A61A25c059c78cD34b97Fab7aB25dfC84BC3", "Jesus", "C"); INSERT INTO evm_tokens(identifier, token_kind, chain, address, decimals, protocol) VALUES("eip155:1/erc20:0xD115A61A25c059c78cD34b97Fab7aB25dfC84BC3", "A", 1, "0xD115A61A25c059c78cD34b97Fab7aB25dfC84BC3", 9, ""); INSERT INTO common_asset_details(identifier, symbol, coingecko, cryptocompare, forked, started, swapped_for) VALUES("eip155:1/erc20:0xD115A61A25c059c78cD34b97Fab7aB25dfC84BC3", "RAPTOR", "jesus", "JES", NULL, NULL, NULL);
UPDATE common_asset_details SET cryptocompare = 'XBL' WHERE identifier = 'eip155:1/erc20:0x49AeC0752E68D0282Db544C677f6BA407BA17ED7';
INSERT INTO assets(identifier, name, type) VALUES("eip155:1/erc20:0x49AeC0752E68D0282Db544C677f6BA407BA17ED7", "Billionaire Token", "C"); INSERT INTO evm_tokens(identifier, token_kind, chain, address, decimals, protocol) VALUES("eip155:1/erc20:0x49AeC0752E68D0282Db544C677f6BA407BA17ED7", "A", 1, "0x49AeC0752E68D0282Db544C677f6BA407BA17ED7", 18, ""); INSERT INTO common_asset_details(identifier, symbol, coingecko, cryptocompare, forked, started, swapped_for) VALUES("eip155:1/erc20:0x49AeC0752E68D0282Db544C677f6BA407BA17ED7", "XBL", "billionaire-token", "XBL", NULL, 1501610896, NULL);
UPDATE common_asset_details SET cryptocompare = 'MOT' WHERE identifier = 'eip155:1/erc20:0x263c618480DBe35C300D8d5EcDA19bbB986AcaeD';
INSERT INTO assets(identifier, name, type) VALUES("eip155:1/erc20:0x263c618480DBe35C300D8d5EcDA19bbB986AcaeD", "Olympus Labs", "C"); INSERT INTO evm_tokens(identifier, token_kind, chain, address, decimals, protocol) VALUES("eip155:1/erc20:0x263c618480DBe35C300D8d5EcDA19bbB986AcaeD", "A", 1, "0x263c618480DBe35C300D8d5EcDA19bbB986AcaeD", 18, ""); INSERT INTO common_asset_details(identifier, symbol, coingecko, cryptocompare, forked, started, swapped_for) VALUES("eip155:1/erc20:0x263c618480DBe35C300D8d5EcDA19bbB986AcaeD", "MOT", "", "MOT", NULL, 1510790400, NULL);
UPDATE common_asset_details SET cryptocompare = 'ALIS' WHERE identifier = 'eip155:1/erc20:0xEA610B1153477720748DC13ED378003941d84fAB';
INSERT INTO assets(identifier, name, type) VALUES("eip155:1/erc20:0xEA610B1153477720748DC13ED378003941d84fAB", "ALISmedia", "C"); INSERT INTO evm_tokens(identifier, token_kind, chain, address, decimals, protocol) VALUES("eip155:1/erc20:0xEA610B1153477720748DC13ED378003941d84fAB", "A", 1, "0xEA610B1153477720748DC13ED378003941d84fAB", 18, ""); INSERT INTO common_asset_details(identifier, symbol, coingecko, cryptocompare, forked, started, swapped_for) VALUES("eip155:1/erc20:0xEA610B1153477720748DC13ED378003941d84fAB", "ALIS", "alis", "ALIS", NULL, 1503100800, NULL);
UPDATE common_asset_details SET cryptocompare = 'HER' WHERE identifier = 'eip155:1/erc20:0x491C9A23DB85623EEd455a8EfDd6AbA9b911C5dF';
INSERT INTO assets(identifier, name, type) VALUES("eip155:1/erc20:0x491C9A23DB85623EEd455a8EfDd6AbA9b911C5dF", "HeroNode", "C"); INSERT INTO evm_tokens(identifier, token_kind, chain, address, decimals, protocol) VALUES("eip155:1/erc20:0x491C9A23DB85623EEd455a8EfDd6AbA9b911C5dF", "A", 1, "0x491C9A23DB85623EEd455a8EfDd6AbA9b911C5dF", 18, ""); INSERT INTO common_asset_details(identifier, symbol, coingecko, cryptocompare, forked, started, swapped_for) VALUES("eip155:1/erc20:0x491C9A23DB85623EEd455a8EfDd6AbA9b911C5dF", "HER", "hero-node", "HER", NULL, 1523947699, NULL);
UPDATE common_asset_details SET cryptocompare = 'DACS' WHERE identifier = 'eip155:1/erc20:0xA31108E5BAB5494560Db34c95492658AF239357C';
INSERT INTO assets(identifier, name, type) VALUES("eip155:1/erc20:0xA31108E5BAB5494560Db34c95492658AF239357C", "DACSEE", "C"); INSERT INTO evm_tokens(identifier, token_kind, chain, address, decimals, protocol) VALUES("eip155:1/erc20:0xA31108E5BAB5494560Db34c95492658AF239357C", "A", 1, "0xA31108E5BAB5494560Db34c95492658AF239357C", 18, ""); INSERT INTO common_asset_details(identifier, symbol, coingecko, cryptocompare, forked, started, swapped_for) VALUES("eip155:1/erc20:0xA31108E5BAB5494560Db34c95492658AF239357C", "DACS", "dacsee", "DACS", NULL, 1532878140, NULL);
UPDATE common_asset_details SET cryptocompare = 'ALBT' WHERE identifier = 'eip155:1/erc20:0x00a8b738E453fFd858a7edf03bcCfe20412f0Eb0';
INSERT INTO assets(identifier, name, type) VALUES("eip155:1/erc20:0x00a8b738E453fFd858a7edf03bcCfe20412f0Eb0", "AllianceBlock Token", "C"); INSERT INTO evm_tokens(identifier, token_kind, chain, address, decimals, protocol) VALUES("eip155:1/erc20:0x00a8b738E453fFd858a7edf03bcCfe20412f0Eb0", "A", 1, "0x00a8b738E453fFd858a7edf03bcCfe20412f0Eb0", 18, ""); INSERT INTO common_asset_details(identifier, symbol, coingecko, cryptocompare, forked, started, swapped_for) VALUES("eip155:1/erc20:0x00a8b738E453fFd858a7edf03bcCfe20412f0Eb0", "ALBT", "allianceblock", "ALBT", NULL, 1599479821, NULL);
UPDATE common_asset_details SET cryptocompare = 'FERC' WHERE identifier = 'eip155:1/erc20:0x2eCBa91da63C29EA80Fbe7b52632CA2d1F8e5Be0';
INSERT INTO assets(identifier, name, type) VALUES("eip155:1/erc20:0x2eCBa91da63C29EA80Fbe7b52632CA2d1F8e5Be0", "FairERC20", "C"); INSERT INTO evm_tokens(identifier, token_kind, chain, address, decimals, protocol) VALUES("eip155:1/erc20:0x2eCBa91da63C29EA80Fbe7b52632CA2d1F8e5Be0", "A", 1, "0x2eCBa91da63C29EA80Fbe7b52632CA2d1F8e5Be0", 18, ""); INSERT INTO common_asset_details(identifier, symbol, coingecko, cryptocompare, forked, started, swapped_for) VALUES("eip155:1/erc20:0x2eCBa91da63C29EA80Fbe7b52632CA2d1F8e5Be0", "ferc", "fairerc20", "FERC", NULL, NULL, NULL);
UPDATE common_asset_details SET cryptocompare = 'DGX' WHERE identifier = 'eip155:1/erc20:0x4f3AfEC4E5a3F2A6a1A411DEF7D7dFe50eE057bF';
INSERT INTO assets(identifier, name, type) VALUES("eip155:1/erc20:0x4f3AfEC4E5a3F2A6a1A411DEF7D7dFe50eE057bF", "Digix Gold Token", "C"); INSERT INTO evm_tokens(identifier, token_kind, chain, address, decimals, protocol) VALUES("eip155:1/erc20:0x4f3AfEC4E5a3F2A6a1A411DEF7D7dFe50eE057bF", "A", 1, "0x4f3AfEC4E5a3F2A6a1A411DEF7D7dFe50eE057bF", 9, ""); INSERT INTO common_asset_details(identifier, symbol, coingecko, cryptocompare, forked, started, swapped_for) VALUES("eip155:1/erc20:0x4f3AfEC4E5a3F2A6a1A411DEF7D7dFe50eE057bF", "DGX", "digix-gold", "DGX", NULL, 1521722301, NULL);
UPDATE common_asset_details SET cryptocompare = 'GAM' WHERE identifier = 'eip155:1/erc20:0xF67451Dc8421F0e0afEB52faa8101034ed081Ed9';
INSERT INTO assets(identifier, name, type) VALUES("eip155:1/erc20:0xF67451Dc8421F0e0afEB52faa8101034ed081Ed9", "Gambit", "C"); INSERT INTO evm_tokens(identifier, token_kind, chain, address, decimals, protocol) VALUES("eip155:1/erc20:0xF67451Dc8421F0e0afEB52faa8101034ed081Ed9", "A", 1, "0xF67451Dc8421F0e0afEB52faa8101034ed081Ed9", 8, ""); INSERT INTO common_asset_details(identifier, symbol, coingecko, cryptocompare, forked, started, swapped_for) VALUES("eip155:1/erc20:0xF67451Dc8421F0e0afEB52faa8101034ed081Ed9", "GAM", "", "GAM", NULL, 1430784000, NULL);
UPDATE common_asset_details SET cryptocompare = 'BMC' WHERE identifier = 'eip155:1/erc20:0xDf6Ef343350780BF8C3410BF062e0C015B1DD671';
INSERT INTO assets(identifier, name, type) VALUES("eip155:1/erc20:0xDf6Ef343350780BF8C3410BF062e0C015B1DD671", "Blackmoon", "C"); INSERT INTO evm_tokens(identifier, token_kind, chain, address, decimals, protocol) VALUES("eip155:1/erc20:0xDf6Ef343350780BF8C3410BF062e0C015B1DD671", "A", 1, "0xDf6Ef343350780BF8C3410BF062e0C015B1DD671", 8, ""); INSERT INTO common_asset_details(identifier, symbol, coingecko, cryptocompare, forked, started, swapped_for) VALUES("eip155:1/erc20:0xDf6Ef343350780BF8C3410BF062e0C015B1DD671", "BMC", "blackmoon-crypto", "BMC", NULL, 1502236800, NULL);
UPDATE common_asset_details SET cryptocompare = 'ADAI' WHERE identifier = 'eip155:1/erc20:0xfC1E690f61EFd961294b3e1Ce3313fBD8aa4f85d';
INSERT INTO assets(identifier, name, type) VALUES("eip155:1/erc20:0xfC1E690f61EFd961294b3e1Ce3313fBD8aa4f85d", "Aave Interest bearing DAI", "C"); INSERT INTO evm_tokens(identifier, token_kind, chain, address, decimals, protocol) VALUES("eip155:1/erc20:0xfC1E690f61EFd961294b3e1Ce3313fBD8aa4f85d", "A", 1, "0xfC1E690f61EFd961294b3e1Ce3313fBD8aa4f85d", 18, "aave"); INSERT INTO common_asset_details(identifier, symbol, coingecko, cryptocompare, forked, started, swapped_for) VALUES("eip155:1/erc20:0xfC1E690f61EFd961294b3e1Ce3313fBD8aa4f85d", "aDAI", "aave-dai", "ADAI", NULL, 1578501167, NULL);
UPDATE common_asset_details SET cryptocompare = 'PXL' WHERE identifier = 'eip155:1/erc20:0xF88951D7B676798705fd3a362ba5B1DBca2B233b';
INSERT INTO assets(identifier, name, type) VALUES("eip155:1/erc20:0xF88951D7B676798705fd3a362ba5B1DBca2B233b", "PIXEL", "C"); INSERT INTO evm_tokens(identifier, token_kind, chain, address, decimals, protocol) VALUES("eip155:1/erc20:0xF88951D7B676798705fd3a362ba5B1DBca2B233b", "A", 1, "0xF88951D7B676798705fd3a362ba5B1DBca2B233b", 18, ""); INSERT INTO common_asset_details(identifier, symbol, coingecko, cryptocompare, forked, started, swapped_for) VALUES("eip155:1/erc20:0xF88951D7B676798705fd3a362ba5B1DBca2B233b", "PXL", "piction-network", "PXL", NULL, 1545177600, NULL);
UPDATE common_asset_details SET cryptocompare = 'DTRC' WHERE identifier = 'eip155:1/erc20:0xc20464e0C373486d2B3335576e83a218b1618A5E';
INSERT INTO assets(identifier, name, type) VALUES("eip155:1/erc20:0xc20464e0C373486d2B3335576e83a218b1618A5E", "Datarius Credit", "C"); INSERT INTO evm_tokens(identifier, token_kind, chain, address, decimals, protocol) VALUES("eip155:1/erc20:0xc20464e0C373486d2B3335576e83a218b1618A5E", "A", 1, "0xc20464e0C373486d2B3335576e83a218b1618A5E", 18, ""); INSERT INTO common_asset_details(identifier, symbol, coingecko, cryptocompare, forked, started, swapped_for) VALUES("eip155:1/erc20:0xc20464e0C373486d2B3335576e83a218b1618A5E", "DTRC", "datarius-cryptobank", "DTRC", NULL, 1511827200, NULL);
UPDATE common_asset_details SET cryptocompare = 'CARD' WHERE identifier = 'eip155:1/erc20:0x954b890704693af242613edEf1B603825afcD708';
INSERT INTO assets(identifier, name, type) VALUES("eip155:1/erc20:0x954b890704693af242613edEf1B603825afcD708", "Cardstack", "C"); INSERT INTO evm_tokens(identifier, token_kind, chain, address, decimals, protocol) VALUES("eip155:1/erc20:0x954b890704693af242613edEf1B603825afcD708", "A", 1, "0x954b890704693af242613edEf1B603825afcD708", 18, ""); INSERT INTO common_asset_details(identifier, symbol, coingecko, cryptocompare, forked, started, swapped_for) VALUES("eip155:1/erc20:0x954b890704693af242613edEf1B603825afcD708", "CARD", "cardstack", "CARD", NULL, 1529884800, NULL);
UPDATE common_asset_details SET cryptocompare = 'BETR' WHERE identifier = 'eip155:1/erc20:0x763186eB8d4856D536eD4478302971214FEbc6A9';
INSERT INTO assets(identifier, name, type) VALUES("eip155:1/erc20:0x763186eB8d4856D536eD4478302971214FEbc6A9", "BetterBetting", "C"); INSERT INTO evm_tokens(identifier, token_kind, chain, address, decimals, protocol) VALUES("eip155:1/erc20:0x763186eB8d4856D536eD4478302971214FEbc6A9", "A", 1, "0x763186eB8d4856D536eD4478302971214FEbc6A9", 18, ""); INSERT INTO common_asset_details(identifier, symbol, coingecko, cryptocompare, forked, started, swapped_for) VALUES("eip155:1/erc20:0x763186eB8d4856D536eD4478302971214FEbc6A9", "BETR", "betterbetting", "BETR", NULL, 1513209600, NULL);
UPDATE common_asset_details SET cryptocompare = 'KLIMA' WHERE identifier = 'eip155:137/erc20:0x4e78011Ce80ee02d2c3e649Fb657E45898257815';
INSERT INTO assets(identifier, name, type) VALUES("eip155:137/erc20:0x4e78011Ce80ee02d2c3e649Fb657E45898257815", "Klima DAO", "C"); INSERT INTO evm_tokens(identifier, token_kind, chain, address, decimals, protocol) VALUES("eip155:137/erc20:0x4e78011Ce80ee02d2c3e649Fb657E45898257815", "A", 137, "0x4e78011Ce80ee02d2c3e649Fb657E45898257815", 9, ""); INSERT INTO common_asset_details(identifier, symbol, coingecko, cryptocompare, forked, started, swapped_for) VALUES("eip155:137/erc20:0x4e78011Ce80ee02d2c3e649Fb657E45898257815", "KLIMA", "klima-dao", "KLIMA", NULL, NULL, NULL);
UPDATE common_asset_details SET cryptocompare = 'DEP' WHERE identifier = 'eip155:1/erc20:0x1A3496C18d558bd9C6C8f609E1B129f67AB08163';
INSERT INTO assets(identifier, name, type) VALUES("eip155:1/erc20:0x1A3496C18d558bd9C6C8f609E1B129f67AB08163", "DEAPcoin", "C"); INSERT INTO evm_tokens(identifier, token_kind, chain, address, decimals, protocol) VALUES("eip155:1/erc20:0x1A3496C18d558bd9C6C8f609E1B129f67AB08163", "A", 1, "0x1A3496C18d558bd9C6C8f609E1B129f67AB08163", 18, ""); INSERT INTO common_asset_details(identifier, symbol, coingecko, cryptocompare, forked, started, swapped_for) VALUES("eip155:1/erc20:0x1A3496C18d558bd9C6C8f609E1B129f67AB08163", "DEP", "deapcoin", "DEP", NULL, 1566893360, NULL);
UPDATE common_asset_details SET cryptocompare = 'CJT' WHERE identifier = 'eip155:1/erc20:0x3abdfF32F76b42E7635bdb7e425f0231A5F3aB17';
INSERT INTO assets(identifier, name, type) VALUES("eip155:1/erc20:0x3abdfF32F76b42E7635bdb7e425f0231A5F3aB17", "ConnectJob", "C"); INSERT INTO evm_tokens(identifier, token_kind, chain, address, decimals, protocol) VALUES("eip155:1/erc20:0x3abdfF32F76b42E7635bdb7e425f0231A5F3aB17", "A", 1, "0x3abdfF32F76b42E7635bdb7e425f0231A5F3aB17", 18, ""); INSERT INTO common_asset_details(identifier, symbol, coingecko, cryptocompare, forked, started, swapped_for) VALUES("eip155:1/erc20:0x3abdfF32F76b42E7635bdb7e425f0231A5F3aB17", "CJT", "connectjob", "CJT", NULL, 1518623183, NULL);
UPDATE common_asset_details SET cryptocompare = 'PRIME' WHERE identifier = 'eip155:1/erc20:0xb23d80f5FefcDDaa212212F028021B41DEd428CF';
INSERT INTO assets(identifier, name, type) VALUES("eip155:1/erc20:0xb23d80f5FefcDDaa212212F028021B41DEd428CF", "Prime", "C"); INSERT INTO evm_tokens(identifier, token_kind, chain, address, decimals, protocol) VALUES("eip155:1/erc20:0xb23d80f5FefcDDaa212212F028021B41DEd428CF", "A", 1, "0xb23d80f5FefcDDaa212212F028021B41DEd428CF", 18, ""); INSERT INTO common_asset_details(identifier, symbol, coingecko, cryptocompare, forked, started, swapped_for) VALUES("eip155:1/erc20:0xb23d80f5FefcDDaa212212F028021B41DEd428CF", "PRIME", "echelon-prime", "PRIME", NULL, 1658083280, NULL);
UPDATE common_asset_details SET cryptocompare = 'VEUR' WHERE identifier = 'eip155:1/erc20:0x6bA75D640bEbfe5dA1197bb5A2aff3327789b5d3';
INSERT INTO assets(identifier, name, type) VALUES("eip155:1/erc20:0x6bA75D640bEbfe5dA1197bb5A2aff3327789b5d3", "VNX Euro", "C"); INSERT INTO evm_tokens(identifier, token_kind, chain, address, decimals, protocol) VALUES("eip155:1/erc20:0x6bA75D640bEbfe5dA1197bb5A2aff3327789b5d3", "A", 1, "0x6bA75D640bEbfe5dA1197bb5A2aff3327789b5d3", 18, ""); INSERT INTO common_asset_details(identifier, symbol, coingecko, cryptocompare, forked, started, swapped_for) VALUES("eip155:1/erc20:0x6bA75D640bEbfe5dA1197bb5A2aff3327789b5d3", "VEUR", "", "VEUR", NULL, NULL, NULL);
UPDATE common_asset_details SET cryptocompare = 'KDOE' WHERE identifier = 'eip155:1/erc20:0x5f190F9082878cA141F858c1c90B4C59fe2782C5';
INSERT INTO assets(identifier, name, type) VALUES("eip155:1/erc20:0x5f190F9082878cA141F858c1c90B4C59fe2782C5", "Kudoe", "C"); INSERT INTO evm_tokens(identifier, token_kind, chain, address, decimals, protocol) VALUES("eip155:1/erc20:0x5f190F9082878cA141F858c1c90B4C59fe2782C5", "A", 1, "0x5f190F9082878cA141F858c1c90B4C59fe2782C5", 18, ""); INSERT INTO common_asset_details(identifier, symbol, coingecko, cryptocompare, forked, started, swapped_for) VALUES("eip155:1/erc20:0x5f190F9082878cA141F858c1c90B4C59fe2782C5", "KDOE", "kudoe", "KDOE", NULL, 1673317355, NULL);
UPDATE common_asset_details SET cryptocompare = 'STORJ' WHERE identifier = 'eip155:1/erc20:0xB64ef51C888972c908CFacf59B47C1AfBC0Ab8aC';
INSERT INTO assets(identifier, name, type) VALUES("eip155:1/erc20:0xB64ef51C888972c908CFacf59B47C1AfBC0Ab8aC", "Storj", "C"); INSERT INTO evm_tokens(identifier, token_kind, chain, address, decimals, protocol) VALUES("eip155:1/erc20:0xB64ef51C888972c908CFacf59B47C1AfBC0Ab8aC", "A", 1, "0xB64ef51C888972c908CFacf59B47C1AfBC0Ab8aC", 8, ""); INSERT INTO common_asset_details(identifier, symbol, coingecko, cryptocompare, forked, started, swapped_for) VALUES("eip155:1/erc20:0xB64ef51C888972c908CFacf59B47C1AfBC0Ab8aC", "STORJ", "storj", "STORJ", NULL, 1497888995, NULL);
UPDATE common_asset_details SET cryptocompare = 'REX' WHERE identifier = 'eip155:1/erc20:0xf05a9382A4C3F29E2784502754293D88b835109C';
INSERT INTO assets(identifier, name, type) VALUES("eip155:1/erc20:0xf05a9382A4C3F29E2784502754293D88b835109C", "imbrex", "C"); INSERT INTO evm_tokens(identifier, token_kind, chain, address, decimals, protocol) VALUES("eip155:1/erc20:0xf05a9382A4C3F29E2784502754293D88b835109C", "A", 1, "0xf05a9382A4C3F29E2784502754293D88b835109C", 18, ""); INSERT INTO common_asset_details(identifier, symbol, coingecko, cryptocompare, forked, started, swapped_for) VALUES("eip155:1/erc20:0xf05a9382A4C3F29E2784502754293D88b835109C", "REX", "rex", "REX", NULL, 1501521922, NULL);
UPDATE common_asset_details SET cryptocompare = 'ADB' WHERE identifier = 'eip155:1/erc20:0x2baac9330Cf9aC479D819195794d79AD0c7616e3';
INSERT INTO assets(identifier, name, type) VALUES("eip155:1/erc20:0x2baac9330Cf9aC479D819195794d79AD0c7616e3", "adbank", "C"); INSERT INTO evm_tokens(identifier, token_kind, chain, address, decimals, protocol) VALUES("eip155:1/erc20:0x2baac9330Cf9aC479D819195794d79AD0c7616e3", "A", 1, "0x2baac9330Cf9aC479D819195794d79AD0c7616e3", 18, ""); INSERT INTO common_asset_details(identifier, symbol, coingecko, cryptocompare, forked, started, swapped_for) VALUES("eip155:1/erc20:0x2baac9330Cf9aC479D819195794d79AD0c7616e3", "ADB", "adbank", "ADB", NULL, 1510704000, NULL);
UPDATE common_asset_details SET cryptocompare = 'TTV' WHERE identifier = 'eip155:1/erc20:0xa838be6E4b760E6061D4732D6B9F11Bf578f9A76';
INSERT INTO assets(identifier, name, type) VALUES("eip155:1/erc20:0xa838be6E4b760E6061D4732D6B9F11Bf578f9A76", "TV-TWO", "C"); INSERT INTO evm_tokens(identifier, token_kind, chain, address, decimals, protocol) VALUES("eip155:1/erc20:0xa838be6E4b760E6061D4732D6B9F11Bf578f9A76", "A", 1, "0xa838be6E4b760E6061D4732D6B9F11Bf578f9A76", 18, ""); INSERT INTO common_asset_details(identifier, symbol, coingecko, cryptocompare, forked, started, swapped_for) VALUES("eip155:1/erc20:0xa838be6E4b760E6061D4732D6B9F11Bf578f9A76", "TTV", "tv-two", "TTV", NULL, 1526568632, NULL);
UPDATE common_asset_details SET cryptocompare = 'RHOC' WHERE identifier = 'eip155:1/erc20:0x168296bb09e24A88805CB9c33356536B980D3fC5';
INSERT INTO assets(identifier, name, type) VALUES("eip155:1/erc20:0x168296bb09e24A88805CB9c33356536B980D3fC5", "RChain", "C"); INSERT INTO evm_tokens(identifier, token_kind, chain, address, decimals, protocol) VALUES("eip155:1/erc20:0x168296bb09e24A88805CB9c33356536B980D3fC5", "A", 1, "0x168296bb09e24A88805CB9c33356536B980D3fC5", 8, ""); INSERT INTO common_asset_details(identifier, symbol, coingecko, cryptocompare, forked, started, swapped_for) VALUES("eip155:1/erc20:0x168296bb09e24A88805CB9c33356536B980D3fC5", "RHOC", "", "RHOC", NULL, 1489972755, NULL);
UPDATE common_asset_details SET cryptocompare = 'MTRA' WHERE identifier = 'eip155:1/erc20:0xC62DEF1701309bb76e6B39B6ab8B5fAC910A3C87';
INSERT INTO assets(identifier, name, type) VALUES("eip155:1/erc20:0xC62DEF1701309bb76e6B39B6ab8B5fAC910A3C87", "MetaRare", "C"); INSERT INTO evm_tokens(identifier, token_kind, chain, address, decimals, protocol) VALUES("eip155:1/erc20:0xC62DEF1701309bb76e6B39B6ab8B5fAC910A3C87", "A", 1, "0xC62DEF1701309bb76e6B39B6ab8B5fAC910A3C87", 18, ""); INSERT INTO common_asset_details(identifier, symbol, coingecko, cryptocompare, forked, started, swapped_for) VALUES("eip155:1/erc20:0xC62DEF1701309bb76e6B39B6ab8B5fAC910A3C87", "MTRA", "metarare", "MTRA", NULL, 1639984145, NULL);
UPDATE common_asset_details SET cryptocompare = 'XRL' WHERE identifier = 'eip155:1/erc20:0xB24754bE79281553dc1adC160ddF5Cd9b74361a4';
INSERT INTO assets(identifier, name, type) VALUES("eip155:1/erc20:0xB24754bE79281553dc1adC160ddF5Cd9b74361a4", "Rialto", "C"); INSERT INTO evm_tokens(identifier, token_kind, chain, address, decimals, protocol) VALUES("eip155:1/erc20:0xB24754bE79281553dc1adC160ddF5Cd9b74361a4", "A", 1, "0xB24754bE79281553dc1adC160ddF5Cd9b74361a4", 9, ""); INSERT INTO common_asset_details(identifier, symbol, coingecko, cryptocompare, forked, started, swapped_for) VALUES("eip155:1/erc20:0xB24754bE79281553dc1adC160ddF5Cd9b74361a4", "XRL", "", "XRL", NULL, 1499339032, NULL);
UPDATE common_asset_details SET cryptocompare = 'NTK' WHERE identifier = 'eip155:1/erc20:0x69BEaB403438253f13b6e92Db91F7FB849258263';
INSERT INTO assets(identifier, name, type) VALUES("eip155:1/erc20:0x69BEaB403438253f13b6e92Db91F7FB849258263", "Neurotoken", "C"); INSERT INTO evm_tokens(identifier, token_kind, chain, address, decimals, protocol) VALUES("eip155:1/erc20:0x69BEaB403438253f13b6e92Db91F7FB849258263", "A", 1, "0x69BEaB403438253f13b6e92Db91F7FB849258263", 18, ""); INSERT INTO common_asset_details(identifier, symbol, coingecko, cryptocompare, forked, started, swapped_for) VALUES("eip155:1/erc20:0x69BEaB403438253f13b6e92Db91F7FB849258263", "NTK", "neurotoken", "NTK", NULL, 1514979939, NULL);
UPDATE common_asset_details SET cryptocompare = 'OMI' WHERE identifier = 'eip155:1/erc20:0xeD35af169aF46a02eE13b9d79Eb57d6D68C1749e';
INSERT INTO assets(identifier, name, type) VALUES("eip155:1/erc20:0xeD35af169aF46a02eE13b9d79Eb57d6D68C1749e", "OMI Token", "C"); INSERT INTO evm_tokens(identifier, token_kind, chain, address, decimals, protocol) VALUES("eip155:1/erc20:0xeD35af169aF46a02eE13b9d79Eb57d6D68C1749e", "A", 1, "0xeD35af169aF46a02eE13b9d79Eb57d6D68C1749e", 18, ""); INSERT INTO common_asset_details(identifier, symbol, coingecko, cryptocompare, forked, started, swapped_for) VALUES("eip155:1/erc20:0xeD35af169aF46a02eE13b9d79Eb57d6D68C1749e", "OMI", "ecomi", "OMI", NULL, 1632037514, NULL);
UPDATE common_asset_details SET cryptocompare = 'VIBE' WHERE identifier = 'eip155:1/erc20:0xe8Ff5C9c75dEb346acAc493C463C8950Be03Dfba';
INSERT INTO assets(identifier, name, type) VALUES("eip155:1/erc20:0xe8Ff5C9c75dEb346acAc493C463C8950Be03Dfba", "VIBE", "C"); INSERT INTO evm_tokens(identifier, token_kind, chain, address, decimals, protocol) VALUES("eip155:1/erc20:0xe8Ff5C9c75dEb346acAc493C463C8950Be03Dfba", "A", 1, "0xe8Ff5C9c75dEb346acAc493C463C8950Be03Dfba", 18, ""); INSERT INTO common_asset_details(identifier, symbol, coingecko, cryptocompare, forked, started, swapped_for) VALUES("eip155:1/erc20:0xe8Ff5C9c75dEb346acAc493C463C8950Be03Dfba", "VIBE", "vibe", "VIBE", NULL, 1500422400, NULL);
UPDATE common_asset_details SET cryptocompare = 'FDZ' WHERE identifier = 'eip155:1/erc20:0x23352036E911A22Cfc692B5E2E196692658ADED9';
INSERT INTO assets(identifier, name, type) VALUES("eip155:1/erc20:0x23352036E911A22Cfc692B5E2E196692658ADED9", "Friendz", "C"); INSERT INTO evm_tokens(identifier, token_kind, chain, address, decimals, protocol) VALUES("eip155:1/erc20:0x23352036E911A22Cfc692B5E2E196692658ADED9", "A", 1, "0x23352036E911A22Cfc692B5E2E196692658ADED9", 18, ""); INSERT INTO common_asset_details(identifier, symbol, coingecko, cryptocompare, forked, started, swapped_for) VALUES("eip155:1/erc20:0x23352036E911A22Cfc692B5E2E196692658ADED9", "FDZ", "friendz", "FDZ", NULL, 1516752000, NULL);
UPDATE common_asset_details SET cryptocompare = 'REVV' WHERE identifier = 'eip155:1/erc20:0x557B933a7C2c45672B610F8954A3deB39a51A8Ca';
INSERT INTO assets(identifier, name, type) VALUES("eip155:1/erc20:0x557B933a7C2c45672B610F8954A3deB39a51A8Ca", "REVV", "C"); INSERT INTO evm_tokens(identifier, token_kind, chain, address, decimals, protocol) VALUES("eip155:1/erc20:0x557B933a7C2c45672B610F8954A3deB39a51A8Ca", "A", 1, "0x557B933a7C2c45672B610F8954A3deB39a51A8Ca", 18, ""); INSERT INTO common_asset_details(identifier, symbol, coingecko, cryptocompare, forked, started, swapped_for) VALUES("eip155:1/erc20:0x557B933a7C2c45672B610F8954A3deB39a51A8Ca", "REVV", "revv", "REVV", NULL, 1598945108, NULL);
UPDATE common_asset_details SET cryptocompare = 'WTT' WHERE identifier = 'eip155:1/erc20:0x84119cb33E8F590D75c2D6Ea4e6B0741a7494EDA';
INSERT INTO assets(identifier, name, type) VALUES("eip155:1/erc20:0x84119cb33E8F590D75c2D6Ea4e6B0741a7494EDA", "Giga Watt Token", "C"); INSERT INTO evm_tokens(identifier, token_kind, chain, address, decimals, protocol) VALUES("eip155:1/erc20:0x84119cb33E8F590D75c2D6Ea4e6B0741a7494EDA", "A", 1, "0x84119cb33E8F590D75c2D6Ea4e6B0741a7494EDA", 0, ""); INSERT INTO common_asset_details(identifier, symbol, coingecko, cryptocompare, forked, started, swapped_for) VALUES("eip155:1/erc20:0x84119cb33E8F590D75c2D6Ea4e6B0741a7494EDA", "WTT", "giga-watt-token", "WTT", NULL, 1494547200, NULL);
UPDATE common_asset_details SET cryptocompare = 'CHSB' WHERE identifier = 'eip155:1/erc20:0xba9d4199faB4f26eFE3551D490E3821486f135Ba';
INSERT INTO assets(identifier, name, type) VALUES("eip155:1/erc20:0xba9d4199faB4f26eFE3551D490E3821486f135Ba", "SwissBorg", "C"); INSERT INTO evm_tokens(identifier, token_kind, chain, address, decimals, protocol) VALUES("eip155:1/erc20:0xba9d4199faB4f26eFE3551D490E3821486f135Ba", "A", 1, "0xba9d4199faB4f26eFE3551D490E3821486f135Ba", 8, ""); INSERT INTO common_asset_details(identifier, symbol, coingecko, cryptocompare, forked, started, swapped_for) VALUES("eip155:1/erc20:0xba9d4199faB4f26eFE3551D490E3821486f135Ba", "CHSB", "swissborg", "CHSB", NULL, 1504828800, NULL);
UPDATE common_asset_details SET cryptocompare = 'ENGT' WHERE identifier = 'eip155:1/erc20:0x5DBAC24e98E2a4f43ADC0DC82Af403fca063Ce2c';
INSERT INTO assets(identifier, name, type) VALUES("eip155:1/erc20:0x5DBAC24e98E2a4f43ADC0DC82Af403fca063Ce2c", "Engagement Token", "C"); INSERT INTO evm_tokens(identifier, token_kind, chain, address, decimals, protocol) VALUES("eip155:1/erc20:0x5DBAC24e98E2a4f43ADC0DC82Af403fca063Ce2c", "A", 1, "0x5DBAC24e98E2a4f43ADC0DC82Af403fca063Ce2c", 18, ""); INSERT INTO common_asset_details(identifier, symbol, coingecko, cryptocompare, forked, started, swapped_for) VALUES("eip155:1/erc20:0x5DBAC24e98E2a4f43ADC0DC82Af403fca063Ce2c", "ENGT", "", "ENGT", NULL, 1524156383, NULL);
UPDATE common_asset_details SET cryptocompare = 'MCO' WHERE identifier = 'eip155:1/erc20:0xB63B606Ac810a52cCa15e44bB630fd42D8d1d83d';
INSERT INTO assets(identifier, name, type) VALUES("eip155:1/erc20:0xB63B606Ac810a52cCa15e44bB630fd42D8d1d83d", "Crypto.com", "C"); INSERT INTO evm_tokens(identifier, token_kind, chain, address, decimals, protocol) VALUES("eip155:1/erc20:0xB63B606Ac810a52cCa15e44bB630fd42D8d1d83d", "A", 1, "0xB63B606Ac810a52cCa15e44bB630fd42D8d1d83d", 8, ""); INSERT INTO common_asset_details(identifier, symbol, coingecko, cryptocompare, forked, started, swapped_for) VALUES("eip155:1/erc20:0xB63B606Ac810a52cCa15e44bB630fd42D8d1d83d", "MCO", "crypto-com-chain", "MCO", NULL, 1495065600, "eip155:1/erc20:0xA0b73E1Ff0B80914AB6fe0444E65848C4C34450b");
UPDATE common_asset_details SET cryptocompare = 'SWETH' WHERE identifier = 'eip155:1/erc20:0xf951E335afb289353dc249e82926178EaC7DEd78';
INSERT INTO assets(identifier, name, type) VALUES("eip155:1/erc20:0xf951E335afb289353dc249e82926178EaC7DEd78", "swETH", "C"); INSERT INTO evm_tokens(identifier, token_kind, chain, address, decimals, protocol) VALUES("eip155:1/erc20:0xf951E335afb289353dc249e82926178EaC7DEd78", "A", 1, "0xf951E335afb289353dc249e82926178EaC7DEd78", 18, ""); INSERT INTO common_asset_details(identifier, symbol, coingecko, cryptocompare, forked, started, swapped_for) VALUES("eip155:1/erc20:0xf951E335afb289353dc249e82926178EaC7DEd78", "swETH", "", "SWETH", NULL, NULL, NULL);
UPDATE common_asset_details SET cryptocompare = 'AID' WHERE identifier = 'eip155:1/erc20:0x37E8789bB9996CaC9156cD5F5Fd32599E6b91289';
INSERT INTO assets(identifier, name, type) VALUES("eip155:1/erc20:0x37E8789bB9996CaC9156cD5F5Fd32599E6b91289", "AidCoin", "C"); INSERT INTO evm_tokens(identifier, token_kind, chain, address, decimals, protocol) VALUES("eip155:1/erc20:0x37E8789bB9996CaC9156cD5F5Fd32599E6b91289", "A", 1, "0x37E8789bB9996CaC9156cD5F5Fd32599E6b91289", 18, ""); INSERT INTO common_asset_details(identifier, symbol, coingecko, cryptocompare, forked, started, swapped_for) VALUES("eip155:1/erc20:0x37E8789bB9996CaC9156cD5F5Fd32599E6b91289", "AID", "aidcoin", "AID", NULL, 1509580800, NULL);
UPDATE common_asset_details SET cryptocompare = 'CTSI' WHERE identifier = 'eip155:1/erc20:0x491604c0FDF08347Dd1fa4Ee062a822A5DD06B5D';
INSERT INTO assets(identifier, name, type) VALUES("eip155:1/erc20:0x491604c0FDF08347Dd1fa4Ee062a822A5DD06B5D", "Cartesi", "C"); INSERT INTO evm_tokens(identifier, token_kind, chain, address, decimals, protocol) VALUES("eip155:1/erc20:0x491604c0FDF08347Dd1fa4Ee062a822A5DD06B5D", "A", 1, "0x491604c0FDF08347Dd1fa4Ee062a822A5DD06B5D", 18, ""); INSERT INTO common_asset_details(identifier, symbol, coingecko, cryptocompare, forked, started, swapped_for) VALUES("eip155:1/erc20:0x491604c0FDF08347Dd1fa4Ee062a822A5DD06B5D", "CTSI", "cartesi", "CTSI", NULL, 1587355556, NULL);
UPDATE common_asset_details SET cryptocompare = 'WPR' WHERE identifier = 'eip155:1/erc20:0x4CF488387F035FF08c371515562CBa712f9015d4';
INSERT INTO assets(identifier, name, type) VALUES("eip155:1/erc20:0x4CF488387F035FF08c371515562CBa712f9015d4", "WePower", "C"); INSERT INTO evm_tokens(identifier, token_kind, chain, address, decimals, protocol) VALUES("eip155:1/erc20:0x4CF488387F035FF08c371515562CBa712f9015d4", "A", 1, "0x4CF488387F035FF08c371515562CBa712f9015d4", 18, ""); INSERT INTO common_asset_details(identifier, symbol, coingecko, cryptocompare, forked, started, swapped_for) VALUES("eip155:1/erc20:0x4CF488387F035FF08c371515562CBa712f9015d4", "WPR", "wepower", "WPR", NULL, 1515024000, NULL);
UPDATE common_asset_details SET cryptocompare = 'CETH' WHERE identifier = 'eip155:1/erc20:0x4Ddc2D193948926D02f9B1fE9e1daa0718270ED5';
INSERT INTO assets(identifier, name, type) VALUES("eip155:1/erc20:0x4Ddc2D193948926D02f9B1fE9e1daa0718270ED5", "Compound ETH", "C"); INSERT INTO evm_tokens(identifier, token_kind, chain, address, decimals, protocol) VALUES("eip155:1/erc20:0x4Ddc2D193948926D02f9B1fE9e1daa0718270ED5", "A", 1, "0x4Ddc2D193948926D02f9B1fE9e1daa0718270ED5", 8, "compound"); INSERT INTO common_asset_details(identifier, symbol, coingecko, cryptocompare, forked, started, swapped_for) VALUES("eip155:1/erc20:0x4Ddc2D193948926D02f9B1fE9e1daa0718270ED5", "cETH", "compound-ether", "CETH", NULL, 1557192318, NULL);
UPDATE common_asset_details SET cryptocompare = 'MBRS' WHERE identifier = 'eip155:1/erc20:0x386467F1f3ddbE832448650418311a479EECFC57';
INSERT INTO assets(identifier, name, type) VALUES("eip155:1/erc20:0x386467F1f3ddbE832448650418311a479EECFC57", "Embers", "C"); INSERT INTO evm_tokens(identifier, token_kind, chain, address, decimals, protocol) VALUES("eip155:1/erc20:0x386467F1f3ddbE832448650418311a479EECFC57", "A", 1, "0x386467F1f3ddbE832448650418311a479EECFC57", 0, ""); INSERT INTO common_asset_details(identifier, symbol, coingecko, cryptocompare, forked, started, swapped_for) VALUES("eip155:1/erc20:0x386467F1f3ddbE832448650418311a479EECFC57", "MBRS", "", "MBRS", NULL, 1494547200, NULL);
UPDATE common_asset_details SET cryptocompare = 'WOETH' WHERE identifier = 'eip155:1/erc20:0xDcEe70654261AF21C44c093C300eD3Bb97b78192';
INSERT INTO assets(identifier, name, type) VALUES("eip155:1/erc20:0xDcEe70654261AF21C44c093C300eD3Bb97b78192", "Wrapped OETH", "C"); INSERT INTO evm_tokens(identifier, token_kind, chain, address, decimals, protocol) VALUES("eip155:1/erc20:0xDcEe70654261AF21C44c093C300eD3Bb97b78192", "A", 1, "0xDcEe70654261AF21C44c093C300eD3Bb97b78192", 18, ""); INSERT INTO common_asset_details(identifier, symbol, coingecko, cryptocompare, forked, started, swapped_for) VALUES("eip155:1/erc20:0xDcEe70654261AF21C44c093C300eD3Bb97b78192", "WOETH", "", "WOETH", NULL, NULL, NULL);
UPDATE common_asset_details SET cryptocompare = 'BOA' WHERE identifier = 'eip155:1/erc20:0x746DdA2ea243400D5a63e0700F190aB79f06489e';
INSERT INTO assets(identifier, name, type) VALUES("eip155:1/erc20:0x746DdA2ea243400D5a63e0700F190aB79f06489e", "BOSAGORA", "C"); INSERT INTO evm_tokens(identifier, token_kind, chain, address, decimals, protocol) VALUES("eip155:1/erc20:0x746DdA2ea243400D5a63e0700F190aB79f06489e", "A", 1, "0x746DdA2ea243400D5a63e0700F190aB79f06489e", 7, ""); INSERT INTO common_asset_details(identifier, symbol, coingecko, cryptocompare, forked, started, swapped_for) VALUES("eip155:1/erc20:0x746DdA2ea243400D5a63e0700F190aB79f06489e", "BOA", "bosagora", "BOA", NULL, 1557993540, NULL);
UPDATE common_asset_details SET cryptocompare = 'DGD' WHERE identifier = 'eip155:1/erc20:0xE0B7927c4aF23765Cb51314A0E0521A9645F0E2A';
INSERT INTO assets(identifier, name, type) VALUES("eip155:1/erc20:0xE0B7927c4aF23765Cb51314A0E0521A9645F0E2A", "DigixDAO", "C"); INSERT INTO evm_tokens(identifier, token_kind, chain, address, decimals, protocol) VALUES("eip155:1/erc20:0xE0B7927c4aF23765Cb51314A0E0521A9645F0E2A", "A", 1, "0xE0B7927c4aF23765Cb51314A0E0521A9645F0E2A", 9, ""); INSERT INTO common_asset_details(identifier, symbol, coingecko, cryptocompare, forked, started, swapped_for) VALUES("eip155:1/erc20:0xE0B7927c4aF23765Cb51314A0E0521A9645F0E2A", "DGD", "digixdao", "DGD", NULL, 1460996371, NULL);
UPDATE common_asset_details SET cryptocompare = 'KUE' WHERE identifier = 'eip155:1/erc20:0xdf1338FbAfe7aF1789151627B886781ba556eF9a';
INSERT INTO assets(identifier, name, type) VALUES("eip155:1/erc20:0xdf1338FbAfe7aF1789151627B886781ba556eF9a", "Kuende", "C"); INSERT INTO evm_tokens(identifier, token_kind, chain, address, decimals, protocol) VALUES("eip155:1/erc20:0xdf1338FbAfe7aF1789151627B886781ba556eF9a", "A", 1, "0xdf1338FbAfe7aF1789151627B886781ba556eF9a", 18, ""); INSERT INTO common_asset_details(identifier, symbol, coingecko, cryptocompare, forked, started, swapped_for) VALUES("eip155:1/erc20:0xdf1338FbAfe7aF1789151627B886781ba556eF9a", "KUE", "kuende", "KUE", NULL, 1528675200, NULL);
UPDATE common_asset_details SET cryptocompare = 'OPT' WHERE identifier = 'eip155:1/erc20:0x4355fC160f74328f9b383dF2EC589bB3dFd82Ba0';
INSERT INTO assets(identifier, name, type) VALUES("eip155:1/erc20:0x4355fC160f74328f9b383dF2EC589bB3dFd82Ba0", "Opus", "C"); INSERT INTO evm_tokens(identifier, token_kind, chain, address, decimals, protocol) VALUES("eip155:1/erc20:0x4355fC160f74328f9b383dF2EC589bB3dFd82Ba0", "A", 1, "0x4355fC160f74328f9b383dF2EC589bB3dFd82Ba0", 18, ""); INSERT INTO common_asset_details(identifier, symbol, coingecko, cryptocompare, forked, started, swapped_for) VALUES("eip155:1/erc20:0x4355fC160f74328f9b383dF2EC589bB3dFd82Ba0", "OPT", "opus", "OPT", NULL, 1499992958, NULL);
UPDATE common_asset_details SET cryptocompare = 'QVT' WHERE identifier = 'eip155:1/erc20:0x1183F92A5624D68e85FFB9170F16BF0443B4c242';
INSERT INTO assets(identifier, name, type) VALUES("eip155:1/erc20:0x1183F92A5624D68e85FFB9170F16BF0443B4c242", "Qvolta", "C"); INSERT INTO evm_tokens(identifier, token_kind, chain, address, decimals, protocol) VALUES("eip155:1/erc20:0x1183F92A5624D68e85FFB9170F16BF0443B4c242", "A", 1, "0x1183F92A5624D68e85FFB9170F16BF0443B4c242", 18, ""); INSERT INTO common_asset_details(identifier, symbol, coingecko, cryptocompare, forked, started, swapped_for) VALUES("eip155:1/erc20:0x1183F92A5624D68e85FFB9170F16BF0443B4c242", "QVT", "", "QVT", NULL, 1506698912, NULL);
UPDATE common_asset_details SET cryptocompare = 'ROOBEE' WHERE identifier = 'eip155:1/erc20:0xA31B1767e09f842ECFd4bc471Fe44F830E3891AA';
INSERT INTO assets(identifier, name, type) VALUES("eip155:1/erc20:0xA31B1767e09f842ECFd4bc471Fe44F830E3891AA", "Roobee", "C"); INSERT INTO evm_tokens(identifier, token_kind, chain, address, decimals, protocol) VALUES("eip155:1/erc20:0xA31B1767e09f842ECFd4bc471Fe44F830E3891AA", "A", 1, "0xA31B1767e09f842ECFd4bc471Fe44F830E3891AA", 18, ""); INSERT INTO common_asset_details(identifier, symbol, coingecko, cryptocompare, forked, started, swapped_for) VALUES("eip155:1/erc20:0xA31B1767e09f842ECFd4bc471Fe44F830E3891AA", "ROOBEE", "roobee", "ROOBEE", NULL, 1555677743, NULL);
UPDATE common_asset_details SET cryptocompare = 'POWR' WHERE identifier = 'eip155:1/erc20:0x595832F8FC6BF59c85C527fEC3740A1b7a361269';
INSERT INTO assets(identifier, name, type) VALUES("eip155:1/erc20:0x595832F8FC6BF59c85C527fEC3740A1b7a361269", "Power Ledger", "C"); INSERT INTO evm_tokens(identifier, token_kind, chain, address, decimals, protocol) VALUES("eip155:1/erc20:0x595832F8FC6BF59c85C527fEC3740A1b7a361269", "A", 1, "0x595832F8FC6BF59c85C527fEC3740A1b7a361269", 6, ""); INSERT INTO common_asset_details(identifier, symbol, coingecko, cryptocompare, forked, started, swapped_for) VALUES("eip155:1/erc20:0x595832F8FC6BF59c85C527fEC3740A1b7a361269", "POWR", "power-ledger", "POWR", NULL, 1499212800, NULL);
UPDATE common_asset_details SET cryptocompare = 'AMLT' WHERE identifier = 'eip155:1/erc20:0xCA0e7269600d353F70b14Ad118A49575455C0f2f';
INSERT INTO assets(identifier, name, type) VALUES("eip155:1/erc20:0xCA0e7269600d353F70b14Ad118A49575455C0f2f", "AMLT", "C"); INSERT INTO evm_tokens(identifier, token_kind, chain, address, decimals, protocol) VALUES("eip155:1/erc20:0xCA0e7269600d353F70b14Ad118A49575455C0f2f", "A", 1, "0xCA0e7269600d353F70b14Ad118A49575455C0f2f", 18, ""); INSERT INTO common_asset_details(identifier, symbol, coingecko, cryptocompare, forked, started, swapped_for) VALUES("eip155:1/erc20:0xCA0e7269600d353F70b14Ad118A49575455C0f2f", "AMLT", "coinfirm-amlt", "AMLT", NULL, 1510338416, NULL);
UPDATE common_asset_details SET cryptocompare = 'BAL' WHERE identifier = 'eip155:1/erc20:0xba100000625a3754423978a60c9317c58a424e3D';
INSERT INTO assets(identifier, name, type) VALUES("eip155:1/erc20:0xba100000625a3754423978a60c9317c58a424e3D", "Balancer", "C"); INSERT INTO evm_tokens(identifier, token_kind, chain, address, decimals, protocol) VALUES("eip155:1/erc20:0xba100000625a3754423978a60c9317c58a424e3D", "A", 1, "0xba100000625a3754423978a60c9317c58a424e3D", 18, ""); INSERT INTO common_asset_details(identifier, symbol, coingecko, cryptocompare, forked, started, swapped_for) VALUES("eip155:1/erc20:0xba100000625a3754423978a60c9317c58a424e3D", "BAL", "balancer", "BAL", NULL, 1592616779, NULL);
UPDATE common_asset_details SET cryptocompare = 'STUDENTC' WHERE identifier = 'eip155:1/erc20:0x15B543e986b8c34074DFc9901136d9355a537e7E';
INSERT INTO assets(identifier, name, type) VALUES("eip155:1/erc20:0x15B543e986b8c34074DFc9901136d9355a537e7E", "Student Coin", "C"); INSERT INTO evm_tokens(identifier, token_kind, chain, address, decimals, protocol) VALUES("eip155:1/erc20:0x15B543e986b8c34074DFc9901136d9355a537e7E", "A", 1, "0x15B543e986b8c34074DFc9901136d9355a537e7E", 18, ""); INSERT INTO common_asset_details(identifier, symbol, coingecko, cryptocompare, forked, started, swapped_for) VALUES("eip155:1/erc20:0x15B543e986b8c34074DFc9901136d9355a537e7E", "STC", "", "STUDENTC", NULL, 1616866739, NULL);
UPDATE common_asset_details SET cryptocompare = 'IQ' WHERE identifier = 'eip155:1/erc20:0x579CEa1889991f68aCc35Ff5c3dd0621fF29b0C9';
INSERT INTO assets(identifier, name, type) VALUES("eip155:1/erc20:0x579CEa1889991f68aCc35Ff5c3dd0621fF29b0C9", "Everipedia IQ", "C"); INSERT INTO evm_tokens(identifier, token_kind, chain, address, decimals, protocol) VALUES("eip155:1/erc20:0x579CEa1889991f68aCc35Ff5c3dd0621fF29b0C9", "A", 1, "0x579CEa1889991f68aCc35Ff5c3dd0621fF29b0C9", 18, ""); INSERT INTO common_asset_details(identifier, symbol, coingecko, cryptocompare, forked, started, swapped_for) VALUES("eip155:1/erc20:0x579CEa1889991f68aCc35Ff5c3dd0621fF29b0C9", "IQ", "", "IQ", NULL, NULL, NULL);
UPDATE common_asset_details SET cryptocompare = 'GMAC' WHERE identifier = 'eip155:1/erc20:0xD96e84DDBc7CbE1D73c55B6fe8c64f3a6550deea';
INSERT INTO assets(identifier, name, type) VALUES("eip155:1/erc20:0xD96e84DDBc7CbE1D73c55B6fe8c64f3a6550deea", "Gemach", "C"); INSERT INTO evm_tokens(identifier, token_kind, chain, address, decimals, protocol) VALUES("eip155:1/erc20:0xD96e84DDBc7CbE1D73c55B6fe8c64f3a6550deea", "A", 1, "0xD96e84DDBc7CbE1D73c55B6fe8c64f3a6550deea", 18, ""); INSERT INTO common_asset_details(identifier, symbol, coingecko, cryptocompare, forked, started, swapped_for) VALUES("eip155:1/erc20:0xD96e84DDBc7CbE1D73c55B6fe8c64f3a6550deea", "GMAC", "", "GMAC", NULL, NULL, NULL);
UPDATE common_asset_details SET cryptocompare = 'SXUT' WHERE identifier = 'eip155:1/erc20:0x2C82c73d5B34AA015989462b2948cd616a37641F';
INSERT INTO assets(identifier, name, type) VALUES("eip155:1/erc20:0x2C82c73d5B34AA015989462b2948cd616a37641F", "Spectre.ai Utility Token", "C"); INSERT INTO evm_tokens(identifier, token_kind, chain, address, decimals, protocol) VALUES("eip155:1/erc20:0x2C82c73d5B34AA015989462b2948cd616a37641F", "A", 1, "0x2C82c73d5B34AA015989462b2948cd616a37641F", 18, ""); INSERT INTO common_asset_details(identifier, symbol, coingecko, cryptocompare, forked, started, swapped_for) VALUES("eip155:1/erc20:0x2C82c73d5B34AA015989462b2948cd616a37641F", "SXUT", "spectre-utility-token", "SXUT", NULL, 1496275200, NULL);
UPDATE common_asset_details SET cryptocompare = 'DEDE' WHERE identifier = 'eip155:1/erc20:0x9D7b68970d2be6dc93124477b4E2e1C9A6b180aA';
INSERT INTO assets(identifier, name, type) VALUES("eip155:1/erc20:0x9D7b68970d2be6dc93124477b4E2e1C9A6b180aA", "Dede", "C"); INSERT INTO evm_tokens(identifier, token_kind, chain, address, decimals, protocol) VALUES("eip155:1/erc20:0x9D7b68970d2be6dc93124477b4E2e1C9A6b180aA", "A", 1, "0x9D7b68970d2be6dc93124477b4E2e1C9A6b180aA", 9, ""); INSERT INTO common_asset_details(identifier, symbol, coingecko, cryptocompare, forked, started, swapped_for) VALUES("eip155:1/erc20:0x9D7b68970d2be6dc93124477b4E2e1C9A6b180aA", "Dede", "dede", "DEDE", NULL, 1688934071, NULL);
UPDATE common_asset_details SET cryptocompare="PLINK" WHERE identifier="eip155:100/erc20:0xE2e73A1c69ecF83F464EFCE6A5be353a37cA09b2";
INSERT INTO assets(identifier, name, type) VALUES("eip155:100/erc20:0xE2e73A1c69ecF83F464EFCE6A5be353a37cA09b2", "ChainLink Token on xDai", "C"); INSERT INTO evm_tokens(identifier, token_kind, chain, address, decimals, protocol) VALUES("eip155:100/erc20:0xE2e73A1c69ecF83F464EFCE6A5be353a37cA09b2", "A", 100, "0xE2e73A1c69ecF83F464EFCE6A5be353a37cA09b2", 18, ""); INSERT INTO common_asset_details(identifier, symbol, coingecko, cryptocompare, forked, started, swapped_for) VALUES("eip155:100/erc20:0xE2e73A1c69ecF83F464EFCE6A5be353a37cA09b2", "LINK", "chainlink", "PLINK", NULL, 1597866280, NULL);
UPDATE common_asset_details SET cryptocompare="NIOX" WHERE identifier="eip155:137/erc20:0xad684e79CE4b6D464f2Ff7c3FD51646892e24b96";
INSERT INTO assets(identifier, name, type) VALUES("eip155:137/erc20:0xad684e79CE4b6D464f2Ff7c3FD51646892e24b96", "Autonio (PoS)", "C"); INSERT INTO evm_tokens(identifier, token_kind, chain, address, decimals, protocol) VALUES("eip155:137/erc20:0xad684e79CE4b6D464f2Ff7c3FD51646892e24b96", "A", 137, "0xad684e79CE4b6D464f2Ff7c3FD51646892e24b96", 4, ""); INSERT INTO common_asset_details(identifier, symbol, coingecko, cryptocompare, forked, started, swapped_for) VALUES("eip155:137/erc20:0xad684e79CE4b6D464f2Ff7c3FD51646892e24b96", "NIOX", "autonio", "NIOX", NULL, 1606221685, NULL);
UPDATE common_asset_details SET cryptocompare="DIGITAL" WHERE identifier="eip155:137/erc20:0xFeD16c746CB5BFeD009730f9E3e6A673006105c7";
INSERT INTO assets(identifier, name, type) VALUES("eip155:137/erc20:0xFeD16c746CB5BFeD009730f9E3e6A673006105c7", "Digital Reserve Currency (PoS)", "C"); INSERT INTO evm_tokens(identifier, token_kind, chain, address, decimals, protocol) VALUES("eip155:137/erc20:0xFeD16c746CB5BFeD009730f9E3e6A673006105c7", "A", 137, "0xFeD16c746CB5BFeD009730f9E3e6A673006105c7", 0, ""); INSERT INTO common_asset_details(identifier, symbol, coingecko, cryptocompare, forked, started, swapped_for) VALUES("eip155:137/erc20:0xFeD16c746CB5BFeD009730f9E3e6A673006105c7", "DRC", "digital-reserve-currency", "DIGITAL", NULL, 1614661944, NULL);
UPDATE common_asset_details SET cryptocompare="TUNE" WHERE identifier="eip155:42161/erc20:0xaaA62D9584Cbe8e4D68A43ec91BfF4fF1fAdB202";
INSERT INTO assets(identifier, name, type) VALUES("eip155:42161/erc20:0xaaA62D9584Cbe8e4D68A43ec91BfF4fF1fAdB202", "Antimatter.Finance Governance Token", "C"); INSERT INTO evm_tokens(identifier, token_kind, chain, address, decimals, protocol) VALUES("eip155:42161/erc20:0xaaA62D9584Cbe8e4D68A43ec91BfF4fF1fAdB202", "A", 42161, "0xaaA62D9584Cbe8e4D68A43ec91BfF4fF1fAdB202", 18, ""); INSERT INTO common_asset_details(identifier, symbol, coingecko, cryptocompare, forked, started, swapped_for) VALUES("eip155:42161/erc20:0xaaA62D9584Cbe8e4D68A43ec91BfF4fF1fAdB202", "MATTER", "antimatter", "TUNE", NULL, 1633125784, NULL);
UPDATE common_asset_details SET cryptocompare="PLINK" WHERE identifier="eip155:42161/erc20:0xf97f4df75117a78c1A5a0DBb814Af92458539FB4";
INSERT INTO assets(identifier, name, type) VALUES("eip155:42161/erc20:0xf97f4df75117a78c1A5a0DBb814Af92458539FB4", "ChainLink Token", "C"); INSERT INTO evm_tokens(identifier, token_kind, chain, address, decimals, protocol) VALUES("eip155:42161/erc20:0xf97f4df75117a78c1A5a0DBb814Af92458539FB4", "A", 42161, "0xf97f4df75117a78c1A5a0DBb814Af92458539FB4", 18, ""); INSERT INTO common_asset_details(identifier, symbol, coingecko, cryptocompare, forked, started, swapped_for) VALUES("eip155:42161/erc20:0xf97f4df75117a78c1A5a0DBb814Af92458539FB4", "LINK", "chainlink", "PLINK", NULL, 1623867040, NULL);
UPDATE common_asset_details SET cryptocompare="PLINK" WHERE identifier="eip155:43114/erc20:0x5947BB275c521040051D82396192181b413227A3";
INSERT INTO assets(identifier, name, type) VALUES("eip155:43114/erc20:0x5947BB275c521040051D82396192181b413227A3", "Chainlink Token", "C"); INSERT INTO evm_tokens(identifier, token_kind, chain, address, decimals, protocol) VALUES("eip155:43114/erc20:0x5947BB275c521040051D82396192181b413227A3", "A", 43114, "0x5947BB275c521040051D82396192181b413227A3", 18, ""); INSERT INTO common_asset_details(identifier, symbol, coingecko, cryptocompare, forked, started, swapped_for) VALUES("eip155:43114/erc20:0x5947BB275c521040051D82396192181b413227A3", "LINK.e", "chainlink", "PLINK", NULL, 1627052367, NULL);
UPDATE common_asset_details SET cryptocompare="USDBC" WHERE identifier="eip155:43114/erc20:0xB97EF9Ef8734C71904D8002F8b6Bc66Dd9c48a6E";
INSERT INTO assets(identifier, name, type) VALUES("eip155:43114/erc20:0xB97EF9Ef8734C71904D8002F8b6Bc66Dd9c48a6E", "USD Coin", "C"); INSERT INTO evm_tokens(identifier, token_kind, chain, address, decimals, protocol) VALUES("eip155:43114/erc20:0xB97EF9Ef8734C71904D8002F8b6Bc66Dd9c48a6E", "A", 43114, "0xB97EF9Ef8734C71904D8002F8b6Bc66Dd9c48a6E", 6, ""); INSERT INTO common_asset_details(identifier, symbol, coingecko, cryptocompare, forked, started, swapped_for) VALUES("eip155:43114/erc20:0xB97EF9Ef8734C71904D8002F8b6Bc66Dd9c48a6E", "USDC", "usd-coin", "USDBC", NULL, 1637802339, NULL);
UPDATE common_asset_details SET cryptocompare="AURAF" WHERE identifier="eip155:100/erc20:0x1509706a6c66CA549ff0cB464de88231DDBe213B";
INSERT INTO assets(identifier, name, type) VALUES("eip155:100/erc20:0x1509706a6c66CA549ff0cB464de88231DDBe213B", "Aura", "C"); INSERT INTO evm_tokens(identifier, token_kind, chain, address, decimals, protocol) VALUES("eip155:100/erc20:0x1509706a6c66CA549ff0cB464de88231DDBe213B", "A", 100, "0x1509706a6c66CA549ff0cB464de88231DDBe213B", 18, ""); INSERT INTO common_asset_details(identifier, symbol, coingecko, cryptocompare, forked, started, swapped_for) VALUES("eip155:100/erc20:0x1509706a6c66CA549ff0cB464de88231DDBe213B", "AURA", "aura-finance", "AURAF", NULL, 1691101515, NULL);
UPDATE common_asset_details SET cryptocompare="STRK" WHERE identifier="eip155:1/erc20:0xCa14007Eff0dB1f8135f4C25B34De49AB0d42766";
INSERT INTO assets(identifier, name, type) VALUES("eip155:1/erc20:0xCa14007Eff0dB1f8135f4C25B34De49AB0d42766", "StarkNet Token", "C"); INSERT INTO evm_tokens(identifier, token_kind, chain, address, decimals, protocol) VALUES("eip155:1/erc20:0xCa14007Eff0dB1f8135f4C25B34De49AB0d42766", "A", 1, "0xCa14007Eff0dB1f8135f4C25B34De49AB0d42766", 18, ""); INSERT INTO common_asset_details(identifier, symbol, coingecko, cryptocompare, forked, started, swapped_for) VALUES("eip155:1/erc20:0xCa14007Eff0dB1f8135f4C25B34De49AB0d42766", "STRK", "starknet", "STRK", NULL, 1668610211, NULL);
UPDATE common_asset_details SET cryptocompare="AURAF" WHERE identifier="eip155:42161/erc20:0x1509706a6c66CA549ff0cB464de88231DDBe213B";
INSERT INTO assets(identifier, name, type) VALUES("eip155:42161/erc20:0x1509706a6c66CA549ff0cB464de88231DDBe213B", "Aura", "C"); INSERT INTO evm_tokens(identifier, token_kind, chain, address, decimals, protocol) VALUES("eip155:42161/erc20:0x1509706a6c66CA549ff0cB464de88231DDBe213B", "A", 42161, "0x1509706a6c66CA549ff0cB464de88231DDBe213B", 18, ""); INSERT INTO common_asset_details(identifier, symbol, coingecko, cryptocompare, forked, started, swapped_for) VALUES("eip155:42161/erc20:0x1509706a6c66CA549ff0cB464de88231DDBe213B", "AURA", "aura-finance", "AURAF", NULL, 1686742265, NULL);
UPDATE common_asset_details SET cryptocompare="USDBC" WHERE identifier="eip155:534352/erc20:0x06eFdBFf2a14a7c8E15944D1F4A48F9F95F663A4";
INSERT INTO assets(identifier, name, type) VALUES("eip155:534352/erc20:0x06eFdBFf2a14a7c8E15944D1F4A48F9F95F663A4", "USD Coin", "C"); INSERT INTO evm_tokens(identifier, token_kind, chain, address, decimals, protocol) VALUES("eip155:534352/erc20:0x06eFdBFf2a14a7c8E15944D1F4A48F9F95F663A4", "A", 534352, "0x06eFdBFf2a14a7c8E15944D1F4A48F9F95F663A4", 6, ""); INSERT INTO common_asset_details(identifier, symbol, coingecko, cryptocompare, forked, started, swapped_for) VALUES("eip155:534352/erc20:0x06eFdBFf2a14a7c8E15944D1F4A48F9F95F663A4", "USDC", "usd-coin", "USDBC", NULL, 1696919085, NULL);
UPDATE common_asset_details SET cryptocompare="TRUMP" WHERE identifier="eip155:56/erc20:0x4eA98c1999575aaadfb38237Dd015c5E773F75a2";
INSERT INTO assets(identifier, name, type) VALUES("eip155:56/erc20:0x4eA98c1999575aaadfb38237Dd015c5E773F75a2", "MAGA", "C"); INSERT INTO evm_tokens(identifier, token_kind, chain, address, decimals, protocol) VALUES("eip155:56/erc20:0x4eA98c1999575aaadfb38237Dd015c5E773F75a2", "A", 56, "0x4eA98c1999575aaadfb38237Dd015c5E773F75a2", 9, ""); INSERT INTO common_asset_details(identifier, symbol, coingecko, cryptocompare, forked, started, swapped_for) VALUES("eip155:56/erc20:0x4eA98c1999575aaadfb38237Dd015c5E773F75a2", "TRUMP", "maga", "TRUMP", NULL, 1708974682, NULL);
