INSERT INTO assets(identifier, name, type) VALUES("eip155:42161/erc20:0x5f851F67D24419982EcD7b7765deFD64fBb50a97", "GM USDC Vault", "C"); INSERT INTO evm_tokens(identifier, token_kind, chain, address, decimals, protocol) VALUES("eip155:42161/erc20:0x5f851F67D24419982EcD7b7765deFD64fBb50a97", "A", 42161, "0x5f851F67D24419982EcD7b7765deFD64fBb50a97", 6, "umami"); INSERT INTO common_asset_details(identifier, symbol, coingecko, cryptocompare, forked, started, swapped_for) VALUES("eip155:42161/erc20:0x5f851F67D24419982EcD7b7765deFD64fBb50a97", "gmUSDC_WBTC", "", "", NULL, 1710996633, NULL); INSERT INTO underlying_tokens_list(identifier, weight, parent_token_entry) VALUES("eip155:42161/erc20:0xaf88d065e77c8cC2239327C5EDb3A432268e5831", "1", "eip155:42161/erc20:0x5f851F67D24419982EcD7b7765deFD64fBb50a97");
*
INSERT INTO assets(identifier, name, type) VALUES("eip155:42161/erc20:0x959f3807f0Aa7921E18c78B00B2819ba91E52FeF", "GM USDC Vault", "C"); INSERT INTO evm_tokens(identifier, token_kind, chain, address, decimals, protocol) VALUES("eip155:42161/erc20:0x959f3807f0Aa7921E18c78B00B2819ba91E52FeF", "A", 42161, "0x959f3807f0Aa7921E18c78B00B2819ba91E52FeF", 6, "umami"); INSERT INTO common_asset_details(identifier, symbol, coingecko, cryptocompare, forked, started, swapped_for) VALUES("eip155:42161/erc20:0x959f3807f0Aa7921E18c78B00B2819ba91E52FeF", "gmUSDC_WETH", "", "", NULL, 1705655919, NULL); INSERT INTO underlying_tokens_list(identifier, weight, parent_token_entry) VALUES("eip155:42161/erc20:0xaf88d065e77c8cC2239327C5EDb3A432268e5831", "1", "eip155:42161/erc20:0x959f3807f0Aa7921E18c78B00B2819ba91E52FeF");
*
INSERT INTO assets(identifier, name, type) VALUES("eip155:42161/erc20:0x4bCA8D73561aaEee2D3a584b9F4665310de1dD69", "GM ETH Vault", "C"); INSERT INTO evm_tokens(identifier, token_kind, chain, address, decimals, protocol) VALUES("eip155:42161/erc20:0x4bCA8D73561aaEee2D3a584b9F4665310de1dD69", "A", 42161, "0x4bCA8D73561aaEee2D3a584b9F4665310de1dD69", 18, "umami"); INSERT INTO common_asset_details(identifier, symbol, coingecko, cryptocompare, forked, started, swapped_for) VALUES("eip155:42161/erc20:0x4bCA8D73561aaEee2D3a584b9F4665310de1dD69", "gmWETH", "", "", NULL, 1705655911, NULL); INSERT INTO underlying_tokens_list(identifier, weight, parent_token_entry) VALUES("eip155:42161/erc20:0x82aF49447D8a07e3bd95BD0d56f35241523fBab1", "1", "eip155:42161/erc20:0x4bCA8D73561aaEee2D3a584b9F4665310de1dD69");
*
INSERT INTO assets(identifier, name, type) VALUES("eip155:42161/erc20:0xcd8011AaB161A75058eAb24e0965BAb0b918aF29", "GM BTC Vault", "C"); INSERT INTO evm_tokens(identifier, token_kind, chain, address, decimals, protocol) VALUES("eip155:42161/erc20:0xcd8011AaB161A75058eAb24e0965BAb0b918aF29", "A", 42161, "0xcd8011AaB161A75058eAb24e0965BAb0b918aF29", 8, "umami"); INSERT INTO common_asset_details(identifier, symbol, coingecko, cryptocompare, forked, started, swapped_for) VALUES("eip155:42161/erc20:0xcd8011AaB161A75058eAb24e0965BAb0b918aF29", "gmWBTC", "", "", NULL, 1710996625, NULL); INSERT INTO underlying_tokens_list(identifier, weight, parent_token_entry) VALUES("eip155:42161/erc20:0x2f2a2543B76A4166549F7aaB2e75Bef0aefC5B0f", "1", "eip155:42161/erc20:0xcd8011AaB161A75058eAb24e0965BAb0b918aF29");
*
INSERT INTO assets(identifier, name, type) VALUES("eip155:42161/erc20:0x2AdAbD6E8Ce3e82f52d9998a7f64a90d294A92A4", "Marinated UMAMI", "C"); INSERT INTO evm_tokens(identifier, token_kind, chain, address, decimals, protocol) VALUES("eip155:42161/erc20:0x2AdAbD6E8Ce3e82f52d9998a7f64a90d294A92A4", "A", 42161, "0x2AdAbD6E8Ce3e82f52d9998a7f64a90d294A92A4", 9, ""); INSERT INTO common_asset_details(identifier, symbol, coingecko, cryptocompare, forked, started, swapped_for) VALUES("eip155:42161/erc20:0x2AdAbD6E8Ce3e82f52d9998a7f64a90d294A92A4", "mUMAMI", "", "", NULL, 1645146238, NULL);
*
INSERT INTO assets(identifier, name, type) VALUES("eip155:42161/erc20:0x1922C36F3bc762Ca300b4a46bB2102F84B1684aB", "Compounded Marinated UMAMI", "C"); INSERT INTO evm_tokens(identifier, token_kind, chain, address, decimals, protocol) VALUES("eip155:42161/erc20:0x1922C36F3bc762Ca300b4a46bB2102F84B1684aB", "A", 42161, "0x1922C36F3bc762Ca300b4a46bB2102F84B1684aB", 9, ""); INSERT INTO common_asset_details(identifier, symbol, coingecko, cryptocompare, forked, started, swapped_for) VALUES("eip155:42161/erc20:0x1922C36F3bc762Ca300b4a46bB2102F84B1684aB", "cmUMAMI", "", "", NULL, 1648295962, NULL); INSERT INTO underlying_tokens_list(identifier, weight, parent_token_entry) VALUES("eip155:42161/erc20:0x2AdAbD6E8Ce3e82f52d9998a7f64a90d294A92A4", "1", "eip155:42161/erc20:0x1922C36F3bc762Ca300b4a46bB2102F84B1684aB");
*
INSERT INTO assets(identifier, name, type) VALUES("eip155:1/erc20:0x73E0C0d45E048D25Fc26Fa3159b0aA04BfA4Db98", "Kraken Wrapped Bitcoin", "C"); INSERT INTO evm_tokens(identifier, token_kind, chain, address, decimals, protocol) VALUES("eip155:1/erc20:0x73E0C0d45E048D25Fc26Fa3159b0aA04BfA4Db98", "A", 1, "0x73E0C0d45E048D25Fc26Fa3159b0aA04BfA4Db98", 8, NULL); INSERT INTO common_asset_details(identifier, symbol, coingecko, cryptocompare, forked, started, swapped_for) VALUES("eip155:1/erc20:0x73E0C0d45E048D25Fc26Fa3159b0aA04BfA4Db98", "kBTC", "kraken-wrapped-btc", "", NULL, 1727370707, NULL);
*
INSERT INTO assets(identifier, name, type) VALUES("eip155:10/erc20:0x73E0C0d45E048D25Fc26Fa3159b0aA04BfA4Db98", "Kraken Wrapped Bitcoin", "C"); INSERT INTO evm_tokens(identifier, token_kind, chain, address, decimals, protocol) VALUES("eip155:10/erc20:0x73E0C0d45E048D25Fc26Fa3159b0aA04BfA4Db98", "A", 10, "0x73E0C0d45E048D25Fc26Fa3159b0aA04BfA4Db98", 8, NULL); INSERT INTO common_asset_details(identifier, symbol, coingecko, cryptocompare, forked, started, swapped_for) VALUES("eip155:10/erc20:0x73E0C0d45E048D25Fc26Fa3159b0aA04BfA4Db98", "kBTC", "kraken-wrapped-btc", "", NULL, 1727371173, NULL);
*
UPDATE common_asset_details SET cryptocompare="EUR" WHERE identifier="EUR";
INSERT INTO assets(identifier, name, type) VALUES("EUR", "Euro", "A"); INSERT INTO common_asset_details(identifier, symbol, coingecko, cryptocompare, forked, started, swapped_for) VALUES("EUR", "EUR", NULL, "EUR", NULL, NULL, NULL);
UPDATE common_asset_details SET cryptocompare="USD" WHERE identifier="USD";
INSERT INTO assets(identifier, name, type) VALUES("USD", "United States Dollar", "A"); INSERT INTO common_asset_details(identifier, symbol, coingecko, cryptocompare, forked, started, swapped_for) VALUES("USD", "USD", NULL, "USD", NULL, NULL, NULL);
UPDATE common_asset_details SET cryptocompare="AUD" WHERE identifier="AUD";
INSERT INTO assets(identifier, name, type) VALUES("AUD", "Australian Dollar", "A"); INSERT INTO common_asset_details(identifier, symbol, coingecko, cryptocompare, forked, started, swapped_for) VALUES("AUD", "AUD", NULL, "AUD", NULL, NULL, NULL);
UPDATE common_asset_details SET cryptocompare="NZD" WHERE identifier="NZD";
INSERT INTO assets(identifier, name, type) VALUES("NZD", "New Zealand Dollar", "A"); INSERT INTO common_asset_details(identifier, symbol, coingecko, cryptocompare, forked, started, swapped_for) VALUES("NZD", "NZD", NULL, "NZD", NULL, NULL, NULL);
UPDATE common_asset_details SET cryptocompare="BRL" WHERE identifier="BRL";
INSERT INTO assets(identifier, name, type) VALUES("BRL", "Brazilian Real", "A"); INSERT INTO common_asset_details(identifier, symbol, coingecko, cryptocompare, forked, started, swapped_for) VALUES("BRL", "BRL", NULL, "BRL", NULL, NULL, NULL);
UPDATE common_asset_details SET cryptocompare="CAD" WHERE identifier="CAD";
INSERT INTO assets(identifier, name, type) VALUES("CAD", "Canadian Dollar", "A"); INSERT INTO common_asset_details(identifier, symbol, coingecko, cryptocompare, forked, started, swapped_for) VALUES("CAD", "CAD", NULL, "CAD", NULL, NULL, NULL);
UPDATE common_asset_details SET cryptocompare="CHF" WHERE identifier="CHF";
INSERT INTO assets(identifier, name, type) VALUES("CHF", "Swiss Franc", "A"); INSERT INTO common_asset_details(identifier, symbol, coingecko, cryptocompare, forked, started, swapped_for) VALUES("CHF", "CHF", NULL, "CHF", NULL, NULL, NULL);
UPDATE common_asset_details SET cryptocompare="CNY" WHERE identifier="CNY";
INSERT INTO assets(identifier, name, type) VALUES("CNY", "Chinese Yuan", "A"); INSERT INTO common_asset_details(identifier, symbol, coingecko, cryptocompare, forked, started, swapped_for) VALUES("CNY", "CNY", NULL, "CNY", NULL, NULL, NULL);
UPDATE common_asset_details SET cryptocompare="JPY" WHERE identifier="JPY";
INSERT INTO assets(identifier, name, type) VALUES("JPY", "Japanese Yen", "A"); INSERT INTO common_asset_details(identifier, symbol, coingecko, cryptocompare, forked, started, swapped_for) VALUES("JPY", "JPY", NULL, "JPY", NULL, NULL, NULL);
UPDATE common_asset_details SET cryptocompare="KRW" WHERE identifier="KRW";
INSERT INTO assets(identifier, name, type) VALUES("KRW", "Korean won", "A"); INSERT INTO common_asset_details(identifier, symbol, coingecko, cryptocompare, forked, started, swapped_for) VALUES("KRW", "KRW", NULL, "KRW", NULL, NULL, NULL);
UPDATE common_asset_details SET cryptocompare="NOK" WHERE identifier="NOK";
INSERT INTO assets(identifier, name, type) VALUES("NOK", "Norwegian krone", "A"); INSERT INTO common_asset_details(identifier, symbol, coingecko, cryptocompare, forked, started, swapped_for) VALUES("NOK", "NOK", NULL, "NOK", NULL, NULL, NULL);
UPDATE common_asset_details SET cryptocompare="RUB" WHERE identifier="RUB";
INSERT INTO assets(identifier, name, type) VALUES("RUB", "Russian Ruble", "A"); INSERT INTO common_asset_details(identifier, symbol, coingecko, cryptocompare, forked, started, swapped_for) VALUES("RUB", "RUB", NULL, "RUB", NULL, NULL, NULL);
UPDATE common_asset_details SET cryptocompare="TRY" WHERE identifier="TRY";
INSERT INTO assets(identifier, name, type) VALUES("TRY", "Turkish Lyra", "A"); INSERT INTO common_asset_details(identifier, symbol, coingecko, cryptocompare, forked, started, swapped_for) VALUES("TRY", "TRY", NULL, "TRY", NULL, NULL, NULL);
UPDATE common_asset_details SET cryptocompare="ZAR" WHERE identifier="ZAR";
INSERT INTO assets(identifier, name, type) VALUES("ZAR", "South African Rand", "A"); INSERT INTO common_asset_details(identifier, symbol, coingecko, cryptocompare, forked, started, swapped_for) VALUES("ZAR", "ZAR", NULL, "ZAR", NULL, NULL, NULL);
UPDATE common_asset_details SET cryptocompare="TWD" WHERE identifier="TWD";
INSERT INTO assets(identifier, name, type) VALUES("TWD", "New Taiwan Dollar", "A"); INSERT INTO common_asset_details(identifier, symbol, coingecko, cryptocompare, forked, started, swapped_for) VALUES("TWD", "TWD", NULL, "TWD", NULL, NULL, NULL);
UPDATE common_asset_details SET cryptocompare="SGD" WHERE identifier="SGD";
INSERT INTO assets(identifier, name, type) VALUES("SGD", "Singapore Dollar", "A"); INSERT INTO common_asset_details(identifier, symbol, coingecko, cryptocompare, forked, started, swapped_for) VALUES("SGD", "SGD", NULL, "SGD", NULL, NULL, NULL);
UPDATE common_asset_details SET cryptocompare="SEK" WHERE identifier="SEK";
INSERT INTO assets(identifier, name, type) VALUES("SEK", "Swedish Krona", "A"); INSERT INTO common_asset_details(identifier, symbol, coingecko, cryptocompare, forked, started, swapped_for) VALUES("SEK", "SEK", NULL, "SEK", NULL, NULL, NULL);
UPDATE common_asset_details SET cryptocompare="INR" WHERE identifier="INR";
INSERT INTO assets(identifier, name, type) VALUES("INR", "Indian Rupee", "A"); INSERT INTO common_asset_details(identifier, symbol, coingecko, cryptocompare, forked, started, swapped_for) VALUES("INR", "INR", NULL, "INR", NULL, NULL, NULL);
UPDATE common_asset_details SET cryptocompare="DKK" WHERE identifier="DKK";
INSERT INTO assets(identifier, name, type) VALUES("DKK", "Danish krone", "A"); INSERT INTO common_asset_details(identifier, symbol, coingecko, cryptocompare, forked, started, swapped_for) VALUES("DKK", "DKK", NULL, "DKK", NULL, NULL, NULL);
UPDATE common_asset_details SET cryptocompare="ILS" WHERE identifier="ILS";
INSERT INTO assets(identifier, name, type) VALUES("ILS", "Israeli new shekel", "A"); INSERT INTO common_asset_details(identifier, symbol, coingecko, cryptocompare, forked, started, swapped_for) VALUES("ILS", "ILS", NULL, "ILS", NULL, NULL, NULL);
UPDATE common_asset_details SET cryptocompare="PLN" WHERE identifier="PLN";
INSERT INTO assets(identifier, name, type) VALUES("PLN", "Polish Zloty", "A"); INSERT INTO common_asset_details(identifier, symbol, coingecko, cryptocompare, forked, started, swapped_for) VALUES("PLN", "PLN", NULL, "PLN", NULL, NULL, NULL);
UPDATE common_asset_details SET cryptocompare="AED" WHERE identifier="AED";
INSERT INTO assets(identifier, name, type) VALUES("AED", "Emirati Dirham", "A"); INSERT INTO common_asset_details(identifier, symbol, coingecko, cryptocompare, forked, started, swapped_for) VALUES("AED", "AED", NULL, "AED", NULL, NULL, NULL);
UPDATE common_asset_details SET cryptocompare="NGN" WHERE identifier="NGN";
INSERT INTO assets(identifier, name, type) VALUES("NGN", "Naira", "A"); INSERT INTO common_asset_details(identifier, symbol, coingecko, cryptocompare, forked, started, swapped_for) VALUES("NGN", "NGN", NULL, "NGN", NULL, NULL, NULL);
UPDATE common_asset_details SET cryptocompare="CZK" WHERE identifier="CZK";
INSERT INTO assets(identifier, name, type) VALUES("CZK", "Czech Koruna", "A"); INSERT INTO common_asset_details(identifier, symbol, coingecko, cryptocompare, forked, started, swapped_for) VALUES("CZK", "CZK", NULL, "CZK", NULL, NULL, NULL);
UPDATE common_asset_details SET cryptocompare="MXN" WHERE identifier="MXN";
INSERT INTO assets(identifier, name, type) VALUES("MXN", "Mexican Peso", "A"); INSERT INTO common_asset_details(identifier, symbol, coingecko, cryptocompare, forked, started, swapped_for) VALUES("MXN", "MXN", NULL, "MXN", NULL, NULL, NULL);
UPDATE common_asset_details SET cryptocompare="" WHERE identifier="eip155:1/erc20:0x4da27a545c0c5B758a6BA100e3a049001de870f5"; DELETE FROM underlying_tokens_list WHERE parent_token_entry="eip155:1/erc20:0x4da27a545c0c5B758a6BA100e3a049001de870f5"; INSERT INTO underlying_tokens_list(identifier, weight, parent_token_entry) VALUES("eip155:1/erc20:0x7Fc66500c84A76Ad7e9c93437bFc5Ac33E2DDaE9", "1", "eip155:1/erc20:0x4da27a545c0c5B758a6BA100e3a049001de870f5");
INSERT INTO assets(identifier, name, type) VALUES("eip155:1/erc20:0x4da27a545c0c5B758a6BA100e3a049001de870f5", "Staked Aave", "C"); INSERT INTO evm_tokens(identifier, token_kind, chain, address, decimals, protocol) VALUES("eip155:1/erc20:0x4da27a545c0c5B758a6BA100e3a049001de870f5", "A", 1, "0x4da27a545c0c5B758a6BA100e3a049001de870f5", 18, ""); INSERT INTO common_asset_details(identifier, symbol, coingecko, cryptocompare, forked, started, swapped_for) VALUES("eip155:1/erc20:0x4da27a545c0c5B758a6BA100e3a049001de870f5", "stkAAVE", "aave", "", NULL, 1600973075, NULL); INSERT INTO underlying_tokens_list(identifier, weight, parent_token_entry) VALUES("eip155:1/erc20:0x7Fc66500c84A76Ad7e9c93437bFc5Ac33E2DDaE9", "1", "eip155:1/erc20:0x4da27a545c0c5B758a6BA100e3a049001de870f5");
UPDATE common_asset_details SET cryptocompare="", coingecko="" WHERE identifier="eip155:1/erc20:0x83E9115d334D248Ce39a6f36144aEaB5b3456e75"; DELETE FROM underlying_tokens_list WHERE parent_token_entry="eip155:1/erc20:0x83E9115d334D248Ce39a6f36144aEaB5b3456e75"; INSERT INTO underlying_tokens_list(identifier, weight, parent_token_entry) VALUES("eip155:1/erc20:0xec53bF9167f50cDEB3Ae105f56099aaaB9061F83", "1", "eip155:1/erc20:0x83E9115d334D248Ce39a6f36144aEaB5b3456e75");
INSERT INTO assets(identifier, name, type) VALUES("eip155:1/erc20:0x83E9115d334D248Ce39a6f36144aEaB5b3456e75", "Backing Eigen", "C"); INSERT INTO evm_tokens(identifier, token_kind, chain, address, decimals, protocol) VALUES("eip155:1/erc20:0x83E9115d334D248Ce39a6f36144aEaB5b3456e75", "A", 1, "0x83E9115d334D248Ce39a6f36144aEaB5b3456e75", 18, NULL); INSERT INTO common_asset_details(identifier, symbol, coingecko, cryptocompare, forked, started, swapped_for) VALUES("eip155:1/erc20:0x83E9115d334D248Ce39a6f36144aEaB5b3456e75", "bEIGEN", "", "", NULL, 1710958955, NULL); INSERT INTO underlying_tokens_list(identifier, weight, parent_token_entry) VALUES("eip155:1/erc20:0xec53bF9167f50cDEB3Ae105f56099aaaB9061F83", "1", "eip155:1/erc20:0x83E9115d334D248Ce39a6f36144aEaB5b3456e75");
UPDATE common_asset_details SET coingecko="curve-dao-token", cryptocompare="CRV" WHERE identifier="eip155:10/erc20:0x0994206dfE8De6Ec6920FF4D779B0d950605Fb53";
INSERT INTO assets(identifier, name, type) VALUES("eip155:10/erc20:0x0994206dfE8De6Ec6920FF4D779B0d950605Fb53", "Curve DAO Token", "C"); INSERT INTO evm_tokens(identifier, token_kind, chain, address, decimals, protocol) VALUES("eip155:10/erc20:0x0994206dfE8De6Ec6920FF4D779B0d950605Fb53", "A", 10, "0x0994206dfE8De6Ec6920FF4D779B0d950605Fb53", 18, NULL); INSERT INTO common_asset_details(identifier, symbol, coingecko, cryptocompare, forked, started, swapped_for) VALUES("eip155:10/erc20:0x0994206dfE8De6Ec6920FF4D779B0d950605Fb53", "CRV", "curve-dao-token", "CRV", NULL, 1643022561, NULL);
UPDATE common_asset_details SET coingecko="curve-dao-token", cryptocompare="CRV" WHERE identifier="eip155:100/erc20:0x712b3d230F3C1c19db860d80619288b1F0BDd0Bd";
INSERT INTO assets(identifier, name, type) VALUES("eip155:100/erc20:0x712b3d230F3C1c19db860d80619288b1F0BDd0Bd", "Curve DAO Token on xDai", "C"); INSERT INTO evm_tokens(identifier, token_kind, chain, address, decimals, protocol) VALUES("eip155:100/erc20:0x712b3d230F3C1c19db860d80619288b1F0BDd0Bd", "A", 100, "0x712b3d230F3C1c19db860d80619288b1F0BDd0Bd", 18, NULL); INSERT INTO common_asset_details(identifier, symbol, coingecko, cryptocompare, forked, started, swapped_for) VALUES("eip155:100/erc20:0x712b3d230F3C1c19db860d80619288b1F0BDd0Bd", "CRV", "curve-dao-token", "CRV", NULL, 1601044030, NULL);
UPDATE common_asset_details SET coingecko="curve-dao-token", cryptocompare="CRV" WHERE identifier="eip155:8453/erc20:0x8Ee73c484A26e0A5df2Ee2a4960B789967dd0415";
INSERT INTO assets(identifier, name, type) VALUES("eip155:8453/erc20:0x8Ee73c484A26e0A5df2Ee2a4960B789967dd0415", "Curve DAO Token", "C"); INSERT INTO evm_tokens(identifier, token_kind, chain, address, decimals, protocol) VALUES("eip155:8453/erc20:0x8Ee73c484A26e0A5df2Ee2a4960B789967dd0415", "A", 8453, "0x8Ee73c484A26e0A5df2Ee2a4960B789967dd0415", 18, NULL); INSERT INTO common_asset_details(identifier, symbol, coingecko, cryptocompare, forked, started, swapped_for) VALUES("eip155:8453/erc20:0x8Ee73c484A26e0A5df2Ee2a4960B789967dd0415", "CRV", "curve-dao-token", "CRV", NULL, NULL, NULL);
DELETE FROM underlying_tokens_list WHERE parent_token_entry="eip155:1/erc20:0x5dbcF33D8c2E976c6b560249878e6F1491Bca25c"; INSERT INTO underlying_tokens_list(identifier, weight, parent_token_entry) VALUES("eip155:1/erc20:0xdF5e0e81Dff6FAF3A7e52BA697820c5e32D806A8", "1", "eip155:1/erc20:0x5dbcF33D8c2E976c6b560249878e6F1491Bca25c");
INSERT INTO assets(identifier, name, type) VALUES("eip155:1/erc20:0x5dbcF33D8c2E976c6b560249878e6F1491Bca25c", "yearn Curve.fi yDAI/yUSDC/yUSDT/yTUSD", "C"); INSERT INTO evm_tokens(identifier, token_kind, chain, address, decimals, protocol) VALUES("eip155:1/erc20:0x5dbcF33D8c2E976c6b560249878e6F1491Bca25c", "A", 1, "0x5dbcF33D8c2E976c6b560249878e6F1491Bca25c", 18, "yearn_vaults_v1"); INSERT INTO common_asset_details(identifier, symbol, coingecko, cryptocompare, forked, started, swapped_for) VALUES("eip155:1/erc20:0x5dbcF33D8c2E976c6b560249878e6F1491Bca25c", "yyDAI+yUSDC+yUSDT+yTUSD", "yvault-lp-ycurve", "", NULL, 1596091760, NULL); INSERT INTO underlying_tokens_list(identifier, weight, parent_token_entry) VALUES("eip155:1/erc20:0xdF5e0e81Dff6FAF3A7e52BA697820c5e32D806A8", "1", "eip155:1/erc20:0x5dbcF33D8c2E976c6b560249878e6F1491Bca25c");
DELETE FROM underlying_tokens_list WHERE parent_token_entry="eip155:1/erc20:0xACd43E627e64355f1861cEC6d3a6688B31a6F952"; INSERT INTO underlying_tokens_list(identifier, weight, parent_token_entry) VALUES("eip155:1/erc20:0x6B175474E89094C44Da98b954EedeAC495271d0F", "1", "eip155:1/erc20:0xACd43E627e64355f1861cEC6d3a6688B31a6F952");
INSERT INTO assets(identifier, name, type) VALUES("eip155:1/erc20:0xACd43E627e64355f1861cEC6d3a6688B31a6F952", "yearn Dai Stablecoin", "C"); INSERT INTO evm_tokens(identifier, token_kind, chain, address, decimals, protocol) VALUES("eip155:1/erc20:0xACd43E627e64355f1861cEC6d3a6688B31a6F952", "A", 1, "0xACd43E627e64355f1861cEC6d3a6688B31a6F952", 18, "yearn_vaults_v1"); INSERT INTO common_asset_details(identifier, symbol, coingecko, cryptocompare, forked, started, swapped_for) VALUES("eip155:1/erc20:0xACd43E627e64355f1861cEC6d3a6688B31a6F952", "yDAI", "dai", "DAI", NULL, 1597301808, NULL); INSERT INTO underlying_tokens_list(identifier, weight, parent_token_entry) VALUES("eip155:1/erc20:0x6B175474E89094C44Da98b954EedeAC495271d0F", "1", "eip155:1/erc20:0xACd43E627e64355f1861cEC6d3a6688B31a6F952");
DELETE FROM underlying_tokens_list WHERE parent_token_entry="eip155:1/erc20:0xe1237aA7f535b0CC33Fd973D66cBf830354D16c7"; INSERT INTO underlying_tokens_list(identifier, weight, parent_token_entry) VALUES("eip155:1/erc20:0xC02aaA39b223FE8D0A0e5C4F27eAD9083C756Cc2", "1", "eip155:1/erc20:0xe1237aA7f535b0CC33Fd973D66cBf830354D16c7");
INSERT INTO assets(identifier, name, type) VALUES("eip155:1/erc20:0xe1237aA7f535b0CC33Fd973D66cBf830354D16c7", "yearn Wrapped Ether", "C"); INSERT INTO evm_tokens(identifier, token_kind, chain, address, decimals, protocol) VALUES("eip155:1/erc20:0xe1237aA7f535b0CC33Fd973D66cBf830354D16c7", "A", 1, "0xe1237aA7f535b0CC33Fd973D66cBf830354D16c7", 18, "yearn_vaults_v1"); INSERT INTO common_asset_details(identifier, symbol, coingecko, cryptocompare, forked, started, swapped_for) VALUES("eip155:1/erc20:0xe1237aA7f535b0CC33Fd973D66cBf830354D16c7", "yWETH", "weth", "", NULL, 1598952738, NULL); INSERT INTO underlying_tokens_list(identifier, weight, parent_token_entry) VALUES("eip155:1/erc20:0xC02aaA39b223FE8D0A0e5C4F27eAD9083C756Cc2", "1", "eip155:1/erc20:0xe1237aA7f535b0CC33Fd973D66cBf830354D16c7");
DELETE FROM underlying_tokens_list WHERE parent_token_entry="eip155:1/erc20:0xBA2E7Fed597fd0E3e70f5130BcDbbFE06bB94fe1"; INSERT INTO underlying_tokens_list(identifier, weight, parent_token_entry) VALUES("eip155:1/erc20:0x0bc529c00C6401aEF6D220BE8C6Ea1667F6Ad93e", "1", "eip155:1/erc20:0xBA2E7Fed597fd0E3e70f5130BcDbbFE06bB94fe1");
INSERT INTO assets(identifier, name, type) VALUES("eip155:1/erc20:0xBA2E7Fed597fd0E3e70f5130BcDbbFE06bB94fe1", "yearn yearn.finance", "C"); INSERT INTO evm_tokens(identifier, token_kind, chain, address, decimals, protocol) VALUES("eip155:1/erc20:0xBA2E7Fed597fd0E3e70f5130BcDbbFE06bB94fe1", "A", 1, "0xBA2E7Fed597fd0E3e70f5130BcDbbFE06bB94fe1", 18, "yearn_vaults_v1"); INSERT INTO common_asset_details(identifier, symbol, coingecko, cryptocompare, forked, started, swapped_for) VALUES("eip155:1/erc20:0xBA2E7Fed597fd0E3e70f5130BcDbbFE06bB94fe1", "yYFI", "yearn-finance", "", NULL, 1597845648, NULL); INSERT INTO underlying_tokens_list(identifier, weight, parent_token_entry) VALUES("eip155:1/erc20:0x0bc529c00C6401aEF6D220BE8C6Ea1667F6Ad93e", "1", "eip155:1/erc20:0xBA2E7Fed597fd0E3e70f5130BcDbbFE06bB94fe1");
DELETE FROM underlying_tokens_list WHERE parent_token_entry="eip155:1/erc20:0x29E240CFD7946BA20895a7a02eDb25C210f9f324"; INSERT INTO underlying_tokens_list(identifier, weight, parent_token_entry) VALUES("eip155:1/erc20:0xA64BD6C70Cb9051F6A9ba1F163Fdc07E0DfB5F84", "1", "eip155:1/erc20:0x29E240CFD7946BA20895a7a02eDb25C210f9f324");
INSERT INTO assets(identifier, name, type) VALUES("eip155:1/erc20:0x29E240CFD7946BA20895a7a02eDb25C210f9f324", "yearn Aave Interest bearing LINK", "C"); INSERT INTO evm_tokens(identifier, token_kind, chain, address, decimals, protocol) VALUES("eip155:1/erc20:0x29E240CFD7946BA20895a7a02eDb25C210f9f324", "A", 1, "0x29E240CFD7946BA20895a7a02eDb25C210f9f324", 18, "yearn_vaults_v1"); INSERT INTO common_asset_details(identifier, symbol, coingecko, cryptocompare, forked, started, swapped_for) VALUES("eip155:1/erc20:0x29E240CFD7946BA20895a7a02eDb25C210f9f324", "yaLINK", "aave-link", "", NULL, 1596628700, NULL); INSERT INTO underlying_tokens_list(identifier, weight, parent_token_entry) VALUES("eip155:1/erc20:0xA64BD6C70Cb9051F6A9ba1F163Fdc07E0DfB5F84", "1", "eip155:1/erc20:0x29E240CFD7946BA20895a7a02eDb25C210f9f324");
DELETE FROM underlying_tokens_list WHERE parent_token_entry="eip155:1/erc20:0x2f08119C6f07c006695E079AAFc638b8789FAf18"; INSERT INTO underlying_tokens_list(identifier, weight, parent_token_entry) VALUES("eip155:1/erc20:0xdAC17F958D2ee523a2206206994597C13D831ec7", "1", "eip155:1/erc20:0x2f08119C6f07c006695E079AAFc638b8789FAf18");
INSERT INTO assets(identifier, name, type) VALUES("eip155:1/erc20:0x2f08119C6f07c006695E079AAFc638b8789FAf18", "yearn Tether USD", "C"); INSERT INTO evm_tokens(identifier, token_kind, chain, address, decimals, protocol) VALUES("eip155:1/erc20:0x2f08119C6f07c006695E079AAFc638b8789FAf18", "A", 1, "0x2f08119C6f07c006695E079AAFc638b8789FAf18", 6, "yearn_vaults_v1"); INSERT INTO common_asset_details(identifier, symbol, coingecko, cryptocompare, forked, started, swapped_for) VALUES("eip155:1/erc20:0x2f08119C6f07c006695E079AAFc638b8789FAf18", "yUSDT", "tether", "USDT", NULL, 1597318993, NULL); INSERT INTO underlying_tokens_list(identifier, weight, parent_token_entry) VALUES("eip155:1/erc20:0xdAC17F958D2ee523a2206206994597C13D831ec7", "1", "eip155:1/erc20:0x2f08119C6f07c006695E079AAFc638b8789FAf18");
DELETE FROM underlying_tokens_list WHERE parent_token_entry="eip155:1/erc20:0x597aD1e0c13Bfe8025993D9e79C69E1c0233522e"; INSERT INTO underlying_tokens_list(identifier, weight, parent_token_entry) VALUES("eip155:1/erc20:0xA0b86991c6218b36c1d19D4a2e9Eb0cE3606eB48", "1", "eip155:1/erc20:0x597aD1e0c13Bfe8025993D9e79C69E1c0233522e");
INSERT INTO assets(identifier, name, type) VALUES("eip155:1/erc20:0x597aD1e0c13Bfe8025993D9e79C69E1c0233522e", "yearn USD//C", "C"); INSERT INTO evm_tokens(identifier, token_kind, chain, address, decimals, protocol) VALUES("eip155:1/erc20:0x597aD1e0c13Bfe8025993D9e79C69E1c0233522e", "A", 1, "0x597aD1e0c13Bfe8025993D9e79C69E1c0233522e", 6, "yearn_vaults_v1"); INSERT INTO common_asset_details(identifier, symbol, coingecko, cryptocompare, forked, started, swapped_for) VALUES("eip155:1/erc20:0x597aD1e0c13Bfe8025993D9e79C69E1c0233522e", "yUSDC", "usd-coin", "", NULL, 1595721600, NULL); INSERT INTO underlying_tokens_list(identifier, weight, parent_token_entry) VALUES("eip155:1/erc20:0xA0b86991c6218b36c1d19D4a2e9Eb0cE3606eB48", "1", "eip155:1/erc20:0x597aD1e0c13Bfe8025993D9e79C69E1c0233522e");
DELETE FROM underlying_tokens_list WHERE parent_token_entry="eip155:1/erc20:0x37d19d1c4E1fa9DC47bD1eA12f742a0887eDa74a"; INSERT INTO underlying_tokens_list(identifier, weight, parent_token_entry) VALUES("eip155:1/erc20:0x0000000000085d4780B73119b644AE5ecd22b376", "1", "eip155:1/erc20:0x37d19d1c4E1fa9DC47bD1eA12f742a0887eDa74a");
INSERT INTO assets(identifier, name, type) VALUES("eip155:1/erc20:0x37d19d1c4E1fa9DC47bD1eA12f742a0887eDa74a", "yearn TrueUSD", "C"); INSERT INTO evm_tokens(identifier, token_kind, chain, address, decimals, protocol) VALUES("eip155:1/erc20:0x37d19d1c4E1fa9DC47bD1eA12f742a0887eDa74a", "A", 1, "0x37d19d1c4E1fa9DC47bD1eA12f742a0887eDa74a", 18, "yearn_vaults_v1"); INSERT INTO common_asset_details(identifier, symbol, coingecko, cryptocompare, forked, started, swapped_for) VALUES("eip155:1/erc20:0x37d19d1c4E1fa9DC47bD1eA12f742a0887eDa74a", "yTUSD", "true-usd", "", NULL, 1596678980, NULL); INSERT INTO underlying_tokens_list(identifier, weight, parent_token_entry) VALUES("eip155:1/erc20:0x0000000000085d4780B73119b644AE5ecd22b376", "1", "eip155:1/erc20:0x37d19d1c4E1fa9DC47bD1eA12f742a0887eDa74a");
DELETE FROM underlying_tokens_list WHERE parent_token_entry="eip155:1/erc20:0xec0d8D3ED5477106c6D4ea27D90a60e594693C90"; INSERT INTO underlying_tokens_list(identifier, weight, parent_token_entry) VALUES("eip155:1/erc20:0x056Fd409E1d7A124BD7017459dFEa2F387b6d5Cd", "1", "eip155:1/erc20:0xec0d8D3ED5477106c6D4ea27D90a60e594693C90");
INSERT INTO assets(identifier, name, type) VALUES("eip155:1/erc20:0xec0d8D3ED5477106c6D4ea27D90a60e594693C90", "yearn Gemini dollar", "C"); INSERT INTO evm_tokens(identifier, token_kind, chain, address, decimals, protocol) VALUES("eip155:1/erc20:0xec0d8D3ED5477106c6D4ea27D90a60e594693C90", "A", 1, "0xec0d8D3ED5477106c6D4ea27D90a60e594693C90", 2, "yearn_vaults_v1"); INSERT INTO common_asset_details(identifier, symbol, coingecko, cryptocompare, forked, started, swapped_for) VALUES("eip155:1/erc20:0xec0d8D3ED5477106c6D4ea27D90a60e594693C90", "yGUSD", "gemini-dollar", "", NULL, 1602827638, NULL); INSERT INTO underlying_tokens_list(identifier, weight, parent_token_entry) VALUES("eip155:1/erc20:0x056Fd409E1d7A124BD7017459dFEa2F387b6d5Cd", "1", "eip155:1/erc20:0xec0d8D3ED5477106c6D4ea27D90a60e594693C90");
DELETE FROM underlying_tokens_list WHERE parent_token_entry="eip155:1/erc20:0x2994529C0652D127b7842094103715ec5299bBed"; INSERT INTO underlying_tokens_list(identifier, weight, parent_token_entry) VALUES("eip155:1/erc20:0x3B3Ac5386837Dc563660FB6a0937DFAa5924333B", "1", "eip155:1/erc20:0x2994529C0652D127b7842094103715ec5299bBed");
INSERT INTO assets(identifier, name, type) VALUES("eip155:1/erc20:0x2994529C0652D127b7842094103715ec5299bBed", "yearn Curve.fi yDAI/yUSDC/yUSDT/yBUSD", "C"); INSERT INTO evm_tokens(identifier, token_kind, chain, address, decimals, protocol) VALUES("eip155:1/erc20:0x2994529C0652D127b7842094103715ec5299bBed", "A", 1, "0x2994529C0652D127b7842094103715ec5299bBed", 18, "yearn_vaults_v1"); INSERT INTO common_asset_details(identifier, symbol, coingecko, cryptocompare, forked, started, swapped_for) VALUES("eip155:1/erc20:0x2994529C0652D127b7842094103715ec5299bBed", "yyDAI+yUSDC+yUSDT+yBUSD", "lp-bcurve", "", NULL, 1598095312, NULL); INSERT INTO underlying_tokens_list(identifier, weight, parent_token_entry) VALUES("eip155:1/erc20:0x3B3Ac5386837Dc563660FB6a0937DFAa5924333B", "1", "eip155:1/erc20:0x2994529C0652D127b7842094103715ec5299bBed");
DELETE FROM underlying_tokens_list WHERE parent_token_entry="eip155:1/erc20:0x7Ff566E1d69DEfF32a7b244aE7276b9f90e9D0f6"; INSERT INTO underlying_tokens_list(identifier, weight, parent_token_entry) VALUES("eip155:1/erc20:0x075b1bb99792c9E1041bA13afEf80C91a1e70fB3", "1", "eip155:1/erc20:0x7Ff566E1d69DEfF32a7b244aE7276b9f90e9D0f6");
INSERT INTO assets(identifier, name, type) VALUES("eip155:1/erc20:0x7Ff566E1d69DEfF32a7b244aE7276b9f90e9D0f6", "yearn Curve.fi renBTC/wBTC/sBTC", "C"); INSERT INTO evm_tokens(identifier, token_kind, chain, address, decimals, protocol) VALUES("eip155:1/erc20:0x7Ff566E1d69DEfF32a7b244aE7276b9f90e9D0f6", "A", 1, "0x7Ff566E1d69DEfF32a7b244aE7276b9f90e9D0f6", 18, "yearn_vaults_v1"); INSERT INTO common_asset_details(identifier, symbol, coingecko, cryptocompare, forked, started, swapped_for) VALUES("eip155:1/erc20:0x7Ff566E1d69DEfF32a7b244aE7276b9f90e9D0f6", "ycrvRenWSBTC", "lp-renbtc-curve", "", NULL, 1598421792, NULL); INSERT INTO underlying_tokens_list(identifier, weight, parent_token_entry) VALUES("eip155:1/erc20:0x075b1bb99792c9E1041bA13afEf80C91a1e70fB3", "1", "eip155:1/erc20:0x7Ff566E1d69DEfF32a7b244aE7276b9f90e9D0f6");
DELETE FROM underlying_tokens_list WHERE parent_token_entry="eip155:1/erc20:0x9cA85572E6A3EbF24dEDd195623F188735A5179f"; INSERT INTO underlying_tokens_list(identifier, weight, parent_token_entry) VALUES("eip155:1/erc20:0x6c3F90f043a72FA612cbac8115EE7e52BDe6E490", "1", "eip155:1/erc20:0x9cA85572E6A3EbF24dEDd195623F188735A5179f");
INSERT INTO assets(identifier, name, type) VALUES("eip155:1/erc20:0x9cA85572E6A3EbF24dEDd195623F188735A5179f", "yearn Curve.fi DAI/USDC/USDT", "C"); INSERT INTO evm_tokens(identifier, token_kind, chain, address, decimals, protocol) VALUES("eip155:1/erc20:0x9cA85572E6A3EbF24dEDd195623F188735A5179f", "A", 1, "0x9cA85572E6A3EbF24dEDd195623F188735A5179f", 18, "yearn_vaults_v1"); INSERT INTO common_asset_details(identifier, symbol, coingecko, cryptocompare, forked, started, swapped_for) VALUES("eip155:1/erc20:0x9cA85572E6A3EbF24dEDd195623F188735A5179f", "y3Crv", "curve-dao-token", "", NULL, 1602322413, NULL); INSERT INTO underlying_tokens_list(identifier, weight, parent_token_entry) VALUES("eip155:1/erc20:0x6c3F90f043a72FA612cbac8115EE7e52BDe6E490", "1", "eip155:1/erc20:0x9cA85572E6A3EbF24dEDd195623F188735A5179f");
DELETE FROM underlying_tokens_list WHERE parent_token_entry="eip155:1/erc20:0xbD17B1ce622d73bD438b9E658acA5996dc394b0d"; INSERT INTO underlying_tokens_list(identifier, weight, parent_token_entry) VALUES("eip155:1/erc20:0x5Eff6d166D66BacBC1BF52E2C54dD391AE6b1f48", "1", "eip155:1/erc20:0xbD17B1ce622d73bD438b9E658acA5996dc394b0d");
INSERT INTO assets(identifier, name, type) VALUES("eip155:1/erc20:0xbD17B1ce622d73bD438b9E658acA5996dc394b0d", "yearn pSLP", "C"); INSERT INTO evm_tokens(identifier, token_kind, chain, address, decimals, protocol) VALUES("eip155:1/erc20:0xbD17B1ce622d73bD438b9E658acA5996dc394b0d", "A", 1, "0xbD17B1ce622d73bD438b9E658acA5996dc394b0d", 18, "yearn_vaults_v1"); INSERT INTO common_asset_details(identifier, symbol, coingecko, cryptocompare, forked, started, swapped_for) VALUES("eip155:1/erc20:0xbD17B1ce622d73bD438b9E658acA5996dc394b0d", "yvpSLP", "", "", NULL, 1599694464, NULL); INSERT INTO underlying_tokens_list(identifier, weight, parent_token_entry) VALUES("eip155:1/erc20:0x5Eff6d166D66BacBC1BF52E2C54dD391AE6b1f48", "1", "eip155:1/erc20:0xbD17B1ce622d73bD438b9E658acA5996dc394b0d");
DELETE FROM underlying_tokens_list WHERE parent_token_entry="eip155:1/erc20:0x629c759D1E83eFbF63d84eb3868B564d9521C129"; INSERT INTO underlying_tokens_list(identifier, weight, parent_token_entry) VALUES("eip155:1/erc20:0x845838DF265Dcd2c412A1Dc9e959c7d08537f8a2", "1", "eip155:1/erc20:0x629c759D1E83eFbF63d84eb3868B564d9521C129");
INSERT INTO assets(identifier, name, type) VALUES("eip155:1/erc20:0x629c759D1E83eFbF63d84eb3868B564d9521C129", "yearn Curve.fi cDAI/cUSDC", "C"); INSERT INTO evm_tokens(identifier, token_kind, chain, address, decimals, protocol) VALUES("eip155:1/erc20:0x629c759D1E83eFbF63d84eb3868B564d9521C129", "A", 1, "0x629c759D1E83eFbF63d84eb3868B564d9521C129", 18, "yearn_vaults_v1"); INSERT INTO common_asset_details(identifier, symbol, coingecko, cryptocompare, forked, started, swapped_for) VALUES("eip155:1/erc20:0x629c759D1E83eFbF63d84eb3868B564d9521C129", "yvcDAI+cUSDC", "", "", NULL, 1604758201, NULL); INSERT INTO underlying_tokens_list(identifier, weight, parent_token_entry) VALUES("eip155:1/erc20:0x845838DF265Dcd2c412A1Dc9e959c7d08537f8a2", "1", "eip155:1/erc20:0x629c759D1E83eFbF63d84eb3868B564d9521C129");
DELETE FROM underlying_tokens_list WHERE parent_token_entry="eip155:1/erc20:0x0FCDAeDFb8A7DfDa2e9838564c5A1665d856AFDF"; INSERT INTO underlying_tokens_list(identifier, weight, parent_token_entry) VALUES("eip155:1/erc20:0x1AEf73d49Dedc4b1778d0706583995958Dc862e6", "1", "eip155:1/erc20:0x0FCDAeDFb8A7DfDa2e9838564c5A1665d856AFDF");
INSERT INTO assets(identifier, name, type) VALUES("eip155:1/erc20:0x0FCDAeDFb8A7DfDa2e9838564c5A1665d856AFDF", "yearn Curve.fi MUSD/3Crv", "C"); INSERT INTO evm_tokens(identifier, token_kind, chain, address, decimals, protocol) VALUES("eip155:1/erc20:0x0FCDAeDFb8A7DfDa2e9838564c5A1665d856AFDF", "A", 1, "0x0FCDAeDFb8A7DfDa2e9838564c5A1665d856AFDF", 18, "yearn_vaults_v1"); INSERT INTO common_asset_details(identifier, symbol, coingecko, cryptocompare, forked, started, swapped_for) VALUES("eip155:1/erc20:0x0FCDAeDFb8A7DfDa2e9838564c5A1665d856AFDF", "yvmusd3CRV", "", "", NULL, 1607160847, NULL); INSERT INTO underlying_tokens_list(identifier, weight, parent_token_entry) VALUES("eip155:1/erc20:0x1AEf73d49Dedc4b1778d0706583995958Dc862e6", "1", "eip155:1/erc20:0x0FCDAeDFb8A7DfDa2e9838564c5A1665d856AFDF");
DELETE FROM underlying_tokens_list WHERE parent_token_entry="eip155:1/erc20:0xcC7E70A958917cCe67B4B87a8C30E6297451aE98"; INSERT INTO underlying_tokens_list(identifier, weight, parent_token_entry) VALUES("eip155:1/erc20:0xD2967f45c4f384DEEa880F807Be904762a3DeA07", "1", "eip155:1/erc20:0xcC7E70A958917cCe67B4B87a8C30E6297451aE98");
INSERT INTO assets(identifier, name, type) VALUES("eip155:1/erc20:0xcC7E70A958917cCe67B4B87a8C30E6297451aE98", "yearn Curve.fi GUSD/3Crv", "C"); INSERT INTO evm_tokens(identifier, token_kind, chain, address, decimals, protocol) VALUES("eip155:1/erc20:0xcC7E70A958917cCe67B4B87a8C30E6297451aE98", "A", 1, "0xcC7E70A958917cCe67B4B87a8C30E6297451aE98", 18, "yearn_vaults_v1"); INSERT INTO common_asset_details(identifier, symbol, coingecko, cryptocompare, forked, started, swapped_for) VALUES("eip155:1/erc20:0xcC7E70A958917cCe67B4B87a8C30E6297451aE98", "yvgusd3CRV", "", "", NULL, 1607237689, NULL); INSERT INTO underlying_tokens_list(identifier, weight, parent_token_entry) VALUES("eip155:1/erc20:0xD2967f45c4f384DEEa880F807Be904762a3DeA07", "1", "eip155:1/erc20:0xcC7E70A958917cCe67B4B87a8C30E6297451aE98");
DELETE FROM underlying_tokens_list WHERE parent_token_entry="eip155:1/erc20:0x98B058b2CBacF5E99bC7012DF757ea7CFEbd35BC"; INSERT INTO underlying_tokens_list(identifier, weight, parent_token_entry) VALUES("eip155:1/erc20:0x194eBd173F6cDacE046C53eACcE9B953F28411d1", "1", "eip155:1/erc20:0x98B058b2CBacF5E99bC7012DF757ea7CFEbd35BC");
INSERT INTO assets(identifier, name, type) VALUES("eip155:1/erc20:0x98B058b2CBacF5E99bC7012DF757ea7CFEbd35BC", "yearn Curve.fi EURS/sEUR", "C"); INSERT INTO evm_tokens(identifier, token_kind, chain, address, decimals, protocol) VALUES("eip155:1/erc20:0x98B058b2CBacF5E99bC7012DF757ea7CFEbd35BC", "A", 1, "0x98B058b2CBacF5E99bC7012DF757ea7CFEbd35BC", 18, "yearn_vaults_v1"); INSERT INTO common_asset_details(identifier, symbol, coingecko, cryptocompare, forked, started, swapped_for) VALUES("eip155:1/erc20:0x98B058b2CBacF5E99bC7012DF757ea7CFEbd35BC", "yveursCRV", "", "", NULL, 1610435041, NULL); INSERT INTO underlying_tokens_list(identifier, weight, parent_token_entry) VALUES("eip155:1/erc20:0x194eBd173F6cDacE046C53eACcE9B953F28411d1", "1", "eip155:1/erc20:0x98B058b2CBacF5E99bC7012DF757ea7CFEbd35BC");
DELETE FROM underlying_tokens_list WHERE parent_token_entry="eip155:1/erc20:0xE0db48B4F71752C4bEf16De1DBD042B82976b8C7"; INSERT INTO underlying_tokens_list(identifier, weight, parent_token_entry) VALUES("eip155:1/erc20:0xe2f2a5C287993345a840Db3B0845fbC70f5935a5", "1", "eip155:1/erc20:0xE0db48B4F71752C4bEf16De1DBD042B82976b8C7");
INSERT INTO assets(identifier, name, type) VALUES("eip155:1/erc20:0xE0db48B4F71752C4bEf16De1DBD042B82976b8C7", "yearn mStable USD", "C"); INSERT INTO evm_tokens(identifier, token_kind, chain, address, decimals, protocol) VALUES("eip155:1/erc20:0xE0db48B4F71752C4bEf16De1DBD042B82976b8C7", "A", 1, "0xE0db48B4F71752C4bEf16De1DBD042B82976b8C7", 18, "yearn_vaults_v1"); INSERT INTO common_asset_details(identifier, symbol, coingecko, cryptocompare, forked, started, swapped_for) VALUES("eip155:1/erc20:0xE0db48B4F71752C4bEf16De1DBD042B82976b8C7", "yvmUSD", "", "", NULL, 1609441345, NULL); INSERT INTO underlying_tokens_list(identifier, weight, parent_token_entry) VALUES("eip155:1/erc20:0xe2f2a5C287993345a840Db3B0845fbC70f5935a5", "1", "eip155:1/erc20:0xE0db48B4F71752C4bEf16De1DBD042B82976b8C7");
DELETE FROM underlying_tokens_list WHERE parent_token_entry="eip155:1/erc20:0x5334e150B938dd2b6bd040D9c4a03Cff0cED3765"; INSERT INTO underlying_tokens_list(identifier, weight, parent_token_entry) VALUES("eip155:1/erc20:0x49849C98ae39Fff122806C06791Fa73784FB3675", "1", "eip155:1/erc20:0x5334e150B938dd2b6bd040D9c4a03Cff0cED3765");
INSERT INTO assets(identifier, name, type) VALUES("eip155:1/erc20:0x5334e150B938dd2b6bd040D9c4a03Cff0cED3765", "yearn Curve.fi renBTC/wBTC", "C"); INSERT INTO evm_tokens(identifier, token_kind, chain, address, decimals, protocol) VALUES("eip155:1/erc20:0x5334e150B938dd2b6bd040D9c4a03Cff0cED3765", "A", 1, "0x5334e150B938dd2b6bd040D9c4a03Cff0cED3765", 18, "yearn_vaults_v1"); INSERT INTO common_asset_details(identifier, symbol, coingecko, cryptocompare, forked, started, swapped_for) VALUES("eip155:1/erc20:0x5334e150B938dd2b6bd040D9c4a03Cff0cED3765", "yvcrvRenWBTC", "", "", NULL, 1611583752, NULL); INSERT INTO underlying_tokens_list(identifier, weight, parent_token_entry) VALUES("eip155:1/erc20:0x49849C98ae39Fff122806C06791Fa73784FB3675", "1", "eip155:1/erc20:0x5334e150B938dd2b6bd040D9c4a03Cff0cED3765");
DELETE FROM underlying_tokens_list WHERE parent_token_entry="eip155:1/erc20:0xFe39Ce91437C76178665D64d7a2694B0f6f17fE3"; INSERT INTO underlying_tokens_list(identifier, weight, parent_token_entry) VALUES("eip155:1/erc20:0x4f3E8F405CF5aFC05D68142F3783bDfE13811522", "1", "eip155:1/erc20:0xFe39Ce91437C76178665D64d7a2694B0f6f17fE3");
INSERT INTO assets(identifier, name, type) VALUES("eip155:1/erc20:0xFe39Ce91437C76178665D64d7a2694B0f6f17fE3", "yearn Curve.fi USDN/3Crv", "C"); INSERT INTO evm_tokens(identifier, token_kind, chain, address, decimals, protocol) VALUES("eip155:1/erc20:0xFe39Ce91437C76178665D64d7a2694B0f6f17fE3", "A", 1, "0xFe39Ce91437C76178665D64d7a2694B0f6f17fE3", 18, "yearn_vaults_v1"); INSERT INTO common_asset_details(identifier, symbol, coingecko, cryptocompare, forked, started, swapped_for) VALUES("eip155:1/erc20:0xFe39Ce91437C76178665D64d7a2694B0f6f17fE3", "yvusdn3CRV", "", "", NULL, 1611451016, NULL); INSERT INTO underlying_tokens_list(identifier, weight, parent_token_entry) VALUES("eip155:1/erc20:0x4f3E8F405CF5aFC05D68142F3783bDfE13811522", "1", "eip155:1/erc20:0xFe39Ce91437C76178665D64d7a2694B0f6f17fE3");
DELETE FROM underlying_tokens_list WHERE parent_token_entry="eip155:1/erc20:0xF6C9E9AF314982A4b38366f4AbfAa00595C5A6fC"; INSERT INTO underlying_tokens_list(identifier, weight, parent_token_entry) VALUES("eip155:1/erc20:0x94e131324b6054c0D789b190b2dAC504e4361b53", "1", "eip155:1/erc20:0xF6C9E9AF314982A4b38366f4AbfAa00595C5A6fC");
INSERT INTO assets(identifier, name, type) VALUES("eip155:1/erc20:0xF6C9E9AF314982A4b38366f4AbfAa00595C5A6fC", "yearn Curve.fi UST/3Crv", "C"); INSERT INTO evm_tokens(identifier, token_kind, chain, address, decimals, protocol) VALUES("eip155:1/erc20:0xF6C9E9AF314982A4b38366f4AbfAa00595C5A6fC", "A", 1, "0xF6C9E9AF314982A4b38366f4AbfAa00595C5A6fC", 18, "yearn_vaults_v1"); INSERT INTO common_asset_details(identifier, symbol, coingecko, cryptocompare, forked, started, swapped_for) VALUES("eip155:1/erc20:0xF6C9E9AF314982A4b38366f4AbfAa00595C5A6fC", "yvust3CRV", "", "", NULL, 1611444747, NULL); INSERT INTO underlying_tokens_list(identifier, weight, parent_token_entry) VALUES("eip155:1/erc20:0x94e131324b6054c0D789b190b2dAC504e4361b53", "1", "eip155:1/erc20:0xF6C9E9AF314982A4b38366f4AbfAa00595C5A6fC");
DELETE FROM underlying_tokens_list WHERE parent_token_entry="eip155:1/erc20:0xA8B1Cb4ed612ee179BDeA16CCa6Ba596321AE52D"; INSERT INTO underlying_tokens_list(identifier, weight, parent_token_entry) VALUES("eip155:1/erc20:0x410e3E86ef427e30B9235497143881f717d93c2A", "1", "eip155:1/erc20:0xA8B1Cb4ed612ee179BDeA16CCa6Ba596321AE52D");
INSERT INTO assets(identifier, name, type) VALUES("eip155:1/erc20:0xA8B1Cb4ed612ee179BDeA16CCa6Ba596321AE52D", "yearn Curve.fi bBTC/sbtcCRV", "C"); INSERT INTO evm_tokens(identifier, token_kind, chain, address, decimals, protocol) VALUES("eip155:1/erc20:0xA8B1Cb4ed612ee179BDeA16CCa6Ba596321AE52D", "A", 1, "0xA8B1Cb4ed612ee179BDeA16CCa6Ba596321AE52D", 18, "yearn_vaults_v1"); INSERT INTO common_asset_details(identifier, symbol, coingecko, cryptocompare, forked, started, swapped_for) VALUES("eip155:1/erc20:0xA8B1Cb4ed612ee179BDeA16CCa6Ba596321AE52D", "yvbBTC/sbtcCRV", "", "", NULL, 1611443166, NULL); INSERT INTO underlying_tokens_list(identifier, weight, parent_token_entry) VALUES("eip155:1/erc20:0x410e3E86ef427e30B9235497143881f717d93c2A", "1", "eip155:1/erc20:0xA8B1Cb4ed612ee179BDeA16CCa6Ba596321AE52D");
DELETE FROM underlying_tokens_list WHERE parent_token_entry="eip155:1/erc20:0x07FB4756f67bD46B748b16119E802F1f880fb2CC"; INSERT INTO underlying_tokens_list(identifier, weight, parent_token_entry) VALUES("eip155:1/erc20:0x64eda51d3Ad40D56b9dFc5554E06F94e1Dd786Fd", "1", "eip155:1/erc20:0x07FB4756f67bD46B748b16119E802F1f880fb2CC");
INSERT INTO assets(identifier, name, type) VALUES("eip155:1/erc20:0x07FB4756f67bD46B748b16119E802F1f880fb2CC", "yearn Curve.fi tBTC/sbtcCrv", "C"); INSERT INTO evm_tokens(identifier, token_kind, chain, address, decimals, protocol) VALUES("eip155:1/erc20:0x07FB4756f67bD46B748b16119E802F1f880fb2CC", "A", 1, "0x07FB4756f67bD46B748b16119E802F1f880fb2CC", 18, "yearn_vaults_v1"); INSERT INTO common_asset_details(identifier, symbol, coingecko, cryptocompare, forked, started, swapped_for) VALUES("eip155:1/erc20:0x07FB4756f67bD46B748b16119E802F1f880fb2CC", "yvtbtc/sbtcCrv", "", "", NULL, 1611641883, NULL); INSERT INTO underlying_tokens_list(identifier, weight, parent_token_entry) VALUES("eip155:1/erc20:0x64eda51d3Ad40D56b9dFc5554E06F94e1Dd786Fd", "1", "eip155:1/erc20:0x07FB4756f67bD46B748b16119E802F1f880fb2CC");
DELETE FROM underlying_tokens_list WHERE parent_token_entry="eip155:1/erc20:0x7F83935EcFe4729c4Ea592Ab2bC1A32588409797"; INSERT INTO underlying_tokens_list(identifier, weight, parent_token_entry) VALUES("eip155:1/erc20:0x2fE94ea3d5d4a175184081439753DE15AeF9d614", "1", "eip155:1/erc20:0x7F83935EcFe4729c4Ea592Ab2bC1A32588409797");
INSERT INTO assets(identifier, name, type) VALUES("eip155:1/erc20:0x7F83935EcFe4729c4Ea592Ab2bC1A32588409797", "yearn Curve.fi oBTC/sbtcCRV", "C"); INSERT INTO evm_tokens(identifier, token_kind, chain, address, decimals, protocol) VALUES("eip155:1/erc20:0x7F83935EcFe4729c4Ea592Ab2bC1A32588409797", "A", 1, "0x7F83935EcFe4729c4Ea592Ab2bC1A32588409797", 18, "yearn_vaults_v1"); INSERT INTO common_asset_details(identifier, symbol, coingecko, cryptocompare, forked, started, swapped_for) VALUES("eip155:1/erc20:0x7F83935EcFe4729c4Ea592Ab2bC1A32588409797", "yvoBTC/sbtcCRV", "", "", NULL, 1611698586, NULL); INSERT INTO underlying_tokens_list(identifier, weight, parent_token_entry) VALUES("eip155:1/erc20:0x2fE94ea3d5d4a175184081439753DE15AeF9d614", "1", "eip155:1/erc20:0x7F83935EcFe4729c4Ea592Ab2bC1A32588409797");
DELETE FROM underlying_tokens_list WHERE parent_token_entry="eip155:1/erc20:0x46AFc2dfBd1ea0c0760CAD8262A5838e803A37e5"; INSERT INTO underlying_tokens_list(identifier, weight, parent_token_entry) VALUES("eip155:1/erc20:0xb19059ebb43466C323583928285a49f558E572Fd", "1", "eip155:1/erc20:0x46AFc2dfBd1ea0c0760CAD8262A5838e803A37e5");
INSERT INTO assets(identifier, name, type) VALUES("eip155:1/erc20:0x46AFc2dfBd1ea0c0760CAD8262A5838e803A37e5", "yearn Curve.fi hBTC/wBTC", "C"); INSERT INTO evm_tokens(identifier, token_kind, chain, address, decimals, protocol) VALUES("eip155:1/erc20:0x46AFc2dfBd1ea0c0760CAD8262A5838e803A37e5", "A", 1, "0x46AFc2dfBd1ea0c0760CAD8262A5838e803A37e5", 18, "yearn_vaults_v1"); INSERT INTO common_asset_details(identifier, symbol, coingecko, cryptocompare, forked, started, swapped_for) VALUES("eip155:1/erc20:0x46AFc2dfBd1ea0c0760CAD8262A5838e803A37e5", "yvhCRV", "", "", NULL, 1611973890, NULL); INSERT INTO underlying_tokens_list(identifier, weight, parent_token_entry) VALUES("eip155:1/erc20:0xb19059ebb43466C323583928285a49f558E572Fd", "1", "eip155:1/erc20:0x46AFc2dfBd1ea0c0760CAD8262A5838e803A37e5");
DELETE FROM underlying_tokens_list WHERE parent_token_entry="eip155:1/erc20:0x5533ed0a3b83F70c3c4a1f69Ef5546D3D4713E44"; INSERT INTO underlying_tokens_list(identifier, weight, parent_token_entry) VALUES("eip155:1/erc20:0xC25a3A3b969415c80451098fa907EC722572917F", "1", "eip155:1/erc20:0x5533ed0a3b83F70c3c4a1f69Ef5546D3D4713E44");
INSERT INTO assets(identifier, name, type) VALUES("eip155:1/erc20:0x5533ed0a3b83F70c3c4a1f69Ef5546D3D4713E44", "yearn Curve.fi DAI/USDC/USDT/sUSD", "C"); INSERT INTO evm_tokens(identifier, token_kind, chain, address, decimals, protocol) VALUES("eip155:1/erc20:0x5533ed0a3b83F70c3c4a1f69Ef5546D3D4713E44", "A", 1, "0x5533ed0a3b83F70c3c4a1f69Ef5546D3D4713E44", 18, "yearn_vaults_v1"); INSERT INTO common_asset_details(identifier, symbol, coingecko, cryptocompare, forked, started, swapped_for) VALUES("eip155:1/erc20:0x5533ed0a3b83F70c3c4a1f69Ef5546D3D4713E44", "yvcrvPlain3andSUSD", "", "", NULL, 1611704712, NULL); INSERT INTO underlying_tokens_list(identifier, weight, parent_token_entry) VALUES("eip155:1/erc20:0xC25a3A3b969415c80451098fa907EC722572917F", "1", "eip155:1/erc20:0x5533ed0a3b83F70c3c4a1f69Ef5546D3D4713E44");
DELETE FROM underlying_tokens_list WHERE parent_token_entry="eip155:1/erc20:0x39546945695DCb1c037C836925B355262f551f55"; INSERT INTO underlying_tokens_list(identifier, weight, parent_token_entry) VALUES("eip155:1/erc20:0x5B5CFE992AdAC0C9D48E05854B2d91C73a003858", "1", "eip155:1/erc20:0x39546945695DCb1c037C836925B355262f551f55");
INSERT INTO assets(identifier, name, type) VALUES("eip155:1/erc20:0x39546945695DCb1c037C836925B355262f551f55", "yearn Curve.fi HUSD/3Crv", "C"); INSERT INTO evm_tokens(identifier, token_kind, chain, address, decimals, protocol) VALUES("eip155:1/erc20:0x39546945695DCb1c037C836925B355262f551f55", "A", 1, "0x39546945695DCb1c037C836925B355262f551f55", 18, "yearn_vaults_v1"); INSERT INTO common_asset_details(identifier, symbol, coingecko, cryptocompare, forked, started, swapped_for) VALUES("eip155:1/erc20:0x39546945695DCb1c037C836925B355262f551f55", "yvhusd3CRV", "", "", NULL, 1611973890, NULL); INSERT INTO underlying_tokens_list(identifier, weight, parent_token_entry) VALUES("eip155:1/erc20:0x5B5CFE992AdAC0C9D48E05854B2d91C73a003858", "1", "eip155:1/erc20:0x39546945695DCb1c037C836925B355262f551f55");
DELETE FROM underlying_tokens_list WHERE parent_token_entry="eip155:1/erc20:0x8e6741b456a074F0Bc45B8b82A755d4aF7E965dF"; INSERT INTO underlying_tokens_list(identifier, weight, parent_token_entry) VALUES("eip155:1/erc20:0x3a664Ab939FD8482048609f652f9a0B0677337B9", "1", "eip155:1/erc20:0x8e6741b456a074F0Bc45B8b82A755d4aF7E965dF");
INSERT INTO assets(identifier, name, type) VALUES("eip155:1/erc20:0x8e6741b456a074F0Bc45B8b82A755d4aF7E965dF", "yearn Curve.fi DUSD/3Crv", "C"); INSERT INTO evm_tokens(identifier, token_kind, chain, address, decimals, protocol) VALUES("eip155:1/erc20:0x8e6741b456a074F0Bc45B8b82A755d4aF7E965dF", "A", 1, "0x8e6741b456a074F0Bc45B8b82A755d4aF7E965dF", 18, "yearn_vaults_v1"); INSERT INTO common_asset_details(identifier, symbol, coingecko, cryptocompare, forked, started, swapped_for) VALUES("eip155:1/erc20:0x8e6741b456a074F0Bc45B8b82A755d4aF7E965dF", "yvdusd3CRV", "", "", NULL, 1611973890, NULL); INSERT INTO underlying_tokens_list(identifier, weight, parent_token_entry) VALUES("eip155:1/erc20:0x3a664Ab939FD8482048609f652f9a0B0677337B9", "1", "eip155:1/erc20:0x8e6741b456a074F0Bc45B8b82A755d4aF7E965dF");
DELETE FROM underlying_tokens_list WHERE parent_token_entry="eip155:1/erc20:0x03403154afc09Ce8e44C3B185C82C6aD5f86b9ab"; INSERT INTO underlying_tokens_list(identifier, weight, parent_token_entry) VALUES("eip155:1/erc20:0x6c3F90f043a72FA612cbac8115EE7e52BDe6E490", "1", "eip155:1/erc20:0x03403154afc09Ce8e44C3B185C82C6aD5f86b9ab");
INSERT INTO assets(identifier, name, type) VALUES("eip155:1/erc20:0x03403154afc09Ce8e44C3B185C82C6aD5f86b9ab", "yearn Curve.fi aDAI/aUSDC/aUSDT", "C"); INSERT INTO evm_tokens(identifier, token_kind, chain, address, decimals, protocol) VALUES("eip155:1/erc20:0x03403154afc09Ce8e44C3B185C82C6aD5f86b9ab", "A", 1, "0x03403154afc09Ce8e44C3B185C82C6aD5f86b9ab", 18, "yearn_vaults_v1"); INSERT INTO common_asset_details(identifier, symbol, coingecko, cryptocompare, forked, started, swapped_for) VALUES("eip155:1/erc20:0x03403154afc09Ce8e44C3B185C82C6aD5f86b9ab", "yva3CRV", "", "", NULL, 1612192629, NULL); INSERT INTO underlying_tokens_list(identifier, weight, parent_token_entry) VALUES("eip155:1/erc20:0x6c3F90f043a72FA612cbac8115EE7e52BDe6E490", "1", "eip155:1/erc20:0x03403154afc09Ce8e44C3B185C82C6aD5f86b9ab");
DELETE FROM underlying_tokens_list WHERE parent_token_entry="eip155:1/erc20:0xE625F5923303f1CE7A43ACFEFd11fd12f30DbcA4"; INSERT INTO underlying_tokens_list(identifier, weight, parent_token_entry) VALUES("eip155:1/erc20:0xaA17A236F2bAdc98DDc0Cf999AbB47D47Fc0A6Cf", "1", "eip155:1/erc20:0xE625F5923303f1CE7A43ACFEFd11fd12f30DbcA4");
INSERT INTO assets(identifier, name, type) VALUES("eip155:1/erc20:0xE625F5923303f1CE7A43ACFEFd11fd12f30DbcA4", "yearn Curve.fi ETH/aETH", "C"); INSERT INTO evm_tokens(identifier, token_kind, chain, address, decimals, protocol) VALUES("eip155:1/erc20:0xE625F5923303f1CE7A43ACFEFd11fd12f30DbcA4", "A", 1, "0xE625F5923303f1CE7A43ACFEFd11fd12f30DbcA4", 18, "yearn_vaults_v1"); INSERT INTO common_asset_details(identifier, symbol, coingecko, cryptocompare, forked, started, swapped_for) VALUES("eip155:1/erc20:0xE625F5923303f1CE7A43ACFEFd11fd12f30DbcA4", "yvankrCRV", "", "", NULL, 1613091218, NULL); INSERT INTO underlying_tokens_list(identifier, weight, parent_token_entry) VALUES("eip155:1/erc20:0xaA17A236F2bAdc98DDc0Cf999AbB47D47Fc0A6Cf", "1", "eip155:1/erc20:0xE625F5923303f1CE7A43ACFEFd11fd12f30DbcA4");
DELETE FROM underlying_tokens_list WHERE parent_token_entry="eip155:1/erc20:0xBacB69571323575C6a5A3b4F9EEde1DC7D31FBc1"; INSERT INTO underlying_tokens_list(identifier, weight, parent_token_entry) VALUES("eip155:1/erc20:0x02d341CcB60fAaf662bC0554d13778015d1b285C", "1", "eip155:1/erc20:0xBacB69571323575C6a5A3b4F9EEde1DC7D31FBc1");
INSERT INTO assets(identifier, name, type) VALUES("eip155:1/erc20:0xBacB69571323575C6a5A3b4F9EEde1DC7D31FBc1", "yearn Curve.fi aDAI/aSUSD", "C"); INSERT INTO evm_tokens(identifier, token_kind, chain, address, decimals, protocol) VALUES("eip155:1/erc20:0xBacB69571323575C6a5A3b4F9EEde1DC7D31FBc1", "A", 1, "0xBacB69571323575C6a5A3b4F9EEde1DC7D31FBc1", 18, "yearn_vaults_v1"); INSERT INTO common_asset_details(identifier, symbol, coingecko, cryptocompare, forked, started, swapped_for) VALUES("eip155:1/erc20:0xBacB69571323575C6a5A3b4F9EEde1DC7D31FBc1", "yvsaCRV", "", "", NULL, 1613888556, NULL); INSERT INTO underlying_tokens_list(identifier, weight, parent_token_entry) VALUES("eip155:1/erc20:0x02d341CcB60fAaf662bC0554d13778015d1b285C", "1", "eip155:1/erc20:0xBacB69571323575C6a5A3b4F9EEde1DC7D31FBc1");
DELETE FROM underlying_tokens_list WHERE parent_token_entry="eip155:1/erc20:0x1B5eb1173D2Bf770e50F10410C9a96F7a8eB6e75"; INSERT INTO underlying_tokens_list(identifier, weight, parent_token_entry) VALUES("eip155:1/erc20:0x7Eb40E450b9655f4B3cC4259BCC731c63ff55ae6", "1", "eip155:1/erc20:0x1B5eb1173D2Bf770e50F10410C9a96F7a8eB6e75");
INSERT INTO assets(identifier, name, type) VALUES("eip155:1/erc20:0x1B5eb1173D2Bf770e50F10410C9a96F7a8eB6e75", "yearn Curve.fi USDP/3Crv", "C"); INSERT INTO evm_tokens(identifier, token_kind, chain, address, decimals, protocol) VALUES("eip155:1/erc20:0x1B5eb1173D2Bf770e50F10410C9a96F7a8eB6e75", "A", 1, "0x1B5eb1173D2Bf770e50F10410C9a96F7a8eB6e75", 18, "yearn_vaults_v1"); INSERT INTO common_asset_details(identifier, symbol, coingecko, cryptocompare, forked, started, swapped_for) VALUES("eip155:1/erc20:0x1B5eb1173D2Bf770e50F10410C9a96F7a8eB6e75", "yvusdp3CRV", "", "", NULL, 1614835272, NULL); INSERT INTO underlying_tokens_list(identifier, weight, parent_token_entry) VALUES("eip155:1/erc20:0x7Eb40E450b9655f4B3cC4259BCC731c63ff55ae6", "1", "eip155:1/erc20:0x1B5eb1173D2Bf770e50F10410C9a96F7a8eB6e75");
INSERT INTO assets(identifier, name, type) VALUES("eip155:534352/erc20:0xd29687c813D741E2F938F4aC377128810E217b1b", "Scroll", "C"); INSERT INTO evm_tokens(identifier, token_kind, chain, address, decimals, protocol) VALUES("eip155:534352/erc20:0xd29687c813D741E2F938F4aC377128810E217b1b", "A", 534352, "0xd29687c813D741E2F938F4aC377128810E217b1b", 18, NULL); INSERT INTO common_asset_details(identifier, symbol, coingecko, cryptocompare, forked, started, swapped_for) VALUES("eip155:534352/erc20:0xd29687c813D741E2F938F4aC377128810E217b1b", "SCR", "scroll", "SCROLL", NULL, 1725336741, NULL);
*
INSERT INTO assets(identifier, name, type) VALUES("eip155:1/erc20:0x4d1C297d39C5c1277964D0E3f8Aa901493664530", "PUFFER", "C"); INSERT INTO evm_tokens(identifier, token_kind, chain, address, decimals, protocol) VALUES("eip155:1/erc20:0x4d1C297d39C5c1277964D0E3f8Aa901493664530", "A", 1, "0x4d1C297d39C5c1277964D0E3f8Aa901493664530", 18, NULL); INSERT INTO common_asset_details(identifier, symbol, coingecko, cryptocompare, forked, started, swapped_for) VALUES("eip155:1/erc20:0x4d1C297d39C5c1277964D0E3f8Aa901493664530", "PUFFER", "puffer-finance", "PUFFER", NULL, 1727781299, NULL);
*
INSERT INTO assets(identifier, name, type) VALUES("eip155:1/erc20:0x0001A500A6B18995B03f44bb040A5fFc28E45CB0", "Autonolas", "C"); INSERT INTO evm_tokens(identifier, token_kind, chain, address, decimals, protocol) VALUES("eip155:1/erc20:0x0001A500A6B18995B03f44bb040A5fFc28E45CB0", "A", 1, "0x0001A500A6B18995B03f44bb040A5fFc28E45CB0", 18, NULL); INSERT INTO common_asset_details(identifier, symbol, coingecko, cryptocompare, forked, started, swapped_for) VALUES("eip155:1/erc20:0x0001A500A6B18995B03f44bb040A5fFc28E45CB0", "OLAS", "autonolas", "OLAS", NULL, 1656584807, NULL);
*
INSERT INTO assets(identifier, name, type) VALUES("eip155:100/erc20:0xcE11e14225575945b8E6Dc0D4F2dD4C570f79d9f", "Autonolas from Mainnet", "C"); INSERT INTO evm_tokens(identifier, token_kind, chain, address, decimals, protocol) VALUES("eip155:100/erc20:0xcE11e14225575945b8E6Dc0D4F2dD4C570f79d9f", "A", 100, "0xcE11e14225575945b8E6Dc0D4F2dD4C570f79d9f", 18, NULL); INSERT INTO common_asset_details(identifier, symbol, coingecko, cryptocompare, forked, started, swapped_for) VALUES("eip155:100/erc20:0xcE11e14225575945b8E6Dc0D4F2dD4C570f79d9f", "OLAS", "autonolas", "OLAS", NULL, 1696216960, NULL);
*
INSERT INTO assets(identifier, name, type) VALUES("eip155:137/erc20:0xFEF5d947472e72Efbb2E388c730B7428406F2F95", "Autonolas(PoS)", "C"); INSERT INTO evm_tokens(identifier, token_kind, chain, address, decimals, protocol) VALUES("eip155:137/erc20:0xFEF5d947472e72Efbb2E388c730B7428406F2F95", "A", 137, "0xFEF5d947472e72Efbb2E388c730B7428406F2F95", 18, NULL); INSERT INTO common_asset_details(identifier, symbol, coingecko, cryptocompare, forked, started, swapped_for) VALUES("eip155:137/erc20:0xFEF5d947472e72Efbb2E388c730B7428406F2F95", "OLAS", "autonolas", "OLAS", NULL, 1699191437, NULL);
*
INSERT INTO assets(identifier, name, type) VALUES("eip155:1/erc20:0x1aBaEA1f7C830bD89Acc67eC4af516284b1bC33c", "Euro Coin", "C"); INSERT INTO evm_tokens(identifier, token_kind, chain, address, decimals, protocol) VALUES("eip155:1/erc20:0x1aBaEA1f7C830bD89Acc67eC4af516284b1bC33c", "A", 1, "0x1aBaEA1f7C830bD89Acc67eC4af516284b1bC33c", 6, NULL); INSERT INTO common_asset_details(identifier, symbol, coingecko, cryptocompare, forked, started, swapped_for) VALUES("eip155:1/erc20:0x1aBaEA1f7C830bD89Acc67eC4af516284b1bC33c", "EURC", "euro-coin", "EURC", NULL, 1652995438, NULL);
*
INSERT INTO assets(identifier, name, type) VALUES("eip155:8453/erc20:0x60a3E35Cc302bFA44Cb288Bc5a4F316Fdb1adb42", "EURC", "C"); INSERT INTO evm_tokens(identifier, token_kind, chain, address, decimals, protocol) VALUES("eip155:8453/erc20:0x60a3E35Cc302bFA44Cb288Bc5a4F316Fdb1adb42", "A", 8453, "0x60a3E35Cc302bFA44Cb288Bc5a4F316Fdb1adb42", 6, NULL); INSERT INTO common_asset_details(identifier, symbol, coingecko, cryptocompare, forked, started, swapped_for) VALUES("eip155:8453/erc20:0x60a3E35Cc302bFA44Cb288Bc5a4F316Fdb1adb42", "EURC", "euro-coin", "EURC", NULL, 1717005065, NULL);
*
INSERT INTO assets(identifier, name, type) VALUES("eip155:43114/erc20:0xC891EB4cbdEFf6e073e859e987815Ed1505c2ACD", "Euro Coin", "C"); INSERT INTO evm_tokens(identifier, token_kind, chain, address, decimals, protocol) VALUES("eip155:43114/erc20:0xC891EB4cbdEFf6e073e859e987815Ed1505c2ACD", "A", 43114, "0xC891EB4cbdEFf6e073e859e987815Ed1505c2ACD", 6, NULL); INSERT INTO common_asset_details(identifier, symbol, coingecko, cryptocompare, forked, started, swapped_for) VALUES("eip155:43114/erc20:0xC891EB4cbdEFf6e073e859e987815Ed1505c2ACD", "EURC", "euro-coin", "EURC", NULL, 1677618614, NULL);
*
INSERT INTO assets(identifier, name, type) VALUES("eip155:1/erc20:0x6985884C4392D348587B19cb9eAAf157F13271cd", "LayerZero", "C"); INSERT INTO evm_tokens(identifier, token_kind, chain, address, decimals, protocol) VALUES("eip155:1/erc20:0x6985884C4392D348587B19cb9eAAf157F13271cd", "A", 1, "0x6985884C4392D348587B19cb9eAAf157F13271cd", 18, NULL); INSERT INTO common_asset_details(identifier, symbol, coingecko, cryptocompare, forked, started, swapped_for) VALUES("eip155:1/erc20:0x6985884C4392D348587B19cb9eAAf157F13271cd", "ZRO", "layerzero", "ZRO", NULL, 1713395171, NULL);
*
INSERT INTO assets(identifier, name, type) VALUES("eip155:8453/erc20:0x6985884C4392D348587B19cb9eAAf157F13271cd", "LayerZero", "C"); INSERT INTO evm_tokens(identifier, token_kind, chain, address, decimals, protocol) VALUES("eip155:8453/erc20:0x6985884C4392D348587B19cb9eAAf157F13271cd", "A", 8453, "0x6985884C4392D348587B19cb9eAAf157F13271cd", 18, NULL); INSERT INTO common_asset_details(identifier, symbol, coingecko, cryptocompare, forked, started, swapped_for) VALUES("eip155:8453/erc20:0x6985884C4392D348587B19cb9eAAf157F13271cd", "ZRO", "layerzero", "ZRO", NULL, 1718220409, NULL);
*
INSERT INTO assets(identifier, name, type) VALUES("eip155:42161/erc20:0x6985884C4392D348587B19cb9eAAf157F13271cd", "LayerZero", "C"); INSERT INTO evm_tokens(identifier, token_kind, chain, address, decimals, protocol) VALUES("eip155:42161/erc20:0x6985884C4392D348587B19cb9eAAf157F13271cd", "A", 42161, "0x6985884C4392D348587B19cb9eAAf157F13271cd", 18, NULL); INSERT INTO common_asset_details(identifier, symbol, coingecko, cryptocompare, forked, started, swapped_for) VALUES("eip155:42161/erc20:0x6985884C4392D348587B19cb9eAAf157F13271cd", "ZRO", "layerzero", "ZRO", NULL, 1718220129, NULL);
*
INSERT INTO assets(identifier, name, type) VALUES("eip155:137/erc20:0x6985884C4392D348587B19cb9eAAf157F13271cd", "LayerZero", "C"); INSERT INTO evm_tokens(identifier, token_kind, chain, address, decimals, protocol) VALUES("eip155:137/erc20:0x6985884C4392D348587B19cb9eAAf157F13271cd", "A", 137, "0x6985884C4392D348587B19cb9eAAf157F13271cd", 18, NULL); INSERT INTO common_asset_details(identifier, symbol, coingecko, cryptocompare, forked, started, swapped_for) VALUES("eip155:137/erc20:0x6985884C4392D348587B19cb9eAAf157F13271cd", "ZRO", "layerzero", "ZRO", NULL, 1718218693, NULL);
*
INSERT INTO assets(identifier, name, type) VALUES("eip155:10/erc20:0x6985884C4392D348587B19cb9eAAf157F13271cd", "LayerZero", "C"); INSERT INTO evm_tokens(identifier, token_kind, chain, address, decimals, protocol) VALUES("eip155:10/erc20:0x6985884C4392D348587B19cb9eAAf157F13271cd", "A", 10, "0x6985884C4392D348587B19cb9eAAf157F13271cd", 18, NULL); INSERT INTO common_asset_details(identifier, symbol, coingecko, cryptocompare, forked, started, swapped_for) VALUES("eip155:10/erc20:0x6985884C4392D348587B19cb9eAAf157F13271cd", "ZRO", "layerzero", "ZRO", NULL, 1718220153, NULL);
*
INSERT INTO assets(identifier, name, type) VALUES("eip155:43114/erc20:0x6985884C4392D348587B19cb9eAAf157F13271cd", "LayerZero", "C"); INSERT INTO evm_tokens(identifier, token_kind, chain, address, decimals, protocol) VALUES("eip155:43114/erc20:0x6985884C4392D348587B19cb9eAAf157F13271cd", "A", 43114, "0x6985884C4392D348587B19cb9eAAf157F13271cd", 18, NULL); INSERT INTO common_asset_details(identifier, symbol, coingecko, cryptocompare, forked, started, swapped_for) VALUES("eip155:43114/erc20:0x6985884C4392D348587B19cb9eAAf157F13271cd", "ZRO", "layerzero", "ZRO", NULL, 1718218445, NULL);
*
INSERT INTO assets(identifier, name, type) VALUES("eip155:1/erc20:0x7613C48E0cd50E42dD9Bf0f6c235063145f6f8DC", "Pirate Nation Token", "C"); INSERT INTO evm_tokens(identifier, token_kind, chain, address, decimals, protocol) VALUES("eip155:1/erc20:0x7613C48E0cd50E42dD9Bf0f6c235063145f6f8DC", "A", 1, "0x7613C48E0cd50E42dD9Bf0f6c235063145f6f8DC", 18, NULL); INSERT INTO common_asset_details(identifier, symbol, coingecko, cryptocompare, forked, started, swapped_for) VALUES("eip155:1/erc20:0x7613C48E0cd50E42dD9Bf0f6c235063145f6f8DC", "PIRATE", "pirate-token", "PIRATE", NULL, 1710957935, NULL);
*
