INSERT INTO assets(identifier, name, type) VALUES("eip155:42161/erc20:0x5f851F67D24419982EcD7b7765deFD64fBb50a97", "GM USDC Vault", "C"); INSERT INTO evm_tokens(identifier, token_kind, chain, address, decimals, protocol) VALUES("eip155:42161/erc20:0x5f851F67D24419982EcD7b7765deFD64fBb50a97", "A", 42161, "0x5f851F67D24419982EcD7b7765deFD64fBb50a97", 6, "umami"); INSERT INTO common_asset_details(identifier, symbol, coingecko, cryptocompare, forked, started, swapped_for) VALUES("eip155:42161/erc20:0x5f851F67D24419982EcD7b7765deFD64fBb50a97", "gmUSDC_WBTC", "", "", NULL, 1710996633, NULL); INSERT INTO underlying_tokens_list(identifier, weight, parent_token_entry) VALUES("eip155:42161/erc20:0xaf88d065e77c8cC2239327C5EDb3A432268e5831", "1", "eip155:42161/erc20:0x5f851F67D24419982EcD7b7765deFD64fBb50a97");
*
INSERT INTO assets(identifier, name, type) VALUES("eip155:42161/erc20:0x959f3807f0Aa7921E18c78B00B2819ba91E52FeF", "GM USDC Vault", "C"); INSERT INTO evm_tokens(identifier, token_kind, chain, address, decimals, protocol) VALUES("eip155:42161/erc20:0x959f3807f0Aa7921E18c78B00B2819ba91E52FeF", "A", 42161, "0x959f3807f0Aa7921E18c78B00B2819ba91E52FeF", 6, "umami"); INSERT INTO common_asset_details(identifier, symbol, coingecko, cryptocompare, forked, started, swapped_for) VALUES("eip155:42161/erc20:0x959f3807f0Aa7921E18c78B00B2819ba91E52FeF", "gmUSDC_WETH", "", "", NULL, 1705655919, NULL); INSERT INTO underlying_tokens_list(identifier, weight, parent_token_entry) VALUES("eip155:42161/erc20:0xaf88d065e77c8cC2239327C5EDb3A432268e5831", "1", "eip155:42161/erc20:0x959f3807f0Aa7921E18c78B00B2819ba91E52FeF");
*
INSERT INTO assets(identifier, name, type) VALUES("eip155:42161/erc20:0x4bCA8D73561aaEee2D3a584b9F4665310de1dD69", "GM ETH Vault", "C"); INSERT INTO evm_tokens(identifier, token_kind, chain, address, decimals, protocol) VALUES("eip155:42161/erc20:0x4bCA8D73561aaEee2D3a584b9F4665310de1dD69", "A", 42161, "0x4bCA8D73561aaEee2D3a584b9F4665310de1dD69", 18, "umami"); INSERT INTO common_asset_details(identifier, symbol, coingecko, cryptocompare, forked, started, swapped_for) VALUES("eip155:42161/erc20:0x4bCA8D73561aaEee2D3a584b9F4665310de1dD69", "gmWETH", "", "", NULL, 1705655911, NULL); INSERT INTO underlying_tokens_list(identifier, weight, parent_token_entry) VALUES("eip155:42161/erc20:0x82aF49447D8a07e3bd95BD0d56f35241523fBab1", "1", "eip155:42161/erc20:0x4bCA8D73561aaEee2D3a584b9F4665310de1dD69");
*
INSERT INTO assets(identifier, name, type) VALUES("eip155:42161/erc20:0xcd8011AaB161A75058eAb24e0965BAb0b918aF29", "GM BTC Vault", "C"); INSERT INTO evm_tokens(identifier, token_kind, chain, address, decimals, protocol) VALUES("eip155:42161/erc20:0xcd8011AaB161A75058eAb24e0965BAb0b918aF29", "A", 42161, "0xcd8011AaB161A75058eAb24e0965BAb0b918aF29", 8, "umami"); INSERT INTO common_asset_details(identifier, symbol, coingecko, cryptocompare, forked, started, swapped_for) VALUES("eip155:42161/erc20:0xcd8011AaB161A75058eAb24e0965BAb0b918aF29", "gmWBTC", "", "", NULL, 1710996625, NULL); INSERT INTO underlying_tokens_list(identifier, weight, parent_token_entry) VALUES("eip155:42161/erc20:0x2f2a2543B76A4166549F7aaB2e75Bef0aefC5B0f", "1", "eip155:42161/erc20:0xcd8011AaB161A75058eAb24e0965BAb0b918aF29");
*
INSERT INTO assets(identifier, name, type) VALUES("eip155:42161/erc20:0x2AdAbD6E8Ce3e82f52d9998a7f64a90d294A92A4", "Marinated UMAMI", "C"); INSERT INTO evm_tokens(identifier, token_kind, chain, address, decimals, protocol) VALUES("eip155:42161/erc20:0x2AdAbD6E8Ce3e82f52d9998a7f64a90d294A92A4", "A", 42161, "0x2AdAbD6E8Ce3e82f52d9998a7f64a90d294A92A4", 9, ""); INSERT INTO common_asset_details(identifier, symbol, coingecko, cryptocompare, forked, started, swapped_for) VALUES("eip155:42161/erc20:0x2AdAbD6E8Ce3e82f52d9998a7f64a90d294A92A4", "mUMAMI", "", "", NULL, 1645146238, NULL);
*
INSERT INTO assets(identifier, name, type) VALUES("eip155:42161/erc20:0x1922C36F3bc762Ca300b4a46bB2102F84B1684aB", "Compounded Marinated UMAMI", "C"); INSERT INTO evm_tokens(identifier, token_kind, chain, address, decimals, protocol) VALUES("eip155:42161/erc20:0x1922C36F3bc762Ca300b4a46bB2102F84B1684aB", "A", 42161, "0x1922C36F3bc762Ca300b4a46bB2102F84B1684aB", 9, ""); INSERT INTO common_asset_details(identifier, symbol, coingecko, cryptocompare, forked, started, swapped_for) VALUES("eip155:42161/erc20:0x1922C36F3bc762Ca300b4a46bB2102F84B1684aB", "cmUMAMI", "", "", NULL, 1648295962, NULL); INSERT INTO underlying_tokens_list(identifier, weight, parent_token_entry) VALUES("eip155:42161/erc20:0x2AdAbD6E8Ce3e82f52d9998a7f64a90d294A92A4", "1", "eip155:42161/erc20:0x1922C36F3bc762Ca300b4a46bB2102F84B1684aB");
*
INSERT INTO assets(identifier, name, type) VALUES("eip155:1/erc20:0x73E0C0d45E048D25Fc26Fa3159b0aA04BfA4Db98", "Kraken Wrapped Bitcoin", "C"); INSERT INTO evm_tokens(identifier, token_kind, chain, address, decimals, protocol) VALUES("eip155:1/erc20:0x73E0C0d45E048D25Fc26Fa3159b0aA04BfA4Db98", "A", 1, "0x73E0C0d45E048D25Fc26Fa3159b0aA04BfA4Db98", 8, NULL); INSERT INTO common_asset_details(identifier, symbol, coingecko, cryptocompare, forked, started, swapped_for) VALUES("eip155:1/erc20:0x73E0C0d45E048D25Fc26Fa3159b0aA04BfA4Db98", "kBTC", "kraken-wrapped-btc", "", NULL, 1727370707, NULL);
*
INSERT INTO assets(identifier, name, type) VALUES("eip155:10/erc20:0x73E0C0d45E048D25Fc26Fa3159b0aA04BfA4Db98", "Kraken Wrapped Bitcoin", "C"); INSERT INTO evm_tokens(identifier, token_kind, chain, address, decimals, protocol) VALUES("eip155:10/erc20:0x73E0C0d45E048D25Fc26Fa3159b0aA04BfA4Db98", "A", 10, "0x73E0C0d45E048D25Fc26Fa3159b0aA04BfA4Db98", 8, NULL); INSERT INTO common_asset_details(identifier, symbol, coingecko, cryptocompare, forked, started, swapped_for) VALUES("eip155:10/erc20:0x73E0C0d45E048D25Fc26Fa3159b0aA04BfA4Db98", "kBTC", "kraken-wrapped-btc", "", NULL, 1727371173, NULL);
*
UPDATE common_asset_details SET cryptocompare="EUR" WHERE identifier="EUR";
INSERT INTO assets(identifier, name, type) VALUES("EUR", "Euro", "A"); INSERT INTO common_asset_details(identifier, symbol, coingecko, cryptocompare, forked, started, swapped_for) VALUES("EUR", "EUR", NULL, "EUR", NULL, NULL, NULL);
UPDATE common_asset_details SET cryptocompare="USD" WHERE identifier="USD";
INSERT INTO assets(identifier, name, type) VALUES("USD", "United States Dollar", "A"); INSERT INTO common_asset_details(identifier, symbol, coingecko, cryptocompare, forked, started, swapped_for) VALUES("USD", "USD", NULL, "USD", NULL, NULL, NULL);
UPDATE common_asset_details SET cryptocompare="AUD" WHERE identifier="AUD";
INSERT INTO assets(identifier, name, type) VALUES("AUD", "Australian Dollar", "A"); INSERT INTO common_asset_details(identifier, symbol, coingecko, cryptocompare, forked, started, swapped_for) VALUES("AUD", "AUD", NULL, "AUD", NULL, NULL, NULL);
UPDATE common_asset_details SET cryptocompare="NZD" WHERE identifier="NZD";
INSERT INTO assets(identifier, name, type) VALUES("NZD", "New Zealand Dollar", "A"); INSERT INTO common_asset_details(identifier, symbol, coingecko, cryptocompare, forked, started, swapped_for) VALUES("NZD", "NZD", NULL, "NZD", NULL, NULL, NULL);
UPDATE common_asset_details SET cryptocompare="BRL" WHERE identifier="BRL";
INSERT INTO assets(identifier, name, type) VALUES("BRL", "Brazilian Real", "A"); INSERT INTO common_asset_details(identifier, symbol, coingecko, cryptocompare, forked, started, swapped_for) VALUES("BRL", "BRL", NULL, "BRL", NULL, NULL, NULL);
UPDATE common_asset_details SET cryptocompare="CAD" WHERE identifier="CAD";
INSERT INTO assets(identifier, name, type) VALUES("CAD", "Canadian Dollar", "A"); INSERT INTO common_asset_details(identifier, symbol, coingecko, cryptocompare, forked, started, swapped_for) VALUES("CAD", "CAD", NULL, "CAD", NULL, NULL, NULL);
UPDATE common_asset_details SET cryptocompare="CHF" WHERE identifier="CHF";
INSERT INTO assets(identifier, name, type) VALUES("CHF", "Swiss Franc", "A"); INSERT INTO common_asset_details(identifier, symbol, coingecko, cryptocompare, forked, started, swapped_for) VALUES("CHF", "CHF", NULL, "CHF", NULL, NULL, NULL);
UPDATE common_asset_details SET cryptocompare="CNY" WHERE identifier="CNY";
INSERT INTO assets(identifier, name, type) VALUES("CNY", "Chinese Yuan", "A"); INSERT INTO common_asset_details(identifier, symbol, coingecko, cryptocompare, forked, started, swapped_for) VALUES("CNY", "CNY", NULL, "CNY", NULL, NULL, NULL);
UPDATE common_asset_details SET cryptocompare="JPY" WHERE identifier="JPY";
INSERT INTO assets(identifier, name, type) VALUES("JPY", "Japanese Yen", "A"); INSERT INTO common_asset_details(identifier, symbol, coingecko, cryptocompare, forked, started, swapped_for) VALUES("JPY", "JPY", NULL, "JPY", NULL, NULL, NULL);
UPDATE common_asset_details SET cryptocompare="KRW" WHERE identifier="KRW";
INSERT INTO assets(identifier, name, type) VALUES("KRW", "Korean won", "A"); INSERT INTO common_asset_details(identifier, symbol, coingecko, cryptocompare, forked, started, swapped_for) VALUES("KRW", "KRW", NULL, "KRW", NULL, NULL, NULL);
UPDATE common_asset_details SET cryptocompare="NOK" WHERE identifier="NOK";
INSERT INTO assets(identifier, name, type) VALUES("NOK", "Norwegian krone", "A"); INSERT INTO common_asset_details(identifier, symbol, coingecko, cryptocompare, forked, started, swapped_for) VALUES("NOK", "NOK", NULL, "NOK", NULL, NULL, NULL);
UPDATE common_asset_details SET cryptocompare="RUB" WHERE identifier="RUB";
INSERT INTO assets(identifier, name, type) VALUES("RUB", "Russian Ruble", "A"); INSERT INTO common_asset_details(identifier, symbol, coingecko, cryptocompare, forked, started, swapped_for) VALUES("RUB", "RUB", NULL, "RUB", NULL, NULL, NULL);
UPDATE common_asset_details SET cryptocompare="TRY" WHERE identifier="TRY";
INSERT INTO assets(identifier, name, type) VALUES("TRY", "Turkish Lyra", "A"); INSERT INTO common_asset_details(identifier, symbol, coingecko, cryptocompare, forked, started, swapped_for) VALUES("TRY", "TRY", NULL, "TRY", NULL, NULL, NULL);
UPDATE common_asset_details SET cryptocompare="ZAR" WHERE identifier="ZAR";
INSERT INTO assets(identifier, name, type) VALUES("ZAR", "South African Rand", "A"); INSERT INTO common_asset_details(identifier, symbol, coingecko, cryptocompare, forked, started, swapped_for) VALUES("ZAR", "ZAR", NULL, "ZAR", NULL, NULL, NULL);
UPDATE common_asset_details SET cryptocompare="TWD" WHERE identifier="TWD";
INSERT INTO assets(identifier, name, type) VALUES("TWD", "New Taiwan Dollar", "A"); INSERT INTO common_asset_details(identifier, symbol, coingecko, cryptocompare, forked, started, swapped_for) VALUES("TWD", "TWD", NULL, "TWD", NULL, NULL, NULL);
UPDATE common_asset_details SET cryptocompare="SGD" WHERE identifier="SGD";
INSERT INTO assets(identifier, name, type) VALUES("SGD", "Singapore Dollar", "A"); INSERT INTO common_asset_details(identifier, symbol, coingecko, cryptocompare, forked, started, swapped_for) VALUES("SGD", "SGD", NULL, "SGD", NULL, NULL, NULL);
UPDATE common_asset_details SET cryptocompare="SEK" WHERE identifier="SEK";
INSERT INTO assets(identifier, name, type) VALUES("SEK", "Swedish Krona", "A"); INSERT INTO common_asset_details(identifier, symbol, coingecko, cryptocompare, forked, started, swapped_for) VALUES("SEK", "SEK", NULL, "SEK", NULL, NULL, NULL);
UPDATE common_asset_details SET cryptocompare="INR" WHERE identifier="INR";
INSERT INTO assets(identifier, name, type) VALUES("INR", "Indian Rupee", "A"); INSERT INTO common_asset_details(identifier, symbol, coingecko, cryptocompare, forked, started, swapped_for) VALUES("INR", "INR", NULL, "INR", NULL, NULL, NULL);
UPDATE common_asset_details SET cryptocompare="DKK" WHERE identifier="DKK";
INSERT INTO assets(identifier, name, type) VALUES("DKK", "Danish krone", "A"); INSERT INTO common_asset_details(identifier, symbol, coingecko, cryptocompare, forked, started, swapped_for) VALUES("DKK", "DKK", NULL, "DKK", NULL, NULL, NULL);
UPDATE common_asset_details SET cryptocompare="ILS" WHERE identifier="ILS";
INSERT INTO assets(identifier, name, type) VALUES("ILS", "Israeli new shekel", "A"); INSERT INTO common_asset_details(identifier, symbol, coingecko, cryptocompare, forked, started, swapped_for) VALUES("ILS", "ILS", NULL, "ILS", NULL, NULL, NULL);
UPDATE common_asset_details SET cryptocompare="PLN" WHERE identifier="PLN";
INSERT INTO assets(identifier, name, type) VALUES("PLN", "Polish Zloty", "A"); INSERT INTO common_asset_details(identifier, symbol, coingecko, cryptocompare, forked, started, swapped_for) VALUES("PLN", "PLN", NULL, "PLN", NULL, NULL, NULL);
UPDATE common_asset_details SET cryptocompare="AED" WHERE identifier="AED";
INSERT INTO assets(identifier, name, type) VALUES("AED", "Emirati Dirham", "A"); INSERT INTO common_asset_details(identifier, symbol, coingecko, cryptocompare, forked, started, swapped_for) VALUES("AED", "AED", NULL, "AED", NULL, NULL, NULL);
UPDATE common_asset_details SET cryptocompare="NGN" WHERE identifier="NGN";
INSERT INTO assets(identifier, name, type) VALUES("NGN", "Naira", "A"); INSERT INTO common_asset_details(identifier, symbol, coingecko, cryptocompare, forked, started, swapped_for) VALUES("NGN", "NGN", NULL, "NGN", NULL, NULL, NULL);
UPDATE common_asset_details SET cryptocompare="CZK" WHERE identifier="CZK";
INSERT INTO assets(identifier, name, type) VALUES("CZK", "Czech Koruna", "A"); INSERT INTO common_asset_details(identifier, symbol, coingecko, cryptocompare, forked, started, swapped_for) VALUES("CZK", "CZK", NULL, "CZK", NULL, NULL, NULL);
UPDATE common_asset_details SET cryptocompare="MXN" WHERE identifier="MXN";
INSERT INTO assets(identifier, name, type) VALUES("MXN", "Mexican Peso", "A"); INSERT INTO common_asset_details(identifier, symbol, coingecko, cryptocompare, forked, started, swapped_for) VALUES("MXN", "MXN", NULL, "MXN", NULL, NULL, NULL);
UPDATE common_asset_details SET cryptocompare="" WHERE identifier="eip155:1/erc20:0x4da27a545c0c5B758a6BA100e3a049001de870f5"; DELETE FROM underlying_tokens_list WHERE parent_token_entry="eip155:1/erc20:0x4da27a545c0c5B758a6BA100e3a049001de870f5"; INSERT INTO underlying_tokens_list(identifier, weight, parent_token_entry) VALUES("eip155:1/erc20:0x7Fc66500c84A76Ad7e9c93437bFc5Ac33E2DDaE9", "1", "eip155:1/erc20:0x4da27a545c0c5B758a6BA100e3a049001de870f5");
INSERT INTO assets(identifier, name, type) VALUES("eip155:1/erc20:0x4da27a545c0c5B758a6BA100e3a049001de870f5", "Staked Aave", "C"); INSERT INTO evm_tokens(identifier, token_kind, chain, address, decimals, protocol) VALUES("eip155:1/erc20:0x4da27a545c0c5B758a6BA100e3a049001de870f5", "A", 1, "0x4da27a545c0c5B758a6BA100e3a049001de870f5", 18, ""); INSERT INTO common_asset_details(identifier, symbol, coingecko, cryptocompare, forked, started, swapped_for) VALUES("eip155:1/erc20:0x4da27a545c0c5B758a6BA100e3a049001de870f5", "stkAAVE", "aave", "", NULL, 1600973075, NULL); INSERT INTO underlying_tokens_list(identifier, weight, parent_token_entry) VALUES("eip155:1/erc20:0x7Fc66500c84A76Ad7e9c93437bFc5Ac33E2DDaE9", "1", "eip155:1/erc20:0x4da27a545c0c5B758a6BA100e3a049001de870f5");