INSERT INTO assets(identifier, name, type) VALUES("eip155:42161/erc20:0x5f851F67D24419982EcD7b7765deFD64fBb50a97", "GM USDC Vault", "C"); INSERT INTO evm_tokens(identifier, token_kind, chain, address, decimals, protocol) VALUES("eip155:42161/erc20:0x5f851F67D24419982EcD7b7765deFD64fBb50a97", "A", 42161, "0x5f851F67D24419982EcD7b7765deFD64fBb50a97", 6, "umami"); INSERT INTO common_asset_details(identifier, symbol, coingecko, cryptocompare, forked, started, swapped_for) VALUES("eip155:42161/erc20:0x5f851F67D24419982EcD7b7765deFD64fBb50a97", "gmUSDC_WBTC", "", "", NULL, 1710996633, NULL); INSERT INTO underlying_tokens_list(identifier, weight, parent_token_entry) VALUES("eip155:42161/erc20:0xaf88d065e77c8cC2239327C5EDb3A432268e5831", "1", "eip155:42161/erc20:0x5f851F67D24419982EcD7b7765deFD64fBb50a97");
*
INSERT INTO assets(identifier, name, type) VALUES("eip155:42161/erc20:0x959f3807f0Aa7921E18c78B00B2819ba91E52FeF", "GM USDC Vault", "C"); INSERT INTO evm_tokens(identifier, token_kind, chain, address, decimals, protocol) VALUES("eip155:42161/erc20:0x959f3807f0Aa7921E18c78B00B2819ba91E52FeF", "A", 42161, "0x959f3807f0Aa7921E18c78B00B2819ba91E52FeF", 6, "umami"); INSERT INTO common_asset_details(identifier, symbol, coingecko, cryptocompare, forked, started, swapped_for) VALUES("eip155:42161/erc20:0x959f3807f0Aa7921E18c78B00B2819ba91E52FeF", "gmUSDC_WETH", "", "", NULL, 1705655919, NULL); INSERT INTO underlying_tokens_list(identifier, weight, parent_token_entry) VALUES("eip155:42161/erc20:0xaf88d065e77c8cC2239327C5EDb3A432268e5831", "1", "eip155:42161/erc20:0x959f3807f0Aa7921E18c78B00B2819ba91E52FeF");
*
INSERT INTO assets(identifier, name, type) VALUES("eip155:42161/erc20:0x4bCA8D73561aaEee2D3a584b9F4665310de1dD69", "GM ETH Vault", "C"); INSERT INTO evm_tokens(identifier, token_kind, chain, address, decimals, protocol) VALUES("eip155:42161/erc20:0x4bCA8D73561aaEee2D3a584b9F4665310de1dD69", "A", 42161, "0x4bCA8D73561aaEee2D3a584b9F4665310de1dD69", 18, "umami"); INSERT INTO common_asset_details(identifier, symbol, coingecko, cryptocompare, forked, started, swapped_for) VALUES("eip155:42161/erc20:0x4bCA8D73561aaEee2D3a584b9F4665310de1dD69", "gmWETH", "", "", NULL, 1705655911, NULL); INSERT INTO underlying_tokens_list(identifier, weight, parent_token_entry) VALUES("eip155:42161/erc20:0x82aF49447D8a07e3bd95BD0d56f35241523fBab1", "1", "eip155:42161/erc20:0x4bCA8D73561aaEee2D3a584b9F4665310de1dD69");
*
INSERT INTO assets(identifier, name, type) VALUES("eip155:42161/erc20:0xcd8011AaB161A75058eAb24e0965BAb0b918aF29", "GM BTC Vault", "C"); INSERT INTO evm_tokens(identifier, token_kind, chain, address, decimals, protocol) VALUES("eip155:42161/erc20:0xcd8011AaB161A75058eAb24e0965BAb0b918aF29", "A", 42161, "0xcd8011AaB161A75058eAb24e0965BAb0b918aF29", 8, "umami"); INSERT INTO common_asset_details(identifier, symbol, coingecko, cryptocompare, forked, started, swapped_for) VALUES("eip155:42161/erc20:0xcd8011AaB161A75058eAb24e0965BAb0b918aF29", "gmWBTC", "", "", NULL, 1710996625, NULL); INSERT INTO underlying_tokens_list(identifier, weight, parent_token_entry) VALUES("eip155:42161/erc20:0x2f2a2543B76A4166549F7aaB2e75Bef0aefC5B0f", "1", "eip155:42161/erc20:0xcd8011AaB161A75058eAb24e0965BAb0b918aF29");
*
INSERT INTO assets(identifier, name, type) VALUES("eip155:42161/erc20:0x1922C36F3bc762Ca300b4a46bB2102F84B1684aB", "Compounded Marinated UMAMI", "C"); INSERT INTO evm_tokens(identifier, token_kind, chain, address, decimals, protocol) VALUES("eip155:42161/erc20:0x1922C36F3bc762Ca300b4a46bB2102F84B1684aB", "A", 42161, "0x1922C36F3bc762Ca300b4a46bB2102F84B1684aB", 9, ""); INSERT INTO common_asset_details(identifier, symbol, coingecko, cryptocompare, forked, started, swapped_for) VALUES("eip155:42161/erc20:0x1922C36F3bc762Ca300b4a46bB2102F84B1684aB", "cmUMAMI", "", "", NULL, 1648295962, NULL); INSERT INTO underlying_tokens_list(identifier, weight, parent_token_entry) VALUES("eip155:42161/erc20:0x2AdAbD6E8Ce3e82f52d9998a7f64a90d294A92A4", "1", "eip155:42161/erc20:0x1922C36F3bc762Ca300b4a46bB2102F84B1684aB");
*
INSERT INTO assets(identifier, name, type) VALUES("eip155:42161/erc20:0x2AdAbD6E8Ce3e82f52d9998a7f64a90d294A92A4", "Marinated UMAMI", "C"); INSERT INTO evm_tokens(identifier, token_kind, chain, address, decimals, protocol) VALUES("eip155:42161/erc20:0x2AdAbD6E8Ce3e82f52d9998a7f64a90d294A92A4", "A", 42161, "0x2AdAbD6E8Ce3e82f52d9998a7f64a90d294A92A4", 9, ""); INSERT INTO common_asset_details(identifier, symbol, coingecko, cryptocompare, forked, started, swapped_for) VALUES("eip155:42161/erc20:0x2AdAbD6E8Ce3e82f52d9998a7f64a90d294A92A4", "mUMAMI", "", "", NULL, 1645146238, NULL);
*