INSERT INTO ethereum_tokens(address, decimals, protocol) VALUES("0xcAfE001067cDEF266AfB7Eb5A286dCFD277f3dE5", 18, NULL); INSERT INTO assets(identifier, type, name, symbol, started, swapped_for, coingecko, cryptocompare, details_reference) VALUES("_ceth_0xcAfE001067cDEF266AfB7Eb5A286dCFD277f3dE5", "C", "ParaSwap", "PSP", 1636966698, NULL, "paraswap", "", "0xcAfE001067cDEF266AfB7Eb5A286dCFD277f3dE5");
*
INSERT INTO ethereum_tokens(address, decimals, protocol) VALUES("0xf1Dc500FdE233A4055e25e5BbF516372BC4F6871", 18, NULL); INSERT INTO assets(identifier, type, name, symbol, started, swapped_for, coingecko, cryptocompare, details_reference) VALUES("_ceth_0xf1Dc500FdE233A4055e25e5BbF516372BC4F6871", "C", "Saddle DAO", "SDL", 1637043563, NULL, "saddle-finance", "", "0xf1Dc500FdE233A4055e25e5BbF516372BC4F6871");
*
INSERT INTO assets(identifier, type, name, symbol, started, swapped_for, coingecko, cryptocompare, details_reference) VALUES("BSQ", "W", "Bisq DAO Token", "BSQ", 1555286400, NULL, "", "", "BSQ"); INSERT INTO common_asset_details(asset_id, forked) VALUES("BSQ", NULL);
*
INSERT INTO ethereum_tokens(address, decimals, protocol) VALUES("0x32E6C34Cd57087aBBD59B5A4AECC4cB495924356", 18, NULL); INSERT INTO assets(identifier, type, name, symbol, started, swapped_for, coingecko, cryptocompare, details_reference) VALUES("_ceth_0x32E6C34Cd57087aBBD59B5A4AECC4cB495924356", "C", "BitBase", "BTBS", 1624118848, NULL, "bitbase-token", "", "0x32E6C34Cd57087aBBD59B5A4AECC4cB495924356");
*
INSERT INTO ethereum_tokens(address, decimals, protocol) VALUES("0xc6e145421FD494B26dCF2BFeB1b02b7c5721978f", 18, NULL); INSERT INTO assets(identifier, type, name, symbol, started, swapped_for, coingecko, cryptocompare, details_reference) VALUES("_ceth_0xc6e145421FD494B26dCF2BFeB1b02b7c5721978f", "C", "Crypto Perx", "CPRX", 1633601517, NULL, "crypto-perx", "", "0xc6e145421FD494B26dCF2BFeB1b02b7c5721978f");
*
INSERT INTO ethereum_tokens(address, decimals, protocol) VALUES("0x47b9F01B16E9C9cb99191DCA68c9cc5bF6403957", 18, NULL); INSERT INTO assets(identifier, type, name, symbol, started, swapped_for, coingecko, cryptocompare, details_reference) VALUES("_ceth_0x47b9F01B16E9C9cb99191DCA68c9cc5bF6403957", "C", "ONSTON", "ONSTON", 1635514666, NULL, "onston", "", "0x47b9F01B16E9C9cb99191DCA68c9cc5bF6403957");
*
INSERT INTO ethereum_tokens(address, decimals, protocol) VALUES("0x001A8Ffcb0f03e99141652eBCdecDb0384E3bd6c", 18, NULL); INSERT INTO assets(identifier, type, name, symbol, started, swapped_for, coingecko, cryptocompare, details_reference) VALUES("_ceth_0x001A8Ffcb0f03e99141652eBCdecDb0384E3bd6c", "C", "POLKER", "PKR", 1619840587, NULL, "polker", "", "0x001A8Ffcb0f03e99141652eBCdecDb0384E3bd6c");
*
INSERT INTO ethereum_tokens(address, decimals, protocol) VALUES("0xfa5B75a9e13Df9775cf5b996A049D9cc07c15731", 18, NULL); INSERT INTO assets(identifier, type, name, symbol, started, swapped_for, coingecko, cryptocompare, details_reference) VALUES("_ceth_0xfa5B75a9e13Df9775cf5b996A049D9cc07c15731", "C", "28VCK", "28VCK", 1607430259, NULL, "28vck", "VCK", "0xfa5B75a9e13Df9775cf5b996A049D9cc07c15731");
*
INSERT INTO ethereum_tokens(address, decimals, protocol) VALUES("0x42bBFa2e77757C645eeaAd1655E0911a7553Efbc", 18, NULL); INSERT INTO assets(identifier, type, name, symbol, started, swapped_for, coingecko, cryptocompare, details_reference) VALUES("_ceth_0x42bBFa2e77757C645eeaAd1655E0911a7553Efbc", "C", "Boba Token", "BOBA", 1631641934, NULL, "boba-network", "BOBA", "0x42bBFa2e77757C645eeaAd1655E0911a7553Efbc");
*
INSERT INTO ethereum_tokens(address, decimals, protocol) VALUES("0x8B3192f5eEBD8579568A2Ed41E6FEB402f93f73F", 9, NULL); INSERT INTO assets(identifier, type, name, symbol, started, swapped_for, coingecko, cryptocompare, details_reference) VALUES("_ceth_0x8B3192f5eEBD8579568A2Ed41E6FEB402f93f73F", "C", "Saitama Inu", "SAITAMA", 1622365554, NULL, "saitama-inu", "SAITAMA", "0x8B3192f5eEBD8579568A2Ed41E6FEB402f93f73F");
*
UPDATE assets SET cryptocompare="SPWN" WHERE identifier="_ceth_0xe516D78d784C77D479977BE58905B3f2b1111126";
INSERT INTO ethereum_tokens(address, decimals, protocol) VALUES("0xe516D78d784C77D479977BE58905B3f2b1111126", 18, NULL); INSERT INTO assets(identifier, type, name, symbol, started, swapped_for, coingecko, cryptocompare, details_reference) VALUES("_ceth_0xe516D78d784C77D479977BE58905B3f2b1111126", "C", "BitSpawn Token", "SPWN", 1623613733, NULL, "bitspawn", "SPWN", "0xe516D78d784C77D479977BE58905B3f2b1111126");
UPDATE assets SET cryptocompare="MARS4" WHERE identifier="_ceth_0x16CDA4028e9E872a38AcB903176719299beAed87";
INSERT INTO ethereum_tokens(address, decimals, protocol) VALUES("0x16CDA4028e9E872a38AcB903176719299beAed87", 18, NULL); INSERT INTO assets(identifier, type, name, symbol, started, swapped_for, coingecko, cryptocompare, details_reference) VALUES("_ceth_0x16CDA4028e9E872a38AcB903176719299beAed87", "C", "MARS4", "MARS4", 1631265773, NULL, "mars4", "MARS4", "0x16CDA4028e9E872a38AcB903176719299beAed87");
UPDATE assets SET cryptocompare="LUMI" WHERE identifier="LUMI";
INSERT INTO assets(identifier, type, name, symbol, started, swapped_for, coingecko, cryptocompare, details_reference) VALUES("LUMI", "P", "LUMI Credits", "LUMI", 1624449600, NULL, "lumi-credits", "LUMI", "LUMI"); INSERT INTO common_asset_details(asset_id, forked) VALUES("LUMI", NULL);
UPDATE assets SET cryptocompare="SLIM" WHERE identifier="SLIM";
INSERT INTO assets(identifier, type, name, symbol, started, swapped_for, coingecko, cryptocompare, details_reference) VALUES("SLIM", "Y", "Solanium", "SLIM", 1622512800, NULL, "solanium", "SLIM", "SLIM"); INSERT INTO common_asset_details(asset_id, forked) VALUES("SLIM", NULL);
UPDATE assets SET cryptocompare="NFTB" WHERE identifier="NFTB";
INSERT INTO assets(identifier, type, name, symbol, started, swapped_for, coingecko, cryptocompare, details_reference) VALUES("NFTB", "S", "NFTb", "NFTB", 1620151221, NULL, "nftb", "NFTB", "NFTB"); INSERT INTO common_asset_details(asset_id, forked) VALUES("NFTB", NULL);
UPDATE assets SET cryptocompare="DREAMS" WHERE identifier="DREAMS";
INSERT INTO assets(identifier, type, name, symbol, started, swapped_for, coingecko, cryptocompare, details_reference) VALUES("DREAMS", "W", "Dreams Quest", "DREAMS", 1635855270, NULL, "dreams-quest", "DREAMS", "DREAMS"); INSERT INTO common_asset_details(asset_id, forked) VALUES("DREAMS", NULL);
UPDATE assets SET cryptocompare="SLND" WHERE identifier="SLND";
INSERT INTO assets(identifier, type, name, symbol, started, swapped_for, coingecko, cryptocompare, details_reference) VALUES("SLND", "Y", "Solend", "SLND", 1635956701, NULL, "solend", "SLND", "SLND"); INSERT INTO common_asset_details(asset_id, forked) VALUES("SLND", NULL);
INSERT INTO assets(identifier, type, name, symbol, started, swapped_for, coingecko, cryptocompare, details_reference) VALUES("KMA", "W", "Calamari Network", "KMA", 1638187453, NULL, "calamari-network", "", "KMA"); INSERT INTO common_asset_details(asset_id, forked) VALUES("KMA", NULL);
*
INSERT INTO assets(identifier, type, name, symbol, started, swapped_for, coingecko, cryptocompare, details_reference) VALUES("ILA", "W", "Infinite Launch", "ILA", 1637845387, NULL, "infinite-launch", "", "ILA"); INSERT INTO common_asset_details(asset_id, forked) VALUES("ILA", NULL);
*
INSERT INTO assets(identifier, type, name, symbol, started, swapped_for, coingecko, cryptocompare, details_reference) VALUES("MONI", "S", "Monsta Infinite Token", "MONI", 1631030452, NULL, "monsta-infinite", "MONI", "MONI"); INSERT INTO common_asset_details(asset_id, forked) VALUES("MONI", NULL);
*
INSERT INTO ethereum_tokens(address, decimals, protocol) VALUES("0x9e04F519b094F5F8210441e285f603f4d2b50084", 18, NULL); INSERT INTO assets(identifier, type, name, symbol, started, swapped_for, coingecko, cryptocompare, details_reference) VALUES("_ceth_0x9e04F519b094F5F8210441e285f603f4d2b50084", "C", "EarthFund", "1EARTH", 1636126205, NULL, "earthfund", "", "0x9e04F519b094F5F8210441e285f603f4d2b50084");
*
INSERT INTO ethereum_tokens(address, decimals, protocol) VALUES("0x64D91f12Ece7362F91A6f8E7940Cd55F05060b92", 18, NULL); INSERT INTO assets(identifier, type, name, symbol, started, swapped_for, coingecko, cryptocompare, details_reference) VALUES("_ceth_0x64D91f12Ece7362F91A6f8E7940Cd55F05060b92", "C", "Burn", "ASH", 1621198119, NULL, "ash", "", "0x64D91f12Ece7362F91A6f8E7940Cd55F05060b92");
*
INSERT INTO assets(identifier, type, name, symbol, started, swapped_for, coingecko, cryptocompare, details_reference) VALUES("POLYDOGE", "W", "PolyDoge", "POLYDOGE", 1619455344, NULL, "polydoge", "POLYDOGE", "POLYDOGE"); INSERT INTO common_asset_details(asset_id, forked) VALUES("POLYDOGE", NULL);
*
INSERT INTO assets(identifier, type, name, symbol, started, swapped_for, coingecko, cryptocompare, details_reference) VALUES("CDEX", "W", "Codex", "CDEX", 1631030452, NULL, "codex", "", "CDEX"); INSERT INTO common_asset_details(asset_id, forked) VALUES("CDEX", NULL);
*
INSERT INTO assets(identifier, type, name, symbol, started, swapped_for, coingecko, cryptocompare, details_reference) VALUES("FEVR", "S", "RealFevr", "FEVR", 1625613417, NULL, "realfevr", "", "FEVR"); INSERT INTO common_asset_details(asset_id, forked) VALUES("FEVR", NULL);
*
INSERT INTO assets(identifier, type, name, symbol, started, swapped_for, coingecko, cryptocompare, details_reference) VALUES("HTML", "W", "HTMLCOIN", "HTML", 1529110800, NULL, "htmlcoin", "", "HTML"); INSERT INTO common_asset_details(asset_id, forked) VALUES("HTML", NULL);
*
INSERT INTO assets(identifier, type, name, symbol, started, swapped_for, coingecko, cryptocompare, details_reference) VALUES("SMG", "S", "Smaugs NFT", "SMG", 1618753887, NULL, "smaugs-nft", "", "SMG"); INSERT INTO common_asset_details(asset_id, forked) VALUES("SMG", NULL);
*
INSERT INTO assets(identifier, type, name, symbol, started, swapped_for, coingecko, cryptocompare, details_reference) VALUES("KILT", "B", "KILT Protocol", "KILT", 1638327727, NULL, "kilt-protocol", "KILT", "KILT"); INSERT INTO common_asset_details(asset_id, forked) VALUES("KILT", NULL);
*
INSERT INTO assets(identifier, type, name, symbol, started, swapped_for, coingecko, cryptocompare, details_reference) VALUES("PORTO", "S", "FC Porto Fan Token", "PORTO", 1635857061, NULL, "fc-porto", "PORTO", "PORTO"); INSERT INTO common_asset_details(asset_id, forked) VALUES("PORTO", NULL);
*
INSERT INTO assets(identifier, type, name, symbol, started, swapped_for, coingecko, cryptocompare, details_reference) VALUES("SANTOS", "S", "FC Santos Fan Token", "SANTOS", 1637581068, NULL, "santos-fc-fan-token", "SANTOS", "SANTOS"); INSERT INTO common_asset_details(asset_id, forked) VALUES("SANTOS", NULL);
*
INSERT INTO ethereum_tokens(address, decimals, protocol) VALUES("0xaa602dE53347579f86b996D2Add74bb6F79462b2", 18, NULL); INSERT INTO assets(identifier, type, name, symbol, started, swapped_for, coingecko, cryptocompare, details_reference) VALUES("_ceth_0xaa602dE53347579f86b996D2Add74bb6F79462b2", "C", "Zipmex Token", "ZMT", 1576744001, NULL, "zipmex-token", "ZMT", "0xaa602dE53347579f86b996D2Add74bb6F79462b2");
*
INSERT INTO ethereum_tokens(address, decimals, protocol) VALUES("0xDDdddd4301A082e62E84e43F474f044423921918", 18, NULL); INSERT INTO assets(identifier, type, name, symbol, started, swapped_for, coingecko, cryptocompare, details_reference) VALUES("_ceth_0xDDdddd4301A082e62E84e43F474f044423921918", "C", "DeversiFi Token", "DVF", 1615354524, NULL, "dvf", "DVF", "0xDDdddd4301A082e62E84e43F474f044423921918");
*
INSERT INTO ethereum_tokens(address, decimals, protocol) VALUES("0x601a0eE18E9DCdc70658d8B87a748e11344D3A45", 18, NULL); INSERT INTO assets(identifier, type, name, symbol, started, swapped_for, coingecko, cryptocompare, details_reference) VALUES("_ceth_0x601a0eE18E9DCdc70658d8B87a748e11344D3A45", "C", "Apex protocol token", "APXP", 1630549223, NULL, "", "", "0x601a0eE18E9DCdc70658d8B87a748e11344D3A45");
*
INSERT INTO assets(identifier, type, name, symbol, started, swapped_for, coingecko, cryptocompare, details_reference) VALUES("ARV", "S", "ARIVA", "ARV", 1621941067, NULL, "", "", "ARV"); INSERT INTO common_asset_details(asset_id, forked) VALUES("ARV", NULL);
*
INSERT INTO ethereum_tokens(address, decimals, protocol) VALUES("0x59E9261255644c411AfDd00bD89162d09D862e38", 18, NULL); INSERT INTO assets(identifier, type, name, symbol, started, swapped_for, coingecko, cryptocompare, details_reference) VALUES("_ceth_0x59E9261255644c411AfDd00bD89162d09D862e38", "C", "ETHA", "ETHA", 1606935554, NULL, "etha-lend", "ETHA", "0x59E9261255644c411AfDd00bD89162d09D862e38");
*
INSERT INTO ethereum_tokens(address, decimals, protocol) VALUES("0x37d299eF5548BF19503Cb72C085799e331F9097d", 18, NULL); INSERT INTO assets(identifier, type, name, symbol, started, swapped_for, coingecko, cryptocompare, details_reference) VALUES("_ceth_0x37d299eF5548BF19503Cb72C085799e331F9097d", "C", "GreenCoin", "GRNC", 1626111895, NULL, "vegannation-greencoin", "", "0x37d299eF5548BF19503Cb72C085799e331F9097d");
*
INSERT INTO ethereum_tokens(address, decimals, protocol) VALUES("0x6a4C76874e686A7d080D173987A35A9c48905583", 18, NULL); INSERT INTO assets(identifier, type, name, symbol, started, swapped_for, coingecko, cryptocompare, details_reference) VALUES("_ceth_0x6a4C76874e686A7d080D173987A35A9c48905583", "C", "Luxurious Pro Network Token", "LPNT", 1590838980, NULL, "luxurious-pro-network-token", "", "0x6a4C76874e686A7d080D173987A35A9c48905583");
*
INSERT INTO ethereum_tokens(address, decimals, protocol) VALUES("0xfC98e825A2264D890F9a1e68ed50E1526abCcacD", 18, NULL); INSERT INTO assets(identifier, type, name, symbol, started, swapped_for, coingecko, cryptocompare, details_reference) VALUES("_ceth_0xfC98e825A2264D890F9a1e68ed50E1526abCcacD", "C", "Moss Carbon Credit", "MCO2", 1601411235, NULL, "moss-carbon-credit", "MCO2", "0xfC98e825A2264D890F9a1e68ed50E1526abCcacD");
*
INSERT INTO ethereum_tokens(address, decimals, protocol) VALUES("0x6123B0049F904d730dB3C36a31167D9d4121fA6B", 18, NULL); INSERT INTO assets(identifier, type, name, symbol, started, swapped_for, coingecko, cryptocompare, details_reference) VALUES("_ceth_0x6123B0049F904d730dB3C36a31167D9d4121fA6B", "C", "Ribbon", "RBN", 1621861922, NULL, "ribbon-finance", "RBN", "0x6123B0049F904d730dB3C36a31167D9d4121fA6B");
*
INSERT INTO ethereum_tokens(address, decimals, protocol) VALUES("0x582d872A1B094FC48F5DE31D3B73F2D9bE47def1", 9, NULL); INSERT INTO assets(identifier, type, name, symbol, started, swapped_for, coingecko, cryptocompare, details_reference) VALUES("_ceth_0x582d872A1B094FC48F5DE31D3B73F2D9bE47def1", "C", "Wrapped TON Coin", "TONCOIN", 1629199867, NULL, "the-open-network", "TONCOIN", "0x582d872A1B094FC48F5DE31D3B73F2D9bE47def1");
*
INSERT INTO ethereum_tokens(address, decimals, protocol) VALUES("0xC229c69eB3BB51828D0cAA3509A05a51083898dd", 18, NULL); INSERT INTO assets(identifier, type, name, symbol, started, swapped_for, coingecko, cryptocompare, details_reference) VALUES("_ceth_0xC229c69eB3BB51828D0cAA3509A05a51083898dd", "C", "Pintu Token", "PTU", 1634631291, NULL, "pintu-token", "PTU", "0xC229c69eB3BB51828D0cAA3509A05a51083898dd");
*
INSERT INTO assets(identifier, type, name, symbol, started, swapped_for, coingecko, cryptocompare, details_reference) VALUES("JOE", "X", "JoeToken", "JOE", 1624780261, NULL, "joe", "JOE", "JOE"); INSERT INTO common_asset_details(asset_id, forked) VALUES("JOE", NULL);
*
INSERT INTO ethereum_tokens(address, decimals, protocol) VALUES("0xC581b735A1688071A1746c968e0798D642EDE491", 6, NULL); INSERT INTO assets(identifier, type, name, symbol, started, swapped_for, coingecko, cryptocompare, details_reference) VALUES("_ceth_0xC581b735A1688071A1746c968e0798D642EDE491", "C", "Euro Tether", "EURT", 1602176748, NULL, "tether-eurt", "EURT", "0xC581b735A1688071A1746c968e0798D642EDE491");
*
INSERT INTO ethereum_tokens(address, decimals, protocol) VALUES("0x2dA719DB753dFA10a62E140f436E1d67F2ddB0d6", 10, NULL); INSERT INTO assets(identifier, type, name, symbol, started, swapped_for, coingecko, cryptocompare, details_reference) VALUES("_ceth_0x2dA719DB753dFA10a62E140f436E1d67F2ddB0d6", "C", "CERE Network", "CERE", 1619479004, NULL, "cere-network", "CERE", "0x2dA719DB753dFA10a62E140f436E1d67F2ddB0d6");
*
INSERT INTO ethereum_tokens(address, decimals, protocol) VALUES("0xae78736Cd615f374D3085123A210448E74Fc6393", 18, NULL); INSERT INTO assets(identifier, type, name, symbol, started, swapped_for, coingecko, cryptocompare, details_reference) VALUES("_ceth_0xae78736Cd615f374D3085123A210448E74Fc6393", "C", "Rocket Pool ETH", "rETH", 1632980684, NULL, "rocket-pool-eth", "", "0xae78736Cd615f374D3085123A210448E74Fc6393");
*
INSERT INTO ethereum_tokens(address, decimals, protocol) VALUES("0xBa3335588D9403515223F109EdC4eB7269a9Ab5D", 18, NULL); INSERT INTO assets(identifier, type, name, symbol, started, swapped_for, coingecko, cryptocompare, details_reference) VALUES("_ceth_0xBa3335588D9403515223F109EdC4eB7269a9Ab5D", "C", "Gearbox", "GEAR", 1639587020, NULL, "gearbox", "", "0xBa3335588D9403515223F109EdC4eB7269a9Ab5D");
*
INSERT INTO ethereum_tokens(address, decimals, protocol) VALUES("0x3174c1e1bbcfb3fe8e9be3Ec9b4177a5cFbe5966", 18, NULL); INSERT INTO assets(identifier, type, name, symbol, started, swapped_for, coingecko, cryptocompare, details_reference) VALUES("_ceth_0x3174c1e1bbcfb3fe8e9be3Ec9b4177a5cFbe5966", "C", "Agora", "AGR", 1638916124, NULL, "", "", "0x3174c1e1bbcfb3fe8e9be3Ec9b4177a5cFbe5966");
*
INSERT INTO assets(identifier, type, name, symbol, started, swapped_for, coingecko, cryptocompare, details_reference) VALUES("OSMO", "W", "Osmosis", "OSMO", 1624240800, NULL, "osmosis", "", "OSMO"); INSERT INTO common_asset_details(asset_id, forked) VALUES("OSMO", NULL);
*
INSERT INTO ethereum_tokens(address, decimals, protocol) VALUES("0xF57e7e7C23978C3cAEC3C3548E3D615c346e79fF", 18, NULL); INSERT INTO assets(identifier, type, name, symbol, started, swapped_for, coingecko, cryptocompare, details_reference) VALUES("_ceth_0xF57e7e7C23978C3cAEC3C3548E3D615c346e79fF", "C", "Immutable X", "IMX", 1634198360, NULL, "immutable-x", "IMX", "0xF57e7e7C23978C3cAEC3C3548E3D615c346e79fF");
*
INSERT INTO ethereum_tokens(address, decimals, protocol) VALUES("0xFAFdF0C4c1CB09d430Bf88c75D88BB46DAe09967", 18, NULL); INSERT INTO assets(identifier, type, name, symbol, started, swapped_for, coingecko, cryptocompare, details_reference) VALUES("_ceth_0xFAFdF0C4c1CB09d430Bf88c75D88BB46DAe09967", "C", "Iron Bank AUD", "ibAUD", 1629458843, NULL, "ibaud", "", "0xFAFdF0C4c1CB09d430Bf88c75D88BB46DAe09967");
*
INSERT INTO ethereum_tokens(address, decimals, protocol) VALUES("0x1CC481cE2BD2EC7Bf67d1Be64d4878b16078F309", 18, NULL); INSERT INTO assets(identifier, type, name, symbol, started, swapped_for, coingecko, cryptocompare, details_reference) VALUES("_ceth_0x1CC481cE2BD2EC7Bf67d1Be64d4878b16078F309", "C", "Iron Bank CHF", "ibCHF", 1629459509, NULL, "iron-bank-chf", "", "0x1CC481cE2BD2EC7Bf67d1Be64d4878b16078F309");
*
INSERT INTO ethereum_tokens(address, decimals, protocol) VALUES("0x69681f8fde45345C3870BCD5eaf4A05a60E7D227", 18, NULL); INSERT INTO assets(identifier, type, name, symbol, started, swapped_for, coingecko, cryptocompare, details_reference) VALUES("_ceth_0x69681f8fde45345C3870BCD5eaf4A05a60E7D227", "C", "Iron Bank GBP", "ibGBP", 1629459269, NULL, "iron-bank-gbp", "", "0x69681f8fde45345C3870BCD5eaf4A05a60E7D227");
*
INSERT INTO ethereum_tokens(address, decimals, protocol) VALUES("0x5555f75e3d5278082200Fb451D1b6bA946D8e13b", 18, NULL); INSERT INTO assets(identifier, type, name, symbol, started, swapped_for, coingecko, cryptocompare, details_reference) VALUES("_ceth_0x5555f75e3d5278082200Fb451D1b6bA946D8e13b", "C", "Iron Bank JPY", "ibJPY", 1629458588, NULL, "iron-bank-jpy", "", "0x5555f75e3d5278082200Fb451D1b6bA946D8e13b");
*
INSERT INTO ethereum_tokens(address, decimals, protocol) VALUES("0x96E61422b6A9bA0e068B6c5ADd4fFaBC6a4aae27", 18, NULL); INSERT INTO assets(identifier, type, name, symbol, started, swapped_for, coingecko, cryptocompare, details_reference) VALUES("_ceth_0x96E61422b6A9bA0e068B6c5ADd4fFaBC6a4aae27", "C", "Iron Bank EUR", "ibEUR", 1626705474, NULL, "iron-bank-euro", "IBEUR", "0x96E61422b6A9bA0e068B6c5ADd4fFaBC6a4aae27");
*
INSERT INTO ethereum_tokens(address, decimals, protocol) VALUES("0x95dFDC8161832e4fF7816aC4B6367CE201538253", 18, NULL); INSERT INTO assets(identifier, type, name, symbol, started, swapped_for, coingecko, cryptocompare, details_reference) VALUES("_ceth_0x95dFDC8161832e4fF7816aC4B6367CE201538253", "C", "Iron Bank KRW", "ibKRW", 1627377713, NULL, "ibkrw", "", "0x95dFDC8161832e4fF7816aC4B6367CE201538253");
*
INSERT INTO ethereum_tokens(address, decimals, protocol) VALUES("0x9c2C8910F113181783c249d8F6Aa41b51Cde0f0c", 18, 'curve_pool'); INSERT INTO assets(identifier, type, name, symbol, started, swapped_for, coingecko, cryptocompare, details_reference) VALUES("_ceth_0x9c2C8910F113181783c249d8F6Aa41b51Cde0f0c", "C", "Curve.fi Factory Plain Pool: ibCHF/sCHF", "ibCHF+sCHF-f", 1629962508, NULL, "", "", "0x9c2C8910F113181783c249d8F6Aa41b51Cde0f0c");
*
INSERT INTO ethereum_tokens(address, decimals, protocol) VALUES("0xD6Ac1CB9019137a896343Da59dDE6d097F710538", 18, 'curve_pool'); INSERT INTO assets(identifier, type, name, symbol, started, swapped_for, coingecko, cryptocompare, details_reference) VALUES("_ceth_0xD6Ac1CB9019137a896343Da59dDE6d097F710538", "C", "Curve.fi Factory Plain Pool: ibGBP/sGBP", "ibGBP+sGBP-f", 1629962335, NULL, "", "", "0xD6Ac1CB9019137a896343Da59dDE6d097F710538");
*
INSERT INTO ethereum_tokens(address, decimals, protocol) VALUES("0x55A8a39bc9694714E2874c1ce77aa1E599461E18", 18, 'curve_pool'); INSERT INTO assets(identifier, type, name, symbol, started, swapped_for, coingecko, cryptocompare, details_reference) VALUES("_ceth_0x55A8a39bc9694714E2874c1ce77aa1E599461E18", "C", "Curve.fi Factory Plain Pool: MIM-UST", "MIM-UST-f", 1633162512, NULL, "", "", "0x55A8a39bc9694714E2874c1ce77aa1E599461E18");
*
INSERT INTO ethereum_tokens(address, decimals, protocol) VALUES("0x8461A004b50d321CB22B7d034969cE6803911899", 18, 'curve_pool'); INSERT INTO assets(identifier, type, name, symbol, started, swapped_for, coingecko, cryptocompare, details_reference) VALUES("_ceth_0x8461A004b50d321CB22B7d034969cE6803911899", "C", "Curve.fi Factory Plain Pool: ibKRW/sKRW", "ibKRW+sKRW-f", 1627622258, NULL, "", "", "0x8461A004b50d321CB22B7d034969cE6803911899");
*
INSERT INTO ethereum_tokens(address, decimals, protocol) VALUES("0x3Fb78e61784C9c637D560eDE23Ad57CA1294c14a", 18, 'curve_pool'); INSERT INTO assets(identifier, type, name, symbol, started, swapped_for, coingecko, cryptocompare, details_reference) VALUES("_ceth_0x3Fb78e61784C9c637D560eDE23Ad57CA1294c14a", "C", "Curve.fi Factory Plain Pool: Neutrino EUR", "EURN/EURT-f", 1630314582, NULL, "", "", "0x3Fb78e61784C9c637D560eDE23Ad57CA1294c14a");
*
INSERT INTO ethereum_tokens(address, decimals, protocol) VALUES("0x9D0464996170c6B9e75eED71c68B99dDEDf279e8", 18, 'curve_pool'); INSERT INTO assets(identifier, type, name, symbol, started, swapped_for, coingecko, cryptocompare, details_reference) VALUES("_ceth_0x9D0464996170c6B9e75eED71c68B99dDEDf279e8", "C", "Curve.fi Factory Plain Pool: cvxCRV", "cvxcrv-f", 1629389502, NULL, "", "", "0x9D0464996170c6B9e75eED71c68B99dDEDf279e8");
*
INSERT INTO ethereum_tokens(address, decimals, protocol) VALUES("0xBaaa1F5DbA42C3389bDbc2c9D2dE134F5cD0Dc89", 18, 'curve_pool'); INSERT INTO assets(identifier, type, name, symbol, started, swapped_for, coingecko, cryptocompare, details_reference) VALUES("_ceth_0xBaaa1F5DbA42C3389bDbc2c9D2dE134F5cD0Dc89", "C", "Curve.fi Factory Plain Pool: d3pool", "D3-f", 1634503744, NULL, "", "", "0xBaaa1F5DbA42C3389bDbc2c9D2dE134F5cD0Dc89");
*
INSERT INTO ethereum_tokens(address, decimals, protocol) VALUES("0xC4C319E2D4d66CcA4464C0c2B32c9Bd23ebe784e", 18, 'curve_pool'); INSERT INTO assets(identifier, type, name, symbol, started, swapped_for, coingecko, cryptocompare, details_reference) VALUES("_ceth_0xC4C319E2D4d66CcA4464C0c2B32c9Bd23ebe784e", "C", "Curve.fi Factory Pool: alETH", "alETH+ETH-f", 1631670265, NULL, "", "", "0xC4C319E2D4d66CcA4464C0c2B32c9Bd23ebe784e");
*
INSERT INTO ethereum_tokens(address, decimals, protocol) VALUES("0x87650D7bbfC3A9F10587d7778206671719d9910D", 18, 'curve_pool'); INSERT INTO assets(identifier, type, name, symbol, started, swapped_for, coingecko, cryptocompare, details_reference) VALUES("_ceth_0x87650D7bbfC3A9F10587d7778206671719d9910D", "C", "Curve.fi Factory USD Metapool: Origin Dollar", "OUSD3CRV-f", 1626749954, NULL, "", "", "0x87650D7bbfC3A9F10587d7778206671719d9910D");
*
INSERT INTO ethereum_tokens(address, decimals, protocol) VALUES("0x3b6831c0077a1e44ED0a21841C3bC4dC11bCE833", 18, 'curve_pool'); INSERT INTO assets(identifier, type, name, symbol, started, swapped_for, coingecko, cryptocompare, details_reference) VALUES("_ceth_0x3b6831c0077a1e44ED0a21841C3bC4dC11bCE833", "C", "Curve EURT-3Crv", "crvEURTUSD", 1635707974, NULL, "", "", "0x3b6831c0077a1e44ED0a21841C3bC4dC11bCE833");
*
INSERT INTO ethereum_tokens(address, decimals, protocol) VALUES("0x3F1B0278A9ee595635B61817630cC19DE792f506", 18, 'curve_pool'); INSERT INTO assets(identifier, type, name, symbol, started, swapped_for, coingecko, cryptocompare, details_reference) VALUES("_ceth_0x3F1B0278A9ee595635B61817630cC19DE792f506", "C", "Curve.fi Factory Plain Pool: ibAUD/sAUD", "ibAUD+sAUD-f", 1629962267, NULL, "", "", "0x3F1B0278A9ee595635B61817630cC19DE792f506");
*
INSERT INTO ethereum_tokens(address, decimals, protocol) VALUES("0x8818a9bb44Fbf33502bE7c15c500d0C783B73067", 18, 'curve_pool'); INSERT INTO assets(identifier, type, name, symbol, started, swapped_for, coingecko, cryptocompare, details_reference) VALUES("_ceth_0x8818a9bb44Fbf33502bE7c15c500d0C783B73067", "C", "Curve.fi Factory Plain Pool: ibJPY/sJPY", "ibJPY+sJPY-f", 1629962245, NULL, "", "", "0x8818a9bb44Fbf33502bE7c15c500d0C783B73067");
*
INSERT INTO ethereum_tokens(address, decimals, protocol) VALUES("0x5B3b5DF2BF2B6543f78e053bD91C4Bdd820929f1", 18, 'curve_pool'); INSERT INTO assets(identifier, type, name, symbol, started, swapped_for, coingecko, cryptocompare, details_reference) VALUES("_ceth_0x5B3b5DF2BF2B6543f78e053bD91C4Bdd820929f1", "C", "Curve.fi Factory USD Metapool: USDM", "USDM3CRV-f", 1629395858, NULL, "", "", "0x5B3b5DF2BF2B6543f78e053bD91C4Bdd820929f1");
*
INSERT INTO ethereum_tokens(address, decimals, protocol) VALUES("0xFbdCA68601f835b27790D98bbb8eC7f05FDEaA9B", 18, 'curve_pool'); INSERT INTO assets(identifier, type, name, symbol, started, swapped_for, coingecko, cryptocompare, details_reference) VALUES("_ceth_0xFbdCA68601f835b27790D98bbb8eC7f05FDEaA9B", "C", "Curve.fi Factory BTC Metapool: ibBTC", "ibbtc/sbtcCRV-f", 1635279867, NULL, "", "", "0xFbdCA68601f835b27790D98bbb8eC7f05FDEaA9B");
*
INSERT INTO ethereum_tokens(address, decimals, protocol) VALUES("0x5a6A4D54456819380173272A5E8E9B9904BdF41B", 18, 'curve_pool'); INSERT INTO assets(identifier, type, name, symbol, started, swapped_for, coingecko, cryptocompare, details_reference) VALUES("_ceth_0x5a6A4D54456819380173272A5E8E9B9904BdF41B", "C", "Curve.fi Factory USD Metapool: Magic Internet Mone...", "MIM-3LP3CRV-f", 1622664003, NULL, "", "", "0x5a6A4D54456819380173272A5E8E9B9904BdF41B");
*
INSERT INTO ethereum_tokens(address, decimals, protocol) VALUES("0x19b080FE1ffA0553469D20Ca36219F17Fcf03859", 18, 'curve_pool'); INSERT INTO assets(identifier, type, name, symbol, started, swapped_for, coingecko, cryptocompare, details_reference) VALUES("_ceth_0x19b080FE1ffA0553469D20Ca36219F17Fcf03859", "C", "Curve.fi Factory Plain Pool: ibEUR/sEUR", "ibEUR+sEUR-f", 1627713485, NULL, "", "", "0x19b080FE1ffA0553469D20Ca36219F17Fcf03859");
*
INSERT INTO ethereum_tokens(address, decimals, protocol) VALUES("0x3D229E1B4faab62F621eF2F6A610961f7BD7b23B", 18, 'curve_pool'); INSERT INTO assets(identifier, type, name, symbol, started, swapped_for, coingecko, cryptocompare, details_reference) VALUES("_ceth_0x3D229E1B4faab62F621eF2F6A610961f7BD7b23B", "C", "Curve EURS-USDC", "crvEURSUSDC", 1635762841, NULL, "", "", "0x3D229E1B4faab62F621eF2F6A610961f7BD7b23B");
*
INSERT INTO ethereum_tokens(address, decimals, protocol) VALUES("0xa354F35829Ae975e850e23e9615b11Da1B3dC4DE", 6, "yearn_vaults_v2"); INSERT INTO assets(identifier, type, name, symbol, started, swapped_for, coingecko, cryptocompare, details_reference) VALUES("_ceth_0xa354F35829Ae975e850e23e9615b11Da1B3dC4DE", "C", "USDC yVault", "yvUSDC", 1635529757, NULL, "", "", "0xa354F35829Ae975e850e23e9615b11Da1B3dC4DE"); INSERT INTO underlying_tokens_list(address, weight, parent_token_entry) VALUES("0xA0b86991c6218b36c1d19D4a2e9Eb0cE3606eB48", "1.0", "0xa354F35829Ae975e850e23e9615b11Da1B3dC4DE")
*
INSERT INTO ethereum_tokens(address, decimals, protocol) VALUES("0xdb25cA703181E7484a155DD612b06f57E12Be5F0", 18, "yearn_vaults_v2"); INSERT INTO assets(identifier, type, name, symbol, started, swapped_for, coingecko, cryptocompare, details_reference) VALUES("_ceth_0xdb25cA703181E7484a155DD612b06f57E12Be5F0", "C", "YFI yVault", "yvYFI", 1629038117, NULL, "", "", "0xdb25cA703181E7484a155DD612b06f57E12Be5F0"); INSERT INTO underlying_tokens_list(address, weight, parent_token_entry) VALUES("0x0bc529c00C6401aEF6D220BE8C6Ea1667F6Ad93e", "1.0", "0xdb25cA703181E7484a155DD612b06f57E12Be5F0")
*
INSERT INTO ethereum_tokens(address, decimals, protocol) VALUES("0xf8768814b88281DE4F532a3beEfA5b85B69b9324", 18, "yearn_vaults_v2"); INSERT INTO assets(identifier, type, name, symbol, started, swapped_for, coingecko, cryptocompare, details_reference) VALUES("_ceth_0xf8768814b88281DE4F532a3beEfA5b85B69b9324", "C", "Curve TUSD Pool yVault", "yvCurve-TUSD", 1619304311, NULL, "", "", "0xf8768814b88281DE4F532a3beEfA5b85B69b9324"); INSERT INTO underlying_tokens_list(address, weight, parent_token_entry) VALUES("0xEcd5e75AFb02eFa118AF914515D6521aaBd189F1", "1.0", "0xf8768814b88281DE4F532a3beEfA5b85B69b9324")
*
INSERT INTO ethereum_tokens(address, decimals, protocol) VALUES("0x80bbeE2fa460dA291e796B9045e93d19eF948C6A", 18, "yearn_vaults_v2"); INSERT INTO assets(identifier, type, name, symbol, started, swapped_for, coingecko, cryptocompare, details_reference) VALUES("_ceth_0x80bbeE2fa460dA291e796B9045e93d19eF948C6A", "C", "Curve Pax Pool yVault", "yvCurve-Pax", 1624510585, NULL, "", "", "0x80bbeE2fa460dA291e796B9045e93d19eF948C6A"); INSERT INTO underlying_tokens_list(address, weight, parent_token_entry) VALUES("0xD905e2eaeBe188fc92179b6350807D8bd91Db0D8", "1.0", "0x80bbeE2fa460dA291e796B9045e93d19eF948C6A")
*
INSERT INTO ethereum_tokens(address, decimals, protocol) VALUES("0x28a5b95C101df3Ded0C0d9074DB80C438774B6a9", 18, "yearn_vaults_v2"); INSERT INTO assets(identifier, type, name, symbol, started, swapped_for, coingecko, cryptocompare, details_reference) VALUES("_ceth_0x28a5b95C101df3Ded0C0d9074DB80C438774B6a9", "C", "Curve USDT Pool yVault", "yvCurve-USDT", 1624511030, NULL, "", "", "0x28a5b95C101df3Ded0C0d9074DB80C438774B6a9"); INSERT INTO underlying_tokens_list(address, weight, parent_token_entry) VALUES("0x9fC689CCaDa600B6DF723D9E47D84d76664a1F23", "1.0", "0x28a5b95C101df3Ded0C0d9074DB80C438774B6a9")
*
INSERT INTO ethereum_tokens(address, decimals, protocol) VALUES("0x3D27705c64213A5DcD9D26880c1BcFa72d5b6B0E", 18, "yearn_vaults_v2"); INSERT INTO assets(identifier, type, name, symbol, started, swapped_for, coingecko, cryptocompare, details_reference) VALUES("_ceth_0x3D27705c64213A5DcD9D26880c1BcFa72d5b6B0E", "C", "Curve USDK Pool yVault", "yvCurve-USDK", 1624548021, NULL, "", "", "0x3D27705c64213A5DcD9D26880c1BcFa72d5b6B0E"); INSERT INTO underlying_tokens_list(address, weight, parent_token_entry) VALUES("0x97E2768e8E73511cA874545DC5Ff8067eB19B787", "1.0", "0x3D27705c64213A5DcD9D26880c1BcFa72d5b6B0E")
*
INSERT INTO ethereum_tokens(address, decimals, protocol) VALUES("0xE537B5cc158EB71037D4125BDD7538421981E6AA", 18, "yearn_vaults_v2"); INSERT INTO assets(identifier, type, name, symbol, started, swapped_for, coingecko, cryptocompare, details_reference) VALUES("_ceth_0xE537B5cc158EB71037D4125BDD7538421981E6AA", "C", "Curve 3Crypto Pool yVault", "yvCurve-3Crypto", 1626288699, NULL, "", "", "0xE537B5cc158EB71037D4125BDD7538421981E6AA"); INSERT INTO underlying_tokens_list(address, weight, parent_token_entry) VALUES("0xc4AD29ba4B3c580e6D59105FFf484999997675Ff", "1.0", "0xE537B5cc158EB71037D4125BDD7538421981E6AA")
*
INSERT INTO ethereum_tokens(address, decimals, protocol) VALUES("0x0d4EA8536F9A13e4FBa16042a46c30f092b06aA5", 18, "yearn_vaults_v2"); INSERT INTO assets(identifier, type, name, symbol, started, swapped_for, coingecko, cryptocompare, details_reference) VALUES("_ceth_0x0d4EA8536F9A13e4FBa16042a46c30f092b06aA5", "C", "Curve EURT Pool yVault", "yvCurve-EURT", 1630028686, NULL, "", "", "0x0d4EA8536F9A13e4FBa16042a46c30f092b06aA5"); INSERT INTO underlying_tokens_list(address, weight, parent_token_entry) VALUES("0xFD5dB7463a3aB53fD211b4af195c5BCCC1A03890", "1.0", "0x0d4EA8536F9A13e4FBa16042a46c30f092b06aA5")
*
INSERT INTO ethereum_tokens(address, decimals, protocol) VALUES("0x2DfB14E32e2F8156ec15a2c21c3A6c053af52Be8", 18, "yearn_vaults_v2"); INSERT INTO assets(identifier, type, name, symbol, started, swapped_for, coingecko, cryptocompare, details_reference) VALUES("_ceth_0x2DfB14E32e2F8156ec15a2c21c3A6c053af52Be8", "C", "Curve MIM Pool yVault", "yvCurve-MIM", 1630035517, NULL, "", "", "0x2DfB14E32e2F8156ec15a2c21c3A6c053af52Be8"); INSERT INTO underlying_tokens_list(address, weight, parent_token_entry) VALUES("0x5a6A4D54456819380173272A5E8E9B9904BdF41B", "1.0", "0x2DfB14E32e2F8156ec15a2c21c3A6c053af52Be8")
*
INSERT INTO ethereum_tokens(address, decimals, protocol) VALUES("0x4560b99C904aAD03027B5178CCa81584744AC01f", 18, "yearn_vaults_v2"); INSERT INTO assets(identifier, type, name, symbol, started, swapped_for, coingecko, cryptocompare, details_reference) VALUES("_ceth_0x4560b99C904aAD03027B5178CCa81584744AC01f", "C", "Curve cvxCRV Pool yVault", "yvCurve-cvxCRV", 1631228441, NULL, "", "", "0x4560b99C904aAD03027B5178CCa81584744AC01f"); INSERT INTO underlying_tokens_list(address, weight, parent_token_entry) VALUES("0x9D0464996170c6B9e75eED71c68B99dDEDf279e8", "1.0", "0x4560b99C904aAD03027B5178CCa81584744AC01f")
*
INSERT INTO ethereum_tokens(address, decimals, protocol) VALUES("0x67e019bfbd5a67207755D04467D6A70c0B75bF60", 18, "yearn_vaults_v2"); INSERT INTO assets(identifier, type, name, symbol, started, swapped_for, coingecko, cryptocompare, details_reference) VALUES("_ceth_0x67e019bfbd5a67207755D04467D6A70c0B75bF60", "C", "Curve ibEUR Pool yVault", "yvCurve-ibEUR", 1631228247, NULL, "", "", "0x67e019bfbd5a67207755D04467D6A70c0B75bF60"); INSERT INTO underlying_tokens_list(address, weight, parent_token_entry) VALUES("0x19b080FE1ffA0553469D20Ca36219F17Fcf03859", "1.0", "0x67e019bfbd5a67207755D04467D6A70c0B75bF60")
*
INSERT INTO ethereum_tokens(address, decimals, protocol) VALUES("0x528D50dC9a333f01544177a924893FA1F5b9F748", 18, "yearn_vaults_v2"); INSERT INTO assets(identifier, type, name, symbol, started, swapped_for, coingecko, cryptocompare, details_reference) VALUES("_ceth_0x528D50dC9a333f01544177a924893FA1F5b9F748", "C", "Curve ibKRW Pool yVault", "yvCurve-ibKRW", 1631243420, NULL, "", "", "0x528D50dC9a333f01544177a924893FA1F5b9F748"); INSERT INTO underlying_tokens_list(address, weight, parent_token_entry) VALUES("0x8461A004b50d321CB22B7d034969cE6803911899", "1.0", "0x528D50dC9a333f01544177a924893FA1F5b9F748")
*
INSERT INTO ethereum_tokens(address, decimals, protocol) VALUES("0x595a68a8c9D5C230001848B69b1947ee2A607164", 18, "yearn_vaults_v2"); INSERT INTO assets(identifier, type, name, symbol, started, swapped_for, coingecko, cryptocompare, details_reference) VALUES("_ceth_0x595a68a8c9D5C230001848B69b1947ee2A607164", "C", "Curve ibGBP Pool yVault", "yvCurve-ibGBP", 1631243643, NULL, "", "", "0x595a68a8c9D5C230001848B69b1947ee2A607164"); INSERT INTO underlying_tokens_list(address, weight, parent_token_entry) VALUES("0xD6Ac1CB9019137a896343Da59dDE6d097F710538", "1.0", "0x595a68a8c9D5C230001848B69b1947ee2A607164")
*
INSERT INTO ethereum_tokens(address, decimals, protocol) VALUES("0x1b905331F7dE2748F4D6a0678e1521E20347643F", 18, "yearn_vaults_v2"); INSERT INTO assets(identifier, type, name, symbol, started, swapped_for, coingecko, cryptocompare, details_reference) VALUES("_ceth_0x1b905331F7dE2748F4D6a0678e1521E20347643F", "C", "Curve ibAUD Pool yVault", "yvCurve-ibAUD", 1631243276, NULL, "", "", "0x1b905331F7dE2748F4D6a0678e1521E20347643F"); INSERT INTO underlying_tokens_list(address, weight, parent_token_entry) VALUES("0x3F1B0278A9ee595635B61817630cC19DE792f506", "1.0", "0x1b905331F7dE2748F4D6a0678e1521E20347643F")
*
INSERT INTO ethereum_tokens(address, decimals, protocol) VALUES("0x490bD0886F221A5F79713D3E84404355A9293C50", 18, "yearn_vaults_v2"); INSERT INTO assets(identifier, type, name, symbol, started, swapped_for, coingecko, cryptocompare, details_reference) VALUES("_ceth_0x490bD0886F221A5F79713D3E84404355A9293C50", "C", "Curve ibCHF Pool yVault", "yvCurve-ibCHF", 1631243697, NULL, "", "", "0x490bD0886F221A5F79713D3E84404355A9293C50"); INSERT INTO underlying_tokens_list(address, weight, parent_token_entry) VALUES("0x9c2C8910F113181783c249d8F6Aa41b51Cde0f0c", "1.0", "0x490bD0886F221A5F79713D3E84404355A9293C50")
*
INSERT INTO ethereum_tokens(address, decimals, protocol) VALUES("0x59518884EeBFb03e90a18ADBAAAB770d4666471e", 18, "yearn_vaults_v2"); INSERT INTO assets(identifier, type, name, symbol, started, swapped_for, coingecko, cryptocompare, details_reference) VALUES("_ceth_0x59518884EeBFb03e90a18ADBAAAB770d4666471e", "C", "Curve ibJPY Pool yVault", "yvCurve-ibJPY", 1631243757, NULL, "", "", "0x59518884EeBFb03e90a18ADBAAAB770d4666471e"); INSERT INTO underlying_tokens_list(address, weight, parent_token_entry) VALUES("0x8818a9bb44Fbf33502bE7c15c500d0C783B73067", "1.0", "0x59518884EeBFb03e90a18ADBAAAB770d4666471e")
*
INSERT INTO ethereum_tokens(address, decimals, protocol) VALUES("0x6FAfCA7f49B4Fd9dC38117469cd31A1E5aec91F5", 18, "yearn_vaults_v2"); INSERT INTO assets(identifier, type, name, symbol, started, swapped_for, coingecko, cryptocompare, details_reference) VALUES("_ceth_0x6FAfCA7f49B4Fd9dC38117469cd31A1E5aec91F5", "C", "Curve USDM Pool yVault", "yvCurve-USDM", 1634951648, NULL, "", "", "0x6FAfCA7f49B4Fd9dC38117469cd31A1E5aec91F5"); INSERT INTO underlying_tokens_list(address, weight, parent_token_entry) VALUES("0x5B3b5DF2BF2B6543f78e053bD91C4Bdd820929f1", "1.0", "0x6FAfCA7f49B4Fd9dC38117469cd31A1E5aec91F5")
*
INSERT INTO ethereum_tokens(address, decimals, protocol) VALUES("0x718AbE90777F5B778B52D553a5aBaa148DD0dc5D", 18, "yearn_vaults_v2"); INSERT INTO assets(identifier, type, name, symbol, started, swapped_for, coingecko, cryptocompare, details_reference) VALUES("_ceth_0x718AbE90777F5B778B52D553a5aBaa148DD0dc5D", "C", "Curve alETH Pool yVault", "yvCurve-alETH", 1634951537, NULL, "", "", "0x718AbE90777F5B778B52D553a5aBaa148DD0dc5D"); INSERT INTO underlying_tokens_list(address, weight, parent_token_entry) VALUES("0xC4C319E2D4d66CcA4464C0c2B32c9Bd23ebe784e", "1.0", "0x718AbE90777F5B778B52D553a5aBaa148DD0dc5D")
*
INSERT INTO ethereum_tokens(address, decimals, protocol) VALUES("0x8b9C0c24307344B6D7941ab654b2Aeee25347473", 18, "yearn_vaults_v2"); INSERT INTO assets(identifier, type, name, symbol, started, swapped_for, coingecko, cryptocompare, details_reference) VALUES("_ceth_0x8b9C0c24307344B6D7941ab654b2Aeee25347473", "C", "Curve EURN Pool yVault", "yvCurve-EURN", 1634951257, NULL, "", "", "0x8b9C0c24307344B6D7941ab654b2Aeee25347473"); INSERT INTO underlying_tokens_list(address, weight, parent_token_entry) VALUES("0x3Fb78e61784C9c637D560eDE23Ad57CA1294c14a", "1.0", "0x8b9C0c24307344B6D7941ab654b2Aeee25347473")
*
INSERT INTO ethereum_tokens(address, decimals, protocol) VALUES("0xd8C620991b8E626C099eAaB29B1E3eEa279763bb", 18, "yearn_vaults_v2"); INSERT INTO assets(identifier, type, name, symbol, started, swapped_for, coingecko, cryptocompare, details_reference) VALUES("_ceth_0xd8C620991b8E626C099eAaB29B1E3eEa279763bb", "C", "Curve MIM-UST Pool yVault", "yvCurve-MIMUST", 1634951466, NULL, "", "", "0xd8C620991b8E626C099eAaB29B1E3eEa279763bb"); INSERT INTO underlying_tokens_list(address, weight, parent_token_entry) VALUES("0x55A8a39bc9694714E2874c1ce77aa1E599461E18", "1.0", "0xd8C620991b8E626C099eAaB29B1E3eEa279763bb")
*
INSERT INTO ethereum_tokens(address, decimals, protocol) VALUES("0xF59D66c1d593Fb10e2f8c2a6fD2C958792434B9c", 18, "yearn_vaults_v2"); INSERT INTO assets(identifier, type, name, symbol, started, swapped_for, coingecko, cryptocompare, details_reference) VALUES("_ceth_0xF59D66c1d593Fb10e2f8c2a6fD2C958792434B9c", "C", "Curve OUSD Pool yVault", "yvCurve-OUSD", 1637183774, NULL, "", "", "0xF59D66c1d593Fb10e2f8c2a6fD2C958792434B9c"); INSERT INTO underlying_tokens_list(address, weight, parent_token_entry) VALUES("0x87650D7bbfC3A9F10587d7778206671719d9910D", "1.0", "0xF59D66c1d593Fb10e2f8c2a6fD2C958792434B9c")
*
INSERT INTO ethereum_tokens(address, decimals, protocol) VALUES("0x5e69e8b51B71C8596817fD442849BD44219bb095", 18, "yearn_vaults_v2"); INSERT INTO assets(identifier, type, name, symbol, started, swapped_for, coingecko, cryptocompare, details_reference) VALUES("_ceth_0x5e69e8b51B71C8596817fD442849BD44219bb095", "C", "Curve ibBTC Pool yVault", "yvCurve-ibBTC", 1637182757, NULL, "", "", "0x5e69e8b51B71C8596817fD442849BD44219bb095"); INSERT INTO underlying_tokens_list(address, weight, parent_token_entry) VALUES("0xFbdCA68601f835b27790D98bbb8eC7f05FDEaA9B", "1.0", "0x5e69e8b51B71C8596817fD442849BD44219bb095")
*
INSERT INTO ethereum_tokens(address, decimals, protocol) VALUES("0x16825039dfe2a5b01F3E1E6a2BBF9a576c6F95c4", 18, "yearn_vaults_v2"); INSERT INTO assets(identifier, type, name, symbol, started, swapped_for, coingecko, cryptocompare, details_reference) VALUES("_ceth_0x16825039dfe2a5b01F3E1E6a2BBF9a576c6F95c4", "C", "Curve d3pool Pool yVault", "yvCurve-d3pool", 1637182798, NULL, "", "", "0x16825039dfe2a5b01F3E1E6a2BBF9a576c6F95c4"); INSERT INTO underlying_tokens_list(address, weight, parent_token_entry) VALUES("0xBaaa1F5DbA42C3389bDbc2c9D2dE134F5cD0Dc89", "1.0", "0x16825039dfe2a5b01F3E1E6a2BBF9a576c6F95c4")
*
INSERT INTO ethereum_tokens(address, decimals, protocol) VALUES("0xBCBB5b54Fa51e7b7Dc920340043B203447842A6b", 18, "yearn_vaults_v2"); INSERT INTO assets(identifier, type, name, symbol, started, swapped_for, coingecko, cryptocompare, details_reference) VALUES("_ceth_0xBCBB5b54Fa51e7b7Dc920340043B203447842A6b", "C", "Curve EURT-USD Pool yVault", "yvCurve-EURTUSD", 1637183566, NULL, "", "", "0xBCBB5b54Fa51e7b7Dc920340043B203447842A6b"); INSERT INTO underlying_tokens_list(address, weight, parent_token_entry) VALUES("0x3b6831c0077a1e44ED0a21841C3bC4dC11bCE833", "1.0", "0xBCBB5b54Fa51e7b7Dc920340043B203447842A6b")
*
INSERT INTO ethereum_tokens(address, decimals, protocol) VALUES("0x801Ab06154Bf539dea4385a39f5fa8534fB53073", 18, "yearn_vaults_v2"); INSERT INTO assets(identifier, type, name, symbol, started, swapped_for, coingecko, cryptocompare, details_reference) VALUES("_ceth_0x801Ab06154Bf539dea4385a39f5fa8534fB53073", "C", "Curve EURS-USDC Pool yVault", "yvCurve-EURSUSDC", 1637183774, NULL, "", "", "0x801Ab06154Bf539dea4385a39f5fa8534fB53073"); INSERT INTO underlying_tokens_list(address, weight, parent_token_entry) VALUES("0x3D229E1B4faab62F621eF2F6A610961f7BD7b23B", "1.0", "0x801Ab06154Bf539dea4385a39f5fa8534fB53073")
*
INSERT INTO ethereum_tokens(address, decimals, protocol) VALUES("0x378cb52b00F9D0921cb46dFc099CFf73b42419dC", 18, "yearn_vaults_v2"); INSERT INTO assets(identifier, type, name, symbol, started, swapped_for, coingecko, cryptocompare, details_reference) VALUES("_ceth_0x378cb52b00F9D0921cb46dFc099CFf73b42419dC", "C", "LUSD yVault", "yvLUSD", 1635905978, NULL, "", "", "0x378cb52b00F9D0921cb46dFc099CFf73b42419dC"); INSERT INTO underlying_tokens_list(address, weight, parent_token_entry) VALUES("0x5f98805A4E8be255a32880FDeC7F6728C6568bA0", "1.0", "0x378cb52b00F9D0921cb46dFc099CFf73b42419dC")
*