INSERT INTO ethereum_tokens(address, decimals, protocol) VALUES("0xc270b3B858c335B6BA5D5b10e2Da8a09976005ad", 18, "curve_pool"); INSERT INTO assets(identifier, type, name, symbol, started, swapped_for, coingecko, cryptocompare, details_reference) VALUES("_ceth_0xc270b3B858c335B6BA5D5b10e2Da8a09976005ad", "C", "Curve.fi Factory USD Metapool: Paxos Dollar (USDP)", "pax-usdp3CRV-f", 1634757546, NULL, "", "", "0xc270b3B858c335B6BA5D5b10e2Da8a09976005ad");
*
INSERT INTO ethereum_tokens(address, decimals, protocol) VALUES("0xb9446c4Ef5EBE66268dA6700D26f96273DE3d571", 18, "curve_pool"); INSERT INTO assets(identifier, type, name, symbol, started, swapped_for, coingecko, cryptocompare, details_reference) VALUES("_ceth_0xb9446c4Ef5EBE66268dA6700D26f96273DE3d571", "C", "Curve.fi Factory Plain Pool: 3EURpool", "3EURpool-f", 1637072045, NULL, "", "", "0xb9446c4Ef5EBE66268dA6700D26f96273DE3d571");
*
INSERT INTO ethereum_tokens(address, decimals, protocol) VALUES("0xEd4064f376cB8d68F770FB1Ff088a3d0F3FF5c4d", 18, "curve_pool"); INSERT INTO assets(identifier, type, name, symbol, started, swapped_for, coingecko, cryptocompare, details_reference) VALUES("_ceth_0xEd4064f376cB8d68F770FB1Ff088a3d0F3FF5c4d", "C", "Curve CRV-ETH ", "crvCRVETH", 1637753633, NULL, "", "", "0xEd4064f376cB8d68F770FB1Ff088a3d0F3FF5c4d");
*
INSERT INTO ethereum_tokens(address, decimals, protocol) VALUES("0xAA5A67c256e27A5d80712c51971408db3370927D", 18, "curve_pool"); INSERT INTO assets(identifier, type, name, symbol, started, swapped_for, coingecko, cryptocompare, details_reference) VALUES("_ceth_0xAA5A67c256e27A5d80712c51971408db3370927D", "C", "Curve.fi Factory USD Metapool: DOLA-3pool Curve LP", "DOLA3POOL3CRV-f", 1629929584, NULL, "", "", "0xAA5A67c256e27A5d80712c51971408db3370927D");
*
INSERT INTO ethereum_tokens(address, decimals, protocol) VALUES("0x6BA5b4e438FA0aAf7C1bD179285aF65d13bD3D90", 18, "curve_pool"); INSERT INTO assets(identifier, type, name, symbol, started, swapped_for, coingecko, cryptocompare, details_reference) VALUES("_ceth_0x6BA5b4e438FA0aAf7C1bD179285aF65d13bD3D90", "C", "RAI3CRV", "RAI3CRV", 1637167804, NULL, "", "", "0x6BA5b4e438FA0aAf7C1bD179285aF65d13bD3D90");
*
INSERT INTO ethereum_tokens(address, decimals, protocol) VALUES("0x3A283D9c08E8b55966afb64C515f5143cf907611", 18, "curve_pool"); INSERT INTO assets(identifier, type, name, symbol, started, swapped_for, coingecko, cryptocompare, details_reference) VALUES("_ceth_0x3A283D9c08E8b55966afb64C515f5143cf907611", "C", "Curve CVX-ETH", "crvCVXETH", 1639219947, NULL, "", "", "0x3A283D9c08E8b55966afb64C515f5143cf907611");
*
INSERT INTO ethereum_tokens(address, decimals, protocol) VALUES("0x8484673cA7BfF40F82B041916881aeA15ee84834", 18, "curve_pool"); INSERT INTO assets(identifier, type, name, symbol, started, swapped_for, coingecko, cryptocompare, details_reference) VALUES("_ceth_0x8484673cA7BfF40F82B041916881aeA15ee84834", "C", "Curve XAUT-3Crv", "crvXAUTUSD", 1640166404, NULL, "", "", "0x8484673cA7BfF40F82B041916881aeA15ee84834");
*
INSERT INTO ethereum_tokens(address, decimals, protocol) VALUES("0x8282BD15dcA2EA2bDf24163E8f2781B30C43A2ef", 18, "curve_pool"); INSERT INTO assets(identifier, type, name, symbol, started, swapped_for, coingecko, cryptocompare, details_reference) VALUES("_ceth_0x8282BD15dcA2EA2bDf24163E8f2781B30C43A2ef", "C", "Curve SPELL-ETH", "crvSPELLETH", 1641202840, NULL, "", "", "0x8282BD15dcA2EA2bDf24163E8f2781B30C43A2ef");
*
INSERT INTO ethereum_tokens(address, decimals, protocol) VALUES("0xCb08717451aaE9EF950a2524E33B6DCaBA60147B", 18, "curve_pool"); INSERT INTO assets(identifier, type, name, symbol, started, swapped_for, coingecko, cryptocompare, details_reference) VALUES("_ceth_0xCb08717451aaE9EF950a2524E33B6DCaBA60147B", "C", "Curve T-ETH ", "crvTETH", 1641204360, NULL, "", "", "0xCb08717451aaE9EF950a2524E33B6DCaBA60147B");
*
INSERT INTO ethereum_tokens(address, decimals, protocol) VALUES("0x29059568bB40344487d62f7450E78b8E6C74e0e5", 18, "curve_pool"); INSERT INTO assets(identifier, type, name, symbol, started, swapped_for, coingecko, cryptocompare, details_reference) VALUES("_ceth_0x29059568bB40344487d62f7450E78b8E6C74e0e5", "C", "Curve.fi Factory Crypto Pool: YFI/ETH", "YFIETH-f", 1642676461, NULL, "", "", "0x29059568bB40344487d62f7450E78b8E6C74e0e5");
*
INSERT INTO ethereum_tokens(address, decimals, protocol) VALUES("0x90244F43D548a4f8dFecfAD91a193465B1fad6F7", 18, "curve_pool"); INSERT INTO assets(identifier, type, name, symbol, started, swapped_for, coingecko, cryptocompare, details_reference) VALUES("_ceth_0x90244F43D548a4f8dFecfAD91a193465B1fad6F7", "C", "Curve.fi Factory Crypto Pool: FXS/ETH", "FXSETH-f", 1642622407, NULL, "", "", "0x90244F43D548a4f8dFecfAD91a193465B1fad6F7");
*
INSERT INTO ethereum_tokens(address, decimals, protocol) VALUES("0xB37D6c07482Bc11cd28a1f11f1a6ad7b66Dec933", 18, "curve_pool"); INSERT INTO assets(identifier, type, name, symbol, started, swapped_for, coingecko, cryptocompare, details_reference) VALUES("_ceth_0xB37D6c07482Bc11cd28a1f11f1a6ad7b66Dec933", "C", "Curve.fi Factory Plain Pool: agEUR/ibEUR", "ag+ib-EUR-f", 1639645074, NULL, "", "", "0xB37D6c07482Bc11cd28a1f11f1a6ad7b66Dec933");
*
INSERT INTO ethereum_tokens(address, decimals, protocol) VALUES("0x06cb22615BA53E60D67Bf6C341a0fD5E718E1655", 18, "curve_pool"); INSERT INTO assets(identifier, type, name, symbol, started, swapped_for, coingecko, cryptocompare, details_reference) VALUES("_ceth_0x06cb22615BA53E60D67Bf6C341a0fD5E718E1655", "C", "Curve.fi Factory USD Metapool: FEI Metapool ", "FEI3CRV3CRV-f", 1629221907, NULL, "", "", "0x06cb22615BA53E60D67Bf6C341a0fD5E718E1655");
*
INSERT INTO ethereum_tokens(address, decimals, protocol) VALUES("0xF3A43307DcAFa93275993862Aae628fCB50dC768", 18, "curve_pool"); INSERT INTO assets(identifier, type, name, symbol, started, swapped_for, coingecko, cryptocompare, details_reference) VALUES("_ceth_0xF3A43307DcAFa93275993862Aae628fCB50dC768", "C", "Curve.fi Factory Crypto Pool: cvxFxs/Fxs", "cvxFXSFXS-f", 1645446205, NULL, "", "", "0xF3A43307DcAFa93275993862Aae628fCB50dC768");
*
INSERT INTO ethereum_tokens(address, decimals, protocol) VALUES("0x447Ddd4960d9fdBF6af9a790560d0AF76795CB08", 18, "curve_pool"); INSERT INTO assets(identifier, type, name, symbol, started, swapped_for, coingecko, cryptocompare, details_reference) VALUES("_ceth_0x447Ddd4960d9fdBF6af9a790560d0AF76795CB08", "C", "Curve.fi Factory Plain Pool: rETH/wstETH", "rETHwstETH-f", 1645564696, NULL, "", "", "0x447Ddd4960d9fdBF6af9a790560d0AF76795CB08");
*
INSERT INTO ethereum_tokens(address, decimals, protocol) VALUES("0x137469B55D1f15651BA46A89D0588e97dD0B6562", 18, "curve_pool"); INSERT INTO assets(identifier, type, name, symbol, started, swapped_for, coingecko, cryptocompare, details_reference) VALUES("_ceth_0x137469B55D1f15651BA46A89D0588e97dD0B6562", "C", "Curve.fi Factory Crypto Pool: BADGER/WBTC", "BADGERWBTC-f", 1642633384, NULL, "", "", "0x137469B55D1f15651BA46A89D0588e97dD0B6562");
*
INSERT INTO ethereum_tokens(address, decimals, protocol) VALUES("0xE160364FD8407FFc8b163e278300c6C5D18Ff61d", 18, "curve_pool"); INSERT INTO assets(identifier, type, name, symbol, started, swapped_for, coingecko, cryptocompare, details_reference) VALUES("_ceth_0xE160364FD8407FFc8b163e278300c6C5D18Ff61d", "C", "Curve.fi Factory Crypto Pool: BTRFLY/ETH", "BTRFLYETH-f", 1644872982, NULL, "", "", "0xE160364FD8407FFc8b163e278300c6C5D18Ff61d");
*
INSERT INTO ethereum_tokens(address, decimals, protocol) VALUES("0xbcb91E689114B9Cc865AD7871845C95241Df4105", 18, "curve_pool"); INSERT INTO assets(identifier, type, name, symbol, started, swapped_for, coingecko, cryptocompare, details_reference) VALUES("_ceth_0xbcb91E689114B9Cc865AD7871845C95241Df4105", "C", "Curve.fi Factory USD Metapool: PWRD Metapool", "PWRD3CRV-f", 1632832476, NULL, "", "", "0xbcb91E689114B9Cc865AD7871845C95241Df4105");
*
INSERT INTO ethereum_tokens(address, decimals, protocol) VALUES("0xC9467E453620f16b57a34a770C6bceBECe002587", 18, "curve_pool"); INSERT INTO assets(identifier, type, name, symbol, started, swapped_for, coingecko, cryptocompare, details_reference) VALUES("_ceth_0xC9467E453620f16b57a34a770C6bceBECe002587", "C", "Curve.fi Factory BTC Metapool: pbtc", "pbtc/sbtcCRV-f", 1646834394, NULL, "", "", "0xC9467E453620f16b57a34a770C6bceBECe002587");
*
INSERT INTO ethereum_tokens(address, decimals, protocol) VALUES("0x2302aaBe69e6E7A1b0Aa23aAC68fcCB8A4D2B460", 18, "curve_pool"); INSERT INTO assets(identifier, type, name, symbol, started, swapped_for, coingecko, cryptocompare, details_reference) VALUES("_ceth_0x2302aaBe69e6E7A1b0Aa23aAC68fcCB8A4D2B460", "C", "Curve.fi Factory Crypto Pool: SILO/FRAX", "silofrax-f", 1646661100, NULL, "", "", "0x2302aaBe69e6E7A1b0Aa23aAC68fcCB8A4D2B460");
*
INSERT INTO ethereum_tokens(address, decimals, protocol) VALUES("0x1054Ff2ffA34c055a13DCD9E0b4c0cA5b3aecEB9", 18, "curve_pool"); INSERT INTO assets(identifier, type, name, symbol, started, swapped_for, coingecko, cryptocompare, details_reference) VALUES("_ceth_0x1054Ff2ffA34c055a13DCD9E0b4c0cA5b3aecEB9", "C", "Curve.fi Factory Crypto Pool: CADC/USDC", "CADCUSDC-f", 1644410884, NULL, "", "", "0x1054Ff2ffA34c055a13DCD9E0b4c0cA5b3aecEB9");
*
INSERT INTO ethereum_tokens(address, decimals, protocol) VALUES("0x401322B9FDdba8c0a8D40fbCECE1D1752C12316B", 18, "curve_pool"); INSERT INTO assets(identifier, type, name, symbol, started, swapped_for, coingecko, cryptocompare, details_reference) VALUES("_ceth_0x401322B9FDdba8c0a8D40fbCECE1D1752C12316B", "C", "Curve.fi Factory Crypto Pool: LFT/ETH", "LFTETH-f", 1649157399, NULL, "", "", "0x401322B9FDdba8c0a8D40fbCECE1D1752C12316B");
*
INSERT INTO ethereum_tokens(address, decimals, protocol) VALUES("0x4704aB1fb693ce163F7c9D3A31b3FF4eaF797714", 18, "curve_pool"); INSERT INTO assets(identifier, type, name, symbol, started, swapped_for, coingecko, cryptocompare, details_reference) VALUES("_ceth_0x4704aB1fb693ce163F7c9D3A31b3FF4eaF797714", "C", "Curve.fi Factory Crypto Pool: FPI2Pool", "FPIFRAX-f", 1649839284, NULL, "", "", "0x4704aB1fb693ce163F7c9D3A31b3FF4eaF797714");
*
INSERT INTO ethereum_tokens(address, decimals, protocol) VALUES("0x6359B6d3e327c497453d4376561eE276c6933323", 18, "curve_pool"); INSERT INTO assets(identifier, type, name, symbol, started, swapped_for, coingecko, cryptocompare, details_reference) VALUES("_ceth_0x6359B6d3e327c497453d4376561eE276c6933323", "C", "Curve.fi Factory Crypto Pool: SDT/ETH ", "SDTETH-f", 1643806555, NULL, "", "", "0x6359B6d3e327c497453d4376561eE276c6933323");
*
INSERT INTO ethereum_tokens(address, decimals, protocol) VALUES("0x54c8Ecf46A81496eEB0608BD3353388b5D7a2a33", 18, "curve_pool"); INSERT INTO assets(identifier, type, name, symbol, started, swapped_for, coingecko, cryptocompare, details_reference) VALUES("_ceth_0x54c8Ecf46A81496eEB0608BD3353388b5D7a2a33", "C", "Curve.fi Factory Crypto Pool: ibAUD/USDC", "ibAUDUSDC-f", 1647326504, NULL, "", "", "0x54c8Ecf46A81496eEB0608BD3353388b5D7a2a33");
*
INSERT INTO ethereum_tokens(address, decimals, protocol) VALUES("0x08ceA8E5B4551722dEB97113C139Dd83C26c5398", 18, "curve_pool"); INSERT INTO assets(identifier, type, name, symbol, started, swapped_for, coingecko, cryptocompare, details_reference) VALUES("_ceth_0x08ceA8E5B4551722dEB97113C139Dd83C26c5398", "C", "Curve.fi Factory Crypto Pool: ibCHF/USDC", "ibCHFUSDC-f", 1647326773, NULL, "", "", "0x08ceA8E5B4551722dEB97113C139Dd83C26c5398");
*
INSERT INTO ethereum_tokens(address, decimals, protocol) VALUES("0x8682Fbf0CbF312C891532BA9F1A91e44f81ad7DF", 18, "curve_pool"); INSERT INTO assets(identifier, type, name, symbol, started, swapped_for, coingecko, cryptocompare, details_reference) VALUES("_ceth_0x8682Fbf0CbF312C891532BA9F1A91e44f81ad7DF", "C", "Curve.fi Factory Crypto Pool: ibEUR/USDC", "ibEURUSDC-f", 1647324166, NULL, "", "", "0x8682Fbf0CbF312C891532BA9F1A91e44f81ad7DF");
*
INSERT INTO ethereum_tokens(address, decimals, protocol) VALUES("0x22CF19EB64226e0E1A79c69b345b31466fD273A7", 18, "curve_pool"); INSERT INTO assets(identifier, type, name, symbol, started, swapped_for, coingecko, cryptocompare, details_reference) VALUES("_ceth_0x22CF19EB64226e0E1A79c69b345b31466fD273A7", "C", "Curve.fi Factory Crypto Pool: ibGBP/USDC", "ibGBPUSDC-f", 1647327100, NULL, "", "", "0x22CF19EB64226e0E1A79c69b345b31466fD273A7");
*
INSERT INTO ethereum_tokens(address, decimals, protocol) VALUES("0x127091edE112aEd7Bae281747771b3150Bb047bB", 18, "curve_pool"); INSERT INTO assets(identifier, type, name, symbol, started, swapped_for, coingecko, cryptocompare, details_reference) VALUES("_ceth_0x127091edE112aEd7Bae281747771b3150Bb047bB", "C", "Curve.fi Factory Crypto Pool: ibJPY/USDC", "ibJPYUSDC-f", 1647327343, NULL, "", "", "0x127091edE112aEd7Bae281747771b3150Bb047bB");
*
INSERT INTO ethereum_tokens(address, decimals, protocol) VALUES("0x80CAcCdBD3f07BbdB558DB4a9e146D099933D677", 18, "curve_pool"); INSERT INTO assets(identifier, type, name, symbol, started, swapped_for, coingecko, cryptocompare, details_reference) VALUES("_ceth_0x80CAcCdBD3f07BbdB558DB4a9e146D099933D677", "C", "Curve.fi Factory Crypto Pool: ibKRW/USDC", "ibKRWUSDC-f", 1647327649, NULL, "", "", "0x80CAcCdBD3f07BbdB558DB4a9e146D099933D677");
*
INSERT INTO ethereum_tokens(address, decimals, protocol) VALUES("0x4647B6D835f3B393C7A955df51EEfcf0db961606", 18, "curve_pool"); INSERT INTO assets(identifier, type, name, symbol, started, swapped_for, coingecko, cryptocompare, details_reference) VALUES("_ceth_0x4647B6D835f3B393C7A955df51EEfcf0db961606", "C", "Curve.fi Factory Crypto Pool: KP3R/ETH", "KP3RETH-f", 1648626737, NULL, "", "", "0x4647B6D835f3B393C7A955df51EEfcf0db961606");
*
INSERT INTO ethereum_tokens(address, decimals, protocol) VALUES("0x8EE017541375F6Bcd802ba119bdDC94dad6911A1", 18, "curve_pool"); INSERT INTO assets(identifier, type, name, symbol, started, swapped_for, coingecko, cryptocompare, details_reference) VALUES("_ceth_0x8EE017541375F6Bcd802ba119bdDC94dad6911A1", "C", "Curve.fi Factory USD Metapool: PUSd", "PUSd-3CRV-f", 1650756902, NULL, "", "", "0x8EE017541375F6Bcd802ba119bdDC94dad6911A1");
*
INSERT INTO ethereum_tokens(address, decimals, protocol) VALUES("0x3660BD168494d61ffDac21E403d0F6356cF90fD7", 18, "curve_pool"); INSERT INTO assets(identifier, type, name, symbol, started, swapped_for, coingecko, cryptocompare, details_reference) VALUES("_ceth_0x3660BD168494d61ffDac21E403d0F6356cF90fD7", "C", "Curve.fi Factory Crypto Pool: OHM/ETH", "OHMETH-f", 1646407763, NULL, "", "", "0x3660BD168494d61ffDac21E403d0F6356cF90fD7");
*
INSERT INTO ethereum_tokens(address, decimals, protocol) VALUES("0xf7b55C3732aD8b2c2dA7c24f30A69f55c54FB717", 18, "curve_pool"); INSERT INTO assets(identifier, type, name, symbol, started, swapped_for, coingecko, cryptocompare, details_reference) VALUES("_ceth_0xf7b55C3732aD8b2c2dA7c24f30A69f55c54FB717", "C", "Curve.fi Factory Plain Pool: sdCRV", "sdCRVCRV-f", 1649860605, NULL, "", "", "0xf7b55C3732aD8b2c2dA7c24f30A69f55c54FB717");
*
INSERT INTO ethereum_tokens(address, decimals, protocol) VALUES("0x48fF31bBbD8Ab553Ebe7cBD84e1eA3dBa8f54957", 18, "curve_pool"); INSERT INTO assets(identifier, type, name, symbol, started, swapped_for, coingecko, cryptocompare, details_reference) VALUES("_ceth_0x48fF31bBbD8Ab553Ebe7cBD84e1eA3dBa8f54957", "C", "Curve.fi Factory Plain Pool: sdANGLE", "sdAGAG-f", 1646925282, NULL, "", "", "0x48fF31bBbD8Ab553Ebe7cBD84e1eA3dBa8f54957");
*
INSERT INTO ethereum_tokens(address, decimals, protocol) VALUES("0xdf55670e27bE5cDE7228dD0A6849181891c9ebA1", 18, "curve_pool"); INSERT INTO assets(identifier, type, name, symbol, started, swapped_for, coingecko, cryptocompare, details_reference) VALUES("_ceth_0xdf55670e27bE5cDE7228dD0A6849181891c9ebA1", "C", "Curve.fi Factory Crypto Pool: STG/USDC", "STGUSDC-f", 1647538983, NULL, "", "", "0xdf55670e27bE5cDE7228dD0A6849181891c9ebA1");
*
INSERT INTO ethereum_tokens(address, decimals, protocol) VALUES("0xe6b5CC1B4b47305c58392CE3D359B10282FC36Ea", 18, "curve_pool"); INSERT INTO assets(identifier, type, name, symbol, started, swapped_for, coingecko, cryptocompare, details_reference) VALUES("_ceth_0xe6b5CC1B4b47305c58392CE3D359B10282FC36Ea", "C", "Curve.fi Factory USD Metapool: USDD/3CRV", "USDD3CRV3CRV-f", 1651488335, NULL, "", "", "0xe6b5CC1B4b47305c58392CE3D359B10282FC36Ea");
*
INSERT INTO ethereum_tokens(address, decimals, protocol) VALUES("0xbE4f3AD6C9458b901C81b734CB22D9eaE9Ad8b50", 18, "curve_pool"); INSERT INTO assets(identifier, type, name, symbol, started, swapped_for, coingecko, cryptocompare, details_reference) VALUES("_ceth_0xbE4f3AD6C9458b901C81b734CB22D9eaE9Ad8b50", "C", "PALETH-f", "Curve.fi Factory Crypto Pool: PAL/ETH", 1648498973, NULL, "", "", "0xbE4f3AD6C9458b901C81b734CB22D9eaE9Ad8b50");
*
INSERT INTO ethereum_tokens(address, decimals, protocol) VALUES("0x8c524635d52bd7b1Bd55E062303177a7d916C046", 18, "curve_pool"); INSERT INTO assets(identifier, type, name, symbol, started, swapped_for, coingecko, cryptocompare, details_reference) VALUES("_ceth_0x8c524635d52bd7b1Bd55E062303177a7d916C046", "C", "Curve.fi Factory Plain Pool: sdFXS", "sdFXSFXS-f", 1646924720, NULL, "", "", "0x8c524635d52bd7b1Bd55E062303177a7d916C046");
*
INSERT INTO ethereum_tokens(address, decimals, protocol) VALUES("0x7ea4aD8C803653498bF6AC1D2dEbc04DCe8Fd2aD", 18, "curve_pool"); INSERT INTO assets(identifier, type, name, symbol, started, swapped_for, coingecko, cryptocompare, details_reference) VALUES("_ceth_0x7ea4aD8C803653498bF6AC1D2dEbc04DCe8Fd2aD", "C", "Curve.fi Factory Crypto Pool: TOKE/ETH", "TOKEETH-f", 1651009576, NULL, "", "", "0x7ea4aD8C803653498bF6AC1D2dEbc04DCe8Fd2aD");
*
INSERT INTO ethereum_tokens(address, decimals, protocol) VALUES("0xed03Ed872159e199065401b6d0D487d78d9464AA", 6, NULL); INSERT INTO assets(identifier, type, name, symbol, started, swapped_for, coingecko, cryptocompare, details_reference) VALUES("_ceth_0xed03Ed872159e199065401b6d0D487d78d9464AA", "C", "TetherToken", "MXNt", 1652215376, NULL, "mexican-peso-tether", "", "0xed03Ed872159e199065401b6d0D487d78d9464AA");
*
INSERT INTO ethereum_tokens(address, decimals, protocol) VALUES("0x4674672BcDdDA2ea5300F5207E1158185c944bc0", 18, NULL); INSERT INTO assets(identifier, type, name, symbol, started, swapped_for, coingecko, cryptocompare, details_reference) VALUES("_ceth_0x4674672BcDdDA2ea5300F5207E1158185c944bc0", "C", "Gem Exchange and Trading", "GXT", 1636518288, NULL, "gem-exchange-and-trading", "GXT", "0x4674672BcDdDA2ea5300F5207E1158185c944bc0");
*
INSERT INTO ethereum_tokens(address, decimals, protocol) VALUES("0x41545f8b9472D758bB669ed8EaEEEcD7a9C4Ec29", 18, NULL); INSERT INTO assets(identifier, type, name, symbol, started, swapped_for, coingecko, cryptocompare, details_reference) VALUES("_ceth_0x41545f8b9472D758bB669ed8EaEEEcD7a9C4Ec29", "C", "Forta", "FORT", 1631023968, NULL, "forta", "FORT", "0x41545f8b9472D758bB669ed8EaEEEcD7a9C4Ec29");
*
INSERT INTO ethereum_tokens(address, decimals, protocol) VALUES("0xF5581dFeFD8Fb0e4aeC526bE659CFaB1f8c781dA", 18, NULL); INSERT INTO assets(identifier, type, name, symbol, started, swapped_for, coingecko, cryptocompare, details_reference) VALUES("_ceth_0xF5581dFeFD8Fb0e4aeC526bE659CFaB1f8c781dA", "C", "HOPR Token", "HOPR", 1613735951, NULL, "hopr", "HOPR", "0xF5581dFeFD8Fb0e4aeC526bE659CFaB1f8c781dA");
*
INSERT INTO ethereum_tokens(address, decimals, protocol) VALUES("0xEDB171C18cE90B633DB442f2A6F72874093b49Ef", 18, NULL); INSERT INTO assets(identifier, type, name, symbol, started, swapped_for, coingecko, cryptocompare, details_reference) VALUES("_ceth_0xEDB171C18cE90B633DB442f2A6F72874093b49Ef", "C", "Wrapped Ampleforth", "WAMPL", 1632315593, NULL, "wrapped-ampleforth", "WAMPL", "0xEDB171C18cE90B633DB442f2A6F72874093b49Ef");
*
INSERT INTO ethereum_tokens(address, decimals, protocol) VALUES("0xB6Ca7399B4F9CA56FC27cBfF44F4d2e4Eef1fc81", 18, NULL); INSERT INTO assets(identifier, type, name, symbol, started, swapped_for, coingecko, cryptocompare, details_reference) VALUES("_ceth_0xB6Ca7399B4F9CA56FC27cBfF44F4d2e4Eef1fc81", "C", "Muse", "MUSE", 1602266973, NULL, "muse-2", "MUSE", "0xB6Ca7399B4F9CA56FC27cBfF44F4d2e4Eef1fc81");
*
INSERT INTO ethereum_tokens(address, decimals, protocol) VALUES("0x24EC2Ca132abf8F6f8a6E24A1B97943e31f256a7", 18, NULL); INSERT INTO assets(identifier, type, name, symbol, started, swapped_for, coingecko, cryptocompare, details_reference) VALUES("_ceth_0x24EC2Ca132abf8F6f8a6E24A1B97943e31f256a7", "C", "dotmoovs", "MOOV", 1621079763, NULL, "dotmoovs", "MOOV", "0x24EC2Ca132abf8F6f8a6E24A1B97943e31f256a7");
*
INSERT INTO assets(identifier, type, name, symbol, started, swapped_for, coingecko, cryptocompare, details_reference) VALUES("REV3L", "S", "REV3AL", "REV3L", 1653992503, NULL, "rev3al", "", "REV3L"); INSERT INTO common_asset_details(asset_id, forked) VALUES("REV3L", NULL);
*
INSERT INTO ethereum_tokens(address, decimals, protocol) VALUES("0x9c354503C38481a7A7a51629142963F98eCC12D0", 18, NULL); INSERT INTO assets(identifier, type, name, symbol, started, swapped_for, coingecko, cryptocompare, details_reference) VALUES("_ceth_0x9c354503C38481a7A7a51629142963F98eCC12D0", "C", "Origin Dollar Governance", "OGV", 1647993743, NULL, "origin-dollar-governance", "", "0x9c354503C38481a7A7a51629142963F98eCC12D0");
*
INSERT INTO ethereum_tokens(address, decimals, protocol) VALUES("0x4e4a47cAC6A28A62dcC20990ed2cdA9BC659469F", 18, NULL); INSERT INTO assets(identifier, type, name, symbol, started, swapped_for, coingecko, cryptocompare, details_reference) VALUES("_ceth_0x4e4a47cAC6A28A62dcC20990ed2cdA9BC659469F", "C", "ShitCoin", "SHIT", 1654356758, NULL, "i-will-poop-it-nft", "SHIT", "0x4e4a47cAC6A28A62dcC20990ed2cdA9BC659469F");
*
INSERT INTO ethereum_tokens(address, decimals, protocol) VALUES("0x4B5f49487ea7B3609b1aD05459BE420548789f1f", 18, NULL); INSERT INTO assets(identifier, type, name, symbol, started, swapped_for, coingecko, cryptocompare, details_reference) VALUES("_ceth_0x4B5f49487ea7B3609b1aD05459BE420548789f1f", "C", "Lever", "LEVER", 1651479075, NULL, "lever", "", "0x4B5f49487ea7B3609b1aD05459BE420548789f1f");
*
INSERT INTO assets(identifier, type, name, symbol, started, swapped_for, coingecko, cryptocompare, details_reference) VALUES("OP", "W", "Optimism", "OP", 1650979836, NULL, "optimism", "OP", "OP"); INSERT INTO common_asset_details(asset_id, forked) VALUES("OP", NULL);
*
INSERT INTO assets(identifier, type, name, symbol, started, swapped_for, coingecko, cryptocompare, details_reference) VALUES("LUNA-3", "B", "Terra", "LUNA", 1653739398, NULL, "terra-luna-2", "LUNA", "LUNA-3"); INSERT INTO common_asset_details(asset_id, forked) VALUES("LUNA-3", NULL);
*
UPDATE assets SET name="Terra Luna Classic", symbol="LUNC", cryptocompare="LUNC"  where identifier="LUNA-2";
INSERT INTO assets(identifier, type, name, symbol, started, swapped_for, coingecko, cryptocompare, details_reference) VALUES("LUNA-2", "B", "Terra Luna Classic", "LUNC", 1564103351, NULL, "terra-luna", "LUNC", "LUNA-2"); INSERT INTO common_asset_details(asset_id, forked) VALUES("LUNA-2", NULL);
UPDATE assets SET name="TerraClassicUSD", symbol="USTC", cryptocompare="USTC"  where identifier="UST";
INSERT INTO assets(identifier, type, name, symbol, started, swapped_for, coingecko, cryptocompare, details_reference) VALUES("UST", "B", "TerraClassicUSD", "USTC", 1599350400, NULL, "terrausd", "USTC", "UST"); INSERT INTO common_asset_details(asset_id, forked) VALUES("UST", NULL);
UPDATE assets SET cryptocompare="BOTTO" WHERE identifier="_ceth_0x9DFAD1b7102D46b1b197b90095B5c4E9f5845BBA";
INSERT INTO ethereum_tokens(address, decimals, protocol) VALUES("0x9DFAD1b7102D46b1b197b90095B5c4E9f5845BBA", 18, NULL); INSERT INTO assets(identifier, type, name, symbol, started, swapped_for, coingecko, cryptocompare, details_reference) VALUES("_ceth_0x9DFAD1b7102D46b1b197b90095B5c4E9f5845BBA", "C", "Botto", "BOTTO", 1633601354, NULL, "botto", "BOTTO", "0x9DFAD1b7102D46b1b197b90095B5c4E9f5845BBA");
UPDATE assets SET cryptocompare="SDL" WHERE identifier="_ceth_0xf1Dc500FdE233A4055e25e5BbF516372BC4F6871";
INSERT INTO ethereum_tokens(address, decimals, protocol) VALUES("0xf1Dc500FdE233A4055e25e5BbF516372BC4F6871", 18, NULL); INSERT INTO assets(identifier, type, name, symbol, started, swapped_for, coingecko, cryptocompare, details_reference) VALUES("_ceth_0xf1Dc500FdE233A4055e25e5BbF516372BC4F6871", "C", "Saddle DAO", "SDL", 1637043563, NULL, "saddle-finance", "SDL", "0xf1Dc500FdE233A4055e25e5BbF516372BC4F6871");
UPDATE assets SET cryptocompare="1EARTH" WHERE identifier="_ceth_0x9e04F519b094F5F8210441e285f603f4d2b50084";
INSERT INTO ethereum_tokens(address, decimals, protocol) VALUES("0x9e04F519b094F5F8210441e285f603f4d2b50084", 18, NULL); INSERT INTO assets(identifier, type, name, symbol, started, swapped_for, coingecko, cryptocompare, details_reference) VALUES("_ceth_0x9e04F519b094F5F8210441e285f603f4d2b50084", "C", "EarthFund", "1EARTH", 1636126205, NULL, "earthfund", "1EARTH", "0x9e04F519b094F5F8210441e285f603f4d2b50084");
UPDATE assets SET cryptocompare="BBF" WHERE identifier="_ceth_0xDE075D9ADbD0240b4462F124af926452Ad0BAC91";
INSERT INTO ethereum_tokens(address, decimals, protocol) VALUES("0xDE075D9ADbD0240b4462F124af926452Ad0BAC91", 18, NULL); INSERT INTO assets(identifier, type, name, symbol, started, swapped_for, coingecko, cryptocompare, details_reference) VALUES("_ceth_0xDE075D9ADbD0240b4462F124af926452Ad0BAC91", "C", "Bubblefong", "BBF", 1641798425, NULL, "bubblefong", "BBF", "0xDE075D9ADbD0240b4462F124af926452Ad0BAC91");
UPDATE assets SET cryptocompare="JPEG" WHERE identifier="_ceth_0xE80C0cd204D654CEbe8dd64A4857cAb6Be8345a3";
INSERT INTO ethereum_tokens(address, decimals, protocol) VALUES("0xE80C0cd204D654CEbe8dd64A4857cAb6Be8345a3", 18, NULL); INSERT INTO assets(identifier, type, name, symbol, started, swapped_for, coingecko, cryptocompare, details_reference) VALUES("_ceth_0xE80C0cd204D654CEbe8dd64A4857cAb6Be8345a3", "C", "JPEG’d Governance Token", "JPEG", 1636758505, NULL, "jpeg-d", "", "0xE80C0cd204D654CEbe8dd64A4857cAb6Be8345a3");
UPDATE assets SET cryptocompare="RND" WHERE identifier="_ceth_0x1c7E83f8C581a967940DBfa7984744646AE46b29";
INSERT INTO ethereum_tokens(address, decimals, protocol) VALUES("0x1c7E83f8C581a967940DBfa7984744646AE46b29", 18, NULL); INSERT INTO assets(identifier, type, name, symbol, started, swapped_for, coingecko, cryptocompare, details_reference) VALUES("_ceth_0x1c7E83f8C581a967940DBfa7984744646AE46b29", "C", "random", "RND", 1643171780, NULL, "the-randomdao", "RND", "0x1c7E83f8C581a967940DBfa7984744646AE46b29");
UPDATE assets SET cryptocompare="BABL" WHERE identifier="_ceth_0xF4Dc48D260C93ad6a96c5Ce563E70CA578987c74";
INSERT INTO ethereum_tokens(address, decimals, protocol) VALUES("0xF4Dc48D260C93ad6a96c5Ce563E70CA578987c74", 18, NULL); INSERT INTO assets(identifier, type, name, symbol, started, swapped_for, coingecko, cryptocompare, details_reference) VALUES("_ceth_0xF4Dc48D260C93ad6a96c5Ce563E70CA578987c74", "C", "Babylon.Finance", "BABL", 1626729598, NULL, "babylon-finance", "BABL", "0xF4Dc48D260C93ad6a96c5Ce563E70CA578987c74");
UPDATE assets SET cryptocompare="FPIS" WHERE identifier="_ceth_0xc2544A32872A91F4A553b404C6950e89De901fdb";
INSERT INTO ethereum_tokens(address, decimals, protocol) VALUES("0xc2544A32872A91F4A553b404C6950e89De901fdb", 18, NULL); INSERT INTO assets(identifier, type, name, symbol, started, swapped_for, coingecko, cryptocompare, details_reference) VALUES("_ceth_0xc2544A32872A91F4A553b404C6950e89De901fdb", "C", "Frax Price Index Share", "FPIS", 1648578483, NULL, "frax-price-index-share", "FPIS", "0xc2544A32872A91F4A553b404C6950e89De901fdb");
INSERT INTO assets(identifier, type, name, symbol, started, swapped_for, coingecko, cryptocompare, details_reference) VALUES("AED", "A", "Emirati Dirham", "AED", NULL, NULL, NULL, "", "AED"); INSERT INTO common_asset_details(asset_id, forked) VALUES("AED", NULL);
*
INSERT INTO ethereum_tokens(address, decimals, protocol) VALUES("0xeEd4d7316a04ee59de3d301A384262FFbDbd589a", 18, NULL); INSERT INTO assets(identifier, type, name, symbol, started, swapped_for, coingecko, cryptocompare, details_reference) VALUES("_ceth_0xeEd4d7316a04ee59de3d301A384262FFbDbd589a", "C", "PAGE", "PGX", 1646804608, NULL, "page-network", "", "0xeEd4d7316a04ee59de3d301A384262FFbDbd589a");
*
INSERT INTO ethereum_tokens(address, decimals, protocol) VALUES("0xbb70AdbE39408cB1E5258702ea8ADa7c81165b73", 18, NULL); INSERT INTO assets(identifier, type, name, symbol, started, swapped_for, coingecko, cryptocompare, details_reference) VALUES("_ceth_0xbb70AdbE39408cB1E5258702ea8ADa7c81165b73", "C", "AnteDAO", "ANTE", 1648811141, NULL, "antedao", "", "0xbb70AdbE39408cB1E5258702ea8ADa7c81165b73");
*
INSERT INTO ethereum_tokens(address, decimals, protocol) VALUES("0x29d578CEc46B50Fa5C88a99C6A4B70184C062953", 9, NULL); INSERT INTO assets(identifier, type, name, symbol, started, swapped_for, coingecko, cryptocompare, details_reference) VALUES("_ceth_0x29d578CEc46B50Fa5C88a99C6A4B70184C062953", "C", "Wrapped Ever", "WEVER", 1647189726, NULL, "everscale", "", "0x29d578CEc46B50Fa5C88a99C6A4B70184C062953");
*
INSERT INTO assets(identifier, type, name, symbol, started, swapped_for, coingecko, cryptocompare, details_reference) VALUES("WELL", "W", "Moonwell Artemis", "WELL", 1652303490, NULL, "moonwell-artemis", "", "WELL"); INSERT INTO common_asset_details(asset_id, forked) VALUES("WELL", NULL);
*
INSERT INTO assets(identifier, type, name, symbol, started, swapped_for, coingecko, cryptocompare, details_reference) VALUES("GBPT", "W", "British Pound Sterling Tether", "GBPT", 1657598401, NULL, "british-pound-sterling-tether", "", "GBPT"); INSERT INTO common_asset_details(asset_id, forked) VALUES("GBPT", NULL);
*
INSERT INTO assets(identifier, type, name, symbol, started, swapped_for, coingecko, cryptocompare, details_reference) VALUES("IP3", "Y", "Cripco", "IP3", 1657594998, NULL, "cripco", "", "IP3"); INSERT INTO common_asset_details(asset_id, forked) VALUES("IP3", NULL);
*
INSERT INTO assets(identifier, type, name, symbol, started, swapped_for, coingecko, cryptocompare, details_reference) VALUES("CSPR", "B", "Casper Network", "CSPR", 1620784800, NULL, "casper-network", "CSPR", "CSPR"); INSERT INTO common_asset_details(asset_id, forked) VALUES("CSPR", NULL);
*
INSERT INTO assets(identifier, type, name, symbol, started, swapped_for, coingecko, cryptocompare, details_reference) VALUES("SRBS", "B", "Super Rare Ball Shares", "SRBS", 1654081769, NULL, "super-rare-ball-shares", "", "SRBS"); INSERT INTO common_asset_details(asset_id, forked) VALUES("SRBS", NULL);
*
INSERT INTO assets(identifier, type, name, symbol, started, swapped_for, coingecko, cryptocompare, details_reference) VALUES("NPT", "B", "Neopin", "NPT", 1646010000, NULL, "neopin", "NPT", "NPT"); INSERT INTO common_asset_details(asset_id, forked) VALUES("NPT", NULL);
*
INSERT INTO assets(identifier, type, name, symbol, started, swapped_for, coingecko, cryptocompare, details_reference) VALUES("INTR", "W", "Interlay", "INTR", 1657688550, NULL, "interlay", "", "INTR"); INSERT INTO common_asset_details(asset_id, forked) VALUES("INTR", NULL);
*
UPDATE assets SET coingecko="reef" WHERE identifier="_ceth_0xFE3E6a25e6b192A42a44ecDDCd13796471735ACf";
INSERT INTO ethereum_tokens(address, decimals, protocol) VALUES("0xFE3E6a25e6b192A42a44ecDDCd13796471735ACf", 18, NULL); INSERT INTO assets(identifier, type, name, symbol, started, swapped_for, coingecko, cryptocompare, details_reference) VALUES("_ceth_0xFE3E6a25e6b192A42a44ecDDCd13796471735ACf", "C", "Reef.finance", "REEF", 1607628365, NULL, "reef", "", "0xFE3E6a25e6b192A42a44ecDDCd13796471735ACf");
UPDATE assets SET coingecko="the-virtua-kolect" WHERE identifier="_ceth_0xd084B83C305daFD76AE3E1b4E1F1fe2eCcCb3988";
INSERT INTO ethereum_tokens(address, decimals, protocol) VALUES("0xd084B83C305daFD76AE3E1b4E1F1fe2eCcCb3988", 18, NULL); INSERT INTO assets(identifier, type, name, symbol, started, swapped_for, coingecko, cryptocompare, details_reference) VALUES("_ceth_0xd084B83C305daFD76AE3E1b4E1F1fe2eCcCb3988", "C", "Terra Virtua Kolect", "TVK", 1607372826, NULL, "reef", "", "0xd084B83C305daFD76AE3E1b4E1F1fe2eCcCb3988");
UPDATE assets SET cryptocompare="PRISM"  where identifier="PRISM";
INSERT INTO assets(identifier, type, name, symbol, started, swapped_for, coingecko, cryptocompare, details_reference) VALUES("PRISM", "Y", "Prism", "PRISM", 1640235916, NULL, "prism", "PRISM", "PRISM"); INSERT INTO common_asset_details(asset_id, forked) VALUES("PRISM", NULL);
UPDATE assets SET cryptocompare="SPIRIT"  where identifier="SPIRIT";
INSERT INTO assets(identifier, type, name, symbol, started, swapped_for, coingecko, cryptocompare, details_reference) VALUES("SPIRIT", "W", "SpiritSwap Token", "SPIRIT", 1619273671, NULL, "spiritswap", "SPIRIT", "SPIRIT"); INSERT INTO common_asset_details(asset_id, forked) VALUES("SPIRIT", NULL);
UPDATE assets SET cryptocompare="GEIST"  where identifier="GEIST";
INSERT INTO assets(identifier, type, name, symbol, started, swapped_for, coingecko, cryptocompare, details_reference) VALUES("GEIST", "W", "Geist Finance", "GEIST", 1633483847, NULL, "geist-finance", "GEIST", "GEIST"); INSERT INTO common_asset_details(asset_id, forked) VALUES("GEIST", NULL);
UPDATE assets SET cryptocompare="PLATO"  where identifier="PLATO";
INSERT INTO assets(identifier, type, name, symbol, started, swapped_for, coingecko, cryptocompare, details_reference) VALUES("PLATO", "S", "Plato Game", "PLATO", 1647505158, NULL, "plato-game", "PLATO", "PLATO"); INSERT INTO common_asset_details(asset_id, forked) VALUES("PLATO", NULL);
UPDATE assets SET cryptocompare="HAWK"  where identifier="HAWK";
INSERT INTO assets(identifier, type, name, symbol, started, swapped_for, coingecko, cryptocompare, details_reference) VALUES("HAWK", "Y", "Hawksight", "HAWK", 1650546182, NULL, "hawksight", "HAWK", "HAWK"); INSERT INTO common_asset_details(asset_id, forked) VALUES("HAWK", NULL);
UPDATE assets SET cryptocompare="MV"  where identifier="MV";
INSERT INTO assets(identifier, type, name, symbol, started, swapped_for, coingecko, cryptocompare, details_reference) VALUES("MV", "W", "Metaverse", "MV", 1639119932, NULL, "gensokishis-metaverse", "MV", "MV"); INSERT INTO common_asset_details(asset_id, forked) VALUES("MV", NULL);
UPDATE assets SET cryptocompare="FITFI"  where identifier="FITFI";
INSERT INTO assets(identifier, type, name, symbol, started, swapped_for, coingecko, cryptocompare, details_reference) VALUES("FITFI", "X", "STEP.APP", "FITFI", 1649709154, NULL, "step-app-fitfi", "FITFI", "FITFI"); INSERT INTO common_asset_details(asset_id, forked) VALUES("FITFI", NULL);
UPDATE assets SET cryptocompare="GMM"  where identifier="GMM";
INSERT INTO assets(identifier, type, name, symbol, started, swapped_for, coingecko, cryptocompare, details_reference) VALUES("GMM", "S", "Gamium", "GMM", 1648437422, NULL, "gamium", "GMM", "GMM"); INSERT INTO common_asset_details(asset_id, forked) VALUES("GMM", NULL);
UPDATE assets SET cryptocompare="REI"  where identifier="REI";
INSERT INTO assets(identifier, type, name, symbol, started, swapped_for, coingecko, cryptocompare, details_reference) VALUES("REI", "B", "REI Network", "REI", 1650971081, NULL, "rei-network", "REI", "REI"); INSERT INTO common_asset_details(asset_id, forked) VALUES("REI", NULL);
UPDATE assets SET cryptocompare="USDD"  where identifier="USDD";
INSERT INTO assets(identifier, type, name, symbol, started, swapped_for, coingecko, cryptocompare, details_reference) VALUES("USDD", "P", "USDD", "USDD", 1651464107, NULL, "usdd", "USDD", "USDD"); INSERT INTO common_asset_details(asset_id, forked) VALUES("USDD", NULL);
UPDATE assets SET cryptocompare="EPX"  where identifier="EPX";
INSERT INTO assets(identifier, type, name, symbol, started, swapped_for, coingecko, cryptocompare, details_reference) VALUES("EPX", "S", "Ellipsis X", "EPX", 1648669404, NULL, "ellipsis-x", "EPX", "EPX"); INSERT INTO common_asset_details(asset_id, forked) VALUES("EPX", NULL);
UPDATE assets SET cryptocompare="IHC"  where identifier="IHC";
INSERT INTO assets(identifier, type, name, symbol, started, swapped_for, coingecko, cryptocompare, details_reference) VALUES("IHC", "S", "Inflation Hedging Coin", "IHC", 1631195199, NULL, "inflation-hedging-coin", "IHC", "IHC"); INSERT INTO common_asset_details(asset_id, forked) VALUES("IHC", NULL);
INSERT INTO assets(identifier, type, name, symbol, started, swapped_for, coingecko, cryptocompare, details_reference) VALUES("TEER", "W", "Integritee", "TEER", 1638320400, NULL, "integritee", "", "TEER"); INSERT INTO common_asset_details(asset_id, forked) VALUES("TEER", NULL);
*
INSERT INTO assets(identifier, type, name, symbol, started, swapped_for, coingecko, cryptocompare, details_reference) VALUES("CSC", "W", "Casinocoin", "CSC", 1516150800, NULL, "casinocoin", "CSC", "CSC"); INSERT INTO common_asset_details(asset_id, forked) VALUES("CSC", NULL);
*
INSERT INTO assets(identifier, type, name, symbol, started, swapped_for, coingecko, cryptocompare, details_reference) VALUES("KUB", "B", "Bitkub Coin", "KUB", 1621821600, NULL, "bitkub-coin", "KUB", "KUB"); INSERT INTO common_asset_details(asset_id, forked) VALUES("KUB", NULL);
*
INSERT INTO assets(identifier, type, name, symbol, started, swapped_for, coingecko, cryptocompare, details_reference) VALUES("USDH", "Y", "USDH", "USDH", 1644022800, NULL, "usdh", "USDH", "USDH"); INSERT INTO common_asset_details(asset_id, forked) VALUES("USDH", NULL);
*
INSERT INTO assets(identifier, type, name, symbol, started, swapped_for, coingecko, cryptocompare, details_reference) VALUES("WLKN", "Y", "Walken", "WLKN", 1657810920, NULL, "walken", "", "WLKN"); INSERT INTO common_asset_details(asset_id, forked) VALUES("WLKN", NULL);
*
INSERT INTO assets(identifier, type, name, symbol, started, swapped_for, coingecko, cryptocompare, details_reference) VALUES("FB", "B", "Fibitpro Exchange", "FB", 1652094233, NULL, "fibitpro-exchange", "", "FB"); INSERT INTO common_asset_details(asset_id, forked) VALUES("FB", NULL);
*