INSERT INTO ethereum_tokens(address, decimals, protocol) VALUES("0x5Cf04716BA20127F1E2297AdDCf4B5035000c9eb", 18, NULL); INSERT INTO assets(identifier, type, name, symbol, started, swapped_for, coingecko, cryptocompare, details_reference) VALUES("_ceth_0x5Cf04716BA20127F1E2297AdDCf4B5035000c9eb", "C", "NKN", "NKN", 1546084520, NULL, "nkn", "NKN", "0x5Cf04716BA20127F1E2297AdDCf4B5035000c9eb");
*
INSERT INTO ethereum_tokens(address, decimals, protocol) VALUES("0xEcd5e75AFb02eFa118AF914515D6521aaBd189F1", 18, "curve_lp"); INSERT INTO assets(identifier, type, name, symbol, started, swapped_for, coingecko, cryptocompare, details_reference) VALUES("_ceth_0xEcd5e75AFb02eFa118AF914515D6521aaBd189F1", "C", "Curve.fi Factory USD Metapool: TrueUSD", "TUSD3CRV-f", 1615328764, NULL, "", "", "0xEcd5e75AFb02eFa118AF914515D6521aaBd189F1");
*
INSERT INTO ethereum_tokens(address, decimals, protocol) VALUES("0xEd279fDD11cA84bEef15AF5D39BB4d4bEE23F0cA", 18, "curve_lp"); INSERT INTO assets(identifier, type, name, symbol, started, swapped_for, coingecko, cryptocompare, details_reference) VALUES("_ceth_0xEd279fDD11cA84bEef15AF5D39BB4d4bEE23F0cA", "C", "Curve.fi Factory USD Metapool: Liquity", "LUSD3CRV-f", 1617695155, NULL, "", "", "0xEd279fDD11cA84bEef15AF5D39BB4d4bEE23F0cA");
*
INSERT INTO ethereum_tokens(address, decimals, protocol) VALUES("0xd632f22692FaC7611d2AA1C0D552930D43CAEd3B", 18, "curve_lp"); INSERT INTO assets(identifier, type, name, symbol, started, swapped_for, coingecko, cryptocompare, details_reference) VALUES("_ceth_0xd632f22692FaC7611d2AA1C0D552930D43CAEd3B", "C", "Curve.fi Factory USD Metapool: Frax", "FRAX3CRV-f", 1614820439, NULL, "", "", "0xd632f22692FaC7611d2AA1C0D552930D43CAEd3B");
*
INSERT INTO ethereum_tokens(address, decimals, protocol) VALUES("0x4807862AA8b2bF68830e4C8dc86D0e9A998e085a", 18, "curve_lp"); INSERT INTO assets(identifier, type, name, symbol, started, swapped_for, coingecko, cryptocompare, details_reference) VALUES("_ceth_0x4807862AA8b2bF68830e4C8dc86D0e9A998e085a", "C", "Curve.fi Factory USD Metapool: Binance USD", "BUSD3CRV-f", 1618396685, NULL, "", "", "0x4807862AA8b2bF68830e4C8dc86D0e9A998e085a");
*
INSERT INTO ethereum_tokens(address, decimals, protocol) VALUES("0x53a901d48795C58f485cBB38df08FA96a24669D5", 18, "curve_lp"); INSERT INTO assets(identifier, type, name, symbol, started, swapped_for, coingecko, cryptocompare, details_reference) VALUES("_ceth_0x53a901d48795C58f485cBB38df08FA96a24669D5", "C", "Curve.fi ETH/rETH", "rCRV", 1621410658, NULL, "", "", "0x53a901d48795C58f485cBB38df08FA96a24669D5");
*
INSERT INTO ethereum_tokens(address, decimals, protocol) VALUES("0x43b4FdFD4Ff969587185cDB6f0BD875c5Fc83f8c", 18, "curve_lp"); INSERT INTO assets(identifier, type, name, symbol, started, swapped_for, coingecko, cryptocompare, details_reference) VALUES("_ceth_0x43b4FdFD4Ff969587185cDB6f0BD875c5Fc83f8c", "C", "Curve.fi Factory USD Metapool: Alchemix USD", "alUSD3CRV-f", 1614641897, NULL, "", "", "0x43b4FdFD4Ff969587185cDB6f0BD875c5Fc83f8c");
*
INSERT INTO ethereum_tokens(address, decimals, protocol) VALUES("0xcA3d75aC011BF5aD07a98d02f18225F9bD9A6BDF", 18, "curve_lp"); INSERT INTO assets(identifier, type, name, symbol, started, swapped_for, coingecko, cryptocompare, details_reference) VALUES("_ceth_0xcA3d75aC011BF5aD07a98d02f18225F9bD9A6BDF", "C", "Curve.fi USD-BTC-ETH", "crvTricrypto", 1622187277, NULL, "", "", "0xcA3d75aC011BF5aD07a98d02f18225F9bD9A6BDF");
*
INSERT INTO ethereum_tokens(address, decimals, protocol) VALUES("0xc4AD29ba4B3c580e6D59105FFf484999997675Ff", 18, "curve_lp"); INSERT INTO assets(identifier, type, name, symbol, started, swapped_for, coingecko, cryptocompare, details_reference) VALUES("_ceth_0xc4AD29ba4B3c580e6D59105FFf484999997675Ff", "C", "Curve.fi USD-BTC-ETH", "crv3crypto", 1626210526, NULL, "", "", "0xc4AD29ba4B3c580e6D59105FFf484999997675Ff");
*
INSERT INTO ethereum_tokens(address, decimals, protocol) VALUES("0xFD5dB7463a3aB53fD211b4af195c5BCCC1A03890", 18, "curve_lp"); INSERT INTO assets(identifier, type, name, symbol, started, swapped_for, coingecko, cryptocompare, details_reference) VALUES("_ceth_0xFD5dB7463a3aB53fD211b4af195c5BCCC1A03890", "C", "Curve.fi Factory Plain Pool: Euro Tether", "EURT-f", 1627479017, NULL, "", "", "0xFD5dB7463a3aB53fD211b4af195c5BCCC1A03890");
*
INSERT INTO ethereum_tokens(address, decimals, protocol) VALUES("0x0275E1001e293C46CFe158B3702AADe0B99f88a5", 18, NULL); INSERT INTO assets(identifier, type, name, symbol, started, swapped_for, coingecko, cryptocompare, details_reference) VALUES("_ceth_0x0275E1001e293C46CFe158B3702AADe0B99f88a5", "C", "Oiler", "OIL", 1620120067, NULL, "oiler", "OIL", "0x0275E1001e293C46CFe158B3702AADe0B99f88a5");
*
INSERT INTO ethereum_tokens(address, decimals, protocol) VALUES("0x2147935D9739da4E691b8Ae2e1437492A394eBf5", 18, "yearn_vaults_v2"); INSERT INTO assets(identifier, type, name, symbol, started, swapped_for, coingecko, cryptocompare, details_reference) VALUES("_ceth_0x2147935D9739da4E691b8Ae2e1437492A394eBf5", "C", "WETH ubiVault", "ubiWETH", 1624824608, NULL, "", "", "0x2147935D9739da4E691b8Ae2e1437492A394eBf5");
*
INSERT INTO ethereum_tokens(address, decimals, protocol) VALUES("0x3D980E50508CFd41a13837A60149927a11c03731", 18, "yearn_vaults_v2"); INSERT INTO assets(identifier, type, name, symbol, started, swapped_for, coingecko, cryptocompare, details_reference) VALUES("_ceth_0x3D980E50508CFd41a13837A60149927a11c03731", "C", "Curve triCrypto Pool yVault", "yvCurve-triCrypto", 1623893787, NULL, "", "", "0x3D980E50508CFd41a13837A60149927a11c03731");
*
INSERT INTO ethereum_tokens(address, decimals, protocol) VALUES("0x4962B6C40B5E9433E029c5c423F6b1ce7fF28b0f", 18, "yearn_vaults_v2"); INSERT INTO assets(identifier, type, name, symbol, started, swapped_for, coingecko, cryptocompare, details_reference) VALUES("_ceth_0x4962B6C40B5E9433E029c5c423F6b1ce7fF28b0f", "C", "sUSD yVault", "yvsUSD", 1624566171, NULL, "", "", "0x4962B6C40B5E9433E029c5c423F6b1ce7fF28b0f");
*
INSERT INTO ethereum_tokens(address, decimals, protocol) VALUES("0x497590d2d57f05cf8B42A36062fA53eBAe283498", 18, "yearn_vaults_v2"); INSERT INTO assets(identifier, type, name, symbol, started, swapped_for, coingecko, cryptocompare, details_reference) VALUES("_ceth_0x497590d2d57f05cf8B42A36062fA53eBAe283498", "C", "SUSHI yVault", "yvSUSHI", 1625176662, NULL, "", "", "0x497590d2d57f05cf8B42A36062fA53eBAe283498");
*
INSERT INTO ethereum_tokens(address, decimals, protocol) VALUES("0x4A3FE75762017DB0eD73a71C9A06db7768DB5e66", 18, "yearn_vaults_v2"); INSERT INTO assets(identifier, type, name, symbol, started, swapped_for, coingecko, cryptocompare, details_reference) VALUES("_ceth_0x4A3FE75762017DB0eD73a71C9A06db7768DB5e66", "C", "COMP yVault", "yvCOMP", 1627095384, NULL, "", "", "0x4A3FE75762017DB0eD73a71C9A06db7768DB5e66");
*
INSERT INTO ethereum_tokens(address, decimals, protocol) VALUES("0x5fA5B62c8AF877CB37031e0a3B2f34A78e3C56A6", 18, "yearn_vaults_v2"); INSERT INTO assets(identifier, type, name, symbol, started, swapped_for, coingecko, cryptocompare, details_reference) VALUES("_ceth_0x5fA5B62c8AF877CB37031e0a3B2f34A78e3C56A6", "C", "Curve LUSD Pool yVault", "yvCurve-LUSD", 1619011533, NULL, "", "", "0x5fA5B62c8AF877CB37031e0a3B2f34A78e3C56A6");
*
INSERT INTO ethereum_tokens(address, decimals, protocol) VALUES("0x63739d137EEfAB1001245A8Bd1F3895ef3e186E7", 18, "yearn_vaults_v2"); INSERT INTO assets(identifier, type, name, symbol, started, swapped_for, coingecko, cryptocompare, details_reference) VALUES("_ceth_0x63739d137EEfAB1001245A8Bd1F3895ef3e186E7", "C", "DAI yVault", "yvDAI", 1624457574, NULL, "", "", "0x63739d137EEfAB1001245A8Bd1F3895ef3e186E7");
*
INSERT INTO ethereum_tokens(address, decimals, protocol) VALUES("0x6d765CbE5bC922694afE112C140b8878b9FB0390", 18, "yearn_vaults_v2"); INSERT INTO assets(identifier, type, name, symbol, started, swapped_for, coingecko, cryptocompare, details_reference) VALUES("_ceth_0x6d765CbE5bC922694afE112C140b8878b9FB0390", "C", "SUSHI yVault", "yvSUSHI", 1626832266, NULL, "", "", "0x6d765CbE5bC922694afE112C140b8878b9FB0390");
*
INSERT INTO ethereum_tokens(address, decimals, protocol) VALUES("0x6Ede7F19df5df6EF23bD5B9CeDb651580Bdf56Ca", 18, "yearn_vaults_v2"); INSERT INTO assets(identifier, type, name, symbol, started, swapped_for, coingecko, cryptocompare, details_reference) VALUES("_ceth_0x6Ede7F19df5df6EF23bD5B9CeDb651580Bdf56Ca", "C", "Curve BUSD Pool yVault", "yvCurve-BUSD", 1619012496, NULL, "", "", "0x6Ede7F19df5df6EF23bD5B9CeDb651580Bdf56Ca");
*
INSERT INTO ethereum_tokens(address, decimals, protocol) VALUES("0x8472E9914C0813C4b465927f82E213EA34839173", 18, "yearn_vaults_v2"); INSERT INTO assets(identifier, type, name, symbol, started, swapped_for, coingecko, cryptocompare, details_reference) VALUES("_ceth_0x8472E9914C0813C4b465927f82E213EA34839173", "C", "sBTC yVault", "yvsBTC", 1628766247, NULL, "", "", "0x8472E9914C0813C4b465927f82E213EA34839173");
*
INSERT INTO ethereum_tokens(address, decimals, protocol) VALUES("0xa442BEB83baBC33D93c8Bec471070Ce59b88fb7d", 18, "yearn_vaults_v2"); INSERT INTO assets(identifier, type, name, symbol, started, swapped_for, coingecko, cryptocompare, details_reference) VALUES("_ceth_0xa442BEB83baBC33D93c8Bec471070Ce59b88fb7d", "C", "WETH yVault", "yvWETH", 1625836795, NULL, "", "", "0xa442BEB83baBC33D93c8Bec471070Ce59b88fb7d");
*
INSERT INTO ethereum_tokens(address, decimals, protocol) VALUES("0xA74d4B67b3368E83797a35382AFB776bAAE4F5C8", 18, "yearn_vaults_v2"); INSERT INTO assets(identifier, type, name, symbol, started, swapped_for, coingecko, cryptocompare, details_reference) VALUES("_ceth_0xA74d4B67b3368E83797a35382AFB776bAAE4F5C8", "C", "Curve alUSD Pool yVault", "yvCurve-alUSD", 1621694468, NULL, "", "", "0xA74d4B67b3368E83797a35382AFB776bAAE4F5C8");
*
INSERT INTO ethereum_tokens(address, decimals, protocol) VALUES("0xB4AdA607B9d6b2c9Ee07A275e9616B84AC560139", 18, "yearn_vaults_v2"); INSERT INTO assets(identifier, type, name, symbol, started, swapped_for, coingecko, cryptocompare, details_reference) VALUES("_ceth_0xB4AdA607B9d6b2c9Ee07A275e9616B84AC560139", "C", "Curve FRAX Pool yVault", "yvCurve-FRAX", 1619010482, NULL, "", "", "0xB4AdA607B9d6b2c9Ee07A275e9616B84AC560139");
*
INSERT INTO ethereum_tokens(address, decimals, protocol) VALUES("0xbD65955F752B2eF093B34B05e5FFb439AE8e5049", 18, "yearn_vaults_v2"); INSERT INTO assets(identifier, type, name, symbol, started, swapped_for, coingecko, cryptocompare, details_reference) VALUES("_ceth_0xbD65955F752B2eF093B34B05e5FFb439AE8e5049", "C", "COMP yVault", "yvCOMP", 1625337003, NULL, "", "", "0xbD65955F752B2eF093B34B05e5FFb439AE8e5049");
*
INSERT INTO ethereum_tokens(address, decimals, protocol) VALUES("0xBfedbcbe27171C418CDabC2477042554b1904857", 18, "yearn_vaults_v2"); INSERT INTO assets(identifier, type, name, symbol, started, swapped_for, coingecko, cryptocompare, details_reference) VALUES("_ceth_0xBfedbcbe27171C418CDabC2477042554b1904857", "C", "Curve rETH Pool yVault", "yvCurve-rETH", 1621694504, NULL, "", "", "0xBfedbcbe27171C418CDabC2477042554b1904857");
*
INSERT INTO ethereum_tokens(address, decimals, protocol) VALUES("0xC116dF49c02c5fD147DE25Baa105322ebF26Bd97", 18, "yearn_vaults_v2"); INSERT INTO assets(identifier, type, name, symbol, started, swapped_for, coingecko, cryptocompare, details_reference) VALUES("_ceth_0xC116dF49c02c5fD147DE25Baa105322ebF26Bd97", "C", "Curve RSV Pool yVault", "yvCurve-RSV", 1624548021, NULL, "", "", "0xC116dF49c02c5fD147DE25Baa105322ebF26Bd97");
*
INSERT INTO ethereum_tokens(address, decimals, protocol) VALUES("0xdA816459F1AB5631232FE5e97a05BBBb94970c95", 18, "yearn_vaults_v2"); INSERT INTO assets(identifier, type, name, symbol, started, swapped_for, coingecko, cryptocompare, details_reference) VALUES("_ceth_0xdA816459F1AB5631232FE5e97a05BBBb94970c95", "C", "DAI yVault ", "yvDAI", 1625883889, NULL, "", "", "0xdA816459F1AB5631232FE5e97a05BBBb94970c95");
*
UPDATE ethereum_tokens SET decimals=18 where address="0x3C6ff50c9Ec362efa359317009428d52115fe643";
INSERT INTO ethereum_tokens(address, decimals, protocol) VALUES("0x3C6ff50c9Ec362efa359317009428d52115fe643", 18, NULL); INSERT INTO assets(identifier, type, name, symbol, started, swapped_for, coingecko, cryptocompare, details_reference) VALUES("_ceth_0x3C6ff50c9Ec362efa359317009428d52115fe643", "C", "PeerEx Network", "PERX", 1596548338, NULL, "peerex-network", "", "0x3C6ff50c9Ec362efa359317009428d52115fe643");
INSERT INTO ethereum_tokens(address, decimals, protocol) VALUES("0xc221b7E65FfC80DE234bbB6667aBDd46593D34F0", 18, NULL); INSERT INTO assets(identifier, type, name, symbol, started, swapped_for, coingecko, cryptocompare, details_reference) VALUES("_ceth_0xc221b7E65FfC80DE234bbB6667aBDd46593D34F0", "C", "Wrapped Centrifuge", "wCFG", 1621897556, NULL, "wrapped-centrifuge", "WCFG", "0xc221b7E65FfC80DE234bbB6667aBDd46593D34F0");
*
INSERT INTO ethereum_tokens(address, decimals, protocol) VALUES("0xBB0E17EF65F82Ab018d8EDd776e8DD940327B28b", 18, NULL); INSERT INTO assets(identifier, type, name, symbol, started, swapped_for, coingecko, cryptocompare, details_reference) VALUES("_ceth_0xBB0E17EF65F82Ab018d8EDd776e8DD940327B28b", "C", "Axie Infinity Shard", "AXS", 1619421369, NULL, "axie-infinity", "AXS", "0xBB0E17EF65F82Ab018d8EDd776e8DD940327B28b");
*
UPDATE assets SET swapped_for="_ceth_0xBB0E17EF65F82Ab018d8EDd776e8DD940327B28b" WHERE identifier="_ceth_0xF5D669627376EBd411E34b98F19C868c8ABA5ADA";/*Introduce AXS Migration*/ 
INSERT INTO ethereum_tokens(address, decimals, protocol) VALUES("0xF5D669627376EBd411E34b98F19C868c8ABA5ADA", 18, NULL); INSERT INTO assets(identifier, type, name, symbol, started, swapped_for, coingecko, cryptocompare, details_reference) VALUES("_ceth_0xF5D669627376EBd411E34b98F19C868c8ABA5ADA", "C", "Axie Infinity Shard", "AXS", 1603773926, "_ceth_0xBB0E17EF65F82Ab018d8EDd776e8DD940327B28b", "axie-infinity", "AXS", "0xBB0E17EF65F82Ab018d8EDd776e8DD940327B28b");
INSERT INTO ethereum_tokens(address, decimals, protocol) VALUES("0x23B608675a2B2fB1890d3ABBd85c5775c51691d5", 18, NULL); INSERT INTO assets(identifier, type, name, symbol, started, swapped_for, coingecko, cryptocompare, details_reference) VALUES("_ceth_0x23B608675a2B2fB1890d3ABBd85c5775c51691d5", "C", "Unisocks Edition 0", "SOCKS", 1557353676, NULL, "unisocks", "SOCKS", "0x23B608675a2B2fB1890d3ABBd85c5775c51691d5");
*
INSERT INTO ethereum_tokens(address, decimals, protocol) VALUES("0xf1a91C7d44768070F711c68f33A7CA25c8D30268", 18, NULL); INSERT INTO assets(identifier, type, name, symbol, started, swapped_for, coingecko, cryptocompare, details_reference) VALUES("_ceth_0xf1a91C7d44768070F711c68f33A7CA25c8D30268", "C", "CHARLI3", "C3", 1619186320, NULL, "charli3", "C3", "0xf1a91C7d44768070F711c68f33A7CA25c8D30268");
*
INSERT INTO ethereum_tokens(address, decimals, protocol) VALUES("0x3d6F0DEa3AC3C607B3998e6Ce14b6350721752d9", 18, NULL); INSERT INTO assets(identifier, type, name, symbol, started, swapped_for, coingecko, cryptocompare, details_reference) VALUES("_ceth_0x3d6F0DEa3AC3C607B3998e6Ce14b6350721752d9", "C", "CARD.STARTER", "CARDS", 1616751901, NULL, "cardstarter", "CARDS", "0x3d6F0DEa3AC3C607B3998e6Ce14b6350721752d9");
*
INSERT INTO ethereum_tokens(address, decimals, protocol) VALUES("0x50f09629d0afDF40398a3F317cc676cA9132055c", 8, NULL); INSERT INTO assets(identifier, type, name, symbol, started, swapped_for, coingecko, cryptocompare, details_reference) VALUES("_ceth_0x50f09629d0afDF40398a3F317cc676cA9132055c", "C", "EVAI.IO", "EVAI", 1618938088, NULL, "evai", "", "0x50f09629d0afDF40398a3F317cc676cA9132055c");
*
INSERT INTO ethereum_tokens(address, decimals, protocol) VALUES("0x0e2ef8AeCB3c01Ad5D596f1B67134e178199984D", 18, NULL); INSERT INTO assets(identifier, type, name, symbol, started, swapped_for, coingecko, cryptocompare, details_reference) VALUES("_ceth_0x0e2ef8AeCB3c01Ad5D596f1B67134e178199984D", "C", "LandBox", "LAND", 1616550775, NULL, "new-landbox", "LAND", "0x0e2ef8AeCB3c01Ad5D596f1B67134e178199984D");
*
INSERT INTO ethereum_tokens(address, decimals, protocol) VALUES("0xA9598333B99d14D90Bc81CAd8Af82C4C70625e75", 18, NULL); INSERT INTO assets(identifier, type, name, symbol, started, swapped_for, coingecko, cryptocompare, details_reference) VALUES("_ceth_0xA9598333B99d14D90Bc81CAd8Af82C4C70625e75", "C", "Metis", "MTS", 1600651412, NULL, "metis", "MTS", "0xA9598333B99d14D90Bc81CAd8Af82C4C70625e75");
*
INSERT INTO ethereum_tokens(address, decimals, protocol) VALUES("0xE38B72d6595FD3885d1D2F770aa23E94757F91a1", 8, NULL); INSERT INTO assets(identifier, type, name, symbol, started, swapped_for, coingecko, cryptocompare, details_reference) VALUES("_ceth_0xE38B72d6595FD3885d1D2F770aa23E94757F91a1", "C", "TecraCoin", "TCR", 1618317255, NULL, "tecracoin", "TCR", "0xE38B72d6595FD3885d1D2F770aa23E94757F91a1");
*
INSERT INTO ethereum_tokens(address, decimals, protocol) VALUES("0xd2877702675e6cEb975b4A1dFf9fb7BAF4C91ea9", 18, NULL); INSERT INTO assets(identifier, type, name, symbol, started, swapped_for, coingecko, cryptocompare, details_reference) VALUES("_ceth_0xd2877702675e6cEb975b4A1dFf9fb7BAF4C91ea9", "C", "Wrapped LUNA Token", "LUNA", 1606542524, NULL, "wrapped-terra", "WLUNA", "0xd2877702675e6cEb975b4A1dFf9fb7BAF4C91ea9");
*
INSERT INTO ethereum_tokens(address, decimals, protocol) VALUES("0xd1ba9BAC957322D6e8c07a160a3A8dA11A0d2867", 18, NULL); INSERT INTO assets(identifier, type, name, symbol, started, swapped_for, coingecko, cryptocompare, details_reference) VALUES("_ceth_0xd1ba9BAC957322D6e8c07a160a3A8dA11A0d2867", "C", "Human Token", "HMT", 1617690146, NULL, "human-protocol", "HMT", "0xd1ba9BAC957322D6e8c07a160a3A8dA11A0d2867");
*
INSERT INTO ethereum_tokens(address, decimals, protocol) VALUES("0x15D4c048F83bd7e37d49eA4C83a07267Ec4203dA", 8, NULL); INSERT INTO assets(identifier, type, name, symbol, started, swapped_for, coingecko, cryptocompare, details_reference) VALUES("_ceth_0x15D4c048F83bd7e37d49eA4C83a07267Ec4203dA", "C", "Gala", "GALA", 1599673371, NULL, "gala", "GALA", "0x15D4c048F83bd7e37d49eA4C83a07267Ec4203dA");
*
INSERT INTO ethereum_tokens(address, decimals, protocol) VALUES("0xA01199c61841Fce3b3daFB83FeFC1899715c8756", 18, NULL); INSERT INTO assets(identifier, type, name, symbol, started, swapped_for, coingecko, cryptocompare, details_reference) VALUES("_ceth_0xA01199c61841Fce3b3daFB83FeFC1899715c8756", "C", "Cirus", "CIRUS", 1620316424, NULL, "cirus", "CIRUS", "0xA01199c61841Fce3b3daFB83FeFC1899715c8756");
*
INSERT INTO ethereum_tokens(address, decimals, protocol) VALUES("0x4463e6A3dEd0dBE3F6e15bC8420dFc55e5FeA830", 18, NULL); INSERT INTO assets(identifier, type, name, symbol, started, swapped_for, coingecko, cryptocompare, details_reference) VALUES("_ceth_0x4463e6A3dEd0dBE3F6e15bC8420dFc55e5FeA830", "C", "TXA", "TXA", 1621494061, NULL, "txa", "TXA", "0x4463e6A3dEd0dBE3F6e15bC8420dFc55e5FeA830");
*
INSERT INTO ethereum_tokens(address, decimals, protocol) VALUES("0xCd2828fc4D8E8a0eDe91bB38CF64B1a81De65Bf6", 18, NULL); INSERT INTO assets(identifier, type, name, symbol, started, swapped_for, coingecko, cryptocompare, details_reference) VALUES("_ceth_0xCd2828fc4D8E8a0eDe91bB38CF64B1a81De65Bf6", "C", "OddzToken", "ODDZ", 1615907862, NULL, "oddz", "", "0xCd2828fc4D8E8a0eDe91bB38CF64B1a81De65Bf6");
*
INSERT INTO ethereum_tokens(address, decimals, protocol) VALUES("0x25f8087EAD173b73D6e8B84329989A8eEA16CF73", 18, NULL); INSERT INTO assets(identifier, type, name, symbol, started, swapped_for, coingecko, cryptocompare, details_reference) VALUES("_ceth_0x25f8087EAD173b73D6e8B84329989A8eEA16CF73", "C", "Yield Guild Games Token", "YGG", 1627299017, NULL, "yield-guild-games", "YGG", "0x25f8087EAD173b73D6e8B84329989A8eEA16CF73");
*
INSERT INTO assets(identifier, type, name, symbol, started, swapped_for, coingecko, cryptocompare, details_reference) VALUES("MBOX", "S", "Mobox", "MBOX", 1617348424, NULL, "mobox", "MBOX", "MBOX"); INSERT INTO common_asset_details(asset_id, forked) VALUES("MBOX", NULL);
*
INSERT INTO assets(identifier, type, name, symbol, started, swapped_for, coingecko, cryptocompare, details_reference) VALUES("XEC", "B", "eCash", "XEC", 1625230984, NULL, "ecash", "XEC", "XEC"); INSERT INTO common_asset_details(asset_id, forked) VALUES("XEC", "BCHA");
*
INSERT INTO assets(identifier, type, name, symbol, started, swapped_for, coingecko, cryptocompare, details_reference) VALUES("MNGO", "Y", "Mango", "MNGO", 1628748149, NULL, "mango-markets", "", "MNGO"); INSERT INTO common_asset_details(asset_id, forked) VALUES("MNGO", NULL);
*
INSERT INTO ethereum_tokens(address, decimals, protocol) VALUES("0xD7EFB00d12C2c13131FD319336Fdf952525dA2af", 4, NULL); INSERT INTO assets(identifier, type, name, symbol, started, swapped_for, coingecko, cryptocompare, details_reference) VALUES("_ceth_0xD7EFB00d12C2c13131FD319336Fdf952525dA2af", "C", "Proton", "XPR", 1584579718, NULL, "proton", "XPR", "0xD7EFB00d12C2c13131FD319336Fdf952525dA2af");
*
INSERT INTO assets(identifier, type, name, symbol, started, swapped_for, coingecko, cryptocompare, details_reference) VALUES("RD", "S", "RocketDoge", "RD", 1622118851, NULL, "rocketdoge", "RD", "RD"); INSERT INTO common_asset_details(asset_id, forked) VALUES("RD", NULL);
*
INSERT INTO ethereum_tokens(address, decimals, protocol) VALUES("0xD85AD783cc94bd04196a13DC042A3054a9B52210", 18, NULL); INSERT INTO assets(identifier, type, name, symbol, started, swapped_for, coingecko, cryptocompare, details_reference) VALUES("_ceth_0xD85AD783cc94bd04196a13DC042A3054a9B52210", "C", "TribeOne", "HAKA", 1623940383, NULL, "tribeone", "HAKA", "0xD85AD783cc94bd04196a13DC042A3054a9B52210");
*
INSERT INTO assets(identifier, type, name, symbol, started, swapped_for, coingecko, cryptocompare, details_reference) VALUES("QI", "X", "BENQI", "QI", 1629385204, NULL, "benqi", "", "QI"); INSERT INTO common_asset_details(asset_id, forked) VALUES("QI", NULL);
*
INSERT INTO assets(identifier, type, name, symbol, started, swapped_for, coingecko, cryptocompare, details_reference) VALUES("XRD", "B", "Radix", "XRD", 1629739294, NULL, "radix", "EXRD", "XRD"); INSERT INTO common_asset_details(asset_id, forked) VALUES("XRD", NULL);
*
INSERT INTO assets(identifier, type, name, symbol, started, swapped_for, coingecko, cryptocompare, details_reference) VALUES("XCH", "B", "Chia", "XCH", 1620093600, NULL, "chia", "XCH", "XCH"); INSERT INTO common_asset_details(asset_id, forked) VALUES("XCH", NULL);
*
INSERT INTO ethereum_tokens(address, decimals, protocol) VALUES("0x8f693ca8D21b157107184d29D398A8D082b38b76", 18, NULL); INSERT INTO assets(identifier, type, name, symbol, started, swapped_for, coingecko, cryptocompare, details_reference) VALUES("_ceth_0x8f693ca8D21b157107184d29D398A8D082b38b76", "C", "Streamr", "DATA", 1626186711, NULL, "streamr", "DATA", "0x8f693ca8D21b157107184d29D398A8D082b38b76");
*
UPDATE assets SET coingecko="streamr-xdata" where identifier="_ceth_0x0Cf0Ee63788A0849fE5297F3407f701E122cC023"; 
INSERT INTO ethereum_tokens(address, decimals, protocol) VALUES("0x0Cf0Ee63788A0849fE5297F3407f701E122cC023", 18, NULL); INSERT INTO assets(identifier, type, name, symbol, started, swapped_for, coingecko, cryptocompare, details_reference) VALUES("_ceth_0x0Cf0Ee63788A0849fE5297F3407f701E122cC023", "C", "Streamr DATAcoin", "DATA", 1507248000, NULL, "streamr-xdata", "", "0x0Cf0Ee63788A0849fE5297F3407f701E122cC023");
INSERT INTO ethereum_tokens(address, decimals, protocol) VALUES("0xfB7B4564402E5500dB5bB6d63Ae671302777C75a", 18, NULL); INSERT INTO assets(identifier, type, name, symbol, started, swapped_for, coingecko, cryptocompare, details_reference) VALUES("_ceth_0xfB7B4564402E5500dB5bB6d63Ae671302777C75a", "C", "DEXTools", "DEXT", 1625321679, NULL, "dextools", "DEXT", "0xfB7B4564402E5500dB5bB6d63Ae671302777C75a");
*
UPDATE assets SET swapped_for="_ceth_0xfB7B4564402E5500dB5bB6d63Ae671302777C75a", coingecko="dextools", cryptocompare="DEXT" WHERE identifier="_ceth_0x26CE25148832C04f3d7F26F32478a9fe55197166";
INSERT INTO ethereum_tokens(address, decimals, protocol) VALUES("0x26CE25148832C04f3d7F26F32478a9fe55197166", 18, NULL); INSERT INTO assets(identifier, type, name, symbol, started, swapped_for, coingecko, cryptocompare, details_reference) VALUES("_ceth_0x26CE25148832C04f3d7F26F32478a9fe55197166", "C", "DEXTools", "DEXT", 1592511275, NULL, "dextools", "DEXT", "0x26CE25148832C04f3d7F26F32478a9fe55197166");
UPDATE assets SET coingecko="polymath" where identifier="_ceth_0x9992eC3cF6A55b00978cdDF2b27BC6882d88D1eC"; 
INSERT INTO ethereum_tokens(address, decimals, protocol) VALUES("0x9992eC3cF6A55b00978cdDF2b27BC6882d88D1eC", 18, NULL); INSERT INTO assets(identifier, type, name, symbol, started, swapped_for, coingecko, cryptocompare, details_reference) VALUES("_ceth_0x9992eC3cF6A55b00978cdDF2b27BC6882d88D1eC", "C", "Polymath Network", "POLY", 1514160000, NULL, "polymath", "", "0x9992eC3cF6A55b00978cdDF2b27BC6882d88D1eC");
UPDATE assets SET coingecko="woo-network" where identifier="_ceth_0x4691937a7508860F876c9c0a2a617E7d9E945D4B"; 
INSERT INTO ethereum_tokens(address, decimals, protocol) VALUES("0x4691937a7508860F876c9c0a2a617E7d9E945D4B", 18, NULL); INSERT INTO assets(identifier, type, name, symbol, started, swapped_for, coingecko, cryptocompare, details_reference) VALUES("_ceth_0x4691937a7508860F876c9c0a2a617E7d9E945D4B", "C", "Wootrade Network", "WOO", 1602855151, NULL, "woo-network", "", "0x4691937a7508860F876c9c0a2a617E7d9E945D4B");
UPDATE assets SET coingecko="bepro-network" where identifier="_ceth_0xCF3C8Be2e2C42331Da80EF210e9B1b307C03d36A"; 
INSERT INTO ethereum_tokens(address, decimals, protocol) VALUES("0xCF3C8Be2e2C42331Da80EF210e9B1b307C03d36A", 18, NULL); INSERT INTO assets(identifier, type, name, symbol, started, swapped_for, coingecko, cryptocompare, details_reference) VALUES("_ceth_0xCF3C8Be2e2C42331Da80EF210e9B1b307C03d36A", "C", "BetProtocolToken", "BEPRO", 1601288115, NULL, "bepro-network", "", "0xCF3C8Be2e2C42331Da80EF210e9B1b307C03d36A");
UPDATE assets SET coingecko="bepro-network" where identifier="_ceth_0xeb547ed1D8A3Ff1461aBAa7F0022FED4836E00A4"; 
INSERT INTO ethereum_tokens(address, decimals, protocol) VALUES("0xeb547ed1D8A3Ff1461aBAa7F0022FED4836E00A4", 18, NULL); INSERT INTO assets(identifier, type, name, symbol, started, swapped_for, coingecko, cryptocompare, details_reference) VALUES("_ceth_0xeb547ed1D8A3Ff1461aBAa7F0022FED4836E00A4", "C", "Coinvest", "COIN", 1513555200, NULL, "coin", "", "0xeb547ed1D8A3Ff1461aBAa7F0022FED4836E00A4");
UPDATE assets SET cryptocompare="PIPT" where identifier="_ceth_0x26607aC599266b21d13c7aCF7942c7701a8b699c"; 
INSERT INTO ethereum_tokens(address, decimals, protocol) VALUES("0x26607aC599266b21d13c7aCF7942c7701a8b699c", 18, NULL); INSERT INTO assets(identifier, type, name, symbol, started, swapped_for, coingecko, cryptocompare, details_reference) VALUES("_ceth_0x26607aC599266b21d13c7aCF7942c7701a8b699c", "C", "Power Index  Pool Token", "PIPT", 1606768910, NULL, "power-index-pool-token", "PIPT", "0x26607aC599266b21d13c7aCF7942c7701a8b699c");
UPDATE assets SET cryptocompare="BPT" where identifier="_ceth_0x0eC9F76202a7061eB9b3a7D6B59D36215A7e37da"; 
INSERT INTO ethereum_tokens(address, decimals, protocol) VALUES("0x0eC9F76202a7061eB9b3a7D6B59D36215A7e37da", 18, NULL); INSERT INTO assets(identifier, type, name, symbol,started, swapped_for, coingecko, cryptocompare, details_reference) VALUES("_ceth_0x0eC9F76202a7061eB9b3a7D6B59D36215A7e37da", "C", "BlackPool Token", "BPT", 1622152335, NULL, "blackpool-token", "BPT", "0x0eC9F76202a7061eB9b3a7D6B59D36215A7e37da");
UPDATE assets SET cryptocompare="CBANK" where identifier="_ceth_0xA5E412ba6FcA1e07b15dEFcaA4236Ff7B5A7f086"; 
INSERT INTO ethereum_tokens(address, decimals, protocol) VALUES("0xA5E412ba6FcA1e07b15dEFcaA4236Ff7B5A7f086", 18, NULL); INSERT INTO assets(identifier, type, name, symbol,started, swapped_for, coingecko, cryptocompare, details_reference) VALUES("_ceth_0xA5E412ba6FcA1e07b15dEFcaA4236Ff7B5A7f086", "C", "CRYPTO BANK", "CBANK", 1607928344, NULL, "crypto-bank", "", "0xA5E412ba6FcA1e07b15dEFcaA4236Ff7B5A7f086");
INSERT INTO assets(identifier, type, name, symbol, started, swapped_for, coingecko, cryptocompare, details_reference) VALUES("MER-2", "Y", "Mercurial", "MER", 1621548000, NULL, "mercurial", "MER", "MER"); INSERT INTO common_asset_details(asset_id, forked) VALUES("MER", NULL);
*
