INSERT INTO ethereum_tokens(address, decimals, protocol) VALUES("0xD0660cD418a64a1d44E9214ad8e459324D8157f1", 12, NULL); INSERT INTO assets(identifier, type, name, symbol,started, swapped_for, coingecko, cryptocompare, details_reference) VALUES("_ceth_0xD0660cD418a64a1d44E9214ad8e459324D8157f1", "C", "Woofy", "WOOFY", 1620761276, NULL, "woofy", "WOOFY", "0xD0660cD418a64a1d44E9214ad8e459324D8157f1");
*
INSERT INTO assets(identifier, type, name, symbol, started, swapped_for, coingecko, cryptocompare, details_reference) VALUES("ICP", "W", "Internet Computer", "ICP", 1620673391, NULL, "internet-computer", "ICP", "ICP"); INSERT INTO common_asset_details(asset_id, forked) VALUES("ICP", NULL);
*
INSERT INTO assets(identifier, type, name, symbol, started, swapped_for, coingecko, cryptocompare, details_reference) VALUES("BAG", "W", "Baguette", "BAG", 1618757419, NULL, "baguette", "", "BAG"); INSERT INTO common_asset_details(asset_id, forked) VALUES("BAG", NULL);
*
INSERT INTO ethereum_tokens(address, decimals, protocol) VALUES("0x066798d9ef0833ccc719076Dab77199eCbd178b0", 18, NULL); INSERT INTO assets(identifier, type, name, symbol,started, swapped_for, coingecko, cryptocompare, details_reference) VALUES("_ceth_0x066798d9ef0833ccc719076Dab77199eCbd178b0", "C", "SakeToken", "SAKE", 1599552685, NULL, "sake-token", "SAKE", "0x066798d9ef0833ccc719076Dab77199eCbd178b0");
*
INSERT INTO ethereum_tokens(address, decimals, protocol) VALUES("0xC4C2614E694cF534D407Ee49F8E44D125E4681c4", 18, NULL); INSERT INTO assets(identifier, type, name, symbol,started, swapped_for, coingecko, cryptocompare, details_reference) VALUES("_ceth_0xC4C2614E694cF534D407Ee49F8E44D125E4681c4", "C", "Chain Games", "CHAIN", 1597748317, NULL, "chain-games", "CHAIN", "0xC4C2614E694cF534D407Ee49F8E44D125E4681c4");
*
INSERT INTO ethereum_tokens(address, decimals, protocol) VALUES("0x536381a8628dBcC8C70aC9A30A7258442eAb4c92", 8, NULL); INSERT INTO assets(identifier, type, name, symbol,started, swapped_for, coingecko, cryptocompare, details_reference) VALUES("_ceth_0x536381a8628dBcC8C70aC9A30A7258442eAb4c92", "C", "Pantos Token", "PAN", 1538478818, NULL, "pantos", "PAN", "0x536381a8628dBcC8C70aC9A30A7258442eAb4c92");
*
INSERT INTO ethereum_tokens(address, decimals, protocol) VALUES("0xDd1Ad9A21Ce722C151A836373baBe42c868cE9a4", 18, NULL); INSERT INTO assets(identifier, type, name, symbol,started, swapped_for, coingecko, cryptocompare, details_reference) VALUES("_ceth_0xDd1Ad9A21Ce722C151A836373baBe42c868cE9a4", "C", "Universal Basic Income", "UBI", 1615393750, NULL, "universal-basic-income", "UBI", "0xDd1Ad9A21Ce722C151A836373baBe42c868cE9a4");
*
INSERT INTO assets(identifier, type, name, symbol, started, swapped_for, coingecko, cryptocompare, details_reference) VALUES("MHC", "W", "#MetaHash", "MHC", 1550624400, NULL, "metahash", "MHC", "MHC"); INSERT INTO common_asset_details(asset_id, forked) VALUES("MHC", NULL);
*
INSERT INTO ethereum_tokens(address, decimals, protocol) VALUES("0xC477D038d5420C6A9e0b031712f61c5120090de9", 18, NULL); INSERT INTO assets(identifier, type, name, symbol,started, swapped_for, coingecko, cryptocompare, details_reference) VALUES("_ceth_0xC477D038d5420C6A9e0b031712f61c5120090de9", "C", "Boson Token", "BOSON", 1616145920, NULL, "boson-protocol", "BOSON", "0xC477D038d5420C6A9e0b031712f61c5120090de9");
*
INSERT INTO assets(identifier, type, name, symbol, started, swapped_for, coingecko, cryptocompare, details_reference) VALUES("ANC", "W", "Anchor Protocol", "ANC", 1615986013, NULL, "anchor-protocol", "ANC", "ANC"); INSERT INTO common_asset_details(asset_id, forked) VALUES("ANC", NULL);
*
INSERT INTO ethereum_tokens(address, decimals, protocol) VALUES("0xF59ae934f6fe444afC309586cC60a84a0F89Aaea", 18, NULL); INSERT INTO assets(identifier, type, name, symbol,started, swapped_for, coingecko, cryptocompare, details_reference) VALUES("_ceth_0xF59ae934f6fe444afC309586cC60a84a0F89Aaea", "C", "Polkadex", "PDEX", 1618504926, NULL, "polkadex", "PDEX", "0xF59ae934f6fe444afC309586cC60a84a0F89Aaea");
*
INSERT INTO ethereum_tokens(address, decimals, protocol) VALUES("0x9040e237C3bF18347bb00957Dc22167D0f2b999d", 18, NULL); INSERT INTO assets(identifier, type, name, symbol,started, swapped_for, coingecko, cryptocompare, details_reference) VALUES("_ceth_0x9040e237C3bF18347bb00957Dc22167D0f2b999d", "C", "Standard", "STND", 1619689390, NULL, "standard-protocol", "STND", "0x9040e237C3bF18347bb00957Dc22167D0f2b999d");
*
INSERT INTO ethereum_tokens(address, decimals, protocol) VALUES("0x60Eb57d085C59932d5fAa6c6026268A4386927d0", 18, NULL); INSERT INTO assets(identifier, type, name, symbol,started, swapped_for, coingecko, cryptocompare, details_reference) VALUES("_ceth_0x60Eb57d085C59932d5fAa6c6026268A4386927d0", "C", "LOCGame", "LOCG", 1619642983, NULL, "locgame", "LOCG", "0x60Eb57d085C59932d5fAa6c6026268A4386927d0");
*
INSERT INTO ethereum_tokens(address, decimals, protocol) VALUES("0x85f6eB2BD5a062f5F8560BE93FB7147e16c81472", 4, NULL); INSERT INTO assets(identifier, type, name, symbol,started, swapped_for, coingecko, cryptocompare, details_reference) VALUES("_ceth_0x85f6eB2BD5a062f5F8560BE93FB7147e16c81472", "C", "Franklin", "FLy", 1610530262, NULL, "franklin", "", "0x85f6eB2BD5a062f5F8560BE93FB7147e16c81472");
*
INSERT INTO ethereum_tokens(address, decimals, protocol) VALUES("0x2A8e1E676Ec238d8A992307B495b45B3fEAa5e86", 18, NULL); INSERT INTO assets(identifier, type, name, symbol,started, swapped_for, coingecko, cryptocompare, details_reference) VALUES("_ceth_0x2A8e1E676Ec238d8A992307B495b45B3fEAa5e86", "C", "Origin Dollar", "OUSD", 1600410737, NULL, "origin-dollar", "", "0x2A8e1E676Ec238d8A992307B495b45B3fEAa5e86");
*
INSERT INTO ethereum_tokens(address, decimals, protocol) VALUES("0xaC0104Cca91D167873B8601d2e71EB3D4D8c33e0", 18, NULL); INSERT INTO assets(identifier, type, name, symbol,started, swapped_for, coingecko, cryptocompare, details_reference) VALUES("_ceth_0xaC0104Cca91D167873B8601d2e71EB3D4D8c33e0", "C", "Crowns", "CWS", 1612013846, NULL, "crowns", "CWS", "0xaC0104Cca91D167873B8601d2e71EB3D4D8c33e0");
*
INSERT INTO ethereum_tokens(address, decimals, protocol) VALUES("0xeEAA40B28A2d1b0B08f6f97bB1DD4B75316c6107", 18, NULL); INSERT INTO assets(identifier, type, name, symbol,started, swapped_for, coingecko, cryptocompare, details_reference) VALUES("_ceth_0xeEAA40B28A2d1b0B08f6f97bB1DD4B75316c6107", "C", "GOVI", "GOVI", 1608731186, NULL, "govi", "GOVI", "0xeEAA40B28A2d1b0B08f6f97bB1DD4B75316c6107");
*
INSERT INTO ethereum_tokens(address, decimals, protocol) VALUES("0x9F9c8ec3534c3cE16F928381372BfbFBFb9F4D24", 18, NULL); INSERT INTO assets(identifier, type, name, symbol,started, swapped_for, coingecko, cryptocompare, details_reference) VALUES("_ceth_0x9F9c8ec3534c3cE16F928381372BfbFBFb9F4D24", "C", "GraphLinq", "GLQ", 1615827809, NULL, "graphlinq-protocol", "GLQ", "0x9F9c8ec3534c3cE16F928381372BfbFBFb9F4D24");
*
INSERT INTO ethereum_tokens(address, decimals, protocol) VALUES("0x7825e833D495F3d1c28872415a4aee339D26AC88", 18, NULL); INSERT INTO assets(identifier, type, name, symbol,started, swapped_for, coingecko, cryptocompare, details_reference) VALUES("_ceth_0x7825e833D495F3d1c28872415a4aee339D26AC88", "C", "pTokens TLOS", "TLOS", 1613670383, NULL, "telos", "TLOS", "0x7825e833D495F3d1c28872415a4aee339D26AC88");
*
INSERT INTO ethereum_tokens(address, decimals, protocol) VALUES("0x8798249c2E607446EfB7Ad49eC89dD1865Ff4272", 18, NULL); INSERT INTO assets(identifier, type, name, symbol,started, swapped_for, coingecko, cryptocompare, details_reference) VALUES("_ceth_0x8798249c2E607446EfB7Ad49eC89dD1865Ff4272", "C", "SushiBar", "xSUSHI", 1599311156, NULL, "xsushi", "", "0x8798249c2E607446EfB7Ad49eC89dD1865Ff4272");
*
INSERT INTO ethereum_tokens(address, decimals, protocol) VALUES("0x00AbA6fE5557De1a1d565658cBDdddf7C710a1eb", 18, NULL); INSERT INTO assets(identifier, type, name, symbol,started, swapped_for, coingecko, cryptocompare, details_reference) VALUES("_ceth_0x00AbA6fE5557De1a1d565658cBDdddf7C710a1eb", "C", "EASY V2", "EZ", 1619726740, NULL, "easyfi", "EZ", "0x00AbA6fE5557De1a1d565658cBDdddf7C710a1eb");
*
UPDATE assets SET swapped_for="_ceth_0x00AbA6fE5557De1a1d565658cBDdddf7C710a1eb" WHERE identifier="_ceth_0x913D8ADf7CE6986a8CbFee5A54725D9Eea4F0729";/*Migration of EeasyFi*/
INSERT INTO ethereum_tokens(address, decimals, protocol) VALUES("0x913D8ADf7CE6986a8CbFee5A54725D9Eea4F0729", 18, NULL); INSERT INTO assets(identifier, type, name, symbol,started, swapped_for, coingecko, cryptocompare, details_reference) VALUES("_ceth_0x913D8ADf7CE6986a8CbFee5A54725D9Eea4F0729", "C", "EASY", "EZ", 1601459453, "_ceth_0x00AbA6fE5557De1a1d565658cBDdddf7C710a1eb", "easyfi", "EZ", "0x913D8ADf7CE6986a8CbFee5A54725D9Eea4F0729");
INSERT INTO ethereum_tokens(address, decimals, protocol) VALUES("0xE66747a101bFF2dBA3697199DCcE5b743b454759", 18, NULL); INSERT INTO assets(identifier, type, name, symbol,started, swapped_for, coingecko, cryptocompare, details_reference) VALUES("_ceth_0xE66747a101bFF2dBA3697199DCcE5b743b454759", "C", "GateChainToken", "GT", 1557411619, NULL, "gatetoken", "GT", "0xE66747a101bFF2dBA3697199DCcE5b743b454759");
*
INSERT INTO assets(identifier, type, name, symbol, started, swapped_for, coingecko, cryptocompare, details_reference) VALUES("MEDIA", "Y", "Media Network", "MEDIA", 1619799163, NULL, "media-network", "", "MEDIA"); INSERT INTO common_asset_details(asset_id, forked) VALUES("MEDIA", NULL);
*
INSERT INTO assets(identifier, type, name, symbol, started, swapped_for, coingecko, cryptocompare, details_reference) VALUES("STEP", "Y", "Step Finance", "STEP", 1619335055, NULL, "step-finance", "", "STEP"); INSERT INTO common_asset_details(asset_id, forked) VALUES("STEP", NULL);
*
INSERT INTO ethereum_tokens(address, decimals, protocol) VALUES("0x4e3FBD56CD56c3e72c1403e103b45Db9da5B9D2B", 18, NULL); INSERT INTO assets(identifier, type, name, symbol,started, swapped_for, coingecko, cryptocompare, details_reference) VALUES("_ceth_0x4e3FBD56CD56c3e72c1403e103b45Db9da5B9D2B", "C", "Convex Token", "CVX", 1621242525, NULL, "convex-finance", "", "0x4e3FBD56CD56c3e72c1403e103b45Db9da5B9D2B");
*
INSERT INTO ethereum_tokens(address, decimals, protocol) VALUES("0xC08512927D12348F6620a698105e1BAac6EcD911", 6, NULL); INSERT INTO assets(identifier, type, name, symbol,started, swapped_for, coingecko, cryptocompare, details_reference) VALUES("_ceth_0xC08512927D12348F6620a698105e1BAac6EcD911", "C", "GMO JPY", "GYEN", 1576043730, NULL, "gyen", "GYEN", "0xC08512927D12348F6620a698105e1BAac6EcD911");
*
INSERT INTO ethereum_tokens(address, decimals, protocol) VALUES("0xB8E2e2101eD11e9138803cd3e06e16dd19910647", 2, NULL); INSERT INTO assets(identifier, type, name, symbol,started, swapped_for, coingecko, cryptocompare, details_reference) VALUES("_ceth_0xB8E2e2101eD11e9138803cd3e06e16dd19910647", "C", "ArdCoin", "ARDX", 1566984871, NULL, "ardcoin", "ARDX", "0xB8E2e2101eD11e9138803cd3e06e16dd19910647");
*
INSERT INTO ethereum_tokens(address, decimals, protocol) VALUES("0x6F919D67967a97EA36195A2346d9244E60FE0dDB", 18, NULL); INSERT INTO assets(identifier, type, name, symbol,started, swapped_for, coingecko, cryptocompare, details_reference) VALUES("_ceth_0x6F919D67967a97EA36195A2346d9244E60FE0dDB", "C", "Blockcloud", "BLOC", 1554704948, NULL, "blockcloud", "BLOC", "0x6F919D67967a97EA36195A2346d9244E60FE0dDB");
*
INSERT INTO ethereum_tokens(address, decimals, protocol) VALUES("0xfAE4Ee59CDd86e3Be9e8b90b53AA866327D7c090", 18, NULL); INSERT INTO assets(identifier, type, name, symbol,started, swapped_for, coingecko, cryptocompare, details_reference) VALUES("_ceth_0xfAE4Ee59CDd86e3Be9e8b90b53AA866327D7c090", "C", "CPChain", "CPC", 1516127905, NULL, "cpchain", "CPC", "0xfAE4Ee59CDd86e3Be9e8b90b53AA866327D7c090");
*
INSERT INTO ethereum_tokens(address, decimals, protocol) VALUES("0xc528c28FEC0A90C083328BC45f587eE215760A0F", 18, NULL); INSERT INTO assets(identifier, type, name, symbol,started, swapped_for, coingecko, cryptocompare, details_reference) VALUES("_ceth_0xc528c28FEC0A90C083328BC45f587eE215760A0F", "C", "Endor Protocol Token", "EDR", 1527487398, NULL, "endor", "EPT", "0xc528c28FEC0A90C083328BC45f587eE215760A0F");
*
INSERT INTO ethereum_tokens(address, decimals, protocol) VALUES("0x5Ca381bBfb58f0092df149bD3D243b08B9a8386e", 18, NULL); INSERT INTO assets(identifier, type, name, symbol,started, swapped_for, coingecko, cryptocompare, details_reference) VALUES("_ceth_0x5Ca381bBfb58f0092df149bD3D243b08B9a8386e", "C", "MXCToken", "MXC", 1533749838, NULL, "mxc", "", "0x5Ca381bBfb58f0092df149bD3D243b08B9a8386e");
*
INSERT INTO ethereum_tokens(address, decimals, protocol) VALUES("0xAE1eaAE3F627AAca434127644371b67B18444051", 8, NULL); INSERT INTO assets(identifier, type, name, symbol,started, swapped_for, coingecko, cryptocompare, details_reference) VALUES("_ceth_0xAE1eaAE3F627AAca434127644371b67B18444051", "C", "YOP", "YOP", 1605033356, NULL, "yield-optimization-platform", "YOP", "0xAE1eaAE3F627AAca434127644371b67B18444051");
*
INSERT INTO assets(identifier, type, name, symbol, started, swapped_for, coingecko, cryptocompare, details_reference) VALUES("LNCHX", "S", "LaunchX", "LNCHX", 1620720017, NULL, "launchx", "", "LNCHX"); INSERT INTO common_asset_details(asset_id, forked) VALUES("LNCHX", NULL);
*
INSERT INTO assets(identifier, type, name, symbol, started, swapped_for, coingecko, cryptocompare, details_reference) VALUES("POLX", "S", "Polylastic", "POLX", 1619730927, NULL, "polylastic", "POLX", "POLX"); INSERT INTO common_asset_details(asset_id, forked) VALUES("POLX", NULL);
*
INSERT INTO ethereum_tokens(address, decimals, protocol) VALUES("0xF4d861575ecC9493420A3f5a14F85B13f0b50EB3", 18, NULL); INSERT INTO assets(identifier, type, name, symbol,started, swapped_for, coingecko, cryptocompare, details_reference) VALUES("_ceth_0xF4d861575ecC9493420A3f5a14F85B13f0b50EB3", "C", "Fractal Protocol Token", "FCL", 1613480889, NULL, "fractal", "FCL", "0xF4d861575ecC9493420A3f5a14F85B13f0b50EB3");
*
INSERT INTO ethereum_tokens(address, decimals, protocol) VALUES("0xbDEC45952B5E234EdDC2981B43eeD360826D5087", 18, NULL); INSERT INTO assets(identifier, type, name, symbol,started, swapped_for, coingecko, cryptocompare, details_reference) VALUES("_ceth_0xbDEC45952B5E234EdDC2981B43eeD360826D5087", "C", "Mogu Token", "MOGX", 1566834869, NULL, "mogu", "MOGU", "0xbDEC45952B5E234EdDC2981B43eeD360826D5087");
*
INSERT INTO ethereum_tokens(address, decimals, protocol) VALUES("0x5273063725a43A323300C502478C22FbB4e92C2D", 18, NULL); INSERT INTO assets(identifier, type, name, symbol,started, swapped_for, coingecko, cryptocompare, details_reference) VALUES("_ceth_0x5273063725a43A323300C502478C22FbB4e92C2D", "C", "MY IDENTITY COIN", "MYID", 1614319404, NULL, "my-identity-coin", "MYID", "0x5273063725a43A323300C502478C22FbB4e92C2D");
*
INSERT INTO assets(identifier, type, name, symbol, started, swapped_for, coingecko, cryptocompare, details_reference) VALUES("NDAU", "W", "Ndau", "NDAU", 1569891600, NULL, "ndau", "XND", "NDAU"); INSERT INTO common_asset_details(asset_id, forked) VALUES("NDAU", NULL);
*
INSERT INTO ethereum_tokens(address, decimals, protocol) VALUES("0xaA8330FB2B4D5D07ABFE7A72262752a8505C6B37", 18, NULL); INSERT INTO assets(identifier, type, name, symbol,started, swapped_for, coingecko, cryptocompare, details_reference) VALUES("_ceth_0xaA8330FB2B4D5D07ABFE7A72262752a8505C6B37", "C", "Polka City", "POLC", 1613575886, NULL, "polkacity", "", "0xaA8330FB2B4D5D07ABFE7A72262752a8505C6B37");
*
INSERT INTO assets(identifier, type, name, symbol, started, swapped_for, coingecko, cryptocompare, details_reference) VALUES("WIN-4", "P", "WINkLink", "WIN", 1564440570, NULL, "winklink", "", "WIN-4"); INSERT INTO common_asset_details(asset_id, forked) VALUES("WIN-4", NULL);
*
INSERT INTO assets(identifier, type, name, symbol, started, swapped_for, coingecko, cryptocompare, details_reference) VALUES("STX", "W", "Stacks", "STX", 1572055200, NULL, "blockstack", "STX", "STX"); INSERT INTO common_asset_details(asset_id, forked) VALUES("STX", NULL);
*
INSERT INTO ethereum_tokens(address, decimals, protocol) VALUES("0xDf801468a808a32656D2eD2D2d80B72A129739f4", 8, NULL); INSERT INTO assets(identifier, type, name, symbol,started, swapped_for, coingecko, cryptocompare, details_reference) VALUES("_ceth_0xDf801468a808a32656D2eD2D2d80B72A129739f4", "C", "Somnium Space Cubes", "CUBE", 1570181738, NULL, "somnium-space-cubes", "CUBE", "0xDf801468a808a32656D2eD2D2d80B72A129739f4");
*