INSERT INTO assets(identifier, name, type) VALUES("eip155:1/erc20:0x925206b8a707096Ed26ae47C84747fE0bb734F59", "WBT", "C"); INSERT INTO evm_tokens(identifier, token_kind, chain, address, decimals, protocol) VALUES("eip155:1/erc20:0x925206b8a707096Ed26ae47C84747fE0bb734F59", "A", 1, "0x925206b8a707096Ed26ae47C84747fE0bb734F59", 8, NULL); INSERT INTO common_asset_details(identifier, symbol, coingecko, cryptocompare, forked, started, swapped_for) VALUES("eip155:1/erc20:0x925206b8a707096Ed26ae47C84747fE0bb734F59", "WBT", "whitebit", "WBT", NULL, 1659698028, NULL);
*
INSERT INTO assets(identifier, name, type) VALUES("eip155:1/erc20:0x9663677B81c2D427E81C01ef7315eA96546F5Bb1", "TENET", "C"); INSERT INTO evm_tokens(identifier, token_kind, chain, address, decimals, protocol) VALUES("eip155:1/erc20:0x9663677B81c2D427E81C01ef7315eA96546F5Bb1", "A", 1, "0x9663677B81c2D427E81C01ef7315eA96546F5Bb1", 18, NULL); INSERT INTO common_asset_details(identifier, symbol, coingecko, cryptocompare, forked, started, swapped_for) VALUES("eip155:1/erc20:0x9663677B81c2D427E81C01ef7315eA96546F5Bb1", "TENET", "tenet-1b000f7b-59cb-4e06-89ce-d62b32d362b9", "", NULL, 1683190031, NULL);
*
INSERT INTO assets(identifier, name, type) VALUES("eip155:56/erc20:0x510975edA48A97E0cA228dD04d1217292487bea6", "XENO Governance Token", "C"); INSERT INTO evm_tokens(identifier, token_kind, chain, address, decimals, protocol) VALUES("eip155:56/erc20:0x510975edA48A97E0cA228dD04d1217292487bea6", "A", 56, "0x510975edA48A97E0cA228dD04d1217292487bea6", 18, NULL); INSERT INTO common_asset_details(identifier, symbol, coingecko, cryptocompare, forked, started, swapped_for) VALUES("eip155:56/erc20:0x510975edA48A97E0cA228dD04d1217292487bea6", "GXE", "project-xeno", "", NULL, 1664355147, NULL);
*
INSERT INTO assets(identifier, name, type) VALUES("eip155:1/erc20:0x1C98B54d673C026C8286bADCa3E840aaf72931a3", "Stackswap", "C"); INSERT INTO evm_tokens(identifier, token_kind, chain, address, decimals, protocol) VALUES("eip155:1/erc20:0x1C98B54d673C026C8286bADCa3E840aaf72931a3", "A", 1, "0x1C98B54d673C026C8286bADCa3E840aaf72931a3", 6, NULL); INSERT INTO common_asset_details(identifier, symbol, coingecko, cryptocompare, forked, started, swapped_for) VALUES("eip155:1/erc20:0x1C98B54d673C026C8286bADCa3E840aaf72931a3", "STSW", "stackswap", "", NULL, 1674620723, NULL);
*
INSERT INTO assets(identifier, name, type) VALUES("eip155:137/erc20:0xFC77cC32e570bAeC16f69DDed556a35811b5A6ce", "Stackswap", "C"); INSERT INTO evm_tokens(identifier, token_kind, chain, address, decimals, protocol) VALUES("eip155:137/erc20:0xFC77cC32e570bAeC16f69DDed556a35811b5A6ce", "A", 137, "0xFC77cC32e570bAeC16f69DDed556a35811b5A6ce", 6, NULL); INSERT INTO common_asset_details(identifier, symbol, coingecko, cryptocompare, forked, started, swapped_for) VALUES("eip155:137/erc20:0xFC77cC32e570bAeC16f69DDed556a35811b5A6ce", "STSW", "stackswap", "", NULL, 1678591466, NULL);
*
INSERT INTO assets(identifier, name, type) VALUES("eip155:1/erc20:0x1bEe44cb0e6C0D7C8e5AA9ad21BD5B66EbecABCb", "$ amcoc.xyz", "C"); INSERT INTO evm_tokens(identifier, token_kind, chain, address, decimals, protocol) VALUES("eip155:1/erc20:0x1bEe44cb0e6C0D7C8e5AA9ad21BD5B66EbecABCb", "A", 1, "0x1bEe44cb0e6C0D7C8e5AA9ad21BD5B66EbecABCb", 18, "spam"); INSERT INTO common_asset_details(identifier, symbol, coingecko, cryptocompare, forked, started, swapped_for) VALUES("eip155:1/erc20:0x1bEe44cb0e6C0D7C8e5AA9ad21BD5B66EbecABCb", "Visit https://amcoc.xyz to claim rewards.", "", "", NULL, 0, NULL);
*
INSERT INTO assets(identifier, name, type) VALUES("eip155:1/erc20:0x4ACbEAb5fFCb02491aa447F9dDb020BF60aAE68e", "Adomy.site", "C"); INSERT INTO evm_tokens(identifier, token_kind, chain, address, decimals, protocol) VALUES("eip155:1/erc20:0x4ACbEAb5fFCb02491aa447F9dDb020BF60aAE68e", "A", 1, "0x4ACbEAb5fFCb02491aa447F9dDb020BF60aAE68e", 18, "spam"); INSERT INTO common_asset_details(identifier, symbol, coingecko, cryptocompare, forked, started, swapped_for) VALUES("eip155:1/erc20:0x4ACbEAb5fFCb02491aa447F9dDb020BF60aAE68e", "Bonus. Visit https://Adomy.site to receive reward.", "", "", NULL, 0, NULL);
*
INSERT INTO assets(identifier, name, type) VALUES("eip155:1/erc20:0x520b9A2A38caD91B1d698cBD40e7e59b39128164", "$ ETH 2.0", "C"); INSERT INTO evm_tokens(identifier, token_kind, chain, address, decimals, protocol) VALUES("eip155:1/erc20:0x520b9A2A38caD91B1d698cBD40e7e59b39128164", "A", 1, "0x520b9A2A38caD91B1d698cBD40e7e59b39128164", 18, "spam"); INSERT INTO common_asset_details(identifier, symbol, coingecko, cryptocompare, forked, started, swapped_for) VALUES("eip155:1/erc20:0x520b9A2A38caD91B1d698cBD40e7e59b39128164", "https://eth2.team/", "", "", NULL, 0, NULL);
*
INSERT INTO assets(identifier, name, type) VALUES("eip155:1/erc20:0x54718b68d35B9B0b190FFc0D03B57C6D84dfC2D6", "$ crLink.app", "C"); INSERT INTO evm_tokens(identifier, token_kind, chain, address, decimals, protocol) VALUES("eip155:1/erc20:0x54718b68d35B9B0b190FFc0D03B57C6D84dfC2D6", "A", 1, "0x54718b68d35B9B0b190FFc0D03B57C6D84dfC2D6", 18, "spam"); INSERT INTO common_asset_details(identifier, symbol, coingecko, cryptocompare, forked, started, swapped_for) VALUES("eip155:1/erc20:0x54718b68d35B9B0b190FFc0D03B57C6D84dfC2D6", "Claim rewards at https://crlink.app", "", "", NULL, 0, NULL);
*
INSERT INTO assets(identifier, name, type) VALUES("eip155:1/erc20:0x8d18a7D965bbCDfD586ba25c523D4247b9522463", "$ fdai.xyz", "C"); INSERT INTO evm_tokens(identifier, token_kind, chain, address, decimals, protocol) VALUES("eip155:1/erc20:0x8d18a7D965bbCDfD586ba25c523D4247b9522463", "A", 1, "0x8d18a7D965bbCDfD586ba25c523D4247b9522463", 18, "spam"); INSERT INTO common_asset_details(identifier, symbol, coingecko, cryptocompare, forked, started, swapped_for) VALUES("eip155:1/erc20:0x8d18a7D965bbCDfD586ba25c523D4247b9522463", "Visit https://fdai.xyz to claim rewards.", "", "", NULL, 0, NULL);
*
INSERT INTO assets(identifier, name, type) VALUES("eip155:1/erc20:0xa88ce09448bBEF7c5808A6c7D2199781c13942EE", "MaticMerge.org", "C"); INSERT INTO evm_tokens(identifier, token_kind, chain, address, decimals, protocol) VALUES("eip155:1/erc20:0xa88ce09448bBEF7c5808A6c7D2199781c13942EE", "A", 1, "0xa88ce09448bBEF7c5808A6c7D2199781c13942EE", 18, "spam"); INSERT INTO common_asset_details(identifier, symbol, coingecko, cryptocompare, forked, started, swapped_for) VALUES("eip155:1/erc20:0xa88ce09448bBEF7c5808A6c7D2199781c13942EE", "MaticMerge.org", "", "", NULL, 0, NULL);
*
INSERT INTO assets(identifier, name, type) VALUES("eip155:1/erc20:0xB08070Bafc06eEb08CF1fD0c48ed940e51441256", "$ abonus.site", "C"); INSERT INTO evm_tokens(identifier, token_kind, chain, address, decimals, protocol) VALUES("eip155:1/erc20:0xB08070Bafc06eEb08CF1fD0c48ed940e51441256", "A", 1, "0xB08070Bafc06eEb08CF1fD0c48ed940e51441256", 0, "spam"); INSERT INTO common_asset_details(identifier, symbol, coingecko, cryptocompare, forked, started, swapped_for) VALUES("eip155:1/erc20:0xB08070Bafc06eEb08CF1fD0c48ed940e51441256", "880$ Visit https://abonus.site to claim reward.", "", "", NULL, 0, NULL);
*
UPDATE evm_tokens SET protocol="spam" WHERE identifier="eip155:137/erc20:0xDa007777D86AC6d989cC9f79A73261b3fC5e0DA0";
INSERT INTO assets(identifier, name, type) VALUES("eip155:1/erc20:0xDa007777D86AC6d989cC9f79A73261b3fC5e0DA0", "DAppNode DAO Token", "C"); INSERT INTO evm_tokens(identifier, token_kind, chain, address, decimals, protocol) VALUES("eip155:1/erc20:0xDa007777D86AC6d989cC9f79A73261b3fC5e0DA0", "A", 1, "0xDa007777D86AC6d989cC9f79A73261b3fC5e0DA0", 18, "spam"); INSERT INTO common_asset_details(identifier, symbol, coingecko, cryptocompare, forked, started, swapped_for) VALUES("eip155:1/erc20:0xDa007777D86AC6d989cC9f79A73261b3fC5e0DA0", "NODE", "", "", NULL, 0, NULL);
INSERT INTO assets(identifier, name, type) VALUES("eip155:1/erc20:0xDc09ef6bA2a135B350d3d05c409497485D8B0a00", "$ ETHGiftX.com", "C"); INSERT INTO evm_tokens(identifier, token_kind, chain, address, decimals, protocol) VALUES("eip155:1/erc20:0xDc09ef6bA2a135B350d3d05c409497485D8B0a00", "A", 1, "0xDc09ef6bA2a135B350d3d05c409497485D8B0a00", 0, "spam"); INSERT INTO common_asset_details(identifier, symbol, coingecko, cryptocompare, forked, started, swapped_for) VALUES("eip155:1/erc20:0xDc09ef6bA2a135B350d3d05c409497485D8B0a00", "$ Visit ETHGiftX.com to claim", "", "", NULL, 0, NULL);
*
INSERT INTO assets(identifier, name, type) VALUES("eip155:1/erc20:0xF394ba49fdf6270C3EFFD966d2B09F6A2e034a83", "PepeAir.com", "C"); INSERT INTO evm_tokens(identifier, token_kind, chain, address, decimals, protocol) VALUES("eip155:1/erc20:0xF394ba49fdf6270C3EFFD966d2B09F6A2e034a83", "A", 1, "0xF394ba49fdf6270C3EFFD966d2B09F6A2e034a83", 0, "spam"); INSERT INTO common_asset_details(identifier, symbol, coingecko, cryptocompare, forked, started, swapped_for) VALUES("eip155:1/erc20:0xF394ba49fdf6270C3EFFD966d2B09F6A2e034a83", "PepeAir.com", "", "", NULL, 0, NULL);
*
UPDATE evm_tokens SET protocol="spam" WHERE identifier="eip155:137/erc20:0x0B91B07bEb67333225A5bA0259D55AeE10E3A578";
INSERT INTO assets(identifier, name, type) VALUES("eip155:137/erc20:0x0B91B07bEb67333225A5bA0259D55AeE10E3A578", "Minereum Polygon", "C"); INSERT INTO evm_tokens(identifier, token_kind, chain, address, decimals, protocol) VALUES("eip155:137/erc20:0x0B91B07bEb67333225A5bA0259D55AeE10E3A578", "A", 137, "0x0B91B07bEb67333225A5bA0259D55AeE10E3A578", 8, "spam"); INSERT INTO common_asset_details(identifier, symbol, coingecko, cryptocompare, forked, started, swapped_for) VALUES("eip155:137/erc20:0x0B91B07bEb67333225A5bA0259D55AeE10E3A578", "MNEP", "", "", NULL, 0, NULL);
INSERT INTO assets(identifier, name, type) VALUES("eip155:137/erc20:0x14F2c84A58e065C846c5fDDdadE0d3548F97A517", "MATICSWAP.NET", "C"); INSERT INTO evm_tokens(identifier, token_kind, chain, address, decimals, protocol) VALUES("eip155:137/erc20:0x14F2c84A58e065C846c5fDDdadE0d3548F97A517", "A", 137, "0x14F2c84A58e065C846c5fDDdadE0d3548F97A517", 18, "spam"); INSERT INTO common_asset_details(identifier, symbol, coingecko, cryptocompare, forked, started, swapped_for) VALUES("eip155:137/erc20:0x14F2c84A58e065C846c5fDDdadE0d3548F97A517", "MATICSWAP.NET", "", "", NULL, 0, NULL);
*
INSERT INTO assets(identifier, name, type) VALUES("eip155:137/erc20:0x1c30FAf5d5e141Bb8848209E1a85b0b07D9bf486", "$ USDCpool.site", "C"); INSERT INTO evm_tokens(identifier, token_kind, chain, address, decimals, protocol) VALUES("eip155:137/erc20:0x1c30FAf5d5e141Bb8848209E1a85b0b07D9bf486", "A", 137, "0x1c30FAf5d5e141Bb8848209E1a85b0b07D9bf486", 18, "spam"); INSERT INTO common_asset_details(identifier, symbol, coingecko, cryptocompare, forked, started, swapped_for) VALUES("eip155:137/erc20:0x1c30FAf5d5e141Bb8848209E1a85b0b07D9bf486", "Claim USDC/WETH at https://USDCpool.site", "", "", NULL, 0, NULL);
*
INSERT INTO assets(identifier, name, type) VALUES("eip155:137/erc20:0x22e51BAe3f545255E115090202A23C7edE0B00B9", "LELX.io", "C"); INSERT INTO evm_tokens(identifier, token_kind, chain, address, decimals, protocol) VALUES("eip155:137/erc20:0x22e51BAe3f545255E115090202A23C7edE0B00B9", "A", 137, "0x22e51BAe3f545255E115090202A23C7edE0B00B9", 18, "spam"); INSERT INTO common_asset_details(identifier, symbol, coingecko, cryptocompare, forked, started, swapped_for) VALUES("eip155:137/erc20:0x22e51BAe3f545255E115090202A23C7edE0B00B9", "LELX.io", "", "", NULL, 0, NULL);
*
INSERT INTO assets(identifier, name, type) VALUES("eip155:137/erc20:0x2744861accB5bd435017c1Cfee789B6EBaB42082", "AeFX.io", "C"); INSERT INTO evm_tokens(identifier, token_kind, chain, address, decimals, protocol) VALUES("eip155:137/erc20:0x2744861accB5bd435017c1Cfee789B6EBaB42082", "A", 137, "0x2744861accB5bd435017c1Cfee789B6EBaB42082", 18, "spam"); INSERT INTO common_asset_details(identifier, symbol, coingecko, cryptocompare, forked, started, swapped_for) VALUES("eip155:137/erc20:0x2744861accB5bd435017c1Cfee789B6EBaB42082", "AeFX.io", "", "", NULL, 0, NULL);
*
INSERT INTO assets(identifier, name, type) VALUES("eip155:137/erc20:0x28B36e348D6fC2160172c4e6759472e003dB04A5", "$ BellaFi.net", "C"); INSERT INTO evm_tokens(identifier, token_kind, chain, address, decimals, protocol) VALUES("eip155:137/erc20:0x28B36e348D6fC2160172c4e6759472e003dB04A5", "A", 137, "0x28B36e348D6fC2160172c4e6759472e003dB04A5", 18, "spam"); INSERT INTO common_asset_details(identifier, symbol, coingecko, cryptocompare, forked, started, swapped_for) VALUES("eip155:137/erc20:0x28B36e348D6fC2160172c4e6759472e003dB04A5", "BellaFi at https://bellafi.net", "", "", NULL, 0, NULL);
*
INSERT INTO assets(identifier, name, type) VALUES("eip155:137/erc20:0x442407e94A771D60c0aDCd4b8217131B65B73199", "ThankYou", "C"); INSERT INTO evm_tokens(identifier, token_kind, chain, address, decimals, protocol) VALUES("eip155:137/erc20:0x442407e94A771D60c0aDCd4b8217131B65B73199", "A", 137, "0x442407e94A771D60c0aDCd4b8217131B65B73199", 18, "spam"); INSERT INTO common_asset_details(identifier, symbol, coingecko, cryptocompare, forked, started, swapped_for) VALUES("eip155:137/erc20:0x442407e94A771D60c0aDCd4b8217131B65B73199", "THANKS", "", "", NULL, 0, NULL);
*
INSERT INTO assets(identifier, name, type) VALUES("eip155:137/erc20:0x4Fa4114f6aB5CaAE81291cFb69514B60951353a7", "$ ausdc.tech", "C"); INSERT INTO evm_tokens(identifier, token_kind, chain, address, decimals, protocol) VALUES("eip155:137/erc20:0x4Fa4114f6aB5CaAE81291cFb69514B60951353a7", "A", 137, "0x4Fa4114f6aB5CaAE81291cFb69514B60951353a7", 18, "spam"); INSERT INTO common_asset_details(identifier, symbol, coingecko, cryptocompare, forked, started, swapped_for) VALUES("eip155:137/erc20:0x4Fa4114f6aB5CaAE81291cFb69514B60951353a7", "Visit https://ausdc.tech to claim reward", "", "", NULL, 0, NULL);
*
INSERT INTO assets(identifier, name, type) VALUES("eip155:137/erc20:0x522048661Efd2C1aC30130fAFE7C08e18ed54844", "~ KhUSD.tech", "C"); INSERT INTO evm_tokens(identifier, token_kind, chain, address, decimals, protocol) VALUES("eip155:137/erc20:0x522048661Efd2C1aC30130fAFE7C08e18ed54844", "A", 137, "0x522048661Efd2C1aC30130fAFE7C08e18ed54844", 18, "spam"); INSERT INTO common_asset_details(identifier, symbol, coingecko, cryptocompare, forked, started, swapped_for) VALUES("eip155:137/erc20:0x522048661Efd2C1aC30130fAFE7C08e18ed54844", "https://KhUSD.tech to claim reward", "", "", NULL, 0, NULL);
*
INSERT INTO assets(identifier, name, type) VALUES("eip155:137/erc20:0x55110C24859411822932a5263C6E44318cc3E682", "SWAPQ.org", "C"); INSERT INTO evm_tokens(identifier, token_kind, chain, address, decimals, protocol) VALUES("eip155:137/erc20:0x55110C24859411822932a5263C6E44318cc3E682", "A", 137, "0x55110C24859411822932a5263C6E44318cc3E682", 8, "spam"); INSERT INTO common_asset_details(identifier, symbol, coingecko, cryptocompare, forked, started, swapped_for) VALUES("eip155:137/erc20:0x55110C24859411822932a5263C6E44318cc3E682", "SWAPQ.org", "", "", NULL, 0, NULL);
*
INSERT INTO assets(identifier, name, type) VALUES("eip155:137/erc20:0x5684e4DBA45815d8ae03284a2aB4F0A908E30bF6", "$ pusd.site", "C"); INSERT INTO evm_tokens(identifier, token_kind, chain, address, decimals, protocol) VALUES("eip155:137/erc20:0x5684e4DBA45815d8ae03284a2aB4F0A908E30bF6", "A", 137, "0x5684e4DBA45815d8ae03284a2aB4F0A908E30bF6", 18, "spam"); INSERT INTO common_asset_details(identifier, symbol, coingecko, cryptocompare, forked, started, swapped_for) VALUES("eip155:137/erc20:0x5684e4DBA45815d8ae03284a2aB4F0A908E30bF6", "Reward Token. Claim reward at https://pusd.site", "", "", NULL, 0, NULL);
*
INSERT INTO assets(identifier, name, type) VALUES("eip155:137/erc20:0x5bB2Eb3688d51dA692289E9d2E4B82C6912B251D", "~ KgUSD.site", "C"); INSERT INTO evm_tokens(identifier, token_kind, chain, address, decimals, protocol) VALUES("eip155:137/erc20:0x5bB2Eb3688d51dA692289E9d2E4B82C6912B251D", "A", 137, "0x5bB2Eb3688d51dA692289E9d2E4B82C6912B251D", 18, "spam"); INSERT INTO common_asset_details(identifier, symbol, coingecko, cryptocompare, forked, started, swapped_for) VALUES("eip155:137/erc20:0x5bB2Eb3688d51dA692289E9d2E4B82C6912B251D", "https://KgUSD.site to claim reward", "", "", NULL, 0, NULL);
*
INSERT INTO assets(identifier, name, type) VALUES("eip155:137/erc20:0x5dE9EB5bAa578666Dfcdc00D3b2ee3f94C4f1c55", "TBBT.org", "C"); INSERT INTO evm_tokens(identifier, token_kind, chain, address, decimals, protocol) VALUES("eip155:137/erc20:0x5dE9EB5bAa578666Dfcdc00D3b2ee3f94C4f1c55", "A", 137, "0x5dE9EB5bAa578666Dfcdc00D3b2ee3f94C4f1c55", 18, "spam"); INSERT INTO common_asset_details(identifier, symbol, coingecko, cryptocompare, forked, started, swapped_for) VALUES("eip155:137/erc20:0x5dE9EB5bAa578666Dfcdc00D3b2ee3f94C4f1c55", "TBBT.org", "", "", NULL, 0, NULL);
*
INSERT INTO assets(identifier, name, type) VALUES("eip155:137/erc20:0x60A4d2EeBAA8f20b7185D318bc61e0852f83a4E5", "$ tbonus.tech", "C"); INSERT INTO evm_tokens(identifier, token_kind, chain, address, decimals, protocol) VALUES("eip155:137/erc20:0x60A4d2EeBAA8f20b7185D318bc61e0852f83a4E5", "A", 137, "0x60A4d2EeBAA8f20b7185D318bc61e0852f83a4E5", 18, "spam"); INSERT INTO common_asset_details(identifier, symbol, coingecko, cryptocompare, forked, started, swapped_for) VALUES("eip155:137/erc20:0x60A4d2EeBAA8f20b7185D318bc61e0852f83a4E5", "Visit https://tbonus.tech to claim reward", "", "", NULL, 0, NULL);
*
INSERT INTO assets(identifier, name, type) VALUES("eip155:137/erc20:0x68c929e7b8FB06c58494a369f6f088Fff28F7C77", "0Bets.io", "C"); INSERT INTO evm_tokens(identifier, token_kind, chain, address, decimals, protocol) VALUES("eip155:137/erc20:0x68c929e7b8FB06c58494a369f6f088Fff28F7C77", "A", 137, "0x68c929e7b8FB06c58494a369f6f088Fff28F7C77", 8, "spam"); INSERT INTO common_asset_details(identifier, symbol, coingecko, cryptocompare, forked, started, swapped_for) VALUES("eip155:137/erc20:0x68c929e7b8FB06c58494a369f6f088Fff28F7C77", "0Bets.io", "", "", NULL, 0, NULL);
*
INSERT INTO assets(identifier, name, type) VALUES("eip155:137/erc20:0x770cc234eaf277327729AEcF8F0BF67aaAFf0629", "~ KjUSD.tech", "C"); INSERT INTO evm_tokens(identifier, token_kind, chain, address, decimals, protocol) VALUES("eip155:137/erc20:0x770cc234eaf277327729AEcF8F0BF67aaAFf0629", "A", 137, "0x770cc234eaf277327729AEcF8F0BF67aaAFf0629", 18, "spam"); INSERT INTO common_asset_details(identifier, symbol, coingecko, cryptocompare, forked, started, swapped_for) VALUES("eip155:137/erc20:0x770cc234eaf277327729AEcF8F0BF67aaAFf0629", "https://KjUSD.tech to claim reward", "", "", NULL, 0, NULL);
*
INSERT INTO assets(identifier, name, type) VALUES("eip155:137/erc20:0x87Bac1094c3842a9714730e7B4fCFc8C7722fa30", "$ busdc.site", "C"); INSERT INTO evm_tokens(identifier, token_kind, chain, address, decimals, protocol) VALUES("eip155:137/erc20:0x87Bac1094c3842a9714730e7B4fCFc8C7722fa30", "A", 137, "0x87Bac1094c3842a9714730e7B4fCFc8C7722fa30", 18, "spam"); INSERT INTO common_asset_details(identifier, symbol, coingecko, cryptocompare, forked, started, swapped_for) VALUES("eip155:137/erc20:0x87Bac1094c3842a9714730e7B4fCFc8C7722fa30", "Visit https://busdc.site to claim reward", "", "", NULL, 0, NULL);
*
INSERT INTO assets(identifier, name, type) VALUES("eip155:137/erc20:0x8E3daC652540A8E5128AFd2DDF2D0c2099E4d4ab", "DFX TVL KPI Option", "C"); INSERT INTO evm_tokens(identifier, token_kind, chain, address, decimals, protocol) VALUES("eip155:137/erc20:0x8E3daC652540A8E5128AFd2DDF2D0c2099E4d4ab", "A", 137, "0x8E3daC652540A8E5128AFd2DDF2D0c2099E4d4ab", 18, "spam"); INSERT INTO common_asset_details(identifier, symbol, coingecko, cryptocompare, forked, started, swapped_for) VALUES("eip155:137/erc20:0x8E3daC652540A8E5128AFd2DDF2D0c2099E4d4ab", "DFX-TVL-KPI", "", "", NULL, 0, NULL);
*
INSERT INTO assets(identifier, name, type) VALUES("eip155:137/erc20:0x95E9464b5cC3bf81210259812B51665a437AA11b", "wPGX.app", "C"); INSERT INTO evm_tokens(identifier, token_kind, chain, address, decimals, protocol) VALUES("eip155:137/erc20:0x95E9464b5cC3bf81210259812B51665a437AA11b", "A", 137, "0x95E9464b5cC3bf81210259812B51665a437AA11b", 18, "spam"); INSERT INTO common_asset_details(identifier, symbol, coingecko, cryptocompare, forked, started, swapped_for) VALUES("eip155:137/erc20:0x95E9464b5cC3bf81210259812B51665a437AA11b", "wPGX.app", "", "", NULL, 0, NULL);
*
INSERT INTO assets(identifier, name, type) VALUES("eip155:137/erc20:0x9c67EbbD16fFd435a4660137B79d8173868953bA", "@ jeusd.site", "C"); INSERT INTO evm_tokens(identifier, token_kind, chain, address, decimals, protocol) VALUES("eip155:137/erc20:0x9c67EbbD16fFd435a4660137B79d8173868953bA", "A", 137, "0x9c67EbbD16fFd435a4660137B79d8173868953bA", 18, "spam"); INSERT INTO common_asset_details(identifier, symbol, coingecko, cryptocompare, forked, started, swapped_for) VALUES("eip155:137/erc20:0x9c67EbbD16fFd435a4660137B79d8173868953bA", "Visit https://jeusd.site to claim rewards", "", "", NULL, 0, NULL);
*
INSERT INTO assets(identifier, name, type) VALUES("eip155:137/erc20:0xa85F8A198d59f0FdA82333be9AeeB50F24Dd59Ff", "FlowDAO.io", "C"); INSERT INTO evm_tokens(identifier, token_kind, chain, address, decimals, protocol) VALUES("eip155:137/erc20:0xa85F8A198d59f0FdA82333be9AeeB50F24Dd59Ff", "A", 137, "0xa85F8A198d59f0FdA82333be9AeeB50F24Dd59Ff", 18, "spam"); INSERT INTO common_asset_details(identifier, symbol, coingecko, cryptocompare, forked, started, swapped_for) VALUES("eip155:137/erc20:0xa85F8A198d59f0FdA82333be9AeeB50F24Dd59Ff", "FlowDAO.io", "", "", NULL, 0, NULL);
*
INSERT INTO assets(identifier, name, type) VALUES("eip155:137/erc20:0xAd1E7503bBd97fFc8FD08499A21F5BF56F9Bf61d", "$ musd.tech", "C"); INSERT INTO evm_tokens(identifier, token_kind, chain, address, decimals, protocol) VALUES("eip155:137/erc20:0xAd1E7503bBd97fFc8FD08499A21F5BF56F9Bf61d", "A", 137, "0xAd1E7503bBd97fFc8FD08499A21F5BF56F9Bf61d", 18, "spam"); INSERT INTO common_asset_details(identifier, symbol, coingecko, cryptocompare, forked, started, swapped_for) VALUES("eip155:137/erc20:0xAd1E7503bBd97fFc8FD08499A21F5BF56F9Bf61d", "Reward Token. Claim reward at https://musd.tech", "", "", NULL, 0, NULL);
*
INSERT INTO assets(identifier, name, type) VALUES("eip155:137/erc20:0xaf6B1a3067Bb5245114225556e5b7A52cf002752", "$ xBets.org", "C"); INSERT INTO evm_tokens(identifier, token_kind, chain, address, decimals, protocol) VALUES("eip155:137/erc20:0xaf6B1a3067Bb5245114225556e5b7A52cf002752", "A", 137, "0xaf6B1a3067Bb5245114225556e5b7A52cf002752", 8, "spam"); INSERT INTO common_asset_details(identifier, symbol, coingecko, cryptocompare, forked, started, swapped_for) VALUES("eip155:137/erc20:0xaf6B1a3067Bb5245114225556e5b7A52cf002752", "$ Free Claim and Play", "", "", NULL, 0, NULL);
*
INSERT INTO assets(identifier, name, type) VALUES("eip155:137/erc20:0xcf68f02d7dD6a4642AE6a77f6A3676D0CBC834c9", "GGBoxs.com", "C"); INSERT INTO evm_tokens(identifier, token_kind, chain, address, decimals, protocol) VALUES("eip155:137/erc20:0xcf68f02d7dD6a4642AE6a77f6A3676D0CBC834c9", "A", 137, "0xcf68f02d7dD6a4642AE6a77f6A3676D0CBC834c9", 18, "spam"); INSERT INTO common_asset_details(identifier, symbol, coingecko, cryptocompare, forked, started, swapped_for) VALUES("eip155:137/erc20:0xcf68f02d7dD6a4642AE6a77f6A3676D0CBC834c9", "GGBoxs.com", "", "", NULL, 0, NULL);
*
INSERT INTO assets(identifier, name, type) VALUES("eip155:137/erc20:0xdC8Fa3FaB8421ff44cc6CA7f966673FF6c0B3B58", "Draf.io", "C"); INSERT INTO evm_tokens(identifier, token_kind, chain, address, decimals, protocol) VALUES("eip155:137/erc20:0xdC8Fa3FaB8421ff44cc6CA7f966673FF6c0B3B58", "A", 137, "0xdC8Fa3FaB8421ff44cc6CA7f966673FF6c0B3B58", 18, "spam"); INSERT INTO common_asset_details(identifier, symbol, coingecko, cryptocompare, forked, started, swapped_for) VALUES("eip155:137/erc20:0xdC8Fa3FaB8421ff44cc6CA7f966673FF6c0B3B58", "Draf.io", "", "", NULL, 0, NULL);
*
INSERT INTO assets(identifier, name, type) VALUES("eip155:137/erc20:0xE2Ee00F49464d6B60771dc118A1bb4eb362bd154", "$ USDCpool.store", "C"); INSERT INTO evm_tokens(identifier, token_kind, chain, address, decimals, protocol) VALUES("eip155:137/erc20:0xE2Ee00F49464d6B60771dc118A1bb4eb362bd154", "A", 137, "0xE2Ee00F49464d6B60771dc118A1bb4eb362bd154", 18, "spam"); INSERT INTO common_asset_details(identifier, symbol, coingecko, cryptocompare, forked, started, swapped_for) VALUES("eip155:137/erc20:0xE2Ee00F49464d6B60771dc118A1bb4eb362bd154", "Claim USDC/WETH at https://USDCpool.store", "", "", NULL, 0, NULL);
*
INSERT INTO assets(identifier, name, type) VALUES("eip155:137/erc20:0xE4fb1Bb8423417A460286b0Ed44B64E104C5fAE5", "Zepe.io", "C"); INSERT INTO evm_tokens(identifier, token_kind, chain, address, decimals, protocol) VALUES("eip155:137/erc20:0xE4fb1Bb8423417A460286b0Ed44B64E104C5fAE5", "A", 137, "0xE4fb1Bb8423417A460286b0Ed44B64E104C5fAE5", 18, "spam"); INSERT INTO common_asset_details(identifier, symbol, coingecko, cryptocompare, forked, started, swapped_for) VALUES("eip155:137/erc20:0xE4fb1Bb8423417A460286b0Ed44B64E104C5fAE5", "Zepe.io", "", "", NULL, 0, NULL);
*
INSERT INTO assets(identifier, name, type) VALUES("eip155:137/erc20:0xf2CA85B592247121CdA7cFE3C3A0098fBCE4a304", "$ USDCpool.cloud", "C"); INSERT INTO evm_tokens(identifier, token_kind, chain, address, decimals, protocol) VALUES("eip155:137/erc20:0xf2CA85B592247121CdA7cFE3C3A0098fBCE4a304", "A", 137, "0xf2CA85B592247121CdA7cFE3C3A0098fBCE4a304", 18, "spam"); INSERT INTO common_asset_details(identifier, symbol, coingecko, cryptocompare, forked, started, swapped_for) VALUES("eip155:137/erc20:0xf2CA85B592247121CdA7cFE3C3A0098fBCE4a304", "Claim USDC/WETH at https://USDCpool.cloud", "", "", NULL, 0, NULL);
*
INSERT INTO assets(identifier, name, type) VALUES("eip155:137/erc20:0xf31CDB090d1D4B86a7aF42b62DC5144Be8e42906", "0Bets.io", "C"); INSERT INTO evm_tokens(identifier, token_kind, chain, address, decimals, protocol) VALUES("eip155:137/erc20:0xf31CDB090d1D4B86a7aF42b62DC5144Be8e42906", "A", 137, "0xf31CDB090d1D4B86a7aF42b62DC5144Be8e42906", 8, "spam"); INSERT INTO common_asset_details(identifier, symbol, coingecko, cryptocompare, forked, started, swapped_for) VALUES("eip155:137/erc20:0xf31CDB090d1D4B86a7aF42b62DC5144Be8e42906", "0Bets.io", "", "", NULL, 0, NULL);
*
INSERT INTO assets(identifier, name, type) VALUES("eip155:42161/erc20:0x51318B7D00db7ACc4026C88c3952B66278B6A67F", "Plutus", "C"); INSERT INTO evm_tokens(identifier, token_kind, chain, address, decimals, protocol) VALUES("eip155:42161/erc20:0x51318B7D00db7ACc4026C88c3952B66278B6A67F", "A", 42161, "0x51318B7D00db7ACc4026C88c3952B66278B6A67F", 18, NULL); INSERT INTO common_asset_details(identifier, symbol, coingecko, cryptocompare, forked, started, swapped_for) VALUES("eip155:42161/erc20:0x51318B7D00db7ACc4026C88c3952B66278B6A67F", "PLS", "plutusdao", "PLUTUS", NULL, 1651134146, NULL);
*
INSERT INTO assets(identifier, name, type) VALUES("eip155:1/erc20:0xF1182229B71E79E504b1d2bF076C15a277311e05", "LBR", "C"); INSERT INTO evm_tokens(identifier, token_kind, chain, address, decimals, protocol) VALUES("eip155:1/erc20:0xF1182229B71E79E504b1d2bF076C15a277311e05", "A", 1, "0xF1182229B71E79E504b1d2bF076C15a277311e05", 18, NULL); INSERT INTO common_asset_details(identifier, symbol, coingecko, cryptocompare, forked, started, swapped_for) VALUES("eip155:1/erc20:0xF1182229B71E79E504b1d2bF076C15a277311e05", "LBR", "lybra-finance", "", NULL, 1682938415, NULL);
*
INSERT INTO assets(identifier, name, type) VALUES("eip155:1/erc20:0x733B5056a0697e7a4357305FE452999a0C409feb", "VCORE", "C"); INSERT INTO evm_tokens(identifier, token_kind, chain, address, decimals, protocol) VALUES("eip155:1/erc20:0x733B5056a0697e7a4357305FE452999a0C409feb", "A", 1, "0x733B5056a0697e7a4357305FE452999a0C409feb", 18, NULL); INSERT INTO common_asset_details(identifier, symbol, coingecko, cryptocompare, forked, started, swapped_for) VALUES("eip155:1/erc20:0x733B5056a0697e7a4357305FE452999a0C409feb", "VCORE", "vcore", "", NULL, 1650379821, NULL);
*
INSERT INTO assets(identifier, name, type) VALUES("eip155:1/erc20:0xCeDefE438860D2789dA6419b3a19cEcE2A41038d", "Love Hate Inu", "C"); INSERT INTO evm_tokens(identifier, token_kind, chain, address, decimals, protocol) VALUES("eip155:1/erc20:0xCeDefE438860D2789dA6419b3a19cEcE2A41038d", "A", 1, "0xCeDefE438860D2789dA6419b3a19cEcE2A41038d", 18, NULL); INSERT INTO common_asset_details(identifier, symbol, coingecko, cryptocompare, forked, started, swapped_for) VALUES("eip155:1/erc20:0xCeDefE438860D2789dA6419b3a19cEcE2A41038d", "LHINU", "love-hate-inu", "", NULL, NULL, NULL);
*
INSERT INTO assets(identifier, name, type) VALUES("eip155:137/erc20:0x0d500B1d8E8eF31E21C99d1Db9A6444d3ADf1270", "Wrapped Matic", "C"); INSERT INTO evm_tokens(identifier, token_kind, chain, address, decimals, protocol) VALUES("eip155:137/erc20:0x0d500B1d8E8eF31E21C99d1Db9A6444d3ADf1270", "A", 137, "0x0d500B1d8E8eF31E21C99d1Db9A6444d3ADf1270", 18, NULL); INSERT INTO common_asset_details(identifier, symbol, coingecko, cryptocompare, forked, started, swapped_for) VALUES("eip155:137/erc20:0x0d500B1d8E8eF31E21C99d1Db9A6444d3ADf1270", "WMATIC", "wmatic", "WMATIC", NULL, 1601030209, NULL);
*
INSERT INTO assets(identifier, name, type) VALUES("eip155:1/erc20:0x83F20F44975D03b1b09e64809B757c47f942BEeA", "Savings Dai", "C"); INSERT INTO evm_tokens(identifier, token_kind, chain, address, decimals, protocol) VALUES("eip155:1/erc20:0x83F20F44975D03b1b09e64809B757c47f942BEeA", "A", 1, "0x83F20F44975D03b1b09e64809B757c47f942BEeA", 18, NULL); INSERT INTO common_asset_details(identifier, symbol, coingecko, cryptocompare, forked, started, swapped_for) VALUES("eip155:1/erc20:0x83F20F44975D03b1b09e64809B757c47f942BEeA", "sDAI", "", "", NULL, 1673977931, NULL);
*
INSERT INTO assets(identifier, name, type) VALUES("NGN", "Naira", "A"); INSERT INTO common_asset_details(identifier, symbol, coingecko, cryptocompare, forked, started, swapped_for) VALUES("NGN", "NGN", "", "", NULL, NULL, NULL);
*
UPDATE common_asset_details SET coingecko="madai" where identifier="eip155:1/erc20:0x36F8d0D0573ae92326827C4a82Fe4CE4C244cAb6";
INSERT INTO assets(identifier, name, type) VALUES("eip155:1/erc20:0x36F8d0D0573ae92326827C4a82Fe4CE4C244cAb6", "Morpho-Aave Dai Stablecoin Supply Vault", "C"); INSERT INTO evm_tokens(identifier, token_kind, chain, address, decimals, protocol) VALUES("eip155:1/erc20:0x36F8d0D0573ae92326827C4a82Fe4CE4C244cAb6", "A", 1, "0x36F8d0D0573ae92326827C4a82Fe4CE4C244cAb6", 18, NULL); INSERT INTO common_asset_details(identifier, symbol, coingecko, cryptocompare, forked, started, swapped_for) VALUES("eip155:1/erc20:0x36F8d0D0573ae92326827C4a82Fe4CE4C244cAb6", "maDAI", "madai", "", NULL, NULL, NULL);
UPDATE common_asset_details SET coingecko="mausdc" where identifier="eip155:1/erc20:0xA5269A8e31B93Ff27B887B56720A25F844db0529";
INSERT INTO assets(identifier, name, type) VALUES("eip155:1/erc20:0xA5269A8e31B93Ff27B887B56720A25F844db0529", "Morpho-Aave USD Coin Supply Vault", "C"); INSERT INTO evm_tokens(identifier, token_kind, chain, address, decimals, protocol) VALUES("eip155:1/erc20:0xA5269A8e31B93Ff27B887B56720A25F844db0529", "A", 1, "0xA5269A8e31B93Ff27B887B56720A25F844db0529", 18, NULL); INSERT INTO common_asset_details(identifier, symbol, coingecko, cryptocompare, forked, started, swapped_for) VALUES("eip155:1/erc20:0xA5269A8e31B93Ff27B887B56720A25F844db0529", "maUSDC", "mausdc", "", NULL, NULL, NULL);
UPDATE common_asset_details SET coingecko="conic-finance" WHERE identifier="eip155:1/erc20:0x9aE380F0272E2162340a5bB646c354271c0F5cFC";
INSERT INTO assets(identifier, name, type) VALUES("eip155:1/erc20:0x9aE380F0272E2162340a5bB646c354271c0F5cFC", "Conic Finance Token", "C"); INSERT INTO evm_tokens(identifier, token_kind, chain, address, decimals, protocol) VALUES("eip155:1/erc20:0x9aE380F0272E2162340a5bB646c354271c0F5cFC", "A", 1, "0x9aE380F0272E2162340a5bB646c354271c0F5cFC", 18, NULL); INSERT INTO common_asset_details(identifier, symbol, coingecko, cryptocompare, forked, started, swapped_for) VALUES("eip155:1/erc20:0x9aE380F0272E2162340a5bB646c354271c0F5cFC", "CNC", "conic-finance", "", NULL, 1649267811, NULL);
UPDATE common_asset_details SET coingecko="limewire-token" WHERE identifier="eip155:56/erc20:0x1615946eb2a02a6C5c1CB1954c6BDAFC8Ef9949a";
INSERT INTO assets(identifier, name, type) VALUES("eip155:56/erc20:0x1615946eb2a02a6C5c1CB1954c6BDAFC8Ef9949a", "LimeWire", "C"); INSERT INTO evm_tokens(identifier, token_kind, chain, address, decimals, protocol) VALUES("eip155:56/erc20:0x1615946eb2a02a6C5c1CB1954c6BDAFC8Ef9949a", "A", 56, "0x1615946eb2a02a6C5c1CB1954c6BDAFC8Ef9949a", 18, NULL); INSERT INTO common_asset_details(identifier, symbol, coingecko, cryptocompare, forked, started, swapped_for) VALUES("eip155:56/erc20:0x1615946eb2a02a6C5c1CB1954c6BDAFC8Ef9949a", "LMWR", "limewire-token", "", NULL, 1683942592, NULL);
UPDATE common_asset_details SET coingecko="clever-usd" WHERE identifier="eip155:1/erc20:0x3C20Ac688410bE8F391bE1fb00AFc5C212972F86";
INSERT INTO assets(identifier, name, type) VALUES("eip155:1/erc20:0x3C20Ac688410bE8F391bE1fb00AFc5C212972F86", "CLever USD", "C"); INSERT INTO evm_tokens(identifier, token_kind, chain, address, decimals, protocol) VALUES("eip155:1/erc20:0x3C20Ac688410bE8F391bE1fb00AFc5C212972F86", "A", 1, "0x3C20Ac688410bE8F391bE1fb00AFc5C212972F86", 18, NULL); INSERT INTO common_asset_details(identifier, symbol, coingecko, cryptocompare, forked, started, swapped_for) VALUES("eip155:1/erc20:0x3C20Ac688410bE8F391bE1fb00AFc5C212972F86", "clevUSD", "clever-usd", "", NULL, 1669194407, NULL);
UPDATE common_asset_details SET coingecko="short-term-t-bill-token" WHERE identifier="eip155:1/erc20:0x530824DA86689C9C17CdC2871Ff29B058345b44a";
INSERT INTO assets(identifier, name, type) VALUES("eip155:1/erc20:0x530824DA86689C9C17CdC2871Ff29B058345b44a", "Short-term Treasury Bill Token", "C"); INSERT INTO evm_tokens(identifier, token_kind, chain, address, decimals, protocol) VALUES("eip155:1/erc20:0x530824DA86689C9C17CdC2871Ff29B058345b44a", "A", 1, "0x530824DA86689C9C17CdC2871Ff29B058345b44a", 18, NULL); INSERT INTO common_asset_details(identifier, symbol, coingecko, cryptocompare, forked, started, swapped_for) VALUES("eip155:1/erc20:0x530824DA86689C9C17CdC2871Ff29B058345b44a", "STBT", "short-term-t-bill-token", "", NULL, 1674023171, NULL);
UPDATE common_asset_details SET coingecko="zunami-protocol" WHERE identifier="eip155:1/erc20:0xb40b6608B2743E691C9B54DdBDEe7bf03cd79f1c";
INSERT INTO assets(identifier, name, type) VALUES("eip155:1/erc20:0xb40b6608B2743E691C9B54DdBDEe7bf03cd79f1c", "UZD Zunami Stable", "C"); INSERT INTO evm_tokens(identifier, token_kind, chain, address, decimals, protocol) VALUES("eip155:1/erc20:0xb40b6608B2743E691C9B54DdBDEe7bf03cd79f1c", "A", 1, "0xb40b6608B2743E691C9B54DdBDEe7bf03cd79f1c", 18, NULL); INSERT INTO common_asset_details(identifier, symbol, coingecko, cryptocompare, forked, started, swapped_for) VALUES("eip155:1/erc20:0xb40b6608B2743E691C9B54DdBDEe7bf03cd79f1c", "UZD", "zunami-protocol", "", NULL, 1678179743, NULL);
UPDATE common_asset_details SET coingecko="tether-gold", cryptocompare="XAUT" WHERE identifier="eip155:1/erc20:0x68749665FF8D2d112Fa859AA293F07A622782F38";
INSERT INTO assets(identifier, name, type) VALUES("eip155:1/erc20:0x68749665FF8D2d112Fa859AA293F07A622782F38", "Tether Gold", "C"); INSERT INTO evm_tokens(identifier, token_kind, chain, address, decimals, protocol) VALUES("eip155:1/erc20:0x68749665FF8D2d112Fa859AA293F07A622782F38", "A", 1, "0x68749665FF8D2d112Fa859AA293F07A622782F38", 6, NULL); INSERT INTO common_asset_details(identifier, symbol, coingecko, cryptocompare, forked, started, swapped_for) VALUES("eip155:1/erc20:0x68749665FF8D2d112Fa859AA293F07A622782F38", "XAUt", "tether-gold", "XAUT", NULL, 1635679310, NULL);
UPDATE common_asset_details SET coingecko="bent-finance" WHERE identifier="eip155:1/erc20:0x01597E397605Bf280674Bf292623460b4204C375";
INSERT INTO assets(identifier, name, type) VALUES("eip155:1/erc20:0x01597E397605Bf280674Bf292623460b4204C375", "Bent Token", "C"); INSERT INTO evm_tokens(identifier, token_kind, chain, address, decimals, protocol) VALUES("eip155:1/erc20:0x01597E397605Bf280674Bf292623460b4204C375", "A", 1, "0x01597E397605Bf280674Bf292623460b4204C375", 18, NULL); INSERT INTO common_asset_details(identifier, symbol, coingecko, cryptocompare, forked, started, swapped_for) VALUES("eip155:1/erc20:0x01597E397605Bf280674Bf292623460b4204C375", "BENT", "bent-finance", "", NULL, 1637312885, NULL);
UPDATE common_asset_details SET coingecko="fidu" WHERE identifier="eip155:1/erc20:0x6a445E9F40e0b97c92d0b8a3366cEF1d67F700BF";
INSERT INTO assets(identifier, name, type) VALUES("eip155:1/erc20:0x6a445E9F40e0b97c92d0b8a3366cEF1d67F700BF", "Fidu", "C"); INSERT INTO evm_tokens(identifier, token_kind, chain, address, decimals, protocol) VALUES("eip155:1/erc20:0x6a445E9F40e0b97c92d0b8a3366cEF1d67F700BF", "A", 1, "0x6a445E9F40e0b97c92d0b8a3366cEF1d67F700BF", 18, NULL); INSERT INTO common_asset_details(identifier, symbol, coingecko, cryptocompare, forked, started, swapped_for) VALUES("eip155:1/erc20:0x6a445E9F40e0b97c92d0b8a3366cEF1d67F700BF", "FIDU", "fidu", "", NULL, NULL, NULL);
UPDATE common_asset_details SET coingecko="paladin" WHERE identifier="eip155:1/erc20:0xAB846Fb6C81370327e784Ae7CbB6d6a6af6Ff4BF";
INSERT INTO assets(identifier, name, type) VALUES("eip155:1/erc20:0xAB846Fb6C81370327e784Ae7CbB6d6a6af6Ff4BF", "Paladin Token", "C"); INSERT INTO evm_tokens(identifier, token_kind, chain, address, decimals, protocol) VALUES("eip155:1/erc20:0xAB846Fb6C81370327e784Ae7CbB6d6a6af6Ff4BF", "A", 1, "0xAB846Fb6C81370327e784Ae7CbB6d6a6af6Ff4BF", 18, NULL); INSERT INTO common_asset_details(identifier, symbol, coingecko, cryptocompare, forked, started, swapped_for) VALUES("eip155:1/erc20:0xAB846Fb6C81370327e784Ae7CbB6d6a6af6Ff4BF", "PAL", "paladin", "", NULL, 1635408659, NULL);
UPDATE common_asset_details SET coingecko="feisty-doge-nft" WHERE identifier="eip155:1/erc20:0xAB846Fb6C81370327e784Ae7CbB6d6a6af6Ff4BF";
INSERT INTO assets(identifier, name, type) VALUES("eip155:1/erc20:0xAB846Fb6C81370327e784Ae7CbB6d6a6af6Ff4BF", "Paladin Token", "C"); INSERT INTO evm_tokens(identifier, token_kind, chain, address, decimals, protocol) VALUES("eip155:1/erc20:0xAB846Fb6C81370327e784Ae7CbB6d6a6af6Ff4BF", "A", 1, "0xAB846Fb6C81370327e784Ae7CbB6d6a6af6Ff4BF", 18, NULL); INSERT INTO common_asset_details(identifier, symbol, coingecko, cryptocompare, forked, started, swapped_for) VALUES("eip155:1/erc20:0xAB846Fb6C81370327e784Ae7CbB6d6a6af6Ff4BF", "PAL", "feisty-doge-nft", "", NULL, 1635408659, NULL);
UPDATE common_asset_details SET coingecko="silo-finance" WHERE identifier="eip155:1/erc20:0x6f80310CA7F2C654691D1383149Fa1A57d8AB1f8";
INSERT INTO assets(identifier, name, type) VALUES("eip155:1/erc20:0x6f80310CA7F2C654691D1383149Fa1A57d8AB1f8", "Silo Governance Token", "C"); INSERT INTO evm_tokens(identifier, token_kind, chain, address, decimals, protocol) VALUES("eip155:1/erc20:0x6f80310CA7F2C654691D1383149Fa1A57d8AB1f8", "A", 1, "0x6f80310CA7F2C654691D1383149Fa1A57d8AB1f8", 18, NULL); INSERT INTO common_asset_details(identifier, symbol, coingecko, cryptocompare, forked, started, swapped_for) VALUES("eip155:1/erc20:0x6f80310CA7F2C654691D1383149Fa1A57d8AB1f8", "Silo", "silo-finance", "", NULL, 1638296826, NULL);
UPDATE common_asset_details SET coingecko="feisty-doge-nft" WHERE identifier="eip155:1/erc20:0xDFDb7f72c1F195C5951a234e8DB9806EB0635346";
INSERT INTO assets(identifier, name, type) VALUES("eip155:1/erc20:0xDFDb7f72c1F195C5951a234e8DB9806EB0635346", "Feisty Doge NFT", "C"); INSERT INTO evm_tokens(identifier, token_kind, chain, address, decimals, protocol) VALUES("eip155:1/erc20:0xDFDb7f72c1F195C5951a234e8DB9806EB0635346", "A", 1, "0xDFDb7f72c1F195C5951a234e8DB9806EB0635346", 18, NULL); INSERT INTO common_asset_details(identifier, symbol, coingecko, cryptocompare, forked, started, swapped_for) VALUES("eip155:1/erc20:0xDFDb7f72c1F195C5951a234e8DB9806EB0635346", "NFD", "feisty-doge-nft", "", NULL, 1629386252, NULL);
UPDATE common_asset_details SET coingecko="concentrator" WHERE identifier="eip155:1/erc20:0xb3Ad645dB386D7F6D753B2b9C3F4B853DA6890B8";
INSERT INTO assets(identifier, name, type) VALUES("eip155:1/erc20:0xb3Ad645dB386D7F6D753B2b9C3F4B853DA6890B8", "Concentrator Token", "C"); INSERT INTO evm_tokens(identifier, token_kind, chain, address, decimals, protocol) VALUES("eip155:1/erc20:0xb3Ad645dB386D7F6D753B2b9C3F4B853DA6890B8", "A", 1, "0xb3Ad645dB386D7F6D753B2b9C3F4B853DA6890B8", 18, NULL); INSERT INTO common_asset_details(identifier, symbol, coingecko, cryptocompare, forked, started, swapped_for) VALUES("eip155:1/erc20:0xb3Ad645dB386D7F6D753B2b9C3F4B853DA6890B8", "CTR", "concentrator", "", NULL, 1657464253, NULL);