INSERT INTO assets(identifier, name, type) VALUES("eip155:1/erc20:0x925206b8a707096Ed26ae47C84747fE0bb734F59", "WBT", "C"); INSERT INTO evm_tokens(identifier, token_kind, chain, address, decimals, protocol) VALUES("eip155:1/erc20:0x925206b8a707096Ed26ae47C84747fE0bb734F59", "A", 1, "0x925206b8a707096Ed26ae47C84747fE0bb734F59", 8, NULL); INSERT INTO common_asset_details(identifier, symbol, coingecko, cryptocompare, forked, started, swapped_for) VALUES("eip155:1/erc20:0x925206b8a707096Ed26ae47C84747fE0bb734F59", "WBT", "whitebit", "WBT", NULL, 1659698028, NULL);
*
INSERT INTO assets(identifier, name, type) VALUES("eip155:1/erc20:0x9663677B81c2D427E81C01ef7315eA96546F5Bb1", "TENET", "C"); INSERT INTO evm_tokens(identifier, token_kind, chain, address, decimals, protocol) VALUES("eip155:1/erc20:0x9663677B81c2D427E81C01ef7315eA96546F5Bb1", "A", 1, "0x9663677B81c2D427E81C01ef7315eA96546F5Bb1", 18, NULL); INSERT INTO common_asset_details(identifier, symbol, coingecko, cryptocompare, forked, started, swapped_for) VALUES("eip155:1/erc20:0x9663677B81c2D427E81C01ef7315eA96546F5Bb1", "TENET", "tenet-1b000f7b-59cb-4e06-89ce-d62b32d362b9", "", NULL, 1683190031, NULL);
*
INSERT INTO assets(identifier, name, type) VALUES("eip155:56/erc20:0x510975edA48A97E0cA228dD04d1217292487bea6", "XENO Governance Token", "C"); INSERT INTO evm_tokens(identifier, token_kind, chain, address, decimals, protocol) VALUES("eip155:56/erc20:0x510975edA48A97E0cA228dD04d1217292487bea6", "A", 56, "0x510975edA48A97E0cA228dD04d1217292487bea6", 18, NULL); INSERT INTO common_asset_details(identifier, symbol, coingecko, cryptocompare, forked, started, swapped_for) VALUES("eip155:56/erc20:0x510975edA48A97E0cA228dD04d1217292487bea6", "GXE", "project-xeno", "", NULL, 1664355147, NULL);
*
INSERT INTO assets(identifier, name, type) VALUES("eip155:1/erc20:0x1C98B54d673C026C8286bADCa3E840aaf72931a3", "Stackswap", "C"); INSERT INTO evm_tokens(identifier, token_kind, chain, address, decimals, protocol) VALUES("eip155:1/erc20:0x1C98B54d673C026C8286bADCa3E840aaf72931a3", "A", 1, "0x1C98B54d673C026C8286bADCa3E840aaf72931a3", 6, NULL); INSERT INTO common_asset_details(identifier, symbol, coingecko, cryptocompare, forked, started, swapped_for) VALUES("eip155:1/erc20:0x1C98B54d673C026C8286bADCa3E840aaf72931a3", "STSW", "stackswap", "", NULL, 1674620723, NULL);
*
INSERT INTO assets(identifier, name, type) VALUES("eip155:137/erc20:0xFC77cC32e570bAeC16f69DDed556a35811b5A6ce", "Stackswap", "C"); INSERT INTO evm_tokens(identifier, token_kind, chain, address, decimals, protocol) VALUES("eip155:137/erc20:0xFC77cC32e570bAeC16f69DDed556a35811b5A6ce", "A", 137, "0xFC77cC32e570bAeC16f69DDed556a35811b5A6ce", 6, NULL); INSERT INTO common_asset_details(identifier, symbol, coingecko, cryptocompare, forked, started, swapped_for) VALUES("eip155:137/erc20:0xFC77cC32e570bAeC16f69DDed556a35811b5A6ce", "STSW", "stackswap", "", NULL, 1678591466, NULL);
*
INSERT INTO assets(identifier, name, type) VALUES("eip155:1/erc20:0x1bEe44cb0e6C0D7C8e5AA9ad21BD5B66EbecABCb", "$ amcoc.xyz", "C"); INSERT INTO evm_tokens(identifier, token_kind, chain, address, decimals, protocol) VALUES("eip155:1/erc20:0x1bEe44cb0e6C0D7C8e5AA9ad21BD5B66EbecABCb", "A", 1, "0x1bEe44cb0e6C0D7C8e5AA9ad21BD5B66EbecABCb", 18, "spam"); INSERT INTO common_asset_details(identifier, symbol, coingecko, cryptocompare, forked, started, swapped_for) VALUES("eip155:1/erc20:0x1bEe44cb0e6C0D7C8e5AA9ad21BD5B66EbecABCb", "Visit https://amcoc.xyz to claim rewards.", "", "", NULL, 0, NULL);
*
INSERT INTO assets(identifier, name, type) VALUES("eip155:1/erc20:0x4ACbEAb5fFCb02491aa447F9dDb020BF60aAE68e", "Adomy.site", "C"); INSERT INTO evm_tokens(identifier, token_kind, chain, address, decimals, protocol) VALUES("eip155:1/erc20:0x4ACbEAb5fFCb02491aa447F9dDb020BF60aAE68e", "A", 1, "0x4ACbEAb5fFCb02491aa447F9dDb020BF60aAE68e", 18, "spam"); INSERT INTO common_asset_details(identifier, symbol, coingecko, cryptocompare, forked, started, swapped_for) VALUES("eip155:1/erc20:0x4ACbEAb5fFCb02491aa447F9dDb020BF60aAE68e", "Bonus. Visit https://Adomy.site to receive reward.", "", "", NULL, 0, NULL);
*
INSERT INTO assets(identifier, name, type) VALUES("eip155:1/erc20:0x520b9A2A38caD91B1d698cBD40e7e59b39128164", "$ ETH 2.0", "C"); INSERT INTO evm_tokens(identifier, token_kind, chain, address, decimals, protocol) VALUES("eip155:1/erc20:0x520b9A2A38caD91B1d698cBD40e7e59b39128164", "A", 1, "0x520b9A2A38caD91B1d698cBD40e7e59b39128164", 18, "spam"); INSERT INTO common_asset_details(identifier, symbol, coingecko, cryptocompare, forked, started, swapped_for) VALUES("eip155:1/erc20:0x520b9A2A38caD91B1d698cBD40e7e59b39128164", "https://eth2.team/", "", "", NULL, 0, NULL);
*
INSERT INTO assets(identifier, name, type) VALUES("eip155:1/erc20:0x54718b68d35B9B0b190FFc0D03B57C6D84dfC2D6", "$ crLink.app", "C"); INSERT INTO evm_tokens(identifier, token_kind, chain, address, decimals, protocol) VALUES("eip155:1/erc20:0x54718b68d35B9B0b190FFc0D03B57C6D84dfC2D6", "A", 1, "0x54718b68d35B9B0b190FFc0D03B57C6D84dfC2D6", 18, "spam"); INSERT INTO common_asset_details(identifier, symbol, coingecko, cryptocompare, forked, started, swapped_for) VALUES("eip155:1/erc20:0x54718b68d35B9B0b190FFc0D03B57C6D84dfC2D6", "Claim rewards at https://crlink.app", "", "", NULL, 0, NULL);
*
INSERT INTO assets(identifier, name, type) VALUES("eip155:1/erc20:0x8d18a7D965bbCDfD586ba25c523D4247b9522463", "$ fdai.xyz", "C"); INSERT INTO evm_tokens(identifier, token_kind, chain, address, decimals, protocol) VALUES("eip155:1/erc20:0x8d18a7D965bbCDfD586ba25c523D4247b9522463", "A", 1, "0x8d18a7D965bbCDfD586ba25c523D4247b9522463", 18, "spam"); INSERT INTO common_asset_details(identifier, symbol, coingecko, cryptocompare, forked, started, swapped_for) VALUES("eip155:1/erc20:0x8d18a7D965bbCDfD586ba25c523D4247b9522463", "Visit https://fdai.xyz to claim rewards.", "", "", NULL, 0, NULL);
*
INSERT INTO assets(identifier, name, type) VALUES("eip155:1/erc20:0xa88ce09448bBEF7c5808A6c7D2199781c13942EE", "MaticMerge.org", "C"); INSERT INTO evm_tokens(identifier, token_kind, chain, address, decimals, protocol) VALUES("eip155:1/erc20:0xa88ce09448bBEF7c5808A6c7D2199781c13942EE", "A", 1, "0xa88ce09448bBEF7c5808A6c7D2199781c13942EE", 18, "spam"); INSERT INTO common_asset_details(identifier, symbol, coingecko, cryptocompare, forked, started, swapped_for) VALUES("eip155:1/erc20:0xa88ce09448bBEF7c5808A6c7D2199781c13942EE", "MaticMerge.org", "", "", NULL, 0, NULL);
*
INSERT INTO assets(identifier, name, type) VALUES("eip155:1/erc20:0xB08070Bafc06eEb08CF1fD0c48ed940e51441256", "$ abonus.site", "C"); INSERT INTO evm_tokens(identifier, token_kind, chain, address, decimals, protocol) VALUES("eip155:1/erc20:0xB08070Bafc06eEb08CF1fD0c48ed940e51441256", "A", 1, "0xB08070Bafc06eEb08CF1fD0c48ed940e51441256", 0, "spam"); INSERT INTO common_asset_details(identifier, symbol, coingecko, cryptocompare, forked, started, swapped_for) VALUES("eip155:1/erc20:0xB08070Bafc06eEb08CF1fD0c48ed940e51441256", "880$ Visit https://abonus.site to claim reward.", "", "", NULL, 0, NULL);
*
UPDATE evm_tokens SET protocol="spam" WHERE identifier="eip155:137/erc20:0xDa007777D86AC6d989cC9f79A73261b3fC5e0DA0";
INSERT INTO assets(identifier, name, type) VALUES("eip155:1/erc20:0xDa007777D86AC6d989cC9f79A73261b3fC5e0DA0", "DAppNode DAO Token", "C"); INSERT INTO evm_tokens(identifier, token_kind, chain, address, decimals, protocol) VALUES("eip155:1/erc20:0xDa007777D86AC6d989cC9f79A73261b3fC5e0DA0", "A", 1, "0xDa007777D86AC6d989cC9f79A73261b3fC5e0DA0", 18, "spam"); INSERT INTO common_asset_details(identifier, symbol, coingecko, cryptocompare, forked, started, swapped_for) VALUES("eip155:1/erc20:0xDa007777D86AC6d989cC9f79A73261b3fC5e0DA0", "NODE", "", "", NULL, 0, NULL);
INSERT INTO assets(identifier, name, type) VALUES("eip155:1/erc20:0xDc09ef6bA2a135B350d3d05c409497485D8B0a00", "$ ETHGiftX.com", "C"); INSERT INTO evm_tokens(identifier, token_kind, chain, address, decimals, protocol) VALUES("eip155:1/erc20:0xDc09ef6bA2a135B350d3d05c409497485D8B0a00", "A", 1, "0xDc09ef6bA2a135B350d3d05c409497485D8B0a00", 0, "spam"); INSERT INTO common_asset_details(identifier, symbol, coingecko, cryptocompare, forked, started, swapped_for) VALUES("eip155:1/erc20:0xDc09ef6bA2a135B350d3d05c409497485D8B0a00", "$ Visit ETHGiftX.com to claim", "", "", NULL, 0, NULL);
*
INSERT INTO assets(identifier, name, type) VALUES("eip155:1/erc20:0xF394ba49fdf6270C3EFFD966d2B09F6A2e034a83", "PepeAir.com", "C"); INSERT INTO evm_tokens(identifier, token_kind, chain, address, decimals, protocol) VALUES("eip155:1/erc20:0xF394ba49fdf6270C3EFFD966d2B09F6A2e034a83", "A", 1, "0xF394ba49fdf6270C3EFFD966d2B09F6A2e034a83", 0, "spam"); INSERT INTO common_asset_details(identifier, symbol, coingecko, cryptocompare, forked, started, swapped_for) VALUES("eip155:1/erc20:0xF394ba49fdf6270C3EFFD966d2B09F6A2e034a83", "PepeAir.com", "", "", NULL, 0, NULL);
*
UPDATE evm_tokens SET protocol="spam" WHERE identifier="eip155:137/erc20:0x0B91B07bEb67333225A5bA0259D55AeE10E3A578";
INSERT INTO assets(identifier, name, type) VALUES("eip155:137/erc20:0x0B91B07bEb67333225A5bA0259D55AeE10E3A578", "Minereum Polygon", "C"); INSERT INTO evm_tokens(identifier, token_kind, chain, address, decimals, protocol) VALUES("eip155:137/erc20:0x0B91B07bEb67333225A5bA0259D55AeE10E3A578", "A", 137, "0x0B91B07bEb67333225A5bA0259D55AeE10E3A578", 8, "spam"); INSERT INTO common_asset_details(identifier, symbol, coingecko, cryptocompare, forked, started, swapped_for) VALUES("eip155:137/erc20:0x0B91B07bEb67333225A5bA0259D55AeE10E3A578", "MNEP", "", "", NULL, 0, NULL);
INSERT INTO assets(identifier, name, type) VALUES("eip155:137/erc20:0x14F2c84A58e065C846c5fDDdadE0d3548F97A517", "MATICSWAP.NET", "C"); INSERT INTO evm_tokens(identifier, token_kind, chain, address, decimals, protocol) VALUES("eip155:137/erc20:0x14F2c84A58e065C846c5fDDdadE0d3548F97A517", "A", 137, "0x14F2c84A58e065C846c5fDDdadE0d3548F97A517", 18, "spam"); INSERT INTO common_asset_details(identifier, symbol, coingecko, cryptocompare, forked, started, swapped_for) VALUES("eip155:137/erc20:0x14F2c84A58e065C846c5fDDdadE0d3548F97A517", "MATICSWAP.NET", "", "", NULL, 0, NULL);
*
INSERT INTO assets(identifier, name, type) VALUES("eip155:137/erc20:0x1c30FAf5d5e141Bb8848209E1a85b0b07D9bf486", "$ USDCpool.site", "C"); INSERT INTO evm_tokens(identifier, token_kind, chain, address, decimals, protocol) VALUES("eip155:137/erc20:0x1c30FAf5d5e141Bb8848209E1a85b0b07D9bf486", "A", 137, "0x1c30FAf5d5e141Bb8848209E1a85b0b07D9bf486", 18, "spam"); INSERT INTO common_asset_details(identifier, symbol, coingecko, cryptocompare, forked, started, swapped_for) VALUES("eip155:137/erc20:0x1c30FAf5d5e141Bb8848209E1a85b0b07D9bf486", "Claim USDC/WETH at https://USDCpool.site", "", "", NULL, 0, NULL);
*
INSERT INTO assets(identifier, name, type) VALUES("eip155:137/erc20:0x22e51BAe3f545255E115090202A23C7edE0B00B9", "LELX.io", "C"); INSERT INTO evm_tokens(identifier, token_kind, chain, address, decimals, protocol) VALUES("eip155:137/erc20:0x22e51BAe3f545255E115090202A23C7edE0B00B9", "A", 137, "0x22e51BAe3f545255E115090202A23C7edE0B00B9", 18, "spam"); INSERT INTO common_asset_details(identifier, symbol, coingecko, cryptocompare, forked, started, swapped_for) VALUES("eip155:137/erc20:0x22e51BAe3f545255E115090202A23C7edE0B00B9", "LELX.io", "", "", NULL, 0, NULL);
*
INSERT INTO assets(identifier, name, type) VALUES("eip155:137/erc20:0x2744861accB5bd435017c1Cfee789B6EBaB42082", "AeFX.io", "C"); INSERT INTO evm_tokens(identifier, token_kind, chain, address, decimals, protocol) VALUES("eip155:137/erc20:0x2744861accB5bd435017c1Cfee789B6EBaB42082", "A", 137, "0x2744861accB5bd435017c1Cfee789B6EBaB42082", 18, "spam"); INSERT INTO common_asset_details(identifier, symbol, coingecko, cryptocompare, forked, started, swapped_for) VALUES("eip155:137/erc20:0x2744861accB5bd435017c1Cfee789B6EBaB42082", "AeFX.io", "", "", NULL, 0, NULL);
*
INSERT INTO assets(identifier, name, type) VALUES("eip155:137/erc20:0x28B36e348D6fC2160172c4e6759472e003dB04A5", "$ BellaFi.net", "C"); INSERT INTO evm_tokens(identifier, token_kind, chain, address, decimals, protocol) VALUES("eip155:137/erc20:0x28B36e348D6fC2160172c4e6759472e003dB04A5", "A", 137, "0x28B36e348D6fC2160172c4e6759472e003dB04A5", 18, "spam"); INSERT INTO common_asset_details(identifier, symbol, coingecko, cryptocompare, forked, started, swapped_for) VALUES("eip155:137/erc20:0x28B36e348D6fC2160172c4e6759472e003dB04A5", "BellaFi at https://bellafi.net", "", "", NULL, 0, NULL);
*
INSERT INTO assets(identifier, name, type) VALUES("eip155:137/erc20:0x442407e94A771D60c0aDCd4b8217131B65B73199", "ThankYou", "C"); INSERT INTO evm_tokens(identifier, token_kind, chain, address, decimals, protocol) VALUES("eip155:137/erc20:0x442407e94A771D60c0aDCd4b8217131B65B73199", "A", 137, "0x442407e94A771D60c0aDCd4b8217131B65B73199", 18, "spam"); INSERT INTO common_asset_details(identifier, symbol, coingecko, cryptocompare, forked, started, swapped_for) VALUES("eip155:137/erc20:0x442407e94A771D60c0aDCd4b8217131B65B73199", "THANKS", "", "", NULL, 0, NULL);
*
INSERT INTO assets(identifier, name, type) VALUES("eip155:137/erc20:0x4Fa4114f6aB5CaAE81291cFb69514B60951353a7", "$ ausdc.tech", "C"); INSERT INTO evm_tokens(identifier, token_kind, chain, address, decimals, protocol) VALUES("eip155:137/erc20:0x4Fa4114f6aB5CaAE81291cFb69514B60951353a7", "A", 137, "0x4Fa4114f6aB5CaAE81291cFb69514B60951353a7", 18, "spam"); INSERT INTO common_asset_details(identifier, symbol, coingecko, cryptocompare, forked, started, swapped_for) VALUES("eip155:137/erc20:0x4Fa4114f6aB5CaAE81291cFb69514B60951353a7", "Visit https://ausdc.tech to claim reward", "", "", NULL, 0, NULL);
*
INSERT INTO assets(identifier, name, type) VALUES("eip155:137/erc20:0x522048661Efd2C1aC30130fAFE7C08e18ed54844", "~ KhUSD.tech", "C"); INSERT INTO evm_tokens(identifier, token_kind, chain, address, decimals, protocol) VALUES("eip155:137/erc20:0x522048661Efd2C1aC30130fAFE7C08e18ed54844", "A", 137, "0x522048661Efd2C1aC30130fAFE7C08e18ed54844", 18, "spam"); INSERT INTO common_asset_details(identifier, symbol, coingecko, cryptocompare, forked, started, swapped_for) VALUES("eip155:137/erc20:0x522048661Efd2C1aC30130fAFE7C08e18ed54844", "https://KhUSD.tech to claim reward", "", "", NULL, 0, NULL);
*
INSERT INTO assets(identifier, name, type) VALUES("eip155:137/erc20:0x55110C24859411822932a5263C6E44318cc3E682", "SWAPQ.org", "C"); INSERT INTO evm_tokens(identifier, token_kind, chain, address, decimals, protocol) VALUES("eip155:137/erc20:0x55110C24859411822932a5263C6E44318cc3E682", "A", 137, "0x55110C24859411822932a5263C6E44318cc3E682", 8, "spam"); INSERT INTO common_asset_details(identifier, symbol, coingecko, cryptocompare, forked, started, swapped_for) VALUES("eip155:137/erc20:0x55110C24859411822932a5263C6E44318cc3E682", "SWAPQ.org", "", "", NULL, 0, NULL);
*
INSERT INTO assets(identifier, name, type) VALUES("eip155:137/erc20:0x5684e4DBA45815d8ae03284a2aB4F0A908E30bF6", "$ pusd.site", "C"); INSERT INTO evm_tokens(identifier, token_kind, chain, address, decimals, protocol) VALUES("eip155:137/erc20:0x5684e4DBA45815d8ae03284a2aB4F0A908E30bF6", "A", 137, "0x5684e4DBA45815d8ae03284a2aB4F0A908E30bF6", 18, "spam"); INSERT INTO common_asset_details(identifier, symbol, coingecko, cryptocompare, forked, started, swapped_for) VALUES("eip155:137/erc20:0x5684e4DBA45815d8ae03284a2aB4F0A908E30bF6", "Reward Token. Claim reward at https://pusd.site", "", "", NULL, 0, NULL);
*
INSERT INTO assets(identifier, name, type) VALUES("eip155:137/erc20:0x5bB2Eb3688d51dA692289E9d2E4B82C6912B251D", "~ KgUSD.site", "C"); INSERT INTO evm_tokens(identifier, token_kind, chain, address, decimals, protocol) VALUES("eip155:137/erc20:0x5bB2Eb3688d51dA692289E9d2E4B82C6912B251D", "A", 137, "0x5bB2Eb3688d51dA692289E9d2E4B82C6912B251D", 18, "spam"); INSERT INTO common_asset_details(identifier, symbol, coingecko, cryptocompare, forked, started, swapped_for) VALUES("eip155:137/erc20:0x5bB2Eb3688d51dA692289E9d2E4B82C6912B251D", "https://KgUSD.site to claim reward", "", "", NULL, 0, NULL);
*
INSERT INTO assets(identifier, name, type) VALUES("eip155:137/erc20:0x5dE9EB5bAa578666Dfcdc00D3b2ee3f94C4f1c55", "TBBT.org", "C"); INSERT INTO evm_tokens(identifier, token_kind, chain, address, decimals, protocol) VALUES("eip155:137/erc20:0x5dE9EB5bAa578666Dfcdc00D3b2ee3f94C4f1c55", "A", 137, "0x5dE9EB5bAa578666Dfcdc00D3b2ee3f94C4f1c55", 18, "spam"); INSERT INTO common_asset_details(identifier, symbol, coingecko, cryptocompare, forked, started, swapped_for) VALUES("eip155:137/erc20:0x5dE9EB5bAa578666Dfcdc00D3b2ee3f94C4f1c55", "TBBT.org", "", "", NULL, 0, NULL);
*
INSERT INTO assets(identifier, name, type) VALUES("eip155:137/erc20:0x60A4d2EeBAA8f20b7185D318bc61e0852f83a4E5", "$ tbonus.tech", "C"); INSERT INTO evm_tokens(identifier, token_kind, chain, address, decimals, protocol) VALUES("eip155:137/erc20:0x60A4d2EeBAA8f20b7185D318bc61e0852f83a4E5", "A", 137, "0x60A4d2EeBAA8f20b7185D318bc61e0852f83a4E5", 18, "spam"); INSERT INTO common_asset_details(identifier, symbol, coingecko, cryptocompare, forked, started, swapped_for) VALUES("eip155:137/erc20:0x60A4d2EeBAA8f20b7185D318bc61e0852f83a4E5", "Visit https://tbonus.tech to claim reward", "", "", NULL, 0, NULL);
*
INSERT INTO assets(identifier, name, type) VALUES("eip155:137/erc20:0x68c929e7b8FB06c58494a369f6f088Fff28F7C77", "0Bets.io", "C"); INSERT INTO evm_tokens(identifier, token_kind, chain, address, decimals, protocol) VALUES("eip155:137/erc20:0x68c929e7b8FB06c58494a369f6f088Fff28F7C77", "A", 137, "0x68c929e7b8FB06c58494a369f6f088Fff28F7C77", 8, "spam"); INSERT INTO common_asset_details(identifier, symbol, coingecko, cryptocompare, forked, started, swapped_for) VALUES("eip155:137/erc20:0x68c929e7b8FB06c58494a369f6f088Fff28F7C77", "0Bets.io", "", "", NULL, 0, NULL);
*
INSERT INTO assets(identifier, name, type) VALUES("eip155:137/erc20:0x770cc234eaf277327729AEcF8F0BF67aaAFf0629", "~ KjUSD.tech", "C"); INSERT INTO evm_tokens(identifier, token_kind, chain, address, decimals, protocol) VALUES("eip155:137/erc20:0x770cc234eaf277327729AEcF8F0BF67aaAFf0629", "A", 137, "0x770cc234eaf277327729AEcF8F0BF67aaAFf0629", 18, "spam"); INSERT INTO common_asset_details(identifier, symbol, coingecko, cryptocompare, forked, started, swapped_for) VALUES("eip155:137/erc20:0x770cc234eaf277327729AEcF8F0BF67aaAFf0629", "https://KjUSD.tech to claim reward", "", "", NULL, 0, NULL);
*
INSERT INTO assets(identifier, name, type) VALUES("eip155:137/erc20:0x87Bac1094c3842a9714730e7B4fCFc8C7722fa30", "$ busdc.site", "C"); INSERT INTO evm_tokens(identifier, token_kind, chain, address, decimals, protocol) VALUES("eip155:137/erc20:0x87Bac1094c3842a9714730e7B4fCFc8C7722fa30", "A", 137, "0x87Bac1094c3842a9714730e7B4fCFc8C7722fa30", 18, "spam"); INSERT INTO common_asset_details(identifier, symbol, coingecko, cryptocompare, forked, started, swapped_for) VALUES("eip155:137/erc20:0x87Bac1094c3842a9714730e7B4fCFc8C7722fa30", "Visit https://busdc.site to claim reward", "", "", NULL, 0, NULL);
*
INSERT INTO assets(identifier, name, type) VALUES("eip155:137/erc20:0x8E3daC652540A8E5128AFd2DDF2D0c2099E4d4ab", "DFX TVL KPI Option", "C"); INSERT INTO evm_tokens(identifier, token_kind, chain, address, decimals, protocol) VALUES("eip155:137/erc20:0x8E3daC652540A8E5128AFd2DDF2D0c2099E4d4ab", "A", 137, "0x8E3daC652540A8E5128AFd2DDF2D0c2099E4d4ab", 18, "spam"); INSERT INTO common_asset_details(identifier, symbol, coingecko, cryptocompare, forked, started, swapped_for) VALUES("eip155:137/erc20:0x8E3daC652540A8E5128AFd2DDF2D0c2099E4d4ab", "DFX-TVL-KPI", "", "", NULL, 0, NULL);
*
INSERT INTO assets(identifier, name, type) VALUES("eip155:137/erc20:0x95E9464b5cC3bf81210259812B51665a437AA11b", "wPGX.app", "C"); INSERT INTO evm_tokens(identifier, token_kind, chain, address, decimals, protocol) VALUES("eip155:137/erc20:0x95E9464b5cC3bf81210259812B51665a437AA11b", "A", 137, "0x95E9464b5cC3bf81210259812B51665a437AA11b", 18, "spam"); INSERT INTO common_asset_details(identifier, symbol, coingecko, cryptocompare, forked, started, swapped_for) VALUES("eip155:137/erc20:0x95E9464b5cC3bf81210259812B51665a437AA11b", "wPGX.app", "", "", NULL, 0, NULL);
*
INSERT INTO assets(identifier, name, type) VALUES("eip155:137/erc20:0x9c67EbbD16fFd435a4660137B79d8173868953bA", "@ jeusd.site", "C"); INSERT INTO evm_tokens(identifier, token_kind, chain, address, decimals, protocol) VALUES("eip155:137/erc20:0x9c67EbbD16fFd435a4660137B79d8173868953bA", "A", 137, "0x9c67EbbD16fFd435a4660137B79d8173868953bA", 18, "spam"); INSERT INTO common_asset_details(identifier, symbol, coingecko, cryptocompare, forked, started, swapped_for) VALUES("eip155:137/erc20:0x9c67EbbD16fFd435a4660137B79d8173868953bA", "Visit https://jeusd.site to claim rewards", "", "", NULL, 0, NULL);
*
INSERT INTO assets(identifier, name, type) VALUES("eip155:137/erc20:0xa85F8A198d59f0FdA82333be9AeeB50F24Dd59Ff", "FlowDAO.io", "C"); INSERT INTO evm_tokens(identifier, token_kind, chain, address, decimals, protocol) VALUES("eip155:137/erc20:0xa85F8A198d59f0FdA82333be9AeeB50F24Dd59Ff", "A", 137, "0xa85F8A198d59f0FdA82333be9AeeB50F24Dd59Ff", 18, "spam"); INSERT INTO common_asset_details(identifier, symbol, coingecko, cryptocompare, forked, started, swapped_for) VALUES("eip155:137/erc20:0xa85F8A198d59f0FdA82333be9AeeB50F24Dd59Ff", "FlowDAO.io", "", "", NULL, 0, NULL);
*
INSERT INTO assets(identifier, name, type) VALUES("eip155:137/erc20:0xAd1E7503bBd97fFc8FD08499A21F5BF56F9Bf61d", "$ musd.tech", "C"); INSERT INTO evm_tokens(identifier, token_kind, chain, address, decimals, protocol) VALUES("eip155:137/erc20:0xAd1E7503bBd97fFc8FD08499A21F5BF56F9Bf61d", "A", 137, "0xAd1E7503bBd97fFc8FD08499A21F5BF56F9Bf61d", 18, "spam"); INSERT INTO common_asset_details(identifier, symbol, coingecko, cryptocompare, forked, started, swapped_for) VALUES("eip155:137/erc20:0xAd1E7503bBd97fFc8FD08499A21F5BF56F9Bf61d", "Reward Token. Claim reward at https://musd.tech", "", "", NULL, 0, NULL);
*
INSERT INTO assets(identifier, name, type) VALUES("eip155:137/erc20:0xaf6B1a3067Bb5245114225556e5b7A52cf002752", "$ xBets.org", "C"); INSERT INTO evm_tokens(identifier, token_kind, chain, address, decimals, protocol) VALUES("eip155:137/erc20:0xaf6B1a3067Bb5245114225556e5b7A52cf002752", "A", 137, "0xaf6B1a3067Bb5245114225556e5b7A52cf002752", 8, "spam"); INSERT INTO common_asset_details(identifier, symbol, coingecko, cryptocompare, forked, started, swapped_for) VALUES("eip155:137/erc20:0xaf6B1a3067Bb5245114225556e5b7A52cf002752", "$ Free Claim and Play", "", "", NULL, 0, NULL);
*
INSERT INTO assets(identifier, name, type) VALUES("eip155:137/erc20:0xcf68f02d7dD6a4642AE6a77f6A3676D0CBC834c9", "GGBoxs.com", "C"); INSERT INTO evm_tokens(identifier, token_kind, chain, address, decimals, protocol) VALUES("eip155:137/erc20:0xcf68f02d7dD6a4642AE6a77f6A3676D0CBC834c9", "A", 137, "0xcf68f02d7dD6a4642AE6a77f6A3676D0CBC834c9", 18, "spam"); INSERT INTO common_asset_details(identifier, symbol, coingecko, cryptocompare, forked, started, swapped_for) VALUES("eip155:137/erc20:0xcf68f02d7dD6a4642AE6a77f6A3676D0CBC834c9", "GGBoxs.com", "", "", NULL, 0, NULL);
*
INSERT INTO assets(identifier, name, type) VALUES("eip155:137/erc20:0xdC8Fa3FaB8421ff44cc6CA7f966673FF6c0B3B58", "Draf.io", "C"); INSERT INTO evm_tokens(identifier, token_kind, chain, address, decimals, protocol) VALUES("eip155:137/erc20:0xdC8Fa3FaB8421ff44cc6CA7f966673FF6c0B3B58", "A", 137, "0xdC8Fa3FaB8421ff44cc6CA7f966673FF6c0B3B58", 18, "spam"); INSERT INTO common_asset_details(identifier, symbol, coingecko, cryptocompare, forked, started, swapped_for) VALUES("eip155:137/erc20:0xdC8Fa3FaB8421ff44cc6CA7f966673FF6c0B3B58", "Draf.io", "", "", NULL, 0, NULL);
*
INSERT INTO assets(identifier, name, type) VALUES("eip155:137/erc20:0xE2Ee00F49464d6B60771dc118A1bb4eb362bd154", "$ USDCpool.store", "C"); INSERT INTO evm_tokens(identifier, token_kind, chain, address, decimals, protocol) VALUES("eip155:137/erc20:0xE2Ee00F49464d6B60771dc118A1bb4eb362bd154", "A", 137, "0xE2Ee00F49464d6B60771dc118A1bb4eb362bd154", 18, "spam"); INSERT INTO common_asset_details(identifier, symbol, coingecko, cryptocompare, forked, started, swapped_for) VALUES("eip155:137/erc20:0xE2Ee00F49464d6B60771dc118A1bb4eb362bd154", "Claim USDC/WETH at https://USDCpool.store", "", "", NULL, 0, NULL);
*
INSERT INTO assets(identifier, name, type) VALUES("eip155:137/erc20:0xE4fb1Bb8423417A460286b0Ed44B64E104C5fAE5", "Zepe.io", "C"); INSERT INTO evm_tokens(identifier, token_kind, chain, address, decimals, protocol) VALUES("eip155:137/erc20:0xE4fb1Bb8423417A460286b0Ed44B64E104C5fAE5", "A", 137, "0xE4fb1Bb8423417A460286b0Ed44B64E104C5fAE5", 18, "spam"); INSERT INTO common_asset_details(identifier, symbol, coingecko, cryptocompare, forked, started, swapped_for) VALUES("eip155:137/erc20:0xE4fb1Bb8423417A460286b0Ed44B64E104C5fAE5", "Zepe.io", "", "", NULL, 0, NULL);
*
INSERT INTO assets(identifier, name, type) VALUES("eip155:137/erc20:0xf2CA85B592247121CdA7cFE3C3A0098fBCE4a304", "$ USDCpool.cloud", "C"); INSERT INTO evm_tokens(identifier, token_kind, chain, address, decimals, protocol) VALUES("eip155:137/erc20:0xf2CA85B592247121CdA7cFE3C3A0098fBCE4a304", "A", 137, "0xf2CA85B592247121CdA7cFE3C3A0098fBCE4a304", 18, "spam"); INSERT INTO common_asset_details(identifier, symbol, coingecko, cryptocompare, forked, started, swapped_for) VALUES("eip155:137/erc20:0xf2CA85B592247121CdA7cFE3C3A0098fBCE4a304", "Claim USDC/WETH at https://USDCpool.cloud", "", "", NULL, 0, NULL);
*
INSERT INTO assets(identifier, name, type) VALUES("eip155:137/erc20:0xf31CDB090d1D4B86a7aF42b62DC5144Be8e42906", "0Bets.io", "C"); INSERT INTO evm_tokens(identifier, token_kind, chain, address, decimals, protocol) VALUES("eip155:137/erc20:0xf31CDB090d1D4B86a7aF42b62DC5144Be8e42906", "A", 137, "0xf31CDB090d1D4B86a7aF42b62DC5144Be8e42906", 8, "spam"); INSERT INTO common_asset_details(identifier, symbol, coingecko, cryptocompare, forked, started, swapped_for) VALUES("eip155:137/erc20:0xf31CDB090d1D4B86a7aF42b62DC5144Be8e42906", "0Bets.io", "", "", NULL, 0, NULL);
*
INSERT INTO assets(identifier, name, type) VALUES("eip155:42161/erc20:0x51318B7D00db7ACc4026C88c3952B66278B6A67F", "Plutus", "C"); INSERT INTO evm_tokens(identifier, token_kind, chain, address, decimals, protocol) VALUES("eip155:42161/erc20:0x51318B7D00db7ACc4026C88c3952B66278B6A67F", "A", 42161, "0x51318B7D00db7ACc4026C88c3952B66278B6A67F", 18, NULL); INSERT INTO common_asset_details(identifier, symbol, coingecko, cryptocompare, forked, started, swapped_for) VALUES("eip155:42161/erc20:0x51318B7D00db7ACc4026C88c3952B66278B6A67F", "PLS", "plutusdao", "PLUTUS", NULL, 1651134146, NULL);
*
INSERT INTO assets(identifier, name, type) VALUES("eip155:1/erc20:0xF1182229B71E79E504b1d2bF076C15a277311e05", "LBR", "C"); INSERT INTO evm_tokens(identifier, token_kind, chain, address, decimals, protocol) VALUES("eip155:1/erc20:0xF1182229B71E79E504b1d2bF076C15a277311e05", "A", 1, "0xF1182229B71E79E504b1d2bF076C15a277311e05", 18, NULL); INSERT INTO common_asset_details(identifier, symbol, coingecko, cryptocompare, forked, started, swapped_for) VALUES("eip155:1/erc20:0xF1182229B71E79E504b1d2bF076C15a277311e05", "LBR", "lybra-finance", "", NULL, 1682938415, NULL);
*
INSERT INTO assets(identifier, name, type) VALUES("eip155:1/erc20:0x733B5056a0697e7a4357305FE452999a0C409feb", "VCORE", "C"); INSERT INTO evm_tokens(identifier, token_kind, chain, address, decimals, protocol) VALUES("eip155:1/erc20:0x733B5056a0697e7a4357305FE452999a0C409feb", "A", 1, "0x733B5056a0697e7a4357305FE452999a0C409feb", 18, NULL); INSERT INTO common_asset_details(identifier, symbol, coingecko, cryptocompare, forked, started, swapped_for) VALUES("eip155:1/erc20:0x733B5056a0697e7a4357305FE452999a0C409feb", "VCORE", "vcore", "", NULL, 1650379821, NULL);
*
INSERT INTO assets(identifier, name, type) VALUES("eip155:1/erc20:0xCeDefE438860D2789dA6419b3a19cEcE2A41038d", "Love Hate Inu", "C"); INSERT INTO evm_tokens(identifier, token_kind, chain, address, decimals, protocol) VALUES("eip155:1/erc20:0xCeDefE438860D2789dA6419b3a19cEcE2A41038d", "A", 1, "0xCeDefE438860D2789dA6419b3a19cEcE2A41038d", 18, NULL); INSERT INTO common_asset_details(identifier, symbol, coingecko, cryptocompare, forked, started, swapped_for) VALUES("eip155:1/erc20:0xCeDefE438860D2789dA6419b3a19cEcE2A41038d", "LHINU", "love-hate-inu", "", NULL, NULL, NULL);
*
INSERT INTO assets(identifier, name, type) VALUES("eip155:137/erc20:0x0d500B1d8E8eF31E21C99d1Db9A6444d3ADf1270", "Wrapped Matic", "C"); INSERT INTO evm_tokens(identifier, token_kind, chain, address, decimals, protocol) VALUES("eip155:137/erc20:0x0d500B1d8E8eF31E21C99d1Db9A6444d3ADf1270", "A", 137, "0x0d500B1d8E8eF31E21C99d1Db9A6444d3ADf1270", 18, NULL); INSERT INTO common_asset_details(identifier, symbol, coingecko, cryptocompare, forked, started, swapped_for) VALUES("eip155:137/erc20:0x0d500B1d8E8eF31E21C99d1Db9A6444d3ADf1270", "WMATIC", "wmatic", "WMATIC", NULL, 1601030209, NULL);
*
INSERT INTO assets(identifier, name, type) VALUES("eip155:1/erc20:0x83F20F44975D03b1b09e64809B757c47f942BEeA", "Savings Dai", "C"); INSERT INTO evm_tokens(identifier, token_kind, chain, address, decimals, protocol) VALUES("eip155:1/erc20:0x83F20F44975D03b1b09e64809B757c47f942BEeA", "A", 1, "0x83F20F44975D03b1b09e64809B757c47f942BEeA", 18, NULL); INSERT INTO common_asset_details(identifier, symbol, coingecko, cryptocompare, forked, started, swapped_for) VALUES("eip155:1/erc20:0x83F20F44975D03b1b09e64809B757c47f942BEeA", "sDAI", "", "", NULL, 1673977931, NULL);
*
INSERT INTO assets(identifier, name, type) VALUES("NGN", "Naira", "A"); INSERT INTO common_asset_details(identifier, symbol, coingecko, cryptocompare, forked, started, swapped_for) VALUES("NGN", "NGN", "", "", NULL, NULL, NULL);
*
UPDATE common_asset_details SET coingecko="madai" where identifier="eip155:1/erc20:0x36F8d0D0573ae92326827C4a82Fe4CE4C244cAb6";
INSERT INTO assets(identifier, name, type) VALUES("eip155:1/erc20:0x36F8d0D0573ae92326827C4a82Fe4CE4C244cAb6", "Morpho-Aave Dai Stablecoin Supply Vault", "C"); INSERT INTO evm_tokens(identifier, token_kind, chain, address, decimals, protocol) VALUES("eip155:1/erc20:0x36F8d0D0573ae92326827C4a82Fe4CE4C244cAb6", "A", 1, "0x36F8d0D0573ae92326827C4a82Fe4CE4C244cAb6", 18, NULL); INSERT INTO common_asset_details(identifier, symbol, coingecko, cryptocompare, forked, started, swapped_for) VALUES("eip155:1/erc20:0x36F8d0D0573ae92326827C4a82Fe4CE4C244cAb6", "maDAI", "madai", "", NULL, NULL, NULL);
UPDATE common_asset_details SET coingecko="mausdc" where identifier="eip155:1/erc20:0xA5269A8e31B93Ff27B887B56720A25F844db0529";
INSERT INTO assets(identifier, name, type) VALUES("eip155:1/erc20:0xA5269A8e31B93Ff27B887B56720A25F844db0529", "Morpho-Aave USD Coin Supply Vault", "C"); INSERT INTO evm_tokens(identifier, token_kind, chain, address, decimals, protocol) VALUES("eip155:1/erc20:0xA5269A8e31B93Ff27B887B56720A25F844db0529", "A", 1, "0xA5269A8e31B93Ff27B887B56720A25F844db0529", 18, NULL); INSERT INTO common_asset_details(identifier, symbol, coingecko, cryptocompare, forked, started, swapped_for) VALUES("eip155:1/erc20:0xA5269A8e31B93Ff27B887B56720A25F844db0529", "maUSDC", "mausdc", "", NULL, NULL, NULL);
UPDATE common_asset_details SET coingecko="conic-finance" WHERE identifier="eip155:1/erc20:0x9aE380F0272E2162340a5bB646c354271c0F5cFC";
INSERT INTO assets(identifier, name, type) VALUES("eip155:1/erc20:0x9aE380F0272E2162340a5bB646c354271c0F5cFC", "Conic Finance Token", "C"); INSERT INTO evm_tokens(identifier, token_kind, chain, address, decimals, protocol) VALUES("eip155:1/erc20:0x9aE380F0272E2162340a5bB646c354271c0F5cFC", "A", 1, "0x9aE380F0272E2162340a5bB646c354271c0F5cFC", 18, NULL); INSERT INTO common_asset_details(identifier, symbol, coingecko, cryptocompare, forked, started, swapped_for) VALUES("eip155:1/erc20:0x9aE380F0272E2162340a5bB646c354271c0F5cFC", "CNC", "conic-finance", "", NULL, 1649267811, NULL);
UPDATE common_asset_details SET coingecko="limewire-token" WHERE identifier="eip155:56/erc20:0x1615946eb2a02a6C5c1CB1954c6BDAFC8Ef9949a";
INSERT INTO assets(identifier, name, type) VALUES("eip155:56/erc20:0x1615946eb2a02a6C5c1CB1954c6BDAFC8Ef9949a", "LimeWire", "C"); INSERT INTO evm_tokens(identifier, token_kind, chain, address, decimals, protocol) VALUES("eip155:56/erc20:0x1615946eb2a02a6C5c1CB1954c6BDAFC8Ef9949a", "A", 56, "0x1615946eb2a02a6C5c1CB1954c6BDAFC8Ef9949a", 18, NULL); INSERT INTO common_asset_details(identifier, symbol, coingecko, cryptocompare, forked, started, swapped_for) VALUES("eip155:56/erc20:0x1615946eb2a02a6C5c1CB1954c6BDAFC8Ef9949a", "LMWR", "limewire-token", "", NULL, 1683942592, NULL);
UPDATE common_asset_details SET coingecko="clever-usd" WHERE identifier="eip155:1/erc20:0x3C20Ac688410bE8F391bE1fb00AFc5C212972F86";
INSERT INTO assets(identifier, name, type) VALUES("eip155:1/erc20:0x3C20Ac688410bE8F391bE1fb00AFc5C212972F86", "CLever USD", "C"); INSERT INTO evm_tokens(identifier, token_kind, chain, address, decimals, protocol) VALUES("eip155:1/erc20:0x3C20Ac688410bE8F391bE1fb00AFc5C212972F86", "A", 1, "0x3C20Ac688410bE8F391bE1fb00AFc5C212972F86", 18, NULL); INSERT INTO common_asset_details(identifier, symbol, coingecko, cryptocompare, forked, started, swapped_for) VALUES("eip155:1/erc20:0x3C20Ac688410bE8F391bE1fb00AFc5C212972F86", "clevUSD", "clever-usd", "", NULL, 1669194407, NULL);
UPDATE common_asset_details SET coingecko="short-term-t-bill-token" WHERE identifier="eip155:1/erc20:0x530824DA86689C9C17CdC2871Ff29B058345b44a";
INSERT INTO assets(identifier, name, type) VALUES("eip155:1/erc20:0x530824DA86689C9C17CdC2871Ff29B058345b44a", "Short-term Treasury Bill Token", "C"); INSERT INTO evm_tokens(identifier, token_kind, chain, address, decimals, protocol) VALUES("eip155:1/erc20:0x530824DA86689C9C17CdC2871Ff29B058345b44a", "A", 1, "0x530824DA86689C9C17CdC2871Ff29B058345b44a", 18, NULL); INSERT INTO common_asset_details(identifier, symbol, coingecko, cryptocompare, forked, started, swapped_for) VALUES("eip155:1/erc20:0x530824DA86689C9C17CdC2871Ff29B058345b44a", "STBT", "short-term-t-bill-token", "", NULL, 1674023171, NULL);
UPDATE common_asset_details SET coingecko="zunami-protocol" WHERE identifier="eip155:1/erc20:0xb40b6608B2743E691C9B54DdBDEe7bf03cd79f1c";
INSERT INTO assets(identifier, name, type) VALUES("eip155:1/erc20:0xb40b6608B2743E691C9B54DdBDEe7bf03cd79f1c", "UZD Zunami Stable", "C"); INSERT INTO evm_tokens(identifier, token_kind, chain, address, decimals, protocol) VALUES("eip155:1/erc20:0xb40b6608B2743E691C9B54DdBDEe7bf03cd79f1c", "A", 1, "0xb40b6608B2743E691C9B54DdBDEe7bf03cd79f1c", 18, NULL); INSERT INTO common_asset_details(identifier, symbol, coingecko, cryptocompare, forked, started, swapped_for) VALUES("eip155:1/erc20:0xb40b6608B2743E691C9B54DdBDEe7bf03cd79f1c", "UZD", "zunami-protocol", "", NULL, 1678179743, NULL);
UPDATE common_asset_details SET coingecko="tether-gold", cryptocompare="XAUT" WHERE identifier="eip155:1/erc20:0x68749665FF8D2d112Fa859AA293F07A622782F38";
INSERT INTO assets(identifier, name, type) VALUES("eip155:1/erc20:0x68749665FF8D2d112Fa859AA293F07A622782F38", "Tether Gold", "C"); INSERT INTO evm_tokens(identifier, token_kind, chain, address, decimals, protocol) VALUES("eip155:1/erc20:0x68749665FF8D2d112Fa859AA293F07A622782F38", "A", 1, "0x68749665FF8D2d112Fa859AA293F07A622782F38", 6, NULL); INSERT INTO common_asset_details(identifier, symbol, coingecko, cryptocompare, forked, started, swapped_for) VALUES("eip155:1/erc20:0x68749665FF8D2d112Fa859AA293F07A622782F38", "XAUt", "tether-gold", "XAUT", NULL, 1635679310, NULL);
UPDATE common_asset_details SET coingecko="bent-finance" WHERE identifier="eip155:1/erc20:0x01597E397605Bf280674Bf292623460b4204C375";
INSERT INTO assets(identifier, name, type) VALUES("eip155:1/erc20:0x01597E397605Bf280674Bf292623460b4204C375", "Bent Token", "C"); INSERT INTO evm_tokens(identifier, token_kind, chain, address, decimals, protocol) VALUES("eip155:1/erc20:0x01597E397605Bf280674Bf292623460b4204C375", "A", 1, "0x01597E397605Bf280674Bf292623460b4204C375", 18, NULL); INSERT INTO common_asset_details(identifier, symbol, coingecko, cryptocompare, forked, started, swapped_for) VALUES("eip155:1/erc20:0x01597E397605Bf280674Bf292623460b4204C375", "BENT", "bent-finance", "", NULL, 1637312885, NULL);
UPDATE common_asset_details SET coingecko="fidu" WHERE identifier="eip155:1/erc20:0x6a445E9F40e0b97c92d0b8a3366cEF1d67F700BF";
INSERT INTO assets(identifier, name, type) VALUES("eip155:1/erc20:0x6a445E9F40e0b97c92d0b8a3366cEF1d67F700BF", "Fidu", "C"); INSERT INTO evm_tokens(identifier, token_kind, chain, address, decimals, protocol) VALUES("eip155:1/erc20:0x6a445E9F40e0b97c92d0b8a3366cEF1d67F700BF", "A", 1, "0x6a445E9F40e0b97c92d0b8a3366cEF1d67F700BF", 18, NULL); INSERT INTO common_asset_details(identifier, symbol, coingecko, cryptocompare, forked, started, swapped_for) VALUES("eip155:1/erc20:0x6a445E9F40e0b97c92d0b8a3366cEF1d67F700BF", "FIDU", "fidu", "", NULL, NULL, NULL);
UPDATE common_asset_details SET coingecko="paladin" WHERE identifier="eip155:1/erc20:0xAB846Fb6C81370327e784Ae7CbB6d6a6af6Ff4BF";
INSERT INTO assets(identifier, name, type) VALUES("eip155:1/erc20:0xAB846Fb6C81370327e784Ae7CbB6d6a6af6Ff4BF", "Paladin Token", "C"); INSERT INTO evm_tokens(identifier, token_kind, chain, address, decimals, protocol) VALUES("eip155:1/erc20:0xAB846Fb6C81370327e784Ae7CbB6d6a6af6Ff4BF", "A", 1, "0xAB846Fb6C81370327e784Ae7CbB6d6a6af6Ff4BF", 18, NULL); INSERT INTO common_asset_details(identifier, symbol, coingecko, cryptocompare, forked, started, swapped_for) VALUES("eip155:1/erc20:0xAB846Fb6C81370327e784Ae7CbB6d6a6af6Ff4BF", "PAL", "paladin", "", NULL, 1635408659, NULL);
UPDATE common_asset_details SET coingecko="feisty-doge-nft" WHERE identifier="eip155:1/erc20:0xAB846Fb6C81370327e784Ae7CbB6d6a6af6Ff4BF";
INSERT INTO assets(identifier, name, type) VALUES("eip155:1/erc20:0xAB846Fb6C81370327e784Ae7CbB6d6a6af6Ff4BF", "Paladin Token", "C"); INSERT INTO evm_tokens(identifier, token_kind, chain, address, decimals, protocol) VALUES("eip155:1/erc20:0xAB846Fb6C81370327e784Ae7CbB6d6a6af6Ff4BF", "A", 1, "0xAB846Fb6C81370327e784Ae7CbB6d6a6af6Ff4BF", 18, NULL); INSERT INTO common_asset_details(identifier, symbol, coingecko, cryptocompare, forked, started, swapped_for) VALUES("eip155:1/erc20:0xAB846Fb6C81370327e784Ae7CbB6d6a6af6Ff4BF", "PAL", "feisty-doge-nft", "", NULL, 1635408659, NULL);
UPDATE common_asset_details SET coingecko="silo-finance" WHERE identifier="eip155:1/erc20:0x6f80310CA7F2C654691D1383149Fa1A57d8AB1f8";
INSERT INTO assets(identifier, name, type) VALUES("eip155:1/erc20:0x6f80310CA7F2C654691D1383149Fa1A57d8AB1f8", "Silo Governance Token", "C"); INSERT INTO evm_tokens(identifier, token_kind, chain, address, decimals, protocol) VALUES("eip155:1/erc20:0x6f80310CA7F2C654691D1383149Fa1A57d8AB1f8", "A", 1, "0x6f80310CA7F2C654691D1383149Fa1A57d8AB1f8", 18, NULL); INSERT INTO common_asset_details(identifier, symbol, coingecko, cryptocompare, forked, started, swapped_for) VALUES("eip155:1/erc20:0x6f80310CA7F2C654691D1383149Fa1A57d8AB1f8", "Silo", "silo-finance", "", NULL, 1638296826, NULL);
UPDATE common_asset_details SET coingecko="feisty-doge-nft" WHERE identifier="eip155:1/erc20:0xDFDb7f72c1F195C5951a234e8DB9806EB0635346";
INSERT INTO assets(identifier, name, type) VALUES("eip155:1/erc20:0xDFDb7f72c1F195C5951a234e8DB9806EB0635346", "Feisty Doge NFT", "C"); INSERT INTO evm_tokens(identifier, token_kind, chain, address, decimals, protocol) VALUES("eip155:1/erc20:0xDFDb7f72c1F195C5951a234e8DB9806EB0635346", "A", 1, "0xDFDb7f72c1F195C5951a234e8DB9806EB0635346", 18, NULL); INSERT INTO common_asset_details(identifier, symbol, coingecko, cryptocompare, forked, started, swapped_for) VALUES("eip155:1/erc20:0xDFDb7f72c1F195C5951a234e8DB9806EB0635346", "NFD", "feisty-doge-nft", "", NULL, 1629386252, NULL);
UPDATE common_asset_details SET coingecko="concentrator" WHERE identifier="eip155:1/erc20:0xb3Ad645dB386D7F6D753B2b9C3F4B853DA6890B8";
INSERT INTO assets(identifier, name, type) VALUES("eip155:1/erc20:0xb3Ad645dB386D7F6D753B2b9C3F4B853DA6890B8", "Concentrator Token", "C"); INSERT INTO evm_tokens(identifier, token_kind, chain, address, decimals, protocol) VALUES("eip155:1/erc20:0xb3Ad645dB386D7F6D753B2b9C3F4B853DA6890B8", "A", 1, "0xb3Ad645dB386D7F6D753B2b9C3F4B853DA6890B8", 18, NULL); INSERT INTO common_asset_details(identifier, symbol, coingecko, cryptocompare, forked, started, swapped_for) VALUES("eip155:1/erc20:0xb3Ad645dB386D7F6D753B2b9C3F4B853DA6890B8", "CTR", "concentrator", "", NULL, 1657464253, NULL);
UPDATE common_asset_details SET started=1599694464 WHERE identifier="eip155:1/erc20:0xbD17B1ce622d73bD438b9E658acA5996dc394b0d";
INSERT INTO assets(identifier, name, type) VALUES("eip155:1/erc20:0xbD17B1ce622d73bD438b9E658acA5996dc394b0d", "yearn pSLP", "C"); INSERT INTO evm_tokens(identifier, token_kind, chain, address, decimals, protocol) VALUES("eip155:1/erc20:0xbD17B1ce622d73bD438b9E658acA5996dc394b0d", "A", 1, "0xbD17B1ce622d73bD438b9E658acA5996dc394b0d", 18, "yearn_vaults_v1"); INSERT INTO common_asset_details(identifier, symbol, coingecko, cryptocompare, forked, started, swapped_for) VALUES("eip155:1/erc20:0xbD17B1ce622d73bD438b9E658acA5996dc394b0d", "yvpSLP", "", "", NULL, 1599694464, NULL);
UPDATE common_asset_details SET started=1604573459 WHERE identifier="eip155:1/erc20:0xc5bDdf9843308380375a611c18B50Fb9341f502A";
INSERT INTO assets(identifier, name, type) VALUES("eip155:1/erc20:0xc5bDdf9843308380375a611c18B50Fb9341f502A", "veCRV-DAO yVault", "C"); INSERT INTO evm_tokens(identifier, token_kind, chain, address, decimals, protocol) VALUES("eip155:1/erc20:0xc5bDdf9843308380375a611c18B50Fb9341f502A", "A", 1, "0xc5bDdf9843308380375a611c18B50Fb9341f502A", 18, "yearn_vaults_v1"); INSERT INTO common_asset_details(identifier, symbol, coingecko, cryptocompare, forked, started, swapped_for) VALUES("eip155:1/erc20:0xc5bDdf9843308380375a611c18B50Fb9341f502A", "yveCRV-DAO", "vecrv-dao-yvault", "", NULL, 1604573459, NULL);
UPDATE common_asset_details SET started=1595721600 WHERE identifier="eip155:1/erc20:0x597aD1e0c13Bfe8025993D9e79C69E1c0233522e";
INSERT INTO assets(identifier, name, type) VALUES("eip155:1/erc20:0x597aD1e0c13Bfe8025993D9e79C69E1c0233522e", "yearn USD//C", "C"); INSERT INTO evm_tokens(identifier, token_kind, chain, address, decimals, protocol) VALUES("eip155:1/erc20:0x597aD1e0c13Bfe8025993D9e79C69E1c0233522e", "A", 1, "0x597aD1e0c13Bfe8025993D9e79C69E1c0233522e", 6, "yearn_vaults_v1"); INSERT INTO common_asset_details(identifier, symbol, coingecko, cryptocompare, forked, started, swapped_for) VALUES("eip155:1/erc20:0x597aD1e0c13Bfe8025993D9e79C69E1c0233522e", "yUSDC", "usd-coin", "", NULL, 1595721600, NULL);
UPDATE common_asset_details SET started=1596091760 WHERE identifier="eip155:1/erc20:0x5dbcF33D8c2E976c6b560249878e6F1491Bca25c";
INSERT INTO assets(identifier, name, type) VALUES("eip155:1/erc20:0x5dbcF33D8c2E976c6b560249878e6F1491Bca25c", "yearn Curve.fi yDAI/yUSDC/yUSDT/yTUSD", "C"); INSERT INTO evm_tokens(identifier, token_kind, chain, address, decimals, protocol) VALUES("eip155:1/erc20:0x5dbcF33D8c2E976c6b560249878e6F1491Bca25c", "A", 1, "0x5dbcF33D8c2E976c6b560249878e6F1491Bca25c", 18, "yearn_vaults_v1"); INSERT INTO common_asset_details(identifier, symbol, coingecko, cryptocompare, forked, started, swapped_for) VALUES("eip155:1/erc20:0x5dbcF33D8c2E976c6b560249878e6F1491Bca25c", "yyDAI+yUSDC+yUSDT+yTUSD", "yvault-lp-ycurve", "", NULL, 1596091760, NULL);
UPDATE common_asset_details SET started=1596678980 WHERE identifier="eip155:1/erc20:0x37d19d1c4E1fa9DC47bD1eA12f742a0887eDa74a";
INSERT INTO assets(identifier, name, type) VALUES("eip155:1/erc20:0x37d19d1c4E1fa9DC47bD1eA12f742a0887eDa74a", "yearn TrueUSD", "C"); INSERT INTO evm_tokens(identifier, token_kind, chain, address, decimals, protocol) VALUES("eip155:1/erc20:0x37d19d1c4E1fa9DC47bD1eA12f742a0887eDa74a", "A", 1, "0x37d19d1c4E1fa9DC47bD1eA12f742a0887eDa74a", 18, "yearn_vaults_v1"); INSERT INTO common_asset_details(identifier, symbol, coingecko, cryptocompare, forked, started, swapped_for) VALUES("eip155:1/erc20:0x37d19d1c4E1fa9DC47bD1eA12f742a0887eDa74a", "yTUSD", "true-usd", "", NULL, 1596678980, NULL);
UPDATE common_asset_details SET started=1597301808 WHERE identifier="eip155:1/erc20:0xACd43E627e64355f1861cEC6d3a6688B31a6F952";
INSERT INTO assets(identifier, name, type) VALUES("eip155:1/erc20:0xACd43E627e64355f1861cEC6d3a6688B31a6F952", "yearn Dai Stablecoin", "C"); INSERT INTO evm_tokens(identifier, token_kind, chain, address, decimals, protocol) VALUES("eip155:1/erc20:0xACd43E627e64355f1861cEC6d3a6688B31a6F952", "A", 1, "0xACd43E627e64355f1861cEC6d3a6688B31a6F952", 18, "yearn_vaults_v1"); INSERT INTO common_asset_details(identifier, symbol, coingecko, cryptocompare, forked, started, swapped_for) VALUES("eip155:1/erc20:0xACd43E627e64355f1861cEC6d3a6688B31a6F952", "yDAI", "dai", "", NULL, 1597301808, NULL);
UPDATE common_asset_details SET started=1597318993 WHERE identifier="eip155:1/erc20:0x2f08119C6f07c006695E079AAFc638b8789FAf18";
INSERT INTO assets(identifier, name, type) VALUES("eip155:1/erc20:0x2f08119C6f07c006695E079AAFc638b8789FAf18", "yearn Tether USD", "C"); INSERT INTO evm_tokens(identifier, token_kind, chain, address, decimals, protocol) VALUES("eip155:1/erc20:0x2f08119C6f07c006695E079AAFc638b8789FAf18", "A", 1, "0x2f08119C6f07c006695E079AAFc638b8789FAf18", 6, "yearn_vaults_v1"); INSERT INTO common_asset_details(identifier, symbol, coingecko, cryptocompare, forked, started, swapped_for) VALUES("eip155:1/erc20:0x2f08119C6f07c006695E079AAFc638b8789FAf18", "yUSDT", "tether", "", NULL, 1597318993, NULL);
UPDATE common_asset_details SET started=1597845648 WHERE identifier="eip155:1/erc20:0xBA2E7Fed597fd0E3e70f5130BcDbbFE06bB94fe1";
INSERT INTO assets(identifier, name, type) VALUES("eip155:1/erc20:0xBA2E7Fed597fd0E3e70f5130BcDbbFE06bB94fe1", "yearn yearn.finance", "C"); INSERT INTO evm_tokens(identifier, token_kind, chain, address, decimals, protocol) VALUES("eip155:1/erc20:0xBA2E7Fed597fd0E3e70f5130BcDbbFE06bB94fe1", "A", 1, "0xBA2E7Fed597fd0E3e70f5130BcDbbFE06bB94fe1", 18, "yearn_vaults_v1"); INSERT INTO common_asset_details(identifier, symbol, coingecko, cryptocompare, forked, started, swapped_for) VALUES("eip155:1/erc20:0xBA2E7Fed597fd0E3e70f5130BcDbbFE06bB94fe1", "yYFI", "yearn-finance", "", NULL, 1597845648, NULL);
UPDATE common_asset_details SET started=1598095312 WHERE identifier="eip155:1/erc20:0x2994529C0652D127b7842094103715ec5299bBed";
INSERT INTO assets(identifier, name, type) VALUES("eip155:1/erc20:0x2994529C0652D127b7842094103715ec5299bBed", "yearn Curve.fi yDAI/yUSDC/yUSDT/yBUSD", "C"); INSERT INTO evm_tokens(identifier, token_kind, chain, address, decimals, protocol) VALUES("eip155:1/erc20:0x2994529C0652D127b7842094103715ec5299bBed", "A", 1, "0x2994529C0652D127b7842094103715ec5299bBed", 18, "yearn_vaults_v1"); INSERT INTO common_asset_details(identifier, symbol, coingecko, cryptocompare, forked, started, swapped_for) VALUES("eip155:1/erc20:0x2994529C0652D127b7842094103715ec5299bBed", "yyDAI+yUSDC+yUSDT+yBUSD", "lp-bcurve", "", NULL, 1598095312, NULL);
UPDATE common_asset_details SET started=1598421792 WHERE identifier="eip155:1/erc20:0x7Ff566E1d69DEfF32a7b244aE7276b9f90e9D0f6";
INSERT INTO assets(identifier, name, type) VALUES("eip155:1/erc20:0x7Ff566E1d69DEfF32a7b244aE7276b9f90e9D0f6", "yearn Curve.fi renBTC/wBTC/sBTC", "C"); INSERT INTO evm_tokens(identifier, token_kind, chain, address, decimals, protocol) VALUES("eip155:1/erc20:0x7Ff566E1d69DEfF32a7b244aE7276b9f90e9D0f6", "A", 1, "0x7Ff566E1d69DEfF32a7b244aE7276b9f90e9D0f6", 18, "yearn_vaults_v1"); INSERT INTO common_asset_details(identifier, symbol, coingecko, cryptocompare, forked, started, swapped_for) VALUES("eip155:1/erc20:0x7Ff566E1d69DEfF32a7b244aE7276b9f90e9D0f6", "ycrvRenWSBTC", "lp-renbtc-curve", "", NULL, 1598421792, NULL);
UPDATE common_asset_details SET started=1598952738 WHERE identifier="eip155:1/erc20:0xe1237aA7f535b0CC33Fd973D66cBf830354D16c7";
INSERT INTO assets(identifier, name, type) VALUES("eip155:1/erc20:0xe1237aA7f535b0CC33Fd973D66cBf830354D16c7", "yearn Wrapped Ether", "C"); INSERT INTO evm_tokens(identifier, token_kind, chain, address, decimals, protocol) VALUES("eip155:1/erc20:0xe1237aA7f535b0CC33Fd973D66cBf830354D16c7", "A", 1, "0xe1237aA7f535b0CC33Fd973D66cBf830354D16c7", 18, "yearn_vaults_v1"); INSERT INTO common_asset_details(identifier, symbol, coingecko, cryptocompare, forked, started, swapped_for) VALUES("eip155:1/erc20:0xe1237aA7f535b0CC33Fd973D66cBf830354D16c7", "yWETH", "weth", "", NULL, 1598952738, NULL);
UPDATE common_asset_details SET started=1602322413 WHERE identifier="eip155:1/erc20:0x9cA85572E6A3EbF24dEDd195623F188735A5179f";
INSERT INTO assets(identifier, name, type) VALUES("eip155:1/erc20:0x9cA85572E6A3EbF24dEDd195623F188735A5179f", "yearn Curve.fi DAI/USDC/USDT", "C"); INSERT INTO evm_tokens(identifier, token_kind, chain, address, decimals, protocol) VALUES("eip155:1/erc20:0x9cA85572E6A3EbF24dEDd195623F188735A5179f", "A", 1, "0x9cA85572E6A3EbF24dEDd195623F188735A5179f", 18, "yearn_vaults_v1"); INSERT INTO common_asset_details(identifier, symbol, coingecko, cryptocompare, forked, started, swapped_for) VALUES("eip155:1/erc20:0x9cA85572E6A3EbF24dEDd195623F188735A5179f", "y3Crv", "curve-dao-token", "", NULL, 1602322413, NULL);
UPDATE common_asset_details SET started=1602827638 WHERE identifier="eip155:1/erc20:0xec0d8D3ED5477106c6D4ea27D90a60e594693C90";
INSERT INTO assets(identifier, name, type) VALUES("eip155:1/erc20:0xec0d8D3ED5477106c6D4ea27D90a60e594693C90", "yearn Gemini dollar", "C"); INSERT INTO evm_tokens(identifier, token_kind, chain, address, decimals, protocol) VALUES("eip155:1/erc20:0xec0d8D3ED5477106c6D4ea27D90a60e594693C90", "A", 1, "0xec0d8D3ED5477106c6D4ea27D90a60e594693C90", 2, "yearn_vaults_v1"); INSERT INTO common_asset_details(identifier, symbol, coingecko, cryptocompare, forked, started, swapped_for) VALUES("eip155:1/erc20:0xec0d8D3ED5477106c6D4ea27D90a60e594693C90", "yGUSD", "gemini-dollar", "", NULL, 1602827638, NULL);
UPDATE common_asset_details SET started=1604758201 WHERE identifier="eip155:1/erc20:0x629c759D1E83eFbF63d84eb3868B564d9521C129";
INSERT INTO assets(identifier, name, type) VALUES("eip155:1/erc20:0x629c759D1E83eFbF63d84eb3868B564d9521C129", "yearn Curve.fi cDAI/cUSDC", "C"); INSERT INTO evm_tokens(identifier, token_kind, chain, address, decimals, protocol) VALUES("eip155:1/erc20:0x629c759D1E83eFbF63d84eb3868B564d9521C129", "A", 1, "0x629c759D1E83eFbF63d84eb3868B564d9521C129", 18, "yearn_vaults_v1"); INSERT INTO common_asset_details(identifier, symbol, coingecko, cryptocompare, forked, started, swapped_for) VALUES("eip155:1/erc20:0x629c759D1E83eFbF63d84eb3868B564d9521C129", "yvcDAI+cUSDC", "", "", NULL, 1604758201, NULL);
UPDATE common_asset_details SET started=1607160847 WHERE identifier="eip155:1/erc20:0x0FCDAeDFb8A7DfDa2e9838564c5A1665d856AFDF";
INSERT INTO assets(identifier, name, type) VALUES("eip155:1/erc20:0x0FCDAeDFb8A7DfDa2e9838564c5A1665d856AFDF", "yearn Curve.fi MUSD/3Crv", "C"); INSERT INTO evm_tokens(identifier, token_kind, chain, address, decimals, protocol) VALUES("eip155:1/erc20:0x0FCDAeDFb8A7DfDa2e9838564c5A1665d856AFDF", "A", 1, "0x0FCDAeDFb8A7DfDa2e9838564c5A1665d856AFDF", 18, "yearn_vaults_v1"); INSERT INTO common_asset_details(identifier, symbol, coingecko, cryptocompare, forked, started, swapped_for) VALUES("eip155:1/erc20:0x0FCDAeDFb8A7DfDa2e9838564c5A1665d856AFDF", "yvmusd3CRV", "", "", NULL, 1607160847, NULL);
UPDATE common_asset_details SET started=1607237689 WHERE identifier="eip155:1/erc20:0xcC7E70A958917cCe67B4B87a8C30E6297451aE98";
INSERT INTO assets(identifier, name, type) VALUES("eip155:1/erc20:0xcC7E70A958917cCe67B4B87a8C30E6297451aE98", "yearn Curve.fi GUSD/3Crv", "C"); INSERT INTO evm_tokens(identifier, token_kind, chain, address, decimals, protocol) VALUES("eip155:1/erc20:0xcC7E70A958917cCe67B4B87a8C30E6297451aE98", "A", 1, "0xcC7E70A958917cCe67B4B87a8C30E6297451aE98", 18, "yearn_vaults_v1"); INSERT INTO common_asset_details(identifier, symbol, coingecko, cryptocompare, forked, started, swapped_for) VALUES("eip155:1/erc20:0xcC7E70A958917cCe67B4B87a8C30E6297451aE98", "yvgusd3CRV", "", "", NULL, 1607237689, NULL);
UPDATE common_asset_details SET started=1610435041 WHERE identifier="eip155:1/erc20:0x98B058b2CBacF5E99bC7012DF757ea7CFEbd35BC";
INSERT INTO assets(identifier, name, type) VALUES("eip155:1/erc20:0x98B058b2CBacF5E99bC7012DF757ea7CFEbd35BC", "yearn Curve.fi EURS/sEUR", "C"); INSERT INTO evm_tokens(identifier, token_kind, chain, address, decimals, protocol) VALUES("eip155:1/erc20:0x98B058b2CBacF5E99bC7012DF757ea7CFEbd35BC", "A", 1, "0x98B058b2CBacF5E99bC7012DF757ea7CFEbd35BC", 18, "yearn_vaults_v1"); INSERT INTO common_asset_details(identifier, symbol, coingecko, cryptocompare, forked, started, swapped_for) VALUES("eip155:1/erc20:0x98B058b2CBacF5E99bC7012DF757ea7CFEbd35BC", "yveursCRV", "", "", NULL, 1610435041, NULL);
UPDATE common_asset_details SET started=1609441345 WHERE identifier="eip155:1/erc20:0xE0db48B4F71752C4bEf16De1DBD042B82976b8C7";
INSERT INTO assets(identifier, name, type) VALUES("eip155:1/erc20:0xE0db48B4F71752C4bEf16De1DBD042B82976b8C7", "yearn mStable USD", "C"); INSERT INTO evm_tokens(identifier, token_kind, chain, address, decimals, protocol) VALUES("eip155:1/erc20:0xE0db48B4F71752C4bEf16De1DBD042B82976b8C7", "A", 1, "0xE0db48B4F71752C4bEf16De1DBD042B82976b8C7", 18, "yearn_vaults_v1"); INSERT INTO common_asset_details(identifier, symbol, coingecko, cryptocompare, forked, started, swapped_for) VALUES("eip155:1/erc20:0xE0db48B4F71752C4bEf16De1DBD042B82976b8C7", "yvmUSD", "", "", NULL, 1609441345, NULL);
UPDATE common_asset_details SET started=1611583752 WHERE identifier="eip155:1/erc20:0x5334e150B938dd2b6bd040D9c4a03Cff0cED3765";
INSERT INTO assets(identifier, name, type) VALUES("eip155:1/erc20:0x5334e150B938dd2b6bd040D9c4a03Cff0cED3765", "yearn Curve.fi renBTC/wBTC", "C"); INSERT INTO evm_tokens(identifier, token_kind, chain, address, decimals, protocol) VALUES("eip155:1/erc20:0x5334e150B938dd2b6bd040D9c4a03Cff0cED3765", "A", 1, "0x5334e150B938dd2b6bd040D9c4a03Cff0cED3765", 18, "yearn_vaults_v1"); INSERT INTO common_asset_details(identifier, symbol, coingecko, cryptocompare, forked, started, swapped_for) VALUES("eip155:1/erc20:0x5334e150B938dd2b6bd040D9c4a03Cff0cED3765", "yvcrvRenWBTC", "", "", NULL, 1611583752, NULL);
UPDATE common_asset_details SET started=1611451016 WHERE identifier="eip155:1/erc20:0xFe39Ce91437C76178665D64d7a2694B0f6f17fE3";
INSERT INTO assets(identifier, name, type) VALUES("eip155:1/erc20:0xFe39Ce91437C76178665D64d7a2694B0f6f17fE3", "yearn Curve.fi USDN/3Crv", "C"); INSERT INTO evm_tokens(identifier, token_kind, chain, address, decimals, protocol) VALUES("eip155:1/erc20:0xFe39Ce91437C76178665D64d7a2694B0f6f17fE3", "A", 1, "0xFe39Ce91437C76178665D64d7a2694B0f6f17fE3", 18, "yearn_vaults_v1"); INSERT INTO common_asset_details(identifier, symbol, coingecko, cryptocompare, forked, started, swapped_for) VALUES("eip155:1/erc20:0xFe39Ce91437C76178665D64d7a2694B0f6f17fE3", "yvusdn3CRV", "", "", NULL, 1611451016, NULL);
UPDATE common_asset_details SET started=1611444747 WHERE identifier="eip155:1/erc20:0xF6C9E9AF314982A4b38366f4AbfAa00595C5A6fC";
INSERT INTO assets(identifier, name, type) VALUES("eip155:1/erc20:0xF6C9E9AF314982A4b38366f4AbfAa00595C5A6fC", "yearn Curve.fi UST/3Crv", "C"); INSERT INTO evm_tokens(identifier, token_kind, chain, address, decimals, protocol) VALUES("eip155:1/erc20:0xF6C9E9AF314982A4b38366f4AbfAa00595C5A6fC", "A", 1, "0xF6C9E9AF314982A4b38366f4AbfAa00595C5A6fC", 18, "yearn_vaults_v1"); INSERT INTO common_asset_details(identifier, symbol, coingecko, cryptocompare, forked, started, swapped_for) VALUES("eip155:1/erc20:0xF6C9E9AF314982A4b38366f4AbfAa00595C5A6fC", "yvust3CRV", "", "", NULL, 1611444747, NULL);
UPDATE common_asset_details SET started=1611443166 WHERE identifier="eip155:1/erc20:0xA8B1Cb4ed612ee179BDeA16CCa6Ba596321AE52D";
INSERT INTO assets(identifier, name, type) VALUES("eip155:1/erc20:0xA8B1Cb4ed612ee179BDeA16CCa6Ba596321AE52D", "yearn Curve.fi bBTC/sbtcCRV", "C"); INSERT INTO evm_tokens(identifier, token_kind, chain, address, decimals, protocol) VALUES("eip155:1/erc20:0xA8B1Cb4ed612ee179BDeA16CCa6Ba596321AE52D", "A", 1, "0xA8B1Cb4ed612ee179BDeA16CCa6Ba596321AE52D", 18, "yearn_vaults_v1"); INSERT INTO common_asset_details(identifier, symbol, coingecko, cryptocompare, forked, started, swapped_for) VALUES("eip155:1/erc20:0xA8B1Cb4ed612ee179BDeA16CCa6Ba596321AE52D", "yvbBTC/sbtcCRV", "", "", NULL, 1611443166, NULL);
UPDATE common_asset_details SET started=1611641883 WHERE identifier="eip155:1/erc20:0x07FB4756f67bD46B748b16119E802F1f880fb2CC";
INSERT INTO assets(identifier, name, type) VALUES("eip155:1/erc20:0x07FB4756f67bD46B748b16119E802F1f880fb2CC", "yearn Curve.fi tBTC/sbtcCrv", "C"); INSERT INTO evm_tokens(identifier, token_kind, chain, address, decimals, protocol) VALUES("eip155:1/erc20:0x07FB4756f67bD46B748b16119E802F1f880fb2CC", "A", 1, "0x07FB4756f67bD46B748b16119E802F1f880fb2CC", 18, "yearn_vaults_v1"); INSERT INTO common_asset_details(identifier, symbol, coingecko, cryptocompare, forked, started, swapped_for) VALUES("eip155:1/erc20:0x07FB4756f67bD46B748b16119E802F1f880fb2CC", "yvtbtc/sbtcCrv", "", "", NULL, 1611641883, NULL);
UPDATE common_asset_details SET started=1611698586 WHERE identifier="eip155:1/erc20:0x7F83935EcFe4729c4Ea592Ab2bC1A32588409797";
INSERT INTO assets(identifier, name, type) VALUES("eip155:1/erc20:0x7F83935EcFe4729c4Ea592Ab2bC1A32588409797", "yearn Curve.fi oBTC/sbtcCRV", "C"); INSERT INTO evm_tokens(identifier, token_kind, chain, address, decimals, protocol) VALUES("eip155:1/erc20:0x7F83935EcFe4729c4Ea592Ab2bC1A32588409797", "A", 1, "0x7F83935EcFe4729c4Ea592Ab2bC1A32588409797", 18, "yearn_vaults_v1"); INSERT INTO common_asset_details(identifier, symbol, coingecko, cryptocompare, forked, started, swapped_for) VALUES("eip155:1/erc20:0x7F83935EcFe4729c4Ea592Ab2bC1A32588409797", "yvoBTC/sbtcCRV", "", "", NULL, 1611698586, NULL);
UPDATE common_asset_details SET started=1611973890 WHERE identifier="eip155:1/erc20:0x46AFc2dfBd1ea0c0760CAD8262A5838e803A37e5";
INSERT INTO assets(identifier, name, type) VALUES("eip155:1/erc20:0x46AFc2dfBd1ea0c0760CAD8262A5838e803A37e5", "yearn Curve.fi hBTC/wBTC", "C"); INSERT INTO evm_tokens(identifier, token_kind, chain, address, decimals, protocol) VALUES("eip155:1/erc20:0x46AFc2dfBd1ea0c0760CAD8262A5838e803A37e5", "A", 1, "0x46AFc2dfBd1ea0c0760CAD8262A5838e803A37e5", 18, "yearn_vaults_v1"); INSERT INTO common_asset_details(identifier, symbol, coingecko, cryptocompare, forked, started, swapped_for) VALUES("eip155:1/erc20:0x46AFc2dfBd1ea0c0760CAD8262A5838e803A37e5", "yvhCRV", "", "", NULL, 1611973890, NULL);
UPDATE common_asset_details SET started=1611704712 WHERE identifier="eip155:1/erc20:0x5533ed0a3b83F70c3c4a1f69Ef5546D3D4713E44";
INSERT INTO assets(identifier, name, type) VALUES("eip155:1/erc20:0x5533ed0a3b83F70c3c4a1f69Ef5546D3D4713E44", "yearn Curve.fi DAI/USDC/USDT/sUSD", "C"); INSERT INTO evm_tokens(identifier, token_kind, chain, address, decimals, protocol) VALUES("eip155:1/erc20:0x5533ed0a3b83F70c3c4a1f69Ef5546D3D4713E44", "A", 1, "0x5533ed0a3b83F70c3c4a1f69Ef5546D3D4713E44", 18, "yearn_vaults_v1"); INSERT INTO common_asset_details(identifier, symbol, coingecko, cryptocompare, forked, started, swapped_for) VALUES("eip155:1/erc20:0x5533ed0a3b83F70c3c4a1f69Ef5546D3D4713E44", "yvcrvPlain3andSUSD", "", "", NULL, 1611704712, NULL);
UPDATE common_asset_details SET started=1611973890 WHERE identifier="eip155:1/erc20:0x39546945695DCb1c037C836925B355262f551f55";
INSERT INTO assets(identifier, name, type) VALUES("eip155:1/erc20:0x39546945695DCb1c037C836925B355262f551f55", "yearn Curve.fi HUSD/3Crv", "C"); INSERT INTO evm_tokens(identifier, token_kind, chain, address, decimals, protocol) VALUES("eip155:1/erc20:0x39546945695DCb1c037C836925B355262f551f55", "A", 1, "0x39546945695DCb1c037C836925B355262f551f55", 18, "yearn_vaults_v1"); INSERT INTO common_asset_details(identifier, symbol, coingecko, cryptocompare, forked, started, swapped_for) VALUES("eip155:1/erc20:0x39546945695DCb1c037C836925B355262f551f55", "yvhusd3CRV", "", "", NULL, 1611973890, NULL);
UPDATE common_asset_details SET started=1611973890 WHERE identifier="eip155:1/erc20:0x8e6741b456a074F0Bc45B8b82A755d4aF7E965dF";
INSERT INTO assets(identifier, name, type) VALUES("eip155:1/erc20:0x8e6741b456a074F0Bc45B8b82A755d4aF7E965dF", "yearn Curve.fi DUSD/3Crv", "C"); INSERT INTO evm_tokens(identifier, token_kind, chain, address, decimals, protocol) VALUES("eip155:1/erc20:0x8e6741b456a074F0Bc45B8b82A755d4aF7E965dF", "A", 1, "0x8e6741b456a074F0Bc45B8b82A755d4aF7E965dF", 18, "yearn_vaults_v1"); INSERT INTO common_asset_details(identifier, symbol, coingecko, cryptocompare, forked, started, swapped_for) VALUES("eip155:1/erc20:0x8e6741b456a074F0Bc45B8b82A755d4aF7E965dF", "yvdusd3CRV", "", "", NULL, 1611973890, NULL);
UPDATE common_asset_details SET started=1612192629 WHERE identifier="eip155:1/erc20:0x03403154afc09Ce8e44C3B185C82C6aD5f86b9ab";
INSERT INTO assets(identifier, name, type) VALUES("eip155:1/erc20:0x03403154afc09Ce8e44C3B185C82C6aD5f86b9ab", "yearn Curve.fi aDAI/aUSDC/aUSDT", "C"); INSERT INTO evm_tokens(identifier, token_kind, chain, address, decimals, protocol) VALUES("eip155:1/erc20:0x03403154afc09Ce8e44C3B185C82C6aD5f86b9ab", "A", 1, "0x03403154afc09Ce8e44C3B185C82C6aD5f86b9ab", 18, "yearn_vaults_v1"); INSERT INTO common_asset_details(identifier, symbol, coingecko, cryptocompare, forked, started, swapped_for) VALUES("eip155:1/erc20:0x03403154afc09Ce8e44C3B185C82C6aD5f86b9ab", "yva3CRV", "", "", NULL, 1612192629, NULL);
UPDATE common_asset_details SET started=1613091218 WHERE identifier="eip155:1/erc20:0xE625F5923303f1CE7A43ACFEFd11fd12f30DbcA4";
INSERT INTO assets(identifier, name, type) VALUES("eip155:1/erc20:0xE625F5923303f1CE7A43ACFEFd11fd12f30DbcA4", "yearn Curve.fi ETH/aETH", "C"); INSERT INTO evm_tokens(identifier, token_kind, chain, address, decimals, protocol) VALUES("eip155:1/erc20:0xE625F5923303f1CE7A43ACFEFd11fd12f30DbcA4", "A", 1, "0xE625F5923303f1CE7A43ACFEFd11fd12f30DbcA4", 18, "yearn_vaults_v1"); INSERT INTO common_asset_details(identifier, symbol, coingecko, cryptocompare, forked, started, swapped_for) VALUES("eip155:1/erc20:0xE625F5923303f1CE7A43ACFEFd11fd12f30DbcA4", "yvankrCRV", "", "", NULL, 1613091218, NULL);
UPDATE common_asset_details SET started=1613888556 WHERE identifier="eip155:1/erc20:0xBacB69571323575C6a5A3b4F9EEde1DC7D31FBc1";
INSERT INTO assets(identifier, name, type) VALUES("eip155:1/erc20:0xBacB69571323575C6a5A3b4F9EEde1DC7D31FBc1", "yearn Curve.fi aDAI/aSUSD", "C"); INSERT INTO evm_tokens(identifier, token_kind, chain, address, decimals, protocol) VALUES("eip155:1/erc20:0xBacB69571323575C6a5A3b4F9EEde1DC7D31FBc1", "A", 1, "0xBacB69571323575C6a5A3b4F9EEde1DC7D31FBc1", 18, "yearn_vaults_v1"); INSERT INTO common_asset_details(identifier, symbol, coingecko, cryptocompare, forked, started, swapped_for) VALUES("eip155:1/erc20:0xBacB69571323575C6a5A3b4F9EEde1DC7D31FBc1", "yvsaCRV", "", "", NULL, 1613888556, NULL);
UPDATE common_asset_details SET started=1614835272 WHERE identifier="eip155:1/erc20:0x1B5eb1173D2Bf770e50F10410C9a96F7a8eB6e75";
INSERT INTO assets(identifier, name, type) VALUES("eip155:1/erc20:0x1B5eb1173D2Bf770e50F10410C9a96F7a8eB6e75", "yearn Curve.fi USDP/3Crv", "C"); INSERT INTO evm_tokens(identifier, token_kind, chain, address, decimals, protocol) VALUES("eip155:1/erc20:0x1B5eb1173D2Bf770e50F10410C9a96F7a8eB6e75", "A", 1, "0x1B5eb1173D2Bf770e50F10410C9a96F7a8eB6e75", 18, "yearn_vaults_v1"); INSERT INTO common_asset_details(identifier, symbol, coingecko, cryptocompare, forked, started, swapped_for) VALUES("eip155:1/erc20:0x1B5eb1173D2Bf770e50F10410C9a96F7a8eB6e75", "yvusdp3CRV", "", "", NULL, 1614835272, NULL);
UPDATE common_asset_details SET started=1607189818 WHERE identifier="eip155:1/erc20:0xBFa4D8AA6d8a379aBFe7793399D3DdaCC5bBECBB";
INSERT INTO assets(identifier, name, type) VALUES("eip155:1/erc20:0xBFa4D8AA6d8a379aBFe7793399D3DdaCC5bBECBB", "DAI yVault", "C"); INSERT INTO evm_tokens(identifier, token_kind, chain, address, decimals, protocol) VALUES("eip155:1/erc20:0xBFa4D8AA6d8a379aBFe7793399D3DdaCC5bBECBB", "A", 1, "0xBFa4D8AA6d8a379aBFe7793399D3DdaCC5bBECBB", 18, "yearn_vaults_v2"); INSERT INTO common_asset_details(identifier, symbol, coingecko, cryptocompare, forked, started, swapped_for) VALUES("eip155:1/erc20:0xBFa4D8AA6d8a379aBFe7793399D3DdaCC5bBECBB", "yvDAI", "", "", NULL, 1607189818, NULL);
UPDATE common_asset_details SET started=1607188836 WHERE identifier="eip155:1/erc20:0xe2F6b9773BF3A015E2aA70741Bde1498bdB9425b";
INSERT INTO assets(identifier, name, type) VALUES("eip155:1/erc20:0xe2F6b9773BF3A015E2aA70741Bde1498bdB9425b", "Yearn USDC Vault", "C"); INSERT INTO evm_tokens(identifier, token_kind, chain, address, decimals, protocol) VALUES("eip155:1/erc20:0xe2F6b9773BF3A015E2aA70741Bde1498bdB9425b", "A", 1, "0xe2F6b9773BF3A015E2aA70741Bde1498bdB9425b", 6, "yearn_vaults_v2"); INSERT INTO common_asset_details(identifier, symbol, coingecko, cryptocompare, forked, started, swapped_for) VALUES("eip155:1/erc20:0xe2F6b9773BF3A015E2aA70741Bde1498bdB9425b", "yvUSDC", "usdc-yvault", "", NULL, 1607188836, NULL);
UPDATE common_asset_details SET started=1610147532 WHERE identifier="eip155:1/erc20:0xe11ba472F74869176652C35D30dB89854b5ae84D";
INSERT INTO assets(identifier, name, type) VALUES("eip155:1/erc20:0xe11ba472F74869176652C35D30dB89854b5ae84D", "HEGIC yVault", "C"); INSERT INTO evm_tokens(identifier, token_kind, chain, address, decimals, protocol) VALUES("eip155:1/erc20:0xe11ba472F74869176652C35D30dB89854b5ae84D", "A", 1, "0xe11ba472F74869176652C35D30dB89854b5ae84D", 18, "yearn_vaults_v2"); INSERT INTO common_asset_details(identifier, symbol, coingecko, cryptocompare, forked, started, swapped_for) VALUES("eip155:1/erc20:0xe11ba472F74869176652C35D30dB89854b5ae84D", "yvHEGIC", "hegic-yvault", "", NULL, 1610147532, NULL);
UPDATE common_asset_details SET started=1610900779 WHERE identifier="eip155:1/erc20:0x19D3364A399d251E894aC732651be8B0E4e85001";
INSERT INTO assets(identifier, name, type) VALUES("eip155:1/erc20:0x19D3364A399d251E894aC732651be8B0E4e85001", "DAI yVault", "C"); INSERT INTO evm_tokens(identifier, token_kind, chain, address, decimals, protocol) VALUES("eip155:1/erc20:0x19D3364A399d251E894aC732651be8B0E4e85001", "A", 1, "0x19D3364A399d251E894aC732651be8B0E4e85001", 18, "yearn_vaults_v2"); INSERT INTO common_asset_details(identifier, symbol, coingecko, cryptocompare, forked, started, swapped_for) VALUES("eip155:1/erc20:0x19D3364A399d251E894aC732651be8B0E4e85001", "yvDAI", "", "", NULL, 1610900779, NULL);
UPDATE common_asset_details SET started=1610909579 WHERE identifier="eip155:1/erc20:0x5f18C75AbDAe578b483E5F43f12a39cF75b973a9";
INSERT INTO assets(identifier, name, type) VALUES("eip155:1/erc20:0x5f18C75AbDAe578b483E5F43f12a39cF75b973a9", "USDC yVault", "C"); INSERT INTO evm_tokens(identifier, token_kind, chain, address, decimals, protocol) VALUES("eip155:1/erc20:0x5f18C75AbDAe578b483E5F43f12a39cF75b973a9", "A", 1, "0x5f18C75AbDAe578b483E5F43f12a39cF75b973a9", 6, "yearn_vaults_v2"); INSERT INTO common_asset_details(identifier, symbol, coingecko, cryptocompare, forked, started, swapped_for) VALUES("eip155:1/erc20:0x5f18C75AbDAe578b483E5F43f12a39cF75b973a9", "yvUSDC", "usdc-yvault", "", NULL, 1610909579, NULL);
UPDATE common_asset_details SET started=1610649529 WHERE identifier="eip155:1/erc20:0xdCD90C7f6324cfa40d7169ef80b12031770B4325";
INSERT INTO assets(identifier, name, type) VALUES("eip155:1/erc20:0xdCD90C7f6324cfa40d7169ef80b12031770B4325", "steCRV yVault", "C"); INSERT INTO evm_tokens(identifier, token_kind, chain, address, decimals, protocol) VALUES("eip155:1/erc20:0xdCD90C7f6324cfa40d7169ef80b12031770B4325", "A", 1, "0xdCD90C7f6324cfa40d7169ef80b12031770B4325", 18, "yearn_vaults_v2"); INSERT INTO common_asset_details(identifier, symbol, coingecko, cryptocompare, forked, started, swapped_for) VALUES("eip155:1/erc20:0xdCD90C7f6324cfa40d7169ef80b12031770B4325", "yvsteCRV", "", "", NULL, 1610649529, NULL);
UPDATE common_asset_details SET started=1612133527 WHERE identifier="eip155:1/erc20:0xcB550A6D4C8e3517A939BC79d0c7093eb7cF56B5";
INSERT INTO assets(identifier, name, type) VALUES("eip155:1/erc20:0xcB550A6D4C8e3517A939BC79d0c7093eb7cF56B5", "WBTC yVault", "C"); INSERT INTO evm_tokens(identifier, token_kind, chain, address, decimals, protocol) VALUES("eip155:1/erc20:0xcB550A6D4C8e3517A939BC79d0c7093eb7cF56B5", "A", 1, "0xcB550A6D4C8e3517A939BC79d0c7093eb7cF56B5", 8, "yearn_vaults_v2"); INSERT INTO common_asset_details(identifier, symbol, coingecko, cryptocompare, forked, started, swapped_for) VALUES("eip155:1/erc20:0xcB550A6D4C8e3517A939BC79d0c7093eb7cF56B5", "yvWBTC", "wbtc-yvault", "", NULL, 1612133527, NULL);
UPDATE common_asset_details SET started=1613507246 WHERE identifier="eip155:1/erc20:0x986b4AFF588a109c09B50A03f42E4110E29D353F";
INSERT INTO assets(identifier, name, type) VALUES("eip155:1/erc20:0x986b4AFF588a109c09B50A03f42E4110E29D353F", "eCRV yVault", "C"); INSERT INTO evm_tokens(identifier, token_kind, chain, address, decimals, protocol) VALUES("eip155:1/erc20:0x986b4AFF588a109c09B50A03f42E4110E29D353F", "A", 1, "0x986b4AFF588a109c09B50A03f42E4110E29D353F", 18, "yearn_vaults_v2"); INSERT INTO common_asset_details(identifier, symbol, coingecko, cryptocompare, forked, started, swapped_for) VALUES("eip155:1/erc20:0x986b4AFF588a109c09B50A03f42E4110E29D353F", "yveCRV", "", "", NULL, 1613507246, NULL);
UPDATE common_asset_details SET started=1613681002 WHERE identifier="eip155:1/erc20:0xa9fE4601811213c340e850ea305481afF02f5b28";
INSERT INTO assets(identifier, name, type) VALUES("eip155:1/erc20:0xa9fE4601811213c340e850ea305481afF02f5b28", "WETH yVault", "C"); INSERT INTO evm_tokens(identifier, token_kind, chain, address, decimals, protocol) VALUES("eip155:1/erc20:0xa9fE4601811213c340e850ea305481afF02f5b28", "A", 1, "0xa9fE4601811213c340e850ea305481afF02f5b28", 18, "yearn_vaults_v2"); INSERT INTO common_asset_details(identifier, symbol, coingecko, cryptocompare, forked, started, swapped_for) VALUES("eip155:1/erc20:0xa9fE4601811213c340e850ea305481afF02f5b28", "yvWETH", "weth-yvault", "", NULL, 1613681002, NULL);
UPDATE common_asset_details SET started=1615139942 WHERE identifier="eip155:1/erc20:0xE14d13d8B3b85aF791b2AADD661cDBd5E6097Db1";
INSERT INTO assets(identifier, name, type) VALUES("eip155:1/erc20:0xE14d13d8B3b85aF791b2AADD661cDBd5E6097Db1", "YFI yVault", "C"); INSERT INTO evm_tokens(identifier, token_kind, chain, address, decimals, protocol) VALUES("eip155:1/erc20:0xE14d13d8B3b85aF791b2AADD661cDBd5E6097Db1", "A", 1, "0xE14d13d8B3b85aF791b2AADD661cDBd5E6097Db1", 18, "yearn_vaults_v2"); INSERT INTO common_asset_details(identifier, symbol, coingecko, cryptocompare, forked, started, swapped_for) VALUES("eip155:1/erc20:0xE14d13d8B3b85aF791b2AADD661cDBd5E6097Db1", "yvYFI", "yfi-yvault", "", NULL, 1615139942, NULL);
UPDATE common_asset_details SET started=1613761651 WHERE identifier="eip155:1/erc20:0xB8C3B7A2A618C552C23B1E4701109a9E756Bab67";
INSERT INTO assets(identifier, name, type) VALUES("eip155:1/erc20:0xB8C3B7A2A618C552C23B1E4701109a9E756Bab67", "1INCH yVault", "C"); INSERT INTO evm_tokens(identifier, token_kind, chain, address, decimals, protocol) VALUES("eip155:1/erc20:0xB8C3B7A2A618C552C23B1E4701109a9E756Bab67", "A", 1, "0xB8C3B7A2A618C552C23B1E4701109a9E756Bab67", 18, "yearn_vaults_v2"); INSERT INTO common_asset_details(identifier, symbol, coingecko, cryptocompare, forked, started, swapped_for) VALUES("eip155:1/erc20:0xB8C3B7A2A618C552C23B1E4701109a9E756Bab67", "yv1INCH", "1inch-yvault", "", NULL, 1613761651, NULL);
UPDATE common_asset_details SET started=1615530116 WHERE identifier="eip155:1/erc20:0x27b7b1ad7288079A66d12350c828D3C00A6F07d7";
INSERT INTO assets(identifier, name, type) VALUES("eip155:1/erc20:0x27b7b1ad7288079A66d12350c828D3C00A6F07d7", "Curve Iron Bank Pool yVault", "C"); INSERT INTO evm_tokens(identifier, token_kind, chain, address, decimals, protocol) VALUES("eip155:1/erc20:0x27b7b1ad7288079A66d12350c828D3C00A6F07d7", "A", 1, "0x27b7b1ad7288079A66d12350c828D3C00A6F07d7", 18, "yearn_vaults_v2"); INSERT INTO common_asset_details(identifier, symbol, coingecko, cryptocompare, forked, started, swapped_for) VALUES("eip155:1/erc20:0x27b7b1ad7288079A66d12350c828D3C00A6F07d7", "yvCurve-IB", "", "", NULL, 1615530116, NULL);
UPDATE common_asset_details SET started=1616773195 WHERE identifier="eip155:1/erc20:0x625b7DF2fa8aBe21B0A976736CDa4775523aeD1E";
INSERT INTO assets(identifier, name, type) VALUES("eip155:1/erc20:0x625b7DF2fa8aBe21B0A976736CDa4775523aeD1E", "hCRV yVault", "C"); INSERT INTO evm_tokens(identifier, token_kind, chain, address, decimals, protocol) VALUES("eip155:1/erc20:0x625b7DF2fa8aBe21B0A976736CDa4775523aeD1E", "A", 1, "0x625b7DF2fa8aBe21B0A976736CDa4775523aeD1E", 18, "yearn_vaults_v2"); INSERT INTO common_asset_details(identifier, symbol, coingecko, cryptocompare, forked, started, swapped_for) VALUES("eip155:1/erc20:0x625b7DF2fa8aBe21B0A976736CDa4775523aeD1E", "yvhCRV", "", "", NULL, 1616773195, NULL);
UPDATE common_asset_details SET started=1617828349 WHERE identifier="eip155:1/erc20:0x9d409a0A012CFbA9B15F6D4B36Ac57A46966Ab9a";
INSERT INTO assets(identifier, name, type) VALUES("eip155:1/erc20:0x9d409a0A012CFbA9B15F6D4B36Ac57A46966Ab9a", "Yearn Compounding veCRV yVault", "C"); INSERT INTO evm_tokens(identifier, token_kind, chain, address, decimals, protocol) VALUES("eip155:1/erc20:0x9d409a0A012CFbA9B15F6D4B36Ac57A46966Ab9a", "A", 1, "0x9d409a0A012CFbA9B15F6D4B36Ac57A46966Ab9a", 18, "yearn_vaults_v2"); INSERT INTO common_asset_details(identifier, symbol, coingecko, cryptocompare, forked, started, swapped_for) VALUES("eip155:1/erc20:0x9d409a0A012CFbA9B15F6D4B36Ac57A46966Ab9a", "yvBOOST", "yvboost", "YVBOOST", NULL, 1617828349, NULL);
UPDATE common_asset_details SET started=1618198719 WHERE identifier="eip155:1/erc20:0x8414Db07a7F743dEbaFb402070AB01a4E0d2E45e";
INSERT INTO assets(identifier, name, type) VALUES("eip155:1/erc20:0x8414Db07a7F743dEbaFb402070AB01a4E0d2E45e", "Curve sBTC Pool yVault", "C"); INSERT INTO evm_tokens(identifier, token_kind, chain, address, decimals, protocol) VALUES("eip155:1/erc20:0x8414Db07a7F743dEbaFb402070AB01a4E0d2E45e", "A", 1, "0x8414Db07a7F743dEbaFb402070AB01a4E0d2E45e", 18, "yearn_vaults_v2"); INSERT INTO common_asset_details(identifier, symbol, coingecko, cryptocompare, forked, started, swapped_for) VALUES("eip155:1/erc20:0x8414Db07a7F743dEbaFb402070AB01a4E0d2E45e", "yvCurve-sBTC", "", "", NULL, 1618198719, NULL);
UPDATE common_asset_details SET started=1618198791 WHERE identifier="eip155:1/erc20:0x7047F90229a057C13BF847C0744D646CFb6c9E1A";
INSERT INTO assets(identifier, name, type) VALUES("eip155:1/erc20:0x7047F90229a057C13BF847C0744D646CFb6c9E1A", "Curve renBTC Pool yVault", "C"); INSERT INTO evm_tokens(identifier, token_kind, chain, address, decimals, protocol) VALUES("eip155:1/erc20:0x7047F90229a057C13BF847C0744D646CFb6c9E1A", "A", 1, "0x7047F90229a057C13BF847C0744D646CFb6c9E1A", 18, "yearn_vaults_v2"); INSERT INTO common_asset_details(identifier, symbol, coingecko, cryptocompare, forked, started, swapped_for) VALUES("eip155:1/erc20:0x7047F90229a057C13BF847C0744D646CFb6c9E1A", "yvCurve-renBTC", "", "", NULL, 1618198791, NULL);
UPDATE common_asset_details SET started=1618495735 WHERE identifier="eip155:1/erc20:0xb4D1Be44BfF40ad6e506edf43156577a3f8672eC";
INSERT INTO assets(identifier, name, type) VALUES("eip155:1/erc20:0xb4D1Be44BfF40ad6e506edf43156577a3f8672eC", "Curve sAave Pool yVault", "C"); INSERT INTO evm_tokens(identifier, token_kind, chain, address, decimals, protocol) VALUES("eip155:1/erc20:0xb4D1Be44BfF40ad6e506edf43156577a3f8672eC", "A", 1, "0xb4D1Be44BfF40ad6e506edf43156577a3f8672eC", 18, "yearn_vaults_v2"); INSERT INTO common_asset_details(identifier, symbol, coingecko, cryptocompare, forked, started, swapped_for) VALUES("eip155:1/erc20:0xb4D1Be44BfF40ad6e506edf43156577a3f8672eC", "yvCurve-sAave", "", "", NULL, 1618495735, NULL);
UPDATE common_asset_details SET started=1619129210 WHERE identifier="eip155:1/erc20:0xe9Dc63083c464d6EDcCFf23444fF3CFc6886f6FB";
INSERT INTO assets(identifier, name, type) VALUES("eip155:1/erc20:0xe9Dc63083c464d6EDcCFf23444fF3CFc6886f6FB", "Curve oBTC Pool yVault", "C"); INSERT INTO evm_tokens(identifier, token_kind, chain, address, decimals, protocol) VALUES("eip155:1/erc20:0xe9Dc63083c464d6EDcCFf23444fF3CFc6886f6FB", "A", 1, "0xe9Dc63083c464d6EDcCFf23444fF3CFc6886f6FB", 18, "yearn_vaults_v2"); INSERT INTO common_asset_details(identifier, symbol, coingecko, cryptocompare, forked, started, swapped_for) VALUES("eip155:1/erc20:0xe9Dc63083c464d6EDcCFf23444fF3CFc6886f6FB", "yvCurve-oBTC", "", "", NULL, 1619129210, NULL);
UPDATE common_asset_details SET started=1619133571 WHERE identifier="eip155:1/erc20:0x3c5DF3077BcF800640B5DAE8c91106575a4826E6";
INSERT INTO assets(identifier, name, type) VALUES("eip155:1/erc20:0x3c5DF3077BcF800640B5DAE8c91106575a4826E6", "Curve pBTC Pool yVault", "C"); INSERT INTO evm_tokens(identifier, token_kind, chain, address, decimals, protocol) VALUES("eip155:1/erc20:0x3c5DF3077BcF800640B5DAE8c91106575a4826E6", "A", 1, "0x3c5DF3077BcF800640B5DAE8c91106575a4826E6", 18, "yearn_vaults_v2"); INSERT INTO common_asset_details(identifier, symbol, coingecko, cryptocompare, forked, started, swapped_for) VALUES("eip155:1/erc20:0x3c5DF3077BcF800640B5DAE8c91106575a4826E6", "yvCurve-pBTC", "", "", NULL, 1619133571, NULL);
UPDATE common_asset_details SET started=1619011533 WHERE identifier="eip155:1/erc20:0x5fA5B62c8AF877CB37031e0a3B2f34A78e3C56A6";
INSERT INTO assets(identifier, name, type) VALUES("eip155:1/erc20:0x5fA5B62c8AF877CB37031e0a3B2f34A78e3C56A6", "Curve LUSD Pool yVault", "C"); INSERT INTO evm_tokens(identifier, token_kind, chain, address, decimals, protocol) VALUES("eip155:1/erc20:0x5fA5B62c8AF877CB37031e0a3B2f34A78e3C56A6", "A", 1, "0x5fA5B62c8AF877CB37031e0a3B2f34A78e3C56A6", 18, "yearn_vaults_v2"); INSERT INTO common_asset_details(identifier, symbol, coingecko, cryptocompare, forked, started, swapped_for) VALUES("eip155:1/erc20:0x5fA5B62c8AF877CB37031e0a3B2f34A78e3C56A6", "yvCurve-LUSD", "", "", NULL, 1619011533, NULL);
UPDATE common_asset_details SET started=1619133571 WHERE identifier="eip155:1/erc20:0x8fA3A9ecd9EFb07A8CE90A6eb014CF3c0E3B32Ef";
INSERT INTO assets(identifier, name, type) VALUES("eip155:1/erc20:0x8fA3A9ecd9EFb07A8CE90A6eb014CF3c0E3B32Ef", "Curve BBTC Pool yVault", "C"); INSERT INTO evm_tokens(identifier, token_kind, chain, address, decimals, protocol) VALUES("eip155:1/erc20:0x8fA3A9ecd9EFb07A8CE90A6eb014CF3c0E3B32Ef", "A", 1, "0x8fA3A9ecd9EFb07A8CE90A6eb014CF3c0E3B32Ef", 18, "yearn_vaults_v2"); INSERT INTO common_asset_details(identifier, symbol, coingecko, cryptocompare, forked, started, swapped_for) VALUES("eip155:1/erc20:0x8fA3A9ecd9EFb07A8CE90A6eb014CF3c0E3B32Ef", "yvCurve-BBTC", "", "", NULL, 1619133571, NULL);
UPDATE common_asset_details SET started=1619203070 WHERE identifier="eip155:1/erc20:0x23D3D0f1c697247d5e0a9efB37d8b0ED0C464f7f";
INSERT INTO assets(identifier, name, type) VALUES("eip155:1/erc20:0x23D3D0f1c697247d5e0a9efB37d8b0ED0C464f7f", "Curve tBTC Pool yVault", "C"); INSERT INTO evm_tokens(identifier, token_kind, chain, address, decimals, protocol) VALUES("eip155:1/erc20:0x23D3D0f1c697247d5e0a9efB37d8b0ED0C464f7f", "A", 1, "0x23D3D0f1c697247d5e0a9efB37d8b0ED0C464f7f", 18, "yearn_vaults_v2"); INSERT INTO common_asset_details(identifier, symbol, coingecko, cryptocompare, forked, started, swapped_for) VALUES("eip155:1/erc20:0x23D3D0f1c697247d5e0a9efB37d8b0ED0C464f7f", "yvCurve-tBTC", "", "", NULL, 1619203070, NULL);
UPDATE common_asset_details SET started=1618346655 WHERE identifier="eip155:1/erc20:0x7Da96a3891Add058AdA2E826306D812C638D87a7";
INSERT INTO assets(identifier, name, type) VALUES("eip155:1/erc20:0x7Da96a3891Add058AdA2E826306D812C638D87a7", "USDT yVault", "C"); INSERT INTO evm_tokens(identifier, token_kind, chain, address, decimals, protocol) VALUES("eip155:1/erc20:0x7Da96a3891Add058AdA2E826306D812C638D87a7", "A", 1, "0x7Da96a3891Add058AdA2E826306D812C638D87a7", 6, "yearn_vaults_v2"); INSERT INTO common_asset_details(identifier, symbol, coingecko, cryptocompare, forked, started, swapped_for) VALUES("eip155:1/erc20:0x7Da96a3891Add058AdA2E826306D812C638D87a7", "yvUSDT", "usdt-yvault", "", NULL, 1618346655, NULL);
UPDATE common_asset_details SET started=1617710298 WHERE identifier="eip155:1/erc20:0xA696a63cc78DfFa1a63E9E50587C197387FF6C7E";
INSERT INTO assets(identifier, name, type) VALUES("eip155:1/erc20:0xA696a63cc78DfFa1a63E9E50587C197387FF6C7E", "WBTC yVault", "C"); INSERT INTO evm_tokens(identifier, token_kind, chain, address, decimals, protocol) VALUES("eip155:1/erc20:0xA696a63cc78DfFa1a63E9E50587C197387FF6C7E", "A", 1, "0xA696a63cc78DfFa1a63E9E50587C197387FF6C7E", 8, "yearn_vaults_v2"); INSERT INTO common_asset_details(identifier, symbol, coingecko, cryptocompare, forked, started, swapped_for) VALUES("eip155:1/erc20:0xA696a63cc78DfFa1a63E9E50587C197387FF6C7E", "yvWBTC", "wbtc-yvault", "", NULL, 1617710298, NULL);
UPDATE common_asset_details SET started=1619010482 WHERE identifier="eip155:1/erc20:0xB4AdA607B9d6b2c9Ee07A275e9616B84AC560139";
INSERT INTO assets(identifier, name, type) VALUES("eip155:1/erc20:0xB4AdA607B9d6b2c9Ee07A275e9616B84AC560139", "Curve FRAX Pool yVault", "C"); INSERT INTO evm_tokens(identifier, token_kind, chain, address, decimals, protocol) VALUES("eip155:1/erc20:0xB4AdA607B9d6b2c9Ee07A275e9616B84AC560139", "A", 1, "0xB4AdA607B9d6b2c9Ee07A275e9616B84AC560139", 18, "yearn_vaults_v2"); INSERT INTO common_asset_details(identifier, symbol, coingecko, cryptocompare, forked, started, swapped_for) VALUES("eip155:1/erc20:0xB4AdA607B9d6b2c9Ee07A275e9616B84AC560139", "yvCurve-FRAX", "", "", NULL, 1619010482, NULL);
UPDATE common_asset_details SET started=1619752152 WHERE identifier="eip155:1/erc20:0xFBEB78a723b8087fD2ea7Ef1afEc93d35E8Bed42";
INSERT INTO assets(identifier, name, type) VALUES("eip155:1/erc20:0xFBEB78a723b8087fD2ea7Ef1afEc93d35E8Bed42", "UNI yVault", "C"); INSERT INTO evm_tokens(identifier, token_kind, chain, address, decimals, protocol) VALUES("eip155:1/erc20:0xFBEB78a723b8087fD2ea7Ef1afEc93d35E8Bed42", "A", 1, "0xFBEB78a723b8087fD2ea7Ef1afEc93d35E8Bed42", 18, "yearn_vaults_v2"); INSERT INTO common_asset_details(identifier, symbol, coingecko, cryptocompare, forked, started, swapped_for) VALUES("eip155:1/erc20:0xFBEB78a723b8087fD2ea7Ef1afEc93d35E8Bed42", "yvUNI", "uni-yvault", "", NULL, 1619752152, NULL);
UPDATE common_asset_details SET started=1618496415 WHERE identifier="eip155:1/erc20:0x8ee57c05741aA9DB947A744E713C15d4d19D8822";
INSERT INTO assets(identifier, name, type) VALUES("eip155:1/erc20:0x8ee57c05741aA9DB947A744E713C15d4d19D8822", "Curve BUSD Pool yVault", "C"); INSERT INTO evm_tokens(identifier, token_kind, chain, address, decimals, protocol) VALUES("eip155:1/erc20:0x8ee57c05741aA9DB947A744E713C15d4d19D8822", "A", 1, "0x8ee57c05741aA9DB947A744E713C15d4d19D8822", 18, "yearn_vaults_v2"); INSERT INTO common_asset_details(identifier, symbol, coingecko, cryptocompare, forked, started, swapped_for) VALUES("eip155:1/erc20:0x8ee57c05741aA9DB947A744E713C15d4d19D8822", "yvCurve-BUSD", "", "", NULL, 1618496415, NULL);
UPDATE common_asset_details SET started=1618497569 WHERE identifier="eip155:1/erc20:0xD6Ea40597Be05c201845c0bFd2e96A60bACde267";
INSERT INTO assets(identifier, name, type) VALUES("eip155:1/erc20:0xD6Ea40597Be05c201845c0bFd2e96A60bACde267", "Curve Compound Pool yVault", "C"); INSERT INTO evm_tokens(identifier, token_kind, chain, address, decimals, protocol) VALUES("eip155:1/erc20:0xD6Ea40597Be05c201845c0bFd2e96A60bACde267", "A", 1, "0xD6Ea40597Be05c201845c0bFd2e96A60bACde267", 18, "yearn_vaults_v2"); INSERT INTO common_asset_details(identifier, symbol, coingecko, cryptocompare, forked, started, swapped_for) VALUES("eip155:1/erc20:0xD6Ea40597Be05c201845c0bFd2e96A60bACde267", "yvCurve-Compound", "", "", NULL, 1618497569, NULL);
UPDATE common_asset_details SET started=1619202751 WHERE identifier="eip155:1/erc20:0x2a38B9B0201Ca39B17B460eD2f11e4929559071E";
INSERT INTO assets(identifier, name, type) VALUES("eip155:1/erc20:0x2a38B9B0201Ca39B17B460eD2f11e4929559071E", "Curve GUSD Pool yVault", "C"); INSERT INTO evm_tokens(identifier, token_kind, chain, address, decimals, protocol) VALUES("eip155:1/erc20:0x2a38B9B0201Ca39B17B460eD2f11e4929559071E", "A", 1, "0x2a38B9B0201Ca39B17B460eD2f11e4929559071E", 18, "yearn_vaults_v2"); INSERT INTO common_asset_details(identifier, symbol, coingecko, cryptocompare, forked, started, swapped_for) VALUES("eip155:1/erc20:0x2a38B9B0201Ca39B17B460eD2f11e4929559071E", "yvCurve-GUSD", "", "", NULL, 1619202751, NULL);
UPDATE common_asset_details SET started=1619040924 WHERE identifier="eip155:1/erc20:0x4B5BfD52124784745c1071dcB244C6688d2533d3";
INSERT INTO assets(identifier, name, type) VALUES("eip155:1/erc20:0x4B5BfD52124784745c1071dcB244C6688d2533d3", "Curve Y Pool yVault", "C"); INSERT INTO evm_tokens(identifier, token_kind, chain, address, decimals, protocol) VALUES("eip155:1/erc20:0x4B5BfD52124784745c1071dcB244C6688d2533d3", "A", 1, "0x4B5BfD52124784745c1071dcB244C6688d2533d3", 18, "yearn_vaults_v2"); INSERT INTO common_asset_details(identifier, symbol, coingecko, cryptocompare, forked, started, swapped_for) VALUES("eip155:1/erc20:0x4B5BfD52124784745c1071dcB244C6688d2533d3", "yUSD", "", "", NULL, 1619040924, NULL);
UPDATE common_asset_details SET started=1618503020 WHERE identifier="eip155:1/erc20:0x84E13785B5a27879921D6F685f041421C7F482dA";
INSERT INTO assets(identifier, name, type) VALUES("eip155:1/erc20:0x84E13785B5a27879921D6F685f041421C7F482dA", "Curve 3pool yVault", "C"); INSERT INTO evm_tokens(identifier, token_kind, chain, address, decimals, protocol) VALUES("eip155:1/erc20:0x84E13785B5a27879921D6F685f041421C7F482dA", "A", 1, "0x84E13785B5a27879921D6F685f041421C7F482dA", 18, "yearn_vaults_v2"); INSERT INTO common_asset_details(identifier, symbol, coingecko, cryptocompare, forked, started, swapped_for) VALUES("eip155:1/erc20:0x84E13785B5a27879921D6F685f041421C7F482dA", "yvCurve-3pool", "", "", NULL, 1618503020, NULL);
UPDATE common_asset_details SET started=1619304311 WHERE identifier="eip155:1/erc20:0xf8768814b88281DE4F532a3beEfA5b85B69b9324";
INSERT INTO assets(identifier, name, type) VALUES("eip155:1/erc20:0xf8768814b88281DE4F532a3beEfA5b85B69b9324", "Curve TUSD Pool yVault", "C"); INSERT INTO evm_tokens(identifier, token_kind, chain, address, decimals, protocol) VALUES("eip155:1/erc20:0xf8768814b88281DE4F532a3beEfA5b85B69b9324", "A", 1, "0xf8768814b88281DE4F532a3beEfA5b85B69b9324", 18, "yearn_vaults_v2"); INSERT INTO common_asset_details(identifier, symbol, coingecko, cryptocompare, forked, started, swapped_for) VALUES("eip155:1/erc20:0xf8768814b88281DE4F532a3beEfA5b85B69b9324", "yvCurve-TUSD", "", "", NULL, 1619304311, NULL);
UPDATE common_asset_details SET started=1619012496 WHERE identifier="eip155:1/erc20:0x6Ede7F19df5df6EF23bD5B9CeDb651580Bdf56Ca";
INSERT INTO assets(identifier, name, type) VALUES("eip155:1/erc20:0x6Ede7F19df5df6EF23bD5B9CeDb651580Bdf56Ca", "Curve BUSD Pool yVault", "C"); INSERT INTO evm_tokens(identifier, token_kind, chain, address, decimals, protocol) VALUES("eip155:1/erc20:0x6Ede7F19df5df6EF23bD5B9CeDb651580Bdf56Ca", "A", 1, "0x6Ede7F19df5df6EF23bD5B9CeDb651580Bdf56Ca", 18, "yearn_vaults_v2"); INSERT INTO common_asset_details(identifier, symbol, coingecko, cryptocompare, forked, started, swapped_for) VALUES("eip155:1/erc20:0x6Ede7F19df5df6EF23bD5B9CeDb651580Bdf56Ca", "yvCurve-BUSD", "", "", NULL, 1619012496, NULL);
UPDATE common_asset_details SET started=1619136773 WHERE identifier="eip155:1/erc20:0x30FCf7c6cDfC46eC237783D94Fc78553E79d4E9C";
INSERT INTO assets(identifier, name, type) VALUES("eip155:1/erc20:0x30FCf7c6cDfC46eC237783D94Fc78553E79d4E9C", "Curve DUSD Pool yVault", "C"); INSERT INTO evm_tokens(identifier, token_kind, chain, address, decimals, protocol) VALUES("eip155:1/erc20:0x30FCf7c6cDfC46eC237783D94Fc78553E79d4E9C", "A", 1, "0x30FCf7c6cDfC46eC237783D94Fc78553E79d4E9C", 18, "yearn_vaults_v2"); INSERT INTO common_asset_details(identifier, symbol, coingecko, cryptocompare, forked, started, swapped_for) VALUES("eip155:1/erc20:0x30FCf7c6cDfC46eC237783D94Fc78553E79d4E9C", "yvCurve-DUSD", "", "", NULL, 1619136773, NULL);
UPDATE common_asset_details SET started=1619201539 WHERE identifier="eip155:1/erc20:0x1C6a9783F812b3Af3aBbf7de64c3cD7CC7D1af44";
INSERT INTO assets(identifier, name, type) VALUES("eip155:1/erc20:0x1C6a9783F812b3Af3aBbf7de64c3cD7CC7D1af44", "Curve UST Pool yVault", "C"); INSERT INTO evm_tokens(identifier, token_kind, chain, address, decimals, protocol) VALUES("eip155:1/erc20:0x1C6a9783F812b3Af3aBbf7de64c3cD7CC7D1af44", "A", 1, "0x1C6a9783F812b3Af3aBbf7de64c3cD7CC7D1af44", 18, "yearn_vaults_v2"); INSERT INTO common_asset_details(identifier, symbol, coingecko, cryptocompare, forked, started, swapped_for) VALUES("eip155:1/erc20:0x1C6a9783F812b3Af3aBbf7de64c3cD7CC7D1af44", "yvCurve-UST", "", "", NULL, 1619201539, NULL);
UPDATE common_asset_details SET started=1619137013 WHERE identifier="eip155:1/erc20:0x8cc94ccd0f3841a468184aCA3Cc478D2148E1757";
INSERT INTO assets(identifier, name, type) VALUES("eip155:1/erc20:0x8cc94ccd0f3841a468184aCA3Cc478D2148E1757", "Curve mUSD Pool yVault", "C"); INSERT INTO evm_tokens(identifier, token_kind, chain, address, decimals, protocol) VALUES("eip155:1/erc20:0x8cc94ccd0f3841a468184aCA3Cc478D2148E1757", "A", 1, "0x8cc94ccd0f3841a468184aCA3Cc478D2148E1757", 18, "yearn_vaults_v2"); INSERT INTO common_asset_details(identifier, symbol, coingecko, cryptocompare, forked, started, swapped_for) VALUES("eip155:1/erc20:0x8cc94ccd0f3841a468184aCA3Cc478D2148E1757", "yvCurve-mUSD", "", "", NULL, 1619137013, NULL);
UPDATE common_asset_details SET started=1616100922 WHERE identifier="eip155:1/erc20:0xa5cA62D95D24A4a350983D5B8ac4EB8638887396";
INSERT INTO assets(identifier, name, type) VALUES("eip155:1/erc20:0xa5cA62D95D24A4a350983D5B8ac4EB8638887396", "sUSD yVault", "C"); INSERT INTO evm_tokens(identifier, token_kind, chain, address, decimals, protocol) VALUES("eip155:1/erc20:0xa5cA62D95D24A4a350983D5B8ac4EB8638887396", "A", 1, "0xa5cA62D95D24A4a350983D5B8ac4EB8638887396", 18, "yearn_vaults_v2"); INSERT INTO common_asset_details(identifier, symbol, coingecko, cryptocompare, forked, started, swapped_for) VALUES("eip155:1/erc20:0xa5cA62D95D24A4a350983D5B8ac4EB8638887396", "yvsUSD", "susd-yvault", "", NULL, 1616100922, NULL);
UPDATE common_asset_details SET started=1618865006 WHERE identifier="eip155:1/erc20:0xF29AE508698bDeF169B89834F76704C3B205aedf";
INSERT INTO assets(identifier, name, type) VALUES("eip155:1/erc20:0xF29AE508698bDeF169B89834F76704C3B205aedf", "SNX yVault", "C"); INSERT INTO evm_tokens(identifier, token_kind, chain, address, decimals, protocol) VALUES("eip155:1/erc20:0xF29AE508698bDeF169B89834F76704C3B205aedf", "A", 1, "0xF29AE508698bDeF169B89834F76704C3B205aedf", 18, "yearn_vaults_v2"); INSERT INTO common_asset_details(identifier, symbol, coingecko, cryptocompare, forked, started, swapped_for) VALUES("eip155:1/erc20:0xF29AE508698bDeF169B89834F76704C3B205aedf", "yvSNX", "snx-yvault", "", NULL, 1618865006, NULL);
UPDATE common_asset_details SET started=1619203676 WHERE identifier="eip155:1/erc20:0x5a770DbD3Ee6bAF2802D29a901Ef11501C44797A";
INSERT INTO assets(identifier, name, type) VALUES("eip155:1/erc20:0x5a770DbD3Ee6bAF2802D29a901Ef11501C44797A", "Curve sUSD Pool yVault", "C"); INSERT INTO evm_tokens(identifier, token_kind, chain, address, decimals, protocol) VALUES("eip155:1/erc20:0x5a770DbD3Ee6bAF2802D29a901Ef11501C44797A", "A", 1, "0x5a770DbD3Ee6bAF2802D29a901Ef11501C44797A", 18, "yearn_vaults_v2"); INSERT INTO common_asset_details(identifier, symbol, coingecko, cryptocompare, forked, started, swapped_for) VALUES("eip155:1/erc20:0x5a770DbD3Ee6bAF2802D29a901Ef11501C44797A", "yvCurve-sUSD", "", "", NULL, 1619203676, NULL);
UPDATE common_asset_details SET started=1619203599 WHERE identifier="eip155:1/erc20:0xf2db9a7c0ACd427A680D640F02d90f6186E71725";
INSERT INTO assets(identifier, name, type) VALUES("eip155:1/erc20:0xf2db9a7c0ACd427A680D640F02d90f6186E71725", "Curve LINK Pool yVault", "C"); INSERT INTO evm_tokens(identifier, token_kind, chain, address, decimals, protocol) VALUES("eip155:1/erc20:0xf2db9a7c0ACd427A680D640F02d90f6186E71725", "A", 1, "0xf2db9a7c0ACd427A680D640F02d90f6186E71725", 18, "yearn_vaults_v2"); INSERT INTO common_asset_details(identifier, symbol, coingecko, cryptocompare, forked, started, swapped_for) VALUES("eip155:1/erc20:0xf2db9a7c0ACd427A680D640F02d90f6186E71725", "yvCurve-LINK", "", "", NULL, 1619203599, NULL);
UPDATE common_asset_details SET started=1619203236 WHERE identifier="eip155:1/erc20:0x3B96d491f067912D18563d56858Ba7d6EC67a6fa";
INSERT INTO assets(identifier, name, type) VALUES("eip155:1/erc20:0x3B96d491f067912D18563d56858Ba7d6EC67a6fa", "Curve USDN Pool yVault", "C"); INSERT INTO evm_tokens(identifier, token_kind, chain, address, decimals, protocol) VALUES("eip155:1/erc20:0x3B96d491f067912D18563d56858Ba7d6EC67a6fa", "A", 1, "0x3B96d491f067912D18563d56858Ba7d6EC67a6fa", 18, "yearn_vaults_v2"); INSERT INTO common_asset_details(identifier, symbol, coingecko, cryptocompare, forked, started, swapped_for) VALUES("eip155:1/erc20:0x3B96d491f067912D18563d56858Ba7d6EC67a6fa", "yvCurve-USDN", "", "", NULL, 1619203236, NULL);
UPDATE common_asset_details SET started=1619204103 WHERE identifier="eip155:1/erc20:0xC4dAf3b5e2A9e93861c3FBDd25f1e943B8D87417";
INSERT INTO assets(identifier, name, type) VALUES("eip155:1/erc20:0xC4dAf3b5e2A9e93861c3FBDd25f1e943B8D87417", "Curve USDP Pool yVault", "C"); INSERT INTO evm_tokens(identifier, token_kind, chain, address, decimals, protocol) VALUES("eip155:1/erc20:0xC4dAf3b5e2A9e93861c3FBDd25f1e943B8D87417", "A", 1, "0xC4dAf3b5e2A9e93861c3FBDd25f1e943B8D87417", 18, "yearn_vaults_v2"); INSERT INTO common_asset_details(identifier, symbol, coingecko, cryptocompare, forked, started, swapped_for) VALUES("eip155:1/erc20:0xC4dAf3b5e2A9e93861c3FBDd25f1e943B8D87417", "yvCurve-USDP", "", "", NULL, 1619204103, NULL);
UPDATE common_asset_details SET started=1621694468 WHERE identifier="eip155:1/erc20:0xA74d4B67b3368E83797a35382AFB776bAAE4F5C8";
INSERT INTO assets(identifier, name, type) VALUES("eip155:1/erc20:0xA74d4B67b3368E83797a35382AFB776bAAE4F5C8", "Curve alUSD Pool yVault", "C"); INSERT INTO evm_tokens(identifier, token_kind, chain, address, decimals, protocol) VALUES("eip155:1/erc20:0xA74d4B67b3368E83797a35382AFB776bAAE4F5C8", "A", 1, "0xA74d4B67b3368E83797a35382AFB776bAAE4F5C8", 18, "yearn_vaults_v2"); INSERT INTO common_asset_details(identifier, symbol, coingecko, cryptocompare, forked, started, swapped_for) VALUES("eip155:1/erc20:0xA74d4B67b3368E83797a35382AFB776bAAE4F5C8", "yvCurve-alUSD", "", "", NULL, 1621694468, NULL);
UPDATE common_asset_details SET started=1621694504 WHERE identifier="eip155:1/erc20:0xBfedbcbe27171C418CDabC2477042554b1904857";
INSERT INTO assets(identifier, name, type) VALUES("eip155:1/erc20:0xBfedbcbe27171C418CDabC2477042554b1904857", "Curve rETH Pool yVault", "C"); INSERT INTO evm_tokens(identifier, token_kind, chain, address, decimals, protocol) VALUES("eip155:1/erc20:0xBfedbcbe27171C418CDabC2477042554b1904857", "A", 1, "0xBfedbcbe27171C418CDabC2477042554b1904857", 18, "yearn_vaults_v2"); INSERT INTO common_asset_details(identifier, symbol, coingecko, cryptocompare, forked, started, swapped_for) VALUES("eip155:1/erc20:0xBfedbcbe27171C418CDabC2477042554b1904857", "yvCurve-rETH", "", "", NULL, 1621694504, NULL);
UPDATE common_asset_details SET started=1619135101 WHERE identifier="eip155:1/erc20:0x132d8D2C76Db3812403431fAcB00F3453Fc42125";
INSERT INTO assets(identifier, name, type) VALUES("eip155:1/erc20:0x132d8D2C76Db3812403431fAcB00F3453Fc42125", "Curve ankrETH Pool yVault", "C"); INSERT INTO evm_tokens(identifier, token_kind, chain, address, decimals, protocol) VALUES("eip155:1/erc20:0x132d8D2C76Db3812403431fAcB00F3453Fc42125", "A", 1, "0x132d8D2C76Db3812403431fAcB00F3453Fc42125", 18, "yearn_vaults_v2"); INSERT INTO common_asset_details(identifier, symbol, coingecko, cryptocompare, forked, started, swapped_for) VALUES("eip155:1/erc20:0x132d8D2C76Db3812403431fAcB00F3453Fc42125", "yvCurve-ankrETH", "", "", NULL, 1619135101, NULL);
UPDATE common_asset_details SET started=1619203875 WHERE identifier="eip155:1/erc20:0x39CAF13a104FF567f71fd2A4c68C026FDB6E740B";
INSERT INTO assets(identifier, name, type) VALUES("eip155:1/erc20:0x39CAF13a104FF567f71fd2A4c68C026FDB6E740B", "Curve Aave Pool yVault", "C"); INSERT INTO evm_tokens(identifier, token_kind, chain, address, decimals, protocol) VALUES("eip155:1/erc20:0x39CAF13a104FF567f71fd2A4c68C026FDB6E740B", "A", 1, "0x39CAF13a104FF567f71fd2A4c68C026FDB6E740B", 18, "yearn_vaults_v2"); INSERT INTO common_asset_details(identifier, symbol, coingecko, cryptocompare, forked, started, swapped_for) VALUES("eip155:1/erc20:0x39CAF13a104FF567f71fd2A4c68C026FDB6E740B", "yvCurve-Aave", "", "", NULL, 1619203875, NULL);
UPDATE common_asset_details SET started=1619201962 WHERE identifier="eip155:1/erc20:0x054AF22E1519b020516D72D749221c24756385C9";
INSERT INTO assets(identifier, name, type) VALUES("eip155:1/erc20:0x054AF22E1519b020516D72D749221c24756385C9", "Curve HUSD Pool yVault", "C"); INSERT INTO evm_tokens(identifier, token_kind, chain, address, decimals, protocol) VALUES("eip155:1/erc20:0x054AF22E1519b020516D72D749221c24756385C9", "A", 1, "0x054AF22E1519b020516D72D749221c24756385C9", 18, "yearn_vaults_v2"); INSERT INTO common_asset_details(identifier, symbol, coingecko, cryptocompare, forked, started, swapped_for) VALUES("eip155:1/erc20:0x054AF22E1519b020516D72D749221c24756385C9", "yvCurve-HUSD", "", "", NULL, 1619201962, NULL);
UPDATE common_asset_details SET started=1619202196 WHERE identifier="eip155:1/erc20:0x25212Df29073FfFA7A67399AcEfC2dd75a831A1A";
INSERT INTO assets(identifier, name, type) VALUES("eip155:1/erc20:0x25212Df29073FfFA7A67399AcEfC2dd75a831A1A", "Curve EURS Pool yVault", "C"); INSERT INTO evm_tokens(identifier, token_kind, chain, address, decimals, protocol) VALUES("eip155:1/erc20:0x25212Df29073FfFA7A67399AcEfC2dd75a831A1A", "A", 1, "0x25212Df29073FfFA7A67399AcEfC2dd75a831A1A", 18, "yearn_vaults_v2"); INSERT INTO common_asset_details(identifier, symbol, coingecko, cryptocompare, forked, started, swapped_for) VALUES("eip155:1/erc20:0x25212Df29073FfFA7A67399AcEfC2dd75a831A1A", "yvCurve-EURS", "", "", NULL, 1619202196, NULL);
UPDATE common_asset_details SET started=1622471192 WHERE identifier="eip155:1/erc20:0x671a912C10bba0CFA74Cfc2d6Fba9BA1ed9530B2";
INSERT INTO assets(identifier, name, type) VALUES("eip155:1/erc20:0x671a912C10bba0CFA74Cfc2d6Fba9BA1ed9530B2", "LINK yVault", "C"); INSERT INTO evm_tokens(identifier, token_kind, chain, address, decimals, protocol) VALUES("eip155:1/erc20:0x671a912C10bba0CFA74Cfc2d6Fba9BA1ed9530B2", "A", 1, "0x671a912C10bba0CFA74Cfc2d6Fba9BA1ed9530B2", 18, "yearn_vaults_v2"); INSERT INTO common_asset_details(identifier, symbol, coingecko, cryptocompare, forked, started, swapped_for) VALUES("eip155:1/erc20:0x671a912C10bba0CFA74Cfc2d6Fba9BA1ed9530B2", "yvLINK", "link-yvault", "", NULL, 1622471192, NULL);
UPDATE common_asset_details SET started=1622846514 WHERE identifier="eip155:1/erc20:0x873fB544277FD7b977B196a826459a69E27eA4ea";
INSERT INTO assets(identifier, name, type) VALUES("eip155:1/erc20:0x873fB544277FD7b977B196a826459a69E27eA4ea", "RAI yVault", "C"); INSERT INTO evm_tokens(identifier, token_kind, chain, address, decimals, protocol) VALUES("eip155:1/erc20:0x873fB544277FD7b977B196a826459a69E27eA4ea", "A", 1, "0x873fB544277FD7b977B196a826459a69E27eA4ea", 18, "yearn_vaults_v2"); INSERT INTO common_asset_details(identifier, symbol, coingecko, cryptocompare, forked, started, swapped_for) VALUES("eip155:1/erc20:0x873fB544277FD7b977B196a826459a69E27eA4ea", "yvRAI", "rai-yvault", "", NULL, 1622846514, NULL);
UPDATE common_asset_details SET started=1623088086 WHERE identifier="eip155:1/erc20:0xa258C4606Ca8206D8aA700cE2143D7db854D168c";
INSERT INTO assets(identifier, name, type) VALUES("eip155:1/erc20:0xa258C4606Ca8206D8aA700cE2143D7db854D168c", "WETH yVault", "C"); INSERT INTO evm_tokens(identifier, token_kind, chain, address, decimals, protocol) VALUES("eip155:1/erc20:0xa258C4606Ca8206D8aA700cE2143D7db854D168c", "A", 1, "0xa258C4606Ca8206D8aA700cE2143D7db854D168c", 18, "yearn_vaults_v2"); INSERT INTO common_asset_details(identifier, symbol, coingecko, cryptocompare, forked, started, swapped_for) VALUES("eip155:1/erc20:0xa258C4606Ca8206D8aA700cE2143D7db854D168c", "yvWETH", "weth-yvault", "", NULL, 1623088086, NULL);
UPDATE common_asset_details SET started=1623893787 WHERE identifier="eip155:1/erc20:0x3D980E50508CFd41a13837A60149927a11c03731";
INSERT INTO assets(identifier, name, type) VALUES("eip155:1/erc20:0x3D980E50508CFd41a13837A60149927a11c03731", "Curve triCrypto Pool yVault", "C"); INSERT INTO evm_tokens(identifier, token_kind, chain, address, decimals, protocol) VALUES("eip155:1/erc20:0x3D980E50508CFd41a13837A60149927a11c03731", "A", 1, "0x3D980E50508CFd41a13837A60149927a11c03731", 18, "yearn_vaults_v2"); INSERT INTO common_asset_details(identifier, symbol, coingecko, cryptocompare, forked, started, swapped_for) VALUES("eip155:1/erc20:0x3D980E50508CFd41a13837A60149927a11c03731", "yvCurve-triCrypto", "", "", NULL, 1623893787, NULL);
UPDATE common_asset_details SET started=1624510585 WHERE identifier="eip155:1/erc20:0x80bbeE2fa460dA291e796B9045e93d19eF948C6A";
INSERT INTO assets(identifier, name, type) VALUES("eip155:1/erc20:0x80bbeE2fa460dA291e796B9045e93d19eF948C6A", "Curve Pax Pool yVault", "C"); INSERT INTO evm_tokens(identifier, token_kind, chain, address, decimals, protocol) VALUES("eip155:1/erc20:0x80bbeE2fa460dA291e796B9045e93d19eF948C6A", "A", 1, "0x80bbeE2fa460dA291e796B9045e93d19eF948C6A", 18, "yearn_vaults_v2"); INSERT INTO common_asset_details(identifier, symbol, coingecko, cryptocompare, forked, started, swapped_for) VALUES("eip155:1/erc20:0x80bbeE2fa460dA291e796B9045e93d19eF948C6A", "yvCurve-Pax", "", "", NULL, 1624510585, NULL);
UPDATE common_asset_details SET started=1624511030 WHERE identifier="eip155:1/erc20:0x28a5b95C101df3Ded0C0d9074DB80C438774B6a9";
INSERT INTO assets(identifier, name, type) VALUES("eip155:1/erc20:0x28a5b95C101df3Ded0C0d9074DB80C438774B6a9", "Curve USDT Pool yVault", "C"); INSERT INTO evm_tokens(identifier, token_kind, chain, address, decimals, protocol) VALUES("eip155:1/erc20:0x28a5b95C101df3Ded0C0d9074DB80C438774B6a9", "A", 1, "0x28a5b95C101df3Ded0C0d9074DB80C438774B6a9", 18, "yearn_vaults_v2"); INSERT INTO common_asset_details(identifier, symbol, coingecko, cryptocompare, forked, started, swapped_for) VALUES("eip155:1/erc20:0x28a5b95C101df3Ded0C0d9074DB80C438774B6a9", "yvCurve-USDT", "", "", NULL, 1624511030, NULL);
UPDATE common_asset_details SET started=1624548021 WHERE identifier="eip155:1/erc20:0x3D27705c64213A5DcD9D26880c1BcFa72d5b6B0E";
INSERT INTO assets(identifier, name, type) VALUES("eip155:1/erc20:0x3D27705c64213A5DcD9D26880c1BcFa72d5b6B0E", "Curve USDK Pool yVault", "C"); INSERT INTO evm_tokens(identifier, token_kind, chain, address, decimals, protocol) VALUES("eip155:1/erc20:0x3D27705c64213A5DcD9D26880c1BcFa72d5b6B0E", "A", 1, "0x3D27705c64213A5DcD9D26880c1BcFa72d5b6B0E", 18, "yearn_vaults_v2"); INSERT INTO common_asset_details(identifier, symbol, coingecko, cryptocompare, forked, started, swapped_for) VALUES("eip155:1/erc20:0x3D27705c64213A5DcD9D26880c1BcFa72d5b6B0E", "yvCurve-USDK", "", "", NULL, 1624548021, NULL);
UPDATE common_asset_details SET started=1624548021 WHERE identifier="eip155:1/erc20:0xC116dF49c02c5fD147DE25Baa105322ebF26Bd97";
INSERT INTO assets(identifier, name, type) VALUES("eip155:1/erc20:0xC116dF49c02c5fD147DE25Baa105322ebF26Bd97", "Curve RSV Pool yVault", "C"); INSERT INTO evm_tokens(identifier, token_kind, chain, address, decimals, protocol) VALUES("eip155:1/erc20:0xC116dF49c02c5fD147DE25Baa105322ebF26Bd97", "A", 1, "0xC116dF49c02c5fD147DE25Baa105322ebF26Bd97", 18, "yearn_vaults_v2"); INSERT INTO common_asset_details(identifier, symbol, coingecko, cryptocompare, forked, started, swapped_for) VALUES("eip155:1/erc20:0xC116dF49c02c5fD147DE25Baa105322ebF26Bd97", "yvCurve-RSV", "", "", NULL, 1624548021, NULL);
UPDATE common_asset_details SET started=1625883889 WHERE identifier="eip155:1/erc20:0xdA816459F1AB5631232FE5e97a05BBBb94970c95";
INSERT INTO assets(identifier, name, type) VALUES("eip155:1/erc20:0xdA816459F1AB5631232FE5e97a05BBBb94970c95", "DAI yVault ", "C"); INSERT INTO evm_tokens(identifier, token_kind, chain, address, decimals, protocol) VALUES("eip155:1/erc20:0xdA816459F1AB5631232FE5e97a05BBBb94970c95", "A", 1, "0xdA816459F1AB5631232FE5e97a05BBBb94970c95", 18, "yearn_vaults_v2"); INSERT INTO common_asset_details(identifier, symbol, coingecko, cryptocompare, forked, started, swapped_for) VALUES("eip155:1/erc20:0xdA816459F1AB5631232FE5e97a05BBBb94970c95", "yvDAI", "", "", NULL, 1625883889, NULL);
UPDATE common_asset_details SET started=1626288699 WHERE identifier="eip155:1/erc20:0xE537B5cc158EB71037D4125BDD7538421981E6AA";
INSERT INTO assets(identifier, name, type) VALUES("eip155:1/erc20:0xE537B5cc158EB71037D4125BDD7538421981E6AA", "Curve 3Crypto Pool yVault", "C"); INSERT INTO evm_tokens(identifier, token_kind, chain, address, decimals, protocol) VALUES("eip155:1/erc20:0xE537B5cc158EB71037D4125BDD7538421981E6AA", "A", 1, "0xE537B5cc158EB71037D4125BDD7538421981E6AA", 18, "yearn_vaults_v2"); INSERT INTO common_asset_details(identifier, symbol, coingecko, cryptocompare, forked, started, swapped_for) VALUES("eip155:1/erc20:0xE537B5cc158EB71037D4125BDD7538421981E6AA", "yvCurve-3Crypto", "", "", NULL, 1626288699, NULL);
UPDATE common_asset_details SET started=1627087802 WHERE identifier="eip155:1/erc20:0xd9788f3931Ede4D5018184E198699dC6d66C1915";
INSERT INTO assets(identifier, name, type) VALUES("eip155:1/erc20:0xd9788f3931Ede4D5018184E198699dC6d66C1915", "AAVE yVault", "C"); INSERT INTO evm_tokens(identifier, token_kind, chain, address, decimals, protocol) VALUES("eip155:1/erc20:0xd9788f3931Ede4D5018184E198699dC6d66C1915", "A", 1, "0xd9788f3931Ede4D5018184E198699dC6d66C1915", 18, "yearn_vaults_v2"); INSERT INTO common_asset_details(identifier, symbol, coingecko, cryptocompare, forked, started, swapped_for) VALUES("eip155:1/erc20:0xd9788f3931Ede4D5018184E198699dC6d66C1915", "yvAAVE", "aave-yvault", "", NULL, 1627087802, NULL);
UPDATE common_asset_details SET started=1627095384 WHERE identifier="eip155:1/erc20:0x4A3FE75762017DB0eD73a71C9A06db7768DB5e66";
INSERT INTO assets(identifier, name, type) VALUES("eip155:1/erc20:0x4A3FE75762017DB0eD73a71C9A06db7768DB5e66", "COMP yVault", "C"); INSERT INTO evm_tokens(identifier, token_kind, chain, address, decimals, protocol) VALUES("eip155:1/erc20:0x4A3FE75762017DB0eD73a71C9A06db7768DB5e66", "A", 1, "0x4A3FE75762017DB0eD73a71C9A06db7768DB5e66", 18, "yearn_vaults_v2"); INSERT INTO common_asset_details(identifier, symbol, coingecko, cryptocompare, forked, started, swapped_for) VALUES("eip155:1/erc20:0x4A3FE75762017DB0eD73a71C9A06db7768DB5e66", "yvCOMP", "comp-yvault", "", NULL, 1627095384, NULL);
UPDATE common_asset_details SET started=1626832266 WHERE identifier="eip155:1/erc20:0x6d765CbE5bC922694afE112C140b8878b9FB0390";
INSERT INTO assets(identifier, name, type) VALUES("eip155:1/erc20:0x6d765CbE5bC922694afE112C140b8878b9FB0390", "SUSHI yVault", "C"); INSERT INTO evm_tokens(identifier, token_kind, chain, address, decimals, protocol) VALUES("eip155:1/erc20:0x6d765CbE5bC922694afE112C140b8878b9FB0390", "A", 1, "0x6d765CbE5bC922694afE112C140b8878b9FB0390", 18, "yearn_vaults_v2"); INSERT INTO common_asset_details(identifier, symbol, coingecko, cryptocompare, forked, started, swapped_for) VALUES("eip155:1/erc20:0x6d765CbE5bC922694afE112C140b8878b9FB0390", "yvSUSHI", "sushi-yvault", "", NULL, 1626832266, NULL);
UPDATE common_asset_details SET started=1627410212 WHERE identifier="eip155:1/erc20:0xFD0877d9095789cAF24c98F7CCe092fa8E120775";
INSERT INTO assets(identifier, name, type) VALUES("eip155:1/erc20:0xFD0877d9095789cAF24c98F7CCe092fa8E120775", "TUSD yVault", "C"); INSERT INTO evm_tokens(identifier, token_kind, chain, address, decimals, protocol) VALUES("eip155:1/erc20:0xFD0877d9095789cAF24c98F7CCe092fa8E120775", "A", 1, "0xFD0877d9095789cAF24c98F7CCe092fa8E120775", 18, "yearn_vaults_v2"); INSERT INTO common_asset_details(identifier, symbol, coingecko, cryptocompare, forked, started, swapped_for) VALUES("eip155:1/erc20:0xFD0877d9095789cAF24c98F7CCe092fa8E120775", "yvTUSD", "tusd-yvault", "", NULL, 1627410212, NULL);
UPDATE common_asset_details SET started=1630028686 WHERE identifier="eip155:1/erc20:0x0d4EA8536F9A13e4FBa16042a46c30f092b06aA5";
INSERT INTO assets(identifier, name, type) VALUES("eip155:1/erc20:0x0d4EA8536F9A13e4FBa16042a46c30f092b06aA5", "Curve EURT Pool yVault", "C"); INSERT INTO evm_tokens(identifier, token_kind, chain, address, decimals, protocol) VALUES("eip155:1/erc20:0x0d4EA8536F9A13e4FBa16042a46c30f092b06aA5", "A", 1, "0x0d4EA8536F9A13e4FBa16042a46c30f092b06aA5", 18, "yearn_vaults_v2"); INSERT INTO common_asset_details(identifier, symbol, coingecko, cryptocompare, forked, started, swapped_for) VALUES("eip155:1/erc20:0x0d4EA8536F9A13e4FBa16042a46c30f092b06aA5", "yvCurve-EURT", "", "", NULL, 1630028686, NULL);
UPDATE common_asset_details SET started=1630035517 WHERE identifier="eip155:1/erc20:0x2DfB14E32e2F8156ec15a2c21c3A6c053af52Be8";
INSERT INTO assets(identifier, name, type) VALUES("eip155:1/erc20:0x2DfB14E32e2F8156ec15a2c21c3A6c053af52Be8", "Curve MIM Pool yVault", "C"); INSERT INTO evm_tokens(identifier, token_kind, chain, address, decimals, protocol) VALUES("eip155:1/erc20:0x2DfB14E32e2F8156ec15a2c21c3A6c053af52Be8", "A", 1, "0x2DfB14E32e2F8156ec15a2c21c3A6c053af52Be8", 18, "yearn_vaults_v2"); INSERT INTO common_asset_details(identifier, symbol, coingecko, cryptocompare, forked, started, swapped_for) VALUES("eip155:1/erc20:0x2DfB14E32e2F8156ec15a2c21c3A6c053af52Be8", "yvCurve-MIM", "", "", NULL, 1630035517, NULL);
UPDATE common_asset_details SET started=1631228441 WHERE identifier="eip155:1/erc20:0x4560b99C904aAD03027B5178CCa81584744AC01f";
INSERT INTO assets(identifier, name, type) VALUES("eip155:1/erc20:0x4560b99C904aAD03027B5178CCa81584744AC01f", "Curve cvxCRV Pool yVault", "C"); INSERT INTO evm_tokens(identifier, token_kind, chain, address, decimals, protocol) VALUES("eip155:1/erc20:0x4560b99C904aAD03027B5178CCa81584744AC01f", "A", 1, "0x4560b99C904aAD03027B5178CCa81584744AC01f", 18, "yearn_vaults_v2"); INSERT INTO common_asset_details(identifier, symbol, coingecko, cryptocompare, forked, started, swapped_for) VALUES("eip155:1/erc20:0x4560b99C904aAD03027B5178CCa81584744AC01f", "yvCurve-cvxCRV", "", "", NULL, 1631228441, NULL);
UPDATE common_asset_details SET started=1631228247 WHERE identifier="eip155:1/erc20:0x67e019bfbd5a67207755D04467D6A70c0B75bF60";
INSERT INTO assets(identifier, name, type) VALUES("eip155:1/erc20:0x67e019bfbd5a67207755D04467D6A70c0B75bF60", "Curve ibEUR Pool yVault", "C"); INSERT INTO evm_tokens(identifier, token_kind, chain, address, decimals, protocol) VALUES("eip155:1/erc20:0x67e019bfbd5a67207755D04467D6A70c0B75bF60", "A", 1, "0x67e019bfbd5a67207755D04467D6A70c0B75bF60", 18, "yearn_vaults_v2"); INSERT INTO common_asset_details(identifier, symbol, coingecko, cryptocompare, forked, started, swapped_for) VALUES("eip155:1/erc20:0x67e019bfbd5a67207755D04467D6A70c0B75bF60", "yvCurve-ibEUR", "", "", NULL, 1631228247, NULL);
UPDATE common_asset_details SET started=1631243420 WHERE identifier="eip155:1/erc20:0x528D50dC9a333f01544177a924893FA1F5b9F748";
INSERT INTO assets(identifier, name, type) VALUES("eip155:1/erc20:0x528D50dC9a333f01544177a924893FA1F5b9F748", "Curve ibKRW Pool yVault", "C"); INSERT INTO evm_tokens(identifier, token_kind, chain, address, decimals, protocol) VALUES("eip155:1/erc20:0x528D50dC9a333f01544177a924893FA1F5b9F748", "A", 1, "0x528D50dC9a333f01544177a924893FA1F5b9F748", 18, "yearn_vaults_v2"); INSERT INTO common_asset_details(identifier, symbol, coingecko, cryptocompare, forked, started, swapped_for) VALUES("eip155:1/erc20:0x528D50dC9a333f01544177a924893FA1F5b9F748", "yvCurve-ibKRW", "", "", NULL, 1631243420, NULL);
UPDATE common_asset_details SET started=1631243643 WHERE identifier="eip155:1/erc20:0x595a68a8c9D5C230001848B69b1947ee2A607164";
INSERT INTO assets(identifier, name, type) VALUES("eip155:1/erc20:0x595a68a8c9D5C230001848B69b1947ee2A607164", "Curve ibGBP Pool yVault", "C"); INSERT INTO evm_tokens(identifier, token_kind, chain, address, decimals, protocol) VALUES("eip155:1/erc20:0x595a68a8c9D5C230001848B69b1947ee2A607164", "A", 1, "0x595a68a8c9D5C230001848B69b1947ee2A607164", 18, "yearn_vaults_v2"); INSERT INTO common_asset_details(identifier, symbol, coingecko, cryptocompare, forked, started, swapped_for) VALUES("eip155:1/erc20:0x595a68a8c9D5C230001848B69b1947ee2A607164", "yvCurve-ibGBP", "", "", NULL, 1631243643, NULL);
UPDATE common_asset_details SET started=1631243276 WHERE identifier="eip155:1/erc20:0x1b905331F7dE2748F4D6a0678e1521E20347643F";
INSERT INTO assets(identifier, name, type) VALUES("eip155:1/erc20:0x1b905331F7dE2748F4D6a0678e1521E20347643F", "Curve ibAUD Pool yVault", "C"); INSERT INTO evm_tokens(identifier, token_kind, chain, address, decimals, protocol) VALUES("eip155:1/erc20:0x1b905331F7dE2748F4D6a0678e1521E20347643F", "A", 1, "0x1b905331F7dE2748F4D6a0678e1521E20347643F", 18, "yearn_vaults_v2"); INSERT INTO common_asset_details(identifier, symbol, coingecko, cryptocompare, forked, started, swapped_for) VALUES("eip155:1/erc20:0x1b905331F7dE2748F4D6a0678e1521E20347643F", "yvCurve-ibAUD", "", "", NULL, 1631243276, NULL);
UPDATE common_asset_details SET started=1631243697 WHERE identifier="eip155:1/erc20:0x490bD0886F221A5F79713D3E84404355A9293C50";
INSERT INTO assets(identifier, name, type) VALUES("eip155:1/erc20:0x490bD0886F221A5F79713D3E84404355A9293C50", "Curve ibCHF Pool yVault", "C"); INSERT INTO evm_tokens(identifier, token_kind, chain, address, decimals, protocol) VALUES("eip155:1/erc20:0x490bD0886F221A5F79713D3E84404355A9293C50", "A", 1, "0x490bD0886F221A5F79713D3E84404355A9293C50", 18, "yearn_vaults_v2"); INSERT INTO common_asset_details(identifier, symbol, coingecko, cryptocompare, forked, started, swapped_for) VALUES("eip155:1/erc20:0x490bD0886F221A5F79713D3E84404355A9293C50", "yvCurve-ibCHF", "", "", NULL, 1631243697, NULL);
UPDATE common_asset_details SET started=1631243757 WHERE identifier="eip155:1/erc20:0x59518884EeBFb03e90a18ADBAAAB770d4666471e";
INSERT INTO assets(identifier, name, type) VALUES("eip155:1/erc20:0x59518884EeBFb03e90a18ADBAAAB770d4666471e", "Curve ibJPY Pool yVault", "C"); INSERT INTO evm_tokens(identifier, token_kind, chain, address, decimals, protocol) VALUES("eip155:1/erc20:0x59518884EeBFb03e90a18ADBAAAB770d4666471e", "A", 1, "0x59518884EeBFb03e90a18ADBAAAB770d4666471e", 18, "yearn_vaults_v2"); INSERT INTO common_asset_details(identifier, symbol, coingecko, cryptocompare, forked, started, swapped_for) VALUES("eip155:1/erc20:0x59518884EeBFb03e90a18ADBAAAB770d4666471e", "yvCurve-ibJPY", "", "", NULL, 1631243757, NULL);
UPDATE common_asset_details SET started=1629038117 WHERE identifier="eip155:1/erc20:0xdb25cA703181E7484a155DD612b06f57E12Be5F0";
INSERT INTO assets(identifier, name, type) VALUES("eip155:1/erc20:0xdb25cA703181E7484a155DD612b06f57E12Be5F0", "YFI yVault", "C"); INSERT INTO evm_tokens(identifier, token_kind, chain, address, decimals, protocol) VALUES("eip155:1/erc20:0xdb25cA703181E7484a155DD612b06f57E12Be5F0", "A", 1, "0xdb25cA703181E7484a155DD612b06f57E12Be5F0", 18, "yearn_vaults_v2"); INSERT INTO common_asset_details(identifier, symbol, coingecko, cryptocompare, forked, started, swapped_for) VALUES("eip155:1/erc20:0xdb25cA703181E7484a155DD612b06f57E12Be5F0", "yvYFI", "yfi-yvault", "", NULL, 1629038117, NULL);
UPDATE common_asset_details SET started=1634951648 WHERE identifier="eip155:1/erc20:0x6FAfCA7f49B4Fd9dC38117469cd31A1E5aec91F5";
INSERT INTO assets(identifier, name, type) VALUES("eip155:1/erc20:0x6FAfCA7f49B4Fd9dC38117469cd31A1E5aec91F5", "Curve USDM Pool yVault", "C"); INSERT INTO evm_tokens(identifier, token_kind, chain, address, decimals, protocol) VALUES("eip155:1/erc20:0x6FAfCA7f49B4Fd9dC38117469cd31A1E5aec91F5", "A", 1, "0x6FAfCA7f49B4Fd9dC38117469cd31A1E5aec91F5", 18, "yearn_vaults_v2"); INSERT INTO common_asset_details(identifier, symbol, coingecko, cryptocompare, forked, started, swapped_for) VALUES("eip155:1/erc20:0x6FAfCA7f49B4Fd9dC38117469cd31A1E5aec91F5", "yvCurve-USDM", "", "", NULL, 1634951648, NULL);
UPDATE common_asset_details SET started=1634951537 WHERE identifier="eip155:1/erc20:0x718AbE90777F5B778B52D553a5aBaa148DD0dc5D";
INSERT INTO assets(identifier, name, type) VALUES("eip155:1/erc20:0x718AbE90777F5B778B52D553a5aBaa148DD0dc5D", "Curve alETH Pool yVault", "C"); INSERT INTO evm_tokens(identifier, token_kind, chain, address, decimals, protocol) VALUES("eip155:1/erc20:0x718AbE90777F5B778B52D553a5aBaa148DD0dc5D", "A", 1, "0x718AbE90777F5B778B52D553a5aBaa148DD0dc5D", 18, "yearn_vaults_v2"); INSERT INTO common_asset_details(identifier, symbol, coingecko, cryptocompare, forked, started, swapped_for) VALUES("eip155:1/erc20:0x718AbE90777F5B778B52D553a5aBaa148DD0dc5D", "yvCurve-alETH", "", "", NULL, 1634951537, NULL);
UPDATE common_asset_details SET started=1634951257 WHERE identifier="eip155:1/erc20:0x8b9C0c24307344B6D7941ab654b2Aeee25347473";
INSERT INTO assets(identifier, name, type) VALUES("eip155:1/erc20:0x8b9C0c24307344B6D7941ab654b2Aeee25347473", "Curve EURN Pool yVault", "C"); INSERT INTO evm_tokens(identifier, token_kind, chain, address, decimals, protocol) VALUES("eip155:1/erc20:0x8b9C0c24307344B6D7941ab654b2Aeee25347473", "A", 1, "0x8b9C0c24307344B6D7941ab654b2Aeee25347473", 18, "yearn_vaults_v2"); INSERT INTO common_asset_details(identifier, symbol, coingecko, cryptocompare, forked, started, swapped_for) VALUES("eip155:1/erc20:0x8b9C0c24307344B6D7941ab654b2Aeee25347473", "yvCurve-EURN", "", "", NULL, 1634951257, NULL);
UPDATE common_asset_details SET started=1634951466 WHERE identifier="eip155:1/erc20:0xd8C620991b8E626C099eAaB29B1E3eEa279763bb";
INSERT INTO assets(identifier, name, type) VALUES("eip155:1/erc20:0xd8C620991b8E626C099eAaB29B1E3eEa279763bb", "Curve MIM-UST Pool yVault", "C"); INSERT INTO evm_tokens(identifier, token_kind, chain, address, decimals, protocol) VALUES("eip155:1/erc20:0xd8C620991b8E626C099eAaB29B1E3eEa279763bb", "A", 1, "0xd8C620991b8E626C099eAaB29B1E3eEa279763bb", 18, "yearn_vaults_v2"); INSERT INTO common_asset_details(identifier, symbol, coingecko, cryptocompare, forked, started, swapped_for) VALUES("eip155:1/erc20:0xd8C620991b8E626C099eAaB29B1E3eEa279763bb", "yvCurve-MIMUST", "", "", NULL, 1634951466, NULL);
UPDATE common_asset_details SET started=1635529757 WHERE identifier="eip155:1/erc20:0xa354F35829Ae975e850e23e9615b11Da1B3dC4DE";
INSERT INTO assets(identifier, name, type) VALUES("eip155:1/erc20:0xa354F35829Ae975e850e23e9615b11Da1B3dC4DE", "USDC yVault", "C"); INSERT INTO evm_tokens(identifier, token_kind, chain, address, decimals, protocol) VALUES("eip155:1/erc20:0xa354F35829Ae975e850e23e9615b11Da1B3dC4DE", "A", 1, "0xa354F35829Ae975e850e23e9615b11Da1B3dC4DE", 6, "yearn_vaults_v2"); INSERT INTO common_asset_details(identifier, symbol, coingecko, cryptocompare, forked, started, swapped_for) VALUES("eip155:1/erc20:0xa354F35829Ae975e850e23e9615b11Da1B3dC4DE", "yvUSDC", "usdc-yvault", "", NULL, 1635529757, NULL);
UPDATE common_asset_details SET started=1637183774 WHERE identifier="eip155:1/erc20:0xF59D66c1d593Fb10e2f8c2a6fD2C958792434B9c";
INSERT INTO assets(identifier, name, type) VALUES("eip155:1/erc20:0xF59D66c1d593Fb10e2f8c2a6fD2C958792434B9c", "Curve OUSD Pool yVault", "C"); INSERT INTO evm_tokens(identifier, token_kind, chain, address, decimals, protocol) VALUES("eip155:1/erc20:0xF59D66c1d593Fb10e2f8c2a6fD2C958792434B9c", "A", 1, "0xF59D66c1d593Fb10e2f8c2a6fD2C958792434B9c", 18, "yearn_vaults_v2"); INSERT INTO common_asset_details(identifier, symbol, coingecko, cryptocompare, forked, started, swapped_for) VALUES("eip155:1/erc20:0xF59D66c1d593Fb10e2f8c2a6fD2C958792434B9c", "yvCurve-OUSD", "", "", NULL, 1637183774, NULL);
UPDATE common_asset_details SET started=1637182757 WHERE identifier="eip155:1/erc20:0x5e69e8b51B71C8596817fD442849BD44219bb095";
INSERT INTO assets(identifier, name, type) VALUES("eip155:1/erc20:0x5e69e8b51B71C8596817fD442849BD44219bb095", "Curve ibBTC Pool yVault", "C"); INSERT INTO evm_tokens(identifier, token_kind, chain, address, decimals, protocol) VALUES("eip155:1/erc20:0x5e69e8b51B71C8596817fD442849BD44219bb095", "A", 1, "0x5e69e8b51B71C8596817fD442849BD44219bb095", 18, "yearn_vaults_v2"); INSERT INTO common_asset_details(identifier, symbol, coingecko, cryptocompare, forked, started, swapped_for) VALUES("eip155:1/erc20:0x5e69e8b51B71C8596817fD442849BD44219bb095", "yvCurve-ibBTC", "", "", NULL, 1637182757, NULL);
UPDATE common_asset_details SET started=1637182798 WHERE identifier="eip155:1/erc20:0x16825039dfe2a5b01F3E1E6a2BBF9a576c6F95c4";
INSERT INTO assets(identifier, name, type) VALUES("eip155:1/erc20:0x16825039dfe2a5b01F3E1E6a2BBF9a576c6F95c4", "Curve d3pool Pool yVault", "C"); INSERT INTO evm_tokens(identifier, token_kind, chain, address, decimals, protocol) VALUES("eip155:1/erc20:0x16825039dfe2a5b01F3E1E6a2BBF9a576c6F95c4", "A", 1, "0x16825039dfe2a5b01F3E1E6a2BBF9a576c6F95c4", 18, "yearn_vaults_v2"); INSERT INTO common_asset_details(identifier, symbol, coingecko, cryptocompare, forked, started, swapped_for) VALUES("eip155:1/erc20:0x16825039dfe2a5b01F3E1E6a2BBF9a576c6F95c4", "yvCurve-d3pool", "", "", NULL, 1637182798, NULL);
UPDATE common_asset_details SET started=1637183566 WHERE identifier="eip155:1/erc20:0xBCBB5b54Fa51e7b7Dc920340043B203447842A6b";
INSERT INTO assets(identifier, name, type) VALUES("eip155:1/erc20:0xBCBB5b54Fa51e7b7Dc920340043B203447842A6b", "Curve EURT-USD Pool yVault", "C"); INSERT INTO evm_tokens(identifier, token_kind, chain, address, decimals, protocol) VALUES("eip155:1/erc20:0xBCBB5b54Fa51e7b7Dc920340043B203447842A6b", "A", 1, "0xBCBB5b54Fa51e7b7Dc920340043B203447842A6b", 18, "yearn_vaults_v2"); INSERT INTO common_asset_details(identifier, symbol, coingecko, cryptocompare, forked, started, swapped_for) VALUES("eip155:1/erc20:0xBCBB5b54Fa51e7b7Dc920340043B203447842A6b", "yvCurve-EURTUSD", "", "", NULL, 1637183566, NULL);
UPDATE common_asset_details SET started=1637183774 WHERE identifier="eip155:1/erc20:0x801Ab06154Bf539dea4385a39f5fa8534fB53073";
INSERT INTO assets(identifier, name, type) VALUES("eip155:1/erc20:0x801Ab06154Bf539dea4385a39f5fa8534fB53073", "Curve EURS-USDC Pool yVault", "C"); INSERT INTO evm_tokens(identifier, token_kind, chain, address, decimals, protocol) VALUES("eip155:1/erc20:0x801Ab06154Bf539dea4385a39f5fa8534fB53073", "A", 1, "0x801Ab06154Bf539dea4385a39f5fa8534fB53073", 18, "yearn_vaults_v2"); INSERT INTO common_asset_details(identifier, symbol, coingecko, cryptocompare, forked, started, swapped_for) VALUES("eip155:1/erc20:0x801Ab06154Bf539dea4385a39f5fa8534fB53073", "yvCurve-EURSUSDC", "", "", NULL, 1637183774, NULL);
UPDATE common_asset_details SET started=1635905978 WHERE identifier="eip155:1/erc20:0x378cb52b00F9D0921cb46dFc099CFf73b42419dC";
INSERT INTO assets(identifier, name, type) VALUES("eip155:1/erc20:0x378cb52b00F9D0921cb46dFc099CFf73b42419dC", "LUSD yVault", "C"); INSERT INTO evm_tokens(identifier, token_kind, chain, address, decimals, protocol) VALUES("eip155:1/erc20:0x378cb52b00F9D0921cb46dFc099CFf73b42419dC", "A", 1, "0x378cb52b00F9D0921cb46dFc099CFf73b42419dC", 18, "yearn_vaults_v2"); INSERT INTO common_asset_details(identifier, symbol, coingecko, cryptocompare, forked, started, swapped_for) VALUES("eip155:1/erc20:0x378cb52b00F9D0921cb46dFc099CFf73b42419dC", "yvLUSD", "lusd-yvault", "", NULL, 1635905978, NULL);
UPDATE common_asset_details SET started=1664285315 WHERE identifier="eip155:1/erc20:0x27B5739e22ad9033bcBf192059122d163b60349D";
INSERT INTO assets(identifier, name, type) VALUES("eip155:1/erc20:0x27B5739e22ad9033bcBf192059122d163b60349D", "Staked Yearn CRV Vault", "C"); INSERT INTO evm_tokens(identifier, token_kind, chain, address, decimals, protocol) VALUES("eip155:1/erc20:0x27B5739e22ad9033bcBf192059122d163b60349D", "A", 1, "0x27B5739e22ad9033bcBf192059122d163b60349D", 18, "yearn_vaults_v2"); INSERT INTO common_asset_details(identifier, symbol, coingecko, cryptocompare, forked, started, swapped_for) VALUES("eip155:1/erc20:0x27B5739e22ad9033bcBf192059122d163b60349D", "st-yCRV", "staked-yearn-crv-vault", "", NULL, 1664285315, NULL);
UPDATE common_asset_details SET started=1664285303 WHERE identifier="eip155:1/erc20:0xc97232527B62eFb0D8ed38CF3EA103A6CcA4037e";
INSERT INTO assets(identifier, name, type) VALUES("eip155:1/erc20:0xc97232527B62eFb0D8ed38CF3EA103A6CcA4037e", "LP Yearn CRV Vault", "C"); INSERT INTO evm_tokens(identifier, token_kind, chain, address, decimals, protocol) VALUES("eip155:1/erc20:0xc97232527B62eFb0D8ed38CF3EA103A6CcA4037e", "A", 1, "0xc97232527B62eFb0D8ed38CF3EA103A6CcA4037e", 18, "yearn_vaults_v2"); INSERT INTO common_asset_details(identifier, symbol, coingecko, cryptocompare, forked, started, swapped_for) VALUES("eip155:1/erc20:0xc97232527B62eFb0D8ed38CF3EA103A6CcA4037e", "lp-yCRV", "lp-yearn-crv-vault", "", NULL, 1664285303, NULL);
