INSERT INTO assets(identifier, type, name, symbol, started, swapped_for, coingecko, cryptocompare, details_reference) VALUES("ILS", "A", "Israeli new shekel", "ILS", NULL, NULL, NULL, "", "ILS"); INSERT INTO common_asset_details(asset_id, forked) VALUES("ILS", NULL);
*
INSERT INTO ethereum_tokens(address, decimals, protocol) VALUES("0xC0F9bD5Fa5698B6505F643900FFA515Ea5dF54A9", 18, NULL); INSERT INTO assets(identifier, type, name, symbol, started, swapped_for, coingecko, cryptocompare, details_reference) VALUES("_ceth_0xC0F9bD5Fa5698B6505F643900FFA515Ea5dF54A9", "C", "Donut", "DONUT", 1575488683, NULL, "donut", "", "0xC0F9bD5Fa5698B6505F643900FFA515Ea5dF54A9");
*
INSERT INTO ethereum_tokens(address, decimals, protocol) VALUES("0xA68Dd8cB83097765263AdAD881Af6eeD479c4a33", 18, NULL); INSERT INTO assets(identifier, type, name, symbol, started, swapped_for, coingecko, cryptocompare, details_reference) VALUES("_ceth_0xA68Dd8cB83097765263AdAD881Af6eeD479c4a33", "C", "fees.wtf", "WTF", 1642057465, NULL, "wtf-token", "", "0xA68Dd8cB83097765263AdAD881Af6eeD479c4a33");
*
INSERT INTO ethereum_tokens(address, decimals, protocol) VALUES("0xf4d2888d29D722226FafA5d9B24F9164c092421E", 18, NULL); INSERT INTO assets(identifier, type, name, symbol, started, swapped_for, coingecko, cryptocompare, details_reference) VALUES("_ceth_0xf4d2888d29D722226FafA5d9B24F9164c092421E", "C", "LooksRare Token", "LOOKS", 1640077252, NULL, "looksrare", "LOOKS", "0xf4d2888d29D722226FafA5d9B24F9164c092421E");
*
INSERT INTO ethereum_tokens(address, decimals, protocol) VALUES("0xC0d4Ceb216B3BA9C3701B291766fDCbA977ceC3A", 9, NULL); INSERT INTO assets(identifier, type, name, symbol, started, swapped_for, coingecko, cryptocompare, details_reference) VALUES("_ceth_0xC0d4Ceb216B3BA9C3701B291766fDCbA977ceC3A", "C", "BTRFLY", "BTRFLY", 1639526491, NULL, "butterflydao", "BTRFLY", "0xC0d4Ceb216B3BA9C3701B291766fDCbA977ceC3A");
*
INSERT INTO assets(identifier, type, name, symbol, started, swapped_for, coingecko, cryptocompare, details_reference) VALUES("MQST", "S", "MonsterQuest", "MQST", 1639961272, NULL, "monsterquest", "MQST", "MQST"); INSERT INTO common_asset_details(asset_id, forked) VALUES("MQST", NULL);
*
INSERT INTO assets(identifier, type, name, symbol, started, swapped_for, coingecko, cryptocompare, details_reference) VALUES("GGG", "S", "Good Games Guild", "GGG", 1632922677, NULL, "good-games-guild", "GGG", "GGG"); INSERT INTO common_asset_details(asset_id, forked) VALUES("GGG", NULL);
*
INSERT INTO assets(identifier, type, name, symbol, started, swapped_for, coingecko, cryptocompare, details_reference) VALUES("ERTHA", "S", "ERTHA Token", "ERTHA", 1639491452, NULL, "ertha", "ERTHA", "ERTHA"); INSERT INTO common_asset_details(asset_id, forked) VALUES("ERTHA", NULL);
*
INSERT INTO ethereum_tokens(address, decimals, protocol) VALUES("0xA89ac6e529aCf391CfbBD377F3aC9D93eae9664e", 18, NULL); INSERT INTO assets(identifier, type, name, symbol, started, swapped_for, coingecko, cryptocompare, details_reference) VALUES("_ceth_0xA89ac6e529aCf391CfbBD377F3aC9D93eae9664e", "C", "Keep4r", "KP4R", 1603986507, NULL, "keep4r", "KP4R", "0xA89ac6e529aCf391CfbBD377F3aC9D93eae9664e");
*
INSERT INTO ethereum_tokens(address, decimals, protocol) VALUES("0x47C0aD2aE6c0Ed4bcf7bc5b380D7205E89436e84", 18, NULL); INSERT INTO assets(identifier, type, name, symbol, started, swapped_for, coingecko, cryptocompare, details_reference) VALUES("_ceth_0x47C0aD2aE6c0Ed4bcf7bc5b380D7205E89436e84", "C", "HEGICTokenIOU", "rHEGIC", 1603195662, NULL, "", "", "0x47C0aD2aE6c0Ed4bcf7bc5b380D7205E89436e84");
*
INSERT INTO ethereum_tokens(address, decimals, protocol) VALUES("0xaA2D49A1d66A58B8DD0687E730FefC2823649791", 18, NULL); INSERT INTO assets(identifier, type, name, symbol, started, swapped_for, coingecko, cryptocompare, details_reference) VALUES("_ceth_0xaA2D49A1d66A58B8DD0687E730FefC2823649791", "C", "The Heart of Babylon", "hBABL", 1643756219, NULL, "", "", "0xaA2D49A1d66A58B8DD0687E730FefC2823649791");
*
INSERT INTO ethereum_tokens(address, decimals, protocol) VALUES("0xD057B63f5E69CF1B929b356b579Cba08D7688048", 18, NULL); INSERT INTO assets(identifier, type, name, symbol, started, swapped_for, coingecko, cryptocompare, details_reference) VALUES("_ceth_0xD057B63f5E69CF1B929b356b579Cba08D7688048", "C", "CoW Protocol Virtual Token", "vCOW", 1644609915, NULL, "", "", "0xD057B63f5E69CF1B929b356b579Cba08D7688048");
*
INSERT INTO ethereum_tokens(address, decimals, protocol) VALUES("0x4f8AD938eBA0CD19155a835f617317a6E788c868", 18, NULL); INSERT INTO assets(identifier, type, name, symbol, started, swapped_for, coingecko, cryptocompare, details_reference) VALUES("_ceth_0x4f8AD938eBA0CD19155a835f617317a6E788c868", "C", "Locked GNO", "LGNO", 1643598107, NULL, "", "", "0x4f8AD938eBA0CD19155a835f617317a6E788c868");
*
INSERT INTO ethereum_tokens(address, decimals, protocol) VALUES("0xAd7Ca17e23f13982796D27d1E6406366Def6eE5f", 18, NULL); INSERT INTO assets(identifier, type, name, symbol, started, swapped_for, coingecko, cryptocompare, details_reference) VALUES("_ceth_0xAd7Ca17e23f13982796D27d1E6406366Def6eE5f", "C", "HEGICTokenIOU Phase II", "rHEGIC2", 1610281071, NULL, "rhegic2", "", "0xAd7Ca17e23f13982796D27d1E6406366Def6eE5f");
*
INSERT INTO ethereum_tokens(address, decimals, protocol) VALUES("0x4da27a545c0c5B758a6BA100e3a049001de870f5", 18, NULL); INSERT INTO assets(identifier, type, name, symbol, started, swapped_for, coingecko, cryptocompare, details_reference) VALUES("_ceth_0x4da27a545c0c5B758a6BA100e3a049001de870f5", "C", "Staked Aave", "stkAAVE", 1600973075, NULL, "aave", "STKAAVE", "0x4da27a545c0c5B758a6BA100e3a049001de870f5");
*
INSERT INTO ethereum_tokens(address, decimals, protocol) VALUES("0xC76FB75950536d98FA62ea968E1D6B45ffea2A55", 18, NULL); INSERT INTO assets(identifier, type, name, symbol, started, swapped_for, coingecko, cryptocompare, details_reference) VALUES("_ceth_0xC76FB75950536d98FA62ea968E1D6B45ffea2A55", "C", "COL", "COL", 1588848229, NULL, "unit-protocol", "", "0xC76FB75950536d98FA62ea968E1D6B45ffea2A55");
*
INSERT INTO ethereum_tokens(address, decimals, protocol) VALUES("0xDB5C3C46E28B53a39C255AA39A411dD64e5fed9c", 18, NULL); INSERT INTO assets(identifier, type, name, symbol, started, swapped_for, coingecko, cryptocompare, details_reference) VALUES("_ceth_0xDB5C3C46E28B53a39C255AA39A411dD64e5fed9c", "C", "Neos Credits", "NCR", 1531748591, NULL, "neos-credits", "NCR", "0xDB5C3C46E28B53a39C255AA39A411dD64e5fed9c");
*
INSERT INTO ethereum_tokens(address, decimals, protocol) VALUES("0x505B5eDa5E25a67E1c24A2BF1a527Ed9eb88Bf04", 18, NULL); INSERT INTO assets(identifier, type, name, symbol, started, swapped_for, coingecko, cryptocompare, details_reference) VALUES("_ceth_0x505B5eDa5E25a67E1c24A2BF1a527Ed9eb88Bf04", "C", "Coinweb", "CWEB", 1640051337, NULL, "coinweb", "CWEB", "0x505B5eDa5E25a67E1c24A2BF1a527Ed9eb88Bf04");
*
INSERT INTO ethereum_tokens(address, decimals, protocol) VALUES("0xD7D8f3b8Bc8bC48d3AcC37879EABA7b85889FA52", 18, NULL); INSERT INTO assets(identifier, type, name, symbol, started, swapped_for, coingecko, cryptocompare, details_reference) VALUES("_ceth_0xD7D8f3b8Bc8bC48d3AcC37879EABA7b85889FA52", "C", "CLearingHouse Token", "CLH", 1640858930, NULL, "cleardao", "CLH", "0xD7D8f3b8Bc8bC48d3AcC37879EABA7b85889FA52");
*
INSERT INTO assets(identifier, type, name, symbol, started, swapped_for, coingecko, cryptocompare, details_reference) VALUES("PLGR", "S", "Pledge Finance", "PLGR", 1641073336, NULL, "pledge", "PLGR", "PLGR"); INSERT INTO common_asset_details(asset_id, forked) VALUES("PLGR", NULL);
*
INSERT INTO ethereum_tokens(address, decimals, protocol) VALUES("0xa3EE21C306A700E682AbCdfe9BaA6A08F3820419", 18, NULL); INSERT INTO assets(identifier, type, name, symbol, started, swapped_for, coingecko, cryptocompare, details_reference) VALUES("_ceth_0xa3EE21C306A700E682AbCdfe9BaA6A08F3820419", "C", "Gluwa Creditcoin Vesting Token", "G-CRE", 1555372277, NULL, "", "", "0xa3EE21C306A700E682AbCdfe9BaA6A08F3820419");
*
INSERT INTO ethereum_tokens(address, decimals, protocol) VALUES("0xdE4CE5447ce0c67920a1371605A39187Cb6847c8", 18, NULL); INSERT INTO assets(identifier, type, name, symbol, started, swapped_for, coingecko, cryptocompare, details_reference) VALUES("_ceth_0xdE4CE5447ce0c67920a1371605A39187Cb6847c8", "C", "Deesse", "LOVE", 1638175307, NULL, "deesse", "LOVE", "0xdE4CE5447ce0c67920a1371605A39187Cb6847c8");
*
INSERT INTO ethereum_tokens(address, decimals, protocol) VALUES("0xe6602B34D8510B033E000975B3322537c7172441", 18, NULL); INSERT INTO assets(identifier, type, name, symbol, started, swapped_for, coingecko, cryptocompare, details_reference) VALUES("_ceth_0xe6602B34D8510B033E000975B3322537c7172441", "C", "Frontrow", "FRR", 1637910116, NULL, "front-row", "FRR", "0xe6602B34D8510B033E000975B3322537c7172441");
*
INSERT INTO assets(identifier, type, name, symbol, started, swapped_for, coingecko, cryptocompare, details_reference) VALUES("SURV", "S", "Survival", "SURV", 1642760220, NULL, "survival-game-online", "SURV", "SURV"); INSERT INTO common_asset_details(asset_id, forked) VALUES("SURV", NULL);
*
INSERT INTO assets(identifier, type, name, symbol, started, swapped_for, coingecko, cryptocompare, details_reference) VALUES("GLMR", "W", "Moonbeam", "GLMR", 1641866631, NULL, "moonbeam", "GLMR", "GLMR"); INSERT INTO common_asset_details(asset_id, forked) VALUES("GLMR", NULL);
*
INSERT INTO assets(identifier, type, name, symbol, started, swapped_for, coingecko, cryptocompare, details_reference) VALUES("ACA", "W", "Acala", "ACA", 1643104930, NULL, "acala", "ACA", "ACA"); INSERT INTO common_asset_details(asset_id, forked) VALUES("ACA", NULL);
*
INSERT INTO assets(identifier, type, name, symbol, started, swapped_for, coingecko, cryptocompare, details_reference) VALUES("HBB", "Y", "Hubble", "HBB", 1643375871, NULL, "hubble", "HBB", "HBB"); INSERT INTO common_asset_details(asset_id, forked) VALUES("HBB", NULL);
*
INSERT INTO assets(identifier, type, name, symbol, started, swapped_for, coingecko, cryptocompare, details_reference) VALUES("GARI", "Y", "Gari Network", "GARI", 1642518168, NULL, "gari-network", "GARI", "GARI"); INSERT INTO common_asset_details(asset_id, forked) VALUES("GARI", NULL);
*
INSERT INTO assets(identifier, type, name, symbol, started, swapped_for, coingecko, cryptocompare, details_reference) VALUES("KINT", "W", "Kintsugi", "KINT", 1641206425, NULL, "kintsugi", "KINT", "KINT"); INSERT INTO common_asset_details(asset_id, forked) VALUES("KINT", NULL);
*
INSERT INTO assets(identifier, type, name, symbol, started, swapped_for, coingecko, cryptocompare, details_reference) VALUES("ORCA", "Y", "Orca", "ORCA", 1597024800, NULL, "orca", "ORCA", "ORCA"); INSERT INTO common_asset_details(asset_id, forked) VALUES("ORCA", NULL);
*
INSERT INTO assets(identifier, type, name, symbol, started, swapped_for, coingecko, cryptocompare, details_reference) VALUES("PSY", "Y", "PsyOptions", "PSY", 1597024800, NULL, "psyoptions", "PSY", "PSY"); INSERT INTO common_asset_details(asset_id, forked) VALUES("PSY", NULL);
*
UPDATE assets SET cryptocompare="DMTR" where identifier="_ceth_0x51cB253744189f11241becb29BeDd3F1b5384fdB";
INSERT INTO ethereum_tokens(address, decimals, protocol) VALUES("0x51cB253744189f11241becb29BeDd3F1b5384fdB", 18, NULL); INSERT INTO assets(identifier, type, name, symbol, started, swapped_for, coingecko, cryptocompare, details_reference) VALUES("_ceth_0x51cB253744189f11241becb29BeDd3F1b5384fdB", "C", "Dimitra Token", "DMTR", 1627672955, NULL, "dimitra", "DMTR", "0x51cB253744189f11241becb29BeDd3F1b5384fdB");
UPDATE assets SET cryptocompare="NTVRK" where identifier="_ceth_0xFc0d6Cf33e38bcE7CA7D89c0E292274031b7157A";
INSERT INTO ethereum_tokens(address, decimals, protocol) VALUES("0xFc0d6Cf33e38bcE7CA7D89c0E292274031b7157A", 18, NULL); INSERT INTO assets(identifier, type, name, symbol, started, swapped_for, coingecko, cryptocompare, details_reference) VALUES("_ceth_0xFc0d6Cf33e38bcE7CA7D89c0E292274031b7157A", "C", "NETVRK", "NTVRK", 1620949965, NULL, "netvrk", "NTVRK", "0xFc0d6Cf33e38bcE7CA7D89c0E292274031b7157A");
UPDATE assets SET cryptocompare="ZKT" where identifier="_ceth_0x07c52c2537D84e532a9F15d32E152C8B94D2b232";
INSERT INTO ethereum_tokens(address, decimals, protocol) VALUES("0x07c52c2537D84e532a9F15d32E152C8B94D2b232", 18, NULL); INSERT INTO assets(identifier, type, name, symbol, started, swapped_for, coingecko, cryptocompare, details_reference) VALUES("_ceth_0x07c52c2537D84e532a9F15d32E152C8B94D2b232", "C", "zkTube", "ZKT", 1630135173, NULL, "zktube", "ZKT", "0x07c52c2537D84e532a9F15d32E152C8B94D2b232");
UPDATE assets SET cryptocompare="CPOOL" where identifier="_ceth_0x66761Fa41377003622aEE3c7675Fc7b5c1C2FaC5";
INSERT INTO ethereum_tokens(address, decimals, protocol) VALUES("0x66761Fa41377003622aEE3c7675Fc7b5c1C2FaC5", 18, NULL); INSERT INTO assets(identifier, type, name, symbol, started, swapped_for, coingecko, cryptocompare, details_reference) VALUES("_ceth_0x66761Fa41377003622aEE3c7675Fc7b5c1C2FaC5", "C", "Clearpool", "CPOOL", 1634830700, NULL, "clearpool", "CPOOL", "0x66761Fa41377003622aEE3c7675Fc7b5c1C2FaC5");
UPDATE assets SET cryptocompare="SWASH" where identifier="_ceth_0xA130E3a33a4d84b04c3918c4E5762223Ae252F80";
INSERT INTO ethereum_tokens(address, decimals, protocol) VALUES("0xA130E3a33a4d84b04c3918c4E5762223Ae252F80", 18, NULL); INSERT INTO assets(identifier, type, name, symbol, started, swapped_for, coingecko, cryptocompare, details_reference) VALUES("_ceth_0xA130E3a33a4d84b04c3918c4E5762223Ae252F80", "C", "Swash Token", "SWASH", 1633309265, NULL, "swash", "SWASH", "0xA130E3a33a4d84b04c3918c4E5762223Ae252F80");
UPDATE assets SET cryptocompare="CTPL" where identifier="_ceth_0xF7e40AF830a2EcbFe72C5210C1Ca272e3Aa7cA1B";
INSERT INTO ethereum_tokens(address, decimals, protocol) VALUES("0xF7e40AF830a2EcbFe72C5210C1Ca272e3Aa7cA1B", 18, NULL); INSERT INTO assets(identifier, type, name, symbol, started, swapped_for, coingecko, cryptocompare, details_reference) VALUES("_ceth_0xF7e40AF830a2EcbFe72C5210C1Ca272e3Aa7cA1B", "C", "Cultiplan", "CTPL", 1626159693, NULL, "cultiplan", "CTPL", "0xF7e40AF830a2EcbFe72C5210C1Ca272e3Aa7cA1B");
UPDATE assets SET cryptocompare="NKCLC" where identifier="_ceth_0xd1b624f07a4D9B3e3746E33cb58f42dF079b5444";
INSERT INTO ethereum_tokens(address, decimals, protocol) VALUES("0xd1b624f07a4D9B3e3746E33cb58f42dF079b5444", 18, NULL); INSERT INTO assets(identifier, type, name, symbol, started, swapped_for, coingecko, cryptocompare, details_reference) VALUES("_ceth_0xd1b624f07a4D9B3e3746E33cb58f42dF079b5444", "C", "NKCL Classic", "NKCLC", 1629238452, NULL, "nkcl-classic", "NKCLC", "0xd1b624f07a4D9B3e3746E33cb58f42dF079b5444");
UPDATE assets SET cryptocompare="OSMO" where identifier="OSMO";
INSERT INTO assets(identifier, type, name, symbol, started, swapped_for, coingecko, cryptocompare, details_reference) VALUES("OSMO", "W", "Osmosis", "OSMO", 1624240800, NULL, "osmosis", "OSMO", "OSMO"); INSERT INTO common_asset_details(asset_id, forked) VALUES("OSMO", NULL);
UPDATE assets SET cryptocompare="RACEFI" where identifier="RACEFI";
INSERT INTO assets(identifier, type, name, symbol, started, swapped_for, coingecko, cryptocompare, details_reference) VALUES("RACEFI", "Y", "RaceFi", "RACEFI", 1640214002, NULL, "racefi", "RACEFI", "RACEFI"); INSERT INTO common_asset_details(asset_id, forked) VALUES("RACEFI", NULL);
UPDATE assets SET cryptocompare="ARKER" where identifier="ARKER";
INSERT INTO assets(identifier, type, name, symbol, started, swapped_for, coingecko, cryptocompare, details_reference) VALUES("ARKER", "S", "ARKER", "ARKER", 1638462288, NULL, "arker-2", "ARKER", "ARKER"); INSERT INTO common_asset_details(asset_id, forked) VALUES("ARKER", NULL);
UPDATE assets SET cryptocompare="SOLR" where identifier="SOLR";
INSERT INTO assets(identifier, type, name, symbol, started, swapped_for, coingecko, cryptocompare, details_reference) VALUES("SOLR", "Y", "SolRazr", "SOLR", 1633705444, NULL, "solrazr", "SOLR", "SOLR"); INSERT INTO common_asset_details(asset_id, forked) VALUES("SOLR", NULL);
UPDATE assets SET cryptocompare="INTER" where identifier="INTER";
INSERT INTO assets(identifier, type, name, symbol, started, swapped_for, coingecko, cryptocompare, details_reference) VALUES("INTER", "W", "Inter Milan Fan Token", "INTER", 1631620931, NULL, "inter-milan-fan-token", "INTER", "INTER"); INSERT INTO common_asset_details(asset_id, forked) VALUES("INTER", NULL);
UPDATE assets SET cryptocompare="ONSTON" where identifier="_ceth_0x47b9F01B16E9C9cb99191DCA68c9cc5bF6403957";
INSERT INTO ethereum_tokens(address, decimals, protocol) VALUES("0x47b9F01B16E9C9cb99191DCA68c9cc5bF6403957", 18, NULL); INSERT INTO assets(identifier, type, name, symbol, started, swapped_for, coingecko, cryptocompare, details_reference) VALUES("_ceth_0x47b9F01B16E9C9cb99191DCA68c9cc5bF6403957", "C", "ONSTON", "ONSTON", 1635514666, NULL, "onston", "ONSTON", "0x47b9F01B16E9C9cb99191DCA68c9cc5bF6403957");
UPDATE assets SET coingecko="zkspace" where identifier="_ceth_0xe4815AE53B124e7263F08dcDBBB757d41Ed658c6";
INSERT INTO ethereum_tokens(address, decimals, protocol) VALUES("0xe4815AE53B124e7263F08dcDBBB757d41Ed658c6", 18, NULL); INSERT INTO assets(identifier, type, name, symbol, started, swapped_for, coingecko, cryptocompare, details_reference) VALUES("_ceth_0xe4815AE53B124e7263F08dcDBBB757d41Ed658c6", "C", "ZKs", "ZKS", 1606014225, NULL, "onston", "zkspace", "0xe4815AE53B124e7263F08dcDBBB757d41Ed658c6");
UPDATE assets SET coingecko="bittorrent" where identifier="BTT";
INSERT INTO assets(identifier, type, name, symbol, started, swapped_for, coingecko, cryptocompare, details_reference) VALUES("BTT", "P", "BitTorrent", "BTT", 1548633600, NULL, "bittorrent", "", "BTT"); INSERT INTO common_asset_details(asset_id, forked) VALUES("BTT", NULL);
UPDATE assets SET cryptocompare="ASH" where identifier="_ceth_0x64D91f12Ece7362F91A6f8E7940Cd55F05060b92";
INSERT INTO ethereum_tokens(address, decimals, protocol) VALUES("0x64D91f12Ece7362F91A6f8E7940Cd55F05060b92", 18, NULL); INSERT INTO assets(identifier, type, name, symbol, started, swapped_for, coingecko, cryptocompare, details_reference) VALUES("_ceth_0x64D91f12Ece7362F91A6f8E7940Cd55F05060b92", "C", "Burn", "ASH", 1621198119, NULL, "ash", "ASH", "0x64D91f12Ece7362F91A6f8E7940Cd55F05060b92");
UPDATE assets SET cryptocompare="APXP" where identifier="_ceth_0x601a0eE18E9DCdc70658d8B87a748e11344D3A45";
INSERT INTO ethereum_tokens(address, decimals, protocol) VALUES("0x601a0eE18E9DCdc70658d8B87a748e11344D3A45", 18, NULL); INSERT INTO assets(identifier, type, name, symbol, started, swapped_for, coingecko, cryptocompare, details_reference) VALUES("_ceth_0x601a0eE18E9DCdc70658d8B87a748e11344D3A45", "C", "Apex protocol token", "APXP", 1630549223, NULL, "apex-protocol", "APXP", "0x601a0eE18E9DCdc70658d8B87a748e11344D3A45");
UPDATE assets SET cryptocompare="LPNT" where identifier="_ceth_0x6a4C76874e686A7d080D173987A35A9c48905583";
INSERT INTO ethereum_tokens(address, decimals, protocol) VALUES("0x6a4C76874e686A7d080D173987A35A9c48905583", 18, NULL); INSERT INTO assets(identifier, type, name, symbol, started, swapped_for, coingecko, cryptocompare, details_reference) VALUES("_ceth_0x6a4C76874e686A7d080D173987A35A9c48905583", "C", "Luxurious Pro Network Token", "LPNT", 1590838980, NULL, "luxurious-pro-network-token", "LPNT", "0x6a4C76874e686A7d080D173987A35A9c48905583");
UPDATE assets SET cryptocompare="OOKI" where identifier="_ceth_0x0De05F6447ab4D22c8827449EE4bA2D5C288379B";
INSERT INTO ethereum_tokens(address, decimals, protocol) VALUES("0x0De05F6447ab4D22c8827449EE4bA2D5C288379B", 18, NULL); INSERT INTO assets(identifier, type, name, symbol, started, swapped_for, coingecko, cryptocompare, details_reference) VALUES("_ceth_0x0De05F6447ab4D22c8827449EE4bA2D5C288379B", "C", "Ooki Token", "OOKI", 1634575276, NULL, "ooki", "OOKI", "0x0De05F6447ab4D22c8827449EE4bA2D5C288379B");
UPDATE assets SET cryptocompare="JBX" where identifier="_ceth_0x3abF2A4f8452cCC2CF7b4C1e4663147600646f66";
INSERT INTO ethereum_tokens(address, decimals, protocol) VALUES("0x3abF2A4f8452cCC2CF7b4C1e4663147600646f66", 18, NULL); INSERT INTO assets(identifier, type, name, symbol, started, swapped_for, coingecko, cryptocompare, details_reference) VALUES("_ceth_0x3abF2A4f8452cCC2CF7b4C1e4663147600646f66", "C", "Juicebox", "JBX", 1626381661, NULL, "juicebox", "JBX", "0x3abF2A4f8452cCC2CF7b4C1e4663147600646f66");
UPDATE assets SET cryptocompare="VPAD" where identifier="_ceth_0x51FE2E572e97BFEB1D719809d743Ec2675924EDc";
INSERT INTO ethereum_tokens(address, decimals, protocol) VALUES("0x51FE2E572e97BFEB1D719809d743Ec2675924EDc", 18, NULL); INSERT INTO assets(identifier, type, name, symbol, started, swapped_for, coingecko, cryptocompare, details_reference) VALUES("_ceth_0x51FE2E572e97BFEB1D719809d743Ec2675924EDc", "C", "VLaunch", "VPAD", 1639087455, NULL, "vlaunch", "VPAD", "0x51FE2E572e97BFEB1D719809d743Ec2675924EDc");
UPDATE assets SET cryptocompare="MQL" where identifier="_ceth_0x428dc22668E6F3468273634067e5545ED5417A3E";
INSERT INTO ethereum_tokens(address, decimals, protocol) VALUES("0x428dc22668E6F3468273634067e5545ED5417A3E", 18, NULL); INSERT INTO assets(identifier, type, name, symbol, started, swapped_for, coingecko, cryptocompare, details_reference) VALUES("_ceth_0x428dc22668E6F3468273634067e5545ED5417A3E", "C", "MiraQle", "MQL", 1594014041, NULL, "miraqle", "MQL", "0x428dc22668E6F3468273634067e5545ED5417A3E");
UPDATE assets SET cryptocompare="VADER" where identifier="_ceth_0x2602278EE1882889B946eb11DC0E810075650983";
INSERT INTO ethereum_tokens(address, decimals, protocol) VALUES("0x2602278EE1882889B946eb11DC0E810075650983", 18, NULL); INSERT INTO assets(identifier, type, name, symbol, started, swapped_for, coingecko, cryptocompare, details_reference) VALUES("_ceth_0x2602278EE1882889B946eb11DC0E810075650983", "C", "Vader", "VADER", 1637891379, NULL, "vader-protocol", "VADER", "0x2602278EE1882889B946eb11DC0E810075650983");
INSERT INTO assets(identifier, type, name, symbol, started, swapped_for, coingecko, cryptocompare, details_reference) VALUES("LOKA", "B", "League of Kingdoms", "LOKA", 1642694549, NULL, "league-of-kingdoms", "LOKA", "LOKA"); INSERT INTO common_asset_details(asset_id, forked) VALUES("LOKA", NULL);
*
UPDATE assets SET symbol="XNO" where identifier="NANO";
INSERT INTO assets(identifier, type, name, symbol, started, swapped_for, coingecko, cryptocompare, details_reference) VALUES("NANO", "B", "Nano", "XNO", 1444003200, NULL, "nano", "NANO", "NANO"); INSERT INTO common_asset_details(asset_id, forked) VALUES("NANO", NULL);
INSERT INTO assets(identifier, type, name, symbol, started, swapped_for, coingecko, cryptocompare, details_reference) VALUES("CCD", "B", "Concordium", "CCD", 1644494465, NULL, "concordium", "CCD", "CCD"); INSERT INTO common_asset_details(asset_id, forked) VALUES("CCD", NULL);
*
INSERT INTO assets(identifier, type, name, symbol, started, swapped_for, coingecko, cryptocompare, details_reference) VALUES("bDOT", "S", "BabyDot", "bDOT", 1626803793, NULL, "babydot", "", "bDOT"); INSERT INTO common_asset_details(asset_id, forked) VALUES("bDOT", NULL);
*
INSERT INTO ethereum_tokens(address, decimals, protocol) VALUES("0x7169bA45cF03E0377B464462AACbccdf1f721125", 18, NULL); INSERT INTO assets(identifier, type, name, symbol, started, swapped_for, coingecko, cryptocompare, details_reference) VALUES("_ceth_0x7169bA45cF03E0377B464462AACbccdf1f721125", "C", "1peco coin", "1PECO", 1638513286, NULL, "1peco", "1PECO", "0x7169bA45cF03E0377B464462AACbccdf1f721125");
*
INSERT INTO ethereum_tokens(address, decimals, protocol) VALUES("0x44e2deC86B9F0e0266E9AA66e10323A2bd69CF9A", 18, NULL); INSERT INTO assets(identifier, type, name, symbol, started, swapped_for, coingecko, cryptocompare, details_reference) VALUES("_ceth_0x44e2deC86B9F0e0266E9AA66e10323A2bd69CF9A", "C", "Attrace", "ATTR", 1621027475, NULL, "attrace", "ATTR", "0x44e2deC86B9F0e0266E9AA66e10323A2bd69CF9A");
*
INSERT INTO ethereum_tokens(address, decimals, protocol) VALUES("0x6e8908cfa881C9f6f2C64d3436E7b80b1bf0093F", 18, NULL); INSERT INTO assets(identifier, type, name, symbol, started, swapped_for, coingecko, cryptocompare, details_reference) VALUES("_ceth_0x6e8908cfa881C9f6f2C64d3436E7b80b1bf0093F", "C", "Bistroo Token", "BIST", 1613490279, NULL, "bistroo", "BIST", "0x6e8908cfa881C9f6f2C64d3436E7b80b1bf0093F");
*
INSERT INTO ethereum_tokens(address, decimals, protocol) VALUES("0x41C37A4683d6a05adB31c39D71348A8403B13Ca9", 18, NULL); INSERT INTO assets(identifier, type, name, symbol, started, swapped_for, coingecko, cryptocompare, details_reference) VALUES("_ceth_0x41C37A4683d6a05adB31c39D71348A8403B13Ca9", "C", "Chain", "CHN", 1605706401, NULL, "chain", "CHN", "0x41C37A4683d6a05adB31c39D71348A8403B13Ca9");
*
INSERT INTO ethereum_tokens(address, decimals, protocol) VALUES("0x5B685863494C33F344081F75e5430C260c224A32", 18, NULL); INSERT INTO assets(identifier, type, name, symbol, started, swapped_for, coingecko, cryptocompare, details_reference) VALUES("_ceth_0x5B685863494C33F344081F75e5430C260c224A32", "C", "CORE MultiChain Token", "CMCX", 1614029545, NULL, "core", "CMCX", "0x5B685863494C33F344081F75e5430C260c224A32");
*
INSERT INTO ethereum_tokens(address, decimals, protocol) VALUES("0x19ac2659599fD01c853dE846919544276aD26F50", 18, NULL); INSERT INTO assets(identifier, type, name, symbol, started, swapped_for, coingecko, cryptocompare, details_reference) VALUES("_ceth_0x19ac2659599fD01c853dE846919544276aD26F50", "C", "covenant", "COVN", 1638864943, NULL, "covenant-child", "COVN", "0x19ac2659599fD01c853dE846919544276aD26F50");
*
INSERT INTO ethereum_tokens(address, decimals, protocol) VALUES("0xFac8F483877f42702aAD3C4FCB508cfba09153B5", 18, NULL); INSERT INTO assets(identifier, type, name, symbol, started, swapped_for, coingecko, cryptocompare, details_reference) VALUES("_ceth_0xFac8F483877f42702aAD3C4FCB508cfba09153B5", "C", "Evident Proof Transaction Token", "EPTT", 1638974357, NULL, "evident-proof-transaction-token", "EPTT", "0xFac8F483877f42702aAD3C4FCB508cfba09153B5");
*
INSERT INTO ethereum_tokens(address, decimals, protocol) VALUES("0xcD74Cf66c43e45Abd5703f3642F73d0675D6AFF7", 18, NULL); INSERT INTO assets(identifier, type, name, symbol, started, swapped_for, coingecko, cryptocompare, details_reference) VALUES("_ceth_0xcD74Cf66c43e45Abd5703f3642F73d0675D6AFF7", "C", "erugo world coin", "EWC", 1632731797, NULL, "erugo-world-coin", "EWC", "0xcD74Cf66c43e45Abd5703f3642F73d0675D6AFF7");
*
INSERT INTO ethereum_tokens(address, decimals, protocol) VALUES("0x4bceA5E4d0F6eD53cf45e7a28FebB2d3621D7438", 18, NULL); INSERT INTO assets(identifier, type, name, symbol, started, swapped_for, coingecko, cryptocompare, details_reference) VALUES("_ceth_0x4bceA5E4d0F6eD53cf45e7a28FebB2d3621D7438", "C", "Modex", "MODEX", 1540057168, NULL, "modex", "MODEX", "0x4bceA5E4d0F6eD53cf45e7a28FebB2d3621D7438");
*
INSERT INTO ethereum_tokens(address, decimals, protocol) VALUES("0xDDD6A0ECc3c6F6C102E5eA3d8Af7B801d1a77aC8", 18, NULL); INSERT INTO assets(identifier, type, name, symbol, started, swapped_for, coingecko, cryptocompare, details_reference) VALUES("_ceth_0xDDD6A0ECc3c6F6C102E5eA3d8Af7B801d1a77aC8", "C", "UniX Gaming", "UNIX", 1637252302, NULL, "unix", "UNIX", "0xDDD6A0ECc3c6F6C102E5eA3d8Af7B801d1a77aC8");
*
INSERT INTO ethereum_tokens(address, decimals, protocol) VALUES("0xcC1a8BD438BebC4b2a885a34475BB974f2124317", 18, NULL); INSERT INTO assets(identifier, type, name, symbol, started, swapped_for, coingecko, cryptocompare, details_reference) VALUES("_ceth_0xcC1a8BD438BebC4b2a885a34475BB974f2124317", "C", "WholeEarthCoin", "WEC", 1609838190, NULL, "whole-earth-coin", "WEC", "0xcC1a8BD438BebC4b2a885a34475BB974f2124317");
*
INSERT INTO ethereum_tokens(address, decimals, protocol) VALUES("0x909E34d3f6124C324ac83DccA84b74398a6fa173", 18, NULL); INSERT INTO assets(identifier, type, name, symbol, started, swapped_for, coingecko, cryptocompare, details_reference) VALUES("_ceth_0x909E34d3f6124C324ac83DccA84b74398a6fa173", "C", "$ZKP Token", "$ZKP", 1637794290, NULL, "panther", "ZKP", "0x909E34d3f6124C324ac83DccA84b74398a6fa173");
*
INSERT INTO ethereum_tokens(address, decimals, protocol) VALUES("0xc0a4Df35568F116C370E6a6A6022Ceb908eedDaC", 6, NULL); INSERT INTO assets(identifier, type, name, symbol, started, swapped_for, coingecko, cryptocompare, details_reference) VALUES("_ceth_0xc0a4Df35568F116C370E6a6A6022Ceb908eedDaC", "C", "UMEE", "UMEE", 1644946980, NULL, "umee", "UMEE", "0xc0a4Df35568F116C370E6a6A6022Ceb908eedDaC");
*
INSERT INTO assets(identifier, type, name, symbol, started, swapped_for, coingecko, cryptocompare, details_reference) VALUES("STARLY", "S", "StarlyToken", "STARLY", 1640105229, NULL, "starly", "STARLY", "STARLY"); INSERT INTO common_asset_details(asset_id, forked) VALUES("STARLY", NULL);
*
INSERT INTO assets(identifier, type, name, symbol, started, swapped_for, coingecko, cryptocompare, details_reference) VALUES("CHNG", "B", "Chainge Finance", "CHNG", 1624327200, NULL, "chainge-finance", "CHNG", "CHNG"); INSERT INTO common_asset_details(asset_id, forked) VALUES("CHNG", NULL);
*
INSERT INTO assets(identifier, type, name, symbol, started, swapped_for, coingecko, cryptocompare, details_reference) VALUES("MNFT", "W", "Mongol NFT", "MNFT", 1645167602, NULL, "mongol-nft", "", "MNFT"); INSERT INTO common_asset_details(asset_id, forked) VALUES("MNFT", NULL);
*
INSERT INTO assets(identifier, type, name, symbol, started, swapped_for, coingecko, cryptocompare, details_reference) VALUES("R1", "W", "Recast1", "R1", 1640804937, NULL, "recast1", "R1", "R1"); INSERT INTO common_asset_details(asset_id, forked) VALUES("R1", NULL);
*
INSERT INTO assets(identifier, type, name, symbol, started, swapped_for, coingecko, cryptocompare, details_reference) VALUES("STX", "B", "Stacks", "STX", 1572055200, NULL, "blockstack", "STX", "STX"); INSERT INTO common_asset_details(asset_id, forked) VALUES("STX", NULL);
*
INSERT INTO assets(identifier, type, name, symbol, started, swapped_for, coingecko, cryptocompare, details_reference) VALUES("AIR", "W", "Altair", "AIR", 1644429687, NULL, "altair", "", "AIR"); INSERT INTO common_asset_details(asset_id, forked) VALUES("AIR", NULL);
*
INSERT INTO assets(identifier, type, name, symbol, started, swapped_for, coingecko, cryptocompare, details_reference) VALUES("KIN", "Y", "Kin", "KIN", 1495670400, NULL, "kin", "KIN", "KIN"); INSERT INTO common_asset_details(asset_id, forked) VALUES("KIN", NULL);
*
INSERT INTO ethereum_tokens(address, decimals, protocol) VALUES("0x7C84e62859D0715eb77d1b1C4154Ecd6aBB21BEC", 18, NULL); INSERT INTO assets(identifier, type, name, symbol, started, swapped_for, coingecko, cryptocompare, details_reference) VALUES("_ceth_0x7C84e62859D0715eb77d1b1C4154Ecd6aBB21BEC", "C", "Shping Coin", "SHPING", 1516422810, NULL, "shping", "SHPING", "0x7C84e62859D0715eb77d1b1C4154Ecd6aBB21BEC");
*
INSERT INTO ethereum_tokens(address, decimals, protocol) VALUES("0x70D2b7C19352bB76e4409858FF5746e500f2B67c", 18, NULL); INSERT INTO assets(identifier, type, name, symbol, started, swapped_for, coingecko, cryptocompare, details_reference) VALUES("_ceth_0x70D2b7C19352bB76e4409858FF5746e500f2B67c", "C", "Pawtocol Network UPI Token", "UPI", 1575401340, NULL, "pawtocol", "UPI", "0x70D2b7C19352bB76e4409858FF5746e500f2B67c");
*
INSERT INTO ethereum_tokens(address, decimals, protocol) VALUES("0xdab396cCF3d84Cf2D07C4454e10C8A6F5b008D2b", 18, NULL); INSERT INTO assets(identifier, type, name, symbol, started, swapped_for, coingecko, cryptocompare, details_reference) VALUES("_ceth_0xdab396cCF3d84Cf2D07C4454e10C8A6F5b008D2b", "C", "Goldfinch", "GFI", 1634870084, NULL, "goldfinch", "GFI", "0xdab396cCF3d84Cf2D07C4454e10C8A6F5b008D2b");
*
INSERT INTO ethereum_tokens(address, decimals, protocol) VALUES("0x9AAb071B4129B083B01cB5A0Cb513Ce7ecA26fa5", 18, NULL); INSERT INTO assets(identifier, type, name, symbol, started, swapped_for, coingecko, cryptocompare, details_reference) VALUES("_ceth_0x9AAb071B4129B083B01cB5A0Cb513Ce7ecA26fa5", "C", "HUNT Token", "HUNT", 1548998543, NULL, "hunt-token", "HUNT", "0x9AAb071B4129B083B01cB5A0Cb513Ce7ecA26fa5");
*
INSERT INTO assets(identifier, type, name, symbol, started, swapped_for, coingecko, cryptocompare, details_reference) VALUES("BTTOLD", "P", "BitTorrent [OLD]", "BTTOLD", 1548633600, NULL, "bittorrent-old", "BTTOLD", "BTTOLD"); INSERT INTO common_asset_details(asset_id, forked) VALUES("BTTOLD", NULL);
*
INSERT INTO assets(identifier, type, name, symbol, started, swapped_for, coingecko, cryptocompare, details_reference) VALUES("ASTR", "B", "Astar", "ASTR", 1642431678, NULL, "astar", "ASTR", "ASTR"); INSERT INTO common_asset_details(asset_id, forked) VALUES("ASTR", NULL);
*
INSERT INTO assets(identifier, type, name, symbol, started, swapped_for, coingecko, cryptocompare, details_reference) VALUES("SBR", "Y", "Saber", "SBR", 1626746400, NULL, "saber", "SBR", "SBR"); INSERT INTO common_asset_details(asset_id, forked) VALUES("SBR", NULL);
*
INSERT INTO assets(identifier, type, name, symbol, started, swapped_for, coingecko, cryptocompare, details_reference) VALUES("REVU", "W", "Revuto", "REVU", 1641886550, NULL, "revuto", "REVU", "REVU"); INSERT INTO common_asset_details(asset_id, forked) VALUES("REVU", NULL);
*
INSERT INTO assets(identifier, type, name, symbol, started, swapped_for, coingecko, cryptocompare, details_reference) VALUES("FCON", "B", "SpaceFalcon", "FCON", 1643116271, NULL, "spacefalcon", "FCON", "FCON"); INSERT INTO common_asset_details(asset_id, forked) VALUES("FCON", NULL);
*
INSERT INTO assets(identifier, type, name, symbol, started, swapped_for, coingecko, cryptocompare, details_reference) VALUES("MJT", "W", "MojitoSwap", "MJT", 1641878361, NULL, "mojitoswap", "", "MJT"); INSERT INTO common_asset_details(asset_id, forked) VALUES("MJT", NULL);
*
INSERT INTO assets(identifier, type, name, symbol, started, swapped_for, coingecko, cryptocompare, details_reference) VALUES("WMT", "W", "World Mobile Token", "WMT", 1640304791, NULL, "world-mobile-token", "WMT", "WMT"); INSERT INTO common_asset_details(asset_id, forked) VALUES("WMT", NULL);
*
UPDATE assets SET cryptocompare="MNW" where identifier="_ceth_0xd3E4Ba569045546D09CF021ECC5dFe42b1d7f6E4";
INSERT INTO ethereum_tokens(address, decimals, protocol) VALUES("0xd3E4Ba569045546D09CF021ECC5dFe42b1d7f6E4", 18, NULL); INSERT INTO assets(identifier, type, name, symbol, started, swapped_for, coingecko, cryptocompare, details_reference) VALUES("_ceth_0xd3E4Ba569045546D09CF021ECC5dFe42b1d7f6E4", "C", "Morpheus.Network", "MNW", 1625735539, NULL, "morpheus-network", "MNW", "0xd3E4Ba569045546D09CF021ECC5dFe42b1d7f6E4");
UPDATE assets SET cryptocompare="B2M" where identifier="_ceth_0xd7c302fc3ac829C7E896a32c4Bd126f3e8Bd0a1f";
INSERT INTO ethereum_tokens(address, decimals, protocol) VALUES("0xd7c302fc3ac829C7E896a32c4Bd126f3e8Bd0a1f", 18, NULL); INSERT INTO assets(identifier, type, name, symbol, started, swapped_for, coingecko, cryptocompare, details_reference) VALUES("_ceth_0xd7c302fc3ac829C7E896a32c4Bd126f3e8Bd0a1f", "C", "Bit2Me", "B2M", 1631708294, NULL, "bit2me", "B2M", "0xd7c302fc3ac829C7E896a32c4Bd126f3e8Bd0a1f");
UPDATE assets SET cryptocompare="SBT" where identifier="SBT";
INSERT INTO assets(identifier, type, name, symbol, started, swapped_for, coingecko, cryptocompare, details_reference) VALUES("SBT", "B", "SOLBIT", "SBT", 1572825600, NULL, "solbit", "SBT", "SBT"); INSERT INTO common_asset_details(asset_id, forked) VALUES("SBT", NULL);
UPDATE assets SET cryptocompare="CRFI" where identifier="CRFI";
INSERT INTO assets(identifier, type, name, symbol, started, swapped_for, coingecko, cryptocompare, details_reference) VALUES("CRFI", "S", "Crossfi", "CRFI", 1620587551, NULL, "crossfi", "CRFI", "CRFI"); INSERT INTO common_asset_details(asset_id, forked) VALUES("CRFI", NULL);
UPDATE assets SET cryptocompare="ICA" where identifier="ICA";
INSERT INTO assets(identifier, type, name, symbol, started, swapped_for, coingecko, cryptocompare, details_reference) VALUES("ICA", "S", "Icarus", "ICA", 1571364000, NULL, "icarus-finance", "ICA", "ICA"); INSERT INTO common_asset_details(asset_id, forked) VALUES("ICA", NULL);
UPDATE assets SET cryptocompare="YEFI" where identifier="YEFI";
INSERT INTO assets(identifier, type, name, symbol, started, swapped_for, coingecko, cryptocompare, details_reference) VALUES("YEFI", "S", "yefi", "YEFI", 1623988944, NULL, "yefi", "YEFI", "YEFI"); INSERT INTO common_asset_details(asset_id, forked) VALUES("YEFI", NULL);
UPDATE assets SET cryptocompare="MNGO" where identifier="MNGO";
INSERT INTO assets(identifier, type, name, symbol, started, swapped_for, coingecko, cryptocompare, details_reference) VALUES("MNGO", "Y", "Mango", "MNGO", 1628748149, NULL, "mango-markets", "MNGO", "MNGO"); INSERT INTO common_asset_details(asset_id, forked) VALUES("MNGO", NULL);
UPDATE assets SET cryptocompare="MSOL" where identifier="MSOL";
INSERT INTO assets(identifier, type, name, symbol, started, swapped_for, coingecko, cryptocompare, details_reference) VALUES("MSOL", "Y", "Marinade staked SOL", "MSOL", 1629183679, NULL, "msol", "MSOL", "MSOL"); INSERT INTO common_asset_details(asset_id, forked) VALUES("MSOL", NULL);
UPDATE assets SET cryptocompare="STSOL" where identifier="STSOL";
INSERT INTO assets(identifier, type, name, symbol, started, swapped_for, coingecko, cryptocompare, details_reference) VALUES("STSOL", "Y", "Lido Staked SOL", "STSOL", 1631682230, NULL, "lido-staked-sol", "STSOL", "STSOL"); INSERT INTO common_asset_details(asset_id, forked) VALUES("STSOL", NULL);
UPDATE assets SET cryptocompare="ZPTC" where identifier="ZPTC";
INSERT INTO assets(identifier, type, name, symbol, started, swapped_for, coingecko, cryptocompare, details_reference) VALUES("ZPTC", "S", "Zeptacoin", "ZPTC", 1632928334, NULL, "zeptagram", "ZPTC", "ZPTC"); INSERT INTO common_asset_details(asset_id, forked) VALUES("ZPTC", NULL);
UPDATE assets SET cryptocompare="ILA" where identifier="ILA";
INSERT INTO assets(identifier, type, name, symbol, started, swapped_for, coingecko, cryptocompare, details_reference) VALUES("ILA", "W", "Infinite Launch", "ILA", 1637845387, NULL, "infinite-launch", "ILA", "ILA"); INSERT INTO common_asset_details(asset_id, forked) VALUES("ILA", NULL);
UPDATE assets SET cryptocompare="CHMB" where identifier="CHMB";
INSERT INTO assets(identifier, type, name, symbol, started, swapped_for, coingecko, cryptocompare, details_reference) VALUES("CHMB", "S", "Chumbi Valley", "CHMB", 1638942974, NULL, "chumbai-valley", "CHMB", "CHMB"); INSERT INTO common_asset_details(asset_id, forked) VALUES("CHMB", NULL);
UPDATE assets SET cryptocompare="SSG" where identifier="SSG";
INSERT INTO assets(identifier, type, name, symbol, started, swapped_for, coingecko, cryptocompare, details_reference) VALUES("SSG", "S", "Surviving Soldiers", "SSG", 1636290073, NULL, "surviving-soldiers", "SSG", "SSG"); INSERT INTO common_asset_details(asset_id, forked) VALUES("SSG", NULL);
UPDATE assets SET cryptocompare="KRRX" where identifier="KRRX";
INSERT INTO assets(identifier, type, name, symbol, started, swapped_for, coingecko, cryptocompare, details_reference) VALUES("KRRX", "P", "Kyrrex", "KRRX", 1631088136, NULL, "kyrrex", "KRRX", "KRRX"); INSERT INTO common_asset_details(asset_id, forked) VALUES("KRRX", NULL);
UPDATE assets SET cryptocompare="CREDI" where identifier="CREDI";
INSERT INTO assets(identifier, type, name, symbol, started, swapped_for, coingecko, cryptocompare, details_reference) VALUES("CREDI", "B", "Credefi", "CREDI", 1639051360, NULL, "credefi", "CREDI", "CREDI"); INSERT INTO common_asset_details(asset_id, forked) VALUES("CREDI", NULL);
UPDATE assets SET cryptocompare="PEL" where identifier="PEL";
INSERT INTO assets(identifier, type, name, symbol, started, swapped_for, coingecko, cryptocompare, details_reference) VALUES("PEL", "B", "Propel Token", "PEL", 1638893347, NULL, "propel-token", "PEL", "PEL"); INSERT INTO common_asset_details(asset_id, forked) VALUES("PEL", NULL);
INSERT INTO ethereum_tokens(address, decimals, protocol) VALUES("0xBC6DA0FE9aD5f3b0d58160288917AA56653660E9", 18, NULL); INSERT INTO assets(identifier, type, name, symbol, started, swapped_for, coingecko, cryptocompare, details_reference) VALUES("_ceth_0xBC6DA0FE9aD5f3b0d58160288917AA56653660E9", "C", "Alchemix USD", "alUSD", 1614400291, NULL, "alchemix-usd", "", "0xBC6DA0FE9aD5f3b0d58160288917AA56653660E9");
*
INSERT INTO ethereum_tokens(address, decimals, protocol) VALUES("0x9fcf418B971134625CdF38448B949C8640971671", 18, NULL); INSERT INTO assets(identifier, type, name, symbol, started, swapped_for, coingecko, cryptocompare, details_reference) VALUES("_ceth_0x9fcf418B971134625CdF38448B949C8640971671", "C", "Neutrino EUR", "EURN", 1629894059, NULL, "", "EURN", "0x9fcf418B971134625CdF38448B949C8640971671");
*
INSERT INTO ethereum_tokens(address, decimals, protocol) VALUES("0x0100546F2cD4C9D97f798fFC9755E47865FF7Ee6", 18, NULL); INSERT INTO assets(identifier, type, name, symbol, started, swapped_for, coingecko, cryptocompare, details_reference) VALUES("_ceth_0x0100546F2cD4C9D97f798fFC9755E47865FF7Ee6", "C", "Alchemix ETH", "alETH", 1623421341, NULL, "", "", "0x0100546F2cD4C9D97f798fFC9755E47865FF7Ee6");
*
INSERT INTO ethereum_tokens(address, decimals, protocol) VALUES("0x97fe22E7341a0Cd8Db6F6C021A24Dc8f4DAD855F", 18, NULL); INSERT INTO assets(identifier, type, name, symbol, started, swapped_for, coingecko, cryptocompare, details_reference) VALUES("_ceth_0x97fe22E7341a0Cd8Db6F6C021A24Dc8f4DAD855F", "C", "Synth sGBP", "sGBP", 1569481458, NULL, "", "", "0x97fe22E7341a0Cd8Db6F6C021A24Dc8f4DAD855F");
*
INSERT INTO ethereum_tokens(address, decimals, protocol) VALUES("0x269895a3dF4D73b077Fc823dD6dA1B95f72Aaf9B", 18, NULL); INSERT INTO assets(identifier, type, name, symbol, started, swapped_for, coingecko, cryptocompare, details_reference) VALUES("_ceth_0x269895a3dF4D73b077Fc823dD6dA1B95f72Aaf9B", "C", "Synth sKRW", "sKRW", 1616613039, NULL, "", "", "0x269895a3dF4D73b077Fc823dD6dA1B95f72Aaf9B");
*
INSERT INTO ethereum_tokens(address, decimals, protocol) VALUES("0xF48e200EAF9906362BB1442fca31e0835773b8B4", 18, NULL); INSERT INTO assets(identifier, type, name, symbol, started, swapped_for, coingecko, cryptocompare, details_reference) VALUES("_ceth_0xF48e200EAF9906362BB1442fca31e0835773b8B4", "C", "Synth sAUD", "sAUD", 1569481162, NULL, "saud", "", "0xF48e200EAF9906362BB1442fca31e0835773b8B4");
*
INSERT INTO ethereum_tokens(address, decimals, protocol) VALUES("0x853d955aCEf822Db058eb8505911ED77F175b99e", 18, NULL); INSERT INTO assets(identifier, type, name, symbol, started, swapped_for, coingecko, cryptocompare, details_reference) VALUES("_ceth_0x853d955aCEf822Db058eb8505911ED77F175b99e", "C", "Frax", "FRAX", 1608140520, NULL, "frax", "FRAX", "0x853d955aCEf822Db058eb8505911ED77F175b99e");
*
INSERT INTO assets(identifier, type, name, symbol, started, swapped_for, coingecko, cryptocompare, details_reference) VALUES("ALPINE", "S", "ALPINE Fan Token", "ALPINE", 1644906992, NULL, "alpine-f1-team-fan-token", "ALPINE", "ALPINE"); INSERT INTO common_asset_details(asset_id, forked) VALUES("ALPINE", NULL);
*
INSERT INTO ethereum_tokens(address, decimals, protocol) VALUES("0x4d224452801ACEd8B2F0aebE155379bb5D594381", 18, NULL); INSERT INTO assets(identifier, type, name, symbol, started, swapped_for, coingecko, cryptocompare, details_reference) VALUES("_ceth_0x4d224452801ACEd8B2F0aebE155379bb5D594381", "C", "ApeCoin", "APE", 1644845135, NULL, "apecoin", "APE", "0x4d224452801ACEd8B2F0aebE155379bb5D594381");
*
INSERT INTO assets(identifier, type, name, symbol, started, swapped_for, coingecko, cryptocompare, details_reference) VALUES("BSW", "S", "Biswap", "BSW", 1621790166, NULL, "biswap", "BSW", "BSW"); INSERT INTO common_asset_details(asset_id, forked) VALUES("BSW", NULL);
*
INSERT INTO ethereum_tokens(address, decimals, protocol) VALUES("0x65Ef703f5594D2573eb71Aaf55BC0CB548492df4", 18, NULL); INSERT INTO assets(identifier, type, name, symbol, started, swapped_for, coingecko, cryptocompare, details_reference) VALUES("_ceth_0x65Ef703f5594D2573eb71Aaf55BC0CB548492df4", "C", "Multichain", "MULTI", 1639557435, NULL, "multichain", "MULTI", "0x65Ef703f5594D2573eb71Aaf55BC0CB548492df4");
*
INSERT INTO assets(identifier, type, name, symbol, started, swapped_for, coingecko, cryptocompare, details_reference) VALUES("NBT", "S", "NanoByte Token", "NBT", 1642567344, NULL, "nanobyte", "", "NBT"); INSERT INTO common_asset_details(asset_id, forked) VALUES("NBT", NULL);
*
INSERT INTO ethereum_tokens(address, decimals, protocol) VALUES("0x549020a9Cb845220D66d3E9c6D9F9eF61C981102", 18, NULL); INSERT INTO assets(identifier, type, name, symbol, started, swapped_for, coingecko, cryptocompare, details_reference) VALUES("_ceth_0x549020a9Cb845220D66d3E9c6D9F9eF61C981102", "C", "SIDUS", "SIDUS", 1637732622, NULL, "sidus", "SIDUS", "0x549020a9Cb845220D66d3E9c6D9F9eF61C981102");
*
INSERT INTO ethereum_tokens(address, decimals, protocol) VALUES("0xD23Ac27148aF6A2f339BD82D0e3CFF380b5093de", 18, NULL); INSERT INTO assets(identifier, type, name, symbol, started, swapped_for, coingecko, cryptocompare, details_reference) VALUES("_ceth_0xD23Ac27148aF6A2f339BD82D0e3CFF380b5093de", "C", "SIREN", "SI", 1605327961, NULL, "siren", "SIREN", "0xD23Ac27148aF6A2f339BD82D0e3CFF380b5093de");
*
INSERT INTO ethereum_tokens(address, decimals, protocol) VALUES("0x34Be5b8C30eE4fDe069DC878989686aBE9884470", 18, NULL); INSERT INTO assets(identifier, type, name, symbol, started, swapped_for, coingecko, cryptocompare, details_reference) VALUES("_ceth_0x34Be5b8C30eE4fDe069DC878989686aBE9884470", "C", "SENATE", "SENATE", 1637732768, NULL, "senate", "SENATE", "0x34Be5b8C30eE4fDe069DC878989686aBE9884470");
*
INSERT INTO ethereum_tokens(address, decimals, protocol) VALUES("0xe0cCa86B254005889aC3a81e737f56a14f4A38F5", 18, NULL); INSERT INTO assets(identifier, type, name, symbol, started, swapped_for, coingecko, cryptocompare, details_reference) VALUES("_ceth_0xe0cCa86B254005889aC3a81e737f56a14f4A38F5", "C", "Alta Finance", "ALTA", 1647302599, NULL, "alta-finance", "", "0xe0cCa86B254005889aC3a81e737f56a14f4A38F5");
*
INSERT INTO ethereum_tokens(address, decimals, protocol) VALUES("0x351cAa9045D65107b9d311D922D15887cfd634E4", 18, NULL); INSERT INTO assets(identifier, type, name, symbol, started, swapped_for, coingecko, cryptocompare, details_reference) VALUES("_ceth_0x351cAa9045D65107b9d311D922D15887cfd634E4", "C", "Arowana Token", "ARW", 1614914359, NULL, "arowana-token", "ARW", "0x351cAa9045D65107b9d311D922D15887cfd634E4");
*
INSERT INTO ethereum_tokens(address, decimals, protocol) VALUES("0xB90cb79B72EB10c39CbDF86e50B1C89F6a235f2e", 18, NULL); INSERT INTO assets(identifier, type, name, symbol, started, swapped_for, coingecko, cryptocompare, details_reference) VALUES("_ceth_0xB90cb79B72EB10c39CbDF86e50B1C89F6a235f2e", "C", "Auditchain", "AUDT", 1625320880, NULL, "auditchain", "", "0xB90cb79B72EB10c39CbDF86e50B1C89F6a235f2e");
*
INSERT INTO ethereum_tokens(address, decimals, protocol) VALUES("0xDE075D9ADbD0240b4462F124af926452Ad0BAC91", 18, NULL); INSERT INTO assets(identifier, type, name, symbol, started, swapped_for, coingecko, cryptocompare, details_reference) VALUES("_ceth_0xDE075D9ADbD0240b4462F124af926452Ad0BAC91", "C", "Bubblefong", "BBF", 1641798425, NULL, "bubblefong", "", "0xDE075D9ADbD0240b4462F124af926452Ad0BAC91");
*
INSERT INTO ethereum_tokens(address, decimals, protocol) VALUES("0xf256f3ac4176126F55af7c6E25fA5F3Cdf518b38", 18, NULL); INSERT INTO assets(identifier, type, name, symbol, started, swapped_for, coingecko, cryptocompare, details_reference) VALUES("_ceth_0xf256f3ac4176126F55af7c6E25fA5F3Cdf518b38", "C", "CEDARS", "CEDS", 1593750518, NULL, "cedars", "", "0xf256f3ac4176126F55af7c6E25fA5F3Cdf518b38");
*
INSERT INTO ethereum_tokens(address, decimals, protocol) VALUES("0xfC1Cb4920dC1110fD61AfaB75Cf085C1f871b8C6", 18, NULL); INSERT INTO assets(identifier, type, name, symbol, started, swapped_for, coingecko, cryptocompare, details_reference) VALUES("_ceth_0xfC1Cb4920dC1110fD61AfaB75Cf085C1f871b8C6", "C", "Edenloop Token", "ELT", 1631157477, NULL, "edenloop", "", "0xfC1Cb4920dC1110fD61AfaB75Cf085C1f871b8C6");
*
INSERT INTO assets(identifier, type, name, symbol, started, swapped_for, coingecko, cryptocompare, details_reference) VALUES("ELV", "S", "Elvantis", "ELV", 1643062964, NULL, "elvantis", "ELV", "ELV"); INSERT INTO common_asset_details(asset_id, forked) VALUES("ELV", NULL);
*
INSERT INTO ethereum_tokens(address, decimals, protocol) VALUES("0xE80C0cd204D654CEbe8dd64A4857cAb6Be8345a3", 18, NULL); INSERT INTO assets(identifier, type, name, symbol, started, swapped_for, coingecko, cryptocompare, details_reference) VALUES("_ceth_0xE80C0cd204D654CEbe8dd64A4857cAb6Be8345a3", "C", "JPEG’d Governance Token", "JPEG", 1636758505, NULL, "jpeg-d", "", "0xE80C0cd204D654CEbe8dd64A4857cAb6Be8345a3");
*
INSERT INTO ethereum_tokens(address, decimals, protocol) VALUES("0x9d71CE49ab8A0E6D2a1e7BFB89374C9392FD6804", 18, NULL); INSERT INTO assets(identifier, type, name, symbol, started, swapped_for, coingecko, cryptocompare, details_reference) VALUES("_ceth_0x9d71CE49ab8A0E6D2a1e7BFB89374C9392FD6804", "C", "NvirWorld", "Nvir", 1636105166, NULL, "nvirworld", "NVIR", "0x9d71CE49ab8A0E6D2a1e7BFB89374C9392FD6804");
*
INSERT INTO ethereum_tokens(address, decimals, protocol) VALUES("0x525A8F6F3Ba4752868cde25164382BfbaE3990e1", 6, NULL); INSERT INTO assets(identifier, type, name, symbol, started, swapped_for, coingecko, cryptocompare, details_reference) VALUES("_ceth_0x525A8F6F3Ba4752868cde25164382BfbaE3990e1", "C", "NYM", "NYM", 1643838281, NULL, "nym", "NYM", "0x525A8F6F3Ba4752868cde25164382BfbaE3990e1");
*
INSERT INTO ethereum_tokens(address, decimals, protocol) VALUES("0x1E4EDE388cbc9F4b5c79681B7f94d36a11ABEBC9", 18, NULL); INSERT INTO assets(identifier, type, name, symbol, started, swapped_for, coingecko, cryptocompare, details_reference) VALUES("_ceth_0x1E4EDE388cbc9F4b5c79681B7f94d36a11ABEBC9", "C", "X2Y2Token", "X2Y2", 1644811256, NULL, "x2y2", "X2Y2", "0x1E4EDE388cbc9F4b5c79681B7f94d36a11ABEBC9");
*
INSERT INTO ethereum_tokens(address, decimals, protocol) VALUES("0x3392D8A60B77F8d3eAa4FB58F09d835bD31ADD29", 18, NULL); INSERT INTO assets(identifier, type, name, symbol, started, swapped_for, coingecko, cryptocompare, details_reference) VALUES("_ceth_0x3392D8A60B77F8d3eAa4FB58F09d835bD31ADD29", "C", "IndiGG", "INDI", 1646301802, NULL, "indigg", "", "0x3392D8A60B77F8d3eAa4FB58F09d835bD31ADD29");
*
INSERT INTO ethereum_tokens(address, decimals, protocol) VALUES("0xAf5191B0De278C7286d6C7CC6ab6BB8A73bA2Cd6", 18, NULL); INSERT INTO assets(identifier, type, name, symbol, started, swapped_for, coingecko, cryptocompare, details_reference) VALUES("_ceth_0xAf5191B0De278C7286d6C7CC6ab6BB8A73bA2Cd6", "C", "StargateToken", "STG", 1647504559, NULL, "stargate-finance", "STG", "0xAf5191B0De278C7286d6C7CC6ab6BB8A73bA2Cd6");
*
INSERT INTO ethereum_tokens(address, decimals, protocol) VALUES("0x5c147e74D63B1D31AA3Fd78Eb229B65161983B2b", 18, NULL); INSERT INTO assets(identifier, type, name, symbol, started, swapped_for, coingecko, cryptocompare, details_reference) VALUES("_ceth_0x5c147e74D63B1D31AA3Fd78Eb229B65161983B2b", "C", "Wrapped Flow", "WFLOW", 1638237348, NULL, "wrapped-flow", "FLOW", "0x5c147e74D63B1D31AA3Fd78Eb229B65161983B2b");
*
INSERT INTO ethereum_tokens(address, decimals, protocol) VALUES("0x1c7E83f8C581a967940DBfa7984744646AE46b29", 18, NULL); INSERT INTO assets(identifier, type, name, symbol, started, swapped_for, coingecko, cryptocompare, details_reference) VALUES("_ceth_0x1c7E83f8C581a967940DBfa7984744646AE46b29", "C", "random", "RND", 1643171780, NULL, "the-randomdao", "", "0x1c7E83f8C581a967940DBfa7984744646AE46b29");
*
INSERT INTO ethereum_tokens(address, decimals, protocol) VALUES("0xf0f9D895aCa5c8678f706FB8216fa22957685A13", 18, NULL); INSERT INTO assets(identifier, type, name, symbol, started, swapped_for, coingecko, cryptocompare, details_reference) VALUES("_ceth_0xf0f9D895aCa5c8678f706FB8216fa22957685A13", "C", "Cult DAO", "CULT", 1643367655, NULL, "cult-dao", "CULT", "0xf0f9D895aCa5c8678f706FB8216fa22957685A13");
*
INSERT INTO ethereum_tokens(address, decimals, protocol) VALUES("0x3A8cCCB969a61532d1E6005e2CE12C200caeCe87", 18, NULL); INSERT INTO assets(identifier, type, name, symbol, started, swapped_for, coingecko, cryptocompare, details_reference) VALUES("_ceth_0x3A8cCCB969a61532d1E6005e2CE12C200caeCe87", "C", "TitanSwap", "Titan", 1597482425, NULL, "titanswap", "TITAN", "0x3A8cCCB969a61532d1E6005e2CE12C200caeCe87");
*
INSERT INTO assets(identifier, type, name, symbol, started, swapped_for, coingecko, cryptocompare, details_reference) VALUES("LQDR", "W", "Liquid Driver", "LQDR", 1620486477, NULL, "liquiddriver", "", "LQDR"); INSERT INTO common_asset_details(asset_id, forked) VALUES("LQDR", NULL);
*
INSERT INTO assets(identifier, type, name, symbol, started, swapped_for, coingecko, cryptocompare, details_reference) VALUES("SPIRIT", "W", "SpiritSwap Token", "SPIRIT", 1619273671, NULL, "spiritswap", "", "SPIRIT"); INSERT INTO common_asset_details(asset_id, forked) VALUES("SPIRIT", NULL);
*
INSERT INTO ethereum_tokens(address, decimals, protocol) VALUES("0x6431FA4B812a2DCC062A38CB55cc7D18135AdEAd", 18, NULL); INSERT INTO assets(identifier, type, name, symbol, started, swapped_for, coingecko, cryptocompare, details_reference) VALUES("_ceth_0x6431FA4B812a2DCC062A38CB55cc7D18135AdEAd", "C", "RankerDAO", "RANKER", 1642075571, NULL, "rankerdao", "RANKER", "0x6431FA4B812a2DCC062A38CB55cc7D18135AdEAd");
*
INSERT INTO assets(identifier, type, name, symbol, started, swapped_for, coingecko, cryptocompare, details_reference) VALUES("LAVAX", "S", "LavaX Labs", "LAVAX", 1634894974, NULL, "lavax-labs", "LAVAX", "LAVAX"); INSERT INTO common_asset_details(asset_id, forked) VALUES("LAVAX", NULL);
*
INSERT INTO assets(identifier, type, name, symbol, started, swapped_for, coingecko, cryptocompare, details_reference) VALUES("WAL", "S", "WastedLands", "WAL", 1646296360, NULL, "the-wasted-lands", "", "WAL"); INSERT INTO common_asset_details(asset_id, forked) VALUES("WAL", NULL);
*
INSERT INTO assets(identifier, type, name, symbol, started, swapped_for, coingecko, cryptocompare, details_reference) VALUES("SON", "S", "Souni Token", "SON", 1646037834, NULL, "souni-token", "SON", "SON"); INSERT INTO common_asset_details(asset_id, forked) VALUES("SON", NULL);
*
INSERT INTO ethereum_tokens(address, decimals, protocol) VALUES("0x1afb69DBC9f54d08DAB1bD3436F8Da1af819E647", 18, NULL); INSERT INTO assets(identifier, type, name, symbol, started, swapped_for, coingecko, cryptocompare, details_reference) VALUES("_ceth_0x1afb69DBC9f54d08DAB1bD3436F8Da1af819E647", "C", "MELOS", "MELOS", 1645509503, NULL, "melos-studio", "", "0x1afb69DBC9f54d08DAB1bD3436F8Da1af819E647");
*
INSERT INTO ethereum_tokens(address, decimals, protocol) VALUES("0x4b1D0b9F081468D780Ca1d5d79132b64301085d1", 8, NULL); INSERT INTO assets(identifier, type, name, symbol, started, swapped_for, coingecko, cryptocompare, details_reference) VALUES("_ceth_0x4b1D0b9F081468D780Ca1d5d79132b64301085d1", "C", "Lumerin", "LMR", 1634152595, NULL, "lumerin", "LMR", "0x4b1D0b9F081468D780Ca1d5d79132b64301085d1");
*
INSERT INTO ethereum_tokens(address, decimals, protocol) VALUES("0xc6DdDB5bc6E61e0841C54f3e723Ae1f3A807260b", 18, NULL); INSERT INTO assets(identifier, type, name, symbol, started, swapped_for, coingecko, cryptocompare, details_reference) VALUES("_ceth_0xc6DdDB5bc6E61e0841C54f3e723Ae1f3A807260b", "C", "Aurox Token", "URUS", 1644728723, NULL, "urus-token", "URUS", "0xc6DdDB5bc6E61e0841C54f3e723Ae1f3A807260b");
*
INSERT INTO ethereum_tokens(address, decimals, protocol) VALUES("0xa23C1194d421F252b4e6D5edcc3205F7650a4eBE", 18, NULL); INSERT INTO assets(identifier, type, name, symbol, started, swapped_for, coingecko, cryptocompare, details_reference) VALUES("_ceth_0xa23C1194d421F252b4e6D5edcc3205F7650a4eBE", "C", "Launch Block", "LBP", 1634306167, NULL, "launchblock", "", "0xa23C1194d421F252b4e6D5edcc3205F7650a4eBE");
*
INSERT INTO ethereum_tokens(address, decimals, protocol) VALUES("0xEd025A9Fe4b30bcd68460BCA42583090c2266468", 18, NULL); INSERT INTO assets(identifier, type, name, symbol, started, swapped_for, coingecko, cryptocompare, details_reference) VALUES("_ceth_0xEd025A9Fe4b30bcd68460BCA42583090c2266468", "C", "Ripio Coin", "RPC", 1631720685, NULL, "ripio-coin", "RPC", "0xEd025A9Fe4b30bcd68460BCA42583090c2266468");
*
INSERT INTO assets(identifier, type, name, symbol, started, swapped_for, coingecko, cryptocompare, details_reference) VALUES("NHCT", "X", "Hurricane NFT Token", "NHCT", 1649228117, NULL, "hurricane-nft", "", "NHCT"); INSERT INTO common_asset_details(asset_id, forked) VALUES("NHCT", NULL);
*
INSERT INTO assets(identifier, type, name, symbol, started, swapped_for, coingecko, cryptocompare, details_reference) VALUES("WOOP", "S", "Woonkly Power", "WOOP", 1606259844, NULL, "woonkly-power", "WOOP", "WOOP"); INSERT INTO common_asset_details(asset_id, forked) VALUES("WOOP", NULL);
*
INSERT INTO ethereum_tokens(address, decimals, protocol) VALUES("0xfB5c6815cA3AC72Ce9F5006869AE67f18bF77006", 18, NULL); INSERT INTO assets(identifier, type, name, symbol, started, swapped_for, coingecko, cryptocompare, details_reference) VALUES("_ceth_0xfB5c6815cA3AC72Ce9F5006869AE67f18bF77006", "C", "pSTAKE Finance", "PSTAKE", 1641937945, NULL, "pstake-finance", "PSTAKE", "0xfB5c6815cA3AC72Ce9F5006869AE67f18bF77006");
*
INSERT INTO ethereum_tokens(address, decimals, protocol) VALUES("0xbc6E06778708177a18210181b073DA747C88490a", 18, NULL); INSERT INTO assets(identifier, type, name, symbol, started, swapped_for, coingecko, cryptocompare, details_reference) VALUES("_ceth_0xbc6E06778708177a18210181b073DA747C88490a", "C", "Syndicate Token", "SYNR", 1642489479, NULL, "syndicate-2", "", "0xbc6E06778708177a18210181b073DA747C88490a");
*
UPDATE assets SET coingecko="purpose" WHERE identifier="_ceth_0xE40C374d8805b1dD58CDcEFf998A2F6920Cb52FD";
INSERT INTO ethereum_tokens(address, decimals, protocol) VALUES("0xE40C374d8805b1dD58CDcEFf998A2F6920Cb52FD", 18, NULL); INSERT INTO assets(identifier, type, name, symbol, started, swapped_for, coingecko, cryptocompare, details_reference) VALUES("_ceth_0xE40C374d8805b1dD58CDcEFf998A2F6920Cb52FD", "C", "Purpose", "PRPS", 1517011200, NULL, "purpose", "", "0xE40C374d8805b1dD58CDcEFf998A2F6920Cb52FD");
UPDATE assets SET coingecko="compound-chainlink-token" WHERE identifier="_ceth_0xFAce851a4921ce59e912d19329929CE6da6EB0c7";
INSERT INTO ethereum_tokens(address, decimals, protocol) VALUES("0xFAce851a4921ce59e912d19329929CE6da6EB0c7", 8, "compound"); INSERT INTO assets(identifier, type, name, symbol,started, swapped_for, coingecko, cryptocompare, details_reference) VALUES("_ceth_0xFAce851a4921ce59e912d19329929CE6da6EB0c7", "C", "Compound ChainLink Token", "cLINK", 1619041102, NULL, "compound-chainlink-token", "", "0xFAce851a4921ce59e912d19329929CE6da6EB0c7");
UPDATE assets SET coingecko="burp" WHERE identifier="_ceth_0x33f391F4c4fE802b70B77AE37670037A92114A7c";
INSERT INTO ethereum_tokens(address, decimals, protocol) VALUES("0x33f391F4c4fE802b70B77AE37670037A92114A7c", 18, NULL); INSERT INTO assets(identifier, type, name, symbol,started, swapped_for, coingecko, cryptocompare, details_reference) VALUES("_ceth_0x33f391F4c4fE802b70B77AE37670037A92114A7c", "C", "Burp", "BURP", 1621352971, NULL, "burp", "BURP", "0x33f391F4c4fE802b70B77AE37670037A92114A7c");
INSERT INTO ethereum_tokens(address, decimals, protocol) VALUES("0x4086E77C5E993FDB90a406285d00111a974F877a", 4, NULL); INSERT INTO assets(identifier, type, name, symbol, started, swapped_for, coingecko, cryptocompare, details_reference) VALUES("_ceth_0x4086E77C5E993FDB90a406285d00111a974F877a", "C", "Blockchain Brawlers Token", "BRWL", 1644473966, NULL, "blockchain-brawlers", "BRWL", "0x4086E77C5E993FDB90a406285d00111a974F877a");
*
INSERT INTO ethereum_tokens(address, decimals, protocol) VALUES("0xb4EBc2C371182DeEa04B2264B9ff5AC4F0159C69", 18, "pickle_jar"); INSERT INTO assets(identifier, type, name, symbol, started, swapped_for, coingecko, cryptocompare, details_reference) VALUES("_ceth_0xb4EBc2C371182DeEa04B2264B9ff5AC4F0159C69", "C", "pickling LooksRare Token", "pLOOKS", 1642484467, NULL, "", "", "0xb4EBc2C371182DeEa04B2264B9ff5AC4F0159C69");
*
INSERT INTO ethereum_tokens(address, decimals, protocol) VALUES("0x506748d736b77f51c5b490e4aC6c26B8c3975b14", 18, "pickle_jar"); INSERT INTO assets(identifier, type, name, symbol, started, swapped_for, coingecko, cryptocompare, details_reference) VALUES("_ceth_0x506748d736b77f51c5b490e4aC6c26B8c3975b14", "C", "pickling Uni v3 RBN/ETH", "pUniV3", 1635369769, NULL, "", "", "0x506748d736b77f51c5b490e4aC6c26B8c3975b14");
*
INSERT INTO ethereum_tokens(address, decimals, protocol) VALUES("0x68d14d66B2B0d6E157c06Dc8Fefa3D8ba0e66a89", 18, "pickle_jar"); INSERT INTO assets(identifier, type, name, symbol, started, swapped_for, coingecko, cryptocompare, details_reference) VALUES("_ceth_0x68d14d66B2B0d6E157c06Dc8Fefa3D8ba0e66a89", "C", "pickling Curve.fi DAI/USDC/USDT/sUSD", "pcrvPlain3andSUSD", 1601425554, NULL, "", "", "0x68d14d66B2B0d6E157c06Dc8Fefa3D8ba0e66a89");
*
INSERT INTO ethereum_tokens(address, decimals, protocol) VALUES("0x2E35392F4c36EBa7eCAFE4de34199b2373Af22ec", 18, "pickle_jar"); INSERT INTO assets(identifier, type, name, symbol, started, swapped_for, coingecko, cryptocompare, details_reference) VALUES("_ceth_0x2E35392F4c36EBa7eCAFE4de34199b2373Af22ec", "C", "pickling Curve.fi renBTC/wBTC", "pcrvRenWBTC", 1602105204, NULL, "", "", "0x2E35392F4c36EBa7eCAFE4de34199b2373Af22ec");
*
INSERT INTO ethereum_tokens(address, decimals, protocol) VALUES("0x1BB74b5DdC1f4fC91D6f9E7906cf68bc93538e33", 18, "pickle_jar"); INSERT INTO assets(identifier, type, name, symbol, started, swapped_for, coingecko, cryptocompare, details_reference) VALUES("_ceth_0x1BB74b5DdC1f4fC91D6f9E7906cf68bc93538e33", "C", "pickling Curve.fi DAI/USDC/USDT", "p3Crv", 1602105027, NULL, "", "", "0x1BB74b5DdC1f4fC91D6f9E7906cf68bc93538e33");
*
INSERT INTO ethereum_tokens(address, decimals, protocol) VALUES("0x77C8A58D940a322Aea02dBc8EE4A30350D4239AD", 18, "pickle_jar"); INSERT INTO assets(identifier, type, name, symbol, started, swapped_for, coingecko, cryptocompare, details_reference) VALUES("_ceth_0x77C8A58D940a322Aea02dBc8EE4A30350D4239AD", "C", "pickling Curve.fi ETH/stETH", "psteCRV", 1611767447, NULL, "", "", "0x77C8A58D940a322Aea02dBc8EE4A30350D4239AD");
*
INSERT INTO ethereum_tokens(address, decimals, protocol) VALUES("0xCffA068F1E44D98D3753966eBd58D4CFe3BB5162", 18, "pickle_jar"); INSERT INTO assets(identifier, type, name, symbol, started, swapped_for, coingecko, cryptocompare, details_reference) VALUES("_ceth_0xCffA068F1E44D98D3753966eBd58D4CFe3BB5162", "C", "pickling Uniswap V2", "pUNI-V2", 1601425645, NULL, "", "", "0xCffA068F1E44D98D3753966eBd58D4CFe3BB5162");
*
INSERT INTO ethereum_tokens(address, decimals, protocol) VALUES("0x53Bf2E62fA20e2b4522f05de3597890Ec1b352C6", 18, "pickle_jar"); INSERT INTO assets(identifier, type, name, symbol, started, swapped_for, coingecko, cryptocompare, details_reference) VALUES("_ceth_0x53Bf2E62fA20e2b4522f05de3597890Ec1b352C6", "C", "pickling Uniswap V2", "pUNI-V2", 1601425800, NULL, "", "", "0x53Bf2E62fA20e2b4522f05de3597890Ec1b352C6");
*
INSERT INTO ethereum_tokens(address, decimals, protocol) VALUES("0x09FC573c502037B149ba87782ACC81cF093EC6ef", 18, "pickle_jar"); INSERT INTO assets(identifier, type, name, symbol, started, swapped_for, coingecko, cryptocompare, details_reference) VALUES("_ceth_0x09FC573c502037B149ba87782ACC81cF093EC6ef", "C", "pickling Uniswap V2", "pUNI-V2", 1601426036, NULL, "", "", "0x09FC573c502037B149ba87782ACC81cF093EC6ef");
*
INSERT INTO ethereum_tokens(address, decimals, protocol) VALUES("0xc80090AA05374d336875907372EE4ee636CBC562", 18, "pickle_jar"); INSERT INTO assets(identifier, type, name, symbol, started, swapped_for, coingecko, cryptocompare, details_reference) VALUES("_ceth_0xc80090AA05374d336875907372EE4ee636CBC562", "C", "pickling Uniswap V2", "pUNI-V2", 1602105244, NULL, "", "", "0xc80090AA05374d336875907372EE4ee636CBC562");
*
INSERT INTO ethereum_tokens(address, decimals, protocol) VALUES("0x6949Bb624E8e8A90F87cD2058139fcd77D2F3F87", 18, "pickle_jar"); INSERT INTO assets(identifier, type, name, symbol, started, swapped_for, coingecko, cryptocompare, details_reference) VALUES("_ceth_0x6949Bb624E8e8A90F87cD2058139fcd77D2F3F87", "C", "pickling Dai Stablecoin", "pDAI", 1602551622, NULL, "", "", "0x6949Bb624E8e8A90F87cD2058139fcd77D2F3F87");
*
INSERT INTO ethereum_tokens(address, decimals, protocol) VALUES("0xCbA1FE4Fdbd90531EFD929F1A1831F38e91cff1e", 18, "pickle_jar"); INSERT INTO assets(identifier, type, name, symbol, started, swapped_for, coingecko, cryptocompare, details_reference) VALUES("_ceth_0xCbA1FE4Fdbd90531EFD929F1A1831F38e91cff1e", "C", "pickling Saddle WETH/alETH/sETH", "psaddlealETH", 1624895633, NULL, "", "", "0xCbA1FE4Fdbd90531EFD929F1A1831F38e91cff1e");
*
INSERT INTO ethereum_tokens(address, decimals, protocol) VALUES("0x65B2532474f717D5A8ba38078B78106D56118bbb", 18, "pickle_jar"); INSERT INTO assets(identifier, type, name, symbol, started, swapped_for, coingecko, cryptocompare, details_reference) VALUES("_ceth_0x65B2532474f717D5A8ba38078B78106D56118bbb", "C", "pickling LQTY", "pLQTY", 1623894903, NULL, "", "", "0x65B2532474f717D5A8ba38078B78106D56118bbb");
*
INSERT INTO ethereum_tokens(address, decimals, protocol) VALUES("0x55282dA27a3a02ffe599f6D11314D239dAC89135", 18, "pickle_jar"); INSERT INTO assets(identifier, type, name, symbol, started, swapped_for, coingecko, cryptocompare, details_reference) VALUES("_ceth_0x55282dA27a3a02ffe599f6D11314D239dAC89135", "C", "pickling SushiSwap LP Token", "pSLP", 1608218377, NULL, "", "", "0x55282dA27a3a02ffe599f6D11314D239dAC89135");
*
INSERT INTO ethereum_tokens(address, decimals, protocol) VALUES("0x8c2D16B7F6D3F989eb4878EcF13D695A7d504E43", 18, "pickle_jar"); INSERT INTO assets(identifier, type, name, symbol, started, swapped_for, coingecko, cryptocompare, details_reference) VALUES("_ceth_0x8c2D16B7F6D3F989eb4878EcF13D695A7d504E43", "C", "pickling SushiSwap LP Token", "pSLP", 1608257267, NULL, "", "", "0x8c2D16B7F6D3F989eb4878EcF13D695A7d504E43");
*
INSERT INTO ethereum_tokens(address, decimals, protocol) VALUES("0xa7a37aE5Cb163a3147DE83F15e15D8E5f94D6bCE", 18, "pickle_jar"); INSERT INTO assets(identifier, type, name, symbol, started, swapped_for, coingecko, cryptocompare, details_reference) VALUES("_ceth_0xa7a37aE5Cb163a3147DE83F15e15D8E5f94D6bCE", "C", "pickling SushiSwap LP Token", "pSLP", 1608257382, NULL, "", "", "0xa7a37aE5Cb163a3147DE83F15e15D8E5f94D6bCE");
*
INSERT INTO ethereum_tokens(address, decimals, protocol) VALUES("0xde74b6c547bd574c3527316a2eE30cd8F6041525", 18, "pickle_jar"); INSERT INTO assets(identifier, type, name, symbol, started, swapped_for, coingecko, cryptocompare, details_reference) VALUES("_ceth_0xde74b6c547bd574c3527316a2eE30cd8F6041525", "C", "pickling SushiSwap LP Token", "pSLP", 1608258109, NULL, "", "", "0xde74b6c547bd574c3527316a2eE30cd8F6041525");
*
INSERT INTO ethereum_tokens(address, decimals, protocol) VALUES("0x3261D9408604CC8607b687980D40135aFA26FfED", 18, "pickle_jar"); INSERT INTO assets(identifier, type, name, symbol, started, swapped_for, coingecko, cryptocompare, details_reference) VALUES("_ceth_0x3261D9408604CC8607b687980D40135aFA26FfED", "C", "pickling SushiSwap LP Token", "pSLP", 1608316293, NULL, "", "", "0x3261D9408604CC8607b687980D40135aFA26FfED");
*
INSERT INTO ethereum_tokens(address, decimals, protocol) VALUES("0x4Cac56929B98d4C52dDfDF998329622013Fed2a5", 18, "pickle_jar"); INSERT INTO assets(identifier, type, name, symbol, started, swapped_for, coingecko, cryptocompare, details_reference) VALUES("_ceth_0x4Cac56929B98d4C52dDfDF998329622013Fed2a5", "C", "pickling Uniswap V2", "pUNI-V2", 1618605475, NULL, "", "", "0x4Cac56929B98d4C52dDfDF998329622013Fed2a5");
*
INSERT INTO ethereum_tokens(address, decimals, protocol) VALUES("0xC66583Dd4E25b3cfc8D881F6DbaD8288C7f5Fd30", 18, "pickle_jar"); INSERT INTO assets(identifier, type, name, symbol, started, swapped_for, coingecko, cryptocompare, details_reference) VALUES("_ceth_0xC66583Dd4E25b3cfc8D881F6DbaD8288C7f5Fd30", "C", "pickling SushiSwap LP Token", "pSLP", 1610147510, NULL, "", "", "0xC66583Dd4E25b3cfc8D881F6DbaD8288C7f5Fd30");
*
INSERT INTO ethereum_tokens(address, decimals, protocol) VALUES("0x0FAA189afE8aE97dE1d2F01E471297678842146d", 18, "pickle_jar"); INSERT INTO assets(identifier, type, name, symbol, started, swapped_for, coingecko, cryptocompare, details_reference) VALUES("_ceth_0x0FAA189afE8aE97dE1d2F01E471297678842146d", "C", "pickling SushiSwap LP Token", "pSLP", 1611684776, NULL, "", "", "0x0FAA189afE8aE97dE1d2F01E471297678842146d");
*
INSERT INTO ethereum_tokens(address, decimals, protocol) VALUES("0x5Eff6d166D66BacBC1BF52E2C54dD391AE6b1f48", 18, "pickle_jar"); INSERT INTO assets(identifier, type, name, symbol, started, swapped_for, coingecko, cryptocompare, details_reference) VALUES("_ceth_0x5Eff6d166D66BacBC1BF52E2C54dD391AE6b1f48", "C", "pickling SushiSwap LP Token", "pSLP", 1612639016, NULL, "", "", "0x5Eff6d166D66BacBC1BF52E2C54dD391AE6b1f48");
*
INSERT INTO ethereum_tokens(address, decimals, protocol) VALUES("0xcF45563514a24b10563aC0c9fECCd3476b00DF45", 18, "pickle_jar"); INSERT INTO assets(identifier, type, name, symbol, started, swapped_for, coingecko, cryptocompare, details_reference) VALUES("_ceth_0xcF45563514a24b10563aC0c9fECCd3476b00DF45", "C", "pickling Uniswap V2", "0", 1618606654, NULL, "", "", "0xcF45563514a24b10563aC0c9fECCd3476b00DF45");
*
INSERT INTO ethereum_tokens(address, decimals, protocol) VALUES("0x3Bcd97dCA7b1CED292687c97702725F37af01CaC", 18, "pickle_jar"); INSERT INTO assets(identifier, type, name, symbol, started, swapped_for, coingecko, cryptocompare, details_reference) VALUES("_ceth_0x3Bcd97dCA7b1CED292687c97702725F37af01CaC", "C", "pickling Uniswap V2", "pUNI-V2", 1613756570, NULL, "", "", "0x3Bcd97dCA7b1CED292687c97702725F37af01CaC");
*
INSERT INTO ethereum_tokens(address, decimals, protocol) VALUES("0xaFB2FE266c215B5aAe9c4a9DaDC325cC7a497230", 18, "pickle_jar"); INSERT INTO assets(identifier, type, name, symbol, started, swapped_for, coingecko, cryptocompare, details_reference) VALUES("_ceth_0xaFB2FE266c215B5aAe9c4a9DaDC325cC7a497230", "C", "pickling Uniswap V2", "pUNI-V2", 1615951358, NULL, "", "", "0xaFB2FE266c215B5aAe9c4a9DaDC325cC7a497230");
*
INSERT INTO ethereum_tokens(address, decimals, protocol) VALUES("0xF303B35D5bCb4d9ED20fB122F5E268211dEc0EBd", 18, "pickle_jar"); INSERT INTO assets(identifier, type, name, symbol, started, swapped_for, coingecko, cryptocompare, details_reference) VALUES("_ceth_0xF303B35D5bCb4d9ED20fB122F5E268211dEc0EBd", "C", "pickling Uniswap V2", "pUNI-V2", 1615975665, NULL, "", "", "0xF303B35D5bCb4d9ED20fB122F5E268211dEc0EBd");
*
INSERT INTO ethereum_tokens(address, decimals, protocol) VALUES("0x7C8de3eE2244207A54b57f45286c9eE1465fee9f", 18, "pickle_jar"); INSERT INTO assets(identifier, type, name, symbol, started, swapped_for, coingecko, cryptocompare, details_reference) VALUES("_ceth_0x7C8de3eE2244207A54b57f45286c9eE1465fee9f", "C", "pickling Uniswap V2", "pUNI-V2", 1615976367, NULL, "", "", "0x7C8de3eE2244207A54b57f45286c9eE1465fee9f");
*
INSERT INTO ethereum_tokens(address, decimals, protocol) VALUES("0x1ed1fD33b62bEa268e527A622108fe0eE0104C07", 18, "pickle_jar"); INSERT INTO assets(identifier, type, name, symbol, started, swapped_for, coingecko, cryptocompare, details_reference) VALUES("_ceth_0x1ed1fD33b62bEa268e527A622108fe0eE0104C07", "C", "pickling Uniswap V2", "pUNI-V2", 1615976742, NULL, "", "", "0x1ed1fD33b62bEa268e527A622108fe0eE0104C07");
*
INSERT INTO ethereum_tokens(address, decimals, protocol) VALUES("0x1CF137F651D8f0A4009deD168B442ea2E870323A", 18, "pickle_jar"); INSERT INTO assets(identifier, type, name, symbol, started, swapped_for, coingecko, cryptocompare, details_reference) VALUES("_ceth_0x1CF137F651D8f0A4009deD168B442ea2E870323A", "C", "pickling Uniswap V2", "pUNI-V2", 1615982410, NULL, "", "", "0x1CF137F651D8f0A4009deD168B442ea2E870323A");
*
INSERT INTO ethereum_tokens(address, decimals, protocol) VALUES("0xECb520217DccC712448338B0BB9b08Ce75AD61AE", 18, "pickle_jar"); INSERT INTO assets(identifier, type, name, symbol, started, swapped_for, coingecko, cryptocompare, details_reference) VALUES("_ceth_0xECb520217DccC712448338B0BB9b08Ce75AD61AE", "C", "pickling SushiSwap LP Token", "pSLP", 1616668282, NULL, "", "", "0xECb520217DccC712448338B0BB9b08Ce75AD61AE");
*
INSERT INTO ethereum_tokens(address, decimals, protocol) VALUES("0xC1513C1b0B359Bc5aCF7b772100061217838768B", 18, "pickle_jar"); INSERT INTO assets(identifier, type, name, symbol, started, swapped_for, coingecko, cryptocompare, details_reference) VALUES("_ceth_0xC1513C1b0B359Bc5aCF7b772100061217838768B", "C", "pickling Uniswap V2", "pUNI-V2", 1617700288, NULL, "", "", "0xC1513C1b0B359Bc5aCF7b772100061217838768B");
*
INSERT INTO ethereum_tokens(address, decimals, protocol) VALUES("0x927e3bCBD329e89A8765B52950861482f0B227c4", 18, "pickle_jar"); INSERT INTO assets(identifier, type, name, symbol, started, swapped_for, coingecko, cryptocompare, details_reference) VALUES("_ceth_0x927e3bCBD329e89A8765B52950861482f0B227c4", "C", "pickling Uniswap V2", "pUNI-V2", 1618619523, NULL, "", "", "0x927e3bCBD329e89A8765B52950861482f0B227c4");
*
INSERT INTO ethereum_tokens(address, decimals, protocol) VALUES("0x9eb0aAd5Bb943D3b2F7603Deb772faa35f60aDF9", 18, "pickle_jar"); INSERT INTO assets(identifier, type, name, symbol, started, swapped_for, coingecko, cryptocompare, details_reference) VALUES("_ceth_0x9eb0aAd5Bb943D3b2F7603Deb772faa35f60aDF9", "C", "pickling SushiSwap LP Token", "pSLP", 1619148398, NULL, "", "", "0x9eb0aAd5Bb943D3b2F7603Deb772faa35f60aDF9");
*
INSERT INTO ethereum_tokens(address, decimals, protocol) VALUES("0xCeD67a187b923F0E5ebcc77C7f2F7da20099e378", 18, "pickle_jar"); INSERT INTO assets(identifier, type, name, symbol, started, swapped_for, coingecko, cryptocompare, details_reference) VALUES("_ceth_0xCeD67a187b923F0E5ebcc77C7f2F7da20099e378", "C", "pickling SushiSwap LP Token", "pSLP", 1617974124, NULL, "", "", "0xCeD67a187b923F0E5ebcc77C7f2F7da20099e378");
*
INSERT INTO ethereum_tokens(address, decimals, protocol) VALUES("0xDCfAE44244B3fABb5b351b01Dc9f050E589cF24F", 18, "pickle_jar"); INSERT INTO assets(identifier, type, name, symbol, started, swapped_for, coingecko, cryptocompare, details_reference) VALUES("_ceth_0xDCfAE44244B3fABb5b351b01Dc9f050E589cF24F", "C", "pickling SushiSwap LP Token", "pSLP", 1623266739, NULL, "", "", "0xDCfAE44244B3fABb5b351b01Dc9f050E589cF24F");
*
INSERT INTO ethereum_tokens(address, decimals, protocol) VALUES("0x0989a227E7c50311f7De61e5e61F7c28Df8936f0", 18, "pickle_jar"); INSERT INTO assets(identifier, type, name, symbol, started, swapped_for, coingecko, cryptocompare, details_reference) VALUES("_ceth_0x0989a227E7c50311f7De61e5e61F7c28Df8936f0", "C", "pickling Uniswap V2", "pUNI-V2", 1631822890, NULL, "", "", "0x0989a227E7c50311f7De61e5e61F7c28Df8936f0");
*
INSERT INTO ethereum_tokens(address, decimals, protocol) VALUES("0xEB801AB73E9A2A482aA48CaCA13B1954028F4c94", 6, "pickle_jar"); INSERT INTO assets(identifier, type, name, symbol, started, swapped_for, coingecko, cryptocompare, details_reference) VALUES("_ceth_0xEB801AB73E9A2A482aA48CaCA13B1954028F4c94", "C", "pickling USD Coin", "pUSDC", 1620425186, NULL, "", "", "0xEB801AB73E9A2A482aA48CaCA13B1954028F4c94");
*
INSERT INTO ethereum_tokens(address, decimals, protocol) VALUES("0x4fFe73Cf2EEf5E8C8E0E10160bCe440a029166D2", 18, "pickle_jar"); INSERT INTO assets(identifier, type, name, symbol, started, swapped_for, coingecko, cryptocompare, details_reference) VALUES("_ceth_0x4fFe73Cf2EEf5E8C8E0E10160bCe440a029166D2", "C", "pickling Curve.fi Factory USD Metapool: Liquity", "pLUSD3CRV-f", 1620422355, NULL, "", "", "0x4fFe73Cf2EEf5E8C8E0E10160bCe440a029166D2");
*
INSERT INTO ethereum_tokens(address, decimals, protocol) VALUES("0x729C6248f9B1Ce62B3d5e31D4eE7EE95cAB32dfD", 18, "pickle_jar"); INSERT INTO assets(identifier, type, name, symbol, started, swapped_for, coingecko, cryptocompare, details_reference) VALUES("_ceth_0x729C6248f9B1Ce62B3d5e31D4eE7EE95cAB32dfD", "C", "pickling Curve.fi Factory USD Metapool: Frax", "pFRAX3CRV-f", 1625209472, NULL, "", "", "0x729C6248f9B1Ce62B3d5e31D4eE7EE95cAB32dfD");
*
INSERT INTO ethereum_tokens(address, decimals, protocol) VALUES("0x4E9806345fb39FFebd70A01f177A675805019ba8", 18, "pickle_jar"); INSERT INTO assets(identifier, type, name, symbol, started, swapped_for, coingecko, cryptocompare, details_reference) VALUES("_ceth_0x4E9806345fb39FFebd70A01f177A675805019ba8", "C", "pickling Curve.fi cyDAI/cyUSDC/cyUSDT", "pib3CRV", 1629200722, NULL, "", "", "0x4E9806345fb39FFebd70A01f177A675805019ba8");
*
INSERT INTO ethereum_tokens(address, decimals, protocol) VALUES("0x1Bf62aCb8603Ef7F3A0DFAF79b25202fe1FAEE06", 18, "pickle_jar"); INSERT INTO assets(identifier, type, name, symbol, started, swapped_for, coingecko, cryptocompare, details_reference) VALUES("_ceth_0x1Bf62aCb8603Ef7F3A0DFAF79b25202fe1FAEE06", "C", "pickling Curve.fi Factory USD Metapool: Magic Inte...", "pMIM-3LP3CRV-f", 1626969516, NULL, "", "", "0x1Bf62aCb8603Ef7F3A0DFAF79b25202fe1FAEE06");
*
INSERT INTO ethereum_tokens(address, decimals, protocol) VALUES("0xeb8174F94FDAcCB099422d9A816B8E17d5e393E3", 18, "pickle_jar"); INSERT INTO assets(identifier, type, name, symbol, started, swapped_for, coingecko, cryptocompare, details_reference) VALUES("_ceth_0xeb8174F94FDAcCB099422d9A816B8E17d5e393E3", "C", "pickling Uniswap V2", "pUNI-V2", 1628004374, NULL, "", "", "0xeb8174F94FDAcCB099422d9A816B8E17d5e393E3");
*
INSERT INTO ethereum_tokens(address, decimals, protocol) VALUES("0xF1478A8387C449c55708a3ec11c143c35daf5E74", 18, "pickle_jar"); INSERT INTO assets(identifier, type, name, symbol, started, swapped_for, coingecko, cryptocompare, details_reference) VALUES("_ceth_0xF1478A8387C449c55708a3ec11c143c35daf5E74", "C", "pickling Curve.fi Factory Plain Pool: cvxCRV", "pcvxcrv-f", 1633633543, NULL, "", "", "0xF1478A8387C449c55708a3ec11c143c35daf5E74");
*
INSERT INTO ethereum_tokens(address, decimals, protocol) VALUES("0xB245280Fd1795f5068DEf8E8f32DB7846b030b2B", 18, "pickle_jar"); INSERT INTO assets(identifier, type, name, symbol, started, swapped_for, coingecko, cryptocompare, details_reference) VALUES("_ceth_0xB245280Fd1795f5068DEf8E8f32DB7846b030b2B", "C", "pickling Convex CRV", "pcvxCRV", 1634076523, NULL, "", "", "0xB245280Fd1795f5068DEf8E8f32DB7846b030b2B");
*
INSERT INTO ethereum_tokens(address, decimals, protocol) VALUES("0x1d92e1702D7054f74eAC3a9569AeB87FC93e101D", 18, "pickle_jar"); INSERT INTO assets(identifier, type, name, symbol, started, swapped_for, coingecko, cryptocompare, details_reference) VALUES("_ceth_0x1d92e1702D7054f74eAC3a9569AeB87FC93e101D", "C", "pickling SushiSwap LP Token", "pSLP", 1628210804, NULL, "", "", "0x1d92e1702D7054f74eAC3a9569AeB87FC93e101D");
*
INSERT INTO ethereum_tokens(address, decimals, protocol) VALUES("0xBc57294Fc20bD23983dB598fa6B3f306aA1a414f", 18, "pickle_jar"); INSERT INTO assets(identifier, type, name, symbol, started, swapped_for, coingecko, cryptocompare, details_reference) VALUES("_ceth_0xBc57294Fc20bD23983dB598fa6B3f306aA1a414f", "C", "pickling SushiSwap LP Token", "pSLP", 1641791985, NULL, "", "", "0xBc57294Fc20bD23983dB598fa6B3f306aA1a414f");
*
INSERT INTO ethereum_tokens(address, decimals, protocol) VALUES("0x69CC22B240bdcDf4A33c7B3D04a660D4cF714370", 18, "pickle_jar"); INSERT INTO assets(identifier, type, name, symbol, started, swapped_for, coingecko, cryptocompare, details_reference) VALUES("_ceth_0x69CC22B240bdcDf4A33c7B3D04a660D4cF714370", "C", "pickling Uniswap V2", "pUNI-V2", 1641977334, NULL, "", "", "0x69CC22B240bdcDf4A33c7B3D04a660D4cF714370");
*
INSERT INTO assets(identifier, type, name, symbol, started, swapped_for, coingecko, cryptocompare, details_reference) VALUES("SAMO", "Y", "Samoyedcoin", "SAMO", 1651111200, NULL, "samoyedcoin", "SAMO", "SAMO"); INSERT INTO common_asset_details(asset_id, forked) VALUES("SAMO", NULL);
*
INSERT INTO ethereum_tokens(address, decimals, protocol) VALUES("0xB0c7a3Ba49C7a6EaBa6cD4a96C55a1391070Ac9A", 18, NULL); INSERT INTO assets(identifier, type, name, symbol, started, swapped_for, coingecko, cryptocompare, details_reference) VALUES("_ceth_0xB0c7a3Ba49C7a6EaBa6cD4a96C55a1391070Ac9A", "C", "MAGIC", "MAGIC", 1630989984, NULL, "magic", "MAGIC", "0xB0c7a3Ba49C7a6EaBa6cD4a96C55a1391070Ac9A");
*
INSERT INTO assets(identifier, type, name, symbol, started, swapped_for, coingecko, cryptocompare, details_reference) VALUES("GEIST", "W", "Geist Finance", "GEIST", 1633483847, NULL, "geist-finance", "", "GEIST"); INSERT INTO common_asset_details(asset_id, forked) VALUES("GEIST", NULL);
*
INSERT INTO assets(identifier, type, name, symbol, started, swapped_for, coingecko, cryptocompare, details_reference) VALUES("FRA", "B", "Findora", "FRA", 1618018247, NULL, "findora", "FRA", "FRA"); INSERT INTO common_asset_details(asset_id, forked) VALUES("FRA", NULL);
*
INSERT INTO assets(identifier, type, name, symbol, started, swapped_for, coingecko, cryptocompare, details_reference) VALUES("PLATO", "S", "Plato Game", "PLATO", 1647505158, NULL, "plato-game", "", "PLATO"); INSERT INTO common_asset_details(asset_id, forked) VALUES("PLATO", NULL);
*
INSERT INTO assets(identifier, type, name, symbol, started, swapped_for, coingecko, cryptocompare, details_reference) VALUES("ZBC", "Y", "Zebec Protocol", "ZBC", 1647428607, NULL, "zebec-protocol", "", "ZBC"); INSERT INTO common_asset_details(asset_id, forked) VALUES("ZBC", NULL);
*
INSERT INTO assets(identifier, type, name, symbol, started, swapped_for, coingecko, cryptocompare, details_reference) VALUES("VISION", "Y", "VisionGame", "VISION", 1649937827, NULL, "visiongame", "VISION", "VISION"); INSERT INTO common_asset_details(asset_id, forked) VALUES("VISION", NULL);
*
INSERT INTO assets(identifier, type, name, symbol, started, swapped_for, coingecko, cryptocompare, details_reference) VALUES("ARN", "B", "Arenum", "ARN", 1649765535, NULL, "arenum", "", "ARN"); INSERT INTO common_asset_details(asset_id, forked) VALUES("ARN", NULL);
*
INSERT INTO assets(identifier, type, name, symbol, started, swapped_for, coingecko, cryptocompare, details_reference) VALUES("SLCL", "Y", "Solcial", "SLCL", 1648224182, NULL, "solcial", "", "SLCL"); INSERT INTO common_asset_details(asset_id, forked) VALUES("SLCL", NULL);
*
INSERT INTO assets(identifier, type, name, symbol, started, swapped_for, coingecko, cryptocompare, details_reference) VALUES("TAUM", "S", "Orbitau Taureum", "TAUM", 1645071758, NULL, "orbitau-taureum", "", "TAUM"); INSERT INTO common_asset_details(asset_id, forked) VALUES("TAUM", NULL);
*
INSERT INTO assets(identifier, type, name, symbol, started, swapped_for, coingecko, cryptocompare, details_reference) VALUES("XWG", "S", "XWG", "XWG", 1615228942, NULL, "x-world-games", "XWG", "XWG"); INSERT INTO common_asset_details(asset_id, forked) VALUES("XWG", NULL);
*
INSERT INTO ethereum_tokens(address, decimals, protocol) VALUES("0xCdF7028ceAB81fA0C6971208e83fa7872994beE5", 18, NULL); INSERT INTO assets(identifier, type, name, symbol, started, swapped_for, coingecko, cryptocompare, details_reference) VALUES("_ceth_0xCdF7028ceAB81fA0C6971208e83fa7872994beE5", "C", "Threshold Network Token", "T", 1640944196, NULL, "threshold-network-token", "T", "0xCdF7028ceAB81fA0C6971208e83fa7872994beE5");
*
INSERT INTO ethereum_tokens(address, decimals, protocol) VALUES("0x23894DC9da6c94ECb439911cAF7d337746575A72", 18, NULL); INSERT INTO assets(identifier, type, name, symbol, started, swapped_for, coingecko, cryptocompare, details_reference) VALUES("_ceth_0x23894DC9da6c94ECb439911cAF7d337746575A72", "C", "Geojam", "JAM", 1638298391, NULL, "geojam", "", "0x23894DC9da6c94ECb439911cAF7d337746575A72");
*
INSERT INTO assets(identifier, type, name, symbol, started, swapped_for, coingecko, cryptocompare, details_reference) VALUES("HAWK", "Y", "Hawksight", "HAWK", 1650546182, NULL, "hawksight", "", "HAWK"); INSERT INTO common_asset_details(asset_id, forked) VALUES("HAWK", NULL);
*
INSERT INTO assets(identifier, type, name, symbol, started, swapped_for, coingecko, cryptocompare, details_reference) VALUES("MV", "W", "Metaverse", "MV", 1639119932, NULL, "gensokishis-metaverse", "", "MV"); INSERT INTO common_asset_details(asset_id, forked) VALUES("MV", NULL);
*
INSERT INTO assets(identifier, type, name, symbol, started, swapped_for, coingecko, cryptocompare, details_reference) VALUES("UPO", "W", "UpOnly Token", "UPO", 1638198104, NULL, "uponly-token", "UPO", "UPO"); INSERT INTO common_asset_details(asset_id, forked) VALUES("UPO", NULL);
*
INSERT INTO ethereum_tokens(address, decimals, protocol) VALUES("0xA4EED63db85311E22dF4473f87CcfC3DaDCFA3E3", 18, NULL); INSERT INTO assets(identifier, type, name, symbol, started, swapped_for, coingecko, cryptocompare, details_reference) VALUES("_ceth_0xA4EED63db85311E22dF4473f87CcfC3DaDCFA3E3", "C", "Rubic", "RBC", 1600690942, NULL, "rubic", "RBC", "0xA4EED63db85311E22dF4473f87CcfC3DaDCFA3E3");
*
INSERT INTO ethereum_tokens(address, decimals, protocol) VALUES("0x3a4f40631a4f906c2BaD353Ed06De7A5D3fCb430", 18, NULL); INSERT INTO assets(identifier, type, name, symbol, started, swapped_for, coingecko, cryptocompare, details_reference) VALUES("_ceth_0x3a4f40631a4f906c2BaD353Ed06De7A5D3fCb430", "C", "PlayDapp Token", "PLA", 1587548415, NULL, "playdapp", "PLA", "0x3a4f40631a4f906c2BaD353Ed06De7A5D3fCb430");
*
INSERT INTO ethereum_tokens(address, decimals, protocol) VALUES("0xC4f6E93AEDdc11dc22268488465bAbcAF09399aC", 18, NULL); INSERT INTO assets(identifier, type, name, symbol, started, swapped_for, coingecko, cryptocompare, details_reference) VALUES("_ceth_0xC4f6E93AEDdc11dc22268488465bAbcAF09399aC", "C", "hi Dollar", "HI", 1627732774, NULL, "hi-dollar", "HI", "0xC4f6E93AEDdc11dc22268488465bAbcAF09399aC");
*
INSERT INTO ethereum_tokens(address, decimals, protocol) VALUES("0xf4F618Eff5eF36Cde2FCa4FBD86554c62Fb1382B", 18, NULL); INSERT INTO assets(identifier, type, name, symbol, started, swapped_for, coingecko, cryptocompare, details_reference) VALUES("_ceth_0xf4F618Eff5eF36Cde2FCa4FBD86554c62Fb1382B", "C", "Astra Guild Ventures Token", "AGV", 1636539247, NULL, "astra-guild-ventures", "AGV", "0xf4F618Eff5eF36Cde2FCa4FBD86554c62Fb1382B");
*
INSERT INTO ethereum_tokens(address, decimals, protocol) VALUES("0x2162f572B25f7358db9376AB58a947a4e45CeDE1", 18, NULL); INSERT INTO assets(identifier, type, name, symbol, started, swapped_for, coingecko, cryptocompare, details_reference) VALUES("_ceth_0x2162f572B25f7358db9376AB58a947a4e45CeDE1", "C", "LABEL", "LBL", 1595599633, NULL, "label-foundation", "", "0x2162f572B25f7358db9376AB58a947a4e45CeDE1");
*
INSERT INTO ethereum_tokens(address, decimals, protocol) VALUES("0xaE697F994Fc5eBC000F8e22EbFfeE04612f98A0d", 18, NULL); INSERT INTO assets(identifier, type, name, symbol, started, swapped_for, coingecko, cryptocompare, details_reference) VALUES("_ceth_0xaE697F994Fc5eBC000F8e22EbFfeE04612f98A0d", "C", "LGCY Network", "LGCY", 1596096144, NULL, "lgcy-network", "LGCY", "0xaE697F994Fc5eBC000F8e22EbFfeE04612f98A0d");
*
INSERT INTO ethereum_tokens(address, decimals, protocol) VALUES("0xC62DEF1701309bb76e6B39B6ab8B5fAC910A3C87", 18, NULL); INSERT INTO assets(identifier, type, name, symbol, started, swapped_for, coingecko, cryptocompare, details_reference) VALUES("_ceth_0xC62DEF1701309bb76e6B39B6ab8B5fAC910A3C87", "C", "MetaRare", "MTRA", 1639984145, NULL, "metarare", "", "0xC62DEF1701309bb76e6B39B6ab8B5fAC910A3C87");
*
INSERT INTO ethereum_tokens(address, decimals, protocol) VALUES("0x394A16744Dcd805BB0cA7252e70691f0dcAc56AA", 18, NULL); INSERT INTO assets(identifier, type, name, symbol, started, swapped_for, coingecko, cryptocompare, details_reference) VALUES("_ceth_0x394A16744Dcd805BB0cA7252e70691f0dcAc56AA", "C", "Trazable", "TRZ", 1636533736, NULL, "trazable", "", "0x394A16744Dcd805BB0cA7252e70691f0dcAc56AA");
*
INSERT INTO assets(identifier, type, name, symbol, started, swapped_for, coingecko, cryptocompare, details_reference) VALUES("WSB", "S", "WSB Token", "WSB", 1616201602, NULL, "wall-street-bets-dapp", "WSB", "WSB"); INSERT INTO common_asset_details(asset_id, forked) VALUES("WSB", NULL);
*
INSERT INTO ethereum_tokens(address, decimals, protocol) VALUES("0x010D14d36C3eA6570D240ae3ac9d660398f7C48e", 18, NULL); INSERT INTO assets(identifier, type, name, symbol, started, swapped_for, coingecko, cryptocompare, details_reference) VALUES("_ceth_0x010D14d36C3eA6570D240ae3ac9d660398f7C48e", "C", "Cenfura Token", "XCF", 1566931097, NULL, "xcf-token", "XCF", "0x010D14d36C3eA6570D240ae3ac9d660398f7C48e");
*
INSERT INTO assets(identifier, type, name, symbol, started, swapped_for, coingecko, cryptocompare, details_reference) VALUES("AKTIO", "B", "Aktio", "AKTIO", 1649937718, NULL, "aktio", "AKTIO", "AKTIO"); INSERT INTO common_asset_details(asset_id, forked) VALUES("AKTIO", NULL);
*
INSERT INTO assets(identifier, type, name, symbol, started, swapped_for, coingecko, cryptocompare, details_reference) VALUES("DVK", "P", "Devikins", "DVK", 1649427466, NULL, "devikins", "", "DVK"); INSERT INTO common_asset_details(asset_id, forked) VALUES("DVK", NULL);
*
INSERT INTO assets(identifier, type, name, symbol, started, swapped_for, coingecko, cryptocompare, details_reference) VALUES("MINE", "B", "SpaceMine", "MINE", 1649923386, NULL, "spacemine", "", "MINE"); INSERT INTO common_asset_details(asset_id, forked) VALUES("MINE", NULL);
*
INSERT INTO assets(identifier, type, name, symbol, started, swapped_for, coingecko, cryptocompare, details_reference) VALUES("MTSP", "B", "Metasphere", "MTSP", 1649476807, NULL, "metasphere", "", "MTSP"); INSERT INTO common_asset_details(asset_id, forked) VALUES("MTSP", NULL);
*
INSERT INTO assets(identifier, type, name, symbol, started, swapped_for, coingecko, cryptocompare, details_reference) VALUES("POPK", "B", "POPKON", "POPK", 1649484203, NULL, "popkon", "", "POPK"); INSERT INTO common_asset_details(asset_id, forked) VALUES("POPK", NULL);
*
INSERT INTO assets(identifier, type, name, symbol, started, swapped_for, coingecko, cryptocompare, details_reference) VALUES("WEMIX", "B", "WEMIX Token", "WEMIX", 1604192400, NULL, "wemix-token", "WEMIX", "WEMIX"); INSERT INTO common_asset_details(asset_id, forked) VALUES("WEMIX", NULL);
*
UPDATE assets SET cryptocompare="PPAY" WHERE identifier="_ceth_0x054D64b73d3D8A21Af3D764eFd76bCaA774f3Bb2";
INSERT INTO ethereum_tokens(address, decimals, protocol) VALUES("0x054D64b73d3D8A21Af3D764eFd76bCaA774f3Bb2", 18, NULL); INSERT INTO assets(identifier, type, name, symbol,started, swapped_for, coingecko, cryptocompare, details_reference) VALUES("_ceth_0x054D64b73d3D8A21Af3D764eFd76bCaA774f3Bb2", "C", "Plasma Finance", "PPAY", 1604406754, NULL, "plasma-finance", "PPAY", "0x054D64b73d3D8A21Af3D764eFd76bCaA774f3Bb2");
UPDATE assets SET cryptocompare="VEMP" WHERE identifier="_ceth_0xcFEB09C3c5F0f78aD72166D55f9e6E9A60e96eEC";
INSERT INTO ethereum_tokens(address, decimals, protocol) VALUES("0xcFEB09C3c5F0f78aD72166D55f9e6E9A60e96eEC", 18, NULL); INSERT INTO assets(identifier, type, name, symbol, started, swapped_for, coingecko, cryptocompare, details_reference) VALUES("_ceth_0xcFEB09C3c5F0f78aD72166D55f9e6E9A60e96eEC", "C", "vEmpire Gamer Token", "VEMP", 1626442971, NULL, "vempire-ddao", "VEMP", "0xcFEB09C3c5F0f78aD72166D55f9e6E9A60e96eEC");
UPDATE assets SET cryptocompare="PKR" WHERE identifier="_ceth_0x001A8Ffcb0f03e99141652eBCdecDb0384E3bd6c";
INSERT INTO ethereum_tokens(address, decimals, protocol) VALUES("0x001A8Ffcb0f03e99141652eBCdecDb0384E3bd6c", 18, NULL); INSERT INTO assets(identifier, type, name, symbol, started, swapped_for, coingecko, cryptocompare, details_reference) VALUES("_ceth_0x001A8Ffcb0f03e99141652eBCdecDb0384E3bd6c", "C", "POLKER", "PKR", 1619840587, NULL, "polker", "PKR", "0x001A8Ffcb0f03e99141652eBCdecDb0384E3bd6c");
UPDATE assets SET cryptocompare="ROCO" WHERE identifier="ROCO";
INSERT INTO assets(identifier, type, name, symbol, started, swapped_for, coingecko, cryptocompare, details_reference) VALUES("ROCO", "X", "Roco Finance", "ROCO", 1634594148, NULL, "roco-finance", "ROCO", "ROCO"); INSERT INTO common_asset_details(asset_id, forked) VALUES("ROCO", NULL);
INSERT INTO ethereum_tokens(address, decimals, protocol) VALUES("0xFEEf77d3f69374f66429C91d732A244f074bdf74", 18, NULL); INSERT INTO assets(identifier, type, name, symbol, started, swapped_for, coingecko, cryptocompare, details_reference) VALUES("_ceth_0xFEEf77d3f69374f66429C91d732A244f074bdf74", "C", "Convex FXS", "cvxFXS", 1640164144, NULL, "", "", "0xFEEf77d3f69374f66429C91d732A244f074bdf74");
*
INSERT INTO ethereum_tokens(address, decimals, protocol) VALUES("0xEdB67Ee1B171c4eC66E6c10EC43EDBbA20FaE8e9", 18, NULL); INSERT INTO assets(identifier, type, name, symbol, started, swapped_for, coingecko, cryptocompare, details_reference) VALUES("_ceth_0xEdB67Ee1B171c4eC66E6c10EC43EDBbA20FaE8e9", "C", "Redeemable Keep3r", "rKP3R", 1631434538, NULL, "", "", "0xEdB67Ee1B171c4eC66E6c10EC43EDBbA20FaE8e9");
*
INSERT INTO ethereum_tokens(address, decimals, protocol) VALUES("0xF4Dc48D260C93ad6a96c5Ce563E70CA578987c74", 18, NULL); INSERT INTO assets(identifier, type, name, symbol, started, swapped_for, coingecko, cryptocompare, details_reference) VALUES("_ceth_0xF4Dc48D260C93ad6a96c5Ce563E70CA578987c74", "C", "Babylon.Finance", "BABL", 1626729598, NULL, "babylon-finance", "", "0xF4Dc48D260C93ad6a96c5Ce563E70CA578987c74");
*
INSERT INTO ethereum_tokens(address, decimals, protocol) VALUES("0x48Fb253446873234F2fEBbF9BdeAA72d9d387f94", 18, NULL); INSERT INTO assets(identifier, type, name, symbol, started, swapped_for, coingecko, cryptocompare, details_reference) VALUES("_ceth_0x48Fb253446873234F2fEBbF9BdeAA72d9d387f94", "C", "Bancor Governance Token", "vBNT", 1602490567, NULL, "bancor-governance-token", "", "0x48Fb253446873234F2fEBbF9BdeAA72d9d387f94");
*
INSERT INTO ethereum_tokens(address, decimals, protocol) VALUES("0x92E187a03B6CD19CB6AF293ba17F2745Fd2357D5", 18, NULL); INSERT INTO assets(identifier, type, name, symbol, started, swapped_for, coingecko, cryptocompare, details_reference) VALUES("_ceth_0x92E187a03B6CD19CB6AF293ba17F2745Fd2357D5", "C", "Unit Protocol", "DUCK", 1607861153, NULL, "unit-protocol-duck", "DUCK", "0x92E187a03B6CD19CB6AF293ba17F2745Fd2357D5");
*
UPDATE assets SET cryptocompare="PPAY" WHERE identifier="_ceth_0x27702a26126e0B3702af63Ee09aC4d1A084EF628";
INSERT INTO ethereum_tokens(address, decimals, protocol) VALUES("0x27702a26126e0B3702af63Ee09aC4d1A084EF628", 18, NULL); INSERT INTO assets(identifier, type, name, symbol, started, swapped_for, coingecko, cryptocompare, details_reference) VALUES("_ceth_0x27702a26126e0B3702af63Ee09aC4d1A084EF628", "C", "aleph.im v2", "ALEPH", 1601134720, NULL, "aleph", "ALEPH", "0x27702a26126e0B3702af63Ee09aC4d1A084EF628");
INSERT INTO ethereum_tokens(address, decimals, protocol) VALUES("0xC0134b5B924c2FCA106eFB33C45446c466FBe03e", 18, NULL); INSERT INTO assets(identifier, type, name, symbol, started, swapped_for, coingecko, cryptocompare, details_reference) VALUES("_ceth_0xC0134b5B924c2FCA106eFB33C45446c466FBe03e", "C", "aleph.im", "ALEPH", 1591624334, NULL, "aleph", "ALEPH", "0xC0134b5B924c2FCA106eFB33C45446c466FBe03e");
*
INSERT INTO ethereum_tokens(address, decimals, protocol) VALUES("0x2FC52C61fB0C03489649311989CE2689D93dC1a2", 18, NULL); INSERT INTO assets(identifier, type, name, symbol, started, swapped_for, coingecko, cryptocompare, details_reference) VALUES("_ceth_0x2FC52C61fB0C03489649311989CE2689D93dC1a2", "C", "vKP3R", "vKP3R", 1630236708, NULL, "", "", "0x2FC52C61fB0C03489649311989CE2689D93dC1a2");
*
INSERT INTO ethereum_tokens(address, decimals, protocol) VALUES("0x314022E24ceD941781DC295682634B37Bd0d9cFc", 18, NULL); INSERT INTO assets(identifier, type, name, symbol, started, swapped_for, coingecko, cryptocompare, details_reference) VALUES("_ceth_0x314022E24ceD941781DC295682634B37Bd0d9cFc", "C", "xXTK-Mgmt", "xXTKa", 1626188933, NULL, "", "", "0x314022E24ceD941781DC295682634B37Bd0d9cFc");
*
INSERT INTO ethereum_tokens(address, decimals, protocol) VALUES("0x5c6D51ecBA4D8E4F20373e3ce96a62342B125D6d", 18, NULL); INSERT INTO assets(identifier, type, name, symbol, started, swapped_for, coingecko, cryptocompare, details_reference) VALUES("_ceth_0x5c6D51ecBA4D8E4F20373e3ce96a62342B125D6d", "C", "Element Finance", "ELFI", 1642012745, NULL, "element-finance", "", "0x5c6D51ecBA4D8E4F20373e3ce96a62342B125D6d");
*
INSERT INTO ethereum_tokens(address, decimals, protocol) VALUES("0xE83D5FB2c60B3A2597452e248CF7b2f52a7E731e", 18, NULL); INSERT INTO assets(identifier, type, name, symbol, started, swapped_for, coingecko, cryptocompare, details_reference) VALUES("_ceth_0xE83D5FB2c60B3A2597452e248CF7b2f52a7E731e", "C", "ARTIC", "ARTIC", 1645785249, NULL, "artic-foundation", "", "0xE83D5FB2c60B3A2597452e248CF7b2f52a7E731e");
*
INSERT INTO assets(identifier, type, name, symbol, started, swapped_for, coingecko, cryptocompare, details_reference) VALUES("ITAMCUBE", "S", "ITAM Cube", "ITAMCUBE", 1641554147, NULL, "cube", "", "ITAMCUBE"); INSERT INTO common_asset_details(asset_id, forked) VALUES("ITAMCUBE", NULL);
*
INSERT INTO ethereum_tokens(address, decimals, protocol) VALUES("0xAaAAAA20D9E0e2461697782ef11675f668207961", 18, NULL); INSERT INTO assets(identifier, type, name, symbol, started, swapped_for, coingecko, cryptocompare, details_reference) VALUES("_ceth_0xAaAAAA20D9E0e2461697782ef11675f668207961", "C", "Aurora", "AURORA", 1633603227, NULL, "aurora-near", "AURORA", "0xAaAAAA20D9E0e2461697782ef11675f668207961");
*
INSERT INTO assets(identifier, type, name, symbol, started, swapped_for, coingecko, cryptocompare, details_reference) VALUES("POSI", "S", "Position Token", "POSI", 1627372225, NULL, "position-token", "POSI ", "POSI"); INSERT INTO common_asset_details(asset_id, forked) VALUES("POSI", NULL);
*
INSERT INTO assets(identifier, type, name, symbol, started, swapped_for, coingecko, cryptocompare, details_reference) VALUES("SIN", "S", "SinCity Token", "SIN", 1634212193, NULL, "sin-city", "", "SIN"); INSERT INTO common_asset_details(asset_id, forked) VALUES("SIN", NULL);
*
INSERT INTO ethereum_tokens(address, decimals, protocol) VALUES("0xDaF88906aC1DE12bA2b1D2f7bfC94E9638Ac40c4", 18, NULL); INSERT INTO assets(identifier, type, name, symbol, started, swapped_for, coingecko, cryptocompare, details_reference) VALUES("_ceth_0xDaF88906aC1DE12bA2b1D2f7bfC94E9638Ac40c4", "C", "EpiK Protocol", "ERC20-EPK", 1598547670, NULL, "epik-protocol", "EPK", "0xDaF88906aC1DE12bA2b1D2f7bfC94E9638Ac40c4");
*
INSERT INTO ethereum_tokens(address, decimals, protocol) VALUES("0xC775C0C30840Cb9F51e21061B054ebf1A00aCC29", 5, NULL); INSERT INTO assets(identifier, type, name, symbol, started, swapped_for, coingecko, cryptocompare, details_reference) VALUES("_ceth_0xC775C0C30840Cb9F51e21061B054ebf1A00aCC29", "C", "Wrapped PSL", "WPSL", 1618462670, NULL, "pastel", "", "0xC775C0C30840Cb9F51e21061B054ebf1A00aCC29");
*
INSERT INTO ethereum_tokens(address, decimals, protocol) VALUES("0x21BfBDa47A0B4B5b1248c767Ee49F7caA9B23697", 18, NULL); INSERT INTO assets(identifier, type, name, symbol, started, swapped_for, coingecko, cryptocompare, details_reference) VALUES("_ceth_0x21BfBDa47A0B4B5b1248c767Ee49F7caA9B23697", "C", "OVR", "OVR", 1606687578, NULL, "ovr", "OVR", "0x21BfBDa47A0B4B5b1248c767Ee49F7caA9B23697");
*
INSERT INTO ethereum_tokens(address, decimals, protocol) VALUES("0x8B39B70E39Aa811b69365398e0aACe9bee238AEb", 18, NULL); INSERT INTO assets(identifier, type, name, symbol, started, swapped_for, coingecko, cryptocompare, details_reference) VALUES("_ceth_0x8B39B70E39Aa811b69365398e0aACe9bee238AEb", "C", "PolkaFoundry", "PKF", 1614409707, NULL, "polkafoundry", "PKF", "0x8B39B70E39Aa811b69365398e0aACe9bee238AEb");
*
INSERT INTO ethereum_tokens(address, decimals, protocol) VALUES("0x4b520c812E8430659FC9f12f6d0c39026C83588D", 18, NULL); INSERT INTO assets(identifier, type, name, symbol, started, swapped_for, coingecko, cryptocompare, details_reference) VALUES("_ceth_0x4b520c812E8430659FC9f12f6d0c39026C83588D", "C", "Decentral Games", "DG", 1637256026, NULL, "decentral-games", "DG", "0x4b520c812E8430659FC9f12f6d0c39026C83588D");
*
INSERT INTO assets(identifier, type, name, symbol, started, swapped_for, coingecko, cryptocompare, details_reference) VALUES("BRISE", "S", "Bitrise Token", "BRISE", 1625562455, NULL, "bitrise-token", "BRISE", "BRISE"); INSERT INTO common_asset_details(asset_id, forked) VALUES("BRISE", NULL);
*
INSERT INTO ethereum_tokens(address, decimals, protocol) VALUES("0xf3b9569F82B18aEf890De263B84189bd33EBe452", 18, NULL); INSERT INTO assets(identifier, type, name, symbol, started, swapped_for, coingecko, cryptocompare, details_reference) VALUES("_ceth_0xf3b9569F82B18aEf890De263B84189bd33EBe452", "C", "A Hunters Dream", "CAW", 1649911294, NULL, "a-hunters-dream", "CAW", "0xf3b9569F82B18aEf890De263B84189bd33EBe452");
*
INSERT INTO assets(identifier, type, name, symbol, started, swapped_for, coingecko, cryptocompare, details_reference) VALUES("GMT", "Y", "STEPN", "GMT", 1646834530, NULL, "stepn", "GMT", "GMT"); INSERT INTO common_asset_details(asset_id, forked) VALUES("GMT", NULL);
*
INSERT INTO assets(identifier, type, name, symbol, started, swapped_for, coingecko, cryptocompare, details_reference) VALUES("CFG", "B", "Centrifuge", "CFG", 1616896800, NULL, "centrifuge", "CFG", "CFG"); INSERT INTO common_asset_details(asset_id, forked) VALUES("CFG", NULL);
*
INSERT INTO assets(identifier, type, name, symbol, started, swapped_for, coingecko, cryptocompare, details_reference) VALUES("GST-2", "Y", "Green Satoshi Token", "GST", 1640048400, NULL, "green-satoshi-token", "", "GST"); INSERT INTO common_asset_details(asset_id, forked) VALUES("GST-2", NULL);
*
INSERT INTO assets(identifier, type, name, symbol, started, swapped_for, coingecko, cryptocompare, details_reference) VALUES("PLD", "Y", "Plutonian DAO", "PLD", 1651325061, NULL, "plutonian-dao", "", "PLD"); INSERT INTO common_asset_details(asset_id, forked) VALUES("PLD", NULL);
*
INSERT INTO assets(identifier, type, name, symbol, started, swapped_for, coingecko, cryptocompare, details_reference) VALUES("COOHA", "W", "CoolMining", "COOHA", 1651325061, NULL, "coolmining", "", "COOHA"); INSERT INTO common_asset_details(asset_id, forked) VALUES("COOHA", NULL);
*
INSERT INTO ethereum_tokens(address, decimals, protocol) VALUES("0xc2544A32872A91F4A553b404C6950e89De901fdb", 18, NULL); INSERT INTO assets(identifier, type, name, symbol, started, swapped_for, coingecko, cryptocompare, details_reference) VALUES("_ceth_0xc2544A32872A91F4A553b404C6950e89De901fdb", "C", "Frax Price Index Share", "FPIS", 1648578483, NULL, "frax-price-index-share", "", "0xc2544A32872A91F4A553b404C6950e89De901fdb");
*
INSERT INTO assets(identifier, type, name, symbol, started, swapped_for, coingecko, cryptocompare, details_reference) VALUES("PLN", "A", "Polish Zloty", "PLN", NULL, NULL, NULL, "", "PLN"); INSERT INTO common_asset_details(asset_id, forked) VALUES("PLN", NULL);
*
INSERT INTO assets(identifier, type, name, symbol, started, swapped_for, coingecko, cryptocompare, details_reference) VALUES("AUSD", "S", "Alpaca USD", "AUSD", 1638423984, NULL, "alpaca-usd", "", "AUSD"); INSERT INTO common_asset_details(asset_id, forked) VALUES("AUSD", NULL);
*
INSERT INTO assets(identifier, type, name, symbol, started, swapped_for, coingecko, cryptocompare, details_reference) VALUES("FITFI", "X", "STEP.APP", "FITFI", 1649709154, NULL, "step-app-fitfi", "", "FITFI"); INSERT INTO common_asset_details(asset_id, forked) VALUES("FITFI", NULL);
*
INSERT INTO assets(identifier, type, name, symbol, started, swapped_for, coingecko, cryptocompare, details_reference) VALUES("H2O", "S", "H2O DAO", "H2O", 1646014832, NULL, "h2o-dao", "H2O", "H2O"); INSERT INTO common_asset_details(asset_id, forked) VALUES("H2O", NULL);
*
INSERT INTO assets(identifier, type, name, symbol, started, swapped_for, coingecko, cryptocompare, details_reference) VALUES("GMM", "S", "Gamium", "GMM", 1648437422, NULL, "gamium", "", "GMM"); INSERT INTO common_asset_details(asset_id, forked) VALUES("GMM", NULL);
*
INSERT INTO assets(identifier, type, name, symbol, started, swapped_for, coingecko, cryptocompare, details_reference) VALUES("REI", "B", "REI Network", "REI", 1650971081, NULL, "rei-network", "", "REI"); INSERT INTO common_asset_details(asset_id, forked) VALUES("REI", NULL);
*
INSERT INTO assets(identifier, type, name, symbol, started, swapped_for, coingecko, cryptocompare, details_reference) VALUES("USDD", "P", "USDD", "USDD", 1651464107, NULL, "usdd", "", "USDD"); INSERT INTO common_asset_details(asset_id, forked) VALUES("USDD", NULL);
*
INSERT INTO ethereum_tokens(address, decimals, protocol) VALUES("0x1982b2F5814301d4e9a8b0201555376e62F82428", 18, "aave-v2"); INSERT INTO assets(identifier, type, name, symbol, started, swapped_for, coingecko, cryptocompare, details_reference) VALUES("_ceth_0x1982b2F5814301d4e9a8b0201555376e62F82428", "C", "Aave interest bearing STETH", "aSTETH", 1645978932, NULL, "aave-interest-bearing-steth", "", "0x1982b2F5814301d4e9a8b0201555376e62F82428");
*
UPDATE assets SET cryptocompare="PPAY" WHERE identifier="_ceth_0x0316EB71485b0Ab14103307bf65a021042c6d380";
INSERT INTO ethereum_tokens(address, decimals, protocol) VALUES("0x0316EB71485b0Ab14103307bf65a021042c6d380", 18, NULL); INSERT INTO assets(identifier, type, name, symbol, started, swapped_for, coingecko, cryptocompare, details_reference) VALUES("_ceth_0x0316EB71485b0Ab14103307bf65a021042c6d380", "C", "Huobi BTC", "HBTC", 1575874126, NULL, "huobi-btc", "HBTC", "0x0316EB71485b0Ab14103307bf65a021042c6d380");
UPDATE assets SET cryptocompare="HOLY" WHERE identifier="HOLY";
INSERT INTO assets(identifier, type, name, symbol, started, swapped_for, coingecko, cryptocompare, details_reference) VALUES("HOLY", "Y", "Holy Trinity", "HOLY", 1609894800, NULL, "holy-trinity", "HOLY", "HOLY"); INSERT INTO common_asset_details(asset_id, forked) VALUES("HOLY", NULL);
UPDATE assets SET cryptocompare="WNDR" WHERE identifier="WNDR";
INSERT INTO assets(identifier, type, name, symbol, started, swapped_for, coingecko, cryptocompare, details_reference) VALUES("WNDR", "W", "WonderFi Tokenized Stock", "WNDR", 1637823671, NULL, "wonderfi-tokenized-stock", "", "WNDR"); INSERT INTO common_asset_details(asset_id, forked) VALUES("WNDR", NULL);
INSERT INTO assets(identifier, type, name, symbol, started, swapped_for, coingecko, cryptocompare, details_reference) VALUES("EPX", "S", "Ellipsis X", "EPX", 1648669404, NULL, "ellipsis-x", "", "EPX"); INSERT INTO common_asset_details(asset_id, forked) VALUES("EPX", NULL);
*
UPDATE assets SET coingecko="ducato-finance" WHERE identifier="_ceth_0xa117ea1c0c85CEf648df2b6f40e50bb5475C228d";
INSERT INTO ethereum_tokens(address, decimals, protocol) VALUES("0xa117ea1c0c85CEf648df2b6f40e50bb5475C228d", 18, NULL); INSERT INTO assets(identifier, type, name, symbol, started, swapped_for, coingecko, cryptocompare, details_reference) VALUES("_ceth_0xa117ea1c0c85CEf648df2b6f40e50bb5475C228d", "C", "DUCATO Protocol Token", "DUCATO", 1595831020, NULL, "ducato-finance", "", "0xa117ea1c0c85CEf648df2b6f40e50bb5475C228d");
UPDATE assets SET coingecko="kok" WHERE identifier="_ceth_0x7BD6a4E7DB3A34c485A8DD02b30B6565e3bbC633";
INSERT INTO ethereum_tokens(address, decimals, protocol) VALUES("0x7BD6a4E7DB3A34c485A8DD02b30B6565e3bbC633", 18, NULL); INSERT INTO assets(identifier, type, name, symbol, started, swapped_for, coingecko, cryptocompare, details_reference) VALUES("_ceth_0x7BD6a4E7DB3A34c485A8DD02b30B6565e3bbC633", "C", "KOK Coin", "KOK", 1578456549, NULL, "kok", "", "0x7BD6a4E7DB3A34c485A8DD02b30B6565e3bbC633");
INSERT INTO assets(identifier, type, name, symbol, started, swapped_for, coingecko, cryptocompare, details_reference) VALUES("PLY", "P", "Aurigami", "PLY", 1649241804, NULL, "aurigami", "", "USDD"); INSERT INTO common_asset_details(asset_id, forked) VALUES("PLY", NULL);
*
INSERT INTO ethereum_tokens(address, decimals, protocol) VALUES("0x629c759D1E83eFbF63d84eb3868B564d9521C129", 18, "yearn-v1"); INSERT INTO assets(identifier, type, name, symbol, started, swapped_for, coingecko, cryptocompare, details_reference) VALUES("_ceth_0x629c759D1E83eFbF63d84eb3868B564d9521C129", "C", "yearn Curve.fi cDAI/cUSDC", "yvcDAI+cUSDC", 1604758201, NULL, "", "", "0x629c759D1E83eFbF63d84eb3868B564d9521C129");
*
INSERT INTO ethereum_tokens(address, decimals, protocol) VALUES("0x0FCDAeDFb8A7DfDa2e9838564c5A1665d856AFDF", 18, "yearn-v1"); INSERT INTO assets(identifier, type, name, symbol, started, swapped_for, coingecko, cryptocompare, details_reference) VALUES("_ceth_0x0FCDAeDFb8A7DfDa2e9838564c5A1665d856AFDF", "C", "yearn Curve.fi MUSD/3Crv", "yvmusd3CRV", 1607160847, NULL, "", "", "0x0FCDAeDFb8A7DfDa2e9838564c5A1665d856AFDF");
*
INSERT INTO ethereum_tokens(address, decimals, protocol) VALUES("0xcC7E70A958917cCe67B4B87a8C30E6297451aE98", 18, "yearn-v1"); INSERT INTO assets(identifier, type, name, symbol, started, swapped_for, coingecko, cryptocompare, details_reference) VALUES("_ceth_0xcC7E70A958917cCe67B4B87a8C30E6297451aE98", "C", "yearn Curve.fi GUSD/3Crv", "yvgusd3CRV", 1607237689, NULL, "", "", "0xcC7E70A958917cCe67B4B87a8C30E6297451aE98");
*
INSERT INTO ethereum_tokens(address, decimals, protocol) VALUES("0xE0db48B4F71752C4bEf16De1DBD042B82976b8C7", 18, "yearn-v1"); INSERT INTO assets(identifier, type, name, symbol, started, swapped_for, coingecko, cryptocompare, details_reference) VALUES("_ceth_0xE0db48B4F71752C4bEf16De1DBD042B82976b8C7", "C", "yearn mStable USD", "yvmUSD", 1609441345, NULL, "", "", "0xE0db48B4F71752C4bEf16De1DBD042B82976b8C7");
*
INSERT INTO ethereum_tokens(address, decimals, protocol) VALUES("0x5334e150B938dd2b6bd040D9c4a03Cff0cED3765", 18, "yearn-v1"); INSERT INTO assets(identifier, type, name, symbol, started, swapped_for, coingecko, cryptocompare, details_reference) VALUES("_ceth_0x5334e150B938dd2b6bd040D9c4a03Cff0cED3765", "C", "yearn Curve.fi renBTC/wBTC", "yvcrvRenWBTC", 1611583752, NULL, "", "", "0x5334e150B938dd2b6bd040D9c4a03Cff0cED3765");
*
INSERT INTO ethereum_tokens(address, decimals, protocol) VALUES("0xFe39Ce91437C76178665D64d7a2694B0f6f17fE3", 18, "yearn-v1"); INSERT INTO assets(identifier, type, name, symbol, started, swapped_for, coingecko, cryptocompare, details_reference) VALUES("_ceth_0xFe39Ce91437C76178665D64d7a2694B0f6f17fE3", "C", "yearn Curve.fi USDN/3Crv", "yvusdn3CRV", 1611451016, NULL, "", "", "0xFe39Ce91437C76178665D64d7a2694B0f6f17fE3");
*
INSERT INTO ethereum_tokens(address, decimals, protocol) VALUES("0xF6C9E9AF314982A4b38366f4AbfAa00595C5A6fC", 18, "yearn-v1"); INSERT INTO assets(identifier, type, name, symbol, started, swapped_for, coingecko, cryptocompare, details_reference) VALUES("_ceth_0xF6C9E9AF314982A4b38366f4AbfAa00595C5A6fC", "C", "yearn Curve.fi UST/3Crv", "yvust3CRV", 1611444747, NULL, "", "", "0xF6C9E9AF314982A4b38366f4AbfAa00595C5A6fC");
*
INSERT INTO ethereum_tokens(address, decimals, protocol) VALUES("0xA8B1Cb4ed612ee179BDeA16CCa6Ba596321AE52D", 18, "yearn-v1"); INSERT INTO assets(identifier, type, name, symbol, started, swapped_for, coingecko, cryptocompare, details_reference) VALUES("_ceth_0xA8B1Cb4ed612ee179BDeA16CCa6Ba596321AE52D", "C", "yearn Curve.fi bBTC/sbtcCRV", "yvbBTC/sbtcCRV", 1611443166, NULL, "", "", "0xA8B1Cb4ed612ee179BDeA16CCa6Ba596321AE52D");
*
INSERT INTO ethereum_tokens(address, decimals, protocol) VALUES("0x07FB4756f67bD46B748b16119E802F1f880fb2CC", 18, "yearn-v1"); INSERT INTO assets(identifier, type, name, symbol, started, swapped_for, coingecko, cryptocompare, details_reference) VALUES("_ceth_0x07FB4756f67bD46B748b16119E802F1f880fb2CC", "C", "yearn Curve.fi tBTC/sbtcCrv", "yvtbtc/sbtcCrv", 1611641883, NULL, "", "", "0x07FB4756f67bD46B748b16119E802F1f880fb2CC");
*
INSERT INTO ethereum_tokens(address, decimals, protocol) VALUES("0x7F83935EcFe4729c4Ea592Ab2bC1A32588409797", 18, "yearn-v1"); INSERT INTO assets(identifier, type, name, symbol, started, swapped_for, coingecko, cryptocompare, details_reference) VALUES("_ceth_0x7F83935EcFe4729c4Ea592Ab2bC1A32588409797", "C", "yearn Curve.fi oBTC/sbtcCRV", "yvoBTC/sbtcCRV", 1611698586, NULL, "", "", "0x7F83935EcFe4729c4Ea592Ab2bC1A32588409797");
*
INSERT INTO ethereum_tokens(address, decimals, protocol) VALUES("0x46AFc2dfBd1ea0c0760CAD8262A5838e803A37e5", 18, "yearn-v1"); INSERT INTO assets(identifier, type, name, symbol, started, swapped_for, coingecko, cryptocompare, details_reference) VALUES("_ceth_0x46AFc2dfBd1ea0c0760CAD8262A5838e803A37e5", "C", "yearn Curve.fi hBTC/wBTC", "yvhCRV", 1611973890, NULL, "", "", "0x46AFc2dfBd1ea0c0760CAD8262A5838e803A37e5");
*
INSERT INTO ethereum_tokens(address, decimals, protocol) VALUES("0x5533ed0a3b83F70c3c4a1f69Ef5546D3D4713E44", 18, "yearn-v1"); INSERT INTO assets(identifier, type, name, symbol, started, swapped_for, coingecko, cryptocompare, details_reference) VALUES("_ceth_0x5533ed0a3b83F70c3c4a1f69Ef5546D3D4713E44", "C", "yearn Curve.fi DAI/USDC/USDT/sUSD", "yvcrvPlain3andSUSD", 1611704712, NULL, "", "", "0x5533ed0a3b83F70c3c4a1f69Ef5546D3D4713E44");
*
INSERT INTO ethereum_tokens(address, decimals, protocol) VALUES("0x39546945695DCb1c037C836925B355262f551f55", 18, "yearn-v1"); INSERT INTO assets(identifier, type, name, symbol, started, swapped_for, coingecko, cryptocompare, details_reference) VALUES("_ceth_0x39546945695DCb1c037C836925B355262f551f55", "C", "yearn Curve.fi HUSD/3Crv", "yvhusd3CRV", 1611973890, NULL, "", "", "0x39546945695DCb1c037C836925B355262f551f55");
*
INSERT INTO ethereum_tokens(address, decimals, protocol) VALUES("0x8e6741b456a074F0Bc45B8b82A755d4aF7E965dF", 18, "yearn-v1"); INSERT INTO assets(identifier, type, name, symbol, started, swapped_for, coingecko, cryptocompare, details_reference) VALUES("_ceth_0x8e6741b456a074F0Bc45B8b82A755d4aF7E965dF", "C", "yearn Curve.fi DUSD/3Crv", "yvdusd3CRV", 1611973890, NULL, "", "", "0x8e6741b456a074F0Bc45B8b82A755d4aF7E965dF");
*
INSERT INTO ethereum_tokens(address, decimals, protocol) VALUES("0x03403154afc09Ce8e44C3B185C82C6aD5f86b9ab", 18, "yearn-v1"); INSERT INTO assets(identifier, type, name, symbol, started, swapped_for, coingecko, cryptocompare, details_reference) VALUES("_ceth_0x03403154afc09Ce8e44C3B185C82C6aD5f86b9ab", "C", "yearn Curve.fi aDAI/aUSDC/aUSDT", "yva3CRV", 1612192629, NULL, "", "", "0x03403154afc09Ce8e44C3B185C82C6aD5f86b9ab");
*
INSERT INTO ethereum_tokens(address, decimals, protocol) VALUES("0xE625F5923303f1CE7A43ACFEFd11fd12f30DbcA4", 18, "yearn-v1"); INSERT INTO assets(identifier, type, name, symbol, started, swapped_for, coingecko, cryptocompare, details_reference) VALUES("_ceth_0xE625F5923303f1CE7A43ACFEFd11fd12f30DbcA4", "C", "yearn Curve.fi ETH/aETH", "yvankrCRV", 1613091218, NULL, "", "", "0xE625F5923303f1CE7A43ACFEFd11fd12f30DbcA4");
*
INSERT INTO ethereum_tokens(address, decimals, protocol) VALUES("0xBacB69571323575C6a5A3b4F9EEde1DC7D31FBc1", 18, "yearn-v1"); INSERT INTO assets(identifier, type, name, symbol, started, swapped_for, coingecko, cryptocompare, details_reference) VALUES("_ceth_0xBacB69571323575C6a5A3b4F9EEde1DC7D31FBc1", "C", "yearn Curve.fi aDAI/aSUSD", "yvsaCRV", 1613888556, NULL, "", "", "0xBacB69571323575C6a5A3b4F9EEde1DC7D31FBc1");
*
INSERT INTO ethereum_tokens(address, decimals, protocol) VALUES("0x1B5eb1173D2Bf770e50F10410C9a96F7a8eB6e75", 18, "yearn-v1"); INSERT INTO assets(identifier, type, name, symbol, started, swapped_for, coingecko, cryptocompare, details_reference) VALUES("_ceth_0x1B5eb1173D2Bf770e50F10410C9a96F7a8eB6e75", "C", "yearn Curve.fi USDP/3Crv", "yvusdp3CRV", 1614835272, NULL, "", "", "0x1B5eb1173D2Bf770e50F10410C9a96F7a8eB6e75");
*
INSERT INTO ethereum_tokens(address, decimals, protocol) VALUES("0xbD17B1ce622d73bD438b9E658acA5996dc394b0d", 18, "yearn-v1"); INSERT INTO assets(identifier, type, name, symbol, started, swapped_for, coingecko, cryptocompare, details_reference) VALUES("_ceth_0xbD17B1ce622d73bD438b9E658acA5996dc394b0d", "C", "yearn pSLP", "yvpSLP", 1599694464, NULL, "", "", "0xbD17B1ce622d73bD438b9E658acA5996dc394b0d");
*
INSERT INTO assets(identifier, type, name, symbol, started, swapped_for, coingecko, cryptocompare, details_reference) VALUES("KARA", "S", "KaraStar KARA", "KARA", 1636213822, NULL, "karastar-kara", "", "KARA"); INSERT INTO common_asset_details(asset_id, forked) VALUES("KARA", NULL);
*
INSERT INTO ethereum_tokens(address, decimals, protocol) VALUES("0x67B6D479c7bB412C54e03dCA8E1Bc6740ce6b99C", 18, NULL); INSERT INTO assets(identifier, type, name, symbol, started, swapped_for, coingecko, cryptocompare, details_reference) VALUES("_ceth_0x67B6D479c7bB412C54e03dCA8E1Bc6740ce6b99C", "C", "Kylin Network", "KYL", 1614483398, NULL, "kylin-network", "KYL", "0x67B6D479c7bB412C54e03dCA8E1Bc6740ce6b99C");
*
INSERT INTO assets(identifier, type, name, symbol, started, swapped_for, coingecko, cryptocompare, details_reference) VALUES("IHC", "S", "Inflation Hedging Coin", "IHC", 1631195199, NULL, "inflation-hedging-coin", "", "IHC"); INSERT INTO common_asset_details(asset_id, forked) VALUES("IHC", NULL);
*
INSERT INTO ethereum_tokens(address, decimals, protocol) VALUES("0x31ea0de8119307aA264Bb4b38727aAb4E36b074f", 18, NULL); INSERT INTO assets(identifier, type, name, symbol, started, swapped_for, coingecko, cryptocompare, details_reference) VALUES("_ceth_0x31ea0de8119307aA264Bb4b38727aAb4E36b074f", "C", "Bit Store Coin", "STORE", 1637069270, NULL, "bit-store-coin", "STORE", "0x31ea0de8119307aA264Bb4b38727aAb4E36b074f");
*
INSERT INTO ethereum_tokens(address, decimals, protocol) VALUES("0xb31eF9e52d94D4120eb44Fe1ddfDe5B4654A6515", 18, NULL); INSERT INTO assets(identifier, type, name, symbol, started, swapped_for, coingecko, cryptocompare, details_reference) VALUES("_ceth_0xb31eF9e52d94D4120eb44Fe1ddfDe5B4654A6515", "C", "DOSE", "DOSE", 1632813626, NULL, "dose-token", "DOSE", "0xb31eF9e52d94D4120eb44Fe1ddfDe5B4654A6515");
*
INSERT INTO assets(identifier, type, name, symbol, started, swapped_for, coingecko, cryptocompare, details_reference) VALUES("CELT", "W", "Celestial", "CELT", 1633053600, NULL, "celestial", "CELT", "CELT"); INSERT INTO common_asset_details(asset_id, forked) VALUES("CELT", NULL);
*
INSERT INTO assets(identifier, type, name, symbol, started, swapped_for, coingecko, cryptocompare, details_reference) VALUES("MLS", "W", "Pikaster", "MLS", 1651776411, NULL, "pikaster", "", "MLS"); INSERT INTO common_asset_details(asset_id, forked) VALUES("MLS", NULL);
*
INSERT INTO assets(identifier, type, name, symbol, started, swapped_for, coingecko, cryptocompare, details_reference) VALUES("AFK", "W", "AFKDAO", "AFK", 1653397388, NULL, "afkdao", "AFK", "AFK"); INSERT INTO common_asset_details(asset_id, forked) VALUES("AFK", NULL);
*
INSERT INTO assets(identifier, type, name, symbol, started, swapped_for, coingecko, cryptocompare, details_reference) VALUES("TEDDY", "X", "TEDDY", "TEDDY", 1629989893, NULL, "teddy", "TEDDY", "TEDDY"); INSERT INTO common_asset_details(asset_id, forked) VALUES("TEDDY", NULL);
*
INSERT INTO ethereum_tokens(address, decimals, protocol) VALUES("0x98B058b2CBacF5E99bC7012DF757ea7CFEbd35BC", 18, 'yearn-v1'); INSERT INTO assets(identifier, type, name, symbol, started, swapped_for, coingecko, cryptocompare, details_reference) VALUES("_ceth_0x98B058b2CBacF5E99bC7012DF757ea7CFEbd35BC", "C", "yearn Curve.fi EURS/sEUR", "yveursCRV", 1610435041, NULL, "", "", "0x98B058b2CBacF5E99bC7012DF757ea7CFEbd35BC");
*