INSERT INTO assets(identifier, type, name, symbol, started, swapped_for, coingecko, cryptocompare, details_reference) VALUES("ILS", "A", "Israeli new shekel", "ILS", NULL, NULL, NULL, "", "ILS"); INSERT INTO common_asset_details(asset_id, forked) VALUES("ILS", NULL);
*
INSERT INTO ethereum_tokens(address, decimals, protocol) VALUES("0xC0F9bD5Fa5698B6505F643900FFA515Ea5dF54A9", 18, NULL); INSERT INTO assets(identifier, type, name, symbol, started, swapped_for, coingecko, cryptocompare, details_reference) VALUES("_ceth_0xC0F9bD5Fa5698B6505F643900FFA515Ea5dF54A9", "C", "Donut", "DONUT", 1575488683, NULL, "donut", "", "0xC0F9bD5Fa5698B6505F643900FFA515Ea5dF54A9");
*
INSERT INTO ethereum_tokens(address, decimals, protocol) VALUES("0xA68Dd8cB83097765263AdAD881Af6eeD479c4a33", 18, NULL); INSERT INTO assets(identifier, type, name, symbol, started, swapped_for, coingecko, cryptocompare, details_reference) VALUES("_ceth_0xA68Dd8cB83097765263AdAD881Af6eeD479c4a33", "C", "fees.wtf", "WTF", 1642057465, NULL, "wtf-token", "", "0xA68Dd8cB83097765263AdAD881Af6eeD479c4a33");
*
INSERT INTO ethereum_tokens(address, decimals, protocol) VALUES("0xf4d2888d29D722226FafA5d9B24F9164c092421E", 18, NULL); INSERT INTO assets(identifier, type, name, symbol, started, swapped_for, coingecko, cryptocompare, details_reference) VALUES("_ceth_0xf4d2888d29D722226FafA5d9B24F9164c092421E", "C", "LooksRare Token", "LOOKS", 1640077252, NULL, "looksrare", "LOOKS", "0xf4d2888d29D722226FafA5d9B24F9164c092421E");
*
INSERT INTO ethereum_tokens(address, decimals, protocol) VALUES("0xC0d4Ceb216B3BA9C3701B291766fDCbA977ceC3A", 9, NULL); INSERT INTO assets(identifier, type, name, symbol, started, swapped_for, coingecko, cryptocompare, details_reference) VALUES("_ceth_0xC0d4Ceb216B3BA9C3701B291766fDCbA977ceC3A", "C", "BTRFLY", "BTRFLY", 1639526491, NULL, "butterflydao", "BTRFLY", "0xC0d4Ceb216B3BA9C3701B291766fDCbA977ceC3A");
*
INSERT INTO assets(identifier, type, name, symbol, started, swapped_for, coingecko, cryptocompare, details_reference) VALUES("MQST", "S", "MonsterQuest", "MQST", 1639961272, NULL, "monsterquest", "", "MQST"); INSERT INTO common_asset_details(asset_id, forked) VALUES("MQST", NULL);
*
INSERT INTO assets(identifier, type, name, symbol, started, swapped_for, coingecko, cryptocompare, details_reference) VALUES("GGG", "S", "Good Games Guild", "GGG", 1632922677, NULL, "good-games-guild", "GGG", "GGG"); INSERT INTO common_asset_details(asset_id, forked) VALUES("GGG", NULL);
*
INSERT INTO assets(identifier, type, name, symbol, started, swapped_for, coingecko, cryptocompare, details_reference) VALUES("ERTHA", "S", "ERTHA Token", "ERTHA", 1639491452, NULL, "ertha", "ERTHA", "ERTHA"); INSERT INTO common_asset_details(asset_id, forked) VALUES("ERTHA", NULL);
*
INSERT INTO ethereum_tokens(address, decimals, protocol) VALUES("0xA89ac6e529aCf391CfbBD377F3aC9D93eae9664e", 18, NULL); INSERT INTO assets(identifier, type, name, symbol, started, swapped_for, coingecko, cryptocompare, details_reference) VALUES("_ceth_0xA89ac6e529aCf391CfbBD377F3aC9D93eae9664e", "C", "Keep4r", "KP4R", 1603986507, NULL, "keep4r", "KP4R", "0xA89ac6e529aCf391CfbBD377F3aC9D93eae9664e");
*
INSERT INTO ethereum_tokens(address, decimals, protocol) VALUES("0x47C0aD2aE6c0Ed4bcf7bc5b380D7205E89436e84", 18, NULL); INSERT INTO assets(identifier, type, name, symbol, started, swapped_for, coingecko, cryptocompare, details_reference) VALUES("_ceth_0x47C0aD2aE6c0Ed4bcf7bc5b380D7205E89436e84", "C", "HEGICTokenIOU", "rHEGIC", 1603195662, NULL, "", "", "0x47C0aD2aE6c0Ed4bcf7bc5b380D7205E89436e84");
*
INSERT INTO ethereum_tokens(address, decimals, protocol) VALUES("0xaA2D49A1d66A58B8DD0687E730FefC2823649791", 18, NULL); INSERT INTO assets(identifier, type, name, symbol, started, swapped_for, coingecko, cryptocompare, details_reference) VALUES("_ceth_0xaA2D49A1d66A58B8DD0687E730FefC2823649791", "C", "The Heart of Babylon", "hBABL", 1643756219, NULL, "", "", "0xaA2D49A1d66A58B8DD0687E730FefC2823649791");
*
INSERT INTO ethereum_tokens(address, decimals, protocol) VALUES("0xD057B63f5E69CF1B929b356b579Cba08D7688048", 18, NULL); INSERT INTO assets(identifier, type, name, symbol, started, swapped_for, coingecko, cryptocompare, details_reference) VALUES("_ceth_0xD057B63f5E69CF1B929b356b579Cba08D7688048", "C", "CoW Protocol Virtual Token", "vCOW", 1644609915, NULL, "", "", "0xD057B63f5E69CF1B929b356b579Cba08D7688048");
*
INSERT INTO ethereum_tokens(address, decimals, protocol) VALUES("0x4f8AD938eBA0CD19155a835f617317a6E788c868", 18, NULL); INSERT INTO assets(identifier, type, name, symbol, started, swapped_for, coingecko, cryptocompare, details_reference) VALUES("_ceth_0x4f8AD938eBA0CD19155a835f617317a6E788c868", "C", "Locked GNO", "LGNO", 1643598107, NULL, "", "", "0x4f8AD938eBA0CD19155a835f617317a6E788c868");
*
INSERT INTO ethereum_tokens(address, decimals, protocol) VALUES("0xAd7Ca17e23f13982796D27d1E6406366Def6eE5f", 18, NULL); INSERT INTO assets(identifier, type, name, symbol, started, swapped_for, coingecko, cryptocompare, details_reference) VALUES("_ceth_0xAd7Ca17e23f13982796D27d1E6406366Def6eE5f", "C", "HEGICTokenIOU Phase II", "rHEGIC2", 1610281071, NULL, "rhegic2", "", "0xAd7Ca17e23f13982796D27d1E6406366Def6eE5f");
*
INSERT INTO ethereum_tokens(address, decimals, protocol) VALUES("0x4da27a545c0c5B758a6BA100e3a049001de870f5", 18, NULL); INSERT INTO assets(identifier, type, name, symbol, started, swapped_for, coingecko, cryptocompare, details_reference) VALUES("_ceth_0x4da27a545c0c5B758a6BA100e3a049001de870f5", "C", "Staked Aave", "stkAAVE", 1600973075, NULL, "", "STKAAVE", "0x4da27a545c0c5B758a6BA100e3a049001de870f5");
*
INSERT INTO ethereum_tokens(address, decimals, protocol) VALUES("0xC76FB75950536d98FA62ea968E1D6B45ffea2A55", 18, NULL); INSERT INTO assets(identifier, type, name, symbol, started, swapped_for, coingecko, cryptocompare, details_reference) VALUES("_ceth_0xC76FB75950536d98FA62ea968E1D6B45ffea2A55", "C", "COL", "COL", 1588848229, NULL, "unit-protocol", "", "0xC76FB75950536d98FA62ea968E1D6B45ffea2A55");
*
INSERT INTO ethereum_tokens(address, decimals, protocol) VALUES("0xDB5C3C46E28B53a39C255AA39A411dD64e5fed9c", 18, NULL); INSERT INTO assets(identifier, type, name, symbol, started, swapped_for, coingecko, cryptocompare, details_reference) VALUES("_ceth_0xDB5C3C46E28B53a39C255AA39A411dD64e5fed9c", "C", "Neos Credits", "NCR", 1531748591, NULL, "neos-credits", "NCR", "0xDB5C3C46E28B53a39C255AA39A411dD64e5fed9c");
*
INSERT INTO ethereum_tokens(address, decimals, protocol) VALUES("0x505B5eDa5E25a67E1c24A2BF1a527Ed9eb88Bf04", 18, NULL); INSERT INTO assets(identifier, type, name, symbol, started, swapped_for, coingecko, cryptocompare, details_reference) VALUES("_ceth_0x505B5eDa5E25a67E1c24A2BF1a527Ed9eb88Bf04", "C", "Coinweb", "CWEB", 1640051337, NULL, "coinweb", "CWEB", "0x505B5eDa5E25a67E1c24A2BF1a527Ed9eb88Bf04");
*
INSERT INTO ethereum_tokens(address, decimals, protocol) VALUES("0xD7D8f3b8Bc8bC48d3AcC37879EABA7b85889FA52", 18, NULL); INSERT INTO assets(identifier, type, name, symbol, started, swapped_for, coingecko, cryptocompare, details_reference) VALUES("_ceth_0xD7D8f3b8Bc8bC48d3AcC37879EABA7b85889FA52", "C", "CLearingHouse Token", "CLH", 1640858930, NULL, "cleardao", "CLH", "0xD7D8f3b8Bc8bC48d3AcC37879EABA7b85889FA52");
*
INSERT INTO assets(identifier, type, name, symbol, started, swapped_for, coingecko, cryptocompare, details_reference) VALUES("PLGR", "S", "Pledge Finance", "PLGR", 1641073336, NULL, "pledge", "PLGR", "PLGR"); INSERT INTO common_asset_details(asset_id, forked) VALUES("PLGR", NULL);
*
INSERT INTO ethereum_tokens(address, decimals, protocol) VALUES("0xa3EE21C306A700E682AbCdfe9BaA6A08F3820419", 18, NULL); INSERT INTO assets(identifier, type, name, symbol, started, swapped_for, coingecko, cryptocompare, details_reference) VALUES("_ceth_0xa3EE21C306A700E682AbCdfe9BaA6A08F3820419", "C", "Gluwa Creditcoin Vesting Token", "G-CRE", 1555372277, NULL, "", "", "0xa3EE21C306A700E682AbCdfe9BaA6A08F3820419");
*
INSERT INTO ethereum_tokens(address, decimals, protocol) VALUES("0xdE4CE5447ce0c67920a1371605A39187Cb6847c8", 18, NULL); INSERT INTO assets(identifier, type, name, symbol, started, swapped_for, coingecko, cryptocompare, details_reference) VALUES("_ceth_0xdE4CE5447ce0c67920a1371605A39187Cb6847c8", "C", "Deesse", "LOVE", 1638175307, NULL, "deesse", "LOVE", "0xdE4CE5447ce0c67920a1371605A39187Cb6847c8");
*
INSERT INTO ethereum_tokens(address, decimals, protocol) VALUES("0xe6602B34D8510B033E000975B3322537c7172441", 18, NULL); INSERT INTO assets(identifier, type, name, symbol, started, swapped_for, coingecko, cryptocompare, details_reference) VALUES("_ceth_0xe6602B34D8510B033E000975B3322537c7172441", "C", "Frontrow", "FRR", 1637910116, NULL, "front-row", "FRR", "0xe6602B34D8510B033E000975B3322537c7172441");
*
INSERT INTO assets(identifier, type, name, symbol, started, swapped_for, coingecko, cryptocompare, details_reference) VALUES("SURV", "S", "Survival", "SURV", 1642760220, NULL, "survival-game-online", "SURV", "SURV"); INSERT INTO common_asset_details(asset_id, forked) VALUES("SURV", NULL);
*
INSERT INTO assets(identifier, type, name, symbol, started, swapped_for, coingecko, cryptocompare, details_reference) VALUES("GLMR", "W", "Moonbeam", "GLMR", 1641866631, NULL, "moonbeam", "GLMR", "GLMR"); INSERT INTO common_asset_details(asset_id, forked) VALUES("GLMR", NULL);
*
INSERT INTO assets(identifier, type, name, symbol, started, swapped_for, coingecko, cryptocompare, details_reference) VALUES("ACA", "W", "Acala", "ACA", 1643104930, NULL, "acala", "ACA", "ACA"); INSERT INTO common_asset_details(asset_id, forked) VALUES("ACA", NULL);
*
INSERT INTO assets(identifier, type, name, symbol, started, swapped_for, coingecko, cryptocompare, details_reference) VALUES("HBB", "Y", "Hubble", "HBB", 1643375871, NULL, "hubble", "HBB", "HBB"); INSERT INTO common_asset_details(asset_id, forked) VALUES("HBB", NULL);
*
INSERT INTO assets(identifier, type, name, symbol, started, swapped_for, coingecko, cryptocompare, details_reference) VALUES("GARI", "Y", "Gari Network", "GARI", 1642518168, NULL, "gari-network", "GARI", "GARI"); INSERT INTO common_asset_details(asset_id, forked) VALUES("GARI", NULL);
*
INSERT INTO assets(identifier, type, name, symbol, started, swapped_for, coingecko, cryptocompare, details_reference) VALUES("KINT", "W", "Kintsugi", "KINT", 1641206425, NULL, "kintsugi", "KINT", "KINT"); INSERT INTO common_asset_details(asset_id, forked) VALUES("KINT", NULL);
*
INSERT INTO assets(identifier, type, name, symbol, started, swapped_for, coingecko, cryptocompare, details_reference) VALUES("ORCA", "Y", "Orca", "ORCA", 1597024800, NULL, "orca", "ORCA", "ORCA"); INSERT INTO common_asset_details(asset_id, forked) VALUES("ORCA", NULL);
*
INSERT INTO assets(identifier, type, name, symbol, started, swapped_for, coingecko, cryptocompare, details_reference) VALUES("PSY", "Y", "PsyOptions", "PSY", 1597024800, NULL, "psyoptions", "PSY", "PSY"); INSERT INTO common_asset_details(asset_id, forked) VALUES("PSY", NULL);
*
UPDATE assets SET cryptocompare="DMTR" where identifier="_ceth_0x51cB253744189f11241becb29BeDd3F1b5384fdB";
INSERT INTO ethereum_tokens(address, decimals, protocol) VALUES("0x51cB253744189f11241becb29BeDd3F1b5384fdB", 18, NULL); INSERT INTO assets(identifier, type, name, symbol, started, swapped_for, coingecko, cryptocompare, details_reference) VALUES("_ceth_0x51cB253744189f11241becb29BeDd3F1b5384fdB", "C", "Dimitra Token", "DMTR", 1627672955, NULL, "dimitra", "DMTR", "0x51cB253744189f11241becb29BeDd3F1b5384fdB");
UPDATE assets SET cryptocompare="NTVRK" where identifier="_ceth_0xFc0d6Cf33e38bcE7CA7D89c0E292274031b7157A";
INSERT INTO ethereum_tokens(address, decimals, protocol) VALUES("0xFc0d6Cf33e38bcE7CA7D89c0E292274031b7157A", 18, NULL); INSERT INTO assets(identifier, type, name, symbol, started, swapped_for, coingecko, cryptocompare, details_reference) VALUES("_ceth_0xFc0d6Cf33e38bcE7CA7D89c0E292274031b7157A", "C", "NETVRK", "NTVRK", 1620949965, NULL, "netvrk", "NTVRK", "0xFc0d6Cf33e38bcE7CA7D89c0E292274031b7157A");
UPDATE assets SET cryptocompare="ZKT" where identifier="_ceth_0x07c52c2537D84e532a9F15d32E152C8B94D2b232";
INSERT INTO ethereum_tokens(address, decimals, protocol) VALUES("0x07c52c2537D84e532a9F15d32E152C8B94D2b232", 18, NULL); INSERT INTO assets(identifier, type, name, symbol, started, swapped_for, coingecko, cryptocompare, details_reference) VALUES("_ceth_0x07c52c2537D84e532a9F15d32E152C8B94D2b232", "C", "zkTube", "ZKT", 1630135173, NULL, "zktube", "ZKT", "0x07c52c2537D84e532a9F15d32E152C8B94D2b232");
UPDATE assets SET cryptocompare="CPOOL" where identifier="_ceth_0x66761Fa41377003622aEE3c7675Fc7b5c1C2FaC5";
INSERT INTO ethereum_tokens(address, decimals, protocol) VALUES("0x66761Fa41377003622aEE3c7675Fc7b5c1C2FaC5", 18, NULL); INSERT INTO assets(identifier, type, name, symbol, started, swapped_for, coingecko, cryptocompare, details_reference) VALUES("_ceth_0x66761Fa41377003622aEE3c7675Fc7b5c1C2FaC5", "C", "Clearpool", "CPOOL", 1634830700, NULL, "clearpool", "CPOOL", "0x66761Fa41377003622aEE3c7675Fc7b5c1C2FaC5");
UPDATE assets SET cryptocompare="SWASH" where identifier="_ceth_0xA130E3a33a4d84b04c3918c4E5762223Ae252F80";
INSERT INTO ethereum_tokens(address, decimals, protocol) VALUES("0xA130E3a33a4d84b04c3918c4E5762223Ae252F80", 18, NULL); INSERT INTO assets(identifier, type, name, symbol, started, swapped_for, coingecko, cryptocompare, details_reference) VALUES("_ceth_0xA130E3a33a4d84b04c3918c4E5762223Ae252F80", "C", "Swash Token", "SWASH", 1633309265, NULL, "swash", "SWASH", "0xA130E3a33a4d84b04c3918c4E5762223Ae252F80");
UPDATE assets SET cryptocompare="CTPL" where identifier="_ceth_0xF7e40AF830a2EcbFe72C5210C1Ca272e3Aa7cA1B";
INSERT INTO ethereum_tokens(address, decimals, protocol) VALUES("0xF7e40AF830a2EcbFe72C5210C1Ca272e3Aa7cA1B", 18, NULL); INSERT INTO assets(identifier, type, name, symbol, started, swapped_for, coingecko, cryptocompare, details_reference) VALUES("_ceth_0xF7e40AF830a2EcbFe72C5210C1Ca272e3Aa7cA1B", "C", "Cultiplan", "CTPL", 1626159693, NULL, "cultiplan", "CTPL", "0xF7e40AF830a2EcbFe72C5210C1Ca272e3Aa7cA1B");
UPDATE assets SET cryptocompare="NKCLC" where identifier="_ceth_0xd1b624f07a4D9B3e3746E33cb58f42dF079b5444";
INSERT INTO ethereum_tokens(address, decimals, protocol) VALUES("0xd1b624f07a4D9B3e3746E33cb58f42dF079b5444", 18, NULL); INSERT INTO assets(identifier, type, name, symbol, started, swapped_for, coingecko, cryptocompare, details_reference) VALUES("_ceth_0xd1b624f07a4D9B3e3746E33cb58f42dF079b5444", "C", "NKCL Classic", "NKCLC", 1629238452, NULL, "nkcl-classic", "NKCLC", "0xd1b624f07a4D9B3e3746E33cb58f42dF079b5444");
UPDATE assets SET cryptocompare="OSMO" where identifier="OSMO";
INSERT INTO assets(identifier, type, name, symbol, started, swapped_for, coingecko, cryptocompare, details_reference) VALUES("OSMO", "W", "Osmosis", "OSMO", 1624240800, NULL, "osmosis", "OSMO", "OSMO"); INSERT INTO common_asset_details(asset_id, forked) VALUES("OSMO", NULL);
UPDATE assets SET cryptocompare="RACEFI" where identifier="RACEFI";
INSERT INTO assets(identifier, type, name, symbol, started, swapped_for, coingecko, cryptocompare, details_reference) VALUES("RACEFI", "Y", "RaceFi", "RACEFI", 1640214002, NULL, "racefi", "RACEFI", "RACEFI"); INSERT INTO common_asset_details(asset_id, forked) VALUES("RACEFI", NULL);
UPDATE assets SET cryptocompare="ARKER" where identifier="ARKER";
INSERT INTO assets(identifier, type, name, symbol, started, swapped_for, coingecko, cryptocompare, details_reference) VALUES("ARKER", "S", "ARKER", "ARKER", 1638462288, NULL, "arker-2", "ARKER", "ARKER"); INSERT INTO common_asset_details(asset_id, forked) VALUES("ARKER", NULL);
UPDATE assets SET cryptocompare="SOLR" where identifier="SOLR";
INSERT INTO assets(identifier, type, name, symbol, started, swapped_for, coingecko, cryptocompare, details_reference) VALUES("SOLR", "Y", "SolRazr", "SOLR", 1633705444, NULL, "solrazr", "SOLR", "SOLR"); INSERT INTO common_asset_details(asset_id, forked) VALUES("SOLR", NULL);
UPDATE assets SET cryptocompare="INTER" where identifier="INTER";
INSERT INTO assets(identifier, type, name, symbol, started, swapped_for, coingecko, cryptocompare, details_reference) VALUES("INTER", "W", "Inter Milan Fan Token", "INTER", 1631620931, NULL, "inter-milan-fan-token", "INTER", "INTER"); INSERT INTO common_asset_details(asset_id, forked) VALUES("INTER", NULL);
UPDATE assets SET cryptocompare="ONSTON" where identifier="_ceth_0x47b9F01B16E9C9cb99191DCA68c9cc5bF6403957";
INSERT INTO ethereum_tokens(address, decimals, protocol) VALUES("0x47b9F01B16E9C9cb99191DCA68c9cc5bF6403957", 18, NULL); INSERT INTO assets(identifier, type, name, symbol, started, swapped_for, coingecko, cryptocompare, details_reference) VALUES("_ceth_0x47b9F01B16E9C9cb99191DCA68c9cc5bF6403957", "C", "ONSTON", "ONSTON", 1635514666, NULL, "onston", "ONSTON", "0x47b9F01B16E9C9cb99191DCA68c9cc5bF6403957");
UPDATE assets SET coingecko="zkspace" where identifier="_ceth_0xe4815AE53B124e7263F08dcDBBB757d41Ed658c6";
INSERT INTO ethereum_tokens(address, decimals, protocol) VALUES("0xe4815AE53B124e7263F08dcDBBB757d41Ed658c6", 18, NULL); INSERT INTO assets(identifier, type, name, symbol, started, swapped_for, coingecko, cryptocompare, details_reference) VALUES("_ceth_0xe4815AE53B124e7263F08dcDBBB757d41Ed658c6", "C", "ZKs", "ZKS", 1606014225, NULL, "onston", "zkspace", "0xe4815AE53B124e7263F08dcDBBB757d41Ed658c6");
UPDATE assets SET coingecko="bittorrent" where identifier="BTT";
INSERT INTO assets(identifier, type, name, symbol, started, swapped_for, coingecko, cryptocompare, details_reference) VALUES("BTT", "P", "BitTorrent", "BTT", 1548633600, NULL, "bittorrent", "", "BTT"); INSERT INTO common_asset_details(asset_id, forked) VALUES("BTT", NULL);
UPDATE assets SET cryptocompare="ASH" where identifier="_ceth_0x64D91f12Ece7362F91A6f8E7940Cd55F05060b92";
INSERT INTO ethereum_tokens(address, decimals, protocol) VALUES("0x64D91f12Ece7362F91A6f8E7940Cd55F05060b92", 18, NULL); INSERT INTO assets(identifier, type, name, symbol, started, swapped_for, coingecko, cryptocompare, details_reference) VALUES("_ceth_0x64D91f12Ece7362F91A6f8E7940Cd55F05060b92", "C", "Burn", "ASH", 1621198119, NULL, "ash", "ASH", "0x64D91f12Ece7362F91A6f8E7940Cd55F05060b92");
UPDATE assets SET cryptocompare="APXP" where identifier="_ceth_0x601a0eE18E9DCdc70658d8B87a748e11344D3A45";
INSERT INTO ethereum_tokens(address, decimals, protocol) VALUES("0x601a0eE18E9DCdc70658d8B87a748e11344D3A45", 18, NULL); INSERT INTO assets(identifier, type, name, symbol, started, swapped_for, coingecko, cryptocompare, details_reference) VALUES("_ceth_0x601a0eE18E9DCdc70658d8B87a748e11344D3A45", "C", "Apex protocol token", "APXP", 1630549223, NULL, "apex-protocol", "APXP", "0x601a0eE18E9DCdc70658d8B87a748e11344D3A45");
UPDATE assets SET cryptocompare="LPNT" where identifier="_ceth_0x6a4C76874e686A7d080D173987A35A9c48905583";
INSERT INTO ethereum_tokens(address, decimals, protocol) VALUES("0x6a4C76874e686A7d080D173987A35A9c48905583", 18, NULL); INSERT INTO assets(identifier, type, name, symbol, started, swapped_for, coingecko, cryptocompare, details_reference) VALUES("_ceth_0x6a4C76874e686A7d080D173987A35A9c48905583", "C", "Luxurious Pro Network Token", "LPNT", 1590838980, NULL, "luxurious-pro-network-token", "LPNT", "0x6a4C76874e686A7d080D173987A35A9c48905583");
UPDATE assets SET cryptocompare="OOKI" where identifier="_ceth_0x0De05F6447ab4D22c8827449EE4bA2D5C288379B";
INSERT INTO ethereum_tokens(address, decimals, protocol) VALUES("0x0De05F6447ab4D22c8827449EE4bA2D5C288379B", 18, NULL); INSERT INTO assets(identifier, type, name, symbol, started, swapped_for, coingecko, cryptocompare, details_reference) VALUES("_ceth_0x0De05F6447ab4D22c8827449EE4bA2D5C288379B", "C", "Ooki Token", "OOKI", 1634575276, NULL, "ooki", "OOKI", "0x0De05F6447ab4D22c8827449EE4bA2D5C288379B");
UPDATE assets SET cryptocompare="JBX" where identifier="_ceth_0x3abF2A4f8452cCC2CF7b4C1e4663147600646f66";
INSERT INTO ethereum_tokens(address, decimals, protocol) VALUES("0x3abF2A4f8452cCC2CF7b4C1e4663147600646f66", 18, NULL); INSERT INTO assets(identifier, type, name, symbol, started, swapped_for, coingecko, cryptocompare, details_reference) VALUES("_ceth_0x3abF2A4f8452cCC2CF7b4C1e4663147600646f66", "C", "Juicebox", "JBX", 1626381661, NULL, "juicebox", "JBX", "0x3abF2A4f8452cCC2CF7b4C1e4663147600646f66");
UPDATE assets SET cryptocompare="VPAD" where identifier="_ceth_0x51FE2E572e97BFEB1D719809d743Ec2675924EDc";
INSERT INTO ethereum_tokens(address, decimals, protocol) VALUES("0x51FE2E572e97BFEB1D719809d743Ec2675924EDc", 18, NULL); INSERT INTO assets(identifier, type, name, symbol, started, swapped_for, coingecko, cryptocompare, details_reference) VALUES("_ceth_0x51FE2E572e97BFEB1D719809d743Ec2675924EDc", "C", "VLaunch", "VPAD", 1639087455, NULL, "vlaunch", "VPAD", "0x51FE2E572e97BFEB1D719809d743Ec2675924EDc");
UPDATE assets SET cryptocompare="MQL" where identifier="_ceth_0x428dc22668E6F3468273634067e5545ED5417A3E";
INSERT INTO ethereum_tokens(address, decimals, protocol) VALUES("0x428dc22668E6F3468273634067e5545ED5417A3E", 18, NULL); INSERT INTO assets(identifier, type, name, symbol, started, swapped_for, coingecko, cryptocompare, details_reference) VALUES("_ceth_0x428dc22668E6F3468273634067e5545ED5417A3E", "C", "MiraQle", "MQL", 1594014041, NULL, "miraqle", "MQL", "0x428dc22668E6F3468273634067e5545ED5417A3E");
UPDATE assets SET cryptocompare="VADER" where identifier="_ceth_0x2602278EE1882889B946eb11DC0E810075650983";
INSERT INTO ethereum_tokens(address, decimals, protocol) VALUES("0x2602278EE1882889B946eb11DC0E810075650983", 18, NULL); INSERT INTO assets(identifier, type, name, symbol, started, swapped_for, coingecko, cryptocompare, details_reference) VALUES("_ceth_0x2602278EE1882889B946eb11DC0E810075650983", "C", "Vader", "VADER", 1637891379, NULL, "vader-protocol", "VADER", "0x2602278EE1882889B946eb11DC0E810075650983");
INSERT INTO assets(identifier, type, name, symbol, started, swapped_for, coingecko, cryptocompare, details_reference) VALUES("LOKA", "B", "League of Kingdoms", "LOKA", 1642694549, NULL, "league-of-kingdoms", "LOKA", "LOKA"); INSERT INTO common_asset_details(asset_id, forked) VALUES("LOKA", NULL);
*
UPDATE assets SET symbol="XNO" where identifier="NANO";
INSERT INTO assets(identifier, type, name, symbol, started, swapped_for, coingecko, cryptocompare, details_reference) VALUES("NANO", "B", "Nano", "XNO", 1444003200, NULL, "nano", "NANO", "NANO"); INSERT INTO common_asset_details(asset_id, forked) VALUES("NANO", NULL);
INSERT INTO assets(identifier, type, name, symbol, started, swapped_for, coingecko, cryptocompare, details_reference) VALUES("CCD", "B", "Concordium", "CCD", 1644494465, NULL, "concordium", "CCD", "CCD"); INSERT INTO common_asset_details(asset_id, forked) VALUES("CCD", NULL);
*
INSERT INTO assets(identifier, type, name, symbol, started, swapped_for, coingecko, cryptocompare, details_reference) VALUES("bDOT", "S", "BabyDot", "bDOT", 1626803793, NULL, "babydot", "", "bDOT"); INSERT INTO common_asset_details(asset_id, forked) VALUES("bDOT", NULL);
*
INSERT INTO ethereum_tokens(address, decimals, protocol) VALUES("0x7169bA45cF03E0377B464462AACbccdf1f721125", 18, NULL); INSERT INTO assets(identifier, type, name, symbol, started, swapped_for, coingecko, cryptocompare, details_reference) VALUES("_ceth_0x7169bA45cF03E0377B464462AACbccdf1f721125", "C", "1peco coin", "1PECO", 1638513286, NULL, "1peco", "1PECO", "0x7169bA45cF03E0377B464462AACbccdf1f721125");
*
INSERT INTO ethereum_tokens(address, decimals, protocol) VALUES("0x44e2deC86B9F0e0266E9AA66e10323A2bd69CF9A", 18, NULL); INSERT INTO assets(identifier, type, name, symbol, started, swapped_for, coingecko, cryptocompare, details_reference) VALUES("_ceth_0x44e2deC86B9F0e0266E9AA66e10323A2bd69CF9A", "C", "Attrace", "ATTR", 1621027475, NULL, "attrace", "ATTR", "0x44e2deC86B9F0e0266E9AA66e10323A2bd69CF9A");
*
INSERT INTO ethereum_tokens(address, decimals, protocol) VALUES("0x6e8908cfa881C9f6f2C64d3436E7b80b1bf0093F", 18, NULL); INSERT INTO assets(identifier, type, name, symbol, started, swapped_for, coingecko, cryptocompare, details_reference) VALUES("_ceth_0x6e8908cfa881C9f6f2C64d3436E7b80b1bf0093F", "C", "Bistroo Token", "BIST", 1613490279, NULL, "bistroo", "BIST", "0x6e8908cfa881C9f6f2C64d3436E7b80b1bf0093F");
*
INSERT INTO ethereum_tokens(address, decimals, protocol) VALUES("0x41C37A4683d6a05adB31c39D71348A8403B13Ca9", 18, NULL); INSERT INTO assets(identifier, type, name, symbol, started, swapped_for, coingecko, cryptocompare, details_reference) VALUES("_ceth_0x41C37A4683d6a05adB31c39D71348A8403B13Ca9", "C", "Chain", "CHN", 1605706401, NULL, "chain", "CHN", "0x41C37A4683d6a05adB31c39D71348A8403B13Ca9");
*
INSERT INTO ethereum_tokens(address, decimals, protocol) VALUES("0x5B685863494C33F344081F75e5430C260c224A32", 18, NULL); INSERT INTO assets(identifier, type, name, symbol, started, swapped_for, coingecko, cryptocompare, details_reference) VALUES("_ceth_0x5B685863494C33F344081F75e5430C260c224A32", "C", "CORE MultiChain Token", "CMCX", 1614029545, NULL, "core", "CMCX", "0x5B685863494C33F344081F75e5430C260c224A32");
*
INSERT INTO ethereum_tokens(address, decimals, protocol) VALUES("0x19ac2659599fD01c853dE846919544276aD26F50", 18, NULL); INSERT INTO assets(identifier, type, name, symbol, started, swapped_for, coingecko, cryptocompare, details_reference) VALUES("_ceth_0x19ac2659599fD01c853dE846919544276aD26F50", "C", "covenant", "COVN", 1638864943, NULL, "covenant-child", "COVN", "0x19ac2659599fD01c853dE846919544276aD26F50");
*
INSERT INTO ethereum_tokens(address, decimals, protocol) VALUES("0xFac8F483877f42702aAD3C4FCB508cfba09153B5", 18, NULL); INSERT INTO assets(identifier, type, name, symbol, started, swapped_for, coingecko, cryptocompare, details_reference) VALUES("_ceth_0xFac8F483877f42702aAD3C4FCB508cfba09153B5", "C", "Evident Proof Transaction Token", "EPTT", 1638974357, NULL, "evident-proof-transaction-token", "EPTT", "0xFac8F483877f42702aAD3C4FCB508cfba09153B5");
*
INSERT INTO ethereum_tokens(address, decimals, protocol) VALUES("0xcD74Cf66c43e45Abd5703f3642F73d0675D6AFF7", 18, NULL); INSERT INTO assets(identifier, type, name, symbol, started, swapped_for, coingecko, cryptocompare, details_reference) VALUES("_ceth_0xcD74Cf66c43e45Abd5703f3642F73d0675D6AFF7", "C", "erugo world coin", "EWC", 1632731797, NULL, "erugo-world-coin", "EWC", "0xcD74Cf66c43e45Abd5703f3642F73d0675D6AFF7");
*
INSERT INTO ethereum_tokens(address, decimals, protocol) VALUES("0x4bceA5E4d0F6eD53cf45e7a28FebB2d3621D7438", 18, NULL); INSERT INTO assets(identifier, type, name, symbol, started, swapped_for, coingecko, cryptocompare, details_reference) VALUES("_ceth_0x4bceA5E4d0F6eD53cf45e7a28FebB2d3621D7438", "C", "Modex", "MODEX", 1540057168, NULL, "modex", "MODEX", "0x4bceA5E4d0F6eD53cf45e7a28FebB2d3621D7438");
*
INSERT INTO ethereum_tokens(address, decimals, protocol) VALUES("0xDDD6A0ECc3c6F6C102E5eA3d8Af7B801d1a77aC8", 18, NULL); INSERT INTO assets(identifier, type, name, symbol, started, swapped_for, coingecko, cryptocompare, details_reference) VALUES("_ceth_0xDDD6A0ECc3c6F6C102E5eA3d8Af7B801d1a77aC8", "C", "UniX Gaming", "UNIX", 1637252302, NULL, "unix", "", "0xDDD6A0ECc3c6F6C102E5eA3d8Af7B801d1a77aC8");
*
INSERT INTO ethereum_tokens(address, decimals, protocol) VALUES("0xcC1a8BD438BebC4b2a885a34475BB974f2124317", 18, NULL); INSERT INTO assets(identifier, type, name, symbol, started, swapped_for, coingecko, cryptocompare, details_reference) VALUES("_ceth_0xcC1a8BD438BebC4b2a885a34475BB974f2124317", "C", "WholeEarthCoin", "WEC", 1609838190, NULL, "whole-earth-coin", "WEC", "0xcC1a8BD438BebC4b2a885a34475BB974f2124317");
*
INSERT INTO ethereum_tokens(address, decimals, protocol) VALUES("0x909E34d3f6124C324ac83DccA84b74398a6fa173", 18, NULL); INSERT INTO assets(identifier, type, name, symbol, started, swapped_for, coingecko, cryptocompare, details_reference) VALUES("_ceth_0x909E34d3f6124C324ac83DccA84b74398a6fa173", "C", "$ZKP Token", "$ZKP", 1637794290, NULL, "panther", "ZKP", "0x909E34d3f6124C324ac83DccA84b74398a6fa173");
*
INSERT INTO ethereum_tokens(address, decimals, protocol) VALUES("0xc0a4Df35568F116C370E6a6A6022Ceb908eedDaC", 6, NULL); INSERT INTO assets(identifier, type, name, symbol, started, swapped_for, coingecko, cryptocompare, details_reference) VALUES("_ceth_0xc0a4Df35568F116C370E6a6A6022Ceb908eedDaC", "C", "UMEE", "UMEE", 1644946980, NULL, "umee", "", "0xc0a4Df35568F116C370E6a6A6022Ceb908eedDaC");
*
INSERT INTO assets(identifier, type, name, symbol, started, swapped_for, coingecko, cryptocompare, details_reference) VALUES("STARLY", "S", "StarlyToken", "STARLY", 1640105229, NULL, "starly", "", "STARLY"); INSERT INTO common_asset_details(asset_id, forked) VALUES("STARLY", NULL);
*
INSERT INTO assets(identifier, type, name, symbol, started, swapped_for, coingecko, cryptocompare, details_reference) VALUES("CHNG", "B", "Chainge Finance", "CHNG", 1624327200, NULL, "chainge-finance", "CHNG", "CHNG"); INSERT INTO common_asset_details(asset_id, forked) VALUES("CHNG", NULL);
*
INSERT INTO assets(identifier, type, name, symbol, started, swapped_for, coingecko, cryptocompare, details_reference) VALUES("MNFT", "W", "Mongol NFT", "MNFT", 1645167602, NULL, "mongol-nft", "", "MNFT"); INSERT INTO common_asset_details(asset_id, forked) VALUES("MNFT", NULL);
*
INSERT INTO assets(identifier, type, name, symbol, started, swapped_for, coingecko, cryptocompare, details_reference) VALUES("R1", "W", "Recast1", "R1", 1640804937, NULL, "recast1", "R1", "R1"); INSERT INTO common_asset_details(asset_id, forked) VALUES("R1", NULL);
*
INSERT INTO assets(identifier, type, name, symbol, started, swapped_for, coingecko, cryptocompare, details_reference) VALUES("STX", "B", "Stacks", "STX", 1572055200, NULL, "blockstack", "STX", "STX"); INSERT INTO common_asset_details(asset_id, forked) VALUES("STX", NULL);
*
INSERT INTO assets(identifier, type, name, symbol, started, swapped_for, coingecko, cryptocompare, details_reference) VALUES("AIR", "W", "Altair", "AIR", 1644429687, NULL, "altair", "", "AIR"); INSERT INTO common_asset_details(asset_id, forked) VALUES("AIR", NULL);
*
INSERT INTO assets(identifier, type, name, symbol, started, swapped_for, coingecko, cryptocompare, details_reference) VALUES("KIN", "Y", "Kin", "KIN", 1495670400, NULL, "kin", "KIN", "KIN"); INSERT INTO common_asset_details(asset_id, forked) VALUES("KIN", NULL);
*
INSERT INTO ethereum_tokens(address, decimals, protocol) VALUES("0x7C84e62859D0715eb77d1b1C4154Ecd6aBB21BEC", 18, NULL); INSERT INTO assets(identifier, type, name, symbol, started, swapped_for, coingecko, cryptocompare, details_reference) VALUES("_ceth_0x7C84e62859D0715eb77d1b1C4154Ecd6aBB21BEC", "C", "Shping Coin", "SHPING", 1516422810, NULL, "shping", "SHPING", "0x7C84e62859D0715eb77d1b1C4154Ecd6aBB21BEC");
*
INSERT INTO ethereum_tokens(address, decimals, protocol) VALUES("0x70D2b7C19352bB76e4409858FF5746e500f2B67c", 18, NULL); INSERT INTO assets(identifier, type, name, symbol, started, swapped_for, coingecko, cryptocompare, details_reference) VALUES("_ceth_0x70D2b7C19352bB76e4409858FF5746e500f2B67c", "C", "Pawtocol Network UPI Token", "UPI", 1575401340, NULL, "pawtocol", "UPI", "0x70D2b7C19352bB76e4409858FF5746e500f2B67c");
*
INSERT INTO ethereum_tokens(address, decimals, protocol) VALUES("0xdab396cCF3d84Cf2D07C4454e10C8A6F5b008D2b", 18, NULL); INSERT INTO assets(identifier, type, name, symbol, started, swapped_for, coingecko, cryptocompare, details_reference) VALUES("_ceth_0xdab396cCF3d84Cf2D07C4454e10C8A6F5b008D2b", "C", "Goldfinch", "GFI", 1634870084, NULL, "goldfinch", "GFI", "0xdab396cCF3d84Cf2D07C4454e10C8A6F5b008D2b");
*
INSERT INTO ethereum_tokens(address, decimals, protocol) VALUES("0x9AAb071B4129B083B01cB5A0Cb513Ce7ecA26fa5", 18, NULL); INSERT INTO assets(identifier, type, name, symbol, started, swapped_for, coingecko, cryptocompare, details_reference) VALUES("_ceth_0x9AAb071B4129B083B01cB5A0Cb513Ce7ecA26fa5", "C", "HUNT Token", "HUNT", 1548998543, NULL, "hunt-token", "HUNT", "0x9AAb071B4129B083B01cB5A0Cb513Ce7ecA26fa5");
*
INSERT INTO assets(identifier, type, name, symbol, started, swapped_for, coingecko, cryptocompare, details_reference) VALUES("BTTOLD", "P", "BitTorrent [OLD]", "BTTOLD", 1548633600, NULL, "bittorrent-old", "BTTOLD", "BTTOLD"); INSERT INTO common_asset_details(asset_id, forked) VALUES("BTTOLD", NULL);
*
INSERT INTO assets(identifier, type, name, symbol, started, swapped_for, coingecko, cryptocompare, details_reference) VALUES("ASTR", "B", "Astar", "ASTR", 1642431678, NULL, "astar", "ASTR", "ASTR"); INSERT INTO common_asset_details(asset_id, forked) VALUES("ASTR", NULL);
*
INSERT INTO assets(identifier, type, name, symbol, started, swapped_for, coingecko, cryptocompare, details_reference) VALUES("SBR", "Y", "Saber", "SBR", 1626746400, NULL, "saber", "SBR", "SBR"); INSERT INTO common_asset_details(asset_id, forked) VALUES("SBR", NULL);
*
INSERT INTO assets(identifier, type, name, symbol, started, swapped_for, coingecko, cryptocompare, details_reference) VALUES("REVU", "W", "Revuto", "REVU", 1641886550, NULL, "revuto", "REVU", "REVU"); INSERT INTO common_asset_details(asset_id, forked) VALUES("REVU", NULL);
*
INSERT INTO assets(identifier, type, name, symbol, started, swapped_for, coingecko, cryptocompare, details_reference) VALUES("FCON", "B", "SpaceFalcon", "FCON", 1643116271, NULL, "spacefalcon", "FCON", "FCON"); INSERT INTO common_asset_details(asset_id, forked) VALUES("FCON", NULL);
*
INSERT INTO assets(identifier, type, name, symbol, started, swapped_for, coingecko, cryptocompare, details_reference) VALUES("MJT", "W", "MojitoSwap", "MJT", 1641878361, NULL, "mojitoswap", "", "MJT"); INSERT INTO common_asset_details(asset_id, forked) VALUES("MJT", NULL);
*
INSERT INTO assets(identifier, type, name, symbol, started, swapped_for, coingecko, cryptocompare, details_reference) VALUES("WMT", "W", "World Mobile Token", "WMT", 1640304791, NULL, "world-mobile-token", "WMT", "WMT"); INSERT INTO common_asset_details(asset_id, forked) VALUES("WMT", NULL);
*
UPDATE assets SET cryptocompare="MNW" where identifier="_ceth_0xd3E4Ba569045546D09CF021ECC5dFe42b1d7f6E4";
INSERT INTO ethereum_tokens(address, decimals, protocol) VALUES("0xd3E4Ba569045546D09CF021ECC5dFe42b1d7f6E4", 18, NULL); INSERT INTO assets(identifier, type, name, symbol, started, swapped_for, coingecko, cryptocompare, details_reference) VALUES("_ceth_0xd3E4Ba569045546D09CF021ECC5dFe42b1d7f6E4", "C", "Morpheus.Network", "MNW", 1625735539, NULL, "morpheus-network", "MNW", "0xd3E4Ba569045546D09CF021ECC5dFe42b1d7f6E4");
UPDATE assets SET cryptocompare="B2M" where identifier="_ceth_0xd7c302fc3ac829C7E896a32c4Bd126f3e8Bd0a1f";
INSERT INTO ethereum_tokens(address, decimals, protocol) VALUES("0xd7c302fc3ac829C7E896a32c4Bd126f3e8Bd0a1f", 18, NULL); INSERT INTO assets(identifier, type, name, symbol, started, swapped_for, coingecko, cryptocompare, details_reference) VALUES("_ceth_0xd7c302fc3ac829C7E896a32c4Bd126f3e8Bd0a1f", "C", "Bit2Me", "B2M", 1631708294, NULL, "bit2me", "B2M", "0xd7c302fc3ac829C7E896a32c4Bd126f3e8Bd0a1f");
UPDATE assets SET cryptocompare="SBT" where identifier="SBT";
INSERT INTO assets(identifier, type, name, symbol, started, swapped_for, coingecko, cryptocompare, details_reference) VALUES("SBT", "B", "SOLBIT", "SBT", 1572825600, NULL, "solbit", "SBT", "SBT"); INSERT INTO common_asset_details(asset_id, forked) VALUES("SBT", NULL);
UPDATE assets SET cryptocompare="CRFI" where identifier="CRFI";
INSERT INTO assets(identifier, type, name, symbol, started, swapped_for, coingecko, cryptocompare, details_reference) VALUES("CRFI", "S", "Crossfi", "CRFI", 1620587551, NULL, "crossfi", "CRFI", "CRFI"); INSERT INTO common_asset_details(asset_id, forked) VALUES("CRFI", NULL);
UPDATE assets SET cryptocompare="ICA" where identifier="ICA";
INSERT INTO assets(identifier, type, name, symbol, started, swapped_for, coingecko, cryptocompare, details_reference) VALUES("ICA", "S", "Icarus", "ICA", 1571364000, NULL, "icarus-finance", "ICA", "ICA"); INSERT INTO common_asset_details(asset_id, forked) VALUES("ICA", NULL);
UPDATE assets SET cryptocompare="YEFI" where identifier="YEFI";
INSERT INTO assets(identifier, type, name, symbol, started, swapped_for, coingecko, cryptocompare, details_reference) VALUES("YEFI", "S", "yefi", "YEFI", 1623988944, NULL, "yefi", "YEFI", "YEFI"); INSERT INTO common_asset_details(asset_id, forked) VALUES("YEFI", NULL);
UPDATE assets SET cryptocompare="MNGO" where identifier="MNGO";
INSERT INTO assets(identifier, type, name, symbol, started, swapped_for, coingecko, cryptocompare, details_reference) VALUES("MNGO", "Y", "Mango", "MNGO", 1628748149, NULL, "mango-markets", "MNGO", "MNGO"); INSERT INTO common_asset_details(asset_id, forked) VALUES("MNGO", NULL);
UPDATE assets SET cryptocompare="MSOL" where identifier="MSOL";
INSERT INTO assets(identifier, type, name, symbol, started, swapped_for, coingecko, cryptocompare, details_reference) VALUES("MSOL", "Y", "Marinade staked SOL", "MSOL", 1629183679, NULL, "msol", "MSOL", "MSOL"); INSERT INTO common_asset_details(asset_id, forked) VALUES("MSOL", NULL);
UPDATE assets SET cryptocompare="STSOL" where identifier="STSOL";
INSERT INTO assets(identifier, type, name, symbol, started, swapped_for, coingecko, cryptocompare, details_reference) VALUES("STSOL", "Y", "Lido Staked SOL", "STSOL", 1631682230, NULL, "lido-staked-sol", "STSOL", "STSOL"); INSERT INTO common_asset_details(asset_id, forked) VALUES("STSOL", NULL);
UPDATE assets SET cryptocompare="ZPTC" where identifier="ZPTC";
INSERT INTO assets(identifier, type, name, symbol, started, swapped_for, coingecko, cryptocompare, details_reference) VALUES("ZPTC", "S", "Zeptacoin", "ZPTC", 1632928334, NULL, "zeptagram", "ZPTC", "ZPTC"); INSERT INTO common_asset_details(asset_id, forked) VALUES("ZPTC", NULL);
UPDATE assets SET cryptocompare="ILA" where identifier="ILA";
INSERT INTO assets(identifier, type, name, symbol, started, swapped_for, coingecko, cryptocompare, details_reference) VALUES("ILA", "W", "Infinite Launch", "ILA", 1637845387, NULL, "infinite-launch", "ILA", "ILA"); INSERT INTO common_asset_details(asset_id, forked) VALUES("ILA", NULL);
UPDATE assets SET cryptocompare="CHMB" where identifier="CHMB";
INSERT INTO assets(identifier, type, name, symbol, started, swapped_for, coingecko, cryptocompare, details_reference) VALUES("CHMB", "S", "Chumbi Valley", "CHMB", 1638942974, NULL, "chumbai-valley", "CHMB", "CHMB"); INSERT INTO common_asset_details(asset_id, forked) VALUES("CHMB", NULL);
UPDATE assets SET cryptocompare="SSG" where identifier="SSG";
INSERT INTO assets(identifier, type, name, symbol, started, swapped_for, coingecko, cryptocompare, details_reference) VALUES("SSG", "S", "Surviving Soldiers", "SSG", 1636290073, NULL, "surviving-soldiers", "SSG", "SSG"); INSERT INTO common_asset_details(asset_id, forked) VALUES("SSG", NULL);
UPDATE assets SET cryptocompare="KRRX" where identifier="KRRX";
INSERT INTO assets(identifier, type, name, symbol, started, swapped_for, coingecko, cryptocompare, details_reference) VALUES("KRRX", "P", "Kyrrex", "KRRX", 1631088136, NULL, "kyrrex", "KRRX", "KRRX"); INSERT INTO common_asset_details(asset_id, forked) VALUES("KRRX", NULL);
UPDATE assets SET cryptocompare="CREDI" where identifier="CREDI";
INSERT INTO assets(identifier, type, name, symbol, started, swapped_for, coingecko, cryptocompare, details_reference) VALUES("CREDI", "B", "Credefi", "CREDI", 1639051360, NULL, "credefi", "CREDI", "CREDI"); INSERT INTO common_asset_details(asset_id, forked) VALUES("CREDI", NULL);
UPDATE assets SET cryptocompare="PEL" where identifier="PEL";
INSERT INTO assets(identifier, type, name, symbol, started, swapped_for, coingecko, cryptocompare, details_reference) VALUES("PEL", "B", "Propel Token", "PEL", 1638893347, NULL, "propel-token", "PEL", "PEL"); INSERT INTO common_asset_details(asset_id, forked) VALUES("PEL", NULL);
