INSERT INTO assets(identifier, name, type) VALUES("eip155:42161/erc20:0x912ce59144191c1204e64559fe8253a0e49e6548", "Arbitrum", "C"); INSERT INTO evm_tokens(identifier, token_kind, chain, address, decimals, protocol) VALUES("eip155:42161/erc20:0x912ce59144191c1204e64559fe8253a0e49e6548", "A", 42161, "0x912ce59144191c1204e64559fe8253a0e49e6548", 18, NULL); INSERT INTO common_asset_details(identifier, symbol, coingecko, cryptocompare, forked, started, swapped_for) VALUES("eip155:42161/erc20:0x912ce59144191c1204e64559fe8253a0e49e6548", "ARB", "arbitrum", "ARB", NULL, 1678968508, NULL);
*
INSERT INTO assets(identifier, name, type) VALUES("eip155:1/erc20:0xB50721BCf8d664c30412Cfbc6cf7a15145234ad1", "Arbitrum", "C"); INSERT INTO evm_tokens(identifier, token_kind, chain, address, decimals, protocol) VALUES("eip155:1/erc20:0xB50721BCf8d664c30412Cfbc6cf7a15145234ad1", "A", 1, "0xB50721BCf8d664c30412Cfbc6cf7a15145234ad1", 18, NULL); INSERT INTO common_asset_details(identifier, symbol, coingecko, cryptocompare, forked, started, swapped_for) VALUES("eip155:1/erc20:0xB50721BCf8d664c30412Cfbc6cf7a15145234ad1", "ARB", "arbitrum", "ARB", NULL, 1678968467, NULL);
*
INSERT INTO assets(identifier, name, type) VALUES("eip155:42161/erc20:0x5979d7b546e38e414f7e9822514be443a4800529", "Wrapped liquid staked Ether 2.0", "C"); INSERT INTO evm_tokens(identifier, token_kind, chain, address, decimals, protocol) VALUES("eip155:42161/erc20:0x5979d7b546e38e414f7e9822514be443a4800529", "A", 42161, "0x5979d7b546e38e414f7e9822514be443a4800529", 18, NULL); INSERT INTO common_asset_details(identifier, symbol, coingecko, cryptocompare, forked, started, swapped_for) VALUES("eip155:42161/erc20:0x5979d7b546e38e414f7e9822514be443a4800529", "wstETH", "wrapped-steth", "WSTETH", NULL, 1659608815, NULL);
*
INSERT INTO assets(identifier, name, type) VALUES("eip155:10/erc20:0x1f32b1c2345538c0c6f582fcb022739c4a194ebb", "Wrapped liquid staked Ether 2.0", "C"); INSERT INTO evm_tokens(identifier, token_kind, chain, address, decimals, protocol) VALUES("eip155:10/erc20:0x1f32b1c2345538c0c6f582fcb022739c4a194ebb", "A", 10, "0x1f32b1c2345538c0c6f582fcb022739c4a194ebb", 18, NULL); INSERT INTO common_asset_details(identifier, symbol, coingecko, cryptocompare, forked, started, swapped_for) VALUES("eip155:10/erc20:0x1f32b1c2345538c0c6f582fcb022739c4a194ebb", "wstETH", "wrapped-steth", "WSTETH", NULL, 1659687832, NULL);
*
INSERT INTO assets(identifier, name, type) VALUES("eip155:42161/erc20:0x178412e79c25968a32e89b11f63b33f733770c2a", "Frax Ether", "C"); INSERT INTO evm_tokens(identifier, token_kind, chain, address, decimals, protocol) VALUES("eip155:42161/erc20:0x178412e79c25968a32e89b11f63b33f733770c2a", "A", 42161, "0x178412e79c25968a32e89b11f63b33f733770c2a", 18, NULL); INSERT INTO common_asset_details(identifier, symbol, coingecko, cryptocompare, forked, started, swapped_for) VALUES("eip155:42161/erc20:0x178412e79c25968a32e89b11f63b33f733770c2a", "frxETH", "frax-ether", "", NULL, 1673211956, NULL);
*
INSERT INTO assets(identifier, name, type) VALUES("eip155:10/erc20:0x6806411765af15bddd26f8f544a34cc40cb9838b", "Frax Ether", "C"); INSERT INTO evm_tokens(identifier, token_kind, chain, address, decimals, protocol) VALUES("eip155:10/erc20:0x6806411765af15bddd26f8f544a34cc40cb9838b", "A", 10, "0x6806411765af15bddd26f8f544a34cc40cb9838b", 18, NULL); INSERT INTO common_asset_details(identifier, symbol, coingecko, cryptocompare, forked, started, swapped_for) VALUES("eip155:10/erc20:0x6806411765af15bddd26f8f544a34cc40cb9838b", "frxETH", "frax-ether", "", NULL, 1673221013, NULL);
*
INSERT INTO assets(identifier, name, type) VALUES("eip155:56/erc20:0x64048a7eecf3a2f1ba9e144aac3d7db6e58f555e", "Frax Ether", "C"); INSERT INTO evm_tokens(identifier, token_kind, chain, address, decimals, protocol) VALUES("eip155:56/erc20:0x64048a7eecf3a2f1ba9e144aac3d7db6e58f555e", "A", 56, "0x64048a7eecf3a2f1ba9e144aac3d7db6e58f555e", 18, NULL); INSERT INTO common_asset_details(identifier, symbol, coingecko, cryptocompare, forked, started, swapped_for) VALUES("eip155:56/erc20:0x64048a7eecf3a2f1ba9e144aac3d7db6e58f555e", "frxETH", "frax-ether", "", NULL, 1673215143, NULL);
*
INSERT INTO assets(identifier, name, type) VALUES("eip155:137/erc20:0xEe327F889d5947c1dc1934Bb208a1E792F953E96", "Frax Ether", "C"); INSERT INTO evm_tokens(identifier, token_kind, chain, address, decimals, protocol) VALUES("eip155:137/erc20:0xEe327F889d5947c1dc1934Bb208a1E792F953E96", "A", 137, "0xEe327F889d5947c1dc1934Bb208a1E792F953E96", 18, NULL); INSERT INTO common_asset_details(identifier, symbol, coingecko, cryptocompare, forked, started, swapped_for) VALUES("eip155:137/erc20:0xEe327F889d5947c1dc1934Bb208a1E792F953E96", "frxETH", "frax-ether", "", NULL, 1673220278, NULL);
*
INSERT INTO assets(identifier, name, type) VALUES("eip155:250/erc20:0x9e73f99ee061c8807f69f9c6ccc44ea3d8c373ee", "Frax Ether", "C"); INSERT INTO evm_tokens(identifier, token_kind, chain, address, decimals, protocol) VALUES("eip155:250/erc20:0x9e73f99ee061c8807f69f9c6ccc44ea3d8c373ee", "A", 250, "0x9e73f99ee061c8807f69f9c6ccc44ea3d8c373ee", 18, NULL); INSERT INTO common_asset_details(identifier, symbol, coingecko, cryptocompare, forked, started, swapped_for) VALUES("eip155:250/erc20:0x9e73f99ee061c8807f69f9c6ccc44ea3d8c373ee", "frxETH", "frax-ether", "", NULL, 1674490080, NULL);
*
INSERT INTO assets(identifier, name, type) VALUES("eip155:1/erc20:0xac3E018457B222d93114458476f3E3416Abbe38F", "Staked Frax Ether", "C"); INSERT INTO evm_tokens(identifier, token_kind, chain, address, decimals, protocol) VALUES("eip155:1/erc20:0xac3E018457B222d93114458476f3E3416Abbe38F", "A", 1, "0xac3E018457B222d93114458476f3E3416Abbe38F", 18, NULL); INSERT INTO common_asset_details(identifier, symbol, coingecko, cryptocompare, forked, started, swapped_for) VALUES("eip155:1/erc20:0xac3E018457B222d93114458476f3E3416Abbe38F", "sfrxETH", "staked-frax-ether", "", NULL, NULL, NULL);
*
INSERT INTO assets(identifier, name, type) VALUES("eip155:42161/erc20:0x95ab45875cffdba1e5f451b950bc2e42c0053f39", "Staked Frax Ether", "C"); INSERT INTO evm_tokens(identifier, token_kind, chain, address, decimals, protocol) VALUES("eip155:42161/erc20:0x95ab45875cffdba1e5f451b950bc2e42c0053f39", "A", 42161, "0x95ab45875cffdba1e5f451b950bc2e42c0053f39", 18, NULL); INSERT INTO common_asset_details(identifier, symbol, coingecko, cryptocompare, forked, started, swapped_for) VALUES("eip155:42161/erc20:0x95ab45875cffdba1e5f451b950bc2e42c0053f39", "sfrxETH", "staked-frax-ether", "", NULL, 1673211957, NULL);
*
INSERT INTO assets(identifier, name, type) VALUES("eip155:10/erc20:0x484c2d6e3cdd945a8b2df735e079178c1036578c", "Staked Frax Ether", "C"); INSERT INTO evm_tokens(identifier, token_kind, chain, address, decimals, protocol) VALUES("eip155:10/erc20:0x484c2d6e3cdd945a8b2df735e079178c1036578c", "A", 10, "0x484c2d6e3cdd945a8b2df735e079178c1036578c", 18, NULL); INSERT INTO common_asset_details(identifier, symbol, coingecko, cryptocompare, forked, started, swapped_for) VALUES("eip155:10/erc20:0x484c2d6e3cdd945a8b2df735e079178c1036578c", "sfrxETH", "staked-frax-ether", "", NULL, 1673221028, NULL);
*
INSERT INTO assets(identifier, name, type) VALUES("eip155:56/erc20:0x3cd55356433c89e50dc51ab07ee0fa0a95623d53", "Staked Frax Ether", "C"); INSERT INTO evm_tokens(identifier, token_kind, chain, address, decimals, protocol) VALUES("eip155:56/erc20:0x3cd55356433c89e50dc51ab07ee0fa0a95623d53", "A", 56, "0x3cd55356433c89e50dc51ab07ee0fa0a95623d53", 18, NULL); INSERT INTO common_asset_details(identifier, symbol, coingecko, cryptocompare, forked, started, swapped_for) VALUES("eip155:56/erc20:0x3cd55356433c89e50dc51ab07ee0fa0a95623d53", "sfrxETH", "staked-frax-ether", "", NULL, 1673215146, NULL);
*
INSERT INTO assets(identifier, name, type) VALUES("eip155:137/erc20:0x6d1FdBB266fCc09A16a22016369210A15bb95761", "Staked Frax Ether", "C"); INSERT INTO evm_tokens(identifier, token_kind, chain, address, decimals, protocol) VALUES("eip155:137/erc20:0x6d1FdBB266fCc09A16a22016369210A15bb95761", "A", 137, "0x6d1FdBB266fCc09A16a22016369210A15bb95761", 18, NULL); INSERT INTO common_asset_details(identifier, symbol, coingecko, cryptocompare, forked, started, swapped_for) VALUES("eip155:137/erc20:0x6d1FdBB266fCc09A16a22016369210A15bb95761", "sfrxETH", "staked-frax-ether", "", NULL, 1673220278, NULL);
*
INSERT INTO assets(identifier, name, type) VALUES("eip155:250/erc20:0xb90ccd563918ff900928dc529aa01046795ccb4a", "Staked Frax Ether", "C"); INSERT INTO evm_tokens(identifier, token_kind, chain, address, decimals, protocol) VALUES("eip155:250/erc20:0xb90ccd563918ff900928dc529aa01046795ccb4a", "A", 250, "0xb90ccd563918ff900928dc529aa01046795ccb4a", 18, NULL); INSERT INTO common_asset_details(identifier, symbol, coingecko, cryptocompare, forked, started, swapped_for) VALUES("eip155:250/erc20:0xb90ccd563918ff900928dc529aa01046795ccb4a", "sfrxETH", "staked-frax-ether", "", NULL, 1674490087, NULL);
*
INSERT INTO assets(identifier, name, type) VALUES("eip155:42161/erc20:0x93b346b6bc2548da6a1e7d98e9a421b42541425b", "LUSD Stablecoin", "C"); INSERT INTO evm_tokens(identifier, token_kind, chain, address, decimals, protocol) VALUES("eip155:42161/erc20:0x93b346b6bc2548da6a1e7d98e9a421b42541425b", "A", 42161, "0x93b346b6bc2548da6a1e7d98e9a421b42541425b", 18, NULL); INSERT INTO common_asset_details(identifier, symbol, coingecko, cryptocompare, forked, started, swapped_for) VALUES("eip155:42161/erc20:0x93b346b6bc2548da6a1e7d98e9a421b42541425b", "LUSD", "liquity-usd", "", NULL, 1660286965, NULL);
*
INSERT INTO assets(identifier, name, type) VALUES("eip155:10/erc20:0xc40f949f8a4e094d1b49a23ea9241d289b7b2819", "LUSD Stablecoin", "C"); INSERT INTO evm_tokens(identifier, token_kind, chain, address, decimals, protocol) VALUES("eip155:10/erc20:0xc40f949f8a4e094d1b49a23ea9241d289b7b2819", "A", 10, "0xc40f949f8a4e094d1b49a23ea9241d289b7b2819", 18, NULL); INSERT INTO common_asset_details(identifier, symbol, coingecko, cryptocompare, forked, started, swapped_for) VALUES("eip155:10/erc20:0xc40f949f8a4e094d1b49a23ea9241d289b7b2819", "LUSD", "liquity-usd", "", NULL, NULL, NULL);
*
INSERT INTO assets(identifier, name, type) VALUES("SUI", "Sui", "B"); INSERT INTO common_asset_details(identifier, symbol, coingecko, cryptocompare, forked, started, swapped_for) VALUES("SUI", "SUI", "sui", "SUI", NULL, 1683126000, NULL);
*
INSERT INTO assets(identifier, name, type) VALUES("eip155:10/erc20:0x3c8b650257cfb5f272f799f5e2b4e65093a11a05", "Velodrome", "C"); INSERT INTO evm_tokens(identifier, token_kind, chain, address, decimals, protocol) VALUES("eip155:10/erc20:0x3c8b650257cfb5f272f799f5e2b4e65093a11a05", "A", 10, "0x3c8b650257cfb5f272f799f5e2b4e65093a11a05", 18, NULL); INSERT INTO common_asset_details(identifier, symbol, coingecko, cryptocompare, forked, started, swapped_for) VALUES("eip155:10/erc20:0x3c8b650257cfb5f272f799f5e2b4e65093a11a05", "VELO", "velodrome-finance", "", NULL, 1654113683, NULL);
*
INSERT INTO assets(identifier, name, type) VALUES("eip155:1/erc20:0x6982508145454Ce325dDbE47a25d4ec3d2311933", "Pepe", "C"); INSERT INTO evm_tokens(identifier, token_kind, chain, address, decimals, protocol) VALUES("eip155:1/erc20:0x6982508145454Ce325dDbE47a25d4ec3d2311933", "A", 1, "0x6982508145454Ce325dDbE47a25d4ec3d2311933", 18, NULL); INSERT INTO common_asset_details(identifier, symbol, coingecko, cryptocompare, forked, started, swapped_for) VALUES("eip155:1/erc20:0x6982508145454Ce325dDbE47a25d4ec3d2311933", "PEPE", "pepe", "PEPE", NULL, 1681483895, NULL);
*
INSERT INTO assets(identifier, name, type) VALUES("eip155:1/erc20:0xb23d80f5FefcDDaa212212F028021B41DEd428CF", "Prime", "C"); INSERT INTO evm_tokens(identifier, token_kind, chain, address, decimals, protocol) VALUES("eip155:1/erc20:0xb23d80f5FefcDDaa212212F028021B41DEd428CF", "A", 1, "0xb23d80f5FefcDDaa212212F028021B41DEd428CF", 18, NULL); INSERT INTO common_asset_details(identifier, symbol, coingecko, cryptocompare, forked, started, swapped_for) VALUES("eip155:1/erc20:0xb23d80f5FefcDDaa212212F028021B41DEd428CF", "PRIME", "echelon-prime", "", NULL, 1658083280, NULL);
*
INSERT INTO assets(identifier, name, type) VALUES("eip155:1/erc20:0x8c1BEd5b9a0928467c9B1341Da1D7BD5e10b6549", "Liquid Staked ETH", "C"); INSERT INTO evm_tokens(identifier, token_kind, chain, address, decimals, protocol) VALUES("eip155:1/erc20:0x8c1BEd5b9a0928467c9B1341Da1D7BD5e10b6549", "A", 1, "0x8c1BEd5b9a0928467c9B1341Da1D7BD5e10b6549", 18, NULL); INSERT INTO common_asset_details(identifier, symbol, coingecko, cryptocompare, forked, started, swapped_for) VALUES("eip155:1/erc20:0x8c1BEd5b9a0928467c9B1341Da1D7BD5e10b6549", "LsETH", "liquid-staked-ethereum", "", NULL, 1664906231, NULL);
*
INSERT INTO assets(identifier, name, type) VALUES("eip155:1/erc20:0x628eBC64A38269E031AFBDd3C5BA857483B5d048", "Liquid Staked ETH", "C"); INSERT INTO evm_tokens(identifier, token_kind, chain, address, decimals, protocol) VALUES("eip155:1/erc20:0x628eBC64A38269E031AFBDd3C5BA857483B5d048", "A", 1, "0x628eBC64A38269E031AFBDd3C5BA857483B5d048", 18, NULL); INSERT INTO common_asset_details(identifier, symbol, coingecko, cryptocompare, forked, started, swapped_for) VALUES("eip155:1/erc20:0x628eBC64A38269E031AFBDd3C5BA857483B5d048", "LSETH", "liquid-staked-eth-index", "", NULL, 1673987507, NULL);
*
INSERT INTO assets(identifier, name, type) VALUES("eip155:1/erc20:0x5fab9761d60419C9eeEbe3915A8FA1ed7e8d2E1B", "Dimo", "C"); INSERT INTO evm_tokens(identifier, token_kind, chain, address, decimals, protocol) VALUES("eip155:1/erc20:0x5fab9761d60419C9eeEbe3915A8FA1ed7e8d2E1B", "A", 1, "0x5fab9761d60419C9eeEbe3915A8FA1ed7e8d2E1B", 18, NULL); INSERT INTO common_asset_details(identifier, symbol, coingecko, cryptocompare, forked, started, swapped_for) VALUES("eip155:1/erc20:0x5fab9761d60419C9eeEbe3915A8FA1ed7e8d2E1B", "DIMO", "dimo", "", NULL, 1640888377, NULL);
*
INSERT INTO assets(identifier, name, type) VALUES("eip155:137/erc20:0xE261D618a959aFfFd53168Cd07D12E37B26761db", "Dimo", "C"); INSERT INTO evm_tokens(identifier, token_kind, chain, address, decimals, protocol) VALUES("eip155:137/erc20:0xE261D618a959aFfFd53168Cd07D12E37B26761db", "A", 137, "0xE261D618a959aFfFd53168Cd07D12E37B26761db", 18, NULL); INSERT INTO common_asset_details(identifier, symbol, coingecko, cryptocompare, forked, started, swapped_for) VALUES("eip155:137/erc20:0xE261D618a959aFfFd53168Cd07D12E37B26761db", "DIMO", "dimo", "", NULL, 1654729214, NULL);
*
INSERT INTO assets(identifier, name, type) VALUES("eip155:1/erc20:0x9813037ee2218799597d83D4a5B6F3b6778218d9", "BONE SHIBASWAP", "C"); INSERT INTO evm_tokens(identifier, token_kind, chain, address, decimals, protocol) VALUES("eip155:1/erc20:0x9813037ee2218799597d83D4a5B6F3b6778218d9", "A", 1, "0x9813037ee2218799597d83D4a5B6F3b6778218d9", 18, NULL); INSERT INTO common_asset_details(identifier, symbol, coingecko, cryptocompare, forked, started, swapped_for) VALUES("eip155:1/erc20:0x9813037ee2218799597d83D4a5B6F3b6778218d9", "BONE", "bone-shibaswap", "BONE", NULL, 1625542925, NULL);
*
UPDATE evm_tokens SET protocol="spam" WHERE identifier="eip155:1/erc20:0xE1b3f4849C8959F53eDd3AB932E0F145Daf865C1";
INSERT INTO assets(identifier, name, type) VALUES("eip155:1/erc20:0xE1b3f4849C8959F53eDd3AB932E0F145Daf865C1", "Autodetected spam token", "C"); INSERT INTO evm_tokens(identifier, token_kind, chain, address, decimals, protocol) VALUES("eip155:1/erc20:0xE1b3f4849C8959F53eDd3AB932E0F145Daf865C1", "A", 1, "0xE1b3f4849C8959F53eDd3AB932E0F145Daf865C1", 9, "spam"); INSERT INTO common_asset_details(identifier, symbol, coingecko, cryptocompare, forked, started, swapped_for) VALUES("eip155:1/erc20:0xE1b3f4849C8959F53eDd3AB932E0F145Daf865C1", "0xE1b3f4849C8959F53eDd3AB932E0F145Daf865C1", "", "", NULL, NULL, NULL);
UPDATE evm_tokens SET protocol="spam" WHERE identifier="eip155:1/erc20:0x0D3716e3e411aF431a6E87E715D4B05BbCD67000";
INSERT INTO assets(identifier, name, type) VALUES("eip155:1/erc20:0x0D3716e3e411aF431a6E87E715D4B05BbCD67000", "Autodetected spam token", "C"); INSERT INTO evm_tokens(identifier, token_kind, chain, address, decimals, protocol) VALUES("eip155:1/erc20:0x0D3716e3e411aF431a6E87E715D4B05BbCD67000", "A", 1, "0x0D3716e3e411aF431a6E87E715D4B05BbCD67000", 0, "spam"); INSERT INTO common_asset_details(identifier, symbol, coingecko, cryptocompare, forked, started, swapped_for) VALUES("eip155:1/erc20:0x0D3716e3e411aF431a6E87E715D4B05BbCD67000", "0x0D3716e3e411aF431a6E87E715D4B05BbCD67000", "", "", NULL, 1669217963, NULL);
UPDATE evm_tokens SET protocol="spam" WHERE identifier="eip155:1/erc20:0xb7E8127cE708213599Cb55e4A920198214270A79";
INSERT INTO assets(identifier, name, type) VALUES("eip155:1/erc20:0xb7E8127cE708213599Cb55e4A920198214270A79", "Autodetected spam token", "C"); INSERT INTO evm_tokens(identifier, token_kind, chain, address, decimals, protocol) VALUES("eip155:1/erc20:0xb7E8127cE708213599Cb55e4A920198214270A79", "A", 1, "0xb7E8127cE708213599Cb55e4A920198214270A79", 18, "spam"); INSERT INTO common_asset_details(identifier, symbol, coingecko, cryptocompare, forked, started, swapped_for) VALUES("eip155:1/erc20:0xb7E8127cE708213599Cb55e4A920198214270A79", "Invitation token. Please Visit https://pums.info a", "", "", NULL, NULL, NULL);
UPDATE evm_tokens SET protocol="spam" WHERE identifier="eip155:1/erc20:0xb2C3A55Ea8b15D0F17df2fe4AC6A6f4C76f4A1c6";
INSERT INTO assets(identifier, name, type) VALUES("eip155:1/erc20:0xb2C3A55Ea8b15D0F17df2fe4AC6A6f4C76f4A1c6", "aater.site", "C"); INSERT INTO evm_tokens(identifier, token_kind, chain, address, decimals, protocol) VALUES("eip155:1/erc20:0xb2C3A55Ea8b15D0F17df2fe4AC6A6f4C76f4A1c6", "A", 1, "0xb2C3A55Ea8b15D0F17df2fe4AC6A6f4C76f4A1c6", 18, "spam"); INSERT INTO common_asset_details(identifier, symbol, coingecko, cryptocompare, forked, started, swapped_for) VALUES("eip155:1/erc20:0xb2C3A55Ea8b15D0F17df2fe4AC6A6f4C76f4A1c6", "Invitation token. Please Visit https://aater.site", "", "", NULL, NULL, NULL);
UPDATE evm_tokens SET protocol="spam" WHERE identifier="eip155:1/erc20:0x768ee58B2e288D3f09D4A42479d9F45CCE40B0c4";
INSERT INTO assets(identifier, name, type) VALUES("eip155:1/erc20:0x768ee58B2e288D3f09D4A42479d9F45CCE40B0c4", "Autodetected spam token", "C"); INSERT INTO evm_tokens(identifier, token_kind, chain, address, decimals, protocol) VALUES("eip155:1/erc20:0x768ee58B2e288D3f09D4A42479d9F45CCE40B0c4", "A", 1, "0x768ee58B2e288D3f09D4A42479d9F45CCE40B0c4", 18, "spam"); INSERT INTO common_asset_details(identifier, symbol, coingecko, cryptocompare, forked, started, swapped_for) VALUES("eip155:1/erc20:0x768ee58B2e288D3f09D4A42479d9F45CCE40B0c4", "0x768ee58B2e288D3f09D4A42479d9F45CCE40B0c4", "", "", NULL, NULL, NULL);
UPDATE evm_tokens SET protocol="spam" WHERE identifier="eip155:1/erc20:0x69D732F50e248D4B825d524fEDEB0D7Ce3d76352";
INSERT INTO assets(identifier, name, type) VALUES("eip155:1/erc20:0x69D732F50e248D4B825d524fEDEB0D7Ce3d76352", "Autodetected spam token", "C"); INSERT INTO evm_tokens(identifier, token_kind, chain, address, decimals, protocol) VALUES("eip155:1/erc20:0x69D732F50e248D4B825d524fEDEB0D7Ce3d76352", "A", 1, "0x69D732F50e248D4B825d524fEDEB0D7Ce3d76352", 18, "spam"); INSERT INTO common_asset_details(identifier, symbol, coingecko, cryptocompare, forked, started, swapped_for) VALUES("eip155:1/erc20:0x69D732F50e248D4B825d524fEDEB0D7Ce3d76352", "0x69D732F50e248D4B825d524fEDEB0D7Ce3d76352", "", "", NULL, NULL, NULL);
UPDATE evm_tokens SET protocol="spam" WHERE identifier="eip155:1/erc20:0x120aA018634F555484c088c8da80F75Aa07E004F";
INSERT INTO assets(identifier, name, type) VALUES("eip155:1/erc20:0x120aA018634F555484c088c8da80F75Aa07E004F", "Autodetected spam token", "C"); INSERT INTO evm_tokens(identifier, token_kind, chain, address, decimals, protocol) VALUES("eip155:1/erc20:0x120aA018634F555484c088c8da80F75Aa07E004F", "A", 1, "0x120aA018634F555484c088c8da80F75Aa07E004F", 18, "spam"); INSERT INTO common_asset_details(identifier, symbol, coingecko, cryptocompare, forked, started, swapped_for) VALUES("eip155:1/erc20:0x120aA018634F555484c088c8da80F75Aa07E004F", "0x120aA018634F555484c088c8da80F75Aa07E004F", "", "", NULL, 1661350115, NULL);
UPDATE evm_tokens SET protocol="spam" WHERE identifier="eip155:1/erc20:0xb3c4E9e07ed39708231FF357e8D54096406c2788";
INSERT INTO assets(identifier, name, type) VALUES("eip155:1/erc20:0xb3c4E9e07ed39708231FF357e8D54096406c2788", "Autodetected spam token", "C"); INSERT INTO evm_tokens(identifier, token_kind, chain, address, decimals, protocol) VALUES("eip155:1/erc20:0xb3c4E9e07ed39708231FF357e8D54096406c2788", "A", 1, "0xb3c4E9e07ed39708231FF357e8D54096406c2788", 6, "spam"); INSERT INTO common_asset_details(identifier, symbol, coingecko, cryptocompare, forked, started, swapped_for) VALUES("eip155:1/erc20:0xb3c4E9e07ed39708231FF357e8D54096406c2788", "0xb3c4E9e07ed39708231FF357e8D54096406c2788", "", "", NULL, NULL, NULL);
UPDATE evm_tokens SET protocol="spam" WHERE identifier="eip155:1/erc20:0xbf9136BB6ed468356e8ae5c63107D0892f9aCb06";
INSERT INTO assets(identifier, name, type) VALUES("eip155:1/erc20:0xbf9136BB6ed468356e8ae5c63107D0892f9aCb06", "Autodetected spam token", "C"); INSERT INTO evm_tokens(identifier, token_kind, chain, address, decimals, protocol) VALUES("eip155:1/erc20:0xbf9136BB6ed468356e8ae5c63107D0892f9aCb06", "A", 1, "0xbf9136BB6ed468356e8ae5c63107D0892f9aCb06", 6, "spam"); INSERT INTO common_asset_details(identifier, symbol, coingecko, cryptocompare, forked, started, swapped_for) VALUES("eip155:1/erc20:0xbf9136BB6ed468356e8ae5c63107D0892f9aCb06", "avrc.xyz", "", "", NULL, NULL, NULL);
UPDATE evm_tokens SET protocol="spam" WHERE identifier="eip155:1/erc20:0xd707B59f8b9C5267C579fdf615cDB09353eaCA20";
INSERT INTO assets(identifier, name, type) VALUES("eip155:1/erc20:0xd707B59f8b9C5267C579fdf615cDB09353eaCA20", "Autodetected spam token", "C"); INSERT INTO evm_tokens(identifier, token_kind, chain, address, decimals, protocol) VALUES("eip155:1/erc20:0xd707B59f8b9C5267C579fdf615cDB09353eaCA20", "A", 1, "0xd707B59f8b9C5267C579fdf615cDB09353eaCA20", 6, "spam"); INSERT INTO common_asset_details(identifier, symbol, coingecko, cryptocompare, forked, started, swapped_for) VALUES("eip155:1/erc20:0xd707B59f8b9C5267C579fdf615cDB09353eaCA20", "0xd707B59f8b9C5267C579fdf615cDB09353eaCA20", "", "", NULL, NULL, NULL);
UPDATE evm_tokens SET protocol="spam" WHERE identifier="eip155:1/erc20:0x2d262c7FaA8E03A86D6634BDc6178B3e06cd690b";
INSERT INTO assets(identifier, name, type) VALUES("eip155:1/erc20:0x2d262c7FaA8E03A86D6634BDc6178B3e06cd690b", "Autodetected spam token", "C"); INSERT INTO evm_tokens(identifier, token_kind, chain, address, decimals, protocol) VALUES("eip155:1/erc20:0x2d262c7FaA8E03A86D6634BDc6178B3e06cd690b", "A", 1, "0x2d262c7FaA8E03A86D6634BDc6178B3e06cd690b", 18, "spam"); INSERT INTO common_asset_details(identifier, symbol, coingecko, cryptocompare, forked, started, swapped_for) VALUES("eip155:1/erc20:0x2d262c7FaA8E03A86D6634BDc6178B3e06cd690b", "0x2d262c7FaA8E03A86D6634BDc6178B3e06cd690b", "", "", NULL, 1663752263, NULL);
UPDATE evm_tokens SET protocol="spam" WHERE identifier="eip155:1/erc20:0x208A9C9D8E1d33a4f5b371Bf1864AA125379Ba1B";
INSERT INTO assets(identifier, name, type) VALUES("eip155:1/erc20:0x208A9C9D8E1d33a4f5b371Bf1864AA125379Ba1B", "Autodetected spam token", "C"); INSERT INTO evm_tokens(identifier, token_kind, chain, address, decimals, protocol) VALUES("eip155:1/erc20:0x208A9C9D8E1d33a4f5b371Bf1864AA125379Ba1B", "A", 1, "0x208A9C9D8E1d33a4f5b371Bf1864AA125379Ba1B", 18, "spam"); INSERT INTO common_asset_details(identifier, symbol, coingecko, cryptocompare, forked, started, swapped_for) VALUES("eip155:1/erc20:0x208A9C9D8E1d33a4f5b371Bf1864AA125379Ba1B", "0x208A9C9D8E1d33a4f5b371Bf1864AA125379Ba1B", "", "", NULL, 1664800727, NULL);
UPDATE evm_tokens SET protocol="spam" WHERE identifier="eip155:1/erc20:0xaD9F583F255Ea7fBa4321f84cBa57c3bBD2F0687";
INSERT INTO assets(identifier, name, type) VALUES("eip155:1/erc20:0xaD9F583F255Ea7fBa4321f84cBa57c3bBD2F0687", "Autodetected spam token", "C"); INSERT INTO evm_tokens(identifier, token_kind, chain, address, decimals, protocol) VALUES("eip155:1/erc20:0xaD9F583F255Ea7fBa4321f84cBa57c3bBD2F0687", "A", 1, "0xaD9F583F255Ea7fBa4321f84cBa57c3bBD2F0687", 0, "spam"); INSERT INTO common_asset_details(identifier, symbol, coingecko, cryptocompare, forked, started, swapped_for) VALUES("eip155:1/erc20:0xaD9F583F255Ea7fBa4321f84cBa57c3bBD2F0687", "0xaD9F583F255Ea7fBa4321f84cBa57c3bBD2F0687", "", "", NULL, 1662178460, NULL);
UPDATE evm_tokens SET protocol="spam" WHERE identifier="eip155:1/erc20:0x71FdF1Bbb9F166FBCC4fDc73d696999FA4D8e4a2";
INSERT INTO assets(identifier, name, type) VALUES("eip155:1/erc20:0x71FdF1Bbb9F166FBCC4fDc73d696999FA4D8e4a2", "Autodetected spam token", "C"); INSERT INTO evm_tokens(identifier, token_kind, chain, address, decimals, protocol) VALUES("eip155:1/erc20:0x71FdF1Bbb9F166FBCC4fDc73d696999FA4D8e4a2", "A", 1, "0x71FdF1Bbb9F166FBCC4fDc73d696999FA4D8e4a2", 0, "spam"); INSERT INTO common_asset_details(identifier, symbol, coingecko, cryptocompare, forked, started, swapped_for) VALUES("eip155:1/erc20:0x71FdF1Bbb9F166FBCC4fDc73d696999FA4D8e4a2", "0x71FdF1Bbb9F166FBCC4fDc73d696999FA4D8e4a2", "", "", NULL, NULL, NULL);
UPDATE evm_tokens SET protocol="spam" WHERE identifier="eip155:1/erc20:0x66F176BB173DE87fcE3d1e828baDEA5081B7Fb5e";
INSERT INTO assets(identifier, name, type) VALUES("eip155:1/erc20:0x66F176BB173DE87fcE3d1e828baDEA5081B7Fb5e", "Autodetected spam token", "C"); INSERT INTO evm_tokens(identifier, token_kind, chain, address, decimals, protocol) VALUES("eip155:1/erc20:0x66F176BB173DE87fcE3d1e828baDEA5081B7Fb5e", "A", 1, "0x66F176BB173DE87fcE3d1e828baDEA5081B7Fb5e", 18, "spam"); INSERT INTO common_asset_details(identifier, symbol, coingecko, cryptocompare, forked, started, swapped_for) VALUES("eip155:1/erc20:0x66F176BB173DE87fcE3d1e828baDEA5081B7Fb5e", "0x66F176BB173DE87fcE3d1e828baDEA5081B7Fb5e", "", "", NULL, 1662342525, NULL);
UPDATE evm_tokens SET protocol="spam" WHERE identifier="eip155:1/erc20:0x643695D282f6BA237afe27FFE0Acd89a86b50d3e";
INSERT INTO assets(identifier, name, type) VALUES("eip155:1/erc20:0x643695D282f6BA237afe27FFE0Acd89a86b50d3e", "Autodetected spam token", "C"); INSERT INTO evm_tokens(identifier, token_kind, chain, address, decimals, protocol) VALUES("eip155:1/erc20:0x643695D282f6BA237afe27FFE0Acd89a86b50d3e", "A", 1, "0x643695D282f6BA237afe27FFE0Acd89a86b50d3e", 0, "spam"); INSERT INTO common_asset_details(identifier, symbol, coingecko, cryptocompare, forked, started, swapped_for) VALUES("eip155:1/erc20:0x643695D282f6BA237afe27FFE0Acd89a86b50d3e", "0x643695D282f6BA237afe27FFE0Acd89a86b50d3e", "", "", NULL, 1671982223, NULL);
UPDATE evm_tokens SET protocol="spam" WHERE identifier="eip155:1/erc20:0x6171136E82a2f1bAA2494c69528f599467EfeA20";
INSERT INTO assets(identifier, name, type) VALUES("eip155:1/erc20:0x6171136E82a2f1bAA2494c69528f599467EfeA20", "Autodetected spam token", "C"); INSERT INTO evm_tokens(identifier, token_kind, chain, address, decimals, protocol) VALUES("eip155:1/erc20:0x6171136E82a2f1bAA2494c69528f599467EfeA20", "A", 1, "0x6171136E82a2f1bAA2494c69528f599467EfeA20", 0, "spam"); INSERT INTO common_asset_details(identifier, symbol, coingecko, cryptocompare, forked, started, swapped_for) VALUES("eip155:1/erc20:0x6171136E82a2f1bAA2494c69528f599467EfeA20", "0x6171136E82a2f1bAA2494c69528f599467EfeA20", "", "", NULL, NULL, NULL);
UPDATE evm_tokens SET protocol="spam" WHERE identifier="eip155:1/erc20:0x2a0b8e838acad764c2262F84ef0cE0d62b996f0A";
INSERT INTO assets(identifier, name, type) VALUES("eip155:1/erc20:0x2a0b8e838acad764c2262F84ef0cE0d62b996f0A", "Autodetected spam token", "C"); INSERT INTO evm_tokens(identifier, token_kind, chain, address, decimals, protocol) VALUES("eip155:1/erc20:0x2a0b8e838acad764c2262F84ef0cE0d62b996f0A", "A", 1, "0x2a0b8e838acad764c2262F84ef0cE0d62b996f0A", 6, "spam"); INSERT INTO common_asset_details(identifier, symbol, coingecko, cryptocompare, forked, started, swapped_for) VALUES("eip155:1/erc20:0x2a0b8e838acad764c2262F84ef0cE0d62b996f0A", "[sodefi.tech] Visit and claim rewards", "", "", NULL, NULL, NULL);
UPDATE evm_tokens SET protocol="spam" WHERE identifier="eip155:1/erc20:0x3A518415448d5b254B4d1CC1CF37Cce6FC175E5f";
INSERT INTO assets(identifier, name, type) VALUES("eip155:1/erc20:0x3A518415448d5b254B4d1CC1CF37Cce6FC175E5f", "Autodetected spam token", "C"); INSERT INTO evm_tokens(identifier, token_kind, chain, address, decimals, protocol) VALUES("eip155:1/erc20:0x3A518415448d5b254B4d1CC1CF37Cce6FC175E5f", "A", 1, "0x3A518415448d5b254B4d1CC1CF37Cce6FC175E5f", 0, "spam"); INSERT INTO common_asset_details(identifier, symbol, coingecko, cryptocompare, forked, started, swapped_for) VALUES("eip155:1/erc20:0x3A518415448d5b254B4d1CC1CF37Cce6FC175E5f", "0x3A518415448d5b254B4d1CC1CF37Cce6FC175E5f", "", "", NULL, NULL, NULL);
UPDATE evm_tokens SET protocol="spam" WHERE identifier="eip155:1/erc20:0xa51a8578052EdEB4Ced5333A5e058860d9E7a35b";
INSERT INTO assets(identifier, name, type) VALUES("eip155:1/erc20:0xa51a8578052EdEB4Ced5333A5e058860d9E7a35b", "Autodetected spam token", "C"); INSERT INTO evm_tokens(identifier, token_kind, chain, address, decimals, protocol) VALUES("eip155:1/erc20:0xa51a8578052EdEB4Ced5333A5e058860d9E7a35b", "A", 1, "0xa51a8578052EdEB4Ced5333A5e058860d9E7a35b", 0, "spam"); INSERT INTO common_asset_details(identifier, symbol, coingecko, cryptocompare, forked, started, swapped_for) VALUES("eip155:1/erc20:0xa51a8578052EdEB4Ced5333A5e058860d9E7a35b", "0xa51a8578052EdEB4Ced5333A5e058860d9E7a35b", "", "", NULL, NULL, NULL);
UPDATE evm_tokens SET protocol="spam" WHERE identifier="eip155:1/erc20:0xE23366CcCF6c5318b47621cEAC3296d480b5Ebc8";
INSERT INTO assets(identifier, name, type) VALUES("eip155:1/erc20:0xE23366CcCF6c5318b47621cEAC3296d480b5Ebc8", "Autodetected spam token", "C"); INSERT INTO evm_tokens(identifier, token_kind, chain, address, decimals, protocol) VALUES("eip155:1/erc20:0xE23366CcCF6c5318b47621cEAC3296d480b5Ebc8", "A", 1, "0xE23366CcCF6c5318b47621cEAC3296d480b5Ebc8", 0, "spam"); INSERT INTO common_asset_details(identifier, symbol, coingecko, cryptocompare, forked, started, swapped_for) VALUES("eip155:1/erc20:0xE23366CcCF6c5318b47621cEAC3296d480b5Ebc8", "0xE23366CcCF6c5318b47621cEAC3296d480b5Ebc8", "", "", NULL, 1663219225, NULL);
UPDATE evm_tokens SET protocol="spam" WHERE identifier="eip155:1/erc20:0xC83Aa62eB4e449967De0eb4bF653B7FbA57B50B9";
INSERT INTO assets(identifier, name, type) VALUES("eip155:1/erc20:0xC83Aa62eB4e449967De0eb4bF653B7FbA57B50B9", "Abroshib.org", "C"); INSERT INTO evm_tokens(identifier, token_kind, chain, address, decimals, protocol) VALUES("eip155:1/erc20:0xC83Aa62eB4e449967De0eb4bF653B7FbA57B50B9", "A", 1, "0xC83Aa62eB4e449967De0eb4bF653B7FbA57B50B9", 0, "spam"); INSERT INTO common_asset_details(identifier, symbol, coingecko, cryptocompare, forked, started, swapped_for) VALUES("eip155:1/erc20:0xC83Aa62eB4e449967De0eb4bF653B7FbA57B50B9", "Visit website abroshib.org to swap tokens.", "", "", NULL, NULL, NULL);
UPDATE evm_tokens SET protocol="spam" WHERE identifier="eip155:1/erc20:0xC13647659Fb3c11ee9cfE1CbE7CAf3ff3eBCd317";
INSERT INTO assets(identifier, name, type) VALUES("eip155:1/erc20:0xC13647659Fb3c11ee9cfE1CbE7CAf3ff3eBCd317", "Autodetected spam token", "C"); INSERT INTO evm_tokens(identifier, token_kind, chain, address, decimals, protocol) VALUES("eip155:1/erc20:0xC13647659Fb3c11ee9cfE1CbE7CAf3ff3eBCd317", "A", 1, "0xC13647659Fb3c11ee9cfE1CbE7CAf3ff3eBCd317", 0, "spam"); INSERT INTO common_asset_details(identifier, symbol, coingecko, cryptocompare, forked, started, swapped_for) VALUES("eip155:1/erc20:0xC13647659Fb3c11ee9cfE1CbE7CAf3ff3eBCd317", "0xC13647659Fb3c11ee9cfE1CbE7CAf3ff3eBCd317", "", "", NULL, 1670036579, NULL);
UPDATE evm_tokens SET protocol="spam" WHERE identifier="eip155:1/erc20:0x7a6b87D7a874Fce4c2d923b09C0E09e4936bcF57";
INSERT INTO assets(identifier, name, type) VALUES("eip155:1/erc20:0x7a6b87D7a874Fce4c2d923b09C0E09e4936bcF57", "Autodetected spam token", "C"); INSERT INTO evm_tokens(identifier, token_kind, chain, address, decimals, protocol) VALUES("eip155:1/erc20:0x7a6b87D7a874Fce4c2d923b09C0E09e4936bcF57", "A", 1, "0x7a6b87D7a874Fce4c2d923b09C0E09e4936bcF57", 0, "spam"); INSERT INTO common_asset_details(identifier, symbol, coingecko, cryptocompare, forked, started, swapped_for) VALUES("eip155:1/erc20:0x7a6b87D7a874Fce4c2d923b09C0E09e4936bcF57", "0x7a6b87D7a874Fce4c2d923b09C0E09e4936bcF57", "", "", NULL, 1669300319, NULL);
UPDATE evm_tokens SET protocol="spam" WHERE identifier="eip155:1/erc20:0x3Ebd76B25A453252CA6B61334ED6f156Bf5dD928";
INSERT INTO assets(identifier, name, type) VALUES("eip155:1/erc20:0x3Ebd76B25A453252CA6B61334ED6f156Bf5dD928", "Autodetected spam token", "C"); INSERT INTO evm_tokens(identifier, token_kind, chain, address, decimals, protocol) VALUES("eip155:1/erc20:0x3Ebd76B25A453252CA6B61334ED6f156Bf5dD928", "A", 1, "0x3Ebd76B25A453252CA6B61334ED6f156Bf5dD928", 18, "spam"); INSERT INTO common_asset_details(identifier, symbol, coingecko, cryptocompare, forked, started, swapped_for) VALUES("eip155:1/erc20:0x3Ebd76B25A453252CA6B61334ED6f156Bf5dD928", "0x3Ebd76B25A453252CA6B61334ED6f156Bf5dD928", "", "", NULL, NULL, NULL);
UPDATE evm_tokens SET protocol="spam" WHERE identifier="eip155:1/erc20:0x34278F6f40079eae344cbaC61a764Bcf85AfC949";
INSERT INTO assets(identifier, name, type) VALUES("eip155:1/erc20:0x34278F6f40079eae344cbaC61a764Bcf85AfC949", "Autodetected spam token", "C"); INSERT INTO evm_tokens(identifier, token_kind, chain, address, decimals, protocol) VALUES("eip155:1/erc20:0x34278F6f40079eae344cbaC61a764Bcf85AfC949", "A", 1, "0x34278F6f40079eae344cbaC61a764Bcf85AfC949", 18, "spam"); INSERT INTO common_asset_details(identifier, symbol, coingecko, cryptocompare, forked, started, swapped_for) VALUES("eip155:1/erc20:0x34278F6f40079eae344cbaC61a764Bcf85AfC949", "0x34278F6f40079eae344cbaC61a764Bcf85AfC949", "", "", NULL, NULL, NULL);
UPDATE evm_tokens SET protocol="spam" WHERE identifier="eip155:1/erc20:0x2d262c7FaA8E03A86D6634BDc6178B3e06cd690b";
INSERT INTO assets(identifier, name, type) VALUES("eip155:1/erc20:0x2d262c7FaA8E03A86D6634BDc6178B3e06cd690b", "Autodetected spam token", "C"); INSERT INTO evm_tokens(identifier, token_kind, chain, address, decimals, protocol) VALUES("eip155:1/erc20:0x2d262c7FaA8E03A86D6634BDc6178B3e06cd690b", "A", 1, "0x2d262c7FaA8E03A86D6634BDc6178B3e06cd690b", 18, "spam"); INSERT INTO common_asset_details(identifier, symbol, coingecko, cryptocompare, forked, started, swapped_for) VALUES("eip155:1/erc20:0x2d262c7FaA8E03A86D6634BDc6178B3e06cd690b", "0x2d262c7FaA8E03A86D6634BDc6178B3e06cd690b", "", "", NULL, 1663752263, NULL);
INSERT INTO assets(identifier, name, type) VALUES("eip155:56/erc20:0x2dff88a56767223a5529ea5960da7a3f5f766406", "SPACE ID", "C"); INSERT INTO evm_tokens(identifier, token_kind, chain, address, decimals, protocol) VALUES("eip155:56/erc20:0x2dff88a56767223a5529ea5960da7a3f5f766406", "A", 56, "0x2dff88a56767223a5529ea5960da7a3f5f766406", 18, NULL); INSERT INTO common_asset_details(identifier, symbol, coingecko, cryptocompare, forked, started, swapped_for) VALUES("eip155:56/erc20:0x2dff88a56767223a5529ea5960da7a3f5f766406", "ID", "space-id", "", NULL, 1679117607, NULL);
*
INSERT INTO assets(identifier, name, type) VALUES("eip155:1/erc20:0xD04E772BC0d591fBD288f2E2a86aFA3D3CB647F8", "CryptoGPT Token", "C"); INSERT INTO evm_tokens(identifier, token_kind, chain, address, decimals, protocol) VALUES("eip155:1/erc20:0xD04E772BC0d591fBD288f2E2a86aFA3D3CB647F8", "A", 1, "0xD04E772BC0d591fBD288f2E2a86aFA3D3CB647F8", 18, NULL); INSERT INTO common_asset_details(identifier, symbol, coingecko, cryptocompare, forked, started, swapped_for) VALUES("eip155:1/erc20:0xD04E772BC0d591fBD288f2E2a86aFA3D3CB647F8", "GPT", "cryptogpt-token", "", NULL, 1677245663, NULL);
*
INSERT INTO assets(identifier, name, type) VALUES("eip155:1/erc20:0x669c01CAF0eDcaD7c2b8Dc771474aD937A7CA4AF", "Wrapped Minima", "C"); INSERT INTO evm_tokens(identifier, token_kind, chain, address, decimals, protocol) VALUES("eip155:1/erc20:0x669c01CAF0eDcaD7c2b8Dc771474aD937A7CA4AF", "A", 1, "0x669c01CAF0eDcaD7c2b8Dc771474aD937A7CA4AF", 18, NULL); INSERT INTO common_asset_details(identifier, symbol, coingecko, cryptocompare, forked, started, swapped_for) VALUES("eip155:1/erc20:0x669c01CAF0eDcaD7c2b8Dc771474aD937A7CA4AF", "WMINIMA", "wrapped-minima", "WMINIMA", NULL, NULL, NULL);
*
INSERT INTO assets(identifier, name, type) VALUES("eip155:1/erc20:0xe4dae00bc1c46ea2F44ae71B1BEb8b171C15d812", "PREMA", "C"); INSERT INTO evm_tokens(identifier, token_kind, chain, address, decimals, protocol) VALUES("eip155:1/erc20:0xe4dae00bc1c46ea2F44ae71B1BEb8b171C15d812", "A", 1, "0xe4dae00bc1c46ea2F44ae71B1BEb8b171C15d812", 18, NULL); INSERT INTO common_asset_details(identifier, symbol, coingecko, cryptocompare, forked, started, swapped_for) VALUES("eip155:1/erc20:0xe4dae00bc1c46ea2F44ae71B1BEb8b171C15d812", "PRMX", "prema", "PRMX", NULL, 1653990614, NULL);
*
INSERT INTO assets(identifier, name, type) VALUES("eip155:1/erc20:0x19de6b897Ed14A376Dda0Fe53a5420D2aC828a28", "BitgetToken", "C"); INSERT INTO evm_tokens(identifier, token_kind, chain, address, decimals, protocol) VALUES("eip155:1/erc20:0x19de6b897Ed14A376Dda0Fe53a5420D2aC828a28", "A", 1, "0x19de6b897Ed14A376Dda0Fe53a5420D2aC828a28", 18, NULL); INSERT INTO common_asset_details(identifier, symbol, coingecko, cryptocompare, forked, started, swapped_for) VALUES("eip155:1/erc20:0x19de6b897Ed14A376Dda0Fe53a5420D2aC828a28", "BGB", "bitget-token", "", NULL, 1621164984, NULL);
*
INSERT INTO assets(identifier, name, type) VALUES("eip155:42161/erc20:0x09e18590e8f76b6cf471b3cd75fe1a1a9d2b2c2b", "AIDOGE", "C"); INSERT INTO evm_tokens(identifier, token_kind, chain, address, decimals, protocol) VALUES("eip155:42161/erc20:0x09e18590e8f76b6cf471b3cd75fe1a1a9d2b2c2b", "A", 42161, "0x09e18590e8f76b6cf471b3cd75fe1a1a9d2b2c2b", 6, NULL); INSERT INTO common_asset_details(identifier, symbol, coingecko, cryptocompare, forked, started, swapped_for) VALUES("eip155:42161/erc20:0x09e18590e8f76b6cf471b3cd75fe1a1a9d2b2c2b", "AIDOGE", "arbdoge-ai", "", NULL, 1681093916, NULL);
*
INSERT INTO assets(identifier, name, type) VALUES("eip155:1/erc20:0xE0151763455A8a021e64880C238ba1cff3787fF0", "Aped", "C"); INSERT INTO evm_tokens(identifier, token_kind, chain, address, decimals, protocol) VALUES("eip155:1/erc20:0xE0151763455A8a021e64880C238ba1cff3787fF0", "A", 1, "0xE0151763455A8a021e64880C238ba1cff3787fF0", 18, NULL); INSERT INTO common_asset_details(identifier, symbol, coingecko, cryptocompare, forked, started, swapped_for) VALUES("eip155:1/erc20:0xE0151763455A8a021e64880C238ba1cff3787fF0", "APED", "aped", "", NULL, NULL, NULL);
*
INSERT INTO assets(identifier, name, type) VALUES("eip155:1/erc20:0x5C559F3ee9A81Da83e069c0093471cB05D84052A", "BabyPepe", "C"); INSERT INTO evm_tokens(identifier, token_kind, chain, address, decimals, protocol) VALUES("eip155:1/erc20:0x5C559F3ee9A81Da83e069c0093471cB05D84052A", "A", 1, "0x5C559F3ee9A81Da83e069c0093471cB05D84052A", 18, NULL); INSERT INTO common_asset_details(identifier, symbol, coingecko, cryptocompare, forked, started, swapped_for) VALUES("eip155:1/erc20:0x5C559F3ee9A81Da83e069c0093471cB05D84052A", "BABYPEPE", "babypepe", "", NULL, NULL, NULL);
*
INSERT INTO assets(identifier, name, type) VALUES("eip155:42161/erc20:0x1d987200df3b744cfa9c14f713f5334cb4bc4d5d", "REKT", "C"); INSERT INTO evm_tokens(identifier, token_kind, chain, address, decimals, protocol) VALUES("eip155:42161/erc20:0x1d987200df3b744cfa9c14f713f5334cb4bc4d5d", "A", 42161, "0x1d987200df3b744cfa9c14f713f5334cb4bc4d5d", 6, NULL); INSERT INTO common_asset_details(identifier, symbol, coingecko, cryptocompare, forked, started, swapped_for) VALUES("eip155:42161/erc20:0x1d987200df3b744cfa9c14f713f5334cb4bc4d5d", "REKT", "rekt-04bbe51a-e290-450a-afb5-b2b43b80b20e", "", NULL, 1682170248, NULL);
*
INSERT INTO assets(identifier, name, type) VALUES("eip155:137/erc20:0xe238ecb42c424e877652ad82d8a939183a04c35f", "WiFi Map", "C"); INSERT INTO evm_tokens(identifier, token_kind, chain, address, decimals, protocol) VALUES("eip155:137/erc20:0xe238ecb42c424e877652ad82d8a939183a04c35f", "A", 137, "0xe238ecb42c424e877652ad82d8a939183a04c35f", 18, NULL); INSERT INTO common_asset_details(identifier, symbol, coingecko, cryptocompare, forked, started, swapped_for) VALUES("eip155:137/erc20:0xe238ecb42c424e877652ad82d8a939183a04c35f", "WIFI", "wifi", "", NULL, 1679594183, NULL);
*
INSERT INTO assets(identifier, name, type) VALUES("eip155:1/erc20:0x2c95D751DA37A5C1d9c5a7Fd465c1d50F3d96160", "WASSIE", "C"); INSERT INTO evm_tokens(identifier, token_kind, chain, address, decimals, protocol) VALUES("eip155:1/erc20:0x2c95D751DA37A5C1d9c5a7Fd465c1d50F3d96160", "A", 1, "0x2c95D751DA37A5C1d9c5a7Fd465c1d50F3d96160", 18, NULL); INSERT INTO common_asset_details(identifier, symbol, coingecko, cryptocompare, forked, started, swapped_for) VALUES("eip155:1/erc20:0x2c95D751DA37A5C1d9c5a7Fd465c1d50F3d96160", "WASSIE", "wassie", "", NULL, NULL, NULL);
*
INSERT INTO assets(identifier, name, type) VALUES("eip155:1/erc20:0x5026F006B85729a8b14553FAE6af249aD16c9aaB", "Wojak Coin", "C"); INSERT INTO evm_tokens(identifier, token_kind, chain, address, decimals, protocol) VALUES("eip155:1/erc20:0x5026F006B85729a8b14553FAE6af249aD16c9aaB", "A", 1, "0x5026F006B85729a8b14553FAE6af249aD16c9aaB", 18, NULL); INSERT INTO common_asset_details(identifier, symbol, coingecko, cryptocompare, forked, started, swapped_for) VALUES("eip155:1/erc20:0x5026F006B85729a8b14553FAE6af249aD16c9aaB", "WOJAK", "wojak", "", NULL, 1681768883, NULL);
*
INSERT INTO assets(identifier, name, type) VALUES("eip155:1/erc20:0x25722Cd432d02895d9BE45f5dEB60fc479c8781E", "SpongeBob", "C"); INSERT INTO evm_tokens(identifier, token_kind, chain, address, decimals, protocol) VALUES("eip155:1/erc20:0x25722Cd432d02895d9BE45f5dEB60fc479c8781E", "A", 1, "0x25722Cd432d02895d9BE45f5dEB60fc479c8781E", 18, NULL); INSERT INTO common_asset_details(identifier, symbol, coingecko, cryptocompare, forked, started, swapped_for) VALUES("eip155:1/erc20:0x25722Cd432d02895d9BE45f5dEB60fc479c8781E", "SPONGE", "sponge-f08b2fe4-9d9c-47c3-b5a0-84c2ac3bbbff", "", NULL, NULL, NULL);
*
INSERT INTO assets(identifier, name, type) VALUES("eip155:1/erc20:0xA35923162C49cF95e6BF26623385eb431ad920D3", "Turbo", "C"); INSERT INTO evm_tokens(identifier, token_kind, chain, address, decimals, protocol) VALUES("eip155:1/erc20:0xA35923162C49cF95e6BF26623385eb431ad920D3", "A", 1, "0xA35923162C49cF95e6BF26623385eb431ad920D3", 18, NULL); INSERT INTO common_asset_details(identifier, symbol, coingecko, cryptocompare, forked, started, swapped_for) VALUES("eip155:1/erc20:0xA35923162C49cF95e6BF26623385eb431ad920D3", "TURBO", "turbo", "", NULL, NULL, NULL);
*
INSERT INTO assets(identifier, name, type) VALUES("eip155:1/erc20:0xc5fB36dd2fb59d3B98dEfF88425a3F425Ee469eD", "Dejitaru Tsuka", "C"); INSERT INTO evm_tokens(identifier, token_kind, chain, address, decimals, protocol) VALUES("eip155:1/erc20:0xc5fB36dd2fb59d3B98dEfF88425a3F425Ee469eD", "A", 1, "0xc5fB36dd2fb59d3B98dEfF88425a3F425Ee469eD", 9, NULL); INSERT INTO common_asset_details(identifier, symbol, coingecko, cryptocompare, forked, started, swapped_for) VALUES("eip155:1/erc20:0xc5fB36dd2fb59d3B98dEfF88425a3F425Ee469eD", "TSUKA", "dejitaru-tsuka", "TSUKA", NULL, 1653536969, NULL);
*
INSERT INTO assets(identifier, name, type) VALUES("eip155:42161/erc20:0xee0b14e8fc86691cf6ee42b9954985b4cf968534", "ZenPandaCoin", "C"); INSERT INTO evm_tokens(identifier, token_kind, chain, address, decimals, protocol) VALUES("eip155:42161/erc20:0xee0b14e8fc86691cf6ee42b9954985b4cf968534", "A", 42161, "0xee0b14e8fc86691cf6ee42b9954985b4cf968534", 18, NULL); INSERT INTO common_asset_details(identifier, symbol, coingecko, cryptocompare, forked, started, swapped_for) VALUES("eip155:42161/erc20:0xee0b14e8fc86691cf6ee42b9954985b4cf968534", "ZPC", "", "", NULL, 1683369929, NULL);
*
INSERT INTO assets(identifier, name, type) VALUES("eip155:42161/erc20:0x65c936f008bc34fe819bce9fa5afd9dc2d49977f", "Y2K", "C"); INSERT INTO evm_tokens(identifier, token_kind, chain, address, decimals, protocol) VALUES("eip155:42161/erc20:0x65c936f008bc34fe819bce9fa5afd9dc2d49977f", "A", 42161, "0x65c936f008bc34fe819bce9fa5afd9dc2d49977f", 18, NULL); INSERT INTO common_asset_details(identifier, symbol, coingecko, cryptocompare, forked, started, swapped_for) VALUES("eip155:42161/erc20:0x65c936f008bc34fe819bce9fa5afd9dc2d49977f", "Y2K", "y2k", "", NULL, 1666976870, NULL);
*
INSERT INTO assets(identifier, name, type) VALUES("eip155:1/erc20:0xb794Ad95317f75c44090f64955954C3849315fFe", "Ribbit", "C"); INSERT INTO evm_tokens(identifier, token_kind, chain, address, decimals, protocol) VALUES("eip155:1/erc20:0xb794Ad95317f75c44090f64955954C3849315fFe", "A", 1, "0xb794Ad95317f75c44090f64955954C3849315fFe", 18, NULL); INSERT INTO common_asset_details(identifier, symbol, coingecko, cryptocompare, forked, started, swapped_for) VALUES("eip155:1/erc20:0xb794Ad95317f75c44090f64955954C3849315fFe", "RIBBIT", "ribbit-meme", "", NULL, NULL, NULL);
*
INSERT INTO assets(identifier, name, type) VALUES("eip155:1/erc20:0x808507121B80c02388fAd14726482e061B8da827", "Pendle", "C"); INSERT INTO evm_tokens(identifier, token_kind, chain, address, decimals, protocol) VALUES("eip155:1/erc20:0x808507121B80c02388fAd14726482e061B8da827", "A", 1, "0x808507121B80c02388fAd14726482e061B8da827", 18, NULL); INSERT INTO common_asset_details(identifier, symbol, coingecko, cryptocompare, forked, started, swapped_for) VALUES("eip155:1/erc20:0x808507121B80c02388fAd14726482e061B8da827", "PENDLE", "pendle", "PENDLE", NULL, 1619495943, NULL);
*
INSERT INTO assets(identifier, name, type) VALUES("eip155:42161/erc20:0x0c880f6761f1af8d9aa9c466984b80dab9a8c9e8", "Pendle", "C"); INSERT INTO evm_tokens(identifier, token_kind, chain, address, decimals, protocol) VALUES("eip155:42161/erc20:0x0c880f6761f1af8d9aa9c466984b80dab9a8c9e8", "A", 42161, "0x0c880f6761f1af8d9aa9c466984b80dab9a8c9e8", 18, NULL); INSERT INTO common_asset_details(identifier, symbol, coingecko, cryptocompare, forked, started, swapped_for) VALUES("eip155:42161/erc20:0x0c880f6761f1af8d9aa9c466984b80dab9a8c9e8", "PENDLE", "pendle", "PENDLE", NULL, 1671422822, NULL);
*
INSERT INTO assets(identifier, name, type) VALUES("eip155:43114/erc20:0xfb98b335551a418cd0737375a2ea0ded62ea213b", "Pendle", "C"); INSERT INTO evm_tokens(identifier, token_kind, chain, address, decimals, protocol) VALUES("eip155:43114/erc20:0xfb98b335551a418cd0737375a2ea0ded62ea213b", "A", 43114, "0xfb98b335551a418cd0737375a2ea0ded62ea213b", 18, NULL); INSERT INTO common_asset_details(identifier, symbol, coingecko, cryptocompare, forked, started, swapped_for) VALUES("eip155:43114/erc20:0xfb98b335551a418cd0737375a2ea0ded62ea213b", "PENDLE", "pendle", "PENDLE", NULL, 1635314449, NULL);
*
INSERT INTO assets(identifier, name, type) VALUES("eip155:42161/erc20:0x088cd8f5ef3652623c22d48b1605dcfe860cd704", "VelaToken", "C"); INSERT INTO evm_tokens(identifier, token_kind, chain, address, decimals, protocol) VALUES("eip155:42161/erc20:0x088cd8f5ef3652623c22d48b1605dcfe860cd704", "A", 42161, "0x088cd8f5ef3652623c22d48b1605dcfe860cd704", 18, NULL); INSERT INTO common_asset_details(identifier, symbol, coingecko, cryptocompare, forked, started, swapped_for) VALUES("eip155:42161/erc20:0x088cd8f5ef3652623c22d48b1605dcfe860cd704", "VELA", "vela-token", "VELA", NULL, 1671842085, NULL);
*
INSERT INTO assets(identifier, name, type) VALUES("eip155:1/erc20:0x297E4e5e59Ad72B1B0A2fd446929e76117be0E0a", "ValorToken", "C"); INSERT INTO evm_tokens(identifier, token_kind, chain, address, decimals, protocol) VALUES("eip155:1/erc20:0x297E4e5e59Ad72B1B0A2fd446929e76117be0E0a", "A", 1, "0x297E4e5e59Ad72B1B0A2fd446929e76117be0E0a", 18, NULL); INSERT INTO common_asset_details(identifier, symbol, coingecko, cryptocompare, forked, started, swapped_for) VALUES("eip155:1/erc20:0x297E4e5e59Ad72B1B0A2fd446929e76117be0E0a", "VALOR", "smart-valor", "", NULL, NULL, NULL);
*
INSERT INTO assets(identifier, name, type) VALUES("CETUS", "Cetus Protocol", "W"); INSERT INTO common_asset_details(identifier, symbol, coingecko, cryptocompare, forked, started, swapped_for) VALUES("CETUS", "CETUS", "cetus-protocol", "", NULL, 1683126000, NULL);
*