INSERT INTO assets(identifier, name, type) VALUES("eip155:42161/erc20:0x912CE59144191C1204E64559FE8253a0e49E6548", "Arbitrum", "C"); INSERT INTO evm_tokens(identifier, token_kind, chain, address, decimals, protocol) VALUES("eip155:42161/erc20:0x912CE59144191C1204E64559FE8253a0e49E6548", "A", 42161, "0x912CE59144191C1204E64559FE8253a0e49E6548", 18, NULL); INSERT INTO common_asset_details(identifier, symbol, coingecko, cryptocompare, forked, started, swapped_for) VALUES("eip155:42161/erc20:0x912CE59144191C1204E64559FE8253a0e49E6548", "ARB", "arbitrum", "ARB", NULL, 1678968508, NULL);
*
INSERT INTO assets(identifier, name, type) VALUES("eip155:1/erc20:0xB50721BCf8d664c30412Cfbc6cf7a15145234ad1", "Arbitrum", "C"); INSERT INTO evm_tokens(identifier, token_kind, chain, address, decimals, protocol) VALUES("eip155:1/erc20:0xB50721BCf8d664c30412Cfbc6cf7a15145234ad1", "A", 1, "0xB50721BCf8d664c30412Cfbc6cf7a15145234ad1", 18, NULL); INSERT INTO common_asset_details(identifier, symbol, coingecko, cryptocompare, forked, started, swapped_for) VALUES("eip155:1/erc20:0xB50721BCf8d664c30412Cfbc6cf7a15145234ad1", "ARB", "arbitrum", "ARB", NULL, 1678968467, NULL);
*
INSERT INTO assets(identifier, name, type) VALUES("eip155:42161/erc20:0x5979D7b546E38E414F7E9822514be443A4800529", "Wrapped liquid staked Ether 2.0", "C"); INSERT INTO evm_tokens(identifier, token_kind, chain, address, decimals, protocol) VALUES("eip155:42161/erc20:0x5979D7b546E38E414F7E9822514be443A4800529", "A", 42161, "0x5979D7b546E38E414F7E9822514be443A4800529", 18, NULL); INSERT INTO common_asset_details(identifier, symbol, coingecko, cryptocompare, forked, started, swapped_for) VALUES("eip155:42161/erc20:0x5979D7b546E38E414F7E9822514be443A4800529", "wstETH", "wrapped-steth", "WSTETH", NULL, 1659608815, NULL);
*
INSERT INTO assets(identifier, name, type) VALUES("eip155:10/erc20:0x1F32b1c2345538c0c6f582fCB022739c4A194Ebb", "Wrapped liquid staked Ether 2.0", "C"); INSERT INTO evm_tokens(identifier, token_kind, chain, address, decimals, protocol) VALUES("eip155:10/erc20:0x1F32b1c2345538c0c6f582fCB022739c4A194Ebb", "A", 10, "0x1F32b1c2345538c0c6f582fCB022739c4A194Ebb", 18, NULL); INSERT INTO common_asset_details(identifier, symbol, coingecko, cryptocompare, forked, started, swapped_for) VALUES("eip155:10/erc20:0x1F32b1c2345538c0c6f582fCB022739c4A194Ebb", "wstETH", "wrapped-steth", "WSTETH", NULL, 1659687832, NULL);
*
INSERT INTO assets(identifier, name, type) VALUES("eip155:42161/erc20:0x178412e79c25968a32e89b11f63B33F733770c2A", "Frax Ether", "C"); INSERT INTO evm_tokens(identifier, token_kind, chain, address, decimals, protocol) VALUES("eip155:42161/erc20:0x178412e79c25968a32e89b11f63B33F733770c2A", "A", 42161, "0x178412e79c25968a32e89b11f63B33F733770c2A", 18, NULL); INSERT INTO common_asset_details(identifier, symbol, coingecko, cryptocompare, forked, started, swapped_for) VALUES("eip155:42161/erc20:0x178412e79c25968a32e89b11f63B33F733770c2A", "frxETH", "frax-ether", "", NULL, 1673211956, NULL);
*
INSERT INTO assets(identifier, name, type) VALUES("eip155:10/erc20:0x6806411765Af15Bddd26f8f544A34cC40cb9838B", "Frax Ether", "C"); INSERT INTO evm_tokens(identifier, token_kind, chain, address, decimals, protocol) VALUES("eip155:10/erc20:0x6806411765Af15Bddd26f8f544A34cC40cb9838B", "A", 10, "0x6806411765Af15Bddd26f8f544A34cC40cb9838B", 18, NULL); INSERT INTO common_asset_details(identifier, symbol, coingecko, cryptocompare, forked, started, swapped_for) VALUES("eip155:10/erc20:0x6806411765Af15Bddd26f8f544A34cC40cb9838B", "frxETH", "frax-ether", "", NULL, 1673221013, NULL);
*
INSERT INTO assets(identifier, name, type) VALUES("eip155:56/erc20:0x64048A7eEcF3a2F1BA9e144aAc3D7dB6e58F555e", "Frax Ether", "C"); INSERT INTO evm_tokens(identifier, token_kind, chain, address, decimals, protocol) VALUES("eip155:56/erc20:0x64048A7eEcF3a2F1BA9e144aAc3D7dB6e58F555e", "A", 56, "0x64048A7eEcF3a2F1BA9e144aAc3D7dB6e58F555e", 18, NULL); INSERT INTO common_asset_details(identifier, symbol, coingecko, cryptocompare, forked, started, swapped_for) VALUES("eip155:56/erc20:0x64048A7eEcF3a2F1BA9e144aAc3D7dB6e58F555e", "frxETH", "frax-ether", "", NULL, 1673215143, NULL);
*
INSERT INTO assets(identifier, name, type) VALUES("eip155:137/erc20:0xEe327F889d5947c1dc1934Bb208a1E792F953E96", "Frax Ether", "C"); INSERT INTO evm_tokens(identifier, token_kind, chain, address, decimals, protocol) VALUES("eip155:137/erc20:0xEe327F889d5947c1dc1934Bb208a1E792F953E96", "A", 137, "0xEe327F889d5947c1dc1934Bb208a1E792F953E96", 18, NULL); INSERT INTO common_asset_details(identifier, symbol, coingecko, cryptocompare, forked, started, swapped_for) VALUES("eip155:137/erc20:0xEe327F889d5947c1dc1934Bb208a1E792F953E96", "frxETH", "frax-ether", "", NULL, 1673220278, NULL);
*
INSERT INTO assets(identifier, name, type) VALUES("eip155:250/erc20:0x9E73F99EE061C8807F69f9c6CCc44ea3d8c373ee", "Frax Ether", "C"); INSERT INTO evm_tokens(identifier, token_kind, chain, address, decimals, protocol) VALUES("eip155:250/erc20:0x9E73F99EE061C8807F69f9c6CCc44ea3d8c373ee", "A", 250, "0x9E73F99EE061C8807F69f9c6CCc44ea3d8c373ee", 18, NULL); INSERT INTO common_asset_details(identifier, symbol, coingecko, cryptocompare, forked, started, swapped_for) VALUES("eip155:250/erc20:0x9E73F99EE061C8807F69f9c6CCc44ea3d8c373ee", "frxETH", "frax-ether", "", NULL, 1674490080, NULL);
*
INSERT INTO assets(identifier, name, type) VALUES("eip155:1/erc20:0xac3E018457B222d93114458476f3E3416Abbe38F", "Staked Frax Ether", "C"); INSERT INTO evm_tokens(identifier, token_kind, chain, address, decimals, protocol) VALUES("eip155:1/erc20:0xac3E018457B222d93114458476f3E3416Abbe38F", "A", 1, "0xac3E018457B222d93114458476f3E3416Abbe38F", 18, NULL); INSERT INTO common_asset_details(identifier, symbol, coingecko, cryptocompare, forked, started, swapped_for) VALUES("eip155:1/erc20:0xac3E018457B222d93114458476f3E3416Abbe38F", "sfrxETH", "staked-frax-ether", "", NULL, NULL, NULL);
*
INSERT INTO assets(identifier, name, type) VALUES("eip155:42161/erc20:0x95aB45875cFFdba1E5f451B950bC2E42c0053f39", "Staked Frax Ether", "C"); INSERT INTO evm_tokens(identifier, token_kind, chain, address, decimals, protocol) VALUES("eip155:42161/erc20:0x95aB45875cFFdba1E5f451B950bC2E42c0053f39", "A", 42161, "0x95aB45875cFFdba1E5f451B950bC2E42c0053f39", 18, NULL); INSERT INTO common_asset_details(identifier, symbol, coingecko, cryptocompare, forked, started, swapped_for) VALUES("eip155:42161/erc20:0x95aB45875cFFdba1E5f451B950bC2E42c0053f39", "sfrxETH", "staked-frax-ether", "", NULL, 1673211957, NULL);
*
INSERT INTO assets(identifier, name, type) VALUES("eip155:10/erc20:0x484c2D6e3cDd945a8B2DF735e079178C1036578c", "Staked Frax Ether", "C"); INSERT INTO evm_tokens(identifier, token_kind, chain, address, decimals, protocol) VALUES("eip155:10/erc20:0x484c2D6e3cDd945a8B2DF735e079178C1036578c", "A", 10, "0x484c2D6e3cDd945a8B2DF735e079178C1036578c", 18, NULL); INSERT INTO common_asset_details(identifier, symbol, coingecko, cryptocompare, forked, started, swapped_for) VALUES("eip155:10/erc20:0x484c2D6e3cDd945a8B2DF735e079178C1036578c", "sfrxETH", "staked-frax-ether", "", NULL, 1673221028, NULL);
*
INSERT INTO assets(identifier, name, type) VALUES("eip155:56/erc20:0x3Cd55356433C89E50DC51aB07EE0fa0A95623D53", "Staked Frax Ether", "C"); INSERT INTO evm_tokens(identifier, token_kind, chain, address, decimals, protocol) VALUES("eip155:56/erc20:0x3Cd55356433C89E50DC51aB07EE0fa0A95623D53", "A", 56, "0x3Cd55356433C89E50DC51aB07EE0fa0A95623D53", 18, NULL); INSERT INTO common_asset_details(identifier, symbol, coingecko, cryptocompare, forked, started, swapped_for) VALUES("eip155:56/erc20:0x3Cd55356433C89E50DC51aB07EE0fa0A95623D53", "sfrxETH", "staked-frax-ether", "", NULL, 1673215146, NULL);
*
INSERT INTO assets(identifier, name, type) VALUES("eip155:137/erc20:0x6d1FdBB266fCc09A16a22016369210A15bb95761", "Staked Frax Ether", "C"); INSERT INTO evm_tokens(identifier, token_kind, chain, address, decimals, protocol) VALUES("eip155:137/erc20:0x6d1FdBB266fCc09A16a22016369210A15bb95761", "A", 137, "0x6d1FdBB266fCc09A16a22016369210A15bb95761", 18, NULL); INSERT INTO common_asset_details(identifier, symbol, coingecko, cryptocompare, forked, started, swapped_for) VALUES("eip155:137/erc20:0x6d1FdBB266fCc09A16a22016369210A15bb95761", "sfrxETH", "staked-frax-ether", "", NULL, 1673220278, NULL);
*
INSERT INTO assets(identifier, name, type) VALUES("eip155:250/erc20:0xb90CCD563918fF900928dc529aA01046795ccb4A", "Staked Frax Ether", "C"); INSERT INTO evm_tokens(identifier, token_kind, chain, address, decimals, protocol) VALUES("eip155:250/erc20:0xb90CCD563918fF900928dc529aA01046795ccb4A", "A", 250, "0xb90CCD563918fF900928dc529aA01046795ccb4A", 18, NULL); INSERT INTO common_asset_details(identifier, symbol, coingecko, cryptocompare, forked, started, swapped_for) VALUES("eip155:250/erc20:0xb90CCD563918fF900928dc529aA01046795ccb4A", "sfrxETH", "staked-frax-ether", "", NULL, 1674490087, NULL);
*
INSERT INTO assets(identifier, name, type) VALUES("eip155:42161/erc20:0x93b346b6BC2548dA6A1E7d98E9a421B42541425b", "LUSD Stablecoin", "C"); INSERT INTO evm_tokens(identifier, token_kind, chain, address, decimals, protocol) VALUES("eip155:42161/erc20:0x93b346b6BC2548dA6A1E7d98E9a421B42541425b", "A", 42161, "0x93b346b6BC2548dA6A1E7d98E9a421B42541425b", 18, NULL); INSERT INTO common_asset_details(identifier, symbol, coingecko, cryptocompare, forked, started, swapped_for) VALUES("eip155:42161/erc20:0x93b346b6BC2548dA6A1E7d98E9a421B42541425b", "LUSD", "liquity-usd", "LUSD", NULL, 1660286965, NULL);
*
INSERT INTO assets(identifier, name, type) VALUES("eip155:10/erc20:0xc40F949F8a4e094D1b49a23ea9241D289B7b2819", "LUSD Stablecoin", "C"); INSERT INTO evm_tokens(identifier, token_kind, chain, address, decimals, protocol) VALUES("eip155:10/erc20:0xc40F949F8a4e094D1b49a23ea9241D289B7b2819", "A", 10, "0xc40F949F8a4e094D1b49a23ea9241D289B7b2819", 18, NULL); INSERT INTO common_asset_details(identifier, symbol, coingecko, cryptocompare, forked, started, swapped_for) VALUES("eip155:10/erc20:0xc40F949F8a4e094D1b49a23ea9241D289B7b2819", "LUSD", "liquity-usd", "LUSD", NULL, NULL, NULL);
*
INSERT INTO assets(identifier, name, type) VALUES("SUI", "Sui", "B"); INSERT INTO common_asset_details(identifier, symbol, coingecko, cryptocompare, forked, started, swapped_for) VALUES("SUI", "SUI", "sui", "SUI", NULL, 1683126000, NULL);
*
INSERT INTO assets(identifier, name, type) VALUES("eip155:10/erc20:0x3c8B650257cFb5f272f799F5e2b4e65093a11a05", "Velodrome", "C"); INSERT INTO evm_tokens(identifier, token_kind, chain, address, decimals, protocol) VALUES("eip155:10/erc20:0x3c8B650257cFb5f272f799F5e2b4e65093a11a05", "A", 10, "0x3c8B650257cFb5f272f799F5e2b4e65093a11a05", 18, NULL); INSERT INTO common_asset_details(identifier, symbol, coingecko, cryptocompare, forked, started, swapped_for) VALUES("eip155:10/erc20:0x3c8B650257cFb5f272f799F5e2b4e65093a11a05", "VELO", "velodrome-finance", "", NULL, 1654113683, NULL);
*
INSERT INTO assets(identifier, name, type) VALUES("eip155:1/erc20:0x6982508145454Ce325dDbE47a25d4ec3d2311933", "Pepe", "C"); INSERT INTO evm_tokens(identifier, token_kind, chain, address, decimals, protocol) VALUES("eip155:1/erc20:0x6982508145454Ce325dDbE47a25d4ec3d2311933", "A", 1, "0x6982508145454Ce325dDbE47a25d4ec3d2311933", 18, NULL); INSERT INTO common_asset_details(identifier, symbol, coingecko, cryptocompare, forked, started, swapped_for) VALUES("eip155:1/erc20:0x6982508145454Ce325dDbE47a25d4ec3d2311933", "PEPE", "pepe", "PEPE", NULL, 1681483895, NULL);
*
INSERT INTO assets(identifier, name, type) VALUES("eip155:1/erc20:0xb23d80f5FefcDDaa212212F028021B41DEd428CF", "Prime", "C"); INSERT INTO evm_tokens(identifier, token_kind, chain, address, decimals, protocol) VALUES("eip155:1/erc20:0xb23d80f5FefcDDaa212212F028021B41DEd428CF", "A", 1, "0xb23d80f5FefcDDaa212212F028021B41DEd428CF", 18, NULL); INSERT INTO common_asset_details(identifier, symbol, coingecko, cryptocompare, forked, started, swapped_for) VALUES("eip155:1/erc20:0xb23d80f5FefcDDaa212212F028021B41DEd428CF", "PRIME", "echelon-prime", "", NULL, 1658083280, NULL);
*
INSERT INTO assets(identifier, name, type) VALUES("eip155:1/erc20:0x8c1BEd5b9a0928467c9B1341Da1D7BD5e10b6549", "Liquid Staked ETH", "C"); INSERT INTO evm_tokens(identifier, token_kind, chain, address, decimals, protocol) VALUES("eip155:1/erc20:0x8c1BEd5b9a0928467c9B1341Da1D7BD5e10b6549", "A", 1, "0x8c1BEd5b9a0928467c9B1341Da1D7BD5e10b6549", 18, NULL); INSERT INTO common_asset_details(identifier, symbol, coingecko, cryptocompare, forked, started, swapped_for) VALUES("eip155:1/erc20:0x8c1BEd5b9a0928467c9B1341Da1D7BD5e10b6549", "LsETH", "liquid-staked-ethereum", "", NULL, 1664906231, NULL);
*
INSERT INTO assets(identifier, name, type) VALUES("eip155:1/erc20:0x628eBC64A38269E031AFBDd3C5BA857483B5d048", "Liquid Staked ETH", "C"); INSERT INTO evm_tokens(identifier, token_kind, chain, address, decimals, protocol) VALUES("eip155:1/erc20:0x628eBC64A38269E031AFBDd3C5BA857483B5d048", "A", 1, "0x628eBC64A38269E031AFBDd3C5BA857483B5d048", 18, NULL); INSERT INTO common_asset_details(identifier, symbol, coingecko, cryptocompare, forked, started, swapped_for) VALUES("eip155:1/erc20:0x628eBC64A38269E031AFBDd3C5BA857483B5d048", "LSETH", "liquid-staked-eth-index", "", NULL, 1673987507, NULL);
*
INSERT INTO assets(identifier, name, type) VALUES("eip155:1/erc20:0x5fab9761d60419C9eeEbe3915A8FA1ed7e8d2E1B", "Dimo", "C"); INSERT INTO evm_tokens(identifier, token_kind, chain, address, decimals, protocol) VALUES("eip155:1/erc20:0x5fab9761d60419C9eeEbe3915A8FA1ed7e8d2E1B", "A", 1, "0x5fab9761d60419C9eeEbe3915A8FA1ed7e8d2E1B", 18, NULL); INSERT INTO common_asset_details(identifier, symbol, coingecko, cryptocompare, forked, started, swapped_for) VALUES("eip155:1/erc20:0x5fab9761d60419C9eeEbe3915A8FA1ed7e8d2E1B", "DIMO", "dimo", "", NULL, 1640888377, NULL);
*
INSERT INTO assets(identifier, name, type) VALUES("eip155:137/erc20:0xE261D618a959aFfFd53168Cd07D12E37B26761db", "Dimo", "C"); INSERT INTO evm_tokens(identifier, token_kind, chain, address, decimals, protocol) VALUES("eip155:137/erc20:0xE261D618a959aFfFd53168Cd07D12E37B26761db", "A", 137, "0xE261D618a959aFfFd53168Cd07D12E37B26761db", 18, NULL); INSERT INTO common_asset_details(identifier, symbol, coingecko, cryptocompare, forked, started, swapped_for) VALUES("eip155:137/erc20:0xE261D618a959aFfFd53168Cd07D12E37B26761db", "DIMO", "dimo", "", NULL, 1654729214, NULL);
*
INSERT INTO assets(identifier, name, type) VALUES("eip155:1/erc20:0x9813037ee2218799597d83D4a5B6F3b6778218d9", "BONE SHIBASWAP", "C"); INSERT INTO evm_tokens(identifier, token_kind, chain, address, decimals, protocol) VALUES("eip155:1/erc20:0x9813037ee2218799597d83D4a5B6F3b6778218d9", "A", 1, "0x9813037ee2218799597d83D4a5B6F3b6778218d9", 18, NULL); INSERT INTO common_asset_details(identifier, symbol, coingecko, cryptocompare, forked, started, swapped_for) VALUES("eip155:1/erc20:0x9813037ee2218799597d83D4a5B6F3b6778218d9", "BONE", "bone-shibaswap", "BONE", NULL, 1625542925, NULL);
*
UPDATE evm_tokens SET protocol="spam" WHERE identifier="eip155:1/erc20:0xE1b3f4849C8959F53eDd3AB932E0F145Daf865C1";
INSERT INTO assets(identifier, name, type) VALUES("eip155:1/erc20:0xE1b3f4849C8959F53eDd3AB932E0F145Daf865C1", "Autodetected spam token", "C"); INSERT INTO evm_tokens(identifier, token_kind, chain, address, decimals, protocol) VALUES("eip155:1/erc20:0xE1b3f4849C8959F53eDd3AB932E0F145Daf865C1", "A", 1, "0xE1b3f4849C8959F53eDd3AB932E0F145Daf865C1", 9, "spam"); INSERT INTO common_asset_details(identifier, symbol, coingecko, cryptocompare, forked, started, swapped_for) VALUES("eip155:1/erc20:0xE1b3f4849C8959F53eDd3AB932E0F145Daf865C1", "0xE1b3f4849C8959F53eDd3AB932E0F145Daf865C1", "", "", NULL, NULL, NULL);
UPDATE evm_tokens SET protocol="spam" WHERE identifier="eip155:1/erc20:0x0D3716e3e411aF431a6E87E715D4B05BbCD67000";
INSERT INTO assets(identifier, name, type) VALUES("eip155:1/erc20:0x0D3716e3e411aF431a6E87E715D4B05BbCD67000", "Autodetected spam token", "C"); INSERT INTO evm_tokens(identifier, token_kind, chain, address, decimals, protocol) VALUES("eip155:1/erc20:0x0D3716e3e411aF431a6E87E715D4B05BbCD67000", "A", 1, "0x0D3716e3e411aF431a6E87E715D4B05BbCD67000", 0, "spam"); INSERT INTO common_asset_details(identifier, symbol, coingecko, cryptocompare, forked, started, swapped_for) VALUES("eip155:1/erc20:0x0D3716e3e411aF431a6E87E715D4B05BbCD67000", "0x0D3716e3e411aF431a6E87E715D4B05BbCD67000", "", "", NULL, 1669217963, NULL);
UPDATE evm_tokens SET protocol="spam" WHERE identifier="eip155:1/erc20:0xb7E8127cE708213599Cb55e4A920198214270A79";
INSERT INTO assets(identifier, name, type) VALUES("eip155:1/erc20:0xb7E8127cE708213599Cb55e4A920198214270A79", "Autodetected spam token", "C"); INSERT INTO evm_tokens(identifier, token_kind, chain, address, decimals, protocol) VALUES("eip155:1/erc20:0xb7E8127cE708213599Cb55e4A920198214270A79", "A", 1, "0xb7E8127cE708213599Cb55e4A920198214270A79", 18, "spam"); INSERT INTO common_asset_details(identifier, symbol, coingecko, cryptocompare, forked, started, swapped_for) VALUES("eip155:1/erc20:0xb7E8127cE708213599Cb55e4A920198214270A79", "Invitation token. Please Visit https://pums.info a", "", "", NULL, NULL, NULL);
UPDATE evm_tokens SET protocol="spam" WHERE identifier="eip155:1/erc20:0xb2C3A55Ea8b15D0F17df2fe4AC6A6f4C76f4A1c6";
INSERT INTO assets(identifier, name, type) VALUES("eip155:1/erc20:0xb2C3A55Ea8b15D0F17df2fe4AC6A6f4C76f4A1c6", "aater.site", "C"); INSERT INTO evm_tokens(identifier, token_kind, chain, address, decimals, protocol) VALUES("eip155:1/erc20:0xb2C3A55Ea8b15D0F17df2fe4AC6A6f4C76f4A1c6", "A", 1, "0xb2C3A55Ea8b15D0F17df2fe4AC6A6f4C76f4A1c6", 18, "spam"); INSERT INTO common_asset_details(identifier, symbol, coingecko, cryptocompare, forked, started, swapped_for) VALUES("eip155:1/erc20:0xb2C3A55Ea8b15D0F17df2fe4AC6A6f4C76f4A1c6", "Invitation token. Please Visit https://aater.site", "", "", NULL, NULL, NULL);
UPDATE evm_tokens SET protocol="spam" WHERE identifier="eip155:1/erc20:0x768ee58B2e288D3f09D4A42479d9F45CCE40B0c4";
INSERT INTO assets(identifier, name, type) VALUES("eip155:1/erc20:0x768ee58B2e288D3f09D4A42479d9F45CCE40B0c4", "Autodetected spam token", "C"); INSERT INTO evm_tokens(identifier, token_kind, chain, address, decimals, protocol) VALUES("eip155:1/erc20:0x768ee58B2e288D3f09D4A42479d9F45CCE40B0c4", "A", 1, "0x768ee58B2e288D3f09D4A42479d9F45CCE40B0c4", 18, "spam"); INSERT INTO common_asset_details(identifier, symbol, coingecko, cryptocompare, forked, started, swapped_for) VALUES("eip155:1/erc20:0x768ee58B2e288D3f09D4A42479d9F45CCE40B0c4", "0x768ee58B2e288D3f09D4A42479d9F45CCE40B0c4", "", "", NULL, NULL, NULL);
UPDATE evm_tokens SET protocol="spam" WHERE identifier="eip155:1/erc20:0x69D732F50e248D4B825d524fEDEB0D7Ce3d76352";
INSERT INTO assets(identifier, name, type) VALUES("eip155:1/erc20:0x69D732F50e248D4B825d524fEDEB0D7Ce3d76352", "Autodetected spam token", "C"); INSERT INTO evm_tokens(identifier, token_kind, chain, address, decimals, protocol) VALUES("eip155:1/erc20:0x69D732F50e248D4B825d524fEDEB0D7Ce3d76352", "A", 1, "0x69D732F50e248D4B825d524fEDEB0D7Ce3d76352", 18, "spam"); INSERT INTO common_asset_details(identifier, symbol, coingecko, cryptocompare, forked, started, swapped_for) VALUES("eip155:1/erc20:0x69D732F50e248D4B825d524fEDEB0D7Ce3d76352", "0x69D732F50e248D4B825d524fEDEB0D7Ce3d76352", "", "", NULL, NULL, NULL);
UPDATE evm_tokens SET protocol="spam" WHERE identifier="eip155:1/erc20:0x120aA018634F555484c088c8da80F75Aa07E004F";
INSERT INTO assets(identifier, name, type) VALUES("eip155:1/erc20:0x120aA018634F555484c088c8da80F75Aa07E004F", "Autodetected spam token", "C"); INSERT INTO evm_tokens(identifier, token_kind, chain, address, decimals, protocol) VALUES("eip155:1/erc20:0x120aA018634F555484c088c8da80F75Aa07E004F", "A", 1, "0x120aA018634F555484c088c8da80F75Aa07E004F", 18, "spam"); INSERT INTO common_asset_details(identifier, symbol, coingecko, cryptocompare, forked, started, swapped_for) VALUES("eip155:1/erc20:0x120aA018634F555484c088c8da80F75Aa07E004F", "0x120aA018634F555484c088c8da80F75Aa07E004F", "", "", NULL, 1661350115, NULL);
UPDATE evm_tokens SET protocol="spam" WHERE identifier="eip155:1/erc20:0xb3c4E9e07ed39708231FF357e8D54096406c2788";
INSERT INTO assets(identifier, name, type) VALUES("eip155:1/erc20:0xb3c4E9e07ed39708231FF357e8D54096406c2788", "Autodetected spam token", "C"); INSERT INTO evm_tokens(identifier, token_kind, chain, address, decimals, protocol) VALUES("eip155:1/erc20:0xb3c4E9e07ed39708231FF357e8D54096406c2788", "A", 1, "0xb3c4E9e07ed39708231FF357e8D54096406c2788", 6, "spam"); INSERT INTO common_asset_details(identifier, symbol, coingecko, cryptocompare, forked, started, swapped_for) VALUES("eip155:1/erc20:0xb3c4E9e07ed39708231FF357e8D54096406c2788", "0xb3c4E9e07ed39708231FF357e8D54096406c2788", "", "", NULL, NULL, NULL);
UPDATE evm_tokens SET protocol="spam" WHERE identifier="eip155:1/erc20:0xbf9136BB6ed468356e8ae5c63107D0892f9aCb06";
INSERT INTO assets(identifier, name, type) VALUES("eip155:1/erc20:0xbf9136BB6ed468356e8ae5c63107D0892f9aCb06", "Autodetected spam token", "C"); INSERT INTO evm_tokens(identifier, token_kind, chain, address, decimals, protocol) VALUES("eip155:1/erc20:0xbf9136BB6ed468356e8ae5c63107D0892f9aCb06", "A", 1, "0xbf9136BB6ed468356e8ae5c63107D0892f9aCb06", 6, "spam"); INSERT INTO common_asset_details(identifier, symbol, coingecko, cryptocompare, forked, started, swapped_for) VALUES("eip155:1/erc20:0xbf9136BB6ed468356e8ae5c63107D0892f9aCb06", "avrc.xyz", "", "", NULL, NULL, NULL);
UPDATE evm_tokens SET protocol="spam" WHERE identifier="eip155:1/erc20:0xd707B59f8b9C5267C579fdf615cDB09353eaCA20";
INSERT INTO assets(identifier, name, type) VALUES("eip155:1/erc20:0xd707B59f8b9C5267C579fdf615cDB09353eaCA20", "Autodetected spam token", "C"); INSERT INTO evm_tokens(identifier, token_kind, chain, address, decimals, protocol) VALUES("eip155:1/erc20:0xd707B59f8b9C5267C579fdf615cDB09353eaCA20", "A", 1, "0xd707B59f8b9C5267C579fdf615cDB09353eaCA20", 6, "spam"); INSERT INTO common_asset_details(identifier, symbol, coingecko, cryptocompare, forked, started, swapped_for) VALUES("eip155:1/erc20:0xd707B59f8b9C5267C579fdf615cDB09353eaCA20", "0xd707B59f8b9C5267C579fdf615cDB09353eaCA20", "", "", NULL, NULL, NULL);
UPDATE evm_tokens SET protocol="spam" WHERE identifier="eip155:1/erc20:0x2d262c7FaA8E03A86D6634BDc6178B3e06cd690b";
INSERT INTO assets(identifier, name, type) VALUES("eip155:1/erc20:0x2d262c7FaA8E03A86D6634BDc6178B3e06cd690b", "Autodetected spam token", "C"); INSERT INTO evm_tokens(identifier, token_kind, chain, address, decimals, protocol) VALUES("eip155:1/erc20:0x2d262c7FaA8E03A86D6634BDc6178B3e06cd690b", "A", 1, "0x2d262c7FaA8E03A86D6634BDc6178B3e06cd690b", 18, "spam"); INSERT INTO common_asset_details(identifier, symbol, coingecko, cryptocompare, forked, started, swapped_for) VALUES("eip155:1/erc20:0x2d262c7FaA8E03A86D6634BDc6178B3e06cd690b", "0x2d262c7FaA8E03A86D6634BDc6178B3e06cd690b", "", "", NULL, 1663752263, NULL);
UPDATE evm_tokens SET protocol="spam" WHERE identifier="eip155:1/erc20:0x208A9C9D8E1d33a4f5b371Bf1864AA125379Ba1B";
INSERT INTO assets(identifier, name, type) VALUES("eip155:1/erc20:0x208A9C9D8E1d33a4f5b371Bf1864AA125379Ba1B", "Autodetected spam token", "C"); INSERT INTO evm_tokens(identifier, token_kind, chain, address, decimals, protocol) VALUES("eip155:1/erc20:0x208A9C9D8E1d33a4f5b371Bf1864AA125379Ba1B", "A", 1, "0x208A9C9D8E1d33a4f5b371Bf1864AA125379Ba1B", 18, "spam"); INSERT INTO common_asset_details(identifier, symbol, coingecko, cryptocompare, forked, started, swapped_for) VALUES("eip155:1/erc20:0x208A9C9D8E1d33a4f5b371Bf1864AA125379Ba1B", "0x208A9C9D8E1d33a4f5b371Bf1864AA125379Ba1B", "", "", NULL, 1664800727, NULL);
UPDATE evm_tokens SET protocol="spam" WHERE identifier="eip155:1/erc20:0xaD9F583F255Ea7fBa4321f84cBa57c3bBD2F0687";
INSERT INTO assets(identifier, name, type) VALUES("eip155:1/erc20:0xaD9F583F255Ea7fBa4321f84cBa57c3bBD2F0687", "Autodetected spam token", "C"); INSERT INTO evm_tokens(identifier, token_kind, chain, address, decimals, protocol) VALUES("eip155:1/erc20:0xaD9F583F255Ea7fBa4321f84cBa57c3bBD2F0687", "A", 1, "0xaD9F583F255Ea7fBa4321f84cBa57c3bBD2F0687", 0, "spam"); INSERT INTO common_asset_details(identifier, symbol, coingecko, cryptocompare, forked, started, swapped_for) VALUES("eip155:1/erc20:0xaD9F583F255Ea7fBa4321f84cBa57c3bBD2F0687", "0xaD9F583F255Ea7fBa4321f84cBa57c3bBD2F0687", "", "", NULL, 1662178460, NULL);
UPDATE evm_tokens SET protocol="spam" WHERE identifier="eip155:1/erc20:0x71FdF1Bbb9F166FBCC4fDc73d696999FA4D8e4a2";
INSERT INTO assets(identifier, name, type) VALUES("eip155:1/erc20:0x71FdF1Bbb9F166FBCC4fDc73d696999FA4D8e4a2", "Autodetected spam token", "C"); INSERT INTO evm_tokens(identifier, token_kind, chain, address, decimals, protocol) VALUES("eip155:1/erc20:0x71FdF1Bbb9F166FBCC4fDc73d696999FA4D8e4a2", "A", 1, "0x71FdF1Bbb9F166FBCC4fDc73d696999FA4D8e4a2", 0, "spam"); INSERT INTO common_asset_details(identifier, symbol, coingecko, cryptocompare, forked, started, swapped_for) VALUES("eip155:1/erc20:0x71FdF1Bbb9F166FBCC4fDc73d696999FA4D8e4a2", "0x71FdF1Bbb9F166FBCC4fDc73d696999FA4D8e4a2", "", "", NULL, NULL, NULL);
UPDATE evm_tokens SET protocol="spam" WHERE identifier="eip155:1/erc20:0x66F176BB173DE87fcE3d1e828baDEA5081B7Fb5e";
INSERT INTO assets(identifier, name, type) VALUES("eip155:1/erc20:0x66F176BB173DE87fcE3d1e828baDEA5081B7Fb5e", "Autodetected spam token", "C"); INSERT INTO evm_tokens(identifier, token_kind, chain, address, decimals, protocol) VALUES("eip155:1/erc20:0x66F176BB173DE87fcE3d1e828baDEA5081B7Fb5e", "A", 1, "0x66F176BB173DE87fcE3d1e828baDEA5081B7Fb5e", 18, "spam"); INSERT INTO common_asset_details(identifier, symbol, coingecko, cryptocompare, forked, started, swapped_for) VALUES("eip155:1/erc20:0x66F176BB173DE87fcE3d1e828baDEA5081B7Fb5e", "0x66F176BB173DE87fcE3d1e828baDEA5081B7Fb5e", "", "", NULL, 1662342525, NULL);
UPDATE evm_tokens SET protocol="spam" WHERE identifier="eip155:1/erc20:0x643695D282f6BA237afe27FFE0Acd89a86b50d3e";
INSERT INTO assets(identifier, name, type) VALUES("eip155:1/erc20:0x643695D282f6BA237afe27FFE0Acd89a86b50d3e", "Autodetected spam token", "C"); INSERT INTO evm_tokens(identifier, token_kind, chain, address, decimals, protocol) VALUES("eip155:1/erc20:0x643695D282f6BA237afe27FFE0Acd89a86b50d3e", "A", 1, "0x643695D282f6BA237afe27FFE0Acd89a86b50d3e", 0, "spam"); INSERT INTO common_asset_details(identifier, symbol, coingecko, cryptocompare, forked, started, swapped_for) VALUES("eip155:1/erc20:0x643695D282f6BA237afe27FFE0Acd89a86b50d3e", "0x643695D282f6BA237afe27FFE0Acd89a86b50d3e", "", "", NULL, 1671982223, NULL);
UPDATE evm_tokens SET protocol="spam" WHERE identifier="eip155:1/erc20:0x6171136E82a2f1bAA2494c69528f599467EfeA20";
INSERT INTO assets(identifier, name, type) VALUES("eip155:1/erc20:0x6171136E82a2f1bAA2494c69528f599467EfeA20", "Autodetected spam token", "C"); INSERT INTO evm_tokens(identifier, token_kind, chain, address, decimals, protocol) VALUES("eip155:1/erc20:0x6171136E82a2f1bAA2494c69528f599467EfeA20", "A", 1, "0x6171136E82a2f1bAA2494c69528f599467EfeA20", 0, "spam"); INSERT INTO common_asset_details(identifier, symbol, coingecko, cryptocompare, forked, started, swapped_for) VALUES("eip155:1/erc20:0x6171136E82a2f1bAA2494c69528f599467EfeA20", "0x6171136E82a2f1bAA2494c69528f599467EfeA20", "", "", NULL, NULL, NULL);
UPDATE evm_tokens SET protocol="spam" WHERE identifier="eip155:1/erc20:0x2a0b8e838acad764c2262F84ef0cE0d62b996f0A";
INSERT INTO assets(identifier, name, type) VALUES("eip155:1/erc20:0x2a0b8e838acad764c2262F84ef0cE0d62b996f0A", "Autodetected spam token", "C"); INSERT INTO evm_tokens(identifier, token_kind, chain, address, decimals, protocol) VALUES("eip155:1/erc20:0x2a0b8e838acad764c2262F84ef0cE0d62b996f0A", "A", 1, "0x2a0b8e838acad764c2262F84ef0cE0d62b996f0A", 6, "spam"); INSERT INTO common_asset_details(identifier, symbol, coingecko, cryptocompare, forked, started, swapped_for) VALUES("eip155:1/erc20:0x2a0b8e838acad764c2262F84ef0cE0d62b996f0A", "[sodefi.tech] Visit and claim rewards", "", "", NULL, NULL, NULL);
UPDATE evm_tokens SET protocol="spam" WHERE identifier="eip155:1/erc20:0x3A518415448d5b254B4d1CC1CF37Cce6FC175E5f";
INSERT INTO assets(identifier, name, type) VALUES("eip155:1/erc20:0x3A518415448d5b254B4d1CC1CF37Cce6FC175E5f", "Autodetected spam token", "C"); INSERT INTO evm_tokens(identifier, token_kind, chain, address, decimals, protocol) VALUES("eip155:1/erc20:0x3A518415448d5b254B4d1CC1CF37Cce6FC175E5f", "A", 1, "0x3A518415448d5b254B4d1CC1CF37Cce6FC175E5f", 0, "spam"); INSERT INTO common_asset_details(identifier, symbol, coingecko, cryptocompare, forked, started, swapped_for) VALUES("eip155:1/erc20:0x3A518415448d5b254B4d1CC1CF37Cce6FC175E5f", "0x3A518415448d5b254B4d1CC1CF37Cce6FC175E5f", "", "", NULL, NULL, NULL);
UPDATE evm_tokens SET protocol="spam" WHERE identifier="eip155:1/erc20:0xa51a8578052EdEB4Ced5333A5e058860d9E7a35b";
INSERT INTO assets(identifier, name, type) VALUES("eip155:1/erc20:0xa51a8578052EdEB4Ced5333A5e058860d9E7a35b", "Autodetected spam token", "C"); INSERT INTO evm_tokens(identifier, token_kind, chain, address, decimals, protocol) VALUES("eip155:1/erc20:0xa51a8578052EdEB4Ced5333A5e058860d9E7a35b", "A", 1, "0xa51a8578052EdEB4Ced5333A5e058860d9E7a35b", 0, "spam"); INSERT INTO common_asset_details(identifier, symbol, coingecko, cryptocompare, forked, started, swapped_for) VALUES("eip155:1/erc20:0xa51a8578052EdEB4Ced5333A5e058860d9E7a35b", "0xa51a8578052EdEB4Ced5333A5e058860d9E7a35b", "", "", NULL, NULL, NULL);
UPDATE evm_tokens SET protocol="spam" WHERE identifier="eip155:1/erc20:0xE23366CcCF6c5318b47621cEAC3296d480b5Ebc8";
INSERT INTO assets(identifier, name, type) VALUES("eip155:1/erc20:0xE23366CcCF6c5318b47621cEAC3296d480b5Ebc8", "Autodetected spam token", "C"); INSERT INTO evm_tokens(identifier, token_kind, chain, address, decimals, protocol) VALUES("eip155:1/erc20:0xE23366CcCF6c5318b47621cEAC3296d480b5Ebc8", "A", 1, "0xE23366CcCF6c5318b47621cEAC3296d480b5Ebc8", 0, "spam"); INSERT INTO common_asset_details(identifier, symbol, coingecko, cryptocompare, forked, started, swapped_for) VALUES("eip155:1/erc20:0xE23366CcCF6c5318b47621cEAC3296d480b5Ebc8", "0xE23366CcCF6c5318b47621cEAC3296d480b5Ebc8", "", "", NULL, 1663219225, NULL);
UPDATE evm_tokens SET protocol="spam" WHERE identifier="eip155:1/erc20:0xC83Aa62eB4e449967De0eb4bF653B7FbA57B50B9";
INSERT INTO assets(identifier, name, type) VALUES("eip155:1/erc20:0xC83Aa62eB4e449967De0eb4bF653B7FbA57B50B9", "Abroshib.org", "C"); INSERT INTO evm_tokens(identifier, token_kind, chain, address, decimals, protocol) VALUES("eip155:1/erc20:0xC83Aa62eB4e449967De0eb4bF653B7FbA57B50B9", "A", 1, "0xC83Aa62eB4e449967De0eb4bF653B7FbA57B50B9", 0, "spam"); INSERT INTO common_asset_details(identifier, symbol, coingecko, cryptocompare, forked, started, swapped_for) VALUES("eip155:1/erc20:0xC83Aa62eB4e449967De0eb4bF653B7FbA57B50B9", "Visit website abroshib.org to swap tokens.", "", "", NULL, NULL, NULL);
UPDATE evm_tokens SET protocol="spam" WHERE identifier="eip155:1/erc20:0xC13647659Fb3c11ee9cfE1CbE7CAf3ff3eBCd317";
INSERT INTO assets(identifier, name, type) VALUES("eip155:1/erc20:0xC13647659Fb3c11ee9cfE1CbE7CAf3ff3eBCd317", "Autodetected spam token", "C"); INSERT INTO evm_tokens(identifier, token_kind, chain, address, decimals, protocol) VALUES("eip155:1/erc20:0xC13647659Fb3c11ee9cfE1CbE7CAf3ff3eBCd317", "A", 1, "0xC13647659Fb3c11ee9cfE1CbE7CAf3ff3eBCd317", 0, "spam"); INSERT INTO common_asset_details(identifier, symbol, coingecko, cryptocompare, forked, started, swapped_for) VALUES("eip155:1/erc20:0xC13647659Fb3c11ee9cfE1CbE7CAf3ff3eBCd317", "0xC13647659Fb3c11ee9cfE1CbE7CAf3ff3eBCd317", "", "", NULL, 1670036579, NULL);
UPDATE evm_tokens SET protocol="spam" WHERE identifier="eip155:1/erc20:0x7a6b87D7a874Fce4c2d923b09C0E09e4936bcF57";
INSERT INTO assets(identifier, name, type) VALUES("eip155:1/erc20:0x7a6b87D7a874Fce4c2d923b09C0E09e4936bcF57", "Autodetected spam token", "C"); INSERT INTO evm_tokens(identifier, token_kind, chain, address, decimals, protocol) VALUES("eip155:1/erc20:0x7a6b87D7a874Fce4c2d923b09C0E09e4936bcF57", "A", 1, "0x7a6b87D7a874Fce4c2d923b09C0E09e4936bcF57", 0, "spam"); INSERT INTO common_asset_details(identifier, symbol, coingecko, cryptocompare, forked, started, swapped_for) VALUES("eip155:1/erc20:0x7a6b87D7a874Fce4c2d923b09C0E09e4936bcF57", "0x7a6b87D7a874Fce4c2d923b09C0E09e4936bcF57", "", "", NULL, 1669300319, NULL);
UPDATE evm_tokens SET protocol="spam" WHERE identifier="eip155:1/erc20:0x3Ebd76B25A453252CA6B61334ED6f156Bf5dD928";
INSERT INTO assets(identifier, name, type) VALUES("eip155:1/erc20:0x3Ebd76B25A453252CA6B61334ED6f156Bf5dD928", "Autodetected spam token", "C"); INSERT INTO evm_tokens(identifier, token_kind, chain, address, decimals, protocol) VALUES("eip155:1/erc20:0x3Ebd76B25A453252CA6B61334ED6f156Bf5dD928", "A", 1, "0x3Ebd76B25A453252CA6B61334ED6f156Bf5dD928", 18, "spam"); INSERT INTO common_asset_details(identifier, symbol, coingecko, cryptocompare, forked, started, swapped_for) VALUES("eip155:1/erc20:0x3Ebd76B25A453252CA6B61334ED6f156Bf5dD928", "0x3Ebd76B25A453252CA6B61334ED6f156Bf5dD928", "", "", NULL, NULL, NULL);
UPDATE evm_tokens SET protocol="spam" WHERE identifier="eip155:1/erc20:0x34278F6f40079eae344cbaC61a764Bcf85AfC949";
INSERT INTO assets(identifier, name, type) VALUES("eip155:1/erc20:0x34278F6f40079eae344cbaC61a764Bcf85AfC949", "Autodetected spam token", "C"); INSERT INTO evm_tokens(identifier, token_kind, chain, address, decimals, protocol) VALUES("eip155:1/erc20:0x34278F6f40079eae344cbaC61a764Bcf85AfC949", "A", 1, "0x34278F6f40079eae344cbaC61a764Bcf85AfC949", 18, "spam"); INSERT INTO common_asset_details(identifier, symbol, coingecko, cryptocompare, forked, started, swapped_for) VALUES("eip155:1/erc20:0x34278F6f40079eae344cbaC61a764Bcf85AfC949", "0x34278F6f40079eae344cbaC61a764Bcf85AfC949", "", "", NULL, NULL, NULL);
UPDATE evm_tokens SET protocol="spam" WHERE identifier="eip155:1/erc20:0x2d262c7FaA8E03A86D6634BDc6178B3e06cd690b";
INSERT INTO assets(identifier, name, type) VALUES("eip155:1/erc20:0x2d262c7FaA8E03A86D6634BDc6178B3e06cd690b", "Autodetected spam token", "C"); INSERT INTO evm_tokens(identifier, token_kind, chain, address, decimals, protocol) VALUES("eip155:1/erc20:0x2d262c7FaA8E03A86D6634BDc6178B3e06cd690b", "A", 1, "0x2d262c7FaA8E03A86D6634BDc6178B3e06cd690b", 18, "spam"); INSERT INTO common_asset_details(identifier, symbol, coingecko, cryptocompare, forked, started, swapped_for) VALUES("eip155:1/erc20:0x2d262c7FaA8E03A86D6634BDc6178B3e06cd690b", "0x2d262c7FaA8E03A86D6634BDc6178B3e06cd690b", "", "", NULL, 1663752263, NULL);
INSERT INTO assets(identifier, name, type) VALUES("eip155:56/erc20:0x2dfF88A56767223A5529eA5960Da7A3F5f766406", "SPACE ID", "C"); INSERT INTO evm_tokens(identifier, token_kind, chain, address, decimals, protocol) VALUES("eip155:56/erc20:0x2dfF88A56767223A5529eA5960Da7A3F5f766406", "A", 56, "0x2dfF88A56767223A5529eA5960Da7A3F5f766406", 18, NULL); INSERT INTO common_asset_details(identifier, symbol, coingecko, cryptocompare, forked, started, swapped_for) VALUES("eip155:56/erc20:0x2dfF88A56767223A5529eA5960Da7A3F5f766406", "ID", "space-id", "", NULL, 1679117607, NULL);
*
INSERT INTO assets(identifier, name, type) VALUES("eip155:1/erc20:0xD04E772BC0d591fBD288f2E2a86aFA3D3CB647F8", "CryptoGPT Token", "C"); INSERT INTO evm_tokens(identifier, token_kind, chain, address, decimals, protocol) VALUES("eip155:1/erc20:0xD04E772BC0d591fBD288f2E2a86aFA3D3CB647F8", "A", 1, "0xD04E772BC0d591fBD288f2E2a86aFA3D3CB647F8", 18, NULL); INSERT INTO common_asset_details(identifier, symbol, coingecko, cryptocompare, forked, started, swapped_for) VALUES("eip155:1/erc20:0xD04E772BC0d591fBD288f2E2a86aFA3D3CB647F8", "GPT", "cryptogpt-token", "", NULL, 1677245663, NULL);
*
INSERT INTO assets(identifier, name, type) VALUES("eip155:1/erc20:0x669c01CAF0eDcaD7c2b8Dc771474aD937A7CA4AF", "Wrapped Minima", "C"); INSERT INTO evm_tokens(identifier, token_kind, chain, address, decimals, protocol) VALUES("eip155:1/erc20:0x669c01CAF0eDcaD7c2b8Dc771474aD937A7CA4AF", "A", 1, "0x669c01CAF0eDcaD7c2b8Dc771474aD937A7CA4AF", 18, NULL); INSERT INTO common_asset_details(identifier, symbol, coingecko, cryptocompare, forked, started, swapped_for) VALUES("eip155:1/erc20:0x669c01CAF0eDcaD7c2b8Dc771474aD937A7CA4AF", "WMINIMA", "wrapped-minima", "WMINIMA", NULL, NULL, NULL);
*
INSERT INTO assets(identifier, name, type) VALUES("eip155:1/erc20:0xe4dae00bc1c46ea2F44ae71B1BEb8b171C15d812", "PREMA", "C"); INSERT INTO evm_tokens(identifier, token_kind, chain, address, decimals, protocol) VALUES("eip155:1/erc20:0xe4dae00bc1c46ea2F44ae71B1BEb8b171C15d812", "A", 1, "0xe4dae00bc1c46ea2F44ae71B1BEb8b171C15d812", 18, NULL); INSERT INTO common_asset_details(identifier, symbol, coingecko, cryptocompare, forked, started, swapped_for) VALUES("eip155:1/erc20:0xe4dae00bc1c46ea2F44ae71B1BEb8b171C15d812", "PRMX", "prema", "PRMX", NULL, 1653990614, NULL);
*
INSERT INTO assets(identifier, name, type) VALUES("eip155:1/erc20:0x19de6b897Ed14A376Dda0Fe53a5420D2aC828a28", "BitgetToken", "C"); INSERT INTO evm_tokens(identifier, token_kind, chain, address, decimals, protocol) VALUES("eip155:1/erc20:0x19de6b897Ed14A376Dda0Fe53a5420D2aC828a28", "A", 1, "0x19de6b897Ed14A376Dda0Fe53a5420D2aC828a28", 18, NULL); INSERT INTO common_asset_details(identifier, symbol, coingecko, cryptocompare, forked, started, swapped_for) VALUES("eip155:1/erc20:0x19de6b897Ed14A376Dda0Fe53a5420D2aC828a28", "BGB", "bitget-token", "", NULL, 1621164984, NULL);
*
INSERT INTO assets(identifier, name, type) VALUES("eip155:42161/erc20:0x09E18590E8f76b6Cf471b3cd75fE1A1a9D2B2c2b", "AIDOGE", "C"); INSERT INTO evm_tokens(identifier, token_kind, chain, address, decimals, protocol) VALUES("eip155:42161/erc20:0x09E18590E8f76b6Cf471b3cd75fE1A1a9D2B2c2b", "A", 42161, "0x09E18590E8f76b6Cf471b3cd75fE1A1a9D2B2c2b", 6, NULL); INSERT INTO common_asset_details(identifier, symbol, coingecko, cryptocompare, forked, started, swapped_for) VALUES("eip155:42161/erc20:0x09E18590E8f76b6Cf471b3cd75fE1A1a9D2B2c2b", "AIDOGE", "arbdoge-ai", "", NULL, 1681093916, NULL);
*
INSERT INTO assets(identifier, name, type) VALUES("eip155:1/erc20:0xE0151763455A8a021e64880C238ba1cff3787fF0", "Aped", "C"); INSERT INTO evm_tokens(identifier, token_kind, chain, address, decimals, protocol) VALUES("eip155:1/erc20:0xE0151763455A8a021e64880C238ba1cff3787fF0", "A", 1, "0xE0151763455A8a021e64880C238ba1cff3787fF0", 18, NULL); INSERT INTO common_asset_details(identifier, symbol, coingecko, cryptocompare, forked, started, swapped_for) VALUES("eip155:1/erc20:0xE0151763455A8a021e64880C238ba1cff3787fF0", "APED", "aped", "", NULL, NULL, NULL);
*
INSERT INTO assets(identifier, name, type) VALUES("eip155:1/erc20:0x5C559F3ee9A81Da83e069c0093471cB05D84052A", "BabyPepe", "C"); INSERT INTO evm_tokens(identifier, token_kind, chain, address, decimals, protocol) VALUES("eip155:1/erc20:0x5C559F3ee9A81Da83e069c0093471cB05D84052A", "A", 1, "0x5C559F3ee9A81Da83e069c0093471cB05D84052A", 18, NULL); INSERT INTO common_asset_details(identifier, symbol, coingecko, cryptocompare, forked, started, swapped_for) VALUES("eip155:1/erc20:0x5C559F3ee9A81Da83e069c0093471cB05D84052A", "BABYPEPE", "babypepe", "", NULL, NULL, NULL);
*
INSERT INTO assets(identifier, name, type) VALUES("eip155:42161/erc20:0x1D987200dF3B744CFa9C14f713F5334CB4Bc4D5D", "REKT", "C"); INSERT INTO evm_tokens(identifier, token_kind, chain, address, decimals, protocol) VALUES("eip155:42161/erc20:0x1D987200dF3B744CFa9C14f713F5334CB4Bc4D5D", "A", 42161, "0x1D987200dF3B744CFa9C14f713F5334CB4Bc4D5D", 6, NULL); INSERT INTO common_asset_details(identifier, symbol, coingecko, cryptocompare, forked, started, swapped_for) VALUES("eip155:42161/erc20:0x1D987200dF3B744CFa9C14f713F5334CB4Bc4D5D", "REKT", "rekt-04bbe51a-e290-450a-afb5-b2b43b80b20e", "", NULL, 1682170248, NULL);
*
INSERT INTO assets(identifier, name, type) VALUES("eip155:137/erc20:0xE238Ecb42C424E877652AD82d8A939183A04C35f", "WiFi Map", "C"); INSERT INTO evm_tokens(identifier, token_kind, chain, address, decimals, protocol) VALUES("eip155:137/erc20:0xE238Ecb42C424E877652AD82d8A939183A04C35f", "A", 137, "0xE238Ecb42C424E877652AD82d8A939183A04C35f", 18, NULL); INSERT INTO common_asset_details(identifier, symbol, coingecko, cryptocompare, forked, started, swapped_for) VALUES("eip155:137/erc20:0xE238Ecb42C424E877652AD82d8A939183A04C35f", "WIFI", "wifi", "", NULL, 1679594183, NULL);
*
INSERT INTO assets(identifier, name, type) VALUES("eip155:1/erc20:0x2c95D751DA37A5C1d9c5a7Fd465c1d50F3d96160", "WASSIE", "C"); INSERT INTO evm_tokens(identifier, token_kind, chain, address, decimals, protocol) VALUES("eip155:1/erc20:0x2c95D751DA37A5C1d9c5a7Fd465c1d50F3d96160", "A", 1, "0x2c95D751DA37A5C1d9c5a7Fd465c1d50F3d96160", 18, NULL); INSERT INTO common_asset_details(identifier, symbol, coingecko, cryptocompare, forked, started, swapped_for) VALUES("eip155:1/erc20:0x2c95D751DA37A5C1d9c5a7Fd465c1d50F3d96160", "WASSIE", "wassie", "", NULL, NULL, NULL);
*
INSERT INTO assets(identifier, name, type) VALUES("eip155:1/erc20:0x5026F006B85729a8b14553FAE6af249aD16c9aaB", "Wojak Coin", "C"); INSERT INTO evm_tokens(identifier, token_kind, chain, address, decimals, protocol) VALUES("eip155:1/erc20:0x5026F006B85729a8b14553FAE6af249aD16c9aaB", "A", 1, "0x5026F006B85729a8b14553FAE6af249aD16c9aaB", 18, NULL); INSERT INTO common_asset_details(identifier, symbol, coingecko, cryptocompare, forked, started, swapped_for) VALUES("eip155:1/erc20:0x5026F006B85729a8b14553FAE6af249aD16c9aaB", "WOJAK", "wojak", "", NULL, 1681768883, NULL);
*
INSERT INTO assets(identifier, name, type) VALUES("eip155:1/erc20:0x25722Cd432d02895d9BE45f5dEB60fc479c8781E", "SpongeBob", "C"); INSERT INTO evm_tokens(identifier, token_kind, chain, address, decimals, protocol) VALUES("eip155:1/erc20:0x25722Cd432d02895d9BE45f5dEB60fc479c8781E", "A", 1, "0x25722Cd432d02895d9BE45f5dEB60fc479c8781E", 18, NULL); INSERT INTO common_asset_details(identifier, symbol, coingecko, cryptocompare, forked, started, swapped_for) VALUES("eip155:1/erc20:0x25722Cd432d02895d9BE45f5dEB60fc479c8781E", "SPONGE", "sponge-f08b2fe4-9d9c-47c3-b5a0-84c2ac3bbbff", "", NULL, NULL, NULL);
*
INSERT INTO assets(identifier, name, type) VALUES("eip155:1/erc20:0xA35923162C49cF95e6BF26623385eb431ad920D3", "Turbo", "C"); INSERT INTO evm_tokens(identifier, token_kind, chain, address, decimals, protocol) VALUES("eip155:1/erc20:0xA35923162C49cF95e6BF26623385eb431ad920D3", "A", 1, "0xA35923162C49cF95e6BF26623385eb431ad920D3", 18, NULL); INSERT INTO common_asset_details(identifier, symbol, coingecko, cryptocompare, forked, started, swapped_for) VALUES("eip155:1/erc20:0xA35923162C49cF95e6BF26623385eb431ad920D3", "TURBO", "turbo", "", NULL, NULL, NULL);
*
INSERT INTO assets(identifier, name, type) VALUES("eip155:1/erc20:0xc5fB36dd2fb59d3B98dEfF88425a3F425Ee469eD", "Dejitaru Tsuka", "C"); INSERT INTO evm_tokens(identifier, token_kind, chain, address, decimals, protocol) VALUES("eip155:1/erc20:0xc5fB36dd2fb59d3B98dEfF88425a3F425Ee469eD", "A", 1, "0xc5fB36dd2fb59d3B98dEfF88425a3F425Ee469eD", 9, NULL); INSERT INTO common_asset_details(identifier, symbol, coingecko, cryptocompare, forked, started, swapped_for) VALUES("eip155:1/erc20:0xc5fB36dd2fb59d3B98dEfF88425a3F425Ee469eD", "TSUKA", "dejitaru-tsuka", "TSUKA", NULL, 1653536969, NULL);
*
INSERT INTO assets(identifier, name, type) VALUES("eip155:42161/erc20:0xeE0b14e8fC86691Cf6eE42B9954985B4cF968534", "ZenPandaCoin", "C"); INSERT INTO evm_tokens(identifier, token_kind, chain, address, decimals, protocol) VALUES("eip155:42161/erc20:0xeE0b14e8fC86691Cf6eE42B9954985B4cF968534", "A", 42161, "0xeE0b14e8fC86691Cf6eE42B9954985B4cF968534", 18, NULL); INSERT INTO common_asset_details(identifier, symbol, coingecko, cryptocompare, forked, started, swapped_for) VALUES("eip155:42161/erc20:0xeE0b14e8fC86691Cf6eE42B9954985B4cF968534", "ZPC", "", "", NULL, 1683369929, NULL);
*
INSERT INTO assets(identifier, name, type) VALUES("eip155:42161/erc20:0x65c936f008BC34fE819bce9Fa5afD9dc2d49977f", "Y2K", "C"); INSERT INTO evm_tokens(identifier, token_kind, chain, address, decimals, protocol) VALUES("eip155:42161/erc20:0x65c936f008BC34fE819bce9Fa5afD9dc2d49977f", "A", 42161, "0x65c936f008BC34fE819bce9Fa5afD9dc2d49977f", 18, NULL); INSERT INTO common_asset_details(identifier, symbol, coingecko, cryptocompare, forked, started, swapped_for) VALUES("eip155:42161/erc20:0x65c936f008BC34fE819bce9Fa5afD9dc2d49977f", "Y2K", "y2k", "", NULL, 1666976870, NULL);
*
INSERT INTO assets(identifier, name, type) VALUES("eip155:1/erc20:0xb794Ad95317f75c44090f64955954C3849315fFe", "Ribbit", "C"); INSERT INTO evm_tokens(identifier, token_kind, chain, address, decimals, protocol) VALUES("eip155:1/erc20:0xb794Ad95317f75c44090f64955954C3849315fFe", "A", 1, "0xb794Ad95317f75c44090f64955954C3849315fFe", 18, NULL); INSERT INTO common_asset_details(identifier, symbol, coingecko, cryptocompare, forked, started, swapped_for) VALUES("eip155:1/erc20:0xb794Ad95317f75c44090f64955954C3849315fFe", "RIBBIT", "ribbit-meme", "", NULL, NULL, NULL);
*
INSERT INTO assets(identifier, name, type) VALUES("eip155:1/erc20:0x808507121B80c02388fAd14726482e061B8da827", "Pendle", "C"); INSERT INTO evm_tokens(identifier, token_kind, chain, address, decimals, protocol) VALUES("eip155:1/erc20:0x808507121B80c02388fAd14726482e061B8da827", "A", 1, "0x808507121B80c02388fAd14726482e061B8da827", 18, NULL); INSERT INTO common_asset_details(identifier, symbol, coingecko, cryptocompare, forked, started, swapped_for) VALUES("eip155:1/erc20:0x808507121B80c02388fAd14726482e061B8da827", "PENDLE", "pendle", "PENDLE", NULL, 1619495943, NULL);
*
INSERT INTO assets(identifier, name, type) VALUES("eip155:42161/erc20:0x0c880f6761F1af8d9Aa9C466984b80DAb9a8c9e8", "Pendle", "C"); INSERT INTO evm_tokens(identifier, token_kind, chain, address, decimals, protocol) VALUES("eip155:42161/erc20:0x0c880f6761F1af8d9Aa9C466984b80DAb9a8c9e8", "A", 42161, "0x0c880f6761F1af8d9Aa9C466984b80DAb9a8c9e8", 18, NULL); INSERT INTO common_asset_details(identifier, symbol, coingecko, cryptocompare, forked, started, swapped_for) VALUES("eip155:42161/erc20:0x0c880f6761F1af8d9Aa9C466984b80DAb9a8c9e8", "PENDLE", "pendle", "PENDLE", NULL, 1671422822, NULL);
*
INSERT INTO assets(identifier, name, type) VALUES("eip155:43114/erc20:0xfB98B335551a418cD0737375a2ea0ded62Ea213b", "Pendle", "C"); INSERT INTO evm_tokens(identifier, token_kind, chain, address, decimals, protocol) VALUES("eip155:43114/erc20:0xfB98B335551a418cD0737375a2ea0ded62Ea213b", "A", 43114, "0xfB98B335551a418cD0737375a2ea0ded62Ea213b", 18, NULL); INSERT INTO common_asset_details(identifier, symbol, coingecko, cryptocompare, forked, started, swapped_for) VALUES("eip155:43114/erc20:0xfB98B335551a418cD0737375a2ea0ded62Ea213b", "PENDLE", "pendle", "PENDLE", NULL, 1635314449, NULL);
*
INSERT INTO assets(identifier, name, type) VALUES("eip155:42161/erc20:0x088cd8f5eF3652623c22D48b1605DCfE860Cd704", "VelaToken", "C"); INSERT INTO evm_tokens(identifier, token_kind, chain, address, decimals, protocol) VALUES("eip155:42161/erc20:0x088cd8f5eF3652623c22D48b1605DCfE860Cd704", "A", 42161, "0x088cd8f5eF3652623c22D48b1605DCfE860Cd704", 18, NULL); INSERT INTO common_asset_details(identifier, symbol, coingecko, cryptocompare, forked, started, swapped_for) VALUES("eip155:42161/erc20:0x088cd8f5eF3652623c22D48b1605DCfE860Cd704", "VELA", "vela-token", "VELA", NULL, 1671842085, NULL);
*
INSERT INTO assets(identifier, name, type) VALUES("eip155:1/erc20:0x297E4e5e59Ad72B1B0A2fd446929e76117be0E0a", "ValorToken", "C"); INSERT INTO evm_tokens(identifier, token_kind, chain, address, decimals, protocol) VALUES("eip155:1/erc20:0x297E4e5e59Ad72B1B0A2fd446929e76117be0E0a", "A", 1, "0x297E4e5e59Ad72B1B0A2fd446929e76117be0E0a", 18, NULL); INSERT INTO common_asset_details(identifier, symbol, coingecko, cryptocompare, forked, started, swapped_for) VALUES("eip155:1/erc20:0x297E4e5e59Ad72B1B0A2fd446929e76117be0E0a", "VALOR", "smart-valor", "", NULL, NULL, NULL);
*
INSERT INTO assets(identifier, name, type) VALUES("CETUS", "Cetus Protocol", "W"); INSERT INTO common_asset_details(identifier, symbol, coingecko, cryptocompare, forked, started, swapped_for) VALUES("CETUS", "CETUS", "cetus-protocol", "", NULL, 1683126000, NULL);
*
UPDATE common_asset_details SET coingecko="rocket-pool-eth" WHERE identifier="eip155:1/erc20:0xae78736Cd615f374D3085123A210448E74Fc6393";
INSERT INTO assets(identifier, name, type) VALUES("eip155:1/erc20:0xae78736Cd615f374D3085123A210448E74Fc6393", "Rocket Pool ETH", "C"); INSERT INTO evm_tokens(identifier, token_kind, chain, address, decimals, protocol) VALUES("eip155:1/erc20:0xae78736Cd615f374D3085123A210448E74Fc6393", "A", 1, "0xae78736Cd615f374D3085123A210448E74Fc6393", 18, NULL); INSERT INTO common_asset_details(identifier, symbol, coingecko, cryptocompare, forked, started, swapped_for) VALUES("eip155:1/erc20:0xae78736Cd615f374D3085123A210448E74Fc6393", "rETH", "rocket-pool-eth", "", NULL, 1632980684, NULL);
INSERT INTO assets(identifier, name, type) VALUES("eip155:137/erc20:0x0266F4F08D82372CF0FcbCCc0Ff74309089c74d1", "Rocket Pool ETH", "C"); INSERT INTO evm_tokens(identifier, token_kind, chain, address, decimals, protocol) VALUES("eip155:137/erc20:0x0266F4F08D82372CF0FcbCCc0Ff74309089c74d1", "A", 137, "0x0266F4F08D82372CF0FcbCCc0Ff74309089c74d1", 18, NULL); INSERT INTO common_asset_details(identifier, symbol, coingecko, cryptocompare, forked, started, swapped_for) VALUES("eip155:137/erc20:0x0266F4F08D82372CF0FcbCCc0Ff74309089c74d1", "rETH", "rocket-pool-eth", "", NULL, 1639629902, NULL);
*
INSERT INTO assets(identifier, name, type) VALUES("eip155:42161/erc20:0xEC70Dcb4A1EFa46b8F2D97C310C9c4790ba5ffA8", "Rocket Pool ETH", "C"); INSERT INTO evm_tokens(identifier, token_kind, chain, address, decimals, protocol) VALUES("eip155:42161/erc20:0xEC70Dcb4A1EFa46b8F2D97C310C9c4790ba5ffA8", "A", 42161, "0xEC70Dcb4A1EFa46b8F2D97C310C9c4790ba5ffA8", 18, NULL); INSERT INTO common_asset_details(identifier, symbol, coingecko, cryptocompare, forked, started, swapped_for) VALUES("eip155:42161/erc20:0xEC70Dcb4A1EFa46b8F2D97C310C9c4790ba5ffA8", "rETH", "rocket-pool-eth", "", NULL, 1637303351, NULL);
*
INSERT INTO assets(identifier, name, type) VALUES("eip155:10/erc20:0x9Bcef72be871e61ED4fBbc7630889beE758eb81D", "Rocket Pool ETH", "C"); INSERT INTO evm_tokens(identifier, token_kind, chain, address, decimals, protocol) VALUES("eip155:10/erc20:0x9Bcef72be871e61ED4fBbc7630889beE758eb81D", "A", 10, "0x9Bcef72be871e61ED4fBbc7630889beE758eb81D", 18, NULL); INSERT INTO common_asset_details(identifier, symbol, coingecko, cryptocompare, forked, started, swapped_for) VALUES("eip155:10/erc20:0x9Bcef72be871e61ED4fBbc7630889beE758eb81D", "rETH", "rocket-pool-eth", "", NULL, 1637032878, NULL);
*
UPDATE common_asset_details SET coingecko="vnx-gold" WHERE identifier="eip155:1/erc20:0x6d57B2E05F26C26b549231c866bdd39779e4a488";
INSERT INTO assets(identifier, name, type) VALUES("eip155:1/erc20:0x6d57B2E05F26C26b549231c866bdd39779e4a488", "VNX Gold", "C"); INSERT INTO evm_tokens(identifier, token_kind, chain, address, decimals, protocol) VALUES("eip155:1/erc20:0x6d57B2E05F26C26b549231c866bdd39779e4a488", "A", 1, "0x6d57B2E05F26C26b549231c866bdd39779e4a488", 18, NULL); INSERT INTO common_asset_details(identifier, symbol, coingecko, cryptocompare, forked, started, swapped_for) VALUES("eip155:1/erc20:0x6d57B2E05F26C26b549231c866bdd39779e4a488", "VNXAU", "vnx-gold", "", NULL, 1639578719, NULL);
UPDATE common_asset_details SET coingecko="freth" WHERE identifier="eip155:1/erc20:0xB4Bd4628e6EFb0Cb521D9ec35050C75840320374";
INSERT INTO assets(identifier, name, type) VALUES("eip155:1/erc20:0xB4Bd4628e6EFb0Cb521D9ec35050C75840320374", "frETH", "C"); INSERT INTO evm_tokens(identifier, token_kind, chain, address, decimals, protocol) VALUES("eip155:1/erc20:0xB4Bd4628e6EFb0Cb521D9ec35050C75840320374", "A", 1, "0xB4Bd4628e6EFb0Cb521D9ec35050C75840320374", 18, NULL); INSERT INTO common_asset_details(identifier, symbol, coingecko, cryptocompare, forked, started, swapped_for) VALUES("eip155:1/erc20:0xB4Bd4628e6EFb0Cb521D9ec35050C75840320374", "frETH", "freth", "", NULL, 1654863307, NULL);
UPDATE common_asset_details SET coingecko="redacted", cryptocompare="BTRFLY" WHERE identifier="eip155:1/erc20:0xc55126051B22eBb829D00368f4B12Bde432de5Da";
INSERT INTO assets(identifier, name, type) VALUES("eip155:1/erc20:0xc55126051B22eBb829D00368f4B12Bde432de5Da", "BTRFLY", "C"); INSERT INTO evm_tokens(identifier, token_kind, chain, address, decimals, protocol) VALUES("eip155:1/erc20:0xc55126051B22eBb829D00368f4B12Bde432de5Da", "A", 1, "0xc55126051B22eBb829D00368f4B12Bde432de5Da", 18, NULL); INSERT INTO common_asset_details(identifier, symbol, coingecko, cryptocompare, forked, started, swapped_for) VALUES("eip155:1/erc20:0xc55126051B22eBb829D00368f4B12Bde432de5Da", "BTRFLY", "redacted", "BTRFLY", NULL, 1659972631, NULL);
UPDATE common_asset_details SET coingecko="defi-franc" WHERE identifier="eip155:1/erc20:0x045da4bFe02B320f4403674B3b7d121737727A36";
INSERT INTO assets(identifier, name, type) VALUES("eip155:1/erc20:0x045da4bFe02B320f4403674B3b7d121737727A36", "Defi Franc", "C"); INSERT INTO evm_tokens(identifier, token_kind, chain, address, decimals, protocol) VALUES("eip155:1/erc20:0x045da4bFe02B320f4403674B3b7d121737727A36", "A", 1, "0x045da4bFe02B320f4403674B3b7d121737727A36", 18, NULL); INSERT INTO common_asset_details(identifier, symbol, coingecko, cryptocompare, forked, started, swapped_for) VALUES("eip155:1/erc20:0x045da4bFe02B320f4403674B3b7d121737727A36", "DCHF", "defi-franc", "", NULL, 1664123591, NULL);
UPDATE common_asset_details SET coingecko="new-world-order" WHERE identifier="eip155:1/erc20:0x00C2999c8B2AdF4ABC835cc63209533973718eB1";
INSERT INTO assets(identifier, name, type) VALUES("eip155:1/erc20:0x00C2999c8B2AdF4ABC835cc63209533973718eB1", "New World Order", "C"); INSERT INTO evm_tokens(identifier, token_kind, chain, address, decimals, protocol) VALUES("eip155:1/erc20:0x00C2999c8B2AdF4ABC835cc63209533973718eB1", "A", 1, "0x00C2999c8B2AdF4ABC835cc63209533973718eB1", 18, NULL); INSERT INTO common_asset_details(identifier, symbol, coingecko, cryptocompare, forked, started, swapped_for) VALUES("eip155:1/erc20:0x00C2999c8B2AdF4ABC835cc63209533973718eB1", "STATE", "new-world-order", "", NULL, 1629139180, NULL);
UPDATE common_asset_details SET coingecko="stake-link-staked-link" WHERE identifier="eip155:1/erc20:0xb8b295df2cd735b15BE5Eb419517Aa626fc43cD5";
INSERT INTO assets(identifier, name, type) VALUES("eip155:1/erc20:0xb8b295df2cd735b15BE5Eb419517Aa626fc43cD5", "Staked LINK", "C"); INSERT INTO evm_tokens(identifier, token_kind, chain, address, decimals, protocol) VALUES("eip155:1/erc20:0xb8b295df2cd735b15BE5Eb419517Aa626fc43cD5", "A", 1, "0xb8b295df2cd735b15BE5Eb419517Aa626fc43cD5", 18, NULL); INSERT INTO common_asset_details(identifier, symbol, coingecko, cryptocompare, forked, started, swapped_for) VALUES("eip155:1/erc20:0xb8b295df2cd735b15BE5Eb419517Aa626fc43cD5", "stLINK", "stake-link-staked-link", "", NULL, 1670238419, NULL);
INSERT INTO assets(identifier, name, type) VALUES("MYRIA", "Myria", "W"); INSERT INTO common_asset_details(identifier, symbol, coingecko, cryptocompare, forked, started, swapped_for) VALUES("MYRIA", "MYRIA", "myria", "", NULL, 1680782512, NULL);
*
INSERT INTO assets(identifier, name, type) VALUES("CAPY", "Capybara", "Y"); INSERT INTO common_asset_details(identifier, symbol, coingecko, cryptocompare, forked, started, swapped_for) VALUES("CAPY", "CAPY", "capybara", "", NULL, 1680782512, NULL);
*
INSERT INTO assets(identifier, name, type) VALUES("eip155:56/erc20:0xDFE29AFdF5A7D0bb92A01A56Adabfa87D652E0E7", "Optimus", "C"); INSERT INTO evm_tokens(identifier, token_kind, chain, address, decimals, protocol) VALUES("eip155:56/erc20:0xDFE29AFdF5A7D0bb92A01A56Adabfa87D652E0E7", "A", 56, "0xDFE29AFdF5A7D0bb92A01A56Adabfa87D652E0E7", 9, NULL); INSERT INTO common_asset_details(identifier, symbol, coingecko, cryptocompare, forked, started, swapped_for) VALUES("eip155:56/erc20:0xDFE29AFdF5A7D0bb92A01A56Adabfa87D652E0E7", "OPT", "optimus-opt", "", NULL, 1656972353, NULL);
*
INSERT INTO assets(identifier, name, type) VALUES("eip155:1/erc20:0x9bf1D7D63dD7a4ce167CF4866388226EEefa702E", "Ben", "C"); INSERT INTO evm_tokens(identifier, token_kind, chain, address, decimals, protocol) VALUES("eip155:1/erc20:0x9bf1D7D63dD7a4ce167CF4866388226EEefa702E", "A", 1, "0x9bf1D7D63dD7a4ce167CF4866388226EEefa702E", 18, NULL); INSERT INTO common_asset_details(identifier, symbol, coingecko, cryptocompare, forked, started, swapped_for) VALUES("eip155:1/erc20:0x9bf1D7D63dD7a4ce167CF4866388226EEefa702E", "BEN", "ben-2", "", NULL, NULL, NULL);
*
INSERT INTO assets(identifier, name, type) VALUES("eip155:56/erc20:0xFE8bF5B8F5e4eb5f9BC2be16303f7dAB8CF56aA8", "BIBI", "C"); INSERT INTO evm_tokens(identifier, token_kind, chain, address, decimals, protocol) VALUES("eip155:56/erc20:0xFE8bF5B8F5e4eb5f9BC2be16303f7dAB8CF56aA8", "A", 56, "0xFE8bF5B8F5e4eb5f9BC2be16303f7dAB8CF56aA8", 18, NULL); INSERT INTO common_asset_details(identifier, symbol, coingecko, cryptocompare, forked, started, swapped_for) VALUES("eip155:56/erc20:0xFE8bF5B8F5e4eb5f9BC2be16303f7dAB8CF56aA8", "BIBI", "bibi", "", NULL, 1683480032, NULL);
*
INSERT INTO assets(identifier, name, type) VALUES("eip155:1/erc20:0x9CBf044bc535db4C93a9F11205A69631d9DCeF26", "Billy Token", "C"); INSERT INTO evm_tokens(identifier, token_kind, chain, address, decimals, protocol) VALUES("eip155:1/erc20:0x9CBf044bc535db4C93a9F11205A69631d9DCeF26", "A", 1, "0x9CBf044bc535db4C93a9F11205A69631d9DCeF26", 18, NULL); INSERT INTO common_asset_details(identifier, symbol, coingecko, cryptocompare, forked, started, swapped_for) VALUES("eip155:1/erc20:0x9CBf044bc535db4C93a9F11205A69631d9DCeF26", "BILLY", "billy-token", "", NULL, NULL, NULL);
*
INSERT INTO assets(identifier, name, type) VALUES("eip155:1/erc20:0x34103e1190b824a44C6a638438d425cbA21143BA", "Bite", "C"); INSERT INTO evm_tokens(identifier, token_kind, chain, address, decimals, protocol) VALUES("eip155:1/erc20:0x34103e1190b824a44C6a638438d425cbA21143BA", "A", 1, "0x34103e1190b824a44C6a638438d425cbA21143BA", 18, NULL); INSERT INTO common_asset_details(identifier, symbol, coingecko, cryptocompare, forked, started, swapped_for) VALUES("eip155:1/erc20:0x34103e1190b824a44C6a638438d425cbA21143BA", "BITE", "bite", "", NULL, 1678082159, NULL);
*
INSERT INTO assets(identifier, name, type) VALUES("eip155:1/erc20:0x5888641e3e6cBeA6D84Ba81EDb217bD691d3bE38", "Bobo", "C"); INSERT INTO evm_tokens(identifier, token_kind, chain, address, decimals, protocol) VALUES("eip155:1/erc20:0x5888641e3e6cBeA6D84Ba81EDb217bD691d3bE38", "A", 1, "0x5888641e3e6cBeA6D84Ba81EDb217bD691d3bE38", 9, NULL); INSERT INTO common_asset_details(identifier, symbol, coingecko, cryptocompare, forked, started, swapped_for) VALUES("eip155:1/erc20:0x5888641e3e6cBeA6D84Ba81EDb217bD691d3bE38", "BOBO", "bobo", "", NULL, 1681807127, NULL);
*
INSERT INTO assets(identifier, name, type) VALUES("eip155:56/erc20:0x922722E9Ef614EC9A3E94b78496e92AbFBb5A624", "ILCAPO", "C"); INSERT INTO evm_tokens(identifier, token_kind, chain, address, decimals, protocol) VALUES("eip155:56/erc20:0x922722E9Ef614EC9A3E94b78496e92AbFBb5A624", "A", 56, "0x922722E9Ef614EC9A3E94b78496e92AbFBb5A624", 18, NULL); INSERT INTO common_asset_details(identifier, symbol, coingecko, cryptocompare, forked, started, swapped_for) VALUES("eip155:56/erc20:0x922722E9Ef614EC9A3E94b78496e92AbFBb5A624", "CAPO", "ilcapo", "", NULL, 1683543349, NULL);
*
INSERT INTO assets(identifier, name, type) VALUES("eip155:56/erc20:0x9840652DC04fb9db2C43853633f0F62BE6f00f98", "ChainGPT", "C"); INSERT INTO evm_tokens(identifier, token_kind, chain, address, decimals, protocol) VALUES("eip155:56/erc20:0x9840652DC04fb9db2C43853633f0F62BE6f00f98", "A", 56, "0x9840652DC04fb9db2C43853633f0F62BE6f00f98", 18, NULL); INSERT INTO common_asset_details(identifier, symbol, coingecko, cryptocompare, forked, started, swapped_for) VALUES("eip155:56/erc20:0x9840652DC04fb9db2C43853633f0F62BE6f00f98", "CGPT", "chaingpt", "", NULL, 1680202293, NULL);
*
INSERT INTO assets(identifier, name, type) VALUES("eip155:1/erc20:0xE60779CC1b2c1d0580611c526a8DF0E3f870EC48", "unshETHing_Token", "C"); INSERT INTO evm_tokens(identifier, token_kind, chain, address, decimals, protocol) VALUES("eip155:1/erc20:0xE60779CC1b2c1d0580611c526a8DF0E3f870EC48", "A", 1, "0xE60779CC1b2c1d0580611c526a8DF0E3f870EC48", 18, NULL); INSERT INTO common_asset_details(identifier, symbol, coingecko, cryptocompare, forked, started, swapped_for) VALUES("eip155:1/erc20:0xE60779CC1b2c1d0580611c526a8DF0E3f870EC48", "USH", "unsheth", "", NULL, 1675153775, NULL);
*
INSERT INTO assets(identifier, name, type) VALUES("eip155:42161/erc20:0x982239D38Af50B0168dA33346d85Fb12929c4c07", "Arbitrove Governance Token", "C"); INSERT INTO evm_tokens(identifier, token_kind, chain, address, decimals, protocol) VALUES("eip155:42161/erc20:0x982239D38Af50B0168dA33346d85Fb12929c4c07", "A", 42161, "0x982239D38Af50B0168dA33346d85Fb12929c4c07", 18, NULL); INSERT INTO common_asset_details(identifier, symbol, coingecko, cryptocompare, forked, started, swapped_for) VALUES("eip155:42161/erc20:0x982239D38Af50B0168dA33346d85Fb12929c4c07", "TROVE", "nitro-cartel", "", NULL, 1676128371, NULL);
*
INSERT INTO assets(identifier, name, type) VALUES("eip155:56/erc20:0x9452D45d33490234B8C96f42342F1Be28c0FE097", "Swaperry", "C"); INSERT INTO evm_tokens(identifier, token_kind, chain, address, decimals, protocol) VALUES("eip155:56/erc20:0x9452D45d33490234B8C96f42342F1Be28c0FE097", "A", 56, "0x9452D45d33490234B8C96f42342F1Be28c0FE097", 18, NULL); INSERT INTO common_asset_details(identifier, symbol, coingecko, cryptocompare, forked, started, swapped_for) VALUES("eip155:56/erc20:0x9452D45d33490234B8C96f42342F1Be28c0FE097", "PERRY", "swaperry", "", NULL, 1629888108, NULL);
*
INSERT INTO assets(identifier, name, type) VALUES("eip155:1/erc20:0xF831938CaF837cd505dE196BBb408D81A06376ab", "JEFF", "C"); INSERT INTO evm_tokens(identifier, token_kind, chain, address, decimals, protocol) VALUES("eip155:1/erc20:0xF831938CaF837cd505dE196BBb408D81A06376ab", "A", 1, "0xF831938CaF837cd505dE196BBb408D81A06376ab", 18, NULL); INSERT INTO common_asset_details(identifier, symbol, coingecko, cryptocompare, forked, started, swapped_for) VALUES("eip155:1/erc20:0xF831938CaF837cd505dE196BBb408D81A06376ab", "JEFF", "jeff", "", NULL, NULL, NULL);
*
INSERT INTO assets(identifier, name, type) VALUES("eip155:1/erc20:0xe0bCEEF36F3a6eFDd5EEBFACD591423f8549B9D5", "Defactor", "C"); INSERT INTO evm_tokens(identifier, token_kind, chain, address, decimals, protocol) VALUES("eip155:1/erc20:0xe0bCEEF36F3a6eFDd5EEBFACD591423f8549B9D5", "A", 1, "0xe0bCEEF36F3a6eFDd5EEBFACD591423f8549B9D5", 18, NULL); INSERT INTO common_asset_details(identifier, symbol, coingecko, cryptocompare, forked, started, swapped_for) VALUES("eip155:1/erc20:0xe0bCEEF36F3a6eFDd5EEBFACD591423f8549B9D5", "FACTR", "defactor", "", NULL, 1666875767, NULL);
*
INSERT INTO assets(identifier, name, type) VALUES("eip155:56/erc20:0x45289007706E7Ee7B42b1fA506661d97740Edfb4", "FLOKI CEO", "C"); INSERT INTO evm_tokens(identifier, token_kind, chain, address, decimals, protocol) VALUES("eip155:56/erc20:0x45289007706E7Ee7B42b1fA506661d97740Edfb4", "A", 56, "0x45289007706E7Ee7B42b1fA506661d97740Edfb4", 9, NULL); INSERT INTO common_asset_details(identifier, symbol, coingecko, cryptocompare, forked, started, swapped_for) VALUES("eip155:56/erc20:0x45289007706E7Ee7B42b1fA506661d97740Edfb4", "FLOKICEO", "floki-ceo", "", NULL, 1676719084, NULL);
*
INSERT INTO assets(identifier, name, type) VALUES("eip155:1/erc20:0x6B89B97169a797d94F057F4a0B01E2cA303155e4", "Chad Coin", "C"); INSERT INTO evm_tokens(identifier, token_kind, chain, address, decimals, protocol) VALUES("eip155:1/erc20:0x6B89B97169a797d94F057F4a0B01E2cA303155e4", "A", 1, "0x6B89B97169a797d94F057F4a0B01E2cA303155e4", 18, NULL); INSERT INTO common_asset_details(identifier, symbol, coingecko, cryptocompare, forked, started, swapped_for) VALUES("eip155:1/erc20:0x6B89B97169a797d94F057F4a0B01E2cA303155e4", "CHAD", "chad-coin", "", NULL, NULL, NULL);
*
INSERT INTO assets(identifier, name, type) VALUES("eip155:1/erc20:0x68b429161Ec09a6c1D65ba70727AB1faa5Bc4026", "Ordinal Doge", "C"); INSERT INTO evm_tokens(identifier, token_kind, chain, address, decimals, protocol) VALUES("eip155:1/erc20:0x68b429161Ec09a6c1D65ba70727AB1faa5Bc4026", "A", 1, "0x68b429161Ec09a6c1D65ba70727AB1faa5Bc4026", 18, NULL); INSERT INTO common_asset_details(identifier, symbol, coingecko, cryptocompare, forked, started, swapped_for) VALUES("eip155:1/erc20:0x68b429161Ec09a6c1D65ba70727AB1faa5Bc4026", "oDoge", "ordinal-doge", "", NULL, NULL, NULL);
*
INSERT INTO assets(identifier, name, type) VALUES("eip155:1/erc20:0x24dA31e7BB182cb2cABfEF1d88db19C2AE1f5572", "SHIKOKU INU", "C"); INSERT INTO evm_tokens(identifier, token_kind, chain, address, decimals, protocol) VALUES("eip155:1/erc20:0x24dA31e7BB182cb2cABfEF1d88db19C2AE1f5572", "A", 1, "0x24dA31e7BB182cb2cABfEF1d88db19C2AE1f5572", 18, NULL); INSERT INTO common_asset_details(identifier, symbol, coingecko, cryptocompare, forked, started, swapped_for) VALUES("eip155:1/erc20:0x24dA31e7BB182cb2cABfEF1d88db19C2AE1f5572", "SHIK", "shikoku", "", NULL, 1667858903, NULL);
*
INSERT INTO assets(identifier, name, type) VALUES("eip155:1/erc20:0x1A963Df363D01EEBB2816b366d61C917F20e1EbE", "Mememe", "C"); INSERT INTO evm_tokens(identifier, token_kind, chain, address, decimals, protocol) VALUES("eip155:1/erc20:0x1A963Df363D01EEBB2816b366d61C917F20e1EbE", "A", 1, "0x1A963Df363D01EEBB2816b366d61C917F20e1EbE", 18, NULL); INSERT INTO common_asset_details(identifier, symbol, coingecko, cryptocompare, forked, started, swapped_for) VALUES("eip155:1/erc20:0x1A963Df363D01EEBB2816b366d61C917F20e1EbE", "MEMEME", "mememe", "", NULL, 1681960595, NULL);
*
INSERT INTO assets(identifier, name, type) VALUES("eip155:1/erc20:0x1ce270557C1f68Cfb577b856766310Bf8B47FD9C", "MongCoin", "C"); INSERT INTO evm_tokens(identifier, token_kind, chain, address, decimals, protocol) VALUES("eip155:1/erc20:0x1ce270557C1f68Cfb577b856766310Bf8B47FD9C", "A", 1, "0x1ce270557C1f68Cfb577b856766310Bf8B47FD9C", 18, NULL); INSERT INTO common_asset_details(identifier, symbol, coingecko, cryptocompare, forked, started, swapped_for) VALUES("eip155:1/erc20:0x1ce270557C1f68Cfb577b856766310Bf8B47FD9C", "$MONG", "mongcoin", "", NULL, NULL, NULL);
*
UPDATE common_asset_details SET coingecko="reserve-rights-token", cryptocompare="RSR" WHERE identifier="eip155:1/erc20:0x320623b8E4fF03373931769A31Fc52A4E78B5d70";
INSERT INTO assets(identifier, name, type) VALUES("eip155:1/erc20:0x320623b8E4fF03373931769A31Fc52A4E78B5d70", "Reserve Rights", "C"); INSERT INTO evm_tokens(identifier, token_kind, chain, address, decimals, protocol) VALUES("eip155:1/erc20:0x320623b8E4fF03373931769A31Fc52A4E78B5d70", "A", 1, "0x320623b8E4fF03373931769A31Fc52A4E78B5d70", 18, NULL); INSERT INTO common_asset_details(identifier, symbol, coingecko, cryptocompare, forked, started, swapped_for) VALUES("eip155:1/erc20:0x320623b8E4fF03373931769A31Fc52A4E78B5d70", "RSR", "reserve-rights-token", "RSR", NULL, NULL, NULL);
UPDATE common_asset_details SET coingecko="clever-token" WHERE identifier="eip155:1/erc20:0x72953a5C32413614d24C29c84a66AE4B59581Bbf";
INSERT INTO assets(identifier, name, type) VALUES("eip155:1/erc20:0x72953a5C32413614d24C29c84a66AE4B59581Bbf", "CLever Token", "C"); INSERT INTO evm_tokens(identifier, token_kind, chain, address, decimals, protocol) VALUES("eip155:1/erc20:0x72953a5C32413614d24C29c84a66AE4B59581Bbf", "A", 1, "0x72953a5C32413614d24C29c84a66AE4B59581Bbf", 18, NULL); INSERT INTO common_asset_details(identifier, symbol, coingecko, cryptocompare, forked, started, swapped_for) VALUES("eip155:1/erc20:0x72953a5C32413614d24C29c84a66AE4B59581Bbf", "CLEV", "clever-token", "RSR", NULL, 1665462359, NULL);
UPDATE common_asset_details SET coingecko="bittorrent" WHERE identifier="eip155:1/erc20:0xC669928185DbCE49d2230CC9B0979BE6DC797957";
INSERT INTO assets(identifier, name, type) VALUES("eip155:1/erc20:0xC669928185DbCE49d2230CC9B0979BE6DC797957", "BitTorrent", "C"); INSERT INTO evm_tokens(identifier, token_kind, chain, address, decimals, protocol) VALUES("eip155:1/erc20:0xC669928185DbCE49d2230CC9B0979BE6DC797957", "A", 1, "0xC669928185DbCE49d2230CC9B0979BE6DC797957", 18, NULL); INSERT INTO common_asset_details(identifier, symbol, coingecko, cryptocompare, forked, started, swapped_for) VALUES("eip155:1/erc20:0xC669928185DbCE49d2230CC9B0979BE6DC797957", "BTT", "bittorrent", "BTT", NULL, 1639124481, NULL);
UPDATE common_asset_details SET coingecko="lyra-finance" WHERE identifier="eip155:1/erc20:0x01BA67AAC7f75f647D94220Cc98FB30FCc5105Bf";
INSERT INTO assets(identifier, name, type) VALUES("eip155:1/erc20:0x01BA67AAC7f75f647D94220Cc98FB30FCc5105Bf", "Lyra Token", "C"); INSERT INTO evm_tokens(identifier, token_kind, chain, address, decimals, protocol) VALUES("eip155:1/erc20:0x01BA67AAC7f75f647D94220Cc98FB30FCc5105Bf", "A", 1, "0x01BA67AAC7f75f647D94220Cc98FB30FCc5105Bf", 18, NULL); INSERT INTO common_asset_details(identifier, symbol, coingecko, cryptocompare, forked, started, swapped_for) VALUES("eip155:1/erc20:0x01BA67AAC7f75f647D94220Cc98FB30FCc5105Bf", "LYRA", "lyra-finance", "", NULL, 1625191817, NULL);
UPDATE common_asset_details SET coingecko="aladdin-dao" WHERE identifier="eip155:1/erc20:0xb26C4B3Ca601136Daf98593feAeff9E0CA702a8D";
INSERT INTO assets(identifier, name, type) VALUES("eip155:1/erc20:0xb26C4B3Ca601136Daf98593feAeff9E0CA702a8D", "Aladdin Token", "C"); INSERT INTO evm_tokens(identifier, token_kind, chain, address, decimals, protocol) VALUES("eip155:1/erc20:0xb26C4B3Ca601136Daf98593feAeff9E0CA702a8D", "A", 1, "0xb26C4B3Ca601136Daf98593feAeff9E0CA702a8D", 18, NULL); INSERT INTO common_asset_details(identifier, symbol, coingecko, cryptocompare, forked, started, swapped_for) VALUES("eip155:1/erc20:0xb26C4B3Ca601136Daf98593feAeff9E0CA702a8D", "ALD", "aladdin-dao", "ALD", NULL, 1618452057, NULL);
UPDATE common_asset_details SET coingecko="stargate-finance" WHERE identifier="eip155:1/erc20:0x326f5834d73a2dc02b3c492E9ef1b24399d430b3";
INSERT INTO assets(identifier, name, type) VALUES("eip155:1/erc20:0x326f5834d73a2dc02b3c492E9ef1b24399d430b3", "StargateToken", "C"); INSERT INTO evm_tokens(identifier, token_kind, chain, address, decimals, protocol) VALUES("eip155:1/erc20:0x326f5834d73a2dc02b3c492E9ef1b24399d430b3", "A", 1, "0x326f5834d73a2dc02b3c492E9ef1b24399d430b3", 18, NULL); INSERT INTO common_asset_details(identifier, symbol, coingecko, cryptocompare, forked, started, swapped_for) VALUES("eip155:1/erc20:0x326f5834d73a2dc02b3c492E9ef1b24399d430b3", "STG", "stargate-finance", "STG", NULL, NULL, NULL);
INSERT INTO assets(identifier, name, type) VALUES("eip155:1/erc20:0xAf5191B0De278C7286d6C7CC6ab6BB8A73bA2Cd6", "StargateToken", "C"); INSERT INTO evm_tokens(identifier, token_kind, chain, address, decimals, protocol) VALUES("eip155:1/erc20:0xAf5191B0De278C7286d6C7CC6ab6BB8A73bA2Cd6", "A", 1, "0xAf5191B0De278C7286d6C7CC6ab6BB8A73bA2Cd6", 18, NULL); INSERT INTO common_asset_details(identifier, symbol, coingecko, cryptocompare, forked, started, swapped_for) VALUES("eip155:1/erc20:0xAf5191B0De278C7286d6C7CC6ab6BB8A73bA2Cd6", "STG", "stargate-finance", "STG", NULL, 1647504559, NULL);
*
INSERT INTO assets(identifier, name, type) VALUES("eip155:56/erc20:0xB0D502E938ed5f4df2E681fE6E419ff29631d62b", "StargateToken", "C"); INSERT INTO evm_tokens(identifier, token_kind, chain, address, decimals, protocol) VALUES("eip155:56/erc20:0xB0D502E938ed5f4df2E681fE6E419ff29631d62b", "A", 56, "0xB0D502E938ed5f4df2E681fE6E419ff29631d62b", 18, NULL); INSERT INTO common_asset_details(identifier, symbol, coingecko, cryptocompare, forked, started, swapped_for) VALUES("eip155:56/erc20:0xB0D502E938ed5f4df2E681fE6E419ff29631d62b", "STG", "stargate-finance", "STG", NULL, 1647502815, NULL);
*
INSERT INTO assets(identifier, name, type) VALUES("eip155:43114/erc20:0x2F6F07CDcf3588944Bf4C42aC74ff24bF56e7590", "StargateToken", "C"); INSERT INTO evm_tokens(identifier, token_kind, chain, address, decimals, protocol) VALUES("eip155:43114/erc20:0x2F6F07CDcf3588944Bf4C42aC74ff24bF56e7590", "A", 43114, "0x2F6F07CDcf3588944Bf4C42aC74ff24bF56e7590", 18, NULL); INSERT INTO common_asset_details(identifier, symbol, coingecko, cryptocompare, forked, started, swapped_for) VALUES("eip155:43114/erc20:0x2F6F07CDcf3588944Bf4C42aC74ff24bF56e7590", "STG", "stargate-finance", "STG", NULL, 1647503075, NULL);
*
INSERT INTO assets(identifier, name, type) VALUES("eip155:137/erc20:0x2F6F07CDcf3588944Bf4C42aC74ff24bF56e7590", "StargateToken", "C"); INSERT INTO evm_tokens(identifier, token_kind, chain, address, decimals, protocol) VALUES("eip155:137/erc20:0x2F6F07CDcf3588944Bf4C42aC74ff24bF56e7590", "A", 137, "0x2F6F07CDcf3588944Bf4C42aC74ff24bF56e7590", 18, NULL); INSERT INTO common_asset_details(identifier, symbol, coingecko, cryptocompare, forked, started, swapped_for) VALUES("eip155:137/erc20:0x2F6F07CDcf3588944Bf4C42aC74ff24bF56e7590", "STG", "stargate-finance", "STG", NULL, 1647503540, NULL);
*
INSERT INTO assets(identifier, name, type) VALUES("eip155:42161/erc20:0x6694340fc020c5E6B96567843da2df01b2CE1eb6", "StargateToken", "C"); INSERT INTO evm_tokens(identifier, token_kind, chain, address, decimals, protocol) VALUES("eip155:42161/erc20:0x6694340fc020c5E6B96567843da2df01b2CE1eb6", "A", 42161, "0x6694340fc020c5E6B96567843da2df01b2CE1eb6", 18, NULL); INSERT INTO common_asset_details(identifier, symbol, coingecko, cryptocompare, forked, started, swapped_for) VALUES("eip155:42161/erc20:0x6694340fc020c5E6B96567843da2df01b2CE1eb6", "STG", "stargate-finance", "STG", NULL, 1647502704, NULL);
*
INSERT INTO assets(identifier, name, type) VALUES("eip155:10/erc20:0x296F55F8Fb28E498B858d0BcDA06D955B2Cb3f97", "StargateToken", "C"); INSERT INTO evm_tokens(identifier, token_kind, chain, address, decimals, protocol) VALUES("eip155:10/erc20:0x296F55F8Fb28E498B858d0BcDA06D955B2Cb3f97", "A", 10, "0x296F55F8Fb28E498B858d0BcDA06D955B2Cb3f97", 18, NULL); INSERT INTO common_asset_details(identifier, symbol, coingecko, cryptocompare, forked, started, swapped_for) VALUES("eip155:10/erc20:0x296F55F8Fb28E498B858d0BcDA06D955B2Cb3f97", "STG", "stargate-finance", "STG", NULL, 1647502788, NULL);
*
INSERT INTO assets(identifier, name, type) VALUES("eip155:250/erc20:0x2F6F07CDcf3588944Bf4C42aC74ff24bF56e7590", "StargateToken", "C"); INSERT INTO evm_tokens(identifier, token_kind, chain, address, decimals, protocol) VALUES("eip155:250/erc20:0x2F6F07CDcf3588944Bf4C42aC74ff24bF56e7590", "A", 250, "0x2F6F07CDcf3588944Bf4C42aC74ff24bF56e7590", 18, NULL); INSERT INTO common_asset_details(identifier, symbol, coingecko, cryptocompare, forked, started, swapped_for) VALUES("eip155:250/erc20:0x2F6F07CDcf3588944Bf4C42aC74ff24bF56e7590", "STG", "stargate-finance", "STG", NULL, 1647503025, NULL);
*
INSERT INTO assets(identifier, name, type) VALUES("NOM", "Onomy Protocol", "W"); INSERT INTO common_asset_details(identifier, symbol, coingecko, cryptocompare, forked, started, swapped_for) VALUES("NOM", "NOM", "onomy-protocol", "", NULL, 1678881712, NULL);
*
INSERT INTO assets(identifier, name, type) VALUES("HMND", "Humanode", "W"); INSERT INTO common_asset_details(identifier, symbol, coingecko, cryptocompare, forked, started, swapped_for) VALUES("HMND", "HMND", "humanode", "", NULL, 1680260512, NULL);
*
INSERT INTO assets(identifier, name, type) VALUES("OTK", "Octokn", "Y"); INSERT INTO common_asset_details(identifier, symbol, coingecko, cryptocompare, forked, started, swapped_for) VALUES("OTK", "OTK", "octo-gaming", "", NULL, 1681383712, NULL);
*
INSERT INTO assets(identifier, name, type) VALUES("ZPAY", "ZoidPay", "W"); INSERT INTO common_asset_details(identifier, symbol, coingecko, cryptocompare, forked, started, swapped_for) VALUES("ZPAY", "ZPAY", "zoid-pay", "ZPAY", NULL, 1625104800, NULL);
*
INSERT INTO assets(identifier, name, type) VALUES("SUIP", "SuiPad", "W"); INSERT INTO common_asset_details(identifier, symbol, coingecko, cryptocompare, forked, started, swapped_for) VALUES("SUIP", "SUIP", "suipad", "", NULL, 1683867600, NULL);
*
INSERT INTO assets(identifier, name, type) VALUES("CORE", "Coreum", "W"); INSERT INTO common_asset_details(identifier, symbol, coingecko, cryptocompare, forked, started, swapped_for) VALUES("CORE", "CORE", "coreum", "CORE", NULL, 1646787600, NULL);
*
INSERT INTO assets(identifier, name, type) VALUES("eip155:1/erc20:0x23ddBD36547d43627afa9B42d4e9FB0515F48B09", "hiBEANZ", "C"); INSERT INTO evm_tokens(identifier, token_kind, chain, address, decimals, protocol) VALUES("eip155:1/erc20:0x23ddBD36547d43627afa9B42d4e9FB0515F48B09", "A", 1, "0x23ddBD36547d43627afa9B42d4e9FB0515F48B09", 18, NULL); INSERT INTO common_asset_details(identifier, symbol, coingecko, cryptocompare, forked, started, swapped_for) VALUES("eip155:1/erc20:0x23ddBD36547d43627afa9B42d4e9FB0515F48B09", "hiBEANZ", "hibeanz", "RSR", NULL, 1677223415, NULL);
*
INSERT INTO assets(identifier, name, type) VALUES("eip155:1/erc20:0xa2E3356610840701BDf5611a53974510Ae27E2e1", "Wrapped Binance Beacon ETH", "C"); INSERT INTO evm_tokens(identifier, token_kind, chain, address, decimals, protocol) VALUES("eip155:1/erc20:0xa2E3356610840701BDf5611a53974510Ae27E2e1", "A", 1, "0xa2E3356610840701BDf5611a53974510Ae27E2e1", 18, NULL); INSERT INTO common_asset_details(identifier, symbol, coingecko, cryptocompare, forked, started, swapped_for) VALUES("eip155:1/erc20:0xa2E3356610840701BDf5611a53974510Ae27E2e1", "wBETH", "wrapped-beacon-eth", "", NULL, 1681902323, NULL);
*
INSERT INTO assets(identifier, name, type) VALUES("eip155:56/erc20:0xa2E3356610840701BDf5611a53974510Ae27E2e1", "Wrapped Binance Beacon ETH", "C"); INSERT INTO evm_tokens(identifier, token_kind, chain, address, decimals, protocol) VALUES("eip155:56/erc20:0xa2E3356610840701BDf5611a53974510Ae27E2e1", "A", 56, "0xa2E3356610840701BDf5611a53974510Ae27E2e1", 18, NULL); INSERT INTO common_asset_details(identifier, symbol, coingecko, cryptocompare, forked, started, swapped_for) VALUES("eip155:56/erc20:0xa2E3356610840701BDf5611a53974510Ae27E2e1", "wBETH", "wrapped-beacon-eth", "", NULL, 1681898926, NULL);
*
INSERT INTO assets(identifier, name, type) VALUES("eip155:56/erc20:0xB6b8CCD230Bb4235C7b87986274E7aB550b72261", "HALO Token", "C"); INSERT INTO evm_tokens(identifier, token_kind, chain, address, decimals, protocol) VALUES("eip155:56/erc20:0xB6b8CCD230Bb4235C7b87986274E7aB550b72261", "A", 56, "0xB6b8CCD230Bb4235C7b87986274E7aB550b72261", 18, NULL); INSERT INTO common_asset_details(identifier, symbol, coingecko, cryptocompare, forked, started, swapped_for) VALUES("eip155:56/erc20:0xB6b8CCD230Bb4235C7b87986274E7aB550b72261", "HALO", "halonft-art", "", NULL, 1677490360, NULL);
*
INSERT INTO assets(identifier, name, type) VALUES("eip155:56/erc20:0x6ad9E9c098a45B2B41b519119C31c3DcB02ACcB2", "PLAYZAP", "C"); INSERT INTO evm_tokens(identifier, token_kind, chain, address, decimals, protocol) VALUES("eip155:56/erc20:0x6ad9E9c098a45B2B41b519119C31c3DcB02ACcB2", "A", 56, "0x6ad9E9c098a45B2B41b519119C31c3DcB02ACcB2", 18, NULL); INSERT INTO common_asset_details(identifier, symbol, coingecko, cryptocompare, forked, started, swapped_for) VALUES("eip155:56/erc20:0x6ad9E9c098a45B2B41b519119C31c3DcB02ACcB2", "PZP", "playzap", "", NULL, 1678251040, NULL);
*
INSERT INTO assets(identifier, name, type) VALUES("eip155:42161/erc20:0x2F27118E3D2332aFb7d165140Cf1bB127eA6975d", "Gridex", "C"); INSERT INTO evm_tokens(identifier, token_kind, chain, address, decimals, protocol) VALUES("eip155:42161/erc20:0x2F27118E3D2332aFb7d165140Cf1bB127eA6975d", "A", 42161, "0x2F27118E3D2332aFb7d165140Cf1bB127eA6975d", 18, NULL); INSERT INTO common_asset_details(identifier, symbol, coingecko, cryptocompare, forked, started, swapped_for) VALUES("eip155:42161/erc20:0x2F27118E3D2332aFb7d165140Cf1bB127eA6975d", "GDX", "gdx-token", "", NULL, 1677762463, NULL);
*
INSERT INTO assets(identifier, name, type) VALUES("eip155:1/erc20:0xA49d7499271aE71cd8aB9Ac515e6694C755d400c", "Mute.io", "C"); INSERT INTO evm_tokens(identifier, token_kind, chain, address, decimals, protocol) VALUES("eip155:1/erc20:0xA49d7499271aE71cd8aB9Ac515e6694C755d400c", "A", 1, "0xA49d7499271aE71cd8aB9Ac515e6694C755d400c", 18, NULL); INSERT INTO common_asset_details(identifier, symbol, coingecko, cryptocompare, forked, started, swapped_for) VALUES("eip155:1/erc20:0xA49d7499271aE71cd8aB9Ac515e6694C755d400c", "MUTE", "mute", "MUTE", NULL, 1611946164, NULL);
*
INSERT INTO assets(identifier, name, type) VALUES("eip155:1/erc20:0xDc63269eA166b70d4780b3A11F5C825C2b761B01", "PAWSWAP", "C"); INSERT INTO evm_tokens(identifier, token_kind, chain, address, decimals, protocol) VALUES("eip155:1/erc20:0xDc63269eA166b70d4780b3A11F5C825C2b761B01", "A", 1, "0xDc63269eA166b70d4780b3A11F5C825C2b761B01", 18, NULL); INSERT INTO common_asset_details(identifier, symbol, coingecko, cryptocompare, forked, started, swapped_for) VALUES("eip155:1/erc20:0xDc63269eA166b70d4780b3A11F5C825C2b761B01", "PAW", "pawswap", "", NULL, 1673868443, NULL);
*
INSERT INTO assets(identifier, name, type) VALUES("eip155:42161/erc20:0x6fD58f5a2F3468e35fEb098b5F59F04157002407", "poor guy", "C"); INSERT INTO evm_tokens(identifier, token_kind, chain, address, decimals, protocol) VALUES("eip155:42161/erc20:0x6fD58f5a2F3468e35fEb098b5F59F04157002407", "A", 42161, "0x6fD58f5a2F3468e35fEb098b5F59F04157002407", 18, NULL); INSERT INTO common_asset_details(identifier, symbol, coingecko, cryptocompare, forked, started, swapped_for) VALUES("eip155:42161/erc20:0x6fD58f5a2F3468e35fEb098b5F59F04157002407", "pogai", "pogai", "", NULL, 1676907154, NULL);
*
INSERT INTO assets(identifier, name, type) VALUES("eip155:1/erc20:0xB69753c06BB5c366BE51E73bFc0cC2e3DC07E371", "POOH", "C"); INSERT INTO evm_tokens(identifier, token_kind, chain, address, decimals, protocol) VALUES("eip155:1/erc20:0xB69753c06BB5c366BE51E73bFc0cC2e3DC07E371", "A", 1, "0xB69753c06BB5c366BE51E73bFc0cC2e3DC07E371", 18, NULL); INSERT INTO common_asset_details(identifier, symbol, coingecko, cryptocompare, forked, started, swapped_for) VALUES("eip155:1/erc20:0xB69753c06BB5c366BE51E73bFc0cC2e3DC07E371", "POOH", "pooh", "", NULL, 1682433983, NULL);
*
INSERT INTO assets(identifier, name, type) VALUES("eip155:56/erc20:0xbAeA9aBA1454DF334943951d51116aE342eAB255", "Poolz Finance", "C"); INSERT INTO evm_tokens(identifier, token_kind, chain, address, decimals, protocol) VALUES("eip155:56/erc20:0xbAeA9aBA1454DF334943951d51116aE342eAB255", "A", 56, "0xbAeA9aBA1454DF334943951d51116aE342eAB255", 18, NULL); INSERT INTO common_asset_details(identifier, symbol, coingecko, cryptocompare, forked, started, swapped_for) VALUES("eip155:56/erc20:0xbAeA9aBA1454DF334943951d51116aE342eAB255", "POOLX", "poolz-finance-2", "", NULL, 1680112839, NULL);
*
INSERT INTO assets(identifier, name, type) VALUES("eip155:42161/erc20:0xAAA6C1E32C55A7Bfa8066A6FAE9b42650F262418", "Ramses", "C"); INSERT INTO evm_tokens(identifier, token_kind, chain, address, decimals, protocol) VALUES("eip155:42161/erc20:0xAAA6C1E32C55A7Bfa8066A6FAE9b42650F262418", "A", 42161, "0xAAA6C1E32C55A7Bfa8066A6FAE9b42650F262418", 18, NULL); INSERT INTO common_asset_details(identifier, symbol, coingecko, cryptocompare, forked, started, swapped_for) VALUES("eip155:42161/erc20:0xAAA6C1E32C55A7Bfa8066A6FAE9b42650F262418", "RAM", "ramses-exchange", "", NULL, 1678258474, NULL);
*
INSERT INTO assets(identifier, name, type) VALUES("eip155:1/erc20:0x1b396CF90504686b7edE2760eebb053d30d1f389", "RealityToken", "C"); INSERT INTO evm_tokens(identifier, token_kind, chain, address, decimals, protocol) VALUES("eip155:1/erc20:0x1b396CF90504686b7edE2760eebb053d30d1f389", "A", 1, "0x1b396CF90504686b7edE2760eebb053d30d1f389", 18, NULL); INSERT INTO common_asset_details(identifier, symbol, coingecko, cryptocompare, forked, started, swapped_for) VALUES("eip155:1/erc20:0x1b396CF90504686b7edE2760eebb053d30d1f389", "RLTM", "reality-metaverse", "", NULL, NULL, NULL);
*
INSERT INTO assets(identifier, name, type) VALUES("eip155:1/erc20:0x993864E43Caa7F7F12953AD6fEb1d1Ca635B875F", "Singularity Dao", "C"); INSERT INTO evm_tokens(identifier, token_kind, chain, address, decimals, protocol) VALUES("eip155:1/erc20:0x993864E43Caa7F7F12953AD6fEb1d1Ca635B875F", "A", 1, "0x993864E43Caa7F7F12953AD6fEb1d1Ca635B875F", 18, NULL); INSERT INTO common_asset_details(identifier, symbol, coingecko, cryptocompare, forked, started, swapped_for) VALUES("eip155:1/erc20:0x993864E43Caa7F7F12953AD6fEb1d1Ca635B875F", "SDAO", "singularitydao", "SDAO", NULL, 1620379310, NULL);
*
INSERT INTO assets(identifier, name, type) VALUES("eip155:56/erc20:0x90Ed8F1dc86388f14b64ba8fb4bbd23099f18240", "Singularity Dao", "C"); INSERT INTO evm_tokens(identifier, token_kind, chain, address, decimals, protocol) VALUES("eip155:56/erc20:0x90Ed8F1dc86388f14b64ba8fb4bbd23099f18240", "A", 56, "0x90Ed8F1dc86388f14b64ba8fb4bbd23099f18240", 18, NULL); INSERT INTO common_asset_details(identifier, symbol, coingecko, cryptocompare, forked, started, swapped_for) VALUES("eip155:56/erc20:0x90Ed8F1dc86388f14b64ba8fb4bbd23099f18240", "SDAO", "singularitydao", "SDAO", NULL, 1637514350, NULL);
*
INSERT INTO assets(identifier, name, type) VALUES("KSP", "KlaySwap Protocol", "W"); INSERT INTO common_asset_details(identifier, symbol, coingecko, cryptocompare, forked, started, swapped_for) VALUES("KSP", "KSP", "klayswap-protocol", "KSP", NULL, 1624496400, NULL);
*
INSERT INTO assets(identifier, name, type) VALUES("KING", "KING", "Y"); INSERT INTO common_asset_details(identifier, symbol, coingecko, cryptocompare, forked, started, swapped_for) VALUES("KING", "KING", "king-2", "", NULL, 1683608400, NULL);
*
INSERT INTO assets(identifier, name, type) VALUES("CID", "CORE ID", "W"); INSERT INTO common_asset_details(identifier, symbol, coingecko, cryptocompare, forked, started, swapped_for) VALUES("CID", "CID", "core-id", "", NULL, 1682143440, NULL);
*
INSERT INTO assets(identifier, name, type) VALUES("eip155:1/erc20:0xAd1A5B8538a866eCD56dDd328b50ed57cEd5D936", "Good Gensler", "C"); INSERT INTO evm_tokens(identifier, token_kind, chain, address, decimals, protocol) VALUES("eip155:1/erc20:0xAd1A5B8538a866eCD56dDd328b50ed57cEd5D936", "A", 1, "0xAd1A5B8538a866eCD56dDd328b50ed57cEd5D936", 18, NULL); INSERT INTO common_asset_details(identifier, symbol, coingecko, cryptocompare, forked, started, swapped_for) VALUES("eip155:1/erc20:0xAd1A5B8538a866eCD56dDd328b50ed57cEd5D936", "GENSLR", "good-gensler", "", NULL, NULL, NULL);
*
INSERT INTO assets(identifier, name, type) VALUES("eip155:1/erc20:0x7cB683151A83c2B10A30cBB003CDA9996228a2bA", "IYKYK", "C"); INSERT INTO evm_tokens(identifier, token_kind, chain, address, decimals, protocol) VALUES("eip155:1/erc20:0x7cB683151A83c2B10A30cBB003CDA9996228a2bA", "A", 1, "0x7cB683151A83c2B10A30cBB003CDA9996228a2bA", 18, NULL); INSERT INTO common_asset_details(identifier, symbol, coingecko, cryptocompare, forked, started, swapped_for) VALUES("eip155:1/erc20:0x7cB683151A83c2B10A30cBB003CDA9996228a2bA", "IYKYK", "iykyk", "", NULL, NULL, NULL);
*
INSERT INTO assets(identifier, name, type) VALUES("eip155:56/erc20:0xAcf79C09Fff518EcBe2A96A2c4dA65B68fEDF6D3", "Karate", "C"); INSERT INTO evm_tokens(identifier, token_kind, chain, address, decimals, protocol) VALUES("eip155:56/erc20:0xAcf79C09Fff518EcBe2A96A2c4dA65B68fEDF6D3", "A", 56, "0xAcf79C09Fff518EcBe2A96A2c4dA65B68fEDF6D3", 9, NULL); INSERT INTO common_asset_details(identifier, symbol, coingecko, cryptocompare, forked, started, swapped_for) VALUES("eip155:56/erc20:0xAcf79C09Fff518EcBe2A96A2c4dA65B68fEDF6D3", "KARATE", "", "", NULL, 1683550257, NULL);
*
INSERT INTO assets(identifier, name, type) VALUES("eip155:1/erc20:0xEec2bE5c91ae7f8a338e1e5f3b5DE49d07AfdC81", "Dopex Governance Token", "C"); INSERT INTO evm_tokens(identifier, token_kind, chain, address, decimals, protocol) VALUES("eip155:1/erc20:0xEec2bE5c91ae7f8a338e1e5f3b5DE49d07AfdC81", "A", 1, "0xEec2bE5c91ae7f8a338e1e5f3b5DE49d07AfdC81", 18, NULL); INSERT INTO common_asset_details(identifier, symbol, coingecko, cryptocompare, forked, started, swapped_for) VALUES("eip155:1/erc20:0xEec2bE5c91ae7f8a338e1e5f3b5DE49d07AfdC81", "DPX", "dopex", "DPX", NULL, 1624230467, NULL);
*
INSERT INTO assets(identifier, name, type) VALUES("eip155:42161/erc20:0x6C2C06790b3E3E3c38e12Ee22F8183b37a13EE55", "Dopex Governance Token", "C"); INSERT INTO evm_tokens(identifier, token_kind, chain, address, decimals, protocol) VALUES("eip155:42161/erc20:0x6C2C06790b3E3E3c38e12Ee22F8183b37a13EE55", "A", 42161, "0x6C2C06790b3E3E3c38e12Ee22F8183b37a13EE55", 18, NULL); INSERT INTO common_asset_details(identifier, symbol, coingecko, cryptocompare, forked, started, swapped_for) VALUES("eip155:42161/erc20:0x6C2C06790b3E3E3c38e12Ee22F8183b37a13EE55", "DPX", "dopex", "DPX", NULL, 1633719434, NULL);
*
INSERT INTO assets(identifier, name, type) VALUES("eip155:56/erc20:0xc4736F2611A62d545DC2D0d8f0766283617e6FcB", "TopGoal Token", "C"); INSERT INTO evm_tokens(identifier, token_kind, chain, address, decimals, protocol) VALUES("eip155:56/erc20:0xc4736F2611A62d545DC2D0d8f0766283617e6FcB", "A", 56, "0xc4736F2611A62d545DC2D0d8f0766283617e6FcB", 18, NULL); INSERT INTO common_asset_details(identifier, symbol, coingecko, cryptocompare, forked, started, swapped_for) VALUES("eip155:56/erc20:0xc4736F2611A62d545DC2D0d8f0766283617e6FcB", "Goal", "topgoal", "", NULL, 1676390774, NULL);
*
INSERT INTO assets(identifier, name, type) VALUES("eip155:56/erc20:0x1615946eb2a02a6C5c1CB1954c6BDAFC8Ef9949a", "LimeWire", "C"); INSERT INTO evm_tokens(identifier, token_kind, chain, address, decimals, protocol) VALUES("eip155:56/erc20:0x1615946eb2a02a6C5c1CB1954c6BDAFC8Ef9949a", "A", 56, "0x1615946eb2a02a6C5c1CB1954c6BDAFC8Ef9949a", 18, NULL); INSERT INTO common_asset_details(identifier, symbol, coingecko, cryptocompare, forked, started, swapped_for) VALUES("eip155:56/erc20:0x1615946eb2a02a6C5c1CB1954c6BDAFC8Ef9949a", "LMWR", "", "", NULL, 1683942592, NULL);
*
INSERT INTO assets(identifier, name, type) VALUES("eip155:56/erc20:0x0678Ca162E737C44cab2Ea31b4bbA78482E1313d", "Turbos Finance", "C"); INSERT INTO evm_tokens(identifier, token_kind, chain, address, decimals, protocol) VALUES("eip155:56/erc20:0x0678Ca162E737C44cab2Ea31b4bbA78482E1313d", "A", 56, "0x0678Ca162E737C44cab2Ea31b4bbA78482E1313d", 18, NULL); INSERT INTO common_asset_details(identifier, symbol, coingecko, cryptocompare, forked, started, swapped_for) VALUES("eip155:56/erc20:0x0678Ca162E737C44cab2Ea31b4bbA78482E1313d", "TURBOS", "", "", NULL, 1683879686, NULL);
*
INSERT INTO assets(identifier, name, type) VALUES("eip155:1/erc20:0xE55d97A97ae6A17706ee281486E98A84095d8AAf", "AIPAD.tech", "C"); INSERT INTO evm_tokens(identifier, token_kind, chain, address, decimals, protocol) VALUES("eip155:1/erc20:0xE55d97A97ae6A17706ee281486E98A84095d8AAf", "A", 1, "0xE55d97A97ae6A17706ee281486E98A84095d8AAf", 18, NULL); INSERT INTO common_asset_details(identifier, symbol, coingecko, cryptocompare, forked, started, swapped_for) VALUES("eip155:1/erc20:0xE55d97A97ae6A17706ee281486E98A84095d8AAf", "AIPAD", "aipad", "", NULL, 1675580939, NULL);
*
INSERT INTO assets(identifier, name, type) VALUES("eip155:56/erc20:0xE55d97A97ae6A17706ee281486E98A84095d8AAf", "AIPAD.tech", "C"); INSERT INTO evm_tokens(identifier, token_kind, chain, address, decimals, protocol) VALUES("eip155:56/erc20:0xE55d97A97ae6A17706ee281486E98A84095d8AAf", "A", 56, "0xE55d97A97ae6A17706ee281486E98A84095d8AAf", 18, NULL); INSERT INTO common_asset_details(identifier, symbol, coingecko, cryptocompare, forked, started, swapped_for) VALUES("eip155:56/erc20:0xE55d97A97ae6A17706ee281486E98A84095d8AAf", "AIPAD", "aipad", "", NULL, 1675397888, NULL);
*
INSERT INTO assets(identifier, name, type) VALUES("eip155:1/erc20:0x12970E6868f88f6557B76120662c1B3E50A646bf", "Milady", "C"); INSERT INTO evm_tokens(identifier, token_kind, chain, address, decimals, protocol) VALUES("eip155:1/erc20:0x12970E6868f88f6557B76120662c1B3E50A646bf", "A", 1, "0x12970E6868f88f6557B76120662c1B3E50A646bf", 18, NULL); INSERT INTO common_asset_details(identifier, symbol, coingecko, cryptocompare, forked, started, swapped_for) VALUES("eip155:1/erc20:0x12970E6868f88f6557B76120662c1B3E50A646bf", "LADYS", "milady-meme-coin", "", NULL, NULL, NULL);
*
INSERT INTO assets(identifier, name, type) VALUES("eip155:42161/erc20:0x3b60FF35D3f7F62d636b067dD0dC0dFdAd670E4E", "Milady", "C"); INSERT INTO evm_tokens(identifier, token_kind, chain, address, decimals, protocol) VALUES("eip155:42161/erc20:0x3b60FF35D3f7F62d636b067dD0dC0dFdAd670E4E", "A", 42161, "0x3b60FF35D3f7F62d636b067dD0dC0dFdAd670E4E", 18, NULL); INSERT INTO common_asset_details(identifier, symbol, coingecko, cryptocompare, forked, started, swapped_for) VALUES("eip155:42161/erc20:0x3b60FF35D3f7F62d636b067dD0dC0dFdAd670E4E", "LADYS", "milady-meme-coin", "", NULL, 1683990024, NULL);
*
INSERT INTO assets(identifier, name, type) VALUES("KAS", "Kaspa", "W"); INSERT INTO common_asset_details(identifier, symbol, coingecko, cryptocompare, forked, started, swapped_for) VALUES("KAS", "KAS", "kaspa", "KAS", NULL, 1682143440, NULL);
*
INSERT INTO assets(identifier, name, type) VALUES("SHDW", "Shadow Token", "Y"); INSERT INTO common_asset_details(identifier, symbol, coingecko, cryptocompare, forked, started, swapped_for) VALUES("SHDW", "SHDW", "genesysgo-shadow", "", NULL, 1682143440, NULL);
*
INSERT INTO assets(identifier, name, type) VALUES("eip155:1/erc20:0x9ad37205d608B8b219e6a2573f922094CEc5c200", "izumi Token", "C"); INSERT INTO evm_tokens(identifier, token_kind, chain, address, decimals, protocol) VALUES("eip155:1/erc20:0x9ad37205d608B8b219e6a2573f922094CEc5c200", "A", 1, "0x9ad37205d608B8b219e6a2573f922094CEc5c200", 18, NULL); INSERT INTO common_asset_details(identifier, symbol, coingecko, cryptocompare, forked, started, swapped_for) VALUES("eip155:1/erc20:0x9ad37205d608B8b219e6a2573f922094CEc5c200", "iZi", "izumi-finance", "", NULL, 1629875070, NULL);
*
INSERT INTO assets(identifier, name, type) VALUES("eip155:1/erc20:0xeca82185adCE47f39c684352B0439f030f860318", "Perlin", "C"); INSERT INTO evm_tokens(identifier, token_kind, chain, address, decimals, protocol) VALUES("eip155:1/erc20:0xeca82185adCE47f39c684352B0439f030f860318", "A", 1, "0xeca82185adCE47f39c684352B0439f030f860318", 18, NULL); INSERT INTO common_asset_details(identifier, symbol, coingecko, cryptocompare, forked, started, swapped_for) VALUES("eip155:1/erc20:0xeca82185adCE47f39c684352B0439f030f860318", "PERL", "perlin", "PERL", NULL, 1597906492, NULL);
*
UPDATE common_asset_details SET coingecko="convex-fpis" WHERE identifier="eip155:1/erc20:0xa2847348b58CEd0cA58d23c7e9106A49f1427Df6";
INSERT INTO assets(identifier, name, type) VALUES("eip155:1/erc20:0xa2847348b58CEd0cA58d23c7e9106A49f1427Df6", "Convex FPIS", "C"); INSERT INTO evm_tokens(identifier, token_kind, chain, address, decimals, protocol) VALUES("eip155:1/erc20:0xa2847348b58CEd0cA58d23c7e9106A49f1427Df6", "A", 1, "0xa2847348b58CEd0cA58d23c7e9106A49f1427Df6", 18, NULL); INSERT INTO common_asset_details(identifier, symbol, coingecko, cryptocompare, forked, started, swapped_for) VALUES("eip155:1/erc20:0xa2847348b58CEd0cA58d23c7e9106A49f1427Df6", "cvxFPIS", "convex-fpis", "", NULL, 1679148347, NULL);
UPDATE common_asset_details SET coingecko="electronic-usd" WHERE identifier="eip155:1/erc20:0xA0d69E286B938e21CBf7E51D71F6A4c8918f482F";
INSERT INTO assets(identifier, name, type) VALUES("eip155:1/erc20:0xA0d69E286B938e21CBf7E51D71F6A4c8918f482F", "Electronic Dollar", "C"); INSERT INTO evm_tokens(identifier, token_kind, chain, address, decimals, protocol) VALUES("eip155:1/erc20:0xA0d69E286B938e21CBf7E51D71F6A4c8918f482F", "A", 1, "0xA0d69E286B938e21CBf7E51D71F6A4c8918f482F", 18, NULL); INSERT INTO common_asset_details(identifier, symbol, coingecko, cryptocompare, forked, started, swapped_for) VALUES("eip155:1/erc20:0xA0d69E286B938e21CBf7E51D71F6A4c8918f482F", "eUSD", "electronic-usd", "", NULL, NULL, NULL);
UPDATE common_asset_details SET coingecko="ankreth" WHERE identifier="eip155:1/erc20:0xE95A203B1a91a908F9B9CE46459d101078c2c3cb";
INSERT INTO assets(identifier, name, type) VALUES("eip155:1/erc20:0xE95A203B1a91a908F9B9CE46459d101078c2c3cb", "Ankr Staked ETH", "C"); INSERT INTO evm_tokens(identifier, token_kind, chain, address, decimals, protocol) VALUES("eip155:1/erc20:0xE95A203B1a91a908F9B9CE46459d101078c2c3cb", "A", 1, "0xE95A203B1a91a908F9B9CE46459d101078c2c3cb", 18, NULL); INSERT INTO common_asset_details(identifier, symbol, coingecko, cryptocompare, forked, started, swapped_for) VALUES("eip155:1/erc20:0xE95A203B1a91a908F9B9CE46459d101078c2c3cb", "ankrETH", "ankreth", "", NULL, 1604948706, NULL);
UPDATE common_asset_details SET coingecko="rocket-pool-eth" WHERE identifier="eip155:1/erc20:0xae78736Cd615f374D3085123A210448E74Fc6393";
INSERT INTO assets(identifier, name, type) VALUES("eip155:1/erc20:0xae78736Cd615f374D3085123A210448E74Fc6393", "Rocket Pool ETH", "C"); INSERT INTO evm_tokens(identifier, token_kind, chain, address, decimals, protocol) VALUES("eip155:1/erc20:0xae78736Cd615f374D3085123A210448E74Fc6393", "A", 1, "0xae78736Cd615f374D3085123A210448E74Fc6393", 18, NULL); INSERT INTO common_asset_details(identifier, symbol, coingecko, cryptocompare, forked, started, swapped_for) VALUES("eip155:1/erc20:0xae78736Cd615f374D3085123A210448E74Fc6393", "rETH", "rocket-pool-eth", "", NULL, 1632980684, NULL);
UPDATE common_asset_details SET coingecko="olympus", cryptocompare="OHM" WHERE identifier="eip155:1/erc20:0x64aa3364F17a4D01c6f1751Fd97C2BD3D7e7f1D5";
INSERT INTO assets(identifier, name, type) VALUES("eip155:1/erc20:0x64aa3364F17a4D01c6f1751Fd97C2BD3D7e7f1D5", "Olympus", "C"); INSERT INTO evm_tokens(identifier, token_kind, chain, address, decimals, protocol) VALUES("eip155:1/erc20:0x64aa3364F17a4D01c6f1751Fd97C2BD3D7e7f1D5", "A", 1, "0x64aa3364F17a4D01c6f1751Fd97C2BD3D7e7f1D5", 9, NULL); INSERT INTO common_asset_details(identifier, symbol, coingecko, cryptocompare, forked, started, swapped_for) VALUES("eip155:1/erc20:0x64aa3364F17a4D01c6f1751Fd97C2BD3D7e7f1D5", "OHM", "olympus", "", NULL, 1639209014, NULL);
UPDATE common_asset_details SET coingecko="mausdt" WHERE identifier="eip155:1/erc20:0xAFe7131a57E44f832cb2dE78ade38CaD644aaC2f";
INSERT INTO assets(identifier, name, type) VALUES("eip155:1/erc20:0xAFe7131a57E44f832cb2dE78ade38CaD644aaC2f", "Morpho-Aave Tether USD Supply Vault", "C"); INSERT INTO evm_tokens(identifier, token_kind, chain, address, decimals, protocol) VALUES("eip155:1/erc20:0xAFe7131a57E44f832cb2dE78ade38CaD644aaC2f", "A", 1, "0xAFe7131a57E44f832cb2dE78ade38CaD644aaC2f", 18, NULL); INSERT INTO common_asset_details(identifier, symbol, coingecko, cryptocompare, forked, started, swapped_for) VALUES("eip155:1/erc20:0xAFe7131a57E44f832cb2dE78ade38CaD644aaC2f", "maUSDT", "mausdt", "", NULL, 1665071579, NULL);
UPDATE common_asset_details SET coingecko="multibtc" WHERE identifier="eip155:1/erc20:0x66eFF5221ca926636224650Fd3B9c497FF828F7D";
INSERT INTO assets(identifier, name, type) VALUES("eip155:1/erc20:0x66eFF5221ca926636224650Fd3B9c497FF828F7D", "Multichain BTC", "C"); INSERT INTO evm_tokens(identifier, token_kind, chain, address, decimals, protocol) VALUES("eip155:1/erc20:0x66eFF5221ca926636224650Fd3B9c497FF828F7D", "A", 1, "0x66eFF5221ca926636224650Fd3B9c497FF828F7D", 8, NULL); INSERT INTO common_asset_details(identifier, symbol, coingecko, cryptocompare, forked, started, swapped_for) VALUES("eip155:1/erc20:0x66eFF5221ca926636224650Fd3B9c497FF828F7D", "multiBTC", "multibtc", "", NULL, 1671195491, NULL);
UPDATE common_asset_details SET cryptocompare="GRAIL" WHERE identifier="eip155:42161/erc20:0x3d9907F9a368ad0a51Be60f7Da3b97cf940982D8";
INSERT INTO assets(identifier, name, type) VALUES("eip155:42161/erc20:0x3d9907F9a368ad0a51Be60f7Da3b97cf940982D8", "Camelot token", "C"); INSERT INTO evm_tokens(identifier, token_kind, chain, address, decimals, protocol) VALUES("eip155:42161/erc20:0x3d9907F9a368ad0a51Be60f7Da3b97cf940982D8", "A", 42161, "0x3d9907F9a368ad0a51Be60f7Da3b97cf940982D8", 18, NULL); INSERT INTO common_asset_details(identifier, symbol, coingecko, cryptocompare, forked, started, swapped_for) VALUES("eip155:42161/erc20:0x3d9907F9a368ad0a51Be60f7Da3b97cf940982D8", "GRAIL", "camelot-token", "GRAIL", NULL, 1668866817, NULL);
UPDATE common_asset_details SET cryptocompare="IGU" WHERE identifier="eip155:1/erc20:0x201bC9F242f74C47Bbd898a5DC99cDCD81A21943";
INSERT INTO assets(identifier, name, type) VALUES("eip155:56/erc20:0x201bC9F242f74C47Bbd898a5DC99cDCD81A21943", "IGU Token", "C"); INSERT INTO evm_tokens(identifier, token_kind, chain, address, decimals, protocol) VALUES("eip155:56/erc20:0x201bC9F242f74C47Bbd898a5DC99cDCD81A21943", "A", 56, "0x201bC9F242f74C47Bbd898a5DC99cDCD81A21943", 18, NULL); INSERT INTO common_asset_details(identifier, symbol, coingecko, cryptocompare, forked, started, swapped_for) VALUES("eip155:56/erc20:0x201bC9F242f74C47Bbd898a5DC99cDCD81A21943", "IGU", "iguverse-igu", "IGU", NULL, 1667125109, NULL);
UPDATE common_asset_details SET cryptocompare="SUDO" WHERE identifier="eip155:1/erc20:0x3446Dd70B2D52A6Bf4a5a192D9b0A161295aB7F9";
INSERT INTO assets(identifier, name, type) VALUES("eip155:1/erc20:0x3446Dd70B2D52A6Bf4a5a192D9b0A161295aB7F9", "SUDO", "C"); INSERT INTO evm_tokens(identifier, token_kind, chain, address, decimals, protocol) VALUES("eip155:1/erc20:0x3446Dd70B2D52A6Bf4a5a192D9b0A161295aB7F9", "A", 1, "0x3446Dd70B2D52A6Bf4a5a192D9b0A161295aB7F9", 18, NULL); INSERT INTO common_asset_details(identifier, symbol, coingecko, cryptocompare, forked, started, swapped_for) VALUES("eip155:1/erc20:0x3446Dd70B2D52A6Bf4a5a192D9b0A161295aB7F9", "SUDO", "sudoswap", "SUDO", NULL, 1675101587, NULL);
UPDATE common_asset_details SET coingecko="reth" WHERE identifier="eip155:1/erc20:0x9559Aaa82d9649C7A7b220E7c461d2E74c9a3593";
INSERT INTO assets(identifier, name, type) VALUES("eip155:1/erc20:0x9559Aaa82d9649C7A7b220E7c461d2E74c9a3593", "StaFi", "C"); INSERT INTO evm_tokens(identifier, token_kind, chain, address, decimals, protocol) VALUES("eip155:1/erc20:0x9559Aaa82d9649C7A7b220E7c461d2E74c9a3593", "A", 1, "0x9559Aaa82d9649C7A7b220E7c461d2E74c9a3593", 18, NULL); INSERT INTO common_asset_details(identifier, symbol, coingecko, cryptocompare, forked, started, swapped_for) VALUES("eip155:1/erc20:0x9559Aaa82d9649C7A7b220E7c461d2E74c9a3593", "rETH", "reth", "", NULL, 1611803201, NULL);
UPDATE common_asset_details SET coingecko="unbnk", cryptocompare="UNBNK" WHERE identifier="eip155:1/erc20:0x06B884e60794Ce02AafAb13791B59A2e6A07442f";
INSERT INTO assets(identifier, name, type) VALUES("eip155:1/erc20:0x06B884e60794Ce02AafAb13791B59A2e6A07442f", "Unbanked", "C"); INSERT INTO evm_tokens(identifier, token_kind, chain, address, decimals, protocol) VALUES("eip155:1/erc20:0x06B884e60794Ce02AafAb13791B59A2e6A07442f", "A", 1, "0x06B884e60794Ce02AafAb13791B59A2e6A07442f", 18, NULL); INSERT INTO common_asset_details(identifier, symbol, coingecko, cryptocompare, forked, started, swapped_for) VALUES("eip155:1/erc20:0x06B884e60794Ce02AafAb13791B59A2e6A07442f", "UNBNK", "unbnk", "UNBNK", NULL, 1630504111, NULL);
UPDATE common_asset_details SET coingecko="dola-borrowing-right" WHERE identifier="eip155:1/erc20:0xAD038Eb671c44b853887A7E32528FaB35dC5D710";
INSERT INTO assets(identifier, name, type) VALUES("eip155:1/erc20:0xAD038Eb671c44b853887A7E32528FaB35dC5D710", "Dola Borrowing Right", "C"); INSERT INTO evm_tokens(identifier, token_kind, chain, address, decimals, protocol) VALUES("eip155:1/erc20:0xAD038Eb671c44b853887A7E32528FaB35dC5D710", "A", 1, "0xAD038Eb671c44b853887A7E32528FaB35dC5D710", 18, NULL); INSERT INTO common_asset_details(identifier, symbol, coingecko, cryptocompare, forked, started, swapped_for) VALUES("eip155:1/erc20:0xAD038Eb671c44b853887A7E32528FaB35dC5D710", "DBR", "dola-borrowing-right", "", NULL, 1670692811, NULL);
UPDATE common_asset_details SET coingecko="arth", cryptocompare="ARTH" WHERE identifier="eip155:1/erc20:0x8CC0F052fff7eaD7f2EdCCcaC895502E884a8a71";
INSERT INTO assets(identifier, name, type) VALUES("eip155:1/erc20:0x8CC0F052fff7eaD7f2EdCCcaC895502E884a8a71", "ARTH Valuecoin", "C"); INSERT INTO evm_tokens(identifier, token_kind, chain, address, decimals, protocol) VALUES("eip155:1/erc20:0x8CC0F052fff7eaD7f2EdCCcaC895502E884a8a71", "A", 1, "0x8CC0F052fff7eaD7f2EdCCcaC895502E884a8a71", 18, NULL); INSERT INTO common_asset_details(identifier, symbol, coingecko, cryptocompare, forked, started, swapped_for) VALUES("eip155:1/erc20:0x8CC0F052fff7eaD7f2EdCCcaC895502E884a8a71", "ARTH", "arth", "ARTH", NULL, 1650073733, NULL);
UPDATE evm_tokens SET protocol="spam" WHERE identifier="eip155:1/erc20:0x0F65cfde93Db3A37EcC4FcE0873010F3daF434A3";
INSERT INTO assets(identifier, name, type) VALUES("eip155:1/erc20:0x0F65cfde93Db3A37EcC4FcE0873010F3daF434A3", "pepelp.com", "C"); INSERT INTO evm_tokens(identifier, token_kind, chain, address, decimals, protocol) VALUES("eip155:1/erc20:0x0F65cfde93Db3A37EcC4FcE0873010F3daF434A3", "A", 1, "0x0F65cfde93Db3A37EcC4FcE0873010F3daF434A3", 18, "spam"); INSERT INTO common_asset_details(identifier, symbol, coingecko, cryptocompare, forked, started, swapped_for) VALUES("eip155:1/erc20:0x0F65cfde93Db3A37EcC4FcE0873010F3daF434A3", "PEPELP", "", "", NULL, 1663752263, NULL);
UPDATE evm_tokens SET protocol="spam" WHERE identifier="eip155:1/erc20:0x124A743Ef8c391ea2E3CF8271C3050DEE045D9B9";
INSERT INTO assets(identifier, name, type) VALUES("eip155:1/erc20:0x124A743Ef8c391ea2E3CF8271C3050DEE045D9B9", "$ LidoLP.com", "C"); INSERT INTO evm_tokens(identifier, token_kind, chain, address, decimals, protocol) VALUES("eip155:1/erc20:0x124A743Ef8c391ea2E3CF8271C3050DEE045D9B9", "A", 1, "0x124A743Ef8c391ea2E3CF8271C3050DEE045D9B9", 0, "spam"); INSERT INTO common_asset_details(identifier, symbol, coingecko, cryptocompare, forked, started, swapped_for) VALUES("eip155:1/erc20:0x124A743Ef8c391ea2E3CF8271C3050DEE045D9B9", "LidoLP.com", "", "", NULL, 1663752263, NULL);
UPDATE evm_tokens SET protocol="spam" WHERE identifier="eip155:1/erc20:0x16b3Dd2970AD3F19C6068C65777530830d33773E";
INSERT INTO assets(identifier, name, type) VALUES("eip155:1/erc20:0x16b3Dd2970AD3F19C6068C65777530830d33773E", "SFAr.io", "C"); INSERT INTO evm_tokens(identifier, token_kind, chain, address, decimals, protocol) VALUES("eip155:1/erc20:0x16b3Dd2970AD3F19C6068C65777530830d33773E", "A", 1, "0x16b3Dd2970AD3F19C6068C65777530830d33773E", 18, "spam"); INSERT INTO common_asset_details(identifier, symbol, coingecko, cryptocompare, forked, started, swapped_for) VALUES("eip155:1/erc20:0x16b3Dd2970AD3F19C6068C65777530830d33773E", "SFA", "", "", NULL, 1663752263, NULL);
UPDATE evm_tokens SET protocol="spam" WHERE identifier="eip155:1/erc20:0x17158E788771EbFf629e00e9b0B62A9C921e2134";
INSERT INTO assets(identifier, name, type) VALUES("eip155:1/erc20:0x17158E788771EbFf629e00e9b0B62A9C921e2134", "LooksDrop.com", "C"); INSERT INTO evm_tokens(identifier, token_kind, chain, address, decimals, protocol) VALUES("eip155:1/erc20:0x17158E788771EbFf629e00e9b0B62A9C921e2134", "A", 1, "0x17158E788771EbFf629e00e9b0B62A9C921e2134", 0, "spam"); INSERT INTO common_asset_details(identifier, symbol, coingecko, cryptocompare, forked, started, swapped_for) VALUES("eip155:1/erc20:0x17158E788771EbFf629e00e9b0B62A9C921e2134", "LOOKSDROP.COM", "", "", NULL, 1663752263, NULL);
UPDATE evm_tokens SET protocol="spam" WHERE identifier="eip155:1/erc20:0x2e4C0631692c578272CbCE95b6c51F734b780498";
INSERT INTO assets(identifier, name, type) VALUES("eip155:1/erc20:0x2e4C0631692c578272CbCE95b6c51F734b780498", "BlurReward.org", "C"); INSERT INTO evm_tokens(identifier, token_kind, chain, address, decimals, protocol) VALUES("eip155:1/erc20:0x2e4C0631692c578272CbCE95b6c51F734b780498", "A", 1, "0x2e4C0631692c578272CbCE95b6c51F734b780498", 0, "spam"); INSERT INTO common_asset_details(identifier, symbol, coingecko, cryptocompare, forked, started, swapped_for) VALUES("eip155:1/erc20:0x2e4C0631692c578272CbCE95b6c51F734b780498", "BlurReward.org", "", "", NULL, 1663752263, NULL);
UPDATE evm_tokens SET protocol="spam" WHERE identifier="eip155:1/erc20:0x3472c4909faa7938a71c3012A03A3f2Ad99a175A";
INSERT INTO assets(identifier, name, type) VALUES("eip155:1/erc20:0x3472c4909faa7938a71c3012A03A3f2Ad99a175A", "Kishib.com", "C"); INSERT INTO evm_tokens(identifier, token_kind, chain, address, decimals, protocol) VALUES("eip155:1/erc20:0x3472c4909faa7938a71c3012A03A3f2Ad99a175A", "A", 1, "0x3472c4909faa7938a71c3012A03A3f2Ad99a175A", 0, "spam"); INSERT INTO common_asset_details(identifier, symbol, coingecko, cryptocompare, forked, started, swapped_for) VALUES("eip155:1/erc20:0x3472c4909faa7938a71c3012A03A3f2Ad99a175A", "Kishib.com", "", "", NULL, 1663752263, NULL);
UPDATE evm_tokens SET protocol="spam" WHERE identifier="eip155:1/erc20:0x3eD525Fa1F10889dbF55515D1a436D91680d6C54";
INSERT INTO assets(identifier, name, type) VALUES("eip155:1/erc20:0x3eD525Fa1F10889dbF55515D1a436D91680d6C54", "Kishui.net", "C"); INSERT INTO evm_tokens(identifier, token_kind, chain, address, decimals, protocol) VALUES("eip155:1/erc20:0x3eD525Fa1F10889dbF55515D1a436D91680d6C54", "A", 1, "0x3eD525Fa1F10889dbF55515D1a436D91680d6C54", 18, "spam"); INSERT INTO common_asset_details(identifier, symbol, coingecko, cryptocompare, forked, started, swapped_for) VALUES("eip155:1/erc20:0x3eD525Fa1F10889dbF55515D1a436D91680d6C54", "Kishui.net", "", "", NULL, 1663752263, NULL);
UPDATE evm_tokens SET protocol="spam" WHERE identifier="eip155:1/erc20:0x573Af4529756643E9C16caae7995a5ce4aaD051D";
INSERT INTO assets(identifier, name, type) VALUES("eip155:1/erc20:0x573Af4529756643E9C16caae7995a5ce4aaD051D", "AbroShib.Org", "C"); INSERT INTO evm_tokens(identifier, token_kind, chain, address, decimals, protocol) VALUES("eip155:1/erc20:0x573Af4529756643E9C16caae7995a5ce4aaD051D", "A", 1, "0x573Af4529756643E9C16caae7995a5ce4aaD051D", 0, "spam"); INSERT INTO common_asset_details(identifier, symbol, coingecko, cryptocompare, forked, started, swapped_for) VALUES("eip155:1/erc20:0x573Af4529756643E9C16caae7995a5ce4aaD051D", "Swap to ETH here - https://Abroshib.org ", "", "", NULL, 1663752263, NULL);
UPDATE evm_tokens SET protocol="spam" WHERE identifier="eip155:1/erc20:0xbD7412cfA3D048c0C6dA64b15B6F519292fdFe52";
INSERT INTO assets(identifier, name, type) VALUES("eip155:1/erc20:0xbD7412cfA3D048c0C6dA64b15B6F519292fdFe52", "mbird.fun", "C"); INSERT INTO evm_tokens(identifier, token_kind, chain, address, decimals, protocol) VALUES("eip155:1/erc20:0xbD7412cfA3D048c0C6dA64b15B6F519292fdFe52", "A", 1, "0xbD7412cfA3D048c0C6dA64b15B6F519292fdFe52", 18, "spam"); INSERT INTO common_asset_details(identifier, symbol, coingecko, cryptocompare, forked, started, swapped_for) VALUES("eip155:1/erc20:0xbD7412cfA3D048c0C6dA64b15B6F519292fdFe52", "mbird.fun", "", "", NULL, 1663752263, NULL);
UPDATE evm_tokens SET protocol="spam" WHERE identifier="eip155:1/erc20:0xc5023255Ad7E0E49D207FAD2bb628312ceA51153";
INSERT INTO assets(identifier, name, type) VALUES("eip155:1/erc20:0xc5023255Ad7E0E49D207FAD2bb628312ceA51153", "ApeDao.site", "C"); INSERT INTO evm_tokens(identifier, token_kind, chain, address, decimals, protocol) VALUES("eip155:1/erc20:0xc5023255Ad7E0E49D207FAD2bb628312ceA51153", "A", 1, "0xc5023255Ad7E0E49D207FAD2bb628312ceA51153", 0, "spam"); INSERT INTO common_asset_details(identifier, symbol, coingecko, cryptocompare, forked, started, swapped_for) VALUES("eip155:1/erc20:0xc5023255Ad7E0E49D207FAD2bb628312ceA51153", "apedao.site", "", "", NULL, 1663752263, NULL);
UPDATE evm_tokens SET protocol="spam" WHERE identifier="eip155:10/erc20:0x45519c3C6E12AB6723cCAE6FC16A43883B940555";
INSERT INTO assets(identifier, name, type) VALUES("eip155:10/erc20:0x45519c3C6E12AB6723cCAE6FC16A43883B940555", "opclaim.com", "C"); INSERT INTO evm_tokens(identifier, token_kind, chain, address, decimals, protocol) VALUES("eip155:10/erc20:0x45519c3C6E12AB6723cCAE6FC16A43883B940555", "A", 10, "0x45519c3C6E12AB6723cCAE6FC16A43883B940555", 18, "spam"); INSERT INTO common_asset_details(identifier, symbol, coingecko, cryptocompare, forked, started, swapped_for) VALUES("eip155:10/erc20:0x45519c3C6E12AB6723cCAE6FC16A43883B940555", "Visit opclaim.com to claim rewards", "", "", NULL, 1663752263, NULL);
UPDATE evm_tokens SET protocol="spam" WHERE identifier="eip155:1/erc20:0x60C81ce152a565B4d45C6E666F254c33b0330CB6";
INSERT INTO assets(identifier, name, type) VALUES("eip155:1/erc20:0x60C81ce152a565B4d45C6E666F254c33b0330CB6", "AbroShib.org", "C"); INSERT INTO evm_tokens(identifier, token_kind, chain, address, decimals, protocol) VALUES("eip155:1/erc20:0x60C81ce152a565B4d45C6E666F254c33b0330CB6", "A", 1, "0x60C81ce152a565B4d45C6E666F254c33b0330CB6", 0, "spam"); INSERT INTO common_asset_details(identifier, symbol, coingecko, cryptocompare, forked, started, swapped_for) VALUES("eip155:1/erc20:0x60C81ce152a565B4d45C6E666F254c33b0330CB6", "Visit https://abroshib.org in order to Swap to ETH.", "", "", NULL, 1663752263, NULL);
INSERT INTO assets(identifier, name, type) VALUES("eip155:1/erc20:0xdeFA4e8a7bcBA345F687a2f1456F5Edd9CE97202", "Kyber Network Crystal v2", "C"); INSERT INTO evm_tokens(identifier, token_kind, chain, address, decimals, protocol) VALUES("eip155:1/erc20:0xdeFA4e8a7bcBA345F687a2f1456F5Edd9CE97202", "A", 1, "0xdeFA4e8a7bcBA345F687a2f1456F5Edd9CE97202", 18, NULL); INSERT INTO common_asset_details(identifier, symbol, coingecko, cryptocompare, forked, started, swapped_for) VALUES("eip155:1/erc20:0xdeFA4e8a7bcBA345F687a2f1456F5Edd9CE97202", "KNC", "kyber-network-crystal", "KNC", NULL, 1618218294, NULL);
*
INSERT INTO assets(identifier, name, type) VALUES("eip155:1/erc20:0x628A3b2E302C7e896AcC432D2d0dD22B6cb9bc88", "LimeWire Token", "C"); INSERT INTO evm_tokens(identifier, token_kind, chain, address, decimals, protocol) VALUES("eip155:1/erc20:0x628A3b2E302C7e896AcC432D2d0dD22B6cb9bc88", "A", 1, "0x628A3b2E302C7e896AcC432D2d0dD22B6cb9bc88", 18, NULL); INSERT INTO common_asset_details(identifier, symbol, coingecko, cryptocompare, forked, started, swapped_for) VALUES("eip155:1/erc20:0x628A3b2E302C7e896AcC432D2d0dD22B6cb9bc88", "LMWR", "limewire-token", "", NULL, 1679683391, NULL);
*