INSERT INTO assets(identifier, name, type) VALUES("eip155:42161/erc20:0x912ce59144191c1204e64559fe8253a0e49e6548", "Arbitrum", "C"); INSERT INTO evm_tokens(identifier, token_kind, chain, address, decimals, protocol) VALUES("eip155:42161/erc20:0x912ce59144191c1204e64559fe8253a0e49e6548", "A", 42161, "0x912ce59144191c1204e64559fe8253a0e49e6548", 18, NULL); INSERT INTO common_asset_details(identifier, symbol, coingecko, cryptocompare, forked, started, swapped_for) VALUES("eip155:42161/erc20:0x912ce59144191c1204e64559fe8253a0e49e6548", "ARB", "arbitrum", "ARB", NULL, 1678968508, NULL);
*
INSERT INTO assets(identifier, name, type) VALUES("eip155:1/erc20:0xB50721BCf8d664c30412Cfbc6cf7a15145234ad1", "Arbitrum", "C"); INSERT INTO evm_tokens(identifier, token_kind, chain, address, decimals, protocol) VALUES("eip155:1/erc20:0xB50721BCf8d664c30412Cfbc6cf7a15145234ad1", "A", 1, "0xB50721BCf8d664c30412Cfbc6cf7a15145234ad1", 18, NULL); INSERT INTO common_asset_details(identifier, symbol, coingecko, cryptocompare, forked, started, swapped_for) VALUES("eip155:1/erc20:0xB50721BCf8d664c30412Cfbc6cf7a15145234ad1", "ARB", "arbitrum", "ARB", NULL, 1678968467, NULL);
*
INSERT INTO assets(identifier, name, type) VALUES("eip155:42161/erc20:0x5979d7b546e38e414f7e9822514be443a4800529", "Wrapped liquid staked Ether 2.0", "C"); INSERT INTO evm_tokens(identifier, token_kind, chain, address, decimals, protocol) VALUES("eip155:42161/erc20:0x5979d7b546e38e414f7e9822514be443a4800529", "A", 42161, "0x5979d7b546e38e414f7e9822514be443a4800529", 18, NULL); INSERT INTO common_asset_details(identifier, symbol, coingecko, cryptocompare, forked, started, swapped_for) VALUES("eip155:42161/erc20:0x5979d7b546e38e414f7e9822514be443a4800529", "wstETH", "wrapped-steth", "WSTETH", NULL, 1659608815, NULL);
*
INSERT INTO assets(identifier, name, type) VALUES("eip155:10/erc20:0x1f32b1c2345538c0c6f582fcb022739c4a194ebb", "Wrapped liquid staked Ether 2.0", "C"); INSERT INTO evm_tokens(identifier, token_kind, chain, address, decimals, protocol) VALUES("eip155:10/erc20:0x1f32b1c2345538c0c6f582fcb022739c4a194ebb", "A", 10, "0x1f32b1c2345538c0c6f582fcb022739c4a194ebb", 18, NULL); INSERT INTO common_asset_details(identifier, symbol, coingecko, cryptocompare, forked, started, swapped_for) VALUES("eip155:10/erc20:0x1f32b1c2345538c0c6f582fcb022739c4a194ebb", "wstETH", "wrapped-steth", "WSTETH", NULL, 1659687832, NULL);
*
INSERT INTO assets(identifier, name, type) VALUES("eip155:42161/erc20:0x178412e79c25968a32e89b11f63b33f733770c2a", "Frax Ether", "C"); INSERT INTO evm_tokens(identifier, token_kind, chain, address, decimals, protocol) VALUES("eip155:42161/erc20:0x178412e79c25968a32e89b11f63b33f733770c2a", "A", 42161, "0x178412e79c25968a32e89b11f63b33f733770c2a", 18, NULL); INSERT INTO common_asset_details(identifier, symbol, coingecko, cryptocompare, forked, started, swapped_for) VALUES("eip155:42161/erc20:0x178412e79c25968a32e89b11f63b33f733770c2a", "frxETH", "frax-ether", "", NULL, 1673211956, NULL);
*
INSERT INTO assets(identifier, name, type) VALUES("eip155:10/erc20:0x6806411765af15bddd26f8f544a34cc40cb9838b", "Frax Ether", "C"); INSERT INTO evm_tokens(identifier, token_kind, chain, address, decimals, protocol) VALUES("eip155:10/erc20:0x6806411765af15bddd26f8f544a34cc40cb9838b", "A", 10, "0x6806411765af15bddd26f8f544a34cc40cb9838b", 18, NULL); INSERT INTO common_asset_details(identifier, symbol, coingecko, cryptocompare, forked, started, swapped_for) VALUES("eip155:10/erc20:0x6806411765af15bddd26f8f544a34cc40cb9838b", "frxETH", "frax-ether", "", NULL, 1673221013, NULL);
*
INSERT INTO assets(identifier, name, type) VALUES("eip155:56/erc20:0x64048a7eecf3a2f1ba9e144aac3d7db6e58f555e", "Frax Ether", "C"); INSERT INTO evm_tokens(identifier, token_kind, chain, address, decimals, protocol) VALUES("eip155:56/erc20:0x64048a7eecf3a2f1ba9e144aac3d7db6e58f555e", "A", 56, "0x64048a7eecf3a2f1ba9e144aac3d7db6e58f555e", 18, NULL); INSERT INTO common_asset_details(identifier, symbol, coingecko, cryptocompare, forked, started, swapped_for) VALUES("eip155:56/erc20:0x64048a7eecf3a2f1ba9e144aac3d7db6e58f555e", "frxETH", "frax-ether", "", NULL, 1673215143, NULL);
*
INSERT INTO assets(identifier, name, type) VALUES("eip155:137/erc20:0xEe327F889d5947c1dc1934Bb208a1E792F953E96", "Frax Ether", "C"); INSERT INTO evm_tokens(identifier, token_kind, chain, address, decimals, protocol) VALUES("eip155:137/erc20:0xEe327F889d5947c1dc1934Bb208a1E792F953E96", "A", 137, "0xEe327F889d5947c1dc1934Bb208a1E792F953E96", 18, NULL); INSERT INTO common_asset_details(identifier, symbol, coingecko, cryptocompare, forked, started, swapped_for) VALUES("eip155:137/erc20:0xEe327F889d5947c1dc1934Bb208a1E792F953E96", "frxETH", "frax-ether", "", NULL, 1673220278, NULL);
*
INSERT INTO assets(identifier, name, type) VALUES("eip155:250/erc20:0x9e73f99ee061c8807f69f9c6ccc44ea3d8c373ee", "Frax Ether", "C"); INSERT INTO evm_tokens(identifier, token_kind, chain, address, decimals, protocol) VALUES("eip155:250/erc20:0x9e73f99ee061c8807f69f9c6ccc44ea3d8c373ee", "A", 250, "0x9e73f99ee061c8807f69f9c6ccc44ea3d8c373ee", 18, NULL); INSERT INTO common_asset_details(identifier, symbol, coingecko, cryptocompare, forked, started, swapped_for) VALUES("eip155:250/erc20:0x9e73f99ee061c8807f69f9c6ccc44ea3d8c373ee", "frxETH", "frax-ether", "", NULL, 1674490080, NULL);
*
INSERT INTO assets(identifier, name, type) VALUES("eip155:1/erc20:0xac3E018457B222d93114458476f3E3416Abbe38F", "Staked Frax Ether", "C"); INSERT INTO evm_tokens(identifier, token_kind, chain, address, decimals, protocol) VALUES("eip155:1/erc20:0xac3E018457B222d93114458476f3E3416Abbe38F", "A", 1, "0xac3E018457B222d93114458476f3E3416Abbe38F", 18, NULL); INSERT INTO common_asset_details(identifier, symbol, coingecko, cryptocompare, forked, started, swapped_for) VALUES("eip155:1/erc20:0xac3E018457B222d93114458476f3E3416Abbe38F", "sfrxETH", "staked-frax-ether", "", NULL, NULL, NULL);
*
INSERT INTO assets(identifier, name, type) VALUES("eip155:42161/erc20:0x95ab45875cffdba1e5f451b950bc2e42c0053f39", "Staked Frax Ether", "C"); INSERT INTO evm_tokens(identifier, token_kind, chain, address, decimals, protocol) VALUES("eip155:42161/erc20:0x95ab45875cffdba1e5f451b950bc2e42c0053f39", "A", 42161, "0x95ab45875cffdba1e5f451b950bc2e42c0053f39", 18, NULL); INSERT INTO common_asset_details(identifier, symbol, coingecko, cryptocompare, forked, started, swapped_for) VALUES("eip155:42161/erc20:0x95ab45875cffdba1e5f451b950bc2e42c0053f39", "sfrxETH", "staked-frax-ether", "", NULL, 1673211957, NULL);
*
INSERT INTO assets(identifier, name, type) VALUES("eip155:10/erc20:0x484c2d6e3cdd945a8b2df735e079178c1036578c", "Staked Frax Ether", "C"); INSERT INTO evm_tokens(identifier, token_kind, chain, address, decimals, protocol) VALUES("eip155:10/erc20:0x484c2d6e3cdd945a8b2df735e079178c1036578c", "A", 10, "0x484c2d6e3cdd945a8b2df735e079178c1036578c", 18, NULL); INSERT INTO common_asset_details(identifier, symbol, coingecko, cryptocompare, forked, started, swapped_for) VALUES("eip155:10/erc20:0x484c2d6e3cdd945a8b2df735e079178c1036578c", "sfrxETH", "staked-frax-ether", "", NULL, 1673221028, NULL);
*
INSERT INTO assets(identifier, name, type) VALUES("eip155:56/erc20:0x3cd55356433c89e50dc51ab07ee0fa0a95623d53", "Staked Frax Ether", "C"); INSERT INTO evm_tokens(identifier, token_kind, chain, address, decimals, protocol) VALUES("eip155:56/erc20:0x3cd55356433c89e50dc51ab07ee0fa0a95623d53", "A", 56, "0x3cd55356433c89e50dc51ab07ee0fa0a95623d53", 18, NULL); INSERT INTO common_asset_details(identifier, symbol, coingecko, cryptocompare, forked, started, swapped_for) VALUES("eip155:56/erc20:0x3cd55356433c89e50dc51ab07ee0fa0a95623d53", "sfrxETH", "staked-frax-ether", "", NULL, 1673215146, NULL);
*
INSERT INTO assets(identifier, name, type) VALUES("eip155:137/erc20:0x6d1FdBB266fCc09A16a22016369210A15bb95761", "Staked Frax Ether", "C"); INSERT INTO evm_tokens(identifier, token_kind, chain, address, decimals, protocol) VALUES("eip155:137/erc20:0x6d1FdBB266fCc09A16a22016369210A15bb95761", "A", 137, "0x6d1FdBB266fCc09A16a22016369210A15bb95761", 18, NULL); INSERT INTO common_asset_details(identifier, symbol, coingecko, cryptocompare, forked, started, swapped_for) VALUES("eip155:137/erc20:0x6d1FdBB266fCc09A16a22016369210A15bb95761", "sfrxETH", "staked-frax-ether", "", NULL, 1673220278, NULL);
*
INSERT INTO assets(identifier, name, type) VALUES("eip155:250/erc20:0xb90ccd563918ff900928dc529aa01046795ccb4a", "Staked Frax Ether", "C"); INSERT INTO evm_tokens(identifier, token_kind, chain, address, decimals, protocol) VALUES("eip155:250/erc20:0xb90ccd563918ff900928dc529aa01046795ccb4a", "A", 250, "0xb90ccd563918ff900928dc529aa01046795ccb4a", 18, NULL); INSERT INTO common_asset_details(identifier, symbol, coingecko, cryptocompare, forked, started, swapped_for) VALUES("eip155:250/erc20:0xb90ccd563918ff900928dc529aa01046795ccb4a", "sfrxETH", "staked-frax-ether", "", NULL, 1674490087, NULL);
*
INSERT INTO assets(identifier, name, type) VALUES("eip155:42161/erc20:0x93b346b6bc2548da6a1e7d98e9a421b42541425b", "LUSD Stablecoin", "C"); INSERT INTO evm_tokens(identifier, token_kind, chain, address, decimals, protocol) VALUES("eip155:42161/erc20:0x93b346b6bc2548da6a1e7d98e9a421b42541425b", "A", 42161, "0x93b346b6bc2548da6a1e7d98e9a421b42541425b", 18, NULL); INSERT INTO common_asset_details(identifier, symbol, coingecko, cryptocompare, forked, started, swapped_for) VALUES("eip155:42161/erc20:0x93b346b6bc2548da6a1e7d98e9a421b42541425b", "LUSD", "liquity-usd", "", NULL, 1660286965, NULL);
*
INSERT INTO assets(identifier, name, type) VALUES("eip155:10/erc20:0xc40f949f8a4e094d1b49a23ea9241d289b7b2819", "LUSD Stablecoin", "C"); INSERT INTO evm_tokens(identifier, token_kind, chain, address, decimals, protocol) VALUES("eip155:10/erc20:0xc40f949f8a4e094d1b49a23ea9241d289b7b2819", "A", 10, "0xc40f949f8a4e094d1b49a23ea9241d289b7b2819", 18, NULL); INSERT INTO common_asset_details(identifier, symbol, coingecko, cryptocompare, forked, started, swapped_for) VALUES("eip155:10/erc20:0xc40f949f8a4e094d1b49a23ea9241d289b7b2819", "LUSD", "liquity-usd", "", NULL, NULL, NULL);
*
INSERT INTO assets(identifier, name, type) VALUES("SUI", "Sui", "B"); INSERT INTO common_asset_details(identifier, symbol, coingecko, cryptocompare, forked, started, swapped_for) VALUES("SUI", "SUI", "sui", "SUI", NULL, 1683126000, NULL);
*
INSERT INTO assets(identifier, name, type) VALUES("eip155:10/erc20:0x3c8b650257cfb5f272f799f5e2b4e65093a11a05", "Velodrome", "C"); INSERT INTO evm_tokens(identifier, token_kind, chain, address, decimals, protocol) VALUES("eip155:10/erc20:0x3c8b650257cfb5f272f799f5e2b4e65093a11a05", "A", 10, "0x3c8b650257cfb5f272f799f5e2b4e65093a11a05", 18, NULL); INSERT INTO common_asset_details(identifier, symbol, coingecko, cryptocompare, forked, started, swapped_for) VALUES("eip155:10/erc20:0x3c8b650257cfb5f272f799f5e2b4e65093a11a05", "VELO", "velodrome-finance", "", NULL, 1654113683, NULL);
*
INSERT INTO assets(identifier, name, type) VALUES("eip155:1/erc20:0x6982508145454Ce325dDbE47a25d4ec3d2311933", "Pepe", "C"); INSERT INTO evm_tokens(identifier, token_kind, chain, address, decimals, protocol) VALUES("eip155:1/erc20:0x6982508145454Ce325dDbE47a25d4ec3d2311933", "A", 1, "0x6982508145454Ce325dDbE47a25d4ec3d2311933", 18, NULL); INSERT INTO common_asset_details(identifier, symbol, coingecko, cryptocompare, forked, started, swapped_for) VALUES("eip155:1/erc20:0x6982508145454Ce325dDbE47a25d4ec3d2311933", "PEPE", "pepe", "PEPE", NULL, 1681483895, NULL);
*
INSERT INTO assets(identifier, name, type) VALUES("eip155:1/erc20:0xb23d80f5FefcDDaa212212F028021B41DEd428CF", "Prime", "C"); INSERT INTO evm_tokens(identifier, token_kind, chain, address, decimals, protocol) VALUES("eip155:1/erc20:0xb23d80f5FefcDDaa212212F028021B41DEd428CF", "A", 1, "0xb23d80f5FefcDDaa212212F028021B41DEd428CF", 18, NULL); INSERT INTO common_asset_details(identifier, symbol, coingecko, cryptocompare, forked, started, swapped_for) VALUES("eip155:1/erc20:0xb23d80f5FefcDDaa212212F028021B41DEd428CF", "PRIME", "echelon-prime", "", NULL, 1658083280, NULL);
*
INSERT INTO assets(identifier, name, type) VALUES("eip155:1/erc20:0x8c1BEd5b9a0928467c9B1341Da1D7BD5e10b6549", "Liquid Staked ETH", "C"); INSERT INTO evm_tokens(identifier, token_kind, chain, address, decimals, protocol) VALUES("eip155:1/erc20:0x8c1BEd5b9a0928467c9B1341Da1D7BD5e10b6549", "A", 1, "0x8c1BEd5b9a0928467c9B1341Da1D7BD5e10b6549", 18, NULL); INSERT INTO common_asset_details(identifier, symbol, coingecko, cryptocompare, forked, started, swapped_for) VALUES("eip155:1/erc20:0x8c1BEd5b9a0928467c9B1341Da1D7BD5e10b6549", "LsETH", "liquid-staked-ethereum", "", NULL, 1664906231, NULL);
*
INSERT INTO assets(identifier, name, type) VALUES("eip155:1/erc20:0x628eBC64A38269E031AFBDd3C5BA857483B5d048", "Liquid Staked ETH", "C"); INSERT INTO evm_tokens(identifier, token_kind, chain, address, decimals, protocol) VALUES("eip155:1/erc20:0x628eBC64A38269E031AFBDd3C5BA857483B5d048", "A", 1, "0x628eBC64A38269E031AFBDd3C5BA857483B5d048", 18, NULL); INSERT INTO common_asset_details(identifier, symbol, coingecko, cryptocompare, forked, started, swapped_for) VALUES("eip155:1/erc20:0x628eBC64A38269E031AFBDd3C5BA857483B5d048", "LSETH", "liquid-staked-eth-index", "", NULL, 1673987507, NULL);
*
INSERT INTO assets(identifier, name, type) VALUES("eip155:1/erc20:0x5fab9761d60419C9eeEbe3915A8FA1ed7e8d2E1B", "Dimo", "C"); INSERT INTO evm_tokens(identifier, token_kind, chain, address, decimals, protocol) VALUES("eip155:1/erc20:0x5fab9761d60419C9eeEbe3915A8FA1ed7e8d2E1B", "A", 1, "0x5fab9761d60419C9eeEbe3915A8FA1ed7e8d2E1B", 18, NULL); INSERT INTO common_asset_details(identifier, symbol, coingecko, cryptocompare, forked, started, swapped_for) VALUES("eip155:1/erc20:0x5fab9761d60419C9eeEbe3915A8FA1ed7e8d2E1B", "DIMO", "dimo", "", NULL, 1640888377, NULL);
*
INSERT INTO assets(identifier, name, type) VALUES("eip155:137/erc20:0xE261D618a959aFfFd53168Cd07D12E37B26761db", "Dimo", "C"); INSERT INTO evm_tokens(identifier, token_kind, chain, address, decimals, protocol) VALUES("eip155:137/erc20:0xE261D618a959aFfFd53168Cd07D12E37B26761db", "A", 137, "0xE261D618a959aFfFd53168Cd07D12E37B26761db", 18, NULL); INSERT INTO common_asset_details(identifier, symbol, coingecko, cryptocompare, forked, started, swapped_for) VALUES("eip155:137/erc20:0xE261D618a959aFfFd53168Cd07D12E37B26761db", "DIMO", "dimo", "", NULL, 1654729214, NULL);
*
INSERT INTO assets(identifier, name, type) VALUES("eip155:1/erc20:0x9813037ee2218799597d83D4a5B6F3b6778218d9", "BONE SHIBASWAP", "C"); INSERT INTO evm_tokens(identifier, token_kind, chain, address, decimals, protocol) VALUES("eip155:1/erc20:0x9813037ee2218799597d83D4a5B6F3b6778218d9", "A", 1, "0x9813037ee2218799597d83D4a5B6F3b6778218d9", 18, NULL); INSERT INTO common_asset_details(identifier, symbol, coingecko, cryptocompare, forked, started, swapped_for) VALUES("eip155:1/erc20:0x9813037ee2218799597d83D4a5B6F3b6778218d9", "BONE", "bone-shibaswap", "BONE", NULL, 1625542925, NULL);
*
