INSERT INTO assets(identifier, name, type) VALUES("eip155:1/erc20:0xc5102fE9359FD9a28f877a67E36B0F050d81a3CC", "Hop", "C"); INSERT INTO evm_tokens(identifier, token_kind, chain, address, decimals, protocol) VALUES("eip155:1/erc20:0xc5102fE9359FD9a28f877a67E36B0F050d81a3CC", "A", 1, "0xc5102fE9359FD9a28f877a67E36B0F050d81a3CC", 18, NULL); INSERT INTO common_asset_details(identifier, symbol, coingecko, cryptocompare, forked, started, swapped_for) VALUES("eip155:1/erc20:0xc5102fE9359FD9a28f877a67E36B0F050d81a3CC", "HOP", "hop-protocol", "HOP", NULL, 1654646411, NULL);
*
INSERT INTO assets(identifier, name, type) VALUES("eip155:56/erc20:0x186866858aEf38c05829166A7711b37563e15994", "Hodl Finance", "C"); INSERT INTO evm_tokens(identifier, token_kind, chain, address, decimals, protocol) VALUES("eip155:56/erc20:0x186866858aEf38c05829166A7711b37563e15994", "A", 56, "0x186866858aEf38c05829166A7711b37563e15994", 9, NULL); INSERT INTO common_asset_details(identifier, symbol, coingecko, cryptocompare, forked, started, swapped_for) VALUES("eip155:56/erc20:0x186866858aEf38c05829166A7711b37563e15994", "HFT", "hodl-finance", "", NULL, 1636619867, NULL);
*
INSERT INTO assets(identifier, name, type) VALUES("eip155:1/erc20:0xa6a1Cc527d48585538b137E6Abc14B2a55489D11", "Linework Coin", "C"); INSERT INTO evm_tokens(identifier, token_kind, chain, address, decimals, protocol) VALUES("eip155:1/erc20:0xa6a1Cc527d48585538b137E6Abc14B2a55489D11", "A", 1, "0xa6a1Cc527d48585538b137E6Abc14B2a55489D11", 8, NULL); INSERT INTO common_asset_details(identifier, symbol, coingecko, cryptocompare, forked, started, swapped_for) VALUES("eip155:1/erc20:0xa6a1Cc527d48585538b137E6Abc14B2a55489D11", "LWC", "linework-coin", "", NULL, 1630938433, NULL);
*
INSERT INTO assets(identifier, name, type) VALUES("eip155:1/erc20:0x467719aD09025FcC6cF6F8311755809d45a5E5f3", "Axelar", "C"); INSERT INTO evm_tokens(identifier, token_kind, chain, address, decimals, protocol) VALUES("eip155:1/erc20:0x467719aD09025FcC6cF6F8311755809d45a5E5f3", "A", 1, "0x467719aD09025FcC6cF6F8311755809d45a5E5f3", 6, NULL); INSERT INTO common_asset_details(identifier, symbol, coingecko, cryptocompare, forked, started, swapped_for) VALUES("eip155:1/erc20:0x467719aD09025FcC6cF6F8311755809d45a5E5f3", "AXL", "axelar", "AXL", NULL, 1661795465, NULL);
*
INSERT INTO assets(identifier, name, type) VALUES("eip155:56/erc20:0x8b1f4432F943c465A973FeDC6d7aa50Fc96f1f65", "Axelar", "C"); INSERT INTO evm_tokens(identifier, token_kind, chain, address, decimals, protocol) VALUES("eip155:56/erc20:0x8b1f4432F943c465A973FeDC6d7aa50Fc96f1f65", "A", 56, "0x8b1f4432F943c465A973FeDC6d7aa50Fc96f1f65", 6, NULL); INSERT INTO common_asset_details(identifier, symbol, coingecko, cryptocompare, forked, started, swapped_for) VALUES("eip155:56/erc20:0x8b1f4432F943c465A973FeDC6d7aa50Fc96f1f65", "AXL", "axelar", "AXL", NULL, 1661795139, NULL);
*
INSERT INTO assets(identifier, name, type) VALUES("eip155:43114/erc20:0x44c784266cf024a60e8acF2427b9857Ace194C5d", "Axelar", "C"); INSERT INTO evm_tokens(identifier, token_kind, chain, address, decimals, protocol) VALUES("eip155:43114/erc20:0x44c784266cf024a60e8acF2427b9857Ace194C5d", "A", 43114, "0x44c784266cf024a60e8acF2427b9857Ace194C5d", 6, NULL); INSERT INTO common_asset_details(identifier, symbol, coingecko, cryptocompare, forked, started, swapped_for) VALUES("eip155:43114/erc20:0x44c784266cf024a60e8acF2427b9857Ace194C5d", "AXL", "axelar", "AXL", NULL, 1661795152, NULL);
*
INSERT INTO assets(identifier, name, type) VALUES("eip155:137/erc20:0x6e4E624106Cb12E168E6533F8ec7c82263358940", "Axelar", "C"); INSERT INTO evm_tokens(identifier, token_kind, chain, address, decimals, protocol) VALUES("eip155:137/erc20:0x6e4E624106Cb12E168E6533F8ec7c82263358940", "A", 137, "0x6e4E624106Cb12E168E6533F8ec7c82263358940", 6, NULL); INSERT INTO common_asset_details(identifier, symbol, coingecko, cryptocompare, forked, started, swapped_for) VALUES("eip155:137/erc20:0x6e4E624106Cb12E168E6533F8ec7c82263358940", "AXL", "axelar", "AXL", NULL, NULL, NULL);
*
INSERT INTO assets(identifier, name, type) VALUES("eip155:250/erc20:0x8b1f4432F943c465A973FeDC6d7aa50Fc96f1f65", "Axelar", "C"); INSERT INTO evm_tokens(identifier, token_kind, chain, address, decimals, protocol) VALUES("eip155:250/erc20:0x8b1f4432F943c465A973FeDC6d7aa50Fc96f1f65", "A", 250, "0x8b1f4432F943c465A973FeDC6d7aa50Fc96f1f65", 6, NULL); INSERT INTO common_asset_details(identifier, symbol, coingecko, cryptocompare, forked, started, swapped_for) VALUES("eip155:250/erc20:0x8b1f4432F943c465A973FeDC6d7aa50Fc96f1f65", "AXL", "axelar", "AXL", NULL, NULL, NULL);
*
INSERT INTO assets(identifier, name, type) VALUES("TOKKI", "CRYPTOKKI", "W"); INSERT INTO common_asset_details(identifier, symbol, coingecko, cryptocompare, forked, started, swapped_for) VALUES("TOKKI", "TOKKI", "cryptokki", "TOKKI", NULL, 1660960800, NULL);
*
INSERT INTO assets(identifier, name, type) VALUES("MNDE", "Marinade", "Y"); INSERT INTO common_asset_details(identifier, symbol, coingecko, cryptocompare, forked, started, swapped_for) VALUES("MNDE", "MNDE", "marinade", "MNDE", NULL, 1633572000, NULL);
*
INSERT INTO assets(identifier, name, type) VALUES("AZERO", "Aleph Zero", "B"); INSERT INTO common_asset_details(identifier, symbol, coingecko, cryptocompare, forked, started, swapped_for) VALUES("AZERO", "AZERO", "aleph-zero", "AZERO", NULL, 1643331600, NULL);
*
INSERT INTO assets(identifier, name, type) VALUES("BEAT", "MetaBeat", "B"); INSERT INTO common_asset_details(identifier, symbol, coingecko, cryptocompare, forked, started, swapped_for) VALUES("BEAT", "$BEAT", "metabeat", "", NULL, 1668556860, NULL);
*
INSERT INTO assets(identifier, name, type) VALUES("eip155:56/erc20:0x4be63a9b26EE89b9a3a13fd0aA1D0b2427C135f8", "XCarnival", "C"); INSERT INTO evm_tokens(identifier, token_kind, chain, address, decimals, protocol) VALUES("eip155:56/erc20:0x4be63a9b26EE89b9a3a13fd0aA1D0b2427C135f8", "A", 56, "0x4be63a9b26EE89b9a3a13fd0aA1D0b2427C135f8", 18, NULL); INSERT INTO common_asset_details(identifier, symbol, coingecko, cryptocompare, forked, started, swapped_for) VALUES("eip155:56/erc20:0x4be63a9b26EE89b9a3a13fd0aA1D0b2427C135f8", "XCV", "xcarnival", "XCV", NULL, 1634454930, NULL);
*
INSERT INTO assets(identifier, name, type) VALUES("eip155:56/erc20:0x908EF6B57a6BB5B043Ea6EF84142895b519c713c", "Matchcup", "C"); INSERT INTO evm_tokens(identifier, token_kind, chain, address, decimals, protocol) VALUES("eip155:56/erc20:0x908EF6B57a6BB5B043Ea6EF84142895b519c713c", "A", 56, "0x908EF6B57a6BB5B043Ea6EF84142895b519c713c", 18, NULL); INSERT INTO common_asset_details(identifier, symbol, coingecko, cryptocompare, forked, started, swapped_for) VALUES("eip155:56/erc20:0x908EF6B57a6BB5B043Ea6EF84142895b519c713c", "MATCH", "matchcup", "", NULL, 1670343209, NULL);
*
INSERT INTO assets(identifier, name, type) VALUES("eip155:1/erc20:0xc1AD0aA69454603a5dEe55Cf9BD9341e01328544", "hiGAZERS", "C"); INSERT INTO evm_tokens(identifier, token_kind, chain, address, decimals, protocol) VALUES("eip155:1/erc20:0xc1AD0aA69454603a5dEe55Cf9BD9341e01328544", "A", 1, "0xc1AD0aA69454603a5dEe55Cf9BD9341e01328544", 18, NULL); INSERT INTO common_asset_details(identifier, symbol, coingecko, cryptocompare, forked, started, swapped_for) VALUES("eip155:1/erc20:0xc1AD0aA69454603a5dEe55Cf9BD9341e01328544", "hiGAZERS", "higazers", "", NULL, 1668762443, NULL);
*
INSERT INTO assets(identifier, name, type) VALUES("eip155:1/erc20:0x329cf160F30D21006bCD24b67EAde561E54CDE4c", "CareCoin", "C"); INSERT INTO evm_tokens(identifier, token_kind, chain, address, decimals, protocol) VALUES("eip155:1/erc20:0x329cf160F30D21006bCD24b67EAde561E54CDE4c", "A", 1, "0x329cf160F30D21006bCD24b67EAde561E54CDE4c", 18, NULL); INSERT INTO common_asset_details(identifier, symbol, coingecko, cryptocompare, forked, started, swapped_for) VALUES("eip155:1/erc20:0x329cf160F30D21006bCD24b67EAde561E54CDE4c", "CARE", "carecoin", "", NULL, 1667882519, NULL);
*
INSERT INTO assets(identifier, name, type) VALUES("eip155:1/erc20:0x669dB4c47f89f21554Ebd825A744888725FD9491", "hiPENGUINS", "C"); INSERT INTO evm_tokens(identifier, token_kind, chain, address, decimals, protocol) VALUES("eip155:1/erc20:0x669dB4c47f89f21554Ebd825A744888725FD9491", "A", 1, "0x669dB4c47f89f21554Ebd825A744888725FD9491", 18, NULL); INSERT INTO common_asset_details(identifier, symbol, coingecko, cryptocompare, forked, started, swapped_for) VALUES("eip155:1/erc20:0x669dB4c47f89f21554Ebd825A744888725FD9491", "hiPENGUINS", "hipenguins", "", NULL, 1669607855, NULL);
*
INSERT INTO assets(identifier, name, type) VALUES("eip155:1/erc20:0x764104dc24DAdFf01150253a58C82337984B4319", "hiCLONEX", "C"); INSERT INTO evm_tokens(identifier, token_kind, chain, address, decimals, protocol) VALUES("eip155:1/erc20:0x764104dc24DAdFf01150253a58C82337984B4319", "A", 1, "0x764104dc24DAdFf01150253a58C82337984B4319", 18, NULL); INSERT INTO common_asset_details(identifier, symbol, coingecko, cryptocompare, forked, started, swapped_for) VALUES("eip155:1/erc20:0x764104dc24DAdFf01150253a58C82337984B4319", "hiCLONEX", "hiclonex", "", NULL, 1670142323, NULL);
*
INSERT INTO assets(identifier, name, type) VALUES("eip155:1/erc20:0x79C9e0410b6615e7Ba9DD69614B0519325a2B047", "hiFLUF", "C"); INSERT INTO evm_tokens(identifier, token_kind, chain, address, decimals, protocol) VALUES("eip155:1/erc20:0x79C9e0410b6615e7Ba9DD69614B0519325a2B047", "A", 1, "0x79C9e0410b6615e7Ba9DD69614B0519325a2B047", 18, NULL); INSERT INTO common_asset_details(identifier, symbol, coingecko, cryptocompare, forked, started, swapped_for) VALUES("eip155:1/erc20:0x79C9e0410b6615e7Ba9DD69614B0519325a2B047", "hiFLUF", "hifluf", "", NULL, 1671780755, NULL);
*
INSERT INTO assets(identifier, name, type) VALUES("eip155:1/erc20:0x4DB26817c88A57D2ef84cFd90168f535Ee83bDA9", "hiAZUKI", "C"); INSERT INTO evm_tokens(identifier, token_kind, chain, address, decimals, protocol) VALUES("eip155:1/erc20:0x4DB26817c88A57D2ef84cFd90168f535Ee83bDA9", "A", 1, "0x4DB26817c88A57D2ef84cFd90168f535Ee83bDA9", 18, NULL); INSERT INTO common_asset_details(identifier, symbol, coingecko, cryptocompare, forked, started, swapped_for) VALUES("eip155:1/erc20:0x4DB26817c88A57D2ef84cFd90168f535Ee83bDA9", "hiAZUKI", "hiazuki", "", NULL, 1671422339, NULL);
*
INSERT INTO assets(identifier, name, type) VALUES("eip155:1/erc20:0x082716b6734b31791407d7Dd0e2a2c41260029b2", "hiCOOLCATS", "C"); INSERT INTO evm_tokens(identifier, token_kind, chain, address, decimals, protocol) VALUES("eip155:1/erc20:0x082716b6734b31791407d7Dd0e2a2c41260029b2", "A", 1, "0x082716b6734b31791407d7Dd0e2a2c41260029b2", 18, NULL); INSERT INTO common_asset_details(identifier, symbol, coingecko, cryptocompare, forked, started, swapped_for) VALUES("eip155:1/erc20:0x082716b6734b31791407d7Dd0e2a2c41260029b2", "hiCOOLCATS", "hicoolcats", "", NULL, 1670816171, NULL);
*
INSERT INTO assets(identifier, name, type) VALUES("FPFT", "Peruvian National Football Team Fan Token", "W"); INSERT INTO common_asset_details(identifier, symbol, coingecko, cryptocompare, forked, started, swapped_for) VALUES("FPFT", "FPFT", "peruvian-national-football-team-fan-token", "", NULL, 1655085600, NULL);
*
INSERT INTO assets(identifier, name, type) VALUES("ARG", "Argentine Football Association Fan Token", "W"); INSERT INTO common_asset_details(identifier, symbol, coingecko, cryptocompare, forked, started, swapped_for) VALUES("ARG", "ARG", "argentine-football-association-fan-token", "", NULL, 1625796000, NULL);
*
INSERT INTO assets(identifier, name, type) VALUES("NODL", "Nodle Network", "W"); INSERT INTO common_asset_details(identifier, symbol, coingecko, cryptocompare, forked, started, swapped_for) VALUES("NODL", "NODL", "nodle-network", "", NULL, 1625796000, NULL);
*
INSERT INTO assets(identifier, name, type) VALUES("XPLA", "XPLA", "B"); INSERT INTO common_asset_details(identifier, symbol, coingecko, cryptocompare, forked, started, swapped_for) VALUES("XPLA", "XPLA", "xpla", "XPLA", NULL, 1666375343, NULL);
*
INSERT INTO assets(identifier, name, type) VALUES("eip155:100/erc20:0x9ec9551d4A1a1593b0ee8124D98590CC71b3B09D", "USD Coin Hop Token", "C"); INSERT INTO evm_tokens(identifier, token_kind, chain, address, decimals, protocol) VALUES("eip155:100/erc20:0x9ec9551d4A1a1593b0ee8124D98590CC71b3B09D", "A", 100, "0x9ec9551d4A1a1593b0ee8124D98590CC71b3B09D", 6, NULL); INSERT INTO common_asset_details(identifier, symbol, coingecko, cryptocompare, forked, started, swapped_for) VALUES("eip155:100/erc20:0x9ec9551d4A1a1593b0ee8124D98590CC71b3B09D", "hUSDC", "", "", NULL, 1623909710, NULL);
*
INSERT INTO assets(identifier, name, type) VALUES("eip155:137/erc20:0x9ec9551d4A1a1593b0ee8124D98590CC71b3B09D", "USD Coin Hop Token", "C"); INSERT INTO evm_tokens(identifier, token_kind, chain, address, decimals, protocol) VALUES("eip155:137/erc20:0x9ec9551d4A1a1593b0ee8124D98590CC71b3B09D", "A", 137, "0x9ec9551d4A1a1593b0ee8124D98590CC71b3B09D", 6, NULL); INSERT INTO common_asset_details(identifier, symbol, coingecko, cryptocompare, forked, started, swapped_for) VALUES("eip155:137/erc20:0x9ec9551d4A1a1593b0ee8124D98590CC71b3B09D", "hUSDC", "", "", NULL, NULL, NULL);
*
INSERT INTO assets(identifier, name, type) VALUES("eip155:10/erc20:0x25D8039bB044dC227f741a9e381CA4cEAE2E6aE8", "USD Coin Hop Token", "C"); INSERT INTO evm_tokens(identifier, token_kind, chain, address, decimals, protocol) VALUES("eip155:10/erc20:0x25D8039bB044dC227f741a9e381CA4cEAE2E6aE8", "A", 10, "0x25D8039bB044dC227f741a9e381CA4cEAE2E6aE8", 6, NULL); INSERT INTO common_asset_details(identifier, symbol, coingecko, cryptocompare, forked, started, swapped_for) VALUES("eip155:10/erc20:0x25D8039bB044dC227f741a9e381CA4cEAE2E6aE8", "hUSDC", "", "", NULL, NULL, NULL);
*
INSERT INTO assets(identifier, name, type) VALUES("eip155:42161/erc20:0x0ce6c85cF43553DE10FC56cecA0aef6Ff0DD444d", "USD Coin Hop Token", "C"); INSERT INTO evm_tokens(identifier, token_kind, chain, address, decimals, protocol) VALUES("eip155:42161/erc20:0x0ce6c85cF43553DE10FC56cecA0aef6Ff0DD444d", "A", 42161, "0x0ce6c85cF43553DE10FC56cecA0aef6Ff0DD444d", 6, NULL); INSERT INTO common_asset_details(identifier, symbol, coingecko, cryptocompare, forked, started, swapped_for) VALUES("eip155:42161/erc20:0x0ce6c85cF43553DE10FC56cecA0aef6Ff0DD444d", "hUSDC", "", "", NULL, 1631390582, NULL);
*
INSERT INTO assets(identifier, name, type) VALUES("eip155:100/erc20:0x91f8490eC27cbB1b2FaEdd29c2eC23011d7355FB", "Tether USD Hop Token", "C"); INSERT INTO evm_tokens(identifier, token_kind, chain, address, decimals, protocol) VALUES("eip155:100/erc20:0x91f8490eC27cbB1b2FaEdd29c2eC23011d7355FB", "A", 100, "0x91f8490eC27cbB1b2FaEdd29c2eC23011d7355FB", 6, NULL); INSERT INTO common_asset_details(identifier, symbol, coingecko, cryptocompare, forked, started, swapped_for) VALUES("eip155:100/erc20:0x91f8490eC27cbB1b2FaEdd29c2eC23011d7355FB", "hUSDT", "", "", NULL, 1626739335, NULL);
*
INSERT INTO assets(identifier, name, type) VALUES("eip155:137/erc20:0x9F93ACA246F457916E49Ec923B8ed099e313f763", "Tether USD Hop Token", "C"); INSERT INTO evm_tokens(identifier, token_kind, chain, address, decimals, protocol) VALUES("eip155:137/erc20:0x9F93ACA246F457916E49Ec923B8ed099e313f763", "A", 137, "0x9F93ACA246F457916E49Ec923B8ed099e313f763", 6, NULL); INSERT INTO common_asset_details(identifier, symbol, coingecko, cryptocompare, forked, started, swapped_for) VALUES("eip155:137/erc20:0x9F93ACA246F457916E49Ec923B8ed099e313f763", "hUSDT", "", "", NULL, NULL, NULL);
*
INSERT INTO assets(identifier, name, type) VALUES("eip155:10/erc20:0x2057C8ECB70Afd7Bee667d76B4CD373A325b1a20", "Tether USD Hop Token", "C"); INSERT INTO evm_tokens(identifier, token_kind, chain, address, decimals, protocol) VALUES("eip155:10/erc20:0x2057C8ECB70Afd7Bee667d76B4CD373A325b1a20", "A", 10, "0x2057C8ECB70Afd7Bee667d76B4CD373A325b1a20", 6, NULL); INSERT INTO common_asset_details(identifier, symbol, coingecko, cryptocompare, forked, started, swapped_for) VALUES("eip155:10/erc20:0x2057C8ECB70Afd7Bee667d76B4CD373A325b1a20", "hUSDT", "", "", NULL, NULL, NULL);
*
INSERT INTO assets(identifier, name, type) VALUES("eip155:42161/erc20:0x12e59C59D282D2C00f3166915BED6DC2F5e2B5C7", "Tether USD Hop Token", "C"); INSERT INTO evm_tokens(identifier, token_kind, chain, address, decimals, protocol) VALUES("eip155:42161/erc20:0x12e59C59D282D2C00f3166915BED6DC2F5e2B5C7", "A", 42161, "0x12e59C59D282D2C00f3166915BED6DC2F5e2B5C7", 6, NULL); INSERT INTO common_asset_details(identifier, symbol, coingecko, cryptocompare, forked, started, swapped_for) VALUES("eip155:42161/erc20:0x12e59C59D282D2C00f3166915BED6DC2F5e2B5C7", "hUSDT", "", "", NULL, 1631391579, NULL);
*
INSERT INTO assets(identifier, name, type) VALUES("eip155:100/erc20:0xE38faf9040c7F09958c638bBDB977083722c5156", "Matic Token Hop Token", "C"); INSERT INTO evm_tokens(identifier, token_kind, chain, address, decimals, protocol) VALUES("eip155:100/erc20:0xE38faf9040c7F09958c638bBDB977083722c5156", "A", 100, "0xE38faf9040c7F09958c638bBDB977083722c5156", 18, NULL); INSERT INTO common_asset_details(identifier, symbol, coingecko, cryptocompare, forked, started, swapped_for) VALUES("eip155:100/erc20:0xE38faf9040c7F09958c638bBDB977083722c5156", "hMATIC", "", "", NULL, 1628227360, NULL);
*
INSERT INTO assets(identifier, name, type) VALUES("eip155:137/erc20:0x712F0cf37Bdb8299D0666727F73a5cAbA7c1c24c", "Matic Token Hop Token", "C"); INSERT INTO evm_tokens(identifier, token_kind, chain, address, decimals, protocol) VALUES("eip155:137/erc20:0x712F0cf37Bdb8299D0666727F73a5cAbA7c1c24c", "A", 137, "0x712F0cf37Bdb8299D0666727F73a5cAbA7c1c24c", 18, NULL); INSERT INTO common_asset_details(identifier, symbol, coingecko, cryptocompare, forked, started, swapped_for) VALUES("eip155:137/erc20:0x712F0cf37Bdb8299D0666727F73a5cAbA7c1c24c", "hMATIC", "", "", NULL, NULL, NULL);
*
INSERT INTO assets(identifier, name, type) VALUES("eip155:100/erc20:0xB1ea9FeD58a317F81eEEFC18715Dd323FDEf45c4", "DAI Hop Token", "C"); INSERT INTO evm_tokens(identifier, token_kind, chain, address, decimals, protocol) VALUES("eip155:100/erc20:0xB1ea9FeD58a317F81eEEFC18715Dd323FDEf45c4", "A", 100, "0xB1ea9FeD58a317F81eEEFC18715Dd323FDEf45c4", 18, NULL); INSERT INTO common_asset_details(identifier, symbol, coingecko, cryptocompare, forked, started, swapped_for) VALUES("eip155:100/erc20:0xB1ea9FeD58a317F81eEEFC18715Dd323FDEf45c4", "hDAI", "", "", NULL, 1631654385, NULL);
*
INSERT INTO assets(identifier, name, type) VALUES("eip155:137/erc20:0xb8901acB165ed027E32754E0FFe830802919727f", "DAI Hop Token", "C"); INSERT INTO evm_tokens(identifier, token_kind, chain, address, decimals, protocol) VALUES("eip155:137/erc20:0xb8901acB165ed027E32754E0FFe830802919727f", "A", 137, "0xb8901acB165ed027E32754E0FFe830802919727f", 18, NULL); INSERT INTO common_asset_details(identifier, symbol, coingecko, cryptocompare, forked, started, swapped_for) VALUES("eip155:137/erc20:0xb8901acB165ed027E32754E0FFe830802919727f", "hDAI", "", "", NULL, NULL, NULL);
*
INSERT INTO assets(identifier, name, type) VALUES("eip155:10/erc20:0x56900d66D74Cb14E3c86895789901C9135c95b16", "DAI Hop Token", "C"); INSERT INTO evm_tokens(identifier, token_kind, chain, address, decimals, protocol) VALUES("eip155:10/erc20:0x56900d66D74Cb14E3c86895789901C9135c95b16", "A", 10, "0x56900d66D74Cb14E3c86895789901C9135c95b16", 18, NULL); INSERT INTO common_asset_details(identifier, symbol, coingecko, cryptocompare, forked, started, swapped_for) VALUES("eip155:10/erc20:0x56900d66D74Cb14E3c86895789901C9135c95b16", "hDAI", "", "", NULL, NULL, NULL);
*
INSERT INTO assets(identifier, name, type) VALUES("eip155:42161/erc20:0x46ae9BaB8CEA96610807a275EBD36f8e916b5C61", "DAI Hop Token", "C"); INSERT INTO evm_tokens(identifier, token_kind, chain, address, decimals, protocol) VALUES("eip155:42161/erc20:0x46ae9BaB8CEA96610807a275EBD36f8e916b5C61", "A", 42161, "0x46ae9BaB8CEA96610807a275EBD36f8e916b5C61", 18, NULL); INSERT INTO common_asset_details(identifier, symbol, coingecko, cryptocompare, forked, started, swapped_for) VALUES("eip155:42161/erc20:0x46ae9BaB8CEA96610807a275EBD36f8e916b5C61", "hDAI", "", "", NULL, 1631724006, NULL);
*
INSERT INTO assets(identifier, name, type) VALUES("eip155:100/erc20:0xc46F2004006d4C770346f60a7BaA3f1Cc67dFD1c", "ETH Hop Token", "C"); INSERT INTO evm_tokens(identifier, token_kind, chain, address, decimals, protocol) VALUES("eip155:100/erc20:0xc46F2004006d4C770346f60a7BaA3f1Cc67dFD1c", "A", 100, "0xc46F2004006d4C770346f60a7BaA3f1Cc67dFD1c", 18, NULL); INSERT INTO common_asset_details(identifier, symbol, coingecko, cryptocompare, forked, started, swapped_for) VALUES("eip155:100/erc20:0xc46F2004006d4C770346f60a7BaA3f1Cc67dFD1c", "hETH", "", "", NULL, 1633071165, NULL);
*
INSERT INTO assets(identifier, name, type) VALUES("eip155:137/erc20:0x1fDeAF938267ca43388eD1FdB879eaF91e920c7A", "ETH Hop Token", "C"); INSERT INTO evm_tokens(identifier, token_kind, chain, address, decimals, protocol) VALUES("eip155:137/erc20:0x1fDeAF938267ca43388eD1FdB879eaF91e920c7A", "A", 137, "0x1fDeAF938267ca43388eD1FdB879eaF91e920c7A", 18, NULL); INSERT INTO common_asset_details(identifier, symbol, coingecko, cryptocompare, forked, started, swapped_for) VALUES("eip155:137/erc20:0x1fDeAF938267ca43388eD1FdB879eaF91e920c7A", "hETH", "", "", NULL, NULL, NULL);
*
INSERT INTO assets(identifier, name, type) VALUES("eip155:10/erc20:0xE38faf9040c7F09958c638bBDB977083722c5156", "ETH Hop Token", "C"); INSERT INTO evm_tokens(identifier, token_kind, chain, address, decimals, protocol) VALUES("eip155:10/erc20:0xE38faf9040c7F09958c638bBDB977083722c5156", "A", 10, "0xE38faf9040c7F09958c638bBDB977083722c5156", 18, NULL); INSERT INTO common_asset_details(identifier, symbol, coingecko, cryptocompare, forked, started, swapped_for) VALUES("eip155:10/erc20:0xE38faf9040c7F09958c638bBDB977083722c5156", "hETH", "", "", NULL, NULL, NULL);
*
INSERT INTO assets(identifier, name, type) VALUES("eip155:42161/erc20:0xDa7c0de432a9346bB6e96aC74e3B61A36d8a77eB", "ETH Hop Token", "C"); INSERT INTO evm_tokens(identifier, token_kind, chain, address, decimals, protocol) VALUES("eip155:42161/erc20:0xDa7c0de432a9346bB6e96aC74e3B61A36d8a77eB", "A", 42161, "0xDa7c0de432a9346bB6e96aC74e3B61A36d8a77eB", 18, NULL); INSERT INTO common_asset_details(identifier, symbol, coingecko, cryptocompare, forked, started, swapped_for) VALUES("eip155:42161/erc20:0xDa7c0de432a9346bB6e96aC74e3B61A36d8a77eB", "hETH", "", "", NULL, 1634002923, NULL);
*
INSERT INTO assets(identifier, name, type) VALUES("eip155:100/erc20:0xc5102fE9359FD9a28f877a67E36B0F050d81a3CC", "Hop", "C"); INSERT INTO evm_tokens(identifier, token_kind, chain, address, decimals, protocol) VALUES("eip155:100/erc20:0xc5102fE9359FD9a28f877a67E36B0F050d81a3CC", "A", 100, "0xc5102fE9359FD9a28f877a67E36B0F050d81a3CC", 18, NULL); INSERT INTO common_asset_details(identifier, symbol, coingecko, cryptocompare, forked, started, swapped_for) VALUES("eip155:100/erc20:0xc5102fE9359FD9a28f877a67E36B0F050d81a3CC", "HOP", "hop-protocol", "HOP", NULL, 1664228210, NULL);
*
INSERT INTO assets(identifier, name, type) VALUES("eip155:137/erc20:0xc5102fE9359FD9a28f877a67E36B0F050d81a3CC", "Hop", "C"); INSERT INTO evm_tokens(identifier, token_kind, chain, address, decimals, protocol) VALUES("eip155:137/erc20:0xc5102fE9359FD9a28f877a67E36B0F050d81a3CC", "A", 137, "0xc5102fE9359FD9a28f877a67E36B0F050d81a3CC", 18, NULL); INSERT INTO common_asset_details(identifier, symbol, coingecko, cryptocompare, forked, started, swapped_for) VALUES("eip155:137/erc20:0xc5102fE9359FD9a28f877a67E36B0F050d81a3CC", "HOP", "hop-protocol", "HOP", NULL, NULL, NULL);
*
INSERT INTO assets(identifier, name, type) VALUES("eip155:10/erc20:0xc5102fE9359FD9a28f877a67E36B0F050d81a3CC", "Hop", "C"); INSERT INTO evm_tokens(identifier, token_kind, chain, address, decimals, protocol) VALUES("eip155:10/erc20:0xc5102fE9359FD9a28f877a67E36B0F050d81a3CC", "A", 10, "0xc5102fE9359FD9a28f877a67E36B0F050d81a3CC", 18, NULL); INSERT INTO common_asset_details(identifier, symbol, coingecko, cryptocompare, forked, started, swapped_for) VALUES("eip155:10/erc20:0xc5102fE9359FD9a28f877a67E36B0F050d81a3CC", "HOP", "hop-protocol", "HOP", NULL, 1664226908, NULL);
*
INSERT INTO assets(identifier, name, type) VALUES("eip155:42161/erc20:0xc5102fE9359FD9a28f877a67E36B0F050d81a3CC", "Hop", "C"); INSERT INTO evm_tokens(identifier, token_kind, chain, address, decimals, protocol) VALUES("eip155:42161/erc20:0xc5102fE9359FD9a28f877a67E36B0F050d81a3CC", "A", 42161, "0xc5102fE9359FD9a28f877a67E36B0F050d81a3CC", 18, NULL); INSERT INTO common_asset_details(identifier, symbol, coingecko, cryptocompare, forked, started, swapped_for) VALUES("eip155:42161/erc20:0xc5102fE9359FD9a28f877a67E36B0F050d81a3CC", "HOP", "hop-protocol", "HOP", NULL, 1664226901, NULL);
*
INSERT INTO assets(identifier, name, type) VALUES("eip155:10/erc20:0x13B7F51BD865410c3AcC4d56083C5B56aB38D203", "Synthetix Network Token Hop Token", "C"); INSERT INTO evm_tokens(identifier, token_kind, chain, address, decimals, protocol) VALUES("eip155:10/erc20:0x13B7F51BD865410c3AcC4d56083C5B56aB38D203", "A", 10, "0x13B7F51BD865410c3AcC4d56083C5B56aB38D203", 18, NULL); INSERT INTO common_asset_details(identifier, symbol, coingecko, cryptocompare, forked, started, swapped_for) VALUES("eip155:10/erc20:0x13B7F51BD865410c3AcC4d56083C5B56aB38D203", "hSNX", "", "", NULL, 1664398099, NULL);
*
INSERT INTO assets(identifier, name, type) VALUES("eip155:10/erc20:0x00a35FD824c717879BF370E70AC6868b95870Dfb", "IronBank", "C"); INSERT INTO evm_tokens(identifier, token_kind, chain, address, decimals, protocol) VALUES("eip155:10/erc20:0x00a35FD824c717879BF370E70AC6868b95870Dfb", "A", 10, "0x00a35FD824c717879BF370E70AC6868b95870Dfb", 18, NULL); INSERT INTO common_asset_details(identifier, symbol, coingecko, cryptocompare, forked, started, swapped_for) VALUES("eip155:10/erc20:0x00a35FD824c717879BF370E70AC6868b95870Dfb", "IB", "iron-bank", "IB", NULL, 1655795790, NULL);
*
INSERT INTO assets(identifier, name, type) VALUES("eip155:10/erc20:0xEcF46257ed31c329F204Eb43E254C609dee143B3", "Rigo Token", "C"); INSERT INTO evm_tokens(identifier, token_kind, chain, address, decimals, protocol) VALUES("eip155:10/erc20:0xEcF46257ed31c329F204Eb43E254C609dee143B3", "A", 10, "0xEcF46257ed31c329F204Eb43E254C609dee143B3", 18, NULL); INSERT INTO common_asset_details(identifier, symbol, coingecko, cryptocompare, forked, started, swapped_for) VALUES("eip155:10/erc20:0xEcF46257ed31c329F204Eb43E254C609dee143B3", "GRG", "rigoblock", "IB", NULL, 1670493647, NULL);
*
INSERT INTO assets(identifier, name, type) VALUES("eip155:10/erc20:0xa00E3A3511aAC35cA78530c85007AFCd31753819", "Kyber Network Crystal v2", "C"); INSERT INTO evm_tokens(identifier, token_kind, chain, address, decimals, protocol) VALUES("eip155:10/erc20:0xa00E3A3511aAC35cA78530c85007AFCd31753819", "A", 10, "0xa00E3A3511aAC35cA78530c85007AFCd31753819", 18, NULL); INSERT INTO common_asset_details(identifier, symbol, coingecko, cryptocompare, forked, started, swapped_for) VALUES("eip155:10/erc20:0xa00E3A3511aAC35cA78530c85007AFCd31753819", "KNC", "kyber-network-crystal", "KNC", NULL, 1660847222, NULL);
*
INSERT INTO assets(identifier, name, type) VALUES("eip155:10/erc20:0x217D47011b23BB961eB6D93cA9945B7501a5BB11", "Thales DAO Token", "C"); INSERT INTO evm_tokens(identifier, token_kind, chain, address, decimals, protocol) VALUES("eip155:10/erc20:0x217D47011b23BB961eB6D93cA9945B7501a5BB11", "A", 10, "0x217D47011b23BB961eB6D93cA9945B7501a5BB11", 18, NULL); INSERT INTO common_asset_details(identifier, symbol, coingecko, cryptocompare, forked, started, swapped_for) VALUES("eip155:10/erc20:0x217D47011b23BB961eB6D93cA9945B7501a5BB11", "THALES", "thales", "", NULL, 1643046427, NULL);
*
INSERT INTO assets(identifier, name, type) VALUES("eip155:10/erc20:0x298B9B95708152ff6968aafd889c6586e9169f1D", "Synth sBTC", "C"); INSERT INTO evm_tokens(identifier, token_kind, chain, address, decimals, protocol) VALUES("eip155:10/erc20:0x298B9B95708152ff6968aafd889c6586e9169f1D", "A", 10, "0x298B9B95708152ff6968aafd889c6586e9169f1D", 18, NULL); INSERT INTO common_asset_details(identifier, symbol, coingecko, cryptocompare, forked, started, swapped_for) VALUES("eip155:10/erc20:0x298B9B95708152ff6968aafd889c6586e9169f1D", "sBTC", "sbtc", "", NULL, NULL, NULL);
*
INSERT INTO assets(identifier, name, type) VALUES("eip155:10/erc20:0x1da650C3B2DaA8AA9Ff6F661d4156Ce24d08A062", "Dentacoin", "C"); INSERT INTO evm_tokens(identifier, token_kind, chain, address, decimals, protocol) VALUES("eip155:10/erc20:0x1da650C3B2DaA8AA9Ff6F661d4156Ce24d08A062", "A", 10, "0x1da650C3B2DaA8AA9Ff6F661d4156Ce24d08A062", 0, NULL); INSERT INTO common_asset_details(identifier, symbol, coingecko, cryptocompare, forked, started, swapped_for) VALUES("eip155:10/erc20:0x1da650C3B2DaA8AA9Ff6F661d4156Ce24d08A062", "DCN", "dentacoin", "DCN", NULL, 1638877793, NULL);
*