INSERT INTO assets(identifier, name, type) VALUES("eip155:1/erc20:0xc5102fE9359FD9a28f877a67E36B0F050d81a3CC", "Hop", "C"); INSERT INTO evm_tokens(identifier, token_kind, chain, address, decimals, protocol) VALUES("eip155:1/erc20:0xc5102fE9359FD9a28f877a67E36B0F050d81a3CC", "A", 1, "0xc5102fE9359FD9a28f877a67E36B0F050d81a3CC", 18, NULL); INSERT INTO common_asset_details(identifier, symbol, coingecko, cryptocompare, forked, started, swapped_for) VALUES("eip155:1/erc20:0xc5102fE9359FD9a28f877a67E36B0F050d81a3CC", "HOP", "hop-protocol", "HOP", NULL, 1654646411, NULL);
*
INSERT INTO assets(identifier, name, type) VALUES("eip155:56/erc20:0x186866858aEf38c05829166A7711b37563e15994", "Hodl Finance", "C"); INSERT INTO evm_tokens(identifier, token_kind, chain, address, decimals, protocol) VALUES("eip155:56/erc20:0x186866858aEf38c05829166A7711b37563e15994", "A", 56, "0x186866858aEf38c05829166A7711b37563e15994", 9, NULL); INSERT INTO common_asset_details(identifier, symbol, coingecko, cryptocompare, forked, started, swapped_for) VALUES("eip155:56/erc20:0x186866858aEf38c05829166A7711b37563e15994", "HFT", "hodl-finance", "", NULL, 1636619867, NULL);
*
INSERT INTO assets(identifier, name, type) VALUES("eip155:1/erc20:0xa6a1Cc527d48585538b137E6Abc14B2a55489D11", "Linework Coin", "C"); INSERT INTO evm_tokens(identifier, token_kind, chain, address, decimals, protocol) VALUES("eip155:1/erc20:0xa6a1Cc527d48585538b137E6Abc14B2a55489D11", "A", 1, "0xa6a1Cc527d48585538b137E6Abc14B2a55489D11", 8, NULL); INSERT INTO common_asset_details(identifier, symbol, coingecko, cryptocompare, forked, started, swapped_for) VALUES("eip155:1/erc20:0xa6a1Cc527d48585538b137E6Abc14B2a55489D11", "LWC", "linework-coin", "", NULL, 1630938433, NULL);
*
INSERT INTO assets(identifier, name, type) VALUES("eip155:1/erc20:0x467719aD09025FcC6cF6F8311755809d45a5E5f3", "Axelar", "C"); INSERT INTO evm_tokens(identifier, token_kind, chain, address, decimals, protocol) VALUES("eip155:1/erc20:0x467719aD09025FcC6cF6F8311755809d45a5E5f3", "A", 1, "0x467719aD09025FcC6cF6F8311755809d45a5E5f3", 6, NULL); INSERT INTO common_asset_details(identifier, symbol, coingecko, cryptocompare, forked, started, swapped_for) VALUES("eip155:1/erc20:0x467719aD09025FcC6cF6F8311755809d45a5E5f3", "AXL", "axelar", "AXL", NULL, 1661795465, NULL);
*
INSERT INTO assets(identifier, name, type) VALUES("eip155:56/erc20:0x8b1f4432F943c465A973FeDC6d7aa50Fc96f1f65", "Axelar", "C"); INSERT INTO evm_tokens(identifier, token_kind, chain, address, decimals, protocol) VALUES("eip155:56/erc20:0x8b1f4432F943c465A973FeDC6d7aa50Fc96f1f65", "A", 56, "0x8b1f4432F943c465A973FeDC6d7aa50Fc96f1f65", 6, NULL); INSERT INTO common_asset_details(identifier, symbol, coingecko, cryptocompare, forked, started, swapped_for) VALUES("eip155:56/erc20:0x8b1f4432F943c465A973FeDC6d7aa50Fc96f1f65", "AXL", "axelar", "AXL", NULL, 1661795139, NULL);
*
INSERT INTO assets(identifier, name, type) VALUES("eip155:43114/erc20:0x44c784266cf024a60e8acF2427b9857Ace194C5d", "Axelar", "C"); INSERT INTO evm_tokens(identifier, token_kind, chain, address, decimals, protocol) VALUES("eip155:43114/erc20:0x44c784266cf024a60e8acF2427b9857Ace194C5d", "A", 43114, "0x44c784266cf024a60e8acF2427b9857Ace194C5d", 6, NULL); INSERT INTO common_asset_details(identifier, symbol, coingecko, cryptocompare, forked, started, swapped_for) VALUES("eip155:43114/erc20:0x44c784266cf024a60e8acF2427b9857Ace194C5d", "AXL", "axelar", "AXL", NULL, 1661795152, NULL);
*
INSERT INTO assets(identifier, name, type) VALUES("eip155:137/erc20:0x6e4E624106Cb12E168E6533F8ec7c82263358940", "Axelar", "C"); INSERT INTO evm_tokens(identifier, token_kind, chain, address, decimals, protocol) VALUES("eip155:137/erc20:0x6e4E624106Cb12E168E6533F8ec7c82263358940", "A", 137, "0x6e4E624106Cb12E168E6533F8ec7c82263358940", 6, NULL); INSERT INTO common_asset_details(identifier, symbol, coingecko, cryptocompare, forked, started, swapped_for) VALUES("eip155:137/erc20:0x6e4E624106Cb12E168E6533F8ec7c82263358940", "AXL", "axelar", "AXL", NULL, NULL, NULL);
*
INSERT INTO assets(identifier, name, type) VALUES("eip155:250/erc20:0x8b1f4432F943c465A973FeDC6d7aa50Fc96f1f65", "Axelar", "C"); INSERT INTO evm_tokens(identifier, token_kind, chain, address, decimals, protocol) VALUES("eip155:250/erc20:0x8b1f4432F943c465A973FeDC6d7aa50Fc96f1f65", "A", 250, "0x8b1f4432F943c465A973FeDC6d7aa50Fc96f1f65", 6, NULL); INSERT INTO common_asset_details(identifier, symbol, coingecko, cryptocompare, forked, started, swapped_for) VALUES("eip155:250/erc20:0x8b1f4432F943c465A973FeDC6d7aa50Fc96f1f65", "AXL", "axelar", "AXL", NULL, NULL, NULL);
*
INSERT INTO assets(identifier, name, type) VALUES("TOKKI", "CRYPTOKKI", "W"); INSERT INTO common_asset_details(identifier, symbol, coingecko, cryptocompare, forked, started, swapped_for) VALUES("TOKKI", "TOKKI", "cryptokki", "TOKKI", NULL, 1660960800, NULL);
*
INSERT INTO assets(identifier, name, type) VALUES("MNDE", "Marinade", "Y"); INSERT INTO common_asset_details(identifier, symbol, coingecko, cryptocompare, forked, started, swapped_for) VALUES("MNDE", "MNDE", "marinade", "MNDE", NULL, 1633572000, NULL);
*
INSERT INTO assets(identifier, name, type) VALUES("AZERO", "Aleph Zero", "B"); INSERT INTO common_asset_details(identifier, symbol, coingecko, cryptocompare, forked, started, swapped_for) VALUES("AZERO", "AZERO", "aleph-zero", "AZERO", NULL, 1643331600, NULL);
*
INSERT INTO assets(identifier, name, type) VALUES("BEAT", "MetaBeat", "B"); INSERT INTO common_asset_details(identifier, symbol, coingecko, cryptocompare, forked, started, swapped_for) VALUES("BEAT", "$BEAT", "metabeat", "", NULL, 1668556860, NULL);
*
INSERT INTO assets(identifier, name, type) VALUES("eip155:56/erc20:0x4be63a9b26EE89b9a3a13fd0aA1D0b2427C135f8", "XCarnival", "C"); INSERT INTO evm_tokens(identifier, token_kind, chain, address, decimals, protocol) VALUES("eip155:56/erc20:0x4be63a9b26EE89b9a3a13fd0aA1D0b2427C135f8", "A", 56, "0x4be63a9b26EE89b9a3a13fd0aA1D0b2427C135f8", 18, NULL); INSERT INTO common_asset_details(identifier, symbol, coingecko, cryptocompare, forked, started, swapped_for) VALUES("eip155:56/erc20:0x4be63a9b26EE89b9a3a13fd0aA1D0b2427C135f8", "XCV", "xcarnival", "XCV", NULL, 1634454930, NULL);
*
INSERT INTO assets(identifier, name, type) VALUES("eip155:56/erc20:0x908EF6B57a6BB5B043Ea6EF84142895b519c713c", "Matchcup", "C"); INSERT INTO evm_tokens(identifier, token_kind, chain, address, decimals, protocol) VALUES("eip155:56/erc20:0x908EF6B57a6BB5B043Ea6EF84142895b519c713c", "A", 56, "0x908EF6B57a6BB5B043Ea6EF84142895b519c713c", 18, NULL); INSERT INTO common_asset_details(identifier, symbol, coingecko, cryptocompare, forked, started, swapped_for) VALUES("eip155:56/erc20:0x908EF6B57a6BB5B043Ea6EF84142895b519c713c", "MATCH", "matchcup", "", NULL, 1670343209, NULL);
*
INSERT INTO assets(identifier, name, type) VALUES("eip155:1/erc20:0xc1AD0aA69454603a5dEe55Cf9BD9341e01328544", "hiGAZERS", "C"); INSERT INTO evm_tokens(identifier, token_kind, chain, address, decimals, protocol) VALUES("eip155:1/erc20:0xc1AD0aA69454603a5dEe55Cf9BD9341e01328544", "A", 1, "0xc1AD0aA69454603a5dEe55Cf9BD9341e01328544", 18, NULL); INSERT INTO common_asset_details(identifier, symbol, coingecko, cryptocompare, forked, started, swapped_for) VALUES("eip155:1/erc20:0xc1AD0aA69454603a5dEe55Cf9BD9341e01328544", "hiGAZERS", "higazers", "", NULL, 1668762443, NULL);
*
INSERT INTO assets(identifier, name, type) VALUES("eip155:1/erc20:0x329cf160F30D21006bCD24b67EAde561E54CDE4c", "CareCoin", "C"); INSERT INTO evm_tokens(identifier, token_kind, chain, address, decimals, protocol) VALUES("eip155:1/erc20:0x329cf160F30D21006bCD24b67EAde561E54CDE4c", "A", 1, "0x329cf160F30D21006bCD24b67EAde561E54CDE4c", 18, NULL); INSERT INTO common_asset_details(identifier, symbol, coingecko, cryptocompare, forked, started, swapped_for) VALUES("eip155:1/erc20:0x329cf160F30D21006bCD24b67EAde561E54CDE4c", "CARE", "carecoin", "", NULL, 1667882519, NULL);
*
INSERT INTO assets(identifier, name, type) VALUES("eip155:1/erc20:0x669dB4c47f89f21554Ebd825A744888725FD9491", "hiPENGUINS", "C"); INSERT INTO evm_tokens(identifier, token_kind, chain, address, decimals, protocol) VALUES("eip155:1/erc20:0x669dB4c47f89f21554Ebd825A744888725FD9491", "A", 1, "0x669dB4c47f89f21554Ebd825A744888725FD9491", 18, NULL); INSERT INTO common_asset_details(identifier, symbol, coingecko, cryptocompare, forked, started, swapped_for) VALUES("eip155:1/erc20:0x669dB4c47f89f21554Ebd825A744888725FD9491", "hiPENGUINS", "hipenguins", "", NULL, 1669607855, NULL);
*
INSERT INTO assets(identifier, name, type) VALUES("eip155:1/erc20:0x764104dc24DAdFf01150253a58C82337984B4319", "hiCLONEX", "C"); INSERT INTO evm_tokens(identifier, token_kind, chain, address, decimals, protocol) VALUES("eip155:1/erc20:0x764104dc24DAdFf01150253a58C82337984B4319", "A", 1, "0x764104dc24DAdFf01150253a58C82337984B4319", 18, NULL); INSERT INTO common_asset_details(identifier, symbol, coingecko, cryptocompare, forked, started, swapped_for) VALUES("eip155:1/erc20:0x764104dc24DAdFf01150253a58C82337984B4319", "hiCLONEX", "hiclonex", "", NULL, 1670142323, NULL);
*
INSERT INTO assets(identifier, name, type) VALUES("eip155:1/erc20:0x79C9e0410b6615e7Ba9DD69614B0519325a2B047", "hiFLUF", "C"); INSERT INTO evm_tokens(identifier, token_kind, chain, address, decimals, protocol) VALUES("eip155:1/erc20:0x79C9e0410b6615e7Ba9DD69614B0519325a2B047", "A", 1, "0x79C9e0410b6615e7Ba9DD69614B0519325a2B047", 18, NULL); INSERT INTO common_asset_details(identifier, symbol, coingecko, cryptocompare, forked, started, swapped_for) VALUES("eip155:1/erc20:0x79C9e0410b6615e7Ba9DD69614B0519325a2B047", "hiFLUF", "hifluf", "", NULL, 1671780755, NULL);
*
INSERT INTO assets(identifier, name, type) VALUES("eip155:1/erc20:0x4DB26817c88A57D2ef84cFd90168f535Ee83bDA9", "hiAZUKI", "C"); INSERT INTO evm_tokens(identifier, token_kind, chain, address, decimals, protocol) VALUES("eip155:1/erc20:0x4DB26817c88A57D2ef84cFd90168f535Ee83bDA9", "A", 1, "0x4DB26817c88A57D2ef84cFd90168f535Ee83bDA9", 18, NULL); INSERT INTO common_asset_details(identifier, symbol, coingecko, cryptocompare, forked, started, swapped_for) VALUES("eip155:1/erc20:0x4DB26817c88A57D2ef84cFd90168f535Ee83bDA9", "hiAZUKI", "hiazuki", "", NULL, 1671422339, NULL);
*
INSERT INTO assets(identifier, name, type) VALUES("eip155:1/erc20:0x082716b6734b31791407d7Dd0e2a2c41260029b2", "hiCOOLCATS", "C"); INSERT INTO evm_tokens(identifier, token_kind, chain, address, decimals, protocol) VALUES("eip155:1/erc20:0x082716b6734b31791407d7Dd0e2a2c41260029b2", "A", 1, "0x082716b6734b31791407d7Dd0e2a2c41260029b2", 18, NULL); INSERT INTO common_asset_details(identifier, symbol, coingecko, cryptocompare, forked, started, swapped_for) VALUES("eip155:1/erc20:0x082716b6734b31791407d7Dd0e2a2c41260029b2", "hiCOOLCATS", "hicoolcats", "", NULL, 1670816171, NULL);
*
INSERT INTO assets(identifier, name, type) VALUES("FPFT", "Peruvian National Football Team Fan Token", "W"); INSERT INTO common_asset_details(identifier, symbol, coingecko, cryptocompare, forked, started, swapped_for) VALUES("FPFT", "FPFT", "peruvian-national-football-team-fan-token", "", NULL, 1655085600, NULL);
*
INSERT INTO assets(identifier, name, type) VALUES("ARG", "Argentine Football Association Fan Token", "W"); INSERT INTO common_asset_details(identifier, symbol, coingecko, cryptocompare, forked, started, swapped_for) VALUES("ARG", "ARG", "argentine-football-association-fan-token", "", NULL, 1625796000, NULL);
*
INSERT INTO assets(identifier, name, type) VALUES("eip155:100/erc20:0x9ec9551d4A1a1593b0ee8124D98590CC71b3B09D", "USD Coin Hop Token", "C"); INSERT INTO evm_tokens(identifier, token_kind, chain, address, decimals, protocol) VALUES("eip155:100/erc20:0x9ec9551d4A1a1593b0ee8124D98590CC71b3B09D", "A", 100, "0x9ec9551d4A1a1593b0ee8124D98590CC71b3B09D", 6, NULL); INSERT INTO common_asset_details(identifier, symbol, coingecko, cryptocompare, forked, started, swapped_for) VALUES("eip155:100/erc20:0x9ec9551d4A1a1593b0ee8124D98590CC71b3B09D", "hUSDC", "", "", NULL, 1623909710, NULL);
*
INSERT INTO assets(identifier, name, type) VALUES("eip155:137/erc20:0x9ec9551d4A1a1593b0ee8124D98590CC71b3B09D", "USD Coin Hop Token", "C"); INSERT INTO evm_tokens(identifier, token_kind, chain, address, decimals, protocol) VALUES("eip155:137/erc20:0x9ec9551d4A1a1593b0ee8124D98590CC71b3B09D", "A", 137, "0x9ec9551d4A1a1593b0ee8124D98590CC71b3B09D", 6, NULL); INSERT INTO common_asset_details(identifier, symbol, coingecko, cryptocompare, forked, started, swapped_for) VALUES("eip155:137/erc20:0x9ec9551d4A1a1593b0ee8124D98590CC71b3B09D", "hUSDC", "", "", NULL, NULL, NULL);
*
INSERT INTO assets(identifier, name, type) VALUES("eip155:10/erc20:0x25D8039bB044dC227f741a9e381CA4cEAE2E6aE8", "USD Coin Hop Token", "C"); INSERT INTO evm_tokens(identifier, token_kind, chain, address, decimals, protocol) VALUES("eip155:10/erc20:0x25D8039bB044dC227f741a9e381CA4cEAE2E6aE8", "A", 10, "0x25D8039bB044dC227f741a9e381CA4cEAE2E6aE8", 6, NULL); INSERT INTO common_asset_details(identifier, symbol, coingecko, cryptocompare, forked, started, swapped_for) VALUES("eip155:10/erc20:0x25D8039bB044dC227f741a9e381CA4cEAE2E6aE8", "hUSDC", "", "", NULL, NULL, NULL);
*
INSERT INTO assets(identifier, name, type) VALUES("eip155:42161/erc20:0x0ce6c85cF43553DE10FC56cecA0aef6Ff0DD444d", "USD Coin Hop Token", "C"); INSERT INTO evm_tokens(identifier, token_kind, chain, address, decimals, protocol) VALUES("eip155:42161/erc20:0x0ce6c85cF43553DE10FC56cecA0aef6Ff0DD444d", "A", 42161, "0x0ce6c85cF43553DE10FC56cecA0aef6Ff0DD444d", 6, NULL); INSERT INTO common_asset_details(identifier, symbol, coingecko, cryptocompare, forked, started, swapped_for) VALUES("eip155:42161/erc20:0x0ce6c85cF43553DE10FC56cecA0aef6Ff0DD444d", "hUSDC", "", "", NULL, 1631390582, NULL);
*
INSERT INTO assets(identifier, name, type) VALUES("eip155:100/erc20:0x91f8490eC27cbB1b2FaEdd29c2eC23011d7355FB", "Tether USD Hop Token", "C"); INSERT INTO evm_tokens(identifier, token_kind, chain, address, decimals, protocol) VALUES("eip155:100/erc20:0x91f8490eC27cbB1b2FaEdd29c2eC23011d7355FB", "A", 100, "0x91f8490eC27cbB1b2FaEdd29c2eC23011d7355FB", 6, NULL); INSERT INTO common_asset_details(identifier, symbol, coingecko, cryptocompare, forked, started, swapped_for) VALUES("eip155:100/erc20:0x91f8490eC27cbB1b2FaEdd29c2eC23011d7355FB", "hUSDT", "", "", NULL, 1626739335, NULL);
*
INSERT INTO assets(identifier, name, type) VALUES("eip155:137/erc20:0x9F93ACA246F457916E49Ec923B8ed099e313f763", "Tether USD Hop Token", "C"); INSERT INTO evm_tokens(identifier, token_kind, chain, address, decimals, protocol) VALUES("eip155:137/erc20:0x9F93ACA246F457916E49Ec923B8ed099e313f763", "A", 137, "0x9F93ACA246F457916E49Ec923B8ed099e313f763", 6, NULL); INSERT INTO common_asset_details(identifier, symbol, coingecko, cryptocompare, forked, started, swapped_for) VALUES("eip155:137/erc20:0x9F93ACA246F457916E49Ec923B8ed099e313f763", "hUSDT", "", "", NULL, NULL, NULL);
*
INSERT INTO assets(identifier, name, type) VALUES("eip155:10/erc20:0x2057C8ECB70Afd7Bee667d76B4CD373A325b1a20", "Tether USD Hop Token", "C"); INSERT INTO evm_tokens(identifier, token_kind, chain, address, decimals, protocol) VALUES("eip155:10/erc20:0x2057C8ECB70Afd7Bee667d76B4CD373A325b1a20", "A", 10, "0x2057C8ECB70Afd7Bee667d76B4CD373A325b1a20", 6, NULL); INSERT INTO common_asset_details(identifier, symbol, coingecko, cryptocompare, forked, started, swapped_for) VALUES("eip155:10/erc20:0x2057C8ECB70Afd7Bee667d76B4CD373A325b1a20", "hUSDT", "", "", NULL, NULL, NULL);
*
INSERT INTO assets(identifier, name, type) VALUES("eip155:42161/erc20:0x12e59C59D282D2C00f3166915BED6DC2F5e2B5C7", "Tether USD Hop Token", "C"); INSERT INTO evm_tokens(identifier, token_kind, chain, address, decimals, protocol) VALUES("eip155:42161/erc20:0x12e59C59D282D2C00f3166915BED6DC2F5e2B5C7", "A", 42161, "0x12e59C59D282D2C00f3166915BED6DC2F5e2B5C7", 6, NULL); INSERT INTO common_asset_details(identifier, symbol, coingecko, cryptocompare, forked, started, swapped_for) VALUES("eip155:42161/erc20:0x12e59C59D282D2C00f3166915BED6DC2F5e2B5C7", "hUSDT", "", "", NULL, 1631391579, NULL);
*
INSERT INTO assets(identifier, name, type) VALUES("eip155:100/erc20:0xE38faf9040c7F09958c638bBDB977083722c5156", "Matic Token Hop Token", "C"); INSERT INTO evm_tokens(identifier, token_kind, chain, address, decimals, protocol) VALUES("eip155:100/erc20:0xE38faf9040c7F09958c638bBDB977083722c5156", "A", 100, "0xE38faf9040c7F09958c638bBDB977083722c5156", 18, NULL); INSERT INTO common_asset_details(identifier, symbol, coingecko, cryptocompare, forked, started, swapped_for) VALUES("eip155:100/erc20:0xE38faf9040c7F09958c638bBDB977083722c5156", "hMATIC", "", "", NULL, 1628227360, NULL);
*
INSERT INTO assets(identifier, name, type) VALUES("eip155:137/erc20:0x712F0cf37Bdb8299D0666727F73a5cAbA7c1c24c", "Matic Token Hop Token", "C"); INSERT INTO evm_tokens(identifier, token_kind, chain, address, decimals, protocol) VALUES("eip155:137/erc20:0x712F0cf37Bdb8299D0666727F73a5cAbA7c1c24c", "A", 137, "0x712F0cf37Bdb8299D0666727F73a5cAbA7c1c24c", 18, NULL); INSERT INTO common_asset_details(identifier, symbol, coingecko, cryptocompare, forked, started, swapped_for) VALUES("eip155:137/erc20:0x712F0cf37Bdb8299D0666727F73a5cAbA7c1c24c", "hMATIC", "", "", NULL, NULL, NULL);
*
INSERT INTO assets(identifier, name, type) VALUES("eip155:100/erc20:0xB1ea9FeD58a317F81eEEFC18715Dd323FDEf45c4", "DAI Hop Token", "C"); INSERT INTO evm_tokens(identifier, token_kind, chain, address, decimals, protocol) VALUES("eip155:100/erc20:0xB1ea9FeD58a317F81eEEFC18715Dd323FDEf45c4", "A", 100, "0xB1ea9FeD58a317F81eEEFC18715Dd323FDEf45c4", 18, NULL); INSERT INTO common_asset_details(identifier, symbol, coingecko, cryptocompare, forked, started, swapped_for) VALUES("eip155:100/erc20:0xB1ea9FeD58a317F81eEEFC18715Dd323FDEf45c4", "hDAI", "", "", NULL, 1631654385, NULL);
*
INSERT INTO assets(identifier, name, type) VALUES("eip155:137/erc20:0xb8901acB165ed027E32754E0FFe830802919727f", "DAI Hop Token", "C"); INSERT INTO evm_tokens(identifier, token_kind, chain, address, decimals, protocol) VALUES("eip155:137/erc20:0xb8901acB165ed027E32754E0FFe830802919727f", "A", 137, "0xb8901acB165ed027E32754E0FFe830802919727f", 18, NULL); INSERT INTO common_asset_details(identifier, symbol, coingecko, cryptocompare, forked, started, swapped_for) VALUES("eip155:137/erc20:0xb8901acB165ed027E32754E0FFe830802919727f", "hDAI", "", "", NULL, NULL, NULL);
*
INSERT INTO assets(identifier, name, type) VALUES("eip155:10/erc20:0x56900d66D74Cb14E3c86895789901C9135c95b16", "DAI Hop Token", "C"); INSERT INTO evm_tokens(identifier, token_kind, chain, address, decimals, protocol) VALUES("eip155:10/erc20:0x56900d66D74Cb14E3c86895789901C9135c95b16", "A", 10, "0x56900d66D74Cb14E3c86895789901C9135c95b16", 18, NULL); INSERT INTO common_asset_details(identifier, symbol, coingecko, cryptocompare, forked, started, swapped_for) VALUES("eip155:10/erc20:0x56900d66D74Cb14E3c86895789901C9135c95b16", "hDAI", "", "", NULL, NULL, NULL);
*
INSERT INTO assets(identifier, name, type) VALUES("eip155:42161/erc20:0x46ae9BaB8CEA96610807a275EBD36f8e916b5C61", "DAI Hop Token", "C"); INSERT INTO evm_tokens(identifier, token_kind, chain, address, decimals, protocol) VALUES("eip155:42161/erc20:0x46ae9BaB8CEA96610807a275EBD36f8e916b5C61", "A", 42161, "0x46ae9BaB8CEA96610807a275EBD36f8e916b5C61", 18, NULL); INSERT INTO common_asset_details(identifier, symbol, coingecko, cryptocompare, forked, started, swapped_for) VALUES("eip155:42161/erc20:0x46ae9BaB8CEA96610807a275EBD36f8e916b5C61", "hDAI", "", "", NULL, 1631724006, NULL);
*
INSERT INTO assets(identifier, name, type) VALUES("eip155:100/erc20:0xc46F2004006d4C770346f60a7BaA3f1Cc67dFD1c", "ETH Hop Token", "C"); INSERT INTO evm_tokens(identifier, token_kind, chain, address, decimals, protocol) VALUES("eip155:100/erc20:0xc46F2004006d4C770346f60a7BaA3f1Cc67dFD1c", "A", 100, "0xc46F2004006d4C770346f60a7BaA3f1Cc67dFD1c", 18, NULL); INSERT INTO common_asset_details(identifier, symbol, coingecko, cryptocompare, forked, started, swapped_for) VALUES("eip155:100/erc20:0xc46F2004006d4C770346f60a7BaA3f1Cc67dFD1c", "hETH", "", "", NULL, 1633071165, NULL);
*
INSERT INTO assets(identifier, name, type) VALUES("eip155:137/erc20:0x1fDeAF938267ca43388eD1FdB879eaF91e920c7A", "ETH Hop Token", "C"); INSERT INTO evm_tokens(identifier, token_kind, chain, address, decimals, protocol) VALUES("eip155:137/erc20:0x1fDeAF938267ca43388eD1FdB879eaF91e920c7A", "A", 137, "0x1fDeAF938267ca43388eD1FdB879eaF91e920c7A", 18, NULL); INSERT INTO common_asset_details(identifier, symbol, coingecko, cryptocompare, forked, started, swapped_for) VALUES("eip155:137/erc20:0x1fDeAF938267ca43388eD1FdB879eaF91e920c7A", "hETH", "", "", NULL, NULL, NULL);
*
INSERT INTO assets(identifier, name, type) VALUES("eip155:10/erc20:0xE38faf9040c7F09958c638bBDB977083722c5156", "ETH Hop Token", "C"); INSERT INTO evm_tokens(identifier, token_kind, chain, address, decimals, protocol) VALUES("eip155:10/erc20:0xE38faf9040c7F09958c638bBDB977083722c5156", "A", 10, "0xE38faf9040c7F09958c638bBDB977083722c5156", 18, NULL); INSERT INTO common_asset_details(identifier, symbol, coingecko, cryptocompare, forked, started, swapped_for) VALUES("eip155:10/erc20:0xE38faf9040c7F09958c638bBDB977083722c5156", "hETH", "", "", NULL, NULL, NULL);
*
INSERT INTO assets(identifier, name, type) VALUES("eip155:42161/erc20:0xDa7c0de432a9346bB6e96aC74e3B61A36d8a77eB", "ETH Hop Token", "C"); INSERT INTO evm_tokens(identifier, token_kind, chain, address, decimals, protocol) VALUES("eip155:42161/erc20:0xDa7c0de432a9346bB6e96aC74e3B61A36d8a77eB", "A", 42161, "0xDa7c0de432a9346bB6e96aC74e3B61A36d8a77eB", 18, NULL); INSERT INTO common_asset_details(identifier, symbol, coingecko, cryptocompare, forked, started, swapped_for) VALUES("eip155:42161/erc20:0xDa7c0de432a9346bB6e96aC74e3B61A36d8a77eB", "hETH", "", "", NULL, 1634002923, NULL);
*
INSERT INTO assets(identifier, name, type) VALUES("eip155:100/erc20:0xc5102fE9359FD9a28f877a67E36B0F050d81a3CC", "Hop", "C"); INSERT INTO evm_tokens(identifier, token_kind, chain, address, decimals, protocol) VALUES("eip155:100/erc20:0xc5102fE9359FD9a28f877a67E36B0F050d81a3CC", "A", 100, "0xc5102fE9359FD9a28f877a67E36B0F050d81a3CC", 18, NULL); INSERT INTO common_asset_details(identifier, symbol, coingecko, cryptocompare, forked, started, swapped_for) VALUES("eip155:100/erc20:0xc5102fE9359FD9a28f877a67E36B0F050d81a3CC", "HOP", "hop-protocol", "HOP", NULL, 1664228210, NULL);
*
INSERT INTO assets(identifier, name, type) VALUES("eip155:137/erc20:0xc5102fE9359FD9a28f877a67E36B0F050d81a3CC", "Hop", "C"); INSERT INTO evm_tokens(identifier, token_kind, chain, address, decimals, protocol) VALUES("eip155:137/erc20:0xc5102fE9359FD9a28f877a67E36B0F050d81a3CC", "A", 137, "0xc5102fE9359FD9a28f877a67E36B0F050d81a3CC", 18, NULL); INSERT INTO common_asset_details(identifier, symbol, coingecko, cryptocompare, forked, started, swapped_for) VALUES("eip155:137/erc20:0xc5102fE9359FD9a28f877a67E36B0F050d81a3CC", "HOP", "hop-protocol", "HOP", NULL, NULL, NULL);
*
INSERT INTO assets(identifier, name, type) VALUES("eip155:10/erc20:0xc5102fE9359FD9a28f877a67E36B0F050d81a3CC", "Hop", "C"); INSERT INTO evm_tokens(identifier, token_kind, chain, address, decimals, protocol) VALUES("eip155:10/erc20:0xc5102fE9359FD9a28f877a67E36B0F050d81a3CC", "A", 10, "0xc5102fE9359FD9a28f877a67E36B0F050d81a3CC", 18, NULL); INSERT INTO common_asset_details(identifier, symbol, coingecko, cryptocompare, forked, started, swapped_for) VALUES("eip155:10/erc20:0xc5102fE9359FD9a28f877a67E36B0F050d81a3CC", "HOP", "hop-protocol", "HOP", NULL, 1664226908, NULL);
*
INSERT INTO assets(identifier, name, type) VALUES("eip155:42161/erc20:0xc5102fE9359FD9a28f877a67E36B0F050d81a3CC", "Hop", "C"); INSERT INTO evm_tokens(identifier, token_kind, chain, address, decimals, protocol) VALUES("eip155:42161/erc20:0xc5102fE9359FD9a28f877a67E36B0F050d81a3CC", "A", 42161, "0xc5102fE9359FD9a28f877a67E36B0F050d81a3CC", 18, NULL); INSERT INTO common_asset_details(identifier, symbol, coingecko, cryptocompare, forked, started, swapped_for) VALUES("eip155:42161/erc20:0xc5102fE9359FD9a28f877a67E36B0F050d81a3CC", "HOP", "hop-protocol", "HOP", NULL, 1664226901, NULL);
*
INSERT INTO assets(identifier, name, type) VALUES("eip155:10/erc20:0x13B7F51BD865410c3AcC4d56083C5B56aB38D203", "Synthetix Network Token Hop Token", "C"); INSERT INTO evm_tokens(identifier, token_kind, chain, address, decimals, protocol) VALUES("eip155:10/erc20:0x13B7F51BD865410c3AcC4d56083C5B56aB38D203", "A", 10, "0x13B7F51BD865410c3AcC4d56083C5B56aB38D203", 18, NULL); INSERT INTO common_asset_details(identifier, symbol, coingecko, cryptocompare, forked, started, swapped_for) VALUES("eip155:10/erc20:0x13B7F51BD865410c3AcC4d56083C5B56aB38D203", "hSNX", "", "", NULL, 1664398099, NULL);
*
INSERT INTO assets(identifier, name, type) VALUES("eip155:10/erc20:0x00a35FD824c717879BF370E70AC6868b95870Dfb", "IronBank", "C"); INSERT INTO evm_tokens(identifier, token_kind, chain, address, decimals, protocol) VALUES("eip155:10/erc20:0x00a35FD824c717879BF370E70AC6868b95870Dfb", "A", 10, "0x00a35FD824c717879BF370E70AC6868b95870Dfb", 18, NULL); INSERT INTO common_asset_details(identifier, symbol, coingecko, cryptocompare, forked, started, swapped_for) VALUES("eip155:10/erc20:0x00a35FD824c717879BF370E70AC6868b95870Dfb", "IB", "iron-bank", "IB", NULL, 1655795790, NULL);
*
INSERT INTO assets(identifier, name, type) VALUES("eip155:10/erc20:0xEcF46257ed31c329F204Eb43E254C609dee143B3", "Rigo Token", "C"); INSERT INTO evm_tokens(identifier, token_kind, chain, address, decimals, protocol) VALUES("eip155:10/erc20:0xEcF46257ed31c329F204Eb43E254C609dee143B3", "A", 10, "0xEcF46257ed31c329F204Eb43E254C609dee143B3", 18, NULL); INSERT INTO common_asset_details(identifier, symbol, coingecko, cryptocompare, forked, started, swapped_for) VALUES("eip155:10/erc20:0xEcF46257ed31c329F204Eb43E254C609dee143B3", "GRG", "rigoblock", "IB", NULL, 1670493647, NULL);
*
INSERT INTO assets(identifier, name, type) VALUES("eip155:10/erc20:0xa00E3A3511aAC35cA78530c85007AFCd31753819", "Kyber Network Crystal v2", "C"); INSERT INTO evm_tokens(identifier, token_kind, chain, address, decimals, protocol) VALUES("eip155:10/erc20:0xa00E3A3511aAC35cA78530c85007AFCd31753819", "A", 10, "0xa00E3A3511aAC35cA78530c85007AFCd31753819", 18, NULL); INSERT INTO common_asset_details(identifier, symbol, coingecko, cryptocompare, forked, started, swapped_for) VALUES("eip155:10/erc20:0xa00E3A3511aAC35cA78530c85007AFCd31753819", "KNC", "kyber-network-crystal", "KNC", NULL, 1660847222, NULL);
*
INSERT INTO assets(identifier, name, type) VALUES("eip155:10/erc20:0x217D47011b23BB961eB6D93cA9945B7501a5BB11", "Thales DAO Token", "C"); INSERT INTO evm_tokens(identifier, token_kind, chain, address, decimals, protocol) VALUES("eip155:10/erc20:0x217D47011b23BB961eB6D93cA9945B7501a5BB11", "A", 10, "0x217D47011b23BB961eB6D93cA9945B7501a5BB11", 18, NULL); INSERT INTO common_asset_details(identifier, symbol, coingecko, cryptocompare, forked, started, swapped_for) VALUES("eip155:10/erc20:0x217D47011b23BB961eB6D93cA9945B7501a5BB11", "THALES", "thales", "", NULL, 1643046427, NULL);
*
INSERT INTO assets(identifier, name, type) VALUES("eip155:10/erc20:0x298B9B95708152ff6968aafd889c6586e9169f1D", "Synth sBTC", "C"); INSERT INTO evm_tokens(identifier, token_kind, chain, address, decimals, protocol) VALUES("eip155:10/erc20:0x298B9B95708152ff6968aafd889c6586e9169f1D", "A", 10, "0x298B9B95708152ff6968aafd889c6586e9169f1D", 18, NULL); INSERT INTO common_asset_details(identifier, symbol, coingecko, cryptocompare, forked, started, swapped_for) VALUES("eip155:10/erc20:0x298B9B95708152ff6968aafd889c6586e9169f1D", "sBTC", "sbtc", "", NULL, NULL, NULL);
*
INSERT INTO assets(identifier, name, type) VALUES("eip155:1/erc20:0xf53AD2c6851052A81B42133467480961B2321C09", "Pooled Ether", "C"); INSERT INTO evm_tokens(identifier, token_kind, chain, address, decimals, protocol) VALUES("eip155:1/erc20:0xf53AD2c6851052A81B42133467480961B2321C09", "A", 1, "0xf53AD2c6851052A81B42133467480961B2321C09", 18, NULL); INSERT INTO common_asset_details(identifier, symbol, coingecko, cryptocompare, forked, started, swapped_for) VALUES("eip155:1/erc20:0xf53AD2c6851052A81B42133467480961B2321C09", "PETH", "", "", NULL, 1513566638, NULL);
*
INSERT INTO assets(identifier, name, type) VALUES("eip155:1/erc20:0x7C07F7aBe10CE8e33DC6C5aD68FE033085256A84", "Interest Compounding ETH Index", "C"); INSERT INTO evm_tokens(identifier, token_kind, chain, address, decimals, protocol) VALUES("eip155:1/erc20:0x7C07F7aBe10CE8e33DC6C5aD68FE033085256A84", "A", 1, "0x7C07F7aBe10CE8e33DC6C5aD68FE033085256A84", 18, NULL); INSERT INTO common_asset_details(identifier, symbol, coingecko, cryptocompare, forked, started, swapped_for) VALUES("eip155:1/erc20:0x7C07F7aBe10CE8e33DC6C5aD68FE033085256A84", "icETH", "interest-compounding-eth-index", "", NULL, 1647786207, NULL);
*
INSERT INTO assets(identifier, name, type) VALUES("FLR", "Flare", "B"); INSERT INTO common_asset_details(identifier, symbol, coingecko, cryptocompare, forked, started, swapped_for) VALUES("FLR", "FLR", "flare-networks", "FLR", NULL, 1673326926, NULL);
*
INSERT INTO assets(identifier, name, type) VALUES("eip155:1/erc20:0xb3999F658C0391d94A37f7FF328F3feC942BcADC", "Hashflow", "C"); INSERT INTO evm_tokens(identifier, token_kind, chain, address, decimals, protocol) VALUES("eip155:1/erc20:0xb3999F658C0391d94A37f7FF328F3feC942BcADC", "A", 1, "0xb3999F658C0391d94A37f7FF328F3feC942BcADC", 18, NULL); INSERT INTO common_asset_details(identifier, symbol, coingecko, cryptocompare, forked, started, swapped_for) VALUES("eip155:1/erc20:0xb3999F658C0391d94A37f7FF328F3feC942BcADC", "HFT", "hashflow", "HFT", NULL, 1649728943, NULL);
*
INSERT INTO assets(identifier, name, type) VALUES("eip155:56/erc20:0x44Ec807ce2F4a6F2737A92e985f318d035883e47", "Hashflow", "C"); INSERT INTO evm_tokens(identifier, token_kind, chain, address, decimals, protocol) VALUES("eip155:56/erc20:0x44Ec807ce2F4a6F2737A92e985f318d035883e47", "A", 56, "0x44Ec807ce2F4a6F2737A92e985f318d035883e47", 18, NULL); INSERT INTO common_asset_details(identifier, symbol, coingecko, cryptocompare, forked, started, swapped_for) VALUES("eip155:56/erc20:0x44Ec807ce2F4a6F2737A92e985f318d035883e47", "HFT", "hashflow", "HFT", NULL, 1666643195, NULL);
*
INSERT INTO assets(identifier, name, type) VALUES("RON", "Ronin", "B"); INSERT INTO common_asset_details(identifier, symbol, coingecko, cryptocompare, forked, started, swapped_for) VALUES("RON", "RON", "ronin", "RONIN", NULL, 1643245200, NULL);
*
INSERT INTO assets(identifier, name, type) VALUES("eip155:1/erc20:0x4b9278b94a1112cAD404048903b8d343a810B07e", "Hifi Finance", "C"); INSERT INTO evm_tokens(identifier, token_kind, chain, address, decimals, protocol) VALUES("eip155:1/erc20:0x4b9278b94a1112cAD404048903b8d343a810B07e", "A", 1, "0x4b9278b94a1112cAD404048903b8d343a810B07e", 18, NULL); INSERT INTO common_asset_details(identifier, symbol, coingecko, cryptocompare, forked, started, swapped_for) VALUES("eip155:1/erc20:0x4b9278b94a1112cAD404048903b8d343a810B07e", "HIFI", "hifi-finance", "MFT", NULL, 1670539211, NULL);
*
INSERT INTO assets(identifier, name, type) VALUES("eip155:56/erc20:0xa260E12d2B924cb899AE80BB58123ac3fEE1E2F0", "Hook Token", "C"); INSERT INTO evm_tokens(identifier, token_kind, chain, address, decimals, protocol) VALUES("eip155:56/erc20:0xa260E12d2B924cb899AE80BB58123ac3fEE1E2F0", "A", 56, "0xa260E12d2B924cb899AE80BB58123ac3fEE1E2F0", 18, NULL); INSERT INTO common_asset_details(identifier, symbol, coingecko, cryptocompare, forked, started, swapped_for) VALUES("eip155:56/erc20:0xa260E12d2B924cb899AE80BB58123ac3fEE1E2F0", "HOOK", "hooked-protocol", "", NULL, 1668765061, NULL);
*
INSERT INTO assets(identifier, name, type) VALUES("eip155:1/erc20:0xBBeca80A4c99c3b1BD3C10E64595d0Fc7dC26eE0", "hiMEEBITS", "C"); INSERT INTO evm_tokens(identifier, token_kind, chain, address, decimals, protocol) VALUES("eip155:1/erc20:0xBBeca80A4c99c3b1BD3C10E64595d0Fc7dC26eE0", "A", 1, "0xBBeca80A4c99c3b1BD3C10E64595d0Fc7dC26eE0", 18, NULL); INSERT INTO common_asset_details(identifier, symbol, coingecko, cryptocompare, forked, started, swapped_for) VALUES("eip155:1/erc20:0xBBeca80A4c99c3b1BD3C10E64595d0Fc7dC26eE0", "hiMEEBITS", "himeebits", "", NULL, 1666796111, NULL);
*
INSERT INTO assets(identifier, name, type) VALUES("eip155:1/erc20:0x51395AdE06Eae126f590e7B06Dc8F6Baf511f13F", "hiSQUIGGLE", "C"); INSERT INTO evm_tokens(identifier, token_kind, chain, address, decimals, protocol) VALUES("eip155:1/erc20:0x51395AdE06Eae126f590e7B06Dc8F6Baf511f13F", "A", 1, "0x51395AdE06Eae126f590e7B06Dc8F6Baf511f13F", 18, NULL); INSERT INTO common_asset_details(identifier, symbol, coingecko, cryptocompare, forked, started, swapped_for) VALUES("eip155:1/erc20:0x51395AdE06Eae126f590e7B06Dc8F6Baf511f13F", "hiSQUIGGLE", "hisquiggle", "", NULL, 1667186459, NULL);
*
INSERT INTO assets(identifier, name, type) VALUES("eip155:56/erc20:0xC669A70e0B3D07e3514aFd97eBFb3D134077A4a1", "PIAS", "C"); INSERT INTO evm_tokens(identifier, token_kind, chain, address, decimals, protocol) VALUES("eip155:56/erc20:0xC669A70e0B3D07e3514aFd97eBFb3D134077A4a1", "A", 56, "0xC669A70e0B3D07e3514aFd97eBFb3D134077A4a1", 18, NULL); INSERT INTO common_asset_details(identifier, symbol, coingecko, cryptocompare, forked, started, swapped_for) VALUES("eip155:56/erc20:0xC669A70e0B3D07e3514aFd97eBFb3D134077A4a1", "PIAS", "pias", "PIAS", NULL, 1663651885, NULL);
*
INSERT INTO assets(identifier, name, type) VALUES("eip155:1/erc20:0xcccD1Ba9f7acD6117834E0D28F25645dECb1736a", "ECOx", "C"); INSERT INTO evm_tokens(identifier, token_kind, chain, address, decimals, protocol) VALUES("eip155:1/erc20:0xcccD1Ba9f7acD6117834E0D28F25645dECb1736a", "A", 1, "0xcccD1Ba9f7acD6117834E0D28F25645dECb1736a", 18, NULL); INSERT INTO common_asset_details(identifier, symbol, coingecko, cryptocompare, forked, started, swapped_for) VALUES("eip155:1/erc20:0xcccD1Ba9f7acD6117834E0D28F25645dECb1736a", "ECOx", "ecox", "ECOX", NULL, 1666132679, NULL);
*
INSERT INTO assets(identifier, name, type) VALUES("eip155:56/erc20:0x9df90628D40c72F85137e8cEE09dde353a651266", "Mechaverse", "C"); INSERT INTO evm_tokens(identifier, token_kind, chain, address, decimals, protocol) VALUES("eip155:56/erc20:0x9df90628D40c72F85137e8cEE09dde353a651266", "A", 56, "0x9df90628D40c72F85137e8cEE09dde353a651266", 18, NULL); INSERT INTO common_asset_details(identifier, symbol, coingecko, cryptocompare, forked, started, swapped_for) VALUES("eip155:56/erc20:0x9df90628D40c72F85137e8cEE09dde353a651266", "MC", "mechaverse", "", NULL, 1658221545, NULL);
*
INSERT INTO assets(identifier, name, type) VALUES("eip155:1/erc20:0xb3e6Ee8d2c586FA03Ab70Aef96B8aE6D12D64eC7", "hiFIDENZA", "C"); INSERT INTO evm_tokens(identifier, token_kind, chain, address, decimals, protocol) VALUES("eip155:1/erc20:0xb3e6Ee8d2c586FA03Ab70Aef96B8aE6D12D64eC7", "A", 1, "0xb3e6Ee8d2c586FA03Ab70Aef96B8aE6D12D64eC7", 18, NULL); INSERT INTO common_asset_details(identifier, symbol, coingecko, cryptocompare, forked, started, swapped_for) VALUES("eip155:1/erc20:0xb3e6Ee8d2c586FA03Ab70Aef96B8aE6D12D64eC7", "hiFIDENZA", "hifidenza", "", NULL, 1667560043, NULL);
*
INSERT INTO assets(identifier, name, type) VALUES("ALT", "AptosLaunch Token", "B"); INSERT INTO common_asset_details(identifier, symbol, coingecko, cryptocompare, forked, started, swapped_for) VALUES("ALT", "ALT", "aptos-launch-token", "", NULL, 1669964410, NULL);
*
INSERT INTO assets(identifier, name, type) VALUES("OAS", "Oasys", "B"); INSERT INTO common_asset_details(identifier, symbol, coingecko, cryptocompare, forked, started, swapped_for) VALUES("OAS", "OAS", "oasys", "", NULL, 1669964410, NULL);
*
INSERT INTO assets(identifier, name, type) VALUES("BDX", "Beldex", "B"); INSERT INTO common_asset_details(identifier, symbol, coingecko, cryptocompare, forked, started, swapped_for) VALUES("BDX", "BDX", "beldex", "BDX", NULL, 1542070800, NULL);
*
INSERT INTO assets(identifier, name, type) VALUES("DOGA", "Dogami", "W"); INSERT INTO common_asset_details(identifier, symbol, coingecko, cryptocompare, forked, started, swapped_for) VALUES("DOGA", "DOGA", "dogami", "DOGA", NULL, 1647910800, NULL);
*
INSERT INTO assets(identifier, name, type) VALUES("PLEX", "PLEX", "B"); INSERT INTO common_asset_details(identifier, symbol, coingecko, cryptocompare, forked, started, swapped_for) VALUES("PLEX", "PLEX", "plex", "PLEX", NULL, 1608080400, NULL);
*
INSERT INTO assets(identifier, name, type) VALUES("TUP", "Tenup", "B"); INSERT INTO common_asset_details(identifier, symbol, coingecko, cryptocompare, forked, started, swapped_for) VALUES("TUP", "TUP", "tenup", "TUP", NULL, 1543885200, NULL);
*
INSERT INTO assets(identifier, name, type) VALUES("eip155:1/erc20:0x00281dFCe4cfD72c0b6FDA2AAaF077258743f9E8", "NuriFootball", "C"); INSERT INTO evm_tokens(identifier, token_kind, chain, address, decimals, protocol) VALUES("eip155:1/erc20:0x00281dFCe4cfD72c0b6FDA2AAaF077258743f9E8", "A", 1, "0x00281dFCe4cfD72c0b6FDA2AAaF077258743f9E8", 0, NULL); INSERT INTO common_asset_details(identifier, symbol, coingecko, cryptocompare, forked, started, swapped_for) VALUES("eip155:1/erc20:0x00281dFCe4cfD72c0b6FDA2AAaF077258743f9E8", "NRFB", "nurifootball", "NRFB", NULL, 1604630409, NULL);
*
INSERT INTO assets(identifier, name, type) VALUES("eip155:1/erc20:0xDd13DEdeCEbDA566322195bc4451D672A148752C", "PRIMAL Token", "C"); INSERT INTO evm_tokens(identifier, token_kind, chain, address, decimals, protocol) VALUES("eip155:1/erc20:0xDd13DEdeCEbDA566322195bc4451D672A148752C", "A", 1, "0xDd13DEdeCEbDA566322195bc4451D672A148752C", 18, NULL); INSERT INTO common_asset_details(identifier, symbol, coingecko, cryptocompare, forked, started, swapped_for) VALUES("eip155:1/erc20:0xDd13DEdeCEbDA566322195bc4451D672A148752C", "PRIMAL", "primal-b3099cd0-995a-4311-80d5-9c133153b38e", "", NULL, 1662983994, NULL);
*
INSERT INTO assets(identifier, name, type) VALUES("eip155:56/erc20:0xCb5327Ed4649548e0d73E70b633cdfd99aF6Da87", "PRIMAL Token", "C"); INSERT INTO evm_tokens(identifier, token_kind, chain, address, decimals, protocol) VALUES("eip155:56/erc20:0xCb5327Ed4649548e0d73E70b633cdfd99aF6Da87", "A", 56, "0xCb5327Ed4649548e0d73E70b633cdfd99aF6Da87", 18, NULL); INSERT INTO common_asset_details(identifier, symbol, coingecko, cryptocompare, forked, started, swapped_for) VALUES("eip155:56/erc20:0xCb5327Ed4649548e0d73E70b633cdfd99aF6Da87", "PRIMAL", "primal-b3099cd0-995a-4311-80d5-9c133153b38e", "", NULL, 1669871541, NULL);
*
INSERT INTO assets(identifier, name, type) VALUES("eip155:1/erc20:0x77271813bd9167e75B5DF9c230cf58d64f0A58Fd", "Balkari Token", "C"); INSERT INTO evm_tokens(identifier, token_kind, chain, address, decimals, protocol) VALUES("eip155:1/erc20:0x77271813bd9167e75B5DF9c230cf58d64f0A58Fd", "A", 1, "0x77271813bd9167e75B5DF9c230cf58d64f0A58Fd", 18, NULL); INSERT INTO common_asset_details(identifier, symbol, coingecko, cryptocompare, forked, started, swapped_for) VALUES("eip155:1/erc20:0x77271813bd9167e75B5DF9c230cf58d64f0A58Fd", "BKR", "balkari-token", "BKR", NULL, 1612771111, NULL);
*
INSERT INTO assets(identifier, name, type) VALUES("eip155:1/erc20:0xF7970499814654CD13Cb7B6E7634A12a7A8A9ABc", "TOM", "C"); INSERT INTO evm_tokens(identifier, token_kind, chain, address, decimals, protocol) VALUES("eip155:1/erc20:0xF7970499814654CD13Cb7B6E7634A12a7A8A9ABc", "A", 1, "0xF7970499814654CD13Cb7B6E7634A12a7A8A9ABc", 18, NULL); INSERT INTO common_asset_details(identifier, symbol, coingecko, cryptocompare, forked, started, swapped_for) VALUES("eip155:1/erc20:0xF7970499814654CD13Cb7B6E7634A12a7A8A9ABc", "TOM", "tom-finance", "TOM", NULL, 1605068114, NULL);
*
INSERT INTO assets(identifier, name, type) VALUES("eip155:1/erc20:0x8a6ACA71A218301c7081d4e96D64292D3B275ce0", "Stable Finance Governance Token", "C"); INSERT INTO evm_tokens(identifier, token_kind, chain, address, decimals, protocol) VALUES("eip155:1/erc20:0x8a6ACA71A218301c7081d4e96D64292D3B275ce0", "A", 1, "0x8a6ACA71A218301c7081d4e96D64292D3B275ce0", 18, NULL); INSERT INTO common_asset_details(identifier, symbol, coingecko, cryptocompare, forked, started, swapped_for) VALUES("eip155:1/erc20:0x8a6ACA71A218301c7081d4e96D64292D3B275ce0", "SFG", "s-finance", "SFG", NULL, 1600788342, NULL);
*
INSERT INTO assets(identifier, name, type) VALUES("eip155:1/erc20:0x6251E725CD45Fb1AF99354035a414A2C0890B929", "MixTrust", "C"); INSERT INTO evm_tokens(identifier, token_kind, chain, address, decimals, protocol) VALUES("eip155:1/erc20:0x6251E725CD45Fb1AF99354035a414A2C0890B929", "A", 1, "0x6251E725CD45Fb1AF99354035a414A2C0890B929", 18, NULL); INSERT INTO common_asset_details(identifier, symbol, coingecko, cryptocompare, forked, started, swapped_for) VALUES("eip155:1/erc20:0x6251E725CD45Fb1AF99354035a414A2C0890B929", "MXT", "mixtrust", "MXT", NULL, 1594276120, NULL);
*
INSERT INTO assets(identifier, name, type) VALUES("eip155:56/erc20:0x039cD22cb49084142d55FCD4B6096A4F51ffb3B4", "MOVEZ.me", "C"); INSERT INTO evm_tokens(identifier, token_kind, chain, address, decimals, protocol) VALUES("eip155:56/erc20:0x039cD22cb49084142d55FCD4B6096A4F51ffb3B4", "A", 56, "0x039cD22cb49084142d55FCD4B6096A4F51ffb3B4", 18, NULL); INSERT INTO common_asset_details(identifier, symbol, coingecko, cryptocompare, forked, started, swapped_for) VALUES("eip155:56/erc20:0x039cD22cb49084142d55FCD4B6096A4F51ffb3B4", "MOVEZ", "movez", "MOVEZ", NULL, 1653113652, NULL);
*
INSERT INTO assets(identifier, name, type) VALUES("eip155:56/erc20:0x9fD87aEfe02441B123c3c32466cD9dB4c578618f", "Thetan Gem", "C"); INSERT INTO evm_tokens(identifier, token_kind, chain, address, decimals, protocol) VALUES("eip155:56/erc20:0x9fD87aEfe02441B123c3c32466cD9dB4c578618f", "A", 56, "0x9fD87aEfe02441B123c3c32466cD9dB4c578618f", 18, NULL); INSERT INTO common_asset_details(identifier, symbol, coingecko, cryptocompare, forked, started, swapped_for) VALUES("eip155:56/erc20:0x9fD87aEfe02441B123c3c32466cD9dB4c578618f", "THG", "thetan-arena", "THG", NULL, 1631427915, NULL);
*
INSERT INTO assets(identifier, name, type) VALUES("eip155:56/erc20:0x7b665B2F633d9363b89A98b094B1F9E732Bd8F86", "Amazy Token", "C"); INSERT INTO evm_tokens(identifier, token_kind, chain, address, decimals, protocol) VALUES("eip155:56/erc20:0x7b665B2F633d9363b89A98b094B1F9E732Bd8F86", "A", 56, "0x7b665B2F633d9363b89A98b094B1F9E732Bd8F86", 18, NULL); INSERT INTO common_asset_details(identifier, symbol, coingecko, cryptocompare, forked, started, swapped_for) VALUES("eip155:56/erc20:0x7b665B2F633d9363b89A98b094B1F9E732Bd8F86", "AZY", "amazy", "AZY", NULL, 1657628299, NULL);
*
INSERT INTO assets(identifier, name, type) VALUES("eip155:1/erc20:0xcaCc19C5Ca77E06D6578dEcaC80408Cc036e0499", "MonfterToken", "C"); INSERT INTO evm_tokens(identifier, token_kind, chain, address, decimals, protocol) VALUES("eip155:1/erc20:0xcaCc19C5Ca77E06D6578dEcaC80408Cc036e0499", "A", 1, "0xcaCc19C5Ca77E06D6578dEcaC80408Cc036e0499", 18, NULL); INSERT INTO common_asset_details(identifier, symbol, coingecko, cryptocompare, forked, started, swapped_for) VALUES("eip155:1/erc20:0xcaCc19C5Ca77E06D6578dEcaC80408Cc036e0499", "MON", "monfter", "MONF", NULL, 1625127253, NULL);
*
INSERT INTO assets(identifier, name, type) VALUES("eip155:1/erc20:0xB5c578947de0fd71303F71F2C3d41767438bD0de", "Decentralized Eternal Virtual Traveller", "C"); INSERT INTO evm_tokens(identifier, token_kind, chain, address, decimals, protocol) VALUES("eip155:1/erc20:0xB5c578947de0fd71303F71F2C3d41767438bD0de", "A", 1, "0xB5c578947de0fd71303F71F2C3d41767438bD0de", 18, NULL); INSERT INTO common_asset_details(identifier, symbol, coingecko, cryptocompare, forked, started, swapped_for) VALUES("eip155:1/erc20:0xB5c578947de0fd71303F71F2C3d41767438bD0de", "DEVT", "dehorizon", "DEVT", NULL, 1638267752, NULL);
*
INSERT INTO assets(identifier, name, type) VALUES("PCI", "Paycoin", "B"); INSERT INTO common_asset_details(identifier, symbol, coingecko, cryptocompare, forked, started, swapped_for) VALUES("PCI", "PCI", "pay-coin", "PCI", NULL, 1566352800, NULL);
*
INSERT INTO assets(identifier, name, type) VALUES("STC", "StarChain", "B"); INSERT INTO common_asset_details(identifier, symbol, coingecko, cryptocompare, forked, started, swapped_for) VALUES("STC", "STC", "starchain", "", NULL, 1516669200, NULL);
*
INSERT INTO assets(identifier, name, type) VALUES("eip155:1/erc20:0xf51EBf9a26DbC02B13F8B3a9110dac47a4d62D78", "APIX", "C"); INSERT INTO evm_tokens(identifier, token_kind, chain, address, decimals, protocol) VALUES("eip155:1/erc20:0xf51EBf9a26DbC02B13F8B3a9110dac47a4d62D78", "A", 1, "0xf51EBf9a26DbC02B13F8B3a9110dac47a4d62D78", 18, NULL); INSERT INTO common_asset_details(identifier, symbol, coingecko, cryptocompare, forked, started, swapped_for) VALUES("eip155:1/erc20:0xf51EBf9a26DbC02B13F8B3a9110dac47a4d62D78", "APIX", "apix", "APIX", NULL, 1570537215, NULL);
*
INSERT INTO assets(identifier, name, type) VALUES("eip155:1/erc20:0x6D614686550B9E1c1DF4b2cD8f91C9D4df66C810", "Skeb Coin", "C"); INSERT INTO evm_tokens(identifier, token_kind, chain, address, decimals, protocol) VALUES("eip155:1/erc20:0x6D614686550B9E1c1DF4b2cD8f91C9D4df66C810", "A", 1, "0x6D614686550B9E1c1DF4b2cD8f91C9D4df66C810", 18, NULL); INSERT INTO common_asset_details(identifier, symbol, coingecko, cryptocompare, forked, started, swapped_for) VALUES("eip155:1/erc20:0x6D614686550B9E1c1DF4b2cD8f91C9D4df66C810", "SKEB", "skeb", "SKEB", NULL, 1657098801, NULL);
*
INSERT INTO assets(identifier, name, type) VALUES("eip155:1/erc20:0xd38BB40815d2B0c2d2c866e0c72c5728ffC76dd9", "Symbiosis", "C"); INSERT INTO evm_tokens(identifier, token_kind, chain, address, decimals, protocol) VALUES("eip155:1/erc20:0xd38BB40815d2B0c2d2c866e0c72c5728ffC76dd9", "A", 1, "0xd38BB40815d2B0c2d2c866e0c72c5728ffC76dd9", 18, NULL); INSERT INTO common_asset_details(identifier, symbol, coingecko, cryptocompare, forked, started, swapped_for) VALUES("eip155:1/erc20:0xd38BB40815d2B0c2d2c866e0c72c5728ffC76dd9", "SIS", "symbiosis-finance", "SIS", NULL, 1637265271, NULL);
*
INSERT INTO assets(identifier, name, type) VALUES("eip155:56/erc20:0xA57ac35CE91Ee92CaEfAA8dc04140C8e232c2E50", "Pitbull", "C"); INSERT INTO evm_tokens(identifier, token_kind, chain, address, decimals, protocol) VALUES("eip155:56/erc20:0xA57ac35CE91Ee92CaEfAA8dc04140C8e232c2E50", "A", 56, "0xA57ac35CE91Ee92CaEfAA8dc04140C8e232c2E50", 9, NULL); INSERT INTO common_asset_details(identifier, symbol, coingecko, cryptocompare, forked, started, swapped_for) VALUES("eip155:56/erc20:0xA57ac35CE91Ee92CaEfAA8dc04140C8e232c2E50", "PIT", "pitbull", "PIT", NULL, 1615987859, NULL);
*
INSERT INTO assets(identifier, name, type) VALUES("eip155:1/erc20:0xb29663Aa4E2e81e425294193616c1B102B70a158", "Ludena Protocol", "C"); INSERT INTO evm_tokens(identifier, token_kind, chain, address, decimals, protocol) VALUES("eip155:1/erc20:0xb29663Aa4E2e81e425294193616c1B102B70a158", "A", 1, "0xb29663Aa4E2e81e425294193616c1B102B70a158", 18, NULL); INSERT INTO common_asset_details(identifier, symbol, coingecko, cryptocompare, forked, started, swapped_for) VALUES("eip155:1/erc20:0xb29663Aa4E2e81e425294193616c1B102B70a158", "LDN", "ludena-protocol", "LDN", NULL, 1589941660, NULL);
*
INSERT INTO assets(identifier, name, type) VALUES("eip155:1/erc20:0x84fE25f3921f3426395c883707950d0c00367576", "Insight Protocol", "C"); INSERT INTO evm_tokens(identifier, token_kind, chain, address, decimals, protocol) VALUES("eip155:1/erc20:0x84fE25f3921f3426395c883707950d0c00367576", "A", 1, "0x84fE25f3921f3426395c883707950d0c00367576", 18, NULL); INSERT INTO common_asset_details(identifier, symbol, coingecko, cryptocompare, forked, started, swapped_for) VALUES("eip155:1/erc20:0x84fE25f3921f3426395c883707950d0c00367576", "INX", "insight-protocol", "INX", NULL, 1580980310, NULL);
*
INSERT INTO assets(identifier, name, type) VALUES("eip155:1/erc20:0x12b6893cE26Ea6341919FE289212ef77e51688c8", "Tamadoge", "C"); INSERT INTO evm_tokens(identifier, token_kind, chain, address, decimals, protocol) VALUES("eip155:1/erc20:0x12b6893cE26Ea6341919FE289212ef77e51688c8", "A", 1, "0x12b6893cE26Ea6341919FE289212ef77e51688c8", 18, NULL); INSERT INTO common_asset_details(identifier, symbol, coingecko, cryptocompare, forked, started, swapped_for) VALUES("eip155:1/erc20:0x12b6893cE26Ea6341919FE289212ef77e51688c8", "TAMA", "tamadoge", "TAMA", NULL, 1658825739, NULL);
*
INSERT INTO assets(identifier, name, type) VALUES("MENGO", "Flamengo Fan Token", "W"); INSERT INTO common_asset_details(identifier, symbol, coingecko, cryptocompare, forked, started, swapped_for) VALUES("MENGO", "MENGO", "flamengo-fan-token", "MENGO", NULL, 1635213600, NULL);
*
INSERT INTO assets(identifier, name, type) VALUES("TAKI", "Taki", "Y"); INSERT INTO common_asset_details(identifier, symbol, coingecko, cryptocompare, forked, started, swapped_for) VALUES("TAKI", "TAKI", "taki", "TAKI", NULL, 1651111200, NULL);
*
INSERT INTO assets(identifier, name, type) VALUES("TRA", "Trabzonspor Fan Token", "W"); INSERT INTO common_asset_details(identifier, symbol, coingecko, cryptocompare, forked, started, swapped_for) VALUES("TRA", "TRA", "trabzonspor-fan-token", "TRA", NULL, 1604714400, NULL);
*
INSERT INTO assets(identifier, name, type) VALUES("eip155:1/erc20:0xeD35af169aF46a02eE13b9d79Eb57d6D68C1749e", "OMI Token", "C"); INSERT INTO evm_tokens(identifier, token_kind, chain, address, decimals, protocol) VALUES("eip155:1/erc20:0xeD35af169aF46a02eE13b9d79Eb57d6D68C1749e", "A", 1, "0xeD35af169aF46a02eE13b9d79Eb57d6D68C1749e", 18, NULL); INSERT INTO common_asset_details(identifier, symbol, coingecko, cryptocompare, forked, started, swapped_for) VALUES("eip155:1/erc20:0xeD35af169aF46a02eE13b9d79Eb57d6D68C1749e", "OMI", "ecomi", "ECOMI", NULL, 1632037514, NULL);
*
INSERT INTO assets(identifier, name, type) VALUES("eip155:1/erc20:0xa71d0588EAf47f12B13cF8eC750430d21DF04974", "Shiba Predator", "C"); INSERT INTO evm_tokens(identifier, token_kind, chain, address, decimals, protocol) VALUES("eip155:1/erc20:0xa71d0588EAf47f12B13cF8eC750430d21DF04974", "A", 1, "0xa71d0588EAf47f12B13cF8eC750430d21DF04974", 18, NULL); INSERT INTO common_asset_details(identifier, symbol, coingecko, cryptocompare, forked, started, swapped_for) VALUES("eip155:1/erc20:0xa71d0588EAf47f12B13cF8eC750430d21DF04974", "QOM", "shiba-predator", "QOM", NULL, 1647421675, NULL);
*
INSERT INTO assets(identifier, name, type) VALUES("eip155:1/erc20:0xf21661D0D1d76d3ECb8e1B9F1c923DBfffAe4097", "Realio Network", "C"); INSERT INTO evm_tokens(identifier, token_kind, chain, address, decimals, protocol) VALUES("eip155:1/erc20:0xf21661D0D1d76d3ECb8e1B9F1c923DBfffAe4097", "A", 1, "0xf21661D0D1d76d3ECb8e1B9F1c923DBfffAe4097", 18, NULL); INSERT INTO common_asset_details(identifier, symbol, coingecko, cryptocompare, forked, started, swapped_for) VALUES("eip155:1/erc20:0xf21661D0D1d76d3ECb8e1B9F1c923DBfffAe4097", "RIO", "realio-network", "RIO", NULL, 1598319751, NULL);
*
INSERT INTO assets(identifier, name, type) VALUES("eip155:1/erc20:0x188E817B02e635D482AE4D81e25DdA98A97C4a42", "Lithium", "C"); INSERT INTO evm_tokens(identifier, token_kind, chain, address, decimals, protocol) VALUES("eip155:1/erc20:0x188E817B02e635D482AE4D81e25DdA98A97C4a42", "A", 1, "0x188E817B02e635D482AE4D81e25DdA98A97C4a42", 18, NULL); INSERT INTO common_asset_details(identifier, symbol, coingecko, cryptocompare, forked, started, swapped_for) VALUES("eip155:1/erc20:0x188E817B02e635D482AE4D81e25DdA98A97C4a42", "LITH", "lithium-finance", "LITH", NULL, 1624259253, NULL);
*
INSERT INTO assets(identifier, name, type) VALUES("eip155:1/erc20:0xCbfef8fdd706cde6F208460f2Bf39Aa9c785F05D", "Kine Governance Token", "C"); INSERT INTO evm_tokens(identifier, token_kind, chain, address, decimals, protocol) VALUES("eip155:1/erc20:0xCbfef8fdd706cde6F208460f2Bf39Aa9c785F05D", "A", 1, "0xCbfef8fdd706cde6F208460f2Bf39Aa9c785F05D", 18, NULL); INSERT INTO common_asset_details(identifier, symbol, coingecko, cryptocompare, forked, started, swapped_for) VALUES("eip155:1/erc20:0xCbfef8fdd706cde6F208460f2Bf39Aa9c785F05D", "KINE", "kine-protocol", "KINE", NULL, 1615172801, NULL);
*
INSERT INTO assets(identifier, name, type) VALUES("eip155:1/erc20:0xc98D64DA73a6616c42117b582e832812e7B8D57F", "RSS3", "C"); INSERT INTO evm_tokens(identifier, token_kind, chain, address, decimals, protocol) VALUES("eip155:1/erc20:0xc98D64DA73a6616c42117b582e832812e7B8D57F", "A", 1, "0xc98D64DA73a6616c42117b582e832812e7B8D57F", 18, NULL); INSERT INTO common_asset_details(identifier, symbol, coingecko, cryptocompare, forked, started, swapped_for) VALUES("eip155:1/erc20:0xc98D64DA73a6616c42117b582e832812e7B8D57F", "RSS3", "rss3", "RSS3", NULL, 1644216741, NULL);
*
INSERT INTO assets(identifier, name, type) VALUES("eip155:1/erc20:0xFA3118B34522580c35Ae27F6cf52da1dBb756288", "LinkEye Token", "C"); INSERT INTO evm_tokens(identifier, token_kind, chain, address, decimals, protocol) VALUES("eip155:1/erc20:0xFA3118B34522580c35Ae27F6cf52da1dBb756288", "A", 1, "0xFA3118B34522580c35Ae27F6cf52da1dBb756288", 6, NULL); INSERT INTO common_asset_details(identifier, symbol, coingecko, cryptocompare, forked, started, swapped_for) VALUES("eip155:1/erc20:0xFA3118B34522580c35Ae27F6cf52da1dBb756288", "LET", "linkeye", "LET", NULL, 1530080234, NULL);
*
INSERT INTO assets(identifier, name, type) VALUES("LING", "Lingose", "W"); INSERT INTO common_asset_details(identifier, symbol, coingecko, cryptocompare, forked, started, swapped_for) VALUES("LING", "LING", "lingose", "LING", NULL, 1663034400, NULL);
*
INSERT INTO assets(identifier, name, type) VALUES("CHE", "CherrySwap", "W"); INSERT INTO common_asset_details(identifier, symbol, coingecko, cryptocompare, forked, started, swapped_for) VALUES("CHE", "CHE", "cherryswap", "CHE", NULL, 1628042400, NULL);
*
INSERT INTO assets(identifier, name, type) VALUES("KCAL", "KCAL", "W"); INSERT INTO common_asset_details(identifier, symbol, coingecko, cryptocompare, forked, started, swapped_for) VALUES("KCAL", "KCAL", "kcal", "", NULL, 1665972000, NULL);
*
INSERT INTO assets(identifier, name, type) VALUES("BHP", "Blockchain of Hash Power", "B"); INSERT INTO common_asset_details(identifier, symbol, coingecko, cryptocompare, forked, started, swapped_for) VALUES("BHP", "BHP", "blockchain-of-hash-power", "BHP", NULL, 1548468000, NULL);
*
INSERT INTO assets(identifier, name, type) VALUES("eip155:1/erc20:0x3Dd98C8A089dBCFF7e8FC8d4f532BD493501Ab7F", "TownCoin", "C"); INSERT INTO evm_tokens(identifier, token_kind, chain, address, decimals, protocol) VALUES("eip155:1/erc20:0x3Dd98C8A089dBCFF7e8FC8d4f532BD493501Ab7F", "A", 1, "0x3Dd98C8A089dBCFF7e8FC8d4f532BD493501Ab7F", 8, NULL); INSERT INTO common_asset_details(identifier, symbol, coingecko, cryptocompare, forked, started, swapped_for) VALUES("eip155:1/erc20:0x3Dd98C8A089dBCFF7e8FC8d4f532BD493501Ab7F", "TOWN", "town-star", "TOWN", NULL, 1632840452, NULL);
*
INSERT INTO assets(identifier, name, type) VALUES("eip155:1/erc20:0x7DbDD9DaFdC4c1c03D67925a4f85daA398aF32B0", "Anchor Neural World Token", "C"); INSERT INTO evm_tokens(identifier, token_kind, chain, address, decimals, protocol) VALUES("eip155:1/erc20:0x7DbDD9DaFdC4c1c03D67925a4f85daA398aF32B0", "A", 1, "0x7DbDD9DaFdC4c1c03D67925a4f85daA398aF32B0", 18, NULL); INSERT INTO common_asset_details(identifier, symbol, coingecko, cryptocompare, forked, started, swapped_for) VALUES("eip155:1/erc20:0x7DbDD9DaFdC4c1c03D67925a4f85daA398aF32B0", "ANW", "anchor-neural-world-token", "ANW", NULL, 1586937943, NULL);
*
INSERT INTO assets(identifier, name, type) VALUES("SNFT", "Spain National Football Team Fan Token", "W"); INSERT INTO common_asset_details(identifier, symbol, coingecko, cryptocompare, forked, started, swapped_for) VALUES("SNFT", "SNFT", "spain-national-fan-token", "SNFT", NULL, 1637200800, NULL);
*
INSERT INTO assets(identifier, name, type) VALUES("OKT", "OKC", "B"); INSERT INTO common_asset_details(identifier, symbol, coingecko, cryptocompare, forked, started, swapped_for) VALUES("OKT", "OKT", "oec-token", "OKT", NULL, 1611021600, NULL);
*
INSERT INTO assets(identifier, name, type) VALUES("eip155:1/erc20:0x3aaDA3e213aBf8529606924d8D1c55CbDc70Bf74", "XMON", "C"); INSERT INTO evm_tokens(identifier, token_kind, chain, address, decimals, protocol) VALUES("eip155:1/erc20:0x3aaDA3e213aBf8529606924d8D1c55CbDc70Bf74", "A", 1, "0x3aaDA3e213aBf8529606924d8D1c55CbDc70Bf74", 18, NULL); INSERT INTO common_asset_details(identifier, symbol, coingecko, cryptocompare, forked, started, swapped_for) VALUES("eip155:1/erc20:0x3aaDA3e213aBf8529606924d8D1c55CbDc70Bf74", "XMON", "xmon", "XMON", NULL, 1605244338, NULL);
*
INSERT INTO assets(identifier, name, type) VALUES("eip155:1/erc20:0x5f190F9082878cA141F858c1c90B4C59fe2782C5", "Kudoe", "C"); INSERT INTO evm_tokens(identifier, token_kind, chain, address, decimals, protocol) VALUES("eip155:1/erc20:0x5f190F9082878cA141F858c1c90B4C59fe2782C5", "A", 1, "0x5f190F9082878cA141F858c1c90B4C59fe2782C5", 18, NULL); INSERT INTO common_asset_details(identifier, symbol, coingecko, cryptocompare, forked, started, swapped_for) VALUES("eip155:1/erc20:0x5f190F9082878cA141F858c1c90B4C59fe2782C5", "KDOE", "kudoe", "", NULL, 1673317355, NULL);
*
INSERT INTO assets(identifier, name, type) VALUES("eip155:1/erc20:0x93eEB426782BD88fCD4B48D7b0368CF061044928", "The Rug Game", "C"); INSERT INTO evm_tokens(identifier, token_kind, chain, address, decimals, protocol) VALUES("eip155:1/erc20:0x93eEB426782BD88fCD4B48D7b0368CF061044928", "A", 1, "0x93eEB426782BD88fCD4B48D7b0368CF061044928", 18, NULL); INSERT INTO common_asset_details(identifier, symbol, coingecko, cryptocompare, forked, started, swapped_for) VALUES("eip155:1/erc20:0x93eEB426782BD88fCD4B48D7b0368CF061044928", "TRG", "the-rug-game", "", NULL, 1673421467, NULL);
*
INSERT INTO assets(identifier, name, type) VALUES("eip155:1/erc20:0x7db5af2B9624e1b3B4Bb69D6DeBd9aD1016A58Ac", "Volt Inu", "C"); INSERT INTO evm_tokens(identifier, token_kind, chain, address, decimals, protocol) VALUES("eip155:1/erc20:0x7db5af2B9624e1b3B4Bb69D6DeBd9aD1016A58Ac", "A", 1, "0x7db5af2B9624e1b3B4Bb69D6DeBd9aD1016A58Ac", 9, NULL); INSERT INTO common_asset_details(identifier, symbol, coingecko, cryptocompare, forked, started, swapped_for) VALUES("eip155:1/erc20:0x7db5af2B9624e1b3B4Bb69D6DeBd9aD1016A58Ac", "VOLT", "volt-inu-2", "VOLT", NULL, 1649378748, NULL);
*
INSERT INTO assets(identifier, name, type) VALUES("eip155:56/erc20:0xfEbe8C1eD424DbF688551D4E2267e7A53698F0aa", "Vita Inu", "C"); INSERT INTO evm_tokens(identifier, token_kind, chain, address, decimals, protocol) VALUES("eip155:56/erc20:0xfEbe8C1eD424DbF688551D4E2267e7A53698F0aa", "A", 56, "0xfEbe8C1eD424DbF688551D4E2267e7A53698F0aa", 18, NULL); INSERT INTO common_asset_details(identifier, symbol, coingecko, cryptocompare, forked, started, swapped_for) VALUES("eip155:56/erc20:0xfEbe8C1eD424DbF688551D4E2267e7A53698F0aa", "VINU", "vita-inu", "VITA", NULL, 1645170398, NULL);
*
INSERT INTO assets(identifier, name, type) VALUES("eip155:56/erc20:0x724A32dFFF9769A0a0e1F0515c0012d1fB14c3bd", "SQUAD", "C"); INSERT INTO evm_tokens(identifier, token_kind, chain, address, decimals, protocol) VALUES("eip155:56/erc20:0x724A32dFFF9769A0a0e1F0515c0012d1fB14c3bd", "A", 56, "0x724A32dFFF9769A0a0e1F0515c0012d1fB14c3bd", 18, NULL); INSERT INTO common_asset_details(identifier, symbol, coingecko, cryptocompare, forked, started, swapped_for) VALUES("eip155:56/erc20:0x724A32dFFF9769A0a0e1F0515c0012d1fB14c3bd", "SQUAD", "squad", "", NULL, 1670576731, NULL);
*
INSERT INTO assets(identifier, name, type) VALUES("eip155:1/erc20:0x19062190B1925b5b6689D7073fDfC8c2976EF8Cb", "BZZ", "C"); INSERT INTO evm_tokens(identifier, token_kind, chain, address, decimals, protocol) VALUES("eip155:1/erc20:0x19062190B1925b5b6689D7073fDfC8c2976EF8Cb", "A", 1, "0x19062190B1925b5b6689D7073fDfC8c2976EF8Cb", 16, NULL); INSERT INTO common_asset_details(identifier, symbol, coingecko, cryptocompare, forked, started, swapped_for) VALUES("eip155:1/erc20:0x19062190B1925b5b6689D7073fDfC8c2976EF8Cb", "BZZ", "swarm-bzz", "BZZ", NULL, 1623255587, NULL);
*
INSERT INTO assets(identifier, name, type) VALUES("eip155:250/erc20:0x904f51a2E7eEaf76aaF0418cbAF0B71149686f4A", "FAME", "C"); INSERT INTO evm_tokens(identifier, token_kind, chain, address, decimals, protocol) VALUES("eip155:250/erc20:0x904f51a2E7eEaf76aaF0418cbAF0B71149686f4A", "A", 250, "0x904f51a2E7eEaf76aaF0418cbAF0B71149686f4A", 18, NULL); INSERT INTO common_asset_details(identifier, symbol, coingecko, cryptocompare, forked, started, swapped_for) VALUES("eip155:250/erc20:0x904f51a2E7eEaf76aaF0418cbAF0B71149686f4A", "FAME", "fantom-maker", "", NULL, NULL, NULL);
*
INSERT INTO assets(identifier, name, type) VALUES("eip155:1/erc20:0xC8C424B91D8ce0137bAB4B832B7F7D154156BA6c", "APM Coin", "C"); INSERT INTO evm_tokens(identifier, token_kind, chain, address, decimals, protocol) VALUES("eip155:1/erc20:0xC8C424B91D8ce0137bAB4B832B7F7D154156BA6c", "A", 1, "0xC8C424B91D8ce0137bAB4B832B7F7D154156BA6c", 18, NULL); INSERT INTO common_asset_details(identifier, symbol, coingecko, cryptocompare, forked, started, swapped_for) VALUES("eip155:1/erc20:0xC8C424B91D8ce0137bAB4B832B7F7D154156BA6c", "APM", "apm-coin", "APM", NULL, 1555312943, NULL);
*
INSERT INTO assets(identifier, name, type) VALUES("ZYRO", "Zyro", "W"); INSERT INTO common_asset_details(identifier, symbol, coingecko, cryptocompare, forked, started, swapped_for) VALUES("ZYRO", "ZYRO", "zyro", "ZYRO", NULL, 1599962400, NULL);
*
INSERT INTO assets(identifier, name, type) VALUES("eip155:1/erc20:0x4C2e59D098DF7b6cBaE0848d66DE2f8A4889b9C3", "Fodl", "C"); INSERT INTO evm_tokens(identifier, token_kind, chain, address, decimals, protocol) VALUES("eip155:1/erc20:0x4C2e59D098DF7b6cBaE0848d66DE2f8A4889b9C3", "A", 1, "0x4C2e59D098DF7b6cBaE0848d66DE2f8A4889b9C3", 18, NULL); INSERT INTO common_asset_details(identifier, symbol, coingecko, cryptocompare, forked, started, swapped_for) VALUES("eip155:1/erc20:0x4C2e59D098DF7b6cBaE0848d66DE2f8A4889b9C3", "FODL", "fodl-finance", "FODL", NULL, 1633635250, NULL);
*
INSERT INTO assets(identifier, name, type) VALUES("eip155:56/erc20:0x43f5b29D63ceDC5a7c1724dbB1D698FDe05Ada21", "Fodl", "C"); INSERT INTO evm_tokens(identifier, token_kind, chain, address, decimals, protocol) VALUES("eip155:56/erc20:0x43f5b29D63ceDC5a7c1724dbB1D698FDe05Ada21", "A", 56, "0x43f5b29D63ceDC5a7c1724dbB1D698FDe05Ada21", 18, NULL); INSERT INTO common_asset_details(identifier, symbol, coingecko, cryptocompare, forked, started, swapped_for) VALUES("eip155:56/erc20:0x43f5b29D63ceDC5a7c1724dbB1D698FDe05Ada21", "FODL", "fodl-finance", "FODL", NULL, 1644990893, NULL);
*
INSERT INTO assets(identifier, name, type) VALUES("KCASH", "Kcash", "W"); INSERT INTO common_asset_details(identifier, symbol, coingecko, cryptocompare, forked, started, swapped_for) VALUES("KCASH", "KCASH", "kcash", "KCASH", NULL, 1516759200, NULL);
*
INSERT INTO assets(identifier, name, type) VALUES("eip155:1/erc20:0x490e3f4af13e1616EC97A8C6600c1061a8D0253e", "TERRAN", "C"); INSERT INTO evm_tokens(identifier, token_kind, chain, address, decimals, protocol) VALUES("eip155:1/erc20:0x490e3f4af13e1616EC97A8C6600c1061a8D0253e", "A", 1, "0x490e3f4af13e1616EC97A8C6600c1061a8D0253e", 18, NULL); INSERT INTO common_asset_details(identifier, symbol, coingecko, cryptocompare, forked, started, swapped_for) VALUES("eip155:1/erc20:0x490e3f4af13e1616EC97A8C6600c1061a8D0253e", "TRR", "terran-coin", "TRR", NULL, 1615700729, NULL);
*
INSERT INTO assets(identifier, name, type) VALUES("eip155:56/erc20:0xbB95cc1c662D89822bda29D2e147B124406e6e42", "TERRAN", "C"); INSERT INTO evm_tokens(identifier, token_kind, chain, address, decimals, protocol) VALUES("eip155:56/erc20:0xbB95cc1c662D89822bda29D2e147B124406e6e42", "A", 56, "0xbB95cc1c662D89822bda29D2e147B124406e6e42", 18, NULL); INSERT INTO common_asset_details(identifier, symbol, coingecko, cryptocompare, forked, started, swapped_for) VALUES("eip155:56/erc20:0xbB95cc1c662D89822bda29D2e147B124406e6e42", "TRR", "terran-coin", "TRR", NULL, 1648126880, NULL);
*
INSERT INTO assets(identifier, name, type) VALUES("WACME", "Wrapped Accumulate", "W"); INSERT INTO common_asset_details(identifier, symbol, coingecko, cryptocompare, forked, started, swapped_for) VALUES("WACME", "WACME", "wrapped-accumulate", "", NULL, 1516759200, NULL);
*
INSERT INTO assets(identifier, name, type) VALUES("BONK", "Bonk", "Y"); INSERT INTO common_asset_details(identifier, symbol, coingecko, cryptocompare, forked, started, swapped_for) VALUES("BONK", "BONK", "bonk", "BONK", NULL, 1672279200, NULL);
*
INSERT INTO assets(identifier, name, type) VALUES("POR", "Portugal National Team Fan Token", "W"); INSERT INTO common_asset_details(identifier, symbol, coingecko, cryptocompare, forked, started, swapped_for) VALUES("POR", "POR", "portugal-national-team-fan-token", "POR", NULL, 1632362400, NULL);
*
INSERT INTO assets(identifier, name, type) VALUES("UT", "Ulord", "B"); INSERT INTO common_asset_details(identifier, symbol, coingecko, cryptocompare, forked, started, swapped_for) VALUES("UT", "UT", "ulord", "UT", NULL, 1537063200, NULL);
*
INSERT INTO assets(identifier, name, type) VALUES("OKDOT1", "OKX Staked DOT1", "B"); INSERT INTO common_asset_details(identifier, symbol, coingecko, cryptocompare, forked, started, swapped_for) VALUES("OKDOT1", "OKDOT1", "okx-staked-dot1", "", NULL, 1660701600, NULL);
*
INSERT INTO assets(identifier, name, type) VALUES("OKDOT2", "OKX Staked DOT2", "B"); INSERT INTO common_asset_details(identifier, symbol, coingecko, cryptocompare, forked, started, swapped_for) VALUES("OKDOT2", "OKDOT2", "okx-staked-dot2", "", NULL, 1660788000, NULL);
*
INSERT INTO assets(identifier, name, type) VALUES("eip155:1/erc20:0x1b6C5864375b34aF3Ff5Bd2E5f40Bc425B4a8D79", "TopChainCoin", "C"); INSERT INTO evm_tokens(identifier, token_kind, chain, address, decimals, protocol) VALUES("eip155:1/erc20:0x1b6C5864375b34aF3Ff5Bd2E5f40Bc425B4a8D79", "A", 1, "0x1b6C5864375b34aF3Ff5Bd2E5f40Bc425B4a8D79", 6, NULL); INSERT INTO common_asset_details(identifier, symbol, coingecko, cryptocompare, forked, started, swapped_for) VALUES("eip155:1/erc20:0x1b6C5864375b34aF3Ff5Bd2E5f40Bc425B4a8D79", "TOPC", "topchain", "TOPC", NULL, 1514429710, NULL);
*
INSERT INTO assets(identifier, name, type) VALUES("CGS", "Crypto Gladiator Shards", "W"); INSERT INTO common_asset_details(identifier, symbol, coingecko, cryptocompare, forked, started, swapped_for) VALUES("CGS", "CGS", "crypto-gladiator-shards", "CGS", NULL, 1629683683, NULL);
*
INSERT INTO assets(identifier, name, type) VALUES("WGRT", "WaykiChain Governance Coin", "W"); INSERT INTO common_asset_details(identifier, symbol, coingecko, cryptocompare, forked, started, swapped_for) VALUES("WGRT", "WGRT", "waykichain-governance-coin", "WGRT", NULL, 1597284000, NULL);
*
INSERT INTO assets(identifier, name, type) VALUES("eip155:56/erc20:0x475bFaa1848591ae0E6aB69600f48d828f61a80E", "Everdome", "C"); INSERT INTO evm_tokens(identifier, token_kind, chain, address, decimals, protocol) VALUES("eip155:56/erc20:0x475bFaa1848591ae0E6aB69600f48d828f61a80E", "A", 56, "0x475bFaa1848591ae0E6aB69600f48d828f61a80E", 18, NULL); INSERT INTO common_asset_details(identifier, symbol, coingecko, cryptocompare, forked, started, swapped_for) VALUES("eip155:56/erc20:0x475bFaa1848591ae0E6aB69600f48d828f61a80E", "DOME", "everdome", "DOME", NULL, 1642534525, NULL);
*
INSERT INTO assets(identifier, name, type) VALUES("eip155:1/erc20:0x362bc847A3a9637d3af6624EeC853618a43ed7D2", "Parsiq Token", "C"); INSERT INTO evm_tokens(identifier, token_kind, chain, address, decimals, protocol) VALUES("eip155:1/erc20:0x362bc847A3a9637d3af6624EeC853618a43ed7D2", "A", 1, "0x362bc847A3a9637d3af6624EeC853618a43ed7D2", 18, NULL); INSERT INTO common_asset_details(identifier, symbol, coingecko, cryptocompare, forked, started, swapped_for) VALUES("eip155:1/erc20:0x362bc847A3a9637d3af6624EeC853618a43ed7D2", "PRQ", "parsiq", "PRQ", NULL, 1602116270, NULL);
*
INSERT INTO assets(identifier, name, type) VALUES("eip155:56/erc20:0xd9dE2B1973E57Dc9DBA90c35d6Cd940ae4A3CBe1", "Milo Inu", "C"); INSERT INTO evm_tokens(identifier, token_kind, chain, address, decimals, protocol) VALUES("eip155:56/erc20:0xd9dE2B1973E57Dc9DBA90c35d6Cd940ae4A3CBe1", "A", 56, "0xd9dE2B1973E57Dc9DBA90c35d6Cd940ae4A3CBe1", 9, NULL); INSERT INTO common_asset_details(identifier, symbol, coingecko, cryptocompare, forked, started, swapped_for) VALUES("eip155:56/erc20:0xd9dE2B1973E57Dc9DBA90c35d6Cd940ae4A3CBe1", "MILO", "milo-inu", "MILO", NULL, 1644587889, NULL);
*
INSERT INTO assets(identifier, name, type) VALUES("LAT", "PlatON Network", "B"); INSERT INTO common_asset_details(identifier, symbol, coingecko, cryptocompare, forked, started, swapped_for) VALUES("LAT", "LAT", "platon-network", "LAT", NULL, 1620784800, NULL);
*
INSERT INTO assets(identifier, name, type) VALUES("eip155:1/erc20:0x30D20208d987713f46DFD34EF128Bb16C404D10f", "Stader", "C"); INSERT INTO evm_tokens(identifier, token_kind, chain, address, decimals, protocol) VALUES("eip155:1/erc20:0x30D20208d987713f46DFD34EF128Bb16C404D10f", "A", 1, "0x30D20208d987713f46DFD34EF128Bb16C404D10f", 18, NULL); INSERT INTO common_asset_details(identifier, symbol, coingecko, cryptocompare, forked, started, swapped_for) VALUES("eip155:1/erc20:0x30D20208d987713f46DFD34EF128Bb16C404D10f", "SD", "stader", "SD", NULL, 1642382824, NULL);
*
INSERT INTO assets(identifier, name, type) VALUES("TRUE", "TrueChain", "B"); INSERT INTO common_asset_details(identifier, symbol, coingecko, cryptocompare, forked, started, swapped_for) VALUES("TRUE", "TRUE", "true-chain", "TRUE", NULL, 1516759200, NULL);
*
INSERT INTO assets(identifier, name, type) VALUES("ORB", "Orbcity", "W"); INSERT INTO common_asset_details(identifier, symbol, coingecko, cryptocompare, forked, started, swapped_for) VALUES("ORB", "ORB", "klaycity-orb", "ORB", NULL, 1647828000, NULL);
*
INSERT INTO assets(identifier, name, type) VALUES("eip155:1/erc20:0x35b08722AA26bE119c1608029CcbC976ac5C1082", "EminerToken", "C"); INSERT INTO evm_tokens(identifier, token_kind, chain, address, decimals, protocol) VALUES("eip155:1/erc20:0x35b08722AA26bE119c1608029CcbC976ac5C1082", "A", 1, "0x35b08722AA26bE119c1608029CcbC976ac5C1082", 8, NULL); INSERT INTO common_asset_details(identifier, symbol, coingecko, cryptocompare, forked, started, swapped_for) VALUES("eip155:1/erc20:0x35b08722AA26bE119c1608029CcbC976ac5C1082", "EM", "eminer", "EM", NULL, 1561709980, NULL);
*
INSERT INTO assets(identifier, name, type) VALUES("eip155:137/erc20:0x411bc96881A62572FF33c9d8CE60dF99E3d96cd8", "Mars Token", "C"); INSERT INTO evm_tokens(identifier, token_kind, chain, address, decimals, protocol) VALUES("eip155:137/erc20:0x411bc96881A62572FF33c9d8CE60dF99E3d96cd8", "A", 137, "0x411bc96881A62572FF33c9d8CE60dF99E3d96cd8", 18, NULL); INSERT INTO common_asset_details(identifier, symbol, coingecko, cryptocompare, forked, started, swapped_for) VALUES("eip155:137/erc20:0x411bc96881A62572FF33c9d8CE60dF99E3d96cd8", "MRST", "the-mars", "", NULL, NULL, NULL);
*
UPDATE common_asset_details SET cryptocompare="ETHF" WHERE identifier="ETHF";
INSERT INTO assets(identifier, name, type) VALUES("ETHF", "EthereumFair", "B"); INSERT INTO common_asset_details(identifier, symbol, coingecko, cryptocompare, forked, started, swapped_for) VALUES("ETHF", "ETHF", "ethereumfair", "ETHF", "ETH", 1663224179, NULL);
UPDATE common_asset_details SET cryptocompare="TEER" WHERE identifier="TEER";
INSERT INTO assets(identifier, name, type) VALUES("TEER", "Integritee", "W"); INSERT INTO common_asset_details(identifier, symbol, coingecko, cryptocompare, forked, started, swapped_for) VALUES("TEER", "TEER", "integritee", "TEER", NULL, 1638320400, NULL);
UPDATE common_asset_details SET cryptocompare="XPLA" WHERE identifier="XPLA";
INSERT INTO assets(identifier, name, type) VALUES("XPLA", "XPLA", "B"); INSERT INTO common_asset_details(identifier, symbol, coingecko, cryptocompare, forked, started, swapped_for) VALUES("XPLA", "XPLA", "xpla", "XPLA", NULL, 1666375343, NULL);
UPDATE common_asset_details SET cryptocompare="INTR" WHERE identifier="INTR";
INSERT INTO assets(identifier, name, type) VALUES("INTR", "Interlay", "W"); INSERT INTO common_asset_details(identifier, symbol, coingecko, cryptocompare, forked, started, swapped_for) VALUES("INTR", "INTR", "interlay", "INTR", NULL, 1657688550, NULL);
UPDATE common_asset_details SET cryptocompare="MPLX" WHERE identifier="MPLX";
INSERT INTO assets(identifier, name, type) VALUES("MPLX", "Metaplex", "Y"); INSERT INTO common_asset_details(identifier, symbol, coingecko, cryptocompare, forked, started, swapped_for) VALUES("MPLX", "MPLX", "metaplex", "MPLX", NULL, 1663646540, NULL);
UPDATE common_asset_details SET cryptocompare="NODL" WHERE identifier="NODL";
INSERT INTO assets(identifier, name, type) VALUES("NODL", "Nodle Network", "W"); INSERT INTO common_asset_details(identifier, symbol, coingecko, cryptocompare, forked, started, swapped_for) VALUES("NODL", "NODL", "nodle-network", "NODL", NULL, 1661490029, NULL);
UPDATE common_asset_details SET cryptocompare="IP3" WHERE identifier="IP3";
INSERT INTO assets(identifier, name, type) VALUES("IP3", "Cripco", "Y"); INSERT INTO common_asset_details(identifier, symbol, coingecko, cryptocompare, forked, started, swapped_for) VALUES("IP3", "IP3", "cripco", "IP3", NULL, 1657594998, NULL);
INSERT INTO assets(identifier, name, type) VALUES("eip155:1/erc20:0xB755D5bC7de83232b9df1886bD5CdB38895933B0", "hiMFERS", "C"); INSERT INTO evm_tokens(identifier, token_kind, chain, address, decimals, protocol) VALUES("eip155:1/erc20:0xB755D5bC7de83232b9df1886bD5CdB38895933B0", "A", 1, "0xB755D5bC7de83232b9df1886bD5CdB38895933B0", 18, NULL); INSERT INTO common_asset_details(identifier, symbol, coingecko, cryptocompare, forked, started, swapped_for) VALUES("eip155:1/erc20:0xB755D5bC7de83232b9df1886bD5CdB38895933B0", "hiMFERS", "himfers", "", NULL, 1672726895, NULL);
*
INSERT INTO assets(identifier, name, type) VALUES("eip155:56/erc20:0xD0ACCF05878caFe24ff8b3F82F194C62Ed755707", "SIMP Token", "C"); INSERT INTO evm_tokens(identifier, token_kind, chain, address, decimals, protocol) VALUES("eip155:56/erc20:0xD0ACCF05878caFe24ff8b3F82F194C62Ed755707", "A", 56, "0xD0ACCF05878caFe24ff8b3F82F194C62Ed755707", 6, NULL); INSERT INTO common_asset_details(identifier, symbol, coingecko, cryptocompare, forked, started, swapped_for) VALUES("eip155:56/erc20:0xD0ACCF05878caFe24ff8b3F82F194C62Ed755707", "SIMP", "simp-token", "", NULL, 1633886436, NULL);
*