INSERT INTO assets(identifier, name, type) VALUES("eip155:1/erc20:0xB62E45c3Df611dcE236A6Ddc7A493d79F9DFadEf", "Wall Street Memes", "C"); INSERT INTO evm_tokens(identifier, token_kind, chain, address, decimals, protocol) VALUES("eip155:1/erc20:0xB62E45c3Df611dcE236A6Ddc7A493d79F9DFadEf", "A", 1, "0xB62E45c3Df611dcE236A6Ddc7A493d79F9DFadEf", 18, NULL); INSERT INTO common_asset_details(identifier, symbol, coingecko, cryptocompare, forked, started, swapped_for) VALUES("eip155:1/erc20:0xB62E45c3Df611dcE236A6Ddc7A493d79F9DFadEf", "WSM", "wall-street-memes", "WSM", NULL, 1685453495, NULL);
*
INSERT INTO assets(identifier, name, type) VALUES("eip155:250/erc20:0x6626c47c00F1D87902fc13EECfaC3ed06D5E8D8a", "WOO Network", "C"); INSERT INTO evm_tokens(identifier, token_kind, chain, address, decimals, protocol) VALUES("eip155:250/erc20:0x6626c47c00F1D87902fc13EECfaC3ed06D5E8D8a", "A", 250, "0x6626c47c00F1D87902fc13EECfaC3ed06D5E8D8a", 18, NULL); INSERT INTO common_asset_details(identifier, symbol, coingecko, cryptocompare, forked, started, swapped_for) VALUES("eip155:250/erc20:0x6626c47c00F1D87902fc13EECfaC3ed06D5E8D8a", "WOO", "woo-network", "WOO", NULL, 1631081618, NULL);
*
INSERT INTO assets(identifier, name, type) VALUES("eip155:100/erc20:0xc20C9C13E853fc64d054b73fF21d3636B2d97eaB", "CoW Protocol Virtual Token", "C"); INSERT INTO evm_tokens(identifier, token_kind, chain, address, decimals, protocol) VALUES("eip155:100/erc20:0xc20C9C13E853fc64d054b73fF21d3636B2d97eaB", "A", 100, "0xc20C9C13E853fc64d054b73fF21d3636B2d97eaB", 18, NULL); INSERT INTO common_asset_details(identifier, symbol, coingecko, cryptocompare, forked, started, swapped_for) VALUES("eip155:100/erc20:0xc20C9C13E853fc64d054b73fF21d3636B2d97eaB", "vCOW", "cow-protocol", "COW", NULL, 1644610920, NULL);
*
INSERT INTO assets(identifier, name, type) VALUES("SEI", "Sei", "B"); INSERT INTO common_asset_details(identifier, symbol, coingecko, cryptocompare, forked, started, swapped_for) VALUES("SEI", "SEI", "sei-network", "SEI", NULL, 1692111611, NULL);
*
INSERT INTO assets(identifier, name, type) VALUES("eip155:42170/erc20:0x6DcB98f460457fe4952e12779Ba852F82eCC62C1", "Bricks", "C"); INSERT INTO evm_tokens(identifier, token_kind, chain, address, decimals, protocol) VALUES("eip155:42170/erc20:0x6DcB98f460457fe4952e12779Ba852F82eCC62C1", "A", 42170, "0x6DcB98f460457fe4952e12779Ba852F82eCC62C1", 18, NULL); INSERT INTO common_asset_details(identifier, symbol, coingecko, cryptocompare, forked, started, swapped_for) VALUES("eip155:42170/erc20:0x6DcB98f460457fe4952e12779Ba852F82eCC62C1", "BRICK", "brick", "", NULL, 1660060109, NULL);
*
INSERT INTO assets(identifier, name, type) VALUES("eip155:42170/erc20:0x0057Ac2d777797d31CD3f8f13bF5e927571D6Ad0", "Moons", "C"); INSERT INTO evm_tokens(identifier, token_kind, chain, address, decimals, protocol) VALUES("eip155:42170/erc20:0x0057Ac2d777797d31CD3f8f13bF5e927571D6Ad0", "A", 42170, "0x0057Ac2d777797d31CD3f8f13bF5e927571D6Ad0", 18, NULL); INSERT INTO common_asset_details(identifier, symbol, coingecko, cryptocompare, forked, started, swapped_for) VALUES("eip155:42170/erc20:0x0057Ac2d777797d31CD3f8f13bF5e927571D6Ad0", "MOON", "moon", "", NULL, 1660059804, NULL);
*
INSERT INTO assets(identifier, name, type) VALUES("ISLM", "Islamic Coin", "B"); INSERT INTO common_asset_details(identifier, symbol, coingecko, cryptocompare, forked, started, swapped_for) VALUES("ISLM", "ISLM", "islamic-coin", "", NULL, 1697191211, NULL);
*
INSERT INTO assets(identifier, name, type) VALUES("NTRN", "Neutron", "B"); INSERT INTO common_asset_details(identifier, symbol, coingecko, cryptocompare, forked, started, swapped_for) VALUES("NTRN", "NTRN", "neutron-3", "", NULL, 1688522400, NULL);
*
UPDATE common_asset_details SET coingecko="savings-dai" WHERE identifier="eip155:1/erc20:0x83F20F44975D03b1b09e64809B757c47f942BEeA";
INSERT INTO assets(identifier, name, type) VALUES("eip155:1/erc20:0x83F20F44975D03b1b09e64809B757c47f942BEeA", "Savings Dai", "C"); INSERT INTO evm_tokens(identifier, token_kind, chain, address, decimals, protocol) VALUES("eip155:1/erc20:0x83F20F44975D03b1b09e64809B757c47f942BEeA", "A", 1, "0x83F20F44975D03b1b09e64809B757c47f942BEeA", 18, NULL); INSERT INTO common_asset_details(identifier, symbol, coingecko, cryptocompare, forked, started, swapped_for) VALUES("eip155:1/erc20:0x83F20F44975D03b1b09e64809B757c47f942BEeA", "sDAI", "", "", NULL, 1673977931, NULL);
INSERT INTO assets(identifier, name, type) VALUES("eip155:1/erc20:0x64Bc2cA1Be492bE7185FAA2c8835d9b824c8a194", "Big Time", "C"); INSERT INTO evm_tokens(identifier, token_kind, chain, address, decimals, protocol) VALUES("eip155:1/erc20:0x64Bc2cA1Be492bE7185FAA2c8835d9b824c8a194", "A", 1, "0x64Bc2cA1Be492bE7185FAA2c8835d9b824c8a194", 18, NULL); INSERT INTO common_asset_details(identifier, symbol, coingecko, cryptocompare, forked, started, swapped_for) VALUES("eip155:1/erc20:0x64Bc2cA1Be492bE7185FAA2c8835d9b824c8a194", "BIGTIME", "big-time", "BIGTIME", NULL, 1694822987, NULL);
*
INSERT INTO assets(identifier, name, type) VALUES("eip155:10/erc20:0xFdb794692724153d1488CcdBE0C56c252596735F", "Lido DAO Token", "C"); INSERT INTO evm_tokens(identifier, token_kind, chain, address, decimals, protocol) VALUES("eip155:10/erc20:0xFdb794692724153d1488CcdBE0C56c252596735F", "A", 10, "0xFdb794692724153d1488CcdBE0C56c252596735F", 18, NULL); INSERT INTO common_asset_details(identifier, symbol, coingecko, cryptocompare, forked, started, swapped_for) VALUES("eip155:10/erc20:0xFdb794692724153d1488CcdBE0C56c252596735F", "LDO", "lido-dao", "LDO", NULL, 1663238390, NULL);
*
INSERT INTO assets(identifier, name, type) VALUES("eip155:10/erc20:0xdFA46478F9e5EA86d57387849598dbFB2e964b02", "Mai Stablecoin", "C"); INSERT INTO evm_tokens(identifier, token_kind, chain, address, decimals, protocol) VALUES("eip155:10/erc20:0xdFA46478F9e5EA86d57387849598dbFB2e964b02", "A", 10, "0xdFA46478F9e5EA86d57387849598dbFB2e964b02", 18, NULL); INSERT INTO common_asset_details(identifier, symbol, coingecko, cryptocompare, forked, started, swapped_for) VALUES("eip155:10/erc20:0xdFA46478F9e5EA86d57387849598dbFB2e964b02", "MAI", "mimatic", "", NULL, 1649184404, NULL);
*
INSERT INTO assets(identifier, name, type) VALUES("eip155:100/erc20:0x3F56e0c36d275367b8C502090EDF38289b3dEa0d", "Mai Stablecoin", "C"); INSERT INTO evm_tokens(identifier, token_kind, chain, address, decimals, protocol) VALUES("eip155:100/erc20:0x3F56e0c36d275367b8C502090EDF38289b3dEa0d", "A", 100, "0x3F56e0c36d275367b8C502090EDF38289b3dEa0d", 18, NULL); INSERT INTO common_asset_details(identifier, symbol, coingecko, cryptocompare, forked, started, swapped_for) VALUES("eip155:100/erc20:0x3F56e0c36d275367b8C502090EDF38289b3dEa0d", "MAI", "mimatic", "", NULL, 1640939605, NULL);
*
INSERT INTO assets(identifier, name, type) VALUES("eip155:42161/erc20:0x3F56e0c36d275367b8C502090EDF38289b3dEa0d", "Mai Stablecoin", "C"); INSERT INTO evm_tokens(identifier, token_kind, chain, address, decimals, protocol) VALUES("eip155:42161/erc20:0x3F56e0c36d275367b8C502090EDF38289b3dEa0d", "A", 42161, "0x3F56e0c36d275367b8C502090EDF38289b3dEa0d", 18, NULL); INSERT INTO common_asset_details(identifier, symbol, coingecko, cryptocompare, forked, started, swapped_for) VALUES("eip155:42161/erc20:0x3F56e0c36d275367b8C502090EDF38289b3dEa0d", "MAI", "mimatic", "", NULL, 1637557592, NULL);
*
INSERT INTO assets(identifier, name, type) VALUES("eip155:1/erc20:0xdA47862a83dac0c112BA89c6abC2159b95afd71C", "Prisma Governance Token", "C"); INSERT INTO evm_tokens(identifier, token_kind, chain, address, decimals, protocol) VALUES("eip155:1/erc20:0xdA47862a83dac0c112BA89c6abC2159b95afd71C", "A", 1, "0xdA47862a83dac0c112BA89c6abC2159b95afd71C", 18, NULL); INSERT INTO common_asset_details(identifier, symbol, coingecko, cryptocompare, forked, started, swapped_for) VALUES("eip155:1/erc20:0xdA47862a83dac0c112BA89c6abC2159b95afd71C", "PRISMA", "prisma-governance-token", "", NULL, 1693428323, NULL);
*
INSERT INTO assets(identifier, name, type) VALUES("TIA", "Celestia", "B"); INSERT INTO common_asset_details(identifier, symbol, coingecko, cryptocompare, forked, started, swapped_for) VALUES("TIA", "TIA", "celestia", "TIA", NULL, 1698771611, NULL);
*
INSERT INTO assets(identifier, name, type) VALUES("eip155:1/erc20:0x4591DBfF62656E7859Afe5e45f6f47D3669fBB28", "Prisma mkUSD", "C"); INSERT INTO evm_tokens(identifier, token_kind, chain, address, decimals, protocol) VALUES("eip155:1/erc20:0x4591DBfF62656E7859Afe5e45f6f47D3669fBB28", "A", 1, "0x4591DBfF62656E7859Afe5e45f6f47D3669fBB28", 18, NULL); INSERT INTO common_asset_details(identifier, symbol, coingecko, cryptocompare, forked, started, swapped_for) VALUES("eip155:1/erc20:0x4591DBfF62656E7859Afe5e45f6f47D3669fBB28", "mkUSD", "prisma-mkusd", "", NULL, 1693427663, NULL);
*
INSERT INTO assets(identifier, name, type) VALUES("eip155:1/erc20:0x38cF6Cea814aefD01027A0bBF8a78B7Aa95A698E", "Bypass", "C"); INSERT INTO evm_tokens(identifier, token_kind, chain, address, decimals, protocol) VALUES("eip155:1/erc20:0x38cF6Cea814aefD01027A0bBF8a78B7Aa95A698E", "A", 1, "0x38cF6Cea814aefD01027A0bBF8a78B7Aa95A698E", 9, NULL); INSERT INTO common_asset_details(identifier, symbol, coingecko, cryptocompare, forked, started, swapped_for) VALUES("eip155:1/erc20:0x38cF6Cea814aefD01027A0bBF8a78B7Aa95A698E", "BYPASS", "bypass", "", NULL, 1698877439, NULL);
*
INSERT INTO assets(identifier, name, type) VALUES("eip155:1/erc20:0x94Be6962be41377d5BedA8dFe1b100F3BF0eaCf3", "Dork Lord", "C"); INSERT INTO evm_tokens(identifier, token_kind, chain, address, decimals, protocol) VALUES("eip155:1/erc20:0x94Be6962be41377d5BedA8dFe1b100F3BF0eaCf3", "A", 1, "0x94Be6962be41377d5BedA8dFe1b100F3BF0eaCf3", 18, NULL); INSERT INTO common_asset_details(identifier, symbol, coingecko, cryptocompare, forked, started, swapped_for) VALUES("eip155:1/erc20:0x94Be6962be41377d5BedA8dFe1b100F3BF0eaCf3", "DORKL", "dork-lord", "", NULL, 1693944311, NULL);
*
INSERT INTO assets(identifier, name, type) VALUES("WSTUSDT", "Wrapped Staked Tether", "P"); INSERT INTO common_asset_details(identifier, symbol, coingecko, cryptocompare, forked, started, swapped_for) VALUES("WSTUSDT", "WSTUSDT", "wrapped-staked-usdt", "", NULL, 1691028011, NULL);
*
INSERT INTO assets(identifier, name, type) VALUES("SPURS", "Tottenham Hotspur FC Fan Token", "W"); INSERT INTO common_asset_details(identifier, symbol, coingecko, cryptocompare, forked, started, swapped_for) VALUES("SPURS", "SPURS", "tottenham-hotspur-fc-fan-token", "", NULL, 1698327431, NULL);
*
INSERT INTO assets(identifier, name, type) VALUES("eip155:1/erc20:0x0257fFD7eA2eBba4aAA090C7AdBDD032A08c1F74", "ZELIX", "C"); INSERT INTO evm_tokens(identifier, token_kind, chain, address, decimals, protocol) VALUES("eip155:1/erc20:0x0257fFD7eA2eBba4aAA090C7AdBDD032A08c1F74", "A", 1, "0x0257fFD7eA2eBba4aAA090C7AdBDD032A08c1F74", 18, NULL); INSERT INTO common_asset_details(identifier, symbol, coingecko, cryptocompare, forked, started, swapped_for) VALUES("eip155:1/erc20:0x0257fFD7eA2eBba4aAA090C7AdBDD032A08c1F74", "ZELIX", "zelix", "", NULL, NULL, NULL);
*
INSERT INTO assets(identifier, name, type) VALUES("eip155:42161/erc20:0xD77B108d4f6cefaa0Cae9506A934e825BEccA46E", "WINR", "C"); INSERT INTO evm_tokens(identifier, token_kind, chain, address, decimals, protocol) VALUES("eip155:42161/erc20:0xD77B108d4f6cefaa0Cae9506A934e825BEccA46E", "A", 42161, "0xD77B108d4f6cefaa0Cae9506A934e825BEccA46E", 18, NULL); INSERT INTO common_asset_details(identifier, symbol, coingecko, cryptocompare, forked, started, swapped_for) VALUES("eip155:42161/erc20:0xD77B108d4f6cefaa0Cae9506A934e825BEccA46E", "WINR", "winr-protocol", "", NULL, 1678039322, NULL);
*
INSERT INTO assets(identifier, name, type) VALUES("eip155:42161/erc20:0xFF970A61A04b1cA14834A43f5dE4533eBDDB5CC8", "Bridged USDC", "C"); INSERT INTO evm_tokens(identifier, token_kind, chain, address, decimals, protocol) VALUES("eip155:42161/erc20:0xFF970A61A04b1cA14834A43f5dE4533eBDDB5CC8", "A", 42161, "0xFF970A61A04b1cA14834A43f5dE4533eBDDB5CC8", 6, NULL); INSERT INTO common_asset_details(identifier, symbol, coingecko, cryptocompare, forked, started, swapped_for) VALUES("eip155:42161/erc20:0xFF970A61A04b1cA14834A43f5dE4533eBDDB5CC8", "USDC.e", "usd-coin-ethereum-bridged", "USDC", NULL, 1623868379, NULL);
*
INSERT INTO assets(identifier, name, type) VALUES("eip155:10/erc20:0x7F5c764cBc14f9669B88837ca1490cCa17c31607", "Bridged USDC Coin", "C"); INSERT INTO evm_tokens(identifier, token_kind, chain, address, decimals, protocol) VALUES("eip155:10/erc20:0x7F5c764cBc14f9669B88837ca1490cCa17c31607", "A", 10, "0x7F5c764cBc14f9669B88837ca1490cCa17c31607", 6, NULL); INSERT INTO common_asset_details(identifier, symbol, coingecko, cryptocompare, forked, started, swapped_for) VALUES("eip155:10/erc20:0x7F5c764cBc14f9669B88837ca1490cCa17c31607", "USDC.e", "usd-coin-ethereum-bridged", "USDC", NULL, NULL, NULL);
*
INSERT INTO assets(identifier, name, type) VALUES("eip155:137/erc20:0x27842334C55c01DDFE81Bf687425F906816c5141", "Veloce", "C"); INSERT INTO evm_tokens(identifier, token_kind, chain, address, decimals, protocol) VALUES("eip155:137/erc20:0x27842334C55c01DDFE81Bf687425F906816c5141", "A", 137, "0x27842334C55c01DDFE81Bf687425F906816c5141", 18, NULL); INSERT INTO common_asset_details(identifier, symbol, coingecko, cryptocompare, forked, started, swapped_for) VALUES("eip155:137/erc20:0x27842334C55c01DDFE81Bf687425F906816c5141", "VEXT", "veloce-vext", "VEXT", NULL, 1693065144, NULL);
*
INSERT INTO assets(identifier, name, type) VALUES("eip155:1/erc20:0xB2492E97a68a6E4B9E9a11B99F6C42E5aCCD38c7", "Veloce", "C"); INSERT INTO evm_tokens(identifier, token_kind, chain, address, decimals, protocol) VALUES("eip155:1/erc20:0xB2492E97a68a6E4B9E9a11B99F6C42E5aCCD38c7", "A", 1, "0xB2492E97a68a6E4B9E9a11B99F6C42E5aCCD38c7", 18, NULL); INSERT INTO common_asset_details(identifier, symbol, coingecko, cryptocompare, forked, started, swapped_for) VALUES("eip155:1/erc20:0xB2492E97a68a6E4B9E9a11B99F6C42E5aCCD38c7", "VEXT", "veloce-vext", "VEXT", NULL, 1693066715, NULL);
*
INSERT INTO assets(identifier, name, type) VALUES("eip155:8453/erc20:0xAC1Bd2486aAf3B5C0fc3Fd868558b082a531B2B4", "Toshi", "C"); INSERT INTO evm_tokens(identifier, token_kind, chain, address, decimals, protocol) VALUES("eip155:8453/erc20:0xAC1Bd2486aAf3B5C0fc3Fd868558b082a531B2B4", "A", 8453, "0xAC1Bd2486aAf3B5C0fc3Fd868558b082a531B2B4", 18, NULL); INSERT INTO common_asset_details(identifier, symbol, coingecko, cryptocompare, forked, started, swapped_for) VALUES("eip155:8453/erc20:0xAC1Bd2486aAf3B5C0fc3Fd868558b082a531B2B4", "TOSHI", "toshi", "", NULL, 1696863767, NULL);
*
INSERT INTO assets(identifier, name, type) VALUES("eip155:1/erc20:0x6C74eBb3D9B4a1e77558F1871Cd9C8ef07b4DFB2", "Autism Token", "C"); INSERT INTO evm_tokens(identifier, token_kind, chain, address, decimals, protocol) VALUES("eip155:1/erc20:0x6C74eBb3D9B4a1e77558F1871Cd9C8ef07b4DFB2", "A", 1, "0x6C74eBb3D9B4a1e77558F1871Cd9C8ef07b4DFB2", 18, NULL); INSERT INTO common_asset_details(identifier, symbol, coingecko, cryptocompare, forked, started, swapped_for) VALUES("eip155:1/erc20:0x6C74eBb3D9B4a1e77558F1871Cd9C8ef07b4DFB2", "TISM", "the-autism-token", "", NULL, NULL, NULL);
*
INSERT INTO assets(identifier, name, type) VALUES("eip155:1/erc20:0x59C6766de1Dc50a9c9DB86CB0461b5Ce07408aB7", "spurdo", "C"); INSERT INTO evm_tokens(identifier, token_kind, chain, address, decimals, protocol) VALUES("eip155:1/erc20:0x59C6766de1Dc50a9c9DB86CB0461b5Ce07408aB7", "A", 1, "0x59C6766de1Dc50a9c9DB86CB0461b5Ce07408aB7", 8, NULL); INSERT INTO common_asset_details(identifier, symbol, coingecko, cryptocompare, forked, started, swapped_for) VALUES("eip155:1/erc20:0x59C6766de1Dc50a9c9DB86CB0461b5Ce07408aB7", "spurdo", "spurdo", "", NULL, 1691941475, NULL);
*
INSERT INTO assets(identifier, name, type) VALUES("eip155:1/erc20:0xb504035a11E672e12a099F32B1672b9C4a78b22f", "Safereum", "C"); INSERT INTO evm_tokens(identifier, token_kind, chain, address, decimals, protocol) VALUES("eip155:1/erc20:0xb504035a11E672e12a099F32B1672b9C4a78b22f", "A", 1, "0xb504035a11E672e12a099F32B1672b9C4a78b22f", 18, NULL); INSERT INTO common_asset_details(identifier, symbol, coingecko, cryptocompare, forked, started, swapped_for) VALUES("eip155:1/erc20:0xb504035a11E672e12a099F32B1672b9C4a78b22f", "SAFEREUM", "safereum", "", NULL, NULL, NULL);
*
INSERT INTO assets(identifier, name, type) VALUES("eip155:1/erc20:0x0c48250Eb1f29491F1eFBeEc0261eb556f0973C7", "AimBot", "C"); INSERT INTO evm_tokens(identifier, token_kind, chain, address, decimals, protocol) VALUES("eip155:1/erc20:0x0c48250Eb1f29491F1eFBeEc0261eb556f0973C7", "A", 1, "0x0c48250Eb1f29491F1eFBeEc0261eb556f0973C7", 18, NULL); INSERT INTO common_asset_details(identifier, symbol, coingecko, cryptocompare, forked, started, swapped_for) VALUES("eip155:1/erc20:0x0c48250Eb1f29491F1eFBeEc0261eb556f0973C7", "AIMBOT", "aimbot", "", NULL, 1691002943, NULL);
*
INSERT INTO assets(identifier, name, type) VALUES("eip155:25/erc20:0x97749c9B61F878a880DfE312d2594AE07AEd7656", "MMFinance", "C"); INSERT INTO evm_tokens(identifier, token_kind, chain, address, decimals, protocol) VALUES("eip155:25/erc20:0x97749c9B61F878a880DfE312d2594AE07AEd7656", "A", 25, "0x97749c9B61F878a880DfE312d2594AE07AEd7656", 18, NULL); INSERT INTO common_asset_details(identifier, symbol, coingecko, cryptocompare, forked, started, swapped_for) VALUES("eip155:25/erc20:0x97749c9B61F878a880DfE312d2594AE07AEd7656", "MMF", "mmfinance", "MMF", NULL, 1638845192, NULL);
*
INSERT INTO assets(identifier, name, type) VALUES("eip155:25/erc20:0x212331e1435A8df230715dB4C02B2a3A0abF8c61", "Mad Bucks", "C"); INSERT INTO evm_tokens(identifier, token_kind, chain, address, decimals, protocol) VALUES("eip155:25/erc20:0x212331e1435A8df230715dB4C02B2a3A0abF8c61", "A", 25, "0x212331e1435A8df230715dB4C02B2a3A0abF8c61", 18, NULL); INSERT INTO common_asset_details(identifier, symbol, coingecko, cryptocompare, forked, started, swapped_for) VALUES("eip155:25/erc20:0x212331e1435A8df230715dB4C02B2a3A0abF8c61", "MAD", "mad-bucks", "", NULL, 1648011426, NULL);
*
INSERT INTO assets(identifier, name, type) VALUES("eip155:1/erc20:0xB49fa25978abf9a248b8212Ab4b87277682301c0", "Rai.Finance", "C"); INSERT INTO evm_tokens(identifier, token_kind, chain, address, decimals, protocol) VALUES("eip155:1/erc20:0xB49fa25978abf9a248b8212Ab4b87277682301c0", "A", 1, "0xB49fa25978abf9a248b8212Ab4b87277682301c0", 18, NULL); INSERT INTO common_asset_details(identifier, symbol, coingecko, cryptocompare, forked, started, swapped_for) VALUES("eip155:1/erc20:0xB49fa25978abf9a248b8212Ab4b87277682301c0", "SOFI", "rai-finance", "SOFI", NULL, NULL, NULL);
*
INSERT INTO assets(identifier, name, type) VALUES("eip155:8453/erc20:0x703D57164CA270b0B330A87FD159CfEF1490c0a5", "Rai.Finance", "C"); INSERT INTO evm_tokens(identifier, token_kind, chain, address, decimals, protocol) VALUES("eip155:8453/erc20:0x703D57164CA270b0B330A87FD159CfEF1490c0a5", "A", 8453, "0x703D57164CA270b0B330A87FD159CfEF1490c0a5", 18, NULL); INSERT INTO common_asset_details(identifier, symbol, coingecko, cryptocompare, forked, started, swapped_for) VALUES("eip155:8453/erc20:0x703D57164CA270b0B330A87FD159CfEF1490c0a5", "SOFI", "rai-finance", "SOFI", NULL, 1692690317, NULL);
*
INSERT INTO assets(identifier, name, type) VALUES("eip155:1/erc20:0x839e71613f9aA06E5701CF6de63E303616B0DDE3", "VVS", "C"); INSERT INTO evm_tokens(identifier, token_kind, chain, address, decimals, protocol) VALUES("eip155:1/erc20:0x839e71613f9aA06E5701CF6de63E303616B0DDE3", "A", 1, "0x839e71613f9aA06E5701CF6de63E303616B0DDE3", 18, NULL); INSERT INTO common_asset_details(identifier, symbol, coingecko, cryptocompare, forked, started, swapped_for) VALUES("eip155:1/erc20:0x839e71613f9aA06E5701CF6de63E303616B0DDE3", "VVS", "vvs-finance", "VVS", NULL, 1659413142, NULL);
*
INSERT INTO assets(identifier, name, type) VALUES("eip155:25/erc20:0x2D03bECE6747ADC00E1a131BBA1469C15fD11e03", "VVSToken", "C"); INSERT INTO evm_tokens(identifier, token_kind, chain, address, decimals, protocol) VALUES("eip155:25/erc20:0x2D03bECE6747ADC00E1a131BBA1469C15fD11e03", "A", 25, "0x2D03bECE6747ADC00E1a131BBA1469C15fD11e03", 18, NULL); INSERT INTO common_asset_details(identifier, symbol, coingecko, cryptocompare, forked, started, swapped_for) VALUES("eip155:25/erc20:0x2D03bECE6747ADC00E1a131BBA1469C15fD11e03", "VVS", "vvs-finance", "VVS", NULL, 1636362283, NULL);
*
INSERT INTO assets(identifier, name, type) VALUES("eip155:25/erc20:0xdb7d0A1eC37dE1dE924F8e8adac6Ed338D4404E9", "VenoToken", "C"); INSERT INTO evm_tokens(identifier, token_kind, chain, address, decimals, protocol) VALUES("eip155:25/erc20:0xdb7d0A1eC37dE1dE924F8e8adac6Ed338D4404E9", "A", 25, "0xdb7d0A1eC37dE1dE924F8e8adac6Ed338D4404E9", 18, NULL); INSERT INTO common_asset_details(identifier, symbol, coingecko, cryptocompare, forked, started, swapped_for) VALUES("eip155:25/erc20:0xdb7d0A1eC37dE1dE924F8e8adac6Ed338D4404E9", "VNO", "veno-finance", "", NULL, 1673489404, NULL);
*
INSERT INTO assets(identifier, name, type) VALUES("eip155:25/erc20:0x39bC1e38c842C60775Ce37566D03B41A7A66C782", "FerroToken", "C"); INSERT INTO evm_tokens(identifier, token_kind, chain, address, decimals, protocol) VALUES("eip155:25/erc20:0x39bC1e38c842C60775Ce37566D03B41A7A66C782", "A", 25, "0x39bC1e38c842C60775Ce37566D03B41A7A66C782", 18, NULL); INSERT INTO common_asset_details(identifier, symbol, coingecko, cryptocompare, forked, started, swapped_for) VALUES("eip155:25/erc20:0x39bC1e38c842C60775Ce37566D03B41A7A66C782", "FER", "ferro", "FER", NULL, 1654498074, NULL);
*
INSERT INTO assets(identifier, name, type) VALUES("eip155:1/erc20:0x2f32b39023dA7d6A6486A85d12B346EB9C2A0D19", "FER", "C"); INSERT INTO evm_tokens(identifier, token_kind, chain, address, decimals, protocol) VALUES("eip155:1/erc20:0x2f32b39023dA7d6A6486A85d12B346EB9C2A0D19", "A", 1, "0x2f32b39023dA7d6A6486A85d12B346EB9C2A0D19", 18, NULL); INSERT INTO common_asset_details(identifier, symbol, coingecko, cryptocompare, forked, started, swapped_for) VALUES("eip155:1/erc20:0x2f32b39023dA7d6A6486A85d12B346EB9C2A0D19", "FER", "ferro", "FER", NULL, 1660013055, NULL);
*
INSERT INTO assets(identifier, name, type) VALUES("eip155:137/erc20:0x3c499c542cEF5E3811e1192ce70d8cC03d5c3359", "USD Coin", "C"); INSERT INTO evm_tokens(identifier, token_kind, chain, address, decimals, protocol) VALUES("eip155:137/erc20:0x3c499c542cEF5E3811e1192ce70d8cC03d5c3359", "A", 137, "0x3c499c542cEF5E3811e1192ce70d8cC03d5c3359", 6, NULL); INSERT INTO common_asset_details(identifier, symbol, coingecko, cryptocompare, forked, started, swapped_for) VALUES("eip155:137/erc20:0x3c499c542cEF5E3811e1192ce70d8cC03d5c3359", "USDC", "usd-coin", "USDC", NULL, 1689890042, NULL);
*
INSERT INTO assets(identifier, name, type) VALUES("eip155:1/erc20:0xBC6DA0FE9aD5f3b0d58160288917AA56653660E9", "Alchemix USD", "C"); INSERT INTO evm_tokens(identifier, token_kind, chain, address, decimals, protocol) VALUES("eip155:1/erc20:0xBC6DA0FE9aD5f3b0d58160288917AA56653660E9", "A", 1, "0xBC6DA0FE9aD5f3b0d58160288917AA56653660E9", 18, NULL); INSERT INTO common_asset_details(identifier, symbol, coingecko, cryptocompare, forked, started, swapped_for) VALUES("eip155:1/erc20:0xBC6DA0FE9aD5f3b0d58160288917AA56653660E9", "alUSD", "alchemix-usd", "ALUSD", NULL, 1614400291, NULL);
*
INSERT INTO assets(identifier, name, type) VALUES("eip155:10/erc20:0xCB8FA9a76b8e203D8C3797bF438d8FB81Ea3326A", "Alchemix USD", "C"); INSERT INTO evm_tokens(identifier, token_kind, chain, address, decimals, protocol) VALUES("eip155:10/erc20:0xCB8FA9a76b8e203D8C3797bF438d8FB81Ea3326A", "A", 10, "0xCB8FA9a76b8e203D8C3797bF438d8FB81Ea3326A", 18, NULL); INSERT INTO common_asset_details(identifier, symbol, coingecko, cryptocompare, forked, started, swapped_for) VALUES("eip155:10/erc20:0xCB8FA9a76b8e203D8C3797bF438d8FB81Ea3326A", "alUSD", "alchemix-usd", "ALUSD", NULL, 1653955245, NULL);
*
INSERT INTO assets(identifier, name, type) VALUES("eip155:8453/erc20:0xd9aAEc86B65D86f6A7B5B1b0c42FFA531710b6CA", "USD Base Coin", "C"); INSERT INTO evm_tokens(identifier, token_kind, chain, address, decimals, protocol) VALUES("eip155:8453/erc20:0xd9aAEc86B65D86f6A7B5B1b0c42FFA531710b6CA", "A", 8453, "0xd9aAEc86B65D86f6A7B5B1b0c42FFA531710b6CA", 6, NULL); INSERT INTO common_asset_details(identifier, symbol, coingecko, cryptocompare, forked, started, swapped_for) VALUES("eip155:8453/erc20:0xd9aAEc86B65D86f6A7B5B1b0c42FFA531710b6CA", "USDbC", "usd-coin", "USDC", NULL, 1690914161, NULL);
*
INSERT INTO assets(identifier, name, type) VALUES("eip155:42161/erc20:0xaf88d065e77c8cC2239327C5EDb3A432268e5831", "USD Coin", "C"); INSERT INTO evm_tokens(identifier, token_kind, chain, address, decimals, protocol) VALUES("eip155:42161/erc20:0xaf88d065e77c8cC2239327C5EDb3A432268e5831", "A", 42161, "0xaf88d065e77c8cC2239327C5EDb3A432268e5831", 6, NULL); INSERT INTO common_asset_details(identifier, symbol, coingecko, cryptocompare, forked, started, swapped_for) VALUES("eip155:42161/erc20:0xaf88d065e77c8cC2239327C5EDb3A432268e5831", "USDC", "usd-coin", "USDC", NULL, 1667248932, NULL);
*
INSERT INTO assets(identifier, name, type) VALUES("eip155:10/erc20:0x0b2C639c533813f4Aa9D7837CAf62653d097Ff85", "USD Coin", "C"); INSERT INTO evm_tokens(identifier, token_kind, chain, address, decimals, protocol) VALUES("eip155:10/erc20:0x0b2C639c533813f4Aa9D7837CAf62653d097Ff85", "A", 10, "0x0b2C639c533813f4Aa9D7837CAf62653d097Ff85", 6, ""); INSERT INTO common_asset_details(identifier, symbol, coingecko, cryptocompare, forked, started, swapped_for) VALUES("eip155:10/erc20:0x0b2C639c533813f4Aa9D7837CAf62653d097Ff85", "USDC", "usd-coin", "usdc", NULL, 1716200197, NULL);
*