INSERT INTO assets(identifier, name, type) VALUES("LUKSO", "LUKSO", "B"); INSERT INTO common_asset_details(identifier, symbol, coingecko, cryptocompare, forked, started, swapped_for) VALUES("LUKSO", "LUKSO", "lukso-token-2", "LYXE", NULL, 1684858812, NULL);
*
INSERT INTO assets(identifier, name, type) VALUES("eip155:1/erc20:0xf819d9Cb1c2A819Fd991781A822dE3ca8607c3C9", "Unibot", "C"); INSERT INTO evm_tokens(identifier, token_kind, chain, address, decimals, protocol) VALUES("eip155:1/erc20:0xf819d9Cb1c2A819Fd991781A822dE3ca8607c3C9", "A", 1, "0xf819d9Cb1c2A819Fd991781A822dE3ca8607c3C9", 18, NULL); INSERT INTO common_asset_details(identifier, symbol, coingecko, cryptocompare, forked, started, swapped_for) VALUES("eip155:1/erc20:0xf819d9Cb1c2A819Fd991781A822dE3ca8607c3C9", "UNIBOT", "unibot", "", NULL, 1686576239, NULL);
*
INSERT INTO assets(identifier, name, type) VALUES("eip155:1/erc20:0x163f8C2467924be0ae7B5347228CABF260318753", "Worldcoin", "C"); INSERT INTO evm_tokens(identifier, token_kind, chain, address, decimals, protocol) VALUES("eip155:1/erc20:0x163f8C2467924be0ae7B5347228CABF260318753", "A", 1, "0x163f8C2467924be0ae7B5347228CABF260318753", 18, NULL); INSERT INTO common_asset_details(identifier, symbol, coingecko, cryptocompare, forked, started, swapped_for) VALUES("eip155:1/erc20:0x163f8C2467924be0ae7B5347228CABF260318753", "WLD", "worldcoin-wld", "WLD", NULL, 1689617807, NULL);
*
INSERT INTO assets(identifier, name, type) VALUES("eip155:10/erc20:0xdC6fF44d5d932Cbd77B52E5612Ba0529DC6226F1", "Worldcoin", "C"); INSERT INTO evm_tokens(identifier, token_kind, chain, address, decimals, protocol) VALUES("eip155:10/erc20:0xdC6fF44d5d932Cbd77B52E5612Ba0529DC6226F1", "A", 10, "0xdC6fF44d5d932Cbd77B52E5612Ba0529DC6226F1", 18, NULL); INSERT INTO common_asset_details(identifier, symbol, coingecko, cryptocompare, forked, started, swapped_for) VALUES("eip155:10/erc20:0xdC6fF44d5d932Cbd77B52E5612Ba0529DC6226F1", "WLD", "worldcoin-wld", "WLD", NULL, 1689774709, NULL);
*
INSERT INTO assets(identifier, name, type) VALUES("eip155:1/erc20:0xfb66321D7C674995dFcC2cb67A30bC978dc862AD", "Pepe 2.0", "C"); INSERT INTO evm_tokens(identifier, token_kind, chain, address, decimals, protocol) VALUES("eip155:1/erc20:0xfb66321D7C674995dFcC2cb67A30bC978dc862AD", "A", 1, "0xfb66321D7C674995dFcC2cb67A30bC978dc862AD", 18, NULL); INSERT INTO common_asset_details(identifier, symbol, coingecko, cryptocompare, forked, started, swapped_for) VALUES("eip155:1/erc20:0xfb66321D7C674995dFcC2cb67A30bC978dc862AD", "PEPE2.0", "pepe-2-0", "", NULL, 1687902563, NULL);
*
INSERT INTO assets(identifier, name, type) VALUES("eip155:1/erc20:0x6E2a43be0B1d33b726f0CA3b8de60b3482b8b050", "Arkham", "C"); INSERT INTO evm_tokens(identifier, token_kind, chain, address, decimals, protocol) VALUES("eip155:1/erc20:0x6E2a43be0B1d33b726f0CA3b8de60b3482b8b050", "A", 1, "0x6E2a43be0B1d33b726f0CA3b8de60b3482b8b050", 18, NULL); INSERT INTO common_asset_details(identifier, symbol, coingecko, cryptocompare, forked, started, swapped_for) VALUES("eip155:1/erc20:0x6E2a43be0B1d33b726f0CA3b8de60b3482b8b050", "ARKM", "arkham", "ARKM", NULL, 1688571899, NULL);
*
INSERT INTO assets(identifier, name, type) VALUES("eip155:1/erc20:0xc5f0f7b66764F6ec8C8Dff7BA683102295E16409", "First Digital USD", "C"); INSERT INTO evm_tokens(identifier, token_kind, chain, address, decimals, protocol) VALUES("eip155:1/erc20:0xc5f0f7b66764F6ec8C8Dff7BA683102295E16409", "A", 1, "0xc5f0f7b66764F6ec8C8Dff7BA683102295E16409", 18, NULL); INSERT INTO common_asset_details(identifier, symbol, coingecko, cryptocompare, forked, started, swapped_for) VALUES("eip155:1/erc20:0xc5f0f7b66764F6ec8C8Dff7BA683102295E16409", "FDUSD", "first-digital-usd", "", NULL, NULL, NULL);
*
INSERT INTO assets(identifier, name, type) VALUES("eip155:137/erc20:0x4B85a666deC7C959e88b97814E46113601B07e57", "GoCrypto", "C"); INSERT INTO evm_tokens(identifier, token_kind, chain, address, decimals, protocol) VALUES("eip155:137/erc20:0x4B85a666deC7C959e88b97814E46113601B07e57", "A", 137, "0x4B85a666deC7C959e88b97814E46113601B07e57", 18, NULL); INSERT INTO common_asset_details(identifier, symbol, coingecko, cryptocompare, forked, started, swapped_for) VALUES("eip155:137/erc20:0x4B85a666deC7C959e88b97814E46113601B07e57", "GoC", "eligma", "", NULL, 1675334254, NULL);
*
INSERT INTO assets(identifier, name, type) VALUES("eip155:56/erc20:0x4B85a666deC7C959e88b97814E46113601B07e57", "GoCrypto", "C"); INSERT INTO evm_tokens(identifier, token_kind, chain, address, decimals, protocol) VALUES("eip155:56/erc20:0x4B85a666deC7C959e88b97814E46113601B07e57", "A", 56, "0x4B85a666deC7C959e88b97814E46113601B07e57", 18, NULL); INSERT INTO common_asset_details(identifier, symbol, coingecko, cryptocompare, forked, started, swapped_for) VALUES("eip155:56/erc20:0x4B85a666deC7C959e88b97814E46113601B07e57", "GoC", "eligma", "", NULL, 1631109304, NULL);
*
INSERT INTO assets(identifier, name, type) VALUES("eip155:1/erc20:0xF0EDAC27Aa3E85E2D176F689B0025f90C154393a", "I LOVE SNOOPY", "C"); INSERT INTO evm_tokens(identifier, token_kind, chain, address, decimals, protocol) VALUES("eip155:1/erc20:0xF0EDAC27Aa3E85E2D176F689B0025f90C154393a", "A", 1, "0xF0EDAC27Aa3E85E2D176F689B0025f90C154393a", 18, NULL); INSERT INTO common_asset_details(identifier, symbol, coingecko, cryptocompare, forked, started, swapped_for) VALUES("eip155:1/erc20:0xF0EDAC27Aa3E85E2D176F689B0025f90C154393a", "LOVESNOOPY", "i-love-snoopy", "", NULL, 1683703583, NULL);
*
INSERT INTO assets(identifier, name, type) VALUES("eip155:56/erc20:0x24086EAb82DBDaa4771d0A5D66B0D810458b0E86", "Pepe AI", "C"); INSERT INTO evm_tokens(identifier, token_kind, chain, address, decimals, protocol) VALUES("eip155:56/erc20:0x24086EAb82DBDaa4771d0A5D66B0D810458b0E86", "A", 56, "0x24086EAb82DBDaa4771d0A5D66B0D810458b0E86", 18, NULL); INSERT INTO common_asset_details(identifier, symbol, coingecko, cryptocompare, forked, started, swapped_for) VALUES("eip155:56/erc20:0x24086EAb82DBDaa4771d0A5D66B0D810458b0E86", "PEPEAI", "pepeai", "", NULL, 1682997896, NULL);
*
INSERT INTO assets(identifier, name, type) VALUES("eip155:1/erc20:0x2be5e8c109e2197D077D13A82dAead6a9b3433C5", "Tokamak Network Token", "C"); INSERT INTO evm_tokens(identifier, token_kind, chain, address, decimals, protocol) VALUES("eip155:1/erc20:0x2be5e8c109e2197D077D13A82dAead6a9b3433C5", "A", 1, "0x2be5e8c109e2197D077D13A82dAead6a9b3433C5", 18, NULL); INSERT INTO common_asset_details(identifier, symbol, coingecko, cryptocompare, forked, started, swapped_for) VALUES("eip155:1/erc20:0x2be5e8c109e2197D077D13A82dAead6a9b3433C5", "TON", "tokamak-network", "TON", NULL, 1597210775, NULL);
*
INSERT INTO assets(identifier, name, type) VALUES("eip155:56/erc20:0x4F62D4402fD57F9D073634244EE279eD36207341", "FREN NATION COMMUNITY", "C"); INSERT INTO evm_tokens(identifier, token_kind, chain, address, decimals, protocol) VALUES("eip155:56/erc20:0x4F62D4402fD57F9D073634244EE279eD36207341", "A", 56, "0x4F62D4402fD57F9D073634244EE279eD36207341", 0, NULL); INSERT INTO common_asset_details(identifier, symbol, coingecko, cryptocompare, forked, started, swapped_for) VALUES("eip155:56/erc20:0x4F62D4402fD57F9D073634244EE279eD36207341", "$FRENNATION", "", "", NULL, 1684849140, NULL);
*
INSERT INTO assets(identifier, name, type) VALUES("eip155:1/erc20:0xE08eF9206a8a7C9337cC6611b4f5226Fdafc4772", "MESSI COIN", "C"); INSERT INTO evm_tokens(identifier, token_kind, chain, address, decimals, protocol) VALUES("eip155:1/erc20:0xE08eF9206a8a7C9337cC6611b4f5226Fdafc4772", "A", 1, "0xE08eF9206a8a7C9337cC6611b4f5226Fdafc4772", 9, NULL); INSERT INTO common_asset_details(identifier, symbol, coingecko, cryptocompare, forked, started, swapped_for) VALUES("eip155:1/erc20:0xE08eF9206a8a7C9337cC6611b4f5226Fdafc4772", "MESSI", "messi-coin", "MESSI", NULL, 1686623363, NULL);
*
INSERT INTO assets(identifier, name, type) VALUES("SSWP", "Suiswap", "B"); INSERT INTO common_asset_details(identifier, symbol, coingecko, cryptocompare, forked, started, swapped_for) VALUES("SSWP", "SSWP", "suiswap", "LYXE", NULL, 1686639600, NULL);
*
INSERT INTO assets(identifier, name, type) VALUES("XPLL", "ParallelChain", "B"); INSERT INTO common_asset_details(identifier, symbol, coingecko, cryptocompare, forked, started, swapped_for) VALUES("XPLL", "XPLL", "parallelchain", "", NULL, 1686319200, NULL);
*
INSERT INTO assets(identifier, name, type) VALUES("eip155:1/erc20:0xf939E0A03FB07F59A73314E73794Be0E57ac1b4E", "Curve.Fi USD Stablecoin", "C"); INSERT INTO evm_tokens(identifier, token_kind, chain, address, decimals, protocol) VALUES("eip155:1/erc20:0xf939E0A03FB07F59A73314E73794Be0E57ac1b4E", "A", 1, "0xf939E0A03FB07F59A73314E73794Be0E57ac1b4E", 18, NULL); INSERT INTO common_asset_details(identifier, symbol, coingecko, cryptocompare, forked, started, swapped_for) VALUES("eip155:1/erc20:0xf939E0A03FB07F59A73314E73794Be0E57ac1b4E", "crvUSD", "crvusd", "", NULL, 1684065467, NULL);
*
INSERT INTO assets(identifier, name, type) VALUES("eip155:1/erc20:0x8A001303158670E284950565164933372807cD48", "WaifuAI", "C"); INSERT INTO evm_tokens(identifier, token_kind, chain, address, decimals, protocol) VALUES("eip155:1/erc20:0x8A001303158670E284950565164933372807cD48", "A", 1, "0x8A001303158670E284950565164933372807cD48", 18, NULL); INSERT INTO common_asset_details(identifier, symbol, coingecko, cryptocompare, forked, started, swapped_for) VALUES("eip155:1/erc20:0x8A001303158670E284950565164933372807cD48", "WFAI", "waifuai", "", NULL, 1685010299, NULL);
*
INSERT INTO assets(identifier, name, type) VALUES("eip155:1/erc20:0xEf8E456967122Db4c3C160314bDE8d2602Ad6199", "Wagmi Coin", "C"); INSERT INTO evm_tokens(identifier, token_kind, chain, address, decimals, protocol) VALUES("eip155:1/erc20:0xEf8E456967122Db4c3C160314bDE8d2602Ad6199", "A", 1, "0xEf8E456967122Db4c3C160314bDE8d2602Ad6199", 9, NULL); INSERT INTO common_asset_details(identifier, symbol, coingecko, cryptocompare, forked, started, swapped_for) VALUES("eip155:1/erc20:0xEf8E456967122Db4c3C160314bDE8d2602Ad6199", "WAGMI", "wagmi-coin", "", NULL, 1684340999, NULL);
*
INSERT INTO assets(identifier, name, type) VALUES("eip155:1/erc20:0x36520f6336490088c2455279C59CEFaC66984b36", "COPIUM", "C"); INSERT INTO evm_tokens(identifier, token_kind, chain, address, decimals, protocol) VALUES("eip155:1/erc20:0x36520f6336490088c2455279C59CEFaC66984b36", "A", 1, "0x36520f6336490088c2455279C59CEFaC66984b36", 18, NULL); INSERT INTO common_asset_details(identifier, symbol, coingecko, cryptocompare, forked, started, swapped_for) VALUES("eip155:1/erc20:0x36520f6336490088c2455279C59CEFaC66984b36", "COPIUM", "copium", "", NULL, NULL, NULL);
*
INSERT INTO assets(identifier, name, type) VALUES("eip155:1/erc20:0xF2ec4a773ef90c58d98ea734c0eBDB538519b988", "Doge 2.0", "C"); INSERT INTO evm_tokens(identifier, token_kind, chain, address, decimals, protocol) VALUES("eip155:1/erc20:0xF2ec4a773ef90c58d98ea734c0eBDB538519b988", "A", 1, "0xF2ec4a773ef90c58d98ea734c0eBDB538519b988", 9, NULL); INSERT INTO common_asset_details(identifier, symbol, coingecko, cryptocompare, forked, started, swapped_for) VALUES("eip155:1/erc20:0xF2ec4a773ef90c58d98ea734c0eBDB538519b988", "DOGE2.0", "doge-2-0", "", NULL, NULL, NULL);
*
INSERT INTO assets(identifier, name, type) VALUES("eip155:1/erc20:0x34ba042827996821CFFEB06477D48a2Ff9474483", "SHIB2.0", "C"); INSERT INTO evm_tokens(identifier, token_kind, chain, address, decimals, protocol) VALUES("eip155:1/erc20:0x34ba042827996821CFFEB06477D48a2Ff9474483", "A", 1, "0x34ba042827996821CFFEB06477D48a2Ff9474483", 8, NULL); INSERT INTO common_asset_details(identifier, symbol, coingecko, cryptocompare, forked, started, swapped_for) VALUES("eip155:1/erc20:0x34ba042827996821CFFEB06477D48a2Ff9474483", "SHIB2.0", "shib2-0", "", NULL, 1687994927, NULL);
*
INSERT INTO assets(identifier, name, type) VALUES("eip155:1/erc20:0x6731827Cb6879a2091ce3ab3423f7bf20539b579", "Empower Token", "C"); INSERT INTO evm_tokens(identifier, token_kind, chain, address, decimals, protocol) VALUES("eip155:1/erc20:0x6731827Cb6879a2091ce3ab3423f7bf20539b579", "A", 1, "0x6731827Cb6879a2091ce3ab3423f7bf20539b579", 18, NULL); INSERT INTO common_asset_details(identifier, symbol, coingecko, cryptocompare, forked, started, swapped_for) VALUES("eip155:1/erc20:0x6731827Cb6879a2091ce3ab3423f7bf20539b579", "MPWR", "clubrare-empower", "", NULL, NULL, NULL);
*
INSERT INTO assets(identifier, name, type) VALUES("eip155:137/erc20:0x47C52F93A359dB9F4509005CF982DFc440790561", "Orbit Bridge Polygon Empower Token", "C"); INSERT INTO evm_tokens(identifier, token_kind, chain, address, decimals, protocol) VALUES("eip155:137/erc20:0x47C52F93A359dB9F4509005CF982DFc440790561", "A", 137, "0x47C52F93A359dB9F4509005CF982DFc440790561", 18, NULL); INSERT INTO common_asset_details(identifier, symbol, coingecko, cryptocompare, forked, started, swapped_for) VALUES("eip155:137/erc20:0x47C52F93A359dB9F4509005CF982DFc440790561", "oMPWR", "clubrare-empower", "", NULL, 1685715030, NULL);
*
INSERT INTO assets(identifier, name, type) VALUES("eip155:1/erc20:0xb478c6245e3D85D6EC3486B62ea872128d562541", "LootBot", "C"); INSERT INTO evm_tokens(identifier, token_kind, chain, address, decimals, protocol) VALUES("eip155:1/erc20:0xb478c6245e3D85D6EC3486B62ea872128d562541", "A", 1, "0xb478c6245e3D85D6EC3486B62ea872128d562541", 18, NULL); INSERT INTO common_asset_details(identifier, symbol, coingecko, cryptocompare, forked, started, swapped_for) VALUES("eip155:1/erc20:0xb478c6245e3D85D6EC3486B62ea872128d562541", "$LOOT", "lootbot", "", NULL, 1689435443, NULL);
*
INSERT INTO assets(identifier, name, type) VALUES("eip155:1/erc20:0x3B0b09F5b14F6D50e6672aE158F9D71893FecA18", "hiBAKC", "C"); INSERT INTO evm_tokens(identifier, token_kind, chain, address, decimals, protocol) VALUES("eip155:1/erc20:0x3B0b09F5b14F6D50e6672aE158F9D71893FecA18", "A", 1, "0x3B0b09F5b14F6D50e6672aE158F9D71893FecA18", 18, NULL); INSERT INTO common_asset_details(identifier, symbol, coingecko, cryptocompare, forked, started, swapped_for) VALUES("eip155:1/erc20:0x3B0b09F5b14F6D50e6672aE158F9D71893FecA18", "hiBAKC", "hibakc", "", NULL, 1677661691, NULL);
*
INSERT INTO assets(identifier, name, type) VALUES("eip155:1/erc20:0x40D16FC0246aD3160Ccc09B8D0D3A2cD28aE6C2f", "Gho Token", "C"); INSERT INTO evm_tokens(identifier, token_kind, chain, address, decimals, protocol) VALUES("eip155:1/erc20:0x40D16FC0246aD3160Ccc09B8D0D3A2cD28aE6C2f", "A", 1, "0x40D16FC0246aD3160Ccc09B8D0D3A2cD28aE6C2f", 18, NULL); INSERT INTO common_asset_details(identifier, symbol, coingecko, cryptocompare, forked, started, swapped_for) VALUES("eip155:1/erc20:0x40D16FC0246aD3160Ccc09B8D0D3A2cD28aE6C2f", "GHO", "gho", "GHO", NULL, 1689420227, NULL);
*
UPDATE common_asset_details SET coingecko="liquid-staked-ethereum" where identifier="eip155:1/erc20:0x8c1BEd5b9a0928467c9B1341Da1D7BD5e10b6549";
INSERT INTO assets(identifier, name, type) VALUES("eip155:1/erc20:0x8c1BEd5b9a0928467c9B1341Da1D7BD5e10b6549", "Liquid Staked ETH", "C"); INSERT INTO evm_tokens(identifier, token_kind, chain, address, decimals, protocol) VALUES("eip155:1/erc20:0x8c1BEd5b9a0928467c9B1341Da1D7BD5e10b6549", "A", 1, "0x8c1BEd5b9a0928467c9B1341Da1D7BD5e10b6549", 18, NULL); INSERT INTO common_asset_details(identifier, symbol, coingecko, cryptocompare, forked, started, swapped_for) VALUES("eip155:1/erc20:0x8c1BEd5b9a0928467c9B1341Da1D7BD5e10b6549", "LsETH", "liquid-staked-ethereum", "", NULL, 1664906231, NULL);
INSERT INTO assets(identifier, name, type) VALUES("eip155:56/erc20:0x0851ad49cFf57C024594Da73095E6E05d8B1676a", "Optimism PEPE", "C"); INSERT INTO evm_tokens(identifier, token_kind, chain, address, decimals, protocol) VALUES("eip155:56/erc20:0x0851ad49cFf57C024594Da73095E6E05d8B1676a", "A", 56, "0x0851ad49cFf57C024594Da73095E6E05d8B1676a", 9, NULL); INSERT INTO common_asset_details(identifier, symbol, coingecko, cryptocompare, forked, started, swapped_for) VALUES("eip155:56/erc20:0x0851ad49cFf57C024594Da73095E6E05d8B1676a", "OPEPE", "optimism-pepe", "", NULL, 1682318219, NULL);
*
INSERT INTO assets(identifier, name, type) VALUES("eip155:1/erc20:0x44aAd22aFbB2606d7828Ca1f8f9E5af00e779AE1", "Homer", "C"); INSERT INTO evm_tokens(identifier, token_kind, chain, address, decimals, protocol) VALUES("eip155:1/erc20:0x44aAd22aFbB2606d7828Ca1f8f9E5af00e779AE1", "A", 1, "0x44aAd22aFbB2606d7828Ca1f8f9E5af00e779AE1", 9, NULL); INSERT INTO common_asset_details(identifier, symbol, coingecko, cryptocompare, forked, started, swapped_for) VALUES("eip155:1/erc20:0x44aAd22aFbB2606d7828Ca1f8f9E5af00e779AE1", "Simpson", "homer", "", NULL, NULL, NULL);
*
INSERT INTO assets(identifier, name, type) VALUES("eip155:56/erc20:0xd2B6bF88b7d9dA599331719e338fcdeb235A0b99", "LIMOVERSE", "C"); INSERT INTO evm_tokens(identifier, token_kind, chain, address, decimals, protocol) VALUES("eip155:56/erc20:0xd2B6bF88b7d9dA599331719e338fcdeb235A0b99", "A", 56, "0xd2B6bF88b7d9dA599331719e338fcdeb235A0b99", 18, NULL); INSERT INTO common_asset_details(identifier, symbol, coingecko, cryptocompare, forked, started, swapped_for) VALUES("eip155:56/erc20:0xd2B6bF88b7d9dA599331719e338fcdeb235A0b99", "LIMO", "limoverse", "", NULL, 1654928897, NULL);
*
INSERT INTO assets(identifier, name, type) VALUES("eip155:1/erc20:0x36880f14AF2e85Cae8E467827FA077D6BF12ea56", "Jared From Subway", "C"); INSERT INTO evm_tokens(identifier, token_kind, chain, address, decimals, protocol) VALUES("eip155:1/erc20:0x36880f14AF2e85Cae8E467827FA077D6BF12ea56", "A", 1, "0x36880f14AF2e85Cae8E467827FA077D6BF12ea56", 18, NULL); INSERT INTO common_asset_details(identifier, symbol, coingecko, cryptocompare, forked, started, swapped_for) VALUES("eip155:1/erc20:0x36880f14AF2e85Cae8E467827FA077D6BF12ea56", "JARED", "jared-from-subway", "", NULL, 1687705523, NULL);
*
INSERT INTO assets(identifier, name, type) VALUES("eip155:1/erc20:0x2890dF158D76E584877a1D17A85FEA3aeeB85aa6", "Alien Milady Fumo", "C"); INSERT INTO evm_tokens(identifier, token_kind, chain, address, decimals, protocol) VALUES("eip155:1/erc20:0x2890dF158D76E584877a1D17A85FEA3aeeB85aa6", "A", 1, "0x2890dF158D76E584877a1D17A85FEA3aeeB85aa6", 18, NULL); INSERT INTO common_asset_details(identifier, symbol, coingecko, cryptocompare, forked, started, swapped_for) VALUES("eip155:1/erc20:0x2890dF158D76E584877a1D17A85FEA3aeeB85aa6", "FUMO", "alien-milady-fumo", "", NULL, NULL, NULL);
*
INSERT INTO assets(identifier, name, type) VALUES("eip155:1/erc20:0xcB50350aB555Ed5d56265E096288536E8Cac41Eb", "0xCoco", "C"); INSERT INTO evm_tokens(identifier, token_kind, chain, address, decimals, protocol) VALUES("eip155:1/erc20:0xcB50350aB555Ed5d56265E096288536E8Cac41Eb", "A", 1, "0xcB50350aB555Ed5d56265E096288536E8Cac41Eb", 18, NULL); INSERT INTO common_asset_details(identifier, symbol, coingecko, cryptocompare, forked, started, swapped_for) VALUES("eip155:1/erc20:0xcB50350aB555Ed5d56265E096288536E8Cac41Eb", "COCO", "0xcoco", "", NULL, 1690498187, NULL);
*
INSERT INTO assets(identifier, name, type) VALUES("eip155:1/erc20:0x3FEB4fEA5132695542F8Ede5076Ac43296d17c6d", "Bitcoin 2.0", "C"); INSERT INTO evm_tokens(identifier, token_kind, chain, address, decimals, protocol) VALUES("eip155:1/erc20:0x3FEB4fEA5132695542F8Ede5076Ac43296d17c6d", "A", 1, "0x3FEB4fEA5132695542F8Ede5076Ac43296d17c6d", 8, NULL); INSERT INTO common_asset_details(identifier, symbol, coingecko, cryptocompare, forked, started, swapped_for) VALUES("eip155:1/erc20:0x3FEB4fEA5132695542F8Ede5076Ac43296d17c6d", "BTC2.0", "bitcoin-2-0", "", NULL, NULL, NULL);
*
INSERT INTO assets(identifier, name, type) VALUES("eip155:137/erc20:0xB52A29e74c2fc4f3914ff46D1b1536e2720D24b7", "BNB DADDY", "C"); INSERT INTO evm_tokens(identifier, token_kind, chain, address, decimals, protocol) VALUES("eip155:137/erc20:0xB52A29e74c2fc4f3914ff46D1b1536e2720D24b7", "A", 137, "0xB52A29e74c2fc4f3914ff46D1b1536e2720D24b7", 18, NULL); INSERT INTO common_asset_details(identifier, symbol, coingecko, cryptocompare, forked, started, swapped_for) VALUES("eip155:137/erc20:0xB52A29e74c2fc4f3914ff46D1b1536e2720D24b7", "BNBDADDY", "", "", NULL, 1684634111, NULL);
*
INSERT INTO assets(identifier, name, type) VALUES("eip155:1/erc20:0xD115A61A25c059c78cD34b97Fab7aB25dfC84BC3", "Jesus", "C"); INSERT INTO evm_tokens(identifier, token_kind, chain, address, decimals, protocol) VALUES("eip155:1/erc20:0xD115A61A25c059c78cD34b97Fab7aB25dfC84BC3", "A", 1, "0xD115A61A25c059c78cD34b97Fab7aB25dfC84BC3", 9, NULL); INSERT INTO common_asset_details(identifier, symbol, coingecko, cryptocompare, forked, started, swapped_for) VALUES("eip155:1/erc20:0xD115A61A25c059c78cD34b97Fab7aB25dfC84BC3", "RAPTOR", "jesus", "", NULL, NULL, NULL);
*
INSERT INTO assets(identifier, name, type) VALUES("OXBT", "OXBT", "W"); INSERT INTO common_asset_details(identifier, symbol, coingecko, cryptocompare, forked, started, swapped_for) VALUES("OXBT", "OXBT", "oxbt", "", NULL, 1683789300, NULL);
*
INSERT INTO assets(identifier, name, type) VALUES("eip155:1/erc20:0xb2fd1E0478Dbf61772996bcCE8A2F1151EEeda37", "Wrapped Pepe", "C"); INSERT INTO evm_tokens(identifier, token_kind, chain, address, decimals, protocol) VALUES("eip155:1/erc20:0xb2fd1E0478Dbf61772996bcCE8A2F1151EEeda37", "A", 1, "0xb2fd1E0478Dbf61772996bcCE8A2F1151EEeda37", 18, NULL); INSERT INTO common_asset_details(identifier, symbol, coingecko, cryptocompare, forked, started, swapped_for) VALUES("eip155:1/erc20:0xb2fd1E0478Dbf61772996bcCE8A2F1151EEeda37", "WPEPE", "wrapped-pepe", "", NULL, 1688750003, NULL);
*
INSERT INTO assets(identifier, name, type) VALUES("eip155:1/erc20:0xda8263d8ce3F726233f8b5585bcb86a3120a58B6", "DogeClub", "C"); INSERT INTO evm_tokens(identifier, token_kind, chain, address, decimals, protocol) VALUES("eip155:1/erc20:0xda8263d8ce3F726233f8b5585bcb86a3120a58B6", "A", 1, "0xda8263d8ce3F726233f8b5585bcb86a3120a58B6", 18, NULL); INSERT INTO common_asset_details(identifier, symbol, coingecko, cryptocompare, forked, started, swapped_for) VALUES("eip155:1/erc20:0xda8263d8ce3F726233f8b5585bcb86a3120a58B6", "DOGC", "dogeclub", "", NULL, 1686495803, NULL);
*
INSERT INTO assets(identifier, name, type) VALUES("eip155:1/erc20:0xeCbEE2fAE67709F718426DDC3bF770B26B95eD20", "CLIPS", "C"); INSERT INTO evm_tokens(identifier, token_kind, chain, address, decimals, protocol) VALUES("eip155:1/erc20:0xeCbEE2fAE67709F718426DDC3bF770B26B95eD20", "A", 1, "0xeCbEE2fAE67709F718426DDC3bF770B26B95eD20", 18, NULL); INSERT INTO common_asset_details(identifier, symbol, coingecko, cryptocompare, forked, started, swapped_for) VALUES("eip155:1/erc20:0xeCbEE2fAE67709F718426DDC3bF770B26B95eD20", "CLIPS", "clips", "", NULL, 1683205811, NULL);
*
INSERT INTO assets(identifier, name, type) VALUES("eip155:1/erc20:0x9D7b68970d2be6dc93124477b4E2e1C9A6b180aA", "Dede", "C"); INSERT INTO evm_tokens(identifier, token_kind, chain, address, decimals, protocol) VALUES("eip155:1/erc20:0x9D7b68970d2be6dc93124477b4E2e1C9A6b180aA", "A", 1, "0x9D7b68970d2be6dc93124477b4E2e1C9A6b180aA", 9, NULL); INSERT INTO common_asset_details(identifier, symbol, coingecko, cryptocompare, forked, started, swapped_for) VALUES("eip155:1/erc20:0x9D7b68970d2be6dc93124477b4E2e1C9A6b180aA", "Dede", "dede", "", NULL, 1688934071, NULL);
*
INSERT INTO assets(identifier, name, type) VALUES("eip155:1/erc20:0x445bd590A01fe6709d4f13A8F579c1e4846921db", "DUMMY", "C"); INSERT INTO evm_tokens(identifier, token_kind, chain, address, decimals, protocol) VALUES("eip155:1/erc20:0x445bd590A01fe6709d4f13A8F579c1e4846921db", "A", 1, "0x445bd590A01fe6709d4f13A8F579c1e4846921db", 18, NULL); INSERT INTO common_asset_details(identifier, symbol, coingecko, cryptocompare, forked, started, swapped_for) VALUES("eip155:1/erc20:0x445bd590A01fe6709d4f13A8F579c1e4846921db", "DUMMY", "dummy", "", NULL, 1685640491, NULL);
*
INSERT INTO assets(identifier, name, type) VALUES("eip155:10/erc20:0x920Cf626a271321C151D027030D5d08aF699456b", "Kwenta", "C"); INSERT INTO evm_tokens(identifier, token_kind, chain, address, decimals, protocol) VALUES("eip155:10/erc20:0x920Cf626a271321C151D027030D5d08aF699456b", "A", 10, "0x920Cf626a271321C151D027030D5d08aF699456b", 18, NULL); INSERT INTO common_asset_details(identifier, symbol, coingecko, cryptocompare, forked, started, swapped_for) VALUES("eip155:10/erc20:0x920Cf626a271321C151D027030D5d08aF699456b", "KWENTA", "kwenta", "KWENTA", NULL, 1668027387, NULL);
*
INSERT INTO assets(identifier, name, type) VALUES("eip155:56/erc20:0xB64E280e9D1B5DbEc4AcceDb2257A87b400DB149", "Level Token", "C"); INSERT INTO evm_tokens(identifier, token_kind, chain, address, decimals, protocol) VALUES("eip155:56/erc20:0xB64E280e9D1B5DbEc4AcceDb2257A87b400DB149", "A", 56, "0xB64E280e9D1B5DbEc4AcceDb2257A87b400DB149", 18, NULL); INSERT INTO common_asset_details(identifier, symbol, coingecko, cryptocompare, forked, started, swapped_for) VALUES("eip155:56/erc20:0xB64E280e9D1B5DbEc4AcceDb2257A87b400DB149", "LVL", "level", "", NULL, 1670816042, NULL);
*
INSERT INTO assets(identifier, name, type) VALUES("eip155:42161/erc20:0x27D8De4c30ffDE34e982482AE504fC7F23061f61", "MyMetaTrader Token", "C"); INSERT INTO evm_tokens(identifier, token_kind, chain, address, decimals, protocol) VALUES("eip155:42161/erc20:0x27D8De4c30ffDE34e982482AE504fC7F23061f61", "A", 42161, "0x27D8De4c30ffDE34e982482AE504fC7F23061f61", 18, NULL); INSERT INTO common_asset_details(identifier, symbol, coingecko, cryptocompare, forked, started, swapped_for) VALUES("eip155:42161/erc20:0x27D8De4c30ffDE34e982482AE504fC7F23061f61", "MMT", "my-metatrader", "", NULL, 1676376921, NULL);
*
INSERT INTO assets(identifier, name, type) VALUES("eip155:1/erc20:0x8C130499D33097D4D000D3332E1672f75b431543", "Hoppy", "C"); INSERT INTO evm_tokens(identifier, token_kind, chain, address, decimals, protocol) VALUES("eip155:1/erc20:0x8C130499D33097D4D000D3332E1672f75b431543", "A", 1, "0x8C130499D33097D4D000D3332E1672f75b431543", 8, NULL); INSERT INTO common_asset_details(identifier, symbol, coingecko, cryptocompare, forked, started, swapped_for) VALUES("eip155:1/erc20:0x8C130499D33097D4D000D3332E1672f75b431543", "HOPPY", "hoppy-token", "", NULL, NULL, NULL);
*
INSERT INTO assets(identifier, name, type) VALUES("eip155:1/erc20:0x050D94685c6B0477E1Fc555888AF6e2bB8dFBda5", "Inu.", "C"); INSERT INTO evm_tokens(identifier, token_kind, chain, address, decimals, protocol) VALUES("eip155:1/erc20:0x050D94685c6B0477E1Fc555888AF6e2bB8dFBda5", "A", 1, "0x050D94685c6B0477E1Fc555888AF6e2bB8dFBda5", 18, NULL); INSERT INTO common_asset_details(identifier, symbol, coingecko, cryptocompare, forked, started, swapped_for) VALUES("eip155:1/erc20:0x050D94685c6B0477E1Fc555888AF6e2bB8dFBda5", "INU", "inu", "", NULL, 1656454264, NULL);
*
INSERT INTO assets(identifier, name, type) VALUES("SOLO", "Sologenic", "W"); INSERT INTO common_asset_details(identifier, symbol, coingecko, cryptocompare, forked, started, swapped_for) VALUES("SOLO", "SOLO", "solo-coin", "", NULL, 1583456400, NULL);
*
INSERT INTO assets(identifier, name, type) VALUES("eip155:56/erc20:0xC3387E4285e9F80A7cFDf02B4ac6cdF2476A528A", "Bedrock", "C"); INSERT INTO evm_tokens(identifier, token_kind, chain, address, decimals, protocol) VALUES("eip155:56/erc20:0xC3387E4285e9F80A7cFDf02B4ac6cdF2476A528A", "A", 56, "0xC3387E4285e9F80A7cFDf02B4ac6cdF2476A528A", 18, NULL); INSERT INTO common_asset_details(identifier, symbol, coingecko, cryptocompare, forked, started, swapped_for) VALUES("eip155:56/erc20:0xC3387E4285e9F80A7cFDf02B4ac6cdF2476A528A", "ROCK", "bedrock", "", NULL, 1628534967, NULL);
*
INSERT INTO assets(identifier, name, type) VALUES("eip155:1/erc20:0xcD58D56906318cE6Ad9EF4AE5FB21F61E05c417D", "Pep ManCity", "C"); INSERT INTO evm_tokens(identifier, token_kind, chain, address, decimals, protocol) VALUES("eip155:1/erc20:0xcD58D56906318cE6Ad9EF4AE5FB21F61E05c417D", "A", 1, "0xcD58D56906318cE6Ad9EF4AE5FB21F61E05c417D", 18, NULL); INSERT INTO common_asset_details(identifier, symbol, coingecko, cryptocompare, forked, started, swapped_for) VALUES("eip155:1/erc20:0xcD58D56906318cE6Ad9EF4AE5FB21F61E05c417D", "PEPMCITY", "pepmancity", "", NULL, NULL, NULL);
*
INSERT INTO assets(identifier, name, type) VALUES("eip155:1/erc20:0x3007083EAA95497cD6B2b809fB97B6A30bdF53D3", "Psyop", "C"); INSERT INTO evm_tokens(identifier, token_kind, chain, address, decimals, protocol) VALUES("eip155:1/erc20:0x3007083EAA95497cD6B2b809fB97B6A30bdF53D3", "A", 1, "0x3007083EAA95497cD6B2b809fB97B6A30bdF53D3", 18, NULL); INSERT INTO common_asset_details(identifier, symbol, coingecko, cryptocompare, forked, started, swapped_for) VALUES("eip155:1/erc20:0x3007083EAA95497cD6B2b809fB97B6A30bdF53D3", "PSYOP", "psyop", "", NULL, NULL, NULL);
*
INSERT INTO assets(identifier, name, type) VALUES("eip155:1/erc20:0x955d5c14C8D4944dA1Ea7836bd44D54a8eC35Ba1", "REFUND", "C"); INSERT INTO evm_tokens(identifier, token_kind, chain, address, decimals, protocol) VALUES("eip155:1/erc20:0x955d5c14C8D4944dA1Ea7836bd44D54a8eC35Ba1", "A", 1, "0x955d5c14C8D4944dA1Ea7836bd44D54a8eC35Ba1", 18, NULL); INSERT INTO common_asset_details(identifier, symbol, coingecko, cryptocompare, forked, started, swapped_for) VALUES("eip155:1/erc20:0x955d5c14C8D4944dA1Ea7836bd44D54a8eC35Ba1", "RFD", "refund", "", NULL, NULL, NULL);
*
INSERT INTO assets(identifier, name, type) VALUES("eip155:1/erc20:0xDD782657af86492771BdB369CaEB8c246bE362f5", "RUGame Labs", "C"); INSERT INTO evm_tokens(identifier, token_kind, chain, address, decimals, protocol) VALUES("eip155:1/erc20:0xDD782657af86492771BdB369CaEB8c246bE362f5", "A", 1, "0xDD782657af86492771BdB369CaEB8c246bE362f5", 12, NULL); INSERT INTO common_asset_details(identifier, symbol, coingecko, cryptocompare, forked, started, swapped_for) VALUES("eip155:1/erc20:0xDD782657af86492771BdB369CaEB8c246bE362f5", "RUG", "rugame", "", NULL, 1681907375, NULL);
*
INSERT INTO assets(identifier, name, type) VALUES("eip155:1/erc20:0x766a824314BD1D9FA27C8461754C276772BC666A", "SCAMV2", "C"); INSERT INTO evm_tokens(identifier, token_kind, chain, address, decimals, protocol) VALUES("eip155:1/erc20:0x766a824314BD1D9FA27C8461754C276772BC666A", "A", 1, "0x766a824314BD1D9FA27C8461754C276772BC666A", 18, NULL); INSERT INTO common_asset_details(identifier, symbol, coingecko, cryptocompare, forked, started, swapped_for) VALUES("eip155:1/erc20:0x766a824314BD1D9FA27C8461754C276772BC666A", "SCAM", "scam-coin", "SCAM", NULL, NULL, NULL);
*
INSERT INTO assets(identifier, name, type) VALUES("PIP", "PIP", "Y"); INSERT INTO common_asset_details(identifier, symbol, coingecko, cryptocompare, forked, started, swapped_for) VALUES("PIP", "PIP", "pip", "", NULL, 1677546000, NULL);
*
INSERT INTO assets(identifier, name, type) VALUES("OMN", "OmegaNetwork", "B"); INSERT INTO common_asset_details(identifier, symbol, coingecko, cryptocompare, forked, started, swapped_for) VALUES("OMN", "OMN", "omega-network", "", NULL, 1687136400, NULL);
*
INSERT INTO assets(identifier, name, type) VALUES("ORDI", "ORDI", "W"); INSERT INTO common_asset_details(identifier, symbol, coingecko, cryptocompare, forked, started, swapped_for) VALUES("ORDI", "ORDI", "ordinals", "", NULL, 1683507600, NULL);
*
INSERT INTO assets(identifier, name, type) VALUES("eip155:1/erc20:0x7f792db54B0e580Cdc755178443f0430Cf799aCa", "Volt Inu", "C"); INSERT INTO evm_tokens(identifier, token_kind, chain, address, decimals, protocol) VALUES("eip155:1/erc20:0x7f792db54B0e580Cdc755178443f0430Cf799aCa", "A", 1, "0x7f792db54B0e580Cdc755178443f0430Cf799aCa", 9, NULL); INSERT INTO common_asset_details(identifier, symbol, coingecko, cryptocompare, forked, started, swapped_for) VALUES("eip155:1/erc20:0x7f792db54B0e580Cdc755178443f0430Cf799aCa", "VOLT", "volt-inu-2", "VOLT", NULL, NULL, NULL);
*
INSERT INTO assets(identifier, name, type) VALUES("eip155:10/erc20:0x9A601C5bb360811d96A23689066af316a30c3027", "Pika", "C"); INSERT INTO evm_tokens(identifier, token_kind, chain, address, decimals, protocol) VALUES("eip155:10/erc20:0x9A601C5bb360811d96A23689066af316a30c3027", "A", 10, "0x9A601C5bb360811d96A23689066af316a30c3027", 18, NULL); INSERT INTO common_asset_details(identifier, symbol, coingecko, cryptocompare, forked, started, swapped_for) VALUES("eip155:10/erc20:0x9A601C5bb360811d96A23689066af316a30c3027", "PIKA", "pika-protocol", "", NULL, 1684988192, NULL);
*
INSERT INTO assets(identifier, name, type) VALUES("eip155:1/erc20:0x4385328cc4D643Ca98DfEA734360C0F596C83449", "tomi Token", "C"); INSERT INTO evm_tokens(identifier, token_kind, chain, address, decimals, protocol) VALUES("eip155:1/erc20:0x4385328cc4D643Ca98DfEA734360C0F596C83449", "A", 1, "0x4385328cc4D643Ca98DfEA734360C0F596C83449", 18, NULL); INSERT INTO common_asset_details(identifier, symbol, coingecko, cryptocompare, forked, started, swapped_for) VALUES("eip155:1/erc20:0x4385328cc4D643Ca98DfEA734360C0F596C83449", "TOMI", "tominet", "", NULL, 1673305523, NULL);
*
INSERT INTO assets(identifier, name, type) VALUES("eip155:56/erc20:0x16faF9DAa401AA42506AF503Aa3d80B871c467A3", "DexCheck", "C"); INSERT INTO evm_tokens(identifier, token_kind, chain, address, decimals, protocol) VALUES("eip155:56/erc20:0x16faF9DAa401AA42506AF503Aa3d80B871c467A3", "A", 56, "0x16faF9DAa401AA42506AF503Aa3d80B871c467A3", 18, NULL); INSERT INTO common_asset_details(identifier, symbol, coingecko, cryptocompare, forked, started, swapped_for) VALUES("eip155:56/erc20:0x16faF9DAa401AA42506AF503Aa3d80B871c467A3", "DCK", "dexcheck", "", NULL, 1687188342, NULL);
*
INSERT INTO assets(identifier, name, type) VALUES("eip155:1/erc20:0xc03fBF20A586fa89C2a5f6F941458E1Fbc40c661", "ComboToken", "C"); INSERT INTO evm_tokens(identifier, token_kind, chain, address, decimals, protocol) VALUES("eip155:1/erc20:0xc03fBF20A586fa89C2a5f6F941458E1Fbc40c661", "A", 1, "0xc03fBF20A586fa89C2a5f6F941458E1Fbc40c661", 18, NULL); INSERT INTO common_asset_details(identifier, symbol, coingecko, cryptocompare, forked, started, swapped_for) VALUES("eip155:1/erc20:0xc03fBF20A586fa89C2a5f6F941458E1Fbc40c661", "COMBO", "cocos-bcx", "", NULL, NULL, NULL);
*
UPDATE common_asset_details SET coingecko="balancer-booster-aave-usd" WHERE identifier="eip155:1/erc20:0x7B50775383d3D6f0215A8F290f2C9e2eEBBEceb2";
INSERT INTO assets(identifier, name, type) VALUES("eip155:1/erc20:0x7B50775383d3D6f0215A8F290f2C9e2eEBBEceb2", "Balancer Aave Boosted StablePool", "C"); INSERT INTO evm_tokens(identifier, token_kind, chain, address, decimals, protocol) VALUES("eip155:1/erc20:0x7B50775383d3D6f0215A8F290f2C9e2eEBBEceb2", "A", 1, "0x7B50775383d3D6f0215A8F290f2C9e2eEBBEceb2", 18, NULL); INSERT INTO common_asset_details(identifier, symbol, coingecko, cryptocompare, forked, started, swapped_for) VALUES("eip155:1/erc20:0x7B50775383d3D6f0215A8F290f2C9e2eEBBEceb2", "bb-a-USD", "balancer-booster-aave-usd", "", NULL, NULL, NULL);
UPDATE common_asset_details SET coingecko="balancer-booster-aave-usd" WHERE identifier="eip155:1/erc20:0xA13a9247ea42D743238089903570127DdA72fE44";
INSERT INTO assets(identifier, name, type) VALUES("eip155:1/erc20:0xA13a9247ea42D743238089903570127DdA72fE44", "Balancer Aave Boosted StablePool", "C"); INSERT INTO evm_tokens(identifier, token_kind, chain, address, decimals, protocol) VALUES("eip155:1/erc20:0xA13a9247ea42D743238089903570127DdA72fE44", "A", 1, "0xA13a9247ea42D743238089903570127DdA72fE44", 18, NULL); INSERT INTO common_asset_details(identifier, symbol, coingecko, cryptocompare, forked, started, swapped_for) VALUES("eip155:1/erc20:0xA13a9247ea42D743238089903570127DdA72fE44", "bb-a-USD", "balancer-booster-aave-usd", "", NULL, NULL, NULL);
INSERT INTO assets(identifier, name, type) VALUES("IRON", "Iron Fish", "B"); INSERT INTO common_asset_details(identifier, symbol, coingecko, cryptocompare, forked, started, swapped_for) VALUES("IRON", "IRON", "iron-fish", "", NULL, 1682388000, NULL);
*
INSERT INTO assets(identifier, name, type) VALUES("DGLD", "SPDR Gold Shares Defichain", "W"); INSERT INTO common_asset_details(identifier, symbol, coingecko, cryptocompare, forked, started, swapped_for) VALUES("DGLD", "DGLD", "gld-tokenized-stock-defichain", "DGLD", NULL, 1647396000, NULL);
*
INSERT INTO assets(identifier, name, type) VALUES("eip155:1/erc20:0x48c87cDacb6Bb6BF6E5Cd85D8ee5C847084c7410", "Hamsters", "C"); INSERT INTO evm_tokens(identifier, token_kind, chain, address, decimals, protocol) VALUES("eip155:1/erc20:0x48c87cDacb6Bb6BF6E5Cd85D8ee5C847084c7410", "A", 1, "0x48c87cDacb6Bb6BF6E5Cd85D8ee5C847084c7410", 18, NULL); INSERT INTO common_asset_details(identifier, symbol, coingecko, cryptocompare, forked, started, swapped_for) VALUES("eip155:1/erc20:0x48c87cDacb6Bb6BF6E5Cd85D8ee5C847084c7410", "HAMS", "hamsters", "HAMS", NULL, NULL, NULL);
*
INSERT INTO assets(identifier, name, type) VALUES("eip155:1/erc20:0xcF03425b54E58BfE24b2dEA2C555F8ee5562FD97", "Hinata", "C"); INSERT INTO evm_tokens(identifier, token_kind, chain, address, decimals, protocol) VALUES("eip155:1/erc20:0xcF03425b54E58BfE24b2dEA2C555F8ee5562FD97", "A", 1, "0xcF03425b54E58BfE24b2dEA2C555F8ee5562FD97", 18, NULL); INSERT INTO common_asset_details(identifier, symbol, coingecko, cryptocompare, forked, started, swapped_for) VALUES("eip155:1/erc20:0xcF03425b54E58BfE24b2dEA2C555F8ee5562FD97", "HNTAI", "", "", NULL, 1689090335, NULL);
*
INSERT INTO assets(identifier, name, type) VALUES("eip155:1/erc20:0x1e917e764BC34d3BC313fe8159a6bD9d9FFD450d", "WEWE", "C"); INSERT INTO evm_tokens(identifier, token_kind, chain, address, decimals, protocol) VALUES("eip155:1/erc20:0x1e917e764BC34d3BC313fe8159a6bD9d9FFD450d", "A", 1, "0x1e917e764BC34d3BC313fe8159a6bD9d9FFD450d", 18, NULL); INSERT INTO common_asset_details(identifier, symbol, coingecko, cryptocompare, forked, started, swapped_for) VALUES("eip155:1/erc20:0x1e917e764BC34d3BC313fe8159a6bD9d9FFD450d", "WEWE", "wewe", "", NULL, 1684354067, NULL);
*
INSERT INTO assets(identifier, name, type) VALUES("eip155:1/erc20:0x3d5d3DCD01469eF8C6bC9C45665835814635c725", "Mr F was here", "C"); INSERT INTO evm_tokens(identifier, token_kind, chain, address, decimals, protocol) VALUES("eip155:1/erc20:0x3d5d3DCD01469eF8C6bC9C45665835814635c725", "A", 1, "0x3d5d3DCD01469eF8C6bC9C45665835814635c725", 18, NULL); INSERT INTO common_asset_details(identifier, symbol, coingecko, cryptocompare, forked, started, swapped_for) VALUES("eip155:1/erc20:0x3d5d3DCD01469eF8C6bC9C45665835814635c725", "MRF", "", "", NULL, 1684824443, NULL);
*
INSERT INTO assets(identifier, name, type) VALUES("ATM", "Atletico Madrid Fan Token", "W"); INSERT INTO common_asset_details(identifier, symbol, coingecko, cryptocompare, forked, started, swapped_for) VALUES("ATM", "ATM", "atletico-madrid", "ATM", NULL, 1592791200, NULL);
*
INSERT INTO assets(identifier, name, type) VALUES("eip155:1/erc20:0x7448c7456a97769F6cD04F1E83A4a23cCdC46aBD", "Maverick Token", "C"); INSERT INTO evm_tokens(identifier, token_kind, chain, address, decimals, protocol) VALUES("eip155:1/erc20:0x7448c7456a97769F6cD04F1E83A4a23cCdC46aBD", "A", 1, "0x7448c7456a97769F6cD04F1E83A4a23cCdC46aBD", 18, NULL); INSERT INTO common_asset_details(identifier, symbol, coingecko, cryptocompare, forked, started, swapped_for) VALUES("eip155:1/erc20:0x7448c7456a97769F6cD04F1E83A4a23cCdC46aBD", "MAV", "maverick-protocol", "", NULL, 1686643043, NULL);
*
UPDATE common_asset_details SET cryptocompare="ACQ" WHERE identifier="eip155:1/erc20:0x4BDCb66B968060D9390C1D12bd29734496205581";
INSERT INTO assets(identifier, name, type) VALUES("eip155:1/erc20:0x4BDCb66B968060D9390C1D12bd29734496205581", "Acquire.Fi", "C"); INSERT INTO evm_tokens(identifier, token_kind, chain, address, decimals, protocol) VALUES("eip155:1/erc20:0x4BDCb66B968060D9390C1D12bd29734496205581", "A", 1, "0x4BDCb66B968060D9390C1D12bd29734496205581", 18, NULL); INSERT INTO common_asset_details(identifier, symbol, coingecko, cryptocompare, forked, started, swapped_for) VALUES("eip155:1/erc20:0x4BDCb66B968060D9390C1D12bd29734496205581", "ACQ", "acquire-fi", "ACQ", NULL, 1663856831, NULL);
UPDATE common_asset_details SET cryptocompare="HOOK" WHERE identifier="eip155:56/erc20:0xa260E12d2B924cb899AE80BB58123ac3fEE1E2F0";
INSERT INTO assets(identifier, name, type) VALUES("eip155:56/erc20:0xa260E12d2B924cb899AE80BB58123ac3fEE1E2F0", "Hook Token", "C"); INSERT INTO evm_tokens(identifier, token_kind, chain, address, decimals, protocol) VALUES("eip155:56/erc20:0xa260E12d2B924cb899AE80BB58123ac3fEE1E2F0", "A", 56, "0xa260E12d2B924cb899AE80BB58123ac3fEE1E2F0", 18, NULL); INSERT INTO common_asset_details(identifier, symbol, coingecko, cryptocompare, forked, started, swapped_for) VALUES("eip155:56/erc20:0xa260E12d2B924cb899AE80BB58123ac3fEE1E2F0", "HOOK", "hooked-protocol", "HOOK", NULL, 1668765061, NULL);
UPDATE common_asset_details SET cryptocompare="NFD" WHERE identifier="eip155:1/erc20:0xDFDb7f72c1F195C5951a234e8DB9806EB0635346";
INSERT INTO assets(identifier, name, type) VALUES("eip155:1/erc20:0xDFDb7f72c1F195C5951a234e8DB9806EB0635346", "Feisty Doge NFT", "C"); INSERT INTO evm_tokens(identifier, token_kind, chain, address, decimals, protocol) VALUES("eip155:1/erc20:0xDFDb7f72c1F195C5951a234e8DB9806EB0635346", "A", 1, "0xDFDb7f72c1F195C5951a234e8DB9806EB0635346", 18, NULL); INSERT INTO common_asset_details(identifier, symbol, coingecko, cryptocompare, forked, started, swapped_for) VALUES("eip155:1/erc20:0xDFDb7f72c1F195C5951a234e8DB9806EB0635346", "NFD", "feisty-doge-nft", "NFD", NULL, 1629386252, NULL);
UPDATE common_asset_details SET cryptocompare="CNC" WHERE identifier="eip155:1/erc20:0x9aE380F0272E2162340a5bB646c354271c0F5cFC";
INSERT INTO assets(identifier, name, type) VALUES("eip155:1/erc20:0x9aE380F0272E2162340a5bB646c354271c0F5cFC", "Conic Finance Token", "C"); INSERT INTO evm_tokens(identifier, token_kind, chain, address, decimals, protocol) VALUES("eip155:1/erc20:0x9aE380F0272E2162340a5bB646c354271c0F5cFC", "A", 1, "0x9aE380F0272E2162340a5bB646c354271c0F5cFC", 18, NULL); INSERT INTO common_asset_details(identifier, symbol, coingecko, cryptocompare, forked, started, swapped_for) VALUES("eip155:1/erc20:0x9aE380F0272E2162340a5bB646c354271c0F5cFC", "CNC", "conic-finance", "CNC", NULL, 1649267811, NULL);
UPDATE common_asset_details SET cryptocompare="VNXAU" WHERE identifier="eip155:1/erc20:0x6d57B2E05F26C26b549231c866bdd39779e4a488";
INSERT INTO assets(identifier, name, type) VALUES("eip155:1/erc20:0x6d57B2E05F26C26b549231c866bdd39779e4a488", "VNX Gold", "C"); INSERT INTO evm_tokens(identifier, token_kind, chain, address, decimals, protocol) VALUES("eip155:1/erc20:0x6d57B2E05F26C26b549231c866bdd39779e4a488", "A", 1, "0x6d57B2E05F26C26b549231c866bdd39779e4a488", 18, NULL); INSERT INTO common_asset_details(identifier, symbol, coingecko, cryptocompare, forked, started, swapped_for) VALUES("eip155:1/erc20:0x6d57B2E05F26C26b549231c866bdd39779e4a488", "VNXAU", "vnx-gold", "VNXAU", NULL, 1639578719, NULL);
UPDATE common_asset_details SET cryptocompare="BTT" WHERE identifier="eip155:1/erc20:0xC669928185DbCE49d2230CC9B0979BE6DC797957";
INSERT INTO assets(identifier, name, type) VALUES("eip155:1/erc20:0xC669928185DbCE49d2230CC9B0979BE6DC797957", "BitTorrent", "C"); INSERT INTO evm_tokens(identifier, token_kind, chain, address, decimals, protocol) VALUES("eip155:1/erc20:0xC669928185DbCE49d2230CC9B0979BE6DC797957", "A", 1, "0xC669928185DbCE49d2230CC9B0979BE6DC797957", 18, NULL); INSERT INTO common_asset_details(identifier, symbol, coingecko, cryptocompare, forked, started, swapped_for) VALUES("eip155:1/erc20:0xC669928185DbCE49d2230CC9B0979BE6DC797957", "BTT", "bittorrent", "BTT", NULL, 1639124481, NULL);
UPDATE common_asset_details SET cryptocompare="ALD" WHERE identifier="eip155:1/erc20:0xb26C4B3Ca601136Daf98593feAeff9E0CA702a8D";
INSERT INTO assets(identifier, name, type) VALUES("eip155:1/erc20:0xb26C4B3Ca601136Daf98593feAeff9E0CA702a8D", "Aladdin Token", "C"); INSERT INTO evm_tokens(identifier, token_kind, chain, address, decimals, protocol) VALUES("eip155:1/erc20:0xb26C4B3Ca601136Daf98593feAeff9E0CA702a8D", "A", 1, "0xb26C4B3Ca601136Daf98593feAeff9E0CA702a8D", 18, NULL); INSERT INTO common_asset_details(identifier, symbol, coingecko, cryptocompare, forked, started, swapped_for) VALUES("eip155:1/erc20:0xb26C4B3Ca601136Daf98593feAeff9E0CA702a8D", "ALD", "aladdin-dao", "ALD", NULL, 1618452057, NULL);
INSERT INTO assets(identifier, name, type) VALUES("eip155:1/erc20:0xC9D21E5A24110b67af31aF464edfDC2dAe5Ec7D5", "BitMeme", "C"); INSERT INTO evm_tokens(identifier, token_kind, chain, address, decimals, protocol) VALUES("eip155:1/erc20:0xC9D21E5A24110b67af31aF464edfDC2dAe5Ec7D5", "A", 1, "0xC9D21E5A24110b67af31aF464edfDC2dAe5Ec7D5", 18, NULL); INSERT INTO common_asset_details(identifier, symbol, coingecko, cryptocompare, forked, started, swapped_for) VALUES("eip155:1/erc20:0xC9D21E5A24110b67af31aF464edfDC2dAe5Ec7D5", "BTM", "bitmeme", "", NULL, NULL, NULL);
*
INSERT INTO assets(identifier, name, type) VALUES("eip155:1/erc20:0x5AdEbAfBf2FD0D6808A7a1E823759De2DF1df39e", "Fanta", "C"); INSERT INTO evm_tokens(identifier, token_kind, chain, address, decimals, protocol) VALUES("eip155:1/erc20:0x5AdEbAfBf2FD0D6808A7a1E823759De2DF1df39e", "A", 1, "0x5AdEbAfBf2FD0D6808A7a1E823759De2DF1df39e", 18, NULL); INSERT INTO common_asset_details(identifier, symbol, coingecko, cryptocompare, forked, started, swapped_for) VALUES("eip155:1/erc20:0x5AdEbAfBf2FD0D6808A7a1E823759De2DF1df39e", "FANTA", "fanta", "", NULL, NULL, NULL);
*
INSERT INTO assets(identifier, name, type) VALUES("eip155:1/erc20:0x244b797d622D4DEe8b188b03546ACAAbD0Cf91A0", "Four", "C"); INSERT INTO evm_tokens(identifier, token_kind, chain, address, decimals, protocol) VALUES("eip155:1/erc20:0x244b797d622D4DEe8b188b03546ACAAbD0Cf91A0", "A", 1, "0x244b797d622D4DEe8b188b03546ACAAbD0Cf91A0", 18, NULL); INSERT INTO common_asset_details(identifier, symbol, coingecko, cryptocompare, forked, started, swapped_for) VALUES("eip155:1/erc20:0x244b797d622D4DEe8b188b03546ACAAbD0Cf91A0", "FOUR", "fourcoin", "", NULL, 1683525179, NULL);
*
INSERT INTO assets(identifier, name, type) VALUES("eip155:1/erc20:0x772c44b5166647B135BB4836AbC4E06c28E94978", "Normie", "C"); INSERT INTO evm_tokens(identifier, token_kind, chain, address, decimals, protocol) VALUES("eip155:1/erc20:0x772c44b5166647B135BB4836AbC4E06c28E94978", "A", 1, "0x772c44b5166647B135BB4836AbC4E06c28E94978", 18, NULL); INSERT INTO common_asset_details(identifier, symbol, coingecko, cryptocompare, forked, started, swapped_for) VALUES("eip155:1/erc20:0x772c44b5166647B135BB4836AbC4E06c28E94978", "NORMIE", "normie", "", NULL, 1683937163, NULL);
*
INSERT INTO assets(identifier, name, type) VALUES("eip155:56/erc20:0x92eD61FB8955Cc4e392781cB8b7cD04AADc43D0c", "Oggy Inu", "C"); INSERT INTO evm_tokens(identifier, token_kind, chain, address, decimals, protocol) VALUES("eip155:56/erc20:0x92eD61FB8955Cc4e392781cB8b7cD04AADc43D0c", "A", 56, "0x92eD61FB8955Cc4e392781cB8b7cD04AADc43D0c", 9, NULL); INSERT INTO common_asset_details(identifier, symbol, coingecko, cryptocompare, forked, started, swapped_for) VALUES("eip155:56/erc20:0x92eD61FB8955Cc4e392781cB8b7cD04AADc43D0c", "OGGY", "oggy-inu", "", NULL, 1680462665, NULL);
*
INSERT INTO assets(identifier, name, type) VALUES("eip155:1/erc20:0x00282FD551D03dC033256C4bf119532e8C735D8a", "Biaocoin", "C"); INSERT INTO evm_tokens(identifier, token_kind, chain, address, decimals, protocol) VALUES("eip155:1/erc20:0x00282FD551D03dC033256C4bf119532e8C735D8a", "A", 1, "0x00282FD551D03dC033256C4bf119532e8C735D8a", 2, NULL); INSERT INTO common_asset_details(identifier, symbol, coingecko, cryptocompare, forked, started, swapped_for) VALUES("eip155:1/erc20:0x00282FD551D03dC033256C4bf119532e8C735D8a", "BIAO", "biaocoin", "", NULL, 1685033027, NULL);
*
INSERT INTO assets(identifier, name, type) VALUES("eip155:1/erc20:0x1BBf25e71EC48B84d773809B4bA55B6F4bE946Fb", "Vow", "C"); INSERT INTO evm_tokens(identifier, token_kind, chain, address, decimals, protocol) VALUES("eip155:1/erc20:0x1BBf25e71EC48B84d773809B4bA55B6F4bE946Fb", "A", 1, "0x1BBf25e71EC48B84d773809B4bA55B6F4bE946Fb", 18, NULL); INSERT INTO common_asset_details(identifier, symbol, coingecko, cryptocompare, forked, started, swapped_for) VALUES("eip155:1/erc20:0x1BBf25e71EC48B84d773809B4bA55B6F4bE946Fb", "VOW", "vow", "", NULL, 1597991844, NULL);
*
INSERT INTO assets(identifier, name, type) VALUES("eip155:1/erc20:0x2aD9adDD0d97EC3cDBA27F92bF6077893b76Ab0b", "PLANET", "C"); INSERT INTO evm_tokens(identifier, token_kind, chain, address, decimals, protocol) VALUES("eip155:1/erc20:0x2aD9adDD0d97EC3cDBA27F92bF6077893b76Ab0b", "A", 1, "0x2aD9adDD0d97EC3cDBA27F92bF6077893b76Ab0b", 18, NULL); INSERT INTO common_asset_details(identifier, symbol, coingecko, cryptocompare, forked, started, swapped_for) VALUES("eip155:1/erc20:0x2aD9adDD0d97EC3cDBA27F92bF6077893b76Ab0b", "PLANET", "planet-token", "", NULL, NULL, NULL);
*
INSERT INTO assets(identifier, name, type) VALUES("eip155:1/erc20:0x693C216aA181EbF776730d16C7ba06842548415E", "Papi", "C"); INSERT INTO evm_tokens(identifier, token_kind, chain, address, decimals, protocol) VALUES("eip155:1/erc20:0x693C216aA181EbF776730d16C7ba06842548415E", "A", 1, "0x693C216aA181EbF776730d16C7ba06842548415E", 18, NULL); INSERT INTO common_asset_details(identifier, symbol, coingecko, cryptocompare, forked, started, swapped_for) VALUES("eip155:1/erc20:0x693C216aA181EbF776730d16C7ba06842548415E", "PAPI", "papi", "", NULL, 1684509419, NULL);
*
INSERT INTO assets(identifier, name, type) VALUES("eip155:1/erc20:0xaaeE1A9723aaDB7afA2810263653A34bA2C21C7a", "Mog Coin", "C"); INSERT INTO evm_tokens(identifier, token_kind, chain, address, decimals, protocol) VALUES("eip155:1/erc20:0xaaeE1A9723aaDB7afA2810263653A34bA2C21C7a", "A", 1, "0xaaeE1A9723aaDB7afA2810263653A34bA2C21C7a", 18, NULL); INSERT INTO common_asset_details(identifier, symbol, coingecko, cryptocompare, forked, started, swapped_for) VALUES("eip155:1/erc20:0xaaeE1A9723aaDB7afA2810263653A34bA2C21C7a", "Mog", "mog-coin", "", NULL, 1689822407, NULL);
*
INSERT INTO assets(identifier, name, type) VALUES("eip155:1/erc20:0xd08623FB2A1f044025EEC65886011CF5D0F06B01", "LarryCoin", "C"); INSERT INTO evm_tokens(identifier, token_kind, chain, address, decimals, protocol) VALUES("eip155:1/erc20:0xd08623FB2A1f044025EEC65886011CF5D0F06B01", "A", 1, "0xd08623FB2A1f044025EEC65886011CF5D0F06B01", 18, NULL); INSERT INTO common_asset_details(identifier, symbol, coingecko, cryptocompare, forked, started, swapped_for) VALUES("eip155:1/erc20:0xd08623FB2A1f044025EEC65886011CF5D0F06B01", "LARRY", "larry", "", NULL, NULL, NULL);
*
INSERT INTO assets(identifier, name, type) VALUES("eip155:1/erc20:0x2eCBa91da63C29EA80Fbe7b52632CA2d1F8e5Be0", "FairERC20", "C"); INSERT INTO evm_tokens(identifier, token_kind, chain, address, decimals, protocol) VALUES("eip155:1/erc20:0x2eCBa91da63C29EA80Fbe7b52632CA2d1F8e5Be0", "A", 1, "0x2eCBa91da63C29EA80Fbe7b52632CA2d1F8e5Be0", 18, NULL); INSERT INTO common_asset_details(identifier, symbol, coingecko, cryptocompare, forked, started, swapped_for) VALUES("eip155:1/erc20:0x2eCBa91da63C29EA80Fbe7b52632CA2d1F8e5Be0", "ferc", "fairerc20", "", NULL, NULL, NULL);
*
INSERT INTO assets(identifier, name, type) VALUES("eip155:56/erc20:0x95c91eEf65F50570cFC3f269961a00108Cf7BF59", "The DONS", "C"); INSERT INTO evm_tokens(identifier, token_kind, chain, address, decimals, protocol) VALUES("eip155:56/erc20:0x95c91eEf65F50570cFC3f269961a00108Cf7BF59", "A", 56, "0x95c91eEf65F50570cFC3f269961a00108Cf7BF59", 18, NULL); INSERT INTO common_asset_details(identifier, symbol, coingecko, cryptocompare, forked, started, swapped_for) VALUES("eip155:56/erc20:0x95c91eEf65F50570cFC3f269961a00108Cf7BF59", "DONS", "dons", "", NULL, 1683830652, NULL);
*
INSERT INTO assets(identifier, name, type) VALUES("eip155:1/erc20:0xbC8E35221904F61b4200Ca44a08e4daC387Ac83A", "Fair BERC20", "C"); INSERT INTO evm_tokens(identifier, token_kind, chain, address, decimals, protocol) VALUES("eip155:1/erc20:0xbC8E35221904F61b4200Ca44a08e4daC387Ac83A", "A", 1, "0xbC8E35221904F61b4200Ca44a08e4daC387Ac83A", 18, NULL); INSERT INTO common_asset_details(identifier, symbol, coingecko, cryptocompare, forked, started, swapped_for) VALUES("eip155:1/erc20:0xbC8E35221904F61b4200Ca44a08e4daC387Ac83A", "BERC", "fair-berc20", "", NULL, 1685903867, NULL);
*
INSERT INTO assets(identifier, name, type) VALUES("eip155:1/erc20:0x78a0A62Fba6Fb21A83FE8a3433d44C73a4017A6f", "Open Exchange Token", "C"); INSERT INTO evm_tokens(identifier, token_kind, chain, address, decimals, protocol) VALUES("eip155:1/erc20:0x78a0A62Fba6Fb21A83FE8a3433d44C73a4017A6f", "A", 1, "0x78a0A62Fba6Fb21A83FE8a3433d44C73a4017A6f", 18, NULL); INSERT INTO common_asset_details(identifier, symbol, coingecko, cryptocompare, forked, started, swapped_for) VALUES("eip155:1/erc20:0x78a0A62Fba6Fb21A83FE8a3433d44C73a4017A6f", "OX", "open-exchange-token", "", NULL, 1685358995, NULL);
*
INSERT INTO assets(identifier, name, type) VALUES("eip155:56/erc20:0x9Ee75952E3408ed7005225855aA1835D6d0023CA", "Stamen Tellus Token", "C"); INSERT INTO evm_tokens(identifier, token_kind, chain, address, decimals, protocol) VALUES("eip155:56/erc20:0x9Ee75952E3408ed7005225855aA1835D6d0023CA", "A", 56, "0x9Ee75952E3408ed7005225855aA1835D6d0023CA", 8, NULL); INSERT INTO common_asset_details(identifier, symbol, coingecko, cryptocompare, forked, started, swapped_for) VALUES("eip155:56/erc20:0x9Ee75952E3408ed7005225855aA1835D6d0023CA", "STT", "stamen-tellus-token", "", NULL, 1637343272, NULL);
*
INSERT INTO assets(identifier, name, type) VALUES("eip155:42161/erc20:0x2a3B32ee6B34C27EbC03Fa33FD80c42eA5998434", "FTDex", "C"); INSERT INTO evm_tokens(identifier, token_kind, chain, address, decimals, protocol) VALUES("eip155:42161/erc20:0x2a3B32ee6B34C27EbC03Fa33FD80c42eA5998434", "A", 42161, "0x2a3B32ee6B34C27EbC03Fa33FD80c42eA5998434", 9, NULL); INSERT INTO common_asset_details(identifier, symbol, coingecko, cryptocompare, forked, started, swapped_for) VALUES("eip155:42161/erc20:0x2a3B32ee6B34C27EbC03Fa33FD80c42eA5998434", "FTD", "ftdex", "", NULL, 1676339743, NULL);
*
INSERT INTO assets(identifier, name, type) VALUES("ECS", "eCredits", "B"); INSERT INTO common_asset_details(identifier, symbol, coingecko, cryptocompare, forked, started, swapped_for) VALUES("ECS", "ECS", "ecredits", "", NULL, 1686276000, NULL);
*
INSERT INTO assets(identifier, name, type) VALUES("FNSA", "FINSCHIA", "B"); INSERT INTO common_asset_details(identifier, symbol, coingecko, cryptocompare, forked, started, swapped_for) VALUES("FNSA", "FNSA", "link", "", NULL, 1539828000, NULL);
*
INSERT INTO assets(identifier, name, type) VALUES("VMPX", "VMPX", "W"); INSERT INTO common_asset_details(identifier, symbol, coingecko, cryptocompare, forked, started, swapped_for) VALUES("VMPX", "VMPX", "vmpx", "", NULL, 1683597600, NULL);
*
INSERT INTO assets(identifier, name, type) VALUES("eip155:1/erc20:0x013062189dc3dcc99e9Cee714c513033b8d99e3c", "Bware", "C"); INSERT INTO evm_tokens(identifier, token_kind, chain, address, decimals, protocol) VALUES("eip155:1/erc20:0x013062189dc3dcc99e9Cee714c513033b8d99e3c", "A", 1, "0x013062189dc3dcc99e9Cee714c513033b8d99e3c", 18, NULL); INSERT INTO common_asset_details(identifier, symbol, coingecko, cryptocompare, forked, started, swapped_for) VALUES("eip155:1/erc20:0x013062189dc3dcc99e9Cee714c513033b8d99e3c", "INFRA", "bware-infra", "", NULL, 1677013895, NULL);
*
INSERT INTO assets(identifier, name, type) VALUES("eip155:1/erc20:0x249cA82617eC3DfB2589c4c17ab7EC9765350a18", "Verse", "C"); INSERT INTO evm_tokens(identifier, token_kind, chain, address, decimals, protocol) VALUES("eip155:1/erc20:0x249cA82617eC3DfB2589c4c17ab7EC9765350a18", "A", 1, "0x249cA82617eC3DfB2589c4c17ab7EC9765350a18", 18, NULL); INSERT INTO common_asset_details(identifier, symbol, coingecko, cryptocompare, forked, started, swapped_for) VALUES("eip155:1/erc20:0x249cA82617eC3DfB2589c4c17ab7EC9765350a18", "VERSE", "verse-bitcoin", "VERSE", NULL, 1670371751, NULL);
*
INSERT INTO assets(identifier, name, type) VALUES("eip155:1/erc20:0xBb3A8FD6Ec4bF0FDc6Cd2739b1e41192D12B1873", "ORBOFI", "C"); INSERT INTO evm_tokens(identifier, token_kind, chain, address, decimals, protocol) VALUES("eip155:1/erc20:0xBb3A8FD6Ec4bF0FDc6Cd2739b1e41192D12B1873", "A", 1, "0xBb3A8FD6Ec4bF0FDc6Cd2739b1e41192D12B1873", 18, NULL); INSERT INTO common_asset_details(identifier, symbol, coingecko, cryptocompare, forked, started, swapped_for) VALUES("eip155:1/erc20:0xBb3A8FD6Ec4bF0FDc6Cd2739b1e41192D12B1873", "OBI", "orbofi-ai", "", NULL, 1684836239, NULL);
*
INSERT INTO assets(identifier, name, type) VALUES("eip155:56/erc20:0xd517cE9206c09dfaA7e7F40f98e59f54Fb10E09f", "Meta Merge Mana", "C"); INSERT INTO evm_tokens(identifier, token_kind, chain, address, decimals, protocol) VALUES("eip155:56/erc20:0xd517cE9206c09dfaA7e7F40f98e59f54Fb10E09f", "A", 56, "0xd517cE9206c09dfaA7e7F40f98e59f54Fb10E09f", 18, NULL); INSERT INTO common_asset_details(identifier, symbol, coingecko, cryptocompare, forked, started, swapped_for) VALUES("eip155:56/erc20:0xd517cE9206c09dfaA7e7F40f98e59f54Fb10E09f", "MMM", "meta-merge-mana", "", NULL, 1683787914, NULL);
*