INSERT INTO assets(identifier, name, type) VALUES('eip155:1/erc20:0x3429d03c6F7521AeC737a0BBF2E5ddcef2C3Ae31', 'PIXEL', 'C');INSERT INTO evm_tokens(identifier, token_kind, chain, address, decimals, protocol) VALUES('eip155:1/erc20:0x3429d03c6F7521AeC737a0BBF2E5ddcef2C3Ae31', 'A', 1, '0x3429d03c6F7521AeC737a0BBF2E5ddcef2C3Ae31', 18, NULL);INSERT INTO common_asset_details(identifier, symbol, coingecko, cryptocompare, forked, started, swapped_for) VALUES('eip155:1/erc20:0x3429d03c6F7521AeC737a0BBF2E5ddcef2C3Ae31', 'PIXEL', 'pixels', '', NULL, 1704937007, NULL);
*
INSERT INTO assets(identifier, name, type) VALUES('eip155:1/erc20:0x65EcE136b89EBAA72a7F7aa815674946e44ca3F9', 'Matter Labs Trial Token', 'C');INSERT INTO evm_tokens(identifier, token_kind, chain, address, decimals, protocol) VALUES('eip155:1/erc20:0x65EcE136b89EBAA72a7F7aa815674946e44ca3F9', 'A', 1, '0x65EcE136b89EBAA72a7F7aa815674946e44ca3F9', 18, NULL);INSERT INTO common_asset_details(identifier, symbol, coingecko, cryptocompare, forked, started, swapped_for) VALUES('eip155:1/erc20:0x65EcE136b89EBAA72a7F7aa815674946e44ca3F9', 'MLTT', NULL, '', NULL, 1592391357, NULL);
*
INSERT INTO assets(identifier, name, type) VALUES('eip155:1/erc20:0x3108ccFd96816F9E663baA0E8c5951D229E8C6da', 'DarkToken', 'C');INSERT INTO evm_tokens(identifier, token_kind, chain, address, decimals, protocol) VALUES('eip155:1/erc20:0x3108ccFd96816F9E663baA0E8c5951D229E8C6da', 'A', 1, '0x3108ccFd96816F9E663baA0E8c5951D229E8C6da', 18, NULL);INSERT INTO common_asset_details(identifier, symbol, coingecko, cryptocompare, forked, started, swapped_for) VALUES('eip155:1/erc20:0x3108ccFd96816F9E663baA0E8c5951D229E8C6da', 'DARK', NULL, '', NULL, 1600246596, NULL);
*
INSERT INTO assets(identifier, name, type) VALUES('eip155:1/erc20:0x4C7065Bca76FE44AFb0D16C2441B1e6E163354E2', 'Helysia', 'C');INSERT INTO evm_tokens(identifier, token_kind, chain, address, decimals, protocol) VALUES('eip155:1/erc20:0x4C7065Bca76FE44AFb0D16C2441B1e6E163354E2', 'A', 1, '0x4C7065Bca76FE44AFb0D16C2441B1e6E163354E2', 18, NULL);INSERT INTO common_asset_details(identifier, symbol, coingecko, cryptocompare, forked, started, swapped_for) VALUES('eip155:1/erc20:0x4C7065Bca76FE44AFb0D16C2441B1e6E163354E2', '3LY', NULL, '', NULL, 1596285806, NULL);
*
INSERT INTO assets(identifier, name, type) VALUES('eip155:1/erc20:0x15a2B3CfaFd696e1C783FE99eed168b78a3A371e', 'Yearn Lido St. Ether Vault', 'C');INSERT INTO evm_tokens(identifier, token_kind, chain, address, decimals, protocol) VALUES('eip155:1/erc20:0x15a2B3CfaFd696e1C783FE99eed168b78a3A371e', 'A', 1, '0x15a2B3CfaFd696e1C783FE99eed168b78a3A371e', 18, NULL);INSERT INTO common_asset_details(identifier, symbol, coingecko, cryptocompare, forked, started, swapped_for) VALUES('eip155:1/erc20:0x15a2B3CfaFd696e1C783FE99eed168b78a3A371e', 'yvstETH', NULL, '', NULL, 1608887785, NULL);
*
INSERT INTO assets(identifier, name, type) VALUES('eip155:1/erc20:0xbb1EE07d6c7BAeB702949904080eb61f5D5e7732', 'Dogey-Inu', 'C');INSERT INTO evm_tokens(identifier, token_kind, chain, address, decimals, protocol) VALUES('eip155:1/erc20:0xbb1EE07d6c7BAeB702949904080eb61f5D5e7732', 'A', 1, '0xbb1EE07d6c7BAeB702949904080eb61f5D5e7732', 18, NULL);INSERT INTO common_asset_details(identifier, symbol, coingecko, cryptocompare, forked, started, swapped_for) VALUES('eip155:1/erc20:0xbb1EE07d6c7BAeB702949904080eb61f5D5e7732', 'DINU', 'dogey-inu', 'DINU', NULL, 1619015687, NULL);
*
INSERT INTO assets(identifier, name, type) VALUES('eip155:1/erc20:0x72e364F2ABdC788b7E918bc238B21f109Cd634D7', 'Metaverse Index', 'C');INSERT INTO evm_tokens(identifier, token_kind, chain, address, decimals, protocol) VALUES('eip155:1/erc20:0x72e364F2ABdC788b7E918bc238B21f109Cd634D7', 'A', 1, '0x72e364F2ABdC788b7E918bc238B21f109Cd634D7', 18, NULL);INSERT INTO common_asset_details(identifier, symbol, coingecko, cryptocompare, forked, started, swapped_for) VALUES('eip155:1/erc20:0x72e364F2ABdC788b7E918bc238B21f109Cd634D7', 'MVI', 'metaverse-index', 'MVI', NULL, 1617361351, NULL);
*
INSERT INTO assets(identifier, name, type) VALUES('eip155:1/erc20:0x0B498ff89709d3838a063f1dFA463091F9801c2b', 'BTC 2x Flexible Leverage Index', 'C');INSERT INTO evm_tokens(identifier, token_kind, chain, address, decimals, protocol) VALUES('eip155:1/erc20:0x0B498ff89709d3838a063f1dFA463091F9801c2b', 'A', 1, '0x0B498ff89709d3838a063f1dFA463091F9801c2b', 18, NULL);INSERT INTO common_asset_details(identifier, symbol, coingecko, cryptocompare, forked, started, swapped_for) VALUES('eip155:1/erc20:0x0B498ff89709d3838a063f1dFA463091F9801c2b', 'BTC2x-FLI', 'btc-2x-flexible-leverage-index', '', NULL, 1620238070, NULL);
*
INSERT INTO assets(identifier, name, type) VALUES('eip155:1/erc20:0x5F64Ab1544D28732F0A24F4713c2C8ec0dA089f0', 'DEXTF Token', 'C');INSERT INTO evm_tokens(identifier, token_kind, chain, address, decimals, protocol) VALUES('eip155:1/erc20:0x5F64Ab1544D28732F0A24F4713c2C8ec0dA089f0', 'A', 1, '0x5F64Ab1544D28732F0A24F4713c2C8ec0dA089f0', 18, NULL);INSERT INTO common_asset_details(identifier, symbol, coingecko, cryptocompare, forked, started, swapped_for) VALUES('eip155:1/erc20:0x5F64Ab1544D28732F0A24F4713c2C8ec0dA089f0', 'DEXTF', 'dextf', 'DEXTF', NULL, 1599265568, NULL);
*
INSERT INTO assets(identifier, name, type) VALUES('eip155:1/erc20:0x3fEa51dAab1672d3385f6AF02980e1462cA0687b', 'EVO', 'C');INSERT INTO evm_tokens(identifier, token_kind, chain, address, decimals, protocol) VALUES('eip155:1/erc20:0x3fEa51dAab1672d3385f6AF02980e1462cA0687b', 'A', 1, '0x3fEa51dAab1672d3385f6AF02980e1462cA0687b', 18, NULL);INSERT INTO common_asset_details(identifier, symbol, coingecko, cryptocompare, forked, started, swapped_for) VALUES('eip155:1/erc20:0x3fEa51dAab1672d3385f6AF02980e1462cA0687b', 'EVO', NULL, '', NULL, 1621912787, NULL);
*
INSERT INTO assets(identifier, name, type) VALUES('eip155:1/erc20:0x56cCEA18F8c7c23328Cdfd545c50c7c370f8d263', 'RSCOIN', 'C');INSERT INTO evm_tokens(identifier, token_kind, chain, address, decimals, protocol) VALUES('eip155:1/erc20:0x56cCEA18F8c7c23328Cdfd545c50c7c370f8d263', 'A', 1, '0x56cCEA18F8c7c23328Cdfd545c50c7c370f8d263', 8, NULL);INSERT INTO common_asset_details(identifier, symbol, coingecko, cryptocompare, forked, started, swapped_for) VALUES('eip155:1/erc20:0x56cCEA18F8c7c23328Cdfd545c50c7c370f8d263', 'RSC', NULL, '', NULL, 1617279981, NULL);
*
INSERT INTO assets(identifier, name, type) VALUES('eip155:1/erc20:0x88A7797256E3a2f677235d917A8bf51E4CaB53bF', 'StarTrek', 'C');INSERT INTO evm_tokens(identifier, token_kind, chain, address, decimals, protocol) VALUES('eip155:1/erc20:0x88A7797256E3a2f677235d917A8bf51E4CaB53bF', 'A', 1, '0x88A7797256E3a2f677235d917A8bf51E4CaB53bF', 18, NULL);INSERT INTO common_asset_details(identifier, symbol, coingecko, cryptocompare, forked, started, swapped_for) VALUES('eip155:1/erc20:0x88A7797256E3a2f677235d917A8bf51E4CaB53bF', 'STREK', NULL, '', NULL, 1627482204, NULL);
*
INSERT INTO assets(identifier, name, type) VALUES('eip155:1/erc20:0x035dF12E0F3ac6671126525f1015E47D79dFEDDF', '0xMonero', 'C');INSERT INTO evm_tokens(identifier, token_kind, chain, address, decimals, protocol) VALUES('eip155:1/erc20:0x035dF12E0F3ac6671126525f1015E47D79dFEDDF', 'A', 1, '0x035dF12E0F3ac6671126525f1015E47D79dFEDDF', 18, NULL);INSERT INTO common_asset_details(identifier, symbol, coingecko, cryptocompare, forked, started, swapped_for) VALUES('eip155:1/erc20:0x035dF12E0F3ac6671126525f1015E47D79dFEDDF', '0xMR', '0xmonero', '', NULL, 1587205060, NULL);
*
INSERT INTO assets(identifier, name, type) VALUES('eip155:1/erc20:0x2e2364966267B5D7D2cE6CD9A9B5bD19d9C7C6A9', 'Voice Token', 'C');INSERT INTO evm_tokens(identifier, token_kind, chain, address, decimals, protocol) VALUES('eip155:1/erc20:0x2e2364966267B5D7D2cE6CD9A9B5bD19d9C7C6A9', 'A', 1, '0x2e2364966267B5D7D2cE6CD9A9B5bD19d9C7C6A9', 18, NULL);INSERT INTO common_asset_details(identifier, symbol, coingecko, cryptocompare, forked, started, swapped_for) VALUES('eip155:1/erc20:0x2e2364966267B5D7D2cE6CD9A9B5bD19d9C7C6A9', 'nix-bridge-token', NULL, '', NULL, 1603226941, NULL);
*
INSERT INTO assets(identifier, name, type) VALUES('eip155:1/erc20:0x10994AA2FB8E6bA5D9FB2BC127FF228c4fe6167F', 'Secure Pad', 'C');INSERT INTO evm_tokens(identifier, token_kind, chain, address, decimals, protocol) VALUES('eip155:1/erc20:0x10994AA2FB8E6bA5D9FB2BC127FF228c4fe6167F', 'A', 1, '0x10994AA2FB8E6bA5D9FB2BC127FF228c4fe6167F', 18, NULL);INSERT INTO common_asset_details(identifier, symbol, coingecko, cryptocompare, forked, started, swapped_for) VALUES('eip155:1/erc20:0x10994AA2FB8E6bA5D9FB2BC127FF228c4fe6167F', 'SEPA', NULL, 'SEPA', NULL, 1617385105, NULL);
*
INSERT INTO assets(identifier, name, type) VALUES('eip155:1/erc20:0xf6832EA221ebFDc2363729721A146E6745354b14', 'FRMx Token', 'C');INSERT INTO evm_tokens(identifier, token_kind, chain, address, decimals, protocol) VALUES('eip155:1/erc20:0xf6832EA221ebFDc2363729721A146E6745354b14', 'A', 1, '0xf6832EA221ebFDc2363729721A146E6745354b14', 18, NULL);INSERT INTO common_asset_details(identifier, symbol, coingecko, cryptocompare, forked, started, swapped_for) VALUES('eip155:1/erc20:0xf6832EA221ebFDc2363729721A146E6745354b14', 'FRMX', NULL, '', NULL, 1602874592, NULL);
*
INSERT INTO assets(identifier, name, type) VALUES('eip155:1/erc20:0x81f8f0bb1cB2A06649E51913A151F0E7Ef6FA321', 'VitaDAO Token', 'C');INSERT INTO evm_tokens(identifier, token_kind, chain, address, decimals, protocol) VALUES('eip155:1/erc20:0x81f8f0bb1cB2A06649E51913A151F0E7Ef6FA321', 'A', 1, '0x81f8f0bb1cB2A06649E51913A151F0E7Ef6FA321', 18, NULL);INSERT INTO common_asset_details(identifier, symbol, coingecko, cryptocompare, forked, started, swapped_for) VALUES('eip155:1/erc20:0x81f8f0bb1cB2A06649E51913A151F0E7Ef6FA321', 'VITA', 'vitadao', '', NULL, 1623977434, NULL);
*
INSERT INTO assets(identifier, name, type) VALUES('eip155:1/erc20:0xC40A954BFa12789b3cf7a94a7AcC6854Af446940', 'UM Token', 'C');INSERT INTO evm_tokens(identifier, token_kind, chain, address, decimals, protocol) VALUES('eip155:1/erc20:0xC40A954BFa12789b3cf7a94a7AcC6854Af446940', 'A', 1, '0xC40A954BFa12789b3cf7a94a7AcC6854Af446940', 18, NULL);INSERT INTO common_asset_details(identifier, symbol, coingecko, cryptocompare, forked, started, swapped_for) VALUES('eip155:1/erc20:0xC40A954BFa12789b3cf7a94a7AcC6854Af446940', 'UMT', NULL, '', NULL, 1632036382, NULL);
*
INSERT INTO assets(identifier, name, type) VALUES('eip155:1/erc20:0x19ebAA7F212b09de2aee2a32D40338553C70e2e3', 'ARTM', 'C');INSERT INTO evm_tokens(identifier, token_kind, chain, address, decimals, protocol) VALUES('eip155:1/erc20:0x19ebAA7F212b09de2aee2a32D40338553C70e2e3', 'A', 1, '0x19ebAA7F212b09de2aee2a32D40338553C70e2e3', 18, NULL);INSERT INTO common_asset_details(identifier, symbol, coingecko, cryptocompare, forked, started, swapped_for) VALUES('eip155:1/erc20:0x19ebAA7F212b09de2aee2a32D40338553C70e2e3', 'ARTM', NULL, 'ARTM', NULL, 1627654842, NULL);
*
INSERT INTO assets(identifier, name, type) VALUES('eip155:1/erc20:0x777E2ae845272a2F540ebf6a3D03734A5a8f618e', 'Ryoshis Vision', 'C');INSERT INTO evm_tokens(identifier, token_kind, chain, address, decimals, protocol) VALUES('eip155:1/erc20:0x777E2ae845272a2F540ebf6a3D03734A5a8f618e', 'A', 1, '0x777E2ae845272a2F540ebf6a3D03734A5a8f618e', 18, NULL);INSERT INTO common_asset_details(identifier, symbol, coingecko, cryptocompare, forked, started, swapped_for) VALUES('eip155:1/erc20:0x777E2ae845272a2F540ebf6a3D03734A5a8f618e', 'RYOSHI', 'ryoshis-vision', 'RYOSHI', NULL, 1628346899, NULL);
*
INSERT INTO assets(identifier, name, type) VALUES('eip155:1/erc20:0x3ADb04E127b9C0a5D36094125669d4603AC52a0c', 'Gro Vault Token', 'C');INSERT INTO evm_tokens(identifier, token_kind, chain, address, decimals, protocol) VALUES('eip155:1/erc20:0x3ADb04E127b9C0a5D36094125669d4603AC52a0c', 'A', 1, '0x3ADb04E127b9C0a5D36094125669d4603AC52a0c', 18, NULL);INSERT INTO common_asset_details(identifier, symbol, coingecko, cryptocompare, forked, started, swapped_for) VALUES('eip155:1/erc20:0x3ADb04E127b9C0a5D36094125669d4603AC52a0c', 'GVT', NULL, '', NULL, 1622199928, NULL);
*
INSERT INTO assets(identifier, name, type) VALUES('eip155:1/erc20:0xCa76543Cf381ebBB277bE79574059e32108e3E65', 'Wrapped sOHM', 'C');INSERT INTO evm_tokens(identifier, token_kind, chain, address, decimals, protocol) VALUES('eip155:1/erc20:0xCa76543Cf381ebBB277bE79574059e32108e3E65', 'A', 1, '0xCa76543Cf381ebBB277bE79574059e32108e3E65', 18, NULL);INSERT INTO common_asset_details(identifier, symbol, coingecko, cryptocompare, forked, started, swapped_for) VALUES('eip155:1/erc20:0xCa76543Cf381ebBB277bE79574059e32108e3E65', 'wsOHM', NULL, 'wsOHM', NULL, 1623542030, NULL);
*
INSERT INTO assets(identifier, name, type) VALUES('eip155:1/erc20:0x91Af0fBB28ABA7E31403Cb457106Ce79397FD4E6', 'Aergo', 'C');INSERT INTO evm_tokens(identifier, token_kind, chain, address, decimals, protocol) VALUES('eip155:1/erc20:0x91Af0fBB28ABA7E31403Cb457106Ce79397FD4E6', 'A', 1, '0x91Af0fBB28ABA7E31403Cb457106Ce79397FD4E6', 18, NULL);INSERT INTO common_asset_details(identifier, symbol, coingecko, cryptocompare, forked, started, swapped_for) VALUES('eip155:1/erc20:0x91Af0fBB28ABA7E31403Cb457106Ce79397FD4E6', 'AERGO', 'aergo', 'AERGO', NULL, 1601342441, NULL);
*
INSERT INTO assets(identifier, name, type) VALUES('eip155:1/erc20:0x2AdCbeE886D23EFF5ADECC7767Bf102E4A1CE151', 'AyurVeda AG Shares', 'C');INSERT INTO evm_tokens(identifier, token_kind, chain, address, decimals, protocol) VALUES('eip155:1/erc20:0x2AdCbeE886D23EFF5ADECC7767Bf102E4A1CE151', 'A', 1, '0x2AdCbeE886D23EFF5ADECC7767Bf102E4A1CE151', 0, NULL);INSERT INTO common_asset_details(identifier, symbol, coingecko, cryptocompare, forked, started, swapped_for) VALUES('eip155:1/erc20:0x2AdCbeE886D23EFF5ADECC7767Bf102E4A1CE151', 'VEDA', NULL, '', NULL, 1629448032, NULL);
*
INSERT INTO assets(identifier, name, type) VALUES('eip155:1/erc20:0x08389495D7456E1951ddF7c3a1314A4bfb646d8B', 'CRPT', 'C');INSERT INTO evm_tokens(identifier, token_kind, chain, address, decimals, protocol) VALUES('eip155:1/erc20:0x08389495D7456E1951ddF7c3a1314A4bfb646d8B', 'A', 1, '0x08389495D7456E1951ddF7c3a1314A4bfb646d8B', 18, NULL);INSERT INTO common_asset_details(identifier, symbol, coingecko, cryptocompare, forked, started, swapped_for) VALUES('eip155:1/erc20:0x08389495D7456E1951ddF7c3a1314A4bfb646d8B', 'CRPT', 'crypterium', 'CRPT', NULL, 1601204265, NULL);
*
INSERT INTO assets(identifier, name, type) VALUES('eip155:1/erc20:0x8185Bc4757572Da2a610f887561c32298f1A5748', 'Aluna', 'C');INSERT INTO evm_tokens(identifier, token_kind, chain, address, decimals, protocol) VALUES('eip155:1/erc20:0x8185Bc4757572Da2a610f887561c32298f1A5748', 'A', 1, '0x8185Bc4757572Da2a610f887561c32298f1A5748', 18, NULL);INSERT INTO common_asset_details(identifier, symbol, coingecko, cryptocompare, forked, started, swapped_for) VALUES('eip155:1/erc20:0x8185Bc4757572Da2a610f887561c32298f1A5748', 'ALN', 'aluna', '', NULL, 1614789928, NULL);
*
INSERT INTO assets(identifier, name, type) VALUES('eip155:1/erc20:0x4E9e4Ab99Cfc14B852f552f5Fb3Aa68617825B6c', 'SolarCoin on Mainnet', 'C');INSERT INTO evm_tokens(identifier, token_kind, chain, address, decimals, protocol) VALUES('eip155:1/erc20:0x4E9e4Ab99Cfc14B852f552f5Fb3Aa68617825B6c', 'A', 1, '0x4E9e4Ab99Cfc14B852f552f5Fb3Aa68617825B6c', 18, NULL);INSERT INTO common_asset_details(identifier, symbol, coingecko, cryptocompare, forked, started, swapped_for) VALUES('eip155:1/erc20:0x4E9e4Ab99Cfc14B852f552f5Fb3Aa68617825B6c', 'SLR', 'solarcoin', 'SLR', NULL, 1619174554, NULL);
*
INSERT INTO assets(identifier, name, type) VALUES('eip155:1/erc20:0x21ad647b8F4Fe333212e735bfC1F36B4941E6Ad2', 'Squid', 'C');INSERT INTO evm_tokens(identifier, token_kind, chain, address, decimals, protocol) VALUES('eip155:1/erc20:0x21ad647b8F4Fe333212e735bfC1F36B4941E6Ad2', 'A', 1, '0x21ad647b8F4Fe333212e735bfC1F36B4941E6Ad2', 9, NULL);INSERT INTO common_asset_details(identifier, symbol, coingecko, cryptocompare, forked, started, swapped_for) VALUES('eip155:1/erc20:0x21ad647b8F4Fe333212e735bfC1F36B4941E6Ad2', 'SQUID', NULL, '', NULL, 1635508508, NULL);
*
INSERT INTO assets(identifier, name, type) VALUES('eip155:1/erc20:0x0aCe32f6E87Ac1457A5385f8eb0208F37263B415', 'Habitat Token', 'C');INSERT INTO evm_tokens(identifier, token_kind, chain, address, decimals, protocol) VALUES('eip155:1/erc20:0x0aCe32f6E87Ac1457A5385f8eb0208F37263B415', 'A', 1, '0x0aCe32f6E87Ac1457A5385f8eb0208F37263B415', 10, NULL);INSERT INTO common_asset_details(identifier, symbol, coingecko, cryptocompare, forked, started, swapped_for) VALUES('eip155:1/erc20:0x0aCe32f6E87Ac1457A5385f8eb0208F37263B415', 'HBT', NULL, 'HBT', NULL, 1615361285, NULL);
*
INSERT INTO assets(identifier, name, type) VALUES('eip155:1/erc20:0xDc5864eDe28BD4405aa04d93E05A0531797D9D59', 'Falcon', 'C');INSERT INTO evm_tokens(identifier, token_kind, chain, address, decimals, protocol) VALUES('eip155:1/erc20:0xDc5864eDe28BD4405aa04d93E05A0531797D9D59', 'A', 1, '0xDc5864eDe28BD4405aa04d93E05A0531797D9D59', 6, NULL);INSERT INTO common_asset_details(identifier, symbol, coingecko, cryptocompare, forked, started, swapped_for) VALUES('eip155:1/erc20:0xDc5864eDe28BD4405aa04d93E05A0531797D9D59', 'FNT', 'falcon-token', '', NULL, 1580335478, NULL);
*
INSERT INTO assets(identifier, name, type) VALUES('eip155:1/erc20:0x35A9b440Da4410dD63dF8c54672b728970560328', 'Mana', 'C');INSERT INTO evm_tokens(identifier, token_kind, chain, address, decimals, protocol) VALUES('eip155:1/erc20:0x35A9b440Da4410dD63dF8c54672b728970560328', 'A', 1, '0x35A9b440Da4410dD63dF8c54672b728970560328', 18, NULL);INSERT INTO common_asset_details(identifier, symbol, coingecko, cryptocompare, forked, started, swapped_for) VALUES('eip155:1/erc20:0x35A9b440Da4410dD63dF8c54672b728970560328', 'MANA', NULL, '', NULL, 1498717633, NULL);
*
INSERT INTO assets(identifier, name, type) VALUES('eip155:1/erc20:0xdFC3829b127761a3218bFceE7fc92e1232c9D116', 'Wrapped PRCY', 'C');INSERT INTO evm_tokens(identifier, token_kind, chain, address, decimals, protocol) VALUES('eip155:1/erc20:0xdFC3829b127761a3218bFceE7fc92e1232c9D116', 'A', 1, '0xdFC3829b127761a3218bFceE7fc92e1232c9D116', 8, NULL);INSERT INTO common_asset_details(identifier, symbol, coingecko, cryptocompare, forked, started, swapped_for) VALUES('eip155:1/erc20:0xdFC3829b127761a3218bFceE7fc92e1232c9D116', 'WPRCY', NULL, '', NULL, 1618139947, NULL);
*
INSERT INTO assets(identifier, name, type) VALUES('eip155:1/erc20:0xDa446fAd08277B4D2591536F204E018f32B6831c', 'NZD Stablecoin', 'C');INSERT INTO evm_tokens(identifier, token_kind, chain, address, decimals, protocol) VALUES('eip155:1/erc20:0xDa446fAd08277B4D2591536F204E018f32B6831c', 'A', 1, '0xDa446fAd08277B4D2591536F204E018f32B6831c', 6, NULL);INSERT INTO common_asset_details(identifier, symbol, coingecko, cryptocompare, forked, started, swapped_for) VALUES('eip155:1/erc20:0xDa446fAd08277B4D2591536F204E018f32B6831c', 'NZDS', NULL, '', NULL, 1613272818, NULL);
*
INSERT INTO assets(identifier, name, type) VALUES('eip155:1/erc20:0x47252A63C723889814AeBcAC0683E615624ceC64', 'nil', 'C');INSERT INTO evm_tokens(identifier, token_kind, chain, address, decimals, protocol) VALUES('eip155:1/erc20:0x47252A63C723889814AeBcAC0683E615624ceC64', 'A', 1, '0x47252A63C723889814AeBcAC0683E615624ceC64', 18, NULL);INSERT INTO common_asset_details(identifier, symbol, coingecko, cryptocompare, forked, started, swapped_for) VALUES('eip155:1/erc20:0x47252A63C723889814AeBcAC0683E615624ceC64', 'NIL', NULL, '', NULL, 1635418545, NULL);
*
INSERT INTO assets(identifier, name, type) VALUES('eip155:1/erc20:0x85327583059dcA2BDa3b14D1AFbf3f1042eEbbb3', 'JIMMYCOIN', 'C');INSERT INTO evm_tokens(identifier, token_kind, chain, address, decimals, protocol) VALUES('eip155:1/erc20:0x85327583059dcA2BDa3b14D1AFbf3f1042eEbbb3', 'A', 1, '0x85327583059dcA2BDa3b14D1AFbf3f1042eEbbb3', 18, NULL);INSERT INTO common_asset_details(identifier, symbol, coingecko, cryptocompare, forked, started, swapped_for) VALUES('eip155:1/erc20:0x85327583059dcA2BDa3b14D1AFbf3f1042eEbbb3', 'JER', NULL, '', NULL, 1635877876, NULL);
*
INSERT INTO assets(identifier, name, type) VALUES('eip155:1/erc20:0xbd1848e1491d4308Ad18287A745DD4DB2A4BD55B', 'MOchi MArket', 'C');INSERT INTO evm_tokens(identifier, token_kind, chain, address, decimals, protocol) VALUES('eip155:1/erc20:0xbd1848e1491d4308Ad18287A745DD4DB2A4BD55B', 'A', 1, '0xbd1848e1491d4308Ad18287A745DD4DB2A4BD55B', 18, NULL);INSERT INTO common_asset_details(identifier, symbol, coingecko, cryptocompare, forked, started, swapped_for) VALUES('eip155:1/erc20:0xbd1848e1491d4308Ad18287A745DD4DB2A4BD55B', 'MOMA', 'mochi-market', 'MOMA', NULL, 1618982932, NULL);
*
INSERT INTO assets(identifier, name, type) VALUES('eip155:1/erc20:0x22B6C31c2bEB8f2d0d5373146Eed41Ab9eDe3caf', 'CocktailBar', 'C');INSERT INTO evm_tokens(identifier, token_kind, chain, address, decimals, protocol) VALUES('eip155:1/erc20:0x22B6C31c2bEB8f2d0d5373146Eed41Ab9eDe3caf', 'A', 1, '0x22B6C31c2bEB8f2d0d5373146Eed41Ab9eDe3caf', 8, NULL);INSERT INTO common_asset_details(identifier, symbol, coingecko, cryptocompare, forked, started, swapped_for) VALUES('eip155:1/erc20:0x22B6C31c2bEB8f2d0d5373146Eed41Ab9eDe3caf', 'COC', 'cocktailbar', '', NULL, 1601023643, NULL);
*
INSERT INTO assets(identifier, name, type) VALUES('eip155:1/erc20:0xD33526068D116cE69F19A9ee46F0bd304F21A51f', 'Rocket Pool Protocol', 'C');INSERT INTO evm_tokens(identifier, token_kind, chain, address, decimals, protocol) VALUES('eip155:1/erc20:0xD33526068D116cE69F19A9ee46F0bd304F21A51f', 'A', 1, '0xD33526068D116cE69F19A9ee46F0bd304F21A51f', 18, NULL);INSERT INTO common_asset_details(identifier, symbol, coingecko, cryptocompare, forked, started, swapped_for) VALUES('eip155:1/erc20:0xD33526068D116cE69F19A9ee46F0bd304F21A51f', 'RPL', 'rocket-pool', 'RPL', NULL, 1632980703, NULL);
*
INSERT INTO assets(identifier, name, type) VALUES('eip155:1/erc20:0x02d60b84491589974263d922D9cC7a3152618Ef6', 'Wrapped aDAI', 'C');INSERT INTO evm_tokens(identifier, token_kind, chain, address, decimals, protocol) VALUES('eip155:1/erc20:0x02d60b84491589974263d922D9cC7a3152618Ef6', 'A', 1, '0x02d60b84491589974263d922D9cC7a3152618Ef6', 18, NULL);INSERT INTO common_asset_details(identifier, symbol, coingecko, cryptocompare, forked, started, swapped_for) VALUES('eip155:1/erc20:0x02d60b84491589974263d922D9cC7a3152618Ef6', 'aDAI', NULL, '', NULL, 1637393794, NULL);
*
INSERT INTO assets(identifier, name, type) VALUES('eip155:1/erc20:0xd093fA4Fb80D09bB30817FDcd442d4d02eD3E5de', 'Wrapped aUSDC', 'C');INSERT INTO evm_tokens(identifier, token_kind, chain, address, decimals, protocol) VALUES('eip155:1/erc20:0xd093fA4Fb80D09bB30817FDcd442d4d02eD3E5de', 'A', 1, '0xd093fA4Fb80D09bB30817FDcd442d4d02eD3E5de', 6, NULL);INSERT INTO common_asset_details(identifier, symbol, coingecko, cryptocompare, forked, started, swapped_for) VALUES('eip155:1/erc20:0xd093fA4Fb80D09bB30817FDcd442d4d02eD3E5de', 'aUSDC', NULL, '', NULL, 1637708250, NULL);
*
INSERT INTO assets(identifier, name, type) VALUES('eip155:1/erc20:0xC2C3D431249E64542aDD3172665732e485928Ad3', 'Raptor', 'C');INSERT INTO evm_tokens(identifier, token_kind, chain, address, decimals, protocol) VALUES('eip155:1/erc20:0xC2C3D431249E64542aDD3172665732e485928Ad3', 'A', 1, '0xC2C3D431249E64542aDD3172665732e485928Ad3', 18, NULL);INSERT INTO common_asset_details(identifier, symbol, coingecko, cryptocompare, forked, started, swapped_for) VALUES('eip155:1/erc20:0xC2C3D431249E64542aDD3172665732e485928Ad3', 'RPTR', NULL, '', NULL, 1639620734, NULL);
*
INSERT INTO assets(identifier, name, type) VALUES('eip155:1/erc20:0xf65B5C5104c4faFD4b709d9D60a185eAE063276c', 'Truebit', 'C');INSERT INTO evm_tokens(identifier, token_kind, chain, address, decimals, protocol) VALUES('eip155:1/erc20:0xf65B5C5104c4faFD4b709d9D60a185eAE063276c', 'A', 1, '0xf65B5C5104c4faFD4b709d9D60a185eAE063276c', 18, NULL);INSERT INTO common_asset_details(identifier, symbol, coingecko, cryptocompare, forked, started, swapped_for) VALUES('eip155:1/erc20:0xf65B5C5104c4faFD4b709d9D60a185eAE063276c', 'TRU', 'truebit-protocol', 'TRUEBIT', NULL, 1618138342, NULL);
*
INSERT INTO assets(identifier, name, type) VALUES('eip155:1/erc20:0xBEaB712832112bd7664226db7CD025B153D3af55', 'Bright Union', 'C');INSERT INTO evm_tokens(identifier, token_kind, chain, address, decimals, protocol) VALUES('eip155:1/erc20:0xBEaB712832112bd7664226db7CD025B153D3af55', 'A', 1, '0xBEaB712832112bd7664226db7CD025B153D3af55', 18, NULL);INSERT INTO common_asset_details(identifier, symbol, coingecko, cryptocompare, forked, started, swapped_for) VALUES('eip155:1/erc20:0xBEaB712832112bd7664226db7CD025B153D3af55', 'BRIGHT', 'bright-union', 'BRIGHTU', NULL, 1627994619, NULL);
*
INSERT INTO assets(identifier, name, type) VALUES('eip155:1/erc20:0xbd31EA8212119f94A611FA969881CBa3EA06Fa3d', 'LUNA', 'C');INSERT INTO evm_tokens(identifier, token_kind, chain, address, decimals, protocol) VALUES('eip155:1/erc20:0xbd31EA8212119f94A611FA969881CBa3EA06Fa3d', 'A', 1, '0xbd31EA8212119f94A611FA969881CBa3EA06Fa3d', 6, NULL);INSERT INTO common_asset_details(identifier, symbol, coingecko, cryptocompare, forked, started, swapped_for) VALUES('eip155:1/erc20:0xbd31EA8212119f94A611FA969881CBa3EA06Fa3d', 'LUNA', NULL, '', NULL, 1634101137, NULL);
*
INSERT INTO assets(identifier, name, type) VALUES('eip155:1/erc20:0xD31a59c85aE9D8edEFeC411D448f90841571b89c', 'Wrapped SOL', 'C');INSERT INTO evm_tokens(identifier, token_kind, chain, address, decimals, protocol) VALUES('eip155:1/erc20:0xD31a59c85aE9D8edEFeC411D448f90841571b89c', 'A', 1, '0xD31a59c85aE9D8edEFeC411D448f90841571b89c', 9, NULL);INSERT INTO common_asset_details(identifier, symbol, coingecko, cryptocompare, forked, started, swapped_for) VALUES('eip155:1/erc20:0xD31a59c85aE9D8edEFeC411D448f90841571b89c', 'SOL', 'wrapped-solana', '', NULL, 1632316757, NULL);
*
INSERT INTO assets(identifier, name, type) VALUES('eip155:1/erc20:0x85f138bfEE4ef8e540890CFb48F620571d67Eda3', 'Wrapped AVAX', 'C');INSERT INTO evm_tokens(identifier, token_kind, chain, address, decimals, protocol) VALUES('eip155:1/erc20:0x85f138bfEE4ef8e540890CFb48F620571d67Eda3', 'A', 1, '0x85f138bfEE4ef8e540890CFb48F620571d67Eda3', 18, NULL);INSERT INTO common_asset_details(identifier, symbol, coingecko, cryptocompare, forked, started, swapped_for) VALUES('eip155:1/erc20:0x85f138bfEE4ef8e540890CFb48F620571d67Eda3', 'WAVAX', 'wrapped-avax', '', NULL, 1640299238, NULL);
*
INSERT INTO assets(identifier, name, type) VALUES('eip155:1/erc20:0x70A6395650b47D94A77dE4cFEDF9629f6922e645', 'Wrapped Smart Advertising Transaction Token', 'C');INSERT INTO evm_tokens(identifier, token_kind, chain, address, decimals, protocol) VALUES('eip155:1/erc20:0x70A6395650b47D94A77dE4cFEDF9629f6922e645', 'A', 1, '0x70A6395650b47D94A77dE4cFEDF9629f6922e645', 18, NULL);INSERT INTO common_asset_details(identifier, symbol, coingecko, cryptocompare, forked, started, swapped_for) VALUES('eip155:1/erc20:0x70A6395650b47D94A77dE4cFEDF9629f6922e645', 'WSATT', NULL, '', NULL, 1601669654, NULL);
*
INSERT INTO assets(identifier, name, type) VALUES('eip155:1/erc20:0x2aF1dF3AB0ab157e1E2Ad8F88A7D04fbea0c7dc6', 'Bankless BED Index', 'C');INSERT INTO evm_tokens(identifier, token_kind, chain, address, decimals, protocol) VALUES('eip155:1/erc20:0x2aF1dF3AB0ab157e1E2Ad8F88A7D04fbea0c7dc6', 'A', 1, '0x2aF1dF3AB0ab157e1E2Ad8F88A7D04fbea0c7dc6', 18, NULL);INSERT INTO common_asset_details(identifier, symbol, coingecko, cryptocompare, forked, started, swapped_for) VALUES('eip155:1/erc20:0x2aF1dF3AB0ab157e1E2Ad8F88A7D04fbea0c7dc6', 'BED', 'bankless-bed-index', 'BED', NULL, 1626189656, NULL);
*
INSERT INTO assets(identifier, name, type) VALUES('eip155:1/erc20:0x33d63Ba1E57E54779F7dDAeaA7109349344cf5F1', 'DATA Economy Index', 'C');INSERT INTO evm_tokens(identifier, token_kind, chain, address, decimals, protocol) VALUES('eip155:1/erc20:0x33d63Ba1E57E54779F7dDAeaA7109349344cf5F1', 'A', 1, '0x33d63Ba1E57E54779F7dDAeaA7109349344cf5F1', 18, NULL);INSERT INTO common_asset_details(identifier, symbol, coingecko, cryptocompare, forked, started, swapped_for) VALUES('eip155:1/erc20:0x33d63Ba1E57E54779F7dDAeaA7109349344cf5F1', 'DATA', NULL, '', NULL, 1631828214, NULL);
*
INSERT INTO assets(identifier, name, type) VALUES('eip155:1/erc20:0x48274307c4884f82CF79CD44698d4Df80e0f397A', 'NETER', 'C');INSERT INTO evm_tokens(identifier, token_kind, chain, address, decimals, protocol) VALUES('eip155:1/erc20:0x48274307c4884f82CF79CD44698d4Df80e0f397A', 'A', 1, '0x48274307c4884f82CF79CD44698d4Df80e0f397A', 18, NULL);INSERT INTO common_asset_details(identifier, symbol, coingecko, cryptocompare, forked, started, swapped_for) VALUES('eip155:1/erc20:0x48274307c4884f82CF79CD44698d4Df80e0f397A', 'NETER', NULL, '', NULL, 1642522124, NULL);
*
INSERT INTO assets(identifier, name, type) VALUES('eip155:1/erc20:0x47110d43175f7f2C2425E7d15792acC5817EB44f', 'Bankless DeFi Innovation Index', 'C');INSERT INTO evm_tokens(identifier, token_kind, chain, address, decimals, protocol) VALUES('eip155:1/erc20:0x47110d43175f7f2C2425E7d15792acC5817EB44f', 'A', 1, '0x47110d43175f7f2C2425E7d15792acC5817EB44f', 18, NULL);INSERT INTO common_asset_details(identifier, symbol, coingecko, cryptocompare, forked, started, swapped_for) VALUES('eip155:1/erc20:0x47110d43175f7f2C2425E7d15792acC5817EB44f', 'GMI', NULL, '', NULL, 1640749187, NULL);
*
INSERT INTO assets(identifier, name, type) VALUES('eip155:1/erc20:0xbc138bD20C98186CC0342C8e380953aF0cb48BA8', 'Candle', 'C');INSERT INTO evm_tokens(identifier, token_kind, chain, address, decimals, protocol) VALUES('eip155:1/erc20:0xbc138bD20C98186CC0342C8e380953aF0cb48BA8', 'A', 1, '0xbc138bD20C98186CC0342C8e380953aF0cb48BA8', 18, NULL);INSERT INTO common_asset_details(identifier, symbol, coingecko, cryptocompare, forked, started, swapped_for) VALUES('eip155:1/erc20:0xbc138bD20C98186CC0342C8e380953aF0cb48BA8', 'CNDL', NULL, 'CNDL', NULL, 1640836174, NULL);
*
INSERT INTO assets(identifier, name, type) VALUES('eip155:1/erc20:0xf1B99e3E573A1a9C5E6B2Ce818b617F0E664E86B', 'Opyn Squeeth', 'C');INSERT INTO evm_tokens(identifier, token_kind, chain, address, decimals, protocol) VALUES('eip155:1/erc20:0xf1B99e3E573A1a9C5E6B2Ce818b617F0E664E86B', 'A', 1, '0xf1B99e3E573A1a9C5E6B2Ce818b617F0E664E86B', 18, NULL);INSERT INTO common_asset_details(identifier, symbol, coingecko, cryptocompare, forked, started, swapped_for) VALUES('eip155:1/erc20:0xf1B99e3E573A1a9C5E6B2Ce818b617F0E664E86B', 'oSQTH', 'opyn-squeeth', 'OSQTH', NULL, 1641881300, NULL);
*
INSERT INTO assets(identifier, name, type) VALUES('eip155:1/erc20:0x6100dd79fCAA88420750DceE3F735d168aBcB771', 'Ethereans', 'C');INSERT INTO evm_tokens(identifier, token_kind, chain, address, decimals, protocol) VALUES('eip155:1/erc20:0x6100dd79fCAA88420750DceE3F735d168aBcB771', 'A', 1, '0x6100dd79fCAA88420750DceE3F735d168aBcB771', 18, NULL);INSERT INTO common_asset_details(identifier, symbol, coingecko, cryptocompare, forked, started, swapped_for) VALUES('eip155:1/erc20:0x6100dd79fCAA88420750DceE3F735d168aBcB771', 'OS', 'ethereans', 'OS', NULL, 1635425398, NULL);
*
INSERT INTO assets(identifier, name, type) VALUES('eip155:1/erc20:0x02e7Ac540409D32C90BfB51114003a9E1fF0249c', 'JPG NFT Index', 'C');INSERT INTO evm_tokens(identifier, token_kind, chain, address, decimals, protocol) VALUES('eip155:1/erc20:0x02e7Ac540409D32C90BfB51114003a9E1fF0249c', 'A', 1, '0x02e7Ac540409D32C90BfB51114003a9E1fF0249c', 18, NULL);INSERT INTO common_asset_details(identifier, symbol, coingecko, cryptocompare, forked, started, swapped_for) VALUES('eip155:1/erc20:0x02e7Ac540409D32C90BfB51114003a9E1fF0249c', 'JPG', 'jpg-nft-index', '', NULL, 1649559942, NULL);
*
INSERT INTO assets(identifier, name, type) VALUES('eip155:1/erc20:0x5988639a14cF138cf0Db1853aD35D8B9584c5A73', 'chimp', 'C');INSERT INTO evm_tokens(identifier, token_kind, chain, address, decimals, protocol) VALUES('eip155:1/erc20:0x5988639a14cF138cf0Db1853aD35D8B9584c5A73', 'A', 1, '0x5988639a14cF138cf0Db1853aD35D8B9584c5A73', 18, NULL);INSERT INTO common_asset_details(identifier, symbol, coingecko, cryptocompare, forked, started, swapped_for) VALUES('eip155:1/erc20:0x5988639a14cF138cf0Db1853aD35D8B9584c5A73', 'CHIMP', NULL, '', NULL, 1602606834, NULL);
*
INSERT INTO assets(identifier, name, type) VALUES('eip155:1/erc20:0xC91a71A1fFA3d8B22ba615BA1B9c01b2BBBf55ad', 'ZigZag', 'C');INSERT INTO evm_tokens(identifier, token_kind, chain, address, decimals, protocol) VALUES('eip155:1/erc20:0xC91a71A1fFA3d8B22ba615BA1B9c01b2BBBf55ad', 'A', 1, '0xC91a71A1fFA3d8B22ba615BA1B9c01b2BBBf55ad', 18, NULL);INSERT INTO common_asset_details(identifier, symbol, coingecko, cryptocompare, forked, started, swapped_for) VALUES('eip155:1/erc20:0xC91a71A1fFA3d8B22ba615BA1B9c01b2BBBf55ad', 'ZZ', 'zigzag-2', 'ZZ', NULL, 1655163823, NULL);
*
INSERT INTO assets(identifier, name, type) VALUES('eip155:1/erc20:0x44108f0223A3C3028F5Fe7AEC7f9bb2E66beF82F', 'Across Protocol Token', 'C');INSERT INTO evm_tokens(identifier, token_kind, chain, address, decimals, protocol) VALUES('eip155:1/erc20:0x44108f0223A3C3028F5Fe7AEC7f9bb2E66beF82F', 'A', 1, '0x44108f0223A3C3028F5Fe7AEC7f9bb2E66beF82F', 18, NULL);INSERT INTO common_asset_details(identifier, symbol, coingecko, cryptocompare, forked, started, swapped_for) VALUES('eip155:1/erc20:0x44108f0223A3C3028F5Fe7AEC7f9bb2E66beF82F', 'ACX', 'across-protocol', 'ACX', NULL, 1666277447, NULL);
*
INSERT INTO assets(identifier, name, type) VALUES('eip155:1/erc20:0x341c05c0E9b33C0E38d64de76516b2Ce970bB3BE', 'Diversified Staked ETH Index (dsETH)', 'C');INSERT INTO evm_tokens(identifier, token_kind, chain, address, decimals, protocol) VALUES('eip155:1/erc20:0x341c05c0E9b33C0E38d64de76516b2Ce970bB3BE', 'A', 1, '0x341c05c0E9b33C0E38d64de76516b2Ce970bB3BE', 18, NULL);INSERT INTO common_asset_details(identifier, symbol, coingecko, cryptocompare, forked, started, swapped_for) VALUES('eip155:1/erc20:0x341c05c0E9b33C0E38d64de76516b2Ce970bB3BE', 'dsETH', 'diversified-staked-eth', '', NULL, 1673563415, NULL);
*
INSERT INTO assets(identifier, name, type) VALUES('eip155:1/erc20:0xC24F904b9427F7e1d12BF8dfaB8de9388ad74605', 'Bit Gold', 'C');INSERT INTO evm_tokens(identifier, token_kind, chain, address, decimals, protocol) VALUES('eip155:1/erc20:0xC24F904b9427F7e1d12BF8dfaB8de9388ad74605', 'A', 1, '0xC24F904b9427F7e1d12BF8dfaB8de9388ad74605', 18, NULL);INSERT INTO common_asset_details(identifier, symbol, coingecko, cryptocompare, forked, started, swapped_for) VALUES('eip155:1/erc20:0xC24F904b9427F7e1d12BF8dfaB8de9388ad74605', 'BG', NULL, '', NULL, 1672689707, NULL);
*
INSERT INTO assets(identifier, name, type) VALUES('eip155:1/erc20:0x6043A3f2f4Fe127d81896220369F9E9CF5Fdf66F', 'PANDA', 'C');INSERT INTO evm_tokens(identifier, token_kind, chain, address, decimals, protocol) VALUES('eip155:1/erc20:0x6043A3f2f4Fe127d81896220369F9E9CF5Fdf66F', 'A', 1, '0x6043A3f2f4Fe127d81896220369F9E9CF5Fdf66F', 18, NULL);INSERT INTO common_asset_details(identifier, symbol, coingecko, cryptocompare, forked, started, swapped_for) VALUES('eip155:1/erc20:0x6043A3f2f4Fe127d81896220369F9E9CF5Fdf66F', 'PANDA', NULL, '', NULL, 1679171111, NULL);
*
INSERT INTO assets(identifier, name, type) VALUES('eip155:1/erc20:0xc30FBa978743a43E736fc32FBeEd364b8A2039cD', 'Money Market Index', 'C');INSERT INTO evm_tokens(identifier, token_kind, chain, address, decimals, protocol) VALUES('eip155:1/erc20:0xc30FBa978743a43E736fc32FBeEd364b8A2039cD', 'A', 1, '0xc30FBa978743a43E736fc32FBeEd364b8A2039cD', 18, NULL);INSERT INTO common_asset_details(identifier, symbol, coingecko, cryptocompare, forked, started, swapped_for) VALUES('eip155:1/erc20:0xc30FBa978743a43E736fc32FBeEd364b8A2039cD', 'icSMMT', NULL, '', NULL, 1682126531, NULL);
*
UPDATE common_asset_details SET coingecko='shutter' WHERE identifier='eip155:1/erc20:0xe485E2f1bab389C08721B291f6b59780feC83Fd7';
*
