INSERT INTO assets(identifier, name, type) VALUES("eip155:1/erc20:0x3429d03c6F7521AeC737a0BBF2E5ddcef2C3Ae31", "PIXEL", "C");INSERT INTO evm_tokens(identifier, token_kind, chain, address, decimals, protocol) VALUES("eip155:1/erc20:0x3429d03c6F7521AeC737a0BBF2E5ddcef2C3Ae31", "A", 1, "0x3429d03c6F7521AeC737a0BBF2E5ddcef2C3Ae31", 18, NULL);INSERT INTO common_asset_details(identifier, symbol, coingecko, cryptocompare, forked, started, swapped_for) VALUES("eip155:1/erc20:0x3429d03c6F7521AeC737a0BBF2E5ddcef2C3Ae31", "PIXEL", "pixels", "", NULL, 1704937007, NULL);
*
INSERT INTO assets(identifier, name, type) VALUES("eip155:1/erc20:0x65EcE136b89EBAA72a7F7aa815674946e44ca3F9", "Matter Labs Trial Token", "C");INSERT INTO evm_tokens(identifier, token_kind, chain, address, decimals, protocol) VALUES("eip155:1/erc20:0x65EcE136b89EBAA72a7F7aa815674946e44ca3F9", "A", 1, "0x65EcE136b89EBAA72a7F7aa815674946e44ca3F9", 18, NULL);INSERT INTO common_asset_details(identifier, symbol, coingecko, cryptocompare, forked, started, swapped_for) VALUES("eip155:1/erc20:0x65EcE136b89EBAA72a7F7aa815674946e44ca3F9", "MLTT", NULL, "", NULL, 1592391357, NULL);
*
INSERT INTO assets(identifier, name, type) VALUES("eip155:1/erc20:0x3108ccFd96816F9E663baA0E8c5951D229E8C6da", "DarkToken", "C");INSERT INTO evm_tokens(identifier, token_kind, chain, address, decimals, protocol) VALUES("eip155:1/erc20:0x3108ccFd96816F9E663baA0E8c5951D229E8C6da", "A", 1, "0x3108ccFd96816F9E663baA0E8c5951D229E8C6da", 18, NULL);INSERT INTO common_asset_details(identifier, symbol, coingecko, cryptocompare, forked, started, swapped_for) VALUES("eip155:1/erc20:0x3108ccFd96816F9E663baA0E8c5951D229E8C6da", "DARK", NULL, "", NULL, 1600246596, NULL);
*
INSERT INTO assets(identifier, name, type) VALUES("eip155:1/erc20:0x4C7065Bca76FE44AFb0D16C2441B1e6E163354E2", "Helysia", "C");INSERT INTO evm_tokens(identifier, token_kind, chain, address, decimals, protocol) VALUES("eip155:1/erc20:0x4C7065Bca76FE44AFb0D16C2441B1e6E163354E2", "A", 1, "0x4C7065Bca76FE44AFb0D16C2441B1e6E163354E2", 18, NULL);INSERT INTO common_asset_details(identifier, symbol, coingecko, cryptocompare, forked, started, swapped_for) VALUES("eip155:1/erc20:0x4C7065Bca76FE44AFb0D16C2441B1e6E163354E2", "3LY", NULL, "", NULL, 1596285806, NULL);
*
INSERT INTO assets(identifier, name, type) VALUES("eip155:1/erc20:0x15a2B3CfaFd696e1C783FE99eed168b78a3A371e", "Yearn Lido St. Ether Vault", "C");INSERT INTO evm_tokens(identifier, token_kind, chain, address, decimals, protocol) VALUES("eip155:1/erc20:0x15a2B3CfaFd696e1C783FE99eed168b78a3A371e", "A", 1, "0x15a2B3CfaFd696e1C783FE99eed168b78a3A371e", 18, NULL);INSERT INTO common_asset_details(identifier, symbol, coingecko, cryptocompare, forked, started, swapped_for) VALUES("eip155:1/erc20:0x15a2B3CfaFd696e1C783FE99eed168b78a3A371e", "yvstETH", NULL, "", NULL, 1608887785, NULL);
*
INSERT INTO assets(identifier, name, type) VALUES("eip155:1/erc20:0xbb1EE07d6c7BAeB702949904080eb61f5D5e7732", "Dogey-Inu", "C");INSERT INTO evm_tokens(identifier, token_kind, chain, address, decimals, protocol) VALUES("eip155:1/erc20:0xbb1EE07d6c7BAeB702949904080eb61f5D5e7732", "A", 1, "0xbb1EE07d6c7BAeB702949904080eb61f5D5e7732", 18, NULL);INSERT INTO common_asset_details(identifier, symbol, coingecko, cryptocompare, forked, started, swapped_for) VALUES("eip155:1/erc20:0xbb1EE07d6c7BAeB702949904080eb61f5D5e7732", "DINU", "dogey-inu", "DINU", NULL, 1619015687, NULL);
*
INSERT INTO assets(identifier, name, type) VALUES("eip155:1/erc20:0x72e364F2ABdC788b7E918bc238B21f109Cd634D7", "Metaverse Index", "C");INSERT INTO evm_tokens(identifier, token_kind, chain, address, decimals, protocol) VALUES("eip155:1/erc20:0x72e364F2ABdC788b7E918bc238B21f109Cd634D7", "A", 1, "0x72e364F2ABdC788b7E918bc238B21f109Cd634D7", 18, NULL);INSERT INTO common_asset_details(identifier, symbol, coingecko, cryptocompare, forked, started, swapped_for) VALUES("eip155:1/erc20:0x72e364F2ABdC788b7E918bc238B21f109Cd634D7", "MVI", "metaverse-index", "MVI", NULL, 1617361351, NULL);
*
INSERT INTO assets(identifier, name, type) VALUES("eip155:1/erc20:0x0B498ff89709d3838a063f1dFA463091F9801c2b", "BTC 2x Flexible Leverage Index", "C");INSERT INTO evm_tokens(identifier, token_kind, chain, address, decimals, protocol) VALUES("eip155:1/erc20:0x0B498ff89709d3838a063f1dFA463091F9801c2b", "A", 1, "0x0B498ff89709d3838a063f1dFA463091F9801c2b", 18, NULL);INSERT INTO common_asset_details(identifier, symbol, coingecko, cryptocompare, forked, started, swapped_for) VALUES("eip155:1/erc20:0x0B498ff89709d3838a063f1dFA463091F9801c2b", "BTC2x-FLI", "btc-2x-flexible-leverage-index", "", NULL, 1620238070, NULL);
*
INSERT INTO assets(identifier, name, type) VALUES("eip155:1/erc20:0x5F64Ab1544D28732F0A24F4713c2C8ec0dA089f0", "DEXTF Token", "C");INSERT INTO evm_tokens(identifier, token_kind, chain, address, decimals, protocol) VALUES("eip155:1/erc20:0x5F64Ab1544D28732F0A24F4713c2C8ec0dA089f0", "A", 1, "0x5F64Ab1544D28732F0A24F4713c2C8ec0dA089f0", 18, NULL);INSERT INTO common_asset_details(identifier, symbol, coingecko, cryptocompare, forked, started, swapped_for) VALUES("eip155:1/erc20:0x5F64Ab1544D28732F0A24F4713c2C8ec0dA089f0", "DEXTF", "dextf", "DEXTF", NULL, 1599265568, NULL);
*
INSERT INTO assets(identifier, name, type) VALUES("eip155:1/erc20:0x3fEa51dAab1672d3385f6AF02980e1462cA0687b", "EVO", "C");INSERT INTO evm_tokens(identifier, token_kind, chain, address, decimals, protocol) VALUES("eip155:1/erc20:0x3fEa51dAab1672d3385f6AF02980e1462cA0687b", "A", 1, "0x3fEa51dAab1672d3385f6AF02980e1462cA0687b", 18, NULL);INSERT INTO common_asset_details(identifier, symbol, coingecko, cryptocompare, forked, started, swapped_for) VALUES("eip155:1/erc20:0x3fEa51dAab1672d3385f6AF02980e1462cA0687b", "EVO", NULL, "", NULL, 1621912787, NULL);
*
INSERT INTO assets(identifier, name, type) VALUES("eip155:1/erc20:0x56cCEA18F8c7c23328Cdfd545c50c7c370f8d263", "RSCOIN", "C");INSERT INTO evm_tokens(identifier, token_kind, chain, address, decimals, protocol) VALUES("eip155:1/erc20:0x56cCEA18F8c7c23328Cdfd545c50c7c370f8d263", "A", 1, "0x56cCEA18F8c7c23328Cdfd545c50c7c370f8d263", 8, NULL);INSERT INTO common_asset_details(identifier, symbol, coingecko, cryptocompare, forked, started, swapped_for) VALUES("eip155:1/erc20:0x56cCEA18F8c7c23328Cdfd545c50c7c370f8d263", "RSC", NULL, "", NULL, 1617279981, NULL);
*
INSERT INTO assets(identifier, name, type) VALUES("eip155:1/erc20:0x88A7797256E3a2f677235d917A8bf51E4CaB53bF", "StarTrek", "C");INSERT INTO evm_tokens(identifier, token_kind, chain, address, decimals, protocol) VALUES("eip155:1/erc20:0x88A7797256E3a2f677235d917A8bf51E4CaB53bF", "A", 1, "0x88A7797256E3a2f677235d917A8bf51E4CaB53bF", 18, NULL);INSERT INTO common_asset_details(identifier, symbol, coingecko, cryptocompare, forked, started, swapped_for) VALUES("eip155:1/erc20:0x88A7797256E3a2f677235d917A8bf51E4CaB53bF", "STREK", NULL, "", NULL, 1627482204, NULL);
*
INSERT INTO assets(identifier, name, type) VALUES("eip155:1/erc20:0x035dF12E0F3ac6671126525f1015E47D79dFEDDF", "0xMonero", "C");INSERT INTO evm_tokens(identifier, token_kind, chain, address, decimals, protocol) VALUES("eip155:1/erc20:0x035dF12E0F3ac6671126525f1015E47D79dFEDDF", "A", 1, "0x035dF12E0F3ac6671126525f1015E47D79dFEDDF", 18, NULL);INSERT INTO common_asset_details(identifier, symbol, coingecko, cryptocompare, forked, started, swapped_for) VALUES("eip155:1/erc20:0x035dF12E0F3ac6671126525f1015E47D79dFEDDF", "0xMR", "0xmonero", "", NULL, 1587205060, NULL);
*
INSERT INTO assets(identifier, name, type) VALUES("eip155:1/erc20:0x2e2364966267B5D7D2cE6CD9A9B5bD19d9C7C6A9", "Voice Token", "C");INSERT INTO evm_tokens(identifier, token_kind, chain, address, decimals, protocol) VALUES("eip155:1/erc20:0x2e2364966267B5D7D2cE6CD9A9B5bD19d9C7C6A9", "A", 1, "0x2e2364966267B5D7D2cE6CD9A9B5bD19d9C7C6A9", 18, NULL);INSERT INTO common_asset_details(identifier, symbol, coingecko, cryptocompare, forked, started, swapped_for) VALUES("eip155:1/erc20:0x2e2364966267B5D7D2cE6CD9A9B5bD19d9C7C6A9", "nix-bridge-token", NULL, "", NULL, 1603226941, NULL);
*
INSERT INTO assets(identifier, name, type) VALUES("eip155:1/erc20:0x10994AA2FB8E6bA5D9FB2BC127FF228c4fe6167F", "Secure Pad", "C");INSERT INTO evm_tokens(identifier, token_kind, chain, address, decimals, protocol) VALUES("eip155:1/erc20:0x10994AA2FB8E6bA5D9FB2BC127FF228c4fe6167F", "A", 1, "0x10994AA2FB8E6bA5D9FB2BC127FF228c4fe6167F", 18, NULL);INSERT INTO common_asset_details(identifier, symbol, coingecko, cryptocompare, forked, started, swapped_for) VALUES("eip155:1/erc20:0x10994AA2FB8E6bA5D9FB2BC127FF228c4fe6167F", "SEPA", NULL, "SEPA", NULL, 1617385105, NULL);
*
INSERT INTO assets(identifier, name, type) VALUES("eip155:1/erc20:0xf6832EA221ebFDc2363729721A146E6745354b14", "FRMx Token", "C");INSERT INTO evm_tokens(identifier, token_kind, chain, address, decimals, protocol) VALUES("eip155:1/erc20:0xf6832EA221ebFDc2363729721A146E6745354b14", "A", 1, "0xf6832EA221ebFDc2363729721A146E6745354b14", 18, NULL);INSERT INTO common_asset_details(identifier, symbol, coingecko, cryptocompare, forked, started, swapped_for) VALUES("eip155:1/erc20:0xf6832EA221ebFDc2363729721A146E6745354b14", "FRMX", NULL, "", NULL, 1602874592, NULL);
*
INSERT INTO assets(identifier, name, type) VALUES("eip155:1/erc20:0x81f8f0bb1cB2A06649E51913A151F0E7Ef6FA321", "VitaDAO Token", "C");INSERT INTO evm_tokens(identifier, token_kind, chain, address, decimals, protocol) VALUES("eip155:1/erc20:0x81f8f0bb1cB2A06649E51913A151F0E7Ef6FA321", "A", 1, "0x81f8f0bb1cB2A06649E51913A151F0E7Ef6FA321", 18, NULL);INSERT INTO common_asset_details(identifier, symbol, coingecko, cryptocompare, forked, started, swapped_for) VALUES("eip155:1/erc20:0x81f8f0bb1cB2A06649E51913A151F0E7Ef6FA321", "VITA", "vitadao", "", NULL, 1623977434, NULL);
*
INSERT INTO assets(identifier, name, type) VALUES("eip155:1/erc20:0xC40A954BFa12789b3cf7a94a7AcC6854Af446940", "UM Token", "C");INSERT INTO evm_tokens(identifier, token_kind, chain, address, decimals, protocol) VALUES("eip155:1/erc20:0xC40A954BFa12789b3cf7a94a7AcC6854Af446940", "A", 1, "0xC40A954BFa12789b3cf7a94a7AcC6854Af446940", 18, NULL);INSERT INTO common_asset_details(identifier, symbol, coingecko, cryptocompare, forked, started, swapped_for) VALUES("eip155:1/erc20:0xC40A954BFa12789b3cf7a94a7AcC6854Af446940", "UMT", NULL, "", NULL, 1632036382, NULL);
*
INSERT INTO assets(identifier, name, type) VALUES("eip155:1/erc20:0x19ebAA7F212b09de2aee2a32D40338553C70e2e3", "ARTM", "C");INSERT INTO evm_tokens(identifier, token_kind, chain, address, decimals, protocol) VALUES("eip155:1/erc20:0x19ebAA7F212b09de2aee2a32D40338553C70e2e3", "A", 1, "0x19ebAA7F212b09de2aee2a32D40338553C70e2e3", 18, NULL);INSERT INTO common_asset_details(identifier, symbol, coingecko, cryptocompare, forked, started, swapped_for) VALUES("eip155:1/erc20:0x19ebAA7F212b09de2aee2a32D40338553C70e2e3", "ARTM", NULL, "ARTM", NULL, 1627654842, NULL);
*
INSERT INTO assets(identifier, name, type) VALUES("eip155:1/erc20:0x777E2ae845272a2F540ebf6a3D03734A5a8f618e", "Ryoshis Vision", "C");INSERT INTO evm_tokens(identifier, token_kind, chain, address, decimals, protocol) VALUES("eip155:1/erc20:0x777E2ae845272a2F540ebf6a3D03734A5a8f618e", "A", 1, "0x777E2ae845272a2F540ebf6a3D03734A5a8f618e", 18, NULL);INSERT INTO common_asset_details(identifier, symbol, coingecko, cryptocompare, forked, started, swapped_for) VALUES("eip155:1/erc20:0x777E2ae845272a2F540ebf6a3D03734A5a8f618e", "RYOSHI", "ryoshis-vision", "RYOSHI", NULL, 1628346899, NULL);
*
INSERT INTO assets(identifier, name, type) VALUES("eip155:1/erc20:0x3ADb04E127b9C0a5D36094125669d4603AC52a0c", "Gro Vault Token", "C");INSERT INTO evm_tokens(identifier, token_kind, chain, address, decimals, protocol) VALUES("eip155:1/erc20:0x3ADb04E127b9C0a5D36094125669d4603AC52a0c", "A", 1, "0x3ADb04E127b9C0a5D36094125669d4603AC52a0c", 18, NULL);INSERT INTO common_asset_details(identifier, symbol, coingecko, cryptocompare, forked, started, swapped_for) VALUES("eip155:1/erc20:0x3ADb04E127b9C0a5D36094125669d4603AC52a0c", "GVT", NULL, "", NULL, 1622199928, NULL);
*
INSERT INTO assets(identifier, name, type) VALUES("eip155:1/erc20:0xCa76543Cf381ebBB277bE79574059e32108e3E65", "Wrapped sOHM", "C");INSERT INTO evm_tokens(identifier, token_kind, chain, address, decimals, protocol) VALUES("eip155:1/erc20:0xCa76543Cf381ebBB277bE79574059e32108e3E65", "A", 1, "0xCa76543Cf381ebBB277bE79574059e32108e3E65", 18, NULL);INSERT INTO common_asset_details(identifier, symbol, coingecko, cryptocompare, forked, started, swapped_for) VALUES("eip155:1/erc20:0xCa76543Cf381ebBB277bE79574059e32108e3E65", "wsOHM", NULL, "wsOHM", NULL, 1623542030, NULL);
*
INSERT INTO assets(identifier, name, type) VALUES("eip155:1/erc20:0x91Af0fBB28ABA7E31403Cb457106Ce79397FD4E6", "Aergo", "C");INSERT INTO evm_tokens(identifier, token_kind, chain, address, decimals, protocol) VALUES("eip155:1/erc20:0x91Af0fBB28ABA7E31403Cb457106Ce79397FD4E6", "A", 1, "0x91Af0fBB28ABA7E31403Cb457106Ce79397FD4E6", 18, NULL);INSERT INTO common_asset_details(identifier, symbol, coingecko, cryptocompare, forked, started, swapped_for) VALUES("eip155:1/erc20:0x91Af0fBB28ABA7E31403Cb457106Ce79397FD4E6", "AERGO", "aergo", "AERGO", NULL, 1601342441, NULL);
*
INSERT INTO assets(identifier, name, type) VALUES("eip155:1/erc20:0x2AdCbeE886D23EFF5ADECC7767Bf102E4A1CE151", "AyurVeda AG Shares", "C");INSERT INTO evm_tokens(identifier, token_kind, chain, address, decimals, protocol) VALUES("eip155:1/erc20:0x2AdCbeE886D23EFF5ADECC7767Bf102E4A1CE151", "A", 1, "0x2AdCbeE886D23EFF5ADECC7767Bf102E4A1CE151", 0, NULL);INSERT INTO common_asset_details(identifier, symbol, coingecko, cryptocompare, forked, started, swapped_for) VALUES("eip155:1/erc20:0x2AdCbeE886D23EFF5ADECC7767Bf102E4A1CE151", "VEDA", NULL, "", NULL, 1629448032, NULL);
*
INSERT INTO assets(identifier, name, type) VALUES("eip155:1/erc20:0x08389495D7456E1951ddF7c3a1314A4bfb646d8B", "CRPT", "C");INSERT INTO evm_tokens(identifier, token_kind, chain, address, decimals, protocol) VALUES("eip155:1/erc20:0x08389495D7456E1951ddF7c3a1314A4bfb646d8B", "A", 1, "0x08389495D7456E1951ddF7c3a1314A4bfb646d8B", 18, NULL);INSERT INTO common_asset_details(identifier, symbol, coingecko, cryptocompare, forked, started, swapped_for) VALUES("eip155:1/erc20:0x08389495D7456E1951ddF7c3a1314A4bfb646d8B", "CRPT", "crypterium", "CRPT", NULL, 1601204265, NULL);
*
INSERT INTO assets(identifier, name, type) VALUES("eip155:1/erc20:0x8185Bc4757572Da2a610f887561c32298f1A5748", "Aluna", "C");INSERT INTO evm_tokens(identifier, token_kind, chain, address, decimals, protocol) VALUES("eip155:1/erc20:0x8185Bc4757572Da2a610f887561c32298f1A5748", "A", 1, "0x8185Bc4757572Da2a610f887561c32298f1A5748", 18, NULL);INSERT INTO common_asset_details(identifier, symbol, coingecko, cryptocompare, forked, started, swapped_for) VALUES("eip155:1/erc20:0x8185Bc4757572Da2a610f887561c32298f1A5748", "ALN", "aluna", "", NULL, 1614789928, NULL);
*
INSERT INTO assets(identifier, name, type) VALUES("eip155:1/erc20:0x4E9e4Ab99Cfc14B852f552f5Fb3Aa68617825B6c", "SolarCoin on Mainnet", "C");INSERT INTO evm_tokens(identifier, token_kind, chain, address, decimals, protocol) VALUES("eip155:1/erc20:0x4E9e4Ab99Cfc14B852f552f5Fb3Aa68617825B6c", "A", 1, "0x4E9e4Ab99Cfc14B852f552f5Fb3Aa68617825B6c", 18, NULL);INSERT INTO common_asset_details(identifier, symbol, coingecko, cryptocompare, forked, started, swapped_for) VALUES("eip155:1/erc20:0x4E9e4Ab99Cfc14B852f552f5Fb3Aa68617825B6c", "SLR", "solarcoin", "SLR", NULL, 1619174554, NULL);
*
INSERT INTO assets(identifier, name, type) VALUES("eip155:1/erc20:0x21ad647b8F4Fe333212e735bfC1F36B4941E6Ad2", "Squid", "C");INSERT INTO evm_tokens(identifier, token_kind, chain, address, decimals, protocol) VALUES("eip155:1/erc20:0x21ad647b8F4Fe333212e735bfC1F36B4941E6Ad2", "A", 1, "0x21ad647b8F4Fe333212e735bfC1F36B4941E6Ad2", 9, NULL);INSERT INTO common_asset_details(identifier, symbol, coingecko, cryptocompare, forked, started, swapped_for) VALUES("eip155:1/erc20:0x21ad647b8F4Fe333212e735bfC1F36B4941E6Ad2", "SQUID", NULL, "", NULL, 1635508508, NULL);
*
INSERT INTO assets(identifier, name, type) VALUES("eip155:1/erc20:0x0aCe32f6E87Ac1457A5385f8eb0208F37263B415", "Habitat Token", "C");INSERT INTO evm_tokens(identifier, token_kind, chain, address, decimals, protocol) VALUES("eip155:1/erc20:0x0aCe32f6E87Ac1457A5385f8eb0208F37263B415", "A", 1, "0x0aCe32f6E87Ac1457A5385f8eb0208F37263B415", 10, NULL);INSERT INTO common_asset_details(identifier, symbol, coingecko, cryptocompare, forked, started, swapped_for) VALUES("eip155:1/erc20:0x0aCe32f6E87Ac1457A5385f8eb0208F37263B415", "HBT", NULL, "HBT", NULL, 1615361285, NULL);
*
INSERT INTO assets(identifier, name, type) VALUES("eip155:1/erc20:0xDc5864eDe28BD4405aa04d93E05A0531797D9D59", "Falcon", "C");INSERT INTO evm_tokens(identifier, token_kind, chain, address, decimals, protocol) VALUES("eip155:1/erc20:0xDc5864eDe28BD4405aa04d93E05A0531797D9D59", "A", 1, "0xDc5864eDe28BD4405aa04d93E05A0531797D9D59", 6, NULL);INSERT INTO common_asset_details(identifier, symbol, coingecko, cryptocompare, forked, started, swapped_for) VALUES("eip155:1/erc20:0xDc5864eDe28BD4405aa04d93E05A0531797D9D59", "FNT", "falcon-token", "", NULL, 1580335478, NULL);
*
INSERT INTO assets(identifier, name, type) VALUES("eip155:1/erc20:0x35A9b440Da4410dD63dF8c54672b728970560328", "Mana", "C");INSERT INTO evm_tokens(identifier, token_kind, chain, address, decimals, protocol) VALUES("eip155:1/erc20:0x35A9b440Da4410dD63dF8c54672b728970560328", "A", 1, "0x35A9b440Da4410dD63dF8c54672b728970560328", 18, NULL);INSERT INTO common_asset_details(identifier, symbol, coingecko, cryptocompare, forked, started, swapped_for) VALUES("eip155:1/erc20:0x35A9b440Da4410dD63dF8c54672b728970560328", "MANA", NULL, "", NULL, 1498717633, NULL);
*
INSERT INTO assets(identifier, name, type) VALUES("eip155:1/erc20:0xdFC3829b127761a3218bFceE7fc92e1232c9D116", "Wrapped PRCY", "C");INSERT INTO evm_tokens(identifier, token_kind, chain, address, decimals, protocol) VALUES("eip155:1/erc20:0xdFC3829b127761a3218bFceE7fc92e1232c9D116", "A", 1, "0xdFC3829b127761a3218bFceE7fc92e1232c9D116", 8, NULL);INSERT INTO common_asset_details(identifier, symbol, coingecko, cryptocompare, forked, started, swapped_for) VALUES("eip155:1/erc20:0xdFC3829b127761a3218bFceE7fc92e1232c9D116", "WPRCY", NULL, "", NULL, 1618139947, NULL);
*
INSERT INTO assets(identifier, name, type) VALUES("eip155:1/erc20:0xDa446fAd08277B4D2591536F204E018f32B6831c", "NZD Stablecoin", "C");INSERT INTO evm_tokens(identifier, token_kind, chain, address, decimals, protocol) VALUES("eip155:1/erc20:0xDa446fAd08277B4D2591536F204E018f32B6831c", "A", 1, "0xDa446fAd08277B4D2591536F204E018f32B6831c", 6, NULL);INSERT INTO common_asset_details(identifier, symbol, coingecko, cryptocompare, forked, started, swapped_for) VALUES("eip155:1/erc20:0xDa446fAd08277B4D2591536F204E018f32B6831c", "NZDS", NULL, "", NULL, 1613272818, NULL);
*
INSERT INTO assets(identifier, name, type) VALUES("eip155:1/erc20:0x47252A63C723889814AeBcAC0683E615624ceC64", "nil", "C");INSERT INTO evm_tokens(identifier, token_kind, chain, address, decimals, protocol) VALUES("eip155:1/erc20:0x47252A63C723889814AeBcAC0683E615624ceC64", "A", 1, "0x47252A63C723889814AeBcAC0683E615624ceC64", 18, NULL);INSERT INTO common_asset_details(identifier, symbol, coingecko, cryptocompare, forked, started, swapped_for) VALUES("eip155:1/erc20:0x47252A63C723889814AeBcAC0683E615624ceC64", "NIL", NULL, "", NULL, 1635418545, NULL);
*
INSERT INTO assets(identifier, name, type) VALUES("eip155:1/erc20:0x85327583059dcA2BDa3b14D1AFbf3f1042eEbbb3", "JIMMYCOIN", "C");INSERT INTO evm_tokens(identifier, token_kind, chain, address, decimals, protocol) VALUES("eip155:1/erc20:0x85327583059dcA2BDa3b14D1AFbf3f1042eEbbb3", "A", 1, "0x85327583059dcA2BDa3b14D1AFbf3f1042eEbbb3", 18, NULL);INSERT INTO common_asset_details(identifier, symbol, coingecko, cryptocompare, forked, started, swapped_for) VALUES("eip155:1/erc20:0x85327583059dcA2BDa3b14D1AFbf3f1042eEbbb3", "JER", NULL, "", NULL, 1635877876, NULL);
*
INSERT INTO assets(identifier, name, type) VALUES("eip155:1/erc20:0xbd1848e1491d4308Ad18287A745DD4DB2A4BD55B", "MOchi MArket", "C");INSERT INTO evm_tokens(identifier, token_kind, chain, address, decimals, protocol) VALUES("eip155:1/erc20:0xbd1848e1491d4308Ad18287A745DD4DB2A4BD55B", "A", 1, "0xbd1848e1491d4308Ad18287A745DD4DB2A4BD55B", 18, NULL);INSERT INTO common_asset_details(identifier, symbol, coingecko, cryptocompare, forked, started, swapped_for) VALUES("eip155:1/erc20:0xbd1848e1491d4308Ad18287A745DD4DB2A4BD55B", "MOMA", "mochi-market", "MOMA", NULL, 1618982932, NULL);
*
INSERT INTO assets(identifier, name, type) VALUES("eip155:1/erc20:0x22B6C31c2bEB8f2d0d5373146Eed41Ab9eDe3caf", "CocktailBar", "C");INSERT INTO evm_tokens(identifier, token_kind, chain, address, decimals, protocol) VALUES("eip155:1/erc20:0x22B6C31c2bEB8f2d0d5373146Eed41Ab9eDe3caf", "A", 1, "0x22B6C31c2bEB8f2d0d5373146Eed41Ab9eDe3caf", 8, NULL);INSERT INTO common_asset_details(identifier, symbol, coingecko, cryptocompare, forked, started, swapped_for) VALUES("eip155:1/erc20:0x22B6C31c2bEB8f2d0d5373146Eed41Ab9eDe3caf", "COC", "cocktailbar", "", NULL, 1601023643, NULL);
*
INSERT INTO assets(identifier, name, type) VALUES("eip155:1/erc20:0xD33526068D116cE69F19A9ee46F0bd304F21A51f", "Rocket Pool Protocol", "C");INSERT INTO evm_tokens(identifier, token_kind, chain, address, decimals, protocol) VALUES("eip155:1/erc20:0xD33526068D116cE69F19A9ee46F0bd304F21A51f", "A", 1, "0xD33526068D116cE69F19A9ee46F0bd304F21A51f", 18, NULL);INSERT INTO common_asset_details(identifier, symbol, coingecko, cryptocompare, forked, started, swapped_for) VALUES("eip155:1/erc20:0xD33526068D116cE69F19A9ee46F0bd304F21A51f", "RPL", "rocket-pool", "RPL", NULL, 1632980703, NULL);
*
INSERT INTO assets(identifier, name, type) VALUES("eip155:1/erc20:0x02d60b84491589974263d922D9cC7a3152618Ef6", "Wrapped aDAI", "C");INSERT INTO evm_tokens(identifier, token_kind, chain, address, decimals, protocol) VALUES("eip155:1/erc20:0x02d60b84491589974263d922D9cC7a3152618Ef6", "A", 1, "0x02d60b84491589974263d922D9cC7a3152618Ef6", 18, NULL);INSERT INTO common_asset_details(identifier, symbol, coingecko, cryptocompare, forked, started, swapped_for) VALUES("eip155:1/erc20:0x02d60b84491589974263d922D9cC7a3152618Ef6", "aDAI", NULL, "", NULL, 1637393794, NULL);
*
INSERT INTO assets(identifier, name, type) VALUES("eip155:1/erc20:0xd093fA4Fb80D09bB30817FDcd442d4d02eD3E5de", "Wrapped aUSDC", "C");INSERT INTO evm_tokens(identifier, token_kind, chain, address, decimals, protocol) VALUES("eip155:1/erc20:0xd093fA4Fb80D09bB30817FDcd442d4d02eD3E5de", "A", 1, "0xd093fA4Fb80D09bB30817FDcd442d4d02eD3E5de", 6, NULL);INSERT INTO common_asset_details(identifier, symbol, coingecko, cryptocompare, forked, started, swapped_for) VALUES("eip155:1/erc20:0xd093fA4Fb80D09bB30817FDcd442d4d02eD3E5de", "aUSDC", NULL, "", NULL, 1637708250, NULL);
*
INSERT INTO assets(identifier, name, type) VALUES("eip155:1/erc20:0xC2C3D431249E64542aDD3172665732e485928Ad3", "Raptor", "C");INSERT INTO evm_tokens(identifier, token_kind, chain, address, decimals, protocol) VALUES("eip155:1/erc20:0xC2C3D431249E64542aDD3172665732e485928Ad3", "A", 1, "0xC2C3D431249E64542aDD3172665732e485928Ad3", 18, NULL);INSERT INTO common_asset_details(identifier, symbol, coingecko, cryptocompare, forked, started, swapped_for) VALUES("eip155:1/erc20:0xC2C3D431249E64542aDD3172665732e485928Ad3", "RPTR", NULL, "", NULL, 1639620734, NULL);
*
INSERT INTO assets(identifier, name, type) VALUES("eip155:1/erc20:0xf65B5C5104c4faFD4b709d9D60a185eAE063276c", "Truebit", "C");INSERT INTO evm_tokens(identifier, token_kind, chain, address, decimals, protocol) VALUES("eip155:1/erc20:0xf65B5C5104c4faFD4b709d9D60a185eAE063276c", "A", 1, "0xf65B5C5104c4faFD4b709d9D60a185eAE063276c", 18, NULL);INSERT INTO common_asset_details(identifier, symbol, coingecko, cryptocompare, forked, started, swapped_for) VALUES("eip155:1/erc20:0xf65B5C5104c4faFD4b709d9D60a185eAE063276c", "TRU", "truebit-protocol", "TRUEBIT", NULL, 1618138342, NULL);
*
INSERT INTO assets(identifier, name, type) VALUES("eip155:1/erc20:0xBEaB712832112bd7664226db7CD025B153D3af55", "Bright Union", "C");INSERT INTO evm_tokens(identifier, token_kind, chain, address, decimals, protocol) VALUES("eip155:1/erc20:0xBEaB712832112bd7664226db7CD025B153D3af55", "A", 1, "0xBEaB712832112bd7664226db7CD025B153D3af55", 18, NULL);INSERT INTO common_asset_details(identifier, symbol, coingecko, cryptocompare, forked, started, swapped_for) VALUES("eip155:1/erc20:0xBEaB712832112bd7664226db7CD025B153D3af55", "BRIGHT", "bright-union", "BRIGHTU", NULL, 1627994619, NULL);
*
INSERT INTO assets(identifier, name, type) VALUES("eip155:1/erc20:0xbd31EA8212119f94A611FA969881CBa3EA06Fa3d", "LUNA", "C");INSERT INTO evm_tokens(identifier, token_kind, chain, address, decimals, protocol) VALUES("eip155:1/erc20:0xbd31EA8212119f94A611FA969881CBa3EA06Fa3d", "A", 1, "0xbd31EA8212119f94A611FA969881CBa3EA06Fa3d", 6, NULL);INSERT INTO common_asset_details(identifier, symbol, coingecko, cryptocompare, forked, started, swapped_for) VALUES("eip155:1/erc20:0xbd31EA8212119f94A611FA969881CBa3EA06Fa3d", "LUNA", NULL, "", NULL, 1634101137, NULL);
*
INSERT INTO assets(identifier, name, type) VALUES("eip155:1/erc20:0xD31a59c85aE9D8edEFeC411D448f90841571b89c", "Wrapped SOL", "C");INSERT INTO evm_tokens(identifier, token_kind, chain, address, decimals, protocol) VALUES("eip155:1/erc20:0xD31a59c85aE9D8edEFeC411D448f90841571b89c", "A", 1, "0xD31a59c85aE9D8edEFeC411D448f90841571b89c", 9, NULL);INSERT INTO common_asset_details(identifier, symbol, coingecko, cryptocompare, forked, started, swapped_for) VALUES("eip155:1/erc20:0xD31a59c85aE9D8edEFeC411D448f90841571b89c", "SOL", "wrapped-solana", "", NULL, 1632316757, NULL);
*
INSERT INTO assets(identifier, name, type) VALUES("eip155:1/erc20:0x85f138bfEE4ef8e540890CFb48F620571d67Eda3", "Wrapped AVAX", "C");INSERT INTO evm_tokens(identifier, token_kind, chain, address, decimals, protocol) VALUES("eip155:1/erc20:0x85f138bfEE4ef8e540890CFb48F620571d67Eda3", "A", 1, "0x85f138bfEE4ef8e540890CFb48F620571d67Eda3", 18, NULL);INSERT INTO common_asset_details(identifier, symbol, coingecko, cryptocompare, forked, started, swapped_for) VALUES("eip155:1/erc20:0x85f138bfEE4ef8e540890CFb48F620571d67Eda3", "WAVAX", "wrapped-avax", "", NULL, 1640299238, NULL);
*
INSERT INTO assets(identifier, name, type) VALUES("eip155:1/erc20:0x70A6395650b47D94A77dE4cFEDF9629f6922e645", "Wrapped Smart Advertising Transaction Token", "C");INSERT INTO evm_tokens(identifier, token_kind, chain, address, decimals, protocol) VALUES("eip155:1/erc20:0x70A6395650b47D94A77dE4cFEDF9629f6922e645", "A", 1, "0x70A6395650b47D94A77dE4cFEDF9629f6922e645", 18, NULL);INSERT INTO common_asset_details(identifier, symbol, coingecko, cryptocompare, forked, started, swapped_for) VALUES("eip155:1/erc20:0x70A6395650b47D94A77dE4cFEDF9629f6922e645", "WSATT", NULL, "", NULL, 1601669654, NULL);
*
INSERT INTO assets(identifier, name, type) VALUES("eip155:1/erc20:0x2aF1dF3AB0ab157e1E2Ad8F88A7D04fbea0c7dc6", "Bankless BED Index", "C");INSERT INTO evm_tokens(identifier, token_kind, chain, address, decimals, protocol) VALUES("eip155:1/erc20:0x2aF1dF3AB0ab157e1E2Ad8F88A7D04fbea0c7dc6", "A", 1, "0x2aF1dF3AB0ab157e1E2Ad8F88A7D04fbea0c7dc6", 18, NULL);INSERT INTO common_asset_details(identifier, symbol, coingecko, cryptocompare, forked, started, swapped_for) VALUES("eip155:1/erc20:0x2aF1dF3AB0ab157e1E2Ad8F88A7D04fbea0c7dc6", "BED", "bankless-bed-index", "BED", NULL, 1626189656, NULL);
*
INSERT INTO assets(identifier, name, type) VALUES("eip155:1/erc20:0x33d63Ba1E57E54779F7dDAeaA7109349344cf5F1", "DATA Economy Index", "C");INSERT INTO evm_tokens(identifier, token_kind, chain, address, decimals, protocol) VALUES("eip155:1/erc20:0x33d63Ba1E57E54779F7dDAeaA7109349344cf5F1", "A", 1, "0x33d63Ba1E57E54779F7dDAeaA7109349344cf5F1", 18, NULL);INSERT INTO common_asset_details(identifier, symbol, coingecko, cryptocompare, forked, started, swapped_for) VALUES("eip155:1/erc20:0x33d63Ba1E57E54779F7dDAeaA7109349344cf5F1", "DATA", NULL, "", NULL, 1631828214, NULL);
*
INSERT INTO assets(identifier, name, type) VALUES("eip155:1/erc20:0x48274307c4884f82CF79CD44698d4Df80e0f397A", "NETER", "C");INSERT INTO evm_tokens(identifier, token_kind, chain, address, decimals, protocol) VALUES("eip155:1/erc20:0x48274307c4884f82CF79CD44698d4Df80e0f397A", "A", 1, "0x48274307c4884f82CF79CD44698d4Df80e0f397A", 18, NULL);INSERT INTO common_asset_details(identifier, symbol, coingecko, cryptocompare, forked, started, swapped_for) VALUES("eip155:1/erc20:0x48274307c4884f82CF79CD44698d4Df80e0f397A", "NETER", NULL, "", NULL, 1642522124, NULL);
*
INSERT INTO assets(identifier, name, type) VALUES("eip155:1/erc20:0x47110d43175f7f2C2425E7d15792acC5817EB44f", "Bankless DeFi Innovation Index", "C");INSERT INTO evm_tokens(identifier, token_kind, chain, address, decimals, protocol) VALUES("eip155:1/erc20:0x47110d43175f7f2C2425E7d15792acC5817EB44f", "A", 1, "0x47110d43175f7f2C2425E7d15792acC5817EB44f", 18, NULL);INSERT INTO common_asset_details(identifier, symbol, coingecko, cryptocompare, forked, started, swapped_for) VALUES("eip155:1/erc20:0x47110d43175f7f2C2425E7d15792acC5817EB44f", "GMI", NULL, "", NULL, 1640749187, NULL);
*
INSERT INTO assets(identifier, name, type) VALUES("eip155:1/erc20:0xbc138bD20C98186CC0342C8e380953aF0cb48BA8", "Candle", "C");INSERT INTO evm_tokens(identifier, token_kind, chain, address, decimals, protocol) VALUES("eip155:1/erc20:0xbc138bD20C98186CC0342C8e380953aF0cb48BA8", "A", 1, "0xbc138bD20C98186CC0342C8e380953aF0cb48BA8", 18, NULL);INSERT INTO common_asset_details(identifier, symbol, coingecko, cryptocompare, forked, started, swapped_for) VALUES("eip155:1/erc20:0xbc138bD20C98186CC0342C8e380953aF0cb48BA8", "CNDL", NULL, "CNDL", NULL, 1640836174, NULL);
*
INSERT INTO assets(identifier, name, type) VALUES("eip155:1/erc20:0xf1B99e3E573A1a9C5E6B2Ce818b617F0E664E86B", "Opyn Squeeth", "C");INSERT INTO evm_tokens(identifier, token_kind, chain, address, decimals, protocol) VALUES("eip155:1/erc20:0xf1B99e3E573A1a9C5E6B2Ce818b617F0E664E86B", "A", 1, "0xf1B99e3E573A1a9C5E6B2Ce818b617F0E664E86B", 18, NULL);INSERT INTO common_asset_details(identifier, symbol, coingecko, cryptocompare, forked, started, swapped_for) VALUES("eip155:1/erc20:0xf1B99e3E573A1a9C5E6B2Ce818b617F0E664E86B", "oSQTH", "opyn-squeeth", "OSQTH", NULL, 1641881300, NULL);
*
INSERT INTO assets(identifier, name, type) VALUES("eip155:1/erc20:0x6100dd79fCAA88420750DceE3F735d168aBcB771", "Ethereans", "C");INSERT INTO evm_tokens(identifier, token_kind, chain, address, decimals, protocol) VALUES("eip155:1/erc20:0x6100dd79fCAA88420750DceE3F735d168aBcB771", "A", 1, "0x6100dd79fCAA88420750DceE3F735d168aBcB771", 18, NULL);INSERT INTO common_asset_details(identifier, symbol, coingecko, cryptocompare, forked, started, swapped_for) VALUES("eip155:1/erc20:0x6100dd79fCAA88420750DceE3F735d168aBcB771", "OS", "ethereans", "OS", NULL, 1635425398, NULL);
*
INSERT INTO assets(identifier, name, type) VALUES("eip155:1/erc20:0x02e7Ac540409D32C90BfB51114003a9E1fF0249c", "JPG NFT Index", "C");INSERT INTO evm_tokens(identifier, token_kind, chain, address, decimals, protocol) VALUES("eip155:1/erc20:0x02e7Ac540409D32C90BfB51114003a9E1fF0249c", "A", 1, "0x02e7Ac540409D32C90BfB51114003a9E1fF0249c", 18, NULL);INSERT INTO common_asset_details(identifier, symbol, coingecko, cryptocompare, forked, started, swapped_for) VALUES("eip155:1/erc20:0x02e7Ac540409D32C90BfB51114003a9E1fF0249c", "JPG", "jpg-nft-index", "", NULL, 1649559942, NULL);
*
INSERT INTO assets(identifier, name, type) VALUES("eip155:1/erc20:0x5988639a14cF138cf0Db1853aD35D8B9584c5A73", "chimp", "C");INSERT INTO evm_tokens(identifier, token_kind, chain, address, decimals, protocol) VALUES("eip155:1/erc20:0x5988639a14cF138cf0Db1853aD35D8B9584c5A73", "A", 1, "0x5988639a14cF138cf0Db1853aD35D8B9584c5A73", 18, NULL);INSERT INTO common_asset_details(identifier, symbol, coingecko, cryptocompare, forked, started, swapped_for) VALUES("eip155:1/erc20:0x5988639a14cF138cf0Db1853aD35D8B9584c5A73", "CHIMP", NULL, "", NULL, 1602606834, NULL);
*
INSERT INTO assets(identifier, name, type) VALUES("eip155:1/erc20:0xC91a71A1fFA3d8B22ba615BA1B9c01b2BBBf55ad", "ZigZag", "C");INSERT INTO evm_tokens(identifier, token_kind, chain, address, decimals, protocol) VALUES("eip155:1/erc20:0xC91a71A1fFA3d8B22ba615BA1B9c01b2BBBf55ad", "A", 1, "0xC91a71A1fFA3d8B22ba615BA1B9c01b2BBBf55ad", 18, NULL);INSERT INTO common_asset_details(identifier, symbol, coingecko, cryptocompare, forked, started, swapped_for) VALUES("eip155:1/erc20:0xC91a71A1fFA3d8B22ba615BA1B9c01b2BBBf55ad", "ZZ", "zigzag-2", "ZZ", NULL, 1655163823, NULL);
*
INSERT INTO assets(identifier, name, type) VALUES("eip155:1/erc20:0x44108f0223A3C3028F5Fe7AEC7f9bb2E66beF82F", "Across Protocol Token", "C");INSERT INTO evm_tokens(identifier, token_kind, chain, address, decimals, protocol) VALUES("eip155:1/erc20:0x44108f0223A3C3028F5Fe7AEC7f9bb2E66beF82F", "A", 1, "0x44108f0223A3C3028F5Fe7AEC7f9bb2E66beF82F", 18, NULL);INSERT INTO common_asset_details(identifier, symbol, coingecko, cryptocompare, forked, started, swapped_for) VALUES("eip155:1/erc20:0x44108f0223A3C3028F5Fe7AEC7f9bb2E66beF82F", "ACX", "across-protocol", "ACX", NULL, 1666277447, NULL);
*
INSERT INTO assets(identifier, name, type) VALUES("eip155:1/erc20:0x341c05c0E9b33C0E38d64de76516b2Ce970bB3BE", "Diversified Staked ETH Index (dsETH)", "C");INSERT INTO evm_tokens(identifier, token_kind, chain, address, decimals, protocol) VALUES("eip155:1/erc20:0x341c05c0E9b33C0E38d64de76516b2Ce970bB3BE", "A", 1, "0x341c05c0E9b33C0E38d64de76516b2Ce970bB3BE", 18, NULL);INSERT INTO common_asset_details(identifier, symbol, coingecko, cryptocompare, forked, started, swapped_for) VALUES("eip155:1/erc20:0x341c05c0E9b33C0E38d64de76516b2Ce970bB3BE", "dsETH", "diversified-staked-eth", "", NULL, 1673563415, NULL);
*
INSERT INTO assets(identifier, name, type) VALUES("eip155:1/erc20:0xC24F904b9427F7e1d12BF8dfaB8de9388ad74605", "Bit Gold", "C");INSERT INTO evm_tokens(identifier, token_kind, chain, address, decimals, protocol) VALUES("eip155:1/erc20:0xC24F904b9427F7e1d12BF8dfaB8de9388ad74605", "A", 1, "0xC24F904b9427F7e1d12BF8dfaB8de9388ad74605", 18, NULL);INSERT INTO common_asset_details(identifier, symbol, coingecko, cryptocompare, forked, started, swapped_for) VALUES("eip155:1/erc20:0xC24F904b9427F7e1d12BF8dfaB8de9388ad74605", "BG", NULL, "", NULL, 1672689707, NULL);
*
INSERT INTO assets(identifier, name, type) VALUES("eip155:1/erc20:0x6043A3f2f4Fe127d81896220369F9E9CF5Fdf66F", "PANDA", "C");INSERT INTO evm_tokens(identifier, token_kind, chain, address, decimals, protocol) VALUES("eip155:1/erc20:0x6043A3f2f4Fe127d81896220369F9E9CF5Fdf66F", "A", 1, "0x6043A3f2f4Fe127d81896220369F9E9CF5Fdf66F", 18, NULL);INSERT INTO common_asset_details(identifier, symbol, coingecko, cryptocompare, forked, started, swapped_for) VALUES("eip155:1/erc20:0x6043A3f2f4Fe127d81896220369F9E9CF5Fdf66F", "PANDA", NULL, "", NULL, 1679171111, NULL);
*
INSERT INTO assets(identifier, name, type) VALUES("eip155:1/erc20:0xc30FBa978743a43E736fc32FBeEd364b8A2039cD", "Money Market Index", "C");INSERT INTO evm_tokens(identifier, token_kind, chain, address, decimals, protocol) VALUES("eip155:1/erc20:0xc30FBa978743a43E736fc32FBeEd364b8A2039cD", "A", 1, "0xc30FBa978743a43E736fc32FBeEd364b8A2039cD", 18, NULL);INSERT INTO common_asset_details(identifier, symbol, coingecko, cryptocompare, forked, started, swapped_for) VALUES("eip155:1/erc20:0xc30FBa978743a43E736fc32FBeEd364b8A2039cD", "icSMMT", NULL, "", NULL, 1682126531, NULL);
*
UPDATE common_asset_details SET coingecko="shutter" WHERE identifier="eip155:1/erc20:0xe485E2f1bab389C08721B291f6b59780feC83Fd7";
INSERT INTO assets(identifier, name, type) VALUES("eip155:1/erc20:0xe485E2f1bab389C08721B291f6b59780feC83Fd7", "Shutter", "C"); INSERT INTO evm_tokens(identifier, token_kind, chain, address, decimals, protocol) VALUES("eip155:1/erc20:0xe485E2f1bab389C08721B291f6b59780feC83Fd7", "A", 1, "0xe485E2f1bab389C08721B291f6b59780feC83Fd7", 18, NULL); INSERT INTO common_asset_details(identifier, symbol, coingecko, cryptocompare, forked, started, swapped_for) VALUES("eip155:1/erc20:0xe485E2f1bab389C08721B291f6b59780feC83Fd7", "SHU", "shutter", "", NULL, 1705431563, NULL);
INSERT INTO assets(identifier, name, type) VALUES("eip155:534352/erc20:0x06eFdBFf2a14a7c8E15944D1F4A48F9F95F663A4", "USD Coin", "C");INSERT INTO evm_tokens(identifier, token_kind, chain, address, decimals, protocol) VALUES("eip155:534352/erc20:0x06eFdBFf2a14a7c8E15944D1F4A48F9F95F663A4", "A", 534352, "0x06eFdBFf2a14a7c8E15944D1F4A48F9F95F663A4", 6, NULL);INSERT INTO common_asset_details(identifier, symbol, coingecko, cryptocompare, forked, started, swapped_for) VALUES("eip155:534352/erc20:0x06eFdBFf2a14a7c8E15944D1F4A48F9F95F663A4", "USDC", "usdc", "usdc", NULL, 1696919085, NULL);
*
INSERT INTO assets(identifier, name, type) VALUES("eip155:534352/erc20:0x5300000000000000000000000000000000000004", "Wrapped Ether", "C");INSERT INTO evm_tokens(identifier, token_kind, chain, address, decimals, protocol) VALUES("eip155:534352/erc20:0x5300000000000000000000000000000000000004", "A", 534352, "0x5300000000000000000000000000000000000004", 18, NULL);INSERT INTO common_asset_details(identifier, symbol, coingecko, cryptocompare, forked, started, swapped_for) VALUES("eip155:534352/erc20:0x5300000000000000000000000000000000000004", "WETH", "weth", "weth", NULL, 1696960800, NULL);
*
INSERT INTO assets(identifier, name, type) VALUES("eip155:8453/erc20:0xA88594D404727625A9437C3f886C7643872296AE", "Moonwell", "C");INSERT INTO evm_tokens(identifier, token_kind, chain, address, decimals, protocol) VALUES("eip155:8453/erc20:0xA88594D404727625A9437C3f886C7643872296AE", "A", 8453, "0xA88594D404727625A9437C3f886C7643872296AE", 18, NULL);INSERT INTO common_asset_details(identifier, symbol, coingecko, cryptocompare, forked, started, swapped_for) VALUES("eip155:8453/erc20:0xA88594D404727625A9437C3f886C7643872296AE", "WELL", "moonwell-artemis", "well", NULL, 1704752551, NULL);
*
UPDATE common_asset_details SET swapped_for="eip155:8453/erc20:0xA88594D404727625A9437C3f886C7643872296AE" WHERE identifier="eip155:8453/erc20:0xFF8adeC2221f9f4D8dfbAFa6B9a297d17603493D";
INSERT INTO assets(identifier, name, type) VALUES("eip155:8453/erc20:0xFF8adeC2221f9f4D8dfbAFa6B9a297d17603493D", "Moonwell", "C");INSERT INTO evm_tokens(identifier, token_kind, chain, address, decimals, protocol) VALUES("eip155:8453/erc20:0xFF8adeC2221f9f4D8dfbAFa6B9a297d17603493D", "A", 8453, "0xFF8adeC2221f9f4D8dfbAFa6B9a297d17603493D", 18, NULL);INSERT INTO common_asset_details(identifier, symbol, coingecko, cryptocompare, forked, started, swapped_for) VALUES("eip155:8453/erc20:0xFF8adeC2221f9f4D8dfbAFa6B9a297d17603493D", "WELL", "moonwell-artemis", "well", NULL, 1691093699, 'eip155:8453/erc20:0xA88594D404727625A9437C3f886C7643872296AE');
INSERT INTO assets(identifier, name, type) VALUES("eip155:1/erc20:0x5aFE3855358E112B5647B952709E6165e1c1eEEe", "Safe", "C");INSERT INTO evm_tokens(identifier, token_kind, chain, address, decimals, protocol) VALUES("eip155:1/erc20:0x5aFE3855358E112B5647B952709E6165e1c1eEEe", "A", 1, "0x5aFE3855358E112B5647B952709E6165e1c1eEEe", 18, NULL);INSERT INTO common_asset_details(identifier, symbol, coingecko, cryptocompare, forked, started, swapped_for) VALUES("eip155:1/erc20:0x5aFE3855358E112B5647B952709E6165e1c1eEEe", "SAFE", "safe", "safe", NULL, 1650491755, NULL);
*
INSERT INTO assets(identifier, name, type) VALUES("eip155:1/erc20:0xAcd2c239012D17BEB128B0944D49015104113650", "KarratCoin", "C"); INSERT INTO evm_tokens(identifier, token_kind, chain, address, decimals, protocol) VALUES("eip155:1/erc20:0xAcd2c239012D17BEB128B0944D49015104113650", "A", 1, "0xAcd2c239012D17BEB128B0944D49015104113650", 18, NULL); INSERT INTO common_asset_details(identifier, symbol, coingecko, cryptocompare, forked, started, swapped_for) VALUES("eip155:1/erc20:0xAcd2c239012D17BEB128B0944D49015104113650", "KARRAT", "karrat", "", NULL, 1712079383, NULL);
*
INSERT INTO assets(identifier, name, type) VALUES("TNSR", "Tensor", "Y"); INSERT INTO common_asset_details(identifier, symbol, coingecko, cryptocompare, forked, started, swapped_for) VALUES("TNSR", "TNSR", "tensor", "TNSR", NULL, 1712592242, NULL);
*
INSERT INTO assets(identifier, name, type) VALUES("eip155:1/erc20:0xB0fFa8000886e57F86dd5264b9582b2Ad87b2b91", "Wormhole Token", "C"); INSERT INTO evm_tokens(identifier, token_kind, chain, address, decimals, protocol) VALUES("eip155:1/erc20:0xB0fFa8000886e57F86dd5264b9582b2Ad87b2b91", "A", 1, "0xB0fFa8000886e57F86dd5264b9582b2Ad87b2b91", 18, NULL); INSERT INTO common_asset_details(identifier, symbol, coingecko, cryptocompare, forked, started, swapped_for) VALUES("eip155:1/erc20:0xB0fFa8000886e57F86dd5264b9582b2Ad87b2b91", "W", "wormhole", "W", NULL, 1713221291, NULL);
*
INSERT INTO assets(identifier, name, type) VALUES("eip155:42161/erc20:0xB0fFa8000886e57F86dd5264b9582b2Ad87b2b91", "Wormhole Token", "C"); INSERT INTO evm_tokens(identifier, token_kind, chain, address, decimals, protocol) VALUES("eip155:42161/erc20:0xB0fFa8000886e57F86dd5264b9582b2Ad87b2b91", "A", 42161, "0xB0fFa8000886e57F86dd5264b9582b2Ad87b2b91", 18, NULL); INSERT INTO common_asset_details(identifier, symbol, coingecko, cryptocompare, forked, started, swapped_for) VALUES("eip155:42161/erc20:0xB0fFa8000886e57F86dd5264b9582b2Ad87b2b91", "W", "wormhole", "W", NULL, 1713221460, NULL);
*
INSERT INTO assets(identifier, name, type) VALUES("eip155:8453/erc20:0xB0fFa8000886e57F86dd5264b9582b2Ad87b2b91", "Wormhole Token", "C"); INSERT INTO evm_tokens(identifier, token_kind, chain, address, decimals, protocol) VALUES("eip155:8453/erc20:0xB0fFa8000886e57F86dd5264b9582b2Ad87b2b91", "A", 8453, "0xB0fFa8000886e57F86dd5264b9582b2Ad87b2b91", 18, NULL); INSERT INTO common_asset_details(identifier, symbol, coingecko, cryptocompare, forked, started, swapped_for) VALUES("eip155:8453/erc20:0xB0fFa8000886e57F86dd5264b9582b2Ad87b2b91", "W", "wormhole", "W", NULL, 1713221517, NULL);
*
INSERT INTO assets(identifier, name, type) VALUES("W", "Wormhole Token", "Y"); INSERT INTO common_asset_details(identifier, symbol, coingecko, cryptocompare, forked, started, swapped_for) VALUES("W", "W", "wormhole", "W", NULL, 1713221517, NULL);
*
INSERT INTO assets(identifier, name, type) VALUES("eip155:1/erc20:0xB528edBef013aff855ac3c50b381f253aF13b997", "Aevo", "C"); INSERT INTO evm_tokens(identifier, token_kind, chain, address, decimals, protocol) VALUES("eip155:1/erc20:0xB528edBef013aff855ac3c50b381f253aF13b997", "A", 1, "0xB528edBef013aff855ac3c50b381f253aF13b997", 18, NULL); INSERT INTO common_asset_details(identifier, symbol, coingecko, cryptocompare, forked, started, swapped_for) VALUES("eip155:1/erc20:0xB528edBef013aff855ac3c50b381f253aF13b997", "AEVO", "aevo-exchange", "aevo", NULL, 1706636159, NULL);
*
INSERT INTO assets(identifier, name, type) VALUES("eip155:1/erc20:0x57e114B691Db790C35207b2e685D4A43181e6061", "Ethena", "C"); INSERT INTO evm_tokens(identifier, token_kind, chain, address, decimals, protocol) VALUES("eip155:1/erc20:0x57e114B691Db790C35207b2e685D4A43181e6061", "A", 1, "0x57e114B691Db790C35207b2e685D4A43181e6061", 18, NULL); INSERT INTO common_asset_details(identifier, symbol, coingecko, cryptocompare, forked, started, swapped_for) VALUES("eip155:1/erc20:0x57e114B691Db790C35207b2e685D4A43181e6061", "ENA", "ethena", "ena", NULL, 1709674199, NULL);
*
INSERT INTO assets(identifier, name, type) VALUES("eip155:1/erc20:0xFe0c30065B384F05761f15d0CC899D4F9F9Cc0eB", "ether.fi governance token", "C"); INSERT INTO evm_tokens(identifier, token_kind, chain, address, decimals, protocol) VALUES("eip155:1/erc20:0xFe0c30065B384F05761f15d0CC899D4F9F9Cc0eB", "A", 1, "0xFe0c30065B384F05761f15d0CC899D4F9F9Cc0eB", 18, NULL); INSERT INTO common_asset_details(identifier, symbol, coingecko, cryptocompare, forked, started, swapped_for) VALUES("eip155:1/erc20:0xFe0c30065B384F05761f15d0CC899D4F9F9Cc0eB", "ETHFI", "ether-fi", "ethfi", NULL, 1708665119, NULL);
*
INSERT INTO assets(identifier, name, type) VALUES("eip155:1/erc20:0x0D3CbED3f69EE050668ADF3D9Ea57241cBa33A2B", "PlayDapp", "C"); INSERT INTO evm_tokens(identifier, token_kind, chain, address, decimals, protocol) VALUES("eip155:1/erc20:0x0D3CbED3f69EE050668ADF3D9Ea57241cBa33A2B", "A", 1, "0x0D3CbED3f69EE050668ADF3D9Ea57241cBa33A2B", 18, NULL); INSERT INTO common_asset_details(identifier, symbol, coingecko, cryptocompare, forked, started, swapped_for) VALUES("eip155:1/erc20:0x0D3CbED3f69EE050668ADF3D9Ea57241cBa33A2B", "PDA", "playdapp", "pda", NULL, 1708138763, NULL);
*
INSERT INTO assets(identifier, name, type) VALUES("eip155:1/erc20:0x1Bbe973BeF3a977Fc51CbED703E8ffDEfE001Fed", "PORTAL", "C"); INSERT INTO evm_tokens(identifier, token_kind, chain, address, decimals, protocol) VALUES("eip155:1/erc20:0x1Bbe973BeF3a977Fc51CbED703E8ffDEfE001Fed", "A", 1, "0x1Bbe973BeF3a977Fc51CbED703E8ffDEfE001Fed", 18, NULL); INSERT INTO common_asset_details(identifier, symbol, coingecko, cryptocompare, forked, started, swapped_for) VALUES("eip155:1/erc20:0x1Bbe973BeF3a977Fc51CbED703E8ffDEfE001Fed", "PORTAL", "portal-2", "portal", NULL, 1708439543, NULL);
*
INSERT INTO assets(identifier, name, type) VALUES("CZK", "Czech Koruna", "A"); INSERT INTO common_asset_details(identifier, symbol, coingecko, cryptocompare, forked, started, swapped_for) VALUES("CZK", "CZK", NULL, "", NULL, NULL, NULL);
*
INSERT INTO assets(identifier, name, type) VALUES("MXN", "Mexican Peso", "A"); INSERT INTO common_asset_details(identifier, symbol, coingecko, cryptocompare, forked, started, swapped_for) VALUES("MXN", "MXN", NULL, "", NULL, NULL, NULL);
*
INSERT INTO assets(identifier, name, type) VALUES("BOME", "BOOK OF MEME", "Y"); INSERT INTO common_asset_details(identifier, symbol, coingecko, cryptocompare, forked, started, swapped_for) VALUES("BOME", "BOME", "book-of-meme", "bome", NULL, 1710410626, NULL);
*
INSERT INTO assets(identifier, name, type) VALUES("SAGA", "Saga", "W"); INSERT INTO common_asset_details(identifier, symbol, coingecko, cryptocompare, forked, started, swapped_for) VALUES("SAGA", "SAGA", "saga-2", "saga", NULL, 1712649766, NULL);
*
INSERT INTO assets(identifier, name, type) VALUES("eip155:534352/erc20:0xf610A9dfB7C89644979b4A0f27063E9e7d7Cda32", "wstETH", "C"); INSERT INTO evm_tokens(identifier, token_kind, chain, address, decimals, protocol) VALUES("eip155:534352/erc20:0xf610A9dfB7C89644979b4A0f27063E9e7d7Cda32", "A", 534352, "0xf610A9dfB7C89644979b4A0f27063E9e7d7Cda32", 18, NULL); INSERT INTO common_asset_details(identifier, symbol, coingecko, cryptocompare, forked, started, swapped_for) VALUES("eip155:534352/erc20:0xf610A9dfB7C89644979b4A0f27063E9e7d7Cda32", "wstETH", "wrapped-steth", "wsteth", NULL, 1696920347, NULL);
*
INSERT INTO assets(identifier, name, type) VALUES("eip155:1/erc20:0x4507cEf57C46789eF8d1a19EA45f4216bae2B528", "TokenFi", "C"); INSERT INTO evm_tokens(identifier, token_kind, chain, address, decimals, protocol) VALUES("eip155:1/erc20:0x4507cEf57C46789eF8d1a19EA45f4216bae2B528", "A", 1, "0x4507cEf57C46789eF8d1a19EA45f4216bae2B528", 9, NULL); INSERT INTO common_asset_details(identifier, symbol, coingecko, cryptocompare, forked, started, swapped_for) VALUES("eip155:1/erc20:0x4507cEf57C46789eF8d1a19EA45f4216bae2B528", "TOKEN", "tokenfi", "token", NULL, 1698318395, NULL);
*
INSERT INTO assets(identifier, name, type) VALUES("eip155:56/erc20:0x4507cEf57C46789eF8d1a19EA45f4216bae2B528", "TokenFi", "C"); INSERT INTO evm_tokens(identifier, token_kind, chain, address, decimals, protocol) VALUES("eip155:56/erc20:0x4507cEf57C46789eF8d1a19EA45f4216bae2B528", "A", 56, "0x4507cEf57C46789eF8d1a19EA45f4216bae2B528", 9, NULL); INSERT INTO common_asset_details(identifier, symbol, coingecko, cryptocompare, forked, started, swapped_for) VALUES("eip155:56/erc20:0x4507cEf57C46789eF8d1a19EA45f4216bae2B528", "TOKEN", "tokenfi", "token", NULL, 1713979117, NULL);
*
INSERT INTO assets(identifier, name, type) VALUES("eip155:1/erc20:0x61EC85aB89377db65762E234C946b5c25A56E99e", "HTX", "C"); INSERT INTO evm_tokens(identifier, token_kind, chain, address, decimals, protocol) VALUES("eip155:1/erc20:0x61EC85aB89377db65762E234C946b5c25A56E99e", "A", 1, "0x61EC85aB89377db65762E234C946b5c25A56E99e", 18, NULL); INSERT INTO common_asset_details(identifier, symbol, coingecko, cryptocompare, forked, started, swapped_for) VALUES("eip155:1/erc20:0x61EC85aB89377db65762E234C946b5c25A56E99e", "HTX", "htx-dao", "htx", NULL, 1701078635, NULL);
*
INSERT INTO assets(identifier, name, type) VALUES("eip155:56/erc20:0x61EC85aB89377db65762E234C946b5c25A56E99e", "HTX", "C"); INSERT INTO evm_tokens(identifier, token_kind, chain, address, decimals, protocol) VALUES("eip155:56/erc20:0x61EC85aB89377db65762E234C946b5c25A56E99e", "A", 56, "0x61EC85aB89377db65762E234C946b5c25A56E99e", 18, NULL); INSERT INTO common_asset_details(identifier, symbol, coingecko, cryptocompare, forked, started, swapped_for) VALUES("eip155:56/erc20:0x61EC85aB89377db65762E234C946b5c25A56E99e", "HTX", "htx-dao", "htx", NULL, 1713929391, NULL);
*
INSERT INTO assets(identifier, name, type) VALUES("eip155:1/erc20:0xFD4f2Caf941B6d737382DCe420b368DE3FC7f2D4", "Patex Token", "C"); INSERT INTO evm_tokens(identifier, token_kind, chain, address, decimals, protocol) VALUES("eip155:1/erc20:0xFD4f2Caf941B6d737382DCe420b368DE3FC7f2D4", "A", 1, "0xFD4f2Caf941B6d737382DCe420b368DE3FC7f2D4", 18, NULL); INSERT INTO common_asset_details(identifier, symbol, coingecko, cryptocompare, forked, started, swapped_for) VALUES("eip155:1/erc20:0xFD4f2Caf941B6d737382DCe420b368DE3FC7f2D4", "PATEX", "patex", "patex", NULL, 1686662303, NULL);
*
INSERT INTO assets(identifier, name, type) VALUES("eip155:56/erc20:0xFD4f2Caf941B6d737382DCe420b368DE3FC7f2D4", "Patex Token", "C"); INSERT INTO evm_tokens(identifier, token_kind, chain, address, decimals, protocol) VALUES("eip155:56/erc20:0xFD4f2Caf941B6d737382DCe420b368DE3FC7f2D4", "A", 56, "0xFD4f2Caf941B6d737382DCe420b368DE3FC7f2D4", 18, NULL); INSERT INTO common_asset_details(identifier, symbol, coingecko, cryptocompare, forked, started, swapped_for) VALUES("eip155:56/erc20:0xFD4f2Caf941B6d737382DCe420b368DE3FC7f2D4", "PATEX", "patex", "patex", NULL, 1713979027, NULL);
*
INSERT INTO assets(identifier, name, type) VALUES("eip155:1/erc20:0xCF67815ccE72E682Eb4429eCa46843bed81Ca739", "GAM3S.GG", "C"); INSERT INTO evm_tokens(identifier, token_kind, chain, address, decimals, protocol) VALUES("eip155:1/erc20:0xCF67815ccE72E682Eb4429eCa46843bed81Ca739", "A", 1, "0xCF67815ccE72E682Eb4429eCa46843bed81Ca739", 18, NULL); INSERT INTO common_asset_details(identifier, symbol, coingecko, cryptocompare, forked, started, swapped_for) VALUES("eip155:1/erc20:0xCF67815ccE72E682Eb4429eCa46843bed81Ca739", "G3", "gam3s-gg", "g3", NULL, 1712318675, NULL);
*
INSERT INTO assets(identifier, name, type) VALUES("eip155:42161/erc20:0xc24A365A870821EB83Fd216c9596eDD89479d8d7", "GAM3S.GG", "C"); INSERT INTO evm_tokens(identifier, token_kind, chain, address, decimals, protocol) VALUES("eip155:42161/erc20:0xc24A365A870821EB83Fd216c9596eDD89479d8d7", "A", 42161, "0xc24A365A870821EB83Fd216c9596eDD89479d8d7", 18, NULL); INSERT INTO common_asset_details(identifier, symbol, coingecko, cryptocompare, forked, started, swapped_for) VALUES("eip155:42161/erc20:0xc24A365A870821EB83Fd216c9596eDD89479d8d7", "G3", "gam3s-gg", "g3", NULL, 1712151381, NULL);
*
INSERT INTO assets(identifier, name, type) VALUES("eip155:1/erc20:0x944824290CC12F31ae18Ef51216A223Ba4063092", "Masa Token", "C"); INSERT INTO evm_tokens(identifier, token_kind, chain, address, decimals, protocol) VALUES("eip155:1/erc20:0x944824290CC12F31ae18Ef51216A223Ba4063092", "A", 1, "0x944824290CC12F31ae18Ef51216A223Ba4063092", 18, NULL); INSERT INTO common_asset_details(identifier, symbol, coingecko, cryptocompare, forked, started, swapped_for) VALUES("eip155:1/erc20:0x944824290CC12F31ae18Ef51216A223Ba4063092", "MASA", "masa-finance", "masa", NULL, 1710441647, NULL);
*
INSERT INTO assets(identifier, name, type) VALUES("eip155:56/erc20:0x944824290CC12F31ae18Ef51216A223Ba4063092", "Masa Token", "C"); INSERT INTO evm_tokens(identifier, token_kind, chain, address, decimals, protocol) VALUES("eip155:56/erc20:0x944824290CC12F31ae18Ef51216A223Ba4063092", "A", 56, "0x944824290CC12F31ae18Ef51216A223Ba4063092", 18, NULL); INSERT INTO common_asset_details(identifier, symbol, coingecko, cryptocompare, forked, started, swapped_for) VALUES("eip155:56/erc20:0x944824290CC12F31ae18Ef51216A223Ba4063092", "MASA", "masa-finance", "masa", NULL, 1713979414, NULL);
*
INSERT INTO assets(identifier, name, type) VALUES("eip155:1/erc20:0xf5edA6C581F4373B07CE111BAF8d1C4Fc21cbAa1", "GameTournamentTrophy", "C"); INSERT INTO evm_tokens(identifier, token_kind, chain, address, decimals, protocol) VALUES("eip155:1/erc20:0xf5edA6C581F4373B07CE111BAF8d1C4Fc21cbAa1", "A", 1, "0xf5edA6C581F4373B07CE111BAF8d1C4Fc21cbAa1", 18, NULL); INSERT INTO common_asset_details(identifier, symbol, coingecko, cryptocompare, forked, started, swapped_for) VALUES("eip155:1/erc20:0xf5edA6C581F4373B07CE111BAF8d1C4Fc21cbAa1", "GTT", "game-tournament-trophy", "", NULL, 1698910751, NULL);
*
INSERT INTO assets(identifier, name, type) VALUES("eip155:137/erc20:0x280053C54006A624C26989CB8354Fa4cB86f14D1", "Morpheus Infrastructure Node", "C"); INSERT INTO evm_tokens(identifier, token_kind, chain, address, decimals, protocol) VALUES("eip155:137/erc20:0x280053C54006A624C26989CB8354Fa4cB86f14D1", "A", 137, "0x280053C54006A624C26989CB8354Fa4cB86f14D1", 18, NULL); INSERT INTO common_asset_details(identifier, symbol, coingecko, cryptocompare, forked, started, swapped_for) VALUES("eip155:137/erc20:0x280053C54006A624C26989CB8354Fa4cB86f14D1", "MIND", "game-tournament-trophy", "", NULL, 1713938028, NULL);
*
INSERT INTO assets(identifier, name, type) VALUES("eip155:1/erc20:0xb4357054c3dA8D46eD642383F03139aC7f090343", "Port3 Network", "C"); INSERT INTO evm_tokens(identifier, token_kind, chain, address, decimals, protocol) VALUES("eip155:1/erc20:0xb4357054c3dA8D46eD642383F03139aC7f090343", "A", 1, "0xb4357054c3dA8D46eD642383F03139aC7f090343", 18, NULL); INSERT INTO common_asset_details(identifier, symbol, coingecko, cryptocompare, forked, started, swapped_for) VALUES("eip155:1/erc20:0xb4357054c3dA8D46eD642383F03139aC7f090343", "PORT3", "port3-network", "port3", NULL, 1701184151, NULL);
*
INSERT INTO assets(identifier, name, type) VALUES("eip155:137/erc20:0xb4357054c3dA8D46eD642383F03139aC7f090343", "Port3 Network", "C"); INSERT INTO evm_tokens(identifier, token_kind, chain, address, decimals, protocol) VALUES("eip155:137/erc20:0xb4357054c3dA8D46eD642383F03139aC7f090343", "A", 137, "0xb4357054c3dA8D46eD642383F03139aC7f090343", 18, NULL); INSERT INTO common_asset_details(identifier, symbol, coingecko, cryptocompare, forked, started, swapped_for) VALUES("eip155:137/erc20:0xb4357054c3dA8D46eD642383F03139aC7f090343", "PORT3", "port3-network", "port3", NULL, 1714030287, NULL);
*
INSERT INTO assets(identifier, name, type) VALUES("eip155:10/erc20:0xb4357054c3dA8D46eD642383F03139aC7f090343", "Port3 Network", "C"); INSERT INTO evm_tokens(identifier, token_kind, chain, address, decimals, protocol) VALUES("eip155:10/erc20:0xb4357054c3dA8D46eD642383F03139aC7f090343", "A", 10, "0xb4357054c3dA8D46eD642383F03139aC7f090343", 18, NULL); INSERT INTO common_asset_details(identifier, symbol, coingecko, cryptocompare, forked, started, swapped_for) VALUES("eip155:10/erc20:0xb4357054c3dA8D46eD642383F03139aC7f090343", "PORT3", "port3-network", "port3", NULL, 1710729865, NULL);
*
INSERT INTO assets(identifier, name, type) VALUES("eip155:42161/erc20:0xb4357054c3dA8D46eD642383F03139aC7f090343", "Port3 Network", "C"); INSERT INTO evm_tokens(identifier, token_kind, chain, address, decimals, protocol) VALUES("eip155:42161/erc20:0xb4357054c3dA8D46eD642383F03139aC7f090343", "A", 42161, "0xb4357054c3dA8D46eD642383F03139aC7f090343", 18, NULL); INSERT INTO common_asset_details(identifier, symbol, coingecko, cryptocompare, forked, started, swapped_for) VALUES("eip155:42161/erc20:0xb4357054c3dA8D46eD642383F03139aC7f090343", "PORT3", "port3-network", "port3", NULL, 1701182018, NULL);
*
INSERT INTO assets(identifier, name, type) VALUES("eip155:56/erc20:0xb4357054c3dA8D46eD642383F03139aC7f090343", "Port3 Network", "C"); INSERT INTO evm_tokens(identifier, token_kind, chain, address, decimals, protocol) VALUES("eip155:56/erc20:0xb4357054c3dA8D46eD642383F03139aC7f090343", "A", 56, "0xb4357054c3dA8D46eD642383F03139aC7f090343", 18, NULL); INSERT INTO common_asset_details(identifier, symbol, coingecko, cryptocompare, forked, started, swapped_for) VALUES("eip155:56/erc20:0xb4357054c3dA8D46eD642383F03139aC7f090343", "PORT3", "port3-network", "port3", NULL, 1714043378, NULL);
*
INSERT INTO assets(identifier, name, type) VALUES("eip155:1/erc20:0x8457CA5040ad67fdebbCC8EdCE889A335Bc0fbFB", "AltLayer Token", "C"); INSERT INTO evm_tokens(identifier, token_kind, chain, address, decimals, protocol) VALUES("eip155:1/erc20:0x8457CA5040ad67fdebbCC8EdCE889A335Bc0fbFB", "A", 1, "0x8457CA5040ad67fdebbCC8EdCE889A335Bc0fbFB", 18, NULL); INSERT INTO common_asset_details(identifier, symbol, coingecko, cryptocompare, forked, started, swapped_for) VALUES("eip155:1/erc20:0x8457CA5040ad67fdebbCC8EdCE889A335Bc0fbFB", "ALT", "altlayer", "alt", NULL, 1704446615, NULL);
*
INSERT INTO assets(identifier, name, type) VALUES("eip155:56/erc20:0x8457CA5040ad67fdebbCC8EdCE889A335Bc0fbFB", "AltLayer Token", "C"); INSERT INTO evm_tokens(identifier, token_kind, chain, address, decimals, protocol) VALUES("eip155:56/erc20:0x8457CA5040ad67fdebbCC8EdCE889A335Bc0fbFB", "A", 56, "0x8457CA5040ad67fdebbCC8EdCE889A335Bc0fbFB", 18, NULL); INSERT INTO common_asset_details(identifier, symbol, coingecko, cryptocompare, forked, started, swapped_for) VALUES("eip155:56/erc20:0x8457CA5040ad67fdebbCC8EdCE889A335Bc0fbFB", "ALT", "altlayer", "alt", NULL, 1714043930, NULL);
*
INSERT INTO assets(identifier, name, type) VALUES("eip155:1/erc20:0x6B0FaCA7bA905a86F221CEb5CA404f605e5b3131", "DeFi", "C"); INSERT INTO evm_tokens(identifier, token_kind, chain, address, decimals, protocol) VALUES("eip155:1/erc20:0x6B0FaCA7bA905a86F221CEb5CA404f605e5b3131", "A", 1, "0x6B0FaCA7bA905a86F221CEb5CA404f605e5b3131", 18, NULL); INSERT INTO common_asset_details(identifier, symbol, coingecko, cryptocompare, forked, started, swapped_for) VALUES("eip155:1/erc20:0x6B0FaCA7bA905a86F221CEb5CA404f605e5b3131", "DEFI", "de-fi", "", NULL, 1705506419, NULL);
*
INSERT INTO assets(identifier, name, type) VALUES("eip155:56/erc20:0x6d106C0B8d2f47c5465bdBD58D1Be253762cBBC1", "DeFi", "C"); INSERT INTO evm_tokens(identifier, token_kind, chain, address, decimals, protocol) VALUES("eip155:56/erc20:0x6d106C0B8d2f47c5465bdBD58D1Be253762cBBC1", "A", 56, "0x6d106C0B8d2f47c5465bdBD58D1Be253762cBBC1", 18, NULL); INSERT INTO common_asset_details(identifier, symbol, coingecko, cryptocompare, forked, started, swapped_for) VALUES("eip155:56/erc20:0x6d106C0B8d2f47c5465bdBD58D1Be253762cBBC1", "DEFI", "de-fi", "", NULL, 1714040591, NULL);
*
INSERT INTO assets(identifier, name, type) VALUES("eip155:1/erc20:0xBEF26Bd568e421D6708CCA55Ad6e35f8bfA0C406", "bitsCrunch Token", "C"); INSERT INTO evm_tokens(identifier, token_kind, chain, address, decimals, protocol) VALUES("eip155:1/erc20:0xBEF26Bd568e421D6708CCA55Ad6e35f8bfA0C406", "A", 1, "0xBEF26Bd568e421D6708CCA55Ad6e35f8bfA0C406", 18, NULL); INSERT INTO common_asset_details(identifier, symbol, coingecko, cryptocompare, forked, started, swapped_for) VALUES("eip155:1/erc20:0xBEF26Bd568e421D6708CCA55Ad6e35f8bfA0C406", "BCUT", "bitscrunch-token", "bcut", NULL, 1701957395, NULL);
*
INSERT INTO assets(identifier, name, type) VALUES("eip155:137/erc20:0x3fb83A9A2c4408909c058b0BfE5B4823f54fAfE2", "bitsCrunch Token", "C"); INSERT INTO evm_tokens(identifier, token_kind, chain, address, decimals, protocol) VALUES("eip155:137/erc20:0x3fb83A9A2c4408909c058b0BfE5B4823f54fAfE2", "A", 137, "0x3fb83A9A2c4408909c058b0BfE5B4823f54fAfE2", 18, NULL); INSERT INTO common_asset_details(identifier, symbol, coingecko, cryptocompare, forked, started, swapped_for) VALUES("eip155:137/erc20:0x3fb83A9A2c4408909c058b0BfE5B4823f54fAfE2", "BCUT", "bitscrunch-token", "bcut", NULL, 1714043486, NULL);
*
INSERT INTO assets(identifier, name, type) VALUES("eip155:1/erc20:0x22514fFb0d7232a56F0c24090E7B68f179FAA940", "QORPO Token", "C"); INSERT INTO evm_tokens(identifier, token_kind, chain, address, decimals, protocol) VALUES("eip155:1/erc20:0x22514fFb0d7232a56F0c24090E7B68f179FAA940", "A", 1, "0x22514fFb0d7232a56F0c24090E7B68f179FAA940", 18, NULL); INSERT INTO common_asset_details(identifier, symbol, coingecko, cryptocompare, forked, started, swapped_for) VALUES("eip155:1/erc20:0x22514fFb0d7232a56F0c24090E7B68f179FAA940", "QORPO", "qopro", "", NULL, 1707148379, NULL);
*
INSERT INTO assets(identifier, name, type) VALUES("eip155:56/erc20:0x22514fFb0d7232a56F0c24090E7B68f179FAA940", "QORPO Token", "C"); INSERT INTO evm_tokens(identifier, token_kind, chain, address, decimals, protocol) VALUES("eip155:56/erc20:0x22514fFb0d7232a56F0c24090E7B68f179FAA940", "A", 56, "0x22514fFb0d7232a56F0c24090E7B68f179FAA940", 18, NULL); INSERT INTO common_asset_details(identifier, symbol, coingecko, cryptocompare, forked, started, swapped_for) VALUES("eip155:56/erc20:0x22514fFb0d7232a56F0c24090E7B68f179FAA940", "QORPO", "qopro", "", NULL, 1714039646, NULL);
*
INSERT INTO assets(identifier, name, type) VALUES("eip155:1/erc20:0x38C2a4a7330b22788374B8Ff70BBa513C8D848cA", "Truflation", "C"); INSERT INTO evm_tokens(identifier, token_kind, chain, address, decimals, protocol) VALUES("eip155:1/erc20:0x38C2a4a7330b22788374B8Ff70BBa513C8D848cA", "A", 1, "0x38C2a4a7330b22788374B8Ff70BBa513C8D848cA", 18, NULL); INSERT INTO common_asset_details(identifier, symbol, coingecko, cryptocompare, forked, started, swapped_for) VALUES("eip155:1/erc20:0x38C2a4a7330b22788374B8Ff70BBa513C8D848cA", "TRUF", "truflation", "truf", NULL, 1709859719, NULL);
*
INSERT INTO assets(identifier, name, type) VALUES("eip155:42161/erc20:0xB59c8912c83157a955f9D715E556257F432C35D7", "Truflation", "C"); INSERT INTO evm_tokens(identifier, token_kind, chain, address, decimals, protocol) VALUES("eip155:42161/erc20:0xB59c8912c83157a955f9D715E556257F432C35D7", "A", 42161, "0xB59c8912c83157a955f9D715E556257F432C35D7", 18, NULL); INSERT INTO common_asset_details(identifier, symbol, coingecko, cryptocompare, forked, started, swapped_for) VALUES("eip155:42161/erc20:0xB59c8912c83157a955f9D715E556257F432C35D7", "TRUF", "truflation", "truf", NULL, 1711542422, NULL);
*
INSERT INTO assets(identifier, name, type) VALUES("eip155:137/erc20:0xE3f2b1B2229C0333Ad17D03F179b87500E7C5e01", "AETHER GAMES", "C"); INSERT INTO evm_tokens(identifier, token_kind, chain, address, decimals, protocol) VALUES("eip155:137/erc20:0xE3f2b1B2229C0333Ad17D03F179b87500E7C5e01", "A", 137, "0xE3f2b1B2229C0333Ad17D03F179b87500E7C5e01", 18, NULL); INSERT INTO common_asset_details(identifier, symbol, coingecko, cryptocompare, forked, started, swapped_for) VALUES("eip155:137/erc20:0xE3f2b1B2229C0333Ad17D03F179b87500E7C5e01", "AEG", "aether-games", "aeg", NULL, 1714043992, NULL);
*
INSERT INTO assets(identifier, name, type) VALUES("eip155:1/erc20:0xF0187b76be05C1FCAa24f39C0a3aAB4434099c4f", "Aether Games", "C"); INSERT INTO evm_tokens(identifier, token_kind, chain, address, decimals, protocol) VALUES("eip155:1/erc20:0xF0187b76be05C1FCAa24f39C0a3aAB4434099c4f", "A", 1, "0xF0187b76be05C1FCAa24f39C0a3aAB4434099c4f", 18, NULL); INSERT INTO common_asset_details(identifier, symbol, coingecko, cryptocompare, forked, started, swapped_for) VALUES("eip155:1/erc20:0xF0187b76be05C1FCAa24f39C0a3aAB4434099c4f", "AEG", "aether-games", "aeg", NULL, 1712771171, NULL);
*
INSERT INTO assets(identifier, name, type) VALUES("eip155:10/erc20:0x5C0Ea461FE5E6f3b4f90a071E72243C14C6abfd7", "Amulet", "C"); INSERT INTO evm_tokens(identifier, token_kind, chain, address, decimals, protocol) VALUES("eip155:10/erc20:0x5C0Ea461FE5E6f3b4f90a071E72243C14C6abfd7", "A", 10, "0x5C0Ea461FE5E6f3b4f90a071E72243C14C6abfd7", 9, NULL); INSERT INTO common_asset_details(identifier, symbol, coingecko, cryptocompare, forked, started, swapped_for) VALUES("eip155:10/erc20:0x5C0Ea461FE5E6f3b4f90a071E72243C14C6abfd7", "AMU", "amulet-protocol", "amu", NULL, 1713944119, NULL);
*
INSERT INTO assets(identifier, name, type) VALUES("eip155:1/erc20:0x174c47D6A4E548ED2B7d369dC0fFb2E60A6ac0F8", "Amulet", "C"); INSERT INTO evm_tokens(identifier, token_kind, chain, address, decimals, protocol) VALUES("eip155:1/erc20:0x174c47D6A4E548ED2B7d369dC0fFb2E60A6ac0F8", "A", 1, "0x174c47D6A4E548ED2B7d369dC0fFb2E60A6ac0F8", 9, NULL); INSERT INTO common_asset_details(identifier, symbol, coingecko, cryptocompare, forked, started, swapped_for) VALUES("eip155:1/erc20:0x174c47D6A4E548ED2B7d369dC0fFb2E60A6ac0F8", "AMU", "amulet-protocol", "amu", NULL, 1704983615, NULL);
*
INSERT INTO assets(identifier, name, type) VALUES("eip155:56/erc20:0xcf32c644fed4FeFF94017a10B2882Bf71eE740dD", "Brawl Token", "C"); INSERT INTO evm_tokens(identifier, token_kind, chain, address, decimals, protocol) VALUES("eip155:56/erc20:0xcf32c644fed4FeFF94017a10B2882Bf71eE740dD", "A", 56, "0xcf32c644fed4FeFF94017a10B2882Bf71eE740dD", 9, NULL); INSERT INTO common_asset_details(identifier, symbol, coingecko, cryptocompare, forked, started, swapped_for) VALUES("eip155:56/erc20:0xcf32c644fed4FeFF94017a10B2882Bf71eE740dD", "BRAWL", "bitbrawl", "", NULL, 1713868056, NULL);
*
INSERT INTO assets(identifier, name, type) VALUES("eip155:1/erc20:0x580194535e5b76edD1829cC8b62AC5d168bE4cDA", "Brawl Token", "C"); INSERT INTO evm_tokens(identifier, token_kind, chain, address, decimals, protocol) VALUES("eip155:1/erc20:0x580194535e5b76edD1829cC8b62AC5d168bE4cDA", "A", 1, "0x580194535e5b76edD1829cC8b62AC5d168bE4cDA", 9, NULL); INSERT INTO common_asset_details(identifier, symbol, coingecko, cryptocompare, forked, started, swapped_for) VALUES("eip155:1/erc20:0x580194535e5b76edD1829cC8b62AC5d168bE4cDA", "BRAWL", "bitbrawl", "", NULL, 1711454255, NULL);
*
INSERT INTO assets(identifier, name, type) VALUES("eip155:1/erc20:0x0921799CB1d702148131024d18fCdE022129Dc73", "LightLink", "C"); INSERT INTO evm_tokens(identifier, token_kind, chain, address, decimals, protocol) VALUES("eip155:1/erc20:0x0921799CB1d702148131024d18fCdE022129Dc73", "A", 1, "0x0921799CB1d702148131024d18fCdE022129Dc73", 18, NULL); INSERT INTO common_asset_details(identifier, symbol, coingecko, cryptocompare, forked, started, swapped_for) VALUES("eip155:1/erc20:0x0921799CB1d702148131024d18fCdE022129Dc73", "LL", "lightlink", "", NULL, 1708060619, NULL);
*
INSERT INTO assets(identifier, name, type) VALUES("eip155:1/erc20:0x7D8146cf21e8D7cbe46054e01588207b51198729", "BOB", "C"); INSERT INTO evm_tokens(identifier, token_kind, chain, address, decimals, protocol) VALUES("eip155:1/erc20:0x7D8146cf21e8D7cbe46054e01588207b51198729", "A", 1, "0x7D8146cf21e8D7cbe46054e01588207b51198729", 18, NULL); INSERT INTO common_asset_details(identifier, symbol, coingecko, cryptocompare, forked, started, swapped_for) VALUES("eip155:1/erc20:0x7D8146cf21e8D7cbe46054e01588207b51198729", "BOB", "bob-token", "", NULL, 1681938743, NULL);
*
INSERT INTO assets(identifier, name, type) VALUES("eip155:1/erc20:0x29d7139271398D0C2E22523fDA06e023DcB07F8f", "Klub Coin", "C"); INSERT INTO evm_tokens(identifier, token_kind, chain, address, decimals, protocol) VALUES("eip155:1/erc20:0x29d7139271398D0C2E22523fDA06e023DcB07F8f", "A", 1, "0x29d7139271398D0C2E22523fDA06e023DcB07F8f", 18, NULL); INSERT INTO common_asset_details(identifier, symbol, coingecko, cryptocompare, forked, started, swapped_for) VALUES("eip155:1/erc20:0x29d7139271398D0C2E22523fDA06e023DcB07F8f", "KLUB", "klubcoin", "klub", NULL, 1698326339, NULL);
*
INSERT INTO assets(identifier, name, type) VALUES("eip155:1/erc20:0x313CAe7aD4454AAc7B208C1F089dA2b0e5825e46", "RepubliK", "C"); INSERT INTO evm_tokens(identifier, token_kind, chain, address, decimals, protocol) VALUES("eip155:1/erc20:0x313CAe7aD4454AAc7B208C1F089dA2b0e5825e46", "A", 1, "0x313CAe7aD4454AAc7B208C1F089dA2b0e5825e46", 18, NULL); INSERT INTO common_asset_details(identifier, symbol, coingecko, cryptocompare, forked, started, swapped_for) VALUES("eip155:1/erc20:0x313CAe7aD4454AAc7B208C1F089dA2b0e5825e46", "RPK", "republik", "rpk", NULL, 1699523291, NULL);
*
INSERT INTO assets(identifier, name, type) VALUES("eip155:1/erc20:0x0F7B3F5a8FeD821c5eb60049538a548dB2D479ce", "AirTor Protocol", "C"); INSERT INTO evm_tokens(identifier, token_kind, chain, address, decimals, protocol) VALUES("eip155:1/erc20:0x0F7B3F5a8FeD821c5eb60049538a548dB2D479ce", "A", 1, "0x0F7B3F5a8FeD821c5eb60049538a548dB2D479ce", 18, NULL); INSERT INTO common_asset_details(identifier, symbol, coingecko, cryptocompare, forked, started, swapped_for) VALUES("eip155:1/erc20:0x0F7B3F5a8FeD821c5eb60049538a548dB2D479ce", "ATOR", "airtor-protocol", "ator", NULL, 1676659739, NULL);
*
INSERT INTO assets(identifier, name, type) VALUES("eip155:1/erc20:0xc9EB61FFb66d5815d643bBB8195e17C49687aE1E", "Morpheus Infrastructure Node", "C"); INSERT INTO evm_tokens(identifier, token_kind, chain, address, decimals, protocol) VALUES("eip155:1/erc20:0xc9EB61FFb66d5815d643bBB8195e17C49687aE1E", "A", 1, "0xc9EB61FFb66d5815d643bBB8195e17C49687aE1E", 18, NULL); INSERT INTO common_asset_details(identifier, symbol, coingecko, cryptocompare, forked, started, swapped_for) VALUES("eip155:1/erc20:0xc9EB61FFb66d5815d643bBB8195e17C49687aE1E", "MIND", "morpheus-labs", "mind", NULL, 1691751587, NULL);
*
INSERT INTO assets(identifier, name, type) VALUES("eip155:1/erc20:0xD2960D83C53085b5631F4D0be4916806e40Ef1f3", "OOFP", "C"); INSERT INTO evm_tokens(identifier, token_kind, chain, address, decimals, protocol) VALUES("eip155:1/erc20:0xD2960D83C53085b5631F4D0be4916806e40Ef1f3", "A", 1, "0xD2960D83C53085b5631F4D0be4916806e40Ef1f3", 18, NULL); INSERT INTO common_asset_details(identifier, symbol, coingecko, cryptocompare, forked, started, swapped_for) VALUES("eip155:1/erc20:0xD2960D83C53085b5631F4D0be4916806e40Ef1f3", "OOFP", "oofp", "", NULL, 1704186347, NULL);
*
INSERT INTO assets(identifier, name, type) VALUES("eip155:1/erc20:0xe7c3755482d0dA522678Af05945062d4427e0923", "ALEX", "C"); INSERT INTO evm_tokens(identifier, token_kind, chain, address, decimals, protocol) VALUES("eip155:1/erc20:0xe7c3755482d0dA522678Af05945062d4427e0923", "A", 1, "0xe7c3755482d0dA522678Af05945062d4427e0923", 18, NULL); INSERT INTO common_asset_details(identifier, symbol, coingecko, cryptocompare, forked, started, swapped_for) VALUES("eip155:1/erc20:0xe7c3755482d0dA522678Af05945062d4427e0923", "ALEX", "alexgo", "alex", NULL, 1710946703, NULL);
*
INSERT INTO assets(identifier, name, type) VALUES("eip155:1/erc20:0x1Fac00CceE478eCeD6A120a50Ed2Ab28EE7FE32b", "Bitune AI Platform Token", "C"); INSERT INTO evm_tokens(identifier, token_kind, chain, address, decimals, protocol) VALUES("eip155:1/erc20:0x1Fac00CceE478eCeD6A120a50Ed2Ab28EE7FE32b", "A", 1, "0x1Fac00CceE478eCeD6A120a50Ed2Ab28EE7FE32b", 18, NULL); INSERT INTO common_asset_details(identifier, symbol, coingecko, cryptocompare, forked, started, swapped_for) VALUES("eip155:1/erc20:0x1Fac00CceE478eCeD6A120a50Ed2Ab28EE7FE32b", "TUNE", "antimatter", "tune", NULL, 1703056247, NULL);
*
INSERT INTO assets(identifier, name, type) VALUES("eip155:1/erc20:0xeBDb54e76bfEC9aB4E06CCF6E484e4126F81BEFc", "HON Token", "C"); INSERT INTO evm_tokens(identifier, token_kind, chain, address, decimals, protocol) VALUES("eip155:1/erc20:0xeBDb54e76bfEC9aB4E06CCF6E484e4126F81BEFc", "A", 1, "0xeBDb54e76bfEC9aB4E06CCF6E484e4126F81BEFc", 18, NULL); INSERT INTO common_asset_details(identifier, symbol, coingecko, cryptocompare, forked, started, swapped_for) VALUES("eip155:1/erc20:0xeBDb54e76bfEC9aB4E06CCF6E484e4126F81BEFc", "HON", "soul-society", "hon", NULL, 1703571071, NULL);
*
INSERT INTO assets(identifier, name, type) VALUES("eip155:1/erc20:0xDb82c0d91E057E05600C8F8dc836bEb41da6df14", "Smart Layer Network Token", "C"); INSERT INTO evm_tokens(identifier, token_kind, chain, address, decimals, protocol) VALUES("eip155:1/erc20:0xDb82c0d91E057E05600C8F8dc836bEb41da6df14", "A", 1, "0xDb82c0d91E057E05600C8F8dc836bEb41da6df14", 18, NULL); INSERT INTO common_asset_details(identifier, symbol, coingecko, cryptocompare, forked, started, swapped_for) VALUES("eip155:1/erc20:0xDb82c0d91E057E05600C8F8dc836bEb41da6df14", "SLN", "smart-layer-network", "sln", NULL, 1705629887, NULL);
*
INSERT INTO assets(identifier, name, type) VALUES("eip155:1/erc20:0x9E9FbDE7C7a83c43913BddC8779158F1368F0413", "Pandora", "C"); INSERT INTO evm_tokens(identifier, token_kind, chain, address, decimals, protocol) VALUES("eip155:1/erc20:0x9E9FbDE7C7a83c43913BddC8779158F1368F0413", "A", 1, "0x9E9FbDE7C7a83c43913BddC8779158F1368F0413", 18, NULL); INSERT INTO common_asset_details(identifier, symbol, coingecko, cryptocompare, forked, started, swapped_for) VALUES("eip155:1/erc20:0x9E9FbDE7C7a83c43913BddC8779158F1368F0413", "PANDORA", "pandora", "pandora", NULL, 1706866127, NULL);
*
INSERT INTO assets(identifier, name, type) VALUES("eip155:1/erc20:0xD979c468a68062e7bdff4Ba6DF7842DfD3492E0f", "beoble", "C"); INSERT INTO evm_tokens(identifier, token_kind, chain, address, decimals, protocol) VALUES("eip155:1/erc20:0xD979c468a68062e7bdff4Ba6DF7842DfD3492E0f", "A", 1, "0xD979c468a68062e7bdff4Ba6DF7842DfD3492E0f", 18, NULL); INSERT INTO common_asset_details(identifier, symbol, coingecko, cryptocompare, forked, started, swapped_for) VALUES("eip155:1/erc20:0xD979c468a68062e7bdff4Ba6DF7842DfD3492E0f", "BBL", "beoble", "bbl", NULL, 1706848799, NULL);
*
INSERT INTO assets(identifier, name, type) VALUES("eip155:1/erc20:0x15e6E0D4ebeAC120F9a97e71FaA6a0235b85ED12", "SatoshiVM", "C"); INSERT INTO evm_tokens(identifier, token_kind, chain, address, decimals, protocol) VALUES("eip155:1/erc20:0x15e6E0D4ebeAC120F9a97e71FaA6a0235b85ED12", "A", 1, "0x15e6E0D4ebeAC120F9a97e71FaA6a0235b85ED12", 18, NULL); INSERT INTO common_asset_details(identifier, symbol, coingecko, cryptocompare, forked, started, swapped_for) VALUES("eip155:1/erc20:0x15e6E0D4ebeAC120F9a97e71FaA6a0235b85ED12", "SAVM", "satoshivm", "savm", NULL, 1704979847, NULL);
*
INSERT INTO assets(identifier, name, type) VALUES("eip155:1/erc20:0xb2606492712D311be8f41d940AFE8CE742A52D44", "zkLend Token", "C"); INSERT INTO evm_tokens(identifier, token_kind, chain, address, decimals, protocol) VALUES("eip155:1/erc20:0xb2606492712D311be8f41d940AFE8CE742A52D44", "A", 1, "0xb2606492712D311be8f41d940AFE8CE742A52D44", 18, NULL); INSERT INTO common_asset_details(identifier, symbol, coingecko, cryptocompare, forked, started, swapped_for) VALUES("eip155:1/erc20:0xb2606492712D311be8f41d940AFE8CE742A52D44", "ZEND", "zklend-2", "", NULL, 1699950167, NULL);
*
INSERT INTO assets(identifier, name, type) VALUES("eip155:1/erc20:0x87C22DB324b8b0637C8f09d2670aE7777651dBb8", "ISME Token", "C"); INSERT INTO evm_tokens(identifier, token_kind, chain, address, decimals, protocol) VALUES("eip155:1/erc20:0x87C22DB324b8b0637C8f09d2670aE7777651dBb8", "A", 1, "0x87C22DB324b8b0637C8f09d2670aE7777651dBb8", 18, NULL); INSERT INTO common_asset_details(identifier, symbol, coingecko, cryptocompare, forked, started, swapped_for) VALUES("eip155:1/erc20:0x87C22DB324b8b0637C8f09d2670aE7777651dBb8", "ISME", "root-protocol", "", NULL, 1705809707, NULL);
*
INSERT INTO assets(identifier, name, type) VALUES("eip155:1/erc20:0x12652C6d93FDB6F4f37d48A8687783C782BB0d10", "Entangle", "C"); INSERT INTO evm_tokens(identifier, token_kind, chain, address, decimals, protocol) VALUES("eip155:1/erc20:0x12652C6d93FDB6F4f37d48A8687783C782BB0d10", "A", 1, "0x12652C6d93FDB6F4f37d48A8687783C782BB0d10", 18, NULL); INSERT INTO common_asset_details(identifier, symbol, coingecko, cryptocompare, forked, started, swapped_for) VALUES("eip155:1/erc20:0x12652C6d93FDB6F4f37d48A8687783C782BB0d10", "NGL", "entangle", "", NULL, 1709846639, NULL);
*
INSERT INTO assets(identifier, name, type) VALUES("eip155:1/erc20:0xC71B5F631354BE6853eFe9C3Ab6b9590F8302e81", "Polyhedra Network", "C"); INSERT INTO evm_tokens(identifier, token_kind, chain, address, decimals, protocol) VALUES("eip155:1/erc20:0xC71B5F631354BE6853eFe9C3Ab6b9590F8302e81", "A", 1, "0xC71B5F631354BE6853eFe9C3Ab6b9590F8302e81", 18, NULL); INSERT INTO common_asset_details(identifier, symbol, coingecko, cryptocompare, forked, started, swapped_for) VALUES("eip155:1/erc20:0xC71B5F631354BE6853eFe9C3Ab6b9590F8302e81", "ZK", "polyhedra-network", "zk", NULL, 1710064979, NULL);
*
INSERT INTO assets(identifier, name, type) VALUES("eip155:1/erc20:0x8b9b95292f890DF47fFf5aC9Cbe93d5fC242bd51", "Befi Labs", "C"); INSERT INTO evm_tokens(identifier, token_kind, chain, address, decimals, protocol) VALUES("eip155:1/erc20:0x8b9b95292f890DF47fFf5aC9Cbe93d5fC242bd51", "A", 1, "0x8b9b95292f890DF47fFf5aC9Cbe93d5fC242bd51", 18, NULL); INSERT INTO common_asset_details(identifier, symbol, coingecko, cryptocompare, forked, started, swapped_for) VALUES("eip155:1/erc20:0x8b9b95292f890DF47fFf5aC9Cbe93d5fC242bd51", "BEFI", "befi-labs", "befi", NULL, 1710414911, NULL);
*
INSERT INTO assets(identifier, name, type) VALUES("eip155:1/erc20:0x46F84DC6564Cdd93922F7BFb88B03D35308D87C9", "Wrapped VENOM", "C"); INSERT INTO evm_tokens(identifier, token_kind, chain, address, decimals, protocol) VALUES("eip155:1/erc20:0x46F84DC6564Cdd93922F7BFb88B03D35308D87C9", "A", 1, "0x46F84DC6564Cdd93922F7BFb88B03D35308D87C9", 9, NULL); INSERT INTO common_asset_details(identifier, symbol, coingecko, cryptocompare, forked, started, swapped_for) VALUES("eip155:1/erc20:0x46F84DC6564Cdd93922F7BFb88B03D35308D87C9", "WVENOM", "venom", "venom", NULL, 1710194543, NULL);
*
INSERT INTO assets(identifier, name, type) VALUES("eip155:1/erc20:0x908dDb096BFb3AcB19e2280aAD858186ea4935C4", "eesee", "C"); INSERT INTO evm_tokens(identifier, token_kind, chain, address, decimals, protocol) VALUES("eip155:1/erc20:0x908dDb096BFb3AcB19e2280aAD858186ea4935C4", "A", 1, "0x908dDb096BFb3AcB19e2280aAD858186ea4935C4", 18, NULL); INSERT INTO common_asset_details(identifier, symbol, coingecko, cryptocompare, forked, started, swapped_for) VALUES("eip155:1/erc20:0x908dDb096BFb3AcB19e2280aAD858186ea4935C4", "ESE", "eesee", "", NULL, 1712168315, NULL);
*
INSERT INTO assets(identifier, name, type) VALUES("eip155:1/erc20:0xe635EFcfAc44C5f44508f4d17c3a96CB4Ce421dD", "Defispot", "C"); INSERT INTO evm_tokens(identifier, token_kind, chain, address, decimals, protocol) VALUES("eip155:1/erc20:0xe635EFcfAc44C5f44508f4d17c3a96CB4Ce421dD", "A", 1, "0xe635EFcfAc44C5f44508f4d17c3a96CB4Ce421dD", 18, NULL); INSERT INTO common_asset_details(identifier, symbol, coingecko, cryptocompare, forked, started, swapped_for) VALUES("eip155:1/erc20:0xe635EFcfAc44C5f44508f4d17c3a96CB4Ce421dD", "SPOT", "defispot", "", NULL, 1712371343, NULL);
*
INSERT INTO assets(identifier, name, type) VALUES("eip155:1/erc20:0x017073b9bAe99d2AFbB6D7e30D464f993ae9C741", "Hourglass Protocol", "C"); INSERT INTO evm_tokens(identifier, token_kind, chain, address, decimals, protocol) VALUES("eip155:1/erc20:0x017073b9bAe99d2AFbB6D7e30D464f993ae9C741", "A", 1, "0x017073b9bAe99d2AFbB6D7e30D464f993ae9C741", 18, NULL); INSERT INTO common_asset_details(identifier, symbol, coingecko, cryptocompare, forked, started, swapped_for) VALUES("eip155:1/erc20:0x017073b9bAe99d2AFbB6D7e30D464f993ae9C741", "HGP", "", "", NULL, 1708167935, NULL);
*
INSERT INTO assets(identifier, name, type) VALUES("eip155:56/erc20:0xc27A719105A987b4c34116223CAE8bd8F4B5def4", "ACEToken", "C"); INSERT INTO evm_tokens(identifier, token_kind, chain, address, decimals, protocol) VALUES("eip155:56/erc20:0xc27A719105A987b4c34116223CAE8bd8F4B5def4", "A", 56, "0xc27A719105A987b4c34116223CAE8bd8F4B5def4", 18, NULL); INSERT INTO common_asset_details(identifier, symbol, coingecko, cryptocompare, forked, started, swapped_for) VALUES("eip155:56/erc20:0xc27A719105A987b4c34116223CAE8bd8F4B5def4", "ACE", "endurance", "ace", NULL, 1713979699, NULL);
*
INSERT INTO assets(identifier, name, type) VALUES("eip155:56/erc20:0x8899eC96ed8C96b5C86C23c3f069c3dEf75b6d97", "Openfabric", "C"); INSERT INTO evm_tokens(identifier, token_kind, chain, address, decimals, protocol) VALUES("eip155:56/erc20:0x8899eC96ed8C96b5C86C23c3f069c3dEf75b6d97", "A", 56, "0x8899eC96ed8C96b5C86C23c3f069c3dEf75b6d97", 18, NULL); INSERT INTO common_asset_details(identifier, symbol, coingecko, cryptocompare, forked, started, swapped_for) VALUES("eip155:56/erc20:0x8899eC96ed8C96b5C86C23c3f069c3dEf75b6d97", "OFN", "openfabric", "ofn", NULL, 1713979699, NULL);
*
INSERT INTO assets(identifier, name, type) VALUES("eip155:56/erc20:0x21665851D13f3B5622b178B00aB1ba6Ec43cFc06", "Atem Network", "C"); INSERT INTO evm_tokens(identifier, token_kind, chain, address, decimals, protocol) VALUES("eip155:56/erc20:0x21665851D13f3B5622b178B00aB1ba6Ec43cFc06", "A", 56, "0x21665851D13f3B5622b178B00aB1ba6Ec43cFc06", 18, NULL); INSERT INTO common_asset_details(identifier, symbol, coingecko, cryptocompare, forked, started, swapped_for) VALUES("eip155:56/erc20:0x21665851D13f3B5622b178B00aB1ba6Ec43cFc06", "ATEM", "atem-network", "atem", NULL, 1713979096, NULL);
*
INSERT INTO assets(identifier, name, type) VALUES("eip155:56/erc20:0x8888888837F84a7A82668E0320AC454f5945d0b9", "Work X Token", "C"); INSERT INTO evm_tokens(identifier, token_kind, chain, address, decimals, protocol) VALUES("eip155:56/erc20:0x8888888837F84a7A82668E0320AC454f5945d0b9", "A", 56, "0x8888888837F84a7A82668E0320AC454f5945d0b9", 18, NULL); INSERT INTO common_asset_details(identifier, symbol, coingecko, cryptocompare, forked, started, swapped_for) VALUES("eip155:56/erc20:0x8888888837F84a7A82668E0320AC454f5945d0b9", "WORK", "work-x", "work", NULL, 1713979450, NULL);
*
INSERT INTO assets(identifier, name, type) VALUES("eip155:56/erc20:0xA856098dCBc1b2B3a9C96C35c32bC4f71E49AEd2", "FinceptorToken", "C"); INSERT INTO evm_tokens(identifier, token_kind, chain, address, decimals, protocol) VALUES("eip155:56/erc20:0xA856098dCBc1b2B3a9C96C35c32bC4f71E49AEd2", "A", 56, "0xA856098dCBc1b2B3a9C96C35c32bC4f71E49AEd2", 18, NULL); INSERT INTO common_asset_details(identifier, symbol, coingecko, cryptocompare, forked, started, swapped_for) VALUES("eip155:56/erc20:0xA856098dCBc1b2B3a9C96C35c32bC4f71E49AEd2", "FINC", "finceptor-token", "finc", NULL, 1713979144, NULL);
*
INSERT INTO assets(identifier, name, type) VALUES("eip155:56/erc20:0x0669538FcdeF9A73CD37938eBa8c79E652BB93AA", "SCPT - Script Network", "C"); INSERT INTO evm_tokens(identifier, token_kind, chain, address, decimals, protocol) VALUES("eip155:56/erc20:0x0669538FcdeF9A73CD37938eBa8c79E652BB93AA", "A", 56, "0x0669538FcdeF9A73CD37938eBa8c79E652BB93AA", 18, NULL); INSERT INTO common_asset_details(identifier, symbol, coingecko, cryptocompare, forked, started, swapped_for) VALUES("eip155:56/erc20:0x0669538FcdeF9A73CD37938eBa8c79E652BB93AA", "SCPT", "script-network", "scpt", NULL, 1713978697, NULL);
*
INSERT INTO assets(identifier, name, type) VALUES("eip155:56/erc20:0x555296de6A86E72752e5C5DC091FE49713Aa145C", "Grape coin", "C"); INSERT INTO evm_tokens(identifier, token_kind, chain, address, decimals, protocol) VALUES("eip155:56/erc20:0x555296de6A86E72752e5C5DC091FE49713Aa145C", "A", 56, "0x555296de6A86E72752e5C5DC091FE49713Aa145C", 18, NULL); INSERT INTO common_asset_details(identifier, symbol, coingecko, cryptocompare, forked, started, swapped_for) VALUES("eip155:56/erc20:0x555296de6A86E72752e5C5DC091FE49713Aa145C", "GRAPE", "the-grapes-grape-coin", "", NULL, 1713977740, NULL);
*
INSERT INTO assets(identifier, name, type) VALUES("eip155:56/erc20:0x0733618Ab62eEEC815f2d1739b7a50bF9E74d8a2", "Pomerium Ecosystem Token", "C"); INSERT INTO evm_tokens(identifier, token_kind, chain, address, decimals, protocol) VALUES("eip155:56/erc20:0x0733618Ab62eEEC815f2d1739b7a50bF9E74d8a2", "A", 56, "0x0733618Ab62eEEC815f2d1739b7a50bF9E74d8a2", 18, NULL); INSERT INTO common_asset_details(identifier, symbol, coingecko, cryptocompare, forked, started, swapped_for) VALUES("eip155:56/erc20:0x0733618Ab62eEEC815f2d1739b7a50bF9E74d8a2", "PMG", "pomerium-ecosystem", "pmg", NULL, 1713976072, NULL);
*
INSERT INTO assets(identifier, name, type) VALUES("eip155:56/erc20:0xD69ee2e508363FEd57f89917D5ca03e715ee5519", "CHAT", "C"); INSERT INTO evm_tokens(identifier, token_kind, chain, address, decimals, protocol) VALUES("eip155:56/erc20:0xD69ee2e508363FEd57f89917D5ca03e715ee5519", "A", 56, "0xD69ee2e508363FEd57f89917D5ca03e715ee5519", 18, NULL); INSERT INTO common_asset_details(identifier, symbol, coingecko, cryptocompare, forked, started, swapped_for) VALUES("eip155:56/erc20:0xD69ee2e508363FEd57f89917D5ca03e715ee5519", "DECHAT", "dechat", "dechat", NULL, 1713978685, NULL);
*
INSERT INTO assets(identifier, name, type) VALUES("eip155:56/erc20:0x2D060Ef4d6BF7f9e5edDe373Ab735513c0e4F944", "AITECH", "C"); INSERT INTO evm_tokens(identifier, token_kind, chain, address, decimals, protocol) VALUES("eip155:56/erc20:0x2D060Ef4d6BF7f9e5edDe373Ab735513c0e4F944", "A", 56, "0x2D060Ef4d6BF7f9e5edDe373Ab735513c0e4F944", 18, NULL); INSERT INTO common_asset_details(identifier, symbol, coingecko, cryptocompare, forked, started, swapped_for) VALUES("eip155:56/erc20:0x2D060Ef4d6BF7f9e5edDe373Ab735513c0e4F944", "AITECH", "solidus-aitech", "aitech", NULL, 1713979786, NULL);
*
INSERT INTO assets(identifier, name, type) VALUES("eip155:56/erc20:0x998305efDC264b9674178899FFfBb44a47134a76", "Gaimin Token", "C"); INSERT INTO evm_tokens(identifier, token_kind, chain, address, decimals, protocol) VALUES("eip155:56/erc20:0x998305efDC264b9674178899FFfBb44a47134a76", "A", 56, "0x998305efDC264b9674178899FFfBb44a47134a76", 18, NULL); INSERT INTO common_asset_details(identifier, symbol, coingecko, cryptocompare, forked, started, swapped_for) VALUES("eip155:56/erc20:0x998305efDC264b9674178899FFfBb44a47134a76", "GMRX", "gaimin", "gmrx", NULL, 1713979666, NULL);
*
INSERT INTO assets(identifier, name, type) VALUES("eip155:56/erc20:0x716f352A223dfD53b1145424Bbd166B61Db46114", "HIP", "C"); INSERT INTO evm_tokens(identifier, token_kind, chain, address, decimals, protocol) VALUES("eip155:56/erc20:0x716f352A223dfD53b1145424Bbd166B61Db46114", "A", 56, "0x716f352A223dfD53b1145424Bbd166B61Db46114", 18, NULL); INSERT INTO common_asset_details(identifier, symbol, coingecko, cryptocompare, forked, started, swapped_for) VALUES("eip155:56/erc20:0x716f352A223dfD53b1145424Bbd166B61Db46114", "Gameta", "", "", NULL, 1713958944, NULL);
*
INSERT INTO assets(identifier, name, type) VALUES("eip155:56/erc20:0x9D1d4dE9cD93203147fAc3BC0262a78e3a0e96bb", "Playbux", "C"); INSERT INTO evm_tokens(identifier, token_kind, chain, address, decimals, protocol) VALUES("eip155:56/erc20:0x9D1d4dE9cD93203147fAc3BC0262a78e3a0e96bb", "A", 56, "0x9D1d4dE9cD93203147fAc3BC0262a78e3a0e96bb", 18, NULL); INSERT INTO common_asset_details(identifier, symbol, coingecko, cryptocompare, forked, started, swapped_for) VALUES("eip155:56/erc20:0x9D1d4dE9cD93203147fAc3BC0262a78e3a0e96bb", "PBUX", "playbux", "", NULL, 1713979813, NULL);
*
INSERT INTO assets(identifier, name, type) VALUES("eip155:42161/erc20:0xb0eCc6ac0073c063DCFC026cCdC9039Cae2998E1", "Account Abstraction Incentive", "C"); INSERT INTO evm_tokens(identifier, token_kind, chain, address, decimals, protocol) VALUES("eip155:42161/erc20:0xb0eCc6ac0073c063DCFC026cCdC9039Cae2998E1", "A", 42161, "0xb0eCc6ac0073c063DCFC026cCdC9039Cae2998E1", 18, NULL); INSERT INTO common_asset_details(identifier, symbol, coingecko, cryptocompare, forked, started, swapped_for) VALUES("eip155:42161/erc20:0xb0eCc6ac0073c063DCFC026cCdC9039Cae2998E1", "AA", "a3s", "", NULL, 1684560670, NULL);
*
INSERT INTO assets(identifier, name, type) VALUES("eip155:42161/erc20:0x619C82392cb6E41778b7d088860Fea8447941f4c", "Army Of Fortune Gem", "C"); INSERT INTO evm_tokens(identifier, token_kind, chain, address, decimals, protocol) VALUES("eip155:42161/erc20:0x619C82392cb6E41778b7d088860Fea8447941f4c", "A", 42161, "0x619C82392cb6E41778b7d088860Fea8447941f4c", 18, NULL); INSERT INTO common_asset_details(identifier, symbol, coingecko, cryptocompare, forked, started, swapped_for) VALUES("eip155:42161/erc20:0x619C82392cb6E41778b7d088860Fea8447941f4c", "AFG", "army-of-fortune-gem", "afg", NULL, 1705389199, NULL);
*
INSERT INTO assets(identifier, name, type) VALUES("eip155:43114/erc20:0x420FcA0121DC28039145009570975747295f2329", "Coq Inu", "C"); INSERT INTO evm_tokens(identifier, token_kind, chain, address, decimals, protocol) VALUES("eip155:43114/erc20:0x420FcA0121DC28039145009570975747295f2329", "A", 43114, "0x420FcA0121DC28039145009570975747295f2329", 18, NULL); INSERT INTO common_asset_details(identifier, symbol, coingecko, cryptocompare, forked, started, swapped_for) VALUES("eip155:43114/erc20:0x420FcA0121DC28039145009570975747295f2329", "COQ", "coq-inu", "coq", NULL, 1701954847, NULL);
*
INSERT INTO assets(identifier, name, type) VALUES("IRL", "Rebase GG IRL", "Y"); INSERT INTO common_asset_details(identifier, symbol, coingecko, cryptocompare, forked, started, swapped_for) VALUES("IRL", "IRL", "rebase-gg-irl", "", NULL, 1702944000, NULL);
*
INSERT INTO assets(identifier, name, type) VALUES("SILLY", "Silly Dragon", "Y"); INSERT INTO common_asset_details(identifier, symbol, coingecko, cryptocompare, forked, started, swapped_for) VALUES("SILLY", "SILLY", "silly-dragon", "silly", NULL, 1702771200, NULL);
*
INSERT INTO assets(identifier, name, type) VALUES("NEON", "Neon", "Y"); INSERT INTO common_asset_details(identifier, symbol, coingecko, cryptocompare, forked, started, swapped_for) VALUES("NEON", "NEON", "neon", "neon", NULL, 1689638400, NULL);
*
INSERT INTO assets(identifier, name, type) VALUES("AMU", "Amulet Protocol", "Y"); INSERT INTO common_asset_details(identifier, symbol, coingecko, cryptocompare, forked, started, swapped_for) VALUES("AMU", "AMU", "amulet-protocol", "amu", NULL, 1705968000, NULL);
*
INSERT INTO assets(identifier, name, type) VALUES("WEN", "Wen", "Y"); INSERT INTO common_asset_details(identifier, symbol, coingecko, cryptocompare, forked, started, swapped_for) VALUES("WEN", "WEN", "wen-4", "wen", NULL, 1706284820, NULL);
*
INSERT INTO assets(identifier, name, type) VALUES("BRAWL", "BitBrawl", "Y"); INSERT INTO common_asset_details(identifier, symbol, coingecko, cryptocompare, forked, started, swapped_for) VALUES("BRAWL", "BRAWL", "bitbrawl", "", NULL, 1711944416, NULL);
*
INSERT INTO assets(identifier, name, type) VALUES("SMOLE", "smolecoin", "Y"); INSERT INTO common_asset_details(identifier, symbol, coingecko, cryptocompare, forked, started, swapped_for) VALUES("SMOLE", "SMOLE", "smolecoin", "smole", NULL, 1711008378, NULL);
*
INSERT INTO assets(identifier, name, type) VALUES("MEW", "cat in a dogs world", "Y"); INSERT INTO common_asset_details(identifier, symbol, coingecko, cryptocompare, forked, started, swapped_for) VALUES("MEW", "MEW", "cat-in-a-dogs-world", "mew", NULL, 1711443944, NULL);
*
INSERT INTO assets(identifier, name, type) VALUES("PRCL", "Parcl", "Y"); INSERT INTO common_asset_details(identifier, symbol, coingecko, cryptocompare, forked, started, swapped_for) VALUES("PRCL", "PRCL", "parcl", "prcl", NULL, 1713276012, NULL);
*
INSERT INTO assets(identifier, name, type) VALUES("ZBCN", "Zebec Network", "Y"); INSERT INTO common_asset_details(identifier, symbol, coingecko, cryptocompare, forked, started, swapped_for) VALUES("ZBCN", "ZBCN", "zebec-network", "", NULL, 1713172009, NULL);
*
INSERT INTO assets(identifier, name, type) VALUES("NIBI", "Nibiru", "B"); INSERT INTO common_asset_details(identifier, symbol, coingecko, cryptocompare, forked, started, swapped_for) VALUES("NIBI", "NIBI", "nibiru", "nibi", NULL, 1710237610, NULL);
*
INSERT INTO assets(identifier, name, type) VALUES("MPC", "Partisia Blockchain", "B"); INSERT INTO common_asset_details(identifier, symbol, coingecko, cryptocompare, forked, started, swapped_for) VALUES("MPC", "MPC", "partisia-blockchain", "", NULL, 1710842966, NULL);
*
INSERT INTO assets(identifier, name, type) VALUES("MERL", "Merlin Chain", "B"); INSERT INTO common_asset_details(identifier, symbol, coingecko, cryptocompare, forked, started, swapped_for) VALUES("MERL", "MERL", "merlin-chain", "", NULL, 1713524586, NULL);
*
INSERT INTO assets(identifier, name, type) VALUES("LL", "LightLink", "B"); INSERT INTO common_asset_details(identifier, symbol, coingecko, cryptocompare, forked, started, swapped_for) VALUES("LL", "LL", "lightlink", "", NULL, 1713949771, NULL);
*
INSERT INTO assets(identifier, name, type) VALUES("HTX", "HTX DAO", "P"); INSERT INTO common_asset_details(identifier, symbol, coingecko, cryptocompare, forked, started, swapped_for) VALUES("HTX", "HTX", "htx-dao", "htx", NULL, 1698810330, NULL);
*
INSERT INTO assets(identifier, name, type) VALUES("FOXY", "Foxy", "W"); INSERT INTO common_asset_details(identifier, symbol, coingecko, cryptocompare, forked, started, swapped_for) VALUES("FOXY", "FOXY", "foxy", "", NULL, 1712923362, NULL);
*
INSERT INTO assets(identifier, name, type) VALUES("RATS", "Rats", "W"); INSERT INTO common_asset_details(identifier, symbol, coingecko, cryptocompare, forked, started, swapped_for) VALUES("RATS", "RATS", "rats", "rats", NULL, 1678468314, NULL);
*
INSERT INTO assets(identifier, name, type) VALUES("BIIS", "Biis", "W"); INSERT INTO common_asset_details(identifier, symbol, coingecko, cryptocompare, forked, started, swapped_for) VALUES("BIIS", "BIIS", "biis-ordinals", "biis", NULL, 1723315667, NULL);
*
INSERT INTO assets(identifier, name, type) VALUES("ROUP", "Roup", "W"); INSERT INTO common_asset_details(identifier, symbol, coingecko, cryptocompare, forked, started, swapped_for) VALUES("ROUP", "ROUP", "roup", "roup", NULL, 1691765284, NULL);
*
INSERT INTO assets(identifier, name, type) VALUES("ZKF", "ZKFair", "W"); INSERT INTO common_asset_details(identifier, symbol, coingecko, cryptocompare, forked, started, swapped_for) VALUES("ZKF", "ZKF", "zkfair", "zkf", NULL, 1704412800, NULL);
*
INSERT INTO assets(identifier, name, type) VALUES("BIDP", "BID Protocol", "W"); INSERT INTO common_asset_details(identifier, symbol, coingecko, cryptocompare, forked, started, swapped_for) VALUES("BIDP", "BIDP", "bid-protocol", "bidp", NULL, 1740828762, NULL);
*
INSERT INTO assets(identifier, name, type) VALUES("ETGM", "ETGM", "W"); INSERT INTO common_asset_details(identifier, symbol, coingecko, cryptocompare, forked, started, swapped_for) VALUES("ETGM", "ETGM", "etgm-ordinals", "etgm", NULL, 1720791717, NULL);
*
INSERT INTO assets(identifier, name, type) VALUES("STAMP", "STAMP", "W"); INSERT INTO common_asset_details(identifier, symbol, coingecko, cryptocompare, forked, started, swapped_for) VALUES("STAMP", "STAMP", "stamp-2", "", NULL, 1709528594, NULL);
*
INSERT INTO assets(identifier, name, type) VALUES("UTXO", "UTXO", "W"); INSERT INTO common_asset_details(identifier, symbol, coingecko, cryptocompare, forked, started, swapped_for) VALUES("UTXO", "UTXO", "utxo", "", NULL, 1710702030, NULL);
*
INSERT INTO assets(identifier, name, type) VALUES("ISSP", "ISSP", "W"); INSERT INTO common_asset_details(identifier, symbol, coingecko, cryptocompare, forked, started, swapped_for) VALUES("ISSP", "ISSP", "issp", "issp", NULL, 1705536000, NULL);
*
INSERT INTO assets(identifier, name, type) VALUES("TADA", "Ta-da", "W"); INSERT INTO common_asset_details(identifier, symbol, coingecko, cryptocompare, forked, started, swapped_for) VALUES("TADA", "TADA", "ta-da", "", NULL, 1708012908, NULL);
*
INSERT INTO assets(identifier, name, type) VALUES("VOYA", "VOYA", "W"); INSERT INTO common_asset_details(identifier, symbol, coingecko, cryptocompare, forked, started, swapped_for) VALUES("VOYA", "VOYA", "merlin-chain-bridged-voya-merlin", "", NULL, 1708671723, NULL);
*
INSERT INTO assets(identifier, name, type) VALUES("SCA", "Scallop", "W"); INSERT INTO common_asset_details(identifier, symbol, coingecko, cryptocompare, forked, started, swapped_for) VALUES("SCA", "SCA", "scallop-2", "", NULL, 1709895691, NULL);
*
INSERT INTO assets(identifier, name, type) VALUES("eip155:10/erc20:0xf467C7d5a4A9C4687fFc7986aC6aD5A4c81E1404", "Protocol Token", "C"); INSERT INTO evm_tokens(identifier, token_kind, chain, address, decimals, protocol) VALUES("eip155:10/erc20:0xf467C7d5a4A9C4687fFc7986aC6aD5A4c81E1404", "A", 10, "0xf467C7d5a4A9C4687fFc7986aC6aD5A4c81E1404", 18, NULL); INSERT INTO common_asset_details(identifier, symbol, coingecko, cryptocompare, forked, started, swapped_for) VALUES("eip155:10/erc20:0xf467C7d5a4A9C4687fFc7986aC6aD5A4c81E1404", "KITE", "kite", "", NULL, 1714051109, NULL);
*
INSERT INTO assets(identifier, name, type) VALUES("BIF", "bonkwifhat", "Y"); INSERT INTO common_asset_details(identifier, symbol, coingecko, cryptocompare, forked, started, swapped_for) VALUES("BIF", "BIF", "bonkwifhat", "", NULL, 1709636411, NULL);
*
INSERT INTO assets(identifier, name, type) VALUES("BODEN", "Jeo Boden", "Y"); INSERT INTO common_asset_details(identifier, symbol, coingecko, cryptocompare, forked, started, swapped_for) VALUES("BODEN", "BODEN", "jeo-boden", "BODEN", NULL, 1709978528, NULL);
*
INSERT INTO assets(identifier, name, type) VALUES("WZRD", "Bitcoin Wizards", "W"); INSERT INTO common_asset_details(identifier, symbol, coingecko, cryptocompare, forked, started, swapped_for) VALUES("WZRD", "WZRD", "bitcoin-wizards", "", NULL, 1702425600, NULL);
*
INSERT INTO assets(identifier, name, type) VALUES("WYNN", "Anita Max Wynn", "Y"); INSERT INTO common_asset_details(identifier, symbol, coingecko, cryptocompare, forked, started, swapped_for) VALUES("WYNN", "WYNN", "anita-max-wynn", "WYNN", NULL, 1704585600, NULL);
*
INSERT INTO assets(identifier, name, type) VALUES("WHALES", "Whales Market", "Y"); INSERT INTO common_asset_details(identifier, symbol, coingecko, cryptocompare, forked, started, swapped_for) VALUES("WHALES", "WHALES", "whales-market", "WHALES", NULL, 1704672000, NULL);
*
INSERT INTO assets(identifier, name, type) VALUES("ANDY", "Andy on SOL", "Y"); INSERT INTO common_asset_details(identifier, symbol, coingecko, cryptocompare, forked, started, swapped_for) VALUES("ANDY", "ANDY", "andy-on-sol", "", NULL, 1710097296, NULL);
*
INSERT INTO assets(identifier, name, type) VALUES("BOZO", "bozo Hybrid", "Y"); INSERT INTO common_asset_details(identifier, symbol, coingecko, cryptocompare, forked, started, swapped_for) VALUES("BOZO", "BOZO", "bozo-hybrid", "", NULL, 1705363200, NULL);
*
INSERT INTO assets(identifier, name, type) VALUES("CATGPT", "CatGPT", "Y"); INSERT INTO common_asset_details(identifier, symbol, coingecko, cryptocompare, forked, started, swapped_for) VALUES("CATGPT", "CATGPT", "catgpt", "", NULL, 1714096878, NULL);
*
INSERT INTO assets(identifier, name, type) VALUES("SBF", "Sam Bankmeme Fried", "Y"); INSERT INTO common_asset_details(identifier, symbol, coingecko, cryptocompare, forked, started, swapped_for) VALUES("SBF", "SBF", "sam-bankmeme-fried", "", NULL, 1710165768, NULL);
*
INSERT INTO assets(identifier, name, type) VALUES("SPOODY", "Spodermen", "Y"); INSERT INTO common_asset_details(identifier, symbol, coingecko, cryptocompare, forked, started, swapped_for) VALUES("SPOODY", "SPOODY", "spodermen", "", NULL, 1706227200, NULL);
*
INSERT INTO assets(identifier, name, type) VALUES("eip155:1/erc20:0xC5842df170b8C8D09EB851A8D5DB3dfa00669E3F", "Xero AI", "C"); INSERT INTO evm_tokens(identifier, token_kind, chain, address, decimals, protocol) VALUES("eip155:1/erc20:0xC5842df170b8C8D09EB851A8D5DB3dfa00669E3F", "A", 1, "0xC5842df170b8C8D09EB851A8D5DB3dfa00669E3F", 9, NULL); INSERT INTO common_asset_details(identifier, symbol, coingecko, cryptocompare, forked, started, swapped_for) VALUES("eip155:1/erc20:0xC5842df170b8C8D09EB851A8D5DB3dfa00669E3F", "XEROAI", "xero-ai", "", NULL, 1711574855, NULL);
*
INSERT INTO assets(identifier, name, type) VALUES("eip155:1/erc20:0x77E06c9eCCf2E797fd462A92B6D7642EF85b0A44", "Wrapped TAO", "C"); INSERT INTO evm_tokens(identifier, token_kind, chain, address, decimals, protocol) VALUES("eip155:1/erc20:0x77E06c9eCCf2E797fd462A92B6D7642EF85b0A44", "A", 1, "0x77E06c9eCCf2E797fd462A92B6D7642EF85b0A44", 9, NULL); INSERT INTO common_asset_details(identifier, symbol, coingecko, cryptocompare, forked, started, swapped_for) VALUES("eip155:1/erc20:0x77E06c9eCCf2E797fd462A92B6D7642EF85b0A44", "wTAO", "wrapped-tao", "WTAO", NULL, 1675105331, NULL);
*
INSERT INTO assets(identifier, name, type) VALUES("eip155:1/erc20:0xCd5fE23C85820F7B72D0926FC9b05b43E359b7ee", "Wrapped eETH", "C"); INSERT INTO evm_tokens(identifier, token_kind, chain, address, decimals, protocol) VALUES("eip155:1/erc20:0xCd5fE23C85820F7B72D0926FC9b05b43E359b7ee", "A", 1, "0xCd5fE23C85820F7B72D0926FC9b05b43E359b7ee", 18, NULL); INSERT INTO common_asset_details(identifier, symbol, coingecko, cryptocompare, forked, started, swapped_for) VALUES("eip155:1/erc20:0xCd5fE23C85820F7B72D0926FC9b05b43E359b7ee", "weETH", "wrapped-eeth", "WEETH", NULL, 1689005159, NULL);
*
INSERT INTO assets(identifier, name, type) VALUES("eip155:42161/erc20:0x35751007a407ca6FEFfE80b3cB397736D2cf4dbe", "Wrapped eETH", "C"); INSERT INTO evm_tokens(identifier, token_kind, chain, address, decimals, protocol) VALUES("eip155:42161/erc20:0x35751007a407ca6FEFfE80b3cB397736D2cf4dbe", "A", 42161, "0x35751007a407ca6FEFfE80b3cB397736D2cf4dbe", 18, NULL); INSERT INTO common_asset_details(identifier, symbol, coingecko, cryptocompare, forked, started, swapped_for) VALUES("eip155:42161/erc20:0x35751007a407ca6FEFfE80b3cB397736D2cf4dbe", "weETH", "wrapped-eeth", "WEETH", NULL, 1701625072, NULL);
*
INSERT INTO assets(identifier, name, type) VALUES("eip155:1/erc20:0x576e2BeD8F7b46D34016198911Cdf9886f78bea7", "MAGA", "C"); INSERT INTO evm_tokens(identifier, token_kind, chain, address, decimals, protocol) VALUES("eip155:1/erc20:0x576e2BeD8F7b46D34016198911Cdf9886f78bea7", "A", 1, "0x576e2BeD8F7b46D34016198911Cdf9886f78bea7", 9, NULL); INSERT INTO common_asset_details(identifier, symbol, coingecko, cryptocompare, forked, started, swapped_for) VALUES("eip155:1/erc20:0x576e2BeD8F7b46D34016198911Cdf9886f78bea7", "TRUMP", "maga", "MAGA", NULL, 1691790275, NULL);
*
INSERT INTO assets(identifier, name, type) VALUES("eip155:56/erc20:0x4eA98c1999575aaadfb38237Dd015c5E773F75a2", "MAGA", "C"); INSERT INTO evm_tokens(identifier, token_kind, chain, address, decimals, protocol) VALUES("eip155:56/erc20:0x4eA98c1999575aaadfb38237Dd015c5E773F75a2", "A", 56, "0x4eA98c1999575aaadfb38237Dd015c5E773F75a2", 9, NULL); INSERT INTO common_asset_details(identifier, symbol, coingecko, cryptocompare, forked, started, swapped_for) VALUES("eip155:56/erc20:0x4eA98c1999575aaadfb38237Dd015c5E773F75a2", "TRUMP", "maga", "MAGA", NULL, 1714127141, NULL);
*
INSERT INTO assets(identifier, name, type) VALUES("eip155:1/erc20:0xf8ebf4849F1Fa4FaF0DFF2106A173D3A6CB2eB3A", "TROLL", "C"); INSERT INTO evm_tokens(identifier, token_kind, chain, address, decimals, protocol) VALUES("eip155:1/erc20:0xf8ebf4849F1Fa4FaF0DFF2106A173D3A6CB2eB3A", "A", 1, "0xf8ebf4849F1Fa4FaF0DFF2106A173D3A6CB2eB3A", 18, NULL); INSERT INTO common_asset_details(identifier, symbol, coingecko, cryptocompare, forked, started, swapped_for) VALUES("eip155:1/erc20:0xf8ebf4849F1Fa4FaF0DFF2106A173D3A6CB2eB3A", "TROLL", "troll", "WTAO", NULL, 1681877099, NULL);
*
INSERT INTO assets(identifier, name, type) VALUES("eip155:1/erc20:0x68BbEd6A47194EFf1CF514B50Ea91895597fc91E", "Andy", "C"); INSERT INTO evm_tokens(identifier, token_kind, chain, address, decimals, protocol) VALUES("eip155:1/erc20:0x68BbEd6A47194EFf1CF514B50Ea91895597fc91E", "A", 1, "0x68BbEd6A47194EFf1CF514B50Ea91895597fc91E", 18, NULL); INSERT INTO common_asset_details(identifier, symbol, coingecko, cryptocompare, forked, started, swapped_for) VALUES("eip155:1/erc20:0x68BbEd6A47194EFf1CF514B50Ea91895597fc91E", "ANDY", "andy-the-wisguy", "ANDY", NULL, 1709948819, NULL);
*
INSERT INTO assets(identifier, name, type) VALUES("eip155:8453/erc20:0x3159fB5589aCD6bf9f82eB0eFe8382ED55aED8fD", "Apu Apustaja", "C"); INSERT INTO evm_tokens(identifier, token_kind, chain, address, decimals, protocol) VALUES("eip155:8453/erc20:0x3159fB5589aCD6bf9f82eB0eFe8382ED55aED8fD", "A", 8453, "0x3159fB5589aCD6bf9f82eB0eFe8382ED55aED8fD", 18, NULL); INSERT INTO common_asset_details(identifier, symbol, coingecko, cryptocompare, forked, started, swapped_for) VALUES("eip155:8453/erc20:0x3159fB5589aCD6bf9f82eB0eFe8382ED55aED8fD", "APU", "apu-apustaja-base", "APU", NULL, NULL, NULL);
*
INSERT INTO assets(identifier, name, type) VALUES("eip155:8453/erc20:0xBC45647eA894030a4E9801Ec03479739FA2485F0", "Basenji", "C"); INSERT INTO evm_tokens(identifier, token_kind, chain, address, decimals, protocol) VALUES("eip155:8453/erc20:0xBC45647eA894030a4E9801Ec03479739FA2485F0", "A", 8453, "0xBC45647eA894030a4E9801Ec03479739FA2485F0", 18, NULL); INSERT INTO common_asset_details(identifier, symbol, coingecko, cryptocompare, forked, started, swapped_for) VALUES("eip155:8453/erc20:0xBC45647eA894030a4E9801Ec03479739FA2485F0", "BENJI", "basenji", "", NULL, NULL, NULL);
*
INSERT INTO assets(identifier, name, type) VALUES("eip155:8453/erc20:0x532f27101965dd16442E59d40670FaF5eBB142E4", "Brett", "C"); INSERT INTO evm_tokens(identifier, token_kind, chain, address, decimals, protocol) VALUES("eip155:8453/erc20:0x532f27101965dd16442E59d40670FaF5eBB142E4", "A", 8453, "0x532f27101965dd16442E59d40670FaF5eBB142E4", 18, NULL); INSERT INTO common_asset_details(identifier, symbol, coingecko, cryptocompare, forked, started, swapped_for) VALUES("eip155:8453/erc20:0x532f27101965dd16442E59d40670FaF5eBB142E4", "BRETT", "based-brett", "BRETT", NULL, NULL, NULL);
*
INSERT INTO assets(identifier, name, type) VALUES("eip155:8453/erc20:0xfEA9DcDc9E23a9068bF557AD5b186675C61d33eA", "Based Shiba Inu", "C"); INSERT INTO evm_tokens(identifier, token_kind, chain, address, decimals, protocol) VALUES("eip155:8453/erc20:0xfEA9DcDc9E23a9068bF557AD5b186675C61d33eA", "A", 8453, "0xfEA9DcDc9E23a9068bF557AD5b186675C61d33eA", 18, NULL); INSERT INTO common_asset_details(identifier, symbol, coingecko, cryptocompare, forked, started, swapped_for) VALUES("eip155:8453/erc20:0xfEA9DcDc9E23a9068bF557AD5b186675C61d33eA", "BSHIB", "based-shiba-inu", "BSHIB", NULL, NULL, NULL);
*
INSERT INTO assets(identifier, name, type) VALUES("eip155:1/erc20:0x33C04Bed4533e31f2Afb8AC4a61A48Eda38C4fA0", "Gorilla", "C"); INSERT INTO evm_tokens(identifier, token_kind, chain, address, decimals, protocol) VALUES("eip155:1/erc20:0x33C04Bed4533e31f2Afb8AC4a61A48Eda38C4fA0", "A", 1, "0x33C04Bed4533e31f2Afb8AC4a61A48Eda38C4fA0", 9, NULL); INSERT INTO common_asset_details(identifier, symbol, coingecko, cryptocompare, forked, started, swapped_for) VALUES("eip155:1/erc20:0x33C04Bed4533e31f2Afb8AC4a61A48Eda38C4fA0", "GORILLA", "gorilla", "GORILLA", NULL, 1699572743, NULL);
*
INSERT INTO assets(identifier, name, type) VALUES("eip155:1/erc20:0x8390a1DA07E376ef7aDd4Be859BA74Fb83aA02D5", "GROK", "C"); INSERT INTO evm_tokens(identifier, token_kind, chain, address, decimals, protocol) VALUES("eip155:1/erc20:0x8390a1DA07E376ef7aDd4Be859BA74Fb83aA02D5", "A", 1, "0x8390a1DA07E376ef7aDd4Be859BA74Fb83aA02D5", 9, NULL); INSERT INTO common_asset_details(identifier, symbol, coingecko, cryptocompare, forked, started, swapped_for) VALUES("eip155:1/erc20:0x8390a1DA07E376ef7aDd4Be859BA74Fb83aA02D5", "GROK", "grok-2", "GROK", NULL, 1699071551, NULL);
*
INSERT INTO assets(identifier, name, type) VALUES("eip155:1/erc20:0xebB82c932759B515B2efc1CfBB6BF2F6dbaCe404", "shares.finance", "C"); INSERT INTO evm_tokens(identifier, token_kind, chain, address, decimals, protocol) VALUES("eip155:1/erc20:0xebB82c932759B515B2efc1CfBB6BF2F6dbaCe404", "A", 1, "0xebB82c932759B515B2efc1CfBB6BF2F6dbaCe404", 18, NULL); INSERT INTO common_asset_details(identifier, symbol, coingecko, cryptocompare, forked, started, swapped_for) VALUES("eip155:1/erc20:0xebB82c932759B515B2efc1CfBB6BF2F6dbaCe404", "SHARES", "", "", NULL, 1692323639, NULL);
*
INSERT INTO assets(identifier, name, type) VALUES("eip155:1/erc20:0xb8a87405d9a4F2F866319B77004e88dfF66c0d92", "Sora", "C"); INSERT INTO evm_tokens(identifier, token_kind, chain, address, decimals, protocol) VALUES("eip155:1/erc20:0xb8a87405d9a4F2F866319B77004e88dfF66c0d92", "A", 1, "0xb8a87405d9a4F2F866319B77004e88dfF66c0d92", 18, NULL); INSERT INTO common_asset_details(identifier, symbol, coingecko, cryptocompare, forked, started, swapped_for) VALUES("eip155:1/erc20:0xb8a87405d9a4F2F866319B77004e88dfF66c0d92", "SORA", "sora-ai", "", NULL, 1708020995, NULL);
*
INSERT INTO assets(identifier, name, type) VALUES("eip155:1/erc20:0x6D7497751656618Fc38CfB5478994a20F7E235df", "Spyro", "C"); INSERT INTO evm_tokens(identifier, token_kind, chain, address, decimals, protocol) VALUES("eip155:1/erc20:0x6D7497751656618Fc38CfB5478994a20F7E235df", "A", 1, "0x6D7497751656618Fc38CfB5478994a20F7E235df", 18, NULL); INSERT INTO common_asset_details(identifier, symbol, coingecko, cryptocompare, forked, started, swapped_for) VALUES("eip155:1/erc20:0x6D7497751656618Fc38CfB5478994a20F7E235df", "SPYRO", "spyro", "SPYRO", NULL, 1707224567, NULL);
*
INSERT INTO assets(identifier, name, type) VALUES("eip155:1/erc20:0x95CcffaE3Eb8767D4a941Ec43280961dde89F4dE", "TaoBank", "C"); INSERT INTO evm_tokens(identifier, token_kind, chain, address, decimals, protocol) VALUES("eip155:1/erc20:0x95CcffaE3Eb8767D4a941Ec43280961dde89F4dE", "A", 1, "0x95CcffaE3Eb8767D4a941Ec43280961dde89F4dE", 18, NULL); INSERT INTO common_asset_details(identifier, symbol, coingecko, cryptocompare, forked, started, swapped_for) VALUES("eip155:1/erc20:0x95CcffaE3Eb8767D4a941Ec43280961dde89F4dE", "TBANK", "taobank", "TBANK", NULL, 1708011263, NULL);
*
INSERT INTO assets(identifier, name, type) VALUES("EGG", "Eggdog", "Y"); INSERT INTO common_asset_details(identifier, symbol, coingecko, cryptocompare, forked, started, swapped_for) VALUES("EGG", "EGG", "eggdog", "", NULL, 1703203200, NULL);
*
INSERT INTO assets(identifier, name, type) VALUES("FENTANYL", "Fentanyl Dragon", "Y"); INSERT INTO common_asset_details(identifier, symbol, coingecko, cryptocompare, forked, started, swapped_for) VALUES("FENTANYL", "FENTANYL", "fentanyl-dragon", "", NULL, 1706227200, NULL);
*
INSERT INTO assets(identifier, name, type) VALUES("FINK", "fink", "Y"); INSERT INTO common_asset_details(identifier, symbol, coingecko, cryptocompare, forked, started, swapped_for) VALUES("FINK", "FINK", "fink-different", "FINK", NULL, 1713956700, NULL);
*
INSERT INTO assets(identifier, name, type) VALUES("GME", "GME", "Y"); INSERT INTO common_asset_details(identifier, symbol, coingecko, cryptocompare, forked, started, swapped_for) VALUES("GME", "GME", "gme", "GME", NULL, 1706691627, NULL);
*
INSERT INTO assets(identifier, name, type) VALUES("HOBBES", "Ansem's Cat", "Y"); INSERT INTO common_asset_details(identifier, symbol, coingecko, cryptocompare, forked, started, swapped_for) VALUES("HOBBES", "HOBBES", "ansem-s-cat", "", NULL, 1712128361, NULL);
*
INSERT INTO assets(identifier, name, type) VALUES("KNOB", "KNOB$", "Y"); INSERT INTO common_asset_details(identifier, symbol, coingecko, cryptocompare, forked, started, swapped_for) VALUES("KNOB", "KNOB", "knob", "KNOB", NULL, 1702512000, NULL);
*
INSERT INTO assets(identifier, name, type) VALUES("eip155:1/erc20:0x3419875B4D3Bca7F3FddA2dB7a476A79fD31B4fE", "DizzyHavoc", "C"); INSERT INTO evm_tokens(identifier, token_kind, chain, address, decimals, protocol) VALUES("eip155:1/erc20:0x3419875B4D3Bca7F3FddA2dB7a476A79fD31B4fE", "A", 1, "0x3419875B4D3Bca7F3FddA2dB7a476A79fD31B4fE", 18, NULL); INSERT INTO common_asset_details(identifier, symbol, coingecko, cryptocompare, forked, started, swapped_for) VALUES("eip155:1/erc20:0x3419875B4D3Bca7F3FddA2dB7a476A79fD31B4fE", "DZHV", "dizzyhavoc", "", NULL, 1706500151, NULL);
*
INSERT INTO assets(identifier, name, type) VALUES("eip155:8453/erc20:0x3419875B4D3Bca7F3FddA2dB7a476A79fD31B4fE", "DizzyHavoc", "C"); INSERT INTO evm_tokens(identifier, token_kind, chain, address, decimals, protocol) VALUES("eip155:8453/erc20:0x3419875B4D3Bca7F3FddA2dB7a476A79fD31B4fE", "A", 8453, "0x3419875B4D3Bca7F3FddA2dB7a476A79fD31B4fE", 18, NULL); INSERT INTO common_asset_details(identifier, symbol, coingecko, cryptocompare, forked, started, swapped_for) VALUES("eip155:8453/erc20:0x3419875B4D3Bca7F3FddA2dB7a476A79fD31B4fE", "DZHV", "dizzyhavoc", "", NULL, NULL, NULL);
*
INSERT INTO assets(identifier, name, type) VALUES("eip155:42161/erc20:0x3419875B4D3Bca7F3FddA2dB7a476A79fD31B4fE", "DizzyHavoc", "C"); INSERT INTO evm_tokens(identifier, token_kind, chain, address, decimals, protocol) VALUES("eip155:42161/erc20:0x3419875B4D3Bca7F3FddA2dB7a476A79fD31B4fE", "A", 42161, "0x3419875B4D3Bca7F3FddA2dB7a476A79fD31B4fE", 18, NULL); INSERT INTO common_asset_details(identifier, symbol, coingecko, cryptocompare, forked, started, swapped_for) VALUES("eip155:42161/erc20:0x3419875B4D3Bca7F3FddA2dB7a476A79fD31B4fE", "DZHV", "dizzyhavoc", "", NULL, 1706495330, NULL);
*
INSERT INTO assets(identifier, name, type) VALUES("eip155:56/erc20:0x3419875B4D3Bca7F3FddA2dB7a476A79fD31B4fE", "DizzyHavoc", "C"); INSERT INTO evm_tokens(identifier, token_kind, chain, address, decimals, protocol) VALUES("eip155:56/erc20:0x3419875B4D3Bca7F3FddA2dB7a476A79fD31B4fE", "A", 56, "0x3419875B4D3Bca7F3FddA2dB7a476A79fD31B4fE", 18, NULL); INSERT INTO common_asset_details(identifier, symbol, coingecko, cryptocompare, forked, started, swapped_for) VALUES("eip155:56/erc20:0x3419875B4D3Bca7F3FddA2dB7a476A79fD31B4fE", "DZHV", "dizzyhavoc", "", NULL, 1714127879, NULL);
*
INSERT INTO assets(identifier, name, type) VALUES("eip155:43114/erc20:0x3419875B4D3Bca7F3FddA2dB7a476A79fD31B4fE", "Dizzy Havoc", "C"); INSERT INTO evm_tokens(identifier, token_kind, chain, address, decimals, protocol) VALUES("eip155:43114/erc20:0x3419875B4D3Bca7F3FddA2dB7a476A79fD31B4fE", "A", 43114, "0x3419875B4D3Bca7F3FddA2dB7a476A79fD31B4fE", 18, NULL); INSERT INTO common_asset_details(identifier, symbol, coingecko, cryptocompare, forked, started, swapped_for) VALUES("eip155:43114/erc20:0x3419875B4D3Bca7F3FddA2dB7a476A79fD31B4fE", "DZHV", "dizzyhavoc", "", NULL, 1706468680, NULL);
*
INSERT INTO assets(identifier, name, type) VALUES("eip155:1/erc20:0xBcBDA13Bd60bC0e91745186E274D1445078D6b33", "Ferret AI", "C"); INSERT INTO evm_tokens(identifier, token_kind, chain, address, decimals, protocol) VALUES("eip155:1/erc20:0xBcBDA13Bd60bC0e91745186E274D1445078D6b33", "A", 1, "0xBcBDA13Bd60bC0e91745186E274D1445078D6b33", 18, NULL); INSERT INTO common_asset_details(identifier, symbol, coingecko, cryptocompare, forked, started, swapped_for) VALUES("eip155:1/erc20:0xBcBDA13Bd60bC0e91745186E274D1445078D6b33", "FERRET", "ferret-ai", "", NULL, 1705437911, NULL);
*
INSERT INTO assets(identifier, name, type) VALUES("eip155:56/erc20:0xA3aBE68db1B8467B44715eb94542B20DC134f005", "Fluffy Coin", "C"); INSERT INTO evm_tokens(identifier, token_kind, chain, address, decimals, protocol) VALUES("eip155:56/erc20:0xA3aBE68db1B8467B44715eb94542B20DC134f005", "A", 56, "0xA3aBE68db1B8467B44715eb94542B20DC134f005", 18, NULL); INSERT INTO common_asset_details(identifier, symbol, coingecko, cryptocompare, forked, started, swapped_for) VALUES("eip155:56/erc20:0xA3aBE68db1B8467B44715eb94542B20DC134f005", "FLUF", "fluffy-coin", "", NULL, 1713937031, NULL);
*
INSERT INTO assets(identifier, name, type) VALUES("eip155:8453/erc20:0x6432096f054288Ee45b7f6ad8863a1F4A8e1201C", "FOMO_BASE", "C"); INSERT INTO evm_tokens(identifier, token_kind, chain, address, decimals, protocol) VALUES("eip155:8453/erc20:0x6432096f054288Ee45b7f6ad8863a1F4A8e1201C", "A", 8453, "0x6432096f054288Ee45b7f6ad8863a1F4A8e1201C", 18, NULL); INSERT INTO common_asset_details(identifier, symbol, coingecko, cryptocompare, forked, started, swapped_for) VALUES("eip155:8453/erc20:0x6432096f054288Ee45b7f6ad8863a1F4A8e1201C", "FOMO", "fomo-base", "", NULL, NULL, NULL);
*
INSERT INTO assets(identifier, name, type) VALUES("eip155:1/erc20:0xaeDf386B755465871fF874E3E37Af5976E247064", "Fasttoken", "C"); INSERT INTO evm_tokens(identifier, token_kind, chain, address, decimals, protocol) VALUES("eip155:1/erc20:0xaeDf386B755465871fF874E3E37Af5976E247064", "A", 1, "0xaeDf386B755465871fF874E3E37Af5976E247064", 18, NULL); INSERT INTO common_asset_details(identifier, symbol, coingecko, cryptocompare, forked, started, swapped_for) VALUES("eip155:1/erc20:0xaeDf386B755465871fF874E3E37Af5976E247064", "FTN", "fasttoken", "FTN", NULL, 1667221079, NULL);
*
INSERT INTO assets(identifier, name, type) VALUES("eip155:1/erc20:0x3001f57F8308b189EB412a64322Aad5eF9951290", "GEC", "C"); INSERT INTO evm_tokens(identifier, token_kind, chain, address, decimals, protocol) VALUES("eip155:1/erc20:0x3001f57F8308b189EB412a64322Aad5eF9951290", "A", 1, "0x3001f57F8308b189EB412a64322Aad5eF9951290", 18, NULL); INSERT INTO common_asset_details(identifier, symbol, coingecko, cryptocompare, forked, started, swapped_for) VALUES("eip155:1/erc20:0x3001f57F8308b189EB412a64322Aad5eF9951290", "GEC", "geometric-energy-corporation", "", NULL, 1701299867, NULL);
*
INSERT INTO assets(identifier, name, type) VALUES("eip155:1/erc20:0x292fcDD1B104DE5A00250fEBbA9bC6A5092A0076", "HashAI", "C"); INSERT INTO evm_tokens(identifier, token_kind, chain, address, decimals, protocol) VALUES("eip155:1/erc20:0x292fcDD1B104DE5A00250fEBbA9bC6A5092A0076", "A", 1, "0x292fcDD1B104DE5A00250fEBbA9bC6A5092A0076", 18, NULL); INSERT INTO common_asset_details(identifier, symbol, coingecko, cryptocompare, forked, started, swapped_for) VALUES("eip155:1/erc20:0x292fcDD1B104DE5A00250fEBbA9bC6A5092A0076", "HashAI", "hashai", "", NULL, 1712078243, NULL);
*
INSERT INTO assets(identifier, name, type) VALUES("eip155:1/erc20:0x79F05c263055BA20EE0e814ACD117C20CAA10e0c", "Ice", "C"); INSERT INTO evm_tokens(identifier, token_kind, chain, address, decimals, protocol) VALUES("eip155:1/erc20:0x79F05c263055BA20EE0e814ACD117C20CAA10e0c", "A", 1, "0x79F05c263055BA20EE0e814ACD117C20CAA10e0c", 18, NULL); INSERT INTO common_asset_details(identifier, symbol, coingecko, cryptocompare, forked, started, swapped_for) VALUES("eip155:1/erc20:0x79F05c263055BA20EE0e814ACD117C20CAA10e0c", "ICE", "ice", "", NULL, 1705590911, NULL);
*
INSERT INTO assets(identifier, name, type) VALUES("eip155:56/erc20:0xc335Df7C25b72eEC661d5Aa32a7c2B7b2a1D1874", "Ice", "C"); INSERT INTO evm_tokens(identifier, token_kind, chain, address, decimals, protocol) VALUES("eip155:56/erc20:0xc335Df7C25b72eEC661d5Aa32a7c2B7b2a1D1874", "A", 56, "0xc335Df7C25b72eEC661d5Aa32a7c2B7b2a1D1874", 18, NULL); INSERT INTO common_asset_details(identifier, symbol, coingecko, cryptocompare, forked, started, swapped_for) VALUES("eip155:56/erc20:0xc335Df7C25b72eEC661d5Aa32a7c2B7b2a1D1874", "ICE", "ice", "", NULL, 1714142615, NULL);
*
INSERT INTO assets(identifier, name, type) VALUES("eip155:43114/erc20:0xAcFb898Cff266E53278cC0124fC2C7C94C8cB9a5", "AVAX HAS NO CHILL", "C"); INSERT INTO evm_tokens(identifier, token_kind, chain, address, decimals, protocol) VALUES("eip155:43114/erc20:0xAcFb898Cff266E53278cC0124fC2C7C94C8cB9a5", "A", 43114, "0xAcFb898Cff266E53278cC0124fC2C7C94C8cB9a5", 18, NULL); INSERT INTO common_asset_details(identifier, symbol, coingecko, cryptocompare, forked, started, swapped_for) VALUES("eip155:43114/erc20:0xAcFb898Cff266E53278cC0124fC2C7C94C8cB9a5", "NOCHILL", "avax-has-no-chill", "NOCHILL", NULL, 1702878818, NULL);
*
INSERT INTO assets(identifier, name, type) VALUES("eip155:1/erc20:0xF64265e65c4529879a7ABf467E00D39E39C0B0DA", "Independence Token", "C"); INSERT INTO evm_tokens(identifier, token_kind, chain, address, decimals, protocol) VALUES("eip155:1/erc20:0xF64265e65c4529879a7ABf467E00D39E39C0B0DA", "A", 1, "0xF64265e65c4529879a7ABf467E00D39E39C0B0DA", 18, NULL); INSERT INTO common_asset_details(identifier, symbol, coingecko, cryptocompare, forked, started, swapped_for) VALUES("eip155:1/erc20:0xF64265e65c4529879a7ABf467E00D39E39C0B0DA", "RFKJ", "independence-token", "RFKJ", NULL, 1709414459, NULL);
*
INSERT INTO assets(identifier, name, type) VALUES("eip155:8453/erc20:0x54a65B16D18527160FAFC6FCfEBAeD47c2976dfA", "Independence Token", "C"); INSERT INTO evm_tokens(identifier, token_kind, chain, address, decimals, protocol) VALUES("eip155:8453/erc20:0x54a65B16D18527160FAFC6FCfEBAeD47c2976dfA", "A", 8453, "0x54a65B16D18527160FAFC6FCfEBAeD47c2976dfA", 18, NULL); INSERT INTO common_asset_details(identifier, symbol, coingecko, cryptocompare, forked, started, swapped_for) VALUES("eip155:8453/erc20:0x54a65B16D18527160FAFC6FCfEBAeD47c2976dfA", "RFKJ", "independence-token", "RFKJ", NULL, NULL, NULL);
*
INSERT INTO assets(identifier, name, type) VALUES("USEDCAR", "A Gently Used 2001 Honda", "Y"); INSERT INTO common_asset_details(identifier, symbol, coingecko, cryptocompare, forked, started, swapped_for) VALUES("USEDCAR", "USEDCAR", "a-gently-used-2001-honda", "USEDCAR", NULL, 1703548800, NULL);
*
INSERT INTO assets(identifier, name, type) VALUES("eip155:56/erc20:0x8D1427a32F0A4C4BF052252e68E7FF1B2Ba80c01", "RimauNangis", "C"); INSERT INTO evm_tokens(identifier, token_kind, chain, address, decimals, protocol) VALUES("eip155:56/erc20:0x8D1427a32F0A4C4BF052252e68E7FF1B2Ba80c01", "A", 56, "0x8D1427a32F0A4C4BF052252e68E7FF1B2Ba80c01", 18, NULL); INSERT INTO common_asset_details(identifier, symbol, coingecko, cryptocompare, forked, started, swapped_for) VALUES("eip155:56/erc20:0x8D1427a32F0A4C4BF052252e68E7FF1B2Ba80c01", "RXT", "rimaunangis", "RXT", NULL, 1713971707, NULL);
*
INSERT INTO assets(identifier, name, type) VALUES("eip155:8453/erc20:0x768BE13e1680b5ebE0024C42c896E3dB59ec0149", "SKI MASK DOG", "C"); INSERT INTO evm_tokens(identifier, token_kind, chain, address, decimals, protocol) VALUES("eip155:8453/erc20:0x768BE13e1680b5ebE0024C42c896E3dB59ec0149", "A", 8453, "0x768BE13e1680b5ebE0024C42c896E3dB59ec0149", 9, NULL); INSERT INTO common_asset_details(identifier, symbol, coingecko, cryptocompare, forked, started, swapped_for) VALUES("eip155:8453/erc20:0x768BE13e1680b5ebE0024C42c896E3dB59ec0149", "SKI", "ski-mask-dog", "", NULL, NULL, NULL);
*
INSERT INTO assets(identifier, name, type) VALUES("eip155:1/erc20:0xfF836A5821E69066c87E268bC51b849FaB94240C", "Real Smurf Cat", "C"); INSERT INTO evm_tokens(identifier, token_kind, chain, address, decimals, protocol) VALUES("eip155:1/erc20:0xfF836A5821E69066c87E268bC51b849FaB94240C", "A", 1, "0xfF836A5821E69066c87E268bC51b849FaB94240C", 18, NULL); INSERT INTO common_asset_details(identifier, symbol, coingecko, cryptocompare, forked, started, swapped_for) VALUES("eip155:1/erc20:0xfF836A5821E69066c87E268bC51b849FaB94240C", "", "real-smurf-cat", "SMURFCATETH", NULL, 1694635967, NULL);
*
INSERT INTO assets(identifier, name, type) VALUES("eip155:1/erc20:0xD5147bc8e386d91Cc5DBE72099DAC6C9b99276F5", "renFIL", "C"); INSERT INTO evm_tokens(identifier, token_kind, chain, address, decimals, protocol) VALUES("eip155:1/erc20:0xD5147bc8e386d91Cc5DBE72099DAC6C9b99276F5", "A", 1, "0xD5147bc8e386d91Cc5DBE72099DAC6C9b99276F5", 18, ""); INSERT INTO common_asset_details(identifier, symbol, coingecko, cryptocompare, forked, started, swapped_for) VALUES("eip155:1/erc20:0xD5147bc8e386d91Cc5DBE72099DAC6C9b99276F5", "renFIL", "", "", NULL, 1604034004, NULL);
*
INSERT INTO assets(identifier, name, type) VALUES("eip155:137/erc20:0x27F8D03b3a2196956ED754baDc28D73be8830A6e", "Aave Matic Market DAI", "C"); INSERT INTO evm_tokens(identifier, token_kind, chain, address, decimals, protocol) VALUES("eip155:137/erc20:0x27F8D03b3a2196956ED754baDc28D73be8830A6e", "A", 137, "0x27F8D03b3a2196956ED754baDc28D73be8830A6e", 18, "aave-v2"); INSERT INTO common_asset_details(identifier, symbol, coingecko, cryptocompare, forked, started, swapped_for) VALUES("eip155:137/erc20:0x27F8D03b3a2196956ED754baDc28D73be8830A6e", "amDAI", "", "", NULL, 1714370266, NULL); INSERT INTO underlying_tokens_list(identifier, weight, parent_token_entry) VALUES("eip155:137/erc20:0x8f3Cf7ad23Cd3CaDbD9735AFf958023239c6A063", "1", "eip155:137/erc20:0x27F8D03b3a2196956ED754baDc28D73be8830A6e");
*
INSERT INTO assets(identifier, name, type) VALUES("eip155:1/erc20:0xB6909B960DbbE7392D405429eB2b3649752b4838", "Uniswap BAT/ETH LP", "C"); INSERT INTO evm_tokens(identifier, token_kind, chain, address, decimals, protocol) VALUES("eip155:1/erc20:0xB6909B960DbbE7392D405429eB2b3649752b4838", "A", 1, "0xB6909B960DbbE7392D405429eB2b3649752b4838", 18, ""); INSERT INTO common_asset_details(identifier, symbol, coingecko, cryptocompare, forked, started, swapped_for) VALUES("eip155:1/erc20:0xB6909B960DbbE7392D405429eB2b3649752b4838", "UNI-V2", "", "", NULL, 1589427894, NULL);
*
INSERT INTO assets(identifier, name, type) VALUES("eip155:1/erc20:0x3dA1313aE46132A397D90d95B1424A9A7e3e0fCE", "Uniswap ETH/CRV LP", "C"); INSERT INTO evm_tokens(identifier, token_kind, chain, address, decimals, protocol) VALUES("eip155:1/erc20:0x3dA1313aE46132A397D90d95B1424A9A7e3e0fCE", "A", 1, "0x3dA1313aE46132A397D90d95B1424A9A7e3e0fCE", 18, ""); INSERT INTO common_asset_details(identifier, symbol, coingecko, cryptocompare, forked, started, swapped_for) VALUES("eip155:1/erc20:0x3dA1313aE46132A397D90d95B1424A9A7e3e0fCE", "UNI-V2", "", "", NULL, 1597357263, NULL);
*
INSERT INTO assets(identifier, name, type) VALUES("eip155:1/erc20:0xC2aDdA861F89bBB333c90c492cB837741916A225", "Uniswap MKR/ETH LP", "C"); INSERT INTO evm_tokens(identifier, token_kind, chain, address, decimals, protocol) VALUES("eip155:1/erc20:0xC2aDdA861F89bBB333c90c492cB837741916A225", "A", 1, "0xC2aDdA861F89bBB333c90c492cB837741916A225", 18, ""); INSERT INTO common_asset_details(identifier, symbol, coingecko, cryptocompare, forked, started, swapped_for) VALUES("eip155:1/erc20:0xC2aDdA861F89bBB333c90c492cB837741916A225", "UNI-V2", "", "", NULL, 1589824355, NULL);
*
INSERT INTO assets(identifier, name, type) VALUES("eip155:1/erc20:0x8Bd1661Da98EBDd3BD080F0bE4e6d9bE8cE9858c", "Uniswap REN/ETH LP", "C"); INSERT INTO evm_tokens(identifier, token_kind, chain, address, decimals, protocol) VALUES("eip155:1/erc20:0x8Bd1661Da98EBDd3BD080F0bE4e6d9bE8cE9858c", "A", 1, "0x8Bd1661Da98EBDd3BD080F0bE4e6d9bE8cE9858c", 18, ""); INSERT INTO common_asset_details(identifier, symbol, coingecko, cryptocompare, forked, started, swapped_for) VALUES("eip155:1/erc20:0x8Bd1661Da98EBDd3BD080F0bE4e6d9bE8cE9858c", "UNI-V2", "", "", NULL, 1589836477, NULL);
*
INSERT INTO assets(identifier, name, type) VALUES("eip155:1/erc20:0x43AE24960e5534731Fc831386c07755A2dc33D47", "Uniswap SNX/ETH LP", "C"); INSERT INTO evm_tokens(identifier, token_kind, chain, address, decimals, protocol) VALUES("eip155:1/erc20:0x43AE24960e5534731Fc831386c07755A2dc33D47", "A", 1, "0x43AE24960e5534731Fc831386c07755A2dc33D47", 18, ""); INSERT INTO common_asset_details(identifier, symbol, coingecko, cryptocompare, forked, started, swapped_for) VALUES("eip155:1/erc20:0x43AE24960e5534731Fc831386c07755A2dc33D47", "UNI-V2", "", "", NULL, 1589823518, NULL);
*
INSERT INTO assets(identifier, name, type) VALUES("eip155:1/erc20:0x004375Dff511095CC5A197A54140a24eFEF3A416", "Uniswap WBTC/USDC LP", "C"); INSERT INTO evm_tokens(identifier, token_kind, chain, address, decimals, protocol) VALUES("eip155:1/erc20:0x004375Dff511095CC5A197A54140a24eFEF3A416", "A", 1, "0x004375Dff511095CC5A197A54140a24eFEF3A416", 18, ""); INSERT INTO common_asset_details(identifier, symbol, coingecko, cryptocompare, forked, started, swapped_for) VALUES("eip155:1/erc20:0x004375Dff511095CC5A197A54140a24eFEF3A416", "UNI-V2", "", "", NULL, 1589836650, NULL);
*
INSERT INTO assets(identifier, name, type) VALUES("eip155:1/erc20:0x2fDbAdf3C4D5A8666Bc06645B8358ab803996E28", "Uniswap YFI/ETH LP", "C"); INSERT INTO evm_tokens(identifier, token_kind, chain, address, decimals, protocol) VALUES("eip155:1/erc20:0x2fDbAdf3C4D5A8666Bc06645B8358ab803996E28", "A", 1, "0x2fDbAdf3C4D5A8666Bc06645B8358ab803996E28", 18, ""); INSERT INTO common_asset_details(identifier, symbol, coingecko, cryptocompare, forked, started, swapped_for) VALUES("eip155:1/erc20:0x2fDbAdf3C4D5A8666Bc06645B8358ab803996E28", "UNI-V2", "", "", NULL, 1595071291, NULL);
*
INSERT INTO assets(identifier, name, type) VALUES("eip155:1/erc20:0x1efF8aF5D577060BA4ac8A29A13525bb0Ee2A3D5", "Balancer Pool Token", "C"); INSERT INTO evm_tokens(identifier, token_kind, chain, address, decimals, protocol) VALUES("eip155:1/erc20:0x1efF8aF5D577060BA4ac8A29A13525bb0Ee2A3D5", "A", 1, "0x1efF8aF5D577060BA4ac8A29A13525bb0Ee2A3D5", 18, ""); INSERT INTO common_asset_details(identifier, symbol, coingecko, cryptocompare, forked, started, swapped_for) VALUES("eip155:1/erc20:0x1efF8aF5D577060BA4ac8A29A13525bb0Ee2A3D5", "BPT", "", "", NULL, 1595296081, NULL);
*
INSERT INTO assets(identifier, name, type) VALUES("eip155:1/erc20:0x59A19D8c652FA0284f44113D0ff9aBa70bd46fB4", "Balancer Pool Token", "C"); INSERT INTO evm_tokens(identifier, token_kind, chain, address, decimals, protocol) VALUES("eip155:1/erc20:0x59A19D8c652FA0284f44113D0ff9aBa70bd46fB4", "A", 1, "0x59A19D8c652FA0284f44113D0ff9aBa70bd46fB4", 18, ""); INSERT INTO common_asset_details(identifier, symbol, coingecko, cryptocompare, forked, started, swapped_for) VALUES("eip155:1/erc20:0x59A19D8c652FA0284f44113D0ff9aBa70bd46fB4", "BPT", "", "", NULL, 1592929179, NULL);
*
INSERT INTO underlying_tokens_list(identifier, weight, parent_token_entry) VALUES("eip155:1/erc20:0x6B175474E89094C44Da98b954EedeAC495271d0F", "1", "eip155:1/erc20:0x028171bCA77440897B824Ca71D1c56caC55b68A3");
INSERT INTO assets(identifier, name, type) VALUES("eip155:1/erc20:0x028171bCA77440897B824Ca71D1c56caC55b68A3", "Aave interest bearing DAI", "C"); INSERT INTO evm_tokens(identifier, token_kind, chain, address, decimals, protocol) VALUES("eip155:1/erc20:0x028171bCA77440897B824Ca71D1c56caC55b68A3", "A", 1, "0x028171bCA77440897B824Ca71D1c56caC55b68A3", 18, "aave-v2"); INSERT INTO common_asset_details(identifier, symbol, coingecko, cryptocompare, forked, started, swapped_for) VALUES("eip155:1/erc20:0x028171bCA77440897B824Ca71D1c56caC55b68A3", "aDAI", "", "", NULL, 1606832522, NULL); INSERT INTO underlying_tokens_list(identifier, weight, parent_token_entry) VALUES("eip155:1/erc20:0x6B175474E89094C44Da98b954EedeAC495271d0F", "1", "eip155:1/erc20:0x028171bCA77440897B824Ca71D1c56caC55b68A3");
INSERT INTO assets(identifier, name, type) VALUES("eip155:137/erc20:0x2238101B7014C279aaF6b408A284E49cDBd5DB55", "Aave Matic Market stable debt DAI", "C"); INSERT INTO evm_tokens(identifier, token_kind, chain, address, decimals, protocol) VALUES("eip155:137/erc20:0x2238101B7014C279aaF6b408A284E49cDBd5DB55", "A", 137, "0x2238101B7014C279aaF6b408A284E49cDBd5DB55", 18, "aave-v2"); INSERT INTO common_asset_details(identifier, symbol, coingecko, cryptocompare, forked, started, swapped_for) VALUES("eip155:137/erc20:0x2238101B7014C279aaF6b408A284E49cDBd5DB55", "stableDebtmDAI", "", "", NULL, 1688076192, NULL); INSERT INTO underlying_tokens_list(identifier, weight, parent_token_entry) VALUES("eip155:137/erc20:0x8f3Cf7ad23Cd3CaDbD9735AFf958023239c6A063", "1", "eip155:137/erc20:0x2238101B7014C279aaF6b408A284E49cDBd5DB55");
*
INSERT INTO assets(identifier, name, type) VALUES("eip155:1/erc20:0x778A13D3eeb110A4f7bb6529F99c000119a08E92", "Aave stable debt bearing DAI", "C"); INSERT INTO evm_tokens(identifier, token_kind, chain, address, decimals, protocol) VALUES("eip155:1/erc20:0x778A13D3eeb110A4f7bb6529F99c000119a08E92", "A", 1, "0x778A13D3eeb110A4f7bb6529F99c000119a08E92", 18, "aave-v2"); INSERT INTO common_asset_details(identifier, symbol, coingecko, cryptocompare, forked, started, swapped_for) VALUES("eip155:1/erc20:0x778A13D3eeb110A4f7bb6529F99c000119a08E92", "stableDebtDAI", "", "", NULL, 1606832522, NULL); INSERT INTO underlying_tokens_list(identifier, weight, parent_token_entry) VALUES("eip155:1/erc20:0x6B175474E89094C44Da98b954EedeAC495271d0F", "1", "eip155:1/erc20:0x778A13D3eeb110A4f7bb6529F99c000119a08E92");
*
INSERT INTO assets(identifier, name, type) VALUES("eip155:137/erc20:0x75c4d1Fb84429023170086f06E682DcbBF537b7d", "Aave Matic Market variable debt mDAI", "C"); INSERT INTO evm_tokens(identifier, token_kind, chain, address, decimals, protocol) VALUES("eip155:137/erc20:0x75c4d1Fb84429023170086f06E682DcbBF537b7d", "A", 137, "0x75c4d1Fb84429023170086f06E682DcbBF537b7d", 18, "aave-v2"); INSERT INTO common_asset_details(identifier, symbol, coingecko, cryptocompare, forked, started, swapped_for) VALUES("eip155:137/erc20:0x75c4d1Fb84429023170086f06E682DcbBF537b7d", "variableDebtmDAI", "", "", NULL, 1714379296, NULL); INSERT INTO underlying_tokens_list(identifier, weight, parent_token_entry) VALUES("eip155:137/erc20:0x8f3Cf7ad23Cd3CaDbD9735AFf958023239c6A063", "1", "eip155:137/erc20:0x75c4d1Fb84429023170086f06E682DcbBF537b7d");
*
INSERT INTO assets(identifier, name, type) VALUES("eip155:1/erc20:0x6C3c78838c761c6Ac7bE9F59fe808ea2A6E4379d", "Aave variable debt bearing DAI", "C"); INSERT INTO evm_tokens(identifier, token_kind, chain, address, decimals, protocol) VALUES("eip155:1/erc20:0x6C3c78838c761c6Ac7bE9F59fe808ea2A6E4379d", "A", 1, "0x6C3c78838c761c6Ac7bE9F59fe808ea2A6E4379d", 18, "aave-v2"); INSERT INTO common_asset_details(identifier, symbol, coingecko, cryptocompare, forked, started, swapped_for) VALUES("eip155:1/erc20:0x6C3c78838c761c6Ac7bE9F59fe808ea2A6E4379d", "variableDebtDAI", "", "", NULL, 1606832522, NULL); INSERT INTO underlying_tokens_list(identifier, weight, parent_token_entry) VALUES("eip155:1/erc20:0x6B175474E89094C44Da98b954EedeAC495271d0F", "1", "eip155:1/erc20:0x6C3c78838c761c6Ac7bE9F59fe808ea2A6E4379d");
*
INSERT INTO assets(identifier, name, type) VALUES("eip155:137/erc20:0x1a13F4Ca1d028320A707D99520AbFefca3998b7F", "Aave Matic Market USDC", "C"); INSERT INTO evm_tokens(identifier, token_kind, chain, address, decimals, protocol) VALUES("eip155:137/erc20:0x1a13F4Ca1d028320A707D99520AbFefca3998b7F", "A", 137, "0x1a13F4Ca1d028320A707D99520AbFefca3998b7F", 6, "aave-v2"); INSERT INTO common_asset_details(identifier, symbol, coingecko, cryptocompare, forked, started, swapped_for) VALUES("eip155:137/erc20:0x1a13F4Ca1d028320A707D99520AbFefca3998b7F", "amUSDC", "", "", NULL, 1714391835, NULL); INSERT INTO underlying_tokens_list(identifier, weight, parent_token_entry) VALUES("eip155:137/erc20:0x2791Bca1f2de4661ED88A30C99A7a9449Aa84174", "1", "eip155:137/erc20:0x1a13F4Ca1d028320A707D99520AbFefca3998b7F");
*
INSERT INTO underlying_tokens_list(identifier, weight, parent_token_entry) VALUES("eip155:1/erc20:0xA0b86991c6218b36c1d19D4a2e9Eb0cE3606eB48", "1", "eip155:1/erc20:0xBcca60bB61934080951369a648Fb03DF4F96263C");
INSERT INTO assets(identifier, name, type) VALUES("eip155:1/erc20:0xBcca60bB61934080951369a648Fb03DF4F96263C", "Aave interest bearing USDC", "C"); INSERT INTO evm_tokens(identifier, token_kind, chain, address, decimals, protocol) VALUES("eip155:1/erc20:0xBcca60bB61934080951369a648Fb03DF4F96263C", "A", 1, "0xBcca60bB61934080951369a648Fb03DF4F96263C", 6, "aave-v2"); INSERT INTO common_asset_details(identifier, symbol, coingecko, cryptocompare, forked, started, swapped_for) VALUES("eip155:1/erc20:0xBcca60bB61934080951369a648Fb03DF4F96263C", "aUSDC", "", "", NULL, 1606832636, NULL); INSERT INTO underlying_tokens_list(identifier, weight, parent_token_entry) VALUES("eip155:1/erc20:0xA0b86991c6218b36c1d19D4a2e9Eb0cE3606eB48", "1", "eip155:1/erc20:0xBcca60bB61934080951369a648Fb03DF4F96263C");
INSERT INTO assets(identifier, name, type) VALUES("eip155:137/erc20:0xdeb05676dB0DB85cecafE8933c903466Bf20C572", "Aave Matic Market stable debt USDC", "C"); INSERT INTO evm_tokens(identifier, token_kind, chain, address, decimals, protocol) VALUES("eip155:137/erc20:0xdeb05676dB0DB85cecafE8933c903466Bf20C572", "A", 137, "0xdeb05676dB0DB85cecafE8933c903466Bf20C572", 6, "aave-v2"); INSERT INTO common_asset_details(identifier, symbol, coingecko, cryptocompare, forked, started, swapped_for) VALUES("eip155:137/erc20:0xdeb05676dB0DB85cecafE8933c903466Bf20C572", "stableDebtmUSDC", "", "", NULL, 1705446261, NULL); INSERT INTO underlying_tokens_list(identifier, weight, parent_token_entry) VALUES("eip155:137/erc20:0x2791Bca1f2de4661ED88A30C99A7a9449Aa84174", "1", "eip155:137/erc20:0xdeb05676dB0DB85cecafE8933c903466Bf20C572");
*
INSERT INTO assets(identifier, name, type) VALUES("eip155:1/erc20:0xE4922afAB0BbaDd8ab2a88E0C79d884Ad337fcA6", "Aave stable debt bearing USDC", "C"); INSERT INTO evm_tokens(identifier, token_kind, chain, address, decimals, protocol) VALUES("eip155:1/erc20:0xE4922afAB0BbaDd8ab2a88E0C79d884Ad337fcA6", "A", 1, "0xE4922afAB0BbaDd8ab2a88E0C79d884Ad337fcA6", 6, "aave-v2"); INSERT INTO common_asset_details(identifier, symbol, coingecko, cryptocompare, forked, started, swapped_for) VALUES("eip155:1/erc20:0xE4922afAB0BbaDd8ab2a88E0C79d884Ad337fcA6", "stableDebtUSDC", "", "", NULL, 1606832636, NULL); INSERT INTO underlying_tokens_list(identifier, weight, parent_token_entry) VALUES("eip155:1/erc20:0xA0b86991c6218b36c1d19D4a2e9Eb0cE3606eB48", "1", "eip155:1/erc20:0xE4922afAB0BbaDd8ab2a88E0C79d884Ad337fcA6");
*
INSERT INTO assets(identifier, name, type) VALUES("eip155:137/erc20:0x248960A9d75EdFa3de94F7193eae3161Eb349a12", "Aave Matic Market variable debt mUSDC", "C"); INSERT INTO evm_tokens(identifier, token_kind, chain, address, decimals, protocol) VALUES("eip155:137/erc20:0x248960A9d75EdFa3de94F7193eae3161Eb349a12", "A", 137, "0x248960A9d75EdFa3de94F7193eae3161Eb349a12", 6, "aave-v2"); INSERT INTO common_asset_details(identifier, symbol, coingecko, cryptocompare, forked, started, swapped_for) VALUES("eip155:137/erc20:0x248960A9d75EdFa3de94F7193eae3161Eb349a12", "variableDebtmUSDC", "", "", NULL, 1714375560, NULL); INSERT INTO underlying_tokens_list(identifier, weight, parent_token_entry) VALUES("eip155:137/erc20:0x2791Bca1f2de4661ED88A30C99A7a9449Aa84174", "1", "eip155:137/erc20:0x248960A9d75EdFa3de94F7193eae3161Eb349a12");
*
INSERT INTO assets(identifier, name, type) VALUES("eip155:1/erc20:0x619beb58998eD2278e08620f97007e1116D5D25b", "Aave variable debt bearing USDC", "C"); INSERT INTO evm_tokens(identifier, token_kind, chain, address, decimals, protocol) VALUES("eip155:1/erc20:0x619beb58998eD2278e08620f97007e1116D5D25b", "A", 1, "0x619beb58998eD2278e08620f97007e1116D5D25b", 6, "aave-v2"); INSERT INTO common_asset_details(identifier, symbol, coingecko, cryptocompare, forked, started, swapped_for) VALUES("eip155:1/erc20:0x619beb58998eD2278e08620f97007e1116D5D25b", "variableDebtUSDC", "", "", NULL, 1606832636, NULL); INSERT INTO underlying_tokens_list(identifier, weight, parent_token_entry) VALUES("eip155:1/erc20:0xA0b86991c6218b36c1d19D4a2e9Eb0cE3606eB48", "1", "eip155:1/erc20:0x619beb58998eD2278e08620f97007e1116D5D25b");
*
INSERT INTO assets(identifier, name, type) VALUES("eip155:137/erc20:0x60D55F02A771d515e077c9C2403a1ef324885CeC", "Aave Matic Market USDT", "C"); INSERT INTO evm_tokens(identifier, token_kind, chain, address, decimals, protocol) VALUES("eip155:137/erc20:0x60D55F02A771d515e077c9C2403a1ef324885CeC", "A", 137, "0x60D55F02A771d515e077c9C2403a1ef324885CeC", 6, "aave-v2"); INSERT INTO common_asset_details(identifier, symbol, coingecko, cryptocompare, forked, started, swapped_for) VALUES("eip155:137/erc20:0x60D55F02A771d515e077c9C2403a1ef324885CeC", "amUSDT", "", "", NULL, 1714388826, NULL); INSERT INTO underlying_tokens_list(identifier, weight, parent_token_entry) VALUES("eip155:137/erc20:0xc2132D05D31c914a87C6611C10748AEb04B58e8F", "1", "eip155:137/erc20:0x60D55F02A771d515e077c9C2403a1ef324885CeC");
*
INSERT INTO underlying_tokens_list(identifier, weight, parent_token_entry) VALUES("eip155:1/erc20:0xdAC17F958D2ee523a2206206994597C13D831ec7", "1", "eip155:1/erc20:0x3Ed3B47Dd13EC9a98b44e6204A523E766B225811");
INSERT INTO assets(identifier, name, type) VALUES("eip155:1/erc20:0x3Ed3B47Dd13EC9a98b44e6204A523E766B225811", "Aave interest bearing USDT", "C"); INSERT INTO evm_tokens(identifier, token_kind, chain, address, decimals, protocol) VALUES("eip155:1/erc20:0x3Ed3B47Dd13EC9a98b44e6204A523E766B225811", "A", 1, "0x3Ed3B47Dd13EC9a98b44e6204A523E766B225811", 6, "aave-v2"); INSERT INTO common_asset_details(identifier, symbol, coingecko, cryptocompare, forked, started, swapped_for) VALUES("eip155:1/erc20:0x3Ed3B47Dd13EC9a98b44e6204A523E766B225811", "aUSDT", "", "", NULL, 1606774830, NULL); INSERT INTO underlying_tokens_list(identifier, weight, parent_token_entry) VALUES("eip155:1/erc20:0xdAC17F958D2ee523a2206206994597C13D831ec7", "1", "eip155:1/erc20:0x3Ed3B47Dd13EC9a98b44e6204A523E766B225811");
INSERT INTO assets(identifier, name, type) VALUES("eip155:137/erc20:0xe590cfca10e81FeD9B0e4496381f02256f5d2f61", "Aave Matic Market stable debt USDT", "C"); INSERT INTO evm_tokens(identifier, token_kind, chain, address, decimals, protocol) VALUES("eip155:137/erc20:0xe590cfca10e81FeD9B0e4496381f02256f5d2f61", "A", 137, "0xe590cfca10e81FeD9B0e4496381f02256f5d2f61", 6, "aave-v2"); INSERT INTO common_asset_details(identifier, symbol, coingecko, cryptocompare, forked, started, swapped_for) VALUES("eip155:137/erc20:0xe590cfca10e81FeD9B0e4496381f02256f5d2f61", "stableDebtmUSDT", "", "", NULL, 1695152706, NULL); INSERT INTO underlying_tokens_list(identifier, weight, parent_token_entry) VALUES("eip155:137/erc20:0xc2132D05D31c914a87C6611C10748AEb04B58e8F", "1", "eip155:137/erc20:0xe590cfca10e81FeD9B0e4496381f02256f5d2f61");
*
INSERT INTO assets(identifier, name, type) VALUES("eip155:1/erc20:0xe91D55AB2240594855aBd11b3faAE801Fd4c4687", "Aave stable debt bearing USDT", "C"); INSERT INTO evm_tokens(identifier, token_kind, chain, address, decimals, protocol) VALUES("eip155:1/erc20:0xe91D55AB2240594855aBd11b3faAE801Fd4c4687", "A", 1, "0xe91D55AB2240594855aBd11b3faAE801Fd4c4687", 6, "aave-v2"); INSERT INTO common_asset_details(identifier, symbol, coingecko, cryptocompare, forked, started, swapped_for) VALUES("eip155:1/erc20:0xe91D55AB2240594855aBd11b3faAE801Fd4c4687", "stableDebtUSDT", "", "", NULL, 1606774830, NULL); INSERT INTO underlying_tokens_list(identifier, weight, parent_token_entry) VALUES("eip155:1/erc20:0xdAC17F958D2ee523a2206206994597C13D831ec7", "1", "eip155:1/erc20:0xe91D55AB2240594855aBd11b3faAE801Fd4c4687");
*
INSERT INTO assets(identifier, name, type) VALUES("eip155:137/erc20:0x8038857FD47108A07d1f6Bf652ef1cBeC279A2f3", "Aave Matic Market variable debt mUSDT", "C"); INSERT INTO evm_tokens(identifier, token_kind, chain, address, decimals, protocol) VALUES("eip155:137/erc20:0x8038857FD47108A07d1f6Bf652ef1cBeC279A2f3", "A", 137, "0x8038857FD47108A07d1f6Bf652ef1cBeC279A2f3", 6, "aave-v2"); INSERT INTO common_asset_details(identifier, symbol, coingecko, cryptocompare, forked, started, swapped_for) VALUES("eip155:137/erc20:0x8038857FD47108A07d1f6Bf652ef1cBeC279A2f3", "variableDebtmUSDT", "", "", NULL, 1714308518, NULL); INSERT INTO underlying_tokens_list(identifier, weight, parent_token_entry) VALUES("eip155:137/erc20:0xc2132D05D31c914a87C6611C10748AEb04B58e8F", "1", "eip155:137/erc20:0x8038857FD47108A07d1f6Bf652ef1cBeC279A2f3");
*
INSERT INTO assets(identifier, name, type) VALUES("eip155:1/erc20:0x531842cEbbdD378f8ee36D171d6cC9C4fcf475Ec", "Aave variable debt bearing USDT", "C"); INSERT INTO evm_tokens(identifier, token_kind, chain, address, decimals, protocol) VALUES("eip155:1/erc20:0x531842cEbbdD378f8ee36D171d6cC9C4fcf475Ec", "A", 1, "0x531842cEbbdD378f8ee36D171d6cC9C4fcf475Ec", 6, "aave-v2"); INSERT INTO common_asset_details(identifier, symbol, coingecko, cryptocompare, forked, started, swapped_for) VALUES("eip155:1/erc20:0x531842cEbbdD378f8ee36D171d6cC9C4fcf475Ec", "variableDebtUSDT", "", "", NULL, 1606774830, NULL); INSERT INTO underlying_tokens_list(identifier, weight, parent_token_entry) VALUES("eip155:1/erc20:0xdAC17F958D2ee523a2206206994597C13D831ec7", "1", "eip155:1/erc20:0x531842cEbbdD378f8ee36D171d6cC9C4fcf475Ec");
*
INSERT INTO assets(identifier, name, type) VALUES("eip155:137/erc20:0x5c2ed810328349100A66B82b78a1791B101C9D61", "Aave Matic Market WBTC", "C"); INSERT INTO evm_tokens(identifier, token_kind, chain, address, decimals, protocol) VALUES("eip155:137/erc20:0x5c2ed810328349100A66B82b78a1791B101C9D61", "A", 137, "0x5c2ed810328349100A66B82b78a1791B101C9D61", 8, "aave-v2"); INSERT INTO common_asset_details(identifier, symbol, coingecko, cryptocompare, forked, started, swapped_for) VALUES("eip155:137/erc20:0x5c2ed810328349100A66B82b78a1791B101C9D61", "amWBTC", "", "", NULL, 1714370268, NULL); INSERT INTO underlying_tokens_list(identifier, weight, parent_token_entry) VALUES("eip155:137/erc20:0x1BFD67037B42Cf73acF2047067bd4F2C47D9BfD6", "1", "eip155:137/erc20:0x5c2ed810328349100A66B82b78a1791B101C9D61");
*
INSERT INTO underlying_tokens_list(identifier, weight, parent_token_entry) VALUES("eip155:1/erc20:0x2260FAC5E5542a773Aa44fBCfeDf7C193bc2C599", "1", "eip155:1/erc20:0x9ff58f4fFB29fA2266Ab25e75e2A8b3503311656");
INSERT INTO assets(identifier, name, type) VALUES("eip155:1/erc20:0x9ff58f4fFB29fA2266Ab25e75e2A8b3503311656", "Aave interest bearing WBTC", "C"); INSERT INTO evm_tokens(identifier, token_kind, chain, address, decimals, protocol) VALUES("eip155:1/erc20:0x9ff58f4fFB29fA2266Ab25e75e2A8b3503311656", "A", 1, "0x9ff58f4fFB29fA2266Ab25e75e2A8b3503311656", 8, "aave-v2"); INSERT INTO common_asset_details(identifier, symbol, coingecko, cryptocompare, forked, started, swapped_for) VALUES("eip155:1/erc20:0x9ff58f4fFB29fA2266Ab25e75e2A8b3503311656", "aWBTC", "", "", NULL, 1606774830, NULL); INSERT INTO underlying_tokens_list(identifier, weight, parent_token_entry) VALUES("eip155:1/erc20:0x2260FAC5E5542a773Aa44fBCfeDf7C193bc2C599", "1", "eip155:1/erc20:0x9ff58f4fFB29fA2266Ab25e75e2A8b3503311656");
INSERT INTO assets(identifier, name, type) VALUES("eip155:137/erc20:0x2551B15dB740dB8348bFaDFe06830210eC2c2F13", "Aave Matic Market stable debt WBTC", "C"); INSERT INTO evm_tokens(identifier, token_kind, chain, address, decimals, protocol) VALUES("eip155:137/erc20:0x2551B15dB740dB8348bFaDFe06830210eC2c2F13", "A", 137, "0x2551B15dB740dB8348bFaDFe06830210eC2c2F13", 8, "aave-v2"); INSERT INTO common_asset_details(identifier, symbol, coingecko, cryptocompare, forked, started, swapped_for) VALUES("eip155:137/erc20:0x2551B15dB740dB8348bFaDFe06830210eC2c2F13", "stableDebtmWBTC", "", "", NULL, 1687992581, NULL); INSERT INTO underlying_tokens_list(identifier, weight, parent_token_entry) VALUES("eip155:137/erc20:0x1BFD67037B42Cf73acF2047067bd4F2C47D9BfD6", "1", "eip155:137/erc20:0x2551B15dB740dB8348bFaDFe06830210eC2c2F13");
*
INSERT INTO assets(identifier, name, type) VALUES("eip155:1/erc20:0x51B039b9AFE64B78758f8Ef091211b5387eA717c", "Aave stable debt bearing WBTC", "C"); INSERT INTO evm_tokens(identifier, token_kind, chain, address, decimals, protocol) VALUES("eip155:1/erc20:0x51B039b9AFE64B78758f8Ef091211b5387eA717c", "A", 1, "0x51B039b9AFE64B78758f8Ef091211b5387eA717c", 8, "aave-v2"); INSERT INTO common_asset_details(identifier, symbol, coingecko, cryptocompare, forked, started, swapped_for) VALUES("eip155:1/erc20:0x51B039b9AFE64B78758f8Ef091211b5387eA717c", "stableDebtWBTC", "", "", NULL, 1606774830, NULL); INSERT INTO underlying_tokens_list(identifier, weight, parent_token_entry) VALUES("eip155:1/erc20:0x2260FAC5E5542a773Aa44fBCfeDf7C193bc2C599", "1", "eip155:1/erc20:0x51B039b9AFE64B78758f8Ef091211b5387eA717c");
*
INSERT INTO assets(identifier, name, type) VALUES("eip155:137/erc20:0xF664F50631A6f0D72ecdaa0e49b0c019Fa72a8dC", "Aave Matic Market variable debt mWBTC", "C"); INSERT INTO evm_tokens(identifier, token_kind, chain, address, decimals, protocol) VALUES("eip155:137/erc20:0xF664F50631A6f0D72ecdaa0e49b0c019Fa72a8dC", "A", 137, "0xF664F50631A6f0D72ecdaa0e49b0c019Fa72a8dC", 8, "aave-v2"); INSERT INTO common_asset_details(identifier, symbol, coingecko, cryptocompare, forked, started, swapped_for) VALUES("eip155:137/erc20:0xF664F50631A6f0D72ecdaa0e49b0c019Fa72a8dC", "variableDebtmWBTC", "", "", NULL, 1714171098, NULL); INSERT INTO underlying_tokens_list(identifier, weight, parent_token_entry) VALUES("eip155:137/erc20:0x1BFD67037B42Cf73acF2047067bd4F2C47D9BfD6", "1", "eip155:137/erc20:0xF664F50631A6f0D72ecdaa0e49b0c019Fa72a8dC");
*
INSERT INTO assets(identifier, name, type) VALUES("eip155:1/erc20:0x9c39809Dec7F95F5e0713634a4D0701329B3b4d2", "Aave variable debt bearing WBTC", "C"); INSERT INTO evm_tokens(identifier, token_kind, chain, address, decimals, protocol) VALUES("eip155:1/erc20:0x9c39809Dec7F95F5e0713634a4D0701329B3b4d2", "A", 1, "0x9c39809Dec7F95F5e0713634a4D0701329B3b4d2", 8, "aave-v2"); INSERT INTO common_asset_details(identifier, symbol, coingecko, cryptocompare, forked, started, swapped_for) VALUES("eip155:1/erc20:0x9c39809Dec7F95F5e0713634a4D0701329B3b4d2", "variableDebtWBTC", "", "", NULL, 1606774830, NULL); INSERT INTO underlying_tokens_list(identifier, weight, parent_token_entry) VALUES("eip155:1/erc20:0x2260FAC5E5542a773Aa44fBCfeDf7C193bc2C599", "1", "eip155:1/erc20:0x9c39809Dec7F95F5e0713634a4D0701329B3b4d2");
*
INSERT INTO assets(identifier, name, type) VALUES("eip155:137/erc20:0x28424507fefb6f7f8E9D3860F56504E4e5f5f390", "Aave Matic Market WETH", "C"); INSERT INTO evm_tokens(identifier, token_kind, chain, address, decimals, protocol) VALUES("eip155:137/erc20:0x28424507fefb6f7f8E9D3860F56504E4e5f5f390", "A", 137, "0x28424507fefb6f7f8E9D3860F56504E4e5f5f390", 18, "aave-v2"); INSERT INTO common_asset_details(identifier, symbol, coingecko, cryptocompare, forked, started, swapped_for) VALUES("eip155:137/erc20:0x28424507fefb6f7f8E9D3860F56504E4e5f5f390", "amWETH", "", "", NULL, 1714388870, NULL); INSERT INTO underlying_tokens_list(identifier, weight, parent_token_entry) VALUES("eip155:137/erc20:0x7ceB23fD6bC0adD59E62ac25578270cFf1b9f619", "1", "eip155:137/erc20:0x28424507fefb6f7f8E9D3860F56504E4e5f5f390");
*
INSERT INTO underlying_tokens_list(identifier, weight, parent_token_entry) VALUES("eip155:1/erc20:0xC02aaA39b223FE8D0A0e5C4F27eAD9083C756Cc2", "1", "eip155:1/erc20:0x030bA81f1c18d280636F32af80b9AAd02Cf0854e");
INSERT INTO assets(identifier, name, type) VALUES("eip155:1/erc20:0x030bA81f1c18d280636F32af80b9AAd02Cf0854e", "Aave interest bearing WETH", "C"); INSERT INTO evm_tokens(identifier, token_kind, chain, address, decimals, protocol) VALUES("eip155:1/erc20:0x030bA81f1c18d280636F32af80b9AAd02Cf0854e", "A", 1, "0x030bA81f1c18d280636F32af80b9AAd02Cf0854e", 18, "aave-v2"); INSERT INTO common_asset_details(identifier, symbol, coingecko, cryptocompare, forked, started, swapped_for) VALUES("eip155:1/erc20:0x030bA81f1c18d280636F32af80b9AAd02Cf0854e", "aWETH", "", "", NULL, 1606774830, NULL); INSERT INTO underlying_tokens_list(identifier, weight, parent_token_entry) VALUES("eip155:1/erc20:0xC02aaA39b223FE8D0A0e5C4F27eAD9083C756Cc2", "1", "eip155:1/erc20:0x030bA81f1c18d280636F32af80b9AAd02Cf0854e");
INSERT INTO assets(identifier, name, type) VALUES("eip155:137/erc20:0xc478cBbeB590C76b01ce658f8C4dda04f30e2C6f", "Aave Matic Market stable debt WETH", "C"); INSERT INTO evm_tokens(identifier, token_kind, chain, address, decimals, protocol) VALUES("eip155:137/erc20:0xc478cBbeB590C76b01ce658f8C4dda04f30e2C6f", "A", 137, "0xc478cBbeB590C76b01ce658f8C4dda04f30e2C6f", 18, "aave-v2"); INSERT INTO common_asset_details(identifier, symbol, coingecko, cryptocompare, forked, started, swapped_for) VALUES("eip155:137/erc20:0xc478cBbeB590C76b01ce658f8C4dda04f30e2C6f", "stableDebtmWETH", "", "", NULL, 1705445380, NULL); INSERT INTO underlying_tokens_list(identifier, weight, parent_token_entry) VALUES("eip155:137/erc20:0x7ceB23fD6bC0adD59E62ac25578270cFf1b9f619", "1", "eip155:137/erc20:0xc478cBbeB590C76b01ce658f8C4dda04f30e2C6f");
*
INSERT INTO assets(identifier, name, type) VALUES("eip155:1/erc20:0x4e977830ba4bd783C0BB7F15d3e243f73FF57121", "Aave stable debt bearing WETH", "C"); INSERT INTO evm_tokens(identifier, token_kind, chain, address, decimals, protocol) VALUES("eip155:1/erc20:0x4e977830ba4bd783C0BB7F15d3e243f73FF57121", "A", 1, "0x4e977830ba4bd783C0BB7F15d3e243f73FF57121", 18, "aave-v2"); INSERT INTO common_asset_details(identifier, symbol, coingecko, cryptocompare, forked, started, swapped_for) VALUES("eip155:1/erc20:0x4e977830ba4bd783C0BB7F15d3e243f73FF57121", "stableDebtWETH", "", "", NULL, 1606774830, NULL); INSERT INTO underlying_tokens_list(identifier, weight, parent_token_entry) VALUES("eip155:1/erc20:0xC02aaA39b223FE8D0A0e5C4F27eAD9083C756Cc2", "1", "eip155:1/erc20:0x4e977830ba4bd783C0BB7F15d3e243f73FF57121");
*
INSERT INTO assets(identifier, name, type) VALUES("eip155:137/erc20:0xeDe17e9d79fc6f9fF9250D9EEfbdB88Cc18038b5", "Aave Matic Market variable debt mWETH", "C"); INSERT INTO evm_tokens(identifier, token_kind, chain, address, decimals, protocol) VALUES("eip155:137/erc20:0xeDe17e9d79fc6f9fF9250D9EEfbdB88Cc18038b5", "A", 137, "0xeDe17e9d79fc6f9fF9250D9EEfbdB88Cc18038b5", 18, "aave-v2"); INSERT INTO common_asset_details(identifier, symbol, coingecko, cryptocompare, forked, started, swapped_for) VALUES("eip155:137/erc20:0xeDe17e9d79fc6f9fF9250D9EEfbdB88Cc18038b5", "variableDebtmWETH", "", "", NULL, 1714305870, NULL); INSERT INTO underlying_tokens_list(identifier, weight, parent_token_entry) VALUES("eip155:137/erc20:0x7ceB23fD6bC0adD59E62ac25578270cFf1b9f619", "1", "eip155:137/erc20:0xeDe17e9d79fc6f9fF9250D9EEfbdB88Cc18038b5");
*
INSERT INTO assets(identifier, name, type) VALUES("eip155:1/erc20:0xF63B34710400CAd3e044cFfDcAb00a0f32E33eCf", "Aave variable debt bearing WETH", "C"); INSERT INTO evm_tokens(identifier, token_kind, chain, address, decimals, protocol) VALUES("eip155:1/erc20:0xF63B34710400CAd3e044cFfDcAb00a0f32E33eCf", "A", 1, "0xF63B34710400CAd3e044cFfDcAb00a0f32E33eCf", 18, "aave-v2"); INSERT INTO common_asset_details(identifier, symbol, coingecko, cryptocompare, forked, started, swapped_for) VALUES("eip155:1/erc20:0xF63B34710400CAd3e044cFfDcAb00a0f32E33eCf", "variableDebtWETH", "", "", NULL, 1606774830, NULL); INSERT INTO underlying_tokens_list(identifier, weight, parent_token_entry) VALUES("eip155:1/erc20:0xC02aaA39b223FE8D0A0e5C4F27eAD9083C756Cc2", "1", "eip155:1/erc20:0xF63B34710400CAd3e044cFfDcAb00a0f32E33eCf");
*
INSERT INTO assets(identifier, name, type) VALUES("eip155:137/erc20:0x8dF3aad3a84da6b69A4DA8aeC3eA40d9091B2Ac4", "Aave Matic Market WMATIC", "C"); INSERT INTO evm_tokens(identifier, token_kind, chain, address, decimals, protocol) VALUES("eip155:137/erc20:0x8dF3aad3a84da6b69A4DA8aeC3eA40d9091B2Ac4", "A", 137, "0x8dF3aad3a84da6b69A4DA8aeC3eA40d9091B2Ac4", 18, "aave-v2"); INSERT INTO common_asset_details(identifier, symbol, coingecko, cryptocompare, forked, started, swapped_for) VALUES("eip155:137/erc20:0x8dF3aad3a84da6b69A4DA8aeC3eA40d9091B2Ac4", "amWMATIC", "", "", NULL, 1714392023, NULL); INSERT INTO underlying_tokens_list(identifier, weight, parent_token_entry) VALUES("eip155:137/erc20:0x0d500B1d8E8eF31E21C99d1Db9A6444d3ADf1270", "1", "eip155:137/erc20:0x8dF3aad3a84da6b69A4DA8aeC3eA40d9091B2Ac4");
*
INSERT INTO assets(identifier, name, type) VALUES("eip155:137/erc20:0xb9A6E29fB540C5F1243ef643EB39b0AcbC2e68E3", "Aave Matic Market stable debt WMATIC", "C"); INSERT INTO evm_tokens(identifier, token_kind, chain, address, decimals, protocol) VALUES("eip155:137/erc20:0xb9A6E29fB540C5F1243ef643EB39b0AcbC2e68E3", "A", 137, "0xb9A6E29fB540C5F1243ef643EB39b0AcbC2e68E3", 18, "aave-v2"); INSERT INTO common_asset_details(identifier, symbol, coingecko, cryptocompare, forked, started, swapped_for) VALUES("eip155:137/erc20:0xb9A6E29fB540C5F1243ef643EB39b0AcbC2e68E3", "stableDebtmWMATIC", "", "", NULL, 1687990691, NULL); INSERT INTO underlying_tokens_list(identifier, weight, parent_token_entry) VALUES("eip155:137/erc20:0x0d500B1d8E8eF31E21C99d1Db9A6444d3ADf1270", "1", "eip155:137/erc20:0xb9A6E29fB540C5F1243ef643EB39b0AcbC2e68E3");
*
INSERT INTO assets(identifier, name, type) VALUES("eip155:137/erc20:0x59e8E9100cbfCBCBAdf86b9279fa61526bBB8765", "Aave Matic Market variable debt mWMATIC", "C"); INSERT INTO evm_tokens(identifier, token_kind, chain, address, decimals, protocol) VALUES("eip155:137/erc20:0x59e8E9100cbfCBCBAdf86b9279fa61526bBB8765", "A", 137, "0x59e8E9100cbfCBCBAdf86b9279fa61526bBB8765", 18, "aave-v2"); INSERT INTO common_asset_details(identifier, symbol, coingecko, cryptocompare, forked, started, swapped_for) VALUES("eip155:137/erc20:0x59e8E9100cbfCBCBAdf86b9279fa61526bBB8765", "variableDebtmWMATIC", "", "", NULL, 1714359550, NULL); INSERT INTO underlying_tokens_list(identifier, weight, parent_token_entry) VALUES("eip155:137/erc20:0x0d500B1d8E8eF31E21C99d1Db9A6444d3ADf1270", "1", "eip155:137/erc20:0x59e8E9100cbfCBCBAdf86b9279fa61526bBB8765");
*
INSERT INTO assets(identifier, name, type) VALUES("eip155:137/erc20:0x1d2a0E5EC8E5bBDCA5CB219e649B565d8e5c3360", "Aave Matic Market AAVE", "C"); INSERT INTO evm_tokens(identifier, token_kind, chain, address, decimals, protocol) VALUES("eip155:137/erc20:0x1d2a0E5EC8E5bBDCA5CB219e649B565d8e5c3360", "A", 137, "0x1d2a0E5EC8E5bBDCA5CB219e649B565d8e5c3360", 18, "aave-v2"); INSERT INTO common_asset_details(identifier, symbol, coingecko, cryptocompare, forked, started, swapped_for) VALUES("eip155:137/erc20:0x1d2a0E5EC8E5bBDCA5CB219e649B565d8e5c3360", "amAAVE", "", "", NULL, 1714318144, NULL); INSERT INTO underlying_tokens_list(identifier, weight, parent_token_entry) VALUES("eip155:137/erc20:0xD6DF932A45C0f255f85145f286eA0b292B21C90B", "1", "eip155:137/erc20:0x1d2a0E5EC8E5bBDCA5CB219e649B565d8e5c3360");
*
INSERT INTO underlying_tokens_list(identifier, weight, parent_token_entry) VALUES("eip155:1/erc20:0x7Fc66500c84A76Ad7e9c93437bFc5Ac33E2DDaE9", "1", "eip155:1/erc20:0xFFC97d72E13E01096502Cb8Eb52dEe56f74DAD7B");
INSERT INTO assets(identifier, name, type) VALUES("eip155:1/erc20:0xFFC97d72E13E01096502Cb8Eb52dEe56f74DAD7B", "Aave interest bearing AAVE", "C"); INSERT INTO evm_tokens(identifier, token_kind, chain, address, decimals, protocol) VALUES("eip155:1/erc20:0xFFC97d72E13E01096502Cb8Eb52dEe56f74DAD7B", "A", 1, "0xFFC97d72E13E01096502Cb8Eb52dEe56f74DAD7B", 18, "aave-v2"); INSERT INTO common_asset_details(identifier, symbol, coingecko, cryptocompare, forked, started, swapped_for) VALUES("eip155:1/erc20:0xFFC97d72E13E01096502Cb8Eb52dEe56f74DAD7B", "aAAVE", "", "", NULL, 1606832522, NULL); INSERT INTO underlying_tokens_list(identifier, weight, parent_token_entry) VALUES("eip155:1/erc20:0x7Fc66500c84A76Ad7e9c93437bFc5Ac33E2DDaE9", "1", "eip155:1/erc20:0xFFC97d72E13E01096502Cb8Eb52dEe56f74DAD7B");
INSERT INTO assets(identifier, name, type) VALUES("eip155:137/erc20:0x17912140e780B29Ba01381F088f21E8d75F954F9", "Aave Matic Market stable debt AAVE", "C"); INSERT INTO evm_tokens(identifier, token_kind, chain, address, decimals, protocol) VALUES("eip155:137/erc20:0x17912140e780B29Ba01381F088f21E8d75F954F9", "A", 137, "0x17912140e780B29Ba01381F088f21E8d75F954F9", 18, "aave-v2"); INSERT INTO common_asset_details(identifier, symbol, coingecko, cryptocompare, forked, started, swapped_for) VALUES("eip155:137/erc20:0x17912140e780B29Ba01381F088f21E8d75F954F9", "stableDebtmAAVE", "", "", NULL, 1653308582, NULL); INSERT INTO underlying_tokens_list(identifier, weight, parent_token_entry) VALUES("eip155:137/erc20:0xD6DF932A45C0f255f85145f286eA0b292B21C90B", "1", "eip155:137/erc20:0x17912140e780B29Ba01381F088f21E8d75F954F9");
*
INSERT INTO assets(identifier, name, type) VALUES("eip155:1/erc20:0x079D6a3E844BcECf5720478A718Edb6575362C5f", "Aave stable debt bearing AAVE", "C"); INSERT INTO evm_tokens(identifier, token_kind, chain, address, decimals, protocol) VALUES("eip155:1/erc20:0x079D6a3E844BcECf5720478A718Edb6575362C5f", "A", 1, "0x079D6a3E844BcECf5720478A718Edb6575362C5f", 18, "aave-v2"); INSERT INTO common_asset_details(identifier, symbol, coingecko, cryptocompare, forked, started, swapped_for) VALUES("eip155:1/erc20:0x079D6a3E844BcECf5720478A718Edb6575362C5f", "stableDebtAAVE", "", "", NULL, 1606832522, NULL); INSERT INTO underlying_tokens_list(identifier, weight, parent_token_entry) VALUES("eip155:1/erc20:0x7Fc66500c84A76Ad7e9c93437bFc5Ac33E2DDaE9", "1", "eip155:1/erc20:0x079D6a3E844BcECf5720478A718Edb6575362C5f");
*
INSERT INTO assets(identifier, name, type) VALUES("eip155:137/erc20:0x1c313e9d0d826662F5CE692134D938656F681350", "Aave Matic Market variable debt mAAVE", "C"); INSERT INTO evm_tokens(identifier, token_kind, chain, address, decimals, protocol) VALUES("eip155:137/erc20:0x1c313e9d0d826662F5CE692134D938656F681350", "A", 137, "0x1c313e9d0d826662F5CE692134D938656F681350", 18, "aave-v2"); INSERT INTO common_asset_details(identifier, symbol, coingecko, cryptocompare, forked, started, swapped_for) VALUES("eip155:137/erc20:0x1c313e9d0d826662F5CE692134D938656F681350", "variableDebtmAAVE", "", "", NULL, 1653916795, NULL); INSERT INTO underlying_tokens_list(identifier, weight, parent_token_entry) VALUES("eip155:137/erc20:0xD6DF932A45C0f255f85145f286eA0b292B21C90B", "1", "eip155:137/erc20:0x1c313e9d0d826662F5CE692134D938656F681350");
*
INSERT INTO assets(identifier, name, type) VALUES("eip155:1/erc20:0xF7DBA49d571745D9d7fcb56225B05BEA803EBf3C", "Aave variable debt bearing AAVE", "C"); INSERT INTO evm_tokens(identifier, token_kind, chain, address, decimals, protocol) VALUES("eip155:1/erc20:0xF7DBA49d571745D9d7fcb56225B05BEA803EBf3C", "A", 1, "0xF7DBA49d571745D9d7fcb56225B05BEA803EBf3C", 18, "aave-v2"); INSERT INTO common_asset_details(identifier, symbol, coingecko, cryptocompare, forked, started, swapped_for) VALUES("eip155:1/erc20:0xF7DBA49d571745D9d7fcb56225B05BEA803EBf3C", "variableDebtAAVE", "", "", NULL, 1606832522, NULL); INSERT INTO underlying_tokens_list(identifier, weight, parent_token_entry) VALUES("eip155:1/erc20:0x7Fc66500c84A76Ad7e9c93437bFc5Ac33E2DDaE9", "1", "eip155:1/erc20:0xF7DBA49d571745D9d7fcb56225B05BEA803EBf3C");
*
INSERT INTO underlying_tokens_list(identifier, weight, parent_token_entry) VALUES("eip155:1/erc20:0x0bc529c00C6401aEF6D220BE8C6Ea1667F6Ad93e", "1", "eip155:1/erc20:0x5165d24277cD063F5ac44Efd447B27025e888f37");
INSERT INTO assets(identifier, name, type) VALUES("eip155:1/erc20:0x5165d24277cD063F5ac44Efd447B27025e888f37", "Aave interest bearing YFI", "C"); INSERT INTO evm_tokens(identifier, token_kind, chain, address, decimals, protocol) VALUES("eip155:1/erc20:0x5165d24277cD063F5ac44Efd447B27025e888f37", "A", 1, "0x5165d24277cD063F5ac44Efd447B27025e888f37", 18, "aave-v2"); INSERT INTO common_asset_details(identifier, symbol, coingecko, cryptocompare, forked, started, swapped_for) VALUES("eip155:1/erc20:0x5165d24277cD063F5ac44Efd447B27025e888f37", "aYFI", "", "", NULL, 1606774830, NULL); INSERT INTO underlying_tokens_list(identifier, weight, parent_token_entry) VALUES("eip155:1/erc20:0x0bc529c00C6401aEF6D220BE8C6Ea1667F6Ad93e", "1", "eip155:1/erc20:0x5165d24277cD063F5ac44Efd447B27025e888f37");
INSERT INTO assets(identifier, name, type) VALUES("eip155:1/erc20:0xca823F78C2Dd38993284bb42Ba9b14152082F7BD", "Aave stable debt bearing YFI", "C"); INSERT INTO evm_tokens(identifier, token_kind, chain, address, decimals, protocol) VALUES("eip155:1/erc20:0xca823F78C2Dd38993284bb42Ba9b14152082F7BD", "A", 1, "0xca823F78C2Dd38993284bb42Ba9b14152082F7BD", 18, "aave-v2"); INSERT INTO common_asset_details(identifier, symbol, coingecko, cryptocompare, forked, started, swapped_for) VALUES("eip155:1/erc20:0xca823F78C2Dd38993284bb42Ba9b14152082F7BD", "stableDebtYFI", "", "", NULL, 1606774830, NULL); INSERT INTO underlying_tokens_list(identifier, weight, parent_token_entry) VALUES("eip155:1/erc20:0x0bc529c00C6401aEF6D220BE8C6Ea1667F6Ad93e", "1", "eip155:1/erc20:0xca823F78C2Dd38993284bb42Ba9b14152082F7BD");
*
INSERT INTO assets(identifier, name, type) VALUES("eip155:1/erc20:0x7EbD09022Be45AD993BAA1CEc61166Fcc8644d97", "Aave variable debt bearing YFI", "C"); INSERT INTO evm_tokens(identifier, token_kind, chain, address, decimals, protocol) VALUES("eip155:1/erc20:0x7EbD09022Be45AD993BAA1CEc61166Fcc8644d97", "A", 1, "0x7EbD09022Be45AD993BAA1CEc61166Fcc8644d97", 18, "aave-v2"); INSERT INTO common_asset_details(identifier, symbol, coingecko, cryptocompare, forked, started, swapped_for) VALUES("eip155:1/erc20:0x7EbD09022Be45AD993BAA1CEc61166Fcc8644d97", "variableDebtYFI", "", "", NULL, 1606774830, NULL); INSERT INTO underlying_tokens_list(identifier, weight, parent_token_entry) VALUES("eip155:1/erc20:0x0bc529c00C6401aEF6D220BE8C6Ea1667F6Ad93e", "1", "eip155:1/erc20:0x7EbD09022Be45AD993BAA1CEc61166Fcc8644d97");
*
INSERT INTO underlying_tokens_list(identifier, weight, parent_token_entry) VALUES("eip155:1/erc20:0xE41d2489571d322189246DaFA5ebDe1F4699F498", "1", "eip155:1/erc20:0xDf7FF54aAcAcbFf42dfe29DD6144A69b629f8C9e");
INSERT INTO assets(identifier, name, type) VALUES("eip155:1/erc20:0xDf7FF54aAcAcbFf42dfe29DD6144A69b629f8C9e", "Aave interest bearing ZRX", "C"); INSERT INTO evm_tokens(identifier, token_kind, chain, address, decimals, protocol) VALUES("eip155:1/erc20:0xDf7FF54aAcAcbFf42dfe29DD6144A69b629f8C9e", "A", 1, "0xDf7FF54aAcAcbFf42dfe29DD6144A69b629f8C9e", 18, "aave-v2"); INSERT INTO common_asset_details(identifier, symbol, coingecko, cryptocompare, forked, started, swapped_for) VALUES("eip155:1/erc20:0xDf7FF54aAcAcbFf42dfe29DD6144A69b629f8C9e", "aZRX", "", "", NULL, 1606774858, NULL); INSERT INTO underlying_tokens_list(identifier, weight, parent_token_entry) VALUES("eip155:1/erc20:0xE41d2489571d322189246DaFA5ebDe1F4699F498", "1", "eip155:1/erc20:0xDf7FF54aAcAcbFf42dfe29DD6144A69b629f8C9e");
INSERT INTO assets(identifier, name, type) VALUES("eip155:1/erc20:0x071B4323a24E73A5afeEbe34118Cd21B8FAAF7C3", "Aave stable debt bearing ZRX", "C"); INSERT INTO evm_tokens(identifier, token_kind, chain, address, decimals, protocol) VALUES("eip155:1/erc20:0x071B4323a24E73A5afeEbe34118Cd21B8FAAF7C3", "A", 1, "0x071B4323a24E73A5afeEbe34118Cd21B8FAAF7C3", 18, "aave-v2"); INSERT INTO common_asset_details(identifier, symbol, coingecko, cryptocompare, forked, started, swapped_for) VALUES("eip155:1/erc20:0x071B4323a24E73A5afeEbe34118Cd21B8FAAF7C3", "stableDebtZRX", "", "", NULL, 1606774858, NULL); INSERT INTO underlying_tokens_list(identifier, weight, parent_token_entry) VALUES("eip155:1/erc20:0xE41d2489571d322189246DaFA5ebDe1F4699F498", "1", "eip155:1/erc20:0x071B4323a24E73A5afeEbe34118Cd21B8FAAF7C3");
*
INSERT INTO assets(identifier, name, type) VALUES("eip155:1/erc20:0x85791D117A392097590bDeD3bD5abB8d5A20491A", "Aave variable debt bearing ZRX", "C"); INSERT INTO evm_tokens(identifier, token_kind, chain, address, decimals, protocol) VALUES("eip155:1/erc20:0x85791D117A392097590bDeD3bD5abB8d5A20491A", "A", 1, "0x85791D117A392097590bDeD3bD5abB8d5A20491A", 18, "aave-v2"); INSERT INTO common_asset_details(identifier, symbol, coingecko, cryptocompare, forked, started, swapped_for) VALUES("eip155:1/erc20:0x85791D117A392097590bDeD3bD5abB8d5A20491A", "variableDebtZRX", "", "", NULL, 1606774858, NULL); INSERT INTO underlying_tokens_list(identifier, weight, parent_token_entry) VALUES("eip155:1/erc20:0xE41d2489571d322189246DaFA5ebDe1F4699F498", "1", "eip155:1/erc20:0x85791D117A392097590bDeD3bD5abB8d5A20491A");
*
INSERT INTO underlying_tokens_list(identifier, weight, parent_token_entry) VALUES("eip155:1/erc20:0x1f9840a85d5aF5bf1D1762F925BDADdC4201F984", "1", "eip155:1/erc20:0xB9D7CB55f463405CDfBe4E90a6D2Df01C2B92BF1");
INSERT INTO assets(identifier, name, type) VALUES("eip155:1/erc20:0xB9D7CB55f463405CDfBe4E90a6D2Df01C2B92BF1", "Aave interest bearing UNI", "C"); INSERT INTO evm_tokens(identifier, token_kind, chain, address, decimals, protocol) VALUES("eip155:1/erc20:0xB9D7CB55f463405CDfBe4E90a6D2Df01C2B92BF1", "A", 1, "0xB9D7CB55f463405CDfBe4E90a6D2Df01C2B92BF1", 18, "aave-v2"); INSERT INTO common_asset_details(identifier, symbol, coingecko, cryptocompare, forked, started, swapped_for) VALUES("eip155:1/erc20:0xB9D7CB55f463405CDfBe4E90a6D2Df01C2B92BF1", "aUNI", "", "", NULL, 1606774858, NULL); INSERT INTO underlying_tokens_list(identifier, weight, parent_token_entry) VALUES("eip155:1/erc20:0x1f9840a85d5aF5bf1D1762F925BDADdC4201F984", "1", "eip155:1/erc20:0xB9D7CB55f463405CDfBe4E90a6D2Df01C2B92BF1");
INSERT INTO assets(identifier, name, type) VALUES("eip155:1/erc20:0xD939F7430dC8D5a427f156dE1012A56C18AcB6Aa", "Aave stable debt bearing UNI", "C"); INSERT INTO evm_tokens(identifier, token_kind, chain, address, decimals, protocol) VALUES("eip155:1/erc20:0xD939F7430dC8D5a427f156dE1012A56C18AcB6Aa", "A", 1, "0xD939F7430dC8D5a427f156dE1012A56C18AcB6Aa", 18, "aave-v2"); INSERT INTO common_asset_details(identifier, symbol, coingecko, cryptocompare, forked, started, swapped_for) VALUES("eip155:1/erc20:0xD939F7430dC8D5a427f156dE1012A56C18AcB6Aa", "stableDebtUNI", "", "", NULL, 1606774858, NULL); INSERT INTO underlying_tokens_list(identifier, weight, parent_token_entry) VALUES("eip155:1/erc20:0x1f9840a85d5aF5bf1D1762F925BDADdC4201F984", "1", "eip155:1/erc20:0xD939F7430dC8D5a427f156dE1012A56C18AcB6Aa");
*
INSERT INTO assets(identifier, name, type) VALUES("eip155:1/erc20:0x5BdB050A92CADcCfCDcCCBFC17204a1C9cC0Ab73", "Aave variable debt bearing UNI", "C"); INSERT INTO evm_tokens(identifier, token_kind, chain, address, decimals, protocol) VALUES("eip155:1/erc20:0x5BdB050A92CADcCfCDcCCBFC17204a1C9cC0Ab73", "A", 1, "0x5BdB050A92CADcCfCDcCCBFC17204a1C9cC0Ab73", 18, "aave-v2"); INSERT INTO common_asset_details(identifier, symbol, coingecko, cryptocompare, forked, started, swapped_for) VALUES("eip155:1/erc20:0x5BdB050A92CADcCfCDcCCBFC17204a1C9cC0Ab73", "variableDebtUNI", "", "", NULL, 1606774858, NULL); INSERT INTO underlying_tokens_list(identifier, weight, parent_token_entry) VALUES("eip155:1/erc20:0x1f9840a85d5aF5bf1D1762F925BDADdC4201F984", "1", "eip155:1/erc20:0x5BdB050A92CADcCfCDcCCBFC17204a1C9cC0Ab73");
*
INSERT INTO underlying_tokens_list(identifier, weight, parent_token_entry) VALUES("eip155:1/erc20:0x0D8775F648430679A709E98d2b0Cb6250d2887EF", "1", "eip155:1/erc20:0x05Ec93c0365baAeAbF7AefFb0972ea7ECdD39CF1");
INSERT INTO assets(identifier, name, type) VALUES("eip155:1/erc20:0x05Ec93c0365baAeAbF7AefFb0972ea7ECdD39CF1", "Aave interest bearing BAT", "C"); INSERT INTO evm_tokens(identifier, token_kind, chain, address, decimals, protocol) VALUES("eip155:1/erc20:0x05Ec93c0365baAeAbF7AefFb0972ea7ECdD39CF1", "A", 1, "0x05Ec93c0365baAeAbF7AefFb0972ea7ECdD39CF1", 18, "aave-v2"); INSERT INTO common_asset_details(identifier, symbol, coingecko, cryptocompare, forked, started, swapped_for) VALUES("eip155:1/erc20:0x05Ec93c0365baAeAbF7AefFb0972ea7ECdD39CF1", "aBAT", "", "", NULL, 1606832522, NULL); INSERT INTO underlying_tokens_list(identifier, weight, parent_token_entry) VALUES("eip155:1/erc20:0x0D8775F648430679A709E98d2b0Cb6250d2887EF", "1", "eip155:1/erc20:0x05Ec93c0365baAeAbF7AefFb0972ea7ECdD39CF1");
INSERT INTO assets(identifier, name, type) VALUES("eip155:1/erc20:0x277f8676FAcf4dAA5a6EA38ba511B7F65AA02f9F", "Aave stable debt bearing BAT", "C"); INSERT INTO evm_tokens(identifier, token_kind, chain, address, decimals, protocol) VALUES("eip155:1/erc20:0x277f8676FAcf4dAA5a6EA38ba511B7F65AA02f9F", "A", 1, "0x277f8676FAcf4dAA5a6EA38ba511B7F65AA02f9F", 18, "aave-v2"); INSERT INTO common_asset_details(identifier, symbol, coingecko, cryptocompare, forked, started, swapped_for) VALUES("eip155:1/erc20:0x277f8676FAcf4dAA5a6EA38ba511B7F65AA02f9F", "stableDebtBAT", "", "", NULL, 1606832522, NULL); INSERT INTO underlying_tokens_list(identifier, weight, parent_token_entry) VALUES("eip155:1/erc20:0x0D8775F648430679A709E98d2b0Cb6250d2887EF", "1", "eip155:1/erc20:0x277f8676FAcf4dAA5a6EA38ba511B7F65AA02f9F");
*
INSERT INTO assets(identifier, name, type) VALUES("eip155:1/erc20:0xfc218A6Dfe6901CB34B1a5281FC6f1b8e7E56877", "Aave variable debt bearing BAT", "C"); INSERT INTO evm_tokens(identifier, token_kind, chain, address, decimals, protocol) VALUES("eip155:1/erc20:0xfc218A6Dfe6901CB34B1a5281FC6f1b8e7E56877", "A", 1, "0xfc218A6Dfe6901CB34B1a5281FC6f1b8e7E56877", 18, "aave-v2"); INSERT INTO common_asset_details(identifier, symbol, coingecko, cryptocompare, forked, started, swapped_for) VALUES("eip155:1/erc20:0xfc218A6Dfe6901CB34B1a5281FC6f1b8e7E56877", "variableDebtBAT", "", "", NULL, 1606832522, NULL); INSERT INTO underlying_tokens_list(identifier, weight, parent_token_entry) VALUES("eip155:1/erc20:0x0D8775F648430679A709E98d2b0Cb6250d2887EF", "1", "eip155:1/erc20:0xfc218A6Dfe6901CB34B1a5281FC6f1b8e7E56877");
*
INSERT INTO underlying_tokens_list(identifier, weight, parent_token_entry) VALUES("eip155:1/erc20:0x4Fabb145d64652a948d72533023f6E7A623C7C53", "1", "eip155:1/erc20:0xA361718326c15715591c299427c62086F69923D9");
INSERT INTO assets(identifier, name, type) VALUES("eip155:1/erc20:0xA361718326c15715591c299427c62086F69923D9", "Aave interest bearing BUSD", "C"); INSERT INTO evm_tokens(identifier, token_kind, chain, address, decimals, protocol) VALUES("eip155:1/erc20:0xA361718326c15715591c299427c62086F69923D9", "A", 1, "0xA361718326c15715591c299427c62086F69923D9", 18, "aave-v2"); INSERT INTO common_asset_details(identifier, symbol, coingecko, cryptocompare, forked, started, swapped_for) VALUES("eip155:1/erc20:0xA361718326c15715591c299427c62086F69923D9", "aBUSD", "", "", NULL, 1606832522, NULL); INSERT INTO underlying_tokens_list(identifier, weight, parent_token_entry) VALUES("eip155:1/erc20:0x4Fabb145d64652a948d72533023f6E7A623C7C53", "1", "eip155:1/erc20:0xA361718326c15715591c299427c62086F69923D9");
INSERT INTO assets(identifier, name, type) VALUES("eip155:1/erc20:0x4A7A63909A72D268b1D8a93a9395d098688e0e5C", "Aave stable debt bearing BUSD", "C"); INSERT INTO evm_tokens(identifier, token_kind, chain, address, decimals, protocol) VALUES("eip155:1/erc20:0x4A7A63909A72D268b1D8a93a9395d098688e0e5C", "A", 1, "0x4A7A63909A72D268b1D8a93a9395d098688e0e5C", 18, "aave-v2"); INSERT INTO common_asset_details(identifier, symbol, coingecko, cryptocompare, forked, started, swapped_for) VALUES("eip155:1/erc20:0x4A7A63909A72D268b1D8a93a9395d098688e0e5C", "stableDebtBUSD", "", "", NULL, 1606832522, NULL); INSERT INTO underlying_tokens_list(identifier, weight, parent_token_entry) VALUES("eip155:1/erc20:0x4Fabb145d64652a948d72533023f6E7A623C7C53", "1", "eip155:1/erc20:0x4A7A63909A72D268b1D8a93a9395d098688e0e5C");
*
INSERT INTO assets(identifier, name, type) VALUES("eip155:1/erc20:0xbA429f7011c9fa04cDd46a2Da24dc0FF0aC6099c", "Aave variable debt bearing BUSD", "C"); INSERT INTO evm_tokens(identifier, token_kind, chain, address, decimals, protocol) VALUES("eip155:1/erc20:0xbA429f7011c9fa04cDd46a2Da24dc0FF0aC6099c", "A", 1, "0xbA429f7011c9fa04cDd46a2Da24dc0FF0aC6099c", 18, "aave-v2"); INSERT INTO common_asset_details(identifier, symbol, coingecko, cryptocompare, forked, started, swapped_for) VALUES("eip155:1/erc20:0xbA429f7011c9fa04cDd46a2Da24dc0FF0aC6099c", "variableDebtBUSD", "", "", NULL, 1606832522, NULL); INSERT INTO underlying_tokens_list(identifier, weight, parent_token_entry) VALUES("eip155:1/erc20:0x4Fabb145d64652a948d72533023f6E7A623C7C53", "1", "eip155:1/erc20:0xbA429f7011c9fa04cDd46a2Da24dc0FF0aC6099c");
*
INSERT INTO underlying_tokens_list(identifier, weight, parent_token_entry) VALUES("eip155:1/erc20:0xF629cBd94d3791C9250152BD8dfBDF380E2a3B9c", "1", "eip155:1/erc20:0xaC6Df26a590F08dcC95D5a4705ae8abbc88509Ef");
INSERT INTO assets(identifier, name, type) VALUES("eip155:1/erc20:0xaC6Df26a590F08dcC95D5a4705ae8abbc88509Ef", "Aave interest bearing ENJ", "C"); INSERT INTO evm_tokens(identifier, token_kind, chain, address, decimals, protocol) VALUES("eip155:1/erc20:0xaC6Df26a590F08dcC95D5a4705ae8abbc88509Ef", "A", 1, "0xaC6Df26a590F08dcC95D5a4705ae8abbc88509Ef", 18, "aave-v2"); INSERT INTO common_asset_details(identifier, symbol, coingecko, cryptocompare, forked, started, swapped_for) VALUES("eip155:1/erc20:0xaC6Df26a590F08dcC95D5a4705ae8abbc88509Ef", "aENJ", "", "", NULL, 1606832588, NULL); INSERT INTO underlying_tokens_list(identifier, weight, parent_token_entry) VALUES("eip155:1/erc20:0xF629cBd94d3791C9250152BD8dfBDF380E2a3B9c", "1", "eip155:1/erc20:0xaC6Df26a590F08dcC95D5a4705ae8abbc88509Ef");
INSERT INTO assets(identifier, name, type) VALUES("eip155:1/erc20:0x943DcCA156b5312Aa24c1a08769D67FEce4ac14C", "Aave stable debt bearing ENJ", "C"); INSERT INTO evm_tokens(identifier, token_kind, chain, address, decimals, protocol) VALUES("eip155:1/erc20:0x943DcCA156b5312Aa24c1a08769D67FEce4ac14C", "A", 1, "0x943DcCA156b5312Aa24c1a08769D67FEce4ac14C", 18, "aave-v2"); INSERT INTO common_asset_details(identifier, symbol, coingecko, cryptocompare, forked, started, swapped_for) VALUES("eip155:1/erc20:0x943DcCA156b5312Aa24c1a08769D67FEce4ac14C", "stableDebtENJ", "", "", NULL, 1606832588, NULL); INSERT INTO underlying_tokens_list(identifier, weight, parent_token_entry) VALUES("eip155:1/erc20:0xF629cBd94d3791C9250152BD8dfBDF380E2a3B9c", "1", "eip155:1/erc20:0x943DcCA156b5312Aa24c1a08769D67FEce4ac14C");
*
INSERT INTO assets(identifier, name, type) VALUES("eip155:1/erc20:0x38995F292a6E31b78203254fE1cdd5Ca1010A446", "Aave variable debt bearing ENJ", "C"); INSERT INTO evm_tokens(identifier, token_kind, chain, address, decimals, protocol) VALUES("eip155:1/erc20:0x38995F292a6E31b78203254fE1cdd5Ca1010A446", "A", 1, "0x38995F292a6E31b78203254fE1cdd5Ca1010A446", 18, "aave-v2"); INSERT INTO common_asset_details(identifier, symbol, coingecko, cryptocompare, forked, started, swapped_for) VALUES("eip155:1/erc20:0x38995F292a6E31b78203254fE1cdd5Ca1010A446", "variableDebtENJ", "", "", NULL, 1606832588, NULL); INSERT INTO underlying_tokens_list(identifier, weight, parent_token_entry) VALUES("eip155:1/erc20:0xF629cBd94d3791C9250152BD8dfBDF380E2a3B9c", "1", "eip155:1/erc20:0x38995F292a6E31b78203254fE1cdd5Ca1010A446");
*
INSERT INTO underlying_tokens_list(identifier, weight, parent_token_entry) VALUES("eip155:1/erc20:0xdd974D5C2e2928deA5F71b9825b8b646686BD200", "1", "eip155:1/erc20:0x39C6b3e42d6A679d7D776778Fe880BC9487C2EDA");
INSERT INTO assets(identifier, name, type) VALUES("eip155:1/erc20:0x39C6b3e42d6A679d7D776778Fe880BC9487C2EDA", "Aave interest bearing KNC", "C"); INSERT INTO evm_tokens(identifier, token_kind, chain, address, decimals, protocol) VALUES("eip155:1/erc20:0x39C6b3e42d6A679d7D776778Fe880BC9487C2EDA", "A", 1, "0x39C6b3e42d6A679d7D776778Fe880BC9487C2EDA", 18, "aave-v2"); INSERT INTO common_asset_details(identifier, symbol, coingecko, cryptocompare, forked, started, swapped_for) VALUES("eip155:1/erc20:0x39C6b3e42d6A679d7D776778Fe880BC9487C2EDA", "aKNC", "", "", NULL, 1606832588, NULL); INSERT INTO underlying_tokens_list(identifier, weight, parent_token_entry) VALUES("eip155:1/erc20:0xdd974D5C2e2928deA5F71b9825b8b646686BD200", "1", "eip155:1/erc20:0x39C6b3e42d6A679d7D776778Fe880BC9487C2EDA");
INSERT INTO assets(identifier, name, type) VALUES("eip155:1/erc20:0x9915dfb872778B2890a117DA1F35F335eb06B54f", "Aave stable debt bearing KNC", "C"); INSERT INTO evm_tokens(identifier, token_kind, chain, address, decimals, protocol) VALUES("eip155:1/erc20:0x9915dfb872778B2890a117DA1F35F335eb06B54f", "A", 1, "0x9915dfb872778B2890a117DA1F35F335eb06B54f", 18, "aave-v2"); INSERT INTO common_asset_details(identifier, symbol, coingecko, cryptocompare, forked, started, swapped_for) VALUES("eip155:1/erc20:0x9915dfb872778B2890a117DA1F35F335eb06B54f", "stableDebtKNC", "", "", NULL, 1606832588, NULL); INSERT INTO underlying_tokens_list(identifier, weight, parent_token_entry) VALUES("eip155:1/erc20:0xdd974D5C2e2928deA5F71b9825b8b646686BD200", "1", "eip155:1/erc20:0x9915dfb872778B2890a117DA1F35F335eb06B54f");
*
INSERT INTO assets(identifier, name, type) VALUES("eip155:1/erc20:0x6B05D1c608015Ccb8e205A690cB86773A96F39f1", "Aave variable debt bearing KNC", "C"); INSERT INTO evm_tokens(identifier, token_kind, chain, address, decimals, protocol) VALUES("eip155:1/erc20:0x6B05D1c608015Ccb8e205A690cB86773A96F39f1", "A", 1, "0x6B05D1c608015Ccb8e205A690cB86773A96F39f1", 18, "aave-v2"); INSERT INTO common_asset_details(identifier, symbol, coingecko, cryptocompare, forked, started, swapped_for) VALUES("eip155:1/erc20:0x6B05D1c608015Ccb8e205A690cB86773A96F39f1", "variableDebtKNC", "", "", NULL, 1606832588, NULL); INSERT INTO underlying_tokens_list(identifier, weight, parent_token_entry) VALUES("eip155:1/erc20:0xdd974D5C2e2928deA5F71b9825b8b646686BD200", "1", "eip155:1/erc20:0x6B05D1c608015Ccb8e205A690cB86773A96F39f1");
*
INSERT INTO underlying_tokens_list(identifier, weight, parent_token_entry) VALUES("eip155:1/erc20:0x514910771AF9Ca656af840dff83E8264EcF986CA", "1", "eip155:1/erc20:0xa06bC25B5805d5F8d82847D191Cb4Af5A3e873E0");
INSERT INTO assets(identifier, name, type) VALUES("eip155:1/erc20:0xa06bC25B5805d5F8d82847D191Cb4Af5A3e873E0", "Aave interest bearing LINK", "C"); INSERT INTO evm_tokens(identifier, token_kind, chain, address, decimals, protocol) VALUES("eip155:1/erc20:0xa06bC25B5805d5F8d82847D191Cb4Af5A3e873E0", "A", 1, "0xa06bC25B5805d5F8d82847D191Cb4Af5A3e873E0", 18, "aave-v2"); INSERT INTO common_asset_details(identifier, symbol, coingecko, cryptocompare, forked, started, swapped_for) VALUES("eip155:1/erc20:0xa06bC25B5805d5F8d82847D191Cb4Af5A3e873E0", "aLINK", "", "", NULL, 1606832588, NULL); INSERT INTO underlying_tokens_list(identifier, weight, parent_token_entry) VALUES("eip155:1/erc20:0x514910771AF9Ca656af840dff83E8264EcF986CA", "1", "eip155:1/erc20:0xa06bC25B5805d5F8d82847D191Cb4Af5A3e873E0");
INSERT INTO assets(identifier, name, type) VALUES("eip155:1/erc20:0xFB4AEc4Cc858F2539EBd3D37f2a43eAe5b15b98a", "Aave stable debt bearing LINK", "C"); INSERT INTO evm_tokens(identifier, token_kind, chain, address, decimals, protocol) VALUES("eip155:1/erc20:0xFB4AEc4Cc858F2539EBd3D37f2a43eAe5b15b98a", "A", 1, "0xFB4AEc4Cc858F2539EBd3D37f2a43eAe5b15b98a", 18, "aave-v2"); INSERT INTO common_asset_details(identifier, symbol, coingecko, cryptocompare, forked, started, swapped_for) VALUES("eip155:1/erc20:0xFB4AEc4Cc858F2539EBd3D37f2a43eAe5b15b98a", "stableDebtLINK", "", "", NULL, 1606832588, NULL); INSERT INTO underlying_tokens_list(identifier, weight, parent_token_entry) VALUES("eip155:1/erc20:0x514910771AF9Ca656af840dff83E8264EcF986CA", "1", "eip155:1/erc20:0xFB4AEc4Cc858F2539EBd3D37f2a43eAe5b15b98a");
*
INSERT INTO assets(identifier, name, type) VALUES("eip155:1/erc20:0x0b8f12b1788BFdE65Aa1ca52E3e9F3Ba401be16D", "Aave variable debt bearing LINK", "C"); INSERT INTO evm_tokens(identifier, token_kind, chain, address, decimals, protocol) VALUES("eip155:1/erc20:0x0b8f12b1788BFdE65Aa1ca52E3e9F3Ba401be16D", "A", 1, "0x0b8f12b1788BFdE65Aa1ca52E3e9F3Ba401be16D", 18, "aave-v2"); INSERT INTO common_asset_details(identifier, symbol, coingecko, cryptocompare, forked, started, swapped_for) VALUES("eip155:1/erc20:0x0b8f12b1788BFdE65Aa1ca52E3e9F3Ba401be16D", "variableDebtLINK", "", "", NULL, 1606832588, NULL); INSERT INTO underlying_tokens_list(identifier, weight, parent_token_entry) VALUES("eip155:1/erc20:0x514910771AF9Ca656af840dff83E8264EcF986CA", "1", "eip155:1/erc20:0x0b8f12b1788BFdE65Aa1ca52E3e9F3Ba401be16D");
*
INSERT INTO underlying_tokens_list(identifier, weight, parent_token_entry) VALUES("eip155:1/erc20:0x0F5D2fB29fb7d3CFeE444a200298f468908cC942", "1", "eip155:1/erc20:0xa685a61171bb30d4072B338c80Cb7b2c865c873E");
INSERT INTO assets(identifier, name, type) VALUES("eip155:1/erc20:0xa685a61171bb30d4072B338c80Cb7b2c865c873E", "Aave interest bearing MANA", "C"); INSERT INTO evm_tokens(identifier, token_kind, chain, address, decimals, protocol) VALUES("eip155:1/erc20:0xa685a61171bb30d4072B338c80Cb7b2c865c873E", "A", 1, "0xa685a61171bb30d4072B338c80Cb7b2c865c873E", 18, "aave-v2"); INSERT INTO common_asset_details(identifier, symbol, coingecko, cryptocompare, forked, started, swapped_for) VALUES("eip155:1/erc20:0xa685a61171bb30d4072B338c80Cb7b2c865c873E", "aMANA", "", "", NULL, 1606832588, NULL); INSERT INTO underlying_tokens_list(identifier, weight, parent_token_entry) VALUES("eip155:1/erc20:0x0F5D2fB29fb7d3CFeE444a200298f468908cC942", "1", "eip155:1/erc20:0xa685a61171bb30d4072B338c80Cb7b2c865c873E");
INSERT INTO assets(identifier, name, type) VALUES("eip155:1/erc20:0xD86C74eA2224f4B8591560652b50035E4e5c0a3b", "Aave stable debt bearing MANA", "C"); INSERT INTO evm_tokens(identifier, token_kind, chain, address, decimals, protocol) VALUES("eip155:1/erc20:0xD86C74eA2224f4B8591560652b50035E4e5c0a3b", "A", 1, "0xD86C74eA2224f4B8591560652b50035E4e5c0a3b", 18, "aave-v2"); INSERT INTO common_asset_details(identifier, symbol, coingecko, cryptocompare, forked, started, swapped_for) VALUES("eip155:1/erc20:0xD86C74eA2224f4B8591560652b50035E4e5c0a3b", "stableDebtMANA", "", "", NULL, 1606832588, NULL); INSERT INTO underlying_tokens_list(identifier, weight, parent_token_entry) VALUES("eip155:1/erc20:0x0F5D2fB29fb7d3CFeE444a200298f468908cC942", "1", "eip155:1/erc20:0xD86C74eA2224f4B8591560652b50035E4e5c0a3b");
*
INSERT INTO assets(identifier, name, type) VALUES("eip155:1/erc20:0x0A68976301e46Ca6Ce7410DB28883E309EA0D352", "Aave variable debt bearing MANA", "C"); INSERT INTO evm_tokens(identifier, token_kind, chain, address, decimals, protocol) VALUES("eip155:1/erc20:0x0A68976301e46Ca6Ce7410DB28883E309EA0D352", "A", 1, "0x0A68976301e46Ca6Ce7410DB28883E309EA0D352", 18, "aave-v2"); INSERT INTO common_asset_details(identifier, symbol, coingecko, cryptocompare, forked, started, swapped_for) VALUES("eip155:1/erc20:0x0A68976301e46Ca6Ce7410DB28883E309EA0D352", "variableDebtMANA", "", "", NULL, 1606832588, NULL); INSERT INTO underlying_tokens_list(identifier, weight, parent_token_entry) VALUES("eip155:1/erc20:0x0F5D2fB29fb7d3CFeE444a200298f468908cC942", "1", "eip155:1/erc20:0x0A68976301e46Ca6Ce7410DB28883E309EA0D352");
*
INSERT INTO underlying_tokens_list(identifier, weight, parent_token_entry) VALUES("eip155:1/erc20:0x9f8F72aA9304c8B593d555F12eF6589cC3A579A2", "1", "eip155:1/erc20:0xc713e5E149D5D0715DcD1c156a020976e7E56B88");
INSERT INTO assets(identifier, name, type) VALUES("eip155:1/erc20:0xc713e5E149D5D0715DcD1c156a020976e7E56B88", "Aave interest bearing MKR", "C"); INSERT INTO evm_tokens(identifier, token_kind, chain, address, decimals, protocol) VALUES("eip155:1/erc20:0xc713e5E149D5D0715DcD1c156a020976e7E56B88", "A", 1, "0xc713e5E149D5D0715DcD1c156a020976e7E56B88", 18, "aave-v2"); INSERT INTO common_asset_details(identifier, symbol, coingecko, cryptocompare, forked, started, swapped_for) VALUES("eip155:1/erc20:0xc713e5E149D5D0715DcD1c156a020976e7E56B88", "aMKR", "", "", NULL, 1606832623, NULL); INSERT INTO underlying_tokens_list(identifier, weight, parent_token_entry) VALUES("eip155:1/erc20:0x9f8F72aA9304c8B593d555F12eF6589cC3A579A2", "1", "eip155:1/erc20:0xc713e5E149D5D0715DcD1c156a020976e7E56B88");
INSERT INTO assets(identifier, name, type) VALUES("eip155:1/erc20:0xC01C8E4b12a89456a9fD4e4e75B72546Bf53f0B5", "Aave stable debt bearing MKR", "C"); INSERT INTO evm_tokens(identifier, token_kind, chain, address, decimals, protocol) VALUES("eip155:1/erc20:0xC01C8E4b12a89456a9fD4e4e75B72546Bf53f0B5", "A", 1, "0xC01C8E4b12a89456a9fD4e4e75B72546Bf53f0B5", 18, "aave-v2"); INSERT INTO common_asset_details(identifier, symbol, coingecko, cryptocompare, forked, started, swapped_for) VALUES("eip155:1/erc20:0xC01C8E4b12a89456a9fD4e4e75B72546Bf53f0B5", "stableDebtMKR", "", "", NULL, 1606832623, NULL); INSERT INTO underlying_tokens_list(identifier, weight, parent_token_entry) VALUES("eip155:1/erc20:0x9f8F72aA9304c8B593d555F12eF6589cC3A579A2", "1", "eip155:1/erc20:0xC01C8E4b12a89456a9fD4e4e75B72546Bf53f0B5");
*
INSERT INTO assets(identifier, name, type) VALUES("eip155:1/erc20:0xba728eAd5e496BE00DCF66F650b6d7758eCB50f8", "Aave variable debt bearing MKR", "C"); INSERT INTO evm_tokens(identifier, token_kind, chain, address, decimals, protocol) VALUES("eip155:1/erc20:0xba728eAd5e496BE00DCF66F650b6d7758eCB50f8", "A", 1, "0xba728eAd5e496BE00DCF66F650b6d7758eCB50f8", 18, "aave-v2"); INSERT INTO common_asset_details(identifier, symbol, coingecko, cryptocompare, forked, started, swapped_for) VALUES("eip155:1/erc20:0xba728eAd5e496BE00DCF66F650b6d7758eCB50f8", "variableDebtMKR", "", "", NULL, 1606832623, NULL); INSERT INTO underlying_tokens_list(identifier, weight, parent_token_entry) VALUES("eip155:1/erc20:0x9f8F72aA9304c8B593d555F12eF6589cC3A579A2", "1", "eip155:1/erc20:0xba728eAd5e496BE00DCF66F650b6d7758eCB50f8");
*
INSERT INTO underlying_tokens_list(identifier, weight, parent_token_entry) VALUES("eip155:1/erc20:0x408e41876cCCDC0F92210600ef50372656052a38", "1", "eip155:1/erc20:0xCC12AbE4ff81c9378D670De1b57F8e0Dd228D77a");
INSERT INTO assets(identifier, name, type) VALUES("eip155:1/erc20:0xCC12AbE4ff81c9378D670De1b57F8e0Dd228D77a", "Aave interest bearing REN", "C"); INSERT INTO evm_tokens(identifier, token_kind, chain, address, decimals, protocol) VALUES("eip155:1/erc20:0xCC12AbE4ff81c9378D670De1b57F8e0Dd228D77a", "A", 1, "0xCC12AbE4ff81c9378D670De1b57F8e0Dd228D77a", 18, "aave-v2"); INSERT INTO common_asset_details(identifier, symbol, coingecko, cryptocompare, forked, started, swapped_for) VALUES("eip155:1/erc20:0xCC12AbE4ff81c9378D670De1b57F8e0Dd228D77a", "aREN", "", "", NULL, 1606832623, NULL); INSERT INTO underlying_tokens_list(identifier, weight, parent_token_entry) VALUES("eip155:1/erc20:0x408e41876cCCDC0F92210600ef50372656052a38", "1", "eip155:1/erc20:0xCC12AbE4ff81c9378D670De1b57F8e0Dd228D77a");
INSERT INTO assets(identifier, name, type) VALUES("eip155:1/erc20:0x3356Ec1eFA75d9D150Da1EC7d944D9EDf73703B7", "Aave stable debt bearing REN", "C"); INSERT INTO evm_tokens(identifier, token_kind, chain, address, decimals, protocol) VALUES("eip155:1/erc20:0x3356Ec1eFA75d9D150Da1EC7d944D9EDf73703B7", "A", 1, "0x3356Ec1eFA75d9D150Da1EC7d944D9EDf73703B7", 18, "aave-v2"); INSERT INTO common_asset_details(identifier, symbol, coingecko, cryptocompare, forked, started, swapped_for) VALUES("eip155:1/erc20:0x3356Ec1eFA75d9D150Da1EC7d944D9EDf73703B7", "stableDebtREN", "", "", NULL, 1606832623, NULL); INSERT INTO underlying_tokens_list(identifier, weight, parent_token_entry) VALUES("eip155:1/erc20:0x408e41876cCCDC0F92210600ef50372656052a38", "1", "eip155:1/erc20:0x3356Ec1eFA75d9D150Da1EC7d944D9EDf73703B7");
*
INSERT INTO assets(identifier, name, type) VALUES("eip155:1/erc20:0xcd9D82d33bd737De215cDac57FE2F7f04DF77FE0", "Aave variable debt bearing REN", "C"); INSERT INTO evm_tokens(identifier, token_kind, chain, address, decimals, protocol) VALUES("eip155:1/erc20:0xcd9D82d33bd737De215cDac57FE2F7f04DF77FE0", "A", 1, "0xcd9D82d33bd737De215cDac57FE2F7f04DF77FE0", 18, "aave-v2"); INSERT INTO common_asset_details(identifier, symbol, coingecko, cryptocompare, forked, started, swapped_for) VALUES("eip155:1/erc20:0xcd9D82d33bd737De215cDac57FE2F7f04DF77FE0", "variableDebtREN", "", "", NULL, 1606832623, NULL); INSERT INTO underlying_tokens_list(identifier, weight, parent_token_entry) VALUES("eip155:1/erc20:0x408e41876cCCDC0F92210600ef50372656052a38", "1", "eip155:1/erc20:0xcd9D82d33bd737De215cDac57FE2F7f04DF77FE0");
*
INSERT INTO underlying_tokens_list(identifier, weight, parent_token_entry) VALUES("eip155:1/erc20:0xC011a73ee8576Fb46F5E1c5751cA3B9Fe0af2a6F", "1", "eip155:1/erc20:0x35f6B052C598d933D69A4EEC4D04c73A191fE6c2");
INSERT INTO assets(identifier, name, type) VALUES("eip155:1/erc20:0x35f6B052C598d933D69A4EEC4D04c73A191fE6c2", "Aave interest bearing SNX", "C"); INSERT INTO evm_tokens(identifier, token_kind, chain, address, decimals, protocol) VALUES("eip155:1/erc20:0x35f6B052C598d933D69A4EEC4D04c73A191fE6c2", "A", 1, "0x35f6B052C598d933D69A4EEC4D04c73A191fE6c2", 18, "aave-v2"); INSERT INTO common_asset_details(identifier, symbol, coingecko, cryptocompare, forked, started, swapped_for) VALUES("eip155:1/erc20:0x35f6B052C598d933D69A4EEC4D04c73A191fE6c2", "aSNX", "", "", NULL, 1606832623, NULL); INSERT INTO underlying_tokens_list(identifier, weight, parent_token_entry) VALUES("eip155:1/erc20:0xC011a73ee8576Fb46F5E1c5751cA3B9Fe0af2a6F", "1", "eip155:1/erc20:0x35f6B052C598d933D69A4EEC4D04c73A191fE6c2");
INSERT INTO assets(identifier, name, type) VALUES("eip155:1/erc20:0x8575c8ae70bDB71606A53AeA1c6789cB0fBF3166", "Aave stable debt bearing SNX", "C"); INSERT INTO evm_tokens(identifier, token_kind, chain, address, decimals, protocol) VALUES("eip155:1/erc20:0x8575c8ae70bDB71606A53AeA1c6789cB0fBF3166", "A", 1, "0x8575c8ae70bDB71606A53AeA1c6789cB0fBF3166", 18, "aave-v2"); INSERT INTO common_asset_details(identifier, symbol, coingecko, cryptocompare, forked, started, swapped_for) VALUES("eip155:1/erc20:0x8575c8ae70bDB71606A53AeA1c6789cB0fBF3166", "stableDebtSNX", "", "", NULL, 1606832623, NULL); INSERT INTO underlying_tokens_list(identifier, weight, parent_token_entry) VALUES("eip155:1/erc20:0xC011a73ee8576Fb46F5E1c5751cA3B9Fe0af2a6F", "1", "eip155:1/erc20:0x8575c8ae70bDB71606A53AeA1c6789cB0fBF3166");
*
INSERT INTO assets(identifier, name, type) VALUES("eip155:1/erc20:0x267EB8Cf715455517F9BD5834AeAE3CeA1EBdbD8", "Aave variable debt bearing SNX", "C"); INSERT INTO evm_tokens(identifier, token_kind, chain, address, decimals, protocol) VALUES("eip155:1/erc20:0x267EB8Cf715455517F9BD5834AeAE3CeA1EBdbD8", "A", 1, "0x267EB8Cf715455517F9BD5834AeAE3CeA1EBdbD8", 18, "aave-v2"); INSERT INTO common_asset_details(identifier, symbol, coingecko, cryptocompare, forked, started, swapped_for) VALUES("eip155:1/erc20:0x267EB8Cf715455517F9BD5834AeAE3CeA1EBdbD8", "variableDebtSNX", "", "", NULL, 1606832623, NULL); INSERT INTO underlying_tokens_list(identifier, weight, parent_token_entry) VALUES("eip155:1/erc20:0xC011a73ee8576Fb46F5E1c5751cA3B9Fe0af2a6F", "1", "eip155:1/erc20:0x267EB8Cf715455517F9BD5834AeAE3CeA1EBdbD8");
*
INSERT INTO underlying_tokens_list(identifier, weight, parent_token_entry) VALUES("eip155:1/erc20:0x57Ab1ec28D129707052df4dF418D58a2D46d5f51", "1", "eip155:1/erc20:0x6C5024Cd4F8A59110119C56f8933403A539555EB");
INSERT INTO assets(identifier, name, type) VALUES("eip155:1/erc20:0x6C5024Cd4F8A59110119C56f8933403A539555EB", "Aave interest bearing SUSD", "C"); INSERT INTO evm_tokens(identifier, token_kind, chain, address, decimals, protocol) VALUES("eip155:1/erc20:0x6C5024Cd4F8A59110119C56f8933403A539555EB", "A", 1, "0x6C5024Cd4F8A59110119C56f8933403A539555EB", 18, "aave-v2"); INSERT INTO common_asset_details(identifier, symbol, coingecko, cryptocompare, forked, started, swapped_for) VALUES("eip155:1/erc20:0x6C5024Cd4F8A59110119C56f8933403A539555EB", "aSUSD", "", "", NULL, 1606832623, NULL); INSERT INTO underlying_tokens_list(identifier, weight, parent_token_entry) VALUES("eip155:1/erc20:0x57Ab1ec28D129707052df4dF418D58a2D46d5f51", "1", "eip155:1/erc20:0x6C5024Cd4F8A59110119C56f8933403A539555EB");
INSERT INTO assets(identifier, name, type) VALUES("eip155:1/erc20:0x30B0f7324feDF89d8eff397275F8983397eFe4af", "Aave stable debt bearing SUSD", "C"); INSERT INTO evm_tokens(identifier, token_kind, chain, address, decimals, protocol) VALUES("eip155:1/erc20:0x30B0f7324feDF89d8eff397275F8983397eFe4af", "A", 1, "0x30B0f7324feDF89d8eff397275F8983397eFe4af", 18, "aave-v2"); INSERT INTO common_asset_details(identifier, symbol, coingecko, cryptocompare, forked, started, swapped_for) VALUES("eip155:1/erc20:0x30B0f7324feDF89d8eff397275F8983397eFe4af", "stableDebtSUSD", "", "", NULL, 1606832623, NULL); INSERT INTO underlying_tokens_list(identifier, weight, parent_token_entry) VALUES("eip155:1/erc20:0x57Ab1ec28D129707052df4dF418D58a2D46d5f51", "1", "eip155:1/erc20:0x30B0f7324feDF89d8eff397275F8983397eFe4af");
*
INSERT INTO assets(identifier, name, type) VALUES("eip155:1/erc20:0xdC6a3Ab17299D9C2A412B0e0a4C1f55446AE0817", "Aave variable debt bearing SUSD", "C"); INSERT INTO evm_tokens(identifier, token_kind, chain, address, decimals, protocol) VALUES("eip155:1/erc20:0xdC6a3Ab17299D9C2A412B0e0a4C1f55446AE0817", "A", 1, "0xdC6a3Ab17299D9C2A412B0e0a4C1f55446AE0817", 18, "aave-v2"); INSERT INTO common_asset_details(identifier, symbol, coingecko, cryptocompare, forked, started, swapped_for) VALUES("eip155:1/erc20:0xdC6a3Ab17299D9C2A412B0e0a4C1f55446AE0817", "variableDebtSUSD", "", "", NULL, 1606832623, NULL); INSERT INTO underlying_tokens_list(identifier, weight, parent_token_entry) VALUES("eip155:1/erc20:0x57Ab1ec28D129707052df4dF418D58a2D46d5f51", "1", "eip155:1/erc20:0xdC6a3Ab17299D9C2A412B0e0a4C1f55446AE0817");
*
INSERT INTO underlying_tokens_list(identifier, weight, parent_token_entry) VALUES("eip155:1/erc20:0x0000000000085d4780B73119b644AE5ecd22b376", "1", "eip155:1/erc20:0x101cc05f4A51C0319f570d5E146a8C625198e636");
INSERT INTO assets(identifier, name, type) VALUES("eip155:1/erc20:0x101cc05f4A51C0319f570d5E146a8C625198e636", "Aave interest bearing TUSD", "C"); INSERT INTO evm_tokens(identifier, token_kind, chain, address, decimals, protocol) VALUES("eip155:1/erc20:0x101cc05f4A51C0319f570d5E146a8C625198e636", "A", 1, "0x101cc05f4A51C0319f570d5E146a8C625198e636", 18, "aave-v2"); INSERT INTO common_asset_details(identifier, symbol, coingecko, cryptocompare, forked, started, swapped_for) VALUES("eip155:1/erc20:0x101cc05f4A51C0319f570d5E146a8C625198e636", "aTUSD", "", "", NULL, 1606832636, NULL); INSERT INTO underlying_tokens_list(identifier, weight, parent_token_entry) VALUES("eip155:1/erc20:0x0000000000085d4780B73119b644AE5ecd22b376", "1", "eip155:1/erc20:0x101cc05f4A51C0319f570d5E146a8C625198e636");
INSERT INTO assets(identifier, name, type) VALUES("eip155:1/erc20:0x7f38d60D94652072b2C44a18c0e14A481EC3C0dd", "Aave stable debt bearing TUSD", "C"); INSERT INTO evm_tokens(identifier, token_kind, chain, address, decimals, protocol) VALUES("eip155:1/erc20:0x7f38d60D94652072b2C44a18c0e14A481EC3C0dd", "A", 1, "0x7f38d60D94652072b2C44a18c0e14A481EC3C0dd", 18, "aave-v2"); INSERT INTO common_asset_details(identifier, symbol, coingecko, cryptocompare, forked, started, swapped_for) VALUES("eip155:1/erc20:0x7f38d60D94652072b2C44a18c0e14A481EC3C0dd", "stableDebtTUSD", "", "", NULL, 1606832636, NULL); INSERT INTO underlying_tokens_list(identifier, weight, parent_token_entry) VALUES("eip155:1/erc20:0x0000000000085d4780B73119b644AE5ecd22b376", "1", "eip155:1/erc20:0x7f38d60D94652072b2C44a18c0e14A481EC3C0dd");
*
INSERT INTO assets(identifier, name, type) VALUES("eip155:1/erc20:0x01C0eb1f8c6F1C1bF74ae028697ce7AA2a8b0E92", "Aave variable debt bearing TUSD", "C"); INSERT INTO evm_tokens(identifier, token_kind, chain, address, decimals, protocol) VALUES("eip155:1/erc20:0x01C0eb1f8c6F1C1bF74ae028697ce7AA2a8b0E92", "A", 1, "0x01C0eb1f8c6F1C1bF74ae028697ce7AA2a8b0E92", 18, "aave-v2"); INSERT INTO common_asset_details(identifier, symbol, coingecko, cryptocompare, forked, started, swapped_for) VALUES("eip155:1/erc20:0x01C0eb1f8c6F1C1bF74ae028697ce7AA2a8b0E92", "variableDebtTUSD", "", "", NULL, 1606832636, NULL); INSERT INTO underlying_tokens_list(identifier, weight, parent_token_entry) VALUES("eip155:1/erc20:0x0000000000085d4780B73119b644AE5ecd22b376", "1", "eip155:1/erc20:0x01C0eb1f8c6F1C1bF74ae028697ce7AA2a8b0E92");
*
INSERT INTO underlying_tokens_list(identifier, weight, parent_token_entry) VALUES("eip155:1/erc20:0xD533a949740bb3306d119CC777fa900bA034cd52", "1", "eip155:1/erc20:0x8dAE6Cb04688C62d939ed9B68d32Bc62e49970b1");
INSERT INTO assets(identifier, name, type) VALUES("eip155:1/erc20:0x8dAE6Cb04688C62d939ed9B68d32Bc62e49970b1", "Aave interest bearing CRV", "C"); INSERT INTO evm_tokens(identifier, token_kind, chain, address, decimals, protocol) VALUES("eip155:1/erc20:0x8dAE6Cb04688C62d939ed9B68d32Bc62e49970b1", "A", 1, "0x8dAE6Cb04688C62d939ed9B68d32Bc62e49970b1", 18, "aave-v2"); INSERT INTO common_asset_details(identifier, symbol, coingecko, cryptocompare, forked, started, swapped_for) VALUES("eip155:1/erc20:0x8dAE6Cb04688C62d939ed9B68d32Bc62e49970b1", "aCRV", "", "", NULL, 1609105615, NULL); INSERT INTO underlying_tokens_list(identifier, weight, parent_token_entry) VALUES("eip155:1/erc20:0xD533a949740bb3306d119CC777fa900bA034cd52", "1", "eip155:1/erc20:0x8dAE6Cb04688C62d939ed9B68d32Bc62e49970b1");
INSERT INTO assets(identifier, name, type) VALUES("eip155:1/erc20:0x9288059a74f589C919c7Cf1Db433251CdFEB874B", "Aave stable debt bearing CRV", "C"); INSERT INTO evm_tokens(identifier, token_kind, chain, address, decimals, protocol) VALUES("eip155:1/erc20:0x9288059a74f589C919c7Cf1Db433251CdFEB874B", "A", 1, "0x9288059a74f589C919c7Cf1Db433251CdFEB874B", 18, "aave-v2"); INSERT INTO common_asset_details(identifier, symbol, coingecko, cryptocompare, forked, started, swapped_for) VALUES("eip155:1/erc20:0x9288059a74f589C919c7Cf1Db433251CdFEB874B", "stableDebtCRV", "", "", NULL, 1609105615, NULL); INSERT INTO underlying_tokens_list(identifier, weight, parent_token_entry) VALUES("eip155:1/erc20:0xD533a949740bb3306d119CC777fa900bA034cd52", "1", "eip155:1/erc20:0x9288059a74f589C919c7Cf1Db433251CdFEB874B");
*
INSERT INTO assets(identifier, name, type) VALUES("eip155:1/erc20:0x00ad8eBF64F141f1C81e9f8f792d3d1631c6c684", "Aave variable debt bearing CRV", "C"); INSERT INTO evm_tokens(identifier, token_kind, chain, address, decimals, protocol) VALUES("eip155:1/erc20:0x00ad8eBF64F141f1C81e9f8f792d3d1631c6c684", "A", 1, "0x00ad8eBF64F141f1C81e9f8f792d3d1631c6c684", 18, "aave-v2"); INSERT INTO common_asset_details(identifier, symbol, coingecko, cryptocompare, forked, started, swapped_for) VALUES("eip155:1/erc20:0x00ad8eBF64F141f1C81e9f8f792d3d1631c6c684", "variableDebtCRV", "", "", NULL, 1609105615, NULL); INSERT INTO underlying_tokens_list(identifier, weight, parent_token_entry) VALUES("eip155:1/erc20:0xD533a949740bb3306d119CC777fa900bA034cd52", "1", "eip155:1/erc20:0x00ad8eBF64F141f1C81e9f8f792d3d1631c6c684");
*
INSERT INTO underlying_tokens_list(identifier, weight, parent_token_entry) VALUES("eip155:1/erc20:0x056Fd409E1d7A124BD7017459dFEa2F387b6d5Cd", "1", "eip155:1/erc20:0xD37EE7e4f452C6638c96536e68090De8cBcdb583");
INSERT INTO assets(identifier, name, type) VALUES("eip155:1/erc20:0xD37EE7e4f452C6638c96536e68090De8cBcdb583", "Aave interest bearing GUSD", "C"); INSERT INTO evm_tokens(identifier, token_kind, chain, address, decimals, protocol) VALUES("eip155:1/erc20:0xD37EE7e4f452C6638c96536e68090De8cBcdb583", "A", 1, "0xD37EE7e4f452C6638c96536e68090De8cBcdb583", 2, "aave-v2"); INSERT INTO common_asset_details(identifier, symbol, coingecko, cryptocompare, forked, started, swapped_for) VALUES("eip155:1/erc20:0xD37EE7e4f452C6638c96536e68090De8cBcdb583", "aGUSD", "", "", NULL, 1609615002, NULL); INSERT INTO underlying_tokens_list(identifier, weight, parent_token_entry) VALUES("eip155:1/erc20:0x056Fd409E1d7A124BD7017459dFEa2F387b6d5Cd", "1", "eip155:1/erc20:0xD37EE7e4f452C6638c96536e68090De8cBcdb583");
INSERT INTO assets(identifier, name, type) VALUES("eip155:1/erc20:0xf8aC64ec6Ff8E0028b37EB89772d21865321bCe0", "Aave stable debt bearing GUSD", "C"); INSERT INTO evm_tokens(identifier, token_kind, chain, address, decimals, protocol) VALUES("eip155:1/erc20:0xf8aC64ec6Ff8E0028b37EB89772d21865321bCe0", "A", 1, "0xf8aC64ec6Ff8E0028b37EB89772d21865321bCe0", 2, "aave-v2"); INSERT INTO common_asset_details(identifier, symbol, coingecko, cryptocompare, forked, started, swapped_for) VALUES("eip155:1/erc20:0xf8aC64ec6Ff8E0028b37EB89772d21865321bCe0", "stableDebtGUSD", "", "", NULL, 1609615002, NULL); INSERT INTO underlying_tokens_list(identifier, weight, parent_token_entry) VALUES("eip155:1/erc20:0x056Fd409E1d7A124BD7017459dFEa2F387b6d5Cd", "1", "eip155:1/erc20:0xf8aC64ec6Ff8E0028b37EB89772d21865321bCe0");
*
INSERT INTO assets(identifier, name, type) VALUES("eip155:1/erc20:0x279AF5b99540c1A3A7E3CDd326e19659401eF99e", "Aave variable debt bearing GUSD", "C"); INSERT INTO evm_tokens(identifier, token_kind, chain, address, decimals, protocol) VALUES("eip155:1/erc20:0x279AF5b99540c1A3A7E3CDd326e19659401eF99e", "A", 1, "0x279AF5b99540c1A3A7E3CDd326e19659401eF99e", 2, "aave-v2"); INSERT INTO common_asset_details(identifier, symbol, coingecko, cryptocompare, forked, started, swapped_for) VALUES("eip155:1/erc20:0x279AF5b99540c1A3A7E3CDd326e19659401eF99e", "variableDebtGUSD", "", "", NULL, 1609615002, NULL); INSERT INTO underlying_tokens_list(identifier, weight, parent_token_entry) VALUES("eip155:1/erc20:0x056Fd409E1d7A124BD7017459dFEa2F387b6d5Cd", "1", "eip155:1/erc20:0x279AF5b99540c1A3A7E3CDd326e19659401eF99e");
*
INSERT INTO underlying_tokens_list(identifier, weight, parent_token_entry) VALUES("eip155:1/erc20:0xba100000625a3754423978a60c9317c58a424e3D", "1", "eip155:1/erc20:0x272F97b7a56a387aE942350bBC7Df5700f8a4576");
INSERT INTO assets(identifier, name, type) VALUES("eip155:1/erc20:0x272F97b7a56a387aE942350bBC7Df5700f8a4576", "Aave interest bearing BAL", "C"); INSERT INTO evm_tokens(identifier, token_kind, chain, address, decimals, protocol) VALUES("eip155:1/erc20:0x272F97b7a56a387aE942350bBC7Df5700f8a4576", "A", 1, "0x272F97b7a56a387aE942350bBC7Df5700f8a4576", 18, "aave-v2"); INSERT INTO common_asset_details(identifier, symbol, coingecko, cryptocompare, forked, started, swapped_for) VALUES("eip155:1/erc20:0x272F97b7a56a387aE942350bBC7Df5700f8a4576", "aBAL", "", "", NULL, 1612305941, NULL); INSERT INTO underlying_tokens_list(identifier, weight, parent_token_entry) VALUES("eip155:1/erc20:0xba100000625a3754423978a60c9317c58a424e3D", "1", "eip155:1/erc20:0x272F97b7a56a387aE942350bBC7Df5700f8a4576");
INSERT INTO assets(identifier, name, type) VALUES("eip155:1/erc20:0xe569d31590307d05DA3812964F1eDd551D665a0b", "Aave stable debt bearing BAL", "C"); INSERT INTO evm_tokens(identifier, token_kind, chain, address, decimals, protocol) VALUES("eip155:1/erc20:0xe569d31590307d05DA3812964F1eDd551D665a0b", "A", 1, "0xe569d31590307d05DA3812964F1eDd551D665a0b", 18, "aave-v2"); INSERT INTO common_asset_details(identifier, symbol, coingecko, cryptocompare, forked, started, swapped_for) VALUES("eip155:1/erc20:0xe569d31590307d05DA3812964F1eDd551D665a0b", "stableDebtBAL", "", "", NULL, 1612305941, NULL); INSERT INTO underlying_tokens_list(identifier, weight, parent_token_entry) VALUES("eip155:1/erc20:0xba100000625a3754423978a60c9317c58a424e3D", "1", "eip155:1/erc20:0xe569d31590307d05DA3812964F1eDd551D665a0b");
*
INSERT INTO assets(identifier, name, type) VALUES("eip155:1/erc20:0x13210D4Fe0d5402bd7Ecbc4B5bC5cFcA3b71adB0", "Aave variable debt bearing BAL", "C"); INSERT INTO evm_tokens(identifier, token_kind, chain, address, decimals, protocol) VALUES("eip155:1/erc20:0x13210D4Fe0d5402bd7Ecbc4B5bC5cFcA3b71adB0", "A", 1, "0x13210D4Fe0d5402bd7Ecbc4B5bC5cFcA3b71adB0", 18, "aave-v2"); INSERT INTO common_asset_details(identifier, symbol, coingecko, cryptocompare, forked, started, swapped_for) VALUES("eip155:1/erc20:0x13210D4Fe0d5402bd7Ecbc4B5bC5cFcA3b71adB0", "variableDebtBAL", "", "", NULL, 1612305941, NULL); INSERT INTO underlying_tokens_list(identifier, weight, parent_token_entry) VALUES("eip155:1/erc20:0xba100000625a3754423978a60c9317c58a424e3D", "1", "eip155:1/erc20:0x13210D4Fe0d5402bd7Ecbc4B5bC5cFcA3b71adB0");
*
INSERT INTO underlying_tokens_list(identifier, weight, parent_token_entry) VALUES("eip155:1/erc20:0x8798249c2E607446EfB7Ad49eC89dD1865Ff4272", "1", "eip155:1/erc20:0xF256CC7847E919FAc9B808cC216cAc87CCF2f47a");
INSERT INTO assets(identifier, name, type) VALUES("eip155:1/erc20:0xF256CC7847E919FAc9B808cC216cAc87CCF2f47a", "Aave interest bearing XSUSHI", "C"); INSERT INTO evm_tokens(identifier, token_kind, chain, address, decimals, protocol) VALUES("eip155:1/erc20:0xF256CC7847E919FAc9B808cC216cAc87CCF2f47a", "A", 1, "0xF256CC7847E919FAc9B808cC216cAc87CCF2f47a", 18, "aave-v2"); INSERT INTO common_asset_details(identifier, symbol, coingecko, cryptocompare, forked, started, swapped_for) VALUES("eip155:1/erc20:0xF256CC7847E919FAc9B808cC216cAc87CCF2f47a", "aXSUSHI", "", "", NULL, 1613338009, NULL); INSERT INTO underlying_tokens_list(identifier, weight, parent_token_entry) VALUES("eip155:1/erc20:0x8798249c2E607446EfB7Ad49eC89dD1865Ff4272", "1", "eip155:1/erc20:0xF256CC7847E919FAc9B808cC216cAc87CCF2f47a");
INSERT INTO assets(identifier, name, type) VALUES("eip155:1/erc20:0x73Bfb81D7dbA75C904f430eA8BAe82DB0D41187B", "Aave stable debt bearing XSUSHI", "C"); INSERT INTO evm_tokens(identifier, token_kind, chain, address, decimals, protocol) VALUES("eip155:1/erc20:0x73Bfb81D7dbA75C904f430eA8BAe82DB0D41187B", "A", 1, "0x73Bfb81D7dbA75C904f430eA8BAe82DB0D41187B", 18, "aave-v2"); INSERT INTO common_asset_details(identifier, symbol, coingecko, cryptocompare, forked, started, swapped_for) VALUES("eip155:1/erc20:0x73Bfb81D7dbA75C904f430eA8BAe82DB0D41187B", "stableDebtXSUSHI", "", "", NULL, 1613338009, NULL); INSERT INTO underlying_tokens_list(identifier, weight, parent_token_entry) VALUES("eip155:1/erc20:0x8798249c2E607446EfB7Ad49eC89dD1865Ff4272", "1", "eip155:1/erc20:0x73Bfb81D7dbA75C904f430eA8BAe82DB0D41187B");
*
INSERT INTO assets(identifier, name, type) VALUES("eip155:1/erc20:0xfAFEDF95E21184E3d880bd56D4806c4b8d31c69A", "Aave variable debt bearing XSUSHI", "C"); INSERT INTO evm_tokens(identifier, token_kind, chain, address, decimals, protocol) VALUES("eip155:1/erc20:0xfAFEDF95E21184E3d880bd56D4806c4b8d31c69A", "A", 1, "0xfAFEDF95E21184E3d880bd56D4806c4b8d31c69A", 18, "aave-v2"); INSERT INTO common_asset_details(identifier, symbol, coingecko, cryptocompare, forked, started, swapped_for) VALUES("eip155:1/erc20:0xfAFEDF95E21184E3d880bd56D4806c4b8d31c69A", "variableDebtXSUSHI", "", "", NULL, 1613338009, NULL); INSERT INTO underlying_tokens_list(identifier, weight, parent_token_entry) VALUES("eip155:1/erc20:0x8798249c2E607446EfB7Ad49eC89dD1865Ff4272", "1", "eip155:1/erc20:0xfAFEDF95E21184E3d880bd56D4806c4b8d31c69A");
*
INSERT INTO assets(identifier, name, type) VALUES("eip155:1/erc20:0x514cd6756CCBe28772d4Cb81bC3156BA9d1744aa", "Aave interest bearing RENFIL", "C"); INSERT INTO evm_tokens(identifier, token_kind, chain, address, decimals, protocol) VALUES("eip155:1/erc20:0x514cd6756CCBe28772d4Cb81bC3156BA9d1744aa", "A", 1, "0x514cd6756CCBe28772d4Cb81bC3156BA9d1744aa", 18, "aave-v2"); INSERT INTO common_asset_details(identifier, symbol, coingecko, cryptocompare, forked, started, swapped_for) VALUES("eip155:1/erc20:0x514cd6756CCBe28772d4Cb81bC3156BA9d1744aa", "aRENFIL", "", "", NULL, 1619253613, NULL); INSERT INTO underlying_tokens_list(identifier, weight, parent_token_entry) VALUES("eip155:1/erc20:0xD5147bc8e386d91Cc5DBE72099DAC6C9b99276F5", "1", "eip155:1/erc20:0x514cd6756CCBe28772d4Cb81bC3156BA9d1744aa");
*
INSERT INTO assets(identifier, name, type) VALUES("eip155:1/erc20:0xcAad05C49E14075077915cB5C820EB3245aFb950", "Aave stable debt bearing RENFIL", "C"); INSERT INTO evm_tokens(identifier, token_kind, chain, address, decimals, protocol) VALUES("eip155:1/erc20:0xcAad05C49E14075077915cB5C820EB3245aFb950", "A", 1, "0xcAad05C49E14075077915cB5C820EB3245aFb950", 18, "aave-v2"); INSERT INTO common_asset_details(identifier, symbol, coingecko, cryptocompare, forked, started, swapped_for) VALUES("eip155:1/erc20:0xcAad05C49E14075077915cB5C820EB3245aFb950", "stableDebtRENFIL", "", "", NULL, 1619253613, NULL); INSERT INTO underlying_tokens_list(identifier, weight, parent_token_entry) VALUES("eip155:1/erc20:0xD5147bc8e386d91Cc5DBE72099DAC6C9b99276F5", "1", "eip155:1/erc20:0xcAad05C49E14075077915cB5C820EB3245aFb950");
*
INSERT INTO assets(identifier, name, type) VALUES("eip155:1/erc20:0x348e2eBD5E962854871874E444F4122399c02755", "Aave variable debt bearing RENFIL", "C"); INSERT INTO evm_tokens(identifier, token_kind, chain, address, decimals, protocol) VALUES("eip155:1/erc20:0x348e2eBD5E962854871874E444F4122399c02755", "A", 1, "0x348e2eBD5E962854871874E444F4122399c02755", 18, "aave-v2"); INSERT INTO common_asset_details(identifier, symbol, coingecko, cryptocompare, forked, started, swapped_for) VALUES("eip155:1/erc20:0x348e2eBD5E962854871874E444F4122399c02755", "variableDebtRENFIL", "", "", NULL, 1619253613, NULL); INSERT INTO underlying_tokens_list(identifier, weight, parent_token_entry) VALUES("eip155:1/erc20:0xD5147bc8e386d91Cc5DBE72099DAC6C9b99276F5", "1", "eip155:1/erc20:0x348e2eBD5E962854871874E444F4122399c02755");
*
INSERT INTO underlying_tokens_list(identifier, weight, parent_token_entry) VALUES("eip155:1/erc20:0x03ab458634910AaD20eF5f1C8ee96F1D6ac54919", "1", "eip155:1/erc20:0xc9BC48c72154ef3e5425641a3c747242112a46AF");
INSERT INTO assets(identifier, name, type) VALUES("eip155:1/erc20:0xc9BC48c72154ef3e5425641a3c747242112a46AF", "Aave interest bearing RAI", "C"); INSERT INTO evm_tokens(identifier, token_kind, chain, address, decimals, protocol) VALUES("eip155:1/erc20:0xc9BC48c72154ef3e5425641a3c747242112a46AF", "A", 1, "0xc9BC48c72154ef3e5425641a3c747242112a46AF", 18, "aave-v2"); INSERT INTO common_asset_details(identifier, symbol, coingecko, cryptocompare, forked, started, swapped_for) VALUES("eip155:1/erc20:0xc9BC48c72154ef3e5425641a3c747242112a46AF", "aRAI", "", "", NULL, 1624100131, NULL); INSERT INTO underlying_tokens_list(identifier, weight, parent_token_entry) VALUES("eip155:1/erc20:0x03ab458634910AaD20eF5f1C8ee96F1D6ac54919", "1", "eip155:1/erc20:0xc9BC48c72154ef3e5425641a3c747242112a46AF");
INSERT INTO assets(identifier, name, type) VALUES("eip155:1/erc20:0x9C72B8476C33AE214ee3e8C20F0bc28496a62032", "Aave stable debt bearing RAI", "C"); INSERT INTO evm_tokens(identifier, token_kind, chain, address, decimals, protocol) VALUES("eip155:1/erc20:0x9C72B8476C33AE214ee3e8C20F0bc28496a62032", "A", 1, "0x9C72B8476C33AE214ee3e8C20F0bc28496a62032", 18, "aave-v2"); INSERT INTO common_asset_details(identifier, symbol, coingecko, cryptocompare, forked, started, swapped_for) VALUES("eip155:1/erc20:0x9C72B8476C33AE214ee3e8C20F0bc28496a62032", "stableDebtRAI", "", "", NULL, 1624100131, NULL); INSERT INTO underlying_tokens_list(identifier, weight, parent_token_entry) VALUES("eip155:1/erc20:0x03ab458634910AaD20eF5f1C8ee96F1D6ac54919", "1", "eip155:1/erc20:0x9C72B8476C33AE214ee3e8C20F0bc28496a62032");
*
INSERT INTO assets(identifier, name, type) VALUES("eip155:1/erc20:0xB5385132EE8321977FfF44b60cDE9fE9AB0B4e6b", "Aave variable debt bearing RAI", "C"); INSERT INTO evm_tokens(identifier, token_kind, chain, address, decimals, protocol) VALUES("eip155:1/erc20:0xB5385132EE8321977FfF44b60cDE9fE9AB0B4e6b", "A", 1, "0xB5385132EE8321977FfF44b60cDE9fE9AB0B4e6b", 18, "aave-v2"); INSERT INTO common_asset_details(identifier, symbol, coingecko, cryptocompare, forked, started, swapped_for) VALUES("eip155:1/erc20:0xB5385132EE8321977FfF44b60cDE9fE9AB0B4e6b", "variableDebtRAI", "", "", NULL, 1624100131, NULL); INSERT INTO underlying_tokens_list(identifier, weight, parent_token_entry) VALUES("eip155:1/erc20:0x03ab458634910AaD20eF5f1C8ee96F1D6ac54919", "1", "eip155:1/erc20:0xB5385132EE8321977FfF44b60cDE9fE9AB0B4e6b");
*
INSERT INTO assets(identifier, name, type) VALUES("eip155:1/erc20:0x1E6bb68Acec8fefBD87D192bE09bb274170a0548", "Aave interest bearing AMPL", "C"); INSERT INTO evm_tokens(identifier, token_kind, chain, address, decimals, protocol) VALUES("eip155:1/erc20:0x1E6bb68Acec8fefBD87D192bE09bb274170a0548", "A", 1, "0x1E6bb68Acec8fefBD87D192bE09bb274170a0548", 9, "aave-v2"); INSERT INTO common_asset_details(identifier, symbol, coingecko, cryptocompare, forked, started, swapped_for) VALUES("eip155:1/erc20:0x1E6bb68Acec8fefBD87D192bE09bb274170a0548", "aAMPL", "", "", NULL, 1627158145, NULL); INSERT INTO underlying_tokens_list(identifier, weight, parent_token_entry) VALUES("eip155:1/erc20:0xD46bA6D942050d489DBd938a2C909A5d5039A161", "1", "eip155:1/erc20:0x1E6bb68Acec8fefBD87D192bE09bb274170a0548");
*
INSERT INTO assets(identifier, name, type) VALUES("eip155:1/erc20:0x18152C9f77DAdc737006e9430dB913159645fa87", "Aave stable debt bearing AMPL", "C"); INSERT INTO evm_tokens(identifier, token_kind, chain, address, decimals, protocol) VALUES("eip155:1/erc20:0x18152C9f77DAdc737006e9430dB913159645fa87", "A", 1, "0x18152C9f77DAdc737006e9430dB913159645fa87", 9, "aave-v2"); INSERT INTO common_asset_details(identifier, symbol, coingecko, cryptocompare, forked, started, swapped_for) VALUES("eip155:1/erc20:0x18152C9f77DAdc737006e9430dB913159645fa87", "stableDebtAMPL", "", "", NULL, 1627158145, NULL); INSERT INTO underlying_tokens_list(identifier, weight, parent_token_entry) VALUES("eip155:1/erc20:0xD46bA6D942050d489DBd938a2C909A5d5039A161", "1", "eip155:1/erc20:0x18152C9f77DAdc737006e9430dB913159645fa87");
*
INSERT INTO assets(identifier, name, type) VALUES("eip155:1/erc20:0xf013D90E4e4E3Baf420dFea60735e75dbd42f1e1", "Aave variable debt bearing AMPL", "C"); INSERT INTO evm_tokens(identifier, token_kind, chain, address, decimals, protocol) VALUES("eip155:1/erc20:0xf013D90E4e4E3Baf420dFea60735e75dbd42f1e1", "A", 1, "0xf013D90E4e4E3Baf420dFea60735e75dbd42f1e1", 9, "aave-v2"); INSERT INTO common_asset_details(identifier, symbol, coingecko, cryptocompare, forked, started, swapped_for) VALUES("eip155:1/erc20:0xf013D90E4e4E3Baf420dFea60735e75dbd42f1e1", "variableDebtAMPL", "", "", NULL, 1627158145, NULL); INSERT INTO underlying_tokens_list(identifier, weight, parent_token_entry) VALUES("eip155:1/erc20:0xD46bA6D942050d489DBd938a2C909A5d5039A161", "1", "eip155:1/erc20:0xf013D90E4e4E3Baf420dFea60735e75dbd42f1e1");
*
INSERT INTO assets(identifier, name, type) VALUES("eip155:1/erc20:0x2e8F4bdbE3d47d7d7DE490437AeA9915D930F1A3", "Aave interest bearing PAX", "C"); INSERT INTO evm_tokens(identifier, token_kind, chain, address, decimals, protocol) VALUES("eip155:1/erc20:0x2e8F4bdbE3d47d7d7DE490437AeA9915D930F1A3", "A", 1, "0x2e8F4bdbE3d47d7d7DE490437AeA9915D930F1A3", 18, "aave-v2"); INSERT INTO common_asset_details(identifier, symbol, coingecko, cryptocompare, forked, started, swapped_for) VALUES("eip155:1/erc20:0x2e8F4bdbE3d47d7d7DE490437AeA9915D930F1A3", "aPAX", "", "", NULL, 1627215456, NULL); INSERT INTO underlying_tokens_list(identifier, weight, parent_token_entry) VALUES("eip155:1/erc20:0x8E870D67F660D95d5be530380D0eC0bd388289E1", "1", "eip155:1/erc20:0x2e8F4bdbE3d47d7d7DE490437AeA9915D930F1A3");
*
INSERT INTO assets(identifier, name, type) VALUES("eip155:1/erc20:0x2387119bc85A74e0BBcbe190d80676CB16F10D4F", "Aave stable debt bearing PAX", "C"); INSERT INTO evm_tokens(identifier, token_kind, chain, address, decimals, protocol) VALUES("eip155:1/erc20:0x2387119bc85A74e0BBcbe190d80676CB16F10D4F", "A", 1, "0x2387119bc85A74e0BBcbe190d80676CB16F10D4F", 18, "aave-v2"); INSERT INTO common_asset_details(identifier, symbol, coingecko, cryptocompare, forked, started, swapped_for) VALUES("eip155:1/erc20:0x2387119bc85A74e0BBcbe190d80676CB16F10D4F", "stableDebtPAX", "", "", NULL, 1627215456, NULL); INSERT INTO underlying_tokens_list(identifier, weight, parent_token_entry) VALUES("eip155:1/erc20:0x8E870D67F660D95d5be530380D0eC0bd388289E1", "1", "eip155:1/erc20:0x2387119bc85A74e0BBcbe190d80676CB16F10D4F");
*
INSERT INTO assets(identifier, name, type) VALUES("eip155:1/erc20:0xFDb93B3b10936cf81FA59A02A7523B6e2149b2B7", "Aave variable debt bearing PAX", "C"); INSERT INTO evm_tokens(identifier, token_kind, chain, address, decimals, protocol) VALUES("eip155:1/erc20:0xFDb93B3b10936cf81FA59A02A7523B6e2149b2B7", "A", 1, "0xFDb93B3b10936cf81FA59A02A7523B6e2149b2B7", 18, "aave-v2"); INSERT INTO common_asset_details(identifier, symbol, coingecko, cryptocompare, forked, started, swapped_for) VALUES("eip155:1/erc20:0xFDb93B3b10936cf81FA59A02A7523B6e2149b2B7", "variableDebtPAX", "", "", NULL, 1627215456, NULL); INSERT INTO underlying_tokens_list(identifier, weight, parent_token_entry) VALUES("eip155:1/erc20:0x8E870D67F660D95d5be530380D0eC0bd388289E1", "1", "eip155:1/erc20:0xFDb93B3b10936cf81FA59A02A7523B6e2149b2B7");
*
INSERT INTO assets(identifier, name, type) VALUES("eip155:1/erc20:0x6F634c6135D2EBD550000ac92F494F9CB8183dAe", "Aave interest bearing DPI", "C"); INSERT INTO evm_tokens(identifier, token_kind, chain, address, decimals, protocol) VALUES("eip155:1/erc20:0x6F634c6135D2EBD550000ac92F494F9CB8183dAe", "A", 1, "0x6F634c6135D2EBD550000ac92F494F9CB8183dAe", 18, "aave-v2"); INSERT INTO common_asset_details(identifier, symbol, coingecko, cryptocompare, forked, started, swapped_for) VALUES("eip155:1/erc20:0x6F634c6135D2EBD550000ac92F494F9CB8183dAe", "aDPI", "", "", NULL, 1629567760, NULL); INSERT INTO underlying_tokens_list(identifier, weight, parent_token_entry) VALUES("eip155:1/erc20:0x1494CA1F11D487c2bBe4543E90080AeBa4BA3C2b", "1", "eip155:1/erc20:0x6F634c6135D2EBD550000ac92F494F9CB8183dAe");
*
INSERT INTO assets(identifier, name, type) VALUES("eip155:1/erc20:0xa3953F07f389d719F99FC378ebDb9276177d8A6e", "Aave stable debt bearing DPI", "C"); INSERT INTO evm_tokens(identifier, token_kind, chain, address, decimals, protocol) VALUES("eip155:1/erc20:0xa3953F07f389d719F99FC378ebDb9276177d8A6e", "A", 1, "0xa3953F07f389d719F99FC378ebDb9276177d8A6e", 18, "aave-v2"); INSERT INTO common_asset_details(identifier, symbol, coingecko, cryptocompare, forked, started, swapped_for) VALUES("eip155:1/erc20:0xa3953F07f389d719F99FC378ebDb9276177d8A6e", "stableDebtDPI", "", "", NULL, 1629567760, NULL); INSERT INTO underlying_tokens_list(identifier, weight, parent_token_entry) VALUES("eip155:1/erc20:0x1494CA1F11D487c2bBe4543E90080AeBa4BA3C2b", "1", "eip155:1/erc20:0xa3953F07f389d719F99FC378ebDb9276177d8A6e");
*
INSERT INTO assets(identifier, name, type) VALUES("eip155:1/erc20:0x4dDff5885a67E4EffeC55875a3977D7E60F82ae0", "Aave variable debt bearing DPI", "C"); INSERT INTO evm_tokens(identifier, token_kind, chain, address, decimals, protocol) VALUES("eip155:1/erc20:0x4dDff5885a67E4EffeC55875a3977D7E60F82ae0", "A", 1, "0x4dDff5885a67E4EffeC55875a3977D7E60F82ae0", 18, "aave-v2"); INSERT INTO common_asset_details(identifier, symbol, coingecko, cryptocompare, forked, started, swapped_for) VALUES("eip155:1/erc20:0x4dDff5885a67E4EffeC55875a3977D7E60F82ae0", "variableDebtDPI", "", "", NULL, 1629567760, NULL); INSERT INTO underlying_tokens_list(identifier, weight, parent_token_entry) VALUES("eip155:1/erc20:0x1494CA1F11D487c2bBe4543E90080AeBa4BA3C2b", "1", "eip155:1/erc20:0x4dDff5885a67E4EffeC55875a3977D7E60F82ae0");
*
INSERT INTO assets(identifier, name, type) VALUES("eip155:1/erc20:0xd4937682df3C8aEF4FE912A96A74121C0829E664", "Aave interest bearing FRAX", "C"); INSERT INTO evm_tokens(identifier, token_kind, chain, address, decimals, protocol) VALUES("eip155:1/erc20:0xd4937682df3C8aEF4FE912A96A74121C0829E664", "A", 1, "0xd4937682df3C8aEF4FE912A96A74121C0829E664", 18, "aave-v2"); INSERT INTO common_asset_details(identifier, symbol, coingecko, cryptocompare, forked, started, swapped_for) VALUES("eip155:1/erc20:0xd4937682df3C8aEF4FE912A96A74121C0829E664", "aFRAX", "", "", NULL, 1631403766, NULL); INSERT INTO underlying_tokens_list(identifier, weight, parent_token_entry) VALUES("eip155:1/erc20:0x853d955aCEf822Db058eb8505911ED77F175b99e", "1", "eip155:1/erc20:0xd4937682df3C8aEF4FE912A96A74121C0829E664");
*
INSERT INTO assets(identifier, name, type) VALUES("eip155:1/erc20:0x3916e3B6c84b161df1b2733dFfc9569a1dA710c2", "Aave stable debt bearing FRAX", "C"); INSERT INTO evm_tokens(identifier, token_kind, chain, address, decimals, protocol) VALUES("eip155:1/erc20:0x3916e3B6c84b161df1b2733dFfc9569a1dA710c2", "A", 1, "0x3916e3B6c84b161df1b2733dFfc9569a1dA710c2", 18, "aave-v2"); INSERT INTO common_asset_details(identifier, symbol, coingecko, cryptocompare, forked, started, swapped_for) VALUES("eip155:1/erc20:0x3916e3B6c84b161df1b2733dFfc9569a1dA710c2", "stableDebtFRAX", "", "", NULL, 1631403766, NULL); INSERT INTO underlying_tokens_list(identifier, weight, parent_token_entry) VALUES("eip155:1/erc20:0x853d955aCEf822Db058eb8505911ED77F175b99e", "1", "eip155:1/erc20:0x3916e3B6c84b161df1b2733dFfc9569a1dA710c2");
*
INSERT INTO assets(identifier, name, type) VALUES("eip155:1/erc20:0xfE8F19B17fFeF0fDbfe2671F248903055AFAA8Ca", "Aave variable debt bearing FRAX", "C"); INSERT INTO evm_tokens(identifier, token_kind, chain, address, decimals, protocol) VALUES("eip155:1/erc20:0xfE8F19B17fFeF0fDbfe2671F248903055AFAA8Ca", "A", 1, "0xfE8F19B17fFeF0fDbfe2671F248903055AFAA8Ca", 18, "aave-v2"); INSERT INTO common_asset_details(identifier, symbol, coingecko, cryptocompare, forked, started, swapped_for) VALUES("eip155:1/erc20:0xfE8F19B17fFeF0fDbfe2671F248903055AFAA8Ca", "variableDebtFRAX", "", "", NULL, 1631403766, NULL); INSERT INTO underlying_tokens_list(identifier, weight, parent_token_entry) VALUES("eip155:1/erc20:0x853d955aCEf822Db058eb8505911ED77F175b99e", "1", "eip155:1/erc20:0xfE8F19B17fFeF0fDbfe2671F248903055AFAA8Ca");
*
INSERT INTO underlying_tokens_list(identifier, weight, parent_token_entry) VALUES("eip155:1/erc20:0x956F47F50A910163D8BF957Cf5846D573E7f87CA", "1", "eip155:1/erc20:0x683923dB55Fead99A79Fa01A27EeC3cB19679cC3");
INSERT INTO assets(identifier, name, type) VALUES("eip155:1/erc20:0x683923dB55Fead99A79Fa01A27EeC3cB19679cC3", "Aave interest bearing FEI", "C"); INSERT INTO evm_tokens(identifier, token_kind, chain, address, decimals, protocol) VALUES("eip155:1/erc20:0x683923dB55Fead99A79Fa01A27EeC3cB19679cC3", "A", 1, "0x683923dB55Fead99A79Fa01A27EeC3cB19679cC3", 18, "aave-v2"); INSERT INTO common_asset_details(identifier, symbol, coingecko, cryptocompare, forked, started, swapped_for) VALUES("eip155:1/erc20:0x683923dB55Fead99A79Fa01A27EeC3cB19679cC3", "aFEI", "", "", NULL, 1632160785, NULL); INSERT INTO underlying_tokens_list(identifier, weight, parent_token_entry) VALUES("eip155:1/erc20:0x956F47F50A910163D8BF957Cf5846D573E7f87CA", "1", "eip155:1/erc20:0x683923dB55Fead99A79Fa01A27EeC3cB19679cC3");
INSERT INTO assets(identifier, name, type) VALUES("eip155:1/erc20:0xd89cF9E8A858F8B4b31Faf793505e112d6c17449", "Aave stable debt bearing FEI", "C"); INSERT INTO evm_tokens(identifier, token_kind, chain, address, decimals, protocol) VALUES("eip155:1/erc20:0xd89cF9E8A858F8B4b31Faf793505e112d6c17449", "A", 1, "0xd89cF9E8A858F8B4b31Faf793505e112d6c17449", 18, "aave-v2"); INSERT INTO common_asset_details(identifier, symbol, coingecko, cryptocompare, forked, started, swapped_for) VALUES("eip155:1/erc20:0xd89cF9E8A858F8B4b31Faf793505e112d6c17449", "stableDebtFEI", "", "", NULL, 1632160785, NULL); INSERT INTO underlying_tokens_list(identifier, weight, parent_token_entry) VALUES("eip155:1/erc20:0x956F47F50A910163D8BF957Cf5846D573E7f87CA", "1", "eip155:1/erc20:0xd89cF9E8A858F8B4b31Faf793505e112d6c17449");
*
INSERT INTO assets(identifier, name, type) VALUES("eip155:1/erc20:0xC2e10006AccAb7B45D9184FcF5b7EC7763f5BaAe", "Aave variable debt bearing FEI", "C"); INSERT INTO evm_tokens(identifier, token_kind, chain, address, decimals, protocol) VALUES("eip155:1/erc20:0xC2e10006AccAb7B45D9184FcF5b7EC7763f5BaAe", "A", 1, "0xC2e10006AccAb7B45D9184FcF5b7EC7763f5BaAe", 18, "aave-v2"); INSERT INTO common_asset_details(identifier, symbol, coingecko, cryptocompare, forked, started, swapped_for) VALUES("eip155:1/erc20:0xC2e10006AccAb7B45D9184FcF5b7EC7763f5BaAe", "variableDebtFEI", "", "", NULL, 1632160785, NULL); INSERT INTO underlying_tokens_list(identifier, weight, parent_token_entry) VALUES("eip155:1/erc20:0x956F47F50A910163D8BF957Cf5846D573E7f87CA", "1", "eip155:1/erc20:0xC2e10006AccAb7B45D9184FcF5b7EC7763f5BaAe");
*
INSERT INTO assets(identifier, name, type) VALUES("eip155:1/erc20:0xf9Fb4AD91812b704Ba883B11d2B576E890a6730A", "Aave AMM Market WETH", "C"); INSERT INTO evm_tokens(identifier, token_kind, chain, address, decimals, protocol) VALUES("eip155:1/erc20:0xf9Fb4AD91812b704Ba883B11d2B576E890a6730A", "A", 1, "0xf9Fb4AD91812b704Ba883B11d2B576E890a6730A", 18, "aave-v2"); INSERT INTO common_asset_details(identifier, symbol, coingecko, cryptocompare, forked, started, swapped_for) VALUES("eip155:1/erc20:0xf9Fb4AD91812b704Ba883B11d2B576E890a6730A", "aAmmWETH", "", "", NULL, 1615221096, NULL); INSERT INTO underlying_tokens_list(identifier, weight, parent_token_entry) VALUES("eip155:1/erc20:0xC02aaA39b223FE8D0A0e5C4F27eAD9083C756Cc2", "1", "eip155:1/erc20:0xf9Fb4AD91812b704Ba883B11d2B576E890a6730A");
*
INSERT INTO assets(identifier, name, type) VALUES("eip155:1/erc20:0x118Ee405c6be8f9BA7cC7a98064EB5DA462235CF", "Aave AMM Market stable debt WETH", "C"); INSERT INTO evm_tokens(identifier, token_kind, chain, address, decimals, protocol) VALUES("eip155:1/erc20:0x118Ee405c6be8f9BA7cC7a98064EB5DA462235CF", "A", 1, "0x118Ee405c6be8f9BA7cC7a98064EB5DA462235CF", 18, "aave-v2"); INSERT INTO common_asset_details(identifier, symbol, coingecko, cryptocompare, forked, started, swapped_for) VALUES("eip155:1/erc20:0x118Ee405c6be8f9BA7cC7a98064EB5DA462235CF", "stableDebtAmmWETH", "", "", NULL, 1615221096, NULL); INSERT INTO underlying_tokens_list(identifier, weight, parent_token_entry) VALUES("eip155:1/erc20:0xC02aaA39b223FE8D0A0e5C4F27eAD9083C756Cc2", "1", "eip155:1/erc20:0x118Ee405c6be8f9BA7cC7a98064EB5DA462235CF");
*
INSERT INTO assets(identifier, name, type) VALUES("eip155:1/erc20:0xA4C273d9A0C1fe2674F0E845160d6232768a3064", "Aave AMM Market variable debt AmmWETH", "C"); INSERT INTO evm_tokens(identifier, token_kind, chain, address, decimals, protocol) VALUES("eip155:1/erc20:0xA4C273d9A0C1fe2674F0E845160d6232768a3064", "A", 1, "0xA4C273d9A0C1fe2674F0E845160d6232768a3064", 18, "aave-v2"); INSERT INTO common_asset_details(identifier, symbol, coingecko, cryptocompare, forked, started, swapped_for) VALUES("eip155:1/erc20:0xA4C273d9A0C1fe2674F0E845160d6232768a3064", "variableDebtAmmWETH", "", "", NULL, 1615221096, NULL); INSERT INTO underlying_tokens_list(identifier, weight, parent_token_entry) VALUES("eip155:1/erc20:0xC02aaA39b223FE8D0A0e5C4F27eAD9083C756Cc2", "1", "eip155:1/erc20:0xA4C273d9A0C1fe2674F0E845160d6232768a3064");
*
INSERT INTO assets(identifier, name, type) VALUES("eip155:1/erc20:0x79bE75FFC64DD58e66787E4Eae470c8a1FD08ba4", "Aave AMM Market DAI", "C"); INSERT INTO evm_tokens(identifier, token_kind, chain, address, decimals, protocol) VALUES("eip155:1/erc20:0x79bE75FFC64DD58e66787E4Eae470c8a1FD08ba4", "A", 1, "0x79bE75FFC64DD58e66787E4Eae470c8a1FD08ba4", 18, "aave-v2"); INSERT INTO common_asset_details(identifier, symbol, coingecko, cryptocompare, forked, started, swapped_for) VALUES("eip155:1/erc20:0x79bE75FFC64DD58e66787E4Eae470c8a1FD08ba4", "aAmmDAI", "", "", NULL, 1615221096, NULL); INSERT INTO underlying_tokens_list(identifier, weight, parent_token_entry) VALUES("eip155:1/erc20:0x6B175474E89094C44Da98b954EedeAC495271d0F", "1", "eip155:1/erc20:0x79bE75FFC64DD58e66787E4Eae470c8a1FD08ba4");
*
INSERT INTO assets(identifier, name, type) VALUES("eip155:1/erc20:0x8da51a5a3129343468a63A96ccae1ff1352a3dfE", "Aave AMM Market stable debt DAI", "C"); INSERT INTO evm_tokens(identifier, token_kind, chain, address, decimals, protocol) VALUES("eip155:1/erc20:0x8da51a5a3129343468a63A96ccae1ff1352a3dfE", "A", 1, "0x8da51a5a3129343468a63A96ccae1ff1352a3dfE", 18, "aave-v2"); INSERT INTO common_asset_details(identifier, symbol, coingecko, cryptocompare, forked, started, swapped_for) VALUES("eip155:1/erc20:0x8da51a5a3129343468a63A96ccae1ff1352a3dfE", "stableDebtAmmDAI", "", "", NULL, 1615221096, NULL); INSERT INTO underlying_tokens_list(identifier, weight, parent_token_entry) VALUES("eip155:1/erc20:0x6B175474E89094C44Da98b954EedeAC495271d0F", "1", "eip155:1/erc20:0x8da51a5a3129343468a63A96ccae1ff1352a3dfE");
*
INSERT INTO assets(identifier, name, type) VALUES("eip155:1/erc20:0x3F4fA4937E72991367DC32687BC3278f095E7EAa", "Aave AMM Market variable debt AmmDAI", "C"); INSERT INTO evm_tokens(identifier, token_kind, chain, address, decimals, protocol) VALUES("eip155:1/erc20:0x3F4fA4937E72991367DC32687BC3278f095E7EAa", "A", 1, "0x3F4fA4937E72991367DC32687BC3278f095E7EAa", 18, "aave-v2"); INSERT INTO common_asset_details(identifier, symbol, coingecko, cryptocompare, forked, started, swapped_for) VALUES("eip155:1/erc20:0x3F4fA4937E72991367DC32687BC3278f095E7EAa", "variableDebtAmmDAI", "", "", NULL, 1615221096, NULL); INSERT INTO underlying_tokens_list(identifier, weight, parent_token_entry) VALUES("eip155:1/erc20:0x6B175474E89094C44Da98b954EedeAC495271d0F", "1", "eip155:1/erc20:0x3F4fA4937E72991367DC32687BC3278f095E7EAa");
*
INSERT INTO assets(identifier, name, type) VALUES("eip155:1/erc20:0xd24946147829DEaA935bE2aD85A3291dbf109c80", "Aave AMM Market USDC", "C"); INSERT INTO evm_tokens(identifier, token_kind, chain, address, decimals, protocol) VALUES("eip155:1/erc20:0xd24946147829DEaA935bE2aD85A3291dbf109c80", "A", 1, "0xd24946147829DEaA935bE2aD85A3291dbf109c80", 6, "aave-v2"); INSERT INTO common_asset_details(identifier, symbol, coingecko, cryptocompare, forked, started, swapped_for) VALUES("eip155:1/erc20:0xd24946147829DEaA935bE2aD85A3291dbf109c80", "aAmmUSDC", "", "", NULL, 1615221096, NULL); INSERT INTO underlying_tokens_list(identifier, weight, parent_token_entry) VALUES("eip155:1/erc20:0xA0b86991c6218b36c1d19D4a2e9Eb0cE3606eB48", "1", "eip155:1/erc20:0xd24946147829DEaA935bE2aD85A3291dbf109c80");
*
INSERT INTO assets(identifier, name, type) VALUES("eip155:1/erc20:0xE5971a8a741892F3b3ac3E9c94d02588190cE220", "Aave AMM Market stable debt USDC", "C"); INSERT INTO evm_tokens(identifier, token_kind, chain, address, decimals, protocol) VALUES("eip155:1/erc20:0xE5971a8a741892F3b3ac3E9c94d02588190cE220", "A", 1, "0xE5971a8a741892F3b3ac3E9c94d02588190cE220", 6, "aave-v2"); INSERT INTO common_asset_details(identifier, symbol, coingecko, cryptocompare, forked, started, swapped_for) VALUES("eip155:1/erc20:0xE5971a8a741892F3b3ac3E9c94d02588190cE220", "stableDebtAmmUSDC", "", "", NULL, 1615221096, NULL); INSERT INTO underlying_tokens_list(identifier, weight, parent_token_entry) VALUES("eip155:1/erc20:0xA0b86991c6218b36c1d19D4a2e9Eb0cE3606eB48", "1", "eip155:1/erc20:0xE5971a8a741892F3b3ac3E9c94d02588190cE220");
*
INSERT INTO assets(identifier, name, type) VALUES("eip155:1/erc20:0xCFDC74b97b69319683fec2A4Ef95c4Ab739F1B12", "Aave AMM Market variable debt AmmUSDC", "C"); INSERT INTO evm_tokens(identifier, token_kind, chain, address, decimals, protocol) VALUES("eip155:1/erc20:0xCFDC74b97b69319683fec2A4Ef95c4Ab739F1B12", "A", 1, "0xCFDC74b97b69319683fec2A4Ef95c4Ab739F1B12", 6, "aave-v2"); INSERT INTO common_asset_details(identifier, symbol, coingecko, cryptocompare, forked, started, swapped_for) VALUES("eip155:1/erc20:0xCFDC74b97b69319683fec2A4Ef95c4Ab739F1B12", "variableDebtAmmUSDC", "", "", NULL, 1615221096, NULL); INSERT INTO underlying_tokens_list(identifier, weight, parent_token_entry) VALUES("eip155:1/erc20:0xA0b86991c6218b36c1d19D4a2e9Eb0cE3606eB48", "1", "eip155:1/erc20:0xCFDC74b97b69319683fec2A4Ef95c4Ab739F1B12");
*
INSERT INTO assets(identifier, name, type) VALUES("eip155:1/erc20:0x17a79792Fe6fE5C95dFE95Fe3fCEE3CAf4fE4Cb7", "Aave AMM Market USDT", "C"); INSERT INTO evm_tokens(identifier, token_kind, chain, address, decimals, protocol) VALUES("eip155:1/erc20:0x17a79792Fe6fE5C95dFE95Fe3fCEE3CAf4fE4Cb7", "A", 1, "0x17a79792Fe6fE5C95dFE95Fe3fCEE3CAf4fE4Cb7", 6, "aave-v2"); INSERT INTO common_asset_details(identifier, symbol, coingecko, cryptocompare, forked, started, swapped_for) VALUES("eip155:1/erc20:0x17a79792Fe6fE5C95dFE95Fe3fCEE3CAf4fE4Cb7", "aAmmUSDT", "", "", NULL, 1615221096, NULL); INSERT INTO underlying_tokens_list(identifier, weight, parent_token_entry) VALUES("eip155:1/erc20:0xdAC17F958D2ee523a2206206994597C13D831ec7", "1", "eip155:1/erc20:0x17a79792Fe6fE5C95dFE95Fe3fCEE3CAf4fE4Cb7");
*
INSERT INTO assets(identifier, name, type) VALUES("eip155:1/erc20:0x04A0577a89E1b9E8f6c87ee26cCe6a168fFfC5b5", "Aave AMM Market stable debt USDT", "C"); INSERT INTO evm_tokens(identifier, token_kind, chain, address, decimals, protocol) VALUES("eip155:1/erc20:0x04A0577a89E1b9E8f6c87ee26cCe6a168fFfC5b5", "A", 1, "0x04A0577a89E1b9E8f6c87ee26cCe6a168fFfC5b5", 6, "aave-v2"); INSERT INTO common_asset_details(identifier, symbol, coingecko, cryptocompare, forked, started, swapped_for) VALUES("eip155:1/erc20:0x04A0577a89E1b9E8f6c87ee26cCe6a168fFfC5b5", "stableDebtAmmUSDT", "", "", NULL, 1615221096, NULL); INSERT INTO underlying_tokens_list(identifier, weight, parent_token_entry) VALUES("eip155:1/erc20:0xdAC17F958D2ee523a2206206994597C13D831ec7", "1", "eip155:1/erc20:0x04A0577a89E1b9E8f6c87ee26cCe6a168fFfC5b5");
*
INSERT INTO assets(identifier, name, type) VALUES("eip155:1/erc20:0xDcFE9BfC246b02Da384de757464a35eFCa402797", "Aave AMM Market variable debt AmmUSDT", "C"); INSERT INTO evm_tokens(identifier, token_kind, chain, address, decimals, protocol) VALUES("eip155:1/erc20:0xDcFE9BfC246b02Da384de757464a35eFCa402797", "A", 1, "0xDcFE9BfC246b02Da384de757464a35eFCa402797", 6, "aave-v2"); INSERT INTO common_asset_details(identifier, symbol, coingecko, cryptocompare, forked, started, swapped_for) VALUES("eip155:1/erc20:0xDcFE9BfC246b02Da384de757464a35eFCa402797", "variableDebtAmmUSDT", "", "", NULL, 1615221096, NULL); INSERT INTO underlying_tokens_list(identifier, weight, parent_token_entry) VALUES("eip155:1/erc20:0xdAC17F958D2ee523a2206206994597C13D831ec7", "1", "eip155:1/erc20:0xDcFE9BfC246b02Da384de757464a35eFCa402797");
*
INSERT INTO assets(identifier, name, type) VALUES("eip155:1/erc20:0x13B2f6928D7204328b0E8E4BCd0379aA06EA21FA", "Aave AMM Market WBTC", "C"); INSERT INTO evm_tokens(identifier, token_kind, chain, address, decimals, protocol) VALUES("eip155:1/erc20:0x13B2f6928D7204328b0E8E4BCd0379aA06EA21FA", "A", 1, "0x13B2f6928D7204328b0E8E4BCd0379aA06EA21FA", 8, "aave-v2"); INSERT INTO common_asset_details(identifier, symbol, coingecko, cryptocompare, forked, started, swapped_for) VALUES("eip155:1/erc20:0x13B2f6928D7204328b0E8E4BCd0379aA06EA21FA", "aAmmWBTC", "", "", NULL, 1615221149, NULL); INSERT INTO underlying_tokens_list(identifier, weight, parent_token_entry) VALUES("eip155:1/erc20:0x2260FAC5E5542a773Aa44fBCfeDf7C193bc2C599", "1", "eip155:1/erc20:0x13B2f6928D7204328b0E8E4BCd0379aA06EA21FA");
*
INSERT INTO assets(identifier, name, type) VALUES("eip155:1/erc20:0x55E575d092c934503D7635A837584E2900e01d2b", "Aave AMM Market stable debt WBTC", "C"); INSERT INTO evm_tokens(identifier, token_kind, chain, address, decimals, protocol) VALUES("eip155:1/erc20:0x55E575d092c934503D7635A837584E2900e01d2b", "A", 1, "0x55E575d092c934503D7635A837584E2900e01d2b", 8, "aave-v2"); INSERT INTO common_asset_details(identifier, symbol, coingecko, cryptocompare, forked, started, swapped_for) VALUES("eip155:1/erc20:0x55E575d092c934503D7635A837584E2900e01d2b", "stableDebtAmmWBTC", "", "", NULL, 1615221149, NULL); INSERT INTO underlying_tokens_list(identifier, weight, parent_token_entry) VALUES("eip155:1/erc20:0x2260FAC5E5542a773Aa44fBCfeDf7C193bc2C599", "1", "eip155:1/erc20:0x55E575d092c934503D7635A837584E2900e01d2b");
*
INSERT INTO assets(identifier, name, type) VALUES("eip155:1/erc20:0x3b99fdaFdfE70d65101a4ba8cDC35dAFbD26375f", "Aave AMM Market variable debt AmmWBTC", "C"); INSERT INTO evm_tokens(identifier, token_kind, chain, address, decimals, protocol) VALUES("eip155:1/erc20:0x3b99fdaFdfE70d65101a4ba8cDC35dAFbD26375f", "A", 1, "0x3b99fdaFdfE70d65101a4ba8cDC35dAFbD26375f", 8, "aave-v2"); INSERT INTO common_asset_details(identifier, symbol, coingecko, cryptocompare, forked, started, swapped_for) VALUES("eip155:1/erc20:0x3b99fdaFdfE70d65101a4ba8cDC35dAFbD26375f", "variableDebtAmmWBTC", "", "", NULL, 1615221149, NULL); INSERT INTO underlying_tokens_list(identifier, weight, parent_token_entry) VALUES("eip155:1/erc20:0x2260FAC5E5542a773Aa44fBCfeDf7C193bc2C599", "1", "eip155:1/erc20:0x3b99fdaFdfE70d65101a4ba8cDC35dAFbD26375f");
*
INSERT INTO assets(identifier, name, type) VALUES("eip155:1/erc20:0x9303EabC860a743aABcc3A1629014CaBcc3F8D36", "Aave AMM Market UniDAIWETH", "C"); INSERT INTO evm_tokens(identifier, token_kind, chain, address, decimals, protocol) VALUES("eip155:1/erc20:0x9303EabC860a743aABcc3A1629014CaBcc3F8D36", "A", 1, "0x9303EabC860a743aABcc3A1629014CaBcc3F8D36", 18, "aave-v2"); INSERT INTO common_asset_details(identifier, symbol, coingecko, cryptocompare, forked, started, swapped_for) VALUES("eip155:1/erc20:0x9303EabC860a743aABcc3A1629014CaBcc3F8D36", "aAmmUniDAIWETH", "", "", NULL, 1615221149, NULL); INSERT INTO underlying_tokens_list(identifier, weight, parent_token_entry) VALUES("eip155:1/erc20:0xA478c2975Ab1Ea89e8196811F51A7B7Ade33eB11", "1", "eip155:1/erc20:0x9303EabC860a743aABcc3A1629014CaBcc3F8D36");
*
INSERT INTO assets(identifier, name, type) VALUES("eip155:1/erc20:0xE9562bf0A11315A1e39f9182F446eA58002f010E", "Aave AMM Market stable debt UniDAIWETH", "C"); INSERT INTO evm_tokens(identifier, token_kind, chain, address, decimals, protocol) VALUES("eip155:1/erc20:0xE9562bf0A11315A1e39f9182F446eA58002f010E", "A", 1, "0xE9562bf0A11315A1e39f9182F446eA58002f010E", 18, "aave-v2"); INSERT INTO common_asset_details(identifier, symbol, coingecko, cryptocompare, forked, started, swapped_for) VALUES("eip155:1/erc20:0xE9562bf0A11315A1e39f9182F446eA58002f010E", "stableDebtAmmUniDAIWETH", "", "", NULL, 1615221149, NULL); INSERT INTO underlying_tokens_list(identifier, weight, parent_token_entry) VALUES("eip155:1/erc20:0xA478c2975Ab1Ea89e8196811F51A7B7Ade33eB11", "1", "eip155:1/erc20:0xE9562bf0A11315A1e39f9182F446eA58002f010E");
*
INSERT INTO assets(identifier, name, type) VALUES("eip155:1/erc20:0x23bcc861b989762275165d08B127911F09c71628", "Aave AMM Market variable debt AmmUniDAIWETH", "C"); INSERT INTO evm_tokens(identifier, token_kind, chain, address, decimals, protocol) VALUES("eip155:1/erc20:0x23bcc861b989762275165d08B127911F09c71628", "A", 1, "0x23bcc861b989762275165d08B127911F09c71628", 18, "aave-v2"); INSERT INTO common_asset_details(identifier, symbol, coingecko, cryptocompare, forked, started, swapped_for) VALUES("eip155:1/erc20:0x23bcc861b989762275165d08B127911F09c71628", "variableDebtAmmUniDAIWETH", "", "", NULL, 1615221149, NULL); INSERT INTO underlying_tokens_list(identifier, weight, parent_token_entry) VALUES("eip155:1/erc20:0xA478c2975Ab1Ea89e8196811F51A7B7Ade33eB11", "1", "eip155:1/erc20:0x23bcc861b989762275165d08B127911F09c71628");
*
INSERT INTO assets(identifier, name, type) VALUES("eip155:1/erc20:0xc58F53A8adff2fB4eb16ED56635772075E2EE123", "Aave AMM Market UniWBTCWETH", "C"); INSERT INTO evm_tokens(identifier, token_kind, chain, address, decimals, protocol) VALUES("eip155:1/erc20:0xc58F53A8adff2fB4eb16ED56635772075E2EE123", "A", 1, "0xc58F53A8adff2fB4eb16ED56635772075E2EE123", 18, "aave-v2"); INSERT INTO common_asset_details(identifier, symbol, coingecko, cryptocompare, forked, started, swapped_for) VALUES("eip155:1/erc20:0xc58F53A8adff2fB4eb16ED56635772075E2EE123", "aAmmUniWBTCWETH", "", "", NULL, 1615221149, NULL); INSERT INTO underlying_tokens_list(identifier, weight, parent_token_entry) VALUES("eip155:1/erc20:0xBb2b8038a1640196FbE3e38816F3e67Cba72D940", "1", "eip155:1/erc20:0xc58F53A8adff2fB4eb16ED56635772075E2EE123");
*
INSERT INTO assets(identifier, name, type) VALUES("eip155:1/erc20:0xeef7d082D9bE2F5eC73C072228706286dea1f492", "Aave AMM Market stable debt UniWBTCWETH", "C"); INSERT INTO evm_tokens(identifier, token_kind, chain, address, decimals, protocol) VALUES("eip155:1/erc20:0xeef7d082D9bE2F5eC73C072228706286dea1f492", "A", 1, "0xeef7d082D9bE2F5eC73C072228706286dea1f492", 18, "aave-v2"); INSERT INTO common_asset_details(identifier, symbol, coingecko, cryptocompare, forked, started, swapped_for) VALUES("eip155:1/erc20:0xeef7d082D9bE2F5eC73C072228706286dea1f492", "stableDebtAmmUniWBTCWETH", "", "", NULL, 1615221149, NULL); INSERT INTO underlying_tokens_list(identifier, weight, parent_token_entry) VALUES("eip155:1/erc20:0xBb2b8038a1640196FbE3e38816F3e67Cba72D940", "1", "eip155:1/erc20:0xeef7d082D9bE2F5eC73C072228706286dea1f492");
*
INSERT INTO assets(identifier, name, type) VALUES("eip155:1/erc20:0x02aAeB4C7736177242Ee0f71f6f6A0F057Aba87d", "Aave AMM Market variable debt AmmUniWBTCWETH", "C"); INSERT INTO evm_tokens(identifier, token_kind, chain, address, decimals, protocol) VALUES("eip155:1/erc20:0x02aAeB4C7736177242Ee0f71f6f6A0F057Aba87d", "A", 1, "0x02aAeB4C7736177242Ee0f71f6f6A0F057Aba87d", 18, "aave-v2"); INSERT INTO common_asset_details(identifier, symbol, coingecko, cryptocompare, forked, started, swapped_for) VALUES("eip155:1/erc20:0x02aAeB4C7736177242Ee0f71f6f6A0F057Aba87d", "variableDebtAmmUniWBTCWETH", "", "", NULL, 1615221149, NULL); INSERT INTO underlying_tokens_list(identifier, weight, parent_token_entry) VALUES("eip155:1/erc20:0xBb2b8038a1640196FbE3e38816F3e67Cba72D940", "1", "eip155:1/erc20:0x02aAeB4C7736177242Ee0f71f6f6A0F057Aba87d");
*
INSERT INTO assets(identifier, name, type) VALUES("eip155:1/erc20:0xe59d2FF6995a926A574390824a657eEd36801E55", "Aave AMM Market UniAAVEWETH", "C"); INSERT INTO evm_tokens(identifier, token_kind, chain, address, decimals, protocol) VALUES("eip155:1/erc20:0xe59d2FF6995a926A574390824a657eEd36801E55", "A", 1, "0xe59d2FF6995a926A574390824a657eEd36801E55", 18, "aave-v2"); INSERT INTO common_asset_details(identifier, symbol, coingecko, cryptocompare, forked, started, swapped_for) VALUES("eip155:1/erc20:0xe59d2FF6995a926A574390824a657eEd36801E55", "aAmmUniAAVEWETH", "", "", NULL, 1615221149, NULL); INSERT INTO underlying_tokens_list(identifier, weight, parent_token_entry) VALUES("eip155:1/erc20:0xDFC14d2Af169B0D36C4EFF567Ada9b2E0CAE044f", "1", "eip155:1/erc20:0xe59d2FF6995a926A574390824a657eEd36801E55");
*
INSERT INTO assets(identifier, name, type) VALUES("eip155:1/erc20:0x997b26eFf106f138e71160022CaAb0AFC5814643", "Aave AMM Market stable debt UniAAVEWETH", "C"); INSERT INTO evm_tokens(identifier, token_kind, chain, address, decimals, protocol) VALUES("eip155:1/erc20:0x997b26eFf106f138e71160022CaAb0AFC5814643", "A", 1, "0x997b26eFf106f138e71160022CaAb0AFC5814643", 18, "aave-v2"); INSERT INTO common_asset_details(identifier, symbol, coingecko, cryptocompare, forked, started, swapped_for) VALUES("eip155:1/erc20:0x997b26eFf106f138e71160022CaAb0AFC5814643", "stableDebtAmmUniAAVEWETH", "", "", NULL, 1615221149, NULL); INSERT INTO underlying_tokens_list(identifier, weight, parent_token_entry) VALUES("eip155:1/erc20:0xDFC14d2Af169B0D36C4EFF567Ada9b2E0CAE044f", "1", "eip155:1/erc20:0x997b26eFf106f138e71160022CaAb0AFC5814643");
*
INSERT INTO assets(identifier, name, type) VALUES("eip155:1/erc20:0x859ED7D9E92d1fe42fF95C3BC3a62F7cB59C373E", "Aave AMM Market variable debt AmmUniAAVEWETH", "C"); INSERT INTO evm_tokens(identifier, token_kind, chain, address, decimals, protocol) VALUES("eip155:1/erc20:0x859ED7D9E92d1fe42fF95C3BC3a62F7cB59C373E", "A", 1, "0x859ED7D9E92d1fe42fF95C3BC3a62F7cB59C373E", 18, "aave-v2"); INSERT INTO common_asset_details(identifier, symbol, coingecko, cryptocompare, forked, started, swapped_for) VALUES("eip155:1/erc20:0x859ED7D9E92d1fe42fF95C3BC3a62F7cB59C373E", "variableDebtAmmUniAAVEWETH", "", "", NULL, 1615221149, NULL); INSERT INTO underlying_tokens_list(identifier, weight, parent_token_entry) VALUES("eip155:1/erc20:0xDFC14d2Af169B0D36C4EFF567Ada9b2E0CAE044f", "1", "eip155:1/erc20:0x859ED7D9E92d1fe42fF95C3BC3a62F7cB59C373E");
*
INSERT INTO assets(identifier, name, type) VALUES("eip155:1/erc20:0xA1B0edF4460CC4d8bFAA18Ed871bFF15E5b57Eb4", "Aave AMM Market UniBATWETH", "C"); INSERT INTO evm_tokens(identifier, token_kind, chain, address, decimals, protocol) VALUES("eip155:1/erc20:0xA1B0edF4460CC4d8bFAA18Ed871bFF15E5b57Eb4", "A", 1, "0xA1B0edF4460CC4d8bFAA18Ed871bFF15E5b57Eb4", 18, "aave-v2"); INSERT INTO common_asset_details(identifier, symbol, coingecko, cryptocompare, forked, started, swapped_for) VALUES("eip155:1/erc20:0xA1B0edF4460CC4d8bFAA18Ed871bFF15E5b57Eb4", "aAmmUniBATWETH", "", "", NULL, 1615221150, NULL); INSERT INTO underlying_tokens_list(identifier, weight, parent_token_entry) VALUES("eip155:1/erc20:0xB6909B960DbbE7392D405429eB2b3649752b4838", "1", "eip155:1/erc20:0xA1B0edF4460CC4d8bFAA18Ed871bFF15E5b57Eb4");
*
INSERT INTO assets(identifier, name, type) VALUES("eip155:1/erc20:0x27c67541a4ea26a436e311b2E6fFeC82083a6983", "Aave AMM Market stable debt UniBATWETH", "C"); INSERT INTO evm_tokens(identifier, token_kind, chain, address, decimals, protocol) VALUES("eip155:1/erc20:0x27c67541a4ea26a436e311b2E6fFeC82083a6983", "A", 1, "0x27c67541a4ea26a436e311b2E6fFeC82083a6983", 18, "aave-v2"); INSERT INTO common_asset_details(identifier, symbol, coingecko, cryptocompare, forked, started, swapped_for) VALUES("eip155:1/erc20:0x27c67541a4ea26a436e311b2E6fFeC82083a6983", "stableDebtAmmUniBATWETH", "", "", NULL, 1615221150, NULL); INSERT INTO underlying_tokens_list(identifier, weight, parent_token_entry) VALUES("eip155:1/erc20:0xB6909B960DbbE7392D405429eB2b3649752b4838", "1", "eip155:1/erc20:0x27c67541a4ea26a436e311b2E6fFeC82083a6983");
*
INSERT INTO assets(identifier, name, type) VALUES("eip155:1/erc20:0x3Fbef89A21Dc836275bC912849627b33c61b09b4", "Aave AMM Market variable debt AmmUniBATWETH", "C"); INSERT INTO evm_tokens(identifier, token_kind, chain, address, decimals, protocol) VALUES("eip155:1/erc20:0x3Fbef89A21Dc836275bC912849627b33c61b09b4", "A", 1, "0x3Fbef89A21Dc836275bC912849627b33c61b09b4", 18, "aave-v2"); INSERT INTO common_asset_details(identifier, symbol, coingecko, cryptocompare, forked, started, swapped_for) VALUES("eip155:1/erc20:0x3Fbef89A21Dc836275bC912849627b33c61b09b4", "variableDebtAmmUniBATWETH", "", "", NULL, 1615221150, NULL); INSERT INTO underlying_tokens_list(identifier, weight, parent_token_entry) VALUES("eip155:1/erc20:0xB6909B960DbbE7392D405429eB2b3649752b4838", "1", "eip155:1/erc20:0x3Fbef89A21Dc836275bC912849627b33c61b09b4");
*
INSERT INTO assets(identifier, name, type) VALUES("eip155:1/erc20:0xE340B25fE32B1011616bb8EC495A4d503e322177", "Aave AMM Market UniDAIUSDC", "C"); INSERT INTO evm_tokens(identifier, token_kind, chain, address, decimals, protocol) VALUES("eip155:1/erc20:0xE340B25fE32B1011616bb8EC495A4d503e322177", "A", 1, "0xE340B25fE32B1011616bb8EC495A4d503e322177", 18, "aave-v2"); INSERT INTO common_asset_details(identifier, symbol, coingecko, cryptocompare, forked, started, swapped_for) VALUES("eip155:1/erc20:0xE340B25fE32B1011616bb8EC495A4d503e322177", "aAmmUniDAIUSDC", "", "", NULL, 1615221150, NULL); INSERT INTO underlying_tokens_list(identifier, weight, parent_token_entry) VALUES("eip155:1/erc20:0xAE461cA67B15dc8dc81CE7615e0320dA1A9aB8D5", "1", "eip155:1/erc20:0xE340B25fE32B1011616bb8EC495A4d503e322177");
*
INSERT INTO assets(identifier, name, type) VALUES("eip155:1/erc20:0x6Bb2BdD21920FcB2Ad855AB5d523222F31709d1f", "Aave AMM Market stable debt UniDAIUSDC", "C"); INSERT INTO evm_tokens(identifier, token_kind, chain, address, decimals, protocol) VALUES("eip155:1/erc20:0x6Bb2BdD21920FcB2Ad855AB5d523222F31709d1f", "A", 1, "0x6Bb2BdD21920FcB2Ad855AB5d523222F31709d1f", 18, "aave-v2"); INSERT INTO common_asset_details(identifier, symbol, coingecko, cryptocompare, forked, started, swapped_for) VALUES("eip155:1/erc20:0x6Bb2BdD21920FcB2Ad855AB5d523222F31709d1f", "stableDebtAmmUniDAIUSDC", "", "", NULL, 1615221150, NULL); INSERT INTO underlying_tokens_list(identifier, weight, parent_token_entry) VALUES("eip155:1/erc20:0xAE461cA67B15dc8dc81CE7615e0320dA1A9aB8D5", "1", "eip155:1/erc20:0x6Bb2BdD21920FcB2Ad855AB5d523222F31709d1f");
*
INSERT INTO assets(identifier, name, type) VALUES("eip155:1/erc20:0x925E3FDd927E20e33C3177C4ff6fb72aD1133C87", "Aave AMM Market variable debt AmmUniDAIUSDC", "C"); INSERT INTO evm_tokens(identifier, token_kind, chain, address, decimals, protocol) VALUES("eip155:1/erc20:0x925E3FDd927E20e33C3177C4ff6fb72aD1133C87", "A", 1, "0x925E3FDd927E20e33C3177C4ff6fb72aD1133C87", 18, "aave-v2"); INSERT INTO common_asset_details(identifier, symbol, coingecko, cryptocompare, forked, started, swapped_for) VALUES("eip155:1/erc20:0x925E3FDd927E20e33C3177C4ff6fb72aD1133C87", "variableDebtAmmUniDAIUSDC", "", "", NULL, 1615221150, NULL); INSERT INTO underlying_tokens_list(identifier, weight, parent_token_entry) VALUES("eip155:1/erc20:0xAE461cA67B15dc8dc81CE7615e0320dA1A9aB8D5", "1", "eip155:1/erc20:0x925E3FDd927E20e33C3177C4ff6fb72aD1133C87");
*
INSERT INTO assets(identifier, name, type) VALUES("eip155:1/erc20:0x0ea20e7fFB006d4Cfe84df2F72d8c7bD89247DB0", "Aave AMM Market UniCRVWETH", "C"); INSERT INTO evm_tokens(identifier, token_kind, chain, address, decimals, protocol) VALUES("eip155:1/erc20:0x0ea20e7fFB006d4Cfe84df2F72d8c7bD89247DB0", "A", 1, "0x0ea20e7fFB006d4Cfe84df2F72d8c7bD89247DB0", 18, "aave-v2"); INSERT INTO common_asset_details(identifier, symbol, coingecko, cryptocompare, forked, started, swapped_for) VALUES("eip155:1/erc20:0x0ea20e7fFB006d4Cfe84df2F72d8c7bD89247DB0", "aAmmUniCRVWETH", "", "", NULL, 1615221150, NULL); INSERT INTO underlying_tokens_list(identifier, weight, parent_token_entry) VALUES("eip155:1/erc20:0x3dA1313aE46132A397D90d95B1424A9A7e3e0fCE", "1", "eip155:1/erc20:0x0ea20e7fFB006d4Cfe84df2F72d8c7bD89247DB0");
*
INSERT INTO assets(identifier, name, type) VALUES("eip155:1/erc20:0xd6035f8803eE9f173b1D3EBc3BDE0Ea6B5165636", "Aave AMM Market stable debt UniCRVWETH", "C"); INSERT INTO evm_tokens(identifier, token_kind, chain, address, decimals, protocol) VALUES("eip155:1/erc20:0xd6035f8803eE9f173b1D3EBc3BDE0Ea6B5165636", "A", 1, "0xd6035f8803eE9f173b1D3EBc3BDE0Ea6B5165636", 18, "aave-v2"); INSERT INTO common_asset_details(identifier, symbol, coingecko, cryptocompare, forked, started, swapped_for) VALUES("eip155:1/erc20:0xd6035f8803eE9f173b1D3EBc3BDE0Ea6B5165636", "stableDebtAmmUniCRVWETH", "", "", NULL, 1615221150, NULL); INSERT INTO underlying_tokens_list(identifier, weight, parent_token_entry) VALUES("eip155:1/erc20:0x3dA1313aE46132A397D90d95B1424A9A7e3e0fCE", "1", "eip155:1/erc20:0xd6035f8803eE9f173b1D3EBc3BDE0Ea6B5165636");
*
INSERT INTO assets(identifier, name, type) VALUES("eip155:1/erc20:0xF3f1a76cA6356a908CdCdE6b2AC2eaace3739Cd0", "Aave AMM Market variable debt AmmUniCRVWETH", "C"); INSERT INTO evm_tokens(identifier, token_kind, chain, address, decimals, protocol) VALUES("eip155:1/erc20:0xF3f1a76cA6356a908CdCdE6b2AC2eaace3739Cd0", "A", 1, "0xF3f1a76cA6356a908CdCdE6b2AC2eaace3739Cd0", 18, "aave-v2"); INSERT INTO common_asset_details(identifier, symbol, coingecko, cryptocompare, forked, started, swapped_for) VALUES("eip155:1/erc20:0xF3f1a76cA6356a908CdCdE6b2AC2eaace3739Cd0", "variableDebtAmmUniCRVWETH", "", "", NULL, 1615221150, NULL); INSERT INTO underlying_tokens_list(identifier, weight, parent_token_entry) VALUES("eip155:1/erc20:0x3dA1313aE46132A397D90d95B1424A9A7e3e0fCE", "1", "eip155:1/erc20:0xF3f1a76cA6356a908CdCdE6b2AC2eaace3739Cd0");
*
INSERT INTO assets(identifier, name, type) VALUES("eip155:1/erc20:0xb8db81B84d30E2387de0FF330420A4AAA6688134", "Aave AMM Market UniLINKWETH", "C"); INSERT INTO evm_tokens(identifier, token_kind, chain, address, decimals, protocol) VALUES("eip155:1/erc20:0xb8db81B84d30E2387de0FF330420A4AAA6688134", "A", 1, "0xb8db81B84d30E2387de0FF330420A4AAA6688134", 18, "aave-v2"); INSERT INTO common_asset_details(identifier, symbol, coingecko, cryptocompare, forked, started, swapped_for) VALUES("eip155:1/erc20:0xb8db81B84d30E2387de0FF330420A4AAA6688134", "aAmmUniLINKWETH", "", "", NULL, 1615221150, NULL); INSERT INTO underlying_tokens_list(identifier, weight, parent_token_entry) VALUES("eip155:1/erc20:0xa2107FA5B38d9bbd2C461D6EDf11B11A50F6b974", "1", "eip155:1/erc20:0xb8db81B84d30E2387de0FF330420A4AAA6688134");
*
INSERT INTO assets(identifier, name, type) VALUES("eip155:1/erc20:0xeb32b3A1De9a1915D2b452B673C53883b9Fa6a97", "Aave AMM Market stable debt UniLINKWETH", "C"); INSERT INTO evm_tokens(identifier, token_kind, chain, address, decimals, protocol) VALUES("eip155:1/erc20:0xeb32b3A1De9a1915D2b452B673C53883b9Fa6a97", "A", 1, "0xeb32b3A1De9a1915D2b452B673C53883b9Fa6a97", 18, "aave-v2"); INSERT INTO common_asset_details(identifier, symbol, coingecko, cryptocompare, forked, started, swapped_for) VALUES("eip155:1/erc20:0xeb32b3A1De9a1915D2b452B673C53883b9Fa6a97", "stableDebtAmmUniLINKWETH", "", "", NULL, 1615221150, NULL); INSERT INTO underlying_tokens_list(identifier, weight, parent_token_entry) VALUES("eip155:1/erc20:0xa2107FA5B38d9bbd2C461D6EDf11B11A50F6b974", "1", "eip155:1/erc20:0xeb32b3A1De9a1915D2b452B673C53883b9Fa6a97");
*
INSERT INTO assets(identifier, name, type) VALUES("eip155:1/erc20:0xeDe4052ed8e1F422F4E5062c679f6B18693fEcdc", "Aave AMM Market variable debt AmmUniLINKWETH", "C"); INSERT INTO evm_tokens(identifier, token_kind, chain, address, decimals, protocol) VALUES("eip155:1/erc20:0xeDe4052ed8e1F422F4E5062c679f6B18693fEcdc", "A", 1, "0xeDe4052ed8e1F422F4E5062c679f6B18693fEcdc", 18, "aave-v2"); INSERT INTO common_asset_details(identifier, symbol, coingecko, cryptocompare, forked, started, swapped_for) VALUES("eip155:1/erc20:0xeDe4052ed8e1F422F4E5062c679f6B18693fEcdc", "variableDebtAmmUniLINKWETH", "", "", NULL, 1615221150, NULL); INSERT INTO underlying_tokens_list(identifier, weight, parent_token_entry) VALUES("eip155:1/erc20:0xa2107FA5B38d9bbd2C461D6EDf11B11A50F6b974", "1", "eip155:1/erc20:0xeDe4052ed8e1F422F4E5062c679f6B18693fEcdc");
*
INSERT INTO assets(identifier, name, type) VALUES("eip155:1/erc20:0x370adc71f67f581158Dc56f539dF5F399128Ddf9", "Aave AMM Market UniMKRWETH", "C"); INSERT INTO evm_tokens(identifier, token_kind, chain, address, decimals, protocol) VALUES("eip155:1/erc20:0x370adc71f67f581158Dc56f539dF5F399128Ddf9", "A", 1, "0x370adc71f67f581158Dc56f539dF5F399128Ddf9", 18, "aave-v2"); INSERT INTO common_asset_details(identifier, symbol, coingecko, cryptocompare, forked, started, swapped_for) VALUES("eip155:1/erc20:0x370adc71f67f581158Dc56f539dF5F399128Ddf9", "aAmmUniMKRWETH", "", "", NULL, 1615222969, NULL); INSERT INTO underlying_tokens_list(identifier, weight, parent_token_entry) VALUES("eip155:1/erc20:0xC2aDdA861F89bBB333c90c492cB837741916A225", "1", "eip155:1/erc20:0x370adc71f67f581158Dc56f539dF5F399128Ddf9");
*
INSERT INTO assets(identifier, name, type) VALUES("eip155:1/erc20:0x6E7E38bB73E19b62AB5567940Caaa514e9d85982", "Aave AMM Market stable debt UniMKRWETH", "C"); INSERT INTO evm_tokens(identifier, token_kind, chain, address, decimals, protocol) VALUES("eip155:1/erc20:0x6E7E38bB73E19b62AB5567940Caaa514e9d85982", "A", 1, "0x6E7E38bB73E19b62AB5567940Caaa514e9d85982", 18, "aave-v2"); INSERT INTO common_asset_details(identifier, symbol, coingecko, cryptocompare, forked, started, swapped_for) VALUES("eip155:1/erc20:0x6E7E38bB73E19b62AB5567940Caaa514e9d85982", "stableDebtAmmUniMKRWETH", "", "", NULL, 1615222969, NULL); INSERT INTO underlying_tokens_list(identifier, weight, parent_token_entry) VALUES("eip155:1/erc20:0xC2aDdA861F89bBB333c90c492cB837741916A225", "1", "eip155:1/erc20:0x6E7E38bB73E19b62AB5567940Caaa514e9d85982");
*
INSERT INTO assets(identifier, name, type) VALUES("eip155:1/erc20:0xf36C394775285F89bBBDF09533421E3e81e8447c", "Aave AMM Market variable debt AmmUniMKRWETH", "C"); INSERT INTO evm_tokens(identifier, token_kind, chain, address, decimals, protocol) VALUES("eip155:1/erc20:0xf36C394775285F89bBBDF09533421E3e81e8447c", "A", 1, "0xf36C394775285F89bBBDF09533421E3e81e8447c", 18, "aave-v2"); INSERT INTO common_asset_details(identifier, symbol, coingecko, cryptocompare, forked, started, swapped_for) VALUES("eip155:1/erc20:0xf36C394775285F89bBBDF09533421E3e81e8447c", "variableDebtAmmUniMKRWETH", "", "", NULL, 1615222969, NULL); INSERT INTO underlying_tokens_list(identifier, weight, parent_token_entry) VALUES("eip155:1/erc20:0xC2aDdA861F89bBB333c90c492cB837741916A225", "1", "eip155:1/erc20:0xf36C394775285F89bBBDF09533421E3e81e8447c");
*
INSERT INTO assets(identifier, name, type) VALUES("eip155:1/erc20:0xA9e201A4e269d6cd5E9F0FcbcB78520cf815878B", "Aave AMM Market UniRENWETH", "C"); INSERT INTO evm_tokens(identifier, token_kind, chain, address, decimals, protocol) VALUES("eip155:1/erc20:0xA9e201A4e269d6cd5E9F0FcbcB78520cf815878B", "A", 1, "0xA9e201A4e269d6cd5E9F0FcbcB78520cf815878B", 18, "aave-v2"); INSERT INTO common_asset_details(identifier, symbol, coingecko, cryptocompare, forked, started, swapped_for) VALUES("eip155:1/erc20:0xA9e201A4e269d6cd5E9F0FcbcB78520cf815878B", "aAmmUniRENWETH", "", "", NULL, 1615222969, NULL); INSERT INTO underlying_tokens_list(identifier, weight, parent_token_entry) VALUES("eip155:1/erc20:0x8Bd1661Da98EBDd3BD080F0bE4e6d9bE8cE9858c", "1", "eip155:1/erc20:0xA9e201A4e269d6cd5E9F0FcbcB78520cf815878B");
*
INSERT INTO assets(identifier, name, type) VALUES("eip155:1/erc20:0x312edeADf68E69A0f53518bF27EAcD1AbcC2897e", "Aave AMM Market stable debt UniRENWETH", "C"); INSERT INTO evm_tokens(identifier, token_kind, chain, address, decimals, protocol) VALUES("eip155:1/erc20:0x312edeADf68E69A0f53518bF27EAcD1AbcC2897e", "A", 1, "0x312edeADf68E69A0f53518bF27EAcD1AbcC2897e", 18, "aave-v2"); INSERT INTO common_asset_details(identifier, symbol, coingecko, cryptocompare, forked, started, swapped_for) VALUES("eip155:1/erc20:0x312edeADf68E69A0f53518bF27EAcD1AbcC2897e", "stableDebtAmmUniRENWETH", "", "", NULL, 1615222969, NULL); INSERT INTO underlying_tokens_list(identifier, weight, parent_token_entry) VALUES("eip155:1/erc20:0x8Bd1661Da98EBDd3BD080F0bE4e6d9bE8cE9858c", "1", "eip155:1/erc20:0x312edeADf68E69A0f53518bF27EAcD1AbcC2897e");
*
INSERT INTO assets(identifier, name, type) VALUES("eip155:1/erc20:0x2A8d5B1c1de15bfcd5EC41368C0295c60D8Da83c", "Aave AMM Market variable debt AmmUniRENWETH", "C"); INSERT INTO evm_tokens(identifier, token_kind, chain, address, decimals, protocol) VALUES("eip155:1/erc20:0x2A8d5B1c1de15bfcd5EC41368C0295c60D8Da83c", "A", 1, "0x2A8d5B1c1de15bfcd5EC41368C0295c60D8Da83c", 18, "aave-v2"); INSERT INTO common_asset_details(identifier, symbol, coingecko, cryptocompare, forked, started, swapped_for) VALUES("eip155:1/erc20:0x2A8d5B1c1de15bfcd5EC41368C0295c60D8Da83c", "variableDebtAmmUniRENWETH", "", "", NULL, 1615222969, NULL); INSERT INTO underlying_tokens_list(identifier, weight, parent_token_entry) VALUES("eip155:1/erc20:0x8Bd1661Da98EBDd3BD080F0bE4e6d9bE8cE9858c", "1", "eip155:1/erc20:0x2A8d5B1c1de15bfcd5EC41368C0295c60D8Da83c");
*
INSERT INTO assets(identifier, name, type) VALUES("eip155:1/erc20:0x38E491A71291CD43E8DE63b7253E482622184894", "Aave AMM Market UniSNXWETH", "C"); INSERT INTO evm_tokens(identifier, token_kind, chain, address, decimals, protocol) VALUES("eip155:1/erc20:0x38E491A71291CD43E8DE63b7253E482622184894", "A", 1, "0x38E491A71291CD43E8DE63b7253E482622184894", 18, "aave-v2"); INSERT INTO common_asset_details(identifier, symbol, coingecko, cryptocompare, forked, started, swapped_for) VALUES("eip155:1/erc20:0x38E491A71291CD43E8DE63b7253E482622184894", "aAmmUniSNXWETH", "", "", NULL, 1615222969, NULL); INSERT INTO underlying_tokens_list(identifier, weight, parent_token_entry) VALUES("eip155:1/erc20:0x43AE24960e5534731Fc831386c07755A2dc33D47", "1", "eip155:1/erc20:0x38E491A71291CD43E8DE63b7253E482622184894");
*
INSERT INTO assets(identifier, name, type) VALUES("eip155:1/erc20:0xef62A0C391D89381ddf8A8C90Ba772081107D287", "Aave AMM Market stable debt UniSNXWETH", "C"); INSERT INTO evm_tokens(identifier, token_kind, chain, address, decimals, protocol) VALUES("eip155:1/erc20:0xef62A0C391D89381ddf8A8C90Ba772081107D287", "A", 1, "0xef62A0C391D89381ddf8A8C90Ba772081107D287", 18, "aave-v2"); INSERT INTO common_asset_details(identifier, symbol, coingecko, cryptocompare, forked, started, swapped_for) VALUES("eip155:1/erc20:0xef62A0C391D89381ddf8A8C90Ba772081107D287", "stableDebtAmmUniSNXWETH", "", "", NULL, 1615222969, NULL); INSERT INTO underlying_tokens_list(identifier, weight, parent_token_entry) VALUES("eip155:1/erc20:0x43AE24960e5534731Fc831386c07755A2dc33D47", "1", "eip155:1/erc20:0xef62A0C391D89381ddf8A8C90Ba772081107D287");
*
INSERT INTO assets(identifier, name, type) VALUES("eip155:1/erc20:0xfd15008efA339A2390B48d2E0Ca8Abd523b406d3", "Aave AMM Market variable debt AmmUniSNXWETH", "C"); INSERT INTO evm_tokens(identifier, token_kind, chain, address, decimals, protocol) VALUES("eip155:1/erc20:0xfd15008efA339A2390B48d2E0Ca8Abd523b406d3", "A", 1, "0xfd15008efA339A2390B48d2E0Ca8Abd523b406d3", 18, "aave-v2"); INSERT INTO common_asset_details(identifier, symbol, coingecko, cryptocompare, forked, started, swapped_for) VALUES("eip155:1/erc20:0xfd15008efA339A2390B48d2E0Ca8Abd523b406d3", "variableDebtAmmUniSNXWETH", "", "", NULL, 1615222969, NULL); INSERT INTO underlying_tokens_list(identifier, weight, parent_token_entry) VALUES("eip155:1/erc20:0x43AE24960e5534731Fc831386c07755A2dc33D47", "1", "eip155:1/erc20:0xfd15008efA339A2390B48d2E0Ca8Abd523b406d3");
*
INSERT INTO assets(identifier, name, type) VALUES("eip155:1/erc20:0x3D26dcd840fCC8e4B2193AcE8A092e4a65832F9f", "Aave AMM Market UniUNIWETH", "C"); INSERT INTO evm_tokens(identifier, token_kind, chain, address, decimals, protocol) VALUES("eip155:1/erc20:0x3D26dcd840fCC8e4B2193AcE8A092e4a65832F9f", "A", 1, "0x3D26dcd840fCC8e4B2193AcE8A092e4a65832F9f", 18, "aave-v2"); INSERT INTO common_asset_details(identifier, symbol, coingecko, cryptocompare, forked, started, swapped_for) VALUES("eip155:1/erc20:0x3D26dcd840fCC8e4B2193AcE8A092e4a65832F9f", "aAmmUniUNIWETH", "", "", NULL, 1615222969, NULL); INSERT INTO underlying_tokens_list(identifier, weight, parent_token_entry) VALUES("eip155:1/erc20:0xd3d2E2692501A5c9Ca623199D38826e513033a17", "1", "eip155:1/erc20:0x3D26dcd840fCC8e4B2193AcE8A092e4a65832F9f");
*
INSERT INTO assets(identifier, name, type) VALUES("eip155:1/erc20:0x6febCE732191Dc915D6fB7Dc5FE3AEFDDb85Bd1B", "Aave AMM Market stable debt UniUNIWETH", "C"); INSERT INTO evm_tokens(identifier, token_kind, chain, address, decimals, protocol) VALUES("eip155:1/erc20:0x6febCE732191Dc915D6fB7Dc5FE3AEFDDb85Bd1B", "A", 1, "0x6febCE732191Dc915D6fB7Dc5FE3AEFDDb85Bd1B", 18, "aave-v2"); INSERT INTO common_asset_details(identifier, symbol, coingecko, cryptocompare, forked, started, swapped_for) VALUES("eip155:1/erc20:0x6febCE732191Dc915D6fB7Dc5FE3AEFDDb85Bd1B", "stableDebtAmmUniUNIWETH", "", "", NULL, 1615222969, NULL); INSERT INTO underlying_tokens_list(identifier, weight, parent_token_entry) VALUES("eip155:1/erc20:0xd3d2E2692501A5c9Ca623199D38826e513033a17", "1", "eip155:1/erc20:0x6febCE732191Dc915D6fB7Dc5FE3AEFDDb85Bd1B");
*
INSERT INTO assets(identifier, name, type) VALUES("eip155:1/erc20:0x0D878FbB01fbEEa7ddEFb896d56f1D3167af919F", "Aave AMM Market variable debt AmmUniUNIWETH", "C"); INSERT INTO evm_tokens(identifier, token_kind, chain, address, decimals, protocol) VALUES("eip155:1/erc20:0x0D878FbB01fbEEa7ddEFb896d56f1D3167af919F", "A", 1, "0x0D878FbB01fbEEa7ddEFb896d56f1D3167af919F", 18, "aave-v2"); INSERT INTO common_asset_details(identifier, symbol, coingecko, cryptocompare, forked, started, swapped_for) VALUES("eip155:1/erc20:0x0D878FbB01fbEEa7ddEFb896d56f1D3167af919F", "variableDebtAmmUniUNIWETH", "", "", NULL, 1615222969, NULL); INSERT INTO underlying_tokens_list(identifier, weight, parent_token_entry) VALUES("eip155:1/erc20:0xd3d2E2692501A5c9Ca623199D38826e513033a17", "1", "eip155:1/erc20:0x0D878FbB01fbEEa7ddEFb896d56f1D3167af919F");
*
INSERT INTO assets(identifier, name, type) VALUES("eip155:1/erc20:0x391E86e2C002C70dEe155eAceB88F7A3c38f5976", "Aave AMM Market UniUSDCWETH", "C"); INSERT INTO evm_tokens(identifier, token_kind, chain, address, decimals, protocol) VALUES("eip155:1/erc20:0x391E86e2C002C70dEe155eAceB88F7A3c38f5976", "A", 1, "0x391E86e2C002C70dEe155eAceB88F7A3c38f5976", 18, "aave-v2"); INSERT INTO common_asset_details(identifier, symbol, coingecko, cryptocompare, forked, started, swapped_for) VALUES("eip155:1/erc20:0x391E86e2C002C70dEe155eAceB88F7A3c38f5976", "aAmmUniUSDCWETH", "", "", NULL, 1615223070, NULL); INSERT INTO underlying_tokens_list(identifier, weight, parent_token_entry) VALUES("eip155:1/erc20:0xB4e16d0168e52d35CaCD2c6185b44281Ec28C9Dc", "1", "eip155:1/erc20:0x391E86e2C002C70dEe155eAceB88F7A3c38f5976");
*
INSERT INTO assets(identifier, name, type) VALUES("eip155:1/erc20:0xfAB4C9775A4316Ec67a8223ecD0F70F87fF532Fc", "Aave AMM Market stable debt UniUSDCWETH", "C"); INSERT INTO evm_tokens(identifier, token_kind, chain, address, decimals, protocol) VALUES("eip155:1/erc20:0xfAB4C9775A4316Ec67a8223ecD0F70F87fF532Fc", "A", 1, "0xfAB4C9775A4316Ec67a8223ecD0F70F87fF532Fc", 18, "aave-v2"); INSERT INTO common_asset_details(identifier, symbol, coingecko, cryptocompare, forked, started, swapped_for) VALUES("eip155:1/erc20:0xfAB4C9775A4316Ec67a8223ecD0F70F87fF532Fc", "stableDebtAmmUniUSDCWETH", "", "", NULL, 1615223070, NULL); INSERT INTO underlying_tokens_list(identifier, weight, parent_token_entry) VALUES("eip155:1/erc20:0xB4e16d0168e52d35CaCD2c6185b44281Ec28C9Dc", "1", "eip155:1/erc20:0xfAB4C9775A4316Ec67a8223ecD0F70F87fF532Fc");
*
INSERT INTO assets(identifier, name, type) VALUES("eip155:1/erc20:0x26625d1dDf520fC8D975cc68eC6E0391D9d3Df61", "Aave AMM Market variable debt AmmUniUSDCWETH", "C"); INSERT INTO evm_tokens(identifier, token_kind, chain, address, decimals, protocol) VALUES("eip155:1/erc20:0x26625d1dDf520fC8D975cc68eC6E0391D9d3Df61", "A", 1, "0x26625d1dDf520fC8D975cc68eC6E0391D9d3Df61", 18, "aave-v2"); INSERT INTO common_asset_details(identifier, symbol, coingecko, cryptocompare, forked, started, swapped_for) VALUES("eip155:1/erc20:0x26625d1dDf520fC8D975cc68eC6E0391D9d3Df61", "variableDebtAmmUniUSDCWETH", "", "", NULL, 1615223070, NULL); INSERT INTO underlying_tokens_list(identifier, weight, parent_token_entry) VALUES("eip155:1/erc20:0xB4e16d0168e52d35CaCD2c6185b44281Ec28C9Dc", "1", "eip155:1/erc20:0x26625d1dDf520fC8D975cc68eC6E0391D9d3Df61");
*
INSERT INTO assets(identifier, name, type) VALUES("eip155:1/erc20:0x2365a4890eD8965E564B7E2D27C38Ba67Fec4C6F", "Aave AMM Market UniWBTCUSDC", "C"); INSERT INTO evm_tokens(identifier, token_kind, chain, address, decimals, protocol) VALUES("eip155:1/erc20:0x2365a4890eD8965E564B7E2D27C38Ba67Fec4C6F", "A", 1, "0x2365a4890eD8965E564B7E2D27C38Ba67Fec4C6F", 18, "aave-v2"); INSERT INTO common_asset_details(identifier, symbol, coingecko, cryptocompare, forked, started, swapped_for) VALUES("eip155:1/erc20:0x2365a4890eD8965E564B7E2D27C38Ba67Fec4C6F", "aAmmUniWBTCUSDC", "", "", NULL, 1615223070, NULL); INSERT INTO underlying_tokens_list(identifier, weight, parent_token_entry) VALUES("eip155:1/erc20:0x004375Dff511095CC5A197A54140a24eFEF3A416", "1", "eip155:1/erc20:0x2365a4890eD8965E564B7E2D27C38Ba67Fec4C6F");
*
INSERT INTO assets(identifier, name, type) VALUES("eip155:1/erc20:0xc66bfA05cCe646f05F71DeE333e3229cE24Bbb7e", "Aave AMM Market stable debt UniWBTCUSDC", "C"); INSERT INTO evm_tokens(identifier, token_kind, chain, address, decimals, protocol) VALUES("eip155:1/erc20:0xc66bfA05cCe646f05F71DeE333e3229cE24Bbb7e", "A", 1, "0xc66bfA05cCe646f05F71DeE333e3229cE24Bbb7e", 18, "aave-v2"); INSERT INTO common_asset_details(identifier, symbol, coingecko, cryptocompare, forked, started, swapped_for) VALUES("eip155:1/erc20:0xc66bfA05cCe646f05F71DeE333e3229cE24Bbb7e", "stableDebtAmmUniWBTCUSDC", "", "", NULL, 1615223070, NULL); INSERT INTO underlying_tokens_list(identifier, weight, parent_token_entry) VALUES("eip155:1/erc20:0x004375Dff511095CC5A197A54140a24eFEF3A416", "1", "eip155:1/erc20:0xc66bfA05cCe646f05F71DeE333e3229cE24Bbb7e");
*
INSERT INTO assets(identifier, name, type) VALUES("eip155:1/erc20:0x36dA0C5dC23397CBf9D13BbD74E93C04f99633Af", "Aave AMM Market variable debt AmmUniWBTCUSDC", "C"); INSERT INTO evm_tokens(identifier, token_kind, chain, address, decimals, protocol) VALUES("eip155:1/erc20:0x36dA0C5dC23397CBf9D13BbD74E93C04f99633Af", "A", 1, "0x36dA0C5dC23397CBf9D13BbD74E93C04f99633Af", 18, "aave-v2"); INSERT INTO common_asset_details(identifier, symbol, coingecko, cryptocompare, forked, started, swapped_for) VALUES("eip155:1/erc20:0x36dA0C5dC23397CBf9D13BbD74E93C04f99633Af", "variableDebtAmmUniWBTCUSDC", "", "", NULL, 1615223070, NULL); INSERT INTO underlying_tokens_list(identifier, weight, parent_token_entry) VALUES("eip155:1/erc20:0x004375Dff511095CC5A197A54140a24eFEF3A416", "1", "eip155:1/erc20:0x36dA0C5dC23397CBf9D13BbD74E93C04f99633Af");
*
INSERT INTO assets(identifier, name, type) VALUES("eip155:1/erc20:0x5394794Be8b6eD5572FCd6b27103F46b5F390E8f", "Aave AMM Market UniYFIWETH", "C"); INSERT INTO evm_tokens(identifier, token_kind, chain, address, decimals, protocol) VALUES("eip155:1/erc20:0x5394794Be8b6eD5572FCd6b27103F46b5F390E8f", "A", 1, "0x5394794Be8b6eD5572FCd6b27103F46b5F390E8f", 18, "aave-v2"); INSERT INTO common_asset_details(identifier, symbol, coingecko, cryptocompare, forked, started, swapped_for) VALUES("eip155:1/erc20:0x5394794Be8b6eD5572FCd6b27103F46b5F390E8f", "aAmmUniYFIWETH", "", "", NULL, 1615223070, NULL); INSERT INTO underlying_tokens_list(identifier, weight, parent_token_entry) VALUES("eip155:1/erc20:0x2fDbAdf3C4D5A8666Bc06645B8358ab803996E28", "1", "eip155:1/erc20:0x5394794Be8b6eD5572FCd6b27103F46b5F390E8f");
*
INSERT INTO assets(identifier, name, type) VALUES("eip155:1/erc20:0x9B054B76d6DE1c4892ba025456A9c4F9be5B1766", "Aave AMM Market stable debt UniYFIWETH", "C"); INSERT INTO evm_tokens(identifier, token_kind, chain, address, decimals, protocol) VALUES("eip155:1/erc20:0x9B054B76d6DE1c4892ba025456A9c4F9be5B1766", "A", 1, "0x9B054B76d6DE1c4892ba025456A9c4F9be5B1766", 18, "aave-v2"); INSERT INTO common_asset_details(identifier, symbol, coingecko, cryptocompare, forked, started, swapped_for) VALUES("eip155:1/erc20:0x9B054B76d6DE1c4892ba025456A9c4F9be5B1766", "stableDebtAmmUniYFIWETH", "", "", NULL, 1615223070, NULL); INSERT INTO underlying_tokens_list(identifier, weight, parent_token_entry) VALUES("eip155:1/erc20:0x2fDbAdf3C4D5A8666Bc06645B8358ab803996E28", "1", "eip155:1/erc20:0x9B054B76d6DE1c4892ba025456A9c4F9be5B1766");
*
INSERT INTO assets(identifier, name, type) VALUES("eip155:1/erc20:0xDf70Bdf01a3eBcd0D918FF97390852A914a92Df7", "Aave AMM Market variable debt AmmUniYFIWETH", "C"); INSERT INTO evm_tokens(identifier, token_kind, chain, address, decimals, protocol) VALUES("eip155:1/erc20:0xDf70Bdf01a3eBcd0D918FF97390852A914a92Df7", "A", 1, "0xDf70Bdf01a3eBcd0D918FF97390852A914a92Df7", 18, "aave-v2"); INSERT INTO common_asset_details(identifier, symbol, coingecko, cryptocompare, forked, started, swapped_for) VALUES("eip155:1/erc20:0xDf70Bdf01a3eBcd0D918FF97390852A914a92Df7", "variableDebtAmmUniYFIWETH", "", "", NULL, 1615223070, NULL); INSERT INTO underlying_tokens_list(identifier, weight, parent_token_entry) VALUES("eip155:1/erc20:0x2fDbAdf3C4D5A8666Bc06645B8358ab803996E28", "1", "eip155:1/erc20:0xDf70Bdf01a3eBcd0D918FF97390852A914a92Df7");
*
INSERT INTO assets(identifier, name, type) VALUES("eip155:1/erc20:0x358bD0d980E031E23ebA9AA793926857703783BD", "Aave AMM Market BptWBTCWETH", "C"); INSERT INTO evm_tokens(identifier, token_kind, chain, address, decimals, protocol) VALUES("eip155:1/erc20:0x358bD0d980E031E23ebA9AA793926857703783BD", "A", 1, "0x358bD0d980E031E23ebA9AA793926857703783BD", 18, "aave-v2"); INSERT INTO common_asset_details(identifier, symbol, coingecko, cryptocompare, forked, started, swapped_for) VALUES("eip155:1/erc20:0x358bD0d980E031E23ebA9AA793926857703783BD", "aAmmBptWBTCWETH", "", "", NULL, 1615223070, NULL); INSERT INTO underlying_tokens_list(identifier, weight, parent_token_entry) VALUES("eip155:1/erc20:0x1efF8aF5D577060BA4ac8A29A13525bb0Ee2A3D5", "1", "eip155:1/erc20:0x358bD0d980E031E23ebA9AA793926857703783BD");
*
INSERT INTO assets(identifier, name, type) VALUES("eip155:1/erc20:0x46406eCd20FDE1DF4d80F15F07c434fa95CB6b33", "Aave AMM Market stable debt BptWBTCWETH", "C"); INSERT INTO evm_tokens(identifier, token_kind, chain, address, decimals, protocol) VALUES("eip155:1/erc20:0x46406eCd20FDE1DF4d80F15F07c434fa95CB6b33", "A", 1, "0x46406eCd20FDE1DF4d80F15F07c434fa95CB6b33", 18, "aave-v2"); INSERT INTO common_asset_details(identifier, symbol, coingecko, cryptocompare, forked, started, swapped_for) VALUES("eip155:1/erc20:0x46406eCd20FDE1DF4d80F15F07c434fa95CB6b33", "stableDebtAmmBptWBTCWETH", "", "", NULL, 1615223070, NULL); INSERT INTO underlying_tokens_list(identifier, weight, parent_token_entry) VALUES("eip155:1/erc20:0x1efF8aF5D577060BA4ac8A29A13525bb0Ee2A3D5", "1", "eip155:1/erc20:0x46406eCd20FDE1DF4d80F15F07c434fa95CB6b33");
*
INSERT INTO assets(identifier, name, type) VALUES("eip155:1/erc20:0xF655DF3832859cfB0AcfD88eDff3452b9Aa6Db24", "Aave AMM Market variable debt AmmBptWBTCWETH", "C"); INSERT INTO evm_tokens(identifier, token_kind, chain, address, decimals, protocol) VALUES("eip155:1/erc20:0xF655DF3832859cfB0AcfD88eDff3452b9Aa6Db24", "A", 1, "0xF655DF3832859cfB0AcfD88eDff3452b9Aa6Db24", 18, "aave-v2"); INSERT INTO common_asset_details(identifier, symbol, coingecko, cryptocompare, forked, started, swapped_for) VALUES("eip155:1/erc20:0xF655DF3832859cfB0AcfD88eDff3452b9Aa6Db24", "variableDebtAmmBptWBTCWETH", "", "", NULL, 1615223070, NULL); INSERT INTO underlying_tokens_list(identifier, weight, parent_token_entry) VALUES("eip155:1/erc20:0x1efF8aF5D577060BA4ac8A29A13525bb0Ee2A3D5", "1", "eip155:1/erc20:0xF655DF3832859cfB0AcfD88eDff3452b9Aa6Db24");
*
INSERT INTO assets(identifier, name, type) VALUES("eip155:1/erc20:0xd109b2A304587569c84308c55465cd9fF0317bFB", "Aave AMM Market BptBALWETH", "C"); INSERT INTO evm_tokens(identifier, token_kind, chain, address, decimals, protocol) VALUES("eip155:1/erc20:0xd109b2A304587569c84308c55465cd9fF0317bFB", "A", 1, "0xd109b2A304587569c84308c55465cd9fF0317bFB", 18, "aave-v2"); INSERT INTO common_asset_details(identifier, symbol, coingecko, cryptocompare, forked, started, swapped_for) VALUES("eip155:1/erc20:0xd109b2A304587569c84308c55465cd9fF0317bFB", "aAmmBptBALWETH", "", "", NULL, 1615223136, NULL); INSERT INTO underlying_tokens_list(identifier, weight, parent_token_entry) VALUES("eip155:1/erc20:0x59A19D8c652FA0284f44113D0ff9aBa70bd46fB4", "1", "eip155:1/erc20:0xd109b2A304587569c84308c55465cd9fF0317bFB");
*
INSERT INTO assets(identifier, name, type) VALUES("eip155:1/erc20:0x6474d116476b8eDa1B21472a599Ff76A829AbCbb", "Aave AMM Market stable debt BptBALWETH", "C"); INSERT INTO evm_tokens(identifier, token_kind, chain, address, decimals, protocol) VALUES("eip155:1/erc20:0x6474d116476b8eDa1B21472a599Ff76A829AbCbb", "A", 1, "0x6474d116476b8eDa1B21472a599Ff76A829AbCbb", 18, "aave-v2"); INSERT INTO common_asset_details(identifier, symbol, coingecko, cryptocompare, forked, started, swapped_for) VALUES("eip155:1/erc20:0x6474d116476b8eDa1B21472a599Ff76A829AbCbb", "stableDebtAmmBptBALWETH", "", "", NULL, 1615223136, NULL); INSERT INTO underlying_tokens_list(identifier, weight, parent_token_entry) VALUES("eip155:1/erc20:0x59A19D8c652FA0284f44113D0ff9aBa70bd46fB4", "1", "eip155:1/erc20:0x6474d116476b8eDa1B21472a599Ff76A829AbCbb");
*
INSERT INTO assets(identifier, name, type) VALUES("eip155:1/erc20:0xF41A5Cc7a61519B08056176d7B4b87AB34dF55AD", "Aave AMM Market variable debt AmmBptBALWETH", "C"); INSERT INTO evm_tokens(identifier, token_kind, chain, address, decimals, protocol) VALUES("eip155:1/erc20:0xF41A5Cc7a61519B08056176d7B4b87AB34dF55AD", "A", 1, "0xF41A5Cc7a61519B08056176d7B4b87AB34dF55AD", 18, "aave-v2"); INSERT INTO common_asset_details(identifier, symbol, coingecko, cryptocompare, forked, started, swapped_for) VALUES("eip155:1/erc20:0xF41A5Cc7a61519B08056176d7B4b87AB34dF55AD", "variableDebtAmmBptBALWETH", "", "", NULL, 1615223136, NULL); INSERT INTO underlying_tokens_list(identifier, weight, parent_token_entry) VALUES("eip155:1/erc20:0x59A19D8c652FA0284f44113D0ff9aBa70bd46fB4", "1", "eip155:1/erc20:0xF41A5Cc7a61519B08056176d7B4b87AB34dF55AD");
*
INSERT INTO assets(identifier, name, type) VALUES("eip155:1/erc20:0xc3d688B66703497DAA19211EEdff47f25384cdc3", "Compound USDC", "C"); INSERT INTO evm_tokens(identifier, token_kind, chain, address, decimals, protocol) VALUES("eip155:1/erc20:0xc3d688B66703497DAA19211EEdff47f25384cdc3", "A", 1, "0xc3d688B66703497DAA19211EEdff47f25384cdc3", 6, "compound-v3"); INSERT INTO common_asset_details(identifier, symbol, coingecko, cryptocompare, forked, started, swapped_for) VALUES("eip155:1/erc20:0xc3d688B66703497DAA19211EEdff47f25384cdc3", "cUSDCv3", "", "", NULL, 1660368917, NULL); INSERT INTO underlying_tokens_list(identifier, weight, parent_token_entry) VALUES("eip155:1/erc20:0xA0b86991c6218b36c1d19D4a2e9Eb0cE3606eB48", "1", "eip155:1/erc20:0xc3d688B66703497DAA19211EEdff47f25384cdc3");
*
INSERT INTO assets(identifier, name, type) VALUES("eip155:1/erc20:0xA17581A9E3356d9A858b789D68B4d866e593aE94", "Compound WETH", "C"); INSERT INTO evm_tokens(identifier, token_kind, chain, address, decimals, protocol) VALUES("eip155:1/erc20:0xA17581A9E3356d9A858b789D68B4d866e593aE94", "A", 1, "0xA17581A9E3356d9A858b789D68B4d866e593aE94", 18, "compound-v3"); INSERT INTO common_asset_details(identifier, symbol, coingecko, cryptocompare, forked, started, swapped_for) VALUES("eip155:1/erc20:0xA17581A9E3356d9A858b789D68B4d866e593aE94", "cWETHv3", "", "", NULL, 1673647103, NULL); INSERT INTO underlying_tokens_list(identifier, weight, parent_token_entry) VALUES("eip155:1/erc20:0xC02aaA39b223FE8D0A0e5C4F27eAD9083C756Cc2", "1", "eip155:1/erc20:0xA17581A9E3356d9A858b789D68B4d866e593aE94");
*
INSERT INTO assets(identifier, name, type) VALUES("eip155:137/erc20:0xF25212E676D1F7F89Cd72fFEe66158f541246445", "Compound USDC", "C"); INSERT INTO evm_tokens(identifier, token_kind, chain, address, decimals, protocol) VALUES("eip155:137/erc20:0xF25212E676D1F7F89Cd72fFEe66158f541246445", "A", 137, "0xF25212E676D1F7F89Cd72fFEe66158f541246445", 6, "compound-v3"); INSERT INTO common_asset_details(identifier, symbol, coingecko, cryptocompare, forked, started, swapped_for) VALUES("eip155:137/erc20:0xF25212E676D1F7F89Cd72fFEe66158f541246445", "cUSDCv3", "", "", NULL, 1714486717, NULL); INSERT INTO underlying_tokens_list(identifier, weight, parent_token_entry) VALUES("eip155:137/erc20:0x2791Bca1f2de4661ED88A30C99A7a9449Aa84174", "1", "eip155:137/erc20:0xF25212E676D1F7F89Cd72fFEe66158f541246445");
*
INSERT INTO assets(identifier, name, type) VALUES("eip155:42161/erc20:0xA5EDBDD9646f8dFF606d7448e414884C7d905dCA", "Compound USDC", "C"); INSERT INTO evm_tokens(identifier, token_kind, chain, address, decimals, protocol) VALUES("eip155:42161/erc20:0xA5EDBDD9646f8dFF606d7448e414884C7d905dCA", "A", 42161, "0xA5EDBDD9646f8dFF606d7448e414884C7d905dCA", 6, "compound-v3"); INSERT INTO common_asset_details(identifier, symbol, coingecko, cryptocompare, forked, started, swapped_for) VALUES("eip155:42161/erc20:0xA5EDBDD9646f8dFF606d7448e414884C7d905dCA", "cUSDCv3", "", "", NULL, 1683235205, NULL); INSERT INTO underlying_tokens_list(identifier, weight, parent_token_entry) VALUES("eip155:42161/erc20:0xFF970A61A04b1cA14834A43f5dE4533eBDDB5CC8", "1", "eip155:42161/erc20:0xA5EDBDD9646f8dFF606d7448e414884C7d905dCA");
*
INSERT INTO assets(identifier, name, type) VALUES("eip155:42161/erc20:0x9c4ec768c28520B50860ea7a15bd7213a9fF58bf", "Compound USDC", "C"); INSERT INTO evm_tokens(identifier, token_kind, chain, address, decimals, protocol) VALUES("eip155:42161/erc20:0x9c4ec768c28520B50860ea7a15bd7213a9fF58bf", "A", 42161, "0x9c4ec768c28520B50860ea7a15bd7213a9fF58bf", 6, "compound-v3"); INSERT INTO common_asset_details(identifier, symbol, coingecko, cryptocompare, forked, started, swapped_for) VALUES("eip155:42161/erc20:0x9c4ec768c28520B50860ea7a15bd7213a9fF58bf", "cUSDCv3", "", "", NULL, 1692224992, NULL); INSERT INTO underlying_tokens_list(identifier, weight, parent_token_entry) VALUES("eip155:42161/erc20:0xaf88d065e77c8cC2239327C5EDb3A432268e5831", "1", "eip155:42161/erc20:0x9c4ec768c28520B50860ea7a15bd7213a9fF58bf");
*
INSERT INTO assets(identifier, name, type) VALUES("eip155:8453/erc20:0xb125E6687d4313864e53df431d5425969c15Eb2F", "Compound USDC", "C"); INSERT INTO evm_tokens(identifier, token_kind, chain, address, decimals, protocol) VALUES("eip155:8453/erc20:0xb125E6687d4313864e53df431d5425969c15Eb2F", "A", 8453, "0xb125E6687d4313864e53df431d5425969c15Eb2F", 6, "compound-v3"); INSERT INTO common_asset_details(identifier, symbol, coingecko, cryptocompare, forked, started, swapped_for) VALUES("eip155:8453/erc20:0xb125E6687d4313864e53df431d5425969c15Eb2F", "cUSDCv3", "", "", NULL, 1710188307, NULL); INSERT INTO underlying_tokens_list(identifier, weight, parent_token_entry) VALUES("eip155:8453/erc20:0x833589fCD6eDb6E08f4c7C32D4f71b54bdA02913", "1", "eip155:8453/erc20:0xb125E6687d4313864e53df431d5425969c15Eb2F");
*
INSERT INTO assets(identifier, name, type) VALUES("eip155:8453/erc20:0x9c4ec768c28520B50860ea7a15bd7213a9fF58bf", "Compound USDbC", "C"); INSERT INTO evm_tokens(identifier, token_kind, chain, address, decimals, protocol) VALUES("eip155:8453/erc20:0x9c4ec768c28520B50860ea7a15bd7213a9fF58bf", "A", 8453, "0x9c4ec768c28520B50860ea7a15bd7213a9fF58bf", 6, "compound-v3"); INSERT INTO common_asset_details(identifier, symbol, coingecko, cryptocompare, forked, started, swapped_for) VALUES("eip155:8453/erc20:0x9c4ec768c28520B50860ea7a15bd7213a9fF58bf", "cUSDbCv3", "", "", NULL, 1691184523, NULL); INSERT INTO underlying_tokens_list(identifier, weight, parent_token_entry) VALUES("eip155:8453/erc20:0xd9aAEc86B65D86f6A7B5B1b0c42FFA531710b6CA", "1", "eip155:8453/erc20:0x9c4ec768c28520B50860ea7a15bd7213a9fF58bf");
*
INSERT INTO assets(identifier, name, type) VALUES("eip155:8453/erc20:0x46e6b214b524310239732D51387075E0e70970bf", "Compound WETH", "C"); INSERT INTO evm_tokens(identifier, token_kind, chain, address, decimals, protocol) VALUES("eip155:8453/erc20:0x46e6b214b524310239732D51387075E0e70970bf", "A", 8453, "0x46e6b214b524310239732D51387075E0e70970bf", 18, "compound-v3"); INSERT INTO common_asset_details(identifier, symbol, coingecko, cryptocompare, forked, started, swapped_for) VALUES("eip155:8453/erc20:0x46e6b214b524310239732D51387075E0e70970bf", "cWETHv3", "", "", NULL, 1691779953, NULL); INSERT INTO underlying_tokens_list(identifier, weight, parent_token_entry) VALUES("eip155:8453/erc20:0x4200000000000000000000000000000000000006", "1", "eip155:8453/erc20:0x46e6b214b524310239732D51387075E0e70970bf");
*
INSERT INTO assets(identifier, name, type) VALUES("eip155:534352/erc20:0xB2f97c1Bd3bf02f5e74d13f02E3e26F93D77CE44", "Compound USDC", "C"); INSERT INTO evm_tokens(identifier, token_kind, chain, address, decimals, protocol) VALUES("eip155:534352/erc20:0xB2f97c1Bd3bf02f5e74d13f02E3e26F93D77CE44", "A", 534352, "0xB2f97c1Bd3bf02f5e74d13f02E3e26F93D77CE44", 6, "compound-v3"); INSERT INTO common_asset_details(identifier, symbol, coingecko, cryptocompare, forked, started, swapped_for) VALUES("eip155:534352/erc20:0xB2f97c1Bd3bf02f5e74d13f02E3e26F93D77CE44", "cUSDCv3", "", "", NULL, 1708117210, NULL); INSERT INTO underlying_tokens_list(identifier, weight, parent_token_entry) VALUES("eip155:534352/erc20:0x06eFdBFf2a14a7c8E15944D1F4A48F9F95F663A4", "1", "eip155:534352/erc20:0xB2f97c1Bd3bf02f5e74d13f02E3e26F93D77CE44");
*
INSERT INTO assets(identifier, name, type) VALUES("eip155:10/erc20:0x2e44e174f7D53F0212823acC11C01A11d58c5bCB", "Compound USDC", "C"); INSERT INTO evm_tokens(identifier, token_kind, chain, address, decimals, protocol) VALUES("eip155:10/erc20:0x2e44e174f7D53F0212823acC11C01A11d58c5bCB", "A", 10, "0x2e44e174f7D53F0212823acC11C01A11d58c5bCB", 6, "compound-v3"); INSERT INTO common_asset_details(identifier, symbol, coingecko, cryptocompare, forked, started, swapped_for) VALUES("eip155:10/erc20:0x2e44e174f7D53F0212823acC11C01A11d58c5bCB", "cUSDCv3", "", "", NULL, 1714487855, NULL); INSERT INTO underlying_tokens_list(identifier, weight, parent_token_entry) VALUES("eip155:10/erc20:0x0b2C639c533813f4Aa9D7837CAf62653d097Ff85", "1", "eip155:10/erc20:0x2e44e174f7D53F0212823acC11C01A11d58c5bCB");
*
INSERT INTO assets(identifier, name, type) VALUES("eip155:100/erc20:0x4d18815D14fe5c3304e87B3FA18318baa5c23820", "Safe", "C"); INSERT INTO evm_tokens(identifier, token_kind, chain, address, decimals, protocol) VALUES("eip155:100/erc20:0x4d18815D14fe5c3304e87B3FA18318baa5c23820", "A", 534352, "0x4d18815D14fe5c3304e87B3FA18318baa5c23820", 18, ""); INSERT INTO common_asset_details(identifier, symbol, coingecko, cryptocompare, forked, started, swapped_for) VALUES("eip155:100/erc20:0x4d18815D14fe5c3304e87B3FA18318baa5c23820", "SAFE", "safe", "safe", NULL, 1697181885, NULL);
*
INSERT INTO assets(identifier, name, type) VALUES("eip155:534352/erc20:0xf55BEC9cafDbE8730f096Aa55dad6D22d44099Df", "Tether USD", "C"); INSERT INTO evm_tokens(identifier, token_kind, chain, address, decimals, protocol) VALUES("eip155:534352/erc20:0xf55BEC9cafDbE8730f096Aa55dad6D22d44099Df", "A", 534352, "0xf55BEC9cafDbE8730f096Aa55dad6D22d44099Df", 6, ""); INSERT INTO common_asset_details(identifier, symbol, coingecko, cryptocompare, forked, started, swapped_for) VALUES("eip155:534352/erc20:0xf55BEC9cafDbE8730f096Aa55dad6D22d44099Df", "USDT", "tether", "usdt", NULL, 1696952284, NULL);
*
INSERT INTO assets(identifier, name, type) VALUES("eip155:534352/erc20:0xcA77eB3fEFe3725Dc33bccB54eDEFc3D9f764f97", "Dai Stablecoin", "C"); INSERT INTO evm_tokens(identifier, token_kind, chain, address, decimals, protocol) VALUES("eip155:534352/erc20:0xcA77eB3fEFe3725Dc33bccB54eDEFc3D9f764f97", "A", 534352, "0xcA77eB3fEFe3725Dc33bccB54eDEFc3D9f764f97", 18, ""); INSERT INTO common_asset_details(identifier, symbol, coingecko, cryptocompare, forked, started, swapped_for) VALUES("eip155:534352/erc20:0xcA77eB3fEFe3725Dc33bccB54eDEFc3D9f764f97", "DAI", "dai", "dai", NULL, 1696919918, NULL);
*
INSERT INTO assets(identifier, name, type) VALUES("eip155:534352/erc20:0x3C1BCa5a656e69edCD0D4E36BEbb3FcDAcA60Cf1", "Wrapped BTC", "C"); INSERT INTO evm_tokens(identifier, token_kind, chain, address, decimals, protocol) VALUES("eip155:534352/erc20:0x3C1BCa5a656e69edCD0D4E36BEbb3FcDAcA60Cf1", "A", 534352, "0x3C1BCa5a656e69edCD0D4E36BEbb3FcDAcA60Cf1", 8, ""); INSERT INTO common_asset_details(identifier, symbol, coingecko, cryptocompare, forked, started, swapped_for) VALUES("eip155:534352/erc20:0x3C1BCa5a656e69edCD0D4E36BEbb3FcDAcA60Cf1", "WBTC", "wrapped-bitcoin", "wbtc", NULL, 1697032924, NULL);
*
INSERT INTO assets(identifier, name, type) VALUES("eip155:534352/erc20:0x60D01EC2D5E98Ac51C8B4cF84DfCCE98D527c747", "izumi Token", "C"); INSERT INTO evm_tokens(identifier, token_kind, chain, address, decimals, protocol) VALUES("eip155:534352/erc20:0x60D01EC2D5E98Ac51C8B4cF84DfCCE98D527c747", "A", 534352, "0x60D01EC2D5E98Ac51C8B4cF84DfCCE98D527c747", 18, ""); INSERT INTO common_asset_details(identifier, symbol, coingecko, cryptocompare, forked, started, swapped_for) VALUES("eip155:534352/erc20:0x60D01EC2D5E98Ac51C8B4cF84DfCCE98D527c747", "iZi", "izumi-finance", "", NULL, 1698049806, NULL);
*
INSERT INTO assets(identifier, name, type) VALUES("eip155:534352/erc20:0x53878B874283351D26d206FA512aEcE1Bef6C0dD", "Rocket Pool ETH", "C"); INSERT INTO evm_tokens(identifier, token_kind, chain, address, decimals, protocol) VALUES("eip155:534352/erc20:0x53878B874283351D26d206FA512aEcE1Bef6C0dD", "A", 534352, "0x53878B874283351D26d206FA512aEcE1Bef6C0dD", 18, ""); INSERT INTO common_asset_details(identifier, symbol, coingecko, cryptocompare, forked, started, swapped_for) VALUES("eip155:534352/erc20:0x53878B874283351D26d206FA512aEcE1Bef6C0dD", "rETH", "rocket-pool-eth", "reth", NULL, 1697031777, NULL);
*
INSERT INTO assets(identifier, name, type) VALUES("eip155:534352/erc20:0x608ef9A3BffE206B86c3108218003b3cfBf99c84", "Kyber Network Crystal v2", "C"); INSERT INTO evm_tokens(identifier, token_kind, chain, address, decimals, protocol) VALUES("eip155:534352/erc20:0x608ef9A3BffE206B86c3108218003b3cfBf99c84", "A", 534352, "0x608ef9A3BffE206B86c3108218003b3cfBf99c84", 18, ""); INSERT INTO common_asset_details(identifier, symbol, coingecko, cryptocompare, forked, started, swapped_for) VALUES("eip155:534352/erc20:0x608ef9A3BffE206B86c3108218003b3cfBf99c84", "KNC", "kyber-network-crystal", "knc", NULL, 1697033307, NULL);
*
INSERT INTO assets(identifier, name, type) VALUES("eip155:534352/erc20:0x6a28e90582c583fcd3347931c544819C31e9D0e0", "Balancer", "C"); INSERT INTO evm_tokens(identifier, token_kind, chain, address, decimals, protocol) VALUES("eip155:534352/erc20:0x6a28e90582c583fcd3347931c544819C31e9D0e0", "A", 534352, "0x6a28e90582c583fcd3347931c544819C31e9D0e0", 18, ""); INSERT INTO common_asset_details(identifier, symbol, coingecko, cryptocompare, forked, started, swapped_for) VALUES("eip155:534352/erc20:0x6a28e90582c583fcd3347931c544819C31e9D0e0", "BAL", "balancer", "bal", NULL, 1697031385, NULL);
*
INSERT INTO assets(identifier, name, type) VALUES("eip155:534352/erc20:0xeDEAbc3A1e7D21fE835FFA6f83a710c70BB1a051", "LUSD Stablecoin", "C"); INSERT INTO evm_tokens(identifier, token_kind, chain, address, decimals, protocol) VALUES("eip155:534352/erc20:0xeDEAbc3A1e7D21fE835FFA6f83a710c70BB1a051", "A", 534352, "0xeDEAbc3A1e7D21fE835FFA6f83a710c70BB1a051", 18, ""); INSERT INTO common_asset_details(identifier, symbol, coingecko, cryptocompare, forked, started, swapped_for) VALUES("eip155:534352/erc20:0xeDEAbc3A1e7D21fE835FFA6f83a710c70BB1a051", "LUSD", "liquity-usd", "lusd", NULL, 1697031385, NULL);
*
INSERT INTO assets(identifier, name, type) VALUES("eip155:534352/erc20:0x434cdA25E8a2CA5D9c1C449a8Cb6bCbF719233E8", "Uniswap", "C"); INSERT INTO evm_tokens(identifier, token_kind, chain, address, decimals, protocol) VALUES("eip155:534352/erc20:0x434cdA25E8a2CA5D9c1C449a8Cb6bCbF719233E8", "A", 534352, "0x434cdA25E8a2CA5D9c1C449a8Cb6bCbF719233E8", 18, ""); INSERT INTO common_asset_details(identifier, symbol, coingecko, cryptocompare, forked, started, swapped_for) VALUES("eip155:534352/erc20:0x434cdA25E8a2CA5D9c1C449a8Cb6bCbF719233E8", "UNI", "uniswap", "uni", NULL, 1696948826, NULL);
*
INSERT INTO assets(identifier, name, type) VALUES("eip155:534352/erc20:0xB755039eDc7910C1F1BD985D48322E55A31AC0bF", "Curve DAO Token", "C"); INSERT INTO evm_tokens(identifier, token_kind, chain, address, decimals, protocol) VALUES("eip155:534352/erc20:0xB755039eDc7910C1F1BD985D48322E55A31AC0bF", "A", 534352, "0xB755039eDc7910C1F1BD985D48322E55A31AC0bF", 18, ""); INSERT INTO common_asset_details(identifier, symbol, coingecko, cryptocompare, forked, started, swapped_for) VALUES("eip155:534352/erc20:0xB755039eDc7910C1F1BD985D48322E55A31AC0bF", "CRV", "curve-dao-token", "crv", NULL, 1697031385, NULL);
*
INSERT INTO assets(identifier, name, type) VALUES("eip155:534352/erc20:0x79379C0E09a41d7978f883a56246290eE9a8c4d3", "Aave Token", "C"); INSERT INTO evm_tokens(identifier, token_kind, chain, address, decimals, protocol) VALUES("eip155:534352/erc20:0x79379C0E09a41d7978f883a56246290eE9a8c4d3", "A", 534352, "0x79379C0E09a41d7978f883a56246290eE9a8c4d3", 18, ""); INSERT INTO common_asset_details(identifier, symbol, coingecko, cryptocompare, forked, started, swapped_for) VALUES("eip155:534352/erc20:0x79379C0E09a41d7978f883a56246290eE9a8c4d3", "AAVE", "aave", "aave", NULL, 1696951135, NULL);
*
INSERT INTO assets(identifier, name, type) VALUES("eip155:534352/erc20:0x1b896893dfc86bb67Cf57767298b9073D2c1bA2c", "PancakeSwap Token", "C"); INSERT INTO evm_tokens(identifier, token_kind, chain, address, decimals, protocol) VALUES("eip155:534352/erc20:0x1b896893dfc86bb67Cf57767298b9073D2c1bA2c", "A", 534352, "0x1b896893dfc86bb67Cf57767298b9073D2c1bA2c", 18, ""); INSERT INTO common_asset_details(identifier, symbol, coingecko, cryptocompare, forked, started, swapped_for) VALUES("eip155:534352/erc20:0x1b896893dfc86bb67Cf57767298b9073D2c1bA2c", "Cake", "pancakeswap", "cake", NULL, 1697181885, NULL);
*
INSERT INTO assets(identifier, name, type) VALUES("eip155:8453/erc20:0x4ed4E862860beD51a9570b96d89aF5E1B0Efefed", "Degen", "C"); INSERT INTO evm_tokens(identifier, token_kind, chain, address, decimals, protocol) VALUES("eip155:8453/erc20:0x4ed4E862860beD51a9570b96d89aF5E1B0Efefed", "A", 8453, "0x4ed4E862860beD51a9570b96d89aF5E1B0Efefed", 18, ""); INSERT INTO common_asset_details(identifier, symbol, coingecko, cryptocompare, forked, started, swapped_for) VALUES("eip155:8453/erc20:0x4ed4E862860beD51a9570b96d89aF5E1B0Efefed", "DEGEN", "degen-base", "degen", NULL, 1704641135, NULL);
*
INSERT INTO assets(identifier, name, type) VALUES("eip155:56/erc20:0x7e4C1D51ace44E26c5924d590995dEA3eB8aD505", "Gameta", "C"); INSERT INTO evm_tokens(identifier, token_kind, chain, address, decimals, protocol) VALUES("eip155:56/erc20:0x7e4C1D51ace44E26c5924d590995dEA3eB8aD505", "A", 56, "0x7e4C1D51ace44E26c5924d590995dEA3eB8aD505", 18, ""); INSERT INTO common_asset_details(identifier, symbol, coingecko, cryptocompare, forked, started, swapped_for) VALUES("eip155:56/erc20:0x7e4C1D51ace44E26c5924d590995dEA3eB8aD505", "HIP", "gameta", "", NULL, 1715008173, NULL);
*
INSERT INTO assets(identifier, name, type) VALUES("eip155:1/erc20:0xaA247c0D81B83812e1ABf8bAB078E4540D87e3fB", "meson.network", "C"); INSERT INTO evm_tokens(identifier, token_kind, chain, address, decimals, protocol) VALUES("eip155:1/erc20:0xaA247c0D81B83812e1ABf8bAB078E4540D87e3fB", "A", 1, "0xaA247c0D81B83812e1ABf8bAB078E4540D87e3fB", 18, ""); INSERT INTO common_asset_details(identifier, symbol, coingecko, cryptocompare, forked, started, swapped_for) VALUES("eip155:1/erc20:0xaA247c0D81B83812e1ABf8bAB078E4540D87e3fB", "MSN", "meson-network", "", NULL, 1710312779, NULL);
*
INSERT INTO assets(identifier, name, type) VALUES("eip155:1/erc20:0x3B50805453023a91a8bf641e279401a0b23FA6F9", "Renzo", "C"); INSERT INTO evm_tokens(identifier, token_kind, chain, address, decimals, protocol) VALUES("eip155:1/erc20:0x3B50805453023a91a8bf641e279401a0b23FA6F9", "A", 1, "0x3B50805453023a91a8bf641e279401a0b23FA6F9", 18, ""); INSERT INTO common_asset_details(identifier, symbol, coingecko, cryptocompare, forked, started, swapped_for) VALUES("eip155:1/erc20:0x3B50805453023a91a8bf641e279401a0b23FA6F9", "REZ", "renzo", "rez", NULL, 1713882539, NULL);
*
INSERT INTO assets(identifier, name, type) VALUES("MXM", "MixMob", "Y"); INSERT INTO common_asset_details(identifier, symbol, coingecko, cryptocompare, forked, started, swapped_for) VALUES("MXM", "MXM", "mixmob", "", NULL, 1706745600, NULL);
*
INSERT INTO assets(identifier, name, type) VALUES("KMNO", "Kamino", "Y"); INSERT INTO common_asset_details(identifier, symbol, coingecko, cryptocompare, forked, started, swapped_for) VALUES("KMNO", "KMNO", "kamino", "kmno", NULL, 1714478641, NULL);
*
INSERT INTO assets(identifier, name, type) VALUES("ZERO", "ZeroLend", "W"); INSERT INTO common_asset_details(identifier, symbol, coingecko, cryptocompare, forked, started, swapped_for) VALUES("ZERO", "ZERO", "zerolend", "", NULL, 1714986331, NULL);
*
INSERT INTO assets(identifier, name, type) VALUES("PONKE", "PONKE", "Y"); INSERT INTO common_asset_details(identifier, symbol, coingecko, cryptocompare, forked, started, swapped_for) VALUES("PONKE", "PONKE", "ponke", "ponke", NULL, 1703376000, NULL);
*
INSERT INTO assets(identifier, name, type) VALUES("POPCAT", "Popcat", "Y"); INSERT INTO common_asset_details(identifier, symbol, coingecko, cryptocompare, forked, started, swapped_for) VALUES("POPCAT", "POPCAT", "popcat", "popcat", NULL, 1702944000, NULL);
*
INSERT INTO assets(identifier, name, type) VALUES("eip155:1/erc20:0x102c776DDB30C754dEd4fDcC77A19230A60D4e4f", "Flooring Lab Credit", "C"); INSERT INTO evm_tokens(identifier, token_kind, chain, address, decimals, protocol) VALUES("eip155:1/erc20:0x102c776DDB30C754dEd4fDcC77A19230A60D4e4f", "A", 1, "0x102c776DDB30C754dEd4fDcC77A19230A60D4e4f", 18, ""); INSERT INTO common_asset_details(identifier, symbol, coingecko, cryptocompare, forked, started, swapped_for) VALUES("eip155:1/erc20:0x102c776DDB30C754dEd4fDcC77A19230A60D4e4f", "FLC", "flooring-lab-credit", "", NULL, 1697181695, NULL);
*
INSERT INTO assets(identifier, name, type) VALUES("eip155:1/erc20:0x9ff58067Bd8D239000010c154C6983A325Df138E", "Propchain Token", "C"); INSERT INTO evm_tokens(identifier, token_kind, chain, address, decimals, protocol) VALUES("eip155:1/erc20:0x9ff58067Bd8D239000010c154C6983A325Df138E", "A", 1, "0x9ff58067Bd8D239000010c154C6983A325Df138E", 18, ""); INSERT INTO common_asset_details(identifier, symbol, coingecko, cryptocompare, forked, started, swapped_for) VALUES("eip155:1/erc20:0x9ff58067Bd8D239000010c154C6983A325Df138E", "PROPC", "propchain", "propc", NULL, 1684319507, NULL);
*
INSERT INTO assets(identifier, name, type) VALUES("eip155:1/erc20:0x3acFc40a19520D97648eB7c0891e747b7F2B0283", "Azuki", "C"); INSERT INTO evm_tokens(identifier, token_kind, chain, address, decimals, protocol) VALUES("eip155:1/erc20:0x3acFc40a19520D97648eB7c0891e747b7F2B0283", "A", 1, "0x3acFc40a19520D97648eB7c0891e747b7F2B0283", 18, ""); INSERT INTO common_asset_details(identifier, symbol, coingecko, cryptocompare, forked, started, swapped_for) VALUES("eip155:1/erc20:0x3acFc40a19520D97648eB7c0891e747b7F2B0283", "AZUKI", "flooring-protocol-azuki", "", NULL, 1698028715, NULL);
*
INSERT INTO assets(identifier, name, type) VALUES("eip155:1/erc20:0x1e610De0D7ACfa1d820024948a91D96C5c9CE6B9", "BoredApeYachtClub", "C"); INSERT INTO evm_tokens(identifier, token_kind, chain, address, decimals, protocol) VALUES("eip155:1/erc20:0x1e610De0D7ACfa1d820024948a91D96C5c9CE6B9", "A", 1, "0x1e610De0D7ACfa1d820024948a91D96C5c9CE6B9", 18, ""); INSERT INTO common_asset_details(identifier, symbol, coingecko, cryptocompare, forked, started, swapped_for) VALUES("eip155:1/erc20:0x1e610De0D7ACfa1d820024948a91D96C5c9CE6B9", "BAYC", "flooring-protocol-microboredapeyachtclub", "", NULL, 1697698979, NULL);
*
INSERT INTO assets(identifier, name, type) VALUES("eip155:1/erc20:0xA100EAfDef0099700933538EE795cfaD5505B689", "Captainz", "C"); INSERT INTO evm_tokens(identifier, token_kind, chain, address, decimals, protocol) VALUES("eip155:1/erc20:0xA100EAfDef0099700933538EE795cfaD5505B689", "A", 1, "0xA100EAfDef0099700933538EE795cfaD5505B689", 18, ""); INSERT INTO common_asset_details(identifier, symbol, coingecko, cryptocompare, forked, started, swapped_for) VALUES("eip155:1/erc20:0xA100EAfDef0099700933538EE795cfaD5505B689", "Captainz", "flooring-protocol-microcaptainz", "", NULL, 1698029387, NULL);
*
INSERT INTO assets(identifier, name, type) VALUES("eip155:1/erc20:0x83F5B9C25CC8FcE0A7d4A1bDA904BF13CFcDd9DA", "DeGods", "C"); INSERT INTO evm_tokens(identifier, token_kind, chain, address, decimals, protocol) VALUES("eip155:1/erc20:0x83F5B9C25CC8FcE0A7d4A1bDA904BF13CFcDd9DA", "A", 1, "0x83F5B9C25CC8FcE0A7d4A1bDA904BF13CFcDd9DA", 18, ""); INSERT INTO common_asset_details(identifier, symbol, coingecko, cryptocompare, forked, started, swapped_for) VALUES("eip155:1/erc20:0x83F5B9C25CC8FcE0A7d4A1bDA904BF13CFcDd9DA", "DEGODS", "flooring-protocol-microdegods", "", NULL, 1698028523, NULL);
*
INSERT INTO assets(identifier, name, type) VALUES("eip155:1/erc20:0xeDae06a2DBDd21038608ADCE58Fd173AFDBa5ADD", "LilPudgys", "C"); INSERT INTO evm_tokens(identifier, token_kind, chain, address, decimals, protocol) VALUES("eip155:1/erc20:0xeDae06a2DBDd21038608ADCE58Fd173AFDBa5ADD", "A", 1, "0xeDae06a2DBDd21038608ADCE58Fd173AFDBa5ADD", 18, ""); INSERT INTO common_asset_details(identifier, symbol, coingecko, cryptocompare, forked, started, swapped_for) VALUES("eip155:1/erc20:0xeDae06a2DBDd21038608ADCE58Fd173AFDBa5ADD", "LP", "flooring-protocol-microlilpudgys", "", NULL, 1698029087, NULL);
*
INSERT INTO assets(identifier, name, type) VALUES("eip155:1/erc20:0x6cd7fC3118A8FFa40AF0f99f3cbda54b0c6d4D1d", "Milady", "C"); INSERT INTO evm_tokens(identifier, token_kind, chain, address, decimals, protocol) VALUES("eip155:1/erc20:0x6cd7fC3118A8FFa40AF0f99f3cbda54b0c6d4D1d", "A", 1, "0x6cd7fC3118A8FFa40AF0f99f3cbda54b0c6d4D1d", 18, ""); INSERT INTO common_asset_details(identifier, symbol, coingecko, cryptocompare, forked, started, swapped_for) VALUES("eip155:1/erc20:0x6cd7fC3118A8FFa40AF0f99f3cbda54b0c6d4D1d", "MIL", "flooring-protocol-micromilady", "", NULL, 1698029723, NULL);
*
INSERT INTO assets(identifier, name, type) VALUES("eip155:1/erc20:0x30F7c830e0C2f4bEC871DF809D73E27eF19EB151", "PudgyPenguins", "C"); INSERT INTO evm_tokens(identifier, token_kind, chain, address, decimals, protocol) VALUES("eip155:1/erc20:0x30F7c830e0C2f4bEC871DF809D73E27eF19EB151", "A", 1, "0x30F7c830e0C2f4bEC871DF809D73E27eF19EB151", 18, ""); INSERT INTO common_asset_details(identifier, symbol, coingecko, cryptocompare, forked, started, swapped_for) VALUES("eip155:1/erc20:0x30F7c830e0C2f4bEC871DF809D73E27eF19EB151", "PPG", "flooring-protocol-micropudgypenguins", "", NULL, 1697342987, NULL);
*
