INSERT INTO assets(identifier, name, type) VALUES("eip155:1/erc20:0x3429d03c6F7521AeC737a0BBF2E5ddcef2C3Ae31", "PIXEL", "C");INSERT INTO evm_tokens(identifier, token_kind, chain, address, decimals, protocol) VALUES("eip155:1/erc20:0x3429d03c6F7521AeC737a0BBF2E5ddcef2C3Ae31", "A", 1, "0x3429d03c6F7521AeC737a0BBF2E5ddcef2C3Ae31", 18, NULL);INSERT INTO common_asset_details(identifier, symbol, coingecko, cryptocompare, forked, started, swapped_for) VALUES("eip155:1/erc20:0x3429d03c6F7521AeC737a0BBF2E5ddcef2C3Ae31", "PIXEL", "pixels", "", NULL, 1704937007, NULL);
*
INSERT INTO assets(identifier, name, type) VALUES("eip155:1/erc20:0x65EcE136b89EBAA72a7F7aa815674946e44ca3F9", "Matter Labs Trial Token", "C");INSERT INTO evm_tokens(identifier, token_kind, chain, address, decimals, protocol) VALUES("eip155:1/erc20:0x65EcE136b89EBAA72a7F7aa815674946e44ca3F9", "A", 1, "0x65EcE136b89EBAA72a7F7aa815674946e44ca3F9", 18, NULL);INSERT INTO common_asset_details(identifier, symbol, coingecko, cryptocompare, forked, started, swapped_for) VALUES("eip155:1/erc20:0x65EcE136b89EBAA72a7F7aa815674946e44ca3F9", "MLTT", NULL, "", NULL, 1592391357, NULL);
*
INSERT INTO assets(identifier, name, type) VALUES("eip155:1/erc20:0x3108ccFd96816F9E663baA0E8c5951D229E8C6da", "DarkToken", "C");INSERT INTO evm_tokens(identifier, token_kind, chain, address, decimals, protocol) VALUES("eip155:1/erc20:0x3108ccFd96816F9E663baA0E8c5951D229E8C6da", "A", 1, "0x3108ccFd96816F9E663baA0E8c5951D229E8C6da", 18, NULL);INSERT INTO common_asset_details(identifier, symbol, coingecko, cryptocompare, forked, started, swapped_for) VALUES("eip155:1/erc20:0x3108ccFd96816F9E663baA0E8c5951D229E8C6da", "DARK", NULL, "", NULL, 1600246596, NULL);
*
INSERT INTO assets(identifier, name, type) VALUES("eip155:1/erc20:0x4C7065Bca76FE44AFb0D16C2441B1e6E163354E2", "Helysia", "C");INSERT INTO evm_tokens(identifier, token_kind, chain, address, decimals, protocol) VALUES("eip155:1/erc20:0x4C7065Bca76FE44AFb0D16C2441B1e6E163354E2", "A", 1, "0x4C7065Bca76FE44AFb0D16C2441B1e6E163354E2", 18, NULL);INSERT INTO common_asset_details(identifier, symbol, coingecko, cryptocompare, forked, started, swapped_for) VALUES("eip155:1/erc20:0x4C7065Bca76FE44AFb0D16C2441B1e6E163354E2", "3LY", NULL, "", NULL, 1596285806, NULL);
*
INSERT INTO assets(identifier, name, type) VALUES("eip155:1/erc20:0x15a2B3CfaFd696e1C783FE99eed168b78a3A371e", "Yearn Lido St. Ether Vault", "C");INSERT INTO evm_tokens(identifier, token_kind, chain, address, decimals, protocol) VALUES("eip155:1/erc20:0x15a2B3CfaFd696e1C783FE99eed168b78a3A371e", "A", 1, "0x15a2B3CfaFd696e1C783FE99eed168b78a3A371e", 18, NULL);INSERT INTO common_asset_details(identifier, symbol, coingecko, cryptocompare, forked, started, swapped_for) VALUES("eip155:1/erc20:0x15a2B3CfaFd696e1C783FE99eed168b78a3A371e", "yvstETH", NULL, "", NULL, 1608887785, NULL);
*
INSERT INTO assets(identifier, name, type) VALUES("eip155:1/erc20:0xbb1EE07d6c7BAeB702949904080eb61f5D5e7732", "Dogey-Inu", "C");INSERT INTO evm_tokens(identifier, token_kind, chain, address, decimals, protocol) VALUES("eip155:1/erc20:0xbb1EE07d6c7BAeB702949904080eb61f5D5e7732", "A", 1, "0xbb1EE07d6c7BAeB702949904080eb61f5D5e7732", 18, NULL);INSERT INTO common_asset_details(identifier, symbol, coingecko, cryptocompare, forked, started, swapped_for) VALUES("eip155:1/erc20:0xbb1EE07d6c7BAeB702949904080eb61f5D5e7732", "DINU", "dogey-inu", "DINU", NULL, 1619015687, NULL);
*
INSERT INTO assets(identifier, name, type) VALUES("eip155:1/erc20:0x72e364F2ABdC788b7E918bc238B21f109Cd634D7", "Metaverse Index", "C");INSERT INTO evm_tokens(identifier, token_kind, chain, address, decimals, protocol) VALUES("eip155:1/erc20:0x72e364F2ABdC788b7E918bc238B21f109Cd634D7", "A", 1, "0x72e364F2ABdC788b7E918bc238B21f109Cd634D7", 18, NULL);INSERT INTO common_asset_details(identifier, symbol, coingecko, cryptocompare, forked, started, swapped_for) VALUES("eip155:1/erc20:0x72e364F2ABdC788b7E918bc238B21f109Cd634D7", "MVI", "metaverse-index", "MVI", NULL, 1617361351, NULL);
*
INSERT INTO assets(identifier, name, type) VALUES("eip155:1/erc20:0x0B498ff89709d3838a063f1dFA463091F9801c2b", "BTC 2x Flexible Leverage Index", "C");INSERT INTO evm_tokens(identifier, token_kind, chain, address, decimals, protocol) VALUES("eip155:1/erc20:0x0B498ff89709d3838a063f1dFA463091F9801c2b", "A", 1, "0x0B498ff89709d3838a063f1dFA463091F9801c2b", 18, NULL);INSERT INTO common_asset_details(identifier, symbol, coingecko, cryptocompare, forked, started, swapped_for) VALUES("eip155:1/erc20:0x0B498ff89709d3838a063f1dFA463091F9801c2b", "BTC2x-FLI", "btc-2x-flexible-leverage-index", "", NULL, 1620238070, NULL);
*
INSERT INTO assets(identifier, name, type) VALUES("eip155:1/erc20:0x5F64Ab1544D28732F0A24F4713c2C8ec0dA089f0", "DEXTF Token", "C");INSERT INTO evm_tokens(identifier, token_kind, chain, address, decimals, protocol) VALUES("eip155:1/erc20:0x5F64Ab1544D28732F0A24F4713c2C8ec0dA089f0", "A", 1, "0x5F64Ab1544D28732F0A24F4713c2C8ec0dA089f0", 18, NULL);INSERT INTO common_asset_details(identifier, symbol, coingecko, cryptocompare, forked, started, swapped_for) VALUES("eip155:1/erc20:0x5F64Ab1544D28732F0A24F4713c2C8ec0dA089f0", "DEXTF", "dextf", "DEXTF", NULL, 1599265568, NULL);
*
INSERT INTO assets(identifier, name, type) VALUES("eip155:1/erc20:0x3fEa51dAab1672d3385f6AF02980e1462cA0687b", "EVO", "C");INSERT INTO evm_tokens(identifier, token_kind, chain, address, decimals, protocol) VALUES("eip155:1/erc20:0x3fEa51dAab1672d3385f6AF02980e1462cA0687b", "A", 1, "0x3fEa51dAab1672d3385f6AF02980e1462cA0687b", 18, NULL);INSERT INTO common_asset_details(identifier, symbol, coingecko, cryptocompare, forked, started, swapped_for) VALUES("eip155:1/erc20:0x3fEa51dAab1672d3385f6AF02980e1462cA0687b", "EVO", NULL, "", NULL, 1621912787, NULL);
*
INSERT INTO assets(identifier, name, type) VALUES("eip155:1/erc20:0x56cCEA18F8c7c23328Cdfd545c50c7c370f8d263", "RSCOIN", "C");INSERT INTO evm_tokens(identifier, token_kind, chain, address, decimals, protocol) VALUES("eip155:1/erc20:0x56cCEA18F8c7c23328Cdfd545c50c7c370f8d263", "A", 1, "0x56cCEA18F8c7c23328Cdfd545c50c7c370f8d263", 8, NULL);INSERT INTO common_asset_details(identifier, symbol, coingecko, cryptocompare, forked, started, swapped_for) VALUES("eip155:1/erc20:0x56cCEA18F8c7c23328Cdfd545c50c7c370f8d263", "RSC", NULL, "", NULL, 1617279981, NULL);
*
INSERT INTO assets(identifier, name, type) VALUES("eip155:1/erc20:0x88A7797256E3a2f677235d917A8bf51E4CaB53bF", "StarTrek", "C");INSERT INTO evm_tokens(identifier, token_kind, chain, address, decimals, protocol) VALUES("eip155:1/erc20:0x88A7797256E3a2f677235d917A8bf51E4CaB53bF", "A", 1, "0x88A7797256E3a2f677235d917A8bf51E4CaB53bF", 18, NULL);INSERT INTO common_asset_details(identifier, symbol, coingecko, cryptocompare, forked, started, swapped_for) VALUES("eip155:1/erc20:0x88A7797256E3a2f677235d917A8bf51E4CaB53bF", "STREK", NULL, "", NULL, 1627482204, NULL);
*
INSERT INTO assets(identifier, name, type) VALUES("eip155:1/erc20:0x035dF12E0F3ac6671126525f1015E47D79dFEDDF", "0xMonero", "C");INSERT INTO evm_tokens(identifier, token_kind, chain, address, decimals, protocol) VALUES("eip155:1/erc20:0x035dF12E0F3ac6671126525f1015E47D79dFEDDF", "A", 1, "0x035dF12E0F3ac6671126525f1015E47D79dFEDDF", 18, NULL);INSERT INTO common_asset_details(identifier, symbol, coingecko, cryptocompare, forked, started, swapped_for) VALUES("eip155:1/erc20:0x035dF12E0F3ac6671126525f1015E47D79dFEDDF", "0xMR", "0xmonero", "", NULL, 1587205060, NULL);
*
INSERT INTO assets(identifier, name, type) VALUES("eip155:1/erc20:0x2e2364966267B5D7D2cE6CD9A9B5bD19d9C7C6A9", "Voice Token", "C");INSERT INTO evm_tokens(identifier, token_kind, chain, address, decimals, protocol) VALUES("eip155:1/erc20:0x2e2364966267B5D7D2cE6CD9A9B5bD19d9C7C6A9", "A", 1, "0x2e2364966267B5D7D2cE6CD9A9B5bD19d9C7C6A9", 18, NULL);INSERT INTO common_asset_details(identifier, symbol, coingecko, cryptocompare, forked, started, swapped_for) VALUES("eip155:1/erc20:0x2e2364966267B5D7D2cE6CD9A9B5bD19d9C7C6A9", "nix-bridge-token", NULL, "", NULL, 1603226941, NULL);
*
INSERT INTO assets(identifier, name, type) VALUES("eip155:1/erc20:0x10994AA2FB8E6bA5D9FB2BC127FF228c4fe6167F", "Secure Pad", "C");INSERT INTO evm_tokens(identifier, token_kind, chain, address, decimals, protocol) VALUES("eip155:1/erc20:0x10994AA2FB8E6bA5D9FB2BC127FF228c4fe6167F", "A", 1, "0x10994AA2FB8E6bA5D9FB2BC127FF228c4fe6167F", 18, NULL);INSERT INTO common_asset_details(identifier, symbol, coingecko, cryptocompare, forked, started, swapped_for) VALUES("eip155:1/erc20:0x10994AA2FB8E6bA5D9FB2BC127FF228c4fe6167F", "SEPA", NULL, "SEPA", NULL, 1617385105, NULL);
*
INSERT INTO assets(identifier, name, type) VALUES("eip155:1/erc20:0xf6832EA221ebFDc2363729721A146E6745354b14", "FRMx Token", "C");INSERT INTO evm_tokens(identifier, token_kind, chain, address, decimals, protocol) VALUES("eip155:1/erc20:0xf6832EA221ebFDc2363729721A146E6745354b14", "A", 1, "0xf6832EA221ebFDc2363729721A146E6745354b14", 18, NULL);INSERT INTO common_asset_details(identifier, symbol, coingecko, cryptocompare, forked, started, swapped_for) VALUES("eip155:1/erc20:0xf6832EA221ebFDc2363729721A146E6745354b14", "FRMX", NULL, "", NULL, 1602874592, NULL);
*
INSERT INTO assets(identifier, name, type) VALUES("eip155:1/erc20:0x81f8f0bb1cB2A06649E51913A151F0E7Ef6FA321", "VitaDAO Token", "C");INSERT INTO evm_tokens(identifier, token_kind, chain, address, decimals, protocol) VALUES("eip155:1/erc20:0x81f8f0bb1cB2A06649E51913A151F0E7Ef6FA321", "A", 1, "0x81f8f0bb1cB2A06649E51913A151F0E7Ef6FA321", 18, NULL);INSERT INTO common_asset_details(identifier, symbol, coingecko, cryptocompare, forked, started, swapped_for) VALUES("eip155:1/erc20:0x81f8f0bb1cB2A06649E51913A151F0E7Ef6FA321", "VITA", "vitadao", "", NULL, 1623977434, NULL);
*
INSERT INTO assets(identifier, name, type) VALUES("eip155:1/erc20:0xC40A954BFa12789b3cf7a94a7AcC6854Af446940", "UM Token", "C");INSERT INTO evm_tokens(identifier, token_kind, chain, address, decimals, protocol) VALUES("eip155:1/erc20:0xC40A954BFa12789b3cf7a94a7AcC6854Af446940", "A", 1, "0xC40A954BFa12789b3cf7a94a7AcC6854Af446940", 18, NULL);INSERT INTO common_asset_details(identifier, symbol, coingecko, cryptocompare, forked, started, swapped_for) VALUES("eip155:1/erc20:0xC40A954BFa12789b3cf7a94a7AcC6854Af446940", "UMT", NULL, "", NULL, 1632036382, NULL);
*
INSERT INTO assets(identifier, name, type) VALUES("eip155:1/erc20:0x19ebAA7F212b09de2aee2a32D40338553C70e2e3", "ARTM", "C");INSERT INTO evm_tokens(identifier, token_kind, chain, address, decimals, protocol) VALUES("eip155:1/erc20:0x19ebAA7F212b09de2aee2a32D40338553C70e2e3", "A", 1, "0x19ebAA7F212b09de2aee2a32D40338553C70e2e3", 18, NULL);INSERT INTO common_asset_details(identifier, symbol, coingecko, cryptocompare, forked, started, swapped_for) VALUES("eip155:1/erc20:0x19ebAA7F212b09de2aee2a32D40338553C70e2e3", "ARTM", NULL, "ARTM", NULL, 1627654842, NULL);
*
INSERT INTO assets(identifier, name, type) VALUES("eip155:1/erc20:0x777E2ae845272a2F540ebf6a3D03734A5a8f618e", "Ryoshis Vision", "C");INSERT INTO evm_tokens(identifier, token_kind, chain, address, decimals, protocol) VALUES("eip155:1/erc20:0x777E2ae845272a2F540ebf6a3D03734A5a8f618e", "A", 1, "0x777E2ae845272a2F540ebf6a3D03734A5a8f618e", 18, NULL);INSERT INTO common_asset_details(identifier, symbol, coingecko, cryptocompare, forked, started, swapped_for) VALUES("eip155:1/erc20:0x777E2ae845272a2F540ebf6a3D03734A5a8f618e", "RYOSHI", "ryoshis-vision", "RYOSHI", NULL, 1628346899, NULL);
*
INSERT INTO assets(identifier, name, type) VALUES("eip155:1/erc20:0x3ADb04E127b9C0a5D36094125669d4603AC52a0c", "Gro Vault Token", "C");INSERT INTO evm_tokens(identifier, token_kind, chain, address, decimals, protocol) VALUES("eip155:1/erc20:0x3ADb04E127b9C0a5D36094125669d4603AC52a0c", "A", 1, "0x3ADb04E127b9C0a5D36094125669d4603AC52a0c", 18, NULL);INSERT INTO common_asset_details(identifier, symbol, coingecko, cryptocompare, forked, started, swapped_for) VALUES("eip155:1/erc20:0x3ADb04E127b9C0a5D36094125669d4603AC52a0c", "GVT", NULL, "", NULL, 1622199928, NULL);
*
INSERT INTO assets(identifier, name, type) VALUES("eip155:1/erc20:0xCa76543Cf381ebBB277bE79574059e32108e3E65", "Wrapped sOHM", "C");INSERT INTO evm_tokens(identifier, token_kind, chain, address, decimals, protocol) VALUES("eip155:1/erc20:0xCa76543Cf381ebBB277bE79574059e32108e3E65", "A", 1, "0xCa76543Cf381ebBB277bE79574059e32108e3E65", 18, NULL);INSERT INTO common_asset_details(identifier, symbol, coingecko, cryptocompare, forked, started, swapped_for) VALUES("eip155:1/erc20:0xCa76543Cf381ebBB277bE79574059e32108e3E65", "wsOHM", NULL, "wsOHM", NULL, 1623542030, NULL);
*
INSERT INTO assets(identifier, name, type) VALUES("eip155:1/erc20:0x91Af0fBB28ABA7E31403Cb457106Ce79397FD4E6", "Aergo", "C");INSERT INTO evm_tokens(identifier, token_kind, chain, address, decimals, protocol) VALUES("eip155:1/erc20:0x91Af0fBB28ABA7E31403Cb457106Ce79397FD4E6", "A", 1, "0x91Af0fBB28ABA7E31403Cb457106Ce79397FD4E6", 18, NULL);INSERT INTO common_asset_details(identifier, symbol, coingecko, cryptocompare, forked, started, swapped_for) VALUES("eip155:1/erc20:0x91Af0fBB28ABA7E31403Cb457106Ce79397FD4E6", "AERGO", "aergo", "AERGO", NULL, 1601342441, NULL);
*
INSERT INTO assets(identifier, name, type) VALUES("eip155:1/erc20:0x2AdCbeE886D23EFF5ADECC7767Bf102E4A1CE151", "AyurVeda AG Shares", "C");INSERT INTO evm_tokens(identifier, token_kind, chain, address, decimals, protocol) VALUES("eip155:1/erc20:0x2AdCbeE886D23EFF5ADECC7767Bf102E4A1CE151", "A", 1, "0x2AdCbeE886D23EFF5ADECC7767Bf102E4A1CE151", 0, NULL);INSERT INTO common_asset_details(identifier, symbol, coingecko, cryptocompare, forked, started, swapped_for) VALUES("eip155:1/erc20:0x2AdCbeE886D23EFF5ADECC7767Bf102E4A1CE151", "VEDA", NULL, "", NULL, 1629448032, NULL);
*
INSERT INTO assets(identifier, name, type) VALUES("eip155:1/erc20:0x08389495D7456E1951ddF7c3a1314A4bfb646d8B", "CRPT", "C");INSERT INTO evm_tokens(identifier, token_kind, chain, address, decimals, protocol) VALUES("eip155:1/erc20:0x08389495D7456E1951ddF7c3a1314A4bfb646d8B", "A", 1, "0x08389495D7456E1951ddF7c3a1314A4bfb646d8B", 18, NULL);INSERT INTO common_asset_details(identifier, symbol, coingecko, cryptocompare, forked, started, swapped_for) VALUES("eip155:1/erc20:0x08389495D7456E1951ddF7c3a1314A4bfb646d8B", "CRPT", "crypterium", "CRPT", NULL, 1601204265, NULL);
*
INSERT INTO assets(identifier, name, type) VALUES("eip155:1/erc20:0x8185Bc4757572Da2a610f887561c32298f1A5748", "Aluna", "C");INSERT INTO evm_tokens(identifier, token_kind, chain, address, decimals, protocol) VALUES("eip155:1/erc20:0x8185Bc4757572Da2a610f887561c32298f1A5748", "A", 1, "0x8185Bc4757572Da2a610f887561c32298f1A5748", 18, NULL);INSERT INTO common_asset_details(identifier, symbol, coingecko, cryptocompare, forked, started, swapped_for) VALUES("eip155:1/erc20:0x8185Bc4757572Da2a610f887561c32298f1A5748", "ALN", "aluna", "", NULL, 1614789928, NULL);
*
INSERT INTO assets(identifier, name, type) VALUES("eip155:1/erc20:0x4E9e4Ab99Cfc14B852f552f5Fb3Aa68617825B6c", "SolarCoin on Mainnet", "C");INSERT INTO evm_tokens(identifier, token_kind, chain, address, decimals, protocol) VALUES("eip155:1/erc20:0x4E9e4Ab99Cfc14B852f552f5Fb3Aa68617825B6c", "A", 1, "0x4E9e4Ab99Cfc14B852f552f5Fb3Aa68617825B6c", 18, NULL);INSERT INTO common_asset_details(identifier, symbol, coingecko, cryptocompare, forked, started, swapped_for) VALUES("eip155:1/erc20:0x4E9e4Ab99Cfc14B852f552f5Fb3Aa68617825B6c", "SLR", "solarcoin", "SLR", NULL, 1619174554, NULL);
*
INSERT INTO assets(identifier, name, type) VALUES("eip155:1/erc20:0x21ad647b8F4Fe333212e735bfC1F36B4941E6Ad2", "Squid", "C");INSERT INTO evm_tokens(identifier, token_kind, chain, address, decimals, protocol) VALUES("eip155:1/erc20:0x21ad647b8F4Fe333212e735bfC1F36B4941E6Ad2", "A", 1, "0x21ad647b8F4Fe333212e735bfC1F36B4941E6Ad2", 9, NULL);INSERT INTO common_asset_details(identifier, symbol, coingecko, cryptocompare, forked, started, swapped_for) VALUES("eip155:1/erc20:0x21ad647b8F4Fe333212e735bfC1F36B4941E6Ad2", "SQUID", NULL, "", NULL, 1635508508, NULL);
*
INSERT INTO assets(identifier, name, type) VALUES("eip155:1/erc20:0x0aCe32f6E87Ac1457A5385f8eb0208F37263B415", "Habitat Token", "C");INSERT INTO evm_tokens(identifier, token_kind, chain, address, decimals, protocol) VALUES("eip155:1/erc20:0x0aCe32f6E87Ac1457A5385f8eb0208F37263B415", "A", 1, "0x0aCe32f6E87Ac1457A5385f8eb0208F37263B415", 10, NULL);INSERT INTO common_asset_details(identifier, symbol, coingecko, cryptocompare, forked, started, swapped_for) VALUES("eip155:1/erc20:0x0aCe32f6E87Ac1457A5385f8eb0208F37263B415", "HBT", NULL, "HBT", NULL, 1615361285, NULL);
*
INSERT INTO assets(identifier, name, type) VALUES("eip155:1/erc20:0xDc5864eDe28BD4405aa04d93E05A0531797D9D59", "Falcon", "C");INSERT INTO evm_tokens(identifier, token_kind, chain, address, decimals, protocol) VALUES("eip155:1/erc20:0xDc5864eDe28BD4405aa04d93E05A0531797D9D59", "A", 1, "0xDc5864eDe28BD4405aa04d93E05A0531797D9D59", 6, NULL);INSERT INTO common_asset_details(identifier, symbol, coingecko, cryptocompare, forked, started, swapped_for) VALUES("eip155:1/erc20:0xDc5864eDe28BD4405aa04d93E05A0531797D9D59", "FNT", "falcon-token", "", NULL, 1580335478, NULL);
*
INSERT INTO assets(identifier, name, type) VALUES("eip155:1/erc20:0x35A9b440Da4410dD63dF8c54672b728970560328", "Mana", "C");INSERT INTO evm_tokens(identifier, token_kind, chain, address, decimals, protocol) VALUES("eip155:1/erc20:0x35A9b440Da4410dD63dF8c54672b728970560328", "A", 1, "0x35A9b440Da4410dD63dF8c54672b728970560328", 18, NULL);INSERT INTO common_asset_details(identifier, symbol, coingecko, cryptocompare, forked, started, swapped_for) VALUES("eip155:1/erc20:0x35A9b440Da4410dD63dF8c54672b728970560328", "MANA", NULL, "", NULL, 1498717633, NULL);
*
INSERT INTO assets(identifier, name, type) VALUES("eip155:1/erc20:0xdFC3829b127761a3218bFceE7fc92e1232c9D116", "Wrapped PRCY", "C");INSERT INTO evm_tokens(identifier, token_kind, chain, address, decimals, protocol) VALUES("eip155:1/erc20:0xdFC3829b127761a3218bFceE7fc92e1232c9D116", "A", 1, "0xdFC3829b127761a3218bFceE7fc92e1232c9D116", 8, NULL);INSERT INTO common_asset_details(identifier, symbol, coingecko, cryptocompare, forked, started, swapped_for) VALUES("eip155:1/erc20:0xdFC3829b127761a3218bFceE7fc92e1232c9D116", "WPRCY", NULL, "", NULL, 1618139947, NULL);
*
INSERT INTO assets(identifier, name, type) VALUES("eip155:1/erc20:0xDa446fAd08277B4D2591536F204E018f32B6831c", "NZD Stablecoin", "C");INSERT INTO evm_tokens(identifier, token_kind, chain, address, decimals, protocol) VALUES("eip155:1/erc20:0xDa446fAd08277B4D2591536F204E018f32B6831c", "A", 1, "0xDa446fAd08277B4D2591536F204E018f32B6831c", 6, NULL);INSERT INTO common_asset_details(identifier, symbol, coingecko, cryptocompare, forked, started, swapped_for) VALUES("eip155:1/erc20:0xDa446fAd08277B4D2591536F204E018f32B6831c", "NZDS", NULL, "", NULL, 1613272818, NULL);
*
INSERT INTO assets(identifier, name, type) VALUES("eip155:1/erc20:0x47252A63C723889814AeBcAC0683E615624ceC64", "nil", "C");INSERT INTO evm_tokens(identifier, token_kind, chain, address, decimals, protocol) VALUES("eip155:1/erc20:0x47252A63C723889814AeBcAC0683E615624ceC64", "A", 1, "0x47252A63C723889814AeBcAC0683E615624ceC64", 18, NULL);INSERT INTO common_asset_details(identifier, symbol, coingecko, cryptocompare, forked, started, swapped_for) VALUES("eip155:1/erc20:0x47252A63C723889814AeBcAC0683E615624ceC64", "NIL", NULL, "", NULL, 1635418545, NULL);
*
INSERT INTO assets(identifier, name, type) VALUES("eip155:1/erc20:0x85327583059dcA2BDa3b14D1AFbf3f1042eEbbb3", "JIMMYCOIN", "C");INSERT INTO evm_tokens(identifier, token_kind, chain, address, decimals, protocol) VALUES("eip155:1/erc20:0x85327583059dcA2BDa3b14D1AFbf3f1042eEbbb3", "A", 1, "0x85327583059dcA2BDa3b14D1AFbf3f1042eEbbb3", 18, NULL);INSERT INTO common_asset_details(identifier, symbol, coingecko, cryptocompare, forked, started, swapped_for) VALUES("eip155:1/erc20:0x85327583059dcA2BDa3b14D1AFbf3f1042eEbbb3", "JER", NULL, "", NULL, 1635877876, NULL);
*
INSERT INTO assets(identifier, name, type) VALUES("eip155:1/erc20:0xbd1848e1491d4308Ad18287A745DD4DB2A4BD55B", "MOchi MArket", "C");INSERT INTO evm_tokens(identifier, token_kind, chain, address, decimals, protocol) VALUES("eip155:1/erc20:0xbd1848e1491d4308Ad18287A745DD4DB2A4BD55B", "A", 1, "0xbd1848e1491d4308Ad18287A745DD4DB2A4BD55B", 18, NULL);INSERT INTO common_asset_details(identifier, symbol, coingecko, cryptocompare, forked, started, swapped_for) VALUES("eip155:1/erc20:0xbd1848e1491d4308Ad18287A745DD4DB2A4BD55B", "MOMA", "mochi-market", "MOMA", NULL, 1618982932, NULL);
*
INSERT INTO assets(identifier, name, type) VALUES("eip155:1/erc20:0x22B6C31c2bEB8f2d0d5373146Eed41Ab9eDe3caf", "CocktailBar", "C");INSERT INTO evm_tokens(identifier, token_kind, chain, address, decimals, protocol) VALUES("eip155:1/erc20:0x22B6C31c2bEB8f2d0d5373146Eed41Ab9eDe3caf", "A", 1, "0x22B6C31c2bEB8f2d0d5373146Eed41Ab9eDe3caf", 8, NULL);INSERT INTO common_asset_details(identifier, symbol, coingecko, cryptocompare, forked, started, swapped_for) VALUES("eip155:1/erc20:0x22B6C31c2bEB8f2d0d5373146Eed41Ab9eDe3caf", "COC", "cocktailbar", "", NULL, 1601023643, NULL);
*
INSERT INTO assets(identifier, name, type) VALUES("eip155:1/erc20:0xD33526068D116cE69F19A9ee46F0bd304F21A51f", "Rocket Pool Protocol", "C");INSERT INTO evm_tokens(identifier, token_kind, chain, address, decimals, protocol) VALUES("eip155:1/erc20:0xD33526068D116cE69F19A9ee46F0bd304F21A51f", "A", 1, "0xD33526068D116cE69F19A9ee46F0bd304F21A51f", 18, NULL);INSERT INTO common_asset_details(identifier, symbol, coingecko, cryptocompare, forked, started, swapped_for) VALUES("eip155:1/erc20:0xD33526068D116cE69F19A9ee46F0bd304F21A51f", "RPL", "rocket-pool", "RPL", NULL, 1632980703, NULL);
*
INSERT INTO assets(identifier, name, type) VALUES("eip155:1/erc20:0x02d60b84491589974263d922D9cC7a3152618Ef6", "Wrapped aDAI", "C");INSERT INTO evm_tokens(identifier, token_kind, chain, address, decimals, protocol) VALUES("eip155:1/erc20:0x02d60b84491589974263d922D9cC7a3152618Ef6", "A", 1, "0x02d60b84491589974263d922D9cC7a3152618Ef6", 18, NULL);INSERT INTO common_asset_details(identifier, symbol, coingecko, cryptocompare, forked, started, swapped_for) VALUES("eip155:1/erc20:0x02d60b84491589974263d922D9cC7a3152618Ef6", "aDAI", NULL, "", NULL, 1637393794, NULL);
*
INSERT INTO assets(identifier, name, type) VALUES("eip155:1/erc20:0xd093fA4Fb80D09bB30817FDcd442d4d02eD3E5de", "Wrapped aUSDC", "C");INSERT INTO evm_tokens(identifier, token_kind, chain, address, decimals, protocol) VALUES("eip155:1/erc20:0xd093fA4Fb80D09bB30817FDcd442d4d02eD3E5de", "A", 1, "0xd093fA4Fb80D09bB30817FDcd442d4d02eD3E5de", 6, NULL);INSERT INTO common_asset_details(identifier, symbol, coingecko, cryptocompare, forked, started, swapped_for) VALUES("eip155:1/erc20:0xd093fA4Fb80D09bB30817FDcd442d4d02eD3E5de", "aUSDC", NULL, "", NULL, 1637708250, NULL);
*
INSERT INTO assets(identifier, name, type) VALUES("eip155:1/erc20:0xC2C3D431249E64542aDD3172665732e485928Ad3", "Raptor", "C");INSERT INTO evm_tokens(identifier, token_kind, chain, address, decimals, protocol) VALUES("eip155:1/erc20:0xC2C3D431249E64542aDD3172665732e485928Ad3", "A", 1, "0xC2C3D431249E64542aDD3172665732e485928Ad3", 18, NULL);INSERT INTO common_asset_details(identifier, symbol, coingecko, cryptocompare, forked, started, swapped_for) VALUES("eip155:1/erc20:0xC2C3D431249E64542aDD3172665732e485928Ad3", "RPTR", NULL, "", NULL, 1639620734, NULL);
*
INSERT INTO assets(identifier, name, type) VALUES("eip155:1/erc20:0xf65B5C5104c4faFD4b709d9D60a185eAE063276c", "Truebit", "C");INSERT INTO evm_tokens(identifier, token_kind, chain, address, decimals, protocol) VALUES("eip155:1/erc20:0xf65B5C5104c4faFD4b709d9D60a185eAE063276c", "A", 1, "0xf65B5C5104c4faFD4b709d9D60a185eAE063276c", 18, NULL);INSERT INTO common_asset_details(identifier, symbol, coingecko, cryptocompare, forked, started, swapped_for) VALUES("eip155:1/erc20:0xf65B5C5104c4faFD4b709d9D60a185eAE063276c", "TRU", "truebit-protocol", "TRUEBIT", NULL, 1618138342, NULL);
*
INSERT INTO assets(identifier, name, type) VALUES("eip155:1/erc20:0xBEaB712832112bd7664226db7CD025B153D3af55", "Bright Union", "C");INSERT INTO evm_tokens(identifier, token_kind, chain, address, decimals, protocol) VALUES("eip155:1/erc20:0xBEaB712832112bd7664226db7CD025B153D3af55", "A", 1, "0xBEaB712832112bd7664226db7CD025B153D3af55", 18, NULL);INSERT INTO common_asset_details(identifier, symbol, coingecko, cryptocompare, forked, started, swapped_for) VALUES("eip155:1/erc20:0xBEaB712832112bd7664226db7CD025B153D3af55", "BRIGHT", "bright-union", "BRIGHTU", NULL, 1627994619, NULL);
*
INSERT INTO assets(identifier, name, type) VALUES("eip155:1/erc20:0xbd31EA8212119f94A611FA969881CBa3EA06Fa3d", "LUNA", "C");INSERT INTO evm_tokens(identifier, token_kind, chain, address, decimals, protocol) VALUES("eip155:1/erc20:0xbd31EA8212119f94A611FA969881CBa3EA06Fa3d", "A", 1, "0xbd31EA8212119f94A611FA969881CBa3EA06Fa3d", 6, NULL);INSERT INTO common_asset_details(identifier, symbol, coingecko, cryptocompare, forked, started, swapped_for) VALUES("eip155:1/erc20:0xbd31EA8212119f94A611FA969881CBa3EA06Fa3d", "LUNA", NULL, "", NULL, 1634101137, NULL);
*
INSERT INTO assets(identifier, name, type) VALUES("eip155:1/erc20:0xD31a59c85aE9D8edEFeC411D448f90841571b89c", "Wrapped SOL", "C");INSERT INTO evm_tokens(identifier, token_kind, chain, address, decimals, protocol) VALUES("eip155:1/erc20:0xD31a59c85aE9D8edEFeC411D448f90841571b89c", "A", 1, "0xD31a59c85aE9D8edEFeC411D448f90841571b89c", 9, NULL);INSERT INTO common_asset_details(identifier, symbol, coingecko, cryptocompare, forked, started, swapped_for) VALUES("eip155:1/erc20:0xD31a59c85aE9D8edEFeC411D448f90841571b89c", "SOL", "wrapped-solana", "", NULL, 1632316757, NULL);
*
INSERT INTO assets(identifier, name, type) VALUES("eip155:1/erc20:0x85f138bfEE4ef8e540890CFb48F620571d67Eda3", "Wrapped AVAX", "C");INSERT INTO evm_tokens(identifier, token_kind, chain, address, decimals, protocol) VALUES("eip155:1/erc20:0x85f138bfEE4ef8e540890CFb48F620571d67Eda3", "A", 1, "0x85f138bfEE4ef8e540890CFb48F620571d67Eda3", 18, NULL);INSERT INTO common_asset_details(identifier, symbol, coingecko, cryptocompare, forked, started, swapped_for) VALUES("eip155:1/erc20:0x85f138bfEE4ef8e540890CFb48F620571d67Eda3", "WAVAX", "wrapped-avax", "", NULL, 1640299238, NULL);
*
INSERT INTO assets(identifier, name, type) VALUES("eip155:1/erc20:0x70A6395650b47D94A77dE4cFEDF9629f6922e645", "Wrapped Smart Advertising Transaction Token", "C");INSERT INTO evm_tokens(identifier, token_kind, chain, address, decimals, protocol) VALUES("eip155:1/erc20:0x70A6395650b47D94A77dE4cFEDF9629f6922e645", "A", 1, "0x70A6395650b47D94A77dE4cFEDF9629f6922e645", 18, NULL);INSERT INTO common_asset_details(identifier, symbol, coingecko, cryptocompare, forked, started, swapped_for) VALUES("eip155:1/erc20:0x70A6395650b47D94A77dE4cFEDF9629f6922e645", "WSATT", NULL, "", NULL, 1601669654, NULL);
*
INSERT INTO assets(identifier, name, type) VALUES("eip155:1/erc20:0x2aF1dF3AB0ab157e1E2Ad8F88A7D04fbea0c7dc6", "Bankless BED Index", "C");INSERT INTO evm_tokens(identifier, token_kind, chain, address, decimals, protocol) VALUES("eip155:1/erc20:0x2aF1dF3AB0ab157e1E2Ad8F88A7D04fbea0c7dc6", "A", 1, "0x2aF1dF3AB0ab157e1E2Ad8F88A7D04fbea0c7dc6", 18, NULL);INSERT INTO common_asset_details(identifier, symbol, coingecko, cryptocompare, forked, started, swapped_for) VALUES("eip155:1/erc20:0x2aF1dF3AB0ab157e1E2Ad8F88A7D04fbea0c7dc6", "BED", "bankless-bed-index", "BED", NULL, 1626189656, NULL);
*
INSERT INTO assets(identifier, name, type) VALUES("eip155:1/erc20:0x33d63Ba1E57E54779F7dDAeaA7109349344cf5F1", "DATA Economy Index", "C");INSERT INTO evm_tokens(identifier, token_kind, chain, address, decimals, protocol) VALUES("eip155:1/erc20:0x33d63Ba1E57E54779F7dDAeaA7109349344cf5F1", "A", 1, "0x33d63Ba1E57E54779F7dDAeaA7109349344cf5F1", 18, NULL);INSERT INTO common_asset_details(identifier, symbol, coingecko, cryptocompare, forked, started, swapped_for) VALUES("eip155:1/erc20:0x33d63Ba1E57E54779F7dDAeaA7109349344cf5F1", "DATA", NULL, "", NULL, 1631828214, NULL);
*
INSERT INTO assets(identifier, name, type) VALUES("eip155:1/erc20:0x48274307c4884f82CF79CD44698d4Df80e0f397A", "NETER", "C");INSERT INTO evm_tokens(identifier, token_kind, chain, address, decimals, protocol) VALUES("eip155:1/erc20:0x48274307c4884f82CF79CD44698d4Df80e0f397A", "A", 1, "0x48274307c4884f82CF79CD44698d4Df80e0f397A", 18, NULL);INSERT INTO common_asset_details(identifier, symbol, coingecko, cryptocompare, forked, started, swapped_for) VALUES("eip155:1/erc20:0x48274307c4884f82CF79CD44698d4Df80e0f397A", "NETER", NULL, "", NULL, 1642522124, NULL);
*
INSERT INTO assets(identifier, name, type) VALUES("eip155:1/erc20:0x47110d43175f7f2C2425E7d15792acC5817EB44f", "Bankless DeFi Innovation Index", "C");INSERT INTO evm_tokens(identifier, token_kind, chain, address, decimals, protocol) VALUES("eip155:1/erc20:0x47110d43175f7f2C2425E7d15792acC5817EB44f", "A", 1, "0x47110d43175f7f2C2425E7d15792acC5817EB44f", 18, NULL);INSERT INTO common_asset_details(identifier, symbol, coingecko, cryptocompare, forked, started, swapped_for) VALUES("eip155:1/erc20:0x47110d43175f7f2C2425E7d15792acC5817EB44f", "GMI", NULL, "", NULL, 1640749187, NULL);
*
INSERT INTO assets(identifier, name, type) VALUES("eip155:1/erc20:0xbc138bD20C98186CC0342C8e380953aF0cb48BA8", "Candle", "C");INSERT INTO evm_tokens(identifier, token_kind, chain, address, decimals, protocol) VALUES("eip155:1/erc20:0xbc138bD20C98186CC0342C8e380953aF0cb48BA8", "A", 1, "0xbc138bD20C98186CC0342C8e380953aF0cb48BA8", 18, NULL);INSERT INTO common_asset_details(identifier, symbol, coingecko, cryptocompare, forked, started, swapped_for) VALUES("eip155:1/erc20:0xbc138bD20C98186CC0342C8e380953aF0cb48BA8", "CNDL", NULL, "CNDL", NULL, 1640836174, NULL);
*
INSERT INTO assets(identifier, name, type) VALUES("eip155:1/erc20:0xf1B99e3E573A1a9C5E6B2Ce818b617F0E664E86B", "Opyn Squeeth", "C");INSERT INTO evm_tokens(identifier, token_kind, chain, address, decimals, protocol) VALUES("eip155:1/erc20:0xf1B99e3E573A1a9C5E6B2Ce818b617F0E664E86B", "A", 1, "0xf1B99e3E573A1a9C5E6B2Ce818b617F0E664E86B", 18, NULL);INSERT INTO common_asset_details(identifier, symbol, coingecko, cryptocompare, forked, started, swapped_for) VALUES("eip155:1/erc20:0xf1B99e3E573A1a9C5E6B2Ce818b617F0E664E86B", "oSQTH", "opyn-squeeth", "OSQTH", NULL, 1641881300, NULL);
*
INSERT INTO assets(identifier, name, type) VALUES("eip155:1/erc20:0x6100dd79fCAA88420750DceE3F735d168aBcB771", "Ethereans", "C");INSERT INTO evm_tokens(identifier, token_kind, chain, address, decimals, protocol) VALUES("eip155:1/erc20:0x6100dd79fCAA88420750DceE3F735d168aBcB771", "A", 1, "0x6100dd79fCAA88420750DceE3F735d168aBcB771", 18, NULL);INSERT INTO common_asset_details(identifier, symbol, coingecko, cryptocompare, forked, started, swapped_for) VALUES("eip155:1/erc20:0x6100dd79fCAA88420750DceE3F735d168aBcB771", "OS", "ethereans", "OS", NULL, 1635425398, NULL);
*
INSERT INTO assets(identifier, name, type) VALUES("eip155:1/erc20:0x02e7Ac540409D32C90BfB51114003a9E1fF0249c", "JPG NFT Index", "C");INSERT INTO evm_tokens(identifier, token_kind, chain, address, decimals, protocol) VALUES("eip155:1/erc20:0x02e7Ac540409D32C90BfB51114003a9E1fF0249c", "A", 1, "0x02e7Ac540409D32C90BfB51114003a9E1fF0249c", 18, NULL);INSERT INTO common_asset_details(identifier, symbol, coingecko, cryptocompare, forked, started, swapped_for) VALUES("eip155:1/erc20:0x02e7Ac540409D32C90BfB51114003a9E1fF0249c", "JPG", "jpg-nft-index", "", NULL, 1649559942, NULL);
*
INSERT INTO assets(identifier, name, type) VALUES("eip155:1/erc20:0x5988639a14cF138cf0Db1853aD35D8B9584c5A73", "chimp", "C");INSERT INTO evm_tokens(identifier, token_kind, chain, address, decimals, protocol) VALUES("eip155:1/erc20:0x5988639a14cF138cf0Db1853aD35D8B9584c5A73", "A", 1, "0x5988639a14cF138cf0Db1853aD35D8B9584c5A73", 18, NULL);INSERT INTO common_asset_details(identifier, symbol, coingecko, cryptocompare, forked, started, swapped_for) VALUES("eip155:1/erc20:0x5988639a14cF138cf0Db1853aD35D8B9584c5A73", "CHIMP", NULL, "", NULL, 1602606834, NULL);
*
INSERT INTO assets(identifier, name, type) VALUES("eip155:1/erc20:0xC91a71A1fFA3d8B22ba615BA1B9c01b2BBBf55ad", "ZigZag", "C");INSERT INTO evm_tokens(identifier, token_kind, chain, address, decimals, protocol) VALUES("eip155:1/erc20:0xC91a71A1fFA3d8B22ba615BA1B9c01b2BBBf55ad", "A", 1, "0xC91a71A1fFA3d8B22ba615BA1B9c01b2BBBf55ad", 18, NULL);INSERT INTO common_asset_details(identifier, symbol, coingecko, cryptocompare, forked, started, swapped_for) VALUES("eip155:1/erc20:0xC91a71A1fFA3d8B22ba615BA1B9c01b2BBBf55ad", "ZZ", "zigzag-2", "ZZ", NULL, 1655163823, NULL);
*
INSERT INTO assets(identifier, name, type) VALUES("eip155:1/erc20:0x44108f0223A3C3028F5Fe7AEC7f9bb2E66beF82F", "Across Protocol Token", "C");INSERT INTO evm_tokens(identifier, token_kind, chain, address, decimals, protocol) VALUES("eip155:1/erc20:0x44108f0223A3C3028F5Fe7AEC7f9bb2E66beF82F", "A", 1, "0x44108f0223A3C3028F5Fe7AEC7f9bb2E66beF82F", 18, NULL);INSERT INTO common_asset_details(identifier, symbol, coingecko, cryptocompare, forked, started, swapped_for) VALUES("eip155:1/erc20:0x44108f0223A3C3028F5Fe7AEC7f9bb2E66beF82F", "ACX", "across-protocol", "ACX", NULL, 1666277447, NULL);
*
INSERT INTO assets(identifier, name, type) VALUES("eip155:1/erc20:0x341c05c0E9b33C0E38d64de76516b2Ce970bB3BE", "Diversified Staked ETH Index (dsETH)", "C");INSERT INTO evm_tokens(identifier, token_kind, chain, address, decimals, protocol) VALUES("eip155:1/erc20:0x341c05c0E9b33C0E38d64de76516b2Ce970bB3BE", "A", 1, "0x341c05c0E9b33C0E38d64de76516b2Ce970bB3BE", 18, NULL);INSERT INTO common_asset_details(identifier, symbol, coingecko, cryptocompare, forked, started, swapped_for) VALUES("eip155:1/erc20:0x341c05c0E9b33C0E38d64de76516b2Ce970bB3BE", "dsETH", "diversified-staked-eth", "", NULL, 1673563415, NULL);
*
INSERT INTO assets(identifier, name, type) VALUES("eip155:1/erc20:0xC24F904b9427F7e1d12BF8dfaB8de9388ad74605", "Bit Gold", "C");INSERT INTO evm_tokens(identifier, token_kind, chain, address, decimals, protocol) VALUES("eip155:1/erc20:0xC24F904b9427F7e1d12BF8dfaB8de9388ad74605", "A", 1, "0xC24F904b9427F7e1d12BF8dfaB8de9388ad74605", 18, NULL);INSERT INTO common_asset_details(identifier, symbol, coingecko, cryptocompare, forked, started, swapped_for) VALUES("eip155:1/erc20:0xC24F904b9427F7e1d12BF8dfaB8de9388ad74605", "BG", NULL, "", NULL, 1672689707, NULL);
*
INSERT INTO assets(identifier, name, type) VALUES("eip155:1/erc20:0x6043A3f2f4Fe127d81896220369F9E9CF5Fdf66F", "PANDA", "C");INSERT INTO evm_tokens(identifier, token_kind, chain, address, decimals, protocol) VALUES("eip155:1/erc20:0x6043A3f2f4Fe127d81896220369F9E9CF5Fdf66F", "A", 1, "0x6043A3f2f4Fe127d81896220369F9E9CF5Fdf66F", 18, NULL);INSERT INTO common_asset_details(identifier, symbol, coingecko, cryptocompare, forked, started, swapped_for) VALUES("eip155:1/erc20:0x6043A3f2f4Fe127d81896220369F9E9CF5Fdf66F", "PANDA", NULL, "", NULL, 1679171111, NULL);
*
INSERT INTO assets(identifier, name, type) VALUES("eip155:1/erc20:0xc30FBa978743a43E736fc32FBeEd364b8A2039cD", "Money Market Index", "C");INSERT INTO evm_tokens(identifier, token_kind, chain, address, decimals, protocol) VALUES("eip155:1/erc20:0xc30FBa978743a43E736fc32FBeEd364b8A2039cD", "A", 1, "0xc30FBa978743a43E736fc32FBeEd364b8A2039cD", 18, NULL);INSERT INTO common_asset_details(identifier, symbol, coingecko, cryptocompare, forked, started, swapped_for) VALUES("eip155:1/erc20:0xc30FBa978743a43E736fc32FBeEd364b8A2039cD", "icSMMT", NULL, "", NULL, 1682126531, NULL);
*
UPDATE common_asset_details SET coingecko="shutter" WHERE identifier="eip155:1/erc20:0xe485E2f1bab389C08721B291f6b59780feC83Fd7";
INSERT INTO assets(identifier, name, type) VALUES("eip155:1/erc20:0xe485E2f1bab389C08721B291f6b59780feC83Fd7", "Shutter", "C"); INSERT INTO evm_tokens(identifier, token_kind, chain, address, decimals, protocol) VALUES("eip155:1/erc20:0xe485E2f1bab389C08721B291f6b59780feC83Fd7", "A", 1, "0xe485E2f1bab389C08721B291f6b59780feC83Fd7", 18, NULL); INSERT INTO common_asset_details(identifier, symbol, coingecko, cryptocompare, forked, started, swapped_for) VALUES("eip155:1/erc20:0xe485E2f1bab389C08721B291f6b59780feC83Fd7", "SHU", "shutter", "", NULL, 1705431563, NULL);
INSERT INTO assets(identifier, name, type) VALUES("eip155:534352/erc20:0x06eFdBFf2a14a7c8E15944D1F4A48F9F95F663A4", "USD Coin", "C");INSERT INTO evm_tokens(identifier, token_kind, chain, address, decimals, protocol) VALUES("eip155:534352/erc20:0x06eFdBFf2a14a7c8E15944D1F4A48F9F95F663A4", "A", 534352, "0x06eFdBFf2a14a7c8E15944D1F4A48F9F95F663A4", 6, NULL);INSERT INTO common_asset_details(identifier, symbol, coingecko, cryptocompare, forked, started, swapped_for) VALUES("eip155:534352/erc20:0x06eFdBFf2a14a7c8E15944D1F4A48F9F95F663A4", "USDC", "usd-coin", "USDC", NULL, 1696919085, NULL);
*
INSERT INTO assets(identifier, name, type) VALUES("eip155:534352/erc20:0x5300000000000000000000000000000000000004", "Wrapped Ether", "C");INSERT INTO evm_tokens(identifier, token_kind, chain, address, decimals, protocol) VALUES("eip155:534352/erc20:0x5300000000000000000000000000000000000004", "A", 534352, "0x5300000000000000000000000000000000000004", 18, NULL);INSERT INTO common_asset_details(identifier, symbol, coingecko, cryptocompare, forked, started, swapped_for) VALUES("eip155:534352/erc20:0x5300000000000000000000000000000000000004", "WETH", "weth", "weth", NULL, 1696960800, NULL);
*
INSERT INTO assets(identifier, name, type) VALUES("eip155:8453/erc20:0xA88594D404727625A9437C3f886C7643872296AE", "Moonwell", "C");INSERT INTO evm_tokens(identifier, token_kind, chain, address, decimals, protocol) VALUES("eip155:8453/erc20:0xA88594D404727625A9437C3f886C7643872296AE", "A", 8453, "0xA88594D404727625A9437C3f886C7643872296AE", 18, NULL);INSERT INTO common_asset_details(identifier, symbol, coingecko, cryptocompare, forked, started, swapped_for) VALUES("eip155:8453/erc20:0xA88594D404727625A9437C3f886C7643872296AE", "WELL", "moonwell-artemis", "well", NULL, 1704752551, NULL);
*
UPDATE common_asset_details SET swapped_for="eip155:8453/erc20:0xA88594D404727625A9437C3f886C7643872296AE" WHERE identifier="eip155:8453/erc20:0xFF8adeC2221f9f4D8dfbAFa6B9a297d17603493D";
INSERT INTO assets(identifier, name, type) VALUES("eip155:8453/erc20:0xFF8adeC2221f9f4D8dfbAFa6B9a297d17603493D", "Moonwell", "C");INSERT INTO evm_tokens(identifier, token_kind, chain, address, decimals, protocol) VALUES("eip155:8453/erc20:0xFF8adeC2221f9f4D8dfbAFa6B9a297d17603493D", "A", 8453, "0xFF8adeC2221f9f4D8dfbAFa6B9a297d17603493D", 18, NULL);INSERT INTO common_asset_details(identifier, symbol, coingecko, cryptocompare, forked, started, swapped_for) VALUES("eip155:8453/erc20:0xFF8adeC2221f9f4D8dfbAFa6B9a297d17603493D", "WELL", "moonwell-artemis", "well", NULL, 1691093699, 'eip155:8453/erc20:0xA88594D404727625A9437C3f886C7643872296AE');
INSERT INTO assets(identifier, name, type) VALUES("eip155:1/erc20:0x5aFE3855358E112B5647B952709E6165e1c1eEEe", "Safe", "C");INSERT INTO evm_tokens(identifier, token_kind, chain, address, decimals, protocol) VALUES("eip155:1/erc20:0x5aFE3855358E112B5647B952709E6165e1c1eEEe", "A", 1, "0x5aFE3855358E112B5647B952709E6165e1c1eEEe", 18, NULL);INSERT INTO common_asset_details(identifier, symbol, coingecko, cryptocompare, forked, started, swapped_for) VALUES("eip155:1/erc20:0x5aFE3855358E112B5647B952709E6165e1c1eEEe", "SAFE", "safe", "", NULL, 1650491755, NULL);
*
INSERT INTO assets(identifier, name, type) VALUES("eip155:1/erc20:0xAcd2c239012D17BEB128B0944D49015104113650", "KarratCoin", "C"); INSERT INTO evm_tokens(identifier, token_kind, chain, address, decimals, protocol) VALUES("eip155:1/erc20:0xAcd2c239012D17BEB128B0944D49015104113650", "A", 1, "0xAcd2c239012D17BEB128B0944D49015104113650", 18, NULL); INSERT INTO common_asset_details(identifier, symbol, coingecko, cryptocompare, forked, started, swapped_for) VALUES("eip155:1/erc20:0xAcd2c239012D17BEB128B0944D49015104113650", "KARRAT", "karrat", "", NULL, 1712079383, NULL);
*
INSERT INTO assets(identifier, name, type) VALUES("TNSR", "Tensor", "Y"); INSERT INTO common_asset_details(identifier, symbol, coingecko, cryptocompare, forked, started, swapped_for) VALUES("TNSR", "TNSR", "tensor", "TNSR", NULL, 1712592242, NULL);
*
INSERT INTO assets(identifier, name, type) VALUES("eip155:1/erc20:0xB0fFa8000886e57F86dd5264b9582b2Ad87b2b91", "Wormhole Token", "C"); INSERT INTO evm_tokens(identifier, token_kind, chain, address, decimals, protocol) VALUES("eip155:1/erc20:0xB0fFa8000886e57F86dd5264b9582b2Ad87b2b91", "A", 1, "0xB0fFa8000886e57F86dd5264b9582b2Ad87b2b91", 18, NULL); INSERT INTO common_asset_details(identifier, symbol, coingecko, cryptocompare, forked, started, swapped_for) VALUES("eip155:1/erc20:0xB0fFa8000886e57F86dd5264b9582b2Ad87b2b91", "W", "wormhole", "W", NULL, 1713221291, NULL);
*
INSERT INTO assets(identifier, name, type) VALUES("eip155:42161/erc20:0xB0fFa8000886e57F86dd5264b9582b2Ad87b2b91", "Wormhole Token", "C"); INSERT INTO evm_tokens(identifier, token_kind, chain, address, decimals, protocol) VALUES("eip155:42161/erc20:0xB0fFa8000886e57F86dd5264b9582b2Ad87b2b91", "A", 42161, "0xB0fFa8000886e57F86dd5264b9582b2Ad87b2b91", 18, NULL); INSERT INTO common_asset_details(identifier, symbol, coingecko, cryptocompare, forked, started, swapped_for) VALUES("eip155:42161/erc20:0xB0fFa8000886e57F86dd5264b9582b2Ad87b2b91", "W", "wormhole", "W", NULL, 1713221460, NULL);
*
INSERT INTO assets(identifier, name, type) VALUES("eip155:8453/erc20:0xB0fFa8000886e57F86dd5264b9582b2Ad87b2b91", "Wormhole Token", "C"); INSERT INTO evm_tokens(identifier, token_kind, chain, address, decimals, protocol) VALUES("eip155:8453/erc20:0xB0fFa8000886e57F86dd5264b9582b2Ad87b2b91", "A", 8453, "0xB0fFa8000886e57F86dd5264b9582b2Ad87b2b91", 18, NULL); INSERT INTO common_asset_details(identifier, symbol, coingecko, cryptocompare, forked, started, swapped_for) VALUES("eip155:8453/erc20:0xB0fFa8000886e57F86dd5264b9582b2Ad87b2b91", "W", "wormhole", "W", NULL, 1713221517, NULL);
*
INSERT INTO assets(identifier, name, type) VALUES("W", "Wormhole Token", "Y"); INSERT INTO common_asset_details(identifier, symbol, coingecko, cryptocompare, forked, started, swapped_for) VALUES("W", "W", "wormhole", "W", NULL, 1713221517, NULL);
*
INSERT INTO assets(identifier, name, type) VALUES("eip155:1/erc20:0xB528edBef013aff855ac3c50b381f253aF13b997", "Aevo", "C"); INSERT INTO evm_tokens(identifier, token_kind, chain, address, decimals, protocol) VALUES("eip155:1/erc20:0xB528edBef013aff855ac3c50b381f253aF13b997", "A", 1, "0xB528edBef013aff855ac3c50b381f253aF13b997", 18, NULL); INSERT INTO common_asset_details(identifier, symbol, coingecko, cryptocompare, forked, started, swapped_for) VALUES("eip155:1/erc20:0xB528edBef013aff855ac3c50b381f253aF13b997", "AEVO", "aevo-exchange", "aevo", NULL, 1706636159, NULL);
*
INSERT INTO assets(identifier, name, type) VALUES("eip155:1/erc20:0x57e114B691Db790C35207b2e685D4A43181e6061", "Ethena", "C"); INSERT INTO evm_tokens(identifier, token_kind, chain, address, decimals, protocol) VALUES("eip155:1/erc20:0x57e114B691Db790C35207b2e685D4A43181e6061", "A", 1, "0x57e114B691Db790C35207b2e685D4A43181e6061", 18, NULL); INSERT INTO common_asset_details(identifier, symbol, coingecko, cryptocompare, forked, started, swapped_for) VALUES("eip155:1/erc20:0x57e114B691Db790C35207b2e685D4A43181e6061", "ENA", "ethena", "ena", NULL, 1709674199, NULL);
*
INSERT INTO assets(identifier, name, type) VALUES("eip155:1/erc20:0xFe0c30065B384F05761f15d0CC899D4F9F9Cc0eB", "ether.fi governance token", "C"); INSERT INTO evm_tokens(identifier, token_kind, chain, address, decimals, protocol) VALUES("eip155:1/erc20:0xFe0c30065B384F05761f15d0CC899D4F9F9Cc0eB", "A", 1, "0xFe0c30065B384F05761f15d0CC899D4F9F9Cc0eB", 18, NULL); INSERT INTO common_asset_details(identifier, symbol, coingecko, cryptocompare, forked, started, swapped_for) VALUES("eip155:1/erc20:0xFe0c30065B384F05761f15d0CC899D4F9F9Cc0eB", "ETHFI", "ether-fi", "ethfi", NULL, 1708665119, NULL);
*
INSERT INTO assets(identifier, name, type) VALUES("eip155:1/erc20:0x0D3CbED3f69EE050668ADF3D9Ea57241cBa33A2B", "PlayDapp", "C"); INSERT INTO evm_tokens(identifier, token_kind, chain, address, decimals, protocol) VALUES("eip155:1/erc20:0x0D3CbED3f69EE050668ADF3D9Ea57241cBa33A2B", "A", 1, "0x0D3CbED3f69EE050668ADF3D9Ea57241cBa33A2B", 18, NULL); INSERT INTO common_asset_details(identifier, symbol, coingecko, cryptocompare, forked, started, swapped_for) VALUES("eip155:1/erc20:0x0D3CbED3f69EE050668ADF3D9Ea57241cBa33A2B", "PDA", "playdapp", "pda", NULL, 1708138763, NULL);
*
INSERT INTO assets(identifier, name, type) VALUES("eip155:1/erc20:0x1Bbe973BeF3a977Fc51CbED703E8ffDEfE001Fed", "PORTAL", "C"); INSERT INTO evm_tokens(identifier, token_kind, chain, address, decimals, protocol) VALUES("eip155:1/erc20:0x1Bbe973BeF3a977Fc51CbED703E8ffDEfE001Fed", "A", 1, "0x1Bbe973BeF3a977Fc51CbED703E8ffDEfE001Fed", 18, NULL); INSERT INTO common_asset_details(identifier, symbol, coingecko, cryptocompare, forked, started, swapped_for) VALUES("eip155:1/erc20:0x1Bbe973BeF3a977Fc51CbED703E8ffDEfE001Fed", "PORTAL", "portal-2", "portal", NULL, 1708439543, NULL);
*
INSERT INTO assets(identifier, name, type) VALUES("CZK", "Czech Koruna", "A"); INSERT INTO common_asset_details(identifier, symbol, coingecko, cryptocompare, forked, started, swapped_for) VALUES("CZK", "CZK", NULL, "", NULL, NULL, NULL);
*
INSERT INTO assets(identifier, name, type) VALUES("MXN", "Mexican Peso", "A"); INSERT INTO common_asset_details(identifier, symbol, coingecko, cryptocompare, forked, started, swapped_for) VALUES("MXN", "MXN", NULL, "", NULL, NULL, NULL);
*
INSERT INTO assets(identifier, name, type) VALUES("BOME", "BOOK OF MEME", "Y"); INSERT INTO common_asset_details(identifier, symbol, coingecko, cryptocompare, forked, started, swapped_for) VALUES("BOME", "BOME", "book-of-meme", "bome", NULL, 1710410626, NULL);
*
INSERT INTO assets(identifier, name, type) VALUES("SAGA", "Saga", "W"); INSERT INTO common_asset_details(identifier, symbol, coingecko, cryptocompare, forked, started, swapped_for) VALUES("SAGA", "SAGA", "saga-2", "saga", NULL, 1712649766, NULL);
*
INSERT INTO assets(identifier, name, type) VALUES("eip155:534352/erc20:0xf610A9dfB7C89644979b4A0f27063E9e7d7Cda32", "wstETH", "C"); INSERT INTO evm_tokens(identifier, token_kind, chain, address, decimals, protocol) VALUES("eip155:534352/erc20:0xf610A9dfB7C89644979b4A0f27063E9e7d7Cda32", "A", 534352, "0xf610A9dfB7C89644979b4A0f27063E9e7d7Cda32", 18, NULL); INSERT INTO common_asset_details(identifier, symbol, coingecko, cryptocompare, forked, started, swapped_for) VALUES("eip155:534352/erc20:0xf610A9dfB7C89644979b4A0f27063E9e7d7Cda32", "wstETH", "wrapped-steth", "wsteth", NULL, 1696920347, NULL);
*
INSERT INTO assets(identifier, name, type) VALUES("eip155:1/erc20:0x4507cEf57C46789eF8d1a19EA45f4216bae2B528", "TokenFi", "C"); INSERT INTO evm_tokens(identifier, token_kind, chain, address, decimals, protocol) VALUES("eip155:1/erc20:0x4507cEf57C46789eF8d1a19EA45f4216bae2B528", "A", 1, "0x4507cEf57C46789eF8d1a19EA45f4216bae2B528", 9, NULL); INSERT INTO common_asset_details(identifier, symbol, coingecko, cryptocompare, forked, started, swapped_for) VALUES("eip155:1/erc20:0x4507cEf57C46789eF8d1a19EA45f4216bae2B528", "TOKEN", "tokenfi", "token", NULL, 1698318395, NULL);
*
INSERT INTO assets(identifier, name, type) VALUES("eip155:56/erc20:0x4507cEf57C46789eF8d1a19EA45f4216bae2B528", "TokenFi", "C"); INSERT INTO evm_tokens(identifier, token_kind, chain, address, decimals, protocol) VALUES("eip155:56/erc20:0x4507cEf57C46789eF8d1a19EA45f4216bae2B528", "A", 56, "0x4507cEf57C46789eF8d1a19EA45f4216bae2B528", 9, NULL); INSERT INTO common_asset_details(identifier, symbol, coingecko, cryptocompare, forked, started, swapped_for) VALUES("eip155:56/erc20:0x4507cEf57C46789eF8d1a19EA45f4216bae2B528", "TOKEN", "tokenfi", "token", NULL, 1713979117, NULL);
*
INSERT INTO assets(identifier, name, type) VALUES("eip155:1/erc20:0x61EC85aB89377db65762E234C946b5c25A56E99e", "HTX", "C"); INSERT INTO evm_tokens(identifier, token_kind, chain, address, decimals, protocol) VALUES("eip155:1/erc20:0x61EC85aB89377db65762E234C946b5c25A56E99e", "A", 1, "0x61EC85aB89377db65762E234C946b5c25A56E99e", 18, NULL); INSERT INTO common_asset_details(identifier, symbol, coingecko, cryptocompare, forked, started, swapped_for) VALUES("eip155:1/erc20:0x61EC85aB89377db65762E234C946b5c25A56E99e", "HTX", "htx-dao", "htx", NULL, 1701078635, NULL);
*
INSERT INTO assets(identifier, name, type) VALUES("eip155:56/erc20:0x61EC85aB89377db65762E234C946b5c25A56E99e", "HTX", "C"); INSERT INTO evm_tokens(identifier, token_kind, chain, address, decimals, protocol) VALUES("eip155:56/erc20:0x61EC85aB89377db65762E234C946b5c25A56E99e", "A", 56, "0x61EC85aB89377db65762E234C946b5c25A56E99e", 18, NULL); INSERT INTO common_asset_details(identifier, symbol, coingecko, cryptocompare, forked, started, swapped_for) VALUES("eip155:56/erc20:0x61EC85aB89377db65762E234C946b5c25A56E99e", "HTX", "htx-dao", "htx", NULL, 1713929391, NULL);
*
INSERT INTO assets(identifier, name, type) VALUES("eip155:1/erc20:0xFD4f2Caf941B6d737382DCe420b368DE3FC7f2D4", "Patex Token", "C"); INSERT INTO evm_tokens(identifier, token_kind, chain, address, decimals, protocol) VALUES("eip155:1/erc20:0xFD4f2Caf941B6d737382DCe420b368DE3FC7f2D4", "A", 1, "0xFD4f2Caf941B6d737382DCe420b368DE3FC7f2D4", 18, NULL); INSERT INTO common_asset_details(identifier, symbol, coingecko, cryptocompare, forked, started, swapped_for) VALUES("eip155:1/erc20:0xFD4f2Caf941B6d737382DCe420b368DE3FC7f2D4", "PATEX", "patex", "patex", NULL, 1686662303, NULL);
*
INSERT INTO assets(identifier, name, type) VALUES("eip155:56/erc20:0xFD4f2Caf941B6d737382DCe420b368DE3FC7f2D4", "Patex Token", "C"); INSERT INTO evm_tokens(identifier, token_kind, chain, address, decimals, protocol) VALUES("eip155:56/erc20:0xFD4f2Caf941B6d737382DCe420b368DE3FC7f2D4", "A", 56, "0xFD4f2Caf941B6d737382DCe420b368DE3FC7f2D4", 18, NULL); INSERT INTO common_asset_details(identifier, symbol, coingecko, cryptocompare, forked, started, swapped_for) VALUES("eip155:56/erc20:0xFD4f2Caf941B6d737382DCe420b368DE3FC7f2D4", "PATEX", "patex", "patex", NULL, 1713979027, NULL);
*
INSERT INTO assets(identifier, name, type) VALUES("eip155:1/erc20:0xCF67815ccE72E682Eb4429eCa46843bed81Ca739", "GAM3S.GG", "C"); INSERT INTO evm_tokens(identifier, token_kind, chain, address, decimals, protocol) VALUES("eip155:1/erc20:0xCF67815ccE72E682Eb4429eCa46843bed81Ca739", "A", 1, "0xCF67815ccE72E682Eb4429eCa46843bed81Ca739", 18, NULL); INSERT INTO common_asset_details(identifier, symbol, coingecko, cryptocompare, forked, started, swapped_for) VALUES("eip155:1/erc20:0xCF67815ccE72E682Eb4429eCa46843bed81Ca739", "G3", "gam3s-gg", "g3", NULL, 1712318675, NULL);
*
INSERT INTO assets(identifier, name, type) VALUES("eip155:42161/erc20:0xc24A365A870821EB83Fd216c9596eDD89479d8d7", "GAM3S.GG", "C"); INSERT INTO evm_tokens(identifier, token_kind, chain, address, decimals, protocol) VALUES("eip155:42161/erc20:0xc24A365A870821EB83Fd216c9596eDD89479d8d7", "A", 42161, "0xc24A365A870821EB83Fd216c9596eDD89479d8d7", 18, NULL); INSERT INTO common_asset_details(identifier, symbol, coingecko, cryptocompare, forked, started, swapped_for) VALUES("eip155:42161/erc20:0xc24A365A870821EB83Fd216c9596eDD89479d8d7", "G3", "gam3s-gg", "g3", NULL, 1712151381, NULL);
*
INSERT INTO assets(identifier, name, type) VALUES("eip155:1/erc20:0x944824290CC12F31ae18Ef51216A223Ba4063092", "Masa Token", "C"); INSERT INTO evm_tokens(identifier, token_kind, chain, address, decimals, protocol) VALUES("eip155:1/erc20:0x944824290CC12F31ae18Ef51216A223Ba4063092", "A", 1, "0x944824290CC12F31ae18Ef51216A223Ba4063092", 18, NULL); INSERT INTO common_asset_details(identifier, symbol, coingecko, cryptocompare, forked, started, swapped_for) VALUES("eip155:1/erc20:0x944824290CC12F31ae18Ef51216A223Ba4063092", "MASA", "masa-finance", "masa", NULL, 1710441647, NULL);
*
INSERT INTO assets(identifier, name, type) VALUES("eip155:56/erc20:0x944824290CC12F31ae18Ef51216A223Ba4063092", "Masa Token", "C"); INSERT INTO evm_tokens(identifier, token_kind, chain, address, decimals, protocol) VALUES("eip155:56/erc20:0x944824290CC12F31ae18Ef51216A223Ba4063092", "A", 56, "0x944824290CC12F31ae18Ef51216A223Ba4063092", 18, NULL); INSERT INTO common_asset_details(identifier, symbol, coingecko, cryptocompare, forked, started, swapped_for) VALUES("eip155:56/erc20:0x944824290CC12F31ae18Ef51216A223Ba4063092", "MASA", "masa-finance", "masa", NULL, 1713979414, NULL);
*
INSERT INTO assets(identifier, name, type) VALUES("eip155:1/erc20:0xf5edA6C581F4373B07CE111BAF8d1C4Fc21cbAa1", "GameTournamentTrophy", "C"); INSERT INTO evm_tokens(identifier, token_kind, chain, address, decimals, protocol) VALUES("eip155:1/erc20:0xf5edA6C581F4373B07CE111BAF8d1C4Fc21cbAa1", "A", 1, "0xf5edA6C581F4373B07CE111BAF8d1C4Fc21cbAa1", 18, NULL); INSERT INTO common_asset_details(identifier, symbol, coingecko, cryptocompare, forked, started, swapped_for) VALUES("eip155:1/erc20:0xf5edA6C581F4373B07CE111BAF8d1C4Fc21cbAa1", "GTT", "game-tournament-trophy", "", NULL, 1698910751, NULL);
*
INSERT INTO assets(identifier, name, type) VALUES("eip155:137/erc20:0x280053C54006A624C26989CB8354Fa4cB86f14D1", "Morpheus Infrastructure Node", "C"); INSERT INTO evm_tokens(identifier, token_kind, chain, address, decimals, protocol) VALUES("eip155:137/erc20:0x280053C54006A624C26989CB8354Fa4cB86f14D1", "A", 137, "0x280053C54006A624C26989CB8354Fa4cB86f14D1", 18, NULL); INSERT INTO common_asset_details(identifier, symbol, coingecko, cryptocompare, forked, started, swapped_for) VALUES("eip155:137/erc20:0x280053C54006A624C26989CB8354Fa4cB86f14D1", "MIND", "game-tournament-trophy", "", NULL, 1713938028, NULL);
*
INSERT INTO assets(identifier, name, type) VALUES("eip155:1/erc20:0xb4357054c3dA8D46eD642383F03139aC7f090343", "Port3 Network", "C"); INSERT INTO evm_tokens(identifier, token_kind, chain, address, decimals, protocol) VALUES("eip155:1/erc20:0xb4357054c3dA8D46eD642383F03139aC7f090343", "A", 1, "0xb4357054c3dA8D46eD642383F03139aC7f090343", 18, NULL); INSERT INTO common_asset_details(identifier, symbol, coingecko, cryptocompare, forked, started, swapped_for) VALUES("eip155:1/erc20:0xb4357054c3dA8D46eD642383F03139aC7f090343", "PORT3", "port3-network", "port3", NULL, 1701184151, NULL);
*
INSERT INTO assets(identifier, name, type) VALUES("eip155:137/erc20:0xb4357054c3dA8D46eD642383F03139aC7f090343", "Port3 Network", "C"); INSERT INTO evm_tokens(identifier, token_kind, chain, address, decimals, protocol) VALUES("eip155:137/erc20:0xb4357054c3dA8D46eD642383F03139aC7f090343", "A", 137, "0xb4357054c3dA8D46eD642383F03139aC7f090343", 18, NULL); INSERT INTO common_asset_details(identifier, symbol, coingecko, cryptocompare, forked, started, swapped_for) VALUES("eip155:137/erc20:0xb4357054c3dA8D46eD642383F03139aC7f090343", "PORT3", "port3-network", "port3", NULL, 1714030287, NULL);
*
INSERT INTO assets(identifier, name, type) VALUES("eip155:10/erc20:0xb4357054c3dA8D46eD642383F03139aC7f090343", "Port3 Network", "C"); INSERT INTO evm_tokens(identifier, token_kind, chain, address, decimals, protocol) VALUES("eip155:10/erc20:0xb4357054c3dA8D46eD642383F03139aC7f090343", "A", 10, "0xb4357054c3dA8D46eD642383F03139aC7f090343", 18, NULL); INSERT INTO common_asset_details(identifier, symbol, coingecko, cryptocompare, forked, started, swapped_for) VALUES("eip155:10/erc20:0xb4357054c3dA8D46eD642383F03139aC7f090343", "PORT3", "port3-network", "port3", NULL, 1710729865, NULL);
*
INSERT INTO assets(identifier, name, type) VALUES("eip155:42161/erc20:0xb4357054c3dA8D46eD642383F03139aC7f090343", "Port3 Network", "C"); INSERT INTO evm_tokens(identifier, token_kind, chain, address, decimals, protocol) VALUES("eip155:42161/erc20:0xb4357054c3dA8D46eD642383F03139aC7f090343", "A", 42161, "0xb4357054c3dA8D46eD642383F03139aC7f090343", 18, NULL); INSERT INTO common_asset_details(identifier, symbol, coingecko, cryptocompare, forked, started, swapped_for) VALUES("eip155:42161/erc20:0xb4357054c3dA8D46eD642383F03139aC7f090343", "PORT3", "port3-network", "port3", NULL, 1701182018, NULL);
*
INSERT INTO assets(identifier, name, type) VALUES("eip155:56/erc20:0xb4357054c3dA8D46eD642383F03139aC7f090343", "Port3 Network", "C"); INSERT INTO evm_tokens(identifier, token_kind, chain, address, decimals, protocol) VALUES("eip155:56/erc20:0xb4357054c3dA8D46eD642383F03139aC7f090343", "A", 56, "0xb4357054c3dA8D46eD642383F03139aC7f090343", 18, NULL); INSERT INTO common_asset_details(identifier, symbol, coingecko, cryptocompare, forked, started, swapped_for) VALUES("eip155:56/erc20:0xb4357054c3dA8D46eD642383F03139aC7f090343", "PORT3", "port3-network", "port3", NULL, 1714043378, NULL);
*
INSERT INTO assets(identifier, name, type) VALUES("eip155:1/erc20:0x8457CA5040ad67fdebbCC8EdCE889A335Bc0fbFB", "AltLayer Token", "C"); INSERT INTO evm_tokens(identifier, token_kind, chain, address, decimals, protocol) VALUES("eip155:1/erc20:0x8457CA5040ad67fdebbCC8EdCE889A335Bc0fbFB", "A", 1, "0x8457CA5040ad67fdebbCC8EdCE889A335Bc0fbFB", 18, NULL); INSERT INTO common_asset_details(identifier, symbol, coingecko, cryptocompare, forked, started, swapped_for) VALUES("eip155:1/erc20:0x8457CA5040ad67fdebbCC8EdCE889A335Bc0fbFB", "ALT", "altlayer", "alt", NULL, 1704446615, NULL);
*
INSERT INTO assets(identifier, name, type) VALUES("eip155:56/erc20:0x8457CA5040ad67fdebbCC8EdCE889A335Bc0fbFB", "AltLayer Token", "C"); INSERT INTO evm_tokens(identifier, token_kind, chain, address, decimals, protocol) VALUES("eip155:56/erc20:0x8457CA5040ad67fdebbCC8EdCE889A335Bc0fbFB", "A", 56, "0x8457CA5040ad67fdebbCC8EdCE889A335Bc0fbFB", 18, NULL); INSERT INTO common_asset_details(identifier, symbol, coingecko, cryptocompare, forked, started, swapped_for) VALUES("eip155:56/erc20:0x8457CA5040ad67fdebbCC8EdCE889A335Bc0fbFB", "ALT", "altlayer", "alt", NULL, 1714043930, NULL);
*
INSERT INTO assets(identifier, name, type) VALUES("eip155:1/erc20:0x6B0FaCA7bA905a86F221CEb5CA404f605e5b3131", "DeFi", "C"); INSERT INTO evm_tokens(identifier, token_kind, chain, address, decimals, protocol) VALUES("eip155:1/erc20:0x6B0FaCA7bA905a86F221CEb5CA404f605e5b3131", "A", 1, "0x6B0FaCA7bA905a86F221CEb5CA404f605e5b3131", 18, NULL); INSERT INTO common_asset_details(identifier, symbol, coingecko, cryptocompare, forked, started, swapped_for) VALUES("eip155:1/erc20:0x6B0FaCA7bA905a86F221CEb5CA404f605e5b3131", "DEFI", "de-fi", "", NULL, 1705506419, NULL);
*
INSERT INTO assets(identifier, name, type) VALUES("eip155:56/erc20:0x6d106C0B8d2f47c5465bdBD58D1Be253762cBBC1", "DeFi", "C"); INSERT INTO evm_tokens(identifier, token_kind, chain, address, decimals, protocol) VALUES("eip155:56/erc20:0x6d106C0B8d2f47c5465bdBD58D1Be253762cBBC1", "A", 56, "0x6d106C0B8d2f47c5465bdBD58D1Be253762cBBC1", 18, NULL); INSERT INTO common_asset_details(identifier, symbol, coingecko, cryptocompare, forked, started, swapped_for) VALUES("eip155:56/erc20:0x6d106C0B8d2f47c5465bdBD58D1Be253762cBBC1", "DEFI", "de-fi", "", NULL, 1714040591, NULL);
*
INSERT INTO assets(identifier, name, type) VALUES("eip155:1/erc20:0xBEF26Bd568e421D6708CCA55Ad6e35f8bfA0C406", "bitsCrunch Token", "C"); INSERT INTO evm_tokens(identifier, token_kind, chain, address, decimals, protocol) VALUES("eip155:1/erc20:0xBEF26Bd568e421D6708CCA55Ad6e35f8bfA0C406", "A", 1, "0xBEF26Bd568e421D6708CCA55Ad6e35f8bfA0C406", 18, NULL); INSERT INTO common_asset_details(identifier, symbol, coingecko, cryptocompare, forked, started, swapped_for) VALUES("eip155:1/erc20:0xBEF26Bd568e421D6708CCA55Ad6e35f8bfA0C406", "BCUT", "bitscrunch-token", "bcut", NULL, 1701957395, NULL);
*
INSERT INTO assets(identifier, name, type) VALUES("eip155:137/erc20:0x3fb83A9A2c4408909c058b0BfE5B4823f54fAfE2", "bitsCrunch Token", "C"); INSERT INTO evm_tokens(identifier, token_kind, chain, address, decimals, protocol) VALUES("eip155:137/erc20:0x3fb83A9A2c4408909c058b0BfE5B4823f54fAfE2", "A", 137, "0x3fb83A9A2c4408909c058b0BfE5B4823f54fAfE2", 18, NULL); INSERT INTO common_asset_details(identifier, symbol, coingecko, cryptocompare, forked, started, swapped_for) VALUES("eip155:137/erc20:0x3fb83A9A2c4408909c058b0BfE5B4823f54fAfE2", "BCUT", "bitscrunch-token", "bcut", NULL, 1714043486, NULL);
*
INSERT INTO assets(identifier, name, type) VALUES("eip155:1/erc20:0x22514fFb0d7232a56F0c24090E7B68f179FAA940", "QORPO Token", "C"); INSERT INTO evm_tokens(identifier, token_kind, chain, address, decimals, protocol) VALUES("eip155:1/erc20:0x22514fFb0d7232a56F0c24090E7B68f179FAA940", "A", 1, "0x22514fFb0d7232a56F0c24090E7B68f179FAA940", 18, NULL); INSERT INTO common_asset_details(identifier, symbol, coingecko, cryptocompare, forked, started, swapped_for) VALUES("eip155:1/erc20:0x22514fFb0d7232a56F0c24090E7B68f179FAA940", "QORPO", "qopro", "", NULL, 1707148379, NULL);
*
INSERT INTO assets(identifier, name, type) VALUES("eip155:56/erc20:0x22514fFb0d7232a56F0c24090E7B68f179FAA940", "QORPO Token", "C"); INSERT INTO evm_tokens(identifier, token_kind, chain, address, decimals, protocol) VALUES("eip155:56/erc20:0x22514fFb0d7232a56F0c24090E7B68f179FAA940", "A", 56, "0x22514fFb0d7232a56F0c24090E7B68f179FAA940", 18, NULL); INSERT INTO common_asset_details(identifier, symbol, coingecko, cryptocompare, forked, started, swapped_for) VALUES("eip155:56/erc20:0x22514fFb0d7232a56F0c24090E7B68f179FAA940", "QORPO", "qopro", "", NULL, 1714039646, NULL);
*
INSERT INTO assets(identifier, name, type) VALUES("eip155:1/erc20:0x38C2a4a7330b22788374B8Ff70BBa513C8D848cA", "Truflation", "C"); INSERT INTO evm_tokens(identifier, token_kind, chain, address, decimals, protocol) VALUES("eip155:1/erc20:0x38C2a4a7330b22788374B8Ff70BBa513C8D848cA", "A", 1, "0x38C2a4a7330b22788374B8Ff70BBa513C8D848cA", 18, NULL); INSERT INTO common_asset_details(identifier, symbol, coingecko, cryptocompare, forked, started, swapped_for) VALUES("eip155:1/erc20:0x38C2a4a7330b22788374B8Ff70BBa513C8D848cA", "TRUF", "truflation", "truf", NULL, 1709859719, NULL);
*
INSERT INTO assets(identifier, name, type) VALUES("eip155:42161/erc20:0xB59c8912c83157a955f9D715E556257F432C35D7", "Truflation", "C"); INSERT INTO evm_tokens(identifier, token_kind, chain, address, decimals, protocol) VALUES("eip155:42161/erc20:0xB59c8912c83157a955f9D715E556257F432C35D7", "A", 42161, "0xB59c8912c83157a955f9D715E556257F432C35D7", 18, NULL); INSERT INTO common_asset_details(identifier, symbol, coingecko, cryptocompare, forked, started, swapped_for) VALUES("eip155:42161/erc20:0xB59c8912c83157a955f9D715E556257F432C35D7", "TRUF", "truflation", "truf", NULL, 1711542422, NULL);
*
INSERT INTO assets(identifier, name, type) VALUES("eip155:137/erc20:0xE3f2b1B2229C0333Ad17D03F179b87500E7C5e01", "AETHER GAMES", "C"); INSERT INTO evm_tokens(identifier, token_kind, chain, address, decimals, protocol) VALUES("eip155:137/erc20:0xE3f2b1B2229C0333Ad17D03F179b87500E7C5e01", "A", 137, "0xE3f2b1B2229C0333Ad17D03F179b87500E7C5e01", 18, NULL); INSERT INTO common_asset_details(identifier, symbol, coingecko, cryptocompare, forked, started, swapped_for) VALUES("eip155:137/erc20:0xE3f2b1B2229C0333Ad17D03F179b87500E7C5e01", "AEG", "aether-games", "aeg", NULL, 1714043992, NULL);
*
INSERT INTO assets(identifier, name, type) VALUES("eip155:1/erc20:0xF0187b76be05C1FCAa24f39C0a3aAB4434099c4f", "Aether Games", "C"); INSERT INTO evm_tokens(identifier, token_kind, chain, address, decimals, protocol) VALUES("eip155:1/erc20:0xF0187b76be05C1FCAa24f39C0a3aAB4434099c4f", "A", 1, "0xF0187b76be05C1FCAa24f39C0a3aAB4434099c4f", 18, NULL); INSERT INTO common_asset_details(identifier, symbol, coingecko, cryptocompare, forked, started, swapped_for) VALUES("eip155:1/erc20:0xF0187b76be05C1FCAa24f39C0a3aAB4434099c4f", "AEG", "aether-games", "aeg", NULL, 1712771171, NULL);
*
INSERT INTO assets(identifier, name, type) VALUES("eip155:10/erc20:0x5C0Ea461FE5E6f3b4f90a071E72243C14C6abfd7", "Amulet", "C"); INSERT INTO evm_tokens(identifier, token_kind, chain, address, decimals, protocol) VALUES("eip155:10/erc20:0x5C0Ea461FE5E6f3b4f90a071E72243C14C6abfd7", "A", 10, "0x5C0Ea461FE5E6f3b4f90a071E72243C14C6abfd7", 9, NULL); INSERT INTO common_asset_details(identifier, symbol, coingecko, cryptocompare, forked, started, swapped_for) VALUES("eip155:10/erc20:0x5C0Ea461FE5E6f3b4f90a071E72243C14C6abfd7", "AMU", "amulet-protocol", "amu", NULL, 1713944119, NULL);
*
INSERT INTO assets(identifier, name, type) VALUES("eip155:1/erc20:0x174c47D6A4E548ED2B7d369dC0fFb2E60A6ac0F8", "Amulet", "C"); INSERT INTO evm_tokens(identifier, token_kind, chain, address, decimals, protocol) VALUES("eip155:1/erc20:0x174c47D6A4E548ED2B7d369dC0fFb2E60A6ac0F8", "A", 1, "0x174c47D6A4E548ED2B7d369dC0fFb2E60A6ac0F8", 9, NULL); INSERT INTO common_asset_details(identifier, symbol, coingecko, cryptocompare, forked, started, swapped_for) VALUES("eip155:1/erc20:0x174c47D6A4E548ED2B7d369dC0fFb2E60A6ac0F8", "AMU", "amulet-protocol", "amu", NULL, 1704983615, NULL);
*
INSERT INTO assets(identifier, name, type) VALUES("eip155:56/erc20:0xcf32c644fed4FeFF94017a10B2882Bf71eE740dD", "Brawl Token", "C"); INSERT INTO evm_tokens(identifier, token_kind, chain, address, decimals, protocol) VALUES("eip155:56/erc20:0xcf32c644fed4FeFF94017a10B2882Bf71eE740dD", "A", 56, "0xcf32c644fed4FeFF94017a10B2882Bf71eE740dD", 9, NULL); INSERT INTO common_asset_details(identifier, symbol, coingecko, cryptocompare, forked, started, swapped_for) VALUES("eip155:56/erc20:0xcf32c644fed4FeFF94017a10B2882Bf71eE740dD", "BRAWL", "bitbrawl", "", NULL, 1713868056, NULL);
*
INSERT INTO assets(identifier, name, type) VALUES("eip155:1/erc20:0x580194535e5b76edD1829cC8b62AC5d168bE4cDA", "Brawl Token", "C"); INSERT INTO evm_tokens(identifier, token_kind, chain, address, decimals, protocol) VALUES("eip155:1/erc20:0x580194535e5b76edD1829cC8b62AC5d168bE4cDA", "A", 1, "0x580194535e5b76edD1829cC8b62AC5d168bE4cDA", 9, NULL); INSERT INTO common_asset_details(identifier, symbol, coingecko, cryptocompare, forked, started, swapped_for) VALUES("eip155:1/erc20:0x580194535e5b76edD1829cC8b62AC5d168bE4cDA", "BRAWL", "bitbrawl", "", NULL, 1711454255, NULL);
*
INSERT INTO assets(identifier, name, type) VALUES("eip155:1/erc20:0x0921799CB1d702148131024d18fCdE022129Dc73", "LightLink", "C"); INSERT INTO evm_tokens(identifier, token_kind, chain, address, decimals, protocol) VALUES("eip155:1/erc20:0x0921799CB1d702148131024d18fCdE022129Dc73", "A", 1, "0x0921799CB1d702148131024d18fCdE022129Dc73", 18, NULL); INSERT INTO common_asset_details(identifier, symbol, coingecko, cryptocompare, forked, started, swapped_for) VALUES("eip155:1/erc20:0x0921799CB1d702148131024d18fCdE022129Dc73", "LL", "lightlink", "", NULL, 1708060619, NULL);
*
INSERT INTO assets(identifier, name, type) VALUES("eip155:1/erc20:0x7D8146cf21e8D7cbe46054e01588207b51198729", "BOB", "C"); INSERT INTO evm_tokens(identifier, token_kind, chain, address, decimals, protocol) VALUES("eip155:1/erc20:0x7D8146cf21e8D7cbe46054e01588207b51198729", "A", 1, "0x7D8146cf21e8D7cbe46054e01588207b51198729", 18, NULL); INSERT INTO common_asset_details(identifier, symbol, coingecko, cryptocompare, forked, started, swapped_for) VALUES("eip155:1/erc20:0x7D8146cf21e8D7cbe46054e01588207b51198729", "BOB", "bob-token", "", NULL, 1681938743, NULL);
*
INSERT INTO assets(identifier, name, type) VALUES("eip155:1/erc20:0x29d7139271398D0C2E22523fDA06e023DcB07F8f", "Klub Coin", "C"); INSERT INTO evm_tokens(identifier, token_kind, chain, address, decimals, protocol) VALUES("eip155:1/erc20:0x29d7139271398D0C2E22523fDA06e023DcB07F8f", "A", 1, "0x29d7139271398D0C2E22523fDA06e023DcB07F8f", 18, NULL); INSERT INTO common_asset_details(identifier, symbol, coingecko, cryptocompare, forked, started, swapped_for) VALUES("eip155:1/erc20:0x29d7139271398D0C2E22523fDA06e023DcB07F8f", "KLUB", "klubcoin", "klub", NULL, 1698326339, NULL);
*
INSERT INTO assets(identifier, name, type) VALUES("eip155:1/erc20:0x313CAe7aD4454AAc7B208C1F089dA2b0e5825e46", "RepubliK", "C"); INSERT INTO evm_tokens(identifier, token_kind, chain, address, decimals, protocol) VALUES("eip155:1/erc20:0x313CAe7aD4454AAc7B208C1F089dA2b0e5825e46", "A", 1, "0x313CAe7aD4454AAc7B208C1F089dA2b0e5825e46", 18, NULL); INSERT INTO common_asset_details(identifier, symbol, coingecko, cryptocompare, forked, started, swapped_for) VALUES("eip155:1/erc20:0x313CAe7aD4454AAc7B208C1F089dA2b0e5825e46", "RPK", "republik", "rpk", NULL, 1699523291, NULL);
*
INSERT INTO assets(identifier, name, type) VALUES("eip155:1/erc20:0x0F7B3F5a8FeD821c5eb60049538a548dB2D479ce", "AirTor Protocol", "C"); INSERT INTO evm_tokens(identifier, token_kind, chain, address, decimals, protocol) VALUES("eip155:1/erc20:0x0F7B3F5a8FeD821c5eb60049538a548dB2D479ce", "A", 1, "0x0F7B3F5a8FeD821c5eb60049538a548dB2D479ce", 18, NULL); INSERT INTO common_asset_details(identifier, symbol, coingecko, cryptocompare, forked, started, swapped_for) VALUES("eip155:1/erc20:0x0F7B3F5a8FeD821c5eb60049538a548dB2D479ce", "ATOR", "airtor-protocol", "ator", NULL, 1676659739, NULL);
*
INSERT INTO assets(identifier, name, type) VALUES("eip155:1/erc20:0xc9EB61FFb66d5815d643bBB8195e17C49687aE1E", "Morpheus Infrastructure Node", "C"); INSERT INTO evm_tokens(identifier, token_kind, chain, address, decimals, protocol) VALUES("eip155:1/erc20:0xc9EB61FFb66d5815d643bBB8195e17C49687aE1E", "A", 1, "0xc9EB61FFb66d5815d643bBB8195e17C49687aE1E", 18, NULL); INSERT INTO common_asset_details(identifier, symbol, coingecko, cryptocompare, forked, started, swapped_for) VALUES("eip155:1/erc20:0xc9EB61FFb66d5815d643bBB8195e17C49687aE1E", "MIND", "morpheus-labs", "mind", NULL, 1691751587, NULL);
*
INSERT INTO assets(identifier, name, type) VALUES("eip155:1/erc20:0xD2960D83C53085b5631F4D0be4916806e40Ef1f3", "OOFP", "C"); INSERT INTO evm_tokens(identifier, token_kind, chain, address, decimals, protocol) VALUES("eip155:1/erc20:0xD2960D83C53085b5631F4D0be4916806e40Ef1f3", "A", 1, "0xD2960D83C53085b5631F4D0be4916806e40Ef1f3", 18, NULL); INSERT INTO common_asset_details(identifier, symbol, coingecko, cryptocompare, forked, started, swapped_for) VALUES("eip155:1/erc20:0xD2960D83C53085b5631F4D0be4916806e40Ef1f3", "OOFP", "oofp", "", NULL, 1704186347, NULL);
*
INSERT INTO assets(identifier, name, type) VALUES("eip155:1/erc20:0xe7c3755482d0dA522678Af05945062d4427e0923", "ALEX", "C"); INSERT INTO evm_tokens(identifier, token_kind, chain, address, decimals, protocol) VALUES("eip155:1/erc20:0xe7c3755482d0dA522678Af05945062d4427e0923", "A", 1, "0xe7c3755482d0dA522678Af05945062d4427e0923", 18, NULL); INSERT INTO common_asset_details(identifier, symbol, coingecko, cryptocompare, forked, started, swapped_for) VALUES("eip155:1/erc20:0xe7c3755482d0dA522678Af05945062d4427e0923", "ALEX", "alexgo", "alex", NULL, 1710946703, NULL);
*
INSERT INTO assets(identifier, name, type) VALUES("eip155:1/erc20:0x1Fac00CceE478eCeD6A120a50Ed2Ab28EE7FE32b", "Bitune AI Platform Token", "C"); INSERT INTO evm_tokens(identifier, token_kind, chain, address, decimals, protocol) VALUES("eip155:1/erc20:0x1Fac00CceE478eCeD6A120a50Ed2Ab28EE7FE32b", "A", 1, "0x1Fac00CceE478eCeD6A120a50Ed2Ab28EE7FE32b", 18, NULL); INSERT INTO common_asset_details(identifier, symbol, coingecko, cryptocompare, forked, started, swapped_for) VALUES("eip155:1/erc20:0x1Fac00CceE478eCeD6A120a50Ed2Ab28EE7FE32b", "TUNE", "antimatter", "tune", NULL, 1703056247, NULL);
*
INSERT INTO assets(identifier, name, type) VALUES("eip155:1/erc20:0xeBDb54e76bfEC9aB4E06CCF6E484e4126F81BEFc", "HON Token", "C"); INSERT INTO evm_tokens(identifier, token_kind, chain, address, decimals, protocol) VALUES("eip155:1/erc20:0xeBDb54e76bfEC9aB4E06CCF6E484e4126F81BEFc", "A", 1, "0xeBDb54e76bfEC9aB4E06CCF6E484e4126F81BEFc", 18, NULL); INSERT INTO common_asset_details(identifier, symbol, coingecko, cryptocompare, forked, started, swapped_for) VALUES("eip155:1/erc20:0xeBDb54e76bfEC9aB4E06CCF6E484e4126F81BEFc", "HON", "soul-society", "hon", NULL, 1703571071, NULL);
*
INSERT INTO assets(identifier, name, type) VALUES("eip155:1/erc20:0xDb82c0d91E057E05600C8F8dc836bEb41da6df14", "Smart Layer Network Token", "C"); INSERT INTO evm_tokens(identifier, token_kind, chain, address, decimals, protocol) VALUES("eip155:1/erc20:0xDb82c0d91E057E05600C8F8dc836bEb41da6df14", "A", 1, "0xDb82c0d91E057E05600C8F8dc836bEb41da6df14", 18, NULL); INSERT INTO common_asset_details(identifier, symbol, coingecko, cryptocompare, forked, started, swapped_for) VALUES("eip155:1/erc20:0xDb82c0d91E057E05600C8F8dc836bEb41da6df14", "SLN", "smart-layer-network", "sln", NULL, 1705629887, NULL);
*
INSERT INTO assets(identifier, name, type) VALUES("eip155:1/erc20:0x9E9FbDE7C7a83c43913BddC8779158F1368F0413", "Pandora", "C"); INSERT INTO evm_tokens(identifier, token_kind, chain, address, decimals, protocol) VALUES("eip155:1/erc20:0x9E9FbDE7C7a83c43913BddC8779158F1368F0413", "A", 1, "0x9E9FbDE7C7a83c43913BddC8779158F1368F0413", 18, NULL); INSERT INTO common_asset_details(identifier, symbol, coingecko, cryptocompare, forked, started, swapped_for) VALUES("eip155:1/erc20:0x9E9FbDE7C7a83c43913BddC8779158F1368F0413", "PANDORA", "pandora", "pandora", NULL, 1706866127, NULL);
*
INSERT INTO assets(identifier, name, type) VALUES("eip155:1/erc20:0xD979c468a68062e7bdff4Ba6DF7842DfD3492E0f", "beoble", "C"); INSERT INTO evm_tokens(identifier, token_kind, chain, address, decimals, protocol) VALUES("eip155:1/erc20:0xD979c468a68062e7bdff4Ba6DF7842DfD3492E0f", "A", 1, "0xD979c468a68062e7bdff4Ba6DF7842DfD3492E0f", 18, NULL); INSERT INTO common_asset_details(identifier, symbol, coingecko, cryptocompare, forked, started, swapped_for) VALUES("eip155:1/erc20:0xD979c468a68062e7bdff4Ba6DF7842DfD3492E0f", "BBL", "beoble", "bbl", NULL, 1706848799, NULL);
*
INSERT INTO assets(identifier, name, type) VALUES("eip155:1/erc20:0x15e6E0D4ebeAC120F9a97e71FaA6a0235b85ED12", "SatoshiVM", "C"); INSERT INTO evm_tokens(identifier, token_kind, chain, address, decimals, protocol) VALUES("eip155:1/erc20:0x15e6E0D4ebeAC120F9a97e71FaA6a0235b85ED12", "A", 1, "0x15e6E0D4ebeAC120F9a97e71FaA6a0235b85ED12", 18, NULL); INSERT INTO common_asset_details(identifier, symbol, coingecko, cryptocompare, forked, started, swapped_for) VALUES("eip155:1/erc20:0x15e6E0D4ebeAC120F9a97e71FaA6a0235b85ED12", "SAVM", "satoshivm", "savm", NULL, 1704979847, NULL);
*
INSERT INTO assets(identifier, name, type) VALUES("eip155:1/erc20:0xb2606492712D311be8f41d940AFE8CE742A52D44", "zkLend Token", "C"); INSERT INTO evm_tokens(identifier, token_kind, chain, address, decimals, protocol) VALUES("eip155:1/erc20:0xb2606492712D311be8f41d940AFE8CE742A52D44", "A", 1, "0xb2606492712D311be8f41d940AFE8CE742A52D44", 18, NULL); INSERT INTO common_asset_details(identifier, symbol, coingecko, cryptocompare, forked, started, swapped_for) VALUES("eip155:1/erc20:0xb2606492712D311be8f41d940AFE8CE742A52D44", "ZEND", "zklend-2", "", NULL, 1699950167, NULL);
*
INSERT INTO assets(identifier, name, type) VALUES("eip155:1/erc20:0x87C22DB324b8b0637C8f09d2670aE7777651dBb8", "ISME Token", "C"); INSERT INTO evm_tokens(identifier, token_kind, chain, address, decimals, protocol) VALUES("eip155:1/erc20:0x87C22DB324b8b0637C8f09d2670aE7777651dBb8", "A", 1, "0x87C22DB324b8b0637C8f09d2670aE7777651dBb8", 18, NULL); INSERT INTO common_asset_details(identifier, symbol, coingecko, cryptocompare, forked, started, swapped_for) VALUES("eip155:1/erc20:0x87C22DB324b8b0637C8f09d2670aE7777651dBb8", "ISME", "root-protocol", "", NULL, 1705809707, NULL);
*
INSERT INTO assets(identifier, name, type) VALUES("eip155:1/erc20:0x12652C6d93FDB6F4f37d48A8687783C782BB0d10", "Entangle", "C"); INSERT INTO evm_tokens(identifier, token_kind, chain, address, decimals, protocol) VALUES("eip155:1/erc20:0x12652C6d93FDB6F4f37d48A8687783C782BB0d10", "A", 1, "0x12652C6d93FDB6F4f37d48A8687783C782BB0d10", 18, NULL); INSERT INTO common_asset_details(identifier, symbol, coingecko, cryptocompare, forked, started, swapped_for) VALUES("eip155:1/erc20:0x12652C6d93FDB6F4f37d48A8687783C782BB0d10", "NGL", "entangle", "", NULL, 1709846639, NULL);
*
INSERT INTO assets(identifier, name, type) VALUES("eip155:1/erc20:0xC71B5F631354BE6853eFe9C3Ab6b9590F8302e81", "Polyhedra Network", "C"); INSERT INTO evm_tokens(identifier, token_kind, chain, address, decimals, protocol) VALUES("eip155:1/erc20:0xC71B5F631354BE6853eFe9C3Ab6b9590F8302e81", "A", 1, "0xC71B5F631354BE6853eFe9C3Ab6b9590F8302e81", 18, NULL); INSERT INTO common_asset_details(identifier, symbol, coingecko, cryptocompare, forked, started, swapped_for) VALUES("eip155:1/erc20:0xC71B5F631354BE6853eFe9C3Ab6b9590F8302e81", "ZK", "polyhedra-network", "zk", NULL, 1710064979, NULL);
*
INSERT INTO assets(identifier, name, type) VALUES("eip155:1/erc20:0x8b9b95292f890DF47fFf5aC9Cbe93d5fC242bd51", "Befi Labs", "C"); INSERT INTO evm_tokens(identifier, token_kind, chain, address, decimals, protocol) VALUES("eip155:1/erc20:0x8b9b95292f890DF47fFf5aC9Cbe93d5fC242bd51", "A", 1, "0x8b9b95292f890DF47fFf5aC9Cbe93d5fC242bd51", 18, NULL); INSERT INTO common_asset_details(identifier, symbol, coingecko, cryptocompare, forked, started, swapped_for) VALUES("eip155:1/erc20:0x8b9b95292f890DF47fFf5aC9Cbe93d5fC242bd51", "BEFI", "befi-labs", "befi", NULL, 1710414911, NULL);
*
INSERT INTO assets(identifier, name, type) VALUES("eip155:1/erc20:0x46F84DC6564Cdd93922F7BFb88B03D35308D87C9", "Wrapped VENOM", "C"); INSERT INTO evm_tokens(identifier, token_kind, chain, address, decimals, protocol) VALUES("eip155:1/erc20:0x46F84DC6564Cdd93922F7BFb88B03D35308D87C9", "A", 1, "0x46F84DC6564Cdd93922F7BFb88B03D35308D87C9", 9, NULL); INSERT INTO common_asset_details(identifier, symbol, coingecko, cryptocompare, forked, started, swapped_for) VALUES("eip155:1/erc20:0x46F84DC6564Cdd93922F7BFb88B03D35308D87C9", "WVENOM", "venom", "venom", NULL, 1710194543, NULL);
*
INSERT INTO assets(identifier, name, type) VALUES("eip155:1/erc20:0x908dDb096BFb3AcB19e2280aAD858186ea4935C4", "eesee", "C"); INSERT INTO evm_tokens(identifier, token_kind, chain, address, decimals, protocol) VALUES("eip155:1/erc20:0x908dDb096BFb3AcB19e2280aAD858186ea4935C4", "A", 1, "0x908dDb096BFb3AcB19e2280aAD858186ea4935C4", 18, NULL); INSERT INTO common_asset_details(identifier, symbol, coingecko, cryptocompare, forked, started, swapped_for) VALUES("eip155:1/erc20:0x908dDb096BFb3AcB19e2280aAD858186ea4935C4", "ESE", "eesee", "", NULL, 1712168315, NULL);
*
INSERT INTO assets(identifier, name, type) VALUES("eip155:1/erc20:0xe635EFcfAc44C5f44508f4d17c3a96CB4Ce421dD", "Defispot", "C"); INSERT INTO evm_tokens(identifier, token_kind, chain, address, decimals, protocol) VALUES("eip155:1/erc20:0xe635EFcfAc44C5f44508f4d17c3a96CB4Ce421dD", "A", 1, "0xe635EFcfAc44C5f44508f4d17c3a96CB4Ce421dD", 18, NULL); INSERT INTO common_asset_details(identifier, symbol, coingecko, cryptocompare, forked, started, swapped_for) VALUES("eip155:1/erc20:0xe635EFcfAc44C5f44508f4d17c3a96CB4Ce421dD", "SPOT", "defispot", "", NULL, 1712371343, NULL);
*
INSERT INTO assets(identifier, name, type) VALUES("eip155:1/erc20:0x017073b9bAe99d2AFbB6D7e30D464f993ae9C741", "Hourglass Protocol", "C"); INSERT INTO evm_tokens(identifier, token_kind, chain, address, decimals, protocol) VALUES("eip155:1/erc20:0x017073b9bAe99d2AFbB6D7e30D464f993ae9C741", "A", 1, "0x017073b9bAe99d2AFbB6D7e30D464f993ae9C741", 18, NULL); INSERT INTO common_asset_details(identifier, symbol, coingecko, cryptocompare, forked, started, swapped_for) VALUES("eip155:1/erc20:0x017073b9bAe99d2AFbB6D7e30D464f993ae9C741", "HGP", "", "", NULL, 1708167935, NULL);
*
INSERT INTO assets(identifier, name, type) VALUES("eip155:56/erc20:0xc27A719105A987b4c34116223CAE8bd8F4B5def4", "ACEToken", "C"); INSERT INTO evm_tokens(identifier, token_kind, chain, address, decimals, protocol) VALUES("eip155:56/erc20:0xc27A719105A987b4c34116223CAE8bd8F4B5def4", "A", 56, "0xc27A719105A987b4c34116223CAE8bd8F4B5def4", 18, NULL); INSERT INTO common_asset_details(identifier, symbol, coingecko, cryptocompare, forked, started, swapped_for) VALUES("eip155:56/erc20:0xc27A719105A987b4c34116223CAE8bd8F4B5def4", "ACE", "endurance", "ace", NULL, 1713979699, NULL);
*
INSERT INTO assets(identifier, name, type) VALUES("eip155:56/erc20:0x8899eC96ed8C96b5C86C23c3f069c3dEf75b6d97", "Openfabric", "C"); INSERT INTO evm_tokens(identifier, token_kind, chain, address, decimals, protocol) VALUES("eip155:56/erc20:0x8899eC96ed8C96b5C86C23c3f069c3dEf75b6d97", "A", 56, "0x8899eC96ed8C96b5C86C23c3f069c3dEf75b6d97", 18, NULL); INSERT INTO common_asset_details(identifier, symbol, coingecko, cryptocompare, forked, started, swapped_for) VALUES("eip155:56/erc20:0x8899eC96ed8C96b5C86C23c3f069c3dEf75b6d97", "OFN", "openfabric", "ofn", NULL, 1713979699, NULL);
*
INSERT INTO assets(identifier, name, type) VALUES("eip155:56/erc20:0x21665851D13f3B5622b178B00aB1ba6Ec43cFc06", "Atem Network", "C"); INSERT INTO evm_tokens(identifier, token_kind, chain, address, decimals, protocol) VALUES("eip155:56/erc20:0x21665851D13f3B5622b178B00aB1ba6Ec43cFc06", "A", 56, "0x21665851D13f3B5622b178B00aB1ba6Ec43cFc06", 18, NULL); INSERT INTO common_asset_details(identifier, symbol, coingecko, cryptocompare, forked, started, swapped_for) VALUES("eip155:56/erc20:0x21665851D13f3B5622b178B00aB1ba6Ec43cFc06", "ATEM", "atem-network", "atem", NULL, 1713979096, NULL);
*
INSERT INTO assets(identifier, name, type) VALUES("eip155:56/erc20:0x8888888837F84a7A82668E0320AC454f5945d0b9", "Work X Token", "C"); INSERT INTO evm_tokens(identifier, token_kind, chain, address, decimals, protocol) VALUES("eip155:56/erc20:0x8888888837F84a7A82668E0320AC454f5945d0b9", "A", 56, "0x8888888837F84a7A82668E0320AC454f5945d0b9", 18, NULL); INSERT INTO common_asset_details(identifier, symbol, coingecko, cryptocompare, forked, started, swapped_for) VALUES("eip155:56/erc20:0x8888888837F84a7A82668E0320AC454f5945d0b9", "WORK", "work-x", "work", NULL, 1713979450, NULL);
*
INSERT INTO assets(identifier, name, type) VALUES("eip155:56/erc20:0xA856098dCBc1b2B3a9C96C35c32bC4f71E49AEd2", "FinceptorToken", "C"); INSERT INTO evm_tokens(identifier, token_kind, chain, address, decimals, protocol) VALUES("eip155:56/erc20:0xA856098dCBc1b2B3a9C96C35c32bC4f71E49AEd2", "A", 56, "0xA856098dCBc1b2B3a9C96C35c32bC4f71E49AEd2", 18, NULL); INSERT INTO common_asset_details(identifier, symbol, coingecko, cryptocompare, forked, started, swapped_for) VALUES("eip155:56/erc20:0xA856098dCBc1b2B3a9C96C35c32bC4f71E49AEd2", "FINC", "finceptor-token", "finc", NULL, 1713979144, NULL);
*
INSERT INTO assets(identifier, name, type) VALUES("eip155:56/erc20:0x0669538FcdeF9A73CD37938eBa8c79E652BB93AA", "SCPT - Script Network", "C"); INSERT INTO evm_tokens(identifier, token_kind, chain, address, decimals, protocol) VALUES("eip155:56/erc20:0x0669538FcdeF9A73CD37938eBa8c79E652BB93AA", "A", 56, "0x0669538FcdeF9A73CD37938eBa8c79E652BB93AA", 18, NULL); INSERT INTO common_asset_details(identifier, symbol, coingecko, cryptocompare, forked, started, swapped_for) VALUES("eip155:56/erc20:0x0669538FcdeF9A73CD37938eBa8c79E652BB93AA", "SCPT", "script-network", "scpt", NULL, 1713978697, NULL);
*
INSERT INTO assets(identifier, name, type) VALUES("eip155:56/erc20:0x555296de6A86E72752e5C5DC091FE49713Aa145C", "Grape coin", "C"); INSERT INTO evm_tokens(identifier, token_kind, chain, address, decimals, protocol) VALUES("eip155:56/erc20:0x555296de6A86E72752e5C5DC091FE49713Aa145C", "A", 56, "0x555296de6A86E72752e5C5DC091FE49713Aa145C", 18, NULL); INSERT INTO common_asset_details(identifier, symbol, coingecko, cryptocompare, forked, started, swapped_for) VALUES("eip155:56/erc20:0x555296de6A86E72752e5C5DC091FE49713Aa145C", "GRAPE", "the-grapes-grape-coin", "", NULL, 1713977740, NULL);
*
INSERT INTO assets(identifier, name, type) VALUES("eip155:56/erc20:0x0733618Ab62eEEC815f2d1739b7a50bF9E74d8a2", "Pomerium Ecosystem Token", "C"); INSERT INTO evm_tokens(identifier, token_kind, chain, address, decimals, protocol) VALUES("eip155:56/erc20:0x0733618Ab62eEEC815f2d1739b7a50bF9E74d8a2", "A", 56, "0x0733618Ab62eEEC815f2d1739b7a50bF9E74d8a2", 18, NULL); INSERT INTO common_asset_details(identifier, symbol, coingecko, cryptocompare, forked, started, swapped_for) VALUES("eip155:56/erc20:0x0733618Ab62eEEC815f2d1739b7a50bF9E74d8a2", "PMG", "pomerium-ecosystem", "pmg", NULL, 1713976072, NULL);
*
INSERT INTO assets(identifier, name, type) VALUES("eip155:56/erc20:0xD69ee2e508363FEd57f89917D5ca03e715ee5519", "CHAT", "C"); INSERT INTO evm_tokens(identifier, token_kind, chain, address, decimals, protocol) VALUES("eip155:56/erc20:0xD69ee2e508363FEd57f89917D5ca03e715ee5519", "A", 56, "0xD69ee2e508363FEd57f89917D5ca03e715ee5519", 18, NULL); INSERT INTO common_asset_details(identifier, symbol, coingecko, cryptocompare, forked, started, swapped_for) VALUES("eip155:56/erc20:0xD69ee2e508363FEd57f89917D5ca03e715ee5519", "DECHAT", "dechat", "dechat", NULL, 1713978685, NULL);
*
INSERT INTO assets(identifier, name, type) VALUES("eip155:56/erc20:0x2D060Ef4d6BF7f9e5edDe373Ab735513c0e4F944", "AITECH", "C"); INSERT INTO evm_tokens(identifier, token_kind, chain, address, decimals, protocol) VALUES("eip155:56/erc20:0x2D060Ef4d6BF7f9e5edDe373Ab735513c0e4F944", "A", 56, "0x2D060Ef4d6BF7f9e5edDe373Ab735513c0e4F944", 18, NULL); INSERT INTO common_asset_details(identifier, symbol, coingecko, cryptocompare, forked, started, swapped_for) VALUES("eip155:56/erc20:0x2D060Ef4d6BF7f9e5edDe373Ab735513c0e4F944", "AITECH", "solidus-aitech", "aitech", NULL, 1713979786, NULL);
*
INSERT INTO assets(identifier, name, type) VALUES("eip155:56/erc20:0x998305efDC264b9674178899FFfBb44a47134a76", "Gaimin Token", "C"); INSERT INTO evm_tokens(identifier, token_kind, chain, address, decimals, protocol) VALUES("eip155:56/erc20:0x998305efDC264b9674178899FFfBb44a47134a76", "A", 56, "0x998305efDC264b9674178899FFfBb44a47134a76", 18, NULL); INSERT INTO common_asset_details(identifier, symbol, coingecko, cryptocompare, forked, started, swapped_for) VALUES("eip155:56/erc20:0x998305efDC264b9674178899FFfBb44a47134a76", "GMRX", "gaimin", "gmrx", NULL, 1713979666, NULL);
*
INSERT INTO assets(identifier, name, type) VALUES("eip155:56/erc20:0x716f352A223dfD53b1145424Bbd166B61Db46114", "HIP", "C"); INSERT INTO evm_tokens(identifier, token_kind, chain, address, decimals, protocol) VALUES("eip155:56/erc20:0x716f352A223dfD53b1145424Bbd166B61Db46114", "A", 56, "0x716f352A223dfD53b1145424Bbd166B61Db46114", 18, NULL); INSERT INTO common_asset_details(identifier, symbol, coingecko, cryptocompare, forked, started, swapped_for) VALUES("eip155:56/erc20:0x716f352A223dfD53b1145424Bbd166B61Db46114", "Gameta", "", "", NULL, 1713958944, NULL);
*
INSERT INTO assets(identifier, name, type) VALUES("eip155:56/erc20:0x9D1d4dE9cD93203147fAc3BC0262a78e3a0e96bb", "Playbux", "C"); INSERT INTO evm_tokens(identifier, token_kind, chain, address, decimals, protocol) VALUES("eip155:56/erc20:0x9D1d4dE9cD93203147fAc3BC0262a78e3a0e96bb", "A", 56, "0x9D1d4dE9cD93203147fAc3BC0262a78e3a0e96bb", 18, NULL); INSERT INTO common_asset_details(identifier, symbol, coingecko, cryptocompare, forked, started, swapped_for) VALUES("eip155:56/erc20:0x9D1d4dE9cD93203147fAc3BC0262a78e3a0e96bb", "PBUX", "playbux", "", NULL, 1713979813, NULL);
*
INSERT INTO assets(identifier, name, type) VALUES("eip155:42161/erc20:0xb0eCc6ac0073c063DCFC026cCdC9039Cae2998E1", "Account Abstraction Incentive", "C"); INSERT INTO evm_tokens(identifier, token_kind, chain, address, decimals, protocol) VALUES("eip155:42161/erc20:0xb0eCc6ac0073c063DCFC026cCdC9039Cae2998E1", "A", 42161, "0xb0eCc6ac0073c063DCFC026cCdC9039Cae2998E1", 18, NULL); INSERT INTO common_asset_details(identifier, symbol, coingecko, cryptocompare, forked, started, swapped_for) VALUES("eip155:42161/erc20:0xb0eCc6ac0073c063DCFC026cCdC9039Cae2998E1", "AA", "a3s", "", NULL, 1684560670, NULL);
*
INSERT INTO assets(identifier, name, type) VALUES("eip155:42161/erc20:0x619C82392cb6E41778b7d088860Fea8447941f4c", "Army Of Fortune Gem", "C"); INSERT INTO evm_tokens(identifier, token_kind, chain, address, decimals, protocol) VALUES("eip155:42161/erc20:0x619C82392cb6E41778b7d088860Fea8447941f4c", "A", 42161, "0x619C82392cb6E41778b7d088860Fea8447941f4c", 18, NULL); INSERT INTO common_asset_details(identifier, symbol, coingecko, cryptocompare, forked, started, swapped_for) VALUES("eip155:42161/erc20:0x619C82392cb6E41778b7d088860Fea8447941f4c", "AFG", "army-of-fortune-gem", "afg", NULL, 1705389199, NULL);
*
INSERT INTO assets(identifier, name, type) VALUES("eip155:43114/erc20:0x420FcA0121DC28039145009570975747295f2329", "Coq Inu", "C"); INSERT INTO evm_tokens(identifier, token_kind, chain, address, decimals, protocol) VALUES("eip155:43114/erc20:0x420FcA0121DC28039145009570975747295f2329", "A", 43114, "0x420FcA0121DC28039145009570975747295f2329", 18, NULL); INSERT INTO common_asset_details(identifier, symbol, coingecko, cryptocompare, forked, started, swapped_for) VALUES("eip155:43114/erc20:0x420FcA0121DC28039145009570975747295f2329", "COQ", "coq-inu", "coq", NULL, 1701954847, NULL);
*
INSERT INTO assets(identifier, name, type) VALUES("IRL", "Rebase GG IRL", "Y"); INSERT INTO common_asset_details(identifier, symbol, coingecko, cryptocompare, forked, started, swapped_for) VALUES("IRL", "IRL", "rebase-gg-irl", "", NULL, 1702944000, NULL);
*
INSERT INTO assets(identifier, name, type) VALUES("SILLY", "Silly Dragon", "Y"); INSERT INTO common_asset_details(identifier, symbol, coingecko, cryptocompare, forked, started, swapped_for) VALUES("SILLY", "SILLY", "silly-dragon", "silly", NULL, 1702771200, NULL);
*
INSERT INTO assets(identifier, name, type) VALUES("NEON", "Neon", "Y"); INSERT INTO common_asset_details(identifier, symbol, coingecko, cryptocompare, forked, started, swapped_for) VALUES("NEON", "NEON", "neon", "neon", NULL, 1689638400, NULL);
*
INSERT INTO assets(identifier, name, type) VALUES("AMU", "Amulet Protocol", "Y"); INSERT INTO common_asset_details(identifier, symbol, coingecko, cryptocompare, forked, started, swapped_for) VALUES("AMU", "AMU", "amulet-protocol", "amu", NULL, 1705968000, NULL);
*
INSERT INTO assets(identifier, name, type) VALUES("WEN", "Wen", "Y"); INSERT INTO common_asset_details(identifier, symbol, coingecko, cryptocompare, forked, started, swapped_for) VALUES("WEN", "WEN", "wen-4", "wen", NULL, 1706284820, NULL);
*
INSERT INTO assets(identifier, name, type) VALUES("BRAWL", "BitBrawl", "Y"); INSERT INTO common_asset_details(identifier, symbol, coingecko, cryptocompare, forked, started, swapped_for) VALUES("BRAWL", "BRAWL", "bitbrawl", "", NULL, 1711944416, NULL);
*
INSERT INTO assets(identifier, name, type) VALUES("SMOLE", "smolecoin", "Y"); INSERT INTO common_asset_details(identifier, symbol, coingecko, cryptocompare, forked, started, swapped_for) VALUES("SMOLE", "SMOLE", "smolecoin", "smole", NULL, 1711008378, NULL);
*
INSERT INTO assets(identifier, name, type) VALUES("MEW", "cat in a dogs world", "Y"); INSERT INTO common_asset_details(identifier, symbol, coingecko, cryptocompare, forked, started, swapped_for) VALUES("MEW", "MEW", "cat-in-a-dogs-world", "mew", NULL, 1711443944, NULL);
*
INSERT INTO assets(identifier, name, type) VALUES("PRCL", "Parcl", "Y"); INSERT INTO common_asset_details(identifier, symbol, coingecko, cryptocompare, forked, started, swapped_for) VALUES("PRCL", "PRCL", "parcl", "prcl", NULL, 1713276012, NULL);
*
INSERT INTO assets(identifier, name, type) VALUES("ZBCN", "Zebec Network", "Y"); INSERT INTO common_asset_details(identifier, symbol, coingecko, cryptocompare, forked, started, swapped_for) VALUES("ZBCN", "ZBCN", "zebec-network", "", NULL, 1713172009, NULL);
*
INSERT INTO assets(identifier, name, type) VALUES("NIBI", "Nibiru", "B"); INSERT INTO common_asset_details(identifier, symbol, coingecko, cryptocompare, forked, started, swapped_for) VALUES("NIBI", "NIBI", "nibiru", "nibi", NULL, 1710237610, NULL);
*
INSERT INTO assets(identifier, name, type) VALUES("MPC", "Partisia Blockchain", "B"); INSERT INTO common_asset_details(identifier, symbol, coingecko, cryptocompare, forked, started, swapped_for) VALUES("MPC", "MPC", "partisia-blockchain", "", NULL, 1710842966, NULL);
*
INSERT INTO assets(identifier, name, type) VALUES("MERL", "Merlin Chain", "B"); INSERT INTO common_asset_details(identifier, symbol, coingecko, cryptocompare, forked, started, swapped_for) VALUES("MERL", "MERL", "merlin-chain", "", NULL, 1713524586, NULL);
*
INSERT INTO assets(identifier, name, type) VALUES("LL", "LightLink", "B"); INSERT INTO common_asset_details(identifier, symbol, coingecko, cryptocompare, forked, started, swapped_for) VALUES("LL", "LL", "lightlink", "", NULL, 1713949771, NULL);
*
INSERT INTO assets(identifier, name, type) VALUES("HTX", "HTX DAO", "P"); INSERT INTO common_asset_details(identifier, symbol, coingecko, cryptocompare, forked, started, swapped_for) VALUES("HTX", "HTX", "htx-dao", "htx", NULL, 1698810330, NULL);
*
INSERT INTO assets(identifier, name, type) VALUES("FOXY", "Foxy", "W"); INSERT INTO common_asset_details(identifier, symbol, coingecko, cryptocompare, forked, started, swapped_for) VALUES("FOXY", "FOXY", "foxy", "", NULL, 1712923362, NULL);
*
INSERT INTO assets(identifier, name, type) VALUES("RATS", "Rats", "W"); INSERT INTO common_asset_details(identifier, symbol, coingecko, cryptocompare, forked, started, swapped_for) VALUES("RATS", "RATS", "rats", "rats", NULL, 1678468314, NULL);
*
INSERT INTO assets(identifier, name, type) VALUES("BIIS", "Biis", "W"); INSERT INTO common_asset_details(identifier, symbol, coingecko, cryptocompare, forked, started, swapped_for) VALUES("BIIS", "BIIS", "biis-ordinals", "biis", NULL, 1723315667, NULL);
*
INSERT INTO assets(identifier, name, type) VALUES("ROUP", "Roup", "W"); INSERT INTO common_asset_details(identifier, symbol, coingecko, cryptocompare, forked, started, swapped_for) VALUES("ROUP", "ROUP", "roup", "roup", NULL, 1691765284, NULL);
*
INSERT INTO assets(identifier, name, type) VALUES("ZKF", "ZKFair", "W"); INSERT INTO common_asset_details(identifier, symbol, coingecko, cryptocompare, forked, started, swapped_for) VALUES("ZKF", "ZKF", "zkfair", "zkf", NULL, 1704412800, NULL);
*
INSERT INTO assets(identifier, name, type) VALUES("BIDP", "BID Protocol", "W"); INSERT INTO common_asset_details(identifier, symbol, coingecko, cryptocompare, forked, started, swapped_for) VALUES("BIDP", "BIDP", "bid-protocol", "bidp", NULL, 1740828762, NULL);
*
INSERT INTO assets(identifier, name, type) VALUES("ETGM", "ETGM", "W"); INSERT INTO common_asset_details(identifier, symbol, coingecko, cryptocompare, forked, started, swapped_for) VALUES("ETGM", "ETGM", "etgm-ordinals", "etgm", NULL, 1720791717, NULL);
*
INSERT INTO assets(identifier, name, type) VALUES("STAMP", "STAMP", "W"); INSERT INTO common_asset_details(identifier, symbol, coingecko, cryptocompare, forked, started, swapped_for) VALUES("STAMP", "STAMP", "stamp-2", "", NULL, 1709528594, NULL);
*
INSERT INTO assets(identifier, name, type) VALUES("UTXO", "UTXO", "W"); INSERT INTO common_asset_details(identifier, symbol, coingecko, cryptocompare, forked, started, swapped_for) VALUES("UTXO", "UTXO", "utxo", "", NULL, 1710702030, NULL);
*
INSERT INTO assets(identifier, name, type) VALUES("ISSP", "ISSP", "W"); INSERT INTO common_asset_details(identifier, symbol, coingecko, cryptocompare, forked, started, swapped_for) VALUES("ISSP", "ISSP", "issp", "issp", NULL, 1705536000, NULL);
*
INSERT INTO assets(identifier, name, type) VALUES("TADA", "Ta-da", "W"); INSERT INTO common_asset_details(identifier, symbol, coingecko, cryptocompare, forked, started, swapped_for) VALUES("TADA", "TADA", "ta-da", "", NULL, 1708012908, NULL);
*
INSERT INTO assets(identifier, name, type) VALUES("VOYA", "VOYA", "W"); INSERT INTO common_asset_details(identifier, symbol, coingecko, cryptocompare, forked, started, swapped_for) VALUES("VOYA", "VOYA", "merlin-chain-bridged-voya-merlin", "", NULL, 1708671723, NULL);
*
INSERT INTO assets(identifier, name, type) VALUES("SCA", "Scallop", "W"); INSERT INTO common_asset_details(identifier, symbol, coingecko, cryptocompare, forked, started, swapped_for) VALUES("SCA", "SCA", "scallop-2", "", NULL, 1709895691, NULL);
*
INSERT INTO assets(identifier, name, type) VALUES("eip155:10/erc20:0xf467C7d5a4A9C4687fFc7986aC6aD5A4c81E1404", "Protocol Token", "C"); INSERT INTO evm_tokens(identifier, token_kind, chain, address, decimals, protocol) VALUES("eip155:10/erc20:0xf467C7d5a4A9C4687fFc7986aC6aD5A4c81E1404", "A", 10, "0xf467C7d5a4A9C4687fFc7986aC6aD5A4c81E1404", 18, NULL); INSERT INTO common_asset_details(identifier, symbol, coingecko, cryptocompare, forked, started, swapped_for) VALUES("eip155:10/erc20:0xf467C7d5a4A9C4687fFc7986aC6aD5A4c81E1404", "KITE", "kite", "", NULL, 1714051109, NULL);
*
INSERT INTO assets(identifier, name, type) VALUES("BIF", "bonkwifhat", "Y"); INSERT INTO common_asset_details(identifier, symbol, coingecko, cryptocompare, forked, started, swapped_for) VALUES("BIF", "BIF", "bonkwifhat", "", NULL, 1709636411, NULL);
*
INSERT INTO assets(identifier, name, type) VALUES("BODEN", "Jeo Boden", "Y"); INSERT INTO common_asset_details(identifier, symbol, coingecko, cryptocompare, forked, started, swapped_for) VALUES("BODEN", "BODEN", "jeo-boden", "BODEN", NULL, 1709978528, NULL);
*
INSERT INTO assets(identifier, name, type) VALUES("WZRD", "Bitcoin Wizards", "W"); INSERT INTO common_asset_details(identifier, symbol, coingecko, cryptocompare, forked, started, swapped_for) VALUES("WZRD", "WZRD", "bitcoin-wizards", "", NULL, 1702425600, NULL);
*
INSERT INTO assets(identifier, name, type) VALUES("WYNN", "Anita Max Wynn", "Y"); INSERT INTO common_asset_details(identifier, symbol, coingecko, cryptocompare, forked, started, swapped_for) VALUES("WYNN", "WYNN", "anita-max-wynn", "WYNN", NULL, 1704585600, NULL);
*
INSERT INTO assets(identifier, name, type) VALUES("WHALES", "Whales Market", "Y"); INSERT INTO common_asset_details(identifier, symbol, coingecko, cryptocompare, forked, started, swapped_for) VALUES("WHALES", "WHALES", "whales-market", "WHALES", NULL, 1704672000, NULL);
*
INSERT INTO assets(identifier, name, type) VALUES("ANDY", "Andy on SOL", "Y"); INSERT INTO common_asset_details(identifier, symbol, coingecko, cryptocompare, forked, started, swapped_for) VALUES("ANDY", "ANDY", "andy-on-sol", "", NULL, 1710097296, NULL);
*
INSERT INTO assets(identifier, name, type) VALUES("BOZO", "bozo Hybrid", "Y"); INSERT INTO common_asset_details(identifier, symbol, coingecko, cryptocompare, forked, started, swapped_for) VALUES("BOZO", "BOZO", "bozo-hybrid", "", NULL, 1705363200, NULL);
*
INSERT INTO assets(identifier, name, type) VALUES("CATGPT", "CatGPT", "Y"); INSERT INTO common_asset_details(identifier, symbol, coingecko, cryptocompare, forked, started, swapped_for) VALUES("CATGPT", "CATGPT", "catgpt", "", NULL, 1714096878, NULL);
*
INSERT INTO assets(identifier, name, type) VALUES("SBF", "Sam Bankmeme Fried", "Y"); INSERT INTO common_asset_details(identifier, symbol, coingecko, cryptocompare, forked, started, swapped_for) VALUES("SBF", "SBF", "sam-bankmeme-fried", "", NULL, 1710165768, NULL);
*
INSERT INTO assets(identifier, name, type) VALUES("SPOODY", "Spodermen", "Y"); INSERT INTO common_asset_details(identifier, symbol, coingecko, cryptocompare, forked, started, swapped_for) VALUES("SPOODY", "SPOODY", "spodermen", "", NULL, 1706227200, NULL);
*
INSERT INTO assets(identifier, name, type) VALUES("eip155:1/erc20:0xC5842df170b8C8D09EB851A8D5DB3dfa00669E3F", "Xero AI", "C"); INSERT INTO evm_tokens(identifier, token_kind, chain, address, decimals, protocol) VALUES("eip155:1/erc20:0xC5842df170b8C8D09EB851A8D5DB3dfa00669E3F", "A", 1, "0xC5842df170b8C8D09EB851A8D5DB3dfa00669E3F", 9, NULL); INSERT INTO common_asset_details(identifier, symbol, coingecko, cryptocompare, forked, started, swapped_for) VALUES("eip155:1/erc20:0xC5842df170b8C8D09EB851A8D5DB3dfa00669E3F", "XEROAI", "xero-ai", "", NULL, 1711574855, NULL);
*
INSERT INTO assets(identifier, name, type) VALUES("eip155:1/erc20:0x77E06c9eCCf2E797fd462A92B6D7642EF85b0A44", "Wrapped TAO", "C"); INSERT INTO evm_tokens(identifier, token_kind, chain, address, decimals, protocol) VALUES("eip155:1/erc20:0x77E06c9eCCf2E797fd462A92B6D7642EF85b0A44", "A", 1, "0x77E06c9eCCf2E797fd462A92B6D7642EF85b0A44", 9, NULL); INSERT INTO common_asset_details(identifier, symbol, coingecko, cryptocompare, forked, started, swapped_for) VALUES("eip155:1/erc20:0x77E06c9eCCf2E797fd462A92B6D7642EF85b0A44", "wTAO", "wrapped-tao", "WTAO", NULL, 1675105331, NULL);
*
INSERT INTO assets(identifier, name, type) VALUES("eip155:1/erc20:0xCd5fE23C85820F7B72D0926FC9b05b43E359b7ee", "Wrapped eETH", "C"); INSERT INTO evm_tokens(identifier, token_kind, chain, address, decimals, protocol) VALUES("eip155:1/erc20:0xCd5fE23C85820F7B72D0926FC9b05b43E359b7ee", "A", 1, "0xCd5fE23C85820F7B72D0926FC9b05b43E359b7ee", 18, NULL); INSERT INTO common_asset_details(identifier, symbol, coingecko, cryptocompare, forked, started, swapped_for) VALUES("eip155:1/erc20:0xCd5fE23C85820F7B72D0926FC9b05b43E359b7ee", "weETH", "wrapped-eeth", "WEETH", NULL, 1689005159, NULL);
*
INSERT INTO assets(identifier, name, type) VALUES("eip155:42161/erc20:0x35751007a407ca6FEFfE80b3cB397736D2cf4dbe", "Wrapped eETH", "C"); INSERT INTO evm_tokens(identifier, token_kind, chain, address, decimals, protocol) VALUES("eip155:42161/erc20:0x35751007a407ca6FEFfE80b3cB397736D2cf4dbe", "A", 42161, "0x35751007a407ca6FEFfE80b3cB397736D2cf4dbe", 18, NULL); INSERT INTO common_asset_details(identifier, symbol, coingecko, cryptocompare, forked, started, swapped_for) VALUES("eip155:42161/erc20:0x35751007a407ca6FEFfE80b3cB397736D2cf4dbe", "weETH", "wrapped-eeth", "WEETH", NULL, 1701625072, NULL);
*
INSERT INTO assets(identifier, name, type) VALUES("eip155:1/erc20:0x576e2BeD8F7b46D34016198911Cdf9886f78bea7", "MAGA", "C"); INSERT INTO evm_tokens(identifier, token_kind, chain, address, decimals, protocol) VALUES("eip155:1/erc20:0x576e2BeD8F7b46D34016198911Cdf9886f78bea7", "A", 1, "0x576e2BeD8F7b46D34016198911Cdf9886f78bea7", 9, NULL); INSERT INTO common_asset_details(identifier, symbol, coingecko, cryptocompare, forked, started, swapped_for) VALUES("eip155:1/erc20:0x576e2BeD8F7b46D34016198911Cdf9886f78bea7", "TRUMP", "maga", "MAGA", NULL, 1691790275, NULL);
*
INSERT INTO assets(identifier, name, type) VALUES("eip155:56/erc20:0x4eA98c1999575aaadfb38237Dd015c5E773F75a2", "MAGA", "C"); INSERT INTO evm_tokens(identifier, token_kind, chain, address, decimals, protocol) VALUES("eip155:56/erc20:0x4eA98c1999575aaadfb38237Dd015c5E773F75a2", "A", 56, "0x4eA98c1999575aaadfb38237Dd015c5E773F75a2", 9, NULL); INSERT INTO common_asset_details(identifier, symbol, coingecko, cryptocompare, forked, started, swapped_for) VALUES("eip155:56/erc20:0x4eA98c1999575aaadfb38237Dd015c5E773F75a2", "TRUMP", "maga", "MAGA", NULL, 1714127141, NULL);
*
INSERT INTO assets(identifier, name, type) VALUES("eip155:1/erc20:0xf8ebf4849F1Fa4FaF0DFF2106A173D3A6CB2eB3A", "TROLL", "C"); INSERT INTO evm_tokens(identifier, token_kind, chain, address, decimals, protocol) VALUES("eip155:1/erc20:0xf8ebf4849F1Fa4FaF0DFF2106A173D3A6CB2eB3A", "A", 1, "0xf8ebf4849F1Fa4FaF0DFF2106A173D3A6CB2eB3A", 18, NULL); INSERT INTO common_asset_details(identifier, symbol, coingecko, cryptocompare, forked, started, swapped_for) VALUES("eip155:1/erc20:0xf8ebf4849F1Fa4FaF0DFF2106A173D3A6CB2eB3A", "TROLL", "troll", "WTAO", NULL, 1681877099, NULL);
*
INSERT INTO assets(identifier, name, type) VALUES("eip155:1/erc20:0x68BbEd6A47194EFf1CF514B50Ea91895597fc91E", "Andy", "C"); INSERT INTO evm_tokens(identifier, token_kind, chain, address, decimals, protocol) VALUES("eip155:1/erc20:0x68BbEd6A47194EFf1CF514B50Ea91895597fc91E", "A", 1, "0x68BbEd6A47194EFf1CF514B50Ea91895597fc91E", 18, NULL); INSERT INTO common_asset_details(identifier, symbol, coingecko, cryptocompare, forked, started, swapped_for) VALUES("eip155:1/erc20:0x68BbEd6A47194EFf1CF514B50Ea91895597fc91E", "ANDY", "andy-the-wisguy", "ANDY", NULL, 1709948819, NULL);
*
INSERT INTO assets(identifier, name, type) VALUES("eip155:8453/erc20:0x3159fB5589aCD6bf9f82eB0eFe8382ED55aED8fD", "Apu Apustaja", "C"); INSERT INTO evm_tokens(identifier, token_kind, chain, address, decimals, protocol) VALUES("eip155:8453/erc20:0x3159fB5589aCD6bf9f82eB0eFe8382ED55aED8fD", "A", 8453, "0x3159fB5589aCD6bf9f82eB0eFe8382ED55aED8fD", 18, NULL); INSERT INTO common_asset_details(identifier, symbol, coingecko, cryptocompare, forked, started, swapped_for) VALUES("eip155:8453/erc20:0x3159fB5589aCD6bf9f82eB0eFe8382ED55aED8fD", "APU", "apu-apustaja-base", "APU", NULL, NULL, NULL);
*
INSERT INTO assets(identifier, name, type) VALUES("eip155:8453/erc20:0xBC45647eA894030a4E9801Ec03479739FA2485F0", "Basenji", "C"); INSERT INTO evm_tokens(identifier, token_kind, chain, address, decimals, protocol) VALUES("eip155:8453/erc20:0xBC45647eA894030a4E9801Ec03479739FA2485F0", "A", 8453, "0xBC45647eA894030a4E9801Ec03479739FA2485F0", 18, NULL); INSERT INTO common_asset_details(identifier, symbol, coingecko, cryptocompare, forked, started, swapped_for) VALUES("eip155:8453/erc20:0xBC45647eA894030a4E9801Ec03479739FA2485F0", "BENJI", "basenji", "", NULL, NULL, NULL);
*
INSERT INTO assets(identifier, name, type) VALUES("eip155:8453/erc20:0x532f27101965dd16442E59d40670FaF5eBB142E4", "Brett", "C"); INSERT INTO evm_tokens(identifier, token_kind, chain, address, decimals, protocol) VALUES("eip155:8453/erc20:0x532f27101965dd16442E59d40670FaF5eBB142E4", "A", 8453, "0x532f27101965dd16442E59d40670FaF5eBB142E4", 18, NULL); INSERT INTO common_asset_details(identifier, symbol, coingecko, cryptocompare, forked, started, swapped_for) VALUES("eip155:8453/erc20:0x532f27101965dd16442E59d40670FaF5eBB142E4", "BRETT", "based-brett", "BRETT", NULL, NULL, NULL);
*
INSERT INTO assets(identifier, name, type) VALUES("eip155:8453/erc20:0xfEA9DcDc9E23a9068bF557AD5b186675C61d33eA", "Based Shiba Inu", "C"); INSERT INTO evm_tokens(identifier, token_kind, chain, address, decimals, protocol) VALUES("eip155:8453/erc20:0xfEA9DcDc9E23a9068bF557AD5b186675C61d33eA", "A", 8453, "0xfEA9DcDc9E23a9068bF557AD5b186675C61d33eA", 18, NULL); INSERT INTO common_asset_details(identifier, symbol, coingecko, cryptocompare, forked, started, swapped_for) VALUES("eip155:8453/erc20:0xfEA9DcDc9E23a9068bF557AD5b186675C61d33eA", "BSHIB", "based-shiba-inu", "BSHIB", NULL, NULL, NULL);
*
INSERT INTO assets(identifier, name, type) VALUES("eip155:1/erc20:0x33C04Bed4533e31f2Afb8AC4a61A48Eda38C4fA0", "Gorilla", "C"); INSERT INTO evm_tokens(identifier, token_kind, chain, address, decimals, protocol) VALUES("eip155:1/erc20:0x33C04Bed4533e31f2Afb8AC4a61A48Eda38C4fA0", "A", 1, "0x33C04Bed4533e31f2Afb8AC4a61A48Eda38C4fA0", 9, NULL); INSERT INTO common_asset_details(identifier, symbol, coingecko, cryptocompare, forked, started, swapped_for) VALUES("eip155:1/erc20:0x33C04Bed4533e31f2Afb8AC4a61A48Eda38C4fA0", "GORILLA", "gorilla", "GORILLA", NULL, 1699572743, NULL);
*
INSERT INTO assets(identifier, name, type) VALUES("eip155:1/erc20:0x8390a1DA07E376ef7aDd4Be859BA74Fb83aA02D5", "GROK", "C"); INSERT INTO evm_tokens(identifier, token_kind, chain, address, decimals, protocol) VALUES("eip155:1/erc20:0x8390a1DA07E376ef7aDd4Be859BA74Fb83aA02D5", "A", 1, "0x8390a1DA07E376ef7aDd4Be859BA74Fb83aA02D5", 9, NULL); INSERT INTO common_asset_details(identifier, symbol, coingecko, cryptocompare, forked, started, swapped_for) VALUES("eip155:1/erc20:0x8390a1DA07E376ef7aDd4Be859BA74Fb83aA02D5", "GROK", "grok-2", "GROK", NULL, 1699071551, NULL);
*
INSERT INTO assets(identifier, name, type) VALUES("eip155:1/erc20:0xebB82c932759B515B2efc1CfBB6BF2F6dbaCe404", "shares.finance", "C"); INSERT INTO evm_tokens(identifier, token_kind, chain, address, decimals, protocol) VALUES("eip155:1/erc20:0xebB82c932759B515B2efc1CfBB6BF2F6dbaCe404", "A", 1, "0xebB82c932759B515B2efc1CfBB6BF2F6dbaCe404", 18, NULL); INSERT INTO common_asset_details(identifier, symbol, coingecko, cryptocompare, forked, started, swapped_for) VALUES("eip155:1/erc20:0xebB82c932759B515B2efc1CfBB6BF2F6dbaCe404", "SHARES", "", "", NULL, 1692323639, NULL);
*
INSERT INTO assets(identifier, name, type) VALUES("eip155:1/erc20:0xb8a87405d9a4F2F866319B77004e88dfF66c0d92", "Sora", "C"); INSERT INTO evm_tokens(identifier, token_kind, chain, address, decimals, protocol) VALUES("eip155:1/erc20:0xb8a87405d9a4F2F866319B77004e88dfF66c0d92", "A", 1, "0xb8a87405d9a4F2F866319B77004e88dfF66c0d92", 18, NULL); INSERT INTO common_asset_details(identifier, symbol, coingecko, cryptocompare, forked, started, swapped_for) VALUES("eip155:1/erc20:0xb8a87405d9a4F2F866319B77004e88dfF66c0d92", "SORA", "sora-ai", "", NULL, 1708020995, NULL);
*
INSERT INTO assets(identifier, name, type) VALUES("eip155:1/erc20:0x6D7497751656618Fc38CfB5478994a20F7E235df", "Spyro", "C"); INSERT INTO evm_tokens(identifier, token_kind, chain, address, decimals, protocol) VALUES("eip155:1/erc20:0x6D7497751656618Fc38CfB5478994a20F7E235df", "A", 1, "0x6D7497751656618Fc38CfB5478994a20F7E235df", 18, NULL); INSERT INTO common_asset_details(identifier, symbol, coingecko, cryptocompare, forked, started, swapped_for) VALUES("eip155:1/erc20:0x6D7497751656618Fc38CfB5478994a20F7E235df", "SPYRO", "spyro", "SPYRO", NULL, 1707224567, NULL);
*
INSERT INTO assets(identifier, name, type) VALUES("eip155:1/erc20:0x95CcffaE3Eb8767D4a941Ec43280961dde89F4dE", "TaoBank", "C"); INSERT INTO evm_tokens(identifier, token_kind, chain, address, decimals, protocol) VALUES("eip155:1/erc20:0x95CcffaE3Eb8767D4a941Ec43280961dde89F4dE", "A", 1, "0x95CcffaE3Eb8767D4a941Ec43280961dde89F4dE", 18, NULL); INSERT INTO common_asset_details(identifier, symbol, coingecko, cryptocompare, forked, started, swapped_for) VALUES("eip155:1/erc20:0x95CcffaE3Eb8767D4a941Ec43280961dde89F4dE", "TBANK", "taobank", "TBANK", NULL, 1708011263, NULL);
*
INSERT INTO assets(identifier, name, type) VALUES("EGG", "Eggdog", "Y"); INSERT INTO common_asset_details(identifier, symbol, coingecko, cryptocompare, forked, started, swapped_for) VALUES("EGG", "EGG", "eggdog", "", NULL, 1703203200, NULL);
*
INSERT INTO assets(identifier, name, type) VALUES("FENTANYL", "Fentanyl Dragon", "Y"); INSERT INTO common_asset_details(identifier, symbol, coingecko, cryptocompare, forked, started, swapped_for) VALUES("FENTANYL", "FENTANYL", "fentanyl-dragon", "", NULL, 1706227200, NULL);
*
INSERT INTO assets(identifier, name, type) VALUES("FINK", "fink", "Y"); INSERT INTO common_asset_details(identifier, symbol, coingecko, cryptocompare, forked, started, swapped_for) VALUES("FINK", "FINK", "fink-different", "FINK", NULL, 1713956700, NULL);
*
INSERT INTO assets(identifier, name, type) VALUES("GME", "GME", "Y"); INSERT INTO common_asset_details(identifier, symbol, coingecko, cryptocompare, forked, started, swapped_for) VALUES("GME", "GME", "gme", "GME", NULL, 1706691627, NULL);
*
INSERT INTO assets(identifier, name, type) VALUES("HOBBES", "Ansem's Cat", "Y"); INSERT INTO common_asset_details(identifier, symbol, coingecko, cryptocompare, forked, started, swapped_for) VALUES("HOBBES", "HOBBES", "ansem-s-cat", "", NULL, 1712128361, NULL);
*
INSERT INTO assets(identifier, name, type) VALUES("KNOB", "KNOB$", "Y"); INSERT INTO common_asset_details(identifier, symbol, coingecko, cryptocompare, forked, started, swapped_for) VALUES("KNOB", "KNOB", "knob", "KNOB", NULL, 1702512000, NULL);
*
INSERT INTO assets(identifier, name, type) VALUES("eip155:1/erc20:0x3419875B4D3Bca7F3FddA2dB7a476A79fD31B4fE", "DizzyHavoc", "C"); INSERT INTO evm_tokens(identifier, token_kind, chain, address, decimals, protocol) VALUES("eip155:1/erc20:0x3419875B4D3Bca7F3FddA2dB7a476A79fD31B4fE", "A", 1, "0x3419875B4D3Bca7F3FddA2dB7a476A79fD31B4fE", 18, NULL); INSERT INTO common_asset_details(identifier, symbol, coingecko, cryptocompare, forked, started, swapped_for) VALUES("eip155:1/erc20:0x3419875B4D3Bca7F3FddA2dB7a476A79fD31B4fE", "DZHV", "dizzyhavoc", "", NULL, 1706500151, NULL);
*
INSERT INTO assets(identifier, name, type) VALUES("eip155:8453/erc20:0x3419875B4D3Bca7F3FddA2dB7a476A79fD31B4fE", "DizzyHavoc", "C"); INSERT INTO evm_tokens(identifier, token_kind, chain, address, decimals, protocol) VALUES("eip155:8453/erc20:0x3419875B4D3Bca7F3FddA2dB7a476A79fD31B4fE", "A", 8453, "0x3419875B4D3Bca7F3FddA2dB7a476A79fD31B4fE", 18, NULL); INSERT INTO common_asset_details(identifier, symbol, coingecko, cryptocompare, forked, started, swapped_for) VALUES("eip155:8453/erc20:0x3419875B4D3Bca7F3FddA2dB7a476A79fD31B4fE", "DZHV", "dizzyhavoc", "", NULL, NULL, NULL);
*
INSERT INTO assets(identifier, name, type) VALUES("eip155:42161/erc20:0x3419875B4D3Bca7F3FddA2dB7a476A79fD31B4fE", "DizzyHavoc", "C"); INSERT INTO evm_tokens(identifier, token_kind, chain, address, decimals, protocol) VALUES("eip155:42161/erc20:0x3419875B4D3Bca7F3FddA2dB7a476A79fD31B4fE", "A", 42161, "0x3419875B4D3Bca7F3FddA2dB7a476A79fD31B4fE", 18, NULL); INSERT INTO common_asset_details(identifier, symbol, coingecko, cryptocompare, forked, started, swapped_for) VALUES("eip155:42161/erc20:0x3419875B4D3Bca7F3FddA2dB7a476A79fD31B4fE", "DZHV", "dizzyhavoc", "", NULL, 1706495330, NULL);
*
INSERT INTO assets(identifier, name, type) VALUES("eip155:56/erc20:0x3419875B4D3Bca7F3FddA2dB7a476A79fD31B4fE", "DizzyHavoc", "C"); INSERT INTO evm_tokens(identifier, token_kind, chain, address, decimals, protocol) VALUES("eip155:56/erc20:0x3419875B4D3Bca7F3FddA2dB7a476A79fD31B4fE", "A", 56, "0x3419875B4D3Bca7F3FddA2dB7a476A79fD31B4fE", 18, NULL); INSERT INTO common_asset_details(identifier, symbol, coingecko, cryptocompare, forked, started, swapped_for) VALUES("eip155:56/erc20:0x3419875B4D3Bca7F3FddA2dB7a476A79fD31B4fE", "DZHV", "dizzyhavoc", "", NULL, 1714127879, NULL);
*
INSERT INTO assets(identifier, name, type) VALUES("eip155:43114/erc20:0x3419875B4D3Bca7F3FddA2dB7a476A79fD31B4fE", "Dizzy Havoc", "C"); INSERT INTO evm_tokens(identifier, token_kind, chain, address, decimals, protocol) VALUES("eip155:43114/erc20:0x3419875B4D3Bca7F3FddA2dB7a476A79fD31B4fE", "A", 43114, "0x3419875B4D3Bca7F3FddA2dB7a476A79fD31B4fE", 18, NULL); INSERT INTO common_asset_details(identifier, symbol, coingecko, cryptocompare, forked, started, swapped_for) VALUES("eip155:43114/erc20:0x3419875B4D3Bca7F3FddA2dB7a476A79fD31B4fE", "DZHV", "dizzyhavoc", "", NULL, 1706468680, NULL);
*
INSERT INTO assets(identifier, name, type) VALUES("eip155:1/erc20:0xBcBDA13Bd60bC0e91745186E274D1445078D6b33", "Ferret AI", "C"); INSERT INTO evm_tokens(identifier, token_kind, chain, address, decimals, protocol) VALUES("eip155:1/erc20:0xBcBDA13Bd60bC0e91745186E274D1445078D6b33", "A", 1, "0xBcBDA13Bd60bC0e91745186E274D1445078D6b33", 18, NULL); INSERT INTO common_asset_details(identifier, symbol, coingecko, cryptocompare, forked, started, swapped_for) VALUES("eip155:1/erc20:0xBcBDA13Bd60bC0e91745186E274D1445078D6b33", "FERRET", "ferret-ai", "", NULL, 1705437911, NULL);
*
INSERT INTO assets(identifier, name, type) VALUES("eip155:56/erc20:0xA3aBE68db1B8467B44715eb94542B20DC134f005", "Fluffy Coin", "C"); INSERT INTO evm_tokens(identifier, token_kind, chain, address, decimals, protocol) VALUES("eip155:56/erc20:0xA3aBE68db1B8467B44715eb94542B20DC134f005", "A", 56, "0xA3aBE68db1B8467B44715eb94542B20DC134f005", 18, NULL); INSERT INTO common_asset_details(identifier, symbol, coingecko, cryptocompare, forked, started, swapped_for) VALUES("eip155:56/erc20:0xA3aBE68db1B8467B44715eb94542B20DC134f005", "FLUF", "fluffy-coin", "", NULL, 1713937031, NULL);
*
INSERT INTO assets(identifier, name, type) VALUES("eip155:8453/erc20:0x6432096f054288Ee45b7f6ad8863a1F4A8e1201C", "FOMO_BASE", "C"); INSERT INTO evm_tokens(identifier, token_kind, chain, address, decimals, protocol) VALUES("eip155:8453/erc20:0x6432096f054288Ee45b7f6ad8863a1F4A8e1201C", "A", 8453, "0x6432096f054288Ee45b7f6ad8863a1F4A8e1201C", 18, NULL); INSERT INTO common_asset_details(identifier, symbol, coingecko, cryptocompare, forked, started, swapped_for) VALUES("eip155:8453/erc20:0x6432096f054288Ee45b7f6ad8863a1F4A8e1201C", "FOMO", "fomo-base", "", NULL, NULL, NULL);
*
INSERT INTO assets(identifier, name, type) VALUES("eip155:1/erc20:0xaeDf386B755465871fF874E3E37Af5976E247064", "Fasttoken", "C"); INSERT INTO evm_tokens(identifier, token_kind, chain, address, decimals, protocol) VALUES("eip155:1/erc20:0xaeDf386B755465871fF874E3E37Af5976E247064", "A", 1, "0xaeDf386B755465871fF874E3E37Af5976E247064", 18, NULL); INSERT INTO common_asset_details(identifier, symbol, coingecko, cryptocompare, forked, started, swapped_for) VALUES("eip155:1/erc20:0xaeDf386B755465871fF874E3E37Af5976E247064", "FTN", "fasttoken", "FTN", NULL, 1667221079, NULL);
*
INSERT INTO assets(identifier, name, type) VALUES("eip155:1/erc20:0x3001f57F8308b189EB412a64322Aad5eF9951290", "GEC", "C"); INSERT INTO evm_tokens(identifier, token_kind, chain, address, decimals, protocol) VALUES("eip155:1/erc20:0x3001f57F8308b189EB412a64322Aad5eF9951290", "A", 1, "0x3001f57F8308b189EB412a64322Aad5eF9951290", 18, NULL); INSERT INTO common_asset_details(identifier, symbol, coingecko, cryptocompare, forked, started, swapped_for) VALUES("eip155:1/erc20:0x3001f57F8308b189EB412a64322Aad5eF9951290", "GEC", "geometric-energy-corporation", "", NULL, 1701299867, NULL);
*
INSERT INTO assets(identifier, name, type) VALUES("eip155:1/erc20:0x292fcDD1B104DE5A00250fEBbA9bC6A5092A0076", "HashAI", "C"); INSERT INTO evm_tokens(identifier, token_kind, chain, address, decimals, protocol) VALUES("eip155:1/erc20:0x292fcDD1B104DE5A00250fEBbA9bC6A5092A0076", "A", 1, "0x292fcDD1B104DE5A00250fEBbA9bC6A5092A0076", 18, NULL); INSERT INTO common_asset_details(identifier, symbol, coingecko, cryptocompare, forked, started, swapped_for) VALUES("eip155:1/erc20:0x292fcDD1B104DE5A00250fEBbA9bC6A5092A0076", "HashAI", "hashai", "", NULL, 1712078243, NULL);
*
INSERT INTO assets(identifier, name, type) VALUES("eip155:1/erc20:0x79F05c263055BA20EE0e814ACD117C20CAA10e0c", "Ice", "C"); INSERT INTO evm_tokens(identifier, token_kind, chain, address, decimals, protocol) VALUES("eip155:1/erc20:0x79F05c263055BA20EE0e814ACD117C20CAA10e0c", "A", 1, "0x79F05c263055BA20EE0e814ACD117C20CAA10e0c", 18, NULL); INSERT INTO common_asset_details(identifier, symbol, coingecko, cryptocompare, forked, started, swapped_for) VALUES("eip155:1/erc20:0x79F05c263055BA20EE0e814ACD117C20CAA10e0c", "ICE", "ice", "", NULL, 1705590911, NULL);
*
INSERT INTO assets(identifier, name, type) VALUES("eip155:56/erc20:0xc335Df7C25b72eEC661d5Aa32a7c2B7b2a1D1874", "Ice", "C"); INSERT INTO evm_tokens(identifier, token_kind, chain, address, decimals, protocol) VALUES("eip155:56/erc20:0xc335Df7C25b72eEC661d5Aa32a7c2B7b2a1D1874", "A", 56, "0xc335Df7C25b72eEC661d5Aa32a7c2B7b2a1D1874", 18, NULL); INSERT INTO common_asset_details(identifier, symbol, coingecko, cryptocompare, forked, started, swapped_for) VALUES("eip155:56/erc20:0xc335Df7C25b72eEC661d5Aa32a7c2B7b2a1D1874", "ICE", "ice", "", NULL, 1714142615, NULL);
*
INSERT INTO assets(identifier, name, type) VALUES("eip155:43114/erc20:0xAcFb898Cff266E53278cC0124fC2C7C94C8cB9a5", "AVAX HAS NO CHILL", "C"); INSERT INTO evm_tokens(identifier, token_kind, chain, address, decimals, protocol) VALUES("eip155:43114/erc20:0xAcFb898Cff266E53278cC0124fC2C7C94C8cB9a5", "A", 43114, "0xAcFb898Cff266E53278cC0124fC2C7C94C8cB9a5", 18, NULL); INSERT INTO common_asset_details(identifier, symbol, coingecko, cryptocompare, forked, started, swapped_for) VALUES("eip155:43114/erc20:0xAcFb898Cff266E53278cC0124fC2C7C94C8cB9a5", "NOCHILL", "avax-has-no-chill", "NOCHILL", NULL, 1702878818, NULL);
*
INSERT INTO assets(identifier, name, type) VALUES("eip155:1/erc20:0xF64265e65c4529879a7ABf467E00D39E39C0B0DA", "Independence Token", "C"); INSERT INTO evm_tokens(identifier, token_kind, chain, address, decimals, protocol) VALUES("eip155:1/erc20:0xF64265e65c4529879a7ABf467E00D39E39C0B0DA", "A", 1, "0xF64265e65c4529879a7ABf467E00D39E39C0B0DA", 18, NULL); INSERT INTO common_asset_details(identifier, symbol, coingecko, cryptocompare, forked, started, swapped_for) VALUES("eip155:1/erc20:0xF64265e65c4529879a7ABf467E00D39E39C0B0DA", "RFKJ", "independence-token", "RFKJ", NULL, 1709414459, NULL);
*
INSERT INTO assets(identifier, name, type) VALUES("eip155:8453/erc20:0x54a65B16D18527160FAFC6FCfEBAeD47c2976dfA", "Independence Token", "C"); INSERT INTO evm_tokens(identifier, token_kind, chain, address, decimals, protocol) VALUES("eip155:8453/erc20:0x54a65B16D18527160FAFC6FCfEBAeD47c2976dfA", "A", 8453, "0x54a65B16D18527160FAFC6FCfEBAeD47c2976dfA", 18, NULL); INSERT INTO common_asset_details(identifier, symbol, coingecko, cryptocompare, forked, started, swapped_for) VALUES("eip155:8453/erc20:0x54a65B16D18527160FAFC6FCfEBAeD47c2976dfA", "RFKJ", "independence-token", "RFKJ", NULL, NULL, NULL);
*
INSERT INTO assets(identifier, name, type) VALUES("USEDCAR", "A Gently Used 2001 Honda", "Y"); INSERT INTO common_asset_details(identifier, symbol, coingecko, cryptocompare, forked, started, swapped_for) VALUES("USEDCAR", "USEDCAR", "a-gently-used-2001-honda", "USEDCAR", NULL, 1703548800, NULL);
*
INSERT INTO assets(identifier, name, type) VALUES("eip155:56/erc20:0x8D1427a32F0A4C4BF052252e68E7FF1B2Ba80c01", "RimauNangis", "C"); INSERT INTO evm_tokens(identifier, token_kind, chain, address, decimals, protocol) VALUES("eip155:56/erc20:0x8D1427a32F0A4C4BF052252e68E7FF1B2Ba80c01", "A", 56, "0x8D1427a32F0A4C4BF052252e68E7FF1B2Ba80c01", 18, NULL); INSERT INTO common_asset_details(identifier, symbol, coingecko, cryptocompare, forked, started, swapped_for) VALUES("eip155:56/erc20:0x8D1427a32F0A4C4BF052252e68E7FF1B2Ba80c01", "RXT", "rimaunangis", "RXT", NULL, 1713971707, NULL);
*
INSERT INTO assets(identifier, name, type) VALUES("eip155:8453/erc20:0x768BE13e1680b5ebE0024C42c896E3dB59ec0149", "SKI MASK DOG", "C"); INSERT INTO evm_tokens(identifier, token_kind, chain, address, decimals, protocol) VALUES("eip155:8453/erc20:0x768BE13e1680b5ebE0024C42c896E3dB59ec0149", "A", 8453, "0x768BE13e1680b5ebE0024C42c896E3dB59ec0149", 9, NULL); INSERT INTO common_asset_details(identifier, symbol, coingecko, cryptocompare, forked, started, swapped_for) VALUES("eip155:8453/erc20:0x768BE13e1680b5ebE0024C42c896E3dB59ec0149", "SKI", "ski-mask-dog", "", NULL, NULL, NULL);
*
INSERT INTO assets(identifier, name, type) VALUES("eip155:1/erc20:0xfF836A5821E69066c87E268bC51b849FaB94240C", "Real Smurf Cat", "C"); INSERT INTO evm_tokens(identifier, token_kind, chain, address, decimals, protocol) VALUES("eip155:1/erc20:0xfF836A5821E69066c87E268bC51b849FaB94240C", "A", 1, "0xfF836A5821E69066c87E268bC51b849FaB94240C", 18, NULL); INSERT INTO common_asset_details(identifier, symbol, coingecko, cryptocompare, forked, started, swapped_for) VALUES("eip155:1/erc20:0xfF836A5821E69066c87E268bC51b849FaB94240C", "", "real-smurf-cat", "SMURFCATETH", NULL, 1694635967, NULL);
*