UPDATE assets SET identifier="eip155:56/erc20:0x201bC9F242f74C47Bbd898a5DC99cDCD81A21943" WHERE identifier="eip155:1/erc20:0x201bC9F242f74C47Bbd898a5DC99cDCD81A21943";
INSERT INTO assets(identifier, name, type) VALUES("eip155:56/erc20:0x201bC9F242f74C47Bbd898a5DC99cDCD81A21943", "IGU Token", "C"); INSERT INTO evm_tokens(identifier, token_kind, chain, address, decimals, protocol) VALUES("eip155:56/erc20:0x201bC9F242f74C47Bbd898a5DC99cDCD81A21943", "A", 56, "0x201bC9F242f74C47Bbd898a5DC99cDCD81A21943", 18, NULL); INSERT INTO common_asset_details(identifier, symbol, coingecko, cryptocompare, forked, started, swapped_for) VALUES("eip155:56/erc20:0x201bC9F242f74C47Bbd898a5DC99cDCD81A21943", "IGU", "iguverse-igu", "IGU", NULL, 1667125109, NULL);
UPDATE evm_tokens SET chain=100 WHERE identifier="eip155:100/erc20:0x4d18815D14fe5c3304e87B3FA18318baa5c23820";
INSERT INTO assets(identifier, name, type) VALUES("eip155:100/erc20:0x4d18815D14fe5c3304e87B3FA18318baa5c23820", "Safe", "C"); INSERT INTO evm_tokens(identifier, token_kind, chain, address, decimals, protocol) VALUES("eip155:100/erc20:0x4d18815D14fe5c3304e87B3FA18318baa5c23820", "A", 100, "0x4d18815D14fe5c3304e87B3FA18318baa5c23820", 18, ""); INSERT INTO common_asset_details(identifier, symbol, coingecko, cryptocompare, forked, started, swapped_for) VALUES("eip155:100/erc20:0x4d18815D14fe5c3304e87B3FA18318baa5c23820", "SAFE", "safe", "safe", NULL, 1697181885, NULL);
UPDATE common_asset_details SET swapped_for="eip155:42161/erc20:0x9623063377AD1B27544C965cCd7342f7EA7e88C7" WHERE identifier="eip155:42161/erc20:0x23A941036Ae778Ac51Ab04CEa08Ed6e2FE103614";
INSERT INTO assets(identifier, name, type) VALUES("eip155:42161/erc20:0x23A941036Ae778Ac51Ab04CEa08Ed6e2FE103614", "Graph Token", "C"); INSERT INTO evm_tokens(identifier, token_kind, chain, address, decimals, protocol) VALUES("eip155:42161/erc20:0x23A941036Ae778Ac51Ab04CEa08Ed6e2FE103614", "A", 42161, "0x23A941036Ae778Ac51Ab04CEa08Ed6e2FE103614", 18, ""); INSERT INTO common_asset_details(identifier, symbol, coingecko, cryptocompare, forked, started, swapped_for) VALUES("eip155:42161/erc20:0x23A941036Ae778Ac51Ab04CEa08Ed6e2FE103614", "GRT", "the-graph", "grt", NULL, 1623867469, NULL);
INSERT INTO assets(identifier, name, type) VALUES("eip155:1/erc20:0x7b35Ce522CB72e4077BaeB96Cb923A5529764a00", "Impermax", "C"); INSERT INTO evm_tokens(identifier, token_kind, chain, address, decimals, protocol) VALUES("eip155:1/erc20:0x7b35Ce522CB72e4077BaeB96Cb923A5529764a00", "A", 1, "0x7b35Ce522CB72e4077BaeB96Cb923A5529764a00", 18, ""); INSERT INTO common_asset_details(identifier, symbol, coingecko, cryptocompare, forked, started, swapped_for) VALUES("eip155:1/erc20:0x7b35Ce522CB72e4077BaeB96Cb923A5529764a00", "IMX", "impermax", "", NULL, 1619538925, NULL); 
*
INSERT INTO assets(identifier, name, type) VALUES("eip155:10/erc20:0x4200000000000000000000000000000000000006", "Wrapped Ether", "C"); INSERT INTO evm_tokens(identifier, token_kind, chain, address, decimals, protocol) VALUES("eip155:10/erc20:0x4200000000000000000000000000000000000006", "A", 10, "0x4200000000000000000000000000000000000006", 18, ""); INSERT INTO common_asset_details(identifier, symbol, coingecko, cryptocompare, forked, started, swapped_for) VALUES("eip155:10/erc20:0x4200000000000000000000000000000000000006", "WETH", "weth", "weth", NULL, 1716205297, NULL); 
*
INSERT INTO assets(identifier, name, type) VALUES("eip155:137/erc20:0x60bB3D364B765C497C8cE50AE0Ae3f0882c5bD05", "Impermax", "C"); INSERT INTO evm_tokens(identifier, token_kind, chain, address, decimals, protocol) VALUES("eip155:137/erc20:0x60bB3D364B765C497C8cE50AE0Ae3f0882c5bD05", "A", 137, "0x60bB3D364B765C497C8cE50AE0Ae3f0882c5bD05", 18, ""); INSERT INTO common_asset_details(identifier, symbol, coingecko, cryptocompare, forked, started, swapped_for) VALUES("eip155:137/erc20:0x60bB3D364B765C497C8cE50AE0Ae3f0882c5bD05", "IMX", "impermax", "", NULL, 1716111958, NULL); 
*
INSERT INTO assets(identifier, name, type) VALUES("eip155:137/erc20:0x7ceB23fD6bC0adD59E62ac25578270cFf1b9f619", "Wrapped Ether", "C"); INSERT INTO evm_tokens(identifier, token_kind, chain, address, decimals, protocol) VALUES("eip155:137/erc20:0x7ceB23fD6bC0adD59E62ac25578270cFf1b9f619", "A", 137, "0x7ceB23fD6bC0adD59E62ac25578270cFf1b9f619", 18, ""); INSERT INTO common_asset_details(identifier, symbol, coingecko, cryptocompare, forked, started, swapped_for) VALUES("eip155:137/erc20:0x7ceB23fD6bC0adD59E62ac25578270cFf1b9f619", "WETH", "weth", "weth", NULL, 1716205299, NULL); 
*
INSERT INTO assets(identifier, name, type) VALUES("eip155:42161/erc20:0x82aF49447D8a07e3bd95BD0d56f35241523fBab1", "Wrapped Ether", "C"); INSERT INTO evm_tokens(identifier, token_kind, chain, address, decimals, protocol) VALUES("eip155:42161/erc20:0x82aF49447D8a07e3bd95BD0d56f35241523fBab1", "A", 42161, "0x82aF49447D8a07e3bd95BD0d56f35241523fBab1", 18, ""); INSERT INTO common_asset_details(identifier, symbol, coingecko, cryptocompare, forked, started, swapped_for) VALUES("eip155:42161/erc20:0x82aF49447D8a07e3bd95BD0d56f35241523fBab1", "WETH", "weth", "weth", NULL, 1622346702, NULL); 
*
INSERT INTO assets(identifier, name, type) VALUES("eip155:42161/erc20:0x9c67eE39e3C4954396b9142010653F17257dd39C", "Impermax", "C"); INSERT INTO evm_tokens(identifier, token_kind, chain, address, decimals, protocol) VALUES("eip155:42161/erc20:0x9c67eE39e3C4954396b9142010653F17257dd39C", "A", 42161, "0x9c67eE39e3C4954396b9142010653F17257dd39C", 18, ""); INSERT INTO common_asset_details(identifier, symbol, coingecko, cryptocompare, forked, started, swapped_for) VALUES("eip155:42161/erc20:0x9c67eE39e3C4954396b9142010653F17257dd39C", "IMX", "impermax", "", NULL, 1631624179, NULL); 
*
UPDATE common_asset_details SET started="1600753669", coingecko="pancakeswap" WHERE identifier="eip155:56/erc20:0x0E09FaBB73Bd3Ade0a17ECC321fD13a19e81cE82";
INSERT INTO assets(identifier, name, type) VALUES("eip155:56/erc20:0x0E09FaBB73Bd3Ade0a17ECC321fD13a19e81cE82", "PancakeSwap Token", "C"); INSERT INTO evm_tokens(identifier, token_kind, chain, address, decimals, protocol) VALUES("eip155:56/erc20:0x0E09FaBB73Bd3Ade0a17ECC321fD13a19e81cE82", "A", 56, "0x0E09FaBB73Bd3Ade0a17ECC321fD13a19e81cE82", 18, ""); INSERT INTO common_asset_details(identifier, symbol, coingecko, cryptocompare, forked, started, swapped_for) VALUES("eip155:56/erc20:0x0E09FaBB73Bd3Ade0a17ECC321fD13a19e81cE82", "Cake", "pancakeswap", "", NULL, 1716205367, NULL); 
INSERT INTO assets(identifier, name, type) VALUES("eip155:1/erc20:0x231B7589426Ffe1b75405526fC32aC09D44364c4", "Uniswap WBTC/DAI LP", "C"); INSERT INTO evm_tokens(identifier, token_kind, chain, address, decimals, protocol) VALUES("eip155:1/erc20:0x231B7589426Ffe1b75405526fC32aC09D44364c4", "A", 1, "0x231B7589426Ffe1b75405526fC32aC09D44364c4", 18, ""); INSERT INTO common_asset_details(identifier, symbol, coingecko, cryptocompare, forked, started, swapped_for) VALUES("eip155:1/erc20:0x231B7589426Ffe1b75405526fC32aC09D44364c4", "UNI-V2", "", "", NULL, 1589836736, NULL); 
*
INSERT INTO assets(identifier, name, type) VALUES("eip155:1/erc20:0xB20bd5D04BE54f870D5C0d3cA85d82b34B836405", "Uniswap DAI/USDT LP", "C"); INSERT INTO evm_tokens(identifier, token_kind, chain, address, decimals, protocol) VALUES("eip155:1/erc20:0xB20bd5D04BE54f870D5C0d3cA85d82b34B836405", "A", 1, "0xB20bd5D04BE54f870D5C0d3cA85d82b34B836405", 18, ""); INSERT INTO common_asset_details(identifier, symbol, coingecko, cryptocompare, forked, started, swapped_for) VALUES("eip155:1/erc20:0xB20bd5D04BE54f870D5C0d3cA85d82b34B836405", "UNI-V2", "", "", NULL, 1590353138, NULL); 
*
INSERT INTO assets(identifier, name, type) VALUES("eip155:1/erc20:0x10b2aA5D77Aa6484886d8e244f0686aB319a270d", "RWA-001", "C"); INSERT INTO evm_tokens(identifier, token_kind, chain, address, decimals, protocol) VALUES("eip155:1/erc20:0x10b2aA5D77Aa6484886d8e244f0686aB319a270d", "A", 1, "0x10b2aA5D77Aa6484886d8e244f0686aB319a270d", 18, ""); INSERT INTO common_asset_details(identifier, symbol, coingecko, cryptocompare, forked, started, swapped_for) VALUES("eip155:1/erc20:0x10b2aA5D77Aa6484886d8e244f0686aB319a270d", "RWA001", "", "", NULL, 1614789497, NULL); 
*
INSERT INTO assets(identifier, name, type) VALUES("eip155:1/erc20:0xAAA760c2027817169D7C8DB0DC61A2fb4c19AC23", "RWA-002", "C"); INSERT INTO evm_tokens(identifier, token_kind, chain, address, decimals, protocol) VALUES("eip155:1/erc20:0xAAA760c2027817169D7C8DB0DC61A2fb4c19AC23", "A", 1, "0xAAA760c2027817169D7C8DB0DC61A2fb4c19AC23", 18, ""); INSERT INTO common_asset_details(identifier, symbol, coingecko, cryptocompare, forked, started, swapped_for) VALUES("eip155:1/erc20:0xAAA760c2027817169D7C8DB0DC61A2fb4c19AC23", "RWA002", "", "", NULL, 1617815857, NULL); 
*
INSERT INTO assets(identifier, name, type) VALUES("eip155:1/erc20:0x07F0A80aD7AeB7BfB7f139EA71B3C8f7E17156B9", "RWA-003", "C"); INSERT INTO evm_tokens(identifier, token_kind, chain, address, decimals, protocol) VALUES("eip155:1/erc20:0x07F0A80aD7AeB7BfB7f139EA71B3C8f7E17156B9", "A", 1, "0x07F0A80aD7AeB7BfB7f139EA71B3C8f7E17156B9", 18, ""); INSERT INTO common_asset_details(identifier, symbol, coingecko, cryptocompare, forked, started, swapped_for) VALUES("eip155:1/erc20:0x07F0A80aD7AeB7BfB7f139EA71B3C8f7E17156B9", "RWA003", "", "", NULL, 1626367099, NULL); 
*
INSERT INTO assets(identifier, name, type) VALUES("eip155:1/erc20:0x873F2101047A62F84456E3B2B13df2287925D3F9", "RWA-004", "C"); INSERT INTO evm_tokens(identifier, token_kind, chain, address, decimals, protocol) VALUES("eip155:1/erc20:0x873F2101047A62F84456E3B2B13df2287925D3F9", "A", 1, "0x873F2101047A62F84456E3B2B13df2287925D3F9", 18, ""); INSERT INTO common_asset_details(identifier, symbol, coingecko, cryptocompare, forked, started, swapped_for) VALUES("eip155:1/erc20:0x873F2101047A62F84456E3B2B13df2287925D3F9", "RWA004", "", "", NULL, 1626367569, NULL); 
*
INSERT INTO assets(identifier, name, type) VALUES("eip155:1/erc20:0x6DB236515E90fC831D146f5829407746EDdc5296", "RWA-005", "C"); INSERT INTO evm_tokens(identifier, token_kind, chain, address, decimals, protocol) VALUES("eip155:1/erc20:0x6DB236515E90fC831D146f5829407746EDdc5296", "A", 1, "0x6DB236515E90fC831D146f5829407746EDdc5296", 18, ""); INSERT INTO common_asset_details(identifier, symbol, coingecko, cryptocompare, forked, started, swapped_for) VALUES("eip155:1/erc20:0x6DB236515E90fC831D146f5829407746EDdc5296", "RWA005", "", "", NULL, 1626368415, NULL); 
*
INSERT INTO assets(identifier, name, type) VALUES("eip155:1/erc20:0x4EE03cfBF6E784c462839f5954d60f7C2B60b113", "RWA-006", "C"); INSERT INTO evm_tokens(identifier, token_kind, chain, address, decimals, protocol) VALUES("eip155:1/erc20:0x4EE03cfBF6E784c462839f5954d60f7C2B60b113", "A", 1, "0x4EE03cfBF6E784c462839f5954d60f7C2B60b113", 18, ""); INSERT INTO common_asset_details(identifier, symbol, coingecko, cryptocompare, forked, started, swapped_for) VALUES("eip155:1/erc20:0x4EE03cfBF6E784c462839f5954d60f7C2B60b113", "RWA006", "", "", NULL, 1626371044, NULL); 
*
INSERT INTO assets(identifier, name, type) VALUES("eip155:1/erc20:0xAbDDAfB225e10B90D798bB8A886238Fb835e2053", "Gelato Uniswap DAI/USDC LP", "C"); INSERT INTO evm_tokens(identifier, token_kind, chain, address, decimals, protocol) VALUES("eip155:1/erc20:0xAbDDAfB225e10B90D798bB8A886238Fb835e2053", "A", 1, "0xAbDDAfB225e10B90D798bB8A886238Fb835e2053", 18, ""); INSERT INTO common_asset_details(identifier, symbol, coingecko, cryptocompare, forked, started, swapped_for) VALUES("eip155:1/erc20:0xAbDDAfB225e10B90D798bB8A886238Fb835e2053", "G-UNI", "", "", NULL, 1625060255, NULL); 
*
INSERT INTO assets(identifier, name, type) VALUES("eip155:1/erc20:0x178E029173417b1F9C8bC16DCeC6f697bC323746", "FIAT-USDC-DAI Stable Pool", "C"); INSERT INTO evm_tokens(identifier, token_kind, chain, address, decimals, protocol) VALUES("eip155:1/erc20:0x178E029173417b1F9C8bC16DCeC6f697bC323746", "A", 1, "0x178E029173417b1F9C8bC16DCeC6f697bC323746", 18, ""); INSERT INTO common_asset_details(identifier, symbol, coingecko, cryptocompare, forked, started, swapped_for) VALUES("eip155:1/erc20:0x178E029173417b1F9C8bC16DCeC6f697bC323746", "FUD", "", "", NULL, 1655452646, NULL); 
*
INSERT INTO assets(identifier, name, type) VALUES("eip155:1/erc20:0xD6C7FD4392D328e4a8f8bC50F4128B64f4dB2d4C", "RWA-013", "C"); INSERT INTO evm_tokens(identifier, token_kind, chain, address, decimals, protocol) VALUES("eip155:1/erc20:0xD6C7FD4392D328e4a8f8bC50F4128B64f4dB2d4C", "A", 1, "0xD6C7FD4392D328e4a8f8bC50F4128B64f4dB2d4C", 18, ""); INSERT INTO common_asset_details(identifier, symbol, coingecko, cryptocompare, forked, started, swapped_for) VALUES("eip155:1/erc20:0xD6C7FD4392D328e4a8f8bC50F4128B64f4dB2d4C", "RWA013", "", "", NULL, 1670275931, NULL); 
*
INSERT INTO assets(identifier, name, type) VALUES("eip155:1/erc20:0x50379f632ca68D36E50cfBC8F78fe16bd1499d1e", "Gelato Uniswap DAI/USDC LP", "C"); INSERT INTO evm_tokens(identifier, token_kind, chain, address, decimals, protocol) VALUES("eip155:1/erc20:0x50379f632ca68D36E50cfBC8F78fe16bd1499d1e", "A", 1, "0x50379f632ca68D36E50cfBC8F78fe16bd1499d1e", 18, ""); INSERT INTO common_asset_details(identifier, symbol, coingecko, cryptocompare, forked, started, swapped_for) VALUES("eip155:1/erc20:0x50379f632ca68D36E50cfBC8F78fe16bd1499d1e", "G-UNI", "", "", NULL, 1637262561, NULL); 
*
INSERT INTO assets(identifier, name, type) VALUES("eip155:1/erc20:0xb9737098b50d7c536b6416dAeB32879444F59fCA", "RWA-008", "C"); INSERT INTO evm_tokens(identifier, token_kind, chain, address, decimals, protocol) VALUES("eip155:1/erc20:0xb9737098b50d7c536b6416dAeB32879444F59fCA", "A", 1, "0xb9737098b50d7c536b6416dAeB32879444F59fCA", 18, ""); INSERT INTO common_asset_details(identifier, symbol, coingecko, cryptocompare, forked, started, swapped_for) VALUES("eip155:1/erc20:0xb9737098b50d7c536b6416dAeB32879444F59fCA", "RWA008", "", "", NULL, 1658846693, NULL); 
*
INSERT INTO assets(identifier, name, type) VALUES("eip155:1/erc20:0x8b9734bbaA628bFC0c9f323ba08Ed184e5b88Da2", "RWA-009", "C"); INSERT INTO evm_tokens(identifier, token_kind, chain, address, decimals, protocol) VALUES("eip155:1/erc20:0x8b9734bbaA628bFC0c9f323ba08Ed184e5b88Da2", "A", 1, "0x8b9734bbaA628bFC0c9f323ba08Ed184e5b88Da2", 18, ""); INSERT INTO common_asset_details(identifier, symbol, coingecko, cryptocompare, forked, started, swapped_for) VALUES("eip155:1/erc20:0x8b9734bbaA628bFC0c9f323ba08Ed184e5b88Da2", "RWA009", "", "", NULL, 1658847783, NULL); 
*
INSERT INTO assets(identifier, name, type) VALUES("eip155:1/erc20:0x078fb926b041a816FaccEd3614Cf1E4bc3C723bD", "RWA-007", "C"); INSERT INTO evm_tokens(identifier, token_kind, chain, address, decimals, protocol) VALUES("eip155:1/erc20:0x078fb926b041a816FaccEd3614Cf1E4bc3C723bD", "A", 1, "0x078fb926b041a816FaccEd3614Cf1E4bc3C723bD", 18, ""); INSERT INTO common_asset_details(identifier, symbol, coingecko, cryptocompare, forked, started, swapped_for) VALUES("eip155:1/erc20:0x078fb926b041a816FaccEd3614Cf1E4bc3C723bD", "RWA007", "", "", NULL, 1663944911, NULL); 
*
INSERT INTO assets(identifier, name, type) VALUES("eip155:1/erc20:0x20C72C1fdd589C4Aaa8d9fF56a43F3B17BA129f8", "RWA-010", "C"); INSERT INTO evm_tokens(identifier, token_kind, chain, address, decimals, protocol) VALUES("eip155:1/erc20:0x20C72C1fdd589C4Aaa8d9fF56a43F3B17BA129f8", "A", 1, "0x20C72C1fdd589C4Aaa8d9fF56a43F3B17BA129f8", 18, ""); INSERT INTO common_asset_details(identifier, symbol, coingecko, cryptocompare, forked, started, swapped_for) VALUES("eip155:1/erc20:0x20C72C1fdd589C4Aaa8d9fF56a43F3B17BA129f8", "RWA010", "", "", NULL, 1670275715, NULL); 
*
INSERT INTO assets(identifier, name, type) VALUES("eip155:1/erc20:0x0b126F85285d1786F52FC911AfFaaf0d9253e37a", "RWA-011", "C"); INSERT INTO evm_tokens(identifier, token_kind, chain, address, decimals, protocol) VALUES("eip155:1/erc20:0x0b126F85285d1786F52FC911AfFaaf0d9253e37a", "A", 1, "0x0b126F85285d1786F52FC911AfFaaf0d9253e37a", 18, ""); INSERT INTO common_asset_details(identifier, symbol, coingecko, cryptocompare, forked, started, swapped_for) VALUES("eip155:1/erc20:0x0b126F85285d1786F52FC911AfFaaf0d9253e37a", "RWA011", "", "", NULL, 1670275799, NULL); 
*
INSERT INTO assets(identifier, name, type) VALUES("eip155:1/erc20:0x3c7f1379B5ac286eB3636668dEAe71EaA5f7518c", "RWA-012", "C"); INSERT INTO evm_tokens(identifier, token_kind, chain, address, decimals, protocol) VALUES("eip155:1/erc20:0x3c7f1379B5ac286eB3636668dEAe71EaA5f7518c", "A", 1, "0x3c7f1379B5ac286eB3636668dEAe71EaA5f7518c", 18, ""); INSERT INTO common_asset_details(identifier, symbol, coingecko, cryptocompare, forked, started, swapped_for) VALUES("eip155:1/erc20:0x3c7f1379B5ac286eB3636668dEAe71EaA5f7518c", "RWA012", "", "", NULL, 1670275859, NULL); 
*
INSERT INTO assets(identifier, name, type) VALUES("eip155:10/erc20:0x46f21fDa29F1339e0aB543763FF683D399e393eC", "Perpetually Bonded Velo", "C"); INSERT INTO evm_tokens(identifier, token_kind, chain, address, decimals, protocol) VALUES("eip155:10/erc20:0x46f21fDa29F1339e0aB543763FF683D399e393eC", "A", 10, "0x46f21fDa29F1339e0aB543763FF683D399e393eC", 18, ""); INSERT INTO common_asset_details(identifier, symbol, coingecko, cryptocompare, forked, started, swapped_for) VALUES("eip155:10/erc20:0x46f21fDa29F1339e0aB543763FF683D399e393eC", "opxveVELO", "", "", NULL, 1715783893, NULL); 
*
INSERT INTO assets(identifier, name, type) VALUES("eip155:10/erc20:0x9560e827aF36c94D2Ac33a39bCE1Fe78631088Db", "VelodromeV2", "C"); INSERT INTO evm_tokens(identifier, token_kind, chain, address, decimals, protocol) VALUES("eip155:10/erc20:0x9560e827aF36c94D2Ac33a39bCE1Fe78631088Db", "A", 10, "0x9560e827aF36c94D2Ac33a39bCE1Fe78631088Db", 18, ""); INSERT INTO common_asset_details(identifier, symbol, coingecko, cryptocompare, forked, started, swapped_for) VALUES("eip155:10/erc20:0x9560e827aF36c94D2Ac33a39bCE1Fe78631088Db", "VELO", "velodrome-finance", "velo", NULL, 1716205473, NULL); 
*
INSERT INTO assets(identifier, name, type) VALUES("eip155:10/erc20:0x3417E54A51924C225330f8770514aD5560B9098D", "REDKoin", "C"); INSERT INTO evm_tokens(identifier, token_kind, chain, address, decimals, protocol) VALUES("eip155:10/erc20:0x3417E54A51924C225330f8770514aD5560B9098D", "A", 10, "0x3417E54A51924C225330f8770514aD5560B9098D", 18, ""); INSERT INTO common_asset_details(identifier, symbol, coingecko, cryptocompare, forked, started, swapped_for) VALUES("eip155:10/erc20:0x3417E54A51924C225330f8770514aD5560B9098D", "RED", "", "", NULL, 1716202971, NULL); 
*
INSERT INTO assets(identifier, name, type) VALUES("eip155:10/erc20:0x7aE97042a4A0eB4D1eB370C34BfEC71042a056B7", "Unlock Token", "C"); INSERT INTO evm_tokens(identifier, token_kind, chain, address, decimals, protocol) VALUES("eip155:10/erc20:0x7aE97042a4A0eB4D1eB370C34BfEC71042a056B7", "A", 10, "0x7aE97042a4A0eB4D1eB370C34BfEC71042a056B7", 18, ""); INSERT INTO common_asset_details(identifier, symbol, coingecko, cryptocompare, forked, started, swapped_for) VALUES("eip155:10/erc20:0x7aE97042a4A0eB4D1eB370C34BfEC71042a056B7", "UNLOCK", "", "", NULL, 1659597976, NULL); 
*
INSERT INTO assets(identifier, name, type) VALUES("eip155:10/erc20:0x3E29D3A9316dAB217754d13b28646B76607c5f04", "Alchemix ETH", "C"); INSERT INTO evm_tokens(identifier, token_kind, chain, address, decimals, protocol) VALUES("eip155:10/erc20:0x3E29D3A9316dAB217754d13b28646B76607c5f04", "A", 10, "0x3E29D3A9316dAB217754d13b28646B76607c5f04", 18, ""); INSERT INTO common_asset_details(identifier, symbol, coingecko, cryptocompare, forked, started, swapped_for) VALUES("eip155:10/erc20:0x3E29D3A9316dAB217754d13b28646B76607c5f04", "alETH", "alchemix-eth", "", NULL, 1716201009, NULL); 
*
INSERT INTO assets(identifier, name, type) VALUES("eip155:10/erc20:0x340fE1D898ECCAad394e2ba0fC1F93d27c7b717A", "Wrapped USDR", "C"); INSERT INTO evm_tokens(identifier, token_kind, chain, address, decimals, protocol) VALUES("eip155:10/erc20:0x340fE1D898ECCAad394e2ba0fC1F93d27c7b717A", "A", 10, "0x340fE1D898ECCAad394e2ba0fC1F93d27c7b717A", 9, ""); INSERT INTO common_asset_details(identifier, symbol, coingecko, cryptocompare, forked, started, swapped_for) VALUES("eip155:10/erc20:0x340fE1D898ECCAad394e2ba0fC1F93d27c7b717A", "wUSDR", "", "", NULL, 1675918625, NULL); 
*
INSERT INTO assets(identifier, name, type) VALUES("eip155:10/erc20:0xc5b001DC33727F8F26880B184090D3E252470D45", "Ethos Reserve Note", "C"); INSERT INTO evm_tokens(identifier, token_kind, chain, address, decimals, protocol) VALUES("eip155:10/erc20:0xc5b001DC33727F8F26880B184090D3E252470D45", "A", 10, "0xc5b001DC33727F8F26880B184090D3E252470D45", 18, ""); INSERT INTO common_asset_details(identifier, symbol, coingecko, cryptocompare, forked, started, swapped_for) VALUES("eip155:10/erc20:0xc5b001DC33727F8F26880B184090D3E252470D45", "ERN", "", "", NULL, 1716156443, NULL); 
*
INSERT INTO assets(identifier, name, type) VALUES("eip155:10/erc20:0x10010078a54396F62c96dF8532dc2B4847d47ED3", "Hundred Finance", "C"); INSERT INTO evm_tokens(identifier, token_kind, chain, address, decimals, protocol) VALUES("eip155:10/erc20:0x10010078a54396F62c96dF8532dc2B4847d47ED3", "A", 10, "0x10010078a54396F62c96dF8532dc2B4847d47ED3", 18, ""); INSERT INTO common_asset_details(identifier, symbol, coingecko, cryptocompare, forked, started, swapped_for) VALUES("eip155:10/erc20:0x10010078a54396F62c96dF8532dc2B4847d47ED3", "HND", "", "", NULL, 1716175119, NULL); 
*
INSERT INTO assets(identifier, name, type) VALUES("eip155:10/erc20:0x9485aca5bbBE1667AD97c7fE7C4531a624C8b1ED", "agEUR", "C"); INSERT INTO evm_tokens(identifier, token_kind, chain, address, decimals, protocol) VALUES("eip155:10/erc20:0x9485aca5bbBE1667AD97c7fE7C4531a624C8b1ED", "A", 10, "0x9485aca5bbBE1667AD97c7fE7C4531a624C8b1ED", 18, ""); INSERT INTO common_asset_details(identifier, symbol, coingecko, cryptocompare, forked, started, swapped_for) VALUES("eip155:10/erc20:0x9485aca5bbBE1667AD97c7fE7C4531a624C8b1ED", "agEUR", "", "", NULL, 1716204591, NULL); 
*
INSERT INTO assets(identifier, name, type) VALUES("eip155:10/erc20:0xCa0E54b636DB823847B29F506BFFEE743F57729D", "Chi USD", "C"); INSERT INTO evm_tokens(identifier, token_kind, chain, address, decimals, protocol) VALUES("eip155:10/erc20:0xCa0E54b636DB823847B29F506BFFEE743F57729D", "A", 10, "0xCa0E54b636DB823847B29F506BFFEE743F57729D", 18, ""); INSERT INTO common_asset_details(identifier, symbol, coingecko, cryptocompare, forked, started, swapped_for) VALUES("eip155:10/erc20:0xCa0E54b636DB823847B29F506BFFEE743F57729D", "CHI", "", "", NULL, 1716197365, NULL); 
*
INSERT INTO assets(identifier, name, type) VALUES("eip155:10/erc20:0x73cb180bf0521828d8849bc8CF2B920918e23032", "USD+", "C"); INSERT INTO evm_tokens(identifier, token_kind, chain, address, decimals, protocol) VALUES("eip155:10/erc20:0x73cb180bf0521828d8849bc8CF2B920918e23032", "A", 10, "0x73cb180bf0521828d8849bc8CF2B920918e23032", 6, ""); INSERT INTO common_asset_details(identifier, symbol, coingecko, cryptocompare, forked, started, swapped_for) VALUES("eip155:10/erc20:0x73cb180bf0521828d8849bc8CF2B920918e23032", "USD+", "", "", NULL, 1716199519, NULL); 
*
INSERT INTO assets(identifier, name, type) VALUES("eip155:10/erc20:0xB153FB3d196A8eB25522705560ac152eeEc57901", "Magic Internet Money", "C"); INSERT INTO evm_tokens(identifier, token_kind, chain, address, decimals, protocol) VALUES("eip155:10/erc20:0xB153FB3d196A8eB25522705560ac152eeEc57901", "A", 10, "0xB153FB3d196A8eB25522705560ac152eeEc57901", 18, ""); INSERT INTO common_asset_details(identifier, symbol, coingecko, cryptocompare, forked, started, swapped_for) VALUES("eip155:10/erc20:0xB153FB3d196A8eB25522705560ac152eeEc57901", "MIM", "", "", NULL, 1657013324, NULL); 
*
INSERT INTO assets(identifier, name, type) VALUES("eip155:10/erc20:0x39FdE572a18448F8139b7788099F0a0740f51205", "Oath Token", "C"); INSERT INTO evm_tokens(identifier, token_kind, chain, address, decimals, protocol) VALUES("eip155:10/erc20:0x39FdE572a18448F8139b7788099F0a0740f51205", "A", 10, "0x39FdE572a18448F8139b7788099F0a0740f51205", 18, ""); INSERT INTO common_asset_details(identifier, symbol, coingecko, cryptocompare, forked, started, swapped_for) VALUES("eip155:10/erc20:0x39FdE572a18448F8139b7788099F0a0740f51205", "OATH", "", "", NULL, 1662614520, NULL); 
*
INSERT INTO assets(identifier, name, type) VALUES("eip155:10/erc20:0x970D50d09F3a656b43E11B0D45241a84e3a6e011", "DAI+", "C"); INSERT INTO evm_tokens(identifier, token_kind, chain, address, decimals, protocol) VALUES("eip155:10/erc20:0x970D50d09F3a656b43E11B0D45241a84e3a6e011", "A", 10, "0x970D50d09F3a656b43E11B0D45241a84e3a6e011", 18, ""); INSERT INTO common_asset_details(identifier, symbol, coingecko, cryptocompare, forked, started, swapped_for) VALUES("eip155:10/erc20:0x970D50d09F3a656b43E11B0D45241a84e3a6e011", "DAI+", "", "", NULL, 1716016713, NULL); 
*
INSERT INTO assets(identifier, name, type) VALUES("eip155:10/erc20:0x5d47bAbA0d66083C52009271faF3F50DCc01023C", "UniDex", "C"); INSERT INTO evm_tokens(identifier, token_kind, chain, address, decimals, protocol) VALUES("eip155:10/erc20:0x5d47bAbA0d66083C52009271faF3F50DCc01023C", "A", 10, "0x5d47bAbA0d66083C52009271faF3F50DCc01023C", 18, ""); INSERT INTO common_asset_details(identifier, symbol, coingecko, cryptocompare, forked, started, swapped_for) VALUES("eip155:10/erc20:0x5d47bAbA0d66083C52009271faF3F50DCc01023C", "UNIDX", "", "", NULL, 1666252537, NULL); 
*
INSERT INTO assets(identifier, name, type) VALUES("eip155:10/erc20:0x1DB2466d9F5e10D7090E7152B68d62703a2245F0", "Sonne", "C"); INSERT INTO evm_tokens(identifier, token_kind, chain, address, decimals, protocol) VALUES("eip155:10/erc20:0x1DB2466d9F5e10D7090E7152B68d62703a2245F0", "A", 10, "0x1DB2466d9F5e10D7090E7152B68d62703a2245F0", 18, ""); INSERT INTO common_asset_details(identifier, symbol, coingecko, cryptocompare, forked, started, swapped_for) VALUES("eip155:10/erc20:0x1DB2466d9F5e10D7090E7152B68d62703a2245F0", "SONNE", "", "", NULL, 1716205507, NULL); 
*
INSERT INTO assets(identifier, name, type) VALUES("eip155:10/erc20:0x1610e3c85dd44Af31eD7f33a63642012Dca0C5A5", "Metronome Synth ETH", "C"); INSERT INTO evm_tokens(identifier, token_kind, chain, address, decimals, protocol) VALUES("eip155:10/erc20:0x1610e3c85dd44Af31eD7f33a63642012Dca0C5A5", "A", 10, "0x1610e3c85dd44Af31eD7f33a63642012Dca0C5A5", 18, ""); INSERT INTO common_asset_details(identifier, symbol, coingecko, cryptocompare, forked, started, swapped_for) VALUES("eip155:10/erc20:0x1610e3c85dd44Af31eD7f33a63642012Dca0C5A5", "msETH", "", "", NULL, 1716203047, NULL); 
*
INSERT INTO assets(identifier, name, type) VALUES("eip155:10/erc20:0x9e5AAC1Ba1a2e6aEd6b32689DFcF62A509Ca96f3", "dForce", "C"); INSERT INTO evm_tokens(identifier, token_kind, chain, address, decimals, protocol) VALUES("eip155:10/erc20:0x9e5AAC1Ba1a2e6aEd6b32689DFcF62A509Ca96f3", "A", 10, "0x9e5AAC1Ba1a2e6aEd6b32689DFcF62A509Ca96f3", 18, ""); INSERT INTO common_asset_details(identifier, symbol, coingecko, cryptocompare, forked, started, swapped_for) VALUES("eip155:10/erc20:0x9e5AAC1Ba1a2e6aEd6b32689DFcF62A509Ca96f3", "DF", "", "", NULL, 1716026293, NULL); 
*
INSERT INTO assets(identifier, name, type) VALUES("eip155:10/erc20:0xbfD291DA8A403DAAF7e5E9DC1ec0aCEaCd4848B9", "dForce USD", "C"); INSERT INTO evm_tokens(identifier, token_kind, chain, address, decimals, protocol) VALUES("eip155:10/erc20:0xbfD291DA8A403DAAF7e5E9DC1ec0aCEaCd4848B9", "A", 10, "0xbfD291DA8A403DAAF7e5E9DC1ec0aCEaCd4848B9", 18, ""); INSERT INTO common_asset_details(identifier, symbol, coingecko, cryptocompare, forked, started, swapped_for) VALUES("eip155:10/erc20:0xbfD291DA8A403DAAF7e5E9DC1ec0aCEaCd4848B9", "USX", "", "", NULL, 1716141599, NULL); 
*
INSERT INTO assets(identifier, name, type) VALUES("eip155:10/erc20:0xB0B195aEFA3650A6908f15CdaC7D92F8a5791B0B", "BOB", "C"); INSERT INTO evm_tokens(identifier, token_kind, chain, address, decimals, protocol) VALUES("eip155:10/erc20:0xB0B195aEFA3650A6908f15CdaC7D92F8a5791B0B", "A", 10, "0xB0B195aEFA3650A6908f15CdaC7D92F8a5791B0B", 18, ""); INSERT INTO common_asset_details(identifier, symbol, coingecko, cryptocompare, forked, started, swapped_for) VALUES("eip155:10/erc20:0xB0B195aEFA3650A6908f15CdaC7D92F8a5791B0B", "BOB", "", "", NULL, 1716205393, NULL); 
*
INSERT INTO assets(identifier, name, type) VALUES("eip155:10/erc20:0x375488F097176507e39B9653b88FDc52cDE736Bf", "Tarot", "C"); INSERT INTO evm_tokens(identifier, token_kind, chain, address, decimals, protocol) VALUES("eip155:10/erc20:0x375488F097176507e39B9653b88FDc52cDE736Bf", "A", 10, "0x375488F097176507e39B9653b88FDc52cDE736Bf", 18, ""); INSERT INTO common_asset_details(identifier, symbol, coingecko, cryptocompare, forked, started, swapped_for) VALUES("eip155:10/erc20:0x375488F097176507e39B9653b88FDc52cDE736Bf", "TAROT", "", "", NULL, 1652423597, NULL); 
*
INSERT INTO assets(identifier, name, type) VALUES("eip155:10/erc20:0x79AF5dd14e855823FA3E9ECAcdF001D99647d043", "Jarvis Synthetic Euro", "C"); INSERT INTO evm_tokens(identifier, token_kind, chain, address, decimals, protocol) VALUES("eip155:10/erc20:0x79AF5dd14e855823FA3E9ECAcdF001D99647d043", "A", 10, "0x79AF5dd14e855823FA3E9ECAcdF001D99647d043", 18, ""); INSERT INTO common_asset_details(identifier, symbol, coingecko, cryptocompare, forked, started, swapped_for) VALUES("eip155:10/erc20:0x79AF5dd14e855823FA3E9ECAcdF001D99647d043", "jEUR", "", "", NULL, 1716114259, NULL); 
*
INSERT INTO assets(identifier, name, type) VALUES("eip155:10/erc20:0xAF9fE3B5cCDAe78188B1F8b9a49Da7ae9510F151", "dHEDGE DAO Token", "C"); INSERT INTO evm_tokens(identifier, token_kind, chain, address, decimals, protocol) VALUES("eip155:10/erc20:0xAF9fE3B5cCDAe78188B1F8b9a49Da7ae9510F151", "A", 10, "0xAF9fE3B5cCDAe78188B1F8b9a49Da7ae9510F151", 18, ""); INSERT INTO common_asset_details(identifier, symbol, coingecko, cryptocompare, forked, started, swapped_for) VALUES("eip155:10/erc20:0xAF9fE3B5cCDAe78188B1F8b9a49Da7ae9510F151", "DHT", "", "", NULL, 1716187413, NULL); 
*
INSERT INTO assets(identifier, name, type) VALUES("eip155:10/erc20:0x929B939f8524c3Be977af57A4A0aD3fb1E374b50", "Meta", "C"); INSERT INTO evm_tokens(identifier, token_kind, chain, address, decimals, protocol) VALUES("eip155:10/erc20:0x929B939f8524c3Be977af57A4A0aD3fb1E374b50", "A", 10, "0x929B939f8524c3Be977af57A4A0aD3fb1E374b50", 18, ""); INSERT INTO common_asset_details(identifier, symbol, coingecko, cryptocompare, forked, started, swapped_for) VALUES("eip155:10/erc20:0x929B939f8524c3Be977af57A4A0aD3fb1E374b50", "MTA", "", "", NULL, 1715947559, NULL); 
*
INSERT INTO assets(identifier, name, type) VALUES("eip155:10/erc20:0xa50B23cDfB2eC7c590e84f403256f67cE6dffB84", "BLUE", "C"); INSERT INTO evm_tokens(identifier, token_kind, chain, address, decimals, protocol) VALUES("eip155:10/erc20:0xa50B23cDfB2eC7c590e84f403256f67cE6dffB84", "A", 10, "0xa50B23cDfB2eC7c590e84f403256f67cE6dffB84", 18, ""); INSERT INTO common_asset_details(identifier, symbol, coingecko, cryptocompare, forked, started, swapped_for) VALUES("eip155:10/erc20:0xa50B23cDfB2eC7c590e84f403256f67cE6dffB84", "BLU", "", "", NULL, 1716201891, NULL); 
*
INSERT INTO assets(identifier, name, type) VALUES("eip155:10/erc20:0xFBc4198702E81aE77c06D58f81b629BDf36f0a71", "Synth sEUR", "C"); INSERT INTO evm_tokens(identifier, token_kind, chain, address, decimals, protocol) VALUES("eip155:10/erc20:0xFBc4198702E81aE77c06D58f81b629BDf36f0a71", "A", 10, "0xFBc4198702E81aE77c06D58f81b629BDf36f0a71", 18, ""); INSERT INTO common_asset_details(identifier, symbol, coingecko, cryptocompare, forked, started, swapped_for) VALUES("eip155:10/erc20:0xFBc4198702E81aE77c06D58f81b629BDf36f0a71", "sEUR", "", "", NULL, 1716108079, NULL); 
*
UPDATE assets SET name="wTBT(Bridge Token)" WHERE identifier="eip155:10/erc20:0xdb4eA87fF83eB1c80b8976FC47731Da6a31D35e5"; 
INSERT INTO assets(identifier, name, type) VALUES("eip155:10/erc20:0xdb4eA87fF83eB1c80b8976FC47731Da6a31D35e5", "wTBT(Bridge Token)", "C"); INSERT INTO evm_tokens(identifier, token_kind, chain, address, decimals, protocol) VALUES("eip155:10/erc20:0xdb4eA87fF83eB1c80b8976FC47731Da6a31D35e5", "A", 10, "0xdb4eA87fF83eB1c80b8976FC47731Da6a31D35e5", 18, ""); INSERT INTO common_asset_details(identifier, symbol, coingecko, cryptocompare, forked, started, swapped_for) VALUES("eip155:10/erc20:0xdb4eA87fF83eB1c80b8976FC47731Da6a31D35e5", "wTBT", "", "", NULL, 1715119047, NULL); 
INSERT INTO assets(identifier, name, type) VALUES("eip155:10/erc20:0x61BAADcF22d2565B0F471b291C475db5555e0b76", "Aelin Token", "C"); INSERT INTO evm_tokens(identifier, token_kind, chain, address, decimals, protocol) VALUES("eip155:10/erc20:0x61BAADcF22d2565B0F471b291C475db5555e0b76", "A", 10, "0x61BAADcF22d2565B0F471b291C475db5555e0b76", 18, ""); INSERT INTO common_asset_details(identifier, symbol, coingecko, cryptocompare, forked, started, swapped_for) VALUES("eip155:10/erc20:0x61BAADcF22d2565B0F471b291C475db5555e0b76", "AELIN", "", "", NULL, 1716159745, NULL); 
*
INSERT INTO assets(identifier, name, type) VALUES("eip155:10/erc20:0x676f784d19c7F1Ac6C6BeaeaaC78B02a73427852", "OptimismPrime", "C"); INSERT INTO evm_tokens(identifier, token_kind, chain, address, decimals, protocol) VALUES("eip155:10/erc20:0x676f784d19c7F1Ac6C6BeaeaaC78B02a73427852", "A", 10, "0x676f784d19c7F1Ac6C6BeaeaaC78B02a73427852", 18, ""); INSERT INTO common_asset_details(identifier, symbol, coingecko, cryptocompare, forked, started, swapped_for) VALUES("eip155:10/erc20:0x676f784d19c7F1Ac6C6BeaeaaC78B02a73427852", "OPP", "", "", NULL, 1715969773, NULL); 
*
INSERT INTO assets(identifier, name, type) VALUES("eip155:10/erc20:0xC26921B5b9ee80773774d36C84328ccb22c3a819", "Wrapped OptiDoge", "C"); INSERT INTO evm_tokens(identifier, token_kind, chain, address, decimals, protocol) VALUES("eip155:10/erc20:0xC26921B5b9ee80773774d36C84328ccb22c3a819", "A", 10, "0xC26921B5b9ee80773774d36C84328ccb22c3a819", 18, ""); INSERT INTO common_asset_details(identifier, symbol, coingecko, cryptocompare, forked, started, swapped_for) VALUES("eip155:10/erc20:0xC26921B5b9ee80773774d36C84328ccb22c3a819", "wOptiDoge", "", "", NULL, 1716203095, NULL); 
*
INSERT INTO assets(identifier, name, type) VALUES("eip155:10/erc20:0x74ccbe53F77b08632ce0CB91D3A545bF6B8E0979", "Fantom Bomb", "C"); INSERT INTO evm_tokens(identifier, token_kind, chain, address, decimals, protocol) VALUES("eip155:10/erc20:0x74ccbe53F77b08632ce0CB91D3A545bF6B8E0979", "A", 10, "0x74ccbe53F77b08632ce0CB91D3A545bF6B8E0979", 18, ""); INSERT INTO common_asset_details(identifier, symbol, coingecko, cryptocompare, forked, started, swapped_for) VALUES("eip155:10/erc20:0x74ccbe53F77b08632ce0CB91D3A545bF6B8E0979", "fBOMB", "", "", NULL, 1716201117, NULL); 
*
INSERT INTO assets(identifier, name, type) VALUES("eip155:10/erc20:0x6c2f7b6110a37b3B0fbdd811876be368df02E8B0", "StaFi Staked ETH", "C"); INSERT INTO evm_tokens(identifier, token_kind, chain, address, decimals, protocol) VALUES("eip155:10/erc20:0x6c2f7b6110a37b3B0fbdd811876be368df02E8B0", "A", 10, "0x6c2f7b6110a37b3B0fbdd811876be368df02E8B0", 18, ""); INSERT INTO common_asset_details(identifier, symbol, coingecko, cryptocompare, forked, started, swapped_for) VALUES("eip155:10/erc20:0x6c2f7b6110a37b3B0fbdd811876be368df02E8B0", "rETH", "", "", NULL, 1713599749, NULL); 
*
INSERT INTO assets(identifier, name, type) VALUES("eip155:10/erc20:0xD8737CA46aa6285dE7B8777a8e3db232911baD41", "StaFi Token", "C"); INSERT INTO evm_tokens(identifier, token_kind, chain, address, decimals, protocol) VALUES("eip155:10/erc20:0xD8737CA46aa6285dE7B8777a8e3db232911baD41", "A", 10, "0xD8737CA46aa6285dE7B8777a8e3db232911baD41", 18, ""); INSERT INTO common_asset_details(identifier, symbol, coingecko, cryptocompare, forked, started, swapped_for) VALUES("eip155:10/erc20:0xD8737CA46aa6285dE7B8777a8e3db232911baD41", "FIS", "", "", NULL, 1715042801, NULL); 
*
INSERT INTO assets(identifier, name, type) VALUES("eip155:10/erc20:0xd652776dE7Ad802be5EC7beBfafdA37600222B48", "SoliMax", "C"); INSERT INTO evm_tokens(identifier, token_kind, chain, address, decimals, protocol) VALUES("eip155:10/erc20:0xd652776dE7Ad802be5EC7beBfafdA37600222B48", "A", 10, "0xd652776dE7Ad802be5EC7beBfafdA37600222B48", 18, ""); INSERT INTO common_asset_details(identifier, symbol, coingecko, cryptocompare, forked, started, swapped_for) VALUES("eip155:10/erc20:0xd652776dE7Ad802be5EC7beBfafdA37600222B48", "SLM", "", "", NULL, 1675315875, NULL); 
*
INSERT INTO assets(identifier, name, type) VALUES("eip155:10/erc20:0xB0ae108669CEB86E9E98e8fE9e40d98b867855fD", "OneRing", "C"); INSERT INTO evm_tokens(identifier, token_kind, chain, address, decimals, protocol) VALUES("eip155:10/erc20:0xB0ae108669CEB86E9E98e8fE9e40d98b867855fD", "A", 10, "0xB0ae108669CEB86E9E98e8fE9e40d98b867855fD", 18, ""); INSERT INTO common_asset_details(identifier, symbol, coingecko, cryptocompare, forked, started, swapped_for) VALUES("eip155:10/erc20:0xB0ae108669CEB86E9E98e8fE9e40d98b867855fD", "RING", "", "", NULL, 1671081211, NULL); 
*
INSERT INTO assets(identifier, name, type) VALUES("eip155:10/erc20:0x139283255069Ea5deeF6170699AAEF7139526f1f", "OptiDoge", "C"); INSERT INTO evm_tokens(identifier, token_kind, chain, address, decimals, protocol) VALUES("eip155:10/erc20:0x139283255069Ea5deeF6170699AAEF7139526f1f", "A", 10, "0x139283255069Ea5deeF6170699AAEF7139526f1f", 18, ""); INSERT INTO common_asset_details(identifier, symbol, coingecko, cryptocompare, forked, started, swapped_for) VALUES("eip155:10/erc20:0x139283255069Ea5deeF6170699AAEF7139526f1f", "OptiDoge", "", "", NULL, 1715875435, NULL); 
*
INSERT INTO assets(identifier, name, type) VALUES("eip155:10/erc20:0x15e770B95Edd73fD96b02EcE0266247D50895E76", "Jarvis Reward Token", "C"); INSERT INTO evm_tokens(identifier, token_kind, chain, address, decimals, protocol) VALUES("eip155:10/erc20:0x15e770B95Edd73fD96b02EcE0266247D50895E76", "A", 10, "0x15e770B95Edd73fD96b02EcE0266247D50895E76", 18, ""); INSERT INTO common_asset_details(identifier, symbol, coingecko, cryptocompare, forked, started, swapped_for) VALUES("eip155:10/erc20:0x15e770B95Edd73fD96b02EcE0266247D50895E76", "JRT", "", "", NULL, 1715498949, NULL); 
*
INSERT INTO assets(identifier, name, type) VALUES("eip155:10/erc20:0x12ff4a259e14D4DCd239C447D23C9b00F7781d8F", "PEPE Optimism", "C"); INSERT INTO evm_tokens(identifier, token_kind, chain, address, decimals, protocol) VALUES("eip155:10/erc20:0x12ff4a259e14D4DCd239C447D23C9b00F7781d8F", "A", 10, "0x12ff4a259e14D4DCd239C447D23C9b00F7781d8F", 18, ""); INSERT INTO common_asset_details(identifier, symbol, coingecko, cryptocompare, forked, started, swapped_for) VALUES("eip155:10/erc20:0x12ff4a259e14D4DCd239C447D23C9b00F7781d8F", "PEPE", "", "", NULL, 1716201715, NULL); 
*
INSERT INTO assets(identifier, name, type) VALUES("eip155:10/erc20:0xfDeFFc7Ad816BF7867C642dF7eBC2CC5554ec265", "Beefy Velo", "C"); INSERT INTO evm_tokens(identifier, token_kind, chain, address, decimals, protocol) VALUES("eip155:10/erc20:0xfDeFFc7Ad816BF7867C642dF7eBC2CC5554ec265", "A", 10, "0xfDeFFc7Ad816BF7867C642dF7eBC2CC5554ec265", 18, ""); INSERT INTO common_asset_details(identifier, symbol, coingecko, cryptocompare, forked, started, swapped_for) VALUES("eip155:10/erc20:0xfDeFFc7Ad816BF7867C642dF7eBC2CC5554ec265", "BeVELO", "", "", NULL, 1716049011, NULL); 
*
INSERT INTO assets(identifier, name, type) VALUES("eip155:10/erc20:0x9F46A936BE9114bD2f71965a87C003341448b47E", "JARVIS", "C"); INSERT INTO evm_tokens(identifier, token_kind, chain, address, decimals, protocol) VALUES("eip155:10/erc20:0x9F46A936BE9114bD2f71965a87C003341448b47E", "A", 10, "0x9F46A936BE9114bD2f71965a87C003341448b47E", 18, ""); INSERT INTO common_asset_details(identifier, symbol, coingecko, cryptocompare, forked, started, swapped_for) VALUES("eip155:10/erc20:0x9F46A936BE9114bD2f71965a87C003341448b47E", "JARVIS", "", "", NULL, 1715433251, NULL); 
*
INSERT INTO assets(identifier, name, type) VALUES("eip155:10/erc20:0x6ca558bd3eaB53DA1B25aB97916dd14bf6CFEe4E", "pETHo", "C"); INSERT INTO evm_tokens(identifier, token_kind, chain, address, decimals, protocol) VALUES("eip155:10/erc20:0x6ca558bd3eaB53DA1B25aB97916dd14bf6CFEe4E", "A", 10, "0x6ca558bd3eaB53DA1B25aB97916dd14bf6CFEe4E", 18, ""); INSERT INTO common_asset_details(identifier, symbol, coingecko, cryptocompare, forked, started, swapped_for) VALUES("eip155:10/erc20:0x6ca558bd3eaB53DA1B25aB97916dd14bf6CFEe4E", "pETHo", "", "", NULL, 1715779191, NULL); 
*
INSERT INTO assets(identifier, name, type) VALUES("eip155:10/erc20:0x2513486f18eeE1498D7b6281f668B955181Dd0D9", "OpenXSwap Gov Token", "C"); INSERT INTO evm_tokens(identifier, token_kind, chain, address, decimals, protocol) VALUES("eip155:10/erc20:0x2513486f18eeE1498D7b6281f668B955181Dd0D9", "A", 10, "0x2513486f18eeE1498D7b6281f668B955181Dd0D9", 18, ""); INSERT INTO common_asset_details(identifier, symbol, coingecko, cryptocompare, forked, started, swapped_for) VALUES("eip155:10/erc20:0x2513486f18eeE1498D7b6281f668B955181Dd0D9", "xOpenX", "", "", NULL, 1715874775, NULL); 
*
INSERT INTO assets(identifier, name, type) VALUES("eip155:10/erc20:0xc3864f98f2a61A7cAeb95b039D031b4E2f55e0e9", "OpenX Optimism", "C"); INSERT INTO evm_tokens(identifier, token_kind, chain, address, decimals, protocol) VALUES("eip155:10/erc20:0xc3864f98f2a61A7cAeb95b039D031b4E2f55e0e9", "A", 10, "0xc3864f98f2a61A7cAeb95b039D031b4E2f55e0e9", 18, ""); INSERT INTO common_asset_details(identifier, symbol, coingecko, cryptocompare, forked, started, swapped_for) VALUES("eip155:10/erc20:0xc3864f98f2a61A7cAeb95b039D031b4E2f55e0e9", "OpenX", "", "", NULL, 1715874769, NULL); 
*
INSERT INTO assets(identifier, name, type) VALUES("eip155:10/erc20:0x3F56e0c36d275367b8C502090EDF38289b3dEa0d", "QiDao", "C"); INSERT INTO evm_tokens(identifier, token_kind, chain, address, decimals, protocol) VALUES("eip155:10/erc20:0x3F56e0c36d275367b8C502090EDF38289b3dEa0d", "A", 10, "0x3F56e0c36d275367b8C502090EDF38289b3dEa0d", 18, ""); INSERT INTO common_asset_details(identifier, symbol, coingecko, cryptocompare, forked, started, swapped_for) VALUES("eip155:10/erc20:0x3F56e0c36d275367b8C502090EDF38289b3dEa0d", "QI", "", "", NULL, 1716153901, NULL); 
*
INSERT INTO assets(identifier, name, type) VALUES("eip155:10/erc20:0x3Ebb31CB2888e0Acbb81cBE2FeC65AEE24be3BD4", "AVT", "C"); INSERT INTO evm_tokens(identifier, token_kind, chain, address, decimals, protocol) VALUES("eip155:10/erc20:0x3Ebb31CB2888e0Acbb81cBE2FeC65AEE24be3BD4", "A", 10, "0x3Ebb31CB2888e0Acbb81cBE2FeC65AEE24be3BD4", 18, ""); INSERT INTO common_asset_details(identifier, symbol, coingecko, cryptocompare, forked, started, swapped_for) VALUES("eip155:10/erc20:0x3Ebb31CB2888e0Acbb81cBE2FeC65AEE24be3BD4", "AVT", "", "", NULL, 1713875043, NULL); 
*
INSERT INTO assets(identifier, name, type) VALUES("eip155:10/erc20:0x9a2e53158e12BC09270Af10C16A466cb2b5D7836", "Metronome2", "C"); INSERT INTO evm_tokens(identifier, token_kind, chain, address, decimals, protocol) VALUES("eip155:10/erc20:0x9a2e53158e12BC09270Af10C16A466cb2b5D7836", "A", 10, "0x9a2e53158e12BC09270Af10C16A466cb2b5D7836", 18, ""); INSERT INTO common_asset_details(identifier, symbol, coingecko, cryptocompare, forked, started, swapped_for) VALUES("eip155:10/erc20:0x9a2e53158e12BC09270Af10C16A466cb2b5D7836", "MET", "", "", NULL, 1716184325, NULL); 
*
INSERT INTO assets(identifier, name, type) VALUES("eip155:10/erc20:0xB25EA095997F5bBaa6cEa962c4fBf3bfc3C09776", "Promethios", "C"); INSERT INTO evm_tokens(identifier, token_kind, chain, address, decimals, protocol) VALUES("eip155:10/erc20:0xB25EA095997F5bBaa6cEa962c4fBf3bfc3C09776", "A", 10, "0xB25EA095997F5bBaa6cEa962c4fBf3bfc3C09776", 9, ""); INSERT INTO common_asset_details(identifier, symbol, coingecko, cryptocompare, forked, started, swapped_for) VALUES("eip155:10/erc20:0xB25EA095997F5bBaa6cEa962c4fBf3bfc3C09776", "FIRE", "", "", NULL, 1715853023, NULL); 
*
INSERT INTO assets(identifier, name, type) VALUES("eip155:10/erc20:0xc38464250F51123078BBd7eA574E185F6623d037", "Perpetually Bonded VELO", "C"); INSERT INTO evm_tokens(identifier, token_kind, chain, address, decimals, protocol) VALUES("eip155:10/erc20:0xc38464250F51123078BBd7eA574E185F6623d037", "A", 10, "0xc38464250F51123078BBd7eA574E185F6623d037", 18, ""); INSERT INTO common_asset_details(identifier, symbol, coingecko, cryptocompare, forked, started, swapped_for) VALUES("eip155:10/erc20:0xc38464250F51123078BBd7eA574E185F6623d037", "opxVELO", "", "", NULL, 1716137635, NULL); 
*
INSERT INTO assets(identifier, name, type) VALUES("eip155:10/erc20:0x395Ae52bB17aef68C2888d941736A71dC6d4e125", "PoolTogether", "C"); INSERT INTO evm_tokens(identifier, token_kind, chain, address, decimals, protocol) VALUES("eip155:10/erc20:0x395Ae52bB17aef68C2888d941736A71dC6d4e125", "A", 10, "0x395Ae52bB17aef68C2888d941736A71dC6d4e125", 18, ""); INSERT INTO common_asset_details(identifier, symbol, coingecko, cryptocompare, forked, started, swapped_for) VALUES("eip155:10/erc20:0x395Ae52bB17aef68C2888d941736A71dC6d4e125", "POOL", "", "", NULL, 1716201983, NULL); 
*
INSERT INTO assets(identifier, name, type) VALUES("eip155:10/erc20:0x47536F17F4fF30e64A96a7555826b8f9e66ec468", "MUMMY", "C"); INSERT INTO evm_tokens(identifier, token_kind, chain, address, decimals, protocol) VALUES("eip155:10/erc20:0x47536F17F4fF30e64A96a7555826b8f9e66ec468", "A", 10, "0x47536F17F4fF30e64A96a7555826b8f9e66ec468", 18, ""); INSERT INTO common_asset_details(identifier, symbol, coingecko, cryptocompare, forked, started, swapped_for) VALUES("eip155:10/erc20:0x47536F17F4fF30e64A96a7555826b8f9e66ec468", "MMY", "", "", NULL, 1677734540, NULL); 
*
INSERT INTO assets(identifier, name, type) VALUES("eip155:10/erc20:0x6c84a8f1c29108F47a79964b5Fe888D4f4D0dE40", "Optimism tBTC v2", "C"); INSERT INTO evm_tokens(identifier, token_kind, chain, address, decimals, protocol) VALUES("eip155:10/erc20:0x6c84a8f1c29108F47a79964b5Fe888D4f4D0dE40", "A", 10, "0x6c84a8f1c29108F47a79964b5Fe888D4f4D0dE40", 18, ""); INSERT INTO common_asset_details(identifier, symbol, coingecko, cryptocompare, forked, started, swapped_for) VALUES("eip155:10/erc20:0x6c84a8f1c29108F47a79964b5Fe888D4f4D0dE40", "tBTC", "", "", NULL, 1716203367, NULL); 
*
INSERT INTO assets(identifier, name, type) VALUES("eip155:10/erc20:0xfD389Dc9533717239856190F42475d3f263a270d", "Granary Token", "C"); INSERT INTO evm_tokens(identifier, token_kind, chain, address, decimals, protocol) VALUES("eip155:10/erc20:0xfD389Dc9533717239856190F42475d3f263a270d", "A", 10, "0xfD389Dc9533717239856190F42475d3f263a270d", 18, ""); INSERT INTO common_asset_details(identifier, symbol, coingecko, cryptocompare, forked, started, swapped_for) VALUES("eip155:10/erc20:0xfD389Dc9533717239856190F42475d3f263a270d", "GRAIN", "", "", NULL, 1716138921, NULL); 
*
INSERT INTO assets(identifier, name, type) VALUES("eip155:10/erc20:0xb379AB37f2e7d4A0d2479c09d637bD6B20E1354d", "Moo VeloV2 USDC-MTA", "C"); INSERT INTO evm_tokens(identifier, token_kind, chain, address, decimals, protocol) VALUES("eip155:10/erc20:0xb379AB37f2e7d4A0d2479c09d637bD6B20E1354d", "A", 10, "0xb379AB37f2e7d4A0d2479c09d637bD6B20E1354d", 18, ""); INSERT INTO common_asset_details(identifier, symbol, coingecko, cryptocompare, forked, started, swapped_for) VALUES("eip155:10/erc20:0xb379AB37f2e7d4A0d2479c09d637bD6B20E1354d", "mooVeloV2USDC-MTA", "", "", NULL, 1711675983, NULL); 
*
INSERT INTO assets(identifier, name, type) VALUES("eip155:10/erc20:0x2dAD3a13ef0C6366220f989157009e501e7938F8", "Extra Finance", "C"); INSERT INTO evm_tokens(identifier, token_kind, chain, address, decimals, protocol) VALUES("eip155:10/erc20:0x2dAD3a13ef0C6366220f989157009e501e7938F8", "A", 10, "0x2dAD3a13ef0C6366220f989157009e501e7938F8", 18, ""); INSERT INTO common_asset_details(identifier, symbol, coingecko, cryptocompare, forked, started, swapped_for) VALUES("eip155:10/erc20:0x2dAD3a13ef0C6366220f989157009e501e7938F8", "EXTRA", "", "", NULL, 1716205361, NULL); 
*
INSERT INTO assets(identifier, name, type) VALUES("eip155:10/erc20:0x8901cB2e82CC95c01e42206F8d1F417FE53e7Af0", "YieldFarming Index", "C"); INSERT INTO evm_tokens(identifier, token_kind, chain, address, decimals, protocol) VALUES("eip155:10/erc20:0x8901cB2e82CC95c01e42206F8d1F417FE53e7Af0", "A", 10, "0x8901cB2e82CC95c01e42206F8d1F417FE53e7Af0", 18, ""); INSERT INTO common_asset_details(identifier, symbol, coingecko, cryptocompare, forked, started, swapped_for) VALUES("eip155:10/erc20:0x8901cB2e82CC95c01e42206F8d1F417FE53e7Af0", "YFX", "", "", NULL, 1716049045, NULL); 
*
INSERT INTO assets(identifier, name, type) VALUES("eip155:10/erc20:0xc96f4F893286137aC17e07Ae7F217fFca5db3AB6", "NFTEarth", "C"); INSERT INTO evm_tokens(identifier, token_kind, chain, address, decimals, protocol) VALUES("eip155:10/erc20:0xc96f4F893286137aC17e07Ae7F217fFca5db3AB6", "A", 10, "0xc96f4F893286137aC17e07Ae7F217fFca5db3AB6", 18, ""); INSERT INTO common_asset_details(identifier, symbol, coingecko, cryptocompare, forked, started, swapped_for) VALUES("eip155:10/erc20:0xc96f4F893286137aC17e07Ae7F217fFca5db3AB6", "NFTE", "", "", NULL, 1715922233, NULL); 
*
INSERT INTO assets(identifier, name, type) VALUES("eip155:10/erc20:0x88a89866439F4C2830986B79cbe6f69d1Bd548BB", "Bike", "C"); INSERT INTO evm_tokens(identifier, token_kind, chain, address, decimals, protocol) VALUES("eip155:10/erc20:0x88a89866439F4C2830986B79cbe6f69d1Bd548BB", "A", 10, "0x88a89866439F4C2830986B79cbe6f69d1Bd548BB", 18, ""); INSERT INTO common_asset_details(identifier, symbol, coingecko, cryptocompare, forked, started, swapped_for) VALUES("eip155:10/erc20:0x88a89866439F4C2830986B79cbe6f69d1Bd548BB", "Bike", "", "", NULL, 1715779581, NULL); 
*
INSERT INTO assets(identifier, name, type) VALUES("eip155:10/erc20:0x25Df6D2A6Eec0FCe0577D800B3311F6404EEd2f8", "Pirate Pepe", "C"); INSERT INTO evm_tokens(identifier, token_kind, chain, address, decimals, protocol) VALUES("eip155:10/erc20:0x25Df6D2A6Eec0FCe0577D800B3311F6404EEd2f8", "A", 10, "0x25Df6D2A6Eec0FCe0577D800B3311F6404EEd2f8", 18, ""); INSERT INTO common_asset_details(identifier, symbol, coingecko, cryptocompare, forked, started, swapped_for) VALUES("eip155:10/erc20:0x25Df6D2A6Eec0FCe0577D800B3311F6404EEd2f8", "YOHOYOHO", "", "", NULL, 1688939515, NULL); 
*
INSERT INTO assets(identifier, name, type) VALUES("eip155:10/erc20:0xCfFF80BfF55DEA6D4f27Af5d872665ea40047953", "OPT-20 Token", "C"); INSERT INTO evm_tokens(identifier, token_kind, chain, address, decimals, protocol) VALUES("eip155:10/erc20:0xCfFF80BfF55DEA6D4f27Af5d872665ea40047953", "A", 10, "0xCfFF80BfF55DEA6D4f27Af5d872665ea40047953", 18, ""); INSERT INTO common_asset_details(identifier, symbol, coingecko, cryptocompare, forked, started, swapped_for) VALUES("eip155:10/erc20:0xCfFF80BfF55DEA6D4f27Af5d872665ea40047953", "opti", "", "", NULL, 1715205373, NULL); 
*
INSERT INTO assets(identifier, name, type) VALUES("eip155:10/erc20:0x2c2cAB30854AD779b1b27297B8b045CFE42E87F1", "MyToken2", "C"); INSERT INTO evm_tokens(identifier, token_kind, chain, address, decimals, protocol) VALUES("eip155:10/erc20:0x2c2cAB30854AD779b1b27297B8b045CFE42E87F1", "A", 10, "0x2c2cAB30854AD779b1b27297B8b045CFE42E87F1", 18, ""); INSERT INTO common_asset_details(identifier, symbol, coingecko, cryptocompare, forked, started, swapped_for) VALUES("eip155:10/erc20:0x2c2cAB30854AD779b1b27297B8b045CFE42E87F1", "MTK2", "", "", NULL, 1689274787, NULL); 
*
INSERT INTO assets(identifier, name, type) VALUES("eip155:10/erc20:0xC7de3f84c53cC5E2f52F72373552bb8F9B7b089d", "MyToken", "C"); INSERT INTO evm_tokens(identifier, token_kind, chain, address, decimals, protocol) VALUES("eip155:10/erc20:0xC7de3f84c53cC5E2f52F72373552bb8F9B7b089d", "A", 10, "0xC7de3f84c53cC5E2f52F72373552bb8F9B7b089d", 18, ""); INSERT INTO common_asset_details(identifier, symbol, coingecko, cryptocompare, forked, started, swapped_for) VALUES("eip155:10/erc20:0xC7de3f84c53cC5E2f52F72373552bb8F9B7b089d", "MTK", "", "", NULL, 1689274779, NULL); 
*
INSERT INTO assets(identifier, name, type) VALUES("eip155:10/erc20:0x5976d4c3bcFc1c5f90aB1419D7f3dDF109cEA35a", "GoodNodes", "C"); INSERT INTO evm_tokens(identifier, token_kind, chain, address, decimals, protocol) VALUES("eip155:10/erc20:0x5976d4c3bcFc1c5f90aB1419D7f3dDF109cEA35a", "A", 10, "0x5976d4c3bcFc1c5f90aB1419D7f3dDF109cEA35a", 18, ""); INSERT INTO common_asset_details(identifier, symbol, coingecko, cryptocompare, forked, started, swapped_for) VALUES("eip155:10/erc20:0x5976d4c3bcFc1c5f90aB1419D7f3dDF109cEA35a", "GNode", "", "", NULL, 1716176159, NULL); 
*
INSERT INTO assets(identifier, name, type) VALUES("eip155:10/erc20:0xaf408a6dA5947A3686eFC1c360DA4dB23eA2C23b", "PENGANGGURAN", "C"); INSERT INTO evm_tokens(identifier, token_kind, chain, address, decimals, protocol) VALUES("eip155:10/erc20:0xaf408a6dA5947A3686eFC1c360DA4dB23eA2C23b", "A", 10, "0xaf408a6dA5947A3686eFC1c360DA4dB23eA2C23b", 18, ""); INSERT INTO common_asset_details(identifier, symbol, coingecko, cryptocompare, forked, started, swapped_for) VALUES("eip155:10/erc20:0xaf408a6dA5947A3686eFC1c360DA4dB23eA2C23b", "PENGANGGURAN", "", "", NULL, 1706395967, NULL); 
*
INSERT INTO assets(identifier, name, type) VALUES("eip155:10/erc20:0x3A18dcC9745eDcD1Ef33ecB93b0b6eBA5671e7Ca", "Kujira native asset", "C"); INSERT INTO evm_tokens(identifier, token_kind, chain, address, decimals, protocol) VALUES("eip155:10/erc20:0x3A18dcC9745eDcD1Ef33ecB93b0b6eBA5671e7Ca", "A", 10, "0x3A18dcC9745eDcD1Ef33ecB93b0b6eBA5671e7Ca", 6, ""); INSERT INTO common_asset_details(identifier, symbol, coingecko, cryptocompare, forked, started, swapped_for) VALUES("eip155:10/erc20:0x3A18dcC9745eDcD1Ef33ecB93b0b6eBA5671e7Ca", "KUJI", "", "", NULL, 1716158127, NULL); 
*
INSERT INTO assets(identifier, name, type) VALUES("eip155:10/erc20:0x385719545Ef34d457A88e723504544A53F0Ad9BC", "MUMMY", "C"); INSERT INTO evm_tokens(identifier, token_kind, chain, address, decimals, protocol) VALUES("eip155:10/erc20:0x385719545Ef34d457A88e723504544A53F0Ad9BC", "A", 10, "0x385719545Ef34d457A88e723504544A53F0Ad9BC", 18, ""); INSERT INTO common_asset_details(identifier, symbol, coingecko, cryptocompare, forked, started, swapped_for) VALUES("eip155:10/erc20:0x385719545Ef34d457A88e723504544A53F0Ad9BC", "MMY", "", "", NULL, 1716199317, NULL); 
*
INSERT INTO assets(identifier, name, type) VALUES("eip155:10/erc20:0xC1c167CC44f7923cd0062c4370Df962f9DDB16f5", "Pepe", "C"); INSERT INTO evm_tokens(identifier, token_kind, chain, address, decimals, protocol) VALUES("eip155:10/erc20:0xC1c167CC44f7923cd0062c4370Df962f9DDB16f5", "A", 10, "0xC1c167CC44f7923cd0062c4370Df962f9DDB16f5", 18, ""); INSERT INTO common_asset_details(identifier, symbol, coingecko, cryptocompare, forked, started, swapped_for) VALUES("eip155:10/erc20:0xC1c167CC44f7923cd0062c4370Df962f9DDB16f5", "PEPE", "", "", NULL, 1715971225, NULL); 
*
INSERT INTO assets(identifier, name, type) VALUES("eip155:10/erc20:0x28b42698Caf46B4B012CF38b6C75867E0762186D", "Unidex", "C"); INSERT INTO evm_tokens(identifier, token_kind, chain, address, decimals, protocol) VALUES("eip155:10/erc20:0x28b42698Caf46B4B012CF38b6C75867E0762186D", "A", 10, "0x28b42698Caf46B4B012CF38b6C75867E0762186D", 18, ""); INSERT INTO common_asset_details(identifier, symbol, coingecko, cryptocompare, forked, started, swapped_for) VALUES("eip155:10/erc20:0x28b42698Caf46B4B012CF38b6C75867E0762186D", "UNIDX", "", "", NULL, 1716129137, NULL); 
*
INSERT INTO assets(identifier, name, type) VALUES("eip155:10/erc20:0x8a6039fC7A479928B1d73f88040362e9C50Db275", "HarryPotterObamaSonic10Inu", "C"); INSERT INTO evm_tokens(identifier, token_kind, chain, address, decimals, protocol) VALUES("eip155:10/erc20:0x8a6039fC7A479928B1d73f88040362e9C50Db275", "A", 10, "0x8a6039fC7A479928B1d73f88040362e9C50Db275", 18, ""); INSERT INTO common_asset_details(identifier, symbol, coingecko, cryptocompare, forked, started, swapped_for) VALUES("eip155:10/erc20:0x8a6039fC7A479928B1d73f88040362e9C50Db275", "BITCOIN", "", "", NULL, 1710619851, NULL); 
*
INSERT INTO assets(identifier, name, type) VALUES("eip155:10/erc20:0x0240c334172b699ce5f019616431cEDEBaC05C82", "ChainlinkFlannelToilet1kEOY", "C"); INSERT INTO evm_tokens(identifier, token_kind, chain, address, decimals, protocol) VALUES("eip155:10/erc20:0x0240c334172b699ce5f019616431cEDEBaC05C82", "A", 10, "0x0240c334172b699ce5f019616431cEDEBaC05C82", 18, ""); INSERT INTO common_asset_details(identifier, symbol, coingecko, cryptocompare, forked, started, swapped_for) VALUES("eip155:10/erc20:0x0240c334172b699ce5f019616431cEDEBaC05C82", "SERGEY", "", "", NULL, 1690264853, NULL); 
*
INSERT INTO assets(identifier, name, type) VALUES("eip155:10/erc20:0x1e925De1c68ef83bD98eE3E130eF14a50309C01B", "exactly", "C"); INSERT INTO evm_tokens(identifier, token_kind, chain, address, decimals, protocol) VALUES("eip155:10/erc20:0x1e925De1c68ef83bD98eE3E130eF14a50309C01B", "A", 10, "0x1e925De1c68ef83bD98eE3E130eF14a50309C01B", 18, ""); INSERT INTO common_asset_details(identifier, symbol, coingecko, cryptocompare, forked, started, swapped_for) VALUES("eip155:10/erc20:0x1e925De1c68ef83bD98eE3E130eF14a50309C01B", "EXA", "", "", NULL, 1716205029, NULL); 
*
INSERT INTO assets(identifier, name, type) VALUES("eip155:10/erc20:0x11A38e06699b238D6D9A0C7A01f3AC63a07ad318", "USDFI", "C"); INSERT INTO evm_tokens(identifier, token_kind, chain, address, decimals, protocol) VALUES("eip155:10/erc20:0x11A38e06699b238D6D9A0C7A01f3AC63a07ad318", "A", 10, "0x11A38e06699b238D6D9A0C7A01f3AC63a07ad318", 18, ""); INSERT INTO common_asset_details(identifier, symbol, coingecko, cryptocompare, forked, started, swapped_for) VALUES("eip155:10/erc20:0x11A38e06699b238D6D9A0C7A01f3AC63a07ad318", "USDFI", "", "", NULL, 1690143693, NULL); 
*
INSERT INTO assets(identifier, name, type) VALUES("eip155:10/erc20:0xa3870fbBeb730BA99e4107051612af3465CA9F5e", "STABLE", "C"); INSERT INTO evm_tokens(identifier, token_kind, chain, address, decimals, protocol) VALUES("eip155:10/erc20:0xa3870fbBeb730BA99e4107051612af3465CA9F5e", "A", 10, "0xa3870fbBeb730BA99e4107051612af3465CA9F5e", 18, ""); INSERT INTO common_asset_details(identifier, symbol, coingecko, cryptocompare, forked, started, swapped_for) VALUES("eip155:10/erc20:0xa3870fbBeb730BA99e4107051612af3465CA9F5e", "STABLE", "", "", NULL, 1690149701, NULL); 
*
INSERT INTO assets(identifier, name, type) VALUES("eip155:10/erc20:0x04cC847F81A01328c69EA58321f2E0F8e8ED9681", "Worldcoin", "C"); INSERT INTO evm_tokens(identifier, token_kind, chain, address, decimals, protocol) VALUES("eip155:10/erc20:0x04cC847F81A01328c69EA58321f2E0F8e8ED9681", "A", 10, "0x04cC847F81A01328c69EA58321f2E0F8e8ED9681", 18, ""); INSERT INTO common_asset_details(identifier, symbol, coingecko, cryptocompare, forked, started, swapped_for) VALUES("eip155:10/erc20:0x04cC847F81A01328c69EA58321f2E0F8e8ED9681", "WLD", "", "", NULL, 1690186181, NULL); 
*
INSERT INTO assets(identifier, name, type) VALUES("eip155:10/erc20:0x57ebDb4c8E41eBAc32986DF4A4D591296E5fB0F1", "SSS", "C"); INSERT INTO evm_tokens(identifier, token_kind, chain, address, decimals, protocol) VALUES("eip155:10/erc20:0x57ebDb4c8E41eBAc32986DF4A4D591296E5fB0F1", "A", 10, "0x57ebDb4c8E41eBAc32986DF4A4D591296E5fB0F1", 18, ""); INSERT INTO common_asset_details(identifier, symbol, coingecko, cryptocompare, forked, started, swapped_for) VALUES("eip155:10/erc20:0x57ebDb4c8E41eBAc32986DF4A4D591296E5fB0F1", "SSS", "", "", NULL, 1691598985, NULL); 
*
INSERT INTO assets(identifier, name, type) VALUES("eip155:10/erc20:0x747e42Eb0591547a0ab429B3627816208c734EA7", "Threshold Network Token", "C"); INSERT INTO evm_tokens(identifier, token_kind, chain, address, decimals, protocol) VALUES("eip155:10/erc20:0x747e42Eb0591547a0ab429B3627816208c734EA7", "A", 10, "0x747e42Eb0591547a0ab429B3627816208c734EA7", 18, ""); INSERT INTO common_asset_details(identifier, symbol, coingecko, cryptocompare, forked, started, swapped_for) VALUES("eip155:10/erc20:0x747e42Eb0591547a0ab429B3627816208c734EA7", "T", "", "", NULL, 1716202321, NULL); 
*
INSERT INTO assets(identifier, name, type) VALUES("eip155:10/erc20:0xb532178708814F0c174B29B991D2b355106Afbc3", "Astrava", "C"); INSERT INTO evm_tokens(identifier, token_kind, chain, address, decimals, protocol) VALUES("eip155:10/erc20:0xb532178708814F0c174B29B991D2b355106Afbc3", "A", 10, "0xb532178708814F0c174B29B991D2b355106Afbc3", 18, ""); INSERT INTO common_asset_details(identifier, symbol, coingecko, cryptocompare, forked, started, swapped_for) VALUES("eip155:10/erc20:0xb532178708814F0c174B29B991D2b355106Afbc3", "AST", "", "", NULL, 1715524803, NULL); 
*
INSERT INTO assets(identifier, name, type) VALUES("eip155:10/erc20:0x0D82eF1CC4262258a84A5d5b280d22d594955B3c", "Bait", "C"); INSERT INTO evm_tokens(identifier, token_kind, chain, address, decimals, protocol) VALUES("eip155:10/erc20:0x0D82eF1CC4262258a84A5d5b280d22d594955B3c", "A", 10, "0x0D82eF1CC4262258a84A5d5b280d22d594955B3c", 18, ""); INSERT INTO common_asset_details(identifier, symbol, coingecko, cryptocompare, forked, started, swapped_for) VALUES("eip155:10/erc20:0x0D82eF1CC4262258a84A5d5b280d22d594955B3c", "BAIT", "", "", NULL, 1690407403, NULL); 
*
INSERT INTO assets(identifier, name, type) VALUES("eip155:10/erc20:0x9D028948155e570A81cA51d87DC10F1fA06D9651", "GodX", "C"); INSERT INTO evm_tokens(identifier, token_kind, chain, address, decimals, protocol) VALUES("eip155:10/erc20:0x9D028948155e570A81cA51d87DC10F1fA06D9651", "A", 10, "0x9D028948155e570A81cA51d87DC10F1fA06D9651", 18, ""); INSERT INTO common_asset_details(identifier, symbol, coingecko, cryptocompare, forked, started, swapped_for) VALUES("eip155:10/erc20:0x9D028948155e570A81cA51d87DC10F1fA06D9651", "GodX", "", "", NULL, 1690453643, NULL); 
*
INSERT INTO assets(identifier, name, type) VALUES("eip155:10/erc20:0x8e8D635E28BB8774FD23107cC1D9b6D30AD5D0B9", "Velodrome v2 IB-WETH Factory yVault", "C"); INSERT INTO evm_tokens(identifier, token_kind, chain, address, decimals, protocol) VALUES("eip155:10/erc20:0x8e8D635E28BB8774FD23107cC1D9b6D30AD5D0B9", "A", 10, "0x8e8D635E28BB8774FD23107cC1D9b6D30AD5D0B9", 18, ""); INSERT INTO common_asset_details(identifier, symbol, coingecko, cryptocompare, forked, started, swapped_for) VALUES("eip155:10/erc20:0x8e8D635E28BB8774FD23107cC1D9b6D30AD5D0B9", "yvVelo-IB-WETH-f", "", "", NULL, 1714720965, NULL); 
*
INSERT INTO assets(identifier, name, type) VALUES("eip155:10/erc20:0xAb1047894dA4ec207c71bE0AEF5c7885e07B2DaF", "LSD DAO", "C"); INSERT INTO evm_tokens(identifier, token_kind, chain, address, decimals, protocol) VALUES("eip155:10/erc20:0xAb1047894dA4ec207c71bE0AEF5c7885e07B2DaF", "A", 10, "0xAb1047894dA4ec207c71bE0AEF5c7885e07B2DaF", 18, ""); INSERT INTO common_asset_details(identifier, symbol, coingecko, cryptocompare, forked, started, swapped_for) VALUES("eip155:10/erc20:0xAb1047894dA4ec207c71bE0AEF5c7885e07B2DaF", "LSD", "", "", NULL, 1708728927, NULL); 
*
INSERT INTO assets(identifier, name, type) VALUES("eip155:10/erc20:0x1F514A61bcde34F94Bc39731235690ab9da737F7", "Tarot", "C"); INSERT INTO evm_tokens(identifier, token_kind, chain, address, decimals, protocol) VALUES("eip155:10/erc20:0x1F514A61bcde34F94Bc39731235690ab9da737F7", "A", 10, "0x1F514A61bcde34F94Bc39731235690ab9da737F7", 18, ""); INSERT INTO common_asset_details(identifier, symbol, coingecko, cryptocompare, forked, started, swapped_for) VALUES("eip155:10/erc20:0x1F514A61bcde34F94Bc39731235690ab9da737F7", "TAROT", "", "", NULL, 1716199715, NULL); 
*
INSERT INTO assets(identifier, name, type) VALUES("eip155:10/erc20:0xF9e1F4EEdE806FDA20f4084d9f9c4c2b36E38e77", "Degen", "C"); INSERT INTO evm_tokens(identifier, token_kind, chain, address, decimals, protocol) VALUES("eip155:10/erc20:0xF9e1F4EEdE806FDA20f4084d9f9c4c2b36E38e77", "A", 10, "0xF9e1F4EEdE806FDA20f4084d9f9c4c2b36E38e77", 18, ""); INSERT INTO common_asset_details(identifier, symbol, coingecko, cryptocompare, forked, started, swapped_for) VALUES("eip155:10/erc20:0xF9e1F4EEdE806FDA20f4084d9f9c4c2b36E38e77", "DGN", "", "", NULL, 1715864811, NULL); 
*
INSERT INTO assets(identifier, name, type) VALUES("eip155:10/erc20:0x2e80259C9071B6176205FF5F5Eb6F7EC8361b93f", "HashDAO Token", "C"); INSERT INTO evm_tokens(identifier, token_kind, chain, address, decimals, protocol) VALUES("eip155:10/erc20:0x2e80259C9071B6176205FF5F5Eb6F7EC8361b93f", "A", 10, "0x2e80259C9071B6176205FF5F5Eb6F7EC8361b93f", 18, ""); INSERT INTO common_asset_details(identifier, symbol, coingecko, cryptocompare, forked, started, swapped_for) VALUES("eip155:10/erc20:0x2e80259C9071B6176205FF5F5Eb6F7EC8361b93f", "HASH", "", "", NULL, 1705228343, NULL); 
*
INSERT INTO assets(identifier, name, type) VALUES("eip155:10/erc20:0xC03b43d492d904406db2d7D57e67C7e8234bA752", "Wrapped USDR", "C"); INSERT INTO evm_tokens(identifier, token_kind, chain, address, decimals, protocol) VALUES("eip155:10/erc20:0xC03b43d492d904406db2d7D57e67C7e8234bA752", "A", 10, "0xC03b43d492d904406db2d7D57e67C7e8234bA752", 9, ""); INSERT INTO common_asset_details(identifier, symbol, coingecko, cryptocompare, forked, started, swapped_for) VALUES("eip155:10/erc20:0xC03b43d492d904406db2d7D57e67C7e8234bA752", "wUSDR", "", "", NULL, 1716120247, NULL); 
*
INSERT INTO assets(identifier, name, type) VALUES("eip155:10/erc20:0xEB466342C4d449BC9f53A865D5Cb90586f405215", "Axelar Wrapped USDC", "C"); INSERT INTO evm_tokens(identifier, token_kind, chain, address, decimals, protocol) VALUES("eip155:10/erc20:0xEB466342C4d449BC9f53A865D5Cb90586f405215", "A", 10, "0xEB466342C4d449BC9f53A865D5Cb90586f405215", 6, ""); INSERT INTO common_asset_details(identifier, symbol, coingecko, cryptocompare, forked, started, swapped_for) VALUES("eip155:10/erc20:0xEB466342C4d449BC9f53A865D5Cb90586f405215", "axlUSDC", "", "", NULL, 1716190435, NULL); 
*
INSERT INTO assets(identifier, name, type) VALUES("eip155:10/erc20:0x659b968602Be9a9386f9D0eAFc34Aca4EFFDFad1", "Racers", "C"); INSERT INTO evm_tokens(identifier, token_kind, chain, address, decimals, protocol) VALUES("eip155:10/erc20:0x659b968602Be9a9386f9D0eAFc34Aca4EFFDFad1", "A", 10, "0x659b968602Be9a9386f9D0eAFc34Aca4EFFDFad1", 18, ""); INSERT INTO common_asset_details(identifier, symbol, coingecko, cryptocompare, forked, started, swapped_for) VALUES("eip155:10/erc20:0x659b968602Be9a9386f9D0eAFc34Aca4EFFDFad1", "RACE", "", "", NULL, 1691309395, NULL); 
*
INSERT INTO assets(identifier, name, type) VALUES("eip155:10/erc20:0x7D2382b1f8Af621229d33464340541Db362B4907", "OP yVault", "C"); INSERT INTO evm_tokens(identifier, token_kind, chain, address, decimals, protocol) VALUES("eip155:10/erc20:0x7D2382b1f8Af621229d33464340541Db362B4907", "A", 10, "0x7D2382b1f8Af621229d33464340541Db362B4907", 18, ""); INSERT INTO common_asset_details(identifier, symbol, coingecko, cryptocompare, forked, started, swapped_for) VALUES("eip155:10/erc20:0x7D2382b1f8Af621229d33464340541Db362B4907", "yvOP", "", "", NULL, 1716203919, NULL); 
*
INSERT INTO assets(identifier, name, type) VALUES("eip155:10/erc20:0x2F40fc92764c575BBdB331A002fEf8F3D8aD30C5", "Babel micro-DAO", "C"); INSERT INTO evm_tokens(identifier, token_kind, chain, address, decimals, protocol) VALUES("eip155:10/erc20:0x2F40fc92764c575BBdB331A002fEf8F3D8aD30C5", "A", 10, "0x2F40fc92764c575BBdB331A002fEf8F3D8aD30C5", 18, ""); INSERT INTO common_asset_details(identifier, symbol, coingecko, cryptocompare, forked, started, swapped_for) VALUES("eip155:10/erc20:0x2F40fc92764c575BBdB331A002fEf8F3D8aD30C5", "BABEL", "", "", NULL, 1691569563, NULL); 
*
INSERT INTO assets(identifier, name, type) VALUES("eip155:10/erc20:0x73fF02512Eb70e7b5Bc07681bA6922a4Cb4377aC", "LK-99", "C"); INSERT INTO evm_tokens(identifier, token_kind, chain, address, decimals, protocol) VALUES("eip155:10/erc20:0x73fF02512Eb70e7b5Bc07681bA6922a4Cb4377aC", "A", 10, "0x73fF02512Eb70e7b5Bc07681bA6922a4Cb4377aC", 18, ""); INSERT INTO common_asset_details(identifier, symbol, coingecko, cryptocompare, forked, started, swapped_for) VALUES("eip155:10/erc20:0x73fF02512Eb70e7b5Bc07681bA6922a4Cb4377aC", "LK-99", "", "", NULL, 1692464783, NULL); 
*
INSERT INTO assets(identifier, name, type) VALUES("eip155:10/erc20:0x894134a25a5faC1c2C26F1d8fBf05111a3CB9487", "Gravita Debt Token", "C"); INSERT INTO evm_tokens(identifier, token_kind, chain, address, decimals, protocol) VALUES("eip155:10/erc20:0x894134a25a5faC1c2C26F1d8fBf05111a3CB9487", "A", 10, "0x894134a25a5faC1c2C26F1d8fBf05111a3CB9487", 18, ""); INSERT INTO common_asset_details(identifier, symbol, coingecko, cryptocompare, forked, started, swapped_for) VALUES("eip155:10/erc20:0x894134a25a5faC1c2C26F1d8fBf05111a3CB9487", "GRAI", "", "", NULL, 1716182261, NULL); 
*
INSERT INTO assets(identifier, name, type) VALUES("eip155:10/erc20:0xb396b31599333739A97951b74652c117BE86eE1D", "Davos.xyz USD", "C"); INSERT INTO evm_tokens(identifier, token_kind, chain, address, decimals, protocol) VALUES("eip155:10/erc20:0xb396b31599333739A97951b74652c117BE86eE1D", "A", 10, "0xb396b31599333739A97951b74652c117BE86eE1D", 18, ""); INSERT INTO common_asset_details(identifier, symbol, coingecko, cryptocompare, forked, started, swapped_for) VALUES("eip155:10/erc20:0xb396b31599333739A97951b74652c117BE86eE1D", "DUSD", "", "", NULL, 1716191971, NULL); 
*
INSERT INTO assets(identifier, name, type) VALUES("eip155:10/erc20:0x01B8b6384298D4848E3BE63D4C9D17830EeE488A", "DAOhaus Token on Optimism", "C"); INSERT INTO evm_tokens(identifier, token_kind, chain, address, decimals, protocol) VALUES("eip155:10/erc20:0x01B8b6384298D4848E3BE63D4C9D17830EeE488A", "A", 10, "0x01B8b6384298D4848E3BE63D4C9D17830EeE488A", 18, ""); INSERT INTO common_asset_details(identifier, symbol, coingecko, cryptocompare, forked, started, swapped_for) VALUES("eip155:10/erc20:0x01B8b6384298D4848E3BE63D4C9D17830EeE488A", "HAUS", "", "", NULL, 1715901709, NULL); 
*
INSERT INTO assets(identifier, name, type) VALUES("eip155:10/erc20:0xFf733b2A3557a7ed6697007ab5D11B79FdD1b76B", "Across Protocol Token", "C"); INSERT INTO evm_tokens(identifier, token_kind, chain, address, decimals, protocol) VALUES("eip155:10/erc20:0xFf733b2A3557a7ed6697007ab5D11B79FdD1b76B", "A", 10, "0xFf733b2A3557a7ed6697007ab5D11B79FdD1b76B", 18, ""); INSERT INTO common_asset_details(identifier, symbol, coingecko, cryptocompare, forked, started, swapped_for) VALUES("eip155:10/erc20:0xFf733b2A3557a7ed6697007ab5D11B79FdD1b76B", "ACX", "", "", NULL, 1666278943, NULL); 
*
INSERT INTO assets(identifier, name, type) VALUES("eip155:10/erc20:0xef9aE714dCd61A9DE189c63c40B0082F2ead576D", "Test", "C"); INSERT INTO evm_tokens(identifier, token_kind, chain, address, decimals, protocol) VALUES("eip155:10/erc20:0xef9aE714dCd61A9DE189c63c40B0082F2ead576D", "A", 10, "0xef9aE714dCd61A9DE189c63c40B0082F2ead576D", 18, ""); INSERT INTO common_asset_details(identifier, symbol, coingecko, cryptocompare, forked, started, swapped_for) VALUES("eip155:10/erc20:0xef9aE714dCd61A9DE189c63c40B0082F2ead576D", "TEST", "", "", NULL, 1692239025, NULL); 
*
INSERT INTO assets(identifier, name, type) VALUES("eip155:10/erc20:0xCc53721eadC864Aa8e3A0a7DAABC74e4BF7Ad102", "Test", "C"); INSERT INTO evm_tokens(identifier, token_kind, chain, address, decimals, protocol) VALUES("eip155:10/erc20:0xCc53721eadC864Aa8e3A0a7DAABC74e4BF7Ad102", "A", 10, "0xCc53721eadC864Aa8e3A0a7DAABC74e4BF7Ad102", 18, ""); INSERT INTO common_asset_details(identifier, symbol, coingecko, cryptocompare, forked, started, swapped_for) VALUES("eip155:10/erc20:0xCc53721eadC864Aa8e3A0a7DAABC74e4BF7Ad102", "TEST1", "", "", NULL, 1692240691, NULL); 
*
INSERT INTO assets(identifier, name, type) VALUES("eip155:10/erc20:0x158b4eD5b3bd2383ceC2A045C7c8F3594B72Cad2", "Test", "C"); INSERT INTO evm_tokens(identifier, token_kind, chain, address, decimals, protocol) VALUES("eip155:10/erc20:0x158b4eD5b3bd2383ceC2A045C7c8F3594B72Cad2", "A", 10, "0x158b4eD5b3bd2383ceC2A045C7c8F3594B72Cad2", 18, ""); INSERT INTO common_asset_details(identifier, symbol, coingecko, cryptocompare, forked, started, swapped_for) VALUES("eip155:10/erc20:0x158b4eD5b3bd2383ceC2A045C7c8F3594B72Cad2", "TEST", "", "", NULL, 1692257189, NULL); 
*
INSERT INTO assets(identifier, name, type) VALUES("eip155:10/erc20:0xFe1F3C6D42376e74d3E9C0724ed132c1e0Dcdd8a", "Test", "C"); INSERT INTO evm_tokens(identifier, token_kind, chain, address, decimals, protocol) VALUES("eip155:10/erc20:0xFe1F3C6D42376e74d3E9C0724ed132c1e0Dcdd8a", "A", 10, "0xFe1F3C6D42376e74d3E9C0724ed132c1e0Dcdd8a", 18, ""); INSERT INTO common_asset_details(identifier, symbol, coingecko, cryptocompare, forked, started, swapped_for) VALUES("eip155:10/erc20:0xFe1F3C6D42376e74d3E9C0724ed132c1e0Dcdd8a", "TEST", "", "", NULL, 1692259831, NULL); 
*
INSERT INTO assets(identifier, name, type) VALUES("eip155:10/erc20:0xbf0c7ccB143126C1bE90a426f676f5cb313956d9", "Tempest", "C"); INSERT INTO evm_tokens(identifier, token_kind, chain, address, decimals, protocol) VALUES("eip155:10/erc20:0xbf0c7ccB143126C1bE90a426f676f5cb313956d9", "A", 10, "0xbf0c7ccB143126C1bE90a426f676f5cb313956d9", 18, ""); INSERT INTO common_asset_details(identifier, symbol, coingecko, cryptocompare, forked, started, swapped_for) VALUES("eip155:10/erc20:0xbf0c7ccB143126C1bE90a426f676f5cb313956d9", "TEM", "", "", NULL, 1699149149, NULL); 
*
INSERT INTO assets(identifier, name, type) VALUES("eip155:10/erc20:0xFd5494CDf4f1a5b5abA8cE5D7ee1d04eF47f2FCA", "Test", "C"); INSERT INTO evm_tokens(identifier, token_kind, chain, address, decimals, protocol) VALUES("eip155:10/erc20:0xFd5494CDf4f1a5b5abA8cE5D7ee1d04eF47f2FCA", "A", 10, "0xFd5494CDf4f1a5b5abA8cE5D7ee1d04eF47f2FCA", 18, ""); INSERT INTO common_asset_details(identifier, symbol, coingecko, cryptocompare, forked, started, swapped_for) VALUES("eip155:10/erc20:0xFd5494CDf4f1a5b5abA8cE5D7ee1d04eF47f2FCA", "TEST", "", "", NULL, 1692261241, NULL); 
*
INSERT INTO assets(identifier, name, type) VALUES("eip155:10/erc20:0x9e57B3d7fD1a8F8FcE8C4214cC1148D518D6f6fE", "Test", "C"); INSERT INTO evm_tokens(identifier, token_kind, chain, address, decimals, protocol) VALUES("eip155:10/erc20:0x9e57B3d7fD1a8F8FcE8C4214cC1148D518D6f6fE", "A", 10, "0x9e57B3d7fD1a8F8FcE8C4214cC1148D518D6f6fE", 18, ""); INSERT INTO common_asset_details(identifier, symbol, coingecko, cryptocompare, forked, started, swapped_for) VALUES("eip155:10/erc20:0x9e57B3d7fD1a8F8FcE8C4214cC1148D518D6f6fE", "TEST", "", "", NULL, 1692263815, NULL); 
*
INSERT INTO assets(identifier, name, type) VALUES("eip155:10/erc20:0x4633bC9AE26919c380cb100267a4CCc0dF9eFfdF", "Test", "C"); INSERT INTO evm_tokens(identifier, token_kind, chain, address, decimals, protocol) VALUES("eip155:10/erc20:0x4633bC9AE26919c380cb100267a4CCc0dF9eFfdF", "A", 10, "0x4633bC9AE26919c380cb100267a4CCc0dF9eFfdF", 18, ""); INSERT INTO common_asset_details(identifier, symbol, coingecko, cryptocompare, forked, started, swapped_for) VALUES("eip155:10/erc20:0x4633bC9AE26919c380cb100267a4CCc0dF9eFfdF", "TEST1", "", "", NULL, 1692278289, NULL); 
*
INSERT INTO assets(identifier, name, type) VALUES("eip155:10/erc20:0x09F24E77CC8332081A8cba2D7E586ab3f1AEFeA1", "Test", "C"); INSERT INTO evm_tokens(identifier, token_kind, chain, address, decimals, protocol) VALUES("eip155:10/erc20:0x09F24E77CC8332081A8cba2D7E586ab3f1AEFeA1", "A", 10, "0x09F24E77CC8332081A8cba2D7E586ab3f1AEFeA1", 18, ""); INSERT INTO common_asset_details(identifier, symbol, coingecko, cryptocompare, forked, started, swapped_for) VALUES("eip155:10/erc20:0x09F24E77CC8332081A8cba2D7E586ab3f1AEFeA1", "TEST2", "", "", NULL, 1692278863, NULL); 
*
INSERT INTO assets(identifier, name, type) VALUES("eip155:10/erc20:0x98550E01f6c4F2eBC017F134950d2A24ccF43Bc0", "Test", "C"); INSERT INTO evm_tokens(identifier, token_kind, chain, address, decimals, protocol) VALUES("eip155:10/erc20:0x98550E01f6c4F2eBC017F134950d2A24ccF43Bc0", "A", 10, "0x98550E01f6c4F2eBC017F134950d2A24ccF43Bc0", 18, ""); INSERT INTO common_asset_details(identifier, symbol, coingecko, cryptocompare, forked, started, swapped_for) VALUES("eip155:10/erc20:0x98550E01f6c4F2eBC017F134950d2A24ccF43Bc0", "TEST3", "", "", NULL, 1692280387, NULL); 
*
INSERT INTO assets(identifier, name, type) VALUES("eip155:10/erc20:0x9f969755D30DdF939dcF9fcB5ff1E956515F58B2", "Test", "C"); INSERT INTO evm_tokens(identifier, token_kind, chain, address, decimals, protocol) VALUES("eip155:10/erc20:0x9f969755D30DdF939dcF9fcB5ff1E956515F58B2", "A", 10, "0x9f969755D30DdF939dcF9fcB5ff1E956515F58B2", 18, ""); INSERT INTO common_asset_details(identifier, symbol, coingecko, cryptocompare, forked, started, swapped_for) VALUES("eip155:10/erc20:0x9f969755D30DdF939dcF9fcB5ff1E956515F58B2", "TEST4", "", "", NULL, 1692280705, NULL); 
*
INSERT INTO assets(identifier, name, type) VALUES("eip155:10/erc20:0x957D574C7e63cd20011F42ba0285F0eC277C191A", "Test", "C"); INSERT INTO evm_tokens(identifier, token_kind, chain, address, decimals, protocol) VALUES("eip155:10/erc20:0x957D574C7e63cd20011F42ba0285F0eC277C191A", "A", 10, "0x957D574C7e63cd20011F42ba0285F0eC277C191A", 18, ""); INSERT INTO common_asset_details(identifier, symbol, coingecko, cryptocompare, forked, started, swapped_for) VALUES("eip155:10/erc20:0x957D574C7e63cd20011F42ba0285F0eC277C191A", "TEST5", "", "", NULL, 1692280783, NULL); 
*
INSERT INTO assets(identifier, name, type) VALUES("eip155:10/erc20:0xf4d620009d9381094CD70eBEE2B0730E095A3b12", "Test", "C"); INSERT INTO evm_tokens(identifier, token_kind, chain, address, decimals, protocol) VALUES("eip155:10/erc20:0xf4d620009d9381094CD70eBEE2B0730E095A3b12", "A", 10, "0xf4d620009d9381094CD70eBEE2B0730E095A3b12", 18, ""); INSERT INTO common_asset_details(identifier, symbol, coingecko, cryptocompare, forked, started, swapped_for) VALUES("eip155:10/erc20:0xf4d620009d9381094CD70eBEE2B0730E095A3b12", "TEST", "", "", NULL, 1692281023, NULL); 
*
INSERT INTO assets(identifier, name, type) VALUES("eip155:10/erc20:0x83b8391B9efBc5B5A38777fB22A4968c622a405a", "Velodrome v2 BLU-USDC Factory yVault", "C"); INSERT INTO evm_tokens(identifier, token_kind, chain, address, decimals, protocol) VALUES("eip155:10/erc20:0x83b8391B9efBc5B5A38777fB22A4968c622a405a", "A", 10, "0x83b8391B9efBc5B5A38777fB22A4968c622a405a", 18, ""); INSERT INTO common_asset_details(identifier, symbol, coingecko, cryptocompare, forked, started, swapped_for) VALUES("eip155:10/erc20:0x83b8391B9efBc5B5A38777fB22A4968c622a405a", "yvVelo-BLU-USDC-f", "", "", NULL, 1716172039, NULL); 
*
INSERT INTO assets(identifier, name, type) VALUES("eip155:10/erc20:0xfA3C6122906f2A2d644409dBB507DB1060D10b3A", "Velodrome v2 RED-OP Factory yVault", "C"); INSERT INTO evm_tokens(identifier, token_kind, chain, address, decimals, protocol) VALUES("eip155:10/erc20:0xfA3C6122906f2A2d644409dBB507DB1060D10b3A", "A", 10, "0xfA3C6122906f2A2d644409dBB507DB1060D10b3A", 18, ""); INSERT INTO common_asset_details(identifier, symbol, coingecko, cryptocompare, forked, started, swapped_for) VALUES("eip155:10/erc20:0xfA3C6122906f2A2d644409dBB507DB1060D10b3A", "yvVelo-RED-OP-f", "", "", NULL, 1716135723, NULL); 
*
INSERT INTO assets(identifier, name, type) VALUES("eip155:10/erc20:0xBe827F2975f2da78feb3683c558B143E3C6dCD07", "DINERO", "C"); INSERT INTO evm_tokens(identifier, token_kind, chain, address, decimals, protocol) VALUES("eip155:10/erc20:0xBe827F2975f2da78feb3683c558B143E3C6dCD07", "A", 10, "0xBe827F2975f2da78feb3683c558B143E3C6dCD07", 6, ""); INSERT INTO common_asset_details(identifier, symbol, coingecko, cryptocompare, forked, started, swapped_for) VALUES("eip155:10/erc20:0xBe827F2975f2da78feb3683c558B143E3C6dCD07", "DINERO", "", "", NULL, 1710085347, NULL); 
*
INSERT INTO assets(identifier, name, type) VALUES("eip155:10/erc20:0x2D3606bcc1F6A6043976d00A7b2121A5d54a8089", "ARBITECH", "C"); INSERT INTO evm_tokens(identifier, token_kind, chain, address, decimals, protocol) VALUES("eip155:10/erc20:0x2D3606bcc1F6A6043976d00A7b2121A5d54a8089", "A", 10, "0x2D3606bcc1F6A6043976d00A7b2121A5d54a8089", 18, ""); INSERT INTO common_asset_details(identifier, symbol, coingecko, cryptocompare, forked, started, swapped_for) VALUES("eip155:10/erc20:0x2D3606bcc1F6A6043976d00A7b2121A5d54a8089", "ARBFRENS", "", "", NULL, 1693449577, NULL); 
*
INSERT INTO assets(identifier, name, type) VALUES("eip155:10/erc20:0x11E1873a3F79d01C8DB4D7544348AEEbA0c7E0cA", "mckinseyRekt", "C"); INSERT INTO evm_tokens(identifier, token_kind, chain, address, decimals, protocol) VALUES("eip155:10/erc20:0x11E1873a3F79d01C8DB4D7544348AEEbA0c7E0cA", "A", 10, "0x11E1873a3F79d01C8DB4D7544348AEEbA0c7E0cA", 18, ""); INSERT INTO common_asset_details(identifier, symbol, coingecko, cryptocompare, forked, started, swapped_for) VALUES("eip155:10/erc20:0x11E1873a3F79d01C8DB4D7544348AEEbA0c7E0cA", "MCKYRECT", "", "", NULL, 1692701475, NULL); 
*
INSERT INTO assets(identifier, name, type) VALUES("eip155:10/erc20:0x13c600970A8710376edd3FB392CEdF6eC116B7b6", "OPPUNK", "C"); INSERT INTO evm_tokens(identifier, token_kind, chain, address, decimals, protocol) VALUES("eip155:10/erc20:0x13c600970A8710376edd3FB392CEdF6eC116B7b6", "A", 10, "0x13c600970A8710376edd3FB392CEdF6eC116B7b6", 18, ""); INSERT INTO common_asset_details(identifier, symbol, coingecko, cryptocompare, forked, started, swapped_for) VALUES("eip155:10/erc20:0x13c600970A8710376edd3FB392CEdF6eC116B7b6", "OPP", "", "", NULL, 1692701883, NULL); 
*
INSERT INTO assets(identifier, name, type) VALUES("eip155:10/erc20:0xcb7348d51E49402591A6a382F3a76e33FD4b341e", "Pepe", "C"); INSERT INTO evm_tokens(identifier, token_kind, chain, address, decimals, protocol) VALUES("eip155:10/erc20:0xcb7348d51E49402591A6a382F3a76e33FD4b341e", "A", 10, "0xcb7348d51E49402591A6a382F3a76e33FD4b341e", 18, ""); INSERT INTO common_asset_details(identifier, symbol, coingecko, cryptocompare, forked, started, swapped_for) VALUES("eip155:10/erc20:0xcb7348d51E49402591A6a382F3a76e33FD4b341e", "PEPE", "", "", NULL, 1711804913, NULL); 
*
INSERT INTO assets(identifier, name, type) VALUES("eip155:10/erc20:0x1D22635AF2D5EF3f4568E326dEfd6b85D0D47128", "PePev2", "C"); INSERT INTO evm_tokens(identifier, token_kind, chain, address, decimals, protocol) VALUES("eip155:10/erc20:0x1D22635AF2D5EF3f4568E326dEfd6b85D0D47128", "A", 10, "0x1D22635AF2D5EF3f4568E326dEfd6b85D0D47128", 18, ""); INSERT INTO common_asset_details(identifier, symbol, coingecko, cryptocompare, forked, started, swapped_for) VALUES("eip155:10/erc20:0x1D22635AF2D5EF3f4568E326dEfd6b85D0D47128", "PEPEv2", "", "", NULL, 1699490549, NULL); 
*
INSERT INTO assets(identifier, name, type) VALUES("eip155:10/erc20:0x483522f892a25AC748069F907F12fA66aac39114", "Friend Tech", "C"); INSERT INTO evm_tokens(identifier, token_kind, chain, address, decimals, protocol) VALUES("eip155:10/erc20:0x483522f892a25AC748069F907F12fA66aac39114", "A", 10, "0x483522f892a25AC748069F907F12fA66aac39114", 18, ""); INSERT INTO common_asset_details(identifier, symbol, coingecko, cryptocompare, forked, started, swapped_for) VALUES("eip155:10/erc20:0x483522f892a25AC748069F907F12fA66aac39114", "FRIENDS", "", "", NULL, 1696854763, NULL); 
*
INSERT INTO assets(identifier, name, type) VALUES("eip155:10/erc20:0xC9498D40E7a947cE21D1C4C74f05fE22c1ca0E81", "koinhunter", "C"); INSERT INTO evm_tokens(identifier, token_kind, chain, address, decimals, protocol) VALUES("eip155:10/erc20:0xC9498D40E7a947cE21D1C4C74f05fE22c1ca0E81", "A", 10, "0xC9498D40E7a947cE21D1C4C74f05fE22c1ca0E81", 18, ""); INSERT INTO common_asset_details(identifier, symbol, coingecko, cryptocompare, forked, started, swapped_for) VALUES("eip155:10/erc20:0xC9498D40E7a947cE21D1C4C74f05fE22c1ca0E81", "KHN", "", "", NULL, 1692710037, NULL); 
*
INSERT INTO assets(identifier, name, type) VALUES("eip155:10/erc20:0x4CB9155B1D6c3e4069c9B2b9A3EE1F892e16AC39", "Pudi Pudi", "C"); INSERT INTO evm_tokens(identifier, token_kind, chain, address, decimals, protocol) VALUES("eip155:10/erc20:0x4CB9155B1D6c3e4069c9B2b9A3EE1F892e16AC39", "A", 10, "0x4CB9155B1D6c3e4069c9B2b9A3EE1F892e16AC39", 18, ""); INSERT INTO common_asset_details(identifier, symbol, coingecko, cryptocompare, forked, started, swapped_for) VALUES("eip155:10/erc20:0x4CB9155B1D6c3e4069c9B2b9A3EE1F892e16AC39", "Pudi", "", "", NULL, 1692710329, NULL); 
*
INSERT INTO assets(identifier, name, type) VALUES("eip155:10/erc20:0xDe8E894148C47cC0BaEfd0Bc56BA0DBc1a61201A", "Bc Game", "C"); INSERT INTO evm_tokens(identifier, token_kind, chain, address, decimals, protocol) VALUES("eip155:10/erc20:0xDe8E894148C47cC0BaEfd0Bc56BA0DBc1a61201A", "A", 10, "0xDe8E894148C47cC0BaEfd0Bc56BA0DBc1a61201A", 18, ""); INSERT INTO common_asset_details(identifier, symbol, coingecko, cryptocompare, forked, started, swapped_for) VALUES("eip155:10/erc20:0xDe8E894148C47cC0BaEfd0Bc56BA0DBc1a61201A", "BCG", "", "", NULL, 1695067947, NULL); 
*
INSERT INTO assets(identifier, name, type) VALUES("eip155:10/erc20:0xd2AccbDDdf36B2356042ab9BF8587D76b809624C", "MAIP", "C"); INSERT INTO evm_tokens(identifier, token_kind, chain, address, decimals, protocol) VALUES("eip155:10/erc20:0xd2AccbDDdf36B2356042ab9BF8587D76b809624C", "A", 10, "0xd2AccbDDdf36B2356042ab9BF8587D76b809624C", 18, ""); INSERT INTO common_asset_details(identifier, symbol, coingecko, cryptocompare, forked, started, swapped_for) VALUES("eip155:10/erc20:0xd2AccbDDdf36B2356042ab9BF8587D76b809624C", "MAIP", "", "", NULL, 1695067579, NULL); 
*
INSERT INTO assets(identifier, name, type) VALUES("eip155:10/erc20:0xdf8057e025882Ca558155107150A374897E8271F", "Undeed dog", "C"); INSERT INTO evm_tokens(identifier, token_kind, chain, address, decimals, protocol) VALUES("eip155:10/erc20:0xdf8057e025882Ca558155107150A374897E8271F", "A", 10, "0xdf8057e025882Ca558155107150A374897E8271F", 18, ""); INSERT INTO common_asset_details(identifier, symbol, coingecko, cryptocompare, forked, started, swapped_for) VALUES("eip155:10/erc20:0xdf8057e025882Ca558155107150A374897E8271F", "UNDEED", "", "", NULL, 1693171953, NULL); 
*
INSERT INTO assets(identifier, name, type) VALUES("eip155:10/erc20:0x02D745e3d6A4cd97f95C4D4646FBF6f763aE6ecA", "FanAIDog", "C"); INSERT INTO evm_tokens(identifier, token_kind, chain, address, decimals, protocol) VALUES("eip155:10/erc20:0x02D745e3d6A4cd97f95C4D4646FBF6f763aE6ecA", "A", 10, "0x02D745e3d6A4cd97f95C4D4646FBF6f763aE6ecA", 18, ""); INSERT INTO common_asset_details(identifier, symbol, coingecko, cryptocompare, forked, started, swapped_for) VALUES("eip155:10/erc20:0x02D745e3d6A4cd97f95C4D4646FBF6f763aE6ecA", "FAID", "", "", NULL, 1692731325, NULL); 
*
INSERT INTO assets(identifier, name, type) VALUES("eip155:10/erc20:0xA1f085846381335aD10C86E1001dFB833C218897", "CHERY FINANCE", "C"); INSERT INTO evm_tokens(identifier, token_kind, chain, address, decimals, protocol) VALUES("eip155:10/erc20:0xA1f085846381335aD10C86E1001dFB833C218897", "A", 10, "0xA1f085846381335aD10C86E1001dFB833C218897", 18, ""); INSERT INTO common_asset_details(identifier, symbol, coingecko, cryptocompare, forked, started, swapped_for) VALUES("eip155:10/erc20:0xA1f085846381335aD10C86E1001dFB833C218897", "CRF", "", "", NULL, 1695067055, NULL); 
*
INSERT INTO assets(identifier, name, type) VALUES("eip155:10/erc20:0x00e1724885473B63bCE08a9f0a52F35b0979e35A", "Oath Token", "C"); INSERT INTO evm_tokens(identifier, token_kind, chain, address, decimals, protocol) VALUES("eip155:10/erc20:0x00e1724885473B63bCE08a9f0a52F35b0979e35A", "A", 10, "0x00e1724885473B63bCE08a9f0a52F35b0979e35A", 18, ""); INSERT INTO common_asset_details(identifier, symbol, coingecko, cryptocompare, forked, started, swapped_for) VALUES("eip155:10/erc20:0x00e1724885473B63bCE08a9f0a52F35b0979e35A", "OATH", "", "", NULL, 1716152563, NULL); 
*
INSERT INTO assets(identifier, name, type) VALUES("eip155:10/erc20:0x2c94dab6B2C970d9e3049491AAC48e8E0F3b3068", "ECO", "C"); INSERT INTO evm_tokens(identifier, token_kind, chain, address, decimals, protocol) VALUES("eip155:10/erc20:0x2c94dab6B2C970d9e3049491AAC48e8E0F3b3068", "A", 10, "0x2c94dab6B2C970d9e3049491AAC48e8E0F3b3068", 18, ""); INSERT INTO common_asset_details(identifier, symbol, coingecko, cryptocompare, forked, started, swapped_for) VALUES("eip155:10/erc20:0x2c94dab6B2C970d9e3049491AAC48e8E0F3b3068", "ECO", "", "", NULL, 1695066483, NULL); 
*
INSERT INTO assets(identifier, name, type) VALUES("eip155:10/erc20:0x619f56Ad816f7182678E6443c8A7b2d276305C86", "POP", "C"); INSERT INTO evm_tokens(identifier, token_kind, chain, address, decimals, protocol) VALUES("eip155:10/erc20:0x619f56Ad816f7182678E6443c8A7b2d276305C86", "A", 10, "0x619f56Ad816f7182678E6443c8A7b2d276305C86", 18, ""); INSERT INTO common_asset_details(identifier, symbol, coingecko, cryptocompare, forked, started, swapped_for) VALUES("eip155:10/erc20:0x619f56Ad816f7182678E6443c8A7b2d276305C86", "POP", "", "", NULL, 1708240523, NULL); 
*
INSERT INTO assets(identifier, name, type) VALUES("eip155:10/erc20:0x5d2cd3A7190d38d271d9A4cCEb193040EF259840", "MURAT NETWORK", "C"); INSERT INTO evm_tokens(identifier, token_kind, chain, address, decimals, protocol) VALUES("eip155:10/erc20:0x5d2cd3A7190d38d271d9A4cCEb193040EF259840", "A", 10, "0x5d2cd3A7190d38d271d9A4cCEb193040EF259840", 18, ""); INSERT INTO common_asset_details(identifier, symbol, coingecko, cryptocompare, forked, started, swapped_for) VALUES("eip155:10/erc20:0x5d2cd3A7190d38d271d9A4cCEb193040EF259840", "MRT", "", "", NULL, 1693171367, NULL); 
*
INSERT INTO assets(identifier, name, type) VALUES("eip155:10/erc20:0x233dc79F924c35AcB4524BaC4A883c8CE11A75B2", "Bridge", "C"); INSERT INTO evm_tokens(identifier, token_kind, chain, address, decimals, protocol) VALUES("eip155:10/erc20:0x233dc79F924c35AcB4524BaC4A883c8CE11A75B2", "A", 10, "0x233dc79F924c35AcB4524BaC4A883c8CE11A75B2", 18, ""); INSERT INTO common_asset_details(identifier, symbol, coingecko, cryptocompare, forked, started, swapped_for) VALUES("eip155:10/erc20:0x233dc79F924c35AcB4524BaC4A883c8CE11A75B2", "BRIDGE", "", "", NULL, 1699011733, NULL); 
*
INSERT INTO assets(identifier, name, type) VALUES("eip155:10/erc20:0x4427dc0985D5c32d14f711934747cE88E6C09e94", "Huawei888", "C"); INSERT INTO evm_tokens(identifier, token_kind, chain, address, decimals, protocol) VALUES("eip155:10/erc20:0x4427dc0985D5c32d14f711934747cE88E6C09e94", "A", 10, "0x4427dc0985D5c32d14f711934747cE88E6C09e94", 18, ""); INSERT INTO common_asset_details(identifier, symbol, coingecko, cryptocompare, forked, started, swapped_for) VALUES("eip155:10/erc20:0x4427dc0985D5c32d14f711934747cE88E6C09e94", "HUAWEI", "", "", NULL, 1692892671, NULL); 
*
INSERT INTO assets(identifier, name, type) VALUES("eip155:10/erc20:0x90838D0659C7AC3FDb089438E7C2c8F85034438b", "MOONMISSION", "C"); INSERT INTO evm_tokens(identifier, token_kind, chain, address, decimals, protocol) VALUES("eip155:10/erc20:0x90838D0659C7AC3FDb089438E7C2c8F85034438b", "A", 10, "0x90838D0659C7AC3FDb089438E7C2c8F85034438b", 18, ""); INSERT INTO common_asset_details(identifier, symbol, coingecko, cryptocompare, forked, started, swapped_for) VALUES("eip155:10/erc20:0x90838D0659C7AC3FDb089438E7C2c8F85034438b", "MMION", "", "", NULL, 1692911437, NULL); 
*
INSERT INTO assets(identifier, name, type) VALUES("eip155:10/erc20:0x54D071153E313CE08Bb7Cce4943DEfaDa4bc7aB2", "shabi", "C"); INSERT INTO evm_tokens(identifier, token_kind, chain, address, decimals, protocol) VALUES("eip155:10/erc20:0x54D071153E313CE08Bb7Cce4943DEfaDa4bc7aB2", "A", 10, "0x54D071153E313CE08Bb7Cce4943DEfaDa4bc7aB2", 18, ""); INSERT INTO common_asset_details(identifier, symbol, coingecko, cryptocompare, forked, started, swapped_for) VALUES("eip155:10/erc20:0x54D071153E313CE08Bb7Cce4943DEfaDa4bc7aB2", "sbi", "", "", NULL, 1693286203, NULL); 
*
INSERT INTO assets(identifier, name, type) VALUES("eip155:10/erc20:0x3eE6107d9C93955acBb3f39871D32B02F82B78AB", "Staked ERN Vault", "C"); INSERT INTO evm_tokens(identifier, token_kind, chain, address, decimals, protocol) VALUES("eip155:10/erc20:0x3eE6107d9C93955acBb3f39871D32B02F82B78AB", "A", 10, "0x3eE6107d9C93955acBb3f39871D32B02F82B78AB", 18, ""); INSERT INTO common_asset_details(identifier, symbol, coingecko, cryptocompare, forked, started, swapped_for) VALUES("eip155:10/erc20:0x3eE6107d9C93955acBb3f39871D32B02F82B78AB", "stERN", "", "", NULL, 1716155865, NULL); 
*
INSERT INTO assets(identifier, name, type) VALUES("eip155:10/erc20:0x9dC6821AE74FaAE71Dfd1016f14eAdcA7823Faf4", "wstEth", "C"); INSERT INTO evm_tokens(identifier, token_kind, chain, address, decimals, protocol) VALUES("eip155:10/erc20:0x9dC6821AE74FaAE71Dfd1016f14eAdcA7823Faf4", "A", 10, "0x9dC6821AE74FaAE71Dfd1016f14eAdcA7823Faf4", 18, ""); INSERT INTO common_asset_details(identifier, symbol, coingecko, cryptocompare, forked, started, swapped_for) VALUES("eip155:10/erc20:0x9dC6821AE74FaAE71Dfd1016f14eAdcA7823Faf4", "wstEth", "", "", NULL, 1693388015, NULL); 
*
INSERT INTO assets(identifier, name, type) VALUES("eip155:10/erc20:0xD6Ca225e9A7a21c08299660aEbfCB1d5a04de7c7", "bca", "C"); INSERT INTO evm_tokens(identifier, token_kind, chain, address, decimals, protocol) VALUES("eip155:10/erc20:0xD6Ca225e9A7a21c08299660aEbfCB1d5a04de7c7", "A", 10, "0xD6Ca225e9A7a21c08299660aEbfCB1d5a04de7c7", 18, ""); INSERT INTO common_asset_details(identifier, symbol, coingecko, cryptocompare, forked, started, swapped_for) VALUES("eip155:10/erc20:0xD6Ca225e9A7a21c08299660aEbfCB1d5a04de7c7", "bca", "", "", NULL, 1693389067, NULL); 
*
INSERT INTO assets(identifier, name, type) VALUES("eip155:10/erc20:0x412582F096204e462B151A8F4A8D632506731ED9", "Wang Dayou", "C"); INSERT INTO evm_tokens(identifier, token_kind, chain, address, decimals, protocol) VALUES("eip155:10/erc20:0x412582F096204e462B151A8F4A8D632506731ED9", "A", 10, "0x412582F096204e462B151A8F4A8D632506731ED9", 18, ""); INSERT INTO common_asset_details(identifier, symbol, coingecko, cryptocompare, forked, started, swapped_for) VALUES("eip155:10/erc20:0x412582F096204e462B151A8F4A8D632506731ED9", "WANG", "", "", NULL, 1699355657, NULL); 
*
INSERT INTO assets(identifier, name, type) VALUES("eip155:10/erc20:0x0D2012359b32a654B3acFFf97BEe76282a9Fd2E9", "con", "C"); INSERT INTO evm_tokens(identifier, token_kind, chain, address, decimals, protocol) VALUES("eip155:10/erc20:0x0D2012359b32a654B3acFFf97BEe76282a9Fd2E9", "A", 10, "0x0D2012359b32a654B3acFFf97BEe76282a9Fd2E9", 18, ""); INSERT INTO common_asset_details(identifier, symbol, coingecko, cryptocompare, forked, started, swapped_for) VALUES("eip155:10/erc20:0x0D2012359b32a654B3acFFf97BEe76282a9Fd2E9", "usd", "", "", NULL, 1693506177, NULL); 
*
INSERT INTO assets(identifier, name, type) VALUES("eip155:10/erc20:0x855cd4D5C034D18754023486a8EAF6D82D94f6c5", "SOCURE", "C"); INSERT INTO evm_tokens(identifier, token_kind, chain, address, decimals, protocol) VALUES("eip155:10/erc20:0x855cd4D5C034D18754023486a8EAF6D82D94f6c5", "A", 10, "0x855cd4D5C034D18754023486a8EAF6D82D94f6c5", 18, ""); INSERT INTO common_asset_details(identifier, symbol, coingecko, cryptocompare, forked, started, swapped_for) VALUES("eip155:10/erc20:0x855cd4D5C034D18754023486a8EAF6D82D94f6c5", "SCR", "", "", NULL, 1693549083, NULL); 
*
INSERT INTO assets(identifier, name, type) VALUES("eip155:10/erc20:0x1fFc5F9Afd2EBf41cf1208c7e99d88267Ac0D23c", "LuckyDip", "C"); INSERT INTO evm_tokens(identifier, token_kind, chain, address, decimals, protocol) VALUES("eip155:10/erc20:0x1fFc5F9Afd2EBf41cf1208c7e99d88267Ac0D23c", "A", 10, "0x1fFc5F9Afd2EBf41cf1208c7e99d88267Ac0D23c", 18, ""); INSERT INTO common_asset_details(identifier, symbol, coingecko, cryptocompare, forked, started, swapped_for) VALUES("eip155:10/erc20:0x1fFc5F9Afd2EBf41cf1208c7e99d88267Ac0D23c", "LDIP", "", "", NULL, 1697206693, NULL); 
*
INSERT INTO assets(identifier, name, type) VALUES("eip155:10/erc20:0x6AF3cb766D6cd37449bfD321D961A61B0515c1BC", "Ethereans", "C"); INSERT INTO evm_tokens(identifier, token_kind, chain, address, decimals, protocol) VALUES("eip155:10/erc20:0x6AF3cb766D6cd37449bfD321D961A61B0515c1BC", "A", 10, "0x6AF3cb766D6cd37449bfD321D961A61B0515c1BC", 18, ""); INSERT INTO common_asset_details(identifier, symbol, coingecko, cryptocompare, forked, started, swapped_for) VALUES("eip155:10/erc20:0x6AF3cb766D6cd37449bfD321D961A61B0515c1BC", "OS", "", "", NULL, 1716067919, NULL); 
*
INSERT INTO assets(identifier, name, type) VALUES("eip155:10/erc20:0x31515cfC4550d9C83E2d86E8a352886d1364E2D9", "PoolTogether Prize USD Coin", "C"); INSERT INTO evm_tokens(identifier, token_kind, chain, address, decimals, protocol) VALUES("eip155:10/erc20:0x31515cfC4550d9C83E2d86E8a352886d1364E2D9", "A", 10, "0x31515cfC4550d9C83E2d86E8a352886d1364E2D9", 6, ""); INSERT INTO common_asset_details(identifier, symbol, coingecko, cryptocompare, forked, started, swapped_for) VALUES("eip155:10/erc20:0x31515cfC4550d9C83E2d86E8a352886d1364E2D9", "PTUSDC", "", "", NULL, 1715490227, NULL); 
*
INSERT INTO assets(identifier, name, type) VALUES("eip155:10/erc20:0x33bCa143d9b41322479E8d26072a00a352404721", "Metronome Synth OP", "C"); INSERT INTO evm_tokens(identifier, token_kind, chain, address, decimals, protocol) VALUES("eip155:10/erc20:0x33bCa143d9b41322479E8d26072a00a352404721", "A", 10, "0x33bCa143d9b41322479E8d26072a00a352404721", 18, ""); INSERT INTO common_asset_details(identifier, symbol, coingecko, cryptocompare, forked, started, swapped_for) VALUES("eip155:10/erc20:0x33bCa143d9b41322479E8d26072a00a352404721", "msOP", "", "", NULL, 1716075703, NULL); 
*
INSERT INTO assets(identifier, name, type) VALUES("eip155:10/erc20:0x9dAbAE7274D28A45F0B65Bf8ED201A5731492ca0", "Metronome Synth USD", "C"); INSERT INTO evm_tokens(identifier, token_kind, chain, address, decimals, protocol) VALUES("eip155:10/erc20:0x9dAbAE7274D28A45F0B65Bf8ED201A5731492ca0", "A", 10, "0x9dAbAE7274D28A45F0B65Bf8ED201A5731492ca0", 18, ""); INSERT INTO common_asset_details(identifier, symbol, coingecko, cryptocompare, forked, started, swapped_for) VALUES("eip155:10/erc20:0x9dAbAE7274D28A45F0B65Bf8ED201A5731492ca0", "msUSD", "", "", NULL, 1716202491, NULL); 
*
INSERT INTO assets(identifier, name, type) VALUES("eip155:10/erc20:0x8b0b94712E75fcdeF255AF23e38b8B4896093A58", "Topflight Apps", "C"); INSERT INTO evm_tokens(identifier, token_kind, chain, address, decimals, protocol) VALUES("eip155:10/erc20:0x8b0b94712E75fcdeF255AF23e38b8B4896093A58", "A", 10, "0x8b0b94712E75fcdeF255AF23e38b8B4896093A58", 18, ""); INSERT INTO common_asset_details(identifier, symbol, coingecko, cryptocompare, forked, started, swapped_for) VALUES("eip155:10/erc20:0x8b0b94712E75fcdeF255AF23e38b8B4896093A58", "TFA", "", "", NULL, 1694520859, NULL); 
*
INSERT INTO assets(identifier, name, type) VALUES("eip155:10/erc20:0x58b9cB810A68a7f3e1E4f8Cb45D1B9B3c79705E8", "Connext", "C"); INSERT INTO evm_tokens(identifier, token_kind, chain, address, decimals, protocol) VALUES("eip155:10/erc20:0x58b9cB810A68a7f3e1E4f8Cb45D1B9B3c79705E8", "A", 10, "0x58b9cB810A68a7f3e1E4f8Cb45D1B9B3c79705E8", 18, ""); INSERT INTO common_asset_details(identifier, symbol, coingecko, cryptocompare, forked, started, swapped_for) VALUES("eip155:10/erc20:0x58b9cB810A68a7f3e1E4f8Cb45D1B9B3c79705E8", "NEXT", "", "", NULL, 1716190379, NULL); 
*
INSERT INTO assets(identifier, name, type) VALUES("eip155:10/erc20:0x3b08fcd15280e7B5A6e404c4abb87F7C774D1B2e", "OVN", "C"); INSERT INTO evm_tokens(identifier, token_kind, chain, address, decimals, protocol) VALUES("eip155:10/erc20:0x3b08fcd15280e7B5A6e404c4abb87F7C774D1B2e", "A", 10, "0x3b08fcd15280e7B5A6e404c4abb87F7C774D1B2e", 18, ""); INSERT INTO common_asset_details(identifier, symbol, coingecko, cryptocompare, forked, started, swapped_for) VALUES("eip155:10/erc20:0x3b08fcd15280e7B5A6e404c4abb87F7C774D1B2e", "OVN", "", "", NULL, 1716199501, NULL); 
*
INSERT INTO assets(identifier, name, type) VALUES("eip155:1/erc20:0x455e53CBB86018Ac2B8092FdCd39d8444aFFC3F6", "Polygon Ecosystem Token", "C"); INSERT INTO evm_tokens(identifier, token_kind, chain, address, decimals, protocol) VALUES("eip155:1/erc20:0x455e53CBB86018Ac2B8092FdCd39d8444aFFC3F6", "A", 1, "0x455e53CBB86018Ac2B8092FdCd39d8444aFFC3F6", 18, ""); INSERT INTO common_asset_details(identifier, symbol, coingecko, cryptocompare, forked, started, swapped_for) VALUES("eip155:1/erc20:0x455e53CBB86018Ac2B8092FdCd39d8444aFFC3F6", "POL", "polygon-ecosystem-token", "", NULL, 1698224783, NULL); 
*
INSERT INTO assets(identifier, name, type) VALUES("eip155:42161/erc20:0xFF970A61A04b1cA14834A43f5dE4533eBDDB5CC8", "Bridged USDC", "C"); INSERT INTO evm_tokens(identifier, token_kind, chain, address, decimals, protocol) VALUES("eip155:42161/erc20:0xFF970A61A04b1cA14834A43f5dE4533eBDDB5CC8", "A", 42161, "0xFF970A61A04b1cA14834A43f5dE4533eBDDB5CC8", 6, ""); INSERT INTO common_asset_details(identifier, symbol, coingecko, cryptocompare, forked, started, swapped_for) VALUES("eip155:42161/erc20:0xFF970A61A04b1cA14834A43f5dE4533eBDDB5CC8", "USDC.e", "usd-coin", "USDC", NULL, 1623868379, NULL); 
*
UPDATE assets SET name="Bridged USDC Coin" WHERE identifier="eip155:10/erc20:0x7F5c764cBc14f9669B88837ca1490cCa17c31607"; UPDATE common_asset_details SET coingecko="usd-coin" WHERE identifier="eip155:10/erc20:0x7F5c764cBc14f9669B88837ca1490cCa17c31607"; 
INSERT INTO assets(identifier, name, type) VALUES("eip155:10/erc20:0x7F5c764cBc14f9669B88837ca1490cCa17c31607", "Bridged USDC Coin", "C"); INSERT INTO evm_tokens(identifier, token_kind, chain, address, decimals, protocol) VALUES("eip155:10/erc20:0x7F5c764cBc14f9669B88837ca1490cCa17c31607", "A", 10, "0x7F5c764cBc14f9669B88837ca1490cCa17c31607", 6, ""); INSERT INTO common_asset_details(identifier, symbol, coingecko, cryptocompare, forked, started, swapped_for) VALUES("eip155:10/erc20:0x7F5c764cBc14f9669B88837ca1490cCa17c31607", "USDC.e", "usd-coin", "USDC", NULL, 1716211131, NULL); 
INSERT INTO assets(identifier, name, type) VALUES("eip155:8453/erc20:0x236aa50979D5f3De3Bd1Eeb40E81137F22ab794b", "Base tBTC v2", "C"); INSERT INTO evm_tokens(identifier, token_kind, chain, address, decimals, protocol) VALUES("eip155:8453/erc20:0x236aa50979D5f3De3Bd1Eeb40E81137F22ab794b", "A", 8453, "0x236aa50979D5f3De3Bd1Eeb40E81137F22ab794b", 18, ""); INSERT INTO common_asset_details(identifier, symbol, coingecko, cryptocompare, forked, started, swapped_for) VALUES("eip155:8453/erc20:0x236aa50979D5f3De3Bd1Eeb40E81137F22ab794b", "tBTC", "", "", NULL, 1691042081, NULL); 
*
INSERT INTO assets(identifier, name, type) VALUES("eip155:8453/erc20:0x2dAD3a13ef0C6366220f989157009e501e7938F8", "Extra Finance", "C"); INSERT INTO evm_tokens(identifier, token_kind, chain, address, decimals, protocol) VALUES("eip155:8453/erc20:0x2dAD3a13ef0C6366220f989157009e501e7938F8", "A", 8453, "0x2dAD3a13ef0C6366220f989157009e501e7938F8", 18, ""); INSERT INTO common_asset_details(identifier, symbol, coingecko, cryptocompare, forked, started, swapped_for) VALUES("eip155:8453/erc20:0x2dAD3a13ef0C6366220f989157009e501e7938F8", "EXTRA", "", "", NULL, 1690955247, NULL); 
*
INSERT INTO assets(identifier, name, type) VALUES("eip155:8453/erc20:0x4621b7A9c75199271F773Ebd9A499dbd165c3191", "Dola USD Stablecoin", "C"); INSERT INTO evm_tokens(identifier, token_kind, chain, address, decimals, protocol) VALUES("eip155:8453/erc20:0x4621b7A9c75199271F773Ebd9A499dbd165c3191", "A", 8453, "0x4621b7A9c75199271F773Ebd9A499dbd165c3191", 18, ""); INSERT INTO common_asset_details(identifier, symbol, coingecko, cryptocompare, forked, started, swapped_for) VALUES("eip155:8453/erc20:0x4621b7A9c75199271F773Ebd9A499dbd165c3191", "DOLA", "", "", NULL, 1691512983, NULL); 
*
INSERT INTO assets(identifier, name, type) VALUES("eip155:8453/erc20:0x6B4712AE9797C199edd44F897cA09BC57628a1CF", "Unidex", "C"); INSERT INTO evm_tokens(identifier, token_kind, chain, address, decimals, protocol) VALUES("eip155:8453/erc20:0x6B4712AE9797C199edd44F897cA09BC57628a1CF", "A", 8453, "0x6B4712AE9797C199edd44F897cA09BC57628a1CF", 18, ""); INSERT INTO common_asset_details(identifier, symbol, coingecko, cryptocompare, forked, started, swapped_for) VALUES("eip155:8453/erc20:0x6B4712AE9797C199edd44F897cA09BC57628a1CF", "UNIDX", "", "", NULL, 1691960413, NULL); 
*
INSERT INTO assets(identifier, name, type) VALUES("eip155:8453/erc20:0x00e1724885473B63bCE08a9f0a52F35b0979e35A", "Oath Token", "C"); INSERT INTO evm_tokens(identifier, token_kind, chain, address, decimals, protocol) VALUES("eip155:8453/erc20:0x00e1724885473B63bCE08a9f0a52F35b0979e35A", "A", 8453, "0x00e1724885473B63bCE08a9f0a52F35b0979e35A", 18, ""); INSERT INTO common_asset_details(identifier, symbol, coingecko, cryptocompare, forked, started, swapped_for) VALUES("eip155:8453/erc20:0x00e1724885473B63bCE08a9f0a52F35b0979e35A", "OATH", "", "", NULL, 1691473161, NULL); 
*
INSERT INTO assets(identifier, name, type) VALUES("eip155:8453/erc20:0xf7A0dd3317535eC4f4d29ADF9d620B3d8D5D5069", "Staked ERN Vault", "C"); INSERT INTO evm_tokens(identifier, token_kind, chain, address, decimals, protocol) VALUES("eip155:8453/erc20:0xf7A0dd3317535eC4f4d29ADF9d620B3d8D5D5069", "A", 8453, "0xf7A0dd3317535eC4f4d29ADF9d620B3d8D5D5069", 18, ""); INSERT INTO common_asset_details(identifier, symbol, coingecko, cryptocompare, forked, started, swapped_for) VALUES("eip155:8453/erc20:0xf7A0dd3317535eC4f4d29ADF9d620B3d8D5D5069", "stERN", "", "", NULL, 1691482389, NULL); 
*
INSERT INTO assets(identifier, name, type) VALUES("eip155:8453/erc20:0xa334884bF6b0A066d553D19e507315E839409e62", "Ethos Reserve Note", "C"); INSERT INTO evm_tokens(identifier, token_kind, chain, address, decimals, protocol) VALUES("eip155:8453/erc20:0xa334884bF6b0A066d553D19e507315E839409e62", "A", 8453, "0xa334884bF6b0A066d553D19e507315E839409e62", 18, ""); INSERT INTO common_asset_details(identifier, symbol, coingecko, cryptocompare, forked, started, swapped_for) VALUES("eip155:8453/erc20:0xa334884bF6b0A066d553D19e507315E839409e62", "ERN", "", "", NULL, 1689931241, NULL); 
*
INSERT INTO assets(identifier, name, type) VALUES("eip155:8453/erc20:0xbf1aeA8670D2528E08334083616dD9C5F3B087aE", "Mai Stablecoin", "C"); INSERT INTO evm_tokens(identifier, token_kind, chain, address, decimals, protocol) VALUES("eip155:8453/erc20:0xbf1aeA8670D2528E08334083616dD9C5F3B087aE", "A", 8453, "0xbf1aeA8670D2528E08334083616dD9C5F3B087aE", 18, ""); INSERT INTO common_asset_details(identifier, symbol, coingecko, cryptocompare, forked, started, swapped_for) VALUES("eip155:8453/erc20:0xbf1aeA8670D2528E08334083616dD9C5F3B087aE", "MAI", "", "", NULL, 1690517113, NULL); 
*
INSERT INTO assets(identifier, name, type) VALUES("eip155:8453/erc20:0xE3B53AF74a4BF62Ae5511055290838050bf764Df", "StargateToken", "C"); INSERT INTO evm_tokens(identifier, token_kind, chain, address, decimals, protocol) VALUES("eip155:8453/erc20:0xE3B53AF74a4BF62Ae5511055290838050bf764Df", "A", 8453, "0xE3B53AF74a4BF62Ae5511055290838050bf764Df", 18, ""); INSERT INTO common_asset_details(identifier, symbol, coingecko, cryptocompare, forked, started, swapped_for) VALUES("eip155:8453/erc20:0xE3B53AF74a4BF62Ae5511055290838050bf764Df", "STG", "", "", NULL, 1691044153, NULL); 
*
INSERT INTO assets(identifier, name, type) VALUES("eip155:8453/erc20:0xF544251D25f3d243A36B07e7E7962a678f952691", "Tarot", "C"); INSERT INTO evm_tokens(identifier, token_kind, chain, address, decimals, protocol) VALUES("eip155:8453/erc20:0xF544251D25f3d243A36B07e7E7962a678f952691", "A", 8453, "0xF544251D25f3d243A36B07e7E7962a678f952691", 18, ""); INSERT INTO common_asset_details(identifier, symbol, coingecko, cryptocompare, forked, started, swapped_for) VALUES("eip155:8453/erc20:0xF544251D25f3d243A36B07e7E7962a678f952691", "TAROT", "", "", NULL, 1690232133, NULL); 
*
INSERT INTO assets(identifier, name, type) VALUES("eip155:8453/erc20:0x4A3A6Dd60A34bB2Aba60D73B4C88315E9CeB6A3D", "Magic Internet Money", "C"); INSERT INTO evm_tokens(identifier, token_kind, chain, address, decimals, protocol) VALUES("eip155:8453/erc20:0x4A3A6Dd60A34bB2Aba60D73B4C88315E9CeB6A3D", "A", 8453, "0x4A3A6Dd60A34bB2Aba60D73B4C88315E9CeB6A3D", 18, ""); INSERT INTO common_asset_details(identifier, symbol, coingecko, cryptocompare, forked, started, swapped_for) VALUES("eip155:8453/erc20:0x4A3A6Dd60A34bB2Aba60D73B4C88315E9CeB6A3D", "MIM", "", "", NULL, 1690924983, NULL); 
*
INSERT INTO assets(identifier, name, type) VALUES("eip155:8453/erc20:0xc5102fE9359FD9a28f877a67E36B0F050d81a3CC", "Hop", "C"); INSERT INTO evm_tokens(identifier, token_kind, chain, address, decimals, protocol) VALUES("eip155:8453/erc20:0xc5102fE9359FD9a28f877a67E36B0F050d81a3CC", "A", 8453, "0xc5102fE9359FD9a28f877a67E36B0F050d81a3CC", 18, ""); INSERT INTO common_asset_details(identifier, symbol, coingecko, cryptocompare, forked, started, swapped_for) VALUES("eip155:8453/erc20:0xc5102fE9359FD9a28f877a67E36B0F050d81a3CC", "HOP", "", "", NULL, 1690391427, NULL); 
*
INSERT INTO assets(identifier, name, type) VALUES("eip155:8453/erc20:0x65a2508C429a6078a7BC2f7dF81aB575BD9D9275", "DAI+", "C"); INSERT INTO evm_tokens(identifier, token_kind, chain, address, decimals, protocol) VALUES("eip155:8453/erc20:0x65a2508C429a6078a7BC2f7dF81aB575BD9D9275", "A", 8453, "0x65a2508C429a6078a7BC2f7dF81aB575BD9D9275", 18, ""); INSERT INTO common_asset_details(identifier, symbol, coingecko, cryptocompare, forked, started, swapped_for) VALUES("eip155:8453/erc20:0x65a2508C429a6078a7BC2f7dF81aB575BD9D9275", "DAI+", "", "", NULL, 1691150933, NULL); 
*
INSERT INTO assets(identifier, name, type) VALUES("eip155:8453/erc20:0xB79DD08EA68A908A97220C76d19A6aA9cBDE4376", "USD+", "C"); INSERT INTO evm_tokens(identifier, token_kind, chain, address, decimals, protocol) VALUES("eip155:8453/erc20:0xB79DD08EA68A908A97220C76d19A6aA9cBDE4376", "A", 8453, "0xB79DD08EA68A908A97220C76d19A6aA9cBDE4376", 6, ""); INSERT INTO common_asset_details(identifier, symbol, coingecko, cryptocompare, forked, started, swapped_for) VALUES("eip155:8453/erc20:0xB79DD08EA68A908A97220C76d19A6aA9cBDE4376", "USD+", "", "", NULL, 1691141471, NULL); 
*
INSERT INTO assets(identifier, name, type) VALUES("eip155:8453/erc20:0xDE5ed76E7c05eC5e4572CfC88d1ACEA165109E44", "DEUS", "C"); INSERT INTO evm_tokens(identifier, token_kind, chain, address, decimals, protocol) VALUES("eip155:8453/erc20:0xDE5ed76E7c05eC5e4572CfC88d1ACEA165109E44", "A", 8453, "0xDE5ed76E7c05eC5e4572CfC88d1ACEA165109E44", 18, ""); INSERT INTO common_asset_details(identifier, symbol, coingecko, cryptocompare, forked, started, swapped_for) VALUES("eip155:8453/erc20:0xDE5ed76E7c05eC5e4572CfC88d1ACEA165109E44", "DEUS", "", "", NULL, 1692475553, NULL); 
*
INSERT INTO assets(identifier, name, type) VALUES("eip155:8453/erc20:0x50c5725949A6F0c72E6C4a641F24049A917DB0Cb", "Dai Stablecoin", "C"); INSERT INTO evm_tokens(identifier, token_kind, chain, address, decimals, protocol) VALUES("eip155:8453/erc20:0x50c5725949A6F0c72E6C4a641F24049A917DB0Cb", "A", 8453, "0x50c5725949A6F0c72E6C4a641F24049A917DB0Cb", 18, ""); INSERT INTO common_asset_details(identifier, symbol, coingecko, cryptocompare, forked, started, swapped_for) VALUES("eip155:8453/erc20:0x50c5725949A6F0c72E6C4a641F24049A917DB0Cb", "DAI", "", "", NULL, 1689928543, NULL); 
*
INSERT INTO assets(identifier, name, type) VALUES("eip155:8453/erc20:0x9E53e88dCff56d3062510A745952DEC4cEFDff9E", "Basic Dog Meme", "C"); INSERT INTO evm_tokens(identifier, token_kind, chain, address, decimals, protocol) VALUES("eip155:8453/erc20:0x9E53e88dCff56d3062510A745952DEC4cEFDff9E", "A", 8453, "0x9E53e88dCff56d3062510A745952DEC4cEFDff9E", 18, ""); INSERT INTO common_asset_details(identifier, symbol, coingecko, cryptocompare, forked, started, swapped_for) VALUES("eip155:8453/erc20:0x9E53e88dCff56d3062510A745952DEC4cEFDff9E", "DOG", "", "", NULL, 1689281237, NULL); 
*
INSERT INTO assets(identifier, name, type) VALUES("eip155:8453/erc20:0xAB8a1c03b8E4e1D21c8Ddd6eDf9e07f26E843492", "SHREKT", "C"); INSERT INTO evm_tokens(identifier, token_kind, chain, address, decimals, protocol) VALUES("eip155:8453/erc20:0xAB8a1c03b8E4e1D21c8Ddd6eDf9e07f26E843492", "A", 8453, "0xAB8a1c03b8E4e1D21c8Ddd6eDf9e07f26E843492", 18, ""); INSERT INTO common_asset_details(identifier, symbol, coingecko, cryptocompare, forked, started, swapped_for) VALUES("eip155:8453/erc20:0xAB8a1c03b8E4e1D21c8Ddd6eDf9e07f26E843492", "OGRE", "", "", NULL, 1690831397, NULL); 
*
INSERT INTO assets(identifier, name, type) VALUES("eip155:8453/erc20:0xa8B58B9311988a0a6bA99C323e05C30FcDCA17e3", "BaseDOGE", "C"); INSERT INTO evm_tokens(identifier, token_kind, chain, address, decimals, protocol) VALUES("eip155:8453/erc20:0xa8B58B9311988a0a6bA99C323e05C30FcDCA17e3", "A", 8453, "0xa8B58B9311988a0a6bA99C323e05C30FcDCA17e3", 18, ""); INSERT INTO common_asset_details(identifier, symbol, coingecko, cryptocompare, forked, started, swapped_for) VALUES("eip155:8453/erc20:0xa8B58B9311988a0a6bA99C323e05C30FcDCA17e3", "BaseDOGE", "", "", NULL, 1689551499, NULL); 
*
INSERT INTO assets(identifier, name, type) VALUES("eip155:8453/erc20:0x45622e5bCe7524D911210A25F4F83b6C8766b735", "Penis", "C"); INSERT INTO evm_tokens(identifier, token_kind, chain, address, decimals, protocol) VALUES("eip155:8453/erc20:0x45622e5bCe7524D911210A25F4F83b6C8766b735", "A", 8453, "0x45622e5bCe7524D911210A25F4F83b6C8766b735", 18, ""); INSERT INTO common_asset_details(identifier, symbol, coingecko, cryptocompare, forked, started, swapped_for) VALUES("eip155:8453/erc20:0x45622e5bCe7524D911210A25F4F83b6C8766b735", "Balls", "", "", NULL, 1691614063, NULL); 
*
INSERT INTO assets(identifier, name, type) VALUES("eip155:8453/erc20:0xBa5E6fa2f33f3955f0cef50c63dCC84861eAb663", "based.markets", "C"); INSERT INTO evm_tokens(identifier, token_kind, chain, address, decimals, protocol) VALUES("eip155:8453/erc20:0xBa5E6fa2f33f3955f0cef50c63dCC84861eAb663", "A", 8453, "0xBa5E6fa2f33f3955f0cef50c63dCC84861eAb663", 18, ""); INSERT INTO common_asset_details(identifier, symbol, coingecko, cryptocompare, forked, started, swapped_for) VALUES("eip155:8453/erc20:0xBa5E6fa2f33f3955f0cef50c63dCC84861eAb663", "BASED", "", "", NULL, 1691671027, NULL); 
*
INSERT INTO assets(identifier, name, type) VALUES("eip155:8453/erc20:0x8901cB2e82CC95c01e42206F8d1F417FE53e7Af0", "YieldFarming Index", "C"); INSERT INTO evm_tokens(identifier, token_kind, chain, address, decimals, protocol) VALUES("eip155:8453/erc20:0x8901cB2e82CC95c01e42206F8d1F417FE53e7Af0", "A", 8453, "0x8901cB2e82CC95c01e42206F8d1F417FE53e7Af0", 18, ""); INSERT INTO common_asset_details(identifier, symbol, coingecko, cryptocompare, forked, started, swapped_for) VALUES("eip155:8453/erc20:0x8901cB2e82CC95c01e42206F8d1F417FE53e7Af0", "YFX", "", "", NULL, 1691777667, NULL); 
*
UPDATE assets SET name="Gekko Wrapped Shares" WHERE identifier="eip155:8453/erc20:0xA6C6502C020D58651a8a1DC044ba7514AC41bCCe";UPDATE common_asset_details SET symbol="Gekko" WHERE identifier="eip155:8453/erc20:0xA6C6502C020D58651a8a1DC044ba7514AC41bCCe"; 
INSERT INTO assets(identifier, name, type) VALUES("eip155:8453/erc20:0xA6C6502C020D58651a8a1DC044ba7514AC41bCCe", "Gekko Wrapped Shares", "C"); INSERT INTO evm_tokens(identifier, token_kind, chain, address, decimals, protocol) VALUES("eip155:8453/erc20:0xA6C6502C020D58651a8a1DC044ba7514AC41bCCe", "A", 8453, "0xA6C6502C020D58651a8a1DC044ba7514AC41bCCe", 18, ""); INSERT INTO common_asset_details(identifier, symbol, coingecko, cryptocompare, forked, started, swapped_for) VALUES("eip155:8453/erc20:0xA6C6502C020D58651a8a1DC044ba7514AC41bCCe", "Gekko", "", "", NULL, 1692664079, NULL); 
INSERT INTO assets(identifier, name, type) VALUES("eip155:8453/erc20:0x9bb168e7fF1C0f2FBdD844B4348c755DC7500fE1", "Hairy", "C"); INSERT INTO evm_tokens(identifier, token_kind, chain, address, decimals, protocol) VALUES("eip155:8453/erc20:0x9bb168e7fF1C0f2FBdD844B4348c755DC7500fE1", "A", 8453, "0x9bb168e7fF1C0f2FBdD844B4348c755DC7500fE1", 18, ""); INSERT INTO common_asset_details(identifier, symbol, coingecko, cryptocompare, forked, started, swapped_for) VALUES("eip155:8453/erc20:0x9bb168e7fF1C0f2FBdD844B4348c755DC7500fE1", "HAIRY", "", "", NULL, 1691091923, NULL); 
*
INSERT INTO assets(identifier, name, type) VALUES("eip155:8453/erc20:0x2Ae3F1Ec7F1F5012CFEab0185bfc7aa3cf0DEc22", "Coinbase Wrapped Staked ETH", "C"); INSERT INTO evm_tokens(identifier, token_kind, chain, address, decimals, protocol) VALUES("eip155:8453/erc20:0x2Ae3F1Ec7F1F5012CFEab0185bfc7aa3cf0DEc22", "A", 8453, "0x2Ae3F1Ec7F1F5012CFEab0185bfc7aa3cf0DEc22", 18, ""); INSERT INTO common_asset_details(identifier, symbol, coingecko, cryptocompare, forked, started, swapped_for) VALUES("eip155:8453/erc20:0x2Ae3F1Ec7F1F5012CFEab0185bfc7aa3cf0DEc22", "cbETH", "", "", NULL, 1689990499, NULL); 
*
UPDATE common_asset_details SET symbol="BASED" WHERE identifier="eip155:8453/erc20:0x9065C9F6337fb742709A85402BAD53C78236db36"; 
INSERT INTO assets(identifier, name, type) VALUES("eip155:8453/erc20:0x9065C9F6337fb742709A85402BAD53C78236db36", "BASED Token", "C"); INSERT INTO evm_tokens(identifier, token_kind, chain, address, decimals, protocol) VALUES("eip155:8453/erc20:0x9065C9F6337fb742709A85402BAD53C78236db36", "A", 8453, "0x9065C9F6337fb742709A85402BAD53C78236db36", 18, ""); INSERT INTO common_asset_details(identifier, symbol, coingecko, cryptocompare, forked, started, swapped_for) VALUES("eip155:8453/erc20:0x9065C9F6337fb742709A85402BAD53C78236db36", "BASED", "", "", NULL, 1693274491, NULL); 
INSERT INTO assets(identifier, name, type) VALUES("eip155:8453/erc20:0x5c185329BC7720AebD804357043121D26036D1B3", "BAI", "C"); INSERT INTO evm_tokens(identifier, token_kind, chain, address, decimals, protocol) VALUES("eip155:8453/erc20:0x5c185329BC7720AebD804357043121D26036D1B3", "A", 8453, "0x5c185329BC7720AebD804357043121D26036D1B3", 18, ""); INSERT INTO common_asset_details(identifier, symbol, coingecko, cryptocompare, forked, started, swapped_for) VALUES("eip155:8453/erc20:0x5c185329BC7720AebD804357043121D26036D1B3", "BAI", "", "", NULL, 1692853205, NULL); 
*
INSERT INTO assets(identifier, name, type) VALUES("eip155:8453/erc20:0xcAD58C7ff0410df842835Eb55ba21649bd267D9c", "EVAWAT", "C"); INSERT INTO evm_tokens(identifier, token_kind, chain, address, decimals, protocol) VALUES("eip155:8453/erc20:0xcAD58C7ff0410df842835Eb55ba21649bd267D9c", "A", 8453, "0xcAD58C7ff0410df842835Eb55ba21649bd267D9c", 18, ""); INSERT INTO common_asset_details(identifier, symbol, coingecko, cryptocompare, forked, started, swapped_for) VALUES("eip155:8453/erc20:0xcAD58C7ff0410df842835Eb55ba21649bd267D9c", "EVAWAT", "", "", NULL, 1693280639, NULL); 
*
INSERT INTO assets(identifier, name, type) VALUES("eip155:8453/erc20:0xe3Eb37cE83fac09570482A9A86A193b94849e558", "SERAPH", "C"); INSERT INTO evm_tokens(identifier, token_kind, chain, address, decimals, protocol) VALUES("eip155:8453/erc20:0xe3Eb37cE83fac09570482A9A86A193b94849e558", "A", 8453, "0xe3Eb37cE83fac09570482A9A86A193b94849e558", 18, ""); INSERT INTO common_asset_details(identifier, symbol, coingecko, cryptocompare, forked, started, swapped_for) VALUES("eip155:8453/erc20:0xe3Eb37cE83fac09570482A9A86A193b94849e558", "SERAPH", "", "", NULL, 1693280715, NULL); 
*
INSERT INTO assets(identifier, name, type) VALUES("eip155:8453/erc20:0x5D1A42E32d84560fF46f4F06302fE4C69d28135d", "AAA", "C"); INSERT INTO evm_tokens(identifier, token_kind, chain, address, decimals, protocol) VALUES("eip155:8453/erc20:0x5D1A42E32d84560fF46f4F06302fE4C69d28135d", "A", 8453, "0x5D1A42E32d84560fF46f4F06302fE4C69d28135d", 18, ""); INSERT INTO common_asset_details(identifier, symbol, coingecko, cryptocompare, forked, started, swapped_for) VALUES("eip155:8453/erc20:0x5D1A42E32d84560fF46f4F06302fE4C69d28135d", "AAA", "", "", NULL, 1691051705, NULL); 
*
INSERT INTO assets(identifier, name, type) VALUES("eip155:8453/erc20:0x8544FE9D190fD7EC52860abBf45088E81Ee24a8c", "Toshi", "C"); INSERT INTO evm_tokens(identifier, token_kind, chain, address, decimals, protocol) VALUES("eip155:8453/erc20:0x8544FE9D190fD7EC52860abBf45088E81Ee24a8c", "A", 8453, "0x8544FE9D190fD7EC52860abBf45088E81Ee24a8c", 18, ""); INSERT INTO common_asset_details(identifier, symbol, coingecko, cryptocompare, forked, started, swapped_for) VALUES("eip155:8453/erc20:0x8544FE9D190fD7EC52860abBf45088E81Ee24a8c", "TOSHI", "", "", NULL, 1691011399, NULL); 
*
INSERT INTO assets(identifier, name, type) VALUES("eip155:8453/erc20:0x9483ab65847A447e36d21af1CaB8C87e9712ff93", "Wrapped USDR", "C"); INSERT INTO evm_tokens(identifier, token_kind, chain, address, decimals, protocol) VALUES("eip155:8453/erc20:0x9483ab65847A447e36d21af1CaB8C87e9712ff93", "A", 8453, "0x9483ab65847A447e36d21af1CaB8C87e9712ff93", 9, ""); INSERT INTO common_asset_details(identifier, symbol, coingecko, cryptocompare, forked, started, swapped_for) VALUES("eip155:8453/erc20:0x9483ab65847A447e36d21af1CaB8C87e9712ff93", "wUSDR", "", "", NULL, 1692812245, NULL); 
*
INSERT INTO assets(identifier, name, type) VALUES("eip155:8453/erc20:0xcE71509EA8f3488404770C2a27F69013a00D28bD", "BBB", "C"); INSERT INTO evm_tokens(identifier, token_kind, chain, address, decimals, protocol) VALUES("eip155:8453/erc20:0xcE71509EA8f3488404770C2a27F69013a00D28bD", "A", 8453, "0xcE71509EA8f3488404770C2a27F69013a00D28bD", 18, ""); INSERT INTO common_asset_details(identifier, symbol, coingecko, cryptocompare, forked, started, swapped_for) VALUES("eip155:8453/erc20:0xcE71509EA8f3488404770C2a27F69013a00D28bD", "BBB", "", "", NULL, 1693290115, NULL); 
*
INSERT INTO assets(identifier, name, type) VALUES("eip155:8453/erc20:0x74ccbe53F77b08632ce0CB91D3A545bF6B8E0979", "Fantom Bomb", "C"); INSERT INTO evm_tokens(identifier, token_kind, chain, address, decimals, protocol) VALUES("eip155:8453/erc20:0x74ccbe53F77b08632ce0CB91D3A545bF6B8E0979", "A", 8453, "0x74ccbe53F77b08632ce0CB91D3A545bF6B8E0979", 18, ""); INSERT INTO common_asset_details(identifier, symbol, coingecko, cryptocompare, forked, started, swapped_for) VALUES("eip155:8453/erc20:0x74ccbe53F77b08632ce0CB91D3A545bF6B8E0979", "fBOMB", "", "", NULL, 1691002561, NULL); 
*
INSERT INTO assets(identifier, name, type) VALUES("eip155:8453/erc20:0xd7c9621e3A5051f5e5A5982c8c430Fd4B55Eda22", "Blue", "C"); INSERT INTO evm_tokens(identifier, token_kind, chain, address, decimals, protocol) VALUES("eip155:8453/erc20:0xd7c9621e3A5051f5e5A5982c8c430Fd4B55Eda22", "A", 8453, "0xd7c9621e3A5051f5e5A5982c8c430Fd4B55Eda22", 18, ""); INSERT INTO common_asset_details(identifier, symbol, coingecko, cryptocompare, forked, started, swapped_for) VALUES("eip155:8453/erc20:0xd7c9621e3A5051f5e5A5982c8c430Fd4B55Eda22", "BLUE", "", "", NULL, 1693314051, NULL); 
*
INSERT INTO assets(identifier, name, type) VALUES("eip155:8453/erc20:0xd359D5440C5b68D43076b6475A5f18a3fef8fbd3", "AAA2", "C"); INSERT INTO evm_tokens(identifier, token_kind, chain, address, decimals, protocol) VALUES("eip155:8453/erc20:0xd359D5440C5b68D43076b6475A5f18a3fef8fbd3", "A", 8453, "0xd359D5440C5b68D43076b6475A5f18a3fef8fbd3", 18, ""); INSERT INTO common_asset_details(identifier, symbol, coingecko, cryptocompare, forked, started, swapped_for) VALUES("eip155:8453/erc20:0xd359D5440C5b68D43076b6475A5f18a3fef8fbd3", "AAA2", "", "", NULL, 1691855817, NULL); 
*
INSERT INTO assets(identifier, name, type) VALUES("eip155:8453/erc20:0x6C781131D8D4494fe32d8Bc9394D0Fef6B1A5b8C", "Basowski", "C"); INSERT INTO evm_tokens(identifier, token_kind, chain, address, decimals, protocol) VALUES("eip155:8453/erc20:0x6C781131D8D4494fe32d8Bc9394D0Fef6B1A5b8C", "A", 8453, "0x6C781131D8D4494fe32d8Bc9394D0Fef6B1A5b8C", 18, ""); INSERT INTO common_asset_details(identifier, symbol, coingecko, cryptocompare, forked, started, swapped_for) VALUES("eip155:8453/erc20:0x6C781131D8D4494fe32d8Bc9394D0Fef6B1A5b8C", "BSK", "", "", NULL, 1692696433, NULL); 
*
UPDATE common_asset_details SET symbol="WETH" WHERE identifier="eip155:8453/erc20:0x27DCB425C7005DD7558F9583797edA39A8D70ABd"; 
INSERT INTO assets(identifier, name, type) VALUES("eip155:8453/erc20:0x27DCB425C7005DD7558F9583797edA39A8D70ABd", "Wrapped Ether", "C"); INSERT INTO evm_tokens(identifier, token_kind, chain, address, decimals, protocol) VALUES("eip155:8453/erc20:0x27DCB425C7005DD7558F9583797edA39A8D70ABd", "A", 8453, "0x27DCB425C7005DD7558F9583797edA39A8D70ABd", 18, ""); INSERT INTO common_asset_details(identifier, symbol, coingecko, cryptocompare, forked, started, swapped_for) VALUES("eip155:8453/erc20:0x27DCB425C7005DD7558F9583797edA39A8D70ABd", "WETH", "", "", NULL, 1693352629, NULL); 
UPDATE common_asset_details SET symbol="BASED" WHERE identifier="eip155:8453/erc20:0xfb3E929baB9796D2bee7Cd15Ab7954533D899DaD"; 
INSERT INTO assets(identifier, name, type) VALUES("eip155:8453/erc20:0xfb3E929baB9796D2bee7Cd15Ab7954533D899DaD", "BASED Token", "C"); INSERT INTO evm_tokens(identifier, token_kind, chain, address, decimals, protocol) VALUES("eip155:8453/erc20:0xfb3E929baB9796D2bee7Cd15Ab7954533D899DaD", "A", 8453, "0xfb3E929baB9796D2bee7Cd15Ab7954533D899DaD", 18, ""); INSERT INTO common_asset_details(identifier, symbol, coingecko, cryptocompare, forked, started, swapped_for) VALUES("eip155:8453/erc20:0xfb3E929baB9796D2bee7Cd15Ab7954533D899DaD", "BASED", "", "", NULL, 1693352309, NULL); 
INSERT INTO assets(identifier, name, type) VALUES("eip155:8453/erc20:0xac8DA2e2a1A114AAfe50c774c588DCD93a028fc8", "SIS shareholder fanclub governance token", "C"); INSERT INTO evm_tokens(identifier, token_kind, chain, address, decimals, protocol) VALUES("eip155:8453/erc20:0xac8DA2e2a1A114AAfe50c774c588DCD93a028fc8", "A", 8453, "0xac8DA2e2a1A114AAfe50c774c588DCD93a028fc8", 18, ""); INSERT INTO common_asset_details(identifier, symbol, coingecko, cryptocompare, forked, started, swapped_for) VALUES("eip155:8453/erc20:0xac8DA2e2a1A114AAfe50c774c588DCD93a028fc8", "gSIS", "", "", NULL, 1692589149, NULL); 
*
INSERT INTO assets(identifier, name, type) VALUES("eip155:8453/erc20:0x595675dcbe5D2aD1f4d7b910c50567c0f9230633", "ShipeDEX", "C"); INSERT INTO evm_tokens(identifier, token_kind, chain, address, decimals, protocol) VALUES("eip155:8453/erc20:0x595675dcbe5D2aD1f4d7b910c50567c0f9230633", "A", 8453, "0x595675dcbe5D2aD1f4d7b910c50567c0f9230633", 18, ""); INSERT INTO common_asset_details(identifier, symbol, coingecko, cryptocompare, forked, started, swapped_for) VALUES("eip155:8453/erc20:0x595675dcbe5D2aD1f4d7b910c50567c0f9230633", "SHIP", "", "", NULL, 1693361747, NULL); 
*
INSERT INTO assets(identifier, name, type) VALUES("eip155:8453/erc20:0x213a8Dc524e37bE4C908702340C6eaaD3670023d", "Augment AERO", "C"); INSERT INTO evm_tokens(identifier, token_kind, chain, address, decimals, protocol) VALUES("eip155:8453/erc20:0x213a8Dc524e37bE4C908702340C6eaaD3670023d", "A", 8453, "0x213a8Dc524e37bE4C908702340C6eaaD3670023d", 18, ""); INSERT INTO common_asset_details(identifier, symbol, coingecko, cryptocompare, forked, started, swapped_for) VALUES("eip155:8453/erc20:0x213a8Dc524e37bE4C908702340C6eaaD3670023d", "aAERO", "", "", NULL, 1693357157, NULL); 
*
INSERT INTO assets(identifier, name, type) VALUES("eip155:8453/erc20:0xfd949897b850258b41Af56872AB310D6c7811F27", "K-Civic", "C"); INSERT INTO evm_tokens(identifier, token_kind, chain, address, decimals, protocol) VALUES("eip155:8453/erc20:0xfd949897b850258b41Af56872AB310D6c7811F27", "A", 8453, "0xfd949897b850258b41Af56872AB310D6c7811F27", 18, ""); INSERT INTO common_asset_details(identifier, symbol, coingecko, cryptocompare, forked, started, swapped_for) VALUES("eip155:8453/erc20:0xfd949897b850258b41Af56872AB310D6c7811F27", "CIVIC", "", "", NULL, 1693381077, NULL); 
*
INSERT INTO assets(identifier, name, type) VALUES("eip155:8453/erc20:0x27D2DECb4bFC9C76F0309b8E88dec3a601Fe25a8", "Bald", "C"); INSERT INTO evm_tokens(identifier, token_kind, chain, address, decimals, protocol) VALUES("eip155:8453/erc20:0x27D2DECb4bFC9C76F0309b8E88dec3a601Fe25a8", "A", 8453, "0x27D2DECb4bFC9C76F0309b8E88dec3a601Fe25a8", 18, ""); INSERT INTO common_asset_details(identifier, symbol, coingecko, cryptocompare, forked, started, swapped_for) VALUES("eip155:8453/erc20:0x27D2DECb4bFC9C76F0309b8E88dec3a601Fe25a8", "BALD", "", "", NULL, 1690656235, NULL); 
*
INSERT INTO assets(identifier, name, type) VALUES("eip155:8453/erc20:0xA61BeB4A3d02decb01039e378237032B351125B4", "agEUR", "C"); INSERT INTO evm_tokens(identifier, token_kind, chain, address, decimals, protocol) VALUES("eip155:8453/erc20:0xA61BeB4A3d02decb01039e378237032B351125B4", "A", 8453, "0xA61BeB4A3d02decb01039e378237032B351125B4", 18, ""); INSERT INTO common_asset_details(identifier, symbol, coingecko, cryptocompare, forked, started, swapped_for) VALUES("eip155:8453/erc20:0xA61BeB4A3d02decb01039e378237032B351125B4", "agEUR", "", "", NULL, 1691170323, NULL); 
*
INSERT INTO assets(identifier, name, type) VALUES("eip155:8453/erc20:0x22a2488fE295047Ba13BD8cCCdBC8361DBD8cf7c", "Sonne", "C"); INSERT INTO evm_tokens(identifier, token_kind, chain, address, decimals, protocol) VALUES("eip155:8453/erc20:0x22a2488fE295047Ba13BD8cCCdBC8361DBD8cf7c", "A", 8453, "0x22a2488fE295047Ba13BD8cCCdBC8361DBD8cf7c", 18, ""); INSERT INTO common_asset_details(identifier, symbol, coingecko, cryptocompare, forked, started, swapped_for) VALUES("eip155:8453/erc20:0x22a2488fE295047Ba13BD8cCCdBC8361DBD8cf7c", "SONNE", "", "", NULL, 1691473355, NULL); 
*
INSERT INTO assets(identifier, name, type) VALUES("eip155:8453/erc20:0xc142171B138DB17a1B7Cb999C44526094a4dae05", "dForce USD", "C"); INSERT INTO evm_tokens(identifier, token_kind, chain, address, decimals, protocol) VALUES("eip155:8453/erc20:0xc142171B138DB17a1B7Cb999C44526094a4dae05", "A", 8453, "0xc142171B138DB17a1B7Cb999C44526094a4dae05", 18, ""); INSERT INTO common_asset_details(identifier, symbol, coingecko, cryptocompare, forked, started, swapped_for) VALUES("eip155:8453/erc20:0xc142171B138DB17a1B7Cb999C44526094a4dae05", "USX", "", "", NULL, 1692843723, NULL); 
*
UPDATE common_asset_details SET symbol="TAX" WHERE identifier="eip155:8453/erc20:0xD830162411497FaFF8734CE4200C547faf2FEAE2"; 
INSERT INTO assets(identifier, name, type) VALUES("eip155:8453/erc20:0xD830162411497FaFF8734CE4200C547faf2FEAE2", "TAX", "C"); INSERT INTO evm_tokens(identifier, token_kind, chain, address, decimals, protocol) VALUES("eip155:8453/erc20:0xD830162411497FaFF8734CE4200C547faf2FEAE2", "A", 8453, "0xD830162411497FaFF8734CE4200C547faf2FEAE2", 18, ""); INSERT INTO common_asset_details(identifier, symbol, coingecko, cryptocompare, forked, started, swapped_for) VALUES("eip155:8453/erc20:0xD830162411497FaFF8734CE4200C547faf2FEAE2", "TAX", "", "", NULL, 1693410803, NULL); 
INSERT INTO assets(identifier, name, type) VALUES("eip155:8453/erc20:0x63A522f6E7D5B96F7aeBB74d2648545E9e14078D", "MOARRR", "C"); INSERT INTO evm_tokens(identifier, token_kind, chain, address, decimals, protocol) VALUES("eip155:8453/erc20:0x63A522f6E7D5B96F7aeBB74d2648545E9e14078D", "A", 8453, "0x63A522f6E7D5B96F7aeBB74d2648545E9e14078D", 9, ""); INSERT INTO common_asset_details(identifier, symbol, coingecko, cryptocompare, forked, started, swapped_for) VALUES("eip155:8453/erc20:0x63A522f6E7D5B96F7aeBB74d2648545E9e14078D", "MOARRR", "", "", NULL, 1691694041, NULL); 
*
INSERT INTO assets(identifier, name, type) VALUES("eip155:8453/erc20:0xb53Be0BE88bA245B5086E558D00Ad56ee7344556", "TOSHI", "C"); INSERT INTO evm_tokens(identifier, token_kind, chain, address, decimals, protocol) VALUES("eip155:8453/erc20:0xb53Be0BE88bA245B5086E558D00Ad56ee7344556", "A", 8453, "0xb53Be0BE88bA245B5086E558D00Ad56ee7344556", 18, ""); INSERT INTO common_asset_details(identifier, symbol, coingecko, cryptocompare, forked, started, swapped_for) VALUES("eip155:8453/erc20:0xb53Be0BE88bA245B5086E558D00Ad56ee7344556", "TOSHI", "", "", NULL, 1693424421, NULL); 
*
INSERT INTO assets(identifier, name, type) VALUES("eip155:8453/erc20:0xB75445A717D5A8c268f37045162837CFe72Ac337", "Bryan on Base", "C"); INSERT INTO evm_tokens(identifier, token_kind, chain, address, decimals, protocol) VALUES("eip155:8453/erc20:0xB75445A717D5A8c268f37045162837CFe72Ac337", "A", 8453, "0xB75445A717D5A8c268f37045162837CFe72Ac337", 18, ""); INSERT INTO common_asset_details(identifier, symbol, coingecko, cryptocompare, forked, started, swapped_for) VALUES("eip155:8453/erc20:0xB75445A717D5A8c268f37045162837CFe72Ac337", "BRYAN", "", "", NULL, 1692045257, NULL); 
*
INSERT INTO assets(identifier, name, type) VALUES("eip155:8453/erc20:0x60b72C00681A43e423F097ab61CC526a1045B048", "friend.tech", "C"); INSERT INTO evm_tokens(identifier, token_kind, chain, address, decimals, protocol) VALUES("eip155:8453/erc20:0x60b72C00681A43e423F097ab61CC526a1045B048", "A", 8453, "0x60b72C00681A43e423F097ab61CC526a1045B048", 8, ""); INSERT INTO common_asset_details(identifier, symbol, coingecko, cryptocompare, forked, started, swapped_for) VALUES("eip155:8453/erc20:0x60b72C00681A43e423F097ab61CC526a1045B048", "FRIEND", "", "", NULL, 1693400069, NULL); 
*
INSERT INTO assets(identifier, name, type) VALUES("eip155:8453/erc20:0x37DEfBC399e5737D53Dfb5533d9954572F5B19bf", "BLAZE", "C"); INSERT INTO evm_tokens(identifier, token_kind, chain, address, decimals, protocol) VALUES("eip155:8453/erc20:0x37DEfBC399e5737D53Dfb5533d9954572F5B19bf", "A", 8453, "0x37DEfBC399e5737D53Dfb5533d9954572F5B19bf", 9, ""); INSERT INTO common_asset_details(identifier, symbol, coingecko, cryptocompare, forked, started, swapped_for) VALUES("eip155:8453/erc20:0x37DEfBC399e5737D53Dfb5533d9954572F5B19bf", "BLAZE", "", "", NULL, 1691590113, NULL); 
*
INSERT INTO assets(identifier, name, type) VALUES("eip155:8453/erc20:0x03617dC1ab7f959cc3593bB43ca43e192e6662da", "Colibri", "C"); INSERT INTO evm_tokens(identifier, token_kind, chain, address, decimals, protocol) VALUES("eip155:8453/erc20:0x03617dC1ab7f959cc3593bB43ca43e192e6662da", "A", 8453, "0x03617dC1ab7f959cc3593bB43ca43e192e6662da", 18, ""); INSERT INTO common_asset_details(identifier, symbol, coingecko, cryptocompare, forked, started, swapped_for) VALUES("eip155:8453/erc20:0x03617dC1ab7f959cc3593bB43ca43e192e6662da", "DRONE", "", "", NULL, 1693466271, NULL); 
*
INSERT INTO assets(identifier, name, type) VALUES("eip155:8453/erc20:0xc0a1CECA76A4e3181998EE7cD785a5D761A9d686", "Colibri Shares", "C"); INSERT INTO evm_tokens(identifier, token_kind, chain, address, decimals, protocol) VALUES("eip155:8453/erc20:0xc0a1CECA76A4e3181998EE7cD785a5D761A9d686", "A", 8453, "0xc0a1CECA76A4e3181998EE7cD785a5D761A9d686", 18, ""); INSERT INTO common_asset_details(identifier, symbol, coingecko, cryptocompare, forked, started, swapped_for) VALUES("eip155:8453/erc20:0xc0a1CECA76A4e3181998EE7cD785a5D761A9d686", "COLIBRI", "", "", NULL, 1693516373, NULL); 
*
INSERT INTO assets(identifier, name, type) VALUES("eip155:8453/erc20:0xDBE1489B63f65a11745FFADE9233319df1B70dC9", "Enemy Tech Token", "C"); INSERT INTO evm_tokens(identifier, token_kind, chain, address, decimals, protocol) VALUES("eip155:8453/erc20:0xDBE1489B63f65a11745FFADE9233319df1B70dC9", "A", 8453, "0xDBE1489B63f65a11745FFADE9233319df1B70dC9", 8, ""); INSERT INTO common_asset_details(identifier, symbol, coingecko, cryptocompare, forked, started, swapped_for) VALUES("eip155:8453/erc20:0xDBE1489B63f65a11745FFADE9233319df1B70dC9", "$ENEMY", "", "", NULL, 1693582953, NULL); 
*
INSERT INTO assets(identifier, name, type) VALUES("eip155:8453/erc20:0x4783689F2907ab06226880939B2dD1BE85D44c41", "AAA1", "C"); INSERT INTO evm_tokens(identifier, token_kind, chain, address, decimals, protocol) VALUES("eip155:8453/erc20:0x4783689F2907ab06226880939B2dD1BE85D44c41", "A", 8453, "0x4783689F2907ab06226880939B2dD1BE85D44c41", 18, ""); INSERT INTO common_asset_details(identifier, symbol, coingecko, cryptocompare, forked, started, swapped_for) VALUES("eip155:8453/erc20:0x4783689F2907ab06226880939B2dD1BE85D44c41", "AAA1", "", "", NULL, 1691855755, NULL); 
*
UPDATE assets SET name="FREN ALPHA" WHERE identifier="eip155:8453/erc20:0x12063CC18A7096D170e5Fc410d8623Ad97ee24B3"; 
INSERT INTO assets(identifier, name, type) VALUES("eip155:8453/erc20:0x12063CC18A7096D170e5Fc410d8623Ad97ee24B3", "FREN ALPHA", "C"); INSERT INTO evm_tokens(identifier, token_kind, chain, address, decimals, protocol) VALUES("eip155:8453/erc20:0x12063CC18A7096D170e5Fc410d8623Ad97ee24B3", "A", 8453, "0x12063CC18A7096D170e5Fc410d8623Ad97ee24B3", 18, ""); INSERT INTO common_asset_details(identifier, symbol, coingecko, cryptocompare, forked, started, swapped_for) VALUES("eip155:8453/erc20:0x12063CC18A7096D170e5Fc410d8623Ad97ee24B3", "FREN", "", "", NULL, 1693044495, NULL); 
INSERT INTO assets(identifier, name, type) VALUES("eip155:8453/erc20:0x2168eb98C6D416Afb85E7beef5abDc4FB4177dfE", "Blp", "C"); INSERT INTO evm_tokens(identifier, token_kind, chain, address, decimals, protocol) VALUES("eip155:8453/erc20:0x2168eb98C6D416Afb85E7beef5abDc4FB4177dfE", "A", 8453, "0x2168eb98C6D416Afb85E7beef5abDc4FB4177dfE", 18, ""); INSERT INTO common_asset_details(identifier, symbol, coingecko, cryptocompare, forked, started, swapped_for) VALUES("eip155:8453/erc20:0x2168eb98C6D416Afb85E7beef5abDc4FB4177dfE", "BLP", "", "", NULL, 1691521397, NULL); 
*
INSERT INTO assets(identifier, name, type) VALUES("eip155:8453/erc20:0x1F924Db207529d3035116Eb8F67a1B62A6Af8769", "RA", "C"); INSERT INTO evm_tokens(identifier, token_kind, chain, address, decimals, protocol) VALUES("eip155:8453/erc20:0x1F924Db207529d3035116Eb8F67a1B62A6Af8769", "A", 8453, "0x1F924Db207529d3035116Eb8F67a1B62A6Af8769", 18, ""); INSERT INTO common_asset_details(identifier, symbol, coingecko, cryptocompare, forked, started, swapped_for) VALUES("eip155:8453/erc20:0x1F924Db207529d3035116Eb8F67a1B62A6Af8769", "RA", "", "", NULL, 1692100449, NULL); 
*
INSERT INTO assets(identifier, name, type) VALUES("eip155:8453/erc20:0xF37923311D71c986D701cddb3394777322294E3a", "DOHCOIN", "C"); INSERT INTO evm_tokens(identifier, token_kind, chain, address, decimals, protocol) VALUES("eip155:8453/erc20:0xF37923311D71c986D701cddb3394777322294E3a", "A", 8453, "0xF37923311D71c986D701cddb3394777322294E3a", 18, ""); INSERT INTO common_asset_details(identifier, symbol, coingecko, cryptocompare, forked, started, swapped_for) VALUES("eip155:8453/erc20:0xF37923311D71c986D701cddb3394777322294E3a", "DOH", "", "", NULL, 1692772061, NULL); 
*
INSERT INTO assets(identifier, name, type) VALUES("eip155:8453/erc20:0xbeFD5C25A59ef2C1316c5A4944931171F30Cd3E4", "GoldenBoys", "C"); INSERT INTO evm_tokens(identifier, token_kind, chain, address, decimals, protocol) VALUES("eip155:8453/erc20:0xbeFD5C25A59ef2C1316c5A4944931171F30Cd3E4", "A", 8453, "0xbeFD5C25A59ef2C1316c5A4944931171F30Cd3E4", 18, ""); INSERT INTO common_asset_details(identifier, symbol, coingecko, cryptocompare, forked, started, swapped_for) VALUES("eip155:8453/erc20:0xbeFD5C25A59ef2C1316c5A4944931171F30Cd3E4", "GOLD", "", "", NULL, 1691583333, NULL); 
*
INSERT INTO assets(identifier, name, type) VALUES("eip155:8453/erc20:0xC19669A405067927865B40Ea045a2baabbbe57f5", "STAR", "C"); INSERT INTO evm_tokens(identifier, token_kind, chain, address, decimals, protocol) VALUES("eip155:8453/erc20:0xC19669A405067927865B40Ea045a2baabbbe57f5", "A", 8453, "0xC19669A405067927865B40Ea045a2baabbbe57f5", 18, ""); INSERT INTO common_asset_details(identifier, symbol, coingecko, cryptocompare, forked, started, swapped_for) VALUES("eip155:8453/erc20:0xC19669A405067927865B40Ea045a2baabbbe57f5", "STAR", "", "", NULL, 1693589699, NULL); 
*
INSERT INTO assets(identifier, name, type) VALUES("eip155:8453/erc20:0x9CBD543f1B1166b2Df36b68Eb6bB1DcE24E6aBDf", "BASED Token", "C"); INSERT INTO evm_tokens(identifier, token_kind, chain, address, decimals, protocol) VALUES("eip155:8453/erc20:0x9CBD543f1B1166b2Df36b68Eb6bB1DcE24E6aBDf", "A", 8453, "0x9CBD543f1B1166b2Df36b68Eb6bB1DcE24E6aBDf", 18, ""); INSERT INTO common_asset_details(identifier, symbol, coingecko, cryptocompare, forked, started, swapped_for) VALUES("eip155:8453/erc20:0x9CBD543f1B1166b2Df36b68Eb6bB1DcE24E6aBDf", "BASED", "", "", NULL, 1693668415, NULL); 
*
INSERT INTO assets(identifier, name, type) VALUES("eip155:8453/erc20:0x2B6A85CD35D15691357eea61d88cB3f401A92FC3", "SurvToken", "C"); INSERT INTO evm_tokens(identifier, token_kind, chain, address, decimals, protocol) VALUES("eip155:8453/erc20:0x2B6A85CD35D15691357eea61d88cB3f401A92FC3", "A", 8453, "0x2B6A85CD35D15691357eea61d88cB3f401A92FC3", 18, ""); INSERT INTO common_asset_details(identifier, symbol, coingecko, cryptocompare, forked, started, swapped_for) VALUES("eip155:8453/erc20:0x2B6A85CD35D15691357eea61d88cB3f401A92FC3", "SURV", "", "", NULL, 1693669887, NULL); 
*
INSERT INTO assets(identifier, name, type) VALUES("eip155:8453/erc20:0xFA7D088f6B1bbf7b1C8c3aC265Bb797264FD360B", "Andromeda Swap", "C"); INSERT INTO evm_tokens(identifier, token_kind, chain, address, decimals, protocol) VALUES("eip155:8453/erc20:0xFA7D088f6B1bbf7b1C8c3aC265Bb797264FD360B", "A", 8453, "0xFA7D088f6B1bbf7b1C8c3aC265Bb797264FD360B", 18, ""); INSERT INTO common_asset_details(identifier, symbol, coingecko, cryptocompare, forked, started, swapped_for) VALUES("eip155:8453/erc20:0xFA7D088f6B1bbf7b1C8c3aC265Bb797264FD360B", "ANDRE", "", "", NULL, 1693538353, NULL); 
*
INSERT INTO assets(identifier, name, type) VALUES("eip155:8453/erc20:0x5D67a4AFb9fBFc3640e163e93766Cf1eAF2F7045", "Gold", "C"); INSERT INTO evm_tokens(identifier, token_kind, chain, address, decimals, protocol) VALUES("eip155:8453/erc20:0x5D67a4AFb9fBFc3640e163e93766Cf1eAF2F7045", "A", 8453, "0x5D67a4AFb9fBFc3640e163e93766Cf1eAF2F7045", 18, ""); INSERT INTO common_asset_details(identifier, symbol, coingecko, cryptocompare, forked, started, swapped_for) VALUES("eip155:8453/erc20:0x5D67a4AFb9fBFc3640e163e93766Cf1eAF2F7045", "GLD", "", "", NULL, 1693848535, NULL); 
*
INSERT INTO assets(identifier, name, type) VALUES("eip155:8453/erc20:0x9Cc2fC2f75768b0307925C7935396Ec9D94bbA44", "Meta", "C"); INSERT INTO evm_tokens(identifier, token_kind, chain, address, decimals, protocol) VALUES("eip155:8453/erc20:0x9Cc2fC2f75768b0307925C7935396Ec9D94bbA44", "A", 8453, "0x9Cc2fC2f75768b0307925C7935396Ec9D94bbA44", 18, ""); INSERT INTO common_asset_details(identifier, symbol, coingecko, cryptocompare, forked, started, swapped_for) VALUES("eip155:8453/erc20:0x9Cc2fC2f75768b0307925C7935396Ec9D94bbA44", "MTA", "", "", NULL, 1693788575, NULL); 
*
INSERT INTO assets(identifier, name, type) VALUES("eip155:8453/erc20:0x8aE125E8653821E851F12A49F7765db9a9ce7384", "dHedge DAO Token", "C"); INSERT INTO evm_tokens(identifier, token_kind, chain, address, decimals, protocol) VALUES("eip155:8453/erc20:0x8aE125E8653821E851F12A49F7765db9a9ce7384", "A", 8453, "0x8aE125E8653821E851F12A49F7765db9a9ce7384", 18, ""); INSERT INTO common_asset_details(identifier, symbol, coingecko, cryptocompare, forked, started, swapped_for) VALUES("eip155:8453/erc20:0x8aE125E8653821E851F12A49F7765db9a9ce7384", "DHT", "", "", NULL, 1693788595, NULL); 
*
INSERT INTO assets(identifier, name, type) VALUES("eip155:8453/erc20:0x60be663a88401c917372b945b7D04cd75e5ABd12", "LA", "C"); INSERT INTO evm_tokens(identifier, token_kind, chain, address, decimals, protocol) VALUES("eip155:8453/erc20:0x60be663a88401c917372b945b7D04cd75e5ABd12", "A", 8453, "0x60be663a88401c917372b945b7D04cd75e5ABd12", 18, ""); INSERT INTO common_asset_details(identifier, symbol, coingecko, cryptocompare, forked, started, swapped_for) VALUES("eip155:8453/erc20:0x60be663a88401c917372b945b7D04cd75e5ABd12", "LA", "", "", NULL, 1693901177, NULL); 
*
INSERT INTO assets(identifier, name, type) VALUES("eip155:8453/erc20:0xE19FD3a859BE6759138fe4A904CDEA363FF51c76", "DiDiDandelion", "C"); INSERT INTO evm_tokens(identifier, token_kind, chain, address, decimals, protocol) VALUES("eip155:8453/erc20:0xE19FD3a859BE6759138fe4A904CDEA363FF51c76", "A", 8453, "0xE19FD3a859BE6759138fe4A904CDEA363FF51c76", 18, ""); INSERT INTO common_asset_details(identifier, symbol, coingecko, cryptocompare, forked, started, swapped_for) VALUES("eip155:8453/erc20:0xE19FD3a859BE6759138fe4A904CDEA363FF51c76", "DiDi", "", "", NULL, 1692613051, NULL); 
*
INSERT INTO assets(identifier, name, type) VALUES("eip155:8453/erc20:0x1dd2d631c92b1aCdFCDd51A0F7145A50130050C4", "AlienBase Token", "C"); INSERT INTO evm_tokens(identifier, token_kind, chain, address, decimals, protocol) VALUES("eip155:8453/erc20:0x1dd2d631c92b1aCdFCDd51A0F7145A50130050C4", "A", 8453, "0x1dd2d631c92b1aCdFCDd51A0F7145A50130050C4", 18, ""); INSERT INTO common_asset_details(identifier, symbol, coingecko, cryptocompare, forked, started, swapped_for) VALUES("eip155:8453/erc20:0x1dd2d631c92b1aCdFCDd51A0F7145A50130050C4", "ALB", "", "", NULL, 1691496701, NULL); 
*
INSERT INTO assets(identifier, name, type) VALUES("eip155:8453/erc20:0x08cDD613fe9d0470c8fA6400d4DF3d1bA0940844", "testqs01", "C"); INSERT INTO evm_tokens(identifier, token_kind, chain, address, decimals, protocol) VALUES("eip155:8453/erc20:0x08cDD613fe9d0470c8fA6400d4DF3d1bA0940844", "A", 8453, "0x08cDD613fe9d0470c8fA6400d4DF3d1bA0940844", 18, ""); INSERT INTO common_asset_details(identifier, symbol, coingecko, cryptocompare, forked, started, swapped_for) VALUES("eip155:8453/erc20:0x08cDD613fe9d0470c8fA6400d4DF3d1bA0940844", "testqs01", "", "", NULL, 1693938643, NULL); 
*
INSERT INTO assets(identifier, name, type) VALUES("eip155:8453/erc20:0xd0780896fb46583a71c5CE1ae0FF507E383d8085", "CoinZero", "C"); INSERT INTO evm_tokens(identifier, token_kind, chain, address, decimals, protocol) VALUES("eip155:8453/erc20:0xd0780896fb46583a71c5CE1ae0FF507E383d8085", "A", 8453, "0xd0780896fb46583a71c5CE1ae0FF507E383d8085", 18, ""); INSERT INTO common_asset_details(identifier, symbol, coingecko, cryptocompare, forked, started, swapped_for) VALUES("eip155:8453/erc20:0xd0780896fb46583a71c5CE1ae0FF507E383d8085", "CoinZero", "", "", NULL, 1693982597, NULL); 
*
INSERT INTO assets(identifier, name, type) VALUES("eip155:8453/erc20:0x2228363213E6E16e8ccC556Aa270a05f1F1A4E02", "Mochi and Toshi", "C"); INSERT INTO evm_tokens(identifier, token_kind, chain, address, decimals, protocol) VALUES("eip155:8453/erc20:0x2228363213E6E16e8ccC556Aa270a05f1F1A4E02", "A", 8453, "0x2228363213E6E16e8ccC556Aa270a05f1F1A4E02", 18, ""); INSERT INTO common_asset_details(identifier, symbol, coingecko, cryptocompare, forked, started, swapped_for) VALUES("eip155:8453/erc20:0x2228363213E6E16e8ccC556Aa270a05f1F1A4E02", "MOCHITOSHI", "", "", NULL, 1691301881, NULL); 
*
INSERT INTO assets(identifier, name, type) VALUES("eip155:8453/erc20:0x703F1803D2c6028B64d6C4969ff096E72D015E06", "VMX", "C"); INSERT INTO evm_tokens(identifier, token_kind, chain, address, decimals, protocol) VALUES("eip155:8453/erc20:0x703F1803D2c6028B64d6C4969ff096E72D015E06", "A", 8453, "0x703F1803D2c6028B64d6C4969ff096E72D015E06", 18, ""); INSERT INTO common_asset_details(identifier, symbol, coingecko, cryptocompare, forked, started, swapped_for) VALUES("eip155:8453/erc20:0x703F1803D2c6028B64d6C4969ff096E72D015E06", "VMX", "", "", NULL, 1694010537, NULL); 
*
INSERT INTO assets(identifier, name, type) VALUES("eip155:8453/erc20:0x44d05c7Bf593b4cC4322088fFCa35613079E8D37", "VMX", "C"); INSERT INTO evm_tokens(identifier, token_kind, chain, address, decimals, protocol) VALUES("eip155:8453/erc20:0x44d05c7Bf593b4cC4322088fFCa35613079E8D37", "A", 8453, "0x44d05c7Bf593b4cC4322088fFCa35613079E8D37", 18, ""); INSERT INTO common_asset_details(identifier, symbol, coingecko, cryptocompare, forked, started, swapped_for) VALUES("eip155:8453/erc20:0x44d05c7Bf593b4cC4322088fFCa35613079E8D37", "VMX", "", "", NULL, 1694012457, NULL); 
*
INSERT INTO assets(identifier, name, type) VALUES("eip155:8453/erc20:0x18c1075b8F0cDF93e01214e461e3f661C9B88631", "BasedAiDoge", "C"); INSERT INTO evm_tokens(identifier, token_kind, chain, address, decimals, protocol) VALUES("eip155:8453/erc20:0x18c1075b8F0cDF93e01214e461e3f661C9B88631", "A", 8453, "0x18c1075b8F0cDF93e01214e461e3f661C9B88631", 18, ""); INSERT INTO common_asset_details(identifier, symbol, coingecko, cryptocompare, forked, started, swapped_for) VALUES("eip155:8453/erc20:0x18c1075b8F0cDF93e01214e461e3f661C9B88631", "BDOGE", "", "", NULL, 1694007429, NULL); 
*
INSERT INTO assets(identifier, name, type) VALUES("eip155:8453/erc20:0xBCBAe0DD948b404e2157Ff395caCB10ABFc2b52A", "Insane Technology Index", "C"); INSERT INTO evm_tokens(identifier, token_kind, chain, address, decimals, protocol) VALUES("eip155:8453/erc20:0xBCBAe0DD948b404e2157Ff395caCB10ABFc2b52A", "A", 8453, "0xBCBAe0DD948b404e2157Ff395caCB10ABFc2b52A", 18, ""); INSERT INTO common_asset_details(identifier, symbol, coingecko, cryptocompare, forked, started, swapped_for) VALUES("eip155:8453/erc20:0xBCBAe0DD948b404e2157Ff395caCB10ABFc2b52A", "ITX", "", "", NULL, 1693806377, NULL); 
*
INSERT INTO assets(identifier, name, type) VALUES("eip155:8453/erc20:0x96e890c6b2501a69cAD5Dba402BFB871a2A2874C", "AAG", "C"); INSERT INTO evm_tokens(identifier, token_kind, chain, address, decimals, protocol) VALUES("eip155:8453/erc20:0x96e890c6b2501a69cAD5Dba402BFB871a2A2874C", "A", 8453, "0x96e890c6b2501a69cAD5Dba402BFB871a2A2874C", 18, ""); INSERT INTO common_asset_details(identifier, symbol, coingecko, cryptocompare, forked, started, swapped_for) VALUES("eip155:8453/erc20:0x96e890c6b2501a69cAD5Dba402BFB871a2A2874C", "AAG", "", "", NULL, 1694169719, NULL); 
*
INSERT INTO assets(identifier, name, type) VALUES("eip155:8453/erc20:0xd5DA32Ad4C7510457C0e46Fa4332F75f6C4C4dC0", "AutoEarn Token", "C"); INSERT INTO evm_tokens(identifier, token_kind, chain, address, decimals, protocol) VALUES("eip155:8453/erc20:0xd5DA32Ad4C7510457C0e46Fa4332F75f6C4C4dC0", "A", 8453, "0xd5DA32Ad4C7510457C0e46Fa4332F75f6C4C4dC0", 18, ""); INSERT INTO common_asset_details(identifier, symbol, coingecko, cryptocompare, forked, started, swapped_for) VALUES("eip155:8453/erc20:0xd5DA32Ad4C7510457C0e46Fa4332F75f6C4C4dC0", "ATE", "", "", NULL, 1693974561, NULL); 
*
INSERT INTO assets(identifier, name, type) VALUES("eip155:8453/erc20:0x8BE49607832a299FA33eE837038418ad0223333e", "bSHARE Token", "C"); INSERT INTO evm_tokens(identifier, token_kind, chain, address, decimals, protocol) VALUES("eip155:8453/erc20:0x8BE49607832a299FA33eE837038418ad0223333e", "A", 8453, "0x8BE49607832a299FA33eE837038418ad0223333e", 18, ""); INSERT INTO common_asset_details(identifier, symbol, coingecko, cryptocompare, forked, started, swapped_for) VALUES("eip155:8453/erc20:0x8BE49607832a299FA33eE837038418ad0223333e", "bSHARE", "", "", NULL, 1694434541, NULL); 
*
INSERT INTO assets(identifier, name, type) VALUES("eip155:8453/erc20:0xEf6b19D71B342EAE33773346b05EAD8F0966BD42", "TEST", "C"); INSERT INTO evm_tokens(identifier, token_kind, chain, address, decimals, protocol) VALUES("eip155:8453/erc20:0xEf6b19D71B342EAE33773346b05EAD8F0966BD42", "A", 8453, "0xEf6b19D71B342EAE33773346b05EAD8F0966BD42", 18, ""); INSERT INTO common_asset_details(identifier, symbol, coingecko, cryptocompare, forked, started, swapped_for) VALUES("eip155:8453/erc20:0xEf6b19D71B342EAE33773346b05EAD8F0966BD42", "TEST", "", "", NULL, 1693717691, NULL); 
*
INSERT INTO assets(identifier, name, type) VALUES("eip155:8453/erc20:0x9Fabf6Fca68Bd4E0d910b6464721832A098D8a5D", "UU", "C"); INSERT INTO evm_tokens(identifier, token_kind, chain, address, decimals, protocol) VALUES("eip155:8453/erc20:0x9Fabf6Fca68Bd4E0d910b6464721832A098D8a5D", "A", 8453, "0x9Fabf6Fca68Bd4E0d910b6464721832A098D8a5D", 18, ""); INSERT INTO common_asset_details(identifier, symbol, coingecko, cryptocompare, forked, started, swapped_for) VALUES("eip155:8453/erc20:0x9Fabf6Fca68Bd4E0d910b6464721832A098D8a5D", "UU", "", "", NULL, 1694660301, NULL); 
*
INSERT INTO assets(identifier, name, type) VALUES("eip155:8453/erc20:0x7Ee9cf972BC8441ebc112c5F01a96Ce85b0a44Bd", "Dai", "C"); INSERT INTO evm_tokens(identifier, token_kind, chain, address, decimals, protocol) VALUES("eip155:8453/erc20:0x7Ee9cf972BC8441ebc112c5F01a96Ce85b0a44Bd", "A", 8453, "0x7Ee9cf972BC8441ebc112c5F01a96Ce85b0a44Bd", 18, ""); INSERT INTO common_asset_details(identifier, symbol, coingecko, cryptocompare, forked, started, swapped_for) VALUES("eip155:8453/erc20:0x7Ee9cf972BC8441ebc112c5F01a96Ce85b0a44Bd", "DAI", "", "", NULL, 1694703963, NULL); 
*
INSERT INTO assets(identifier, name, type) VALUES("eip155:8453/erc20:0xfF07fc776206BDdd9d285A5E571dcDF98131120B", "Chi USD", "C"); INSERT INTO evm_tokens(identifier, token_kind, chain, address, decimals, protocol) VALUES("eip155:8453/erc20:0xfF07fc776206BDdd9d285A5E571dcDF98131120B", "A", 8453, "0xfF07fc776206BDdd9d285A5E571dcDF98131120B", 18, ""); INSERT INTO common_asset_details(identifier, symbol, coingecko, cryptocompare, forked, started, swapped_for) VALUES("eip155:8453/erc20:0xfF07fc776206BDdd9d285A5E571dcDF98131120B", "CHI", "", "", NULL, 1694704009, NULL); 
*
INSERT INTO assets(identifier, name, type) VALUES("eip155:8453/erc20:0xD0A96c9b21565a7B73d006C02E56E09438b51C1B", "bSHARE Token", "C"); INSERT INTO evm_tokens(identifier, token_kind, chain, address, decimals, protocol) VALUES("eip155:8453/erc20:0xD0A96c9b21565a7B73d006C02E56E09438b51C1B", "A", 8453, "0xD0A96c9b21565a7B73d006C02E56E09438b51C1B", 18, ""); INSERT INTO common_asset_details(identifier, symbol, coingecko, cryptocompare, forked, started, swapped_for) VALUES("eip155:8453/erc20:0xD0A96c9b21565a7B73d006C02E56E09438b51C1B", "bSHARE", "", "", NULL, 1694743625, NULL); 
*
INSERT INTO assets(identifier, name, type) VALUES("eip155:8453/erc20:0x025f99977db78317a4EbA606998258B502Bb256F", "VeyronPepe", "C"); INSERT INTO evm_tokens(identifier, token_kind, chain, address, decimals, protocol) VALUES("eip155:8453/erc20:0x025f99977db78317a4EbA606998258B502Bb256F", "A", 8453, "0x025f99977db78317a4EbA606998258B502Bb256F", 18, ""); INSERT INTO common_asset_details(identifier, symbol, coingecko, cryptocompare, forked, started, swapped_for) VALUES("eip155:8453/erc20:0x025f99977db78317a4EbA606998258B502Bb256F", "VPPE", "", "", NULL, 1693744953, NULL); 
*
INSERT INTO assets(identifier, name, type) VALUES("eip155:8453/erc20:0x728cDA34D732a87fD6429129e23D4742d9Ff0064", "BaseDOGE", "C"); INSERT INTO evm_tokens(identifier, token_kind, chain, address, decimals, protocol) VALUES("eip155:8453/erc20:0x728cDA34D732a87fD6429129e23D4742d9Ff0064", "A", 8453, "0x728cDA34D732a87fD6429129e23D4742d9Ff0064", 18, ""); INSERT INTO common_asset_details(identifier, symbol, coingecko, cryptocompare, forked, started, swapped_for) VALUES("eip155:8453/erc20:0x728cDA34D732a87fD6429129e23D4742d9Ff0064", "BaseDOGE", "", "", NULL, 1694215993, NULL); 
*
INSERT INTO assets(identifier, name, type) VALUES("eip155:8453/erc20:0xEB466342C4d449BC9f53A865D5Cb90586f405215", "Axelar Wrapped USDC", "C"); INSERT INTO evm_tokens(identifier, token_kind, chain, address, decimals, protocol) VALUES("eip155:8453/erc20:0xEB466342C4d449BC9f53A865D5Cb90586f405215", "A", 8453, "0xEB466342C4d449BC9f53A865D5Cb90586f405215", 6, ""); INSERT INTO common_asset_details(identifier, symbol, coingecko, cryptocompare, forked, started, swapped_for) VALUES("eip155:8453/erc20:0xEB466342C4d449BC9f53A865D5Cb90586f405215", "axlUSDC", "", "", NULL, 1689920657, NULL); 
*
INSERT INTO assets(identifier, name, type) VALUES("eip155:8453/erc20:0x33994a876c342Aa8bd25F70961810a7E103218B0", "Elite", "C"); INSERT INTO evm_tokens(identifier, token_kind, chain, address, decimals, protocol) VALUES("eip155:8453/erc20:0x33994a876c342Aa8bd25F70961810a7E103218B0", "A", 8453, "0x33994a876c342Aa8bd25F70961810a7E103218B0", 18, ""); INSERT INTO common_asset_details(identifier, symbol, coingecko, cryptocompare, forked, started, swapped_for) VALUES("eip155:8453/erc20:0x33994a876c342Aa8bd25F70961810a7E103218B0", "ELITE", "", "", NULL, 1694595533, NULL); 
*
INSERT INTO assets(identifier, name, type) VALUES("eip155:8453/erc20:0x2259ba575F7C66cF10d59a1Fe2F7BA77C5685770", "BAI", "C"); INSERT INTO evm_tokens(identifier, token_kind, chain, address, decimals, protocol) VALUES("eip155:8453/erc20:0x2259ba575F7C66cF10d59a1Fe2F7BA77C5685770", "A", 8453, "0x2259ba575F7C66cF10d59a1Fe2F7BA77C5685770", 18, ""); INSERT INTO common_asset_details(identifier, symbol, coingecko, cryptocompare, forked, started, swapped_for) VALUES("eip155:8453/erc20:0x2259ba575F7C66cF10d59a1Fe2F7BA77C5685770", "BAI", "", "", NULL, 1693592459, NULL); 
*
UPDATE common_asset_details SET symbol="cabalAERO" WHERE identifier="eip155:8453/erc20:0x3fF4720522228cB57daA59280Ad5d0a31B289ec4"; 
INSERT INTO assets(identifier, name, type) VALUES("eip155:8453/erc20:0x3fF4720522228cB57daA59280Ad5d0a31B289ec4", "cabalAERO", "C"); INSERT INTO evm_tokens(identifier, token_kind, chain, address, decimals, protocol) VALUES("eip155:8453/erc20:0x3fF4720522228cB57daA59280Ad5d0a31B289ec4", "A", 8453, "0x3fF4720522228cB57daA59280Ad5d0a31B289ec4", 18, ""); INSERT INTO common_asset_details(identifier, symbol, coingecko, cryptocompare, forked, started, swapped_for) VALUES("eip155:8453/erc20:0x3fF4720522228cB57daA59280Ad5d0a31B289ec4", "cabalAERO", "", "", NULL, 1695083007, NULL); 
UPDATE common_asset_details SET symbol="cabalAERO" WHERE identifier="eip155:8453/erc20:0x10A93eAB1B0Ea596522BC408a22584f9eA60dfCd"; 
INSERT INTO assets(identifier, name, type) VALUES("eip155:8453/erc20:0x10A93eAB1B0Ea596522BC408a22584f9eA60dfCd", "cabalAERO", "C"); INSERT INTO evm_tokens(identifier, token_kind, chain, address, decimals, protocol) VALUES("eip155:8453/erc20:0x10A93eAB1B0Ea596522BC408a22584f9eA60dfCd", "A", 8453, "0x10A93eAB1B0Ea596522BC408a22584f9eA60dfCd", 18, ""); INSERT INTO common_asset_details(identifier, symbol, coingecko, cryptocompare, forked, started, swapped_for) VALUES("eip155:8453/erc20:0x10A93eAB1B0Ea596522BC408a22584f9eA60dfCd", "cabalAERO", "", "", NULL, 1695084235, NULL); 
INSERT INTO assets(identifier, name, type) VALUES("eip155:8453/erc20:0xAc5Da09e0a15b1335edd7d1AEeEA2578FDeF7b66", "cabalAERO", "C"); INSERT INTO evm_tokens(identifier, token_kind, chain, address, decimals, protocol) VALUES("eip155:8453/erc20:0xAc5Da09e0a15b1335edd7d1AEeEA2578FDeF7b66", "A", 8453, "0xAc5Da09e0a15b1335edd7d1AEeEA2578FDeF7b66", 18, ""); INSERT INTO common_asset_details(identifier, symbol, coingecko, cryptocompare, forked, started, swapped_for) VALUES("eip155:8453/erc20:0xAc5Da09e0a15b1335edd7d1AEeEA2578FDeF7b66", "cabalAERO", "", "", NULL, 1695140461, NULL); 
*
INSERT INTO assets(identifier, name, type) VALUES("eip155:8453/erc20:0xA3d1a8DEB97B111454B294E2324EfAD13a9d8396", "OVN", "C"); INSERT INTO evm_tokens(identifier, token_kind, chain, address, decimals, protocol) VALUES("eip155:8453/erc20:0xA3d1a8DEB97B111454B294E2324EfAD13a9d8396", "A", 8453, "0xA3d1a8DEB97B111454B294E2324EfAD13a9d8396", 18, ""); INSERT INTO common_asset_details(identifier, symbol, coingecko, cryptocompare, forked, started, swapped_for) VALUES("eip155:8453/erc20:0xA3d1a8DEB97B111454B294E2324EfAD13a9d8396", "OVN", "", "", NULL, 1694071907, NULL); 
*
INSERT INTO assets(identifier, name, type) VALUES("eip155:8453/erc20:0xBe449c2aB88B5D9BF33eDe32270957d240155597", "Mushroom", "C"); INSERT INTO evm_tokens(identifier, token_kind, chain, address, decimals, protocol) VALUES("eip155:8453/erc20:0xBe449c2aB88B5D9BF33eDe32270957d240155597", "A", 8453, "0xBe449c2aB88B5D9BF33eDe32270957d240155597", 18, ""); INSERT INTO common_asset_details(identifier, symbol, coingecko, cryptocompare, forked, started, swapped_for) VALUES("eip155:8453/erc20:0xBe449c2aB88B5D9BF33eDe32270957d240155597", "MR", "", "", NULL, 1695275365, NULL); 
*
INSERT INTO assets(identifier, name, type) VALUES("eip155:8453/erc20:0xeF0b2Ccb53A683fA48799245f376D6a60929f003", "MoonBase Token", "C"); INSERT INTO evm_tokens(identifier, token_kind, chain, address, decimals, protocol) VALUES("eip155:8453/erc20:0xeF0b2Ccb53A683fA48799245f376D6a60929f003", "A", 8453, "0xeF0b2Ccb53A683fA48799245f376D6a60929f003", 18, ""); INSERT INTO common_asset_details(identifier, symbol, coingecko, cryptocompare, forked, started, swapped_for) VALUES("eip155:8453/erc20:0xeF0b2Ccb53A683fA48799245f376D6a60929f003", "MOON", "", "", NULL, 1695221487, NULL); 
*
INSERT INTO assets(identifier, name, type) VALUES("eip155:8453/erc20:0x5e06eA564efcB3158a85dBF0B9E017cb003ff56f", "USDM Stablecoin", "C"); INSERT INTO evm_tokens(identifier, token_kind, chain, address, decimals, protocol) VALUES("eip155:8453/erc20:0x5e06eA564efcB3158a85dBF0B9E017cb003ff56f", "A", 8453, "0x5e06eA564efcB3158a85dBF0B9E017cb003ff56f", 18, ""); INSERT INTO common_asset_details(identifier, symbol, coingecko, cryptocompare, forked, started, swapped_for) VALUES("eip155:8453/erc20:0x5e06eA564efcB3158a85dBF0B9E017cb003ff56f", "USDM", "", "", NULL, 1690982699, NULL); 
*
INSERT INTO assets(identifier, name, type) VALUES("eip155:8453/erc20:0x1d75AA781665A189b240ca3D6D3CbB540EC7f02A", "FrensTech", "C"); INSERT INTO evm_tokens(identifier, token_kind, chain, address, decimals, protocol) VALUES("eip155:8453/erc20:0x1d75AA781665A189b240ca3D6D3CbB540EC7f02A", "A", 8453, "0x1d75AA781665A189b240ca3D6D3CbB540EC7f02A", 18, ""); INSERT INTO common_asset_details(identifier, symbol, coingecko, cryptocompare, forked, started, swapped_for) VALUES("eip155:8453/erc20:0x1d75AA781665A189b240ca3D6D3CbB540EC7f02A", "FRENS", "", "", NULL, 1691787451, NULL); 
*
INSERT INTO assets(identifier, name, type) VALUES("eip155:8453/erc20:0x85e510539bC94144Fd4B9E00335DC9F27E6d0F64", "TEST RATE", "C"); INSERT INTO evm_tokens(identifier, token_kind, chain, address, decimals, protocol) VALUES("eip155:8453/erc20:0x85e510539bC94144Fd4B9E00335DC9F27E6d0F64", "A", 8453, "0x85e510539bC94144Fd4B9E00335DC9F27E6d0F64", 18, ""); INSERT INTO common_asset_details(identifier, symbol, coingecko, cryptocompare, forked, started, swapped_for) VALUES("eip155:8453/erc20:0x85e510539bC94144Fd4B9E00335DC9F27E6d0F64", "TESTR", "", "", NULL, 1695677029, NULL); 
*
INSERT INTO assets(identifier, name, type) VALUES("eip155:8453/erc20:0x3d5C55467326ca3FDb304D8706E02E957dbB0dc6", "TEST SHARE", "C"); INSERT INTO evm_tokens(identifier, token_kind, chain, address, decimals, protocol) VALUES("eip155:8453/erc20:0x3d5C55467326ca3FDb304D8706E02E957dbB0dc6", "A", 8453, "0x3d5C55467326ca3FDb304D8706E02E957dbB0dc6", 18, ""); INSERT INTO common_asset_details(identifier, symbol, coingecko, cryptocompare, forked, started, swapped_for) VALUES("eip155:8453/erc20:0x3d5C55467326ca3FDb304D8706E02E957dbB0dc6", "TESTS", "", "", NULL, 1695677165, NULL); 
*
INSERT INTO assets(identifier, name, type) VALUES("eip155:8453/erc20:0x587971e263F098418aBeEF0e46C6499D4dA63822", "TEST SHARE", "C"); INSERT INTO evm_tokens(identifier, token_kind, chain, address, decimals, protocol) VALUES("eip155:8453/erc20:0x587971e263F098418aBeEF0e46C6499D4dA63822", "A", 8453, "0x587971e263F098418aBeEF0e46C6499D4dA63822", 18, ""); INSERT INTO common_asset_details(identifier, symbol, coingecko, cryptocompare, forked, started, swapped_for) VALUES("eip155:8453/erc20:0x587971e263F098418aBeEF0e46C6499D4dA63822", "TESTS", "", "", NULL, 1695679299, NULL); 
*
INSERT INTO assets(identifier, name, type) VALUES("eip155:8453/erc20:0x1F23B787053802108fED5B67CF703f0778AEBaD8", "Bass Token", "C"); INSERT INTO evm_tokens(identifier, token_kind, chain, address, decimals, protocol) VALUES("eip155:8453/erc20:0x1F23B787053802108fED5B67CF703f0778AEBaD8", "A", 8453, "0x1F23B787053802108fED5B67CF703f0778AEBaD8", 18, ""); INSERT INTO common_asset_details(identifier, symbol, coingecko, cryptocompare, forked, started, swapped_for) VALUES("eip155:8453/erc20:0x1F23B787053802108fED5B67CF703f0778AEBaD8", "BASS", "", "", NULL, 1695626385, NULL); 
*
INSERT INTO assets(identifier, name, type) VALUES("eip155:8453/erc20:0xDB2949F540eDbCd7FdEc8Fe64cA935CBD4A0c9AA", "Dicko Mode", "C"); INSERT INTO evm_tokens(identifier, token_kind, chain, address, decimals, protocol) VALUES("eip155:8453/erc20:0xDB2949F540eDbCd7FdEc8Fe64cA935CBD4A0c9AA", "A", 8453, "0xDB2949F540eDbCd7FdEc8Fe64cA935CBD4A0c9AA", 18, ""); INSERT INTO common_asset_details(identifier, symbol, coingecko, cryptocompare, forked, started, swapped_for) VALUES("eip155:8453/erc20:0xDB2949F540eDbCd7FdEc8Fe64cA935CBD4A0c9AA", "DICKO", "", "", NULL, 1695711577, NULL); 
*
INSERT INTO assets(identifier, name, type) VALUES("eip155:8453/erc20:0xCa080DD32EEaa87711Db63543C9712b08795926a", "test", "C"); INSERT INTO evm_tokens(identifier, token_kind, chain, address, decimals, protocol) VALUES("eip155:8453/erc20:0xCa080DD32EEaa87711Db63543C9712b08795926a", "A", 8453, "0xCa080DD32EEaa87711Db63543C9712b08795926a", 18, ""); INSERT INTO common_asset_details(identifier, symbol, coingecko, cryptocompare, forked, started, swapped_for) VALUES("eip155:8453/erc20:0xCa080DD32EEaa87711Db63543C9712b08795926a", "TST", "", "", NULL, 1695790275, NULL); 
*
INSERT INTO assets(identifier, name, type) VALUES("eip155:8453/erc20:0xaFB2820316e7Bc5Ef78d295AB9b8Bb2257534576", "R Stablecoin", "C"); INSERT INTO evm_tokens(identifier, token_kind, chain, address, decimals, protocol) VALUES("eip155:8453/erc20:0xaFB2820316e7Bc5Ef78d295AB9b8Bb2257534576", "A", 8453, "0xaFB2820316e7Bc5Ef78d295AB9b8Bb2257534576", 18, ""); INSERT INTO common_asset_details(identifier, symbol, coingecko, cryptocompare, forked, started, swapped_for) VALUES("eip155:8453/erc20:0xaFB2820316e7Bc5Ef78d295AB9b8Bb2257534576", "R", "", "", NULL, 1693916495, NULL); 
*
INSERT INTO assets(identifier, name, type) VALUES("eip155:8453/erc20:0xC528EB57779E66bABEF0c7b3fdb17C73afDB1505", "People Tomb", "C"); INSERT INTO evm_tokens(identifier, token_kind, chain, address, decimals, protocol) VALUES("eip155:8453/erc20:0xC528EB57779E66bABEF0c7b3fdb17C73afDB1505", "A", 8453, "0xC528EB57779E66bABEF0c7b3fdb17C73afDB1505", 18, ""); INSERT INTO common_asset_details(identifier, symbol, coingecko, cryptocompare, forked, started, swapped_for) VALUES("eip155:8453/erc20:0xC528EB57779E66bABEF0c7b3fdb17C73afDB1505", "PTOMB", "", "", NULL, 1695849251, NULL); 
*
INSERT INTO assets(identifier, name, type) VALUES("eip155:8453/erc20:0x373056181B981ddF44b8E561770cE5269D648DD4", "People Tomb Share", "C"); INSERT INTO evm_tokens(identifier, token_kind, chain, address, decimals, protocol) VALUES("eip155:8453/erc20:0x373056181B981ddF44b8E561770cE5269D648DD4", "A", 8453, "0x373056181B981ddF44b8E561770cE5269D648DD4", 18, ""); INSERT INTO common_asset_details(identifier, symbol, coingecko, cryptocompare, forked, started, swapped_for) VALUES("eip155:8453/erc20:0x373056181B981ddF44b8E561770cE5269D648DD4", "PSHARE", "", "", NULL, 1695849961, NULL); 
*
INSERT INTO assets(identifier, name, type) VALUES("eip155:8453/erc20:0x236f9ebE3A40F3b24CEa63a880704c712d5EC760", "Laari", "C"); INSERT INTO evm_tokens(identifier, token_kind, chain, address, decimals, protocol) VALUES("eip155:8453/erc20:0x236f9ebE3A40F3b24CEa63a880704c712d5EC760", "A", 8453, "0x236f9ebE3A40F3b24CEa63a880704c712d5EC760", 18, ""); INSERT INTO common_asset_details(identifier, symbol, coingecko, cryptocompare, forked, started, swapped_for) VALUES("eip155:8453/erc20:0x236f9ebE3A40F3b24CEa63a880704c712d5EC760", "Laari", "", "", NULL, 1695736777, NULL); 
*
INSERT INTO assets(identifier, name, type) VALUES("eip155:8453/erc20:0xbE3111856e4acA828593274eA6872f27968C8DD6", "KRAV", "C"); INSERT INTO evm_tokens(identifier, token_kind, chain, address, decimals, protocol) VALUES("eip155:8453/erc20:0xbE3111856e4acA828593274eA6872f27968C8DD6", "A", 8453, "0xbE3111856e4acA828593274eA6872f27968C8DD6", 18, ""); INSERT INTO common_asset_details(identifier, symbol, coingecko, cryptocompare, forked, started, swapped_for) VALUES("eip155:8453/erc20:0xbE3111856e4acA828593274eA6872f27968C8DD6", "KRAV", "", "", NULL, 1690879923, NULL); 
*
INSERT INTO assets(identifier, name, type) VALUES("eip155:8453/erc20:0xE2B21D4684b2bA62F3BE1FE286eacb90D26E394d", "CryptoOracle Collective", "C"); INSERT INTO evm_tokens(identifier, token_kind, chain, address, decimals, protocol) VALUES("eip155:8453/erc20:0xE2B21D4684b2bA62F3BE1FE286eacb90D26E394d", "A", 8453, "0xE2B21D4684b2bA62F3BE1FE286eacb90D26E394d", 18, ""); INSERT INTO common_asset_details(identifier, symbol, coingecko, cryptocompare, forked, started, swapped_for) VALUES("eip155:8453/erc20:0xE2B21D4684b2bA62F3BE1FE286eacb90D26E394d", "COC", "", "", NULL, 1691525397, NULL); 
*
INSERT INTO assets(identifier, name, type) VALUES("eip155:8453/erc20:0x990E3950a1F218Ad02807D7B39F36665e96ABcDF", "Uni Tomb", "C"); INSERT INTO evm_tokens(identifier, token_kind, chain, address, decimals, protocol) VALUES("eip155:8453/erc20:0x990E3950a1F218Ad02807D7B39F36665e96ABcDF", "A", 8453, "0x990E3950a1F218Ad02807D7B39F36665e96ABcDF", 18, ""); INSERT INTO common_asset_details(identifier, symbol, coingecko, cryptocompare, forked, started, swapped_for) VALUES("eip155:8453/erc20:0x990E3950a1F218Ad02807D7B39F36665e96ABcDF", "UTOMB", "", "", NULL, 1696211409, NULL); 
*
INSERT INTO assets(identifier, name, type) VALUES("eip155:8453/erc20:0xF2f934FC4DEb2348908c465Fe085e96F2b87776C", "Uni Share", "C"); INSERT INTO evm_tokens(identifier, token_kind, chain, address, decimals, protocol) VALUES("eip155:8453/erc20:0xF2f934FC4DEb2348908c465Fe085e96F2b87776C", "A", 8453, "0xF2f934FC4DEb2348908c465Fe085e96F2b87776C", 18, ""); INSERT INTO common_asset_details(identifier, symbol, coingecko, cryptocompare, forked, started, swapped_for) VALUES("eip155:8453/erc20:0xF2f934FC4DEb2348908c465Fe085e96F2b87776C", "USHARE", "", "", NULL, 1696211937, NULL); 
*
INSERT INTO assets(identifier, name, type) VALUES("eip155:8453/erc20:0xfFC565d504569afde0ba1AE6AA37E7e3c28DEd47", "Gamer", "C"); INSERT INTO evm_tokens(identifier, token_kind, chain, address, decimals, protocol) VALUES("eip155:8453/erc20:0xfFC565d504569afde0ba1AE6AA37E7e3c28DEd47", "A", 8453, "0xfFC565d504569afde0ba1AE6AA37E7e3c28DEd47", 18, ""); INSERT INTO common_asset_details(identifier, symbol, coingecko, cryptocompare, forked, started, swapped_for) VALUES("eip155:8453/erc20:0xfFC565d504569afde0ba1AE6AA37E7e3c28DEd47", "cyb3rgam3r420", "", "", NULL, 1696228049, NULL); 
*
INSERT INTO assets(identifier, name, type) VALUES("eip155:8453/erc20:0x065EC3C3152a17D9A30Cdc640013676Cb49C7E0d", "Uni Tomb", "C"); INSERT INTO evm_tokens(identifier, token_kind, chain, address, decimals, protocol) VALUES("eip155:8453/erc20:0x065EC3C3152a17D9A30Cdc640013676Cb49C7E0d", "A", 8453, "0x065EC3C3152a17D9A30Cdc640013676Cb49C7E0d", 18, ""); INSERT INTO common_asset_details(identifier, symbol, coingecko, cryptocompare, forked, started, swapped_for) VALUES("eip155:8453/erc20:0x065EC3C3152a17D9A30Cdc640013676Cb49C7E0d", "UTOMB", "", "", NULL, 1696344487, NULL); 
*
INSERT INTO assets(identifier, name, type) VALUES("eip155:8453/erc20:0x1EEC4c6b8c633659a38315C87ECBA8515db8662e", "Uni Share", "C"); INSERT INTO evm_tokens(identifier, token_kind, chain, address, decimals, protocol) VALUES("eip155:8453/erc20:0x1EEC4c6b8c633659a38315C87ECBA8515db8662e", "A", 8453, "0x1EEC4c6b8c633659a38315C87ECBA8515db8662e", 18, ""); INSERT INTO common_asset_details(identifier, symbol, coingecko, cryptocompare, forked, started, swapped_for) VALUES("eip155:8453/erc20:0x1EEC4c6b8c633659a38315C87ECBA8515db8662e", "USHARE", "", "", NULL, 1696344527, NULL); 
*
INSERT INTO assets(identifier, name, type) VALUES("eip155:8453/erc20:0x8F26F6c7d10Fd9e9C0355eD04D13bF192E2eDf4B", "Uni Tomb", "C"); INSERT INTO evm_tokens(identifier, token_kind, chain, address, decimals, protocol) VALUES("eip155:8453/erc20:0x8F26F6c7d10Fd9e9C0355eD04D13bF192E2eDf4B", "A", 8453, "0x8F26F6c7d10Fd9e9C0355eD04D13bF192E2eDf4B", 18, ""); INSERT INTO common_asset_details(identifier, symbol, coingecko, cryptocompare, forked, started, swapped_for) VALUES("eip155:8453/erc20:0x8F26F6c7d10Fd9e9C0355eD04D13bF192E2eDf4B", "UTOMB", "", "", NULL, 1696367503, NULL); 
*
INSERT INTO assets(identifier, name, type) VALUES("eip155:8453/erc20:0x73512E549A57719D8374CA2276dC25170Aef2417", "Uni Tomb", "C"); INSERT INTO evm_tokens(identifier, token_kind, chain, address, decimals, protocol) VALUES("eip155:8453/erc20:0x73512E549A57719D8374CA2276dC25170Aef2417", "A", 8453, "0x73512E549A57719D8374CA2276dC25170Aef2417", 18, ""); INSERT INTO common_asset_details(identifier, symbol, coingecko, cryptocompare, forked, started, swapped_for) VALUES("eip155:8453/erc20:0x73512E549A57719D8374CA2276dC25170Aef2417", "UTOMB", "", "", NULL, 1696368589, NULL); 
*
INSERT INTO assets(identifier, name, type) VALUES("eip155:8453/erc20:0x0FE285E41067edf7bB941B24f89960EAf588f04f", "Uni Share", "C"); INSERT INTO evm_tokens(identifier, token_kind, chain, address, decimals, protocol) VALUES("eip155:8453/erc20:0x0FE285E41067edf7bB941B24f89960EAf588f04f", "A", 8453, "0x0FE285E41067edf7bB941B24f89960EAf588f04f", 18, ""); INSERT INTO common_asset_details(identifier, symbol, coingecko, cryptocompare, forked, started, swapped_for) VALUES("eip155:8453/erc20:0x0FE285E41067edf7bB941B24f89960EAf588f04f", "USHARE", "", "", NULL, 1696368657, NULL); 
*
INSERT INTO assets(identifier, name, type) VALUES("eip155:8453/erc20:0xD1dB4851bcF5B41442cAA32025Ce0Afe6B8EabC2", "Based ZoomerCoin", "C"); INSERT INTO evm_tokens(identifier, token_kind, chain, address, decimals, protocol) VALUES("eip155:8453/erc20:0xD1dB4851bcF5B41442cAA32025Ce0Afe6B8EabC2", "A", 8453, "0xD1dB4851bcF5B41442cAA32025Ce0Afe6B8EabC2", 18, ""); INSERT INTO common_asset_details(identifier, symbol, coingecko, cryptocompare, forked, started, swapped_for) VALUES("eip155:8453/erc20:0xD1dB4851bcF5B41442cAA32025Ce0Afe6B8EabC2", "ZOOMER", "", "", NULL, 1692146675, NULL); 
*
INSERT INTO assets(identifier, name, type) VALUES("eip155:8453/erc20:0xf908326E871561E31b346499F70854350aCe3Dd2", "Base AI", "C"); INSERT INTO evm_tokens(identifier, token_kind, chain, address, decimals, protocol) VALUES("eip155:8453/erc20:0xf908326E871561E31b346499F70854350aCe3Dd2", "A", 8453, "0xf908326E871561E31b346499F70854350aCe3Dd2", 18, ""); INSERT INTO common_asset_details(identifier, symbol, coingecko, cryptocompare, forked, started, swapped_for) VALUES("eip155:8453/erc20:0xf908326E871561E31b346499F70854350aCe3Dd2", "BAI", "", "", NULL, 1696570261, NULL); 
*
INSERT INTO assets(identifier, name, type) VALUES("eip155:8453/erc20:0x78a087d713Be963Bf307b18F2Ff8122EF9A63ae9", "Baseswap Token", "C"); INSERT INTO evm_tokens(identifier, token_kind, chain, address, decimals, protocol) VALUES("eip155:8453/erc20:0x78a087d713Be963Bf307b18F2Ff8122EF9A63ae9", "A", 8453, "0x78a087d713Be963Bf307b18F2Ff8122EF9A63ae9", 18, ""); INSERT INTO common_asset_details(identifier, symbol, coingecko, cryptocompare, forked, started, swapped_for) VALUES("eip155:8453/erc20:0x78a087d713Be963Bf307b18F2Ff8122EF9A63ae9", "BSWAP", "", "", NULL, 1690915487, NULL); 
*
INSERT INTO assets(identifier, name, type) VALUES("eip155:8453/erc20:0x15A15f903864F6d321a07647C83489F3Da82F9AF", "WOM meme", "C"); INSERT INTO evm_tokens(identifier, token_kind, chain, address, decimals, protocol) VALUES("eip155:8453/erc20:0x15A15f903864F6d321a07647C83489F3Da82F9AF", "A", 8453, "0x15A15f903864F6d321a07647C83489F3Da82F9AF", 18, ""); INSERT INTO common_asset_details(identifier, symbol, coingecko, cryptocompare, forked, started, swapped_for) VALUES("eip155:8453/erc20:0x15A15f903864F6d321a07647C83489F3Da82F9AF", "WOME", "", "", NULL, 1696173611, NULL); 
*
INSERT INTO assets(identifier, name, type) VALUES("eip155:8453/erc20:0x0e80F46D9Eb7611748e07aC234be4eBa260e4531", "Test Token", "C"); INSERT INTO evm_tokens(identifier, token_kind, chain, address, decimals, protocol) VALUES("eip155:8453/erc20:0x0e80F46D9Eb7611748e07aC234be4eBa260e4531", "A", 8453, "0x0e80F46D9Eb7611748e07aC234be4eBa260e4531", 16, ""); INSERT INTO common_asset_details(identifier, symbol, coingecko, cryptocompare, forked, started, swapped_for) VALUES("eip155:8453/erc20:0x0e80F46D9Eb7611748e07aC234be4eBa260e4531", "TT", "", "", NULL, 1696854777, NULL); 
*
INSERT INTO assets(identifier, name, type) VALUES("eip155:8453/erc20:0xfCAF32b29bfAEf79C1419EA0ad927B1A0c247E7B", "hzBurg", "C"); INSERT INTO evm_tokens(identifier, token_kind, chain, address, decimals, protocol) VALUES("eip155:8453/erc20:0xfCAF32b29bfAEf79C1419EA0ad927B1A0c247E7B", "A", 8453, "0xfCAF32b29bfAEf79C1419EA0ad927B1A0c247E7B", 18, ""); INSERT INTO common_asset_details(identifier, symbol, coingecko, cryptocompare, forked, started, swapped_for) VALUES("eip155:8453/erc20:0xfCAF32b29bfAEf79C1419EA0ad927B1A0c247E7B", "HZ", "", "", NULL, 1696024233, NULL); 
*
INSERT INTO assets(identifier, name, type) VALUES("eip155:8453/erc20:0x41E99e0F73a88947C52070FF67C19B7aBc171A54", "Redemption Finance", "C"); INSERT INTO evm_tokens(identifier, token_kind, chain, address, decimals, protocol) VALUES("eip155:8453/erc20:0x41E99e0F73a88947C52070FF67C19B7aBc171A54", "A", 8453, "0x41E99e0F73a88947C52070FF67C19B7aBc171A54", 18, ""); INSERT INTO common_asset_details(identifier, symbol, coingecko, cryptocompare, forked, started, swapped_for) VALUES("eip155:8453/erc20:0x41E99e0F73a88947C52070FF67C19B7aBc171A54", "RDMP", "", "", NULL, 1696957795, NULL); 
*
INSERT INTO assets(identifier, name, type) VALUES("eip155:8453/erc20:0xf7CCDD0A1601D1b4f485742Dec6a645162A25F85", "Kheops Tomb", "C"); INSERT INTO evm_tokens(identifier, token_kind, chain, address, decimals, protocol) VALUES("eip155:8453/erc20:0xf7CCDD0A1601D1b4f485742Dec6a645162A25F85", "A", 8453, "0xf7CCDD0A1601D1b4f485742Dec6a645162A25F85", 18, ""); INSERT INTO common_asset_details(identifier, symbol, coingecko, cryptocompare, forked, started, swapped_for) VALUES("eip155:8453/erc20:0xf7CCDD0A1601D1b4f485742Dec6a645162A25F85", "KHEOPS", "", "", NULL, 1696960965, NULL); 
*
INSERT INTO assets(identifier, name, type) VALUES("eip155:8453/erc20:0x3B24a8e981863fc1cf38D5Ca97E54afdb3328aF0", "KShare", "C"); INSERT INTO evm_tokens(identifier, token_kind, chain, address, decimals, protocol) VALUES("eip155:8453/erc20:0x3B24a8e981863fc1cf38D5Ca97E54afdb3328aF0", "A", 8453, "0x3B24a8e981863fc1cf38D5Ca97E54afdb3328aF0", 18, ""); INSERT INTO common_asset_details(identifier, symbol, coingecko, cryptocompare, forked, started, swapped_for) VALUES("eip155:8453/erc20:0x3B24a8e981863fc1cf38D5Ca97E54afdb3328aF0", "KSHARE", "", "", NULL, 1697009987, NULL); 
*
INSERT INTO assets(identifier, name, type) VALUES("eip155:8453/erc20:0x2F108A8dbcdB6D7afafeeb59f991C76bF9cCBD4F", "MONA TOKEN", "C"); INSERT INTO evm_tokens(identifier, token_kind, chain, address, decimals, protocol) VALUES("eip155:8453/erc20:0x2F108A8dbcdB6D7afafeeb59f991C76bF9cCBD4F", "A", 8453, "0x2F108A8dbcdB6D7afafeeb59f991C76bF9cCBD4F", 8, ""); INSERT INTO common_asset_details(identifier, symbol, coingecko, cryptocompare, forked, started, swapped_for) VALUES("eip155:8453/erc20:0x2F108A8dbcdB6D7afafeeb59f991C76bF9cCBD4F", "Lisa", "", "", NULL, 1697013805, NULL); 
*
INSERT INTO assets(identifier, name, type) VALUES("eip155:8453/erc20:0xb31Bc7101Deace02Bd5D1333f9a44ef63285d01C", "Grass", "C"); INSERT INTO evm_tokens(identifier, token_kind, chain, address, decimals, protocol) VALUES("eip155:8453/erc20:0xb31Bc7101Deace02Bd5D1333f9a44ef63285d01C", "A", 8453, "0xb31Bc7101Deace02Bd5D1333f9a44ef63285d01C", 18, ""); INSERT INTO common_asset_details(identifier, symbol, coingecko, cryptocompare, forked, started, swapped_for) VALUES("eip155:8453/erc20:0xb31Bc7101Deace02Bd5D1333f9a44ef63285d01C", "GRZ", "", "", NULL, 1697378189, NULL); 
*
INSERT INTO assets(identifier, name, type) VALUES("eip155:8453/erc20:0x4788de271F50EA6f5D5D2a5072B8D3C61d650326", "Basin Protocol", "C"); INSERT INTO evm_tokens(identifier, token_kind, chain, address, decimals, protocol) VALUES("eip155:8453/erc20:0x4788de271F50EA6f5D5D2a5072B8D3C61d650326", "A", 8453, "0x4788de271F50EA6f5D5D2a5072B8D3C61d650326", 18, ""); INSERT INTO common_asset_details(identifier, symbol, coingecko, cryptocompare, forked, started, swapped_for) VALUES("eip155:8453/erc20:0x4788de271F50EA6f5D5D2a5072B8D3C61d650326", "BASIN", "", "", NULL, 1691160247, NULL); 
*
INSERT INTO assets(identifier, name, type) VALUES("eip155:8453/erc20:0x2D42dFF7323F585A0168e904a7c982B511c3B5A3", "Hatercoin", "C"); INSERT INTO evm_tokens(identifier, token_kind, chain, address, decimals, protocol) VALUES("eip155:8453/erc20:0x2D42dFF7323F585A0168e904a7c982B511c3B5A3", "A", 8453, "0x2D42dFF7323F585A0168e904a7c982B511c3B5A3", 9, ""); INSERT INTO common_asset_details(identifier, symbol, coingecko, cryptocompare, forked, started, swapped_for) VALUES("eip155:8453/erc20:0x2D42dFF7323F585A0168e904a7c982B511c3B5A3", "HATER", "", "", NULL, 1695617299, NULL); 
*
INSERT INTO assets(identifier, name, type) VALUES("eip155:8453/erc20:0x981D41C115a2d48Cb1215D13Bda8f989d407c9c5", "Xena", "C"); INSERT INTO evm_tokens(identifier, token_kind, chain, address, decimals, protocol) VALUES("eip155:8453/erc20:0x981D41C115a2d48Cb1215D13Bda8f989d407c9c5", "A", 8453, "0x981D41C115a2d48Cb1215D13Bda8f989d407c9c5", 18, ""); INSERT INTO common_asset_details(identifier, symbol, coingecko, cryptocompare, forked, started, swapped_for) VALUES("eip155:8453/erc20:0x981D41C115a2d48Cb1215D13Bda8f989d407c9c5", "XEN", "", "", NULL, 1696838429, NULL); 
*
INSERT INTO assets(identifier, name, type) VALUES("eip155:8453/erc20:0x18c891096564653F04167DC8a21af15dBDebb440", "BASE", "C"); INSERT INTO evm_tokens(identifier, token_kind, chain, address, decimals, protocol) VALUES("eip155:8453/erc20:0x18c891096564653F04167DC8a21af15dBDebb440", "A", 8453, "0x18c891096564653F04167DC8a21af15dBDebb440", 18, ""); INSERT INTO common_asset_details(identifier, symbol, coingecko, cryptocompare, forked, started, swapped_for) VALUES("eip155:8453/erc20:0x18c891096564653F04167DC8a21af15dBDebb440", "BASE", "", "", NULL, 1697715087, NULL); 
*
INSERT INTO assets(identifier, name, type) VALUES("eip155:8453/erc20:0x07388Ecb5584622c80fbd21355bFB778f77361D8", "TestToken", "C"); INSERT INTO evm_tokens(identifier, token_kind, chain, address, decimals, protocol) VALUES("eip155:8453/erc20:0x07388Ecb5584622c80fbd21355bFB778f77361D8", "A", 8453, "0x07388Ecb5584622c80fbd21355bFB778f77361D8", 18, ""); INSERT INTO common_asset_details(identifier, symbol, coingecko, cryptocompare, forked, started, swapped_for) VALUES("eip155:8453/erc20:0x07388Ecb5584622c80fbd21355bFB778f77361D8", "TTN", "", "", NULL, 1697791195, NULL); 
*
INSERT INTO assets(identifier, name, type) VALUES("eip155:8453/erc20:0xdD1075fF24634b98bBe0C7262b2777767C88731b", "Wallet Olympic Games", "C"); INSERT INTO evm_tokens(identifier, token_kind, chain, address, decimals, protocol) VALUES("eip155:8453/erc20:0xdD1075fF24634b98bBe0C7262b2777767C88731b", "A", 8453, "0xdD1075fF24634b98bBe0C7262b2777767C88731b", 18, ""); INSERT INTO common_asset_details(identifier, symbol, coingecko, cryptocompare, forked, started, swapped_for) VALUES("eip155:8453/erc20:0xdD1075fF24634b98bBe0C7262b2777767C88731b", "OLYMPICS", "", "", NULL, 1696406567, NULL); 
*
INSERT INTO assets(identifier, name, type) VALUES("eip155:8453/erc20:0xA28BAc0427e4a722246Ce4E9aD89Ec95FF8B87A3", "Statix Farm", "C"); INSERT INTO evm_tokens(identifier, token_kind, chain, address, decimals, protocol) VALUES("eip155:8453/erc20:0xA28BAc0427e4a722246Ce4E9aD89Ec95FF8B87A3", "A", 8453, "0xA28BAc0427e4a722246Ce4E9aD89Ec95FF8B87A3", 18, ""); INSERT INTO common_asset_details(identifier, symbol, coingecko, cryptocompare, forked, started, swapped_for) VALUES("eip155:8453/erc20:0xA28BAc0427e4a722246Ce4E9aD89Ec95FF8B87A3", "STATIX", "", "", NULL, 1697797139, NULL); 
*
INSERT INTO assets(identifier, name, type) VALUES("eip155:8453/erc20:0x7247053d34Ae844A3c959326fBBa0584fbFE7aBE", "Coinbase", "C"); INSERT INTO evm_tokens(identifier, token_kind, chain, address, decimals, protocol) VALUES("eip155:8453/erc20:0x7247053d34Ae844A3c959326fBBa0584fbFE7aBE", "A", 8453, "0x7247053d34Ae844A3c959326fBBa0584fbFE7aBE", 8, ""); INSERT INTO common_asset_details(identifier, symbol, coingecko, cryptocompare, forked, started, swapped_for) VALUES("eip155:8453/erc20:0x7247053d34Ae844A3c959326fBBa0584fbFE7aBE", "COINBASE", "", "", NULL, 1697815085, NULL); 
*
INSERT INTO assets(identifier, name, type) VALUES("eip155:8453/erc20:0x777b2839832982B35213063d850848369390EE16", "JARVIS", "C"); INSERT INTO evm_tokens(identifier, token_kind, chain, address, decimals, protocol) VALUES("eip155:8453/erc20:0x777b2839832982B35213063d850848369390EE16", "A", 8453, "0x777b2839832982B35213063d850848369390EE16", 18, ""); INSERT INTO common_asset_details(identifier, symbol, coingecko, cryptocompare, forked, started, swapped_for) VALUES("eip155:8453/erc20:0x777b2839832982B35213063d850848369390EE16", "JARVIS", "", "", NULL, 1697817953, NULL); 
*
INSERT INTO assets(identifier, name, type) VALUES("eip155:8453/erc20:0x2F3b1A07E3eFb1fCc64BD09b86bD0Fa885D93552", "MST", "C"); INSERT INTO evm_tokens(identifier, token_kind, chain, address, decimals, protocol) VALUES("eip155:8453/erc20:0x2F3b1A07E3eFb1fCc64BD09b86bD0Fa885D93552", "A", 8453, "0x2F3b1A07E3eFb1fCc64BD09b86bD0Fa885D93552", 18, ""); INSERT INTO common_asset_details(identifier, symbol, coingecko, cryptocompare, forked, started, swapped_for) VALUES("eip155:8453/erc20:0x2F3b1A07E3eFb1fCc64BD09b86bD0Fa885D93552", "MST", "", "", NULL, 1690983843, NULL); 
*
INSERT INTO assets(identifier, name, type) VALUES("eip155:8453/erc20:0xba7D47f471ADD16875e765edEe0858C3413A56Fd", "Meta", "C"); INSERT INTO evm_tokens(identifier, token_kind, chain, address, decimals, protocol) VALUES("eip155:8453/erc20:0xba7D47f471ADD16875e765edEe0858C3413A56Fd", "A", 8453, "0xba7D47f471ADD16875e765edEe0858C3413A56Fd", 18, ""); INSERT INTO common_asset_details(identifier, symbol, coingecko, cryptocompare, forked, started, swapped_for) VALUES("eip155:8453/erc20:0xba7D47f471ADD16875e765edEe0858C3413A56Fd", "MTA", "", "", NULL, 1694068593, NULL); 
*
INSERT INTO assets(identifier, name, type) VALUES("eip155:8453/erc20:0x5E42c17CAEab64527D9d80d506a3FE01179afa02", "Tetu Token", "C"); INSERT INTO evm_tokens(identifier, token_kind, chain, address, decimals, protocol) VALUES("eip155:8453/erc20:0x5E42c17CAEab64527D9d80d506a3FE01179afa02", "A", 8453, "0x5E42c17CAEab64527D9d80d506a3FE01179afa02", 18, ""); INSERT INTO common_asset_details(identifier, symbol, coingecko, cryptocompare, forked, started, swapped_for) VALUES("eip155:8453/erc20:0x5E42c17CAEab64527D9d80d506a3FE01179afa02", "TETU", "", "", NULL, 1695529595, NULL); 
*
INSERT INTO assets(identifier, name, type) VALUES("eip155:8453/erc20:0x68f0a05FDc8773d9a5Fd1304ca411ACc234ce22c", "Tetu V2 tUSDbC", "C"); INSERT INTO evm_tokens(identifier, token_kind, chain, address, decimals, protocol) VALUES("eip155:8453/erc20:0x68f0a05FDc8773d9a5Fd1304ca411ACc234ce22c", "A", 8453, "0x68f0a05FDc8773d9a5Fd1304ca411ACc234ce22c", 6, ""); INSERT INTO common_asset_details(identifier, symbol, coingecko, cryptocompare, forked, started, swapped_for) VALUES("eip155:8453/erc20:0x68f0a05FDc8773d9a5Fd1304ca411ACc234ce22c", "tUSDbC", "", "", NULL, 1697356917, NULL); 
*
INSERT INTO assets(identifier, name, type) VALUES("eip155:8453/erc20:0x063D2DB6D348Fa5957b78B6141d144426486c68C", "SocioCat", "C"); INSERT INTO evm_tokens(identifier, token_kind, chain, address, decimals, protocol) VALUES("eip155:8453/erc20:0x063D2DB6D348Fa5957b78B6141d144426486c68C", "A", 8453, "0x063D2DB6D348Fa5957b78B6141d144426486c68C", 18, ""); INSERT INTO common_asset_details(identifier, symbol, coingecko, cryptocompare, forked, started, swapped_for) VALUES("eip155:8453/erc20:0x063D2DB6D348Fa5957b78B6141d144426486c68C", "CAT", "", "", NULL, 1698642155, NULL); 
*
INSERT INTO assets(identifier, name, type) VALUES("eip155:8453/erc20:0x3Ff7AB26F2dfD482C40bDaDfC0e88D01BFf79713", "Option to buy BMX", "C"); INSERT INTO evm_tokens(identifier, token_kind, chain, address, decimals, protocol) VALUES("eip155:8453/erc20:0x3Ff7AB26F2dfD482C40bDaDfC0e88D01BFf79713", "A", 8453, "0x3Ff7AB26F2dfD482C40bDaDfC0e88D01BFf79713", 18, ""); INSERT INTO common_asset_details(identifier, symbol, coingecko, cryptocompare, forked, started, swapped_for) VALUES("eip155:8453/erc20:0x3Ff7AB26F2dfD482C40bDaDfC0e88D01BFf79713", "oBMX", "", "", NULL, 1693969729, NULL); 
*
INSERT INTO assets(identifier, name, type) VALUES("eip155:8453/erc20:0xCfA3Ef56d303AE4fAabA0592388F19d7C3399FB4", "Electronic Dollar", "C"); INSERT INTO evm_tokens(identifier, token_kind, chain, address, decimals, protocol) VALUES("eip155:8453/erc20:0xCfA3Ef56d303AE4fAabA0592388F19d7C3399FB4", "A", 8453, "0xCfA3Ef56d303AE4fAabA0592388F19d7C3399FB4", 18, ""); INSERT INTO common_asset_details(identifier, symbol, coingecko, cryptocompare, forked, started, swapped_for) VALUES("eip155:8453/erc20:0xCfA3Ef56d303AE4fAabA0592388F19d7C3399FB4", "eUSD", "electronic-usd", "", NULL, 1697047995, NULL); 
*
INSERT INTO assets(identifier, name, type) VALUES("eip155:8453/erc20:0xCc7FF230365bD730eE4B352cC2492CEdAC49383e", "High Yield USD", "C"); INSERT INTO evm_tokens(identifier, token_kind, chain, address, decimals, protocol) VALUES("eip155:8453/erc20:0xCc7FF230365bD730eE4B352cC2492CEdAC49383e", "A", 8453, "0xCc7FF230365bD730eE4B352cC2492CEdAC49383e", 18, ""); INSERT INTO common_asset_details(identifier, symbol, coingecko, cryptocompare, forked, started, swapped_for) VALUES("eip155:8453/erc20:0xCc7FF230365bD730eE4B352cC2492CEdAC49383e", "hyUSD", "", "", NULL, 1697138413, NULL); 
*
INSERT INTO assets(identifier, name, type) VALUES("eip155:8453/erc20:0xE5393cdBC4Fe7B62F1d76A990Ca7Da17ad718313", "SABLE", "C"); INSERT INTO evm_tokens(identifier, token_kind, chain, address, decimals, protocol) VALUES("eip155:8453/erc20:0xE5393cdBC4Fe7B62F1d76A990Ca7Da17ad718313", "A", 8453, "0xE5393cdBC4Fe7B62F1d76A990Ca7Da17ad718313", 18, ""); INSERT INTO common_asset_details(identifier, symbol, coingecko, cryptocompare, forked, started, swapped_for) VALUES("eip155:8453/erc20:0xE5393cdBC4Fe7B62F1d76A990Ca7Da17ad718313", "SABLE", "", "", NULL, 1698980911, NULL); 
*
INSERT INTO assets(identifier, name, type) VALUES("eip155:8453/erc20:0xD2CeFA3E1199B00C4105bFb403eE835508970248", "Ttest", "C"); INSERT INTO evm_tokens(identifier, token_kind, chain, address, decimals, protocol) VALUES("eip155:8453/erc20:0xD2CeFA3E1199B00C4105bFb403eE835508970248", "A", 8453, "0xD2CeFA3E1199B00C4105bFb403eE835508970248", 18, ""); INSERT INTO common_asset_details(identifier, symbol, coingecko, cryptocompare, forked, started, swapped_for) VALUES("eip155:8453/erc20:0xD2CeFA3E1199B00C4105bFb403eE835508970248", "Ttest", "", "", NULL, 1698988815, NULL); 
*
INSERT INTO assets(identifier, name, type) VALUES("eip155:8453/erc20:0x3c575Df5fE1FE4C51c7Cd25649bd7f5Ba59A366C", "EvoETH", "C"); INSERT INTO evm_tokens(identifier, token_kind, chain, address, decimals, protocol) VALUES("eip155:8453/erc20:0x3c575Df5fE1FE4C51c7Cd25649bd7f5Ba59A366C", "A", 8453, "0x3c575Df5fE1FE4C51c7Cd25649bd7f5Ba59A366C", 18, ""); INSERT INTO common_asset_details(identifier, symbol, coingecko, cryptocompare, forked, started, swapped_for) VALUES("eip155:8453/erc20:0x3c575Df5fE1FE4C51c7Cd25649bd7f5Ba59A366C", "EvoETH", "", "", NULL, 1699048809, NULL); 
*
INSERT INTO assets(identifier, name, type) VALUES("eip155:8453/erc20:0xB50cd14Fb444C0b5B6Ae60C11A46D90B46016FDA", "Rare Breed", "C"); INSERT INTO evm_tokens(identifier, token_kind, chain, address, decimals, protocol) VALUES("eip155:8453/erc20:0xB50cd14Fb444C0b5B6Ae60C11A46D90B46016FDA", "A", 8453, "0xB50cd14Fb444C0b5B6Ae60C11A46D90B46016FDA", 18, ""); INSERT INTO common_asset_details(identifier, symbol, coingecko, cryptocompare, forked, started, swapped_for) VALUES("eip155:8453/erc20:0xB50cd14Fb444C0b5B6Ae60C11A46D90B46016FDA", "Breed", "", "", NULL, 1699080053, NULL); 
*
INSERT INTO assets(identifier, name, type) VALUES("eip155:8453/erc20:0x58Dd173F30EcfFdfEbCd242C71241fB2f179e9B9", "ToupeeTech", "C"); INSERT INTO evm_tokens(identifier, token_kind, chain, address, decimals, protocol) VALUES("eip155:8453/erc20:0x58Dd173F30EcfFdfEbCd242C71241fB2f179e9B9", "A", 8453, "0x58Dd173F30EcfFdfEbCd242C71241fB2f179e9B9", 18, ""); INSERT INTO common_asset_details(identifier, symbol, coingecko, cryptocompare, forked, started, swapped_for) VALUES("eip155:8453/erc20:0x58Dd173F30EcfFdfEbCd242C71241fB2f179e9B9", "WIG", "", "", NULL, 1699162925, NULL); 
*
INSERT INTO assets(identifier, name, type) VALUES("eip155:8453/erc20:0x265aAB64f5D80264Df71F4ac44a645685506b6bE", "HaMM", "C"); INSERT INTO evm_tokens(identifier, token_kind, chain, address, decimals, protocol) VALUES("eip155:8453/erc20:0x265aAB64f5D80264Df71F4ac44a645685506b6bE", "A", 8453, "0x265aAB64f5D80264Df71F4ac44a645685506b6bE", 18, ""); INSERT INTO common_asset_details(identifier, symbol, coingecko, cryptocompare, forked, started, swapped_for) VALUES("eip155:8453/erc20:0x265aAB64f5D80264Df71F4ac44a645685506b6bE", "HaMM", "", "", NULL, 1699353277, NULL); 
*
INSERT INTO assets(identifier, name, type) VALUES("eip155:8453/erc20:0xF39A37d1075DEB3f7DDE15b0E69Fa13C2AC7e67b", "FRIENDLEND", "C"); INSERT INTO evm_tokens(identifier, token_kind, chain, address, decimals, protocol) VALUES("eip155:8453/erc20:0xF39A37d1075DEB3f7DDE15b0E69Fa13C2AC7e67b", "A", 8453, "0xF39A37d1075DEB3f7DDE15b0E69Fa13C2AC7e67b", 18, ""); INSERT INTO common_asset_details(identifier, symbol, coingecko, cryptocompare, forked, started, swapped_for) VALUES("eip155:8453/erc20:0xF39A37d1075DEB3f7DDE15b0E69Fa13C2AC7e67b", "FLEND", "", "", NULL, 1699569837, NULL); 
*
INSERT INTO assets(identifier, name, type) VALUES("eip155:8453/erc20:0x3038715eae479F9399711Ac6D07394A266e58AB5", "fucku", "C"); INSERT INTO evm_tokens(identifier, token_kind, chain, address, decimals, protocol) VALUES("eip155:8453/erc20:0x3038715eae479F9399711Ac6D07394A266e58AB5", "A", 8453, "0x3038715eae479F9399711Ac6D07394A266e58AB5", 18, ""); INSERT INTO common_asset_details(identifier, symbol, coingecko, cryptocompare, forked, started, swapped_for) VALUES("eip155:8453/erc20:0x3038715eae479F9399711Ac6D07394A266e58AB5", "fucku", "", "", NULL, 1692776745, NULL); 
*
INSERT INTO assets(identifier, name, type) VALUES("eip155:8453/erc20:0x8Fa0FF7350B07c2e1244daD303fbe4ec71bB7E9a", "ETH", "C"); INSERT INTO evm_tokens(identifier, token_kind, chain, address, decimals, protocol) VALUES("eip155:8453/erc20:0x8Fa0FF7350B07c2e1244daD303fbe4ec71bB7E9a", "A", 8453, "0x8Fa0FF7350B07c2e1244daD303fbe4ec71bB7E9a", 18, ""); INSERT INTO common_asset_details(identifier, symbol, coingecko, cryptocompare, forked, started, swapped_for) VALUES("eip155:8453/erc20:0x8Fa0FF7350B07c2e1244daD303fbe4ec71bB7E9a", "ETH", "", "", NULL, 1699606361, NULL); 
*
INSERT INTO assets(identifier, name, type) VALUES("eip155:8453/erc20:0x5a01BDaA010938Eb7615c63cB22cf3e94e8505df", "DRODEC", "C"); INSERT INTO evm_tokens(identifier, token_kind, chain, address, decimals, protocol) VALUES("eip155:8453/erc20:0x5a01BDaA010938Eb7615c63cB22cf3e94e8505df", "A", 8453, "0x5a01BDaA010938Eb7615c63cB22cf3e94e8505df", 18, ""); INSERT INTO common_asset_details(identifier, symbol, coingecko, cryptocompare, forked, started, swapped_for) VALUES("eip155:8453/erc20:0x5a01BDaA010938Eb7615c63cB22cf3e94e8505df", "DRODEC", "", "", NULL, 1698340895, NULL); 
*
INSERT INTO assets(identifier, name, type) VALUES("eip155:8453/erc20:0x6d80d90ce251985bF41A98c6FDd6b7b975Fff884", "Fee printer go brr", "C"); INSERT INTO evm_tokens(identifier, token_kind, chain, address, decimals, protocol) VALUES("eip155:8453/erc20:0x6d80d90ce251985bF41A98c6FDd6b7b975Fff884", "A", 8453, "0x6d80d90ce251985bF41A98c6FDd6b7b975Fff884", 18, ""); INSERT INTO common_asset_details(identifier, symbol, coingecko, cryptocompare, forked, started, swapped_for) VALUES("eip155:8453/erc20:0x6d80d90ce251985bF41A98c6FDd6b7b975Fff884", "BRR", "", "", NULL, 1698237187, NULL); 
*
INSERT INTO assets(identifier, name, type) VALUES("eip155:8453/erc20:0x17C48fC16136F3dE9168783C5F4f99d5C635df3F", "Insane Technology", "C"); INSERT INTO evm_tokens(identifier, token_kind, chain, address, decimals, protocol) VALUES("eip155:8453/erc20:0x17C48fC16136F3dE9168783C5F4f99d5C635df3F", "A", 8453, "0x17C48fC16136F3dE9168783C5F4f99d5C635df3F", 6, ""); INSERT INTO common_asset_details(identifier, symbol, coingecko, cryptocompare, forked, started, swapped_for) VALUES("eip155:8453/erc20:0x17C48fC16136F3dE9168783C5F4f99d5C635df3F", "IT", "", "", NULL, 1694124325, NULL); 
*
INSERT INTO assets(identifier, name, type) VALUES("eip155:8453/erc20:0xE9d8108dB53428A0E577E9a3F28D950C3E6ae1e1", "baseDEFLI", "C"); INSERT INTO evm_tokens(identifier, token_kind, chain, address, decimals, protocol) VALUES("eip155:8453/erc20:0xE9d8108dB53428A0E577E9a3F28D950C3E6ae1e1", "A", 8453, "0xE9d8108dB53428A0E577E9a3F28D950C3E6ae1e1", 18, ""); INSERT INTO common_asset_details(identifier, symbol, coingecko, cryptocompare, forked, started, swapped_for) VALUES("eip155:8453/erc20:0xE9d8108dB53428A0E577E9a3F28D950C3E6ae1e1", "baseDEFLI", "", "", NULL, 1699625217, NULL); 
*
INSERT INTO assets(identifier, name, type) VALUES("eip155:8453/erc20:0x995542269B2A8F576E2d9AFE345765b1CE903Fea", "TheKey33", "C"); INSERT INTO evm_tokens(identifier, token_kind, chain, address, decimals, protocol) VALUES("eip155:8453/erc20:0x995542269B2A8F576E2d9AFE345765b1CE903Fea", "A", 8453, "0x995542269B2A8F576E2d9AFE345765b1CE903Fea", 8, ""); INSERT INTO common_asset_details(identifier, symbol, coingecko, cryptocompare, forked, started, swapped_for) VALUES("eip155:8453/erc20:0x995542269B2A8F576E2d9AFE345765b1CE903Fea", "Key", "", "", NULL, 1698916259, NULL); 
*
INSERT INTO assets(identifier, name, type) VALUES("eip155:8453/erc20:0x4851b9BDaF68e955855aF036D22216Fe6446202a", "AGM", "C"); INSERT INTO evm_tokens(identifier, token_kind, chain, address, decimals, protocol) VALUES("eip155:8453/erc20:0x4851b9BDaF68e955855aF036D22216Fe6446202a", "A", 8453, "0x4851b9BDaF68e955855aF036D22216Fe6446202a", 18, ""); INSERT INTO common_asset_details(identifier, symbol, coingecko, cryptocompare, forked, started, swapped_for) VALUES("eip155:8453/erc20:0x4851b9BDaF68e955855aF036D22216Fe6446202a", "AGM", "", "", NULL, 1699841875, NULL); 
*
INSERT INTO assets(identifier, name, type) VALUES("eip155:8453/erc20:0x3CCEc427b833496FE7FDB62b577C109551E12f55", "THE KEY 33", "C"); INSERT INTO evm_tokens(identifier, token_kind, chain, address, decimals, protocol) VALUES("eip155:8453/erc20:0x3CCEc427b833496FE7FDB62b577C109551E12f55", "A", 8453, "0x3CCEc427b833496FE7FDB62b577C109551E12f55", 18, ""); INSERT INTO common_asset_details(identifier, symbol, coingecko, cryptocompare, forked, started, swapped_for) VALUES("eip155:8453/erc20:0x3CCEc427b833496FE7FDB62b577C109551E12f55", "KEY", "", "", NULL, 1700157641, NULL); 
*
INSERT INTO assets(identifier, name, type) VALUES("eip155:8453/erc20:0x0d8393CEa30df4fAFA7f00f333A62DeE451935C1", "MUMMY", "C"); INSERT INTO evm_tokens(identifier, token_kind, chain, address, decimals, protocol) VALUES("eip155:8453/erc20:0x0d8393CEa30df4fAFA7f00f333A62DeE451935C1", "A", 8453, "0x0d8393CEa30df4fAFA7f00f333A62DeE451935C1", 18, ""); INSERT INTO common_asset_details(identifier, symbol, coingecko, cryptocompare, forked, started, swapped_for) VALUES("eip155:8453/erc20:0x0d8393CEa30df4fAFA7f00f333A62DeE451935C1", "MMY", "", "", NULL, 1697360805, NULL); 
*
INSERT INTO assets(identifier, name, type) VALUES("eip155:8453/erc20:0x0a5aBd23cC5e3F4061270482b571e93226F7Df7A", "THE KEY 33", "C"); INSERT INTO evm_tokens(identifier, token_kind, chain, address, decimals, protocol) VALUES("eip155:8453/erc20:0x0a5aBd23cC5e3F4061270482b571e93226F7Df7A", "A", 8453, "0x0a5aBd23cC5e3F4061270482b571e93226F7Df7A", 18, ""); INSERT INTO common_asset_details(identifier, symbol, coingecko, cryptocompare, forked, started, swapped_for) VALUES("eip155:8453/erc20:0x0a5aBd23cC5e3F4061270482b571e93226F7Df7A", "KEY", "", "", NULL, 1700331521, NULL); 
*
INSERT INTO assets(identifier, name, type) VALUES("eip155:8453/erc20:0xF801430eB52e102aEE8df6933C415146121Fa8f0", "The Key 33", "C"); INSERT INTO evm_tokens(identifier, token_kind, chain, address, decimals, protocol) VALUES("eip155:8453/erc20:0xF801430eB52e102aEE8df6933C415146121Fa8f0", "A", 8453, "0xF801430eB52e102aEE8df6933C415146121Fa8f0", 18, ""); INSERT INTO common_asset_details(identifier, symbol, coingecko, cryptocompare, forked, started, swapped_for) VALUES("eip155:8453/erc20:0xF801430eB52e102aEE8df6933C415146121Fa8f0", "Key", "", "", NULL, 1700391113, NULL); 
*
INSERT INTO assets(identifier, name, type) VALUES("eip155:8453/erc20:0xCA68ad4EE5c96871EC6C6dac2F714a8437A3Fe66", "Gravita Debt Token", "C"); INSERT INTO evm_tokens(identifier, token_kind, chain, address, decimals, protocol) VALUES("eip155:8453/erc20:0xCA68ad4EE5c96871EC6C6dac2F714a8437A3Fe66", "A", 8453, "0xCA68ad4EE5c96871EC6C6dac2F714a8437A3Fe66", 18, ""); INSERT INTO common_asset_details(identifier, symbol, coingecko, cryptocompare, forked, started, swapped_for) VALUES("eip155:8453/erc20:0xCA68ad4EE5c96871EC6C6dac2F714a8437A3Fe66", "GRAI", "", "", NULL, 1693790721, NULL); 
*
INSERT INTO assets(identifier, name, type) VALUES("eip155:8453/erc20:0x5A76A56ad937335168b30dF3AA1327277421C6Ae", "Vela Token", "C"); INSERT INTO evm_tokens(identifier, token_kind, chain, address, decimals, protocol) VALUES("eip155:8453/erc20:0x5A76A56ad937335168b30dF3AA1327277421C6Ae", "A", 8453, "0x5A76A56ad937335168b30dF3AA1327277421C6Ae", 18, ""); INSERT INTO common_asset_details(identifier, symbol, coingecko, cryptocompare, forked, started, swapped_for) VALUES("eip155:8453/erc20:0x5A76A56ad937335168b30dF3AA1327277421C6Ae", "VELA", "", "", NULL, 1692238545, NULL); 
*
INSERT INTO assets(identifier, name, type) VALUES("eip155:8453/erc20:0x4740dc53b0Ed10B64DC6d92e8267c0fD211cB77e", "The Key 33", "C"); INSERT INTO evm_tokens(identifier, token_kind, chain, address, decimals, protocol) VALUES("eip155:8453/erc20:0x4740dc53b0Ed10B64DC6d92e8267c0fD211cB77e", "A", 8453, "0x4740dc53b0Ed10B64DC6d92e8267c0fD211cB77e", 18, ""); INSERT INTO common_asset_details(identifier, symbol, coingecko, cryptocompare, forked, started, swapped_for) VALUES("eip155:8453/erc20:0x4740dc53b0Ed10B64DC6d92e8267c0fD211cB77e", "Key", "", "", NULL, 1700743445, NULL); 
*
INSERT INTO assets(identifier, name, type) VALUES("eip155:8453/erc20:0x225dc579CEd0eb7237bBe2E8782EF9E465484F5a", "The Key 33", "C"); INSERT INTO evm_tokens(identifier, token_kind, chain, address, decimals, protocol) VALUES("eip155:8453/erc20:0x225dc579CEd0eb7237bBe2E8782EF9E465484F5a", "A", 8453, "0x225dc579CEd0eb7237bBe2E8782EF9E465484F5a", 18, ""); INSERT INTO common_asset_details(identifier, symbol, coingecko, cryptocompare, forked, started, swapped_for) VALUES("eip155:8453/erc20:0x225dc579CEd0eb7237bBe2E8782EF9E465484F5a", "Key", "", "", NULL, 1700828213, NULL); 
*
INSERT INTO assets(identifier, name, type) VALUES("eip155:8453/erc20:0x33bae92a8f9bc439E6ae24B3E2d0f139d1433Dd9", "Distinct", "C"); INSERT INTO evm_tokens(identifier, token_kind, chain, address, decimals, protocol) VALUES("eip155:8453/erc20:0x33bae92a8f9bc439E6ae24B3E2d0f139d1433Dd9", "A", 8453, "0x33bae92a8f9bc439E6ae24B3E2d0f139d1433Dd9", 18, ""); INSERT INTO common_asset_details(identifier, symbol, coingecko, cryptocompare, forked, started, swapped_for) VALUES("eip155:8453/erc20:0x33bae92a8f9bc439E6ae24B3E2d0f139d1433Dd9", "DIST", "", "", NULL, 1698913015, NULL); 
*
INSERT INTO assets(identifier, name, type) VALUES("eip155:8453/erc20:0x7EC4Ef6F0F5D46f0A462cee307Ea8CB8efcca4DC", "MEME MASTER", "C"); INSERT INTO evm_tokens(identifier, token_kind, chain, address, decimals, protocol) VALUES("eip155:8453/erc20:0x7EC4Ef6F0F5D46f0A462cee307Ea8CB8efcca4DC", "A", 8453, "0x7EC4Ef6F0F5D46f0A462cee307Ea8CB8efcca4DC", 18, ""); INSERT INTO common_asset_details(identifier, symbol, coingecko, cryptocompare, forked, started, swapped_for) VALUES("eip155:8453/erc20:0x7EC4Ef6F0F5D46f0A462cee307Ea8CB8efcca4DC", "MASTER", "", "", NULL, 1701107287, NULL); 
*
INSERT INTO assets(identifier, name, type) VALUES("eip155:8453/erc20:0x348Fdfe2c35934A96C1353185F09D0F9efBAdA86", "Arbitrove Governance Token", "C"); INSERT INTO evm_tokens(identifier, token_kind, chain, address, decimals, protocol) VALUES("eip155:8453/erc20:0x348Fdfe2c35934A96C1353185F09D0F9efBAdA86", "A", 8453, "0x348Fdfe2c35934A96C1353185F09D0F9efBAdA86", 18, ""); INSERT INTO common_asset_details(identifier, symbol, coingecko, cryptocompare, forked, started, swapped_for) VALUES("eip155:8453/erc20:0x348Fdfe2c35934A96C1353185F09D0F9efBAdA86", "TROVE", "", "", NULL, 1693754447, NULL); 
*
INSERT INTO assets(identifier, name, type) VALUES("eip155:8453/erc20:0xCc08BEAF3b7217DCDC95F77176834dD38638E744", "The Key 33", "C"); INSERT INTO evm_tokens(identifier, token_kind, chain, address, decimals, protocol) VALUES("eip155:8453/erc20:0xCc08BEAF3b7217DCDC95F77176834dD38638E744", "A", 8453, "0xCc08BEAF3b7217DCDC95F77176834dD38638E744", 18, ""); INSERT INTO common_asset_details(identifier, symbol, coingecko, cryptocompare, forked, started, swapped_for) VALUES("eip155:8453/erc20:0xCc08BEAF3b7217DCDC95F77176834dD38638E744", "Key", "", "", NULL, 1701230031, NULL); 
*
INSERT INTO assets(identifier, name, type) VALUES("eip155:8453/erc20:0x1a35EE4640b0A3B87705B0A4B45D227Ba60Ca2ad", "Axelar Wrapped WBTC", "C"); INSERT INTO evm_tokens(identifier, token_kind, chain, address, decimals, protocol) VALUES("eip155:8453/erc20:0x1a35EE4640b0A3B87705B0A4B45D227Ba60Ca2ad", "A", 8453, "0x1a35EE4640b0A3B87705B0A4B45D227Ba60Ca2ad", 8, ""); INSERT INTO common_asset_details(identifier, symbol, coingecko, cryptocompare, forked, started, swapped_for) VALUES("eip155:8453/erc20:0x1a35EE4640b0A3B87705B0A4B45D227Ba60Ca2ad", "axlWBTC", "", "", NULL, 1689931271, NULL); 
*
INSERT INTO assets(identifier, name, type) VALUES("eip155:8453/erc20:0x7BC401227777F173Ff871993b198A8632741B9Bb", "Detto Token", "C"); INSERT INTO evm_tokens(identifier, token_kind, chain, address, decimals, protocol) VALUES("eip155:8453/erc20:0x7BC401227777F173Ff871993b198A8632741B9Bb", "A", 8453, "0x7BC401227777F173Ff871993b198A8632741B9Bb", 18, ""); INSERT INTO common_asset_details(identifier, symbol, coingecko, cryptocompare, forked, started, swapped_for) VALUES("eip155:8453/erc20:0x7BC401227777F173Ff871993b198A8632741B9Bb", "DETO", "", "", NULL, 1701446015, NULL); 
*
INSERT INTO assets(identifier, name, type) VALUES("eip155:8453/erc20:0x677a3AfA51bA1a95f70F5B971DcA72047690faA2", "TEST NAME", "C"); INSERT INTO evm_tokens(identifier, token_kind, chain, address, decimals, protocol) VALUES("eip155:8453/erc20:0x677a3AfA51bA1a95f70F5B971DcA72047690faA2", "A", 8453, "0x677a3AfA51bA1a95f70F5B971DcA72047690faA2", 18, ""); INSERT INTO common_asset_details(identifier, symbol, coingecko, cryptocompare, forked, started, swapped_for) VALUES("eip155:8453/erc20:0x677a3AfA51bA1a95f70F5B971DcA72047690faA2", "TEST", "", "", NULL, 1702075511, NULL); 
*
INSERT INTO assets(identifier, name, type) VALUES("eip155:8453/erc20:0xa44E0Cece3ab107A3A97e965cA111E50B63A7153", "Memes Street", "C"); INSERT INTO evm_tokens(identifier, token_kind, chain, address, decimals, protocol) VALUES("eip155:8453/erc20:0xa44E0Cece3ab107A3A97e965cA111E50B63A7153", "A", 8453, "0xa44E0Cece3ab107A3A97e965cA111E50B63A7153", 18, ""); INSERT INTO common_asset_details(identifier, symbol, coingecko, cryptocompare, forked, started, swapped_for) VALUES("eip155:8453/erc20:0xa44E0Cece3ab107A3A97e965cA111E50B63A7153", "MSt", "", "", NULL, 1702194983, NULL); 
*
INSERT INTO assets(identifier, name, type) VALUES("eip155:8453/erc20:0xa8a8d0373642977CD491e29572484012174ADfBd", "JESUS ON BASE", "C"); INSERT INTO evm_tokens(identifier, token_kind, chain, address, decimals, protocol) VALUES("eip155:8453/erc20:0xa8a8d0373642977CD491e29572484012174ADfBd", "A", 8453, "0xa8a8d0373642977CD491e29572484012174ADfBd", 18, ""); INSERT INTO common_asset_details(identifier, symbol, coingecko, cryptocompare, forked, started, swapped_for) VALUES("eip155:8453/erc20:0xa8a8d0373642977CD491e29572484012174ADfBd", "JESUS", "", "", NULL, 1702884919, NULL); 
*
INSERT INTO assets(identifier, name, type) VALUES("eip155:8453/erc20:0x12E8E49A585123F85b08Fe4114443f9E7dbe0746", "JESUS ON BASE", "C"); INSERT INTO evm_tokens(identifier, token_kind, chain, address, decimals, protocol) VALUES("eip155:8453/erc20:0x12E8E49A585123F85b08Fe4114443f9E7dbe0746", "A", 8453, "0x12E8E49A585123F85b08Fe4114443f9E7dbe0746", 18, ""); INSERT INTO common_asset_details(identifier, symbol, coingecko, cryptocompare, forked, started, swapped_for) VALUES("eip155:8453/erc20:0x12E8E49A585123F85b08Fe4114443f9E7dbe0746", "JESUS", "", "", NULL, 1702886921, NULL); 
*
INSERT INTO assets(identifier, name, type) VALUES("eip155:8453/erc20:0x484E9aB40b76826480bfE9d6455A135654401335", "Brian", "C"); INSERT INTO evm_tokens(identifier, token_kind, chain, address, decimals, protocol) VALUES("eip155:8453/erc20:0x484E9aB40b76826480bfE9d6455A135654401335", "A", 8453, "0x484E9aB40b76826480bfE9d6455A135654401335", 18, ""); INSERT INTO common_asset_details(identifier, symbol, coingecko, cryptocompare, forked, started, swapped_for) VALUES("eip155:8453/erc20:0x484E9aB40b76826480bfE9d6455A135654401335", "BRIAN", "", "", NULL, 1702951215, NULL); 
*
INSERT INTO assets(identifier, name, type) VALUES("eip155:8453/erc20:0x22e6966B799c4D5B13BE962E1D117b56327FDa66", "Synthetix Network Token", "C"); INSERT INTO evm_tokens(identifier, token_kind, chain, address, decimals, protocol) VALUES("eip155:8453/erc20:0x22e6966B799c4D5B13BE962E1D117b56327FDa66", "A", 8453, "0x22e6966B799c4D5B13BE962E1D117b56327FDa66", 18, ""); INSERT INTO common_asset_details(identifier, symbol, coingecko, cryptocompare, forked, started, swapped_for) VALUES("eip155:8453/erc20:0x22e6966B799c4D5B13BE962E1D117b56327FDa66", "SNX", "", "", NULL, 1698975143, NULL); 
*
INSERT INTO assets(identifier, name, type) VALUES("eip155:8453/erc20:0x70da6ec1fCbE89122c66ECAAC8430CB15580b8Ee", "dogwifhat", "C"); INSERT INTO evm_tokens(identifier, token_kind, chain, address, decimals, protocol) VALUES("eip155:8453/erc20:0x70da6ec1fCbE89122c66ECAAC8430CB15580b8Ee", "A", 8453, "0x70da6ec1fCbE89122c66ECAAC8430CB15580b8Ee", 8, ""); INSERT INTO common_asset_details(identifier, symbol, coingecko, cryptocompare, forked, started, swapped_for) VALUES("eip155:8453/erc20:0x70da6ec1fCbE89122c66ECAAC8430CB15580b8Ee", "WIF", "", "", NULL, 1703134265, NULL); 
*
INSERT INTO assets(identifier, name, type) VALUES("eip155:8453/erc20:0xC8448941AfC9E6ba122aea4a58AC5449af4d6ffd", "Maat", "C"); INSERT INTO evm_tokens(identifier, token_kind, chain, address, decimals, protocol) VALUES("eip155:8453/erc20:0xC8448941AfC9E6ba122aea4a58AC5449af4d6ffd", "A", 8453, "0xC8448941AfC9E6ba122aea4a58AC5449af4d6ffd", 18, ""); INSERT INTO common_asset_details(identifier, symbol, coingecko, cryptocompare, forked, started, swapped_for) VALUES("eip155:8453/erc20:0xC8448941AfC9E6ba122aea4a58AC5449af4d6ffd", "MAAT", "", "", NULL, 1697745009, NULL); 
*
INSERT INTO assets(identifier, name, type) VALUES("eip155:8453/erc20:0x302ab9ae394D675676Ddb41E294169224824fc9A", "Cheezburger", "C"); INSERT INTO evm_tokens(identifier, token_kind, chain, address, decimals, protocol) VALUES("eip155:8453/erc20:0x302ab9ae394D675676Ddb41E294169224824fc9A", "A", 8453, "0x302ab9ae394D675676Ddb41E294169224824fc9A", 18, ""); INSERT INTO common_asset_details(identifier, symbol, coingecko, cryptocompare, forked, started, swapped_for) VALUES("eip155:8453/erc20:0x302ab9ae394D675676Ddb41E294169224824fc9A", "CHZ", "", "", NULL, 1695045603, NULL); 
*
INSERT INTO assets(identifier, name, type) VALUES("eip155:8453/erc20:0x58Ed4FD0C3d930b674BA50a293f03ef6cD7dE7a3", "ArbiDex Token", "C"); INSERT INTO evm_tokens(identifier, token_kind, chain, address, decimals, protocol) VALUES("eip155:8453/erc20:0x58Ed4FD0C3d930b674BA50a293f03ef6cD7dE7a3", "A", 8453, "0x58Ed4FD0C3d930b674BA50a293f03ef6cD7dE7a3", 18, ""); INSERT INTO common_asset_details(identifier, symbol, coingecko, cryptocompare, forked, started, swapped_for) VALUES("eip155:8453/erc20:0x58Ed4FD0C3d930b674BA50a293f03ef6cD7dE7a3", "ARX", "", "", NULL, 1692238545, NULL); 
*
INSERT INTO assets(identifier, name, type) VALUES("eip155:8453/erc20:0x87FD044c720727F53Cd9b8dC675423F1c246243B", "xPet.tech Token", "C"); INSERT INTO evm_tokens(identifier, token_kind, chain, address, decimals, protocol) VALUES("eip155:8453/erc20:0x87FD044c720727F53Cd9b8dC675423F1c246243B", "A", 8453, "0x87FD044c720727F53Cd9b8dC675423F1c246243B", 8, ""); INSERT INTO common_asset_details(identifier, symbol, coingecko, cryptocompare, forked, started, swapped_for) VALUES("eip155:8453/erc20:0x87FD044c720727F53Cd9b8dC675423F1c246243B", "XPET", "", "", NULL, 1703744835, NULL); 
*
INSERT INTO assets(identifier, name, type) VALUES("eip155:8453/erc20:0x19Bc651cc8F87e65aE1c14026CCb882B2387764E", "Based Base Biome Bond", "C"); INSERT INTO evm_tokens(identifier, token_kind, chain, address, decimals, protocol) VALUES("eip155:8453/erc20:0x19Bc651cc8F87e65aE1c14026CCb882B2387764E", "A", 8453, "0x19Bc651cc8F87e65aE1c14026CCb882B2387764E", 18, ""); INSERT INTO common_asset_details(identifier, symbol, coingecko, cryptocompare, forked, started, swapped_for) VALUES("eip155:8453/erc20:0x19Bc651cc8F87e65aE1c14026CCb882B2387764E", "BBBB", "", "", NULL, 1703931375, NULL); 
*
INSERT INTO assets(identifier, name, type) VALUES("eip155:8453/erc20:0x1A0896fEA6F9bC117c3847087bb1BCDEE5A6Abba", "Base United States Dollarz", "C"); INSERT INTO evm_tokens(identifier, token_kind, chain, address, decimals, protocol) VALUES("eip155:8453/erc20:0x1A0896fEA6F9bC117c3847087bb1BCDEE5A6Abba", "A", 8453, "0x1A0896fEA6F9bC117c3847087bb1BCDEE5A6Abba", 18, ""); INSERT INTO common_asset_details(identifier, symbol, coingecko, cryptocompare, forked, started, swapped_for) VALUES("eip155:8453/erc20:0x1A0896fEA6F9bC117c3847087bb1BCDEE5A6Abba", "xBUSD", "", "", NULL, 1703930767, NULL); 
*
INSERT INTO assets(identifier, name, type) VALUES("eip155:8453/erc20:0x012C4345c72c273e88c41514049c40FB85a4574A", "Super Base USD", "C"); INSERT INTO evm_tokens(identifier, token_kind, chain, address, decimals, protocol) VALUES("eip155:8453/erc20:0x012C4345c72c273e88c41514049c40FB85a4574A", "A", 8453, "0x012C4345c72c273e88c41514049c40FB85a4574A", 18, ""); INSERT INTO common_asset_details(identifier, symbol, coingecko, cryptocompare, forked, started, swapped_for) VALUES("eip155:8453/erc20:0x012C4345c72c273e88c41514049c40FB85a4574A", "SBUSD", "", "", NULL, 1704131587, NULL); 
*
INSERT INTO assets(identifier, name, type) VALUES("eip155:8453/erc20:0x8fCC55494C7939d563620C8f697D462A0D8C230F", "Cool Base Cool", "C"); INSERT INTO evm_tokens(identifier, token_kind, chain, address, decimals, protocol) VALUES("eip155:8453/erc20:0x8fCC55494C7939d563620C8f697D462A0D8C230F", "A", 8453, "0x8fCC55494C7939d563620C8f697D462A0D8C230F", 18, ""); INSERT INTO common_asset_details(identifier, symbol, coingecko, cryptocompare, forked, started, swapped_for) VALUES("eip155:8453/erc20:0x8fCC55494C7939d563620C8f697D462A0D8C230F", "CBC", "", "", NULL, 1704131403, NULL); 
*
INSERT INTO assets(identifier, name, type) VALUES("eip155:8453/erc20:0x4d2d16A6fC9F2d3b9EF423c8e66F0369842368aB", "B", "C"); INSERT INTO evm_tokens(identifier, token_kind, chain, address, decimals, protocol) VALUES("eip155:8453/erc20:0x4d2d16A6fC9F2d3b9EF423c8e66F0369842368aB", "A", 8453, "0x4d2d16A6fC9F2d3b9EF423c8e66F0369842368aB", 18, ""); INSERT INTO common_asset_details(identifier, symbol, coingecko, cryptocompare, forked, started, swapped_for) VALUES("eip155:8453/erc20:0x4d2d16A6fC9F2d3b9EF423c8e66F0369842368aB", "B", "", "", NULL, 1704544409, NULL); 
*
INSERT INTO assets(identifier, name, type) VALUES("eip155:8453/erc20:0x8C2B932e024F65885D55610eE72f59CeF3149e60", "cBUSD", "C"); INSERT INTO evm_tokens(identifier, token_kind, chain, address, decimals, protocol) VALUES("eip155:8453/erc20:0x8C2B932e024F65885D55610eE72f59CeF3149e60", "A", 8453, "0x8C2B932e024F65885D55610eE72f59CeF3149e60", 18, ""); INSERT INTO common_asset_details(identifier, symbol, coingecko, cryptocompare, forked, started, swapped_for) VALUES("eip155:8453/erc20:0x8C2B932e024F65885D55610eE72f59CeF3149e60", "cBUSD", "", "", NULL, 1704544597, NULL); 
*
INSERT INTO assets(identifier, name, type) VALUES("eip155:8453/erc20:0x3129C7C102c5D8212De9F7FbEc47C8fc37a8ab20", "Bass", "C"); INSERT INTO evm_tokens(identifier, token_kind, chain, address, decimals, protocol) VALUES("eip155:8453/erc20:0x3129C7C102c5D8212De9F7FbEc47C8fc37a8ab20", "A", 8453, "0x3129C7C102c5D8212De9F7FbEc47C8fc37a8ab20", 18, ""); INSERT INTO common_asset_details(identifier, symbol, coingecko, cryptocompare, forked, started, swapped_for) VALUES("eip155:8453/erc20:0x3129C7C102c5D8212De9F7FbEc47C8fc37a8ab20", "Bass", "", "", NULL, 1704655191, NULL); 
*
INSERT INTO assets(identifier, name, type) VALUES("eip155:8453/erc20:0x4a99EF7BC325dAf89F9930a43314bc918c072ddC", "USDb", "C"); INSERT INTO evm_tokens(identifier, token_kind, chain, address, decimals, protocol) VALUES("eip155:8453/erc20:0x4a99EF7BC325dAf89F9930a43314bc918c072ddC", "A", 8453, "0x4a99EF7BC325dAf89F9930a43314bc918c072ddC", 18, ""); INSERT INTO common_asset_details(identifier, symbol, coingecko, cryptocompare, forked, started, swapped_for) VALUES("eip155:8453/erc20:0x4a99EF7BC325dAf89F9930a43314bc918c072ddC", "USDb", "", "", NULL, 1704759287, NULL); 
*
INSERT INTO assets(identifier, name, type) VALUES("eip155:8453/erc20:0x641E87fA341D2D7AE72F23Ee443633172Bfe968b", "bboi", "C"); INSERT INTO evm_tokens(identifier, token_kind, chain, address, decimals, protocol) VALUES("eip155:8453/erc20:0x641E87fA341D2D7AE72F23Ee443633172Bfe968b", "A", 8453, "0x641E87fA341D2D7AE72F23Ee443633172Bfe968b", 18, ""); INSERT INTO common_asset_details(identifier, symbol, coingecko, cryptocompare, forked, started, swapped_for) VALUES("eip155:8453/erc20:0x641E87fA341D2D7AE72F23Ee443633172Bfe968b", "BBOI", "", "", NULL, 1704757661, NULL); 
*
INSERT INTO assets(identifier, name, type) VALUES("eip155:8453/erc20:0xA46FeD1Dae3AB25183Fb4E4455d75A48d68Ed966", "Base dpyttr", "C"); INSERT INTO evm_tokens(identifier, token_kind, chain, address, decimals, protocol) VALUES("eip155:8453/erc20:0xA46FeD1Dae3AB25183Fb4E4455d75A48d68Ed966", "A", 8453, "0xA46FeD1Dae3AB25183Fb4E4455d75A48d68Ed966", 18, ""); INSERT INTO common_asset_details(identifier, symbol, coingecko, cryptocompare, forked, started, swapped_for) VALUES("eip155:8453/erc20:0xA46FeD1Dae3AB25183Fb4E4455d75A48d68Ed966", "dpyttrB", "", "", NULL, 1705032413, NULL); 
*
INSERT INTO assets(identifier, name, type) VALUES("eip155:8453/erc20:0xDAB88eBaec3BCDd8cf0e2C8981B58A6642939D43", "Base dpyttr Dollars", "C"); INSERT INTO evm_tokens(identifier, token_kind, chain, address, decimals, protocol) VALUES("eip155:8453/erc20:0xDAB88eBaec3BCDd8cf0e2C8981B58A6642939D43", "A", 8453, "0xDAB88eBaec3BCDd8cf0e2C8981B58A6642939D43", 18, ""); INSERT INTO common_asset_details(identifier, symbol, coingecko, cryptocompare, forked, started, swapped_for) VALUES("eip155:8453/erc20:0xDAB88eBaec3BCDd8cf0e2C8981B58A6642939D43", "dpyttrBUSD", "", "", NULL, 1705059103, NULL); 
*
INSERT INTO assets(identifier, name, type) VALUES("eip155:8453/erc20:0xfF04191d2F898ddAE231E6af2B1d52D1E78091c0", "LenART", "C"); INSERT INTO evm_tokens(identifier, token_kind, chain, address, decimals, protocol) VALUES("eip155:8453/erc20:0xfF04191d2F898ddAE231E6af2B1d52D1E78091c0", "A", 8453, "0xfF04191d2F898ddAE231E6af2B1d52D1E78091c0", 18, ""); INSERT INTO common_asset_details(identifier, symbol, coingecko, cryptocompare, forked, started, swapped_for) VALUES("eip155:8453/erc20:0xfF04191d2F898ddAE231E6af2B1d52D1E78091c0", "bLRT", "", "", NULL, 1705197525, NULL); 
*
INSERT INTO assets(identifier, name, type) VALUES("eip155:8453/erc20:0xaC6644fA147267E3f6C5B3c4BF78bb5999faF80D", "Munt", "C"); INSERT INTO evm_tokens(identifier, token_kind, chain, address, decimals, protocol) VALUES("eip155:8453/erc20:0xaC6644fA147267E3f6C5B3c4BF78bb5999faF80D", "A", 8453, "0xaC6644fA147267E3f6C5B3c4BF78bb5999faF80D", 18, ""); INSERT INTO common_asset_details(identifier, symbol, coingecko, cryptocompare, forked, started, swapped_for) VALUES("eip155:8453/erc20:0xaC6644fA147267E3f6C5B3c4BF78bb5999faF80D", "MT$B", "", "", NULL, 1705286585, NULL); 
*
INSERT INTO assets(identifier, name, type) VALUES("eip155:8453/erc20:0x2d7b9847d5a8bAa516c889F366452160dc4a7B04", "catwifhat", "C"); INSERT INTO evm_tokens(identifier, token_kind, chain, address, decimals, protocol) VALUES("eip155:8453/erc20:0x2d7b9847d5a8bAa516c889F366452160dc4a7B04", "A", 8453, "0x2d7b9847d5a8bAa516c889F366452160dc4a7B04", 18, ""); INSERT INTO common_asset_details(identifier, symbol, coingecko, cryptocompare, forked, started, swapped_for) VALUES("eip155:8453/erc20:0x2d7b9847d5a8bAa516c889F366452160dc4a7B04", "cif", "", "", NULL, 1702740747, NULL); 
*
INSERT INTO assets(identifier, name, type) VALUES("eip155:8453/erc20:0xB166E8B140D35D9D8226E40C09f757BAC5A4d87d", "Non-Playable Coin", "C"); INSERT INTO evm_tokens(identifier, token_kind, chain, address, decimals, protocol) VALUES("eip155:8453/erc20:0xB166E8B140D35D9D8226E40C09f757BAC5A4d87d", "A", 8453, "0xB166E8B140D35D9D8226E40C09f757BAC5A4d87d", 18, ""); INSERT INTO common_asset_details(identifier, symbol, coingecko, cryptocompare, forked, started, swapped_for) VALUES("eip155:8453/erc20:0xB166E8B140D35D9D8226E40C09f757BAC5A4d87d", "NPC", "", "", NULL, 1703137809, NULL); 
*
INSERT INTO assets(identifier, name, type) VALUES("eip155:8453/erc20:0xA9f52545C16Efc3050f5eC65C7929fcbbD16A295", "OmniKingdoms Gold", "C"); INSERT INTO evm_tokens(identifier, token_kind, chain, address, decimals, protocol) VALUES("eip155:8453/erc20:0xA9f52545C16Efc3050f5eC65C7929fcbbD16A295", "A", 8453, "0xA9f52545C16Efc3050f5eC65C7929fcbbD16A295", 18, ""); INSERT INTO common_asset_details(identifier, symbol, coingecko, cryptocompare, forked, started, swapped_for) VALUES("eip155:8453/erc20:0xA9f52545C16Efc3050f5eC65C7929fcbbD16A295", "OMKG", "", "", NULL, 1705743107, NULL); 
*
INSERT INTO assets(identifier, name, type) VALUES("eip155:8453/erc20:0x85483696Cc9970Ad9EdD786b2C5ef735F38D156f", "USDC+", "C"); INSERT INTO evm_tokens(identifier, token_kind, chain, address, decimals, protocol) VALUES("eip155:8453/erc20:0x85483696Cc9970Ad9EdD786b2C5ef735F38D156f", "A", 8453, "0x85483696Cc9970Ad9EdD786b2C5ef735F38D156f", 6, ""); INSERT INTO common_asset_details(identifier, symbol, coingecko, cryptocompare, forked, started, swapped_for) VALUES("eip155:8453/erc20:0x85483696Cc9970Ad9EdD786b2C5ef735F38D156f", "USDC+", "", "", NULL, 1705396591, NULL); 
*
INSERT INTO assets(identifier, name, type) VALUES("eip155:8453/erc20:0xa56ae3968e26598B7827b8a39D79081a20461E3d", "BASEten", "C"); INSERT INTO evm_tokens(identifier, token_kind, chain, address, decimals, protocol) VALUES("eip155:8453/erc20:0xa56ae3968e26598B7827b8a39D79081a20461E3d", "A", 8453, "0xa56ae3968e26598B7827b8a39D79081a20461E3d", 18, ""); INSERT INTO common_asset_details(identifier, symbol, coingecko, cryptocompare, forked, started, swapped_for) VALUES("eip155:8453/erc20:0xa56ae3968e26598B7827b8a39D79081a20461E3d", "TFS", "", "", NULL, 1701256631, NULL); 
*
INSERT INTO assets(identifier, name, type) VALUES("eip155:8453/erc20:0xC435B542aCB241185c72D3653447E070994Da59f", "Free Coin", "C"); INSERT INTO evm_tokens(identifier, token_kind, chain, address, decimals, protocol) VALUES("eip155:8453/erc20:0xC435B542aCB241185c72D3653447E070994Da59f", "A", 8453, "0xC435B542aCB241185c72D3653447E070994Da59f", 18, ""); INSERT INTO common_asset_details(identifier, symbol, coingecko, cryptocompare, forked, started, swapped_for) VALUES("eip155:8453/erc20:0xC435B542aCB241185c72D3653447E070994Da59f", "FREE", "", "", NULL, 1706172595, NULL); 
*
INSERT INTO assets(identifier, name, type) VALUES("eip155:8453/erc20:0x373504DA48418C67E6FCD071F33Cb0b3B47613C7", "Wrapped BaseDOGE", "C"); INSERT INTO evm_tokens(identifier, token_kind, chain, address, decimals, protocol) VALUES("eip155:8453/erc20:0x373504DA48418C67E6FCD071F33Cb0b3B47613C7", "A", 8453, "0x373504DA48418C67E6FCD071F33Cb0b3B47613C7", 18, ""); INSERT INTO common_asset_details(identifier, symbol, coingecko, cryptocompare, forked, started, swapped_for) VALUES("eip155:8453/erc20:0x373504DA48418C67E6FCD071F33Cb0b3B47613C7", "wBaseDOGE", "", "", NULL, 1706281299, NULL); 
*
INSERT INTO assets(identifier, name, type) VALUES("eip155:8453/erc20:0xc47feDB834EAA73de6F4eAd0D887CFbacfc94a35", "Special300", "C"); INSERT INTO evm_tokens(identifier, token_kind, chain, address, decimals, protocol) VALUES("eip155:8453/erc20:0xc47feDB834EAA73de6F4eAd0D887CFbacfc94a35", "A", 8453, "0xc47feDB834EAA73de6F4eAd0D887CFbacfc94a35", 18, ""); INSERT INTO common_asset_details(identifier, symbol, coingecko, cryptocompare, forked, started, swapped_for) VALUES("eip155:8453/erc20:0xc47feDB834EAA73de6F4eAd0D887CFbacfc94a35", "S300", "", "", NULL, 1706475957, NULL); 
*
INSERT INTO assets(identifier, name, type) VALUES("eip155:8453/erc20:0x78b3C724A2F663D11373C4a1978689271895256f", "TokenDao", "C"); INSERT INTO evm_tokens(identifier, token_kind, chain, address, decimals, protocol) VALUES("eip155:8453/erc20:0x78b3C724A2F663D11373C4a1978689271895256f", "A", 8453, "0x78b3C724A2F663D11373C4a1978689271895256f", 18, ""); INSERT INTO common_asset_details(identifier, symbol, coingecko, cryptocompare, forked, started, swapped_for) VALUES("eip155:8453/erc20:0x78b3C724A2F663D11373C4a1978689271895256f", "TKN", "", "", NULL, 1705881385, NULL); 
*
INSERT INTO assets(identifier, name, type) VALUES("eip155:8453/erc20:0x3A4F0DB58D36A3362673a8ea7e2087fb2Ae68616", "Black Rock", "C"); INSERT INTO evm_tokens(identifier, token_kind, chain, address, decimals, protocol) VALUES("eip155:8453/erc20:0x3A4F0DB58D36A3362673a8ea7e2087fb2Ae68616", "A", 8453, "0x3A4F0DB58D36A3362673a8ea7e2087fb2Ae68616", 18, ""); INSERT INTO common_asset_details(identifier, symbol, coingecko, cryptocompare, forked, started, swapped_for) VALUES("eip155:8453/erc20:0x3A4F0DB58D36A3362673a8ea7e2087fb2Ae68616", "BR", "", "", NULL, 1706626765, NULL); 
*
INSERT INTO assets(identifier, name, type) VALUES("eip155:8453/erc20:0xa11810F2df32263A65Ef7f5f5754F88CCd8De8df", "ALI", "C"); INSERT INTO evm_tokens(identifier, token_kind, chain, address, decimals, protocol) VALUES("eip155:8453/erc20:0xa11810F2df32263A65Ef7f5f5754F88CCd8De8df", "A", 8453, "0xa11810F2df32263A65Ef7f5f5754F88CCd8De8df", 18, ""); INSERT INTO common_asset_details(identifier, symbol, coingecko, cryptocompare, forked, started, swapped_for) VALUES("eip155:8453/erc20:0xa11810F2df32263A65Ef7f5f5754F88CCd8De8df", "ALI", "", "", NULL, 1706627601, NULL); 
*
INSERT INTO assets(identifier, name, type) VALUES("eip155:8453/erc20:0x94025780a1aB58868D9B2dBBB775f44b32e8E6e5", "BetSwirl v2", "C"); INSERT INTO evm_tokens(identifier, token_kind, chain, address, decimals, protocol) VALUES("eip155:8453/erc20:0x94025780a1aB58868D9B2dBBB775f44b32e8E6e5", "A", 8453, "0x94025780a1aB58868D9B2dBBB775f44b32e8E6e5", 18, ""); INSERT INTO common_asset_details(identifier, symbol, coingecko, cryptocompare, forked, started, swapped_for) VALUES("eip155:8453/erc20:0x94025780a1aB58868D9B2dBBB775f44b32e8E6e5", "BETS", "", "", NULL, 1705050881, NULL); 
*
INSERT INTO assets(identifier, name, type) VALUES("eip155:42161/erc20:0x9623063377AD1B27544C965cCd7342f7EA7e88C7", "Graph Token", "C"); INSERT INTO evm_tokens(identifier, token_kind, chain, address, decimals, protocol) VALUES("eip155:42161/erc20:0x9623063377AD1B27544C965cCd7342f7EA7e88C7", "A", 42161, "0x9623063377AD1B27544C965cCd7342f7EA7e88C7", 18, ""); INSERT INTO common_asset_details(identifier, symbol, coingecko, cryptocompare, forked, started, swapped_for) VALUES("eip155:42161/erc20:0x9623063377AD1B27544C965cCd7342f7EA7e88C7", "GRT", "the-graph", "grt", NULL, 1669815527, NULL); 
*
INSERT INTO assets(identifier, name, type) VALUES("eip155:1/erc20:0x0d4a11d5EEaaC28EC3F61d100daF4d40471f1852", "Uniswap ETH/USDT LP", "C"); INSERT INTO evm_tokens(identifier, token_kind, chain, address, decimals, protocol) VALUES("eip155:1/erc20:0x0d4a11d5EEaaC28EC3F61d100daF4d40471f1852", "A", 1, "0x0d4a11d5EEaaC28EC3F61d100daF4d40471f1852", 18, ""); INSERT INTO common_asset_details(identifier, symbol, coingecko, cryptocompare, forked, started, swapped_for) VALUES("eip155:1/erc20:0x0d4a11d5EEaaC28EC3F61d100daF4d40471f1852", "UNI-V2", "", "", NULL, 1589850429, NULL); 
*
UPDATE assets SET name="Balancer Aave Boosted StablePool (USD)" WHERE identifier="eip155:1/erc20:0x7B50775383d3D6f0215A8F290f2C9e2eEBBEceb2"; 
INSERT INTO assets(identifier, name, type) VALUES("eip155:1/erc20:0x7B50775383d3D6f0215A8F290f2C9e2eEBBEceb2", "Balancer Aave Boosted StablePool (USD)", "C"); INSERT INTO evm_tokens(identifier, token_kind, chain, address, decimals, protocol) VALUES("eip155:1/erc20:0x7B50775383d3D6f0215A8F290f2C9e2eEBBEceb2", "A", 1, "0x7B50775383d3D6f0215A8F290f2C9e2eEBBEceb2", 18, ""); INSERT INTO common_asset_details(identifier, symbol, coingecko, cryptocompare, forked, started, swapped_for) VALUES("eip155:1/erc20:0x7B50775383d3D6f0215A8F290f2C9e2eEBBEceb2", "bb-a-USD", "balancer-booster-aave-usd", "", NULL, 1639435704, NULL); 
UPDATE common_asset_details SET coingecko="impermax" WHERE identifier="eip155:137/erc20:0xf972DACEd7C6b03223710C11413036D17eB298f6"; 
INSERT INTO assets(identifier, name, type) VALUES("eip155:137/erc20:0xf972DACEd7C6b03223710C11413036D17eB298f6", "Impermax", "C"); INSERT INTO evm_tokens(identifier, token_kind, chain, address, decimals, protocol) VALUES("eip155:137/erc20:0xf972DACEd7C6b03223710C11413036D17eB298f6", "A", 137, "0xf972DACEd7C6b03223710C11413036D17eB298f6", 18, ""); INSERT INTO common_asset_details(identifier, symbol, coingecko, cryptocompare, forked, started, swapped_for) VALUES("eip155:137/erc20:0xf972DACEd7C6b03223710C11413036D17eB298f6", "IBEX", "impermax", "", NULL, 1716150091, NULL); 
UPDATE common_asset_details SET coingecko="impermax" WHERE identifier="eip155:1/erc20:0xF655C8567E0f213e6C634CD2A68d992152161dC6"; 
INSERT INTO assets(identifier, name, type) VALUES("eip155:1/erc20:0xF655C8567E0f213e6C634CD2A68d992152161dC6", "Impermax", "C"); INSERT INTO evm_tokens(identifier, token_kind, chain, address, decimals, protocol) VALUES("eip155:1/erc20:0xF655C8567E0f213e6C634CD2A68d992152161dC6", "A", 1, "0xF655C8567E0f213e6C634CD2A68d992152161dC6", 18, ""); INSERT INTO common_asset_details(identifier, symbol, coingecko, cryptocompare, forked, started, swapped_for) VALUES("eip155:1/erc20:0xF655C8567E0f213e6C634CD2A68d992152161dC6", "IBEX", "impermax", "", NULL, 1663758959, NULL); 
UPDATE assets SET name="WELL" WHERE identifier="eip155:8453/erc20:0xFF8adeC2221f9f4D8dfbAFa6B9a297d17603493D"; 
INSERT INTO assets(identifier, name, type) VALUES("eip155:8453/erc20:0xFF8adeC2221f9f4D8dfbAFa6B9a297d17603493D", "WELL", "C"); INSERT INTO evm_tokens(identifier, token_kind, chain, address, decimals, protocol) VALUES("eip155:8453/erc20:0xFF8adeC2221f9f4D8dfbAFa6B9a297d17603493D", "A", 8453, "0xFF8adeC2221f9f4D8dfbAFa6B9a297d17603493D", 18, ""); INSERT INTO common_asset_details(identifier, symbol, coingecko, cryptocompare, forked, started, swapped_for) VALUES("eip155:8453/erc20:0xFF8adeC2221f9f4D8dfbAFa6B9a297d17603493D", "WELL", "moonwell-artemis", "well", NULL, 1691093699, NULL); 
INSERT INTO assets(identifier, name, type) VALUES("eip155:8453/erc20:0x5Aacb870842382315B875f72Ef66d4fa8D940C50", "Basepepe", "C"); INSERT INTO evm_tokens(identifier, token_kind, chain, address, decimals, protocol) VALUES("eip155:8453/erc20:0x5Aacb870842382315B875f72Ef66d4fa8D940C50", "A", 8453, "0x5Aacb870842382315B875f72Ef66d4fa8D940C50", 18, ""); INSERT INTO common_asset_details(identifier, symbol, coingecko, cryptocompare, forked, started, swapped_for) VALUES("eip155:8453/erc20:0x5Aacb870842382315B875f72Ef66d4fa8D940C50", "Basepepe", "", "", NULL, 1691740071, NULL); 
*
UPDATE assets SET name="USD Coin" WHERE identifier="eip155:8453/erc20:0x833589fCD6eDb6E08f4c7C32D4f71b54bdA02913"; 
INSERT INTO assets(identifier, name, type) VALUES("eip155:8453/erc20:0x833589fCD6eDb6E08f4c7C32D4f71b54bdA02913", "USD Coin", "C"); INSERT INTO evm_tokens(identifier, token_kind, chain, address, decimals, protocol) VALUES("eip155:8453/erc20:0x833589fCD6eDb6E08f4c7C32D4f71b54bdA02913", "A", 8453, "0x833589fCD6eDb6E08f4c7C32D4f71b54bdA02913", 6, ""); INSERT INTO common_asset_details(identifier, symbol, coingecko, cryptocompare, forked, started, swapped_for) VALUES("eip155:8453/erc20:0x833589fCD6eDb6E08f4c7C32D4f71b54bdA02913", "USDC", "usd-coin", "USDC", NULL, 1692383789, NULL); 
UPDATE common_asset_details SET cryptocompare="DEGEN" WHERE identifier="eip155:8453/erc20:0x4ed4E862860beD51a9570b96d89aF5E1B0Efefed"; 
INSERT INTO assets(identifier, name, type) VALUES("eip155:8453/erc20:0x4ed4E862860beD51a9570b96d89aF5E1B0Efefed", "Degen", "C"); INSERT INTO evm_tokens(identifier, token_kind, chain, address, decimals, protocol) VALUES("eip155:8453/erc20:0x4ed4E862860beD51a9570b96d89aF5E1B0Efefed", "A", 8453, "0x4ed4E862860beD51a9570b96d89aF5E1B0Efefed", 18, ""); INSERT INTO common_asset_details(identifier, symbol, coingecko, cryptocompare, forked, started, swapped_for) VALUES("eip155:8453/erc20:0x4ed4E862860beD51a9570b96d89aF5E1B0Efefed", "DEGEN", "degen-base", "DEGEN", NULL, 1704641135, NULL); 
UPDATE assets SET name="Compound USDCv3" WHERE identifier="eip155:1/erc20:0xc3d688B66703497DAA19211EEdff47f25384cdc3"; 
INSERT INTO assets(identifier, name, type) VALUES("eip155:1/erc20:0xc3d688B66703497DAA19211EEdff47f25384cdc3", "Compound USDCv3", "C"); INSERT INTO evm_tokens(identifier, token_kind, chain, address, decimals, protocol) VALUES("eip155:1/erc20:0xc3d688B66703497DAA19211EEdff47f25384cdc3", "A", 1, "0xc3d688B66703497DAA19211EEdff47f25384cdc3", 6, "compound-v3"); INSERT INTO common_asset_details(identifier, symbol, coingecko, cryptocompare, forked, started, swapped_for) VALUES("eip155:1/erc20:0xc3d688B66703497DAA19211EEdff47f25384cdc3", "cUSDCv3", "", "", NULL, 1660368917, NULL); 
UPDATE common_asset_details SET coingecko="usd-coin" WHERE identifier="eip155:534352/erc20:0x06eFdBFf2a14a7c8E15944D1F4A48F9F95F663A4"; 
INSERT INTO assets(identifier, name, type) VALUES("eip155:534352/erc20:0x06eFdBFf2a14a7c8E15944D1F4A48F9F95F663A4", "USD Coin", "C"); INSERT INTO evm_tokens(identifier, token_kind, chain, address, decimals, protocol) VALUES("eip155:534352/erc20:0x06eFdBFf2a14a7c8E15944D1F4A48F9F95F663A4", "A", 534352, "0x06eFdBFf2a14a7c8E15944D1F4A48F9F95F663A4", 6, ""); INSERT INTO common_asset_details(identifier, symbol, coingecko, cryptocompare, forked, started, swapped_for) VALUES("eip155:534352/erc20:0x06eFdBFf2a14a7c8E15944D1F4A48F9F95F663A4", "USDC", "usd-coin", "usdc", NULL, 1696919085, NULL); 
UPDATE common_asset_details SET started="1676678643" WHERE identifier="eip155:137/erc20:0xF25212E676D1F7F89Cd72fFEe66158f541246445"; 
INSERT INTO assets(identifier, name, type) VALUES("eip155:137/erc20:0xF25212E676D1F7F89Cd72fFEe66158f541246445", "Compound USDC", "C"); INSERT INTO evm_tokens(identifier, token_kind, chain, address, decimals, protocol) VALUES("eip155:137/erc20:0xF25212E676D1F7F89Cd72fFEe66158f541246445", "A", 137, "0xF25212E676D1F7F89Cd72fFEe66158f541246445", 6, "compound-v3"); INSERT INTO common_asset_details(identifier, symbol, coingecko, cryptocompare, forked, started, swapped_for) VALUES("eip155:137/erc20:0xF25212E676D1F7F89Cd72fFEe66158f541246445", "cUSDCv3", "", "", NULL, 1676678643, NULL); 
UPDATE assets SET name="Avalanche Bridge: WETH.e" WHERE identifier="eip155:43114/erc20:0x49D5c2BdFfac6CE2BFdB6640F4F80f226bc10bAB"; UPDATE common_asset_details SET cryptocompare="weth" WHERE identifier="eip155:43114/erc20:0x49D5c2BdFfac6CE2BFdB6640F4F80f226bc10bAB"; 
INSERT INTO assets(identifier, name, type) VALUES("eip155:43114/erc20:0x49D5c2BdFfac6CE2BFdB6640F4F80f226bc10bAB", "Avalanche Bridge: WETH.e", "C"); INSERT INTO evm_tokens(identifier, token_kind, chain, address, decimals, protocol) VALUES("eip155:43114/erc20:0x49D5c2BdFfac6CE2BFdB6640F4F80f226bc10bAB", "A", 43114, "0x49D5c2BdFfac6CE2BFdB6640F4F80f226bc10bAB", 18, ""); INSERT INTO common_asset_details(identifier, symbol, coingecko, cryptocompare, forked, started, swapped_for) VALUES("eip155:43114/erc20:0x49D5c2BdFfac6CE2BFdB6640F4F80f226bc10bAB", "WETH.e", "weth", "weth", NULL, 1627052377, NULL); 
UPDATE common_asset_details SET cryptocompare="weth" WHERE identifier="eip155:100/erc20:0x6A023CCd1ff6F2045C3309768eAd9E68F978f6e1"; 
INSERT INTO assets(identifier, name, type) VALUES("eip155:100/erc20:0x6A023CCd1ff6F2045C3309768eAd9E68F978f6e1", "Wrapped Ether on xDai", "C"); INSERT INTO evm_tokens(identifier, token_kind, chain, address, decimals, protocol) VALUES("eip155:100/erc20:0x6A023CCd1ff6F2045C3309768eAd9E68F978f6e1", "A", 100, "0x6A023CCd1ff6F2045C3309768eAd9E68F978f6e1", 18, ""); INSERT INTO common_asset_details(identifier, symbol, coingecko, cryptocompare, forked, started, swapped_for) VALUES("eip155:100/erc20:0x6A023CCd1ff6F2045C3309768eAd9E68F978f6e1", "WETH", "weth", "weth", NULL, 1597875390, NULL); 
INSERT INTO assets(identifier, name, type) VALUES("eip155:100/erc20:0xe91D153E0b41518A2Ce8Dd3D7944Fa863463a97d", "Wrapped XDAI", "C"); INSERT INTO evm_tokens(identifier, token_kind, chain, address, decimals, protocol) VALUES("eip155:100/erc20:0xe91D153E0b41518A2Ce8Dd3D7944Fa863463a97d", "A", 100, "0xe91D153E0b41518A2Ce8Dd3D7944Fa863463a97d", 18, ""); INSERT INTO common_asset_details(identifier, symbol, coingecko, cryptocompare, forked, started, swapped_for) VALUES("eip155:100/erc20:0xe91D153E0b41518A2Ce8Dd3D7944Fa863463a97d", "WXDAI", "wrapped-xdai", "", NULL, 1595862425, NULL); 
*
INSERT INTO assets(identifier, name, type) VALUES("eip155:10/erc20:0x50c5725949A6F0c72E6C4a641F24049A917DB0Cb", "Lyra Token", "C"); INSERT INTO evm_tokens(identifier, token_kind, chain, address, decimals, protocol) VALUES("eip155:10/erc20:0x50c5725949A6F0c72E6C4a641F24049A917DB0Cb", "A", 10, "0x50c5725949A6F0c72E6C4a641F24049A917DB0Cb", 18, ""); INSERT INTO common_asset_details(identifier, symbol, coingecko, cryptocompare, forked, started, swapped_for) VALUES("eip155:10/erc20:0x50c5725949A6F0c72E6C4a641F24049A917DB0Cb", "LYRA", "lyra-finance", "lyra", NULL, 1716186991, NULL);
*
UPDATE common_asset_details SET cryptocompare="grt" WHERE identifier="eip155:1/erc20:0xc944E90C64B2c07662A292be6244BDf05Cda44a7"; 
INSERT INTO assets(identifier, name, type) VALUES("eip155:1/erc20:0xc944E90C64B2c07662A292be6244BDf05Cda44a7", "Graph Token", "C"); INSERT INTO evm_tokens(identifier, token_kind, chain, address, decimals, protocol) VALUES("eip155:1/erc20:0xc944E90C64B2c07662A292be6244BDf05Cda44a7", "A", 1, "0xc944E90C64B2c07662A292be6244BDf05Cda44a7", 18, ""); INSERT INTO common_asset_details(identifier, symbol, coingecko, cryptocompare, forked, started, swapped_for) VALUES("eip155:1/erc20:0xc944E90C64B2c07662A292be6244BDf05Cda44a7", "GRT", "the-graph", "grt", NULL, 1607890633, NULL); 
UPDATE common_asset_details SET cryptocompare="grt" WHERE identifier="eip155:137/erc20:0x5fe2B58c013d7601147DcdD68C143A77499f5531"; 
INSERT INTO assets(identifier, name, type) VALUES("eip155:137/erc20:0x5fe2B58c013d7601147DcdD68C143A77499f5531", "Graph Token", "C"); INSERT INTO evm_tokens(identifier, token_kind, chain, address, decimals, protocol) VALUES("eip155:137/erc20:0x5fe2B58c013d7601147DcdD68C143A77499f5531", "A", 137, "0x5fe2B58c013d7601147DcdD68C143A77499f5531", 18, ""); INSERT INTO common_asset_details(identifier, symbol, coingecko, cryptocompare, forked, started, swapped_for) VALUES("eip155:137/erc20:0x5fe2B58c013d7601147DcdD68C143A77499f5531", "GRT", "the-graph", "grt", NULL, 1716294009, NULL); 
UPDATE common_asset_details SET cryptocompare="grt" WHERE identifier="eip155:43114/erc20:0x8a0cAc13c7da965a312f08ea4229c37869e85cB9"; 
INSERT INTO assets(identifier, name, type) VALUES("eip155:43114/erc20:0x8a0cAc13c7da965a312f08ea4229c37869e85cB9", "Graph Token: GRT.e Token", "C"); INSERT INTO evm_tokens(identifier, token_kind, chain, address, decimals, protocol) VALUES("eip155:43114/erc20:0x8a0cAc13c7da965a312f08ea4229c37869e85cB9", "A", 43114, "0x8a0cAc13c7da965a312f08ea4229c37869e85cB9", 18, ""); INSERT INTO common_asset_details(identifier, symbol, coingecko, cryptocompare, forked, started, swapped_for) VALUES("eip155:43114/erc20:0x8a0cAc13c7da965a312f08ea4229c37869e85cB9", "GRT.e", "the-graph", "grt", NULL, 1627052358, NULL); 
