INSERT INTO assets(identifier, name, type) VALUES("eip155:1/erc20:0x5283D291DBCF85356A21bA090E6db59121208b44", "Blur", "C"); INSERT INTO evm_tokens(identifier, token_kind, chain, address, decimals, protocol) VALUES("eip155:1/erc20:0x5283D291DBCF85356A21bA090E6db59121208b44", "A", 1, "0x5283D291DBCF85356A21bA090E6db59121208b44", 18, NULL); INSERT INTO common_asset_details(identifier, symbol, coingecko, cryptocompare, forked, started, swapped_for) VALUES("eip155:1/erc20:0x5283D291DBCF85356A21bA090E6db59121208b44", "BLUR", "blur", "BLUR", NULL, 1675191035, NULL);
*
INSERT INTO assets(identifier, name, type) VALUES("eip155:1/erc20:0x6De037ef9aD2725EB40118Bb1702EBb27e4Aeb24", "Render", "C"); INSERT INTO evm_tokens(identifier, token_kind, chain, address, decimals, protocol) VALUES("eip155:1/erc20:0x6De037ef9aD2725EB40118Bb1702EBb27e4Aeb24", "A", 1, "0x6De037ef9aD2725EB40118Bb1702EBb27e4Aeb24", 18, NULL); INSERT INTO common_asset_details(identifier, symbol, coingecko, cryptocompare, forked, started, swapped_for) VALUES("eip155:1/erc20:0x6De037ef9aD2725EB40118Bb1702EBb27e4Aeb24", "RNDR", "render-token", "RNDR", NULL, 1549934999, NULL);
*
INSERT INTO assets(identifier, name, type) VALUES("eip155:1/erc20:0x3446Dd70B2D52A6Bf4a5a192D9b0A161295aB7F9", "SUDO", "C"); INSERT INTO evm_tokens(identifier, token_kind, chain, address, decimals, protocol) VALUES("eip155:1/erc20:0x3446Dd70B2D52A6Bf4a5a192D9b0A161295aB7F9", "A", 1, "0x3446Dd70B2D52A6Bf4a5a192D9b0A161295aB7F9", 18, NULL); INSERT INTO common_asset_details(identifier, symbol, coingecko, cryptocompare, forked, started, swapped_for) VALUES("eip155:1/erc20:0x3446Dd70B2D52A6Bf4a5a192D9b0A161295aB7F9", "SUDO", "sudoswap", "", NULL, 1675101587, NULL);
*
INSERT INTO assets(identifier, name, type) VALUES("eip155:56/erc20:0x72fF5742319eF07061836F5C924aC6D72c919080", "Gifto", "C"); INSERT INTO evm_tokens(identifier, token_kind, chain, address, decimals, protocol) VALUES("eip155:56/erc20:0x72fF5742319eF07061836F5C924aC6D72c919080", "A", 56, "0x72fF5742319eF07061836F5C924aC6D72c919080", 18, NULL); INSERT INTO common_asset_details(identifier, symbol, coingecko, cryptocompare, forked, started, swapped_for) VALUES("eip155:56/erc20:0x72fF5742319eF07061836F5C924aC6D72c919080", "GFT", "gifto", "GFT", NULL, 1671851679, NULL);
*
INSERT INTO assets(identifier, name, type) VALUES("eip155:56/erc20:0x201bC9F242f74C47Bbd898a5DC99cDCD81A21943", "IGU Token", "C"); INSERT INTO evm_tokens(identifier, token_kind, chain, address, decimals, protocol) VALUES("eip155:56/erc20:0x201bC9F242f74C47Bbd898a5DC99cDCD81A21943", "A", 56, "0x201bC9F242f74C47Bbd898a5DC99cDCD81A21943", 18, NULL); INSERT INTO common_asset_details(identifier, symbol, coingecko, cryptocompare, forked, started, swapped_for) VALUES("eip155:56/erc20:0x201bC9F242f74C47Bbd898a5DC99cDCD81A21943", "IGU", "iguverse-igu", "", NULL, 1667125109, NULL);
*
INSERT INTO assets(identifier, name, type) VALUES("eip155:56/erc20:0x04756126F044634C9a0f0E985e60c88a51ACC206", "Carbon", "C"); INSERT INTO evm_tokens(identifier, token_kind, chain, address, decimals, protocol) VALUES("eip155:56/erc20:0x04756126F044634C9a0f0E985e60c88a51ACC206", "A", 56, "0x04756126F044634C9a0f0E985e60c88a51ACC206", 18, NULL); INSERT INTO common_asset_details(identifier, symbol, coingecko, cryptocompare, forked, started, swapped_for) VALUES("eip155:56/erc20:0x04756126F044634C9a0f0E985e60c88a51ACC206", "CSIX", "carbon-browser", "", NULL, 1672898669, NULL);
*
INSERT INTO assets(identifier, name, type) VALUES("eip155:1/erc20:0x6BC08509B36A98E829dFfAD49Fde5e412645d0a3", "WoofWork.io", "C"); INSERT INTO evm_tokens(identifier, token_kind, chain, address, decimals, protocol) VALUES("eip155:1/erc20:0x6BC08509B36A98E829dFfAD49Fde5e412645d0a3", "A", 1, "0x6BC08509B36A98E829dFfAD49Fde5e412645d0a3", 18, NULL); INSERT INTO common_asset_details(identifier, symbol, coingecko, cryptocompare, forked, started, swapped_for) VALUES("eip155:1/erc20:0x6BC08509B36A98E829dFfAD49Fde5e412645d0a3", "WOOF", "woofwork-io", "", NULL, 1675171643, NULL);
*
INSERT INTO assets(identifier, name, type) VALUES("eip155:42161/erc20:0x602Eb0D99A5e3e76D1510372C4d2020e12EaEa8a", "Trident", "C"); INSERT INTO evm_tokens(identifier, token_kind, chain, address, decimals, protocol) VALUES("eip155:42161/erc20:0x602Eb0D99A5e3e76D1510372C4d2020e12EaEa8a", "A", 42161, "0x602Eb0D99A5e3e76D1510372C4d2020e12EaEa8a", 9, NULL); INSERT INTO common_asset_details(identifier, symbol, coingecko, cryptocompare, forked, started, swapped_for) VALUES("eip155:42161/erc20:0x602Eb0D99A5e3e76D1510372C4d2020e12EaEa8a", "PSI", "tridentdao", "", NULL, 1675208722, NULL);
*
INSERT INTO assets(identifier, name, type) VALUES("ACS", "Access Protocol", "Y"); INSERT INTO common_asset_details(identifier, symbol, coingecko, cryptocompare, forked, started, swapped_for) VALUES("ACS", "ACS", "access-protocol", "", NULL, 1676487717, NULL);
*
INSERT INTO assets(identifier, name, type) VALUES("HDX", "HydraDX", "W"); INSERT INTO common_asset_details(identifier, symbol, coingecko, cryptocompare, forked, started, swapped_for) VALUES("HDX", "HDX", "hydradx", "", NULL, 1612918800, NULL);
*
INSERT INTO assets(identifier, name, type) VALUES("KON", "KonPay", "B"); INSERT INTO common_asset_details(identifier, symbol, coingecko, cryptocompare, forked, started, swapped_for) VALUES("KON", "KON", "konpay", "", NULL, 1657591200, NULL);
*
INSERT INTO assets(identifier, name, type) VALUES("CARMIN", "Carmin", "B"); INSERT INTO common_asset_details(identifier, symbol, coingecko, cryptocompare, forked, started, swapped_for) VALUES("CARMIN", "CARMIN", "carmin", "", NULL, 1676437326, NULL);
*
INSERT INTO assets(identifier, name, type) VALUES("eip155:137/erc20:0xE5417Af564e4bFDA1c483642db72007871397896", "Gains Network", "C"); INSERT INTO evm_tokens(identifier, token_kind, chain, address, decimals, protocol) VALUES("eip155:137/erc20:0xE5417Af564e4bFDA1c483642db72007871397896", "A", 137, "0xE5417Af564e4bFDA1c483642db72007871397896", 18, NULL); INSERT INTO common_asset_details(identifier, symbol, coingecko, cryptocompare, forked, started, swapped_for) VALUES("eip155:137/erc20:0xE5417Af564e4bFDA1c483642db72007871397896", "GNS", "gains-network", "GNS", NULL, NULL, NULL);
*
INSERT INTO assets(identifier, name, type) VALUES("eip155:42161/erc20:0x18c11FD286C5EC11c3b683Caa813B77f5163A122", "Gains Network", "C"); INSERT INTO evm_tokens(identifier, token_kind, chain, address, decimals, protocol) VALUES("eip155:42161/erc20:0x18c11FD286C5EC11c3b683Caa813B77f5163A122", "A", 42161, "0x18c11FD286C5EC11c3b683Caa813B77f5163A122", 18, NULL); INSERT INTO common_asset_details(identifier, symbol, coingecko, cryptocompare, forked, started, swapped_for) VALUES("eip155:42161/erc20:0x18c11FD286C5EC11c3b683Caa813B77f5163A122", "GNS", "gains-network", "GNS", NULL, 1672175006, NULL);
*
INSERT INTO assets(identifier, name, type) VALUES("eip155:42161/erc20:0x3d9907F9a368ad0a51Be60f7Da3b97cf940982D8", "Camelot token", "C"); INSERT INTO evm_tokens(identifier, token_kind, chain, address, decimals, protocol) VALUES("eip155:42161/erc20:0x3d9907F9a368ad0a51Be60f7Da3b97cf940982D8", "A", 42161, "0x3d9907F9a368ad0a51Be60f7Da3b97cf940982D8", 18, NULL); INSERT INTO common_asset_details(identifier, symbol, coingecko, cryptocompare, forked, started, swapped_for) VALUES("eip155:42161/erc20:0x3d9907F9a368ad0a51Be60f7Da3b97cf940982D8", "GRAIL", "camelot-token", "", NULL, 1668866817, NULL);
*
INSERT INTO assets(identifier, name, type) VALUES("eip155:1/erc20:0xA735A3AF76CC30791C61c10d585833829d36CBe0", "Image", "C"); INSERT INTO evm_tokens(identifier, token_kind, chain, address, decimals, protocol) VALUES("eip155:1/erc20:0xA735A3AF76CC30791C61c10d585833829d36CBe0", "A", 1, "0xA735A3AF76CC30791C61c10d585833829d36CBe0", 9, NULL); INSERT INTO common_asset_details(identifier, symbol, coingecko, cryptocompare, forked, started, swapped_for) VALUES("eip155:1/erc20:0xA735A3AF76CC30791C61c10d585833829d36CBe0", "imgnAI", "imgnai", "", NULL, 1670625107, NULL);
*
INSERT INTO assets(identifier, name, type) VALUES("eip155:42161/erc20:0x23ee2343B892b1BB63503a4FAbc840E0e2C6810f", "Axelar", "C"); INSERT INTO evm_tokens(identifier, token_kind, chain, address, decimals, protocol) VALUES("eip155:42161/erc20:0x23ee2343B892b1BB63503a4FAbc840E0e2C6810f", "A", 42161, "0x23ee2343B892b1BB63503a4FAbc840E0e2C6810f", 6, NULL); INSERT INTO common_asset_details(identifier, symbol, coingecko, cryptocompare, forked, started, swapped_for) VALUES("eip155:42161/erc20:0x23ee2343B892b1BB63503a4FAbc840E0e2C6810f", "WAXL", "", "WAXL", NULL, 1670276859, NULL);
*
INSERT INTO assets(identifier, name, type) VALUES("eip155:1/erc20:0x44709a920fCcF795fbC57BAA433cc3dd53C44DbE", "DappRadar", "C"); INSERT INTO evm_tokens(identifier, token_kind, chain, address, decimals, protocol) VALUES("eip155:1/erc20:0x44709a920fCcF795fbC57BAA433cc3dd53C44DbE", "A", 1, "0x44709a920fCcF795fbC57BAA433cc3dd53C44DbE", 18, NULL); INSERT INTO common_asset_details(identifier, symbol, coingecko, cryptocompare, forked, started, swapped_for) VALUES("eip155:1/erc20:0x44709a920fCcF795fbC57BAA433cc3dd53C44DbE", "RADAR", "dappradar", "RADAR", NULL, 1639444046, NULL);
*
UPDATE common_asset_details SET coingecko="link-yvault" where identifier="eip155:1/erc20:0x03c31f3444357087d5f568d24AE17f9177c8AA84";
INSERT INTO assets(identifier, name, type) VALUES("eip155:1/erc20:0x03c31f3444357087d5f568d24AE17f9177c8AA84", "LINK yVault", "C"); INSERT INTO evm_tokens(identifier, token_kind, chain, address, decimals, protocol) VALUES("eip155:1/erc20:0x03c31f3444357087d5f568d24AE17f9177c8AA84", "A", 1, "0x03c31f3444357087d5f568d24AE17f9177c8AA84", 18, "yearn_vaults_v2"); INSERT INTO common_asset_details(identifier, symbol, coingecko, cryptocompare, forked, started, swapped_for) VALUES("eip155:1/erc20:0x03c31f3444357087d5f568d24AE17f9177c8AA84", "yvLINK", "link-yvault", "", NULL, 1615383226, NULL);
UPDATE common_asset_details SET coingecko="wbtc-yvault" where identifier="eip155:1/erc20:0x1Ae8Ccd120A05080d9A01C3B4F627F865685D091";
INSERT INTO assets(identifier, name, type) VALUES("eip155:1/erc20:0x1Ae8Ccd120A05080d9A01C3B4F627F865685D091", "WBTC yVault", "C"); INSERT INTO evm_tokens(identifier, token_kind, chain, address, decimals, protocol) VALUES("eip155:1/erc20:0x1Ae8Ccd120A05080d9A01C3B4F627F865685D091", "A", 1, "0x1Ae8Ccd120A05080d9A01C3B4F627F865685D091", 8, "yearn_vaults_v2"); INSERT INTO common_asset_details(identifier, symbol, coingecko, cryptocompare, forked, started, swapped_for) VALUES("eip155:1/erc20:0x1Ae8Ccd120A05080d9A01C3B4F627F865685D091", "yvWBTC", "wbtc-yvault", "", NULL, 1613681073, NULL);
UPDATE common_asset_details SET coingecko="uni-yvault" where identifier="eip155:1/erc20:0x2F194Da57aa855CAa02Ea3Ab991fa5d38178B9e6";
INSERT INTO assets(identifier, name, type) VALUES("eip155:1/erc20:0x2F194Da57aa855CAa02Ea3Ab991fa5d38178B9e6", "UNI yVault", "C"); INSERT INTO evm_tokens(identifier, token_kind, chain, address, decimals, protocol) VALUES("eip155:1/erc20:0x2F194Da57aa855CAa02Ea3Ab991fa5d38178B9e6", "A", 1, "0x2F194Da57aa855CAa02Ea3Ab991fa5d38178B9e6", 18, "yearn_vaults_v2"); INSERT INTO common_asset_details(identifier, symbol, coingecko, cryptocompare, forked, started, swapped_for) VALUES("eip155:1/erc20:0x2F194Da57aa855CAa02Ea3Ab991fa5d38178B9e6", "yvUNI", "uni-yvault", "", NULL, 1615496001, NULL);
UPDATE common_asset_details SET coingecko="usdt-yvault" where identifier="eip155:1/erc20:0x32651dD149a6EC22734882F790cBEB21402663F9";
INSERT INTO assets(identifier, name, type) VALUES("eip155:1/erc20:0x32651dD149a6EC22734882F790cBEB21402663F9", "USDT yVault", "C"); INSERT INTO evm_tokens(identifier, token_kind, chain, address, decimals, protocol) VALUES("eip155:1/erc20:0x32651dD149a6EC22734882F790cBEB21402663F9", "A", 1, "0x32651dD149a6EC22734882F790cBEB21402663F9", 6, "yearn_vaults_v2"); INSERT INTO common_asset_details(identifier, symbol, coingecko, cryptocompare, forked, started, swapped_for) VALUES("eip155:1/erc20:0x32651dD149a6EC22734882F790cBEB21402663F9", "yvUSDT", "usdt-yvault", "", NULL, 1617042581, NULL);
UPDATE common_asset_details SET coingecko="susd-yvault" where identifier="eip155:1/erc20:0x3466c90017F82DDA939B01E8DBd9b0f97AEF8DfC";
INSERT INTO assets(identifier, name, type) VALUES("eip155:1/erc20:0x3466c90017F82DDA939B01E8DBd9b0f97AEF8DfC", "sUSD yVault", "C"); INSERT INTO evm_tokens(identifier, token_kind, chain, address, decimals, protocol) VALUES("eip155:1/erc20:0x3466c90017F82DDA939B01E8DBd9b0f97AEF8DfC", "A", 1, "0x3466c90017F82DDA939B01E8DBd9b0f97AEF8DfC", 18, "yearn_vaults_v2"); INSERT INTO common_asset_details(identifier, symbol, coingecko, cryptocompare, forked, started, swapped_for) VALUES("eip155:1/erc20:0x3466c90017F82DDA939B01E8DBd9b0f97AEF8DfC", "yvsUSD", "susd-yvault", "", NULL, NULL, NULL);
UPDATE common_asset_details SET coingecko="usdc-yvault" where identifier="eip155:1/erc20:0x477faf103dADc5Fe5BAa40951cf7512dcBC18126";
INSERT INTO assets(identifier, name, type) VALUES("eip155:1/erc20:0x477faf103dADc5Fe5BAa40951cf7512dcBC18126", "USDC yVault", "C"); INSERT INTO evm_tokens(identifier, token_kind, chain, address, decimals, protocol) VALUES("eip155:1/erc20:0x477faf103dADc5Fe5BAa40951cf7512dcBC18126", "A", 1, "0x477faf103dADc5Fe5BAa40951cf7512dcBC18126", 6, "yearn_vaults_v2"); INSERT INTO common_asset_details(identifier, symbol, coingecko, cryptocompare, forked, started, swapped_for) VALUES("eip155:1/erc20:0x477faf103dADc5Fe5BAa40951cf7512dcBC18126", "yvUSDC", "usdc-yvault", "", NULL, 1616040406, NULL);
UPDATE common_asset_details SET coingecko="rai-yvault" where identifier="eip155:1/erc20:0x4856A7EFBbFcaE92AB13c5e2e322Fc77647bB856";
INSERT INTO assets(identifier, name, type) VALUES("eip155:1/erc20:0x4856A7EFBbFcaE92AB13c5e2e322Fc77647bB856", "RAI yVault", "C"); INSERT INTO evm_tokens(identifier, token_kind, chain, address, decimals, protocol) VALUES("eip155:1/erc20:0x4856A7EFBbFcaE92AB13c5e2e322Fc77647bB856", "A", 1, "0x4856A7EFBbFcaE92AB13c5e2e322Fc77647bB856", 18, "yearn_vaults_v2"); INSERT INTO common_asset_details(identifier, symbol, coingecko, cryptocompare, forked, started, swapped_for) VALUES("eip155:1/erc20:0x4856A7EFBbFcaE92AB13c5e2e322Fc77647bB856", "yvRAI", "rai-yvault", "", NULL, NULL, NULL);
UPDATE common_asset_details SET coingecko="tusd-yvault" where identifier="eip155:1/erc20:0x49b3E44e54b6220aF892DbA48ae45F1Ea6bC4aE9";
INSERT INTO assets(identifier, name, type) VALUES("eip155:1/erc20:0x49b3E44e54b6220aF892DbA48ae45F1Ea6bC4aE9", "TUSD yVault", "C"); INSERT INTO evm_tokens(identifier, token_kind, chain, address, decimals, protocol) VALUES("eip155:1/erc20:0x49b3E44e54b6220aF892DbA48ae45F1Ea6bC4aE9", "A", 1, "0x49b3E44e54b6220aF892DbA48ae45F1Ea6bC4aE9", 18, "yearn_vaults_v2"); INSERT INTO common_asset_details(identifier, symbol, coingecko, cryptocompare, forked, started, swapped_for) VALUES("eip155:1/erc20:0x49b3E44e54b6220aF892DbA48ae45F1Ea6bC4aE9", "yvTUSD", "tusd-yvault", "", NULL, NULL, NULL);
UPDATE common_asset_details SET coingecko="link-yvault" where identifier="eip155:1/erc20:0x671a912C10bba0CFA74Cfc2d6Fba9BA1ed9530B2";
INSERT INTO assets(identifier, name, type) VALUES("eip155:1/erc20:0x671a912C10bba0CFA74Cfc2d6Fba9BA1ed9530B2", "LINK yVault", "C"); INSERT INTO evm_tokens(identifier, token_kind, chain, address, decimals, protocol) VALUES("eip155:1/erc20:0x671a912C10bba0CFA74Cfc2d6Fba9BA1ed9530B2", "A", 1, "0x671a912C10bba0CFA74Cfc2d6Fba9BA1ed9530B2", 18, "yearn_vaults_v2"); INSERT INTO common_asset_details(identifier, symbol, coingecko, cryptocompare, forked, started, swapped_for) VALUES("eip155:1/erc20:0x671a912C10bba0CFA74Cfc2d6Fba9BA1ed9530B2", "yvLINK", "link-yvault", "", NULL, NULL, NULL);
UPDATE common_asset_details SET coingecko="usdc-yvault" where identifier="eip155:1/erc20:0x71955515ADF20cBDC699B8bC556Fc7Fd726B31B0";
INSERT INTO assets(identifier, name, type) VALUES("eip155:1/erc20:0x71955515ADF20cBDC699B8bC556Fc7Fd726B31B0", "USDC yVault", "C"); INSERT INTO evm_tokens(identifier, token_kind, chain, address, decimals, protocol) VALUES("eip155:1/erc20:0x71955515ADF20cBDC699B8bC556Fc7Fd726B31B0", "A", 1, "0x71955515ADF20cBDC699B8bC556Fc7Fd726B31B0", 6, "yearn_vaults_v2"); INSERT INTO common_asset_details(identifier, symbol, coingecko, cryptocompare, forked, started, swapped_for) VALUES("eip155:1/erc20:0x71955515ADF20cBDC699B8bC556Fc7Fd726B31B0", "yvUSDC", "usdc-yvault", "", NULL, 1620961937, NULL);
UPDATE common_asset_details SET coingecko="snx-yvault" where identifier="eip155:1/erc20:0x7356f09C294Cb9c6428AC7327B24B0f29419C181";
INSERT INTO assets(identifier, name, type) VALUES("eip155:1/erc20:0x7356f09C294Cb9c6428AC7327B24B0f29419C181", "SNX yVault", "C"); INSERT INTO evm_tokens(identifier, token_kind, chain, address, decimals, protocol) VALUES("eip155:1/erc20:0x7356f09C294Cb9c6428AC7327B24B0f29419C181", "A", 1, "0x7356f09C294Cb9c6428AC7327B24B0f29419C181", 18, "yearn_vaults_v2"); INSERT INTO common_asset_details(identifier, symbol, coingecko, cryptocompare, forked, started, swapped_for) VALUES("eip155:1/erc20:0x7356f09C294Cb9c6428AC7327B24B0f29419C181", "yvSNX", "snx-yvault", "", NULL, 1613163353, NULL);
UPDATE common_asset_details SET coingecko="aave-yvault" where identifier="eip155:1/erc20:0x75A3f32ba5e60A094729257EE44841F9552baFb9";
INSERT INTO assets(identifier, name, type) VALUES("eip155:1/erc20:0x75A3f32ba5e60A094729257EE44841F9552baFb9", "AAVE yVault", "C"); INSERT INTO evm_tokens(identifier, token_kind, chain, address, decimals, protocol) VALUES("eip155:1/erc20:0x75A3f32ba5e60A094729257EE44841F9552baFb9", "A", 1, "0x75A3f32ba5e60A094729257EE44841F9552baFb9", 18, "yearn_vaults_v2"); INSERT INTO common_asset_details(identifier, symbol, coingecko, cryptocompare, forked, started, swapped_for) VALUES("eip155:1/erc20:0x75A3f32ba5e60A094729257EE44841F9552baFb9", "yvAAVE", "aave-yvault", "", NULL, NULL, NULL);
UPDATE common_asset_details SET coingecko="usdt-yvault" where identifier="eip155:1/erc20:0x7Da96a3891Add058AdA2E826306D812C638D87a7";
INSERT INTO assets(identifier, name, type) VALUES("eip155:1/erc20:0x7Da96a3891Add058AdA2E826306D812C638D87a7", "USDT yVault", "C"); INSERT INTO evm_tokens(identifier, token_kind, chain, address, decimals, protocol) VALUES("eip155:1/erc20:0x7Da96a3891Add058AdA2E826306D812C638D87a7", "A", 1, "0x7Da96a3891Add058AdA2E826306D812C638D87a7", 6, "yearn_vaults_v2"); INSERT INTO common_asset_details(identifier, symbol, coingecko, cryptocompare, forked, started, swapped_for) VALUES("eip155:1/erc20:0x7Da96a3891Add058AdA2E826306D812C638D87a7", "yvUSDT", "usdt-yvault", "", NULL, NULL, NULL);
UPDATE common_asset_details SET coingecko="rai-yvault" where identifier="eip155:1/erc20:0x873fB544277FD7b977B196a826459a69E27eA4ea";
INSERT INTO assets(identifier, name, type) VALUES("eip155:1/erc20:0x873fB544277FD7b977B196a826459a69E27eA4ea", "RAI yVault", "C"); INSERT INTO evm_tokens(identifier, token_kind, chain, address, decimals, protocol) VALUES("eip155:1/erc20:0x873fB544277FD7b977B196a826459a69E27eA4ea", "A", 1, "0x873fB544277FD7b977B196a826459a69E27eA4ea", 18, "yearn_vaults_v2"); INSERT INTO common_asset_details(identifier, symbol, coingecko, cryptocompare, forked, started, swapped_for) VALUES("eip155:1/erc20:0x873fB544277FD7b977B196a826459a69E27eA4ea", "yvRAI", "rai-yvault", "", NULL, NULL, NULL);
UPDATE common_asset_details SET coingecko="weth-yvault" where identifier="eip155:1/erc20:0xa258C4606Ca8206D8aA700cE2143D7db854D168c";
INSERT INTO assets(identifier, name, type) VALUES("eip155:1/erc20:0xa258C4606Ca8206D8aA700cE2143D7db854D168c", "WETH yVault", "C"); INSERT INTO evm_tokens(identifier, token_kind, chain, address, decimals, protocol) VALUES("eip155:1/erc20:0xa258C4606Ca8206D8aA700cE2143D7db854D168c", "A", 1, "0xa258C4606Ca8206D8aA700cE2143D7db854D168c", 18, "yearn_vaults_v2"); INSERT INTO common_asset_details(identifier, symbol, coingecko, cryptocompare, forked, started, swapped_for) VALUES("eip155:1/erc20:0xa258C4606Ca8206D8aA700cE2143D7db854D168c", "yvWETH", "weth-yvault", "", NULL, 1623088086, NULL);
UPDATE common_asset_details SET coingecko="weth-yvault" where identifier="eip155:1/erc20:0xa2619fDFB99ABeb533a1147461f3f1109c5ADe75";
INSERT INTO assets(identifier, name, type) VALUES("eip155:1/erc20:0xa2619fDFB99ABeb533a1147461f3f1109c5ADe75", "WETH yVault", "C"); INSERT INTO evm_tokens(identifier, token_kind, chain, address, decimals, protocol) VALUES("eip155:1/erc20:0xa2619fDFB99ABeb533a1147461f3f1109c5ADe75", "A", 1, "0xa2619fDFB99ABeb533a1147461f3f1109c5ADe75", 18, "yearn_vaults_v2"); INSERT INTO common_asset_details(identifier, symbol, coingecko, cryptocompare, forked, started, swapped_for) VALUES("eip155:1/erc20:0xa2619fDFB99ABeb533a1147461f3f1109c5ADe75", "yvWETH", "weth-yvault", "", NULL, 1619473902, NULL);
UPDATE common_asset_details SET coingecko="susd-yvault" where identifier="eip155:1/erc20:0xa5cA62D95D24A4a350983D5B8ac4EB8638887396";
INSERT INTO assets(identifier, name, type) VALUES("eip155:1/erc20:0xa5cA62D95D24A4a350983D5B8ac4EB8638887396", "sUSD yVault", "C"); INSERT INTO evm_tokens(identifier, token_kind, chain, address, decimals, protocol) VALUES("eip155:1/erc20:0xa5cA62D95D24A4a350983D5B8ac4EB8638887396", "A", 1, "0xa5cA62D95D24A4a350983D5B8ac4EB8638887396", 18, "yearn_vaults_v2"); INSERT INTO common_asset_details(identifier, symbol, coingecko, cryptocompare, forked, started, swapped_for) VALUES("eip155:1/erc20:0xa5cA62D95D24A4a350983D5B8ac4EB8638887396", "yvsUSD", "susd-yvault", "", NULL, 1616100922, NULL);
UPDATE common_asset_details SET coingecko="wbtc-yvault" where identifier="eip155:1/erc20:0xA696a63cc78DfFa1a63E9E50587C197387FF6C7E";
INSERT INTO assets(identifier, name, type) VALUES("eip155:1/erc20:0xA696a63cc78DfFa1a63E9E50587C197387FF6C7E", "WBTC yVault", "C"); INSERT INTO evm_tokens(identifier, token_kind, chain, address, decimals, protocol) VALUES("eip155:1/erc20:0xA696a63cc78DfFa1a63E9E50587C197387FF6C7E", "A", 1, "0xA696a63cc78DfFa1a63E9E50587C197387FF6C7E", 8, "yearn_vaults_v2"); INSERT INTO common_asset_details(identifier, symbol, coingecko, cryptocompare, forked, started, swapped_for) VALUES("eip155:1/erc20:0xA696a63cc78DfFa1a63E9E50587C197387FF6C7E", "yvWBTC", "wbtc-yvault", "", NULL, 1617709768, NULL);
UPDATE common_asset_details SET coingecko="weth-yvault" where identifier="eip155:1/erc20:0xa9fE4601811213c340e850ea305481afF02f5b28";
INSERT INTO assets(identifier, name, type) VALUES("eip155:1/erc20:0xa9fE4601811213c340e850ea305481afF02f5b28", "WETH yVault", "C"); INSERT INTO evm_tokens(identifier, token_kind, chain, address, decimals, protocol) VALUES("eip155:1/erc20:0xa9fE4601811213c340e850ea305481afF02f5b28", "A", 1, "0xa9fE4601811213c340e850ea305481afF02f5b28", 18, "yearn_vaults_v2"); INSERT INTO common_asset_details(identifier, symbol, coingecko, cryptocompare, forked, started, swapped_for) VALUES("eip155:1/erc20:0xa9fE4601811213c340e850ea305481afF02f5b28", "yvWETH", "weth-yvault", "", NULL, 1613681002, NULL);
UPDATE common_asset_details SET coingecko="lusd-yvault" where identifier="eip155:1/erc20:0xAaAee277F21Bb7D2Bf49E6b36d0d94DC229B0B25";
INSERT INTO assets(identifier, name, type) VALUES("eip155:1/erc20:0xAaAee277F21Bb7D2Bf49E6b36d0d94DC229B0B25", "LUSD yVault", "C"); INSERT INTO evm_tokens(identifier, token_kind, chain, address, decimals, protocol) VALUES("eip155:1/erc20:0xAaAee277F21Bb7D2Bf49E6b36d0d94DC229B0B25", "A", 1, "0xAaAee277F21Bb7D2Bf49E6b36d0d94DC229B0B25", 18, "yearn_vaults_v2"); INSERT INTO common_asset_details(identifier, symbol, coingecko, cryptocompare, forked, started, swapped_for) VALUES("eip155:1/erc20:0xAaAee277F21Bb7D2Bf49E6b36d0d94DC229B0B25", "yvLUSD", "lusd-yvault", "", NULL, NULL, NULL);
UPDATE common_asset_details SET coingecko="aave-yvault" where identifier="eip155:1/erc20:0xAc1C90b9c76d56BA2e24F3995F7671c745f8f308";
INSERT INTO assets(identifier, name, type) VALUES("eip155:1/erc20:0xAc1C90b9c76d56BA2e24F3995F7671c745f8f308", "AAVE yVault", "C"); INSERT INTO evm_tokens(identifier, token_kind, chain, address, decimals, protocol) VALUES("eip155:1/erc20:0xAc1C90b9c76d56BA2e24F3995F7671c745f8f308", "A", 1, "0xAc1C90b9c76d56BA2e24F3995F7671c745f8f308", 18, "yearn_vaults_v2"); INSERT INTO common_asset_details(identifier, symbol, coingecko, cryptocompare, forked, started, swapped_for) VALUES("eip155:1/erc20:0xAc1C90b9c76d56BA2e24F3995F7671c745f8f308", "yvAAVE", "aave-yvault", "", NULL, 1615238900, NULL);
UPDATE common_asset_details SET coingecko="weth-yvault" where identifier="eip155:1/erc20:0xac333895ce1A73875CF7B4Ecdc5A743C12f3d82B";
INSERT INTO assets(identifier, name, type) VALUES("eip155:1/erc20:0xac333895ce1A73875CF7B4Ecdc5A743C12f3d82B", "WETH yVault", "C"); INSERT INTO evm_tokens(identifier, token_kind, chain, address, decimals, protocol) VALUES("eip155:1/erc20:0xac333895ce1A73875CF7B4Ecdc5A743C12f3d82B", "A", 1, "0xac333895ce1A73875CF7B4Ecdc5A743C12f3d82B", 18, "yearn_vaults_v2"); INSERT INTO common_asset_details(identifier, symbol, coingecko, cryptocompare, forked, started, swapped_for) VALUES("eip155:1/erc20:0xac333895ce1A73875CF7B4Ecdc5A743C12f3d82B", "yvWETH", "weth-yvault", "", NULL, 1612200385, NULL);
UPDATE common_asset_details SET coingecko="usdt-yvault" where identifier="eip155:1/erc20:0xAf322a2eDf31490250fdEb0D712621484b09aBB6";
INSERT INTO assets(identifier, name, type) VALUES("eip155:1/erc20:0xAf322a2eDf31490250fdEb0D712621484b09aBB6", "USDT yVault", "C"); INSERT INTO evm_tokens(identifier, token_kind, chain, address, decimals, protocol) VALUES("eip155:1/erc20:0xAf322a2eDf31490250fdEb0D712621484b09aBB6", "A", 1, "0xAf322a2eDf31490250fdEb0D712621484b09aBB6", 6, "yearn_vaults_v2"); INSERT INTO common_asset_details(identifier, symbol, coingecko, cryptocompare, forked, started, swapped_for) VALUES("eip155:1/erc20:0xAf322a2eDf31490250fdEb0D712621484b09aBB6", "yvUSDT", "usdt-yvault", "", NULL, NULL, NULL);
UPDATE common_asset_details SET coingecko="sushi-yvault" where identifier="eip155:1/erc20:0xb32747B4045479B77a8b8Eb44029ba12580214F8";
INSERT INTO assets(identifier, name, type) VALUES("eip155:1/erc20:0xb32747B4045479B77a8b8Eb44029ba12580214F8", "SUSHI yVault", "C"); INSERT INTO evm_tokens(identifier, token_kind, chain, address, decimals, protocol) VALUES("eip155:1/erc20:0xb32747B4045479B77a8b8Eb44029ba12580214F8", "A", 1, "0xb32747B4045479B77a8b8Eb44029ba12580214F8", 18, "yearn_vaults_v2"); INSERT INTO common_asset_details(identifier, symbol, coingecko, cryptocompare, forked, started, swapped_for) VALUES("eip155:1/erc20:0xb32747B4045479B77a8b8Eb44029ba12580214F8", "yvSUSHI", "sushi-yvault", "", NULL, 1615173665, NULL);
UPDATE common_asset_details SET coingecko="1inch-yvault" where identifier="eip155:1/erc20:0xB8C3B7A2A618C552C23B1E4701109a9E756Bab67";
INSERT INTO assets(identifier, name, type) VALUES("eip155:1/erc20:0xB8C3B7A2A618C552C23B1E4701109a9E756Bab67", "1INCH yVault", "C"); INSERT INTO evm_tokens(identifier, token_kind, chain, address, decimals, protocol) VALUES("eip155:1/erc20:0xB8C3B7A2A618C552C23B1E4701109a9E756Bab67", "A", 1, "0xB8C3B7A2A618C552C23B1E4701109a9E756Bab67", 18, "yearn_vaults_v2"); INSERT INTO common_asset_details(identifier, symbol, coingecko, cryptocompare, forked, started, swapped_for) VALUES("eip155:1/erc20:0xB8C3B7A2A618C552C23B1E4701109a9E756Bab67", "yv1INCH", "1inch-yvault", "", NULL, 1613761651, NULL);
UPDATE common_asset_details SET coingecko="wbtc-yvault" where identifier="eip155:1/erc20:0xcB550A6D4C8e3517A939BC79d0c7093eb7cF56B5";
INSERT INTO assets(identifier, name, type) VALUES("eip155:1/erc20:0xcB550A6D4C8e3517A939BC79d0c7093eb7cF56B5", "WBTC yVault", "C"); INSERT INTO evm_tokens(identifier, token_kind, chain, address, decimals, protocol) VALUES("eip155:1/erc20:0xcB550A6D4C8e3517A939BC79d0c7093eb7cF56B5", "A", 1, "0xcB550A6D4C8e3517A939BC79d0c7093eb7cF56B5", 8, "yearn_vaults_v2"); INSERT INTO common_asset_details(identifier, symbol, coingecko, cryptocompare, forked, started, swapped_for) VALUES("eip155:1/erc20:0xcB550A6D4C8e3517A939BC79d0c7093eb7cF56B5", "yvWBTC", "wbtc-yvault", "", NULL, NULL, NULL);
UPDATE common_asset_details SET coingecko="hegic-yvault" where identifier="eip155:1/erc20:0xe11ba472F74869176652C35D30dB89854b5ae84D";
INSERT INTO assets(identifier, name, type) VALUES("eip155:1/erc20:0xe11ba472F74869176652C35D30dB89854b5ae84D", "HEGIC yVault", "C"); INSERT INTO evm_tokens(identifier, token_kind, chain, address, decimals, protocol) VALUES("eip155:1/erc20:0xe11ba472F74869176652C35D30dB89854b5ae84D", "A", 1, "0xe11ba472F74869176652C35D30dB89854b5ae84D", 18, "yearn_vaults_v2"); INSERT INTO common_asset_details(identifier, symbol, coingecko, cryptocompare, forked, started, swapped_for) VALUES("eip155:1/erc20:0xe11ba472F74869176652C35D30dB89854b5ae84D", "yvHEGIC", "hegic-yvault", "", NULL, 1610144887, NULL);
UPDATE common_asset_details SET coingecko="yfi-yvault" where identifier="eip155:1/erc20:0xE14d13d8B3b85aF791b2AADD661cDBd5E6097Db1";
INSERT INTO assets(identifier, name, type) VALUES("eip155:1/erc20:0xE14d13d8B3b85aF791b2AADD661cDBd5E6097Db1", "YFI yVault", "C"); INSERT INTO evm_tokens(identifier, token_kind, chain, address, decimals, protocol) VALUES("eip155:1/erc20:0xE14d13d8B3b85aF791b2AADD661cDBd5E6097Db1", "A", 1, "0xE14d13d8B3b85aF791b2AADD661cDBd5E6097Db1", 18, "yearn_vaults_v2"); INSERT INTO common_asset_details(identifier, symbol, coingecko, cryptocompare, forked, started, swapped_for) VALUES("eip155:1/erc20:0xE14d13d8B3b85aF791b2AADD661cDBd5E6097Db1", "yvYFI", "yfi-yvault", "", NULL, 1615139942, NULL);
UPDATE common_asset_details SET coingecko="usdc-yvault" where identifier="eip155:1/erc20:0xe2F6b9773BF3A015E2aA70741Bde1498bdB9425b";
INSERT INTO assets(identifier, name, type) VALUES("eip155:1/erc20:0xe2F6b9773BF3A015E2aA70741Bde1498bdB9425b", "Yearn USDC Vault", "C"); INSERT INTO evm_tokens(identifier, token_kind, chain, address, decimals, protocol) VALUES("eip155:1/erc20:0xe2F6b9773BF3A015E2aA70741Bde1498bdB9425b", "A", 1, "0xe2F6b9773BF3A015E2aA70741Bde1498bdB9425b", 6, "yearn_vaults_v2"); INSERT INTO common_asset_details(identifier, symbol, coingecko, cryptocompare, forked, started, swapped_for) VALUES("eip155:1/erc20:0xe2F6b9773BF3A015E2aA70741Bde1498bdB9425b", "yvUSDC", "usdc-yvault", "", NULL, NULL, NULL);
UPDATE common_asset_details SET coingecko="weth-yvault" where identifier="eip155:1/erc20:0xED0244B688cF059f32f45E38A6ac6E479D6755f6";
INSERT INTO assets(identifier, name, type) VALUES("eip155:1/erc20:0xED0244B688cF059f32f45E38A6ac6E479D6755f6", "WETH yVault", "C"); INSERT INTO evm_tokens(identifier, token_kind, chain, address, decimals, protocol) VALUES("eip155:1/erc20:0xED0244B688cF059f32f45E38A6ac6E479D6755f6", "A", 1, "0xED0244B688cF059f32f45E38A6ac6E479D6755f6", 18, "yearn_vaults_v2"); INSERT INTO common_asset_details(identifier, symbol, coingecko, cryptocompare, forked, started, swapped_for) VALUES("eip155:1/erc20:0xED0244B688cF059f32f45E38A6ac6E479D6755f6", "yvWETH", "weth-yvault", "", NULL, 1610483759, NULL);
UPDATE common_asset_details SET coingecko="snx-yvault" where identifier="eip155:1/erc20:0xF29AE508698bDeF169B89834F76704C3B205aedf";
INSERT INTO assets(identifier, name, type) VALUES("eip155:1/erc20:0xF29AE508698bDeF169B89834F76704C3B205aedf", "SNX yVault", "C"); INSERT INTO evm_tokens(identifier, token_kind, chain, address, decimals, protocol) VALUES("eip155:1/erc20:0xF29AE508698bDeF169B89834F76704C3B205aedf", "A", 1, "0xF29AE508698bDeF169B89834F76704C3B205aedf", 18, "yearn_vaults_v2"); INSERT INTO common_asset_details(identifier, symbol, coingecko, cryptocompare, forked, started, swapped_for) VALUES("eip155:1/erc20:0xF29AE508698bDeF169B89834F76704C3B205aedf", "yvSNX", "snx-yvault", "", NULL, 1618865006, NULL);
UPDATE common_asset_details SET coingecko="susd-yvault" where identifier="eip155:1/erc20:0xf4fDbc7C66Dc9832D672Ffe6242B6A386CeAd5DE";
INSERT INTO assets(identifier, name, type) VALUES("eip155:1/erc20:0xf4fDbc7C66Dc9832D672Ffe6242B6A386CeAd5DE", "sUSD yVault", "C"); INSERT INTO evm_tokens(identifier, token_kind, chain, address, decimals, protocol) VALUES("eip155:1/erc20:0xf4fDbc7C66Dc9832D672Ffe6242B6A386CeAd5DE", "A", 1, "0xf4fDbc7C66Dc9832D672Ffe6242B6A386CeAd5DE", 18, "yearn_vaults_v2"); INSERT INTO common_asset_details(identifier, symbol, coingecko, cryptocompare, forked, started, swapped_for) VALUES("eip155:1/erc20:0xf4fDbc7C66Dc9832D672Ffe6242B6A386CeAd5DE", "yvsUSD", "susd-yvault", "", NULL, NULL, NULL);
UPDATE common_asset_details SET coingecko="link-yvault" where identifier="eip155:1/erc20:0xF962B098Ecc4352aA2AD1d4164BD2b8367fd94c3";
INSERT INTO assets(identifier, name, type) VALUES("eip155:1/erc20:0xF962B098Ecc4352aA2AD1d4164BD2b8367fd94c3", "LINK yVault", "C"); INSERT INTO evm_tokens(identifier, token_kind, chain, address, decimals, protocol) VALUES("eip155:1/erc20:0xF962B098Ecc4352aA2AD1d4164BD2b8367fd94c3", "A", 1, "0xF962B098Ecc4352aA2AD1d4164BD2b8367fd94c3", 18, "yearn_vaults_v2"); INSERT INTO common_asset_details(identifier, symbol, coingecko, cryptocompare, forked, started, swapped_for) VALUES("eip155:1/erc20:0xF962B098Ecc4352aA2AD1d4164BD2b8367fd94c3", "yvLINK", "link-yvault", "", NULL, 1621638548, NULL);
UPDATE common_asset_details SET coingecko="uni-yvault" where identifier="eip155:1/erc20:0xFBEB78a723b8087fD2ea7Ef1afEc93d35E8Bed42";
INSERT INTO assets(identifier, name, type) VALUES("eip155:1/erc20:0xFBEB78a723b8087fD2ea7Ef1afEc93d35E8Bed42", "UNI yVault", "C"); INSERT INTO evm_tokens(identifier, token_kind, chain, address, decimals, protocol) VALUES("eip155:1/erc20:0xFBEB78a723b8087fD2ea7Ef1afEc93d35E8Bed42", "A", 1, "0xFBEB78a723b8087fD2ea7Ef1afEc93d35E8Bed42", 18, "yearn_vaults_v2"); INSERT INTO common_asset_details(identifier, symbol, coingecko, cryptocompare, forked, started, swapped_for) VALUES("eip155:1/erc20:0xFBEB78a723b8087fD2ea7Ef1afEc93d35E8Bed42", "yvUNI", "uni-yvault", "", NULL, NULL, NULL);
UPDATE common_asset_details SET coingecko="uni-yvault" where identifier="eip155:1/erc20:0xFe8A3837cFf919C800bdC5d1ac6136F84497d679";
INSERT INTO assets(identifier, name, type) VALUES("eip155:1/erc20:0xFe8A3837cFf919C800bdC5d1ac6136F84497d679", "UNI yVault", "C"); INSERT INTO evm_tokens(identifier, token_kind, chain, address, decimals, protocol) VALUES("eip155:1/erc20:0xFe8A3837cFf919C800bdC5d1ac6136F84497d679", "A", 1, "0xFe8A3837cFf919C800bdC5d1ac6136F84497d679", 18, "yearn_vaults_v2"); INSERT INTO common_asset_details(identifier, symbol, coingecko, cryptocompare, forked, started, swapped_for) VALUES("eip155:1/erc20:0xFe8A3837cFf919C800bdC5d1ac6136F84497d679", "yvUNI", "uni-yvault", "", NULL, NULL, NULL);
UPDATE common_asset_details SET coingecko="susd-yvault" where identifier="eip155:1/erc20:0x4962B6C40B5E9433E029c5c423F6b1ce7fF28b0f";
INSERT INTO assets(identifier, name, type) VALUES("eip155:1/erc20:0x4962B6C40B5E9433E029c5c423F6b1ce7fF28b0f", "sUSD yVault", "C"); INSERT INTO evm_tokens(identifier, token_kind, chain, address, decimals, protocol) VALUES("eip155:1/erc20:0x4962B6C40B5E9433E029c5c423F6b1ce7fF28b0f", "A", 1, "0x4962B6C40B5E9433E029c5c423F6b1ce7fF28b0f", 18, "yearn_vaults_v2"); INSERT INTO common_asset_details(identifier, symbol, coingecko, cryptocompare, forked, started, swapped_for) VALUES("eip155:1/erc20:0x4962B6C40B5E9433E029c5c423F6b1ce7fF28b0f", "yvsUSD", "susd-yvault", "", NULL, NULL, NULL);
UPDATE common_asset_details SET coingecko="sushi-yvault" where identifier="eip155:1/erc20:0x497590d2d57f05cf8B42A36062fA53eBAe283498";
INSERT INTO assets(identifier, name, type) VALUES("eip155:1/erc20:0x497590d2d57f05cf8B42A36062fA53eBAe283498", "SUSHI yVault", "C"); INSERT INTO evm_tokens(identifier, token_kind, chain, address, decimals, protocol) VALUES("eip155:1/erc20:0x497590d2d57f05cf8B42A36062fA53eBAe283498", "A", 1, "0x497590d2d57f05cf8B42A36062fA53eBAe283498", 18, "yearn_vaults_v2"); INSERT INTO common_asset_details(identifier, symbol, coingecko, cryptocompare, forked, started, swapped_for) VALUES("eip155:1/erc20:0x497590d2d57f05cf8B42A36062fA53eBAe283498", "yvSUSHI", "sushi-yvault", "", NULL, NULL, NULL);
UPDATE common_asset_details SET coingecko="comp-yvault" where identifier="eip155:1/erc20:0x4A3FE75762017DB0eD73a71C9A06db7768DB5e66";
INSERT INTO assets(identifier, name, type) VALUES("eip155:1/erc20:0x4A3FE75762017DB0eD73a71C9A06db7768DB5e66", "COMP yVault", "C"); INSERT INTO evm_tokens(identifier, token_kind, chain, address, decimals, protocol) VALUES("eip155:1/erc20:0x4A3FE75762017DB0eD73a71C9A06db7768DB5e66", "A", 1, "0x4A3FE75762017DB0eD73a71C9A06db7768DB5e66", 18, "yearn_vaults_v2"); INSERT INTO common_asset_details(identifier, symbol, coingecko, cryptocompare, forked, started, swapped_for) VALUES("eip155:1/erc20:0x4A3FE75762017DB0eD73a71C9A06db7768DB5e66", "yvCOMP", "comp-yvault", "", NULL, NULL, NULL);
UPDATE common_asset_details SET coingecko="sushi-yvault" where identifier="eip155:1/erc20:0x6d765CbE5bC922694afE112C140b8878b9FB0390";
INSERT INTO assets(identifier, name, type) VALUES("eip155:1/erc20:0x6d765CbE5bC922694afE112C140b8878b9FB0390", "SUSHI yVault", "C"); INSERT INTO evm_tokens(identifier, token_kind, chain, address, decimals, protocol) VALUES("eip155:1/erc20:0x6d765CbE5bC922694afE112C140b8878b9FB0390", "A", 1, "0x6d765CbE5bC922694afE112C140b8878b9FB0390", 18, "yearn_vaults_v2"); INSERT INTO common_asset_details(identifier, symbol, coingecko, cryptocompare, forked, started, swapped_for) VALUES("eip155:1/erc20:0x6d765CbE5bC922694afE112C140b8878b9FB0390", "yvSUSHI", "sushi-yvault", "", NULL, NULL, NULL);
UPDATE common_asset_details SET coingecko="weth-yvault" where identifier="eip155:1/erc20:0xa442BEB83baBC33D93c8Bec471070Ce59b88fb7d";
INSERT INTO assets(identifier, name, type) VALUES("eip155:1/erc20:0xa442BEB83baBC33D93c8Bec471070Ce59b88fb7d", "WETH yVault", "C"); INSERT INTO evm_tokens(identifier, token_kind, chain, address, decimals, protocol) VALUES("eip155:1/erc20:0xa442BEB83baBC33D93c8Bec471070Ce59b88fb7d", "A", 1, "0xa442BEB83baBC33D93c8Bec471070Ce59b88fb7d", 18, "yearn_vaults_v2"); INSERT INTO common_asset_details(identifier, symbol, coingecko, cryptocompare, forked, started, swapped_for) VALUES("eip155:1/erc20:0xa442BEB83baBC33D93c8Bec471070Ce59b88fb7d", "yvWETH", "weth-yvault", "", NULL, 1625836795, NULL);
UPDATE common_asset_details SET coingecko="comp-yvault" where identifier="eip155:1/erc20:0xbD65955F752B2eF093B34B05e5FFb439AE8e5049";
INSERT INTO assets(identifier, name, type) VALUES("eip155:1/erc20:0xbD65955F752B2eF093B34B05e5FFb439AE8e5049", "COMP yVault", "C"); INSERT INTO evm_tokens(identifier, token_kind, chain, address, decimals, protocol) VALUES("eip155:1/erc20:0xbD65955F752B2eF093B34B05e5FFb439AE8e5049", "A", 1, "0xbD65955F752B2eF093B34B05e5FFb439AE8e5049", 18, "yearn_vaults_v2"); INSERT INTO common_asset_details(identifier, symbol, coingecko, cryptocompare, forked, started, swapped_for) VALUES("eip155:1/erc20:0xbD65955F752B2eF093B34B05e5FFb439AE8e5049", "yvCOMP", "comp-yvault", "", NULL, NULL, NULL);
UPDATE common_asset_details SET coingecko="tusd-yvault" where identifier="eip155:1/erc20:0xFD0877d9095789cAF24c98F7CCe092fa8E120775";
INSERT INTO assets(identifier, name, type) VALUES("eip155:1/erc20:0xFD0877d9095789cAF24c98F7CCe092fa8E120775", "TUSD yVault", "C"); INSERT INTO evm_tokens(identifier, token_kind, chain, address, decimals, protocol) VALUES("eip155:1/erc20:0xFD0877d9095789cAF24c98F7CCe092fa8E120775", "A", 1, "0xFD0877d9095789cAF24c98F7CCe092fa8E120775", 18, "yearn_vaults_v2"); INSERT INTO common_asset_details(identifier, symbol, coingecko, cryptocompare, forked, started, swapped_for) VALUES("eip155:1/erc20:0xFD0877d9095789cAF24c98F7CCe092fa8E120775", "yvTUSD", "tusd-yvault", "", NULL, NULL, NULL);
UPDATE common_asset_details SET coingecko="aave-yvault" where identifier="eip155:1/erc20:0xd9788f3931Ede4D5018184E198699dC6d66C1915";
INSERT INTO assets(identifier, name, type) VALUES("eip155:1/erc20:0xd9788f3931Ede4D5018184E198699dC6d66C1915", "AAVE yVault", "C"); INSERT INTO evm_tokens(identifier, token_kind, chain, address, decimals, protocol) VALUES("eip155:1/erc20:0xd9788f3931Ede4D5018184E198699dC6d66C1915", "A", 1, "0xd9788f3931Ede4D5018184E198699dC6d66C1915", 18, "yearn_vaults_v2"); INSERT INTO common_asset_details(identifier, symbol, coingecko, cryptocompare, forked, started, swapped_for) VALUES("eip155:1/erc20:0xd9788f3931Ede4D5018184E198699dC6d66C1915", "yvAAVE", "aave-yvault", "", NULL, NULL, NULL);
UPDATE common_asset_details SET coingecko="usdc-yvault" where identifier="eip155:1/erc20:0xa354F35829Ae975e850e23e9615b11Da1B3dC4DE";
INSERT INTO assets(identifier, name, type) VALUES("eip155:1/erc20:0xa354F35829Ae975e850e23e9615b11Da1B3dC4DE", "USDC yVault", "C"); INSERT INTO evm_tokens(identifier, token_kind, chain, address, decimals, protocol) VALUES("eip155:1/erc20:0xa354F35829Ae975e850e23e9615b11Da1B3dC4DE", "A", 1, "0xa354F35829Ae975e850e23e9615b11Da1B3dC4DE", 6, "yearn_vaults_v2"); INSERT INTO common_asset_details(identifier, symbol, coingecko, cryptocompare, forked, started, swapped_for) VALUES("eip155:1/erc20:0xa354F35829Ae975e850e23e9615b11Da1B3dC4DE", "yvUSDC", "usdc-yvault", "", NULL, 1635529757, NULL);
UPDATE common_asset_details SET coingecko="yfi-yvault" where identifier="eip155:1/erc20:0xdb25cA703181E7484a155DD612b06f57E12Be5F0";
INSERT INTO assets(identifier, name, type) VALUES("eip155:1/erc20:0xdb25cA703181E7484a155DD612b06f57E12Be5F0", "YFI yVault", "C"); INSERT INTO evm_tokens(identifier, token_kind, chain, address, decimals, protocol) VALUES("eip155:1/erc20:0xdb25cA703181E7484a155DD612b06f57E12Be5F0", "A", 1, "0xdb25cA703181E7484a155DD612b06f57E12Be5F0", 18, "yearn_vaults_v2"); INSERT INTO common_asset_details(identifier, symbol, coingecko, cryptocompare, forked, started, swapped_for) VALUES("eip155:1/erc20:0xdb25cA703181E7484a155DD612b06f57E12Be5F0", "yvYFI", "yfi-yvault", "", NULL, NULL, NULL);
UPDATE common_asset_details SET coingecko="lusd-yvault" where identifier="eip155:1/erc20:0x378cb52b00F9D0921cb46dFc099CFf73b42419dC";
INSERT INTO assets(identifier, name, type) VALUES("eip155:1/erc20:0x378cb52b00F9D0921cb46dFc099CFf73b42419dC", "LUSD yVault", "C"); INSERT INTO evm_tokens(identifier, token_kind, chain, address, decimals, protocol) VALUES("eip155:1/erc20:0x378cb52b00F9D0921cb46dFc099CFf73b42419dC", "A", 1, "0x378cb52b00F9D0921cb46dFc099CFf73b42419dC", 18, "yearn_vaults_v2"); INSERT INTO common_asset_details(identifier, symbol, coingecko, cryptocompare, forked, started, swapped_for) VALUES("eip155:1/erc20:0x378cb52b00F9D0921cb46dFc099CFf73b42419dC", "yvLUSD", "lusd-yvault", "", NULL, NULL, NULL);
UPDATE common_asset_details SET coingecko="convex-fxs" where identifier="eip155:1/erc20:0xFEEf77d3f69374f66429C91d732A244f074bdf74";
INSERT INTO assets(identifier, name, type) VALUES("eip155:1/erc20:0xFEEf77d3f69374f66429C91d732A244f074bdf74", "Convex FXS", "C"); INSERT INTO evm_tokens(identifier, token_kind, chain, address, decimals, protocol) VALUES("eip155:1/erc20:0xFEEf77d3f69374f66429C91d732A244f074bdf74", "A", 1, "0xFEEf77d3f69374f66429C91d732A244f074bdf74", 18, NULL); INSERT INTO common_asset_details(identifier, symbol, coingecko, cryptocompare, forked, started, swapped_for) VALUES("eip155:1/erc20:0xFEEf77d3f69374f66429C91d732A244f074bdf74", "cvxFXS", "convex-fxs", "", NULL, NULL, NULL);
UPDATE common_asset_details SET coingecko="impermax-2" where identifier="eip155:1/erc20:0x7b35Ce522CB72e4077BaeB96Cb923A5529764a00";
INSERT INTO assets(identifier, name, type) VALUES("eip155:1/erc20:0x7b35Ce522CB72e4077BaeB96Cb923A5529764a00", "Impermax", "C"); INSERT INTO evm_tokens(identifier, token_kind, chain, address, decimals, protocol) VALUES("eip155:1/erc20:0x7b35Ce522CB72e4077BaeB96Cb923A5529764a00", "A", 1, "0x7b35Ce522CB72e4077BaeB96Cb923A5529764a00", 18, NULL); INSERT INTO common_asset_details(identifier, symbol, coingecko, cryptocompare, forked, started, swapped_for) VALUES("eip155:1/erc20:0x7b35Ce522CB72e4077BaeB96Cb923A5529764a00", "IMX", "impermax-2", "", NULL, NULL, NULL);
UPDATE common_asset_details SET coingecko="impermax-2" where identifier="eip155:137/erc20:0x60bB3D364B765C497C8cE50AE0Ae3f0882c5bD05";
INSERT INTO assets(identifier, name, type) VALUES("eip155:137/erc20:0x60bB3D364B765C497C8cE50AE0Ae3f0882c5bD05", "Impermax", "C"); INSERT INTO evm_tokens(identifier, token_kind, chain, address, decimals, protocol) VALUES("eip155:137/erc20:0x60bB3D364B765C497C8cE50AE0Ae3f0882c5bD05", "A", 137, "0x60bB3D364B765C497C8cE50AE0Ae3f0882c5bD05", 18, NULL); INSERT INTO common_asset_details(identifier, symbol, coingecko, cryptocompare, forked, started, swapped_for) VALUES("eip155:137/erc20:0x60bB3D364B765C497C8cE50AE0Ae3f0882c5bD05", "IMX", "impermax-2", "", NULL, NULL, NULL);
INSERT INTO assets(identifier, name, type) VALUES("eip155:137/erc20:0xf972DACEd7C6b03223710C11413036D17eB298f6", "Impermax PoS", "C"); INSERT INTO evm_tokens(identifier, token_kind, chain, address, decimals, protocol) VALUES("eip155:137/erc20:0xf972DACEd7C6b03223710C11413036D17eB298f6", "A", 137, "0xf972DACEd7C6b03223710C11413036D17eB298f6", 18, NULL); INSERT INTO common_asset_details(identifier, symbol, coingecko, cryptocompare, forked, started, swapped_for) VALUES("eip155:137/erc20:0xf972DACEd7C6b03223710C11413036D17eB298f6", "IBEX", "impermax-2", "", NULL, NULL, NULL);
*
INSERT INTO assets(identifier, name, type) VALUES("eip155:1/erc20:0xF655C8567E0f213e6C634CD2A68d992152161dC6", "Impermax", "C"); INSERT INTO evm_tokens(identifier, token_kind, chain, address, decimals, protocol) VALUES("eip155:1/erc20:0xF655C8567E0f213e6C634CD2A68d992152161dC6", "A", 1, "0xF655C8567E0f213e6C634CD2A68d992152161dC6", 18, NULL); INSERT INTO common_asset_details(identifier, symbol, coingecko, cryptocompare, forked, started, swapped_for) VALUES("eip155:1/erc20:0xF655C8567E0f213e6C634CD2A68d992152161dC6", "IBEX", "impermax-2", "", NULL, 1663758959, NULL);
*
UPDATE common_asset_details SET coingecko="curve-fi-frax-usdc" where identifier="eip155:137/erc20:0x3175Df0976dFA876431C2E9eE6Bc45b65d3473CC";
INSERT INTO assets(identifier, name, type) VALUES("eip155:1/erc20:0x3175Df0976dFA876431C2E9eE6Bc45b65d3473CC", "Curve.fi FRAX/USDC", "C"); INSERT INTO evm_tokens(identifier, token_kind, chain, address, decimals, protocol) VALUES("eip155:1/erc20:0x3175Df0976dFA876431C2E9eE6Bc45b65d3473CC", "A", 1, "0x3175Df0976dFA876431C2E9eE6Bc45b65d3473CC", 18, NULL); INSERT INTO common_asset_details(identifier, symbol, coingecko, cryptocompare, forked, started, swapped_for) VALUES("eip155:1/erc20:0x3175Df0976dFA876431C2E9eE6Bc45b65d3473CC", "crvFRAX", "curve-fi-frax-usdc", "", NULL, 1654880493, NULL);
UPDATE common_asset_details SET coingecko="frax-ether" where identifier="eip155:137/erc20:0x5E8422345238F34275888049021821E8E08CAa1f";
INSERT INTO assets(identifier, name, type) VALUES("eip155:1/erc20:0x5E8422345238F34275888049021821E8E08CAa1f", "Frax Ether", "C"); INSERT INTO evm_tokens(identifier, token_kind, chain, address, decimals, protocol) VALUES("eip155:1/erc20:0x5E8422345238F34275888049021821E8E08CAa1f", "A", 1, "0x5E8422345238F34275888049021821E8E08CAa1f", 18, NULL); INSERT INTO common_asset_details(identifier, symbol, coingecko, cryptocompare, forked, started, swapped_for) VALUES("eip155:1/erc20:0x5E8422345238F34275888049021821E8E08CAa1f", "frxETH", "frax-ether", "", NULL, 1665022895, NULL);
UPDATE common_asset_details SET coingecko="frax-ether" where identifier="eip155:137/erc20:0x00000000008FD4F395Ec6F12920bae9Cb6C722e4";
INSERT INTO assets(identifier, name, type) VALUES("eip155:1/erc20:0x00000000008FD4F395Ec6F12920bae9Cb6C722e4", "Frax Ethereum", "C"); INSERT INTO evm_tokens(identifier, token_kind, chain, address, decimals, protocol) VALUES("eip155:1/erc20:0x00000000008FD4F395Ec6F12920bae9Cb6C722e4", "A", 1, "0x00000000008FD4F395Ec6F12920bae9Cb6C722e4", 18, NULL); INSERT INTO common_asset_details(identifier, symbol, coingecko, cryptocompare, forked, started, swapped_for) VALUES("eip155:1/erc20:0x00000000008FD4F395Ec6F12920bae9Cb6C722e4", "frxETH", "frax-ether", "", NULL, 1660360710, NULL);
UPDATE common_asset_details SET coingecko="wrapped-steth" where identifier="eip155:1/erc20:0x7f39C581F595B53c5cb19bD0b3f8dA6c935E2Ca0";
INSERT INTO assets(identifier, name, type) VALUES("eip155:1/erc20:0x7f39C581F595B53c5cb19bD0b3f8dA6c935E2Ca0", "Wrapped liquid staked Ether 2.0", "C"); INSERT INTO evm_tokens(identifier, token_kind, chain, address, decimals, protocol) VALUES("eip155:1/erc20:0x7f39C581F595B53c5cb19bD0b3f8dA6c935E2Ca0", "A", 1, "0x7f39C581F595B53c5cb19bD0b3f8dA6c935E2Ca0", 18, NULL); INSERT INTO common_asset_details(identifier, symbol, coingecko, cryptocompare, forked, started, swapped_for) VALUES("eip155:1/erc20:0x7f39C581F595B53c5cb19bD0b3f8dA6c935E2Ca0", "wstETH", "wrapped-steth", "WSTETH", NULL, NULL, NULL);
INSERT INTO assets(identifier, name, type) VALUES("eip155:42161/erc20:0x0C4681e6C0235179ec3D4F4fc4DF3d14FDD96017", "Radiant", "C"); INSERT INTO evm_tokens(identifier, token_kind, chain, address, decimals, protocol) VALUES("eip155:42161/erc20:0x0C4681e6C0235179ec3D4F4fc4DF3d14FDD96017", "A", 42161, "0x0C4681e6C0235179ec3D4F4fc4DF3d14FDD96017", 18, NULL); INSERT INTO common_asset_details(identifier, symbol, coingecko, cryptocompare, forked, started, swapped_for) VALUES("eip155:42161/erc20:0x0C4681e6C0235179ec3D4F4fc4DF3d14FDD96017", "RDNT", "radiant-capital", "RDNT", NULL, 1658688823, NULL);
*
UPDATE common_asset_details SET cryptocompare="THALES" where identifier="eip155:10/erc20:0x217D47011b23BB961eB6D93cA9945B7501a5BB11";
INSERT INTO assets(identifier, name, type) VALUES("eip155:10/erc20:0x217D47011b23BB961eB6D93cA9945B7501a5BB11", "Thales DAO Token", "C"); INSERT INTO evm_tokens(identifier, token_kind, chain, address, decimals, protocol) VALUES("eip155:10/erc20:0x217D47011b23BB961eB6D93cA9945B7501a5BB11", "A", 10, "0x217D47011b23BB961eB6D93cA9945B7501a5BB11", 18, NULL); INSERT INTO common_asset_details(identifier, symbol, coingecko, cryptocompare, forked, started, swapped_for) VALUES("eip155:10/erc20:0x217D47011b23BB961eB6D93cA9945B7501a5BB11", "THALES", "thales", "THALES", NULL, 1643046427, NULL);
UPDATE common_asset_details SET coingecko="zusd" where identifier="eip155:1/erc20:0xc56c2b7e71B54d38Aab6d52E94a04Cbfa8F604fA";
INSERT INTO assets(identifier, name, type) VALUES("eip155:1/erc20:0xc56c2b7e71B54d38Aab6d52E94a04Cbfa8F604fA", "Z.com USD", "C"); INSERT INTO evm_tokens(identifier, token_kind, chain, address, decimals, protocol) VALUES("eip155:1/erc20:0xc56c2b7e71B54d38Aab6d52E94a04Cbfa8F604fA", "A", 1, "0xc56c2b7e71B54d38Aab6d52E94a04Cbfa8F604fA", 6, NULL); INSERT INTO common_asset_details(identifier, symbol, coingecko, cryptocompare, forked, started, swapped_for) VALUES("eip155:1/erc20:0xc56c2b7e71B54d38Aab6d52E94a04Cbfa8F604fA", "ZUSD", "zusd", "ZUSD", NULL, NULL, NULL);
UPDATE common_asset_details SET cryptocompare="ZUSD" where identifier="eip155:1/erc20:0xc56c2b7e71B54d38Aab6d52E94a04Cbfa8F604fA";
INSERT INTO assets(identifier, name, type) VALUES("eip155:1/erc20:0xc56c2b7e71B54d38Aab6d52E94a04Cbfa8F604fA", "Z.com USD", "C"); INSERT INTO evm_tokens(identifier, token_kind, chain, address, decimals, protocol) VALUES("eip155:1/erc20:0xc56c2b7e71B54d38Aab6d52E94a04Cbfa8F604fA", "A", 1, "0xc56c2b7e71B54d38Aab6d52E94a04Cbfa8F604fA", 6, NULL); INSERT INTO common_asset_details(identifier, symbol, coingecko, cryptocompare, forked, started, swapped_for) VALUES("eip155:1/erc20:0xc56c2b7e71B54d38Aab6d52E94a04Cbfa8F604fA", "ZUSD", "zusd", "ZUSD", NULL, NULL, NULL);
UPDATE common_asset_details SET coingecko="euroe-stablecoin" where identifier="eip155:1/erc20:0x820802Fa8a99901F52e39acD21177b0BE6EE2974";
INSERT INTO assets(identifier, name, type) VALUES("eip155:1/erc20:0x820802Fa8a99901F52e39acD21177b0BE6EE2974", "EUROe Stablecoin", "C"); INSERT INTO evm_tokens(identifier, token_kind, chain, address, decimals, protocol) VALUES("eip155:1/erc20:0x820802Fa8a99901F52e39acD21177b0BE6EE2974", "A", 1, "0x820802Fa8a99901F52e39acD21177b0BE6EE2974", 6, NULL); INSERT INTO common_asset_details(identifier, symbol, coingecko, cryptocompare, forked, started, swapped_for) VALUES("eip155:1/erc20:0x820802Fa8a99901F52e39acD21177b0BE6EE2974", "EUROe", "euroe-stablecoin", "EUROE", NULL, 1674031811, NULL);
UPDATE common_asset_details SET coingecko="usdt-yvault" where identifier="eip155:1/erc20:0x3B27F92C0e212C671EA351827EDF93DB27cc0c65";
INSERT INTO assets(identifier, name, type) VALUES("eip155:1/erc20:0x3B27F92C0e212C671EA351827EDF93DB27cc0c65", "USDT yVault", "C"); INSERT INTO evm_tokens(identifier, token_kind, chain, address, decimals, protocol) VALUES("eip155:1/erc20:0x3B27F92C0e212C671EA351827EDF93DB27cc0c65", "A", 1, "0x3B27F92C0e212C671EA351827EDF93DB27cc0c65", 6, NULL); INSERT INTO common_asset_details(identifier, symbol, coingecko, cryptocompare, forked, started, swapped_for) VALUES("eip155:1/erc20:0x3B27F92C0e212C671EA351827EDF93DB27cc0c65", "yvUSDT", "usdt-yvault", "", NULL, NULL, NULL);
UPDATE common_asset_details SET coingecko="yearn-crv" where identifier="eip155:1/erc20:0x4c1317326fD8EFDeBdBE5e1cd052010D97723bd6";
INSERT INTO assets(identifier, name, type) VALUES("eip155:1/erc20:0x4c1317326fD8EFDeBdBE5e1cd052010D97723bd6", "Yearn CRV", "C"); INSERT INTO evm_tokens(identifier, token_kind, chain, address, decimals, protocol) VALUES("eip155:1/erc20:0x4c1317326fD8EFDeBdBE5e1cd052010D97723bd6", "A", 1, "0x4c1317326fD8EFDeBdBE5e1cd052010D97723bd6", 18, "yearn_vaults_v2"); INSERT INTO common_asset_details(identifier, symbol, coingecko, cryptocompare, forked, started, swapped_for) VALUES("eip155:1/erc20:0x4c1317326fD8EFDeBdBE5e1cd052010D97723bd6", "yCRV", "yearn-crv", "", NULL, NULL, NULL);
UPDATE common_asset_details SET coingecko="frax-ether" where identifier="eip155:1/erc20:0x0000000000Da9E0e8C2a40510F991ceF596Ab682";
INSERT INTO assets(identifier, name, type) VALUES("eip155:1/erc20:0x0000000000Da9E0e8C2a40510F991ceF596Ab682", "Frax Ether", "C"); INSERT INTO evm_tokens(identifier, token_kind, chain, address, decimals, protocol) VALUES("eip155:1/erc20:0x0000000000Da9E0e8C2a40510F991ceF596Ab682", "A", 1, "0x0000000000Da9E0e8C2a40510F991ceF596Ab682", 18, NULL); INSERT INTO common_asset_details(identifier, symbol, coingecko, cryptocompare, forked, started, swapped_for) VALUES("eip155:1/erc20:0x0000000000Da9E0e8C2a40510F991ceF596Ab682", "frxETH", "frax-ether", "", NULL, 1662610616, NULL);
UPDATE common_asset_details SET coingecko="frax-ether" where identifier="eip155:1/erc20:0x00000000008FD4F395Ec6F12920bae9Cb6C722e4";
INSERT INTO assets(identifier, name, type) VALUES("eip155:1/erc20:0x00000000008FD4F395Ec6F12920bae9Cb6C722e4", "Frax Ethereum", "C"); INSERT INTO evm_tokens(identifier, token_kind, chain, address, decimals, protocol) VALUES("eip155:1/erc20:0x00000000008FD4F395Ec6F12920bae9Cb6C722e4", "A", 1, "0x00000000008FD4F395Ec6F12920bae9Cb6C722e4", 18, NULL); INSERT INTO common_asset_details(identifier, symbol, coingecko, cryptocompare, forked, started, swapped_for) VALUES("eip155:1/erc20:0x00000000008FD4F395Ec6F12920bae9Cb6C722e4", "frxETH", "frax-ether", "", NULL, 1660360710, NULL);
UPDATE common_asset_details SET coingecko="comp-yvault" where identifier="eip155:1/erc20:0x5B707472eeF1553646740a7e5BEcFD41B9B4Ef4C";
INSERT INTO assets(identifier, name, type) VALUES("eip155:1/erc20:0x5B707472eeF1553646740a7e5BEcFD41B9B4Ef4C", "COMP yVault", "C"); INSERT INTO evm_tokens(identifier, token_kind, chain, address, decimals, protocol) VALUES("eip155:1/erc20:0x5B707472eeF1553646740a7e5BEcFD41B9B4Ef4C", "A", 1, "0x5B707472eeF1553646740a7e5BEcFD41B9B4Ef4C", 18, NULL); INSERT INTO common_asset_details(identifier, symbol, coingecko, cryptocompare, forked, started, swapped_for) VALUES("eip155:1/erc20:0x5B707472eeF1553646740a7e5BEcFD41B9B4Ef4C", "yvCOMP", "comp-yvault", "", NULL, NULL, NULL);
UPDATE common_asset_details SET coingecko="usdc-yvault" where identifier="eip155:1/erc20:0x5f18C75AbDAe578b483E5F43f12a39cF75b973a9";
INSERT INTO assets(identifier, name, type) VALUES("eip155:1/erc20:0x5f18C75AbDAe578b483E5F43f12a39cF75b973a9", "USDC yVault", "C"); INSERT INTO evm_tokens(identifier, token_kind, chain, address, decimals, protocol) VALUES("eip155:1/erc20:0x5f18C75AbDAe578b483E5F43f12a39cF75b973a9", "A", 1, "0x5f18C75AbDAe578b483E5F43f12a39cF75b973a9", 6, NULL); INSERT INTO common_asset_details(identifier, symbol, coingecko, cryptocompare, forked, started, swapped_for) VALUES("eip155:1/erc20:0x5f18C75AbDAe578b483E5F43f12a39cF75b973a9", "yvUSDC", "usdc-yvault", "", NULL, 1610909579, NULL);
UPDATE common_asset_details SET coingecko="curve-fi-usdc-usdt" where identifier="eip155:1/erc20:0x1005F7406f32a61BD760CfA14aCCd2737913d546";
INSERT INTO assets(identifier, name, type) VALUES("eip155:1/erc20:0x1005F7406f32a61BD760CfA14aCCd2737913d546", "Curve.fi 2Pool USDC/USDT", "C"); INSERT INTO evm_tokens(identifier, token_kind, chain, address, decimals, protocol) VALUES("eip155:1/erc20:0x1005F7406f32a61BD760CfA14aCCd2737913d546", "A", 1, "0x1005F7406f32a61BD760CfA14aCCd2737913d546", 18, NULL); INSERT INTO common_asset_details(identifier, symbol, coingecko, cryptocompare, forked, started, swapped_for) VALUES("eip155:1/erc20:0x1005F7406f32a61BD760CfA14aCCd2737913d546", "2CRV", "curve-fi-usdc-usdt", "", NULL, 1650581830, NULL);
UPDATE common_asset_details SET coingecko="curve-fi-frax-usdc" where identifier="eip155:1/erc20:0x3175Df0976dFA876431C2E9eE6Bc45b65d3473CC";
INSERT INTO assets(identifier, name, type) VALUES("eip155:1/erc20:0x3175Df0976dFA876431C2E9eE6Bc45b65d3473CC", "Curve.fi FRAX/USDC", "C"); INSERT INTO evm_tokens(identifier, token_kind, chain, address, decimals, protocol) VALUES("eip155:1/erc20:0x3175Df0976dFA876431C2E9eE6Bc45b65d3473CC", "A", 1, "0x3175Df0976dFA876431C2E9eE6Bc45b65d3473CC", 18, NULL); INSERT INTO common_asset_details(identifier, symbol, coingecko, cryptocompare, forked, started, swapped_for) VALUES("eip155:1/erc20:0x3175Df0976dFA876431C2E9eE6Bc45b65d3473CC", "crvFRAX", "curve-fi-frax-usdc", "", NULL, 1654880493, NULL);
UPDATE common_asset_details SET coingecko="t-bitcoin" where identifier="eip155:1/erc20:0x18084fbA666a33d37592fA2633fD49a74DD93a88";
INSERT INTO assets(identifier, name, type) VALUES("eip155:1/erc20:0x18084fbA666a33d37592fA2633fD49a74DD93a88", "tBTC v2", "C"); INSERT INTO evm_tokens(identifier, token_kind, chain, address, decimals, protocol) VALUES("eip155:1/erc20:0x18084fbA666a33d37592fA2633fD49a74DD93a88", "A", 1, "0x18084fbA666a33d37592fA2633fD49a74DD93a88", 18, NULL); INSERT INTO common_asset_details(identifier, symbol, coingecko, cryptocompare, forked, started, swapped_for) VALUES("eip155:1/erc20:0x18084fbA666a33d37592fA2633fD49a74DD93a88", "tBTC", "t-bitcoin", "", NULL, NULL, NULL);
UPDATE common_asset_details SET coingecko="matic-aave-dai" where identifier="eip155:1/erc20:0xA5269A8e31B93Ff27B887B56720A25F844db0529";
INSERT INTO assets(identifier, name, type) VALUES("eip155:1/erc20:0xA5269A8e31B93Ff27B887B56720A25F844db0529", "Morpho-Aave USD Coin Supply Vault", "C"); INSERT INTO evm_tokens(identifier, token_kind, chain, address, decimals, protocol) VALUES("eip155:1/erc20:0xA5269A8e31B93Ff27B887B56720A25F844db0529", "A", 1, "0xA5269A8e31B93Ff27B887B56720A25F844db0529", 18, NULL); INSERT INTO common_asset_details(identifier, symbol, coingecko, cryptocompare, forked, started, swapped_for) VALUES("eip155:1/erc20:0xA5269A8e31B93Ff27B887B56720A25F844db0529", "maUSDC", "matic-aave-dai", "", NULL, NULL, NULL);
UPDATE common_asset_details SET coingecko="pitch-fxs" where identifier="eip155:1/erc20:0x11EBe21e9d7BF541A18e1E3aC94939018Ce88F0b";
INSERT INTO assets(identifier, name, type) VALUES("eip155:1/erc20:0x11EBe21e9d7BF541A18e1E3aC94939018Ce88F0b", "Pitch FXS", "C"); INSERT INTO evm_tokens(identifier, token_kind, chain, address, decimals, protocol) VALUES("eip155:1/erc20:0x11EBe21e9d7BF541A18e1E3aC94939018Ce88F0b", "A", 1, "0x11EBe21e9d7BF541A18e1E3aC94939018Ce88F0b", 18, NULL); INSERT INTO common_asset_details(identifier, symbol, coingecko, cryptocompare, forked, started, swapped_for) VALUES("eip155:1/erc20:0x11EBe21e9d7BF541A18e1E3aC94939018Ce88F0b", "pitchFXS", "pitch-fxs", "", NULL, NULL, NULL);
UPDATE common_asset_details SET coingecko="lvusd" where identifier="eip155:1/erc20:0x94A18d9FE00bab617fAD8B49b11e9F1f64Db6b36";
INSERT INTO assets(identifier, name, type) VALUES("eip155:1/erc20:0x94A18d9FE00bab617fAD8B49b11e9F1f64Db6b36", "lvUSD", "C"); INSERT INTO evm_tokens(identifier, token_kind, chain, address, decimals, protocol) VALUES("eip155:1/erc20:0x94A18d9FE00bab617fAD8B49b11e9F1f64Db6b36", "A", 1, "0x94A18d9FE00bab617fAD8B49b11e9F1f64Db6b36", 18, NULL); INSERT INTO common_asset_details(identifier, symbol, coingecko, cryptocompare, forked, started, swapped_for) VALUES("eip155:1/erc20:0x94A18d9FE00bab617fAD8B49b11e9F1f64Db6b36", "lvUSD", "lvusd", "", NULL, 1675382255, NULL);
UPDATE common_asset_details SET coingecko="celo-dollar" where identifier="eip155:1/erc20:0xC22956c3CFeC3Ee9A9925abeE044F05Bc47f6632";
INSERT INTO assets(identifier, name, type) VALUES("eip155:1/erc20:0xC22956c3CFeC3Ee9A9925abeE044F05Bc47f6632", "Celo Dollar Wormhole", "C"); INSERT INTO evm_tokens(identifier, token_kind, chain, address, decimals, protocol) VALUES("eip155:1/erc20:0xC22956c3CFeC3Ee9A9925abeE044F05Bc47f6632", "A", 1, "0xC22956c3CFeC3Ee9A9925abeE044F05Bc47f6632", 18, NULL); INSERT INTO common_asset_details(identifier, symbol, coingecko, cryptocompare, forked, started, swapped_for) VALUES("eip155:1/erc20:0xC22956c3CFeC3Ee9A9925abeE044F05Bc47f6632", "cUSD", "celo-dollar", "", NULL, NULL, NULL);
UPDATE common_asset_details SET coingecko="clever-cvx" where identifier="eip155:1/erc20:0xf05e58fCeA29ab4dA01A495140B349F8410Ba904";
INSERT INTO assets(identifier, name, type) VALUES("eip155:1/erc20:0xf05e58fCeA29ab4dA01A495140B349F8410Ba904", "CLever CVX", "C"); INSERT INTO evm_tokens(identifier, token_kind, chain, address, decimals, protocol) VALUES("eip155:1/erc20:0xf05e58fCeA29ab4dA01A495140B349F8410Ba904", "A", 1, "0xf05e58fCeA29ab4dA01A495140B349F8410Ba904", 18, NULL); INSERT INTO common_asset_details(identifier, symbol, coingecko, cryptocompare, forked, started, swapped_for) VALUES("eip155:1/erc20:0xf05e58fCeA29ab4dA01A495140B349F8410Ba904", "clevCVX", "clever-cvx", "", NULL, 1650535428, NULL);
UPDATE common_asset_details SET coingecko="fixed-income-asset-token" where identifier="eip155:1/erc20:0x586Aa273F262909EEF8fA02d90Ab65F5015e0516";
INSERT INTO assets(identifier, name, type) VALUES("eip155:1/erc20:0x586Aa273F262909EEF8fA02d90Ab65F5015e0516", "Fixed Income Asset Token", "C"); INSERT INTO evm_tokens(identifier, token_kind, chain, address, decimals, protocol) VALUES("eip155:1/erc20:0x586Aa273F262909EEF8fA02d90Ab65F5015e0516", "A", 1, "0x586Aa273F262909EEF8fA02d90Ab65F5015e0516", 18, NULL); INSERT INTO common_asset_details(identifier, symbol, coingecko, cryptocompare, forked, started, swapped_for) VALUES("eip155:1/erc20:0x586Aa273F262909EEF8fA02d90Ab65F5015e0516", "FIAT", "fixed-income-asset-token", "", NULL, 1649548526, NULL);
UPDATE common_asset_details SET coingecko="ptokens-btc-2" where identifier="eip155:1/erc20:0x62199B909FB8B8cf870f97BEf2cE6783493c4908";
INSERT INTO assets(identifier, name, type) VALUES("eip155:1/erc20:0x62199B909FB8B8cf870f97BEf2cE6783493c4908", "pTokens BTC", "C"); INSERT INTO evm_tokens(identifier, token_kind, chain, address, decimals, protocol) VALUES("eip155:1/erc20:0x62199B909FB8B8cf870f97BEf2cE6783493c4908", "A", 1, "0x62199B909FB8B8cf870f97BEf2cE6783493c4908", 18, NULL); INSERT INTO common_asset_details(identifier, symbol, coingecko, cryptocompare, forked, started, swapped_for) VALUES("eip155:1/erc20:0x62199B909FB8B8cf870f97BEf2cE6783493c4908", "pBTC", "ptokens-btc-2", "", NULL, NULL, NULL);
UPDATE common_asset_details SET coingecko="apwine" where identifier="eip155:1/erc20:0x4104b135DBC9609Fc1A9490E61369036497660c8";
INSERT INTO assets(identifier, name, type) VALUES("eip155:1/erc20:0x4104b135DBC9609Fc1A9490E61369036497660c8", "APWine Token", "C"); INSERT INTO evm_tokens(identifier, token_kind, chain, address, decimals, protocol) VALUES("eip155:1/erc20:0x4104b135DBC9609Fc1A9490E61369036497660c8", "A", 1, "0x4104b135DBC9609Fc1A9490E61369036497660c8", 18, NULL); INSERT INTO common_asset_details(identifier, symbol, coingecko, cryptocompare, forked, started, swapped_for) VALUES("eip155:1/erc20:0x4104b135DBC9609Fc1A9490E61369036497660c8", "APW", "apwine", "", NULL, NULL, NULL);
UPDATE common_asset_details SET coingecko="baousd" where identifier="eip155:1/erc20:0x7945b0A6674b175695e5d1D08aE1e6F13744Abb0";
INSERT INTO assets(identifier, name, type) VALUES("eip155:1/erc20:0x7945b0A6674b175695e5d1D08aE1e6F13744Abb0", "BaoUSD", "C"); INSERT INTO evm_tokens(identifier, token_kind, chain, address, decimals, protocol) VALUES("eip155:1/erc20:0x7945b0A6674b175695e5d1D08aE1e6F13744Abb0", "A", 1, "0x7945b0A6674b175695e5d1D08aE1e6F13744Abb0", 18, NULL); INSERT INTO common_asset_details(identifier, symbol, coingecko, cryptocompare, forked, started, swapped_for) VALUES("eip155:1/erc20:0x7945b0A6674b175695e5d1D08aE1e6F13744Abb0", "BaoUSD", "baousd", "", NULL, 1643874358, NULL);
UPDATE common_asset_details SET coingecko="rusd" where identifier="eip155:1/erc20:0xCF178A685471927E977a0EA8Ee555C11B2Aa6b7b";
INSERT INTO assets(identifier, name, type) VALUES("eip155:1/erc20:0xCF178A685471927E977a0EA8Ee555C11B2Aa6b7b", "rUSD", "C"); INSERT INTO evm_tokens(identifier, token_kind, chain, address, decimals, protocol) VALUES("eip155:1/erc20:0xCF178A685471927E977a0EA8Ee555C11B2Aa6b7b", "A", 1, "0xCF178A685471927E977a0EA8Ee555C11B2Aa6b7b", 18, NULL); INSERT INTO common_asset_details(identifier, symbol, coingecko, cryptocompare, forked, started, swapped_for) VALUES("eip155:1/erc20:0xCF178A685471927E977a0EA8Ee555C11B2Aa6b7b", "rUSD", "rusd", "", NULL, 1617727422, NULL);
UPDATE common_asset_details SET coingecko="venus-btc" where identifier="eip155:1/erc20:0xe1406825186D63980fd6e2eC61888f7B91C4bAe4";
INSERT INTO assets(identifier, name, type) VALUES("eip155:1/erc20:0xe1406825186D63980fd6e2eC61888f7B91C4bAe4", "Strudel BTC", "C"); INSERT INTO evm_tokens(identifier, token_kind, chain, address, decimals, protocol) VALUES("eip155:1/erc20:0xe1406825186D63980fd6e2eC61888f7B91C4bAe4", "A", 1, "0xe1406825186D63980fd6e2eC61888f7B91C4bAe4", 18, NULL); INSERT INTO common_asset_details(identifier, symbol, coingecko, cryptocompare, forked, started, swapped_for) VALUES("eip155:1/erc20:0xe1406825186D63980fd6e2eC61888f7B91C4bAe4", "VBTC", "venus-btc", "", NULL, NULL, NULL);
UPDATE common_asset_details SET coingecko="kolibri-usd" where identifier="eip155:1/erc20:0xEF779cf3D260dBE6177b30ff08b10Db591a6Dd9C";
INSERT INTO assets(identifier, name, type) VALUES("eip155:1/erc20:0xEF779cf3D260dBE6177b30ff08b10Db591a6Dd9C", "kUSD", "C"); INSERT INTO evm_tokens(identifier, token_kind, chain, address, decimals, protocol) VALUES("eip155:1/erc20:0xEF779cf3D260dBE6177b30ff08b10Db591a6Dd9C", "A", 1, "0xEF779cf3D260dBE6177b30ff08b10Db591a6Dd9C", 18, NULL); INSERT INTO common_asset_details(identifier, symbol, coingecko, cryptocompare, forked, started, swapped_for) VALUES("eip155:1/erc20:0xEF779cf3D260dBE6177b30ff08b10Db591a6Dd9C", "kUSD", "kolibri-usd", "", NULL, 1632388317, NULL);
UPDATE common_asset_details SET coingecko="usd-mars" where identifier="eip155:1/erc20:0x31d4Eb09a216e181eC8a43ce79226A487D6F0BA9";
INSERT INTO assets(identifier, name, type) VALUES("eip155:1/erc20:0x31d4Eb09a216e181eC8a43ce79226A487D6F0BA9", "USDM", "C"); INSERT INTO evm_tokens(identifier, token_kind, chain, address, decimals, protocol) VALUES("eip155:1/erc20:0x31d4Eb09a216e181eC8a43ce79226A487D6F0BA9", "A", 1, "0x31d4Eb09a216e181eC8a43ce79226A487D6F0BA9", 18, NULL); INSERT INTO common_asset_details(identifier, symbol, coingecko, cryptocompare, forked, started, swapped_for) VALUES("eip155:1/erc20:0x31d4Eb09a216e181eC8a43ce79226A487D6F0BA9", "USDM", "usd-mars", "", NULL, NULL, NULL);
UPDATE common_asset_details SET coingecko="frax-ether" where identifier="eip155:1/erc20:0x5E8422345238F34275888049021821E8E08CAa1f";
INSERT INTO assets(identifier, name, type) VALUES("eip155:1/erc20:0x5E8422345238F34275888049021821E8E08CAa1f", "Frax Ether", "C"); INSERT INTO evm_tokens(identifier, token_kind, chain, address, decimals, protocol) VALUES("eip155:1/erc20:0x5E8422345238F34275888049021821E8E08CAa1f", "A", 1, "0x5E8422345238F34275888049021821E8E08CAa1f", 18, NULL); INSERT INTO common_asset_details(identifier, symbol, coingecko, cryptocompare, forked, started, swapped_for) VALUES("eip155:1/erc20:0x5E8422345238F34275888049021821E8E08CAa1f", "frxETH", "frax-ether", "", NULL, 1665022895, NULL);
UPDATE common_asset_details SET coingecko="jarvis-synthetic-british-pound" where identifier="eip155:1/erc20:0x7409856CAE628f5d578B285B45669b36E7005283";
INSERT INTO assets(identifier, name, type) VALUES("eip155:1/erc20:0x7409856CAE628f5d578B285B45669b36E7005283", "Jarvis Synthetic British Pound", "C"); INSERT INTO evm_tokens(identifier, token_kind, chain, address, decimals, protocol) VALUES("eip155:1/erc20:0x7409856CAE628f5d578B285B45669b36E7005283", "A", 1, "0x7409856CAE628f5d578B285B45669b36E7005283", 18, NULL); INSERT INTO common_asset_details(identifier, symbol, coingecko, cryptocompare, forked, started, swapped_for) VALUES("eip155:1/erc20:0x7409856CAE628f5d578B285B45669b36E7005283", "jGBP", "jarvis-synthetic-british-pound", "", NULL, NULL, NULL);
UPDATE common_asset_details SET coingecko="nusd-hotbit" where identifier="eip155:1/erc20:0x1BEf2e5DE862034Fb0ed456DF59d29Ecadc9934C";
INSERT INTO assets(identifier, name, type) VALUES("eip155:1/erc20:0x1BEf2e5DE862034Fb0ed456DF59d29Ecadc9934C", "NAOS USD", "C"); INSERT INTO evm_tokens(identifier, token_kind, chain, address, decimals, protocol) VALUES("eip155:1/erc20:0x1BEf2e5DE862034Fb0ed456DF59d29Ecadc9934C", "A", 1, "0x1BEf2e5DE862034Fb0ed456DF59d29Ecadc9934C", 18, NULL); INSERT INTO common_asset_details(identifier, symbol, coingecko, cryptocompare, forked, started, swapped_for) VALUES("eip155:1/erc20:0x1BEf2e5DE862034Fb0ed456DF59d29Ecadc9934C", "nUSD", "nusd-hotbit", "", NULL, 1624338435, NULL);
UPDATE common_asset_details SET coingecko="par-stablecoin" where identifier="eip155:1/erc20:0x68037790A0229e9Ce6EaA8A99ea92964106C4703";
INSERT INTO assets(identifier, name, type) VALUES("eip155:1/erc20:0x68037790A0229e9Ce6EaA8A99ea92964106C4703", "PAR Stablecoin", "C"); INSERT INTO evm_tokens(identifier, token_kind, chain, address, decimals, protocol) VALUES("eip155:1/erc20:0x68037790A0229e9Ce6EaA8A99ea92964106C4703", "A", 1, "0x68037790A0229e9Ce6EaA8A99ea92964106C4703", 18, NULL); INSERT INTO common_asset_details(identifier, symbol, coingecko, cryptocompare, forked, started, swapped_for) VALUES("eip155:1/erc20:0x68037790A0229e9Ce6EaA8A99ea92964106C4703", "PAR", "par-stablecoin", "", NULL, NULL, NULL);
UPDATE common_asset_details SET coingecko="dola-usd", cryptocompare="DOLA" where identifier="eip155:1/erc20:0x865377367054516e17014CcdED1e7d814EDC9ce4";
INSERT INTO assets(identifier, name, type) VALUES("eip155:1/erc20:0x865377367054516e17014CcdED1e7d814EDC9ce4", "Dola USD Stablecoin", "C"); INSERT INTO evm_tokens(identifier, token_kind, chain, address, decimals, protocol) VALUES("eip155:1/erc20:0x865377367054516e17014CcdED1e7d814EDC9ce4", "A", 1, "0x865377367054516e17014CcdED1e7d814EDC9ce4", 18, NULL); INSERT INTO common_asset_details(identifier, symbol, coingecko, cryptocompare, forked, started, swapped_for) VALUES("eip155:1/erc20:0x865377367054516e17014CcdED1e7d814EDC9ce4", "DOLA", "dola-usd", "DOLA", NULL, NULL, NULL);
UPDATE common_asset_details SET coingecko="btc-proxy" where identifier="eip155:1/erc20:0x9C32185b81766a051E08dE671207b34466DD1021";
INSERT INTO assets(identifier, name, type) VALUES("eip155:1/erc20:0x9C32185b81766a051E08dE671207b34466DD1021", "BTC Proxy", "C"); INSERT INTO evm_tokens(identifier, token_kind, chain, address, decimals, protocol) VALUES("eip155:1/erc20:0x9C32185b81766a051E08dE671207b34466DD1021", "A", 1, "0x9C32185b81766a051E08dE671207b34466DD1021", 8, NULL); INSERT INTO common_asset_details(identifier, symbol, coingecko, cryptocompare, forked, started, swapped_for) VALUES("eip155:1/erc20:0x9C32185b81766a051E08dE671207b34466DD1021", "BTCpx", "btc-proxy", "", NULL, NULL, NULL);
UPDATE common_asset_details SET coingecko="dei-token" where identifier="eip155:1/erc20:0xDE12c7959E1a72bbe8a5f7A1dc8f8EeF9Ab011B3";
INSERT INTO assets(identifier, name, type) VALUES("eip155:1/erc20:0xDE12c7959E1a72bbe8a5f7A1dc8f8EeF9Ab011B3", "DEI", "C"); INSERT INTO evm_tokens(identifier, token_kind, chain, address, decimals, protocol) VALUES("eip155:1/erc20:0xDE12c7959E1a72bbe8a5f7A1dc8f8EeF9Ab011B3", "A", 1, "0xDE12c7959E1a72bbe8a5f7A1dc8f8EeF9Ab011B3", 18, NULL); INSERT INTO common_asset_details(identifier, symbol, coingecko, cryptocompare, forked, started, swapped_for) VALUES("eip155:1/erc20:0xDE12c7959E1a72bbe8a5f7A1dc8f8EeF9Ab011B3", "DEI", "dei-token", "", NULL, 1633086090, NULL);
UPDATE common_asset_details SET coingecko="zarp-stablecoin" where identifier="eip155:1/erc20:0x8CB24ed2e4f7e2065f4eB2bE5f6B0064B1919850";
INSERT INTO assets(identifier, name, type) VALUES("eip155:1/erc20:0x8CB24ed2e4f7e2065f4eB2bE5f6B0064B1919850", "ZARP Stablecoin", "C"); INSERT INTO evm_tokens(identifier, token_kind, chain, address, decimals, protocol) VALUES("eip155:1/erc20:0x8CB24ed2e4f7e2065f4eB2bE5f6B0064B1919850", "A", 1, "0x8CB24ed2e4f7e2065f4eB2bE5f6B0064B1919850", 18, NULL); INSERT INTO common_asset_details(identifier, symbol, coingecko, cryptocompare, forked, started, swapped_for) VALUES("eip155:1/erc20:0x8CB24ed2e4f7e2065f4eB2bE5f6B0064B1919850", "ZARP", "zarp-stablecoin", "", NULL, NULL, NULL);
UPDATE common_asset_details SET coingecko="apeusd" where identifier="eip155:1/erc20:0xfF709449528B6fB6b88f557F7d93dEce33bca78D";
INSERT INTO assets(identifier, name, type) VALUES("eip155:1/erc20:0xfF709449528B6fB6b88f557F7d93dEce33bca78D", "ApeUSD", "C"); INSERT INTO evm_tokens(identifier, token_kind, chain, address, decimals, protocol) VALUES("eip155:1/erc20:0xfF709449528B6fB6b88f557F7d93dEce33bca78D", "A", 1, "0xfF709449528B6fB6b88f557F7d93dEce33bca78D", 18, NULL); INSERT INTO common_asset_details(identifier, symbol, coingecko, cryptocompare, forked, started, swapped_for) VALUES("eip155:1/erc20:0xfF709449528B6fB6b88f557F7d93dEce33bca78D", "ApeUSD", "apeusd", "", NULL, NULL, NULL);
UPDATE common_asset_details SET coingecko="lvusd" where identifier="eip155:1/erc20:0x99899399C097a55afb6b48f797Dc5AcfA7d343B1";
INSERT INTO assets(identifier, name, type) VALUES("eip155:1/erc20:0x99899399C097a55afb6b48f797Dc5AcfA7d343B1", "Archimedes lvUSD", "C"); INSERT INTO evm_tokens(identifier, token_kind, chain, address, decimals, protocol) VALUES("eip155:1/erc20:0x99899399C097a55afb6b48f797Dc5AcfA7d343B1", "A", 1, "0x99899399C097a55afb6b48f797Dc5AcfA7d343B1", 18, NULL); INSERT INTO common_asset_details(identifier, symbol, coingecko, cryptocompare, forked, started, swapped_for) VALUES("eip155:1/erc20:0x99899399C097a55afb6b48f797Dc5AcfA7d343B1", "lvUSD", "lvusd", "", NULL, 1656092359, NULL);
UPDATE common_asset_details SET coingecko="mimatic", cryptocompare="MIMATIC" where identifier="eip155:1/erc20:0x8D6CeBD76f18E1558D4DB88138e2DeFB3909fAD6";
INSERT INTO assets(identifier, name, type) VALUES("eip155:1/erc20:0x8D6CeBD76f18E1558D4DB88138e2DeFB3909fAD6", "Mai Stablecoin", "C"); INSERT INTO evm_tokens(identifier, token_kind, chain, address, decimals, protocol) VALUES("eip155:1/erc20:0x8D6CeBD76f18E1558D4DB88138e2DeFB3909fAD6", "A", 1, "0x8D6CeBD76f18E1558D4DB88138e2DeFB3909fAD6", 18, NULL); INSERT INTO common_asset_details(identifier, symbol, coingecko, cryptocompare, forked, started, swapped_for) VALUES("eip155:1/erc20:0x8D6CeBD76f18E1558D4DB88138e2DeFB3909fAD6", "MAI", "mimatic", "MIMATIC", NULL, NULL, NULL);
UPDATE common_asset_details SET coingecko="handleusd" where identifier="eip155:1/erc20:0x8616E8EA83f048ab9A5eC513c9412Dd2993bcE3F";
INSERT INTO assets(identifier, name, type) VALUES("eip155:1/erc20:0x8616E8EA83f048ab9A5eC513c9412Dd2993bcE3F", "handleUSD", "C"); INSERT INTO evm_tokens(identifier, token_kind, chain, address, decimals, protocol) VALUES("eip155:1/erc20:0x8616E8EA83f048ab9A5eC513c9412Dd2993bcE3F", "A", 1, "0x8616E8EA83f048ab9A5eC513c9412Dd2993bcE3F", 18, NULL); INSERT INTO common_asset_details(identifier, symbol, coingecko, cryptocompare, forked, started, swapped_for) VALUES("eip155:1/erc20:0x8616E8EA83f048ab9A5eC513c9412Dd2993bcE3F", "fxUSD", "handleusd", "", NULL, NULL, NULL);
UPDATE common_asset_details SET coingecko="xai", cryptocompare="XAI" where identifier="eip155:1/erc20:0xd7C9F0e536dC865Ae858b0C0453Fe76D13c3bEAc";
INSERT INTO assets(identifier, name, type) VALUES("eip155:1/erc20:0xd7C9F0e536dC865Ae858b0C0453Fe76D13c3bEAc", "XAI Stablecoin", "C"); INSERT INTO evm_tokens(identifier, token_kind, chain, address, decimals, protocol) VALUES("eip155:1/erc20:0xd7C9F0e536dC865Ae858b0C0453Fe76D13c3bEAc", "A", 1, "0xd7C9F0e536dC865Ae858b0C0453Fe76D13c3bEAc", 18, NULL); INSERT INTO common_asset_details(identifier, symbol, coingecko, cryptocompare, forked, started, swapped_for) VALUES("eip155:1/erc20:0xd7C9F0e536dC865Ae858b0C0453Fe76D13c3bEAc", "XAI", "xai", "XAI", NULL, NULL, NULL);
UPDATE common_asset_details SET coingecko="matic-aave-dai" where identifier="eip155:1/erc20:0x36F8d0D0573ae92326827C4a82Fe4CE4C244cAb6";
INSERT INTO assets(identifier, name, type) VALUES("eip155:1/erc20:0x36F8d0D0573ae92326827C4a82Fe4CE4C244cAb6", "Morpho-Aave Dai Stablecoin Supply Vault", "C"); INSERT INTO evm_tokens(identifier, token_kind, chain, address, decimals, protocol) VALUES("eip155:1/erc20:0x36F8d0D0573ae92326827C4a82Fe4CE4C244cAb6", "A", 1, "0x36F8d0D0573ae92326827C4a82Fe4CE4C244cAb6", 18, NULL); INSERT INTO common_asset_details(identifier, symbol, coingecko, cryptocompare, forked, started, swapped_for) VALUES("eip155:1/erc20:0x36F8d0D0573ae92326827C4a82Fe4CE4C244cAb6", "maDAI", "matic-aave-dai", "", NULL, NULL, NULL);
UPDATE common_asset_details SET coingecko="usk" where identifier="eip155:1/erc20:0x1B3C515F58857E141A966b33182f2F3feECC10E9";
INSERT INTO assets(identifier, name, type) VALUES("eip155:1/erc20:0x1B3C515F58857E141A966b33182f2F3feECC10E9", "Usk", "C"); INSERT INTO evm_tokens(identifier, token_kind, chain, address, decimals, protocol) VALUES("eip155:1/erc20:0x1B3C515F58857E141A966b33182f2F3feECC10E9", "A", 1, "0x1B3C515F58857E141A966b33182f2F3feECC10E9", 6, NULL); INSERT INTO common_asset_details(identifier, symbol, coingecko, cryptocompare, forked, started, swapped_for) VALUES("eip155:1/erc20:0x1B3C515F58857E141A966b33182f2F3feECC10E9", "USK", "usk", "", NULL, 1674722555, NULL);
UPDATE common_asset_details SET coingecko="jpy-coin" where identifier="eip155:1/erc20:0x2370f9d504c7a6E775bf6E14B3F12846b594cD53";
INSERT INTO assets(identifier, name, type) VALUES("eip155:1/erc20:0x2370f9d504c7a6E775bf6E14B3F12846b594cD53", "JPY Coin", "C"); INSERT INTO evm_tokens(identifier, token_kind, chain, address, decimals, protocol) VALUES("eip155:1/erc20:0x2370f9d504c7a6E775bf6E14B3F12846b594cD53", "A", 1, "0x2370f9d504c7a6E775bf6E14B3F12846b594cD53", 18, NULL); INSERT INTO common_asset_details(identifier, symbol, coingecko, cryptocompare, forked, started, swapped_for) VALUES("eip155:1/erc20:0x2370f9d504c7a6E775bf6E14B3F12846b594cD53", "JPYC", "jpy-coin", "", NULL, NULL, NULL);
UPDATE common_asset_details SET coingecko="terrausd-wormhole" where identifier="eip155:1/erc20:0xa693B19d2931d498c5B318dF961919BB4aee87a5";
INSERT INTO assets(identifier, name, type) VALUES("eip155:1/erc20:0xa693B19d2931d498c5B318dF961919BB4aee87a5", "UST Wormhole", "C"); INSERT INTO evm_tokens(identifier, token_kind, chain, address, decimals, protocol) VALUES("eip155:1/erc20:0xa693B19d2931d498c5B318dF961919BB4aee87a5", "A", 1, "0xa693B19d2931d498c5B318dF961919BB4aee87a5", 6, NULL); INSERT INTO common_asset_details(identifier, symbol, coingecko, cryptocompare, forked, started, swapped_for) VALUES("eip155:1/erc20:0xa693B19d2931d498c5B318dF961919BB4aee87a5", "UST", "terrausd-wormhole", "", NULL, 1634105327, NULL);
UPDATE common_asset_details SET coingecko="digital-standard-unit" where identifier="eip155:1/erc20:0x605D26FBd5be761089281d5cec2Ce86eeA667109";
INSERT INTO assets(identifier, name, type) VALUES("eip155:1/erc20:0x605D26FBd5be761089281d5cec2Ce86eeA667109", "Digital Standard Unit", "C"); INSERT INTO evm_tokens(identifier, token_kind, chain, address, decimals, protocol) VALUES("eip155:1/erc20:0x605D26FBd5be761089281d5cec2Ce86eeA667109", "A", 1, "0x605D26FBd5be761089281d5cec2Ce86eeA667109", 18, NULL); INSERT INTO common_asset_details(identifier, symbol, coingecko, cryptocompare, forked, started, swapped_for) VALUES("eip155:1/erc20:0x605D26FBd5be761089281d5cec2Ce86eeA667109", "DSU", "digital-standard-unit", "", NULL, NULL, NULL);
UPDATE common_asset_details SET coingecko="sora-synthetic-usd" where identifier="eip155:1/erc20:0xc7D9c108D4E1dD1484D3e2568d7f74bfD763d356";
INSERT INTO assets(identifier, name, type) VALUES("eip155:1/erc20:0xc7D9c108D4E1dD1484D3e2568d7f74bfD763d356", "SORA Synthetic USD", "C"); INSERT INTO evm_tokens(identifier, token_kind, chain, address, decimals, protocol) VALUES("eip155:1/erc20:0xc7D9c108D4E1dD1484D3e2568d7f74bfD763d356", "A", 1, "0xc7D9c108D4E1dD1484D3e2568d7f74bfD763d356", 18, NULL); INSERT INTO common_asset_details(identifier, symbol, coingecko, cryptocompare, forked, started, swapped_for) VALUES("eip155:1/erc20:0xc7D9c108D4E1dD1484D3e2568d7f74bfD763d356", "XSTUSD", "sora-synthetic-usd", "", NULL, 1637429057, NULL);
UPDATE common_asset_details SET coingecko="token-dforce-usd" where identifier="eip155:1/erc20:0x0a5E677a6A24b2F1A2Bf4F3bFfC443231d2fDEc8";
INSERT INTO assets(identifier, name, type) VALUES("eip155:1/erc20:0x0a5E677a6A24b2F1A2Bf4F3bFfC443231d2fDEc8", "dForce USD", "C"); INSERT INTO evm_tokens(identifier, token_kind, chain, address, decimals, protocol) VALUES("eip155:1/erc20:0x0a5E677a6A24b2F1A2Bf4F3bFfC443231d2fDEc8", "A", 1, "0x0a5E677a6A24b2F1A2Bf4F3bFfC443231d2fDEc8", 18, NULL); INSERT INTO common_asset_details(identifier, symbol, coingecko, cryptocompare, forked, started, swapped_for) VALUES("eip155:1/erc20:0x0a5E677a6A24b2F1A2Bf4F3bFfC443231d2fDEc8", "USX", "token-dforce-usd", "", NULL, NULL, NULL);
UPDATE common_asset_details SET coingecko="tracer-dao" where identifier="eip155:1/erc20:0x9C4A4204B79dd291D6b6571C5BE8BbcD0622F050";
INSERT INTO assets(identifier, name, type) VALUES("eip155:1/erc20:0x9C4A4204B79dd291D6b6571C5BE8BbcD0622F050", "Tracer", "C"); INSERT INTO evm_tokens(identifier, token_kind, chain, address, decimals, protocol) VALUES("eip155:1/erc20:0x9C4A4204B79dd291D6b6571C5BE8BbcD0622F050", "A", 1, "0x9C4A4204B79dd291D6b6571C5BE8BbcD0622F050", 18, NULL); INSERT INTO common_asset_details(identifier, symbol, coingecko, cryptocompare, forked, started, swapped_for) VALUES("eip155:1/erc20:0x9C4A4204B79dd291D6b6571C5BE8BbcD0622F050", "TCR", "tracer-dao", "", NULL, NULL, NULL);
UPDATE common_asset_details SET coingecko="pando-usd" where identifier="eip155:1/erc20:0x466a756E9A7401B5e2444a3fCB3c2C12FBEa0a54";
INSERT INTO assets(identifier, name, type) VALUES("eip155:1/erc20:0x466a756E9A7401B5e2444a3fCB3c2C12FBEa0a54", "Stablecoin", "C"); INSERT INTO evm_tokens(identifier, token_kind, chain, address, decimals, protocol) VALUES("eip155:1/erc20:0x466a756E9A7401B5e2444a3fCB3c2C12FBEa0a54", "A", 1, "0x466a756E9A7401B5e2444a3fCB3c2C12FBEa0a54", 18, NULL); INSERT INTO common_asset_details(identifier, symbol, coingecko, cryptocompare, forked, started, swapped_for) VALUES("eip155:1/erc20:0x466a756E9A7401B5e2444a3fCB3c2C12FBEa0a54", "PUSd", "pando-usd", "", NULL, NULL, NULL);
UPDATE common_asset_details SET coingecko="celo-euro" where identifier="eip155:1/erc20:0xEE586e7Eaad39207F0549BC65f19e336942C992f";
INSERT INTO assets(identifier, name, type) VALUES("eip155:1/erc20:0xEE586e7Eaad39207F0549BC65f19e336942C992f", "Celo Euro Wormhole", "C"); INSERT INTO evm_tokens(identifier, token_kind, chain, address, decimals, protocol) VALUES("eip155:1/erc20:0xEE586e7Eaad39207F0549BC65f19e336942C992f", "A", 1, "0xEE586e7Eaad39207F0549BC65f19e336942C992f", 18, NULL); INSERT INTO common_asset_details(identifier, symbol, coingecko, cryptocompare, forked, started, swapped_for) VALUES("eip155:1/erc20:0xEE586e7Eaad39207F0549BC65f19e336942C992f", "cEUR", "celo-euro", "", NULL, NULL, NULL);
UPDATE common_asset_details SET coingecko="zunami-protocol" where identifier="eip155:1/erc20:0xe5c987F93734cb44AB03F1B18e30A374254891b6";
INSERT INTO assets(identifier, name, type) VALUES("eip155:1/erc20:0xe5c987F93734cb44AB03F1B18e30A374254891b6", "UZD Zunami Stable", "C"); INSERT INTO evm_tokens(identifier, token_kind, chain, address, decimals, protocol) VALUES("eip155:1/erc20:0xe5c987F93734cb44AB03F1B18e30A374254891b6", "A", 1, "0xe5c987F93734cb44AB03F1B18e30A374254891b6", 18, NULL); INSERT INTO common_asset_details(identifier, symbol, coingecko, cryptocompare, forked, started, swapped_for) VALUES("eip155:1/erc20:0xe5c987F93734cb44AB03F1B18e30A374254891b6", "UZD", "zunami-protocol", "", NULL, NULL, NULL);
UPDATE common_asset_details SET coingecko="zunami-protocol" where identifier="eip155:1/erc20:0x015B94AB2B0A14A96030573FBcD0F3D3d763541F";
INSERT INTO assets(identifier, name, type) VALUES("eip155:1/erc20:0x015B94AB2B0A14A96030573FBcD0F3D3d763541F", "UZD Zunami Stable", "C"); INSERT INTO evm_tokens(identifier, token_kind, chain, address, decimals, protocol) VALUES("eip155:1/erc20:0x015B94AB2B0A14A96030573FBcD0F3D3d763541F", "A", 1, "0x015B94AB2B0A14A96030573FBcD0F3D3d763541F", 18, NULL); INSERT INTO common_asset_details(identifier, symbol, coingecko, cryptocompare, forked, started, swapped_for) VALUES("eip155:1/erc20:0x015B94AB2B0A14A96030573FBcD0F3D3d763541F", "UZD", "zunami-protocol", "", NULL, NULL, NULL);
UPDATE common_asset_details SET coingecko="monerium-eur-money" where identifier="eip155:1/erc20:0x3231Cb76718CDeF2155FC47b5286d82e6eDA273f";
INSERT INTO assets(identifier, name, type) VALUES("eip155:1/erc20:0x3231Cb76718CDeF2155FC47b5286d82e6eDA273f", "Monerium EUR emoney", "C"); INSERT INTO evm_tokens(identifier, token_kind, chain, address, decimals, protocol) VALUES("eip155:1/erc20:0x3231Cb76718CDeF2155FC47b5286d82e6eDA273f", "A", 1, "0x3231Cb76718CDeF2155FC47b5286d82e6eDA273f", 18, NULL); INSERT INTO common_asset_details(identifier, symbol, coingecko, cryptocompare, forked, started, swapped_for) VALUES("eip155:1/erc20:0x3231Cb76718CDeF2155FC47b5286d82e6eDA273f", "EURe", "monerium-eur-money", "", NULL, 1573469986, NULL);
UPDATE common_asset_details SET coingecko="celo-dollar" where identifier="eip155:1/erc20:0xC285B7E09A4584D027E5BC36571785B515898246";
INSERT INTO assets(identifier, name, type) VALUES("eip155:1/erc20:0xC285B7E09A4584D027E5BC36571785B515898246", "Coin98 Dollar", "C"); INSERT INTO evm_tokens(identifier, token_kind, chain, address, decimals, protocol) VALUES("eip155:1/erc20:0xC285B7E09A4584D027E5BC36571785B515898246", "A", 1, "0xC285B7E09A4584D027E5BC36571785B515898246", 18, NULL); INSERT INTO common_asset_details(identifier, symbol, coingecko, cryptocompare, forked, started, swapped_for) VALUES("eip155:1/erc20:0xC285B7E09A4584D027E5BC36571785B515898246", "CUSD", "celo-dollar", "", NULL, NULL, NULL);
INSERT INTO assets(identifier, name, type) VALUES("NXRA", "AllianceBlock Nexera", "B"); INSERT INTO common_asset_details(identifier, symbol, coingecko, cryptocompare, forked, started, swapped_for) VALUES("NXRA", "NXRA", "allianceblock-nexera", "", NULL, 1677171832, NULL);
*
INSERT INTO assets(identifier, name, type) VALUES("eip155:10/erc20:0x8B21e9b7dAF2c4325bf3D18c1BeB79A347fE902A", "Collab.Land", "C"); INSERT INTO evm_tokens(identifier, token_kind, chain, address, decimals, protocol) VALUES("eip155:10/erc20:0x8B21e9b7dAF2c4325bf3D18c1BeB79A347fE902A", "A", 10, "0x8B21e9b7dAF2c4325bf3D18c1BeB79A347fE902A", 18, NULL); INSERT INTO common_asset_details(identifier, symbol, coingecko, cryptocompare, forked, started, swapped_for) VALUES("eip155:10/erc20:0x8B21e9b7dAF2c4325bf3D18c1BeB79A347fE902A", "COLLAB", "collab-land", "", NULL, 1677087196, NULL);
*
UPDATE common_asset_details SET coingecko="frax-price-index" where identifier="eip155:1/erc20:0x5Ca135cB8527d76e932f34B5145575F9d8cbE08E";
INSERT INTO assets(identifier, name, type) VALUES("eip155:1/erc20:0x5Ca135cB8527d76e932f34B5145575F9d8cbE08E", "Frax Price Index", "C"); INSERT INTO evm_tokens(identifier, token_kind, chain, address, decimals, protocol) VALUES("eip155:1/erc20:0x5Ca135cB8527d76e932f34B5145575F9d8cbE08E", "A", 1, "0x5Ca135cB8527d76e932f34B5145575F9d8cbE08E", 18, NULL); INSERT INTO common_asset_details(identifier, symbol, coingecko, cryptocompare, forked, started, swapped_for) VALUES("eip155:1/erc20:0x5Ca135cB8527d76e932f34B5145575F9d8cbE08E", "FPI", "frax-price-index", "", NULL, NULL, NULL);
UPDATE common_asset_details SET coingecko="stake-dao-crv" where identifier="eip155:1/erc20:0xD1b5651E55D4CeeD36251c61c50C889B36F6abB5";
INSERT INTO assets(identifier, name, type) VALUES("eip155:1/erc20:0xD1b5651E55D4CeeD36251c61c50C889B36F6abB5", "Stake DAO CRV", "C"); INSERT INTO evm_tokens(identifier, token_kind, chain, address, decimals, protocol) VALUES("eip155:1/erc20:0xD1b5651E55D4CeeD36251c61c50C889B36F6abB5", "A", 1, "0xD1b5651E55D4CeeD36251c61c50C889B36F6abB5", 18, NULL); INSERT INTO common_asset_details(identifier, symbol, coingecko, cryptocompare, forked, started, swapped_for) VALUES("eip155:1/erc20:0xD1b5651E55D4CeeD36251c61c50C889B36F6abB5", "sdCRV", "stake-dao-crv", "", NULL, NULL, NULL);
UPDATE common_asset_details SET coingecko="usdd", cryptocompare="USDD" where identifier="eip155:1/erc20:0x0C10bF8FcB7Bf5412187A595ab97a3609160b5c6";
INSERT INTO assets(identifier, name, type) VALUES("eip155:1/erc20:0x0C10bF8FcB7Bf5412187A595ab97a3609160b5c6", "Decentralized USD", "C"); INSERT INTO evm_tokens(identifier, token_kind, chain, address, decimals, protocol) VALUES("eip155:1/erc20:0x0C10bF8FcB7Bf5412187A595ab97a3609160b5c6", "A", 1, "0x0C10bF8FcB7Bf5412187A595ab97a3609160b5c6", 18, NULL); INSERT INTO common_asset_details(identifier, symbol, coingecko, cryptocompare, forked, started, swapped_for) VALUES("eip155:1/erc20:0x0C10bF8FcB7Bf5412187A595ab97a3609160b5c6", "USDD", "usdd", "USDD", NULL, NULL, NULL);
UPDATE common_asset_details SET coingecko="xsgd", cryptocompare="XSGD" where identifier="eip155:1/erc20:0x70e8dE73cE538DA2bEEd35d14187F6959a8ecA96";
INSERT INTO assets(identifier, name, type) VALUES("eip155:1/erc20:0x70e8dE73cE538DA2bEEd35d14187F6959a8ecA96", "XSGD", "C"); INSERT INTO evm_tokens(identifier, token_kind, chain, address, decimals, protocol) VALUES("eip155:1/erc20:0x70e8dE73cE538DA2bEEd35d14187F6959a8ecA96", "A", 1, "0x70e8dE73cE538DA2bEEd35d14187F6959a8ecA96", 6, NULL); INSERT INTO common_asset_details(identifier, symbol, coingecko, cryptocompare, forked, started, swapped_for) VALUES("eip155:1/erc20:0x70e8dE73cE538DA2bEEd35d14187F6959a8ecA96", "XSGD", "xsgd", "XSGD", NULL, NULL, NULL);
UPDATE common_asset_details SET coingecko="interest-protocol", cryptocompare="USDI" where identifier="eip155:1/erc20:0x2A54bA2964C8Cd459Dc568853F79813a60761B58";
INSERT INTO assets(identifier, name, type) VALUES("eip155:1/erc20:0x2A54bA2964C8Cd459Dc568853F79813a60761B58", "USDI Token", "C"); INSERT INTO evm_tokens(identifier, token_kind, chain, address, decimals, protocol) VALUES("eip155:1/erc20:0x2A54bA2964C8Cd459Dc568853F79813a60761B58", "A", 1, "0x2A54bA2964C8Cd459Dc568853F79813a60761B58", 18, NULL); INSERT INTO common_asset_details(identifier, symbol, coingecko, cryptocompare, forked, started, swapped_for) VALUES("eip155:1/erc20:0x2A54bA2964C8Cd459Dc568853F79813a60761B58", "USDI", "interest-protocol", "USDI", NULL, NULL, NULL);
UPDATE common_asset_details SET coingecko="lend-flare-dao-token", cryptocompare="LFT" where identifier="eip155:1/erc20:0xB620Be8a1949AA9532e6a3510132864EF9Bc3F82";
INSERT INTO assets(identifier, name, type) VALUES("eip155:1/erc20:0xB620Be8a1949AA9532e6a3510132864EF9Bc3F82", "LendFlare DAO Token", "C"); INSERT INTO evm_tokens(identifier, token_kind, chain, address, decimals, protocol) VALUES("eip155:1/erc20:0xB620Be8a1949AA9532e6a3510132864EF9Bc3F82", "A", 1, "0xB620Be8a1949AA9532e6a3510132864EF9Bc3F82", 18, NULL); INSERT INTO common_asset_details(identifier, symbol, coingecko, cryptocompare, forked, started, swapped_for) VALUES("eip155:1/erc20:0xB620Be8a1949AA9532e6a3510132864EF9Bc3F82", "LFT", "lend-flare-dao-token", "LFT", NULL, 1646143959, NULL);
UPDATE common_asset_details SET coingecko="immutable-x" where identifier="eip155:42161/erc20:0x9c67eE39e3C4954396b9142010653F17257dd39C";
INSERT INTO assets(identifier, name, type) VALUES("eip155:42161/erc20:0x9c67eE39e3C4954396b9142010653F17257dd39C", "Impermax", "C"); INSERT INTO evm_tokens(identifier, token_kind, chain, address, decimals, protocol) VALUES("eip155:42161/erc20:0x9c67eE39e3C4954396b9142010653F17257dd39C", "A", 42161, "0x9c67eE39e3C4954396b9142010653F17257dd39C", 18, NULL); INSERT INTO common_asset_details(identifier, symbol, coingecko, cryptocompare, forked, started, swapped_for) VALUES("eip155:42161/erc20:0x9c67eE39e3C4954396b9142010653F17257dd39C", "IMX", "immutable-x", "", NULL, NULL, NULL);
INSERT INTO assets(identifier, name, type) VALUES("eip155:137/erc20:0x61299774020dA444Af134c82fa83E3810b309991", "Render Token", "C"); INSERT INTO evm_tokens(identifier, token_kind, chain, address, decimals, protocol) VALUES("eip155:137/erc20:0x61299774020dA444Af134c82fa83E3810b309991", "A", 137, "0x61299774020dA444Af134c82fa83E3810b309991", 18, NULL); INSERT INTO common_asset_details(identifier, symbol, coingecko, cryptocompare, forked, started, swapped_for) VALUES("eip155:137/erc20:0x61299774020dA444Af134c82fa83E3810b309991", "RNDR", "render-token", "RNDR", NULL, NULL, NULL);
*