INSERT INTO assets(identifier, name, type) VALUES('PWEASE', 'Pwease', 'Y'); INSERT INTO common_asset_details(identifier, symbol, coingecko, cryptocompare, forked, started, swapped_for) VALUES('PWEASE', 'PWEASE', 'pwease', 'PWEASE', NULL, 1740949246, NULL);
*
INSERT INTO assets(identifier, name, type) VALUES('REACT', 'Reactive Network', 'B'); INSERT INTO common_asset_details(identifier, symbol, coingecko, cryptocompare, forked, started, swapped_for) VALUES('REACT', 'REACT', 'reactive-network', 'REACT', NULL, 1740995868, NULL);
*
INSERT INTO assets(identifier, name, type) VALUES('eip155:56/erc20:0x9d1A7A3191102e9F900Faa10540837ba84dCBAE7', 'EURITE', 'C'); INSERT INTO evm_tokens(identifier, token_kind, chain, address, decimals, protocol) VALUES('eip155:56/erc20:0x9d1A7A3191102e9F900Faa10540837ba84dCBAE7', 'A', 56, '0x9d1A7A3191102e9F900Faa10540837ba84dCBAE7', 18, NULL); INSERT INTO common_asset_details(identifier, symbol, coingecko, cryptocompare, forked, started, swapped_for) VALUES('eip155:56/erc20:0x9d1A7A3191102e9F900Faa10540837ba84dCBAE7', 'EURI', 'eurite', 'EURI', NULL, 1719905682, NULL);
*
INSERT INTO assets(identifier, name, type) VALUES('eip155:1/erc20:0x9d1A7A3191102e9F900Faa10540837ba84dCBAE7', 'EURITE', 'C'); INSERT INTO evm_tokens(identifier, token_kind, chain, address, decimals, protocol) VALUES('eip155:1/erc20:0x9d1A7A3191102e9F900Faa10540837ba84dCBAE7', 'A', 1, '0x9d1A7A3191102e9F900Faa10540837ba84dCBAE7', 18, NULL); INSERT INTO common_asset_details(identifier, symbol, coingecko, cryptocompare, forked, started, swapped_for) VALUES('eip155:1/erc20:0x9d1A7A3191102e9F900Faa10540837ba84dCBAE7', 'EURI', 'eurite', 'EURI', NULL, 1719907931, NULL);
*
INSERT INTO assets(identifier, name, type) VALUES('eip155:8453/erc20:0x5d6Cae0422A950dbd7918D1e74434A35156b3Ba4', 'Navigate', 'C'); INSERT INTO evm_tokens(identifier, token_kind, chain, address, decimals, protocol) VALUES('eip155:8453/erc20:0x5d6Cae0422A950dbd7918D1e74434A35156b3Ba4', 'A', 8453, '0x5d6Cae0422A950dbd7918D1e74434A35156b3Ba4', 18, NULL); INSERT INTO common_asset_details(identifier, symbol, coingecko, cryptocompare, forked, started, swapped_for) VALUES('eip155:8453/erc20:0x5d6Cae0422A950dbd7918D1e74434A35156b3Ba4', 'NVG8', 'navigate', '', NULL, 1740091075, NULL);
*
INSERT INTO assets(identifier, name, type) VALUES('eip155:1/erc20:0xc43C6bfeDA065fE2c4c11765Bf838789bd0BB5dE', 'Redstone', 'C'); INSERT INTO evm_tokens(identifier, token_kind, chain, address, decimals, protocol) VALUES('eip155:1/erc20:0xc43C6bfeDA065fE2c4c11765Bf838789bd0BB5dE', 'A', 1, '0xc43C6bfeDA065fE2c4c11765Bf838789bd0BB5dE', 18, NULL); INSERT INTO common_asset_details(identifier, symbol, coingecko, cryptocompare, forked, started, swapped_for) VALUES('eip155:1/erc20:0xc43C6bfeDA065fE2c4c11765Bf838789bd0BB5dE', 'RED', 'redstone-oracles', '', NULL, 1738946783, NULL);
*
INSERT INTO assets(identifier, name, type) VALUES('eip155:56/erc20:0xF4C8E32EaDEC4BFe97E0F595AdD0f4450a863a11', 'THENA', 'C'); INSERT INTO evm_tokens(identifier, token_kind, chain, address, decimals, protocol) VALUES('eip155:56/erc20:0xF4C8E32EaDEC4BFe97E0F595AdD0f4450a863a11', 'A', 56, '0xF4C8E32EaDEC4BFe97E0F595AdD0f4450a863a11', 18, NULL); INSERT INTO common_asset_details(identifier, symbol, coingecko, cryptocompare, forked, started, swapped_for) VALUES('eip155:56/erc20:0xF4C8E32EaDEC4BFe97E0F595AdD0f4450a863a11', 'THE', 'thena', 'THE', NULL, 1670972434, NULL);
*
INSERT INTO assets(identifier, name, type) VALUES('ROAM', 'Roam Token', 'Y'); INSERT INTO common_asset_details(identifier, symbol, coingecko, cryptocompare, forked, started, swapped_for) VALUES('ROAM', 'ROAM', 'roam-token', '', NULL, 1740411843, NULL);
*
INSERT INTO assets(identifier, name, type) VALUES('eip155:1/erc20:0x8730762Cad4a27816A467fAc54e3dd1E2e9617A1', 'Grindery X', 'C'); INSERT INTO evm_tokens(identifier, token_kind, chain, address, decimals, protocol) VALUES('eip155:1/erc20:0x8730762Cad4a27816A467fAc54e3dd1E2e9617A1', 'A', 1, '0x8730762Cad4a27816A467fAc54e3dd1E2e9617A1', 18, NULL); INSERT INTO common_asset_details(identifier, symbol, coingecko, cryptocompare, forked, started, swapped_for) VALUES('eip155:1/erc20:0x8730762Cad4a27816A467fAc54e3dd1E2e9617A1', 'GX', '', '', NULL, 1706776019, NULL);
*
INSERT INTO assets(identifier, name, type) VALUES('eip155:1/erc20:0x6243558a24CC6116aBE751f27E6d7Ede50ABFC76', 'Levva Protocol Token', 'C'); INSERT INTO evm_tokens(identifier, token_kind, chain, address, decimals, protocol) VALUES('eip155:1/erc20:0x6243558a24CC6116aBE751f27E6d7Ede50ABFC76', 'A', 1, '0x6243558a24CC6116aBE751f27E6d7Ede50ABFC76', 18, NULL); INSERT INTO common_asset_details(identifier, symbol, coingecko, cryptocompare, forked, started, swapped_for) VALUES('eip155:1/erc20:0x6243558a24CC6116aBE751f27E6d7Ede50ABFC76', 'LVVA', '', '', NULL, 1733215247, NULL);
*
INSERT INTO assets(identifier, name, type) VALUES('eip155:1/erc20:0x89A8c847f41C0dfA6c8B88638bACca8a0b777Da7', 'Elixir', 'C'); INSERT INTO evm_tokens(identifier, token_kind, chain, address, decimals, protocol) VALUES('eip155:1/erc20:0x89A8c847f41C0dfA6c8B88638bACca8a0b777Da7', 'A', 1, '0x89A8c847f41C0dfA6c8B88638bACca8a0b777Da7', 18, NULL); INSERT INTO common_asset_details(identifier, symbol, coingecko, cryptocompare, forked, started, swapped_for) VALUES('eip155:1/erc20:0x89A8c847f41C0dfA6c8B88638bACca8a0b777Da7', 'ELX', 'elixir-finance', '', NULL, 1739551895, NULL);
*
INSERT INTO assets(identifier, name, type) VALUES('1MBABYDOGE', '1MBABYDOGE', 'W'); INSERT INTO common_asset_details(identifier, symbol, coingecko, cryptocompare, forked, started, swapped_for) VALUES('1MBABYDOGE', '1MBABYDOGE', '1mbabydoge', '', NULL, 1621617676, NULL);
*
INSERT INTO assets(identifier, name, type) VALUES('BNSOL', 'Binance Staked SOL', 'Y'); INSERT INTO common_asset_details(identifier, symbol, coingecko, cryptocompare, forked, started, swapped_for) VALUES('BNSOL', 'BNSOL', 'binance-staked-sol', 'BNSOL', NULL, 1726099200, NULL);
*
INSERT INTO assets(identifier, name, type) VALUES('eip155:1/erc20:0xC139190F447e929f090Edeb554D95AbB8b18aC1C', 'USDtb', 'C'); INSERT INTO evm_tokens(identifier, token_kind, chain, address, decimals, protocol) VALUES('eip155:1/erc20:0xC139190F447e929f090Edeb554D95AbB8b18aC1C', 'A', 1, '0xC139190F447e929f090Edeb554D95AbB8b18aC1C', 18, NULL); INSERT INTO common_asset_details(identifier, symbol, coingecko, cryptocompare, forked, started, swapped_for) VALUES('eip155:1/erc20:0xC139190F447e929f090Edeb554D95AbB8b18aC1C', 'USDtb', 'usdtb', '', NULL, 1732810019, NULL);
*
INSERT INTO assets(identifier, name, type) VALUES('eip155:56/erc20:0xC9882dEF23bc42D53895b8361D0b1EDC7570Bc6A', 'FistToken', 'C'); INSERT INTO evm_tokens(identifier, token_kind, chain, address, decimals, protocol) VALUES('eip155:56/erc20:0xC9882dEF23bc42D53895b8361D0b1EDC7570Bc6A', 'A', 56, '0xC9882dEF23bc42D53895b8361D0b1EDC7570Bc6A', 6, NULL); INSERT INTO common_asset_details(identifier, symbol, coingecko, cryptocompare, forked, started, swapped_for) VALUES('eip155:56/erc20:0xC9882dEF23bc42D53895b8361D0b1EDC7570Bc6A', 'FIST', 'fistbump', '', NULL, 1640245928, NULL);
*
INSERT INTO assets(identifier, name, type) VALUES('GROKCOIN', 'GrokCoin', 'Y'); INSERT INTO common_asset_details(identifier, symbol, coingecko, cryptocompare, forked, started, swapped_for) VALUES('GROKCOIN', 'GROKCOIN', '', '', NULL, 1741337626, NULL);
*
INSERT INTO assets(identifier, name, type) VALUES('eip155:10/erc20:0xadDb6A0412DE1BA0F936DCaeb8Aaa24578dcF3B2', 'Coinbase Wrapped Staked ETH', 'C'); INSERT INTO evm_tokens(identifier, token_kind, chain, address, decimals, protocol) VALUES('eip155:10/erc20:0xadDb6A0412DE1BA0F936DCaeb8Aaa24578dcF3B2', 'A', 10, '0xadDb6A0412DE1BA0F936DCaeb8Aaa24578dcF3B2', 18, NULL); INSERT INTO common_asset_details(identifier, symbol, coingecko, cryptocompare, forked, started, swapped_for) VALUES('eip155:10/erc20:0xadDb6A0412DE1BA0F936DCaeb8Aaa24578dcF3B2', 'cbETH', 'coinbase-wrapped-staked-eth', 'CBETH', NULL, 1676566650, NULL);
*
INSERT INTO assets(identifier, name, type) VALUES('eip155:42161/erc20:0x1DEBd73E752bEaF79865Fd6446b0c970EaE7732f', 'Coinbase Wrapped Staked ETH', 'C'); INSERT INTO evm_tokens(identifier, token_kind, chain, address, decimals, protocol) VALUES('eip155:42161/erc20:0x1DEBd73E752bEaF79865Fd6446b0c970EaE7732f', 'A', 42161, '0x1DEBd73E752bEaF79865Fd6446b0c970EaE7732f', 18, NULL); INSERT INTO common_asset_details(identifier, symbol, coingecko, cryptocompare, forked, started, swapped_for) VALUES('eip155:42161/erc20:0x1DEBd73E752bEaF79865Fd6446b0c970EaE7732f', 'cbETH', 'coinbase-wrapped-staked-eth', 'CBETH', NULL, 1676116829, NULL);
*
INSERT INTO assets(identifier, name, type) VALUES('eip155:137/erc20:0x4b4327dB1600B8B1440163F667e199CEf35385f5', 'Coinbase Wrapped Staked ETH (FXERC20)', 'C'); INSERT INTO evm_tokens(identifier, token_kind, chain, address, decimals, protocol) VALUES('eip155:137/erc20:0x4b4327dB1600B8B1440163F667e199CEf35385f5', 'A', 137, '0x4b4327dB1600B8B1440163F667e199CEf35385f5', 18, NULL); INSERT INTO common_asset_details(identifier, symbol, coingecko, cryptocompare, forked, started, swapped_for) VALUES('eip155:137/erc20:0x4b4327dB1600B8B1440163F667e199CEf35385f5', 'fxcbETH', 'coinbase-wrapped-staked-eth', 'CBETH', NULL, 1676583047, NULL);
*
INSERT INTO assets(identifier, name, type) VALUES('GHIBLI', 'Ghiblification', 'Y'); INSERT INTO common_asset_details(identifier, symbol, coingecko, cryptocompare, forked, started, swapped_for) VALUES('GHIBLI', 'GHIBLI', 'ghiblification', 'GHIBLI', NULL, 1742982326, NULL);
*
INSERT INTO assets(identifier, name, type) VALUES('GUN', 'Gunz', 'B'); INSERT INTO common_asset_details(identifier, symbol, coingecko, cryptocompare, forked, started, swapped_for) VALUES('GUN', 'GUN', 'gunz', '', NULL, 1741636507, NULL);
*
INSERT INTO assets(identifier, name, type) VALUES('TITCOIN', 'titcoin', 'Y'); INSERT INTO common_asset_details(identifier, symbol, coingecko, cryptocompare, forked, started, swapped_for) VALUES('TITCOIN', 'TITCOIN', 'titcoin-2', 'TITCOIN', NULL, 1741280102, NULL);
*
INSERT INTO assets(identifier, name, type) VALUES('eip155:8453/erc20:0x9a26F5433671751C3276a065f57e5a02D2817973', 'Keyboard Cat', 'C'); INSERT INTO evm_tokens(identifier, token_kind, chain, address, decimals, protocol) VALUES('eip155:8453/erc20:0x9a26F5433671751C3276a065f57e5a02D2817973', 'A', 8453, '0x9a26F5433671751C3276a065f57e5a02D2817973', 18, NULL); INSERT INTO common_asset_details(identifier, symbol, coingecko, cryptocompare, forked, started, swapped_for) VALUES('eip155:8453/erc20:0x9a26F5433671751C3276a065f57e5a02D2817973', 'KEYCAT', 'keyboard-cat-base', 'KEYCAT', NULL, 1711420407, NULL);
*
INSERT INTO assets(identifier, name, type) VALUES('eip155:8453/erc20:0xED6E000dEF95780fb89734c07EE2ce9F6dcAf110', 'Edge', 'C'); INSERT INTO evm_tokens(identifier, token_kind, chain, address, decimals, protocol) VALUES('eip155:8453/erc20:0xED6E000dEF95780fb89734c07EE2ce9F6dcAf110', 'A', 8453, '0xED6E000dEF95780fb89734c07EE2ce9F6dcAf110', 18, NULL); INSERT INTO common_asset_details(identifier, symbol, coingecko, cryptocompare, forked, started, swapped_for) VALUES('eip155:8453/erc20:0xED6E000dEF95780fb89734c07EE2ce9F6dcAf110', 'EDGE', 'definitive', '', NULL, 1727120627, NULL);
*
INSERT INTO assets(identifier, name, type) VALUES('eip155:1/erc20:0x888883b5F5D21fb10Dfeb70e8f9722B9FB0E5E51', 'EURØP', 'C'); INSERT INTO evm_tokens(identifier, token_kind, chain, address, decimals, protocol) VALUES('eip155:1/erc20:0x888883b5F5D21fb10Dfeb70e8f9722B9FB0E5E51', 'A', 1, '0x888883b5F5D21fb10Dfeb70e8f9722B9FB0E5E51', 6, NULL); INSERT INTO common_asset_details(identifier, symbol, coingecko, cryptocompare, forked, started, swapped_for) VALUES('eip155:1/erc20:0x888883b5F5D21fb10Dfeb70e8f9722B9FB0E5E51', 'EUROP', 'schuman-europ', 'EUROP', NULL, 1719035423, NULL);
*
INSERT INTO assets(identifier, name, type) VALUES('eip155:1/erc20:0xC3d21f79C3120A4fFda7A535f8005a7c297799bF', 'Term Finance', 'C'); INSERT INTO evm_tokens(identifier, token_kind, chain, address, decimals, protocol) VALUES('eip155:1/erc20:0xC3d21f79C3120A4fFda7A535f8005a7c297799bF', 'A', 1, '0xC3d21f79C3120A4fFda7A535f8005a7c297799bF', 18, NULL); INSERT INTO common_asset_details(identifier, symbol, coingecko, cryptocompare, forked, started, swapped_for) VALUES('eip155:1/erc20:0xC3d21f79C3120A4fFda7A535f8005a7c297799bF', 'TERM', 'term-finance', '', NULL, 1715804831, NULL);
*
INSERT INTO assets(identifier, name, type) VALUES('eip155:56/erc20:0x3ca729BFD4bbaD155f072752510226b37A5b7723', 'AGON Agent', 'C'); INSERT INTO evm_tokens(identifier, token_kind, chain, address, decimals, protocol) VALUES('eip155:56/erc20:0x3ca729BFD4bbaD155f072752510226b37A5b7723', 'A', 56, '0x3ca729BFD4bbaD155f072752510226b37A5b7723', 18, NULL); INSERT INTO common_asset_details(identifier, symbol, coingecko, cryptocompare, forked, started, swapped_for) VALUES('eip155:56/erc20:0x3ca729BFD4bbaD155f072752510226b37A5b7723', 'AGON', '', '', NULL, 1737796944, NULL);
*
INSERT INTO assets(identifier, name, type) VALUES('eip155:56/erc20:0x3d4f0513E8a29669B960f9dBcA61861548A9A760', 'Banana For Scale', 'C'); INSERT INTO evm_tokens(identifier, token_kind, chain, address, decimals, protocol) VALUES('eip155:56/erc20:0x3d4f0513E8a29669B960f9dBcA61861548A9A760', 'A', 56, '0x3d4f0513E8a29669B960f9dBcA61861548A9A760', 18, NULL); INSERT INTO common_asset_details(identifier, symbol, coingecko, cryptocompare, forked, started, swapped_for) VALUES('eip155:56/erc20:0x3d4f0513E8a29669B960f9dBcA61861548A9A760', '$BANANA', 'banana-for-scale-2', 'BANANAS31', NULL, 1731684611, NULL);
*
INSERT INTO assets(identifier, name, type) VALUES('eip155:56/erc20:0x6d5AD1592ed9D6D1dF9b93c793AB759573Ed6714', 'CZS DOG', 'C'); INSERT INTO evm_tokens(identifier, token_kind, chain, address, decimals, protocol) VALUES('eip155:56/erc20:0x6d5AD1592ed9D6D1dF9b93c793AB759573Ed6714', 'A', 56, '0x6d5AD1592ed9D6D1dF9b93c793AB759573Ed6714', 18, NULL); INSERT INTO common_asset_details(identifier, symbol, coingecko, cryptocompare, forked, started, swapped_for) VALUES('eip155:56/erc20:0x6d5AD1592ed9D6D1dF9b93c793AB759573Ed6714', 'Broccoli', 'czs-dog', 'BROCCOLI', NULL, 1739463139, NULL);
*
INSERT INTO assets(identifier, name, type) VALUES('BUTTCOIN', 'The Next Bitcoin', 'Y'); INSERT INTO common_asset_details(identifier, symbol, coingecko, cryptocompare, forked, started, swapped_for) VALUES('BUTTCOIN', 'BUTTCOIN', 'buttcoin-4', '', NULL, 1738256195, NULL);
*
INSERT INTO assets(identifier, name, type) VALUES('eip155:8453/erc20:0x937a1cFAF0A3d9f5Dc4D0927F72ee5e3e5F82a00', 'Cocoro', 'C'); INSERT INTO evm_tokens(identifier, token_kind, chain, address, decimals, protocol) VALUES('eip155:8453/erc20:0x937a1cFAF0A3d9f5Dc4D0927F72ee5e3e5F82a00', 'A', 8453, '0x937a1cFAF0A3d9f5Dc4D0927F72ee5e3e5F82a00', 18, NULL); INSERT INTO common_asset_details(identifier, symbol, coingecko, cryptocompare, forked, started, swapped_for) VALUES('eip155:8453/erc20:0x937a1cFAF0A3d9f5Dc4D0927F72ee5e3e5F82a00', 'Cocoro', 'cocoro', '', NULL, 1741424793, NULL);
*
INSERT INTO assets(identifier, name, type) VALUES('DOWNALD', 'Downald Trump', 'Y'); INSERT INTO common_asset_details(identifier, symbol, coingecko, cryptocompare, forked, started, swapped_for) VALUES('DOWNALD', 'DOWNALD', '', '', NULL, 1742776464, NULL);
*
INSERT INTO assets(identifier, name, type) VALUES('eip155:1/erc20:0x94314a14Df63779c99C0764a30e0CD22fA78fC0E', 'Epic Chain', 'C'); INSERT INTO evm_tokens(identifier, token_kind, chain, address, decimals, protocol) VALUES('eip155:1/erc20:0x94314a14Df63779c99C0764a30e0CD22fA78fC0E', 'A', 1, '0x94314a14Df63779c99C0764a30e0CD22fA78fC0E', 18, NULL); INSERT INTO common_asset_details(identifier, symbol, coingecko, cryptocompare, forked, started, swapped_for) VALUES('eip155:1/erc20:0x94314a14Df63779c99C0764a30e0CD22fA78fC0E', 'EPIC', 'epic-chain', '', NULL, 1735102271, NULL);
*
INSERT INTO assets(identifier, name, type) VALUES('FINE', 'This Is Fine', 'Y'); INSERT INTO common_asset_details(identifier, symbol, coingecko, cryptocompare, forked, started, swapped_for) VALUES('FINE', 'FINE', '', '', NULL, 1741389621, NULL);
*
INSERT INTO assets(identifier, name, type) VALUES('eip155:56/erc20:0x5b73A93b4E5e4f1FD27D8b3F8C97D69908b5E284', 'FORM Token', 'C'); INSERT INTO evm_tokens(identifier, token_kind, chain, address, decimals, protocol) VALUES('eip155:56/erc20:0x5b73A93b4E5e4f1FD27D8b3F8C97D69908b5E284', 'A', 56, '0x5b73A93b4E5e4f1FD27D8b3F8C97D69908b5E284', 18, NULL); INSERT INTO common_asset_details(identifier, symbol, coingecko, cryptocompare, forked, started, swapped_for) VALUES('eip155:56/erc20:0x5b73A93b4E5e4f1FD27D8b3F8C97D69908b5E284', 'FORM', 'four', '', NULL, 1740378839, NULL);
*
INSERT INTO assets(identifier, name, type) VALUES('eip155:56/erc20:0x795D2710E383F33fbEbe980a155b29757b6703f3', 'GhibliCZ', 'C'); INSERT INTO evm_tokens(identifier, token_kind, chain, address, decimals, protocol) VALUES('eip155:56/erc20:0x795D2710E383F33fbEbe980a155b29757b6703f3', 'A', 56, '0x795D2710E383F33fbEbe980a155b29757b6703f3', 18, NULL); INSERT INTO common_asset_details(identifier, symbol, coingecko, cryptocompare, forked, started, swapped_for) VALUES('eip155:56/erc20:0x795D2710E383F33fbEbe980a155b29757b6703f3', 'Ghibli', 'ghiblicz', '', NULL, 1742983106, NULL);
*
INSERT INTO assets(identifier, name, type) VALUES('KNIGHT', 'Darkness', 'P'); INSERT INTO common_asset_details(identifier, symbol, coingecko, cryptocompare, forked, started, swapped_for) VALUES('KNIGHT', 'KNIGHT', 'knight', '', NULL, 1742982326, NULL);
*
INSERT INTO assets(identifier, name, type) VALUES('eip155:56/erc20:0x5C85D6C6825aB4032337F11Ee92a72DF936b46F6', 'mubarak', 'C'); INSERT INTO evm_tokens(identifier, token_kind, chain, address, decimals, protocol) VALUES('eip155:56/erc20:0x5C85D6C6825aB4032337F11Ee92a72DF936b46F6', 'A', 56, '0x5C85D6C6825aB4032337F11Ee92a72DF936b46F6', 18, NULL); INSERT INTO common_asset_details(identifier, symbol, coingecko, cryptocompare, forked, started, swapped_for) VALUES('eip155:56/erc20:0x5C85D6C6825aB4032337F11Ee92a72DF936b46F6', 'mubarak', 'mubarak', '', NULL, 1741857688, NULL);
*
INSERT INTO assets(identifier, name, type) VALUES('eip155:8453/erc20:0xD968196FA6977c4e58F2af5aC01C655ea8332d22', 'The Nation Token', 'C'); INSERT INTO evm_tokens(identifier, token_kind, chain, address, decimals, protocol) VALUES('eip155:8453/erc20:0xD968196FA6977c4e58F2af5aC01C655ea8332d22', 'A', 8453, '0xD968196FA6977c4e58F2af5aC01C655ea8332d22', 18, NULL); INSERT INTO common_asset_details(identifier, symbol, coingecko, cryptocompare, forked, started, swapped_for) VALUES('eip155:8453/erc20:0xD968196FA6977c4e58F2af5aC01C655ea8332d22', 'NATO', 'the-nation-token', '', NULL, 1734367939, NULL);
*
INSERT INTO assets(identifier, name, type) VALUES('PEPETRON', 'PePe', 'P'); INSERT INTO common_asset_details(identifier, symbol, coingecko, cryptocompare, forked, started, swapped_for) VALUES('PEPETRON', 'PEPETRON', '', '', NULL, 1727800452, NULL);
*
INSERT INTO assets(identifier, name, type) VALUES('RFC', 'Retard Finder Coin', 'Y'); INSERT INTO common_asset_details(identifier, symbol, coingecko, cryptocompare, forked, started, swapped_for) VALUES('RFC', 'RFC', 'retard-finder-coin', '', NULL, 1742855676, NULL);
*
INSERT INTO assets(identifier, name, type) VALUES('eip155:56/erc20:0x997A58129890bBdA032231A52eD1ddC845fc18e1', 'SIREN', 'C'); INSERT INTO evm_tokens(identifier, token_kind, chain, address, decimals, protocol) VALUES('eip155:56/erc20:0x997A58129890bBdA032231A52eD1ddC845fc18e1', 'A', 56, '0x997A58129890bBdA032231A52eD1ddC845fc18e1', 18, NULL); INSERT INTO common_asset_details(identifier, symbol, coingecko, cryptocompare, forked, started, swapped_for) VALUES('eip155:56/erc20:0x997A58129890bBdA032231A52eD1ddC845fc18e1', 'SIREN', 'siren-2', '', NULL, 1738974561, NULL);
*
INSERT INTO assets(identifier, name, type) VALUES('eip155:1/erc20:0xa62cc35625B0C8dc1fAEA39d33625Bb4C15bD71C', 'StormX', 'C'); INSERT INTO evm_tokens(identifier, token_kind, chain, address, decimals, protocol) VALUES('eip155:1/erc20:0xa62cc35625B0C8dc1fAEA39d33625Bb4C15bD71C', 'A', 1, '0xa62cc35625B0C8dc1fAEA39d33625Bb4C15bD71C', 18, NULL); INSERT INTO common_asset_details(identifier, symbol, coingecko, cryptocompare, forked, started, swapped_for) VALUES('eip155:1/erc20:0xa62cc35625B0C8dc1fAEA39d33625Bb4C15bD71C', 'STMX', 'storm', 'STMX', NULL, 1665782435, NULL);
*
INSERT INTO assets(identifier, name, type) VALUES('SUNANA', 'Sun Banana', 'P'); INSERT INTO common_asset_details(identifier, symbol, coingecko, cryptocompare, forked, started, swapped_for) VALUES('SUNANA', 'SUNANA', '', '', NULL, 1742734626, NULL);
*
INSERT INTO assets(identifier, name, type) VALUES('SZN', 'SZN', 'P'); INSERT INTO common_asset_details(identifier, symbol, coingecko, cryptocompare, forked, started, swapped_for) VALUES('SZN', 'SZN', 'szn', '', NULL, 1742318346, NULL);
*
INSERT INTO assets(identifier, name, type) VALUES('eip155:1/erc20:0x0AFf507aC29B8CEA2FB10d2ad14408c2d79A35AD', 'CrypTalk', 'C'); INSERT INTO evm_tokens(identifier, token_kind, chain, address, decimals, protocol) VALUES('eip155:1/erc20:0x0AFf507aC29B8CEA2FB10d2ad14408c2d79A35AD', 'A', 1, '0x0AFf507aC29B8CEA2FB10d2ad14408c2d79A35AD', 18, NULL); INSERT INTO common_asset_details(identifier, symbol, coingecko, cryptocompare, forked, started, swapped_for) VALUES('eip155:1/erc20:0x0AFf507aC29B8CEA2FB10d2ad14408c2d79A35AD', 'TALK', 'cryptalk-2', '', NULL, 1742360255, NULL);
*
INSERT INTO assets(identifier, name, type) VALUES('eip155:56/erc20:0xCAAE2A2F939F51d97CdFa9A86e79e3F085b799f3', 'Tutorial', 'C'); INSERT INTO evm_tokens(identifier, token_kind, chain, address, decimals, protocol) VALUES('eip155:56/erc20:0xCAAE2A2F939F51d97CdFa9A86e79e3F085b799f3', 'A', 56, '0xCAAE2A2F939F51d97CdFa9A86e79e3F085b799f3', 18, NULL); INSERT INTO common_asset_details(identifier, symbol, coingecko, cryptocompare, forked, started, swapped_for) VALUES('eip155:56/erc20:0xCAAE2A2F939F51d97CdFa9A86e79e3F085b799f3', 'TUT', 'tutorial', '', NULL, 1738872981, NULL);
*
INSERT INTO assets(identifier, name, type) VALUES('eip155:1/erc20:0x1D88713b483A8E45cfF0e5CD7c2e15E5Fab4534d', 'StakeStone', 'C'); INSERT INTO evm_tokens(identifier, token_kind, chain, address, decimals, protocol) VALUES('eip155:1/erc20:0x1D88713b483A8E45cfF0e5CD7c2e15E5Fab4534d', 'A', 1, '0x1D88713b483A8E45cfF0e5CD7c2e15E5Fab4534d', 18, NULL); INSERT INTO common_asset_details(identifier, symbol, coingecko, cryptocompare, forked, started, swapped_for) VALUES('eip155:1/erc20:0x1D88713b483A8E45cfF0e5CD7c2e15E5Fab4534d', 'STO', 'stakestone', '', NULL, 1743082715, NULL);
*
INSERT INTO assets(identifier, name, type) VALUES('eip155:56/erc20:0xdAf1695c41327b61B9b9965Ac6A5843A3198cf07', 'StakeStone', 'C'); INSERT INTO evm_tokens(identifier, token_kind, chain, address, decimals, protocol) VALUES('eip155:56/erc20:0xdAf1695c41327b61B9b9965Ac6A5843A3198cf07', 'A', 56, '0xdAf1695c41327b61B9b9965Ac6A5843A3198cf07', 18, NULL); INSERT INTO common_asset_details(identifier, symbol, coingecko, cryptocompare, forked, started, swapped_for) VALUES('eip155:56/erc20:0xdAf1695c41327b61B9b9965Ac6A5843A3198cf07', 'STO', 'stakestone', '', NULL, 1743339678, NULL);
*
INSERT INTO assets(identifier, name, type) VALUES('eip155:8453/erc20:0x59264f02D301281f3393e1385c0aEFd446Eb0F00', 'PARTI Token', 'C'); INSERT INTO evm_tokens(identifier, token_kind, chain, address, decimals, protocol) VALUES('eip155:8453/erc20:0x59264f02D301281f3393e1385c0aEFd446Eb0F00', 'A', 8453, '0x59264f02D301281f3393e1385c0aEFd446Eb0F00', 18, NULL); INSERT INTO common_asset_details(identifier, symbol, coingecko, cryptocompare, forked, started, swapped_for) VALUES('eip155:8453/erc20:0x59264f02D301281f3393e1385c0aEFd446Eb0F00', 'PARTI', 'particle-network', 'PARTI', NULL, 1742570595, NULL);
*
INSERT INTO assets(identifier, name, type) VALUES('eip155:56/erc20:0x59264f02D301281f3393e1385c0aEFd446Eb0F00', 'PARTI Token', 'C'); INSERT INTO evm_tokens(identifier, token_kind, chain, address, decimals, protocol) VALUES('eip155:56/erc20:0x59264f02D301281f3393e1385c0aEFd446Eb0F00', 'A', 56, '0x59264f02D301281f3393e1385c0aEFd446Eb0F00', 18, NULL); INSERT INTO common_asset_details(identifier, symbol, coingecko, cryptocompare, forked, started, swapped_for) VALUES('eip155:56/erc20:0x59264f02D301281f3393e1385c0aEFd446Eb0F00', 'PARTI', 'particle-network', 'PARTI', NULL, 1742570412, NULL);
*
INSERT INTO assets(identifier, name, type) VALUES('eip155:1/erc20:0xC08e7E23C235073C6807C2EFE7021304cb7c2815', 'XUSD', 'C'); INSERT INTO evm_tokens(identifier, token_kind, chain, address, decimals, protocol) VALUES('eip155:1/erc20:0xC08e7E23C235073C6807C2EFE7021304cb7c2815', 'A', 1, '0xC08e7E23C235073C6807C2EFE7021304cb7c2815', 6, NULL); INSERT INTO common_asset_details(identifier, symbol, coingecko, cryptocompare, forked, started, swapped_for) VALUES('eip155:1/erc20:0xC08e7E23C235073C6807C2EFE7021304cb7c2815', 'XUSD', 'straitsx-xusd', '', NULL, 1706782307, NULL);
*
INSERT INTO assets(identifier, name, type) VALUES('eip155:56/erc20:0xF81aC2E1A0373ddE1BcE01E2Fe694a9b7E3bfcB9', 'XUSD', 'C'); INSERT INTO evm_tokens(identifier, token_kind, chain, address, decimals, protocol) VALUES('eip155:56/erc20:0xF81aC2E1A0373ddE1BcE01E2Fe694a9b7E3bfcB9', 'A', 56, '0xF81aC2E1A0373ddE1BcE01E2Fe694a9b7E3bfcB9', 6, NULL); INSERT INTO common_asset_details(identifier, symbol, coingecko, cryptocompare, forked, started, swapped_for) VALUES('eip155:56/erc20:0xF81aC2E1A0373ddE1BcE01E2Fe694a9b7E3bfcB9', 'XUSD', 'straitsx-xusd', '', NULL, 1723012897, NULL);
*
INSERT INTO assets(identifier, name, type) VALUES('0xc1fb593aeffbeb02f85e0308e9956a90', 'Purr', 'W'); INSERT INTO common_asset_details(identifier, symbol, coingecko, cryptocompare, forked, started, swapped_for) VALUES('0xc1fb593aeffbeb02f85e0308e9956a90', 'PURR', 'purr-2', '', NULL, NULL, NULL);
*
INSERT INTO assets(identifier, name, type) VALUES('0xbaf265ef389da684513d98d68edf4eae', 'Hypurr Fun', 'W'); INSERT INTO common_asset_details(identifier, symbol, coingecko, cryptocompare, forked, started, swapped_for) VALUES('0xbaf265ef389da684513d98d68edf4eae', 'HFUN', 'hypurr-fun', '', NULL, NULL, NULL);
*
INSERT INTO assets(identifier, name, type) VALUES('0xfcf28885456bf7e7cbe5b7a25407c5bc', 'Jeff', 'W'); INSERT INTO common_asset_details(identifier, symbol, coingecko, cryptocompare, forked, started, swapped_for) VALUES('0xfcf28885456bf7e7cbe5b7a25407c5bc', 'JEFF', 'jeff-3', '', NULL, NULL, NULL);
*
INSERT INTO assets(identifier, name, type) VALUES('0x4978f3f49f30776d9d7397b873223c2d', 'RUGMAN', 'W'); INSERT INTO common_asset_details(identifier, symbol, coingecko, cryptocompare, forked, started, swapped_for) VALUES('0x4978f3f49f30776d9d7397b873223c2d', 'RUG', 'rugman', '', NULL, NULL, NULL);
*
INSERT INTO assets(identifier, name, type) VALUES('0x3b5ff6cb91f71032578b53960090adfb', 'CZ on Hyperliquid', 'W'); INSERT INTO common_asset_details(identifier, symbol, coingecko, cryptocompare, forked, started, swapped_for) VALUES('0x3b5ff6cb91f71032578b53960090adfb', 'CZ', 'cz-on-hyperliquid', '', NULL, NULL, NULL);
*
INSERT INTO assets(identifier, name, type) VALUES('0xb693d596cd02f5f38e532e647bb43b69', 'Vegas', 'W'); INSERT INTO common_asset_details(identifier, symbol, coingecko, cryptocompare, forked, started, swapped_for) VALUES('0xb693d596cd02f5f38e532e647bb43b69', 'VEGAS', 'vegas', '', NULL, NULL, NULL);
*
INSERT INTO assets(identifier, name, type) VALUES('0xdb5190bea4b6ab178da0162420c93a73', 'Vapor', 'W'); INSERT INTO common_asset_details(identifier, symbol, coingecko, cryptocompare, forked, started, swapped_for) VALUES('0xdb5190bea4b6ab178da0162420c93a73', 'VAPOR', 'vapor', '', NULL, NULL, NULL);
*
INSERT INTO assets(identifier, name, type) VALUES('0x7631702302e6c7fbf69d369e0bcf45d6', 'Liquid Cat', 'W'); INSERT INTO common_asset_details(identifier, symbol, coingecko, cryptocompare, forked, started, swapped_for) VALUES('0x7631702302e6c7fbf69d369e0bcf45d6', 'CAT', 'cat-2', '', NULL, NULL, NULL);
*
INSERT INTO assets(identifier, name, type) VALUES('0x58fb407b5fce2b90348cdf090d6dd3d4', 'FRACTRADE', 'W'); INSERT INTO common_asset_details(identifier, symbol, coingecko, cryptocompare, forked, started, swapped_for) VALUES('0x58fb407b5fce2b90348cdf090d6dd3d4', 'FRAC', 'fractrade', '', NULL, NULL, NULL);
*
INSERT INTO assets(identifier, name, type) VALUES('0xbebb35d03b83a302a2aa06dbaa67dd9f', 'ATEHUN', 'W'); INSERT INTO common_asset_details(identifier, symbol, coingecko, cryptocompare, forked, started, swapped_for) VALUES('0xbebb35d03b83a302a2aa06dbaa67dd9f', 'ATEHUN', 'atehun', '', NULL, NULL, NULL);
*
INSERT INTO assets(identifier, name, type) VALUES('0x38348c17e1a18559bbda232d22007695', 'Catbal', 'W'); INSERT INTO common_asset_details(identifier, symbol, coingecko, cryptocompare, forked, started, swapped_for) VALUES('0x38348c17e1a18559bbda232d22007695', 'CATBAL', 'catbal', '', NULL, NULL, NULL);
*
INSERT INTO assets(identifier, name, type) VALUES('0xa82aa458b2c146e97733d0c05374aa0e', 'Hyperlauncher', 'W'); INSERT INTO common_asset_details(identifier, symbol, coingecko, cryptocompare, forked, started, swapped_for) VALUES('0xa82aa458b2c146e97733d0c05374aa0e', 'LAUNCH', 'hyperlauncher', '', NULL, NULL, NULL);
*
INSERT INTO assets(identifier, name, type) VALUES('0x288553d859333b90ede88640b4279598', 'Vault Overflow', 'W'); INSERT INTO common_asset_details(identifier, symbol, coingecko, cryptocompare, forked, started, swapped_for) VALUES('0x288553d859333b90ede88640b4279598', 'VAULT', 'vault-overflow', '', NULL, NULL, NULL);
*
INSERT INTO assets(identifier, name, type) VALUES('0x52a110041682dbf38277c80a72eecba6', 'H', 'W'); INSERT INTO common_asset_details(identifier, symbol, coingecko, cryptocompare, forked, started, swapped_for) VALUES('0x52a110041682dbf38277c80a72eecba6', 'H', 'h', '', NULL, NULL, NULL);
*
INSERT INTO assets(identifier, name, type) VALUES('0xe85f43e1f91e3c8cdf3acbd7e0855b8e', 'PiP', 'W'); INSERT INTO common_asset_details(identifier, symbol, coingecko, cryptocompare, forked, started, swapped_for) VALUES('0xe85f43e1f91e3c8cdf3acbd7e0855b8e', 'PIP', 'pip-3', '', NULL, NULL, NULL);
*
INSERT INTO assets(identifier, name, type) VALUES('0x2150c49b1b981b88349dae535d607ce2', 'YEETI 液体', 'W'); INSERT INTO common_asset_details(identifier, symbol, coingecko, cryptocompare, forked, started, swapped_for) VALUES('0x2150c49b1b981b88349dae535d607ce2', 'YEETI', 'yeeti', '', NULL, NULL, NULL);
*
INSERT INTO assets(identifier, name, type) VALUES('0x0dd6980f71e51e6f218a9b7d53c837f6', 'Liquina', 'W'); INSERT INTO common_asset_details(identifier, symbol, coingecko, cryptocompare, forked, started, swapped_for) VALUES('0x0dd6980f71e51e6f218a9b7d53c837f6', 'LQNA', 'liquina', '', NULL, NULL, NULL);
*
INSERT INTO assets(identifier, name, type) VALUES('0xb3d30d38259b99d4a6daaf72ded7bf34', 'FRUDO', 'W'); INSERT INTO common_asset_details(identifier, symbol, coingecko, cryptocompare, forked, started, swapped_for) VALUES('0xb3d30d38259b99d4a6daaf72ded7bf34', 'FRUDO', 'frudo', '', NULL, NULL, NULL);
*
INSERT INTO assets(identifier, name, type) VALUES('0x7b659352508b25500406b4cd7fdc4f8c', 'Autist', 'W'); INSERT INTO common_asset_details(identifier, symbol, coingecko, cryptocompare, forked, started, swapped_for) VALUES('0x7b659352508b25500406b4cd7fdc4f8c', 'AUTIST', 'autist', '', NULL, NULL, NULL);
*
INSERT INTO assets(identifier, name, type) VALUES('0x11c83b5cfeb6419a74a85a5aaba0511d', 'FARM', 'W'); INSERT INTO common_asset_details(identifier, symbol, coingecko, cryptocompare, forked, started, swapped_for) VALUES('0x11c83b5cfeb6419a74a85a5aaba0511d', 'FARM', 'farm-2', '', NULL, NULL, NULL);
*
INSERT INTO assets(identifier, name, type) VALUES('0xc6aef97252f0081eb8246e24f24c5fe7', 'Sovrun', 'W'); INSERT INTO common_asset_details(identifier, symbol, coingecko, cryptocompare, forked, started, swapped_for) VALUES('0xc6aef97252f0081eb8246e24f24c5fe7', 'SOVRN', 'sovrun', '', NULL, NULL, NULL);
*
INSERT INTO assets(identifier, name, type) VALUES('0xf1b242b9725266c3c634909fb575ef10', 'HYENA', 'W'); INSERT INTO common_asset_details(identifier, symbol, coingecko, cryptocompare, forked, started, swapped_for) VALUES('0xf1b242b9725266c3c634909fb575ef10', 'HYENA', 'hyena', '', NULL, NULL, NULL);
*
INSERT INTO assets(identifier, name, type) VALUES('0x934a7e00c1b047c2d27967663f58befe', 'DEPIN', 'W'); INSERT INTO common_asset_details(identifier, symbol, coingecko, cryptocompare, forked, started, swapped_for) VALUES('0x934a7e00c1b047c2d27967663f58befe', 'DEPIN', 'depin', '', NULL, NULL, NULL);
*
INSERT INTO assets(identifier, name, type) VALUES('0xd7a5b9b760fd758d2e3f6f3ecd2ae5bb', 'ORA Coin', 'W'); INSERT INTO common_asset_details(identifier, symbol, coingecko, cryptocompare, forked, started, swapped_for) VALUES('0xd7a5b9b760fd758d2e3f6f3ecd2ae5bb', 'ORA', 'ora-coin', '', NULL, NULL, NULL);
*
INSERT INTO assets(identifier, name, type) VALUES('0xa043053570d42d6f553896820dfd42b6', 'LiquidLaunch', 'W'); INSERT INTO common_asset_details(identifier, symbol, coingecko, cryptocompare, forked, started, swapped_for) VALUES('0xa043053570d42d6f553896820dfd42b6', 'LIQD', 'liquidlaunch', '', NULL, NULL, NULL);
*
INSERT INTO assets(identifier, name, type) VALUES('0x2ceb1907ce5c0c98b86e733d15aea34b', 'Sentiient', 'W'); INSERT INTO common_asset_details(identifier, symbol, coingecko, cryptocompare, forked, started, swapped_for) VALUES('0x2ceb1907ce5c0c98b86e733d15aea34b', 'SENT', 'sentiient', '', NULL, NULL, NULL);
*
INSERT INTO assets(identifier, name, type) VALUES('0x55db85bd0938b111d0f78a98173fd99a', 'HyperFly', 'W'); INSERT INTO common_asset_details(identifier, symbol, coingecko, cryptocompare, forked, started, swapped_for) VALUES('0x55db85bd0938b111d0f78a98173fd99a', 'FLY', 'hyperfly', '', NULL, NULL, NULL);
*
INSERT INTO assets(identifier, name, type) VALUES('0xad426cf28a66dc0c8f3b931018ba9845', 'HedgewaterDAO', 'W'); INSERT INTO common_asset_details(identifier, symbol, coingecko, cryptocompare, forked, started, swapped_for) VALUES('0xad426cf28a66dc0c8f3b931018ba9845', 'HWTR', 'hedgewaterdao', '', NULL, NULL, NULL);
*
INSERT INTO assets(identifier, name, type) VALUES('0xe1edd30daaf5caac3fe63569e24748da', 'Unit Ethereum', 'W'); INSERT INTO common_asset_details(identifier, symbol, coingecko, cryptocompare, forked, started, swapped_for) VALUES('0xe1edd30daaf5caac3fe63569e24748da', 'UETH', 'unit-ethereum', '', NULL, NULL, NULL);
*
INSERT INTO assets(identifier, name, type) VALUES('eip155:42161/erc20:0x0c06cCF38114ddfc35e07427B9424adcca9F44F8', 'Monerium EURe', 'C'); INSERT INTO evm_tokens(identifier, token_kind, chain, address, decimals, protocol) VALUES('eip155:42161/erc20:0x0c06cCF38114ddfc35e07427B9424adcca9F44F8', 'A', 42161, '0x0c06cCF38114ddfc35e07427B9424adcca9F44F8', 18, NULL); INSERT INTO common_asset_details(identifier, symbol, coingecko, cryptocompare, forked, started, swapped_for) VALUES('eip155:42161/erc20:0x0c06cCF38114ddfc35e07427B9424adcca9F44F8', 'EURe', 'monerium-eur-money-2', 'EURE', NULL, 1726147702, NULL);
*
INSERT INTO assets(identifier, name, type) VALUES('eip155:42161/erc20:0x2D80dBf04D0802abD7A342DaFA5d7cB42bfbb52f', 'Monerium GBPe', 'C'); INSERT INTO evm_tokens(identifier, token_kind, chain, address, decimals, protocol) VALUES('eip155:42161/erc20:0x2D80dBf04D0802abD7A342DaFA5d7cB42bfbb52f', 'A', 42161, '0x2D80dBf04D0802abD7A342DaFA5d7cB42bfbb52f', 18, NULL); INSERT INTO common_asset_details(identifier, symbol, coingecko, cryptocompare, forked, started, swapped_for) VALUES('eip155:42161/erc20:0x2D80dBf04D0802abD7A342DaFA5d7cB42bfbb52f', 'GBPe', 'monerium-gbp-emoney', '', NULL, 1726147703, NULL);
*
INSERT INTO assets(identifier, name, type) VALUES('eip155:42161/erc20:0x0Fc041a4B6a3F634445804daAFD03f202337C125', 'Monerium USDe', 'C'); INSERT INTO evm_tokens(identifier, token_kind, chain, address, decimals, protocol) VALUES('eip155:42161/erc20:0x0Fc041a4B6a3F634445804daAFD03f202337C125', 'A', 42161, '0x0Fc041a4B6a3F634445804daAFD03f202337C125', 18, NULL); INSERT INTO common_asset_details(identifier, symbol, coingecko, cryptocompare, forked, started, swapped_for) VALUES('eip155:42161/erc20:0x0Fc041a4B6a3F634445804daAFD03f202337C125', 'USDe', '', '', NULL, 1726147705, NULL);
*
INSERT INTO assets(identifier, name, type) VALUES('eip155:42161/erc20:0x845a96969e8d84FF32B8939934d9771005178920', 'Monerium ISKe', 'C'); INSERT INTO evm_tokens(identifier, token_kind, chain, address, decimals, protocol) VALUES('eip155:42161/erc20:0x845a96969e8d84FF32B8939934d9771005178920', 'A', 42161, '0x845a96969e8d84FF32B8939934d9771005178920', 18, NULL); INSERT INTO common_asset_details(identifier, symbol, coingecko, cryptocompare, forked, started, swapped_for) VALUES('eip155:42161/erc20:0x845a96969e8d84FF32B8939934d9771005178920', 'ISKe', '', '', NULL, 1726147704, NULL);
*
INSERT INTO assets(identifier, name, type) VALUES('eip155:534352/erc20:0xd7BB130A48595fCDf9480E36C1aE97ff2938aC21', 'Monerium EURe', 'C'); INSERT INTO evm_tokens(identifier, token_kind, chain, address, decimals, protocol) VALUES('eip155:534352/erc20:0xd7BB130A48595fCDf9480E36C1aE97ff2938aC21', 'A', 534352, '0xd7BB130A48595fCDf9480E36C1aE97ff2938aC21', 18, NULL); INSERT INTO common_asset_details(identifier, symbol, coingecko, cryptocompare, forked, started, swapped_for) VALUES('eip155:534352/erc20:0xd7BB130A48595fCDf9480E36C1aE97ff2938aC21', 'EURe', 'monerium-eur-money-2', 'EURE', NULL, 1741941591, NULL);
*
INSERT INTO assets(identifier, name, type) VALUES('eip155:534352/erc20:0x484D0D40773fa021B3D30232B4CAac6c7db283Fb', 'Monerium GBPe', 'C'); INSERT INTO evm_tokens(identifier, token_kind, chain, address, decimals, protocol) VALUES('eip155:534352/erc20:0x484D0D40773fa021B3D30232B4CAac6c7db283Fb', 'A', 534352, '0x484D0D40773fa021B3D30232B4CAac6c7db283Fb', 18, NULL); INSERT INTO common_asset_details(identifier, symbol, coingecko, cryptocompare, forked, started, swapped_for) VALUES('eip155:534352/erc20:0x484D0D40773fa021B3D30232B4CAac6c7db283Fb', 'GBPe', 'monerium-gbp-emoney', '', NULL, 1741941591, NULL);
*
INSERT INTO assets(identifier, name, type) VALUES('eip155:534352/erc20:0x673541D0d71Dc324a6c94aCDcd540BcA8C5eA289', 'Monerium USDe', 'C'); INSERT INTO evm_tokens(identifier, token_kind, chain, address, decimals, protocol) VALUES('eip155:534352/erc20:0x673541D0d71Dc324a6c94aCDcd540BcA8C5eA289', 'A', 534352, '0x673541D0d71Dc324a6c94aCDcd540BcA8C5eA289', 18, NULL); INSERT INTO common_asset_details(identifier, symbol, coingecko, cryptocompare, forked, started, swapped_for) VALUES('eip155:534352/erc20:0x673541D0d71Dc324a6c94aCDcd540BcA8C5eA289', 'USDe', '', '', NULL, 1741941591, NULL);
*
INSERT INTO assets(identifier, name, type) VALUES('eip155:534352/erc20:0x9B4e8238D3Efd628E64d8A75bB29B309DaD6080e', 'Monerium ISKe', 'C'); INSERT INTO evm_tokens(identifier, token_kind, chain, address, decimals, protocol) VALUES('eip155:534352/erc20:0x9B4e8238D3Efd628E64d8A75bB29B309DaD6080e', 'A', 534352, '0x9B4e8238D3Efd628E64d8A75bB29B309DaD6080e', 18, NULL); INSERT INTO common_asset_details(identifier, symbol, coingecko, cryptocompare, forked, started, swapped_for) VALUES('eip155:534352/erc20:0x9B4e8238D3Efd628E64d8A75bB29B309DaD6080e', 'ISKe', '', '', NULL, 1741941591, NULL);
*
INSERT INTO assets(identifier, name, type) VALUES('AMI', 'Amnis Finance', 'W'); INSERT INTO common_asset_details(identifier, symbol, coingecko, cryptocompare, forked, started, swapped_for) VALUES('AMI', 'AMI', 'ami', 'AMAPT', NULL, 1742947281, NULL);
*
INSERT INTO assets(identifier, name, type) VALUES('B3TR', 'VeBetterDAO', 'W'); INSERT INTO common_asset_details(identifier, symbol, coingecko, cryptocompare, forked, started, swapped_for) VALUES('B3TR', 'B3TR', 'vebetterdao', 'B3TR', NULL, 1719209470, NULL);
*
INSERT INTO assets(identifier, name, type) VALUES('BABYLON', 'Babylon', 'W'); INSERT INTO common_asset_details(identifier, symbol, coingecko, cryptocompare, forked, started, swapped_for) VALUES('BABYLON', 'BABY', 'babylon', 'BABYLON', NULL, 1723556714, NULL);
*
INSERT INTO assets(identifier, name, type) VALUES('PAWS', 'Paws', 'Y'); INSERT INTO common_asset_details(identifier, symbol, coingecko, cryptocompare, forked, started, swapped_for) VALUES('PAWS', 'PAWS', 'paws', '', NULL, 1740501119, NULL);
*
INSERT INTO assets(identifier, name, type) VALUES('BARSIK', 'Hasbullas Cat', 'Y'); INSERT INTO common_asset_details(identifier, symbol, coingecko, cryptocompare, forked, started, swapped_for) VALUES('BARSIK', 'BARSIK', 'hasbulla-s-cat', 'BARSIK', NULL, 1731530537, NULL);
*
INSERT INTO assets(identifier, name, type) VALUES('DEFIANT', 'Defiant', 'Y'); INSERT INTO common_asset_details(identifier, symbol, coingecko, cryptocompare, forked, started, swapped_for) VALUES('DEFIANT', 'DEFIANT', 'defiant-2', '', NULL, 1744835944, NULL);
*
INSERT INTO assets(identifier, name, type) VALUES('FIGURE', 'Action Figure', 'Y'); INSERT INTO common_asset_details(identifier, symbol, coingecko, cryptocompare, forked, started, swapped_for) VALUES('FIGURE', 'FIGURE', 'action-figure', '', NULL, 1743438863, NULL);
*
INSERT INTO assets(identifier, name, type) VALUES('HOUSE', 'Housecoin', 'Y'); INSERT INTO common_asset_details(identifier, symbol, coingecko, cryptocompare, forked, started, swapped_for) VALUES('HOUSE', 'HOUSE', 'housecoin-2', '', NULL, 1742834682, NULL);
*
INSERT INTO assets(identifier, name, type) VALUES('WIZARD', 'Wizard Gang', 'Y'); INSERT INTO common_asset_details(identifier, symbol, coingecko, cryptocompare, forked, started, swapped_for) VALUES('WIZARD', 'WIZARD', 'wizard-gang', '', NULL, 1744213911, NULL);
*
INSERT INTO assets(identifier, name, type) VALUES('eip155:56/erc20:0xd55C9fB62E176a8Eb6968f32958FeFDD0962727E', 'MindNetwork FHE Token', 'C'); INSERT INTO evm_tokens(identifier, token_kind, chain, address, decimals, protocol) VALUES('eip155:56/erc20:0xd55C9fB62E176a8Eb6968f32958FeFDD0962727E', 'A', 56, '0xd55C9fB62E176a8Eb6968f32958FeFDD0962727E', 18, NULL); INSERT INTO common_asset_details(identifier, symbol, coingecko, cryptocompare, forked, started, swapped_for) VALUES('eip155:56/erc20:0xd55C9fB62E176a8Eb6968f32958FeFDD0962727E', 'FHE', "mind-network", "FHE", NULL, 1743092916, NULL);
*
INSERT INTO assets(identifier, name, type) VALUES('eip155:1/erc20:0xd55C9fB62E176a8Eb6968f32958FeFDD0962727E', 'MindNetwork FHE Token', 'C'); INSERT INTO evm_tokens(identifier, token_kind, chain, address, decimals, protocol) VALUES('eip155:1/erc20:0xd55C9fB62E176a8Eb6968f32958FeFDD0962727E', 'A', 1, '0xd55C9fB62E176a8Eb6968f32958FeFDD0962727E', 18, NULL); INSERT INTO common_asset_details(identifier, symbol, coingecko, cryptocompare, forked, started, swapped_for) VALUES('eip155:1/erc20:0xd55C9fB62E176a8Eb6968f32958FeFDD0962727E', 'FHE', "mind-network", "FHE", NULL, 1743092819, NULL);
*
INSERT INTO assets(identifier, name, type) VALUES('eip155:1/erc20:0x28d38dF637dB75533bD3F71426F3410a82041544', 'Prompt', 'C'); INSERT INTO evm_tokens(identifier, token_kind, chain, address, decimals, protocol) VALUES('eip155:1/erc20:0x28d38dF637dB75533bD3F71426F3410a82041544', 'A', 1, '0x28d38dF637dB75533bD3F71426F3410a82041544', 18, NULL); INSERT INTO common_asset_details(identifier, symbol, coingecko, cryptocompare, forked, started, swapped_for) VALUES('eip155:1/erc20:0x28d38dF637dB75533bD3F71426F3410a82041544', 'PROMPT', "wayfinder", "PROMPT", NULL, 1742503967, NULL);
*
INSERT INTO assets(identifier, name, type) VALUES('eip155:8453/erc20:0x30c7235866872213F68cb1F08c37Cb9eCCB93452', 'Prompt', 'C'); INSERT INTO evm_tokens(identifier, token_kind, chain, address, decimals, protocol) VALUES('eip155:8453/erc20:0x30c7235866872213F68cb1F08c37Cb9eCCB93452', 'A', 8453, '0x30c7235866872213F68cb1F08c37Cb9eCCB93452', 18, NULL); INSERT INTO common_asset_details(identifier, symbol, coingecko, cryptocompare, forked, started, swapped_for) VALUES('eip155:8453/erc20:0x30c7235866872213F68cb1F08c37Cb9eCCB93452', 'PROMPT', "wayfinder", "PROMPT", NULL, 1742504369, NULL);
*
INSERT INTO assets(identifier, name, type) VALUES('eip155:56/erc20:0x541EEC85ef7452D16814D32aB555dF33F0E4cEAD', 'Biao', 'C'); INSERT INTO evm_tokens(identifier, token_kind, chain, address, decimals, protocol) VALUES('eip155:56/erc20:0x541EEC85ef7452D16814D32aB555dF33F0E4cEAD', 'A', 56, '0x541EEC85ef7452D16814D32aB555dF33F0E4cEAD', 18, NULL); INSERT INTO common_asset_details(identifier, symbol, coingecko, cryptocompare, forked, started, swapped_for) VALUES('eip155:56/erc20:0x541EEC85ef7452D16814D32aB555dF33F0E4cEAD', 'BIAO', "biao-on-bnbchain", "BIAO", NULL, 1739494489, NULL);
*
INSERT INTO assets(identifier, name, type) VALUES('eip155:56/erc20:0x92aa03137385F18539301349dcfC9EbC923fFb10', 'SKYAI', 'C'); INSERT INTO evm_tokens(identifier, token_kind, chain, address, decimals, protocol) VALUES('eip155:56/erc20:0x92aa03137385F18539301349dcfC9EbC923fFb10', 'A', 56, '0x92aa03137385F18539301349dcfC9EbC923fFb10', 18, NULL); INSERT INTO common_asset_details(identifier, symbol, coingecko, cryptocompare, forked, started, swapped_for) VALUES('eip155:56/erc20:0x92aa03137385F18539301349dcfC9EbC923fFb10', 'SKYAI', "skyai", "", NULL, 1745093068, NULL);
*
INSERT INTO assets(identifier, name, type) VALUES('eip155:56/erc20:0x3Dc8e2d80b6215a1BCcAe4d38715C3520581E77c', 'Balance', 'C'); INSERT INTO evm_tokens(identifier, token_kind, chain, address, decimals, protocol) VALUES('eip155:56/erc20:0x3Dc8e2d80b6215a1BCcAe4d38715C3520581E77c', 'A', 56, '0x3Dc8e2d80b6215a1BCcAe4d38715C3520581E77c', 18, NULL); INSERT INTO common_asset_details(identifier, symbol, coingecko, cryptocompare, forked, started, swapped_for) VALUES('eip155:56/erc20:0x3Dc8e2d80b6215a1BCcAe4d38715C3520581E77c', 'EPT', "balance", "", NULL, 1744732284, NULL);
*
INSERT INTO assets(identifier, name, type) VALUES('eip155:56/erc20:0x503Fa24B7972677F00C4618e5FBe237780C1df53', 'KiloEx Token', 'C'); INSERT INTO evm_tokens(identifier, token_kind, chain, address, decimals, protocol) VALUES('eip155:56/erc20:0x503Fa24B7972677F00C4618e5FBe237780C1df53', 'A', 56, '0x503Fa24B7972677F00C4618e5FBe237780C1df53', 18, NULL); INSERT INTO common_asset_details(identifier, symbol, coingecko, cryptocompare, forked, started, swapped_for) VALUES('eip155:56/erc20:0x503Fa24B7972677F00C4618e5FBe237780C1df53', 'KILO', "kiloex", "KILO", NULL, 1742377199, NULL);
*
INSERT INTO assets(identifier, name, type) VALUES('eip155:1/erc20:0xC65d8d96cddDB31328186EFA113a460b0Af9Ec63', 'PELL Network Token', 'C'); INSERT INTO evm_tokens(identifier, token_kind, chain, address, decimals, protocol) VALUES('eip155:1/erc20:0xC65d8d96cddDB31328186EFA113a460b0Af9Ec63', 'A', 1, '0xC65d8d96cddDB31328186EFA113a460b0Af9Ec63', 18, NULL); INSERT INTO common_asset_details(identifier, symbol, coingecko, cryptocompare, forked, started, swapped_for) VALUES('eip155:1/erc20:0xC65d8d96cddDB31328186EFA113a460b0Af9Ec63', 'PELL', "pell-network-token", "PELL", NULL, 1737460895, NULL);
*
INSERT INTO assets(identifier, name, type) VALUES('eip155:42161/erc20:0xC65d8d96cddDB31328186EFA113a460b0Af9Ec63', 'PELL Network Token', 'C'); INSERT INTO evm_tokens(identifier, token_kind, chain, address, decimals, protocol) VALUES('eip155:42161/erc20:0xC65d8d96cddDB31328186EFA113a460b0Af9Ec63', 'A', 42161, '0xC65d8d96cddDB31328186EFA113a460b0Af9Ec63', 18, NULL); INSERT INTO common_asset_details(identifier, symbol, coingecko, cryptocompare, forked, started, swapped_for) VALUES('eip155:42161/erc20:0xC65d8d96cddDB31328186EFA113a460b0Af9Ec63', 'PELL', "pell-network-token", "PELL", NULL, 1737703382, NULL);
*
INSERT INTO assets(identifier, name, type) VALUES('eip155:56/erc20:0xC65d8d96cddDB31328186EFA113a460b0Af9Ec63', 'PELL Network Token', 'C'); INSERT INTO evm_tokens(identifier, token_kind, chain, address, decimals, protocol) VALUES('eip155:56/erc20:0xC65d8d96cddDB31328186EFA113a460b0Af9Ec63', 'A', 56, '0xC65d8d96cddDB31328186EFA113a460b0Af9Ec63', 18, NULL); INSERT INTO common_asset_details(identifier, symbol, coingecko, cryptocompare, forked, started, swapped_for) VALUES('eip155:56/erc20:0xC65d8d96cddDB31328186EFA113a460b0Af9Ec63', 'PELL', "pell-network-token", "PELL", NULL, 1737703461, NULL);
*
INSERT INTO assets(identifier, name, type) VALUES('eip155:56/erc20:0xB035723D62e0e2ea7499D76355c9D560f13ba404', 'Space Nation Oikos', 'C'); INSERT INTO evm_tokens(identifier, token_kind, chain, address, decimals, protocol) VALUES('eip155:56/erc20:0xB035723D62e0e2ea7499D76355c9D560f13ba404', 'A', 56, '0xB035723D62e0e2ea7499D76355c9D560f13ba404', 18, NULL); INSERT INTO common_asset_details(identifier, symbol, coingecko, cryptocompare, forked, started, swapped_for) VALUES('eip155:56/erc20:0xB035723D62e0e2ea7499D76355c9D560f13ba404', 'OIK', "space-nation-oikos", "OKS", NULL, 1742372338, NULL);
*
INSERT INTO assets(identifier, name, type) VALUES('eip155:1/erc20:0x6E7F11641c1EC71591828E531334192d622703F7', 'Space Nation Oikos', 'C'); INSERT INTO evm_tokens(identifier, token_kind, chain, address, decimals, protocol) VALUES('eip155:1/erc20:0x6E7F11641c1EC71591828E531334192d622703F7', 'A', 1, '0x6E7F11641c1EC71591828E531334192d622703F7', 18, NULL); INSERT INTO common_asset_details(identifier, symbol, coingecko, cryptocompare, forked, started, swapped_for) VALUES('eip155:1/erc20:0x6E7F11641c1EC71591828E531334192d622703F7', 'OIK', "space-nation-oikos", "OKS", NULL, 1739786123, NULL);
*
INSERT INTO assets(identifier, name, type) VALUES('eip155:1/erc20:0x3f80B1c54Ae920Be41a77f8B902259D48cf24cCf', 'KERNEL', 'C'); INSERT INTO evm_tokens(identifier, token_kind, chain, address, decimals, protocol) VALUES('eip155:1/erc20:0x3f80B1c54Ae920Be41a77f8B902259D48cf24cCf', 'A', 1, '0x3f80B1c54Ae920Be41a77f8B902259D48cf24cCf', 18, NULL); INSERT INTO common_asset_details(identifier, symbol, coingecko, cryptocompare, forked, started, swapped_for) VALUES('eip155:1/erc20:0x3f80B1c54Ae920Be41a77f8B902259D48cf24cCf', 'KERNEL', 'kernel-2', 'KERNEL', NULL, 1733751287, NULL);
*
INSERT INTO assets(identifier, name, type) VALUES('eip155:56/erc20:0x9eCaf80c1303CCA8791aFBc0AD405c8a35e8d9f1', 'KERNEL', 'C'); INSERT INTO evm_tokens(identifier, token_kind, chain, address, decimals, protocol) VALUES('eip155:56/erc20:0x9eCaf80c1303CCA8791aFBc0AD405c8a35e8d9f1', 'A', 56, '0x9eCaf80c1303CCA8791aFBc0AD405c8a35e8d9f1', 18, NULL); INSERT INTO common_asset_details(identifier, symbol, coingecko, cryptocompare, forked, started, swapped_for) VALUES('eip155:56/erc20:0x9eCaf80c1303CCA8791aFBc0AD405c8a35e8d9f1', 'KERNEL', 'kernel-2', 'KERNEL', NULL, 1734432513, NULL);
*
INSERT INTO assets(identifier, name, type) VALUES('eip155:42161/erc20:0x6E401189c8A68D05562c9Bab7f674f910821EAcF', 'KERNEL', 'C'); INSERT INTO evm_tokens(identifier, token_kind, chain, address, decimals, protocol) VALUES('eip155:42161/erc20:0x6E401189c8A68D05562c9Bab7f674f910821EAcF', 'A', 42161, '0x6E401189c8A68D05562c9Bab7f674f910821EAcF', 18, NULL); INSERT INTO common_asset_details(identifier, symbol, coingecko, cryptocompare, forked, started, swapped_for) VALUES('eip155:42161/erc20:0x6E401189c8A68D05562c9Bab7f674f910821EAcF', 'KERNEL', 'kernel-2', 'KERNEL', NULL, 1734432513, NULL);
*
INSERT INTO assets(identifier, name, type) VALUES('eip155:42161/erc20:0x5F8a7c646511A790C53F171891E5d469cA884EdE', 'Slingshot', 'C'); INSERT INTO evm_tokens(identifier, token_kind, chain, address, decimals, protocol) VALUES('eip155:42161/erc20:0x5F8a7c646511A790C53F171891E5d469cA884EdE', 'A', 42161, '0x5F8a7c646511A790C53F171891E5d469cA884EdE', 18, NULL); INSERT INTO common_asset_details(identifier, symbol, coingecko, cryptocompare, forked, started, swapped_for) VALUES('eip155:42161/erc20:0x5F8a7c646511A790C53F171891E5d469cA884EdE', 'SLING', 'slingshot-2', '', NULL, 1718803002, NULL);
*
INSERT INTO assets(identifier, name, type) VALUES('eip155:56/erc20:0xd5369a3CaC0f4448A9A96bb98AF9c887c92fC37B', 'Bubb', 'C'); INSERT INTO evm_tokens(identifier, token_kind, chain, address, decimals, protocol) VALUES('eip155:56/erc20:0xd5369a3CaC0f4448A9A96bb98AF9c887c92fC37B', 'A', 56, '0xd5369a3CaC0f4448A9A96bb98AF9c887c92fC37B', 18, NULL); INSERT INTO common_asset_details(identifier, symbol, coingecko, cryptocompare, forked, started, swapped_for) VALUES('eip155:56/erc20:0xd5369a3CaC0f4448A9A96bb98AF9c887c92fC37B', 'BUBB', 'bubb', 'BUBB', NULL, 1742416989, NULL);
*
INSERT INTO assets(identifier, name, type) VALUES('SEEDONSUI', 'SEED', 'W'); INSERT INTO common_asset_details(identifier, symbol, coingecko, cryptocompare, forked, started, swapped_for) VALUES('SEEDONSUI', 'SEED', 'seed-3', '', NULL, 1743465600, NULL);
*
INSERT INTO assets(identifier, name, type) VALUES('WAVONSUI', 'WAV', 'W'); INSERT INTO common_asset_details(identifier, symbol, coingecko, cryptocompare, forked, started, swapped_for) VALUES('WAVONSUI', 'WAV', 'wave', '', NULL, 1737371820, NULL);
*
INSERT INTO assets(identifier, name, type) VALUES('DOMIN', 'Domin Network', 'W'); INSERT INTO common_asset_details(identifier, symbol, coingecko, cryptocompare, forked, started, swapped_for) VALUES('DOMIN', 'DOMIN', 'domin-network', '', NULL, 1741783131, NULL);
*
INSERT INTO assets(identifier, name, type) VALUES('eip155:1/erc20:0x2d8eA194902Bc55431420BD26Be92b0782dCe91D', 'ZNDToken', 'C'); INSERT INTO evm_tokens(identifier, token_kind, chain, address, decimals, protocol) VALUES('eip155:1/erc20:0x2d8eA194902Bc55431420BD26Be92b0782dCe91D', 'A', 1, '0x2d8eA194902Bc55431420BD26Be92b0782dCe91D', 18, NULL); INSERT INTO common_asset_details(identifier, symbol, coingecko, cryptocompare, forked, started, swapped_for) VALUES('eip155:1/erc20:0x2d8eA194902Bc55431420BD26Be92b0782dCe91D', 'ZND', 'znd-token', 'ZND', NULL, 1729264823, NULL);
*
INSERT INTO assets(identifier, name, type) VALUES('eip155:56/erc20:0x6587eff07D9aE00f05FAe2a3a032B2C1a1dFCE41', 'Freedogs', 'C'); INSERT INTO evm_tokens(identifier, token_kind, chain, address, decimals, protocol) VALUES('eip155:56/erc20:0x6587eff07D9aE00f05FAe2a3a032B2C1a1dFCE41', 'A', 56, '0x6587eff07D9aE00f05FAe2a3a032B2C1a1dFCE41', 18, NULL); INSERT INTO common_asset_details(identifier, symbol, coingecko, cryptocompare, forked, started, swapped_for) VALUES('eip155:56/erc20:0x6587eff07D9aE00f05FAe2a3a032B2C1a1dFCE41', 'FREEDOG', 'freedogs', '', NULL, 1743476373, NULL);
*
INSERT INTO assets(identifier, name, type) VALUES('eip155:1/erc20:0x9e3B5582b22E3835896368017bAfF6D942A41cd9', 'Haven1', 'C'); INSERT INTO evm_tokens(identifier, token_kind, chain, address, decimals, protocol) VALUES('eip155:1/erc20:0x9e3B5582b22E3835896368017bAfF6D942A41cd9', 'A', 1, '0x9e3B5582b22E3835896368017bAfF6D942A41cd9', 18, NULL); INSERT INTO common_asset_details(identifier, symbol, coingecko, cryptocompare, forked, started, swapped_for) VALUES('eip155:1/erc20:0x9e3B5582b22E3835896368017bAfF6D942A41cd9', 'H1', 'haven1', '', NULL, 1743673655, NULL);
*
INSERT INTO assets(identifier, name, type) VALUES('eip155:1/erc20:0x3Dc8e2d80b6215a1BCcAe4d38715C3520581E77c', 'Balance', 'C'); INSERT INTO evm_tokens(identifier, token_kind, chain, address, decimals, protocol) VALUES('eip155:1/erc20:0x3Dc8e2d80b6215a1BCcAe4d38715C3520581E77c', 'A', 1, '0x3Dc8e2d80b6215a1BCcAe4d38715C3520581E77c', 18, NULL); INSERT INTO common_asset_details(identifier, symbol, coingecko, cryptocompare, forked, started, swapped_for) VALUES('eip155:1/erc20:0x3Dc8e2d80b6215a1BCcAe4d38715C3520581E77c', 'EPT', 'balance', '', NULL, 1744732295, NULL);
*
INSERT INTO assets(identifier, name, type) VALUES('eip155:42161/erc20:0x010700AB046Dd8e92b0e3587842080Df36364ed3', 'Kinto', 'C'); INSERT INTO evm_tokens(identifier, token_kind, chain, address, decimals, protocol) VALUES('eip155:42161/erc20:0x010700AB046Dd8e92b0e3587842080Df36364ed3', 'A', 42161, '0x010700AB046Dd8e92b0e3587842080Df36364ed3', 18, NULL); INSERT INTO common_asset_details(identifier, symbol, coingecko, cryptocompare, forked, started, swapped_for) VALUES('eip155:42161/erc20:0x010700AB046Dd8e92b0e3587842080Df36364ed3', 'K', 'kinto', 'K', NULL, 1742415880, NULL);
*
INSERT INTO assets(identifier, name, type) VALUES('eip155:8453/erc20:0x3ec2156D4c0A9CBdAB4a016633b7BcF6a8d68Ea2', 'DebtReliefBot', 'C'); INSERT INTO evm_tokens(identifier, token_kind, chain, address, decimals, protocol) VALUES('eip155:8453/erc20:0x3ec2156D4c0A9CBdAB4a016633b7BcF6a8d68Ea2', 'A', 8453, '0x3ec2156D4c0A9CBdAB4a016633b7BcF6a8d68Ea2', 18, NULL); INSERT INTO common_asset_details(identifier, symbol, coingecko, cryptocompare, forked, started, swapped_for) VALUES('eip155:8453/erc20:0x3ec2156D4c0A9CBdAB4a016633b7BcF6a8d68Ea2', 'DRB', 'debtreliefbot', '', NULL, 1741341537, NULL);
*
INSERT INTO assets(identifier, name, type) VALUES('OIIAOIIA', 'spinning cat', 'Y'); INSERT INTO common_asset_details(identifier, symbol, coingecko, cryptocompare, forked, started, swapped_for) VALUES('OIIAOIIA', 'OIIAOIIA', 'spinning-cat', 'OIIAOIIA', NULL, 1727735379, NULL);
*
INSERT INTO assets(identifier, name, type) VALUES('eip155:1/erc20:0x0655977FEb2f289A4aB78af67BAB0d17aAb84367', 'Savings crvUSD', 'C'); INSERT INTO evm_tokens(identifier, token_kind, chain, address, decimals, protocol) VALUES('eip155:1/erc20:0x0655977FEb2f289A4aB78af67BAB0d17aAb84367', 'A', 1, '0x0655977FEb2f289A4aB78af67BAB0d17aAb84367', 18, NULL); INSERT INTO common_asset_details(identifier, symbol, coingecko, cryptocompare, forked, started, swapped_for) VALUES('eip155:1/erc20:0x0655977FEb2f289A4aB78af67BAB0d17aAb84367', 'scrvUSD', 'savings-crvusd', 'SCRVUSD', NULL, 1730404991, NULL); INSERT INTO underlying_tokens_list(identifier, weight, parent_token_entry) VALUES('eip155:1/erc20:0xf939E0A03FB07F59A73314E73794Be0E57ac1b4E', '1.0', 'eip155:1/erc20:0x0655977FEb2f289A4aB78af67BAB0d17aAb84367');
*
INSERT INTO assets(identifier, name, type) VALUES('eip155:1/erc20:0x93A2Db22B7c736B341C32Ff666307F4a9ED910F5', 'Hyperlane', 'C'); INSERT INTO evm_tokens(identifier, token_kind, chain, address, decimals, protocol) VALUES('eip155:1/erc20:0x93A2Db22B7c736B341C32Ff666307F4a9ED910F5', 'A', 1, '0x93A2Db22B7c736B341C32Ff666307F4a9ED910F5', 18, NULL); INSERT INTO common_asset_details(identifier, symbol, coingecko, cryptocompare, forked, started, swapped_for) VALUES('eip155:1/erc20:0x93A2Db22B7c736B341C32Ff666307F4a9ED910F5', 'HYPER', 'hyperlane', '', NULL, 1744671623, NULL);
*
INSERT INTO assets(identifier, name, type) VALUES('eip155:8453/erc20:0xC9d23ED2ADB0f551369946BD377f8644cE1ca5c4', 'Hyperlane', 'C'); INSERT INTO evm_tokens(identifier, token_kind, chain, address, decimals, protocol) VALUES('eip155:8453/erc20:0xC9d23ED2ADB0f551369946BD377f8644cE1ca5c4', 'A', 8453, '0xC9d23ED2ADB0f551369946BD377f8644cE1ca5c4', 18, NULL); INSERT INTO common_asset_details(identifier, symbol, coingecko, cryptocompare, forked, started, swapped_for) VALUES('eip155:8453/erc20:0xC9d23ED2ADB0f551369946BD377f8644cE1ca5c4', 'HYPER', 'hyperlane', '', NULL, 1744671427, NULL);
*
INSERT INTO assets(identifier, name, type) VALUES('eip155:56/erc20:0xC9d23ED2ADB0f551369946BD377f8644cE1ca5c4', 'Hyperlane', 'C'); INSERT INTO evm_tokens(identifier, token_kind, chain, address, decimals, protocol) VALUES('eip155:56/erc20:0xC9d23ED2ADB0f551369946BD377f8644cE1ca5c4', 'A', 56, '0xC9d23ED2ADB0f551369946BD377f8644cE1ca5c4', 18, NULL); INSERT INTO common_asset_details(identifier, symbol, coingecko, cryptocompare, forked, started, swapped_for) VALUES('eip155:56/erc20:0xC9d23ED2ADB0f551369946BD377f8644cE1ca5c4', 'HYPER', 'hyperlane', '', NULL, 1744671470, NULL);
*
INSERT INTO assets(identifier, name, type) VALUES('INIT', 'Initia', 'W'); INSERT INTO common_asset_details(identifier, symbol, coingecko, cryptocompare, forked, started, swapped_for) VALUES('INIT', 'INIT', 'initia', '', NULL, 1745494800, NULL);
*
INSERT INTO assets(identifier, name, type) VALUES('eip155:8453/erc20:0x1111111111166b7FE7bd91427724B487980aFc69', 'Zora', 'C'); INSERT INTO evm_tokens(identifier, token_kind, chain, address, decimals, protocol) VALUES('eip155:8453/erc20:0x1111111111166b7FE7bd91427724B487980aFc69', 'A', 8453, '0x1111111111166b7FE7bd91427724B487980aFc69', 18, NULL); INSERT INTO common_asset_details(identifier, symbol, coingecko, cryptocompare, forked, started, swapped_for) VALUES('eip155:8453/erc20:0x1111111111166b7FE7bd91427724B487980aFc69', 'ZORA', 'zora', '', NULL, 1740769903, NULL);
*
INSERT INTO assets(identifier, name, type) VALUES('eip155:1/erc20:0x0F81001eF0A83ecCE5ccebf63EB302c70a39a654', 'Dolomite', 'C'); INSERT INTO evm_tokens(identifier, token_kind, chain, address, decimals, protocol) VALUES('eip155:1/erc20:0x0F81001eF0A83ecCE5ccebf63EB302c70a39a654', 'A', 1, '0x0F81001eF0A83ecCE5ccebf63EB302c70a39a654', 18, NULL); INSERT INTO common_asset_details(identifier, symbol, coingecko, cryptocompare, forked, started, swapped_for) VALUES('eip155:1/erc20:0x0F81001eF0A83ecCE5ccebf63EB302c70a39a654', 'DOLO', 'dolomite', '', NULL, 1745130599, NULL);
*
INSERT INTO assets(identifier, name, type) VALUES('TROLL', 'TROLL', 'Y'); INSERT INTO common_asset_details(identifier, symbol, coingecko, cryptocompare, forked, started, swapped_for) VALUES('TROLL', 'TROLL', 'troll-2', '', NULL, 1710100402, NULL);
*
INSERT INTO assets(identifier, name, type) VALUES('eip155:56/erc20:0x030708208dC29B1688b212081F31cDB59097A67D', 'Koban', 'C'); INSERT INTO evm_tokens(identifier, token_kind, chain, address, decimals, protocol) VALUES('eip155:56/erc20:0x030708208dC29B1688b212081F31cDB59097A67D', 'A', 56, '0x030708208dC29B1688b212081F31cDB59097A67D', 18, NULL); INSERT INTO common_asset_details(identifier, symbol, coingecko, cryptocompare, forked, started, swapped_for) VALUES('eip155:56/erc20:0x030708208dC29B1688b212081F31cDB59097A67D', 'KBN', '', '', NULL, 1616735654, NULL);
*