INSERT INTO assets(identifier, name, type) VALUES('PWEASE', 'Pwease', 'Y'); INSERT INTO common_asset_details(identifier, symbol, coingecko, cryptocompare, forked, started, swapped_for) VALUES('PWEASE', 'PWEASE', 'pwease', 'PWEASE', NULL, 1740949246, NULL);
*
INSERT INTO assets(identifier, name, type) VALUES('REACT', 'Reactive Network', 'B'); INSERT INTO common_asset_details(identifier, symbol, coingecko, cryptocompare, forked, started, swapped_for) VALUES('REACT', 'REACT', 'reactive-network', 'REACT', NULL, 1740995868, NULL);
*
INSERT INTO assets(identifier, name, type) VALUES('eip155:56/erc20:0x9d1A7A3191102e9F900Faa10540837ba84dCBAE7', 'EURITE', 'C'); INSERT INTO evm_tokens(identifier, token_kind, chain, address, decimals, protocol) VALUES('eip155:56/erc20:0x9d1A7A3191102e9F900Faa10540837ba84dCBAE7', 'A', 56, '0x9d1A7A3191102e9F900Faa10540837ba84dCBAE7', 18, NULL); INSERT INTO common_asset_details(identifier, symbol, coingecko, cryptocompare, forked, started, swapped_for) VALUES('eip155:56/erc20:0x9d1A7A3191102e9F900Faa10540837ba84dCBAE7', 'EURI', 'eurite', 'EURI', NULL, 1719905682, NULL);
*
INSERT INTO assets(identifier, name, type) VALUES('eip155:1/erc20:0x9d1A7A3191102e9F900Faa10540837ba84dCBAE7', 'EURITE', 'C'); INSERT INTO evm_tokens(identifier, token_kind, chain, address, decimals, protocol) VALUES('eip155:1/erc20:0x9d1A7A3191102e9F900Faa10540837ba84dCBAE7', 'A', 1, '0x9d1A7A3191102e9F900Faa10540837ba84dCBAE7', 18, NULL); INSERT INTO common_asset_details(identifier, symbol, coingecko, cryptocompare, forked, started, swapped_for) VALUES('eip155:1/erc20:0x9d1A7A3191102e9F900Faa10540837ba84dCBAE7', 'EURI', 'eurite', 'EURI', NULL, 1719907931, NULL);
*
INSERT INTO assets(identifier, name, type) VALUES('eip155:8453/erc20:0x5d6Cae0422A950dbd7918D1e74434A35156b3Ba4', 'Navigate', 'C'); INSERT INTO evm_tokens(identifier, token_kind, chain, address, decimals, protocol) VALUES('eip155:8453/erc20:0x5d6Cae0422A950dbd7918D1e74434A35156b3Ba4', 'A', 8453, '0x5d6Cae0422A950dbd7918D1e74434A35156b3Ba4', 18, NULL); INSERT INTO common_asset_details(identifier, symbol, coingecko, cryptocompare, forked, started, swapped_for) VALUES('eip155:8453/erc20:0x5d6Cae0422A950dbd7918D1e74434A35156b3Ba4', 'NVG8', 'navigate', '', NULL, 1740091075, NULL);
*
INSERT INTO assets(identifier, name, type) VALUES('eip155:1/erc20:0xc43C6bfeDA065fE2c4c11765Bf838789bd0BB5dE', 'Redstone', 'C'); INSERT INTO evm_tokens(identifier, token_kind, chain, address, decimals, protocol) VALUES('eip155:1/erc20:0xc43C6bfeDA065fE2c4c11765Bf838789bd0BB5dE', 'A', 1, '0xc43C6bfeDA065fE2c4c11765Bf838789bd0BB5dE', 18, NULL); INSERT INTO common_asset_details(identifier, symbol, coingecko, cryptocompare, forked, started, swapped_for) VALUES('eip155:1/erc20:0xc43C6bfeDA065fE2c4c11765Bf838789bd0BB5dE', 'RED', 'redstone-oracles', '', NULL, 1738946783, NULL);
*
INSERT INTO assets(identifier, name, type) VALUES('eip155:56/erc20:0xF4C8E32EaDEC4BFe97E0F595AdD0f4450a863a11', 'THENA', 'C'); INSERT INTO evm_tokens(identifier, token_kind, chain, address, decimals, protocol) VALUES('eip155:56/erc20:0xF4C8E32EaDEC4BFe97E0F595AdD0f4450a863a11', 'A', 56, '0xF4C8E32EaDEC4BFe97E0F595AdD0f4450a863a11', 18, NULL); INSERT INTO common_asset_details(identifier, symbol, coingecko, cryptocompare, forked, started, swapped_for) VALUES('eip155:56/erc20:0xF4C8E32EaDEC4BFe97E0F595AdD0f4450a863a11', 'THE', 'thena', 'THE', NULL, 1670972434, NULL);
*
INSERT INTO assets(identifier, name, type) VALUES('ROAM', 'Roam Token', 'Y'); INSERT INTO common_asset_details(identifier, symbol, coingecko, cryptocompare, forked, started, swapped_for) VALUES('ROAM', 'ROAM', 'roam-token', '', NULL, 1740411843, NULL);
*
INSERT INTO assets(identifier, name, type) VALUES('eip155:1/erc20:0x8730762Cad4a27816A467fAc54e3dd1E2e9617A1', 'Grindery X', 'C'); INSERT INTO evm_tokens(identifier, token_kind, chain, address, decimals, protocol) VALUES('eip155:1/erc20:0x8730762Cad4a27816A467fAc54e3dd1E2e9617A1', 'A', 1, '0x8730762Cad4a27816A467fAc54e3dd1E2e9617A1', 18, NULL); INSERT INTO common_asset_details(identifier, symbol, coingecko, cryptocompare, forked, started, swapped_for) VALUES('eip155:1/erc20:0x8730762Cad4a27816A467fAc54e3dd1E2e9617A1', 'GX', '', '', NULL, 1706776019, NULL);
*
INSERT INTO assets(identifier, name, type) VALUES('eip155:1/erc20:0x6243558a24CC6116aBE751f27E6d7Ede50ABFC76', 'Levva Protocol Token', 'C'); INSERT INTO evm_tokens(identifier, token_kind, chain, address, decimals, protocol) VALUES('eip155:1/erc20:0x6243558a24CC6116aBE751f27E6d7Ede50ABFC76', 'A', 1, '0x6243558a24CC6116aBE751f27E6d7Ede50ABFC76', 18, NULL); INSERT INTO common_asset_details(identifier, symbol, coingecko, cryptocompare, forked, started, swapped_for) VALUES('eip155:1/erc20:0x6243558a24CC6116aBE751f27E6d7Ede50ABFC76', 'LVVA', '', '', NULL, 1733215247, NULL);
*
INSERT INTO assets(identifier, name, type) VALUES('eip155:1/erc20:0x89A8c847f41C0dfA6c8B88638bACca8a0b777Da7', 'Elixir', 'C'); INSERT INTO evm_tokens(identifier, token_kind, chain, address, decimals, protocol) VALUES('eip155:1/erc20:0x89A8c847f41C0dfA6c8B88638bACca8a0b777Da7', 'A', 1, '0x89A8c847f41C0dfA6c8B88638bACca8a0b777Da7', 18, NULL); INSERT INTO common_asset_details(identifier, symbol, coingecko, cryptocompare, forked, started, swapped_for) VALUES('eip155:1/erc20:0x89A8c847f41C0dfA6c8B88638bACca8a0b777Da7', 'ELX', 'elixir-finance', '', NULL, 1739551895, NULL);
*
INSERT INTO assets(identifier, name, type) VALUES('1MBABYDOGE', '1MBABYDOGE', 'W'); INSERT INTO common_asset_details(identifier, symbol, coingecko, cryptocompare, forked, started, swapped_for) VALUES('1MBABYDOGE', '1MBABYDOGE', '1mbabydoge', '', NULL, 1621617676, NULL);
*
INSERT INTO assets(identifier, name, type) VALUES('BNSOL', 'Binance Staked SOL', 'Y'); INSERT INTO common_asset_details(identifier, symbol, coingecko, cryptocompare, forked, started, swapped_for) VALUES('BNSOL', 'BNSOL', 'binance-staked-sol', 'BNSOL', NULL, 1726099200, NULL);
*
INSERT INTO assets(identifier, name, type) VALUES('eip155:1/erc20:0xC139190F447e929f090Edeb554D95AbB8b18aC1C', 'USDtb', 'C'); INSERT INTO evm_tokens(identifier, token_kind, chain, address, decimals, protocol) VALUES('eip155:1/erc20:0xC139190F447e929f090Edeb554D95AbB8b18aC1C', 'A', 1, '0xC139190F447e929f090Edeb554D95AbB8b18aC1C', 18, NULL); INSERT INTO common_asset_details(identifier, symbol, coingecko, cryptocompare, forked, started, swapped_for) VALUES('eip155:1/erc20:0xC139190F447e929f090Edeb554D95AbB8b18aC1C', 'USDtb', 'usdtb', '', NULL, 1732810019, NULL);
*
INSERT INTO assets(identifier, name, type) VALUES('eip155:56/erc20:0xC9882dEF23bc42D53895b8361D0b1EDC7570Bc6A', 'FistToken', 'C'); INSERT INTO evm_tokens(identifier, token_kind, chain, address, decimals, protocol) VALUES('eip155:56/erc20:0xC9882dEF23bc42D53895b8361D0b1EDC7570Bc6A', 'A', 56, '0xC9882dEF23bc42D53895b8361D0b1EDC7570Bc6A', 6, NULL); INSERT INTO common_asset_details(identifier, symbol, coingecko, cryptocompare, forked, started, swapped_for) VALUES('eip155:56/erc20:0xC9882dEF23bc42D53895b8361D0b1EDC7570Bc6A', 'FIST', 'fistbump', '', NULL, 1640245928, NULL);
*
INSERT INTO assets(identifier, name, type) VALUES('GROKCOIN', 'GrokCoin', 'Y'); INSERT INTO common_asset_details(identifier, symbol, coingecko, cryptocompare, forked, started, swapped_for) VALUES('GROKCOIN', 'GROKCOIN', '', '', NULL, 1741337626, NULL);
*
INSERT INTO assets(identifier, name, type) VALUES('eip155:10/erc20:0xadDb6A0412DE1BA0F936DCaeb8Aaa24578dcF3B2', 'Coinbase Wrapped Staked ETH', 'C'); INSERT INTO evm_tokens(identifier, token_kind, chain, address, decimals, protocol) VALUES('eip155:10/erc20:0xadDb6A0412DE1BA0F936DCaeb8Aaa24578dcF3B2', 'A', 10, '0xadDb6A0412DE1BA0F936DCaeb8Aaa24578dcF3B2', 18, NULL); INSERT INTO common_asset_details(identifier, symbol, coingecko, cryptocompare, forked, started, swapped_for) VALUES('eip155:10/erc20:0xadDb6A0412DE1BA0F936DCaeb8Aaa24578dcF3B2', 'cbETH', 'coinbase-wrapped-staked-eth', 'CBETH', NULL, 1676566650, NULL);
*
INSERT INTO assets(identifier, name, type) VALUES('eip155:42161/erc20:0x1DEBd73E752bEaF79865Fd6446b0c970EaE7732f', 'Coinbase Wrapped Staked ETH', 'C'); INSERT INTO evm_tokens(identifier, token_kind, chain, address, decimals, protocol) VALUES('eip155:42161/erc20:0x1DEBd73E752bEaF79865Fd6446b0c970EaE7732f', 'A', 42161, '0x1DEBd73E752bEaF79865Fd6446b0c970EaE7732f', 18, NULL); INSERT INTO common_asset_details(identifier, symbol, coingecko, cryptocompare, forked, started, swapped_for) VALUES('eip155:42161/erc20:0x1DEBd73E752bEaF79865Fd6446b0c970EaE7732f', 'cbETH', 'coinbase-wrapped-staked-eth', 'CBETH', NULL, 1676116829, NULL);
*
INSERT INTO assets(identifier, name, type) VALUES('eip155:137/erc20:0x4b4327dB1600B8B1440163F667e199CEf35385f5', 'Coinbase Wrapped Staked ETH (FXERC20)', 'C'); INSERT INTO evm_tokens(identifier, token_kind, chain, address, decimals, protocol) VALUES('eip155:137/erc20:0x4b4327dB1600B8B1440163F667e199CEf35385f5', 'A', 137, '0x4b4327dB1600B8B1440163F667e199CEf35385f5', 18, NULL); INSERT INTO common_asset_details(identifier, symbol, coingecko, cryptocompare, forked, started, swapped_for) VALUES('eip155:137/erc20:0x4b4327dB1600B8B1440163F667e199CEf35385f5', 'fxcbETH', 'coinbase-wrapped-staked-eth', 'CBETH', NULL, 1676583047, NULL);
*
INSERT INTO assets(identifier, name, type) VALUES('GHIBLI', 'Ghiblification', 'Y'); INSERT INTO common_asset_details(identifier, symbol, coingecko, cryptocompare, forked, started, swapped_for) VALUES('GHIBLI', 'GHIBLI', 'ghiblification', 'GHIBLI', NULL, 1742982326, NULL);
*
INSERT INTO assets(identifier, name, type) VALUES('GUN', 'Gunz', 'B'); INSERT INTO common_asset_details(identifier, symbol, coingecko, cryptocompare, forked, started, swapped_for) VALUES('GUN', 'GUN', 'gunz', '', NULL, 1741636507, NULL);
*
INSERT INTO assets(identifier, name, type) VALUES('TITCOIN', 'titcoin', 'Y'); INSERT INTO common_asset_details(identifier, symbol, coingecko, cryptocompare, forked, started, swapped_for) VALUES('TITCOIN', 'TITCOIN', 'titcoin-2', 'TITCOIN', NULL, 1741280102, NULL);
*
INSERT INTO assets(identifier, name, type) VALUES('eip155:8453/erc20:0x9a26F5433671751C3276a065f57e5a02D2817973', 'Keyboard Cat', 'C'); INSERT INTO evm_tokens(identifier, token_kind, chain, address, decimals, protocol) VALUES('eip155:8453/erc20:0x9a26F5433671751C3276a065f57e5a02D2817973', 'A', 8453, '0x9a26F5433671751C3276a065f57e5a02D2817973', 18, NULL); INSERT INTO common_asset_details(identifier, symbol, coingecko, cryptocompare, forked, started, swapped_for) VALUES('eip155:8453/erc20:0x9a26F5433671751C3276a065f57e5a02D2817973', 'KEYCAT', 'keyboard-cat-base', 'KEYCAT', NULL, 1711420407, NULL);
*
INSERT INTO assets(identifier, name, type) VALUES('eip155:8453/erc20:0xED6E000dEF95780fb89734c07EE2ce9F6dcAf110', 'Edge', 'C'); INSERT INTO evm_tokens(identifier, token_kind, chain, address, decimals, protocol) VALUES('eip155:8453/erc20:0xED6E000dEF95780fb89734c07EE2ce9F6dcAf110', 'A', 8453, '0xED6E000dEF95780fb89734c07EE2ce9F6dcAf110', 18, NULL); INSERT INTO common_asset_details(identifier, symbol, coingecko, cryptocompare, forked, started, swapped_for) VALUES('eip155:8453/erc20:0xED6E000dEF95780fb89734c07EE2ce9F6dcAf110', 'EDGE', 'definitive', '', NULL, 1727120627, NULL);
*
INSERT INTO assets(identifier, name, type) VALUES('eip155:1/erc20:0x888883b5F5D21fb10Dfeb70e8f9722B9FB0E5E51', 'EURØP', 'C'); INSERT INTO evm_tokens(identifier, token_kind, chain, address, decimals, protocol) VALUES('eip155:1/erc20:0x888883b5F5D21fb10Dfeb70e8f9722B9FB0E5E51', 'A', 1, '0x888883b5F5D21fb10Dfeb70e8f9722B9FB0E5E51', 6, NULL); INSERT INTO common_asset_details(identifier, symbol, coingecko, cryptocompare, forked, started, swapped_for) VALUES('eip155:1/erc20:0x888883b5F5D21fb10Dfeb70e8f9722B9FB0E5E51', 'EUROP', 'schuman-europ', 'EUROP', NULL, 1719035423, NULL);
*
INSERT INTO assets(identifier, name, type) VALUES('eip155:1/erc20:0xC3d21f79C3120A4fFda7A535f8005a7c297799bF', 'Term Finance', 'C'); INSERT INTO evm_tokens(identifier, token_kind, chain, address, decimals, protocol) VALUES('eip155:1/erc20:0xC3d21f79C3120A4fFda7A535f8005a7c297799bF', 'A', 1, '0xC3d21f79C3120A4fFda7A535f8005a7c297799bF', 18, NULL); INSERT INTO common_asset_details(identifier, symbol, coingecko, cryptocompare, forked, started, swapped_for) VALUES('eip155:1/erc20:0xC3d21f79C3120A4fFda7A535f8005a7c297799bF', 'TERM', 'term-finance', '', NULL, 1715804831, NULL);
*
INSERT INTO assets(identifier, name, type) VALUES('eip155:56/erc20:0x3ca729BFD4bbaD155f072752510226b37A5b7723', 'AGON Agent', 'C'); INSERT INTO evm_tokens(identifier, token_kind, chain, address, decimals, protocol) VALUES('eip155:56/erc20:0x3ca729BFD4bbaD155f072752510226b37A5b7723', 'A', 56, '0x3ca729BFD4bbaD155f072752510226b37A5b7723', 18, NULL); INSERT INTO common_asset_details(identifier, symbol, coingecko, cryptocompare, forked, started, swapped_for) VALUES('eip155:56/erc20:0x3ca729BFD4bbaD155f072752510226b37A5b7723', 'AGON', '', '', NULL, 1737796944, NULL);
*
INSERT INTO assets(identifier, name, type) VALUES('eip155:56/erc20:0x3d4f0513E8a29669B960f9dBcA61861548A9A760', 'Banana For Scale', 'C'); INSERT INTO evm_tokens(identifier, token_kind, chain, address, decimals, protocol) VALUES('eip155:56/erc20:0x3d4f0513E8a29669B960f9dBcA61861548A9A760', 'A', 56, '0x3d4f0513E8a29669B960f9dBcA61861548A9A760', 18, NULL); INSERT INTO common_asset_details(identifier, symbol, coingecko, cryptocompare, forked, started, swapped_for) VALUES('eip155:56/erc20:0x3d4f0513E8a29669B960f9dBcA61861548A9A760', '$BANANA', 'banana-for-scale-2', 'BANANAS31', NULL, 1731684611, NULL);
*
INSERT INTO assets(identifier, name, type) VALUES('eip155:56/erc20:0x6d5AD1592ed9D6D1dF9b93c793AB759573Ed6714', 'CZS DOG', 'C'); INSERT INTO evm_tokens(identifier, token_kind, chain, address, decimals, protocol) VALUES('eip155:56/erc20:0x6d5AD1592ed9D6D1dF9b93c793AB759573Ed6714', 'A', 56, '0x6d5AD1592ed9D6D1dF9b93c793AB759573Ed6714', 18, NULL); INSERT INTO common_asset_details(identifier, symbol, coingecko, cryptocompare, forked, started, swapped_for) VALUES('eip155:56/erc20:0x6d5AD1592ed9D6D1dF9b93c793AB759573Ed6714', 'Broccoli', 'czs-dog', 'BROCCOLI', NULL, 1739463139, NULL);
*
INSERT INTO assets(identifier, name, type) VALUES('BUTTCOIN', 'The Next Bitcoin', 'Y'); INSERT INTO common_asset_details(identifier, symbol, coingecko, cryptocompare, forked, started, swapped_for) VALUES('BUTTCOIN', 'BUTTCOIN', 'buttcoin-4', '', NULL, 1738256195, NULL);
*
INSERT INTO assets(identifier, name, type) VALUES('eip155:8453/erc20:0x937a1cFAF0A3d9f5Dc4D0927F72ee5e3e5F82a00', 'Cocoro', 'C'); INSERT INTO evm_tokens(identifier, token_kind, chain, address, decimals, protocol) VALUES('eip155:8453/erc20:0x937a1cFAF0A3d9f5Dc4D0927F72ee5e3e5F82a00', 'A', 8453, '0x937a1cFAF0A3d9f5Dc4D0927F72ee5e3e5F82a00', 18, NULL); INSERT INTO common_asset_details(identifier, symbol, coingecko, cryptocompare, forked, started, swapped_for) VALUES('eip155:8453/erc20:0x937a1cFAF0A3d9f5Dc4D0927F72ee5e3e5F82a00', 'Cocoro', 'cocoro', '', NULL, 1741424793, NULL);
*
INSERT INTO assets(identifier, name, type) VALUES('DOWNALD', 'Downald Trump', 'Y'); INSERT INTO common_asset_details(identifier, symbol, coingecko, cryptocompare, forked, started, swapped_for) VALUES('DOWNALD', 'DOWNALD', '', '', NULL, 1742776464, NULL);
*
INSERT INTO assets(identifier, name, type) VALUES('eip155:1/erc20:0x94314a14Df63779c99C0764a30e0CD22fA78fC0E', 'Epic Chain', 'C'); INSERT INTO evm_tokens(identifier, token_kind, chain, address, decimals, protocol) VALUES('eip155:1/erc20:0x94314a14Df63779c99C0764a30e0CD22fA78fC0E', 'A', 1, '0x94314a14Df63779c99C0764a30e0CD22fA78fC0E', 18, NULL); INSERT INTO common_asset_details(identifier, symbol, coingecko, cryptocompare, forked, started, swapped_for) VALUES('eip155:1/erc20:0x94314a14Df63779c99C0764a30e0CD22fA78fC0E', 'EPIC', 'epic-chain', '', NULL, 1735102271, NULL);
*
INSERT INTO assets(identifier, name, type) VALUES('FINE', 'This Is Fine', 'Y'); INSERT INTO common_asset_details(identifier, symbol, coingecko, cryptocompare, forked, started, swapped_for) VALUES('FINE', 'FINE', '', '', NULL, 1741389621, NULL);
*
INSERT INTO assets(identifier, name, type) VALUES('eip155:56/erc20:0x5b73A93b4E5e4f1FD27D8b3F8C97D69908b5E284', 'FORM Token', 'C'); INSERT INTO evm_tokens(identifier, token_kind, chain, address, decimals, protocol) VALUES('eip155:56/erc20:0x5b73A93b4E5e4f1FD27D8b3F8C97D69908b5E284', 'A', 56, '0x5b73A93b4E5e4f1FD27D8b3F8C97D69908b5E284', 18, NULL); INSERT INTO common_asset_details(identifier, symbol, coingecko, cryptocompare, forked, started, swapped_for) VALUES('eip155:56/erc20:0x5b73A93b4E5e4f1FD27D8b3F8C97D69908b5E284', 'FORM', 'four', '', NULL, 1740378839, NULL);
*
INSERT INTO assets(identifier, name, type) VALUES('eip155:56/erc20:0x795D2710E383F33fbEbe980a155b29757b6703f3', 'GhibliCZ', 'C'); INSERT INTO evm_tokens(identifier, token_kind, chain, address, decimals, protocol) VALUES('eip155:56/erc20:0x795D2710E383F33fbEbe980a155b29757b6703f3', 'A', 56, '0x795D2710E383F33fbEbe980a155b29757b6703f3', 18, NULL); INSERT INTO common_asset_details(identifier, symbol, coingecko, cryptocompare, forked, started, swapped_for) VALUES('eip155:56/erc20:0x795D2710E383F33fbEbe980a155b29757b6703f3', 'Ghibli', 'ghiblicz', '', NULL, 1742983106, NULL);
*
INSERT INTO assets(identifier, name, type) VALUES('KNIGHT', 'Darkness', 'P'); INSERT INTO common_asset_details(identifier, symbol, coingecko, cryptocompare, forked, started, swapped_for) VALUES('KNIGHT', 'KNIGHT', 'knight', '', NULL, 1742982326, NULL);
*
INSERT INTO assets(identifier, name, type) VALUES('eip155:56/erc20:0x5C85D6C6825aB4032337F11Ee92a72DF936b46F6', 'mubarak', 'C'); INSERT INTO evm_tokens(identifier, token_kind, chain, address, decimals, protocol) VALUES('eip155:56/erc20:0x5C85D6C6825aB4032337F11Ee92a72DF936b46F6', 'A', 56, '0x5C85D6C6825aB4032337F11Ee92a72DF936b46F6', 18, NULL); INSERT INTO common_asset_details(identifier, symbol, coingecko, cryptocompare, forked, started, swapped_for) VALUES('eip155:56/erc20:0x5C85D6C6825aB4032337F11Ee92a72DF936b46F6', 'mubarak', 'mubarak', '', NULL, 1741857688, NULL);
*
INSERT INTO assets(identifier, name, type) VALUES('eip155:8453/erc20:0xD968196FA6977c4e58F2af5aC01C655ea8332d22', 'The Nation Token', 'C'); INSERT INTO evm_tokens(identifier, token_kind, chain, address, decimals, protocol) VALUES('eip155:8453/erc20:0xD968196FA6977c4e58F2af5aC01C655ea8332d22', 'A', 8453, '0xD968196FA6977c4e58F2af5aC01C655ea8332d22', 18, NULL); INSERT INTO common_asset_details(identifier, symbol, coingecko, cryptocompare, forked, started, swapped_for) VALUES('eip155:8453/erc20:0xD968196FA6977c4e58F2af5aC01C655ea8332d22', 'NATO', 'the-nation-token', '', NULL, 1734367939, NULL);
*
INSERT INTO assets(identifier, name, type) VALUES('PEPETRON', 'PePe', 'P'); INSERT INTO common_asset_details(identifier, symbol, coingecko, cryptocompare, forked, started, swapped_for) VALUES('PEPETRON', 'PEPETRON', '', '', NULL, 1727800452, NULL);
*
INSERT INTO assets(identifier, name, type) VALUES('RFC', 'Retard Finder Coin', 'Y'); INSERT INTO common_asset_details(identifier, symbol, coingecko, cryptocompare, forked, started, swapped_for) VALUES('RFC', 'RFC', 'retard-finder-coin', '', NULL, 1742855676, NULL);
*
INSERT INTO assets(identifier, name, type) VALUES('eip155:56/erc20:0x997A58129890bBdA032231A52eD1ddC845fc18e1', 'SIREN', 'C'); INSERT INTO evm_tokens(identifier, token_kind, chain, address, decimals, protocol) VALUES('eip155:56/erc20:0x997A58129890bBdA032231A52eD1ddC845fc18e1', 'A', 56, '0x997A58129890bBdA032231A52eD1ddC845fc18e1', 18, NULL); INSERT INTO common_asset_details(identifier, symbol, coingecko, cryptocompare, forked, started, swapped_for) VALUES('eip155:56/erc20:0x997A58129890bBdA032231A52eD1ddC845fc18e1', 'SIREN', 'siren-2', '', NULL, 1738974561, NULL);
*
INSERT INTO assets(identifier, name, type) VALUES('eip155:1/erc20:0xa62cc35625B0C8dc1fAEA39d33625Bb4C15bD71C', 'StormX', 'C'); INSERT INTO evm_tokens(identifier, token_kind, chain, address, decimals, protocol) VALUES('eip155:1/erc20:0xa62cc35625B0C8dc1fAEA39d33625Bb4C15bD71C', 'A', 1, '0xa62cc35625B0C8dc1fAEA39d33625Bb4C15bD71C', 18, NULL); INSERT INTO common_asset_details(identifier, symbol, coingecko, cryptocompare, forked, started, swapped_for) VALUES('eip155:1/erc20:0xa62cc35625B0C8dc1fAEA39d33625Bb4C15bD71C', 'STMX', 'storm', 'STMX', NULL, 1665782435, NULL);
*
INSERT INTO assets(identifier, name, type) VALUES('SUNANA', 'Sun Banana', 'P'); INSERT INTO common_asset_details(identifier, symbol, coingecko, cryptocompare, forked, started, swapped_for) VALUES('SUNANA', 'SUNANA', '', '', NULL, 1742734626, NULL);
*
INSERT INTO assets(identifier, name, type) VALUES('SZN', 'SZN', 'P'); INSERT INTO common_asset_details(identifier, symbol, coingecko, cryptocompare, forked, started, swapped_for) VALUES('SZN', 'SZN', 'szn', '', NULL, 1742318346, NULL);
*
INSERT INTO assets(identifier, name, type) VALUES('eip155:1/erc20:0x0AFf507aC29B8CEA2FB10d2ad14408c2d79A35AD', 'CrypTalk', 'C'); INSERT INTO evm_tokens(identifier, token_kind, chain, address, decimals, protocol) VALUES('eip155:1/erc20:0x0AFf507aC29B8CEA2FB10d2ad14408c2d79A35AD', 'A', 1, '0x0AFf507aC29B8CEA2FB10d2ad14408c2d79A35AD', 18, NULL); INSERT INTO common_asset_details(identifier, symbol, coingecko, cryptocompare, forked, started, swapped_for) VALUES('eip155:1/erc20:0x0AFf507aC29B8CEA2FB10d2ad14408c2d79A35AD', 'TALK', 'cryptalk-2', '', NULL, 1742360255, NULL);
*
INSERT INTO assets(identifier, name, type) VALUES('eip155:56/erc20:0xCAAE2A2F939F51d97CdFa9A86e79e3F085b799f3', 'Tutorial', 'C'); INSERT INTO evm_tokens(identifier, token_kind, chain, address, decimals, protocol) VALUES('eip155:56/erc20:0xCAAE2A2F939F51d97CdFa9A86e79e3F085b799f3', 'A', 56, '0xCAAE2A2F939F51d97CdFa9A86e79e3F085b799f3', 18, NULL); INSERT INTO common_asset_details(identifier, symbol, coingecko, cryptocompare, forked, started, swapped_for) VALUES('eip155:56/erc20:0xCAAE2A2F939F51d97CdFa9A86e79e3F085b799f3', 'TUT', 'tutorial', '', NULL, 1738872981, NULL);
*
INSERT INTO assets(identifier, name, type) VALUES('eip155:1/erc20:0x1D88713b483A8E45cfF0e5CD7c2e15E5Fab4534d', 'StakeStone', 'C'); INSERT INTO evm_tokens(identifier, token_kind, chain, address, decimals, protocol) VALUES('eip155:1/erc20:0x1D88713b483A8E45cfF0e5CD7c2e15E5Fab4534d', 'A', 1, '0x1D88713b483A8E45cfF0e5CD7c2e15E5Fab4534d', 18, NULL); INSERT INTO common_asset_details(identifier, symbol, coingecko, cryptocompare, forked, started, swapped_for) VALUES('eip155:1/erc20:0x1D88713b483A8E45cfF0e5CD7c2e15E5Fab4534d', 'STO', 'stakestone', '', NULL, 1743082715, NULL);
*
INSERT INTO assets(identifier, name, type) VALUES('eip155:56/erc20:0xdAf1695c41327b61B9b9965Ac6A5843A3198cf07', 'StakeStone', 'C'); INSERT INTO evm_tokens(identifier, token_kind, chain, address, decimals, protocol) VALUES('eip155:56/erc20:0xdAf1695c41327b61B9b9965Ac6A5843A3198cf07', 'A', 56, '0xdAf1695c41327b61B9b9965Ac6A5843A3198cf07', 18, NULL); INSERT INTO common_asset_details(identifier, symbol, coingecko, cryptocompare, forked, started, swapped_for) VALUES('eip155:56/erc20:0xdAf1695c41327b61B9b9965Ac6A5843A3198cf07', 'STO', 'stakestone', '', NULL, 1743339678, NULL);
*
INSERT INTO assets(identifier, name, type) VALUES('eip155:8453/erc20:0x59264f02D301281f3393e1385c0aEFd446Eb0F00', 'PARTI Token', 'C'); INSERT INTO evm_tokens(identifier, token_kind, chain, address, decimals, protocol) VALUES('eip155:8453/erc20:0x59264f02D301281f3393e1385c0aEFd446Eb0F00', 'A', 8453, '0x59264f02D301281f3393e1385c0aEFd446Eb0F00', 18, NULL); INSERT INTO common_asset_details(identifier, symbol, coingecko, cryptocompare, forked, started, swapped_for) VALUES('eip155:8453/erc20:0x59264f02D301281f3393e1385c0aEFd446Eb0F00', 'PARTI', 'particle-network', 'PARTI', NULL, 1742570595, NULL);
*
INSERT INTO assets(identifier, name, type) VALUES('eip155:56/erc20:0x59264f02D301281f3393e1385c0aEFd446Eb0F00', 'PARTI Token', 'C'); INSERT INTO evm_tokens(identifier, token_kind, chain, address, decimals, protocol) VALUES('eip155:56/erc20:0x59264f02D301281f3393e1385c0aEFd446Eb0F00', 'A', 56, '0x59264f02D301281f3393e1385c0aEFd446Eb0F00', 18, NULL); INSERT INTO common_asset_details(identifier, symbol, coingecko, cryptocompare, forked, started, swapped_for) VALUES('eip155:56/erc20:0x59264f02D301281f3393e1385c0aEFd446Eb0F00', 'PARTI', 'particle-network', 'PARTI', NULL, 1742570412, NULL);
*
INSERT INTO assets(identifier, name, type) VALUES('eip155:1/erc20:0xC08e7E23C235073C6807C2EFE7021304cb7c2815', 'XUSD', 'C'); INSERT INTO evm_tokens(identifier, token_kind, chain, address, decimals, protocol) VALUES('eip155:1/erc20:0xC08e7E23C235073C6807C2EFE7021304cb7c2815', 'A', 1, '0xC08e7E23C235073C6807C2EFE7021304cb7c2815', 6, NULL); INSERT INTO common_asset_details(identifier, symbol, coingecko, cryptocompare, forked, started, swapped_for) VALUES('eip155:1/erc20:0xC08e7E23C235073C6807C2EFE7021304cb7c2815', 'XUSD', 'straitsx-xusd', '', NULL, 1706782307, NULL);
*
INSERT INTO assets(identifier, name, type) VALUES('eip155:56/erc20:0xF81aC2E1A0373ddE1BcE01E2Fe694a9b7E3bfcB9', 'XUSD', 'C'); INSERT INTO evm_tokens(identifier, token_kind, chain, address, decimals, protocol) VALUES('eip155:56/erc20:0xF81aC2E1A0373ddE1BcE01E2Fe694a9b7E3bfcB9', 'A', 56, '0xF81aC2E1A0373ddE1BcE01E2Fe694a9b7E3bfcB9', 6, NULL); INSERT INTO common_asset_details(identifier, symbol, coingecko, cryptocompare, forked, started, swapped_for) VALUES('eip155:56/erc20:0xF81aC2E1A0373ddE1BcE01E2Fe694a9b7E3bfcB9', 'XUSD', 'straitsx-xusd', '', NULL, 1723012897, NULL);
*
