INSERT INTO assets(identifier, name, type) VALUES('PWEASE', 'Pwease', 'Y'); INSERT INTO common_asset_details(identifier, symbol, coingecko, cryptocompare, forked, started, swapped_for) VALUES('PWEASE', 'PWEASE', 'pwease', 'PWEASE', NULL, 1740949246, NULL);
*
INSERT INTO assets(identifier, name, type) VALUES('REACT', 'Reactive Network', 'B'); INSERT INTO common_asset_details(identifier, symbol, coingecko, cryptocompare, forked, started, swapped_for) VALUES('REACT', 'REACT', 'reactive-network', 'REACT', NULL, 1740995868, NULL);
*
INSERT INTO assets(identifier, name, type) VALUES("eip155:56/erc20:0x9d1A7A3191102e9F900Faa10540837ba84dCBAE7", "EURITE", "C"); INSERT INTO evm_tokens(identifier, token_kind, chain, address, decimals, protocol) VALUES("eip155:56/erc20:0x9d1A7A3191102e9F900Faa10540837ba84dCBAE7", "A", 56, "0x9d1A7A3191102e9F900Faa10540837ba84dCBAE7", 18, NULL); INSERT INTO common_asset_details(identifier, symbol, coingecko, cryptocompare, forked, started, swapped_for) VALUES("eip155:56/erc20:0x9d1A7A3191102e9F900Faa10540837ba84dCBAE7", "EURI", "eurite", "EURI", NULL, 1719905682, NULL);
*
INSERT INTO assets(identifier, name, type) VALUES("eip155:1/erc20:0x9d1A7A3191102e9F900Faa10540837ba84dCBAE7", "EURITE", "C"); INSERT INTO evm_tokens(identifier, token_kind, chain, address, decimals, protocol) VALUES("eip155:1/erc20:0x9d1A7A3191102e9F900Faa10540837ba84dCBAE7", "A", 1, "0x9d1A7A3191102e9F900Faa10540837ba84dCBAE7", 18, NULL); INSERT INTO common_asset_details(identifier, symbol, coingecko, cryptocompare, forked, started, swapped_for) VALUES("eip155:1/erc20:0x9d1A7A3191102e9F900Faa10540837ba84dCBAE7", "EURI", "eurite", "EURI", NULL, 1719907931, NULL);
*
INSERT INTO assets(identifier, name, type) VALUES("eip155:8453/erc20:0x5d6Cae0422A950dbd7918D1e74434A35156b3Ba4", "Navigate", "C"); INSERT INTO evm_tokens(identifier, token_kind, chain, address, decimals, protocol) VALUES("eip155:8453/erc20:0x5d6Cae0422A950dbd7918D1e74434A35156b3Ba4", "A", 8453, "0x5d6Cae0422A950dbd7918D1e74434A35156b3Ba4", 18, NULL); INSERT INTO common_asset_details(identifier, symbol, coingecko, cryptocompare, forked, started, swapped_for) VALUES("eip155:8453/erc20:0x5d6Cae0422A950dbd7918D1e74434A35156b3Ba4", "NVG8", "navigate", "", NULL, 1740091075, NULL);
*
INSERT INTO assets(identifier, name, type) VALUES('eip155:1/erc20:0xc43C6bfeDA065fE2c4c11765Bf838789bd0BB5dE', 'Redstone', 'C'); INSERT INTO evm_tokens(identifier, token_kind, chain, address, decimals, protocol) VALUES('eip155:1/erc20:0xc43C6bfeDA065fE2c4c11765Bf838789bd0BB5dE', 'A', 1, '0xc43C6bfeDA065fE2c4c11765Bf838789bd0BB5dE', 18, NULL); INSERT INTO common_asset_details(identifier, symbol, coingecko, cryptocompare, forked, started, swapped_for) VALUES('eip155:1/erc20:0xc43C6bfeDA065fE2c4c11765Bf838789bd0BB5dE', 'RED', 'redstone-oracles', '', NULL, 1738946783, NULL);
*
INSERT INTO assets(identifier, name, type) VALUES('eip155:56/erc20:0xF4C8E32EaDEC4BFe97E0F595AdD0f4450a863a11', 'THENA', 'C'); INSERT INTO evm_tokens(identifier, token_kind, chain, address, decimals, protocol) VALUES('eip155:56/erc20:0xF4C8E32EaDEC4BFe97E0F595AdD0f4450a863a11', 'A', 56, '0xF4C8E32EaDEC4BFe97E0F595AdD0f4450a863a11', 18, NULL); INSERT INTO common_asset_details(identifier, symbol, coingecko, cryptocompare, forked, started, swapped_for) VALUES('eip155:56/erc20:0xF4C8E32EaDEC4BFe97E0F595AdD0f4450a863a11', 'THE', 'thena', 'THE', NULL, 1670972434, NULL);
*
INSERT INTO assets(identifier, name, type) VALUES('ROAM', 'Roam Token', 'Y'); INSERT INTO common_asset_details(identifier, symbol, coingecko, cryptocompare, forked, started, swapped_for) VALUES('ROAM', 'ROAM', 'roam-token', '', NULL, 1740411843, NULL);
*
INSERT INTO assets(identifier, name, type) VALUES('eip155:1/erc20:0x8730762Cad4a27816A467fAc54e3dd1E2e9617A1', 'Grindery X', 'C'); INSERT INTO evm_tokens(identifier, token_kind, chain, address, decimals, protocol) VALUES('eip155:1/erc20:0x8730762Cad4a27816A467fAc54e3dd1E2e9617A1', 'A', 1, '0x8730762Cad4a27816A467fAc54e3dd1E2e9617A1', 18, NULL); INSERT INTO common_asset_details(identifier, symbol, coingecko, cryptocompare, forked, started, swapped_for) VALUES('eip155:1/erc20:0x8730762Cad4a27816A467fAc54e3dd1E2e9617A1', 'GX', '', '', NULL, 1706776019, NULL);
*
INSERT INTO assets(identifier, name, type) VALUES('eip155:1/erc20:0x6243558a24CC6116aBE751f27E6d7Ede50ABFC76', 'Levva Protocol Token', 'C'); INSERT INTO evm_tokens(identifier, token_kind, chain, address, decimals, protocol) VALUES('eip155:1/erc20:0x6243558a24CC6116aBE751f27E6d7Ede50ABFC76', 'A', 1, '0x6243558a24CC6116aBE751f27E6d7Ede50ABFC76', 18, NULL); INSERT INTO common_asset_details(identifier, symbol, coingecko, cryptocompare, forked, started, swapped_for) VALUES('eip155:1/erc20:0x6243558a24CC6116aBE751f27E6d7Ede50ABFC76', 'LVVA', '', '', NULL, 1733215247, NULL);
*
INSERT INTO assets(identifier, name, type) VALUES('eip155:1/erc20:0x89A8c847f41C0dfA6c8B88638bACca8a0b777Da7', 'Elixir', 'C'); INSERT INTO evm_tokens(identifier, token_kind, chain, address, decimals, protocol) VALUES('eip155:1/erc20:0x89A8c847f41C0dfA6c8B88638bACca8a0b777Da7', 'A', 1, '0x89A8c847f41C0dfA6c8B88638bACca8a0b777Da7', 18, NULL); INSERT INTO common_asset_details(identifier, symbol, coingecko, cryptocompare, forked, started, swapped_for) VALUES('eip155:1/erc20:0x89A8c847f41C0dfA6c8B88638bACca8a0b777Da7', 'ELX', 'elixir-finance', '', NULL, 1739551895, NULL);
*
INSERT INTO assets(identifier, name, type) VALUES('1MBABYDOGE', '1MBABYDOGE', 'W'); INSERT INTO common_asset_details(identifier, symbol, coingecko, cryptocompare, forked, started, swapped_for) VALUES('1MBABYDOGE', '1MBABYDOGE', '1mbabydoge', '', NULL, 1621617676, NULL);
*
INSERT INTO assets(identifier, name, type) VALUES('BNSOL', 'Binance Staked SOL', 'Y'); INSERT INTO common_asset_details(identifier, symbol, coingecko, cryptocompare, forked, started, swapped_for) VALUES('BNSOL', 'BNSOL', 'binance-staked-sol', 'BNSOL', NULL, 1726099200, NULL);
*
INSERT INTO assets(identifier, name, type) VALUES('eip155:1/erc20:0xC139190F447e929f090Edeb554D95AbB8b18aC1C', 'USDtb', 'C'); INSERT INTO evm_tokens(identifier, token_kind, chain, address, decimals, protocol) VALUES('eip155:1/erc20:0xC139190F447e929f090Edeb554D95AbB8b18aC1C', 'A', 1, '0xC139190F447e929f090Edeb554D95AbB8b18aC1C', 18, NULL); INSERT INTO common_asset_details(identifier, symbol, coingecko, cryptocompare, forked, started, swapped_for) VALUES('eip155:1/erc20:0xC139190F447e929f090Edeb554D95AbB8b18aC1C', 'USDtb', 'usdtb', '', NULL, 1732810019, NULL);
*
INSERT INTO assets(identifier, name, type) VALUES('eip155:56/erc20:0xC9882dEF23bc42D53895b8361D0b1EDC7570Bc6A', 'FistToken', 'C'); INSERT INTO evm_tokens(identifier, token_kind, chain, address, decimals, protocol) VALUES('eip155:56/erc20:0xC9882dEF23bc42D53895b8361D0b1EDC7570Bc6A', 'A', 56, '0xC9882dEF23bc42D53895b8361D0b1EDC7570Bc6A', 6, NULL); INSERT INTO common_asset_details(identifier, symbol, coingecko, cryptocompare, forked, started, swapped_for) VALUES('eip155:56/erc20:0xC9882dEF23bc42D53895b8361D0b1EDC7570Bc6A', 'FIST', 'fistbump', '', NULL, 1640245928, NULL);
*
INSERT INTO assets(identifier, name, type) VALUES('GROKCOIN', 'GrokCoin', 'Y'); INSERT INTO common_asset_details(identifier, symbol, coingecko, cryptocompare, forked, started, swapped_for) VALUES('GROKCOIN', 'GROKCOIN', '', '', NULL, 1741337626, NULL);
*
INSERT INTO assets(identifier, name, type) VALUES('eip155:1/erc20:0x0655977FEb2f289A4aB78af67BAB0d17aAb84367', 'Savings crvUSD', 'C'); INSERT INTO evm_tokens(identifier, token_kind, chain, address, decimals, protocol) VALUES('eip155:1/erc20:0x0655977FEb2f289A4aB78af67BAB0d17aAb84367', 'A', 1, '0x0655977FEb2f289A4aB78af67BAB0d17aAb84367', 18, NULL); INSERT INTO common_asset_details(identifier, symbol, coingecko, cryptocompare, forked, started, swapped_for) VALUES('eip155:1/erc20:0x0655977FEb2f289A4aB78af67BAB0d17aAb84367', 'scrvUSD', 'savings-crvusd', 'SCRVUSD', NULL, 1730404991, NULL); INSERT INTO underlying_tokens_list(identifier, weight, parent_token_entry) VALUES('eip155:1/erc20:0xf939E0A03FB07F59A73314E73794Be0E57ac1b4E', '1.0', 'eip155:1/erc20:0x0655977FEb2f289A4aB78af67BAB0d17aAb84367');
*
