INSERT INTO ethereum_tokens(address, decimals, protocol) VALUES("0xAA2ce7Ae64066175E0B90497CE7d9c190c315DB4", 18, NULL); INSERT INTO assets(identifier, type, name, symbol, started, swapped_for, coingecko, cryptocompare, details_reference) VALUES("_ceth_0xAA2ce7Ae64066175E0B90497CE7d9c190c315DB4", "C", "Suterusu", "SUTER", 1602344270, NULL, "suterusu", "SUTER", "0xAA2ce7Ae64066175E0B90497CE7d9c190c315DB4");
*
UPDATE assets SET swapped_for="_ceth_0xAA2ce7Ae64066175E0B90497CE7d9c190c315DB4", cryptocompare="SUTER" where identifier="_ceth_0xBA8c0244FBDEB10f19f6738750dAeEDF7a5081eb";
INSERT INTO ethereum_tokens(address, decimals, protocol) VALUES("0xBA8c0244FBDEB10f19f6738750dAeEDF7a5081eb", 18, NULL); INSERT INTO assets(identifier, type, name, symbol, started, swapped_for, coingecko, cryptocompare, details_reference) VALUES("_ceth_0xBA8c0244FBDEB10f19f6738750dAeEDF7a5081eb", "C", "Suterusu", "SUTER", 1570227735, NULL, "suterusu", "SUTER", "0xBA8c0244FBDEB10f19f6738750dAeEDF7a5081eb");
INSERT INTO ethereum_tokens(address, decimals, protocol) VALUES("0x2565ae0385659badCada1031DB704442E1b69982", 18, NULL); INSERT INTO assets(identifier, type, name, symbol, started, swapped_for, coingecko, cryptocompare, details_reference) VALUES("_ceth_0x2565ae0385659badCada1031DB704442E1b69982", "C", "ASSEMBLE", "ASM", 1589092948, NULL, "assemble-protocol", "ASM", "0x2565ae0385659badCada1031DB704442E1b69982");
*
INSERT INTO ethereum_tokens(address, decimals, protocol) VALUES("0x9DFAD1b7102D46b1b197b90095B5c4E9f5845BBA", 18, NULL); INSERT INTO assets(identifier, type, name, symbol, started, swapped_for, coingecko, cryptocompare, details_reference) VALUES("_ceth_0x9DFAD1b7102D46b1b197b90095B5c4E9f5845BBA", "C", "Botto", "BOTTO", 1633601354, NULL, "botto", "", "0x9DFAD1b7102D46b1b197b90095B5c4E9f5845BBA");
*
INSERT INTO ethereum_tokens(address, decimals, protocol) VALUES("0x9E32b13ce7f2E80A01932B42553652E053D6ed8e", 18, NULL); INSERT INTO assets(identifier, type, name, symbol, started, swapped_for, coingecko, cryptocompare, details_reference) VALUES("_ceth_0x9E32b13ce7f2E80A01932B42553652E053D6ed8e", "C", "Metis Token", "Metis", 1607734167, NULL, "metis-token", "METIS", "0x9E32b13ce7f2E80A01932B42553652E053D6ed8e");
*
INSERT INTO ethereum_tokens(address, decimals, protocol) VALUES("0x8E6cd950Ad6ba651F6DD608Dc70e5886B1AA6B24", 18, NULL); INSERT INTO assets(identifier, type, name, symbol, started, swapped_for, coingecko, cryptocompare, details_reference) VALUES("_ceth_0x8E6cd950Ad6ba651F6DD608Dc70e5886B1AA6B24", "C", "StarLink", "STARL", 1625105851, NULL, "starlink", "STARL", "0x8E6cd950Ad6ba651F6DD608Dc70e5886B1AA6B24");
*
INSERT INTO ethereum_tokens(address, decimals, protocol) VALUES("0xbdab72602e9AD40FC6a6852CAf43258113B8F7a5", 18, NULL); INSERT INTO assets(identifier, type, name, symbol, started, swapped_for, coingecko, cryptocompare, details_reference) VALUES("_ceth_0xbdab72602e9AD40FC6a6852CAf43258113B8F7a5", "C", "eSOV", "eSOV", 1619598324, NULL, "sovryn", "SOV", "0xbdab72602e9AD40FC6a6852CAf43258113B8F7a5");
*
INSERT INTO ethereum_tokens(address, decimals, protocol) VALUES("0x29CbD0510EEc0327992CD6006e63F9Fa8E7f33B7", 18, NULL); INSERT INTO assets(identifier, type, name, symbol, started, swapped_for, coingecko, cryptocompare, details_reference) VALUES("_ceth_0x29CbD0510EEc0327992CD6006e63F9Fa8E7f33B7", "C", "Tidal Token", "TIDAL", 1616156821, NULL, "tidal-finance", "TIDAL", "0x29CbD0510EEc0327992CD6006e63F9Fa8E7f33B7");
*
INSERT INTO ethereum_tokens(address, decimals, protocol) VALUES("0xcB84d72e61e383767C4DFEb2d8ff7f4FB89abc6e", 18, NULL); INSERT INTO assets(identifier, type, name, symbol, started, swapped_for, coingecko, cryptocompare, details_reference) VALUES("_ceth_0xcB84d72e61e383767C4DFEb2d8ff7f4FB89abc6e", "C", "VEGA", "VEGA", 1626392064, NULL, "vega-protocol", "VEGA", "0xcB84d72e61e383767C4DFEb2d8ff7f4FB89abc6e");
*
INSERT INTO ethereum_tokens(address, decimals, protocol) VALUES("0x07c52c2537D84e532a9F15d32E152C8B94D2b232", 18, NULL); INSERT INTO assets(identifier, type, name, symbol, started, swapped_for, coingecko, cryptocompare, details_reference) VALUES("_ceth_0x07c52c2537D84e532a9F15d32E152C8B94D2b232", "C", "zkTube", "ZKT", 1630135173, NULL, "zktube", "", "0x07c52c2537D84e532a9F15d32E152C8B94D2b232");
*
INSERT INTO ethereum_tokens(address, decimals, protocol) VALUES("0x66761Fa41377003622aEE3c7675Fc7b5c1C2FaC5", 18, NULL); INSERT INTO assets(identifier, type, name, symbol, started, swapped_for, coingecko, cryptocompare, details_reference) VALUES("_ceth_0x66761Fa41377003622aEE3c7675Fc7b5c1C2FaC5", "C", "Clearpool", "CPOOL", 1634830700, NULL, "clearpool", "", "0x66761Fa41377003622aEE3c7675Fc7b5c1C2FaC5");
*
INSERT INTO ethereum_tokens(address, decimals, protocol) VALUES("0xF25c91C87e0B1fd9B4064Af0F427157AaB0193A7", 18, NULL); INSERT INTO assets(identifier, type, name, symbol, started, swapped_for, coingecko, cryptocompare, details_reference) VALUES("_ceth_0xF25c91C87e0B1fd9B4064Af0F427157AaB0193A7", "C", "BASIC Token", "BASIC", 1553248553, NULL, "basic", "BASIC", "0xF25c91C87e0B1fd9B4064Af0F427157AaB0193A7");
*
INSERT INTO ethereum_tokens(address, decimals, protocol) VALUES("0xA130E3a33a4d84b04c3918c4E5762223Ae252F80", 18, NULL); INSERT INTO assets(identifier, type, name, symbol, started, swapped_for, coingecko, cryptocompare, details_reference) VALUES("_ceth_0xA130E3a33a4d84b04c3918c4E5762223Ae252F80", "C", "Swash Token", "SWASH", 1633309265, NULL, "swash", "", "0xA130E3a33a4d84b04c3918c4E5762223Ae252F80");
*
INSERT INTO assets(identifier, type, name, symbol, started, swapped_for, coingecko, cryptocompare, details_reference) VALUES("RTM", "B", "Raptoreum", "RTM", 1615942800, NULL, "raptoreum", "RTM", "RTM"); INSERT INTO common_asset_details(asset_id, forked) VALUES("RTM", NULL);
*
INSERT INTO assets(identifier, type, name, symbol, started, swapped_for, coingecko, cryptocompare, details_reference) VALUES("CATE", "S", "CateCoin", "CATE", 1625410760, NULL, "catecoin", "", "CATE"); INSERT INTO common_asset_details(asset_id, forked) VALUES("CATE", NULL);
*
INSERT INTO assets(identifier, type, name, symbol, started, swapped_for, coingecko, cryptocompare, details_reference) VALUES("BNX", "S", "BinaryX", "BNX", 1620314413, NULL, "binaryx", "", "BNX"); INSERT INTO common_asset_details(asset_id, forked) VALUES("BNX", NULL);
*
INSERT INTO assets(identifier, type, name, symbol, started, swapped_for, coingecko, cryptocompare, details_reference) VALUES("CHESS", "S", "Chess", "CHESS", 1624261338, NULL, "tranchess", "", "CHESS"); INSERT INTO common_asset_details(asset_id, forked) VALUES("CHESS", NULL);
*
INSERT INTO assets(identifier, type, name, symbol, started, swapped_for, coingecko, cryptocompare, details_reference) VALUES("AURY", "Y", "Aurory", "AURY", 1635102002, NULL, "aurory", "AURY", "AURY"); INSERT INTO common_asset_details(asset_id, forked) VALUES("AURY", NULL);
*
INSERT INTO assets(identifier, type, name, symbol, started, swapped_for, coingecko, cryptocompare, details_reference) VALUES("BNC", "W", "Bifrost Native Coin", "BNC", 1635102002, NULL, "bifrost-native-coin", "", "BNC"); INSERT INTO common_asset_details(asset_id, forked) VALUES("BNC", NULL);
*
INSERT INTO assets(identifier, type, name, symbol, started, swapped_for, coingecko, cryptocompare, details_reference) VALUES("FLAME", "W", "FireStarter", "FLAME", 1633018394, NULL, "firestarter", "", "FLAME"); INSERT INTO common_asset_details(asset_id, forked) VALUES("FLAME", NULL);
*
INSERT INTO assets(identifier, type, name, symbol, started, swapped_for, coingecko, cryptocompare, details_reference) VALUES("NFTB", "S", "NFTb", "NFTB", 1620151221, NULL, "nftb", "", "NFTB"); INSERT INTO common_asset_details(asset_id, forked) VALUES("NFTB", NULL);
*
INSERT INTO assets(identifier, type, name, symbol, started, swapped_for, coingecko, cryptocompare, details_reference) VALUES("SCLP", "S", "Scallop", "SCLP", 1635161653, NULL, "scallop", "SCLP", "SCLP"); INSERT INTO common_asset_details(asset_id, forked) VALUES("SCLP", NULL);
*
INSERT INTO assets(identifier, type, name, symbol, started, swapped_for, coingecko, cryptocompare, details_reference) VALUES("HERO", "S", "Metahero", "HERO", 1625501137, NULL, "metahero", "HERO", "HERO"); INSERT INTO common_asset_details(asset_id, forked) VALUES("HERO", NULL);
*
INSERT INTO assets(identifier, type, name, symbol, started, swapped_for, coingecko, cryptocompare, details_reference) VALUES("DREAMS", "W", "Dreams Quest", "DREAMS", 1635855270, NULL, "dreams-quest", "", "DREAMS"); INSERT INTO common_asset_details(asset_id, forked) VALUES("DREAMS", NULL);
*
INSERT INTO assets(identifier, type, name, symbol, started, swapped_for, coingecko, cryptocompare, details_reference) VALUES("MTRG", "W", "Meter Governance", "MTRG", 1595037600, NULL, "meter", "MTRG", "MTRG"); INSERT INTO common_asset_details(asset_id, forked) VALUES("MTRG", NULL);
*
INSERT INTO ethereum_tokens(address, decimals, protocol) VALUES("0xC18360217D8F7Ab5e7c516566761Ea12Ce7F9D72", 18, NULL); INSERT INTO assets(identifier, type, name, symbol, started, swapped_for, coingecko, cryptocompare, details_reference) VALUES("_ceth_0xC18360217D8F7Ab5e7c516566761Ea12Ce7F9D72", "C", "Ethereum Name Service", "ENS", 1635800117, NULL, "ethereum-name-service", "ENS", "0xC18360217D8F7Ab5e7c516566761Ea12Ce7F9D72");
*
INSERT INTO ethereum_tokens(address, decimals, protocol) VALUES("0x9D65fF81a3c488d585bBfb0Bfe3c7707c7917f54", 18, NULL); INSERT INTO assets(identifier, type, name, symbol, started, swapped_for, coingecko, cryptocompare, details_reference) VALUES("_ceth_0x9D65fF81a3c488d585bBfb0Bfe3c7707c7917f54", "C", "SSV Token", "SSV", 1629366524, NULL, "ssv-network", "", "0x9D65fF81a3c488d585bBfb0Bfe3c7707c7917f54");
*
INSERT INTO ethereum_tokens(address, decimals, protocol) VALUES("0x27C70Cd1946795B66be9d954418546998b546634", 18, NULL); INSERT INTO assets(identifier, type, name, symbol, started, swapped_for, coingecko, cryptocompare, details_reference) VALUES("_ceth_0x27C70Cd1946795B66be9d954418546998b546634", "C", "DOGE KILLER", "LEASH", 1598998068, NULL, "leash", "LEASH", "0x27C70Cd1946795B66be9d954418546998b546634");
*
INSERT INTO ethereum_tokens(address, decimals, protocol) VALUES("0xC8807f0f5BA3fa45FfBdc66928d71c5289249014", 18, NULL); INSERT INTO assets(identifier, type, name, symbol, started, swapped_for, coingecko, cryptocompare, details_reference) VALUES("_ceth_0xC8807f0f5BA3fa45FfBdc66928d71c5289249014", "C", "Ispolink Token", "ISP", 1582904195, NULL, "ispolink", "ISP", "0xC8807f0f5BA3fa45FfBdc66928d71c5289249014");
*
INSERT INTO ethereum_tokens(address, decimals, protocol) VALUES("0x2dA719DB753dFA10a62E140f436E1d67F2ddB0d6", 10, NULL); INSERT INTO assets(identifier, type, name, symbol, started, swapped_for, coingecko, cryptocompare, details_reference) VALUES("_ceth_0x2dA719DB753dFA10a62E140f436E1d67F2ddB0d6", "C", "CERE Network", "CERE", 1619479004, NULL, "cere-network", "CERE", "0x2dA719DB753dFA10a62E140f436E1d67F2ddB0d6");
*
INSERT INTO ethereum_tokens(address, decimals, protocol) VALUES("0x7b35Ce522CB72e4077BaeB96Cb923A5529764a00", 18, NULL); INSERT INTO assets(identifier, type, name, symbol, started, swapped_for, coingecko, cryptocompare, details_reference) VALUES("_ceth_0x7b35Ce522CB72e4077BaeB96Cb923A5529764a00", "C", "Impermax", "IMX", 1619538925, NULL, "impermax", "", "0x7b35Ce522CB72e4077BaeB96Cb923A5529764a00");
*
INSERT INTO ethereum_tokens(address, decimals, protocol) VALUES("0x037A54AaB062628C9Bbae1FDB1583c195585fe41", 18, NULL); INSERT INTO assets(identifier, type, name, symbol, started, swapped_for, coingecko, cryptocompare, details_reference) VALUES("_ceth_0x037A54AaB062628C9Bbae1FDB1583c195585fe41", "C", "LCX", "LCX", 1551696828, NULL, "lcx", "LCX", "0x037A54AaB062628C9Bbae1FDB1583c195585fe41");
*
INSERT INTO assets(identifier, type, name, symbol, started, swapped_for, coingecko, cryptocompare, details_reference) VALUES("MSOL", "Y", "Marinade staked SOL", "MSOL", 1629183679, NULL, "msol", "", "MSOL"); INSERT INTO common_asset_details(asset_id, forked) VALUES("MSOL", NULL);
*
INSERT INTO assets(identifier, type, name, symbol, started, swapped_for, coingecko, cryptocompare, details_reference) VALUES("STSOL", "Y", "Lido Staked SOL", "STSOL", 1631682230, NULL, "lido-staked-sol", "", "STSOL"); INSERT INTO common_asset_details(asset_id, forked) VALUES("STSOL", NULL);
*
INSERT INTO assets(identifier, type, name, symbol, started, swapped_for, coingecko, cryptocompare, details_reference) VALUES("RACA", "S", "Radio Caca", "RACA", 1629259636, NULL, "radio-caca", "RACA", "RACA"); INSERT INTO common_asset_details(asset_id, forked) VALUES("RACA", NULL);
*
INSERT INTO assets(identifier, type, name, symbol, started, swapped_for, coingecko, cryptocompare, details_reference) VALUES("LATTE", "S", "LatteSwap", "LATTE", 1633503233, NULL, "latteswap", "", "LATTE"); INSERT INTO common_asset_details(asset_id, forked) VALUES("LATTE", NULL);
*
INSERT INTO assets(identifier, type, name, symbol, started, swapped_for, coingecko, cryptocompare, details_reference) VALUES("IDIA", "S", "Impossible Decentralized Incubator Access", "IDIA", 1626193926, NULL, "idia", "IDIA", "IDIA"); INSERT INTO common_asset_details(asset_id, forked) VALUES("IDIA", NULL);
*
INSERT INTO ethereum_tokens(address, decimals, protocol) VALUES("0xccC8cb5229B0ac8069C51fd58367Fd1e622aFD97", 18, NULL); INSERT INTO assets(identifier, type, name, symbol, started, swapped_for, coingecko, cryptocompare, details_reference) VALUES("_ceth_0xccC8cb5229B0ac8069C51fd58367Fd1e622aFD97", "C", "Gods Unchained", "GODS", 1628035683, NULL, "gods-unchained", "GODS", "0xccC8cb5229B0ac8069C51fd58367Fd1e622aFD97");
*
INSERT INTO ethereum_tokens(address, decimals, protocol) VALUES("0x99D8a9C45b2ecA8864373A26D1459e3Dff1e17F3", 18, NULL); INSERT INTO assets(identifier, type, name, symbol, started, swapped_for, coingecko, cryptocompare, details_reference) VALUES("_ceth_0x99D8a9C45b2ecA8864373A26D1459e3Dff1e17F3", "C", "Magic Internet Money", "MIM", 1621978961, NULL, "magic-internet-money", "MIM", "0x99D8a9C45b2ecA8864373A26D1459e3Dff1e17F3");
*
INSERT INTO assets(identifier, type, name, symbol, started, swapped_for, coingecko, cryptocompare, details_reference) VALUES("ZPTC", "S", "Zeptacoin", "ZPTC", 1632928334, NULL, "zeptagram", "", "ZPTC"); INSERT INTO common_asset_details(asset_id, forked) VALUES("ZPTC", NULL);
*
INSERT INTO ethereum_tokens(address, decimals, protocol) VALUES("0x37fE0f067FA808fFBDd12891C0858532CFE7361d", 18, NULL); INSERT INTO assets(identifier, type, name, symbol, started, swapped_for, coingecko, cryptocompare, details_reference) VALUES("_ceth_0x37fE0f067FA808fFBDd12891C0858532CFE7361d", "C", "Civilization", "CIV", 1627750429, NULL, "civilization", "CIV", "0x37fE0f067FA808fFBDd12891C0858532CFE7361d");
*
INSERT INTO ethereum_tokens(address, decimals, protocol) VALUES("0xF7e40AF830a2EcbFe72C5210C1Ca272e3Aa7cA1B", 18, NULL); INSERT INTO assets(identifier, type, name, symbol, started, swapped_for, coingecko, cryptocompare, details_reference) VALUES("_ceth_0xF7e40AF830a2EcbFe72C5210C1Ca272e3Aa7cA1B", "C", "Cultiplan", "CTPL", 1626159693, NULL, "cultiplan", "", "0xF7e40AF830a2EcbFe72C5210C1Ca272e3Aa7cA1B");
*
INSERT INTO ethereum_tokens(address, decimals, protocol) VALUES("0x16CDA4028e9E872a38AcB903176719299beAed87", 18, NULL); INSERT INTO assets(identifier, type, name, symbol, started, swapped_for, coingecko, cryptocompare, details_reference) VALUES("_ceth_0x16CDA4028e9E872a38AcB903176719299beAed87", "C", "MARS4", "MARS4", 1631265773, NULL, "mars4", "", "0x16CDA4028e9E872a38AcB903176719299beAed87");
*
INSERT INTO ethereum_tokens(address, decimals, protocol) VALUES("0xd3E4Ba569045546D09CF021ECC5dFe42b1d7f6E4", 18, NULL); INSERT INTO assets(identifier, type, name, symbol, started, swapped_for, coingecko, cryptocompare, details_reference) VALUES("_ceth_0xd3E4Ba569045546D09CF021ECC5dFe42b1d7f6E4", "C", "Morpheus.Network", "MNW", 1625735539, NULL, "morpheus-network", "", "0xd3E4Ba569045546D09CF021ECC5dFe42b1d7f6E4");
*
INSERT INTO ethereum_tokens(address, decimals, protocol) VALUES("0x47481c1b44F2A1c0135c45AA402CE4F4dDE4D30e", 18, NULL); INSERT INTO assets(identifier, type, name, symbol, started, swapped_for, coingecko, cryptocompare, details_reference) VALUES("_ceth_0x47481c1b44F2A1c0135c45AA402CE4F4dDE4D30e", "C", "MeetPle", "MPT", 1609323314, NULL, "meetple", "", "0x47481c1b44F2A1c0135c45AA402CE4F4dDE4D30e");
*
INSERT INTO ethereum_tokens(address, decimals, protocol) VALUES("0xd1b624f07a4D9B3e3746E33cb58f42dF079b5444", 18, NULL); INSERT INTO assets(identifier, type, name, symbol, started, swapped_for, coingecko, cryptocompare, details_reference) VALUES("_ceth_0xd1b624f07a4D9B3e3746E33cb58f42dF079b5444", "C", "NKCL Classic", "NKCLC", 1629238452, NULL, "nkcl-classic", "", "0xd1b624f07a4D9B3e3746E33cb58f42dF079b5444");
*
INSERT INTO ethereum_tokens(address, decimals, protocol) VALUES("0xDf49C9f599A0A9049D97CFF34D0C30E468987389", 18, NULL); INSERT INTO assets(identifier, type, name, symbol, started, swapped_for, coingecko, cryptocompare, details_reference) VALUES("_ceth_0xDf49C9f599A0A9049D97CFF34D0C30E468987389", "C", "Smart Advertising Transaction Token", "SATT", 1552991604, NULL, "satt", "SATT", "0xDf49C9f599A0A9049D97CFF34D0C30E468987389");
*
INSERT INTO ethereum_tokens(address, decimals, protocol) VALUES("0x4057Db5bD9f67A566aA10E5587b1a964afFc6a16", 18, NULL); INSERT INTO assets(identifier, type, name, symbol, started, swapped_for, coingecko, cryptocompare, details_reference) VALUES("_ceth_0x4057Db5bD9f67A566aA10E5587b1a964afFc6a16", "C", "Truefeedback", "TFBX", 1611518452, NULL, "truefeedbackchain", "TFBX", "0x4057Db5bD9f67A566aA10E5587b1a964afFc6a16");
*
UPDATE assets SET coingecko="decentralized-universal-basic-income" where identifier="_ceth_0xEd7fEA78C393cF7B17B152A8c2D0CD97aC31790B";
INSERT INTO assets(identifier, type, name, symbol, started, swapped_for, coingecko, cryptocompare, details_reference) VALUES("HARD", "B", "Kava Lend", "HARD", 1604620800, NULL, "decentralized-universal-basic-income", "", "HARD"); INSERT INTO common_asset_details(asset_id, forked) VALUES("HARD", NULL);
UPDATE assets SET coingecko="fei-usd" WHERE identifier="_ceth_0x956F47F50A910163D8BF957Cf5846D573E7f87CA";
INSERT INTO ethereum_tokens(address, decimals, protocol) VALUES("0x956F47F50A910163D8BF957Cf5846D573E7f87CA", 18, NULL); INSERT INTO assets(identifier, type, name, symbol,started, swapped_for, coingecko, cryptocompare, details_reference) VALUES("_ceth_0x956F47F50A910163D8BF957Cf5846D573E7f87CA", "C", "Fei USD", "FEI", 1616909037, NULL, "fei-usd", "FEI", "0x956F47F50A910163D8BF957Cf5846D573E7f87CA");
INSERT INTO assets(identifier, type, name, symbol, started, swapped_for, coingecko, cryptocompare, details_reference) VALUES("DAR", "S", "Mines of Dalarnia", "DAR", 1634726627, NULL, "mines-of-dalarnia", "", "DAR"); INSERT INTO common_asset_details(asset_id, forked) VALUES("DAR", NULL);
*
INSERT INTO assets(identifier, type, name, symbol, started, swapped_for, coingecko, cryptocompare, details_reference) VALUES("SHX", "W", "Stronghold Token", "SHX", 1634726627, NULL, "stronghold-token", "SHX", "SHX"); INSERT INTO common_asset_details(asset_id, forked) VALUES("SHX", NULL);
*
INSERT INTO ethereum_tokens(address, decimals, protocol) VALUES("0xd7c302fc3ac829C7E896a32c4Bd126f3e8Bd0a1f", 18, NULL); INSERT INTO assets(identifier, type, name, symbol, started, swapped_for, coingecko, cryptocompare, details_reference) VALUES("_ceth_0xd7c302fc3ac829C7E896a32c4Bd126f3e8Bd0a1f", "C", "Bit2Me", "B2M", 1631708294, NULL, "bit2me", "", "0xd7c302fc3ac829C7E896a32c4Bd126f3e8Bd0a1f");
*
INSERT INTO ethereum_tokens(address, decimals, protocol) VALUES("0x0c7D5ae016f806603CB1782bEa29AC69471CAb9c", 18, NULL); INSERT INTO assets(identifier, type, name, symbol, started, swapped_for, coingecko, cryptocompare, details_reference) VALUES("_ceth_0x0c7D5ae016f806603CB1782bEa29AC69471CAb9c", "C", "Bifrost", "BFC", 1590651480, NULL, "bifrost", "BFC", "0x0c7D5ae016f806603CB1782bEa29AC69471CAb9c");
*
INSERT INTO ethereum_tokens(address, decimals, protocol) VALUES("0xc91B523A59ACC63A64f61fc7bBfB4bfc82DD25f2", 18, NULL); INSERT INTO assets(identifier, type, name, symbol, started, swapped_for, coingecko, cryptocompare, details_reference) VALUES("_ceth_0xc91B523A59ACC63A64f61fc7bBfB4bfc82DD25f2", "C", "Multiverse", "AI", 1622665363, NULL, "multiverse", "AI", "0xc91B523A59ACC63A64f61fc7bBfB4bfc82DD25f2");
*
INSERT INTO assets(identifier, type, name, symbol, started, swapped_for, coingecko, cryptocompare, details_reference) VALUES("LAZIO", "S", "Lazio Fan Token", "LAZIO", 1633925647, NULL, "lazio-fan-token", "LAZIO", "LAZIO"); INSERT INTO common_asset_details(asset_id, forked) VALUES("LAZIO", NULL);
*
INSERT INTO ethereum_tokens(address, decimals, protocol) VALUES("0x334cBb5858417Aee161B53Ee0D5349cCF54514CF", 18, NULL); INSERT INTO assets(identifier,type, name, symbol,started, swapped_for, coingecko, cryptocompare, details_reference) VALUES("_ceth_0x334cBb5858417Aee161B53Ee0D5349cCF54514CF", "C", "PoolTogether Dai Ticket", "PcDAI", 1603348357, NULL, "", "", "0x334cBb5858417Aee161B53Ee0D5349cCF54514CF");
*
INSERT INTO ethereum_tokens(address, decimals, protocol) VALUES("0xCd1fAFf6e578Fa5cAC469d2418C95671bA1a62Fe", 18, NULL); INSERT INTO assets(identifier, type, name, symbol, started, swapped_for, coingecko, cryptocompare, details_reference) VALUES("_ceth_0xCd1fAFf6e578Fa5cAC469d2418C95671bA1a62Fe", "C", "Torum", "XTM", 1630680656, NULL, "torum", "XTM", "0xCd1fAFf6e578Fa5cAC469d2418C95671bA1a62Fe");
*
INSERT INTO ethereum_tokens(address, decimals, protocol) VALUES("0x73374Ea518De7adDD4c2B624C0e8B113955ee041", 18, NULL); INSERT INTO assets(identifier, type, name, symbol, started, swapped_for, coingecko, cryptocompare, details_reference) VALUES("_ceth_0x73374Ea518De7adDD4c2B624C0e8B113955ee041", "C", "Juggernaut DeFi", "JGN", 1597187995, NULL, "juggernaut", "JGN", "0x73374Ea518De7adDD4c2B624C0e8B113955ee041");
*
INSERT INTO ethereum_tokens(address, decimals, protocol) VALUES("0x9e6C59321CEB205d5d3BC6c539c017aF6159B16c", 18, NULL); INSERT INTO assets(identifier, type, name, symbol, started, swapped_for, coingecko, cryptocompare, details_reference) VALUES("_ceth_0x9e6C59321CEB205d5d3BC6c539c017aF6159B16c", "C", "MindCell", "MDC", 1616313290, NULL, "mindcell", "", "0x9e6C59321CEB205d5d3BC6c539c017aF6159B16c");
*