INSERT INTO ethereum_tokens(address, decimals, protocol) VALUES("0xaac41EC512808d64625576EDdd580e7Ea40ef8B2", 18, NULL); INSERT INTO assets(identifier, type, name, symbol, started, swapped_for, coingecko, cryptocompare, details_reference) VALUES("_ceth_0xaac41EC512808d64625576EDdd580e7Ea40ef8B2", "C", "Gameswap", "GSWAP", 1604022038, NULL, "gameswap", "GSWAP", "0xaac41EC512808d64625576EDdd580e7Ea40ef8B2");
*
INSERT INTO ethereum_tokens(address, decimals, protocol) VALUES("0x88ACDd2a6425c3FaAE4Bc9650Fd7E27e0Bebb7aB", 18, NULL); INSERT INTO assets(identifier, type, name, symbol, started, swapped_for, coingecko, cryptocompare, details_reference) VALUES("_ceth_0x88ACDd2a6425c3FaAE4Bc9650Fd7E27e0Bebb7aB", "C", "Alchemist", "MIST", 1612643126, NULL, "alchemist", "MIST", "0x88ACDd2a6425c3FaAE4Bc9650Fd7E27e0Bebb7aB");
*
INSERT INTO ethereum_tokens(address, decimals, protocol) VALUES("0x88dF592F8eb5D7Bd38bFeF7dEb0fBc02cf3778a0", 18, NULL); INSERT INTO assets(identifier, type, name, symbol, started, swapped_for, coingecko, cryptocompare, details_reference) VALUES("_ceth_0x88dF592F8eb5D7Bd38bFeF7dEb0fBc02cf3778a0", "C", "Tellor", "TRB", 1613850551, NULL, "tellor", "TRB", "0x88dF592F8eb5D7Bd38bFeF7dEb0fBc02cf3778a0");
*
UPDATE assets SET swapped_for="_ceth_0x88dF592F8eb5D7Bd38bFeF7dEb0fBc02cf3778a0" WHERE identifier="_ceth_0x0Ba45A8b5d5575935B8158a88C631E9F9C95a2e5";/*Introduce TRB token swap*/
INSERT INTO ethereum_tokens(address, decimals, protocol) VALUES("0x0Ba45A8b5d5575935B8158a88C631E9F9C95a2e5", 18, NULL); INSERT INTO assets(identifier, type, name, symbol, started, swapped_for, coingecko, cryptocompare, details_reference) VALUES("_ceth_0x0Ba45A8b5d5575935B8158a88C631E9F9C95a2e5", "C", "Tellor Tributes", "TRB", 1564671864, "_ceth_0x88dF592F8eb5D7Bd38bFeF7dEb0fBc02cf3778a0", "tellor", "TRB", "0x0Ba45A8b5d5575935B8158a88C631E9F9C95a2e5");
INSERT INTO ethereum_tokens(address, decimals, protocol) VALUES("0xaea46A60368A7bD060eec7DF8CBa43b7EF41Ad85", 18, NULL); INSERT INTO assets(identifier, type, name, symbol, started, swapped_for, coingecko, cryptocompare, details_reference) VALUES("_ceth_0xaea46A60368A7bD060eec7DF8CBa43b7EF41Ad85", "C", "Fetch AI", "FET", 1601931978, NULL, "fetch-ai", "FET", "0xaea46A60368A7bD060eec7DF8CBa43b7EF41Ad85");
*
UPDATE assets SET swapped_for="_ceth_0xaea46A60368A7bD060eec7DF8CBa43b7EF41Ad85" WHERE identifier="_ceth_0x1D287CC25dAD7cCaF76a26bc660c5F7C8E2a05BD";/*Introduce FET token swap*/
INSERT INTO ethereum_tokens(address, decimals, protocol) VALUES("0x1D287CC25dAD7cCaF76a26bc660c5F7C8E2a05BD", 18, NULL); INSERT INTO assets(identifier, type, name, symbol, started, swapped_for, coingecko, cryptocompare, details_reference) VALUES("_ceth_0x1D287CC25dAD7cCaF76a26bc660c5F7C8E2a05BD", "C", "Fetch AI", "FET", 1538999375, "_ceth_0xaea46A60368A7bD060eec7DF8CBa43b7EF41Ad85", "fetch-ai", "FET", "0x1D287CC25dAD7cCaF76a26bc660c5F7C8E2a05BD");
INSERT INTO ethereum_tokens(address, decimals, protocol) VALUES("0x767FE9EDC9E0dF98E07454847909b5E959D7ca0E", 18, NULL); INSERT INTO assets(identifier, type, name, symbol, started, swapped_for, coingecko, cryptocompare, details_reference) VALUES("_ceth_0x767FE9EDC9E0dF98E07454847909b5E959D7ca0E", "C", "Illuvium", "ILV", 1616355826, NULL, "illuvium", "ILV", "0x767FE9EDC9E0dF98E07454847909b5E959D7ca0E");
*
INSERT INTO ethereum_tokens(address, decimals, protocol) VALUES("0x7dE91B204C1C737bcEe6F000AAA6569Cf7061cb7", 9, NULL); INSERT INTO assets(identifier, type, name, symbol, started, swapped_for, coingecko, cryptocompare, details_reference) VALUES("_ceth_0x7dE91B204C1C737bcEe6F000AAA6569Cf7061cb7", "C", "Robonomics Network", "XRT", 1555493324, NULL, "robonomics-network", "XRT", "0x7dE91B204C1C737bcEe6F000AAA6569Cf7061cb7");
*
INSERT INTO ethereum_tokens(address, decimals, protocol) VALUES("0x054D64b73d3D8A21Af3D764eFd76bCaA774f3Bb2", 18, NULL); INSERT INTO assets(identifier, type, name, symbol,started, swapped_for, coingecko, cryptocompare, details_reference) VALUES("_ceth_0x054D64b73d3D8A21Af3D764eFd76bCaA774f3Bb2", "C", "Plasma Finance", "PPAY", 1604406754, NULL, "plasma-finance", "", "0x054D64b73d3D8A21Af3D764eFd76bCaA774f3Bb2");
*
INSERT INTO ethereum_tokens(address, decimals, protocol) VALUES("0xF94b5C5651c888d928439aB6514B93944eEE6F48", 18, NULL); INSERT INTO assets(identifier, type, name, symbol,started, swapped_for, coingecko, cryptocompare, details_reference) VALUES("_ceth_0xF94b5C5651c888d928439aB6514B93944eEE6F48", "C", "YIELD App", "YLD", 1607697368, NULL, "yield-app", "YLD", "0xF94b5C5651c888d928439aB6514B93944eEE6F48");
*
INSERT INTO ethereum_tokens(address, decimals, protocol) VALUES("0x8a40c222996f9F3431f63Bf80244C36822060f12", 18, NULL); INSERT INTO assets(identifier, type, name, symbol,started, swapped_for, coingecko, cryptocompare, details_reference) VALUES("_ceth_0x8a40c222996f9F3431f63Bf80244C36822060f12", "C", "Finxflo", "FXF", 1612679229, NULL, "finxflo", "FXF", "0x8a40c222996f9F3431f63Bf80244C36822060f12");
*
INSERT INTO ethereum_tokens(address, decimals, protocol) VALUES("0x661Ab0Ed68000491d98C796146bcF28c20d7c559", 18, NULL); INSERT INTO assets(identifier, type, name, symbol,started, swapped_for, coingecko, cryptocompare, details_reference) VALUES("_ceth_0x661Ab0Ed68000491d98C796146bcF28c20d7c559", "C", "Shadows", "DOWS", 1614615544, NULL, "shadows", "DOWS", "0x661Ab0Ed68000491d98C796146bcF28c20d7c559");
*
INSERT INTO ethereum_tokens(address, decimals, protocol) VALUES("0xBBc2AE13b23d715c30720F079fcd9B4a74093505", 18, NULL); INSERT INTO assets(identifier, type, name, symbol,started, swapped_for, coingecko, cryptocompare, details_reference) VALUES("_ceth_0xBBc2AE13b23d715c30720F079fcd9B4a74093505", "C", "Ethernity Chain", "ERN", 1611899325, NULL, "ethernity-chain", "ERN", "0xBBc2AE13b23d715c30720F079fcd9B4a74093505");
*
INSERT INTO ethereum_tokens(address, decimals, protocol) VALUES("0xD2dDa223b2617cB616c1580db421e4cFAe6a8a85", 18, NULL); INSERT INTO assets(identifier, type, name, symbol,started, swapped_for, coingecko, cryptocompare, details_reference) VALUES("_ceth_0xD2dDa223b2617cB616c1580db421e4cFAe6a8a85", "C", "Bondly", "BONDLY", 1607343988, NULL, "bondly", "BONDLY", "0xD2dDa223b2617cB616c1580db421e4cFAe6a8a85");
*
INSERT INTO ethereum_tokens(address, decimals, protocol) VALUES("0xdBdb4d16EdA451D0503b854CF79D55697F90c8DF", 18, NULL); INSERT INTO assets(identifier, type, name, symbol,started, swapped_for, coingecko, cryptocompare, details_reference) VALUES("_ceth_0xdBdb4d16EdA451D0503b854CF79D55697F90c8DF", "C", "Alchemix", "ALCX", 1614400082, NULL, "alchemix", "ALCX", "0xdBdb4d16EdA451D0503b854CF79D55697F90c8DF");
*
INSERT INTO ethereum_tokens(address, decimals, protocol) VALUES("0x420412E765BFa6d85aaaC94b4f7b708C89be2e2B", 4, NULL); INSERT INTO assets(identifier, type, name, symbol,started, swapped_for, coingecko, cryptocompare, details_reference) VALUES("_ceth_0x420412E765BFa6d85aaaC94b4f7b708C89be2e2B", "C", "Brazilian Digital Token", "BRZ", 1552417004, NULL, "brazilian-digital-token", "BRZ", "0x420412E765BFa6d85aaaC94b4f7b708C89be2e2B");
*
INSERT INTO ethereum_tokens(address, decimals, protocol) VALUES("0xcca0c9c383076649604eE31b20248BC04FdF61cA", 18, NULL); INSERT INTO assets(identifier, type, name, symbol,started, swapped_for, coingecko, cryptocompare, details_reference) VALUES("_ceth_0xcca0c9c383076649604eE31b20248BC04FdF61cA", "C", "Bitmax Token", "BTMX", 1590380637, NULL, "bitmax-token", "BTMX", "0xcca0c9c383076649604eE31b20248BC04FdF61cA");
*
INSERT INTO ethereum_tokens(address, decimals, protocol) VALUES("0xc834Fa996fA3BeC7aAD3693af486ae53D8aA8B50", 18, NULL); INSERT INTO assets(identifier, type, name, symbol,started, swapped_for, coingecko, cryptocompare, details_reference) VALUES("_ceth_0xc834Fa996fA3BeC7aAD3693af486ae53D8aA8B50", "C", "Convergence", "CONV", 1616385987, NULL, "convergence", "CONV", "0xc834Fa996fA3BeC7aAD3693af486ae53D8aA8B50");
*
INSERT INTO assets(identifier, type, name, symbol, started, swapped_for, coingecko, cryptocompare, details_reference) VALUES("COPE", "Y", "Cope", "COPE", 1617077337, NULL, "cope", "COPE", "COPE"); INSERT INTO common_asset_details(asset_id, forked) VALUES("COPE", NULL);
*
INSERT INTO assets(identifier, type, name, symbol, started, swapped_for, coingecko, cryptocompare, details_reference) VALUES("CRON", "B", "Cryptocean", "CRON", 1557885600, NULL, "cryptocean", "CRON", "CRON"); INSERT INTO common_asset_details(asset_id, forked) VALUES("CRON", NULL);
*
INSERT INTO assets(identifier, type, name, symbol, started, swapped_for, coingecko, cryptocompare, details_reference) VALUES("FIDA", "Y", "Bonfida", "FIDA", 1608598800, NULL, "bonfida", "FIDA", "FIDA"); INSERT INTO common_asset_details(asset_id, forked) VALUES("FIDA", NULL);
*
INSERT INTO assets(identifier, type, name, symbol, started, swapped_for, coingecko, cryptocompare, details_reference) VALUES("HOLY", "Y", "Holy Trinity", "HOLY", 1609894800, NULL, "holy-trinity", "", "HOLY"); INSERT INTO common_asset_details(asset_id, forked) VALUES("HOLY", NULL);
*
INSERT INTO ethereum_tokens(address, decimals, protocol) VALUES("0x3E9BC21C9b189C09dF3eF1B824798658d5011937", 18, NULL); INSERT INTO assets(identifier, type, name, symbol, started, swapped_for, coingecko, cryptocompare, details_reference) VALUES("_ceth_0x3E9BC21C9b189C09dF3eF1B824798658d5011937", "C", "Linear", "LINA", 1600266838, NULL, "linear", "LINA", "0x3E9BC21C9b189C09dF3eF1B824798658d5011937");
*
INSERT INTO ethereum_tokens(address, decimals, protocol) VALUES("0xB1f66997A5760428D3a87D68b90BfE0aE64121cC", 18, NULL); INSERT INTO assets(identifier, type, name, symbol, started, swapped_for, coingecko, cryptocompare, details_reference) VALUES("_ceth_0xB1f66997A5760428D3a87D68b90BfE0aE64121cC", "C", "LuaToken", "LUA", 1601024188, NULL, "lua-token", "LUA", "0xB1f66997A5760428D3a87D68b90BfE0aE64121cC");
*
INSERT INTO ethereum_tokens(address, decimals, protocol) VALUES("0x08d967bb0134F2d07f7cfb6E246680c53927DD30", 18, NULL); INSERT INTO assets(identifier, type, name, symbol, started, swapped_for, coingecko, cryptocompare, details_reference) VALUES("_ceth_0x08d967bb0134F2d07f7cfb6E246680c53927DD30", "C", "MATH Token", "MATH", 1569577860, NULL, "math", "MATH", "0x08d967bb0134F2d07f7cfb6E246680c53927DD30");
*
INSERT INTO ethereum_tokens(address, decimals, protocol) VALUES("0x965697b4ef02F0DE01384D0d4F9F782B1670c163", 6, NULL); INSERT INTO assets(identifier, type, name, symbol, started, swapped_for, coingecko, cryptocompare, details_reference) VALUES("_ceth_0x965697b4ef02F0DE01384D0d4F9F782B1670c163", "C", "Oxygen Ecosystem Token", "OXY", 1607784270, NULL, "oxygen", "OXY", "0x965697b4ef02F0DE01384D0d4F9F782B1670c163");
*
INSERT INTO ethereum_tokens(address, decimals, protocol) VALUES("0x0FD10b9899882a6f2fcb5c371E17e70FdEe00C38", 18, NULL); INSERT INTO assets(identifier, type, name, symbol, started, swapped_for, coingecko, cryptocompare, details_reference) VALUES("_ceth_0x0FD10b9899882a6f2fcb5c371E17e70FdEe00C38", "C", "Pundi X Token", "PUNDIX", 1615175880, NULL, "pundi-x-new", "PUNDIX", "0x0FD10b9899882a6f2fcb5c371E17e70FdEe00C38");
*
UPDATE assets SET swapped_for="_ceth_0x0FD10b9899882a6f2fcb5c371E17e70FdEe00C38", coingecko="pundi-x-old" WHERE identifier="_ceth_0xA15C7Ebe1f07CaF6bFF097D8a589fb8AC49Ae5B3";/*Introduce NPXS token swap*/
INSERT INTO ethereum_tokens(address, decimals, protocol) VALUES("0xA15C7Ebe1f07CaF6bFF097D8a589fb8AC49Ae5B3", 18, NULL); INSERT INTO assets(identifier, type, name, symbol, started, swapped_for, coingecko, cryptocompare, details_reference) VALUES("_ceth_0xA15C7Ebe1f07CaF6bFF097D8a589fb8AC49Ae5B3", "C", "Pundi X", "NPXS", 1506470400, "_ceth_0x0FD10b9899882a6f2fcb5c371E17e70FdEe00C38", "pundi-x-old", "NPXS", "0xA15C7Ebe1f07CaF6bFF097D8a589fb8AC49Ae5B3");
INSERT INTO ethereum_tokens(address, decimals, protocol) VALUES("0x33D0568941C0C64ff7e0FB4fbA0B11BD37deEd9f", 6, NULL); INSERT INTO assets(identifier, type, name, symbol, started, swapped_for, coingecko, cryptocompare, details_reference) VALUES("_ceth_0x33D0568941C0C64ff7e0FB4fbA0B11BD37deEd9f", "C", "RAMP DEFI", "RAMP", 1597966623, NULL, "ramp", "RAMP", "0x33D0568941C0C64ff7e0FB4fbA0B11BD37deEd9f");
*
INSERT INTO assets(identifier, type, name, symbol, started, swapped_for, coingecko, cryptocompare, details_reference) VALUES("RAY", "Y", "Raydium", "RAY", 1613927088, NULL, "raydium", "RAY", "RAY"); INSERT INTO common_asset_details(asset_id, forked) VALUES("RAY", NULL);
*