INSERT INTO assets(identifier, name, type) VALUES("eip155:1/erc20:0xE2037090f896A858E3168B978668F22026AC52e7", "Farming of GHO v3", "C"); INSERT INTO evm_tokens(identifier, token_kind, chain, address, decimals, protocol) VALUES("eip155:1/erc20:0xE2037090f896A858E3168B978668F22026AC52e7", "A", 1, "0xE2037090f896A858E3168B978668F22026AC52e7", 18, "gearbox"); INSERT INTO common_asset_details(identifier, symbol, coingecko, cryptocompare, forked, started, swapped_for) VALUES("eip155:1/erc20:0xE2037090f896A858E3168B978668F22026AC52e7", "farmdGHOV3", "", "", NULL, 1711372847, NULL);
*
INSERT INTO assets(identifier, name, type) VALUES("eip155:1/erc20:0x0418fEB7d0B25C411EB77cD654305d29FcbFf685", "Farming of Trade WETH v3", "C"); INSERT INTO evm_tokens(identifier, token_kind, chain, address, decimals, protocol) VALUES("eip155:1/erc20:0x0418fEB7d0B25C411EB77cD654305d29FcbFf685", "A", 1, "0x0418fEB7d0B25C411EB77cD654305d29FcbFf685", 18, "gearbox"); INSERT INTO common_asset_details(identifier, symbol, coingecko, cryptocompare, forked, started, swapped_for) VALUES("eip155:1/erc20:0x0418fEB7d0B25C411EB77cD654305d29FcbFf685", "farmdWETHV3", "", "", NULL, 1702723799, NULL);
*
INSERT INTO assets(identifier, name, type) VALUES("eip155:1/erc20:0xA8cE662E45E825DAF178DA2c8d5Fae97696A788A", "Farming of Trade WBTC v3", "C"); INSERT INTO evm_tokens(identifier, token_kind, chain, address, decimals, protocol) VALUES("eip155:1/erc20:0xA8cE662E45E825DAF178DA2c8d5Fae97696A788A", "A", 1, "0xA8cE662E45E825DAF178DA2c8d5Fae97696A788A", 8, "gearbox"); INSERT INTO common_asset_details(identifier, symbol, coingecko, cryptocompare, forked, started, swapped_for) VALUES("eip155:1/erc20:0xA8cE662E45E825DAF178DA2c8d5Fae97696A788A", "farmdWBTCV3", "", "", NULL, 1702723799, NULL);
*
INSERT INTO assets(identifier, name, type) VALUES("eip155:1/erc20:0x7ed08b843bE2329567f64576143eA3c16aFE8873", "Farming of USDT v3", "C"); INSERT INTO evm_tokens(identifier, token_kind, chain, address, decimals, protocol) VALUES("eip155:1/erc20:0x7ed08b843bE2329567f64576143eA3c16aFE8873", "A", 1, "0x7ed08b843bE2329567f64576143eA3c16aFE8873", 6, "gearbox"); INSERT INTO common_asset_details(identifier, symbol, coingecko, cryptocompare, forked, started, swapped_for) VALUES("eip155:1/erc20:0x7ed08b843bE2329567f64576143eA3c16aFE8873", "farmdUSDTV3", "", "", NULL, 1711357847, NULL);
*
INSERT INTO assets(identifier, name, type) VALUES("eip155:1/erc20:0x16adAb68bDEcE3089D4f1626Bb5AEDD0d02471aD", "Farming of Universal USDT v3", "C"); INSERT INTO evm_tokens(identifier, token_kind, chain, address, decimals, protocol) VALUES("eip155:1/erc20:0x16adAb68bDEcE3089D4f1626Bb5AEDD0d02471aD", "A", 1, "0x16adAb68bDEcE3089D4f1626Bb5AEDD0d02471aD", 6, "gearbox"); INSERT INTO common_asset_details(identifier, symbol, coingecko, cryptocompare, forked, started, swapped_for) VALUES("eip155:1/erc20:0x16adAb68bDEcE3089D4f1626Bb5AEDD0d02471aD", "farmdUSDTV3", "", "", NULL, 1711901795, NULL);
*
INSERT INTO assets(identifier, name, type) VALUES("eip155:1/erc20:0xC853E4DA38d9Bd1d01675355b8c8f3BBC1451973", "Farming of DAI v3", "C"); INSERT INTO evm_tokens(identifier, token_kind, chain, address, decimals, protocol) VALUES("eip155:1/erc20:0xC853E4DA38d9Bd1d01675355b8c8f3BBC1451973", "A", 1, "0xC853E4DA38d9Bd1d01675355b8c8f3BBC1451973", 18, "gearbox"); INSERT INTO common_asset_details(identifier, symbol, coingecko, cryptocompare, forked, started, swapped_for) VALUES("eip155:1/erc20:0xC853E4DA38d9Bd1d01675355b8c8f3BBC1451973", "farmdDAIV3", "", "", NULL, 1711373039, NULL);
*
INSERT INTO assets(identifier, name, type) VALUES("eip155:1/erc20:0x9ef444a6d7F4A5adcd68FD5329aA5240C90E14d2", "Farming of Trade USDC v3", "C"); INSERT INTO evm_tokens(identifier, token_kind, chain, address, decimals, protocol) VALUES("eip155:1/erc20:0x9ef444a6d7F4A5adcd68FD5329aA5240C90E14d2", "A", 1, "0x9ef444a6d7F4A5adcd68FD5329aA5240C90E14d2", 6, "gearbox"); INSERT INTO common_asset_details(identifier, symbol, coingecko, cryptocompare, forked, started, swapped_for) VALUES("eip155:1/erc20:0x9ef444a6d7F4A5adcd68FD5329aA5240C90E14d2", "farmdUSDCV3", "", "", NULL, 1702723787, NULL);
*
INSERT INTO assets(identifier, name, type) VALUES("eip155:1/erc20:0x4d56c9cBa373AD39dF69Eb18F076b7348000AE09", "GHO v3", "C"); INSERT INTO evm_tokens(identifier, token_kind, chain, address, decimals, protocol) VALUES("eip155:1/erc20:0x4d56c9cBa373AD39dF69Eb18F076b7348000AE09", "A", 1, "0x4d56c9cBa373AD39dF69Eb18F076b7348000AE09", 18, "gearbox"); INSERT INTO common_asset_details(identifier, symbol, coingecko, cryptocompare, forked, started, swapped_for) VALUES("eip155:1/erc20:0x4d56c9cBa373AD39dF69Eb18F076b7348000AE09", "dGHOV3", "", "", NULL, 1711357847, NULL);
*
INSERT INTO assets(identifier, name, type) VALUES("eip155:1/erc20:0xda0002859B2d05F66a753d8241fCDE8623f26F4f", "Trade WETH v3", "C"); INSERT INTO evm_tokens(identifier, token_kind, chain, address, decimals, protocol) VALUES("eip155:1/erc20:0xda0002859B2d05F66a753d8241fCDE8623f26F4f", "A", 1, "0xda0002859B2d05F66a753d8241fCDE8623f26F4f", 18, "gearbox"); INSERT INTO common_asset_details(identifier, symbol, coingecko, cryptocompare, forked, started, swapped_for) VALUES("eip155:1/erc20:0xda0002859B2d05F66a753d8241fCDE8623f26F4f", "dWETHV3", "", "", NULL, 1702723799, NULL);
*
INSERT INTO assets(identifier, name, type) VALUES("eip155:1/erc20:0xF21fc650C1B34eb0FDE786D52d23dA99Db3D6278", "diesel Wrapped Ether", "C"); INSERT INTO evm_tokens(identifier, token_kind, chain, address, decimals, protocol) VALUES("eip155:1/erc20:0xF21fc650C1B34eb0FDE786D52d23dA99Db3D6278", "A", 1, "0xF21fc650C1B34eb0FDE786D52d23dA99Db3D6278", 18, "gearbox"); INSERT INTO common_asset_details(identifier, symbol, coingecko, cryptocompare, forked, started, swapped_for) VALUES("eip155:1/erc20:0xF21fc650C1B34eb0FDE786D52d23dA99Db3D6278", "dWETH", "", "", NULL, 1640176032, NULL);
*
INSERT INTO assets(identifier, name, type) VALUES("eip155:1/erc20:0xe753260F1955e8678DCeA8887759e07aa57E8c54", "diesel Wrapped BTC", "C"); INSERT INTO evm_tokens(identifier, token_kind, chain, address, decimals, protocol) VALUES("eip155:1/erc20:0xe753260F1955e8678DCeA8887759e07aa57E8c54", "A", 1, "0xe753260F1955e8678DCeA8887759e07aa57E8c54", 8, "gearbox"); INSERT INTO common_asset_details(identifier, symbol, coingecko, cryptocompare, forked, started, swapped_for) VALUES("eip155:1/erc20:0xe753260F1955e8678DCeA8887759e07aa57E8c54", "dWBTC", "", "", NULL, 1640176048, NULL);
*
INSERT INTO assets(identifier, name, type) VALUES("eip155:1/erc20:0xda00010eDA646913F273E10E7A5d1F659242757d", "Trade WBTC v3", "C"); INSERT INTO evm_tokens(identifier, token_kind, chain, address, decimals, protocol) VALUES("eip155:1/erc20:0xda00010eDA646913F273E10E7A5d1F659242757d", "A", 1, "0xda00010eDA646913F273E10E7A5d1F659242757d", 8, "gearbox"); INSERT INTO common_asset_details(identifier, symbol, coingecko, cryptocompare, forked, started, swapped_for) VALUES("eip155:1/erc20:0xda00010eDA646913F273E10E7A5d1F659242757d", "dWBTCV3", "", "", NULL, 1702723787, NULL);
*
INSERT INTO assets(identifier, name, type) VALUES("eip155:1/erc20:0x1DC0F3359a254f876B37906cFC1000A35Ce2d717", "USDT v3", "C"); INSERT INTO evm_tokens(identifier, token_kind, chain, address, decimals, protocol) VALUES("eip155:1/erc20:0x1DC0F3359a254f876B37906cFC1000A35Ce2d717", "A", 1, "0x1DC0F3359a254f876B37906cFC1000A35Ce2d717", 6, "gearbox"); INSERT INTO common_asset_details(identifier, symbol, coingecko, cryptocompare, forked, started, swapped_for) VALUES("eip155:1/erc20:0x1DC0F3359a254f876B37906cFC1000A35Ce2d717", "dUSDTV3", "", "", NULL, 1711357847, NULL);
*
INSERT INTO assets(identifier, name, type) VALUES("eip155:1/erc20:0x05A811275fE9b4DE503B3311F51edF6A856D936e", "Universal USDT v3", "C"); INSERT INTO evm_tokens(identifier, token_kind, chain, address, decimals, protocol) VALUES("eip155:1/erc20:0x05A811275fE9b4DE503B3311F51edF6A856D936e", "A", 1, "0x05A811275fE9b4DE503B3311F51edF6A856D936e", 6, "gearbox"); INSERT INTO common_asset_details(identifier, symbol, coingecko, cryptocompare, forked, started, swapped_for) VALUES("eip155:1/erc20:0x05A811275fE9b4DE503B3311F51edF6A856D936e", "dUSDTV3", "", "", NULL, 1711901795, NULL);
*
INSERT INTO assets(identifier, name, type) VALUES("eip155:1/erc20:0xe7146F53dBcae9D6Fa3555FE502648deb0B2F823", "DAI v3", "C"); INSERT INTO evm_tokens(identifier, token_kind, chain, address, decimals, protocol) VALUES("eip155:1/erc20:0xe7146F53dBcae9D6Fa3555FE502648deb0B2F823", "A", 1, "0xe7146F53dBcae9D6Fa3555FE502648deb0B2F823", 18, "gearbox"); INSERT INTO common_asset_details(identifier, symbol, coingecko, cryptocompare, forked, started, swapped_for) VALUES("eip155:1/erc20:0xe7146F53dBcae9D6Fa3555FE502648deb0B2F823", "dDAIV3", "", "", NULL, 1711358111, NULL);
*
INSERT INTO assets(identifier, name, type) VALUES("eip155:1/erc20:0xc411dB5f5Eb3f7d552F9B8454B2D74097ccdE6E3", "diesel USD Coin", "C"); INSERT INTO evm_tokens(identifier, token_kind, chain, address, decimals, protocol) VALUES("eip155:1/erc20:0xc411dB5f5Eb3f7d552F9B8454B2D74097ccdE6E3", "A", 1, "0xc411dB5f5Eb3f7d552F9B8454B2D74097ccdE6E3", 6, "gearbox"); INSERT INTO common_asset_details(identifier, symbol, coingecko, cryptocompare, forked, started, swapped_for) VALUES("eip155:1/erc20:0xc411dB5f5Eb3f7d552F9B8454B2D74097ccdE6E3", "dUSDC", "", "", NULL, 1640176000, NULL);
*
INSERT INTO assets(identifier, name, type) VALUES("eip155:1/erc20:0xda00000035fef4082F78dEF6A8903bee419FbF8E", "Trade USDC v3", "C"); INSERT INTO evm_tokens(identifier, token_kind, chain, address, decimals, protocol) VALUES("eip155:1/erc20:0xda00000035fef4082F78dEF6A8903bee419FbF8E", "A", 1, "0xda00000035fef4082F78dEF6A8903bee419FbF8E", 6, "gearbox"); INSERT INTO common_asset_details(identifier, symbol, coingecko, cryptocompare, forked, started, swapped_for) VALUES("eip155:1/erc20:0xda00000035fef4082F78dEF6A8903bee419FbF8E", "dUSDCV3", "", "", NULL, 1702723787, NULL);
*
INSERT INTO assets(identifier, name, type) VALUES("eip155:42161/erc20:0x608F9e2E8933Ce6b39A8CddBc34a1e3E8D21cE75", "Farming of Main USDC.e v3", "C"); INSERT INTO evm_tokens(identifier, token_kind, chain, address, decimals, protocol) VALUES("eip155:42161/erc20:0x608F9e2E8933Ce6b39A8CddBc34a1e3E8D21cE75", "A", 42161, "0x608F9e2E8933Ce6b39A8CddBc34a1e3E8D21cE75", 6, "gearbox"); INSERT INTO common_asset_details(identifier, symbol, coingecko, cryptocompare, forked, started, swapped_for) VALUES("eip155:42161/erc20:0x608F9e2E8933Ce6b39A8CddBc34a1e3E8D21cE75", "farmdUSDCV3", "", "", NULL, 1708947699, NULL); INSERT INTO underlying_tokens_list(identifier, weight, parent_token_entry) VALUES("eip155:42161/erc20:0xFF970A61A04b1cA14834A43f5dE4533eBDDB5CC8", "1", "eip155:42161/erc20:0x608F9e2E8933Ce6b39A8CddBc34a1e3E8D21cE75");
*
INSERT INTO assets(identifier, name, type) VALUES("eip155:42161/erc20:0x6773fF780Dd38175247795545Ee37adD6ab6139a", "Farming of Main WETH v3", "C"); INSERT INTO evm_tokens(identifier, token_kind, chain, address, decimals, protocol) VALUES("eip155:42161/erc20:0x6773fF780Dd38175247795545Ee37adD6ab6139a", "A", 42161, "0x6773fF780Dd38175247795545Ee37adD6ab6139a", 18, "gearbox"); INSERT INTO common_asset_details(identifier, symbol, coingecko, cryptocompare, forked, started, swapped_for) VALUES("eip155:42161/erc20:0x6773fF780Dd38175247795545Ee37adD6ab6139a", "farmdWETHV3", "", "", NULL, 1708947706, NULL); INSERT INTO underlying_tokens_list(identifier, weight, parent_token_entry) VALUES("eip155:42161/erc20:0x82aF49447D8a07e3bd95BD0d56f35241523fBab1", "1", "eip155:42161/erc20:0x6773fF780Dd38175247795545Ee37adD6ab6139a");
*
INSERT INTO assets(identifier, name, type) VALUES("eip155:10/erc20:0x73302b63Ad4a16C498f26dB89cb27F37a72E4E04", "Farming of Main USDC.e v3", "C"); INSERT INTO evm_tokens(identifier, token_kind, chain, address, decimals, protocol) VALUES("eip155:10/erc20:0x73302b63Ad4a16C498f26dB89cb27F37a72E4E04", "A", 10, "0x73302b63Ad4a16C498f26dB89cb27F37a72E4E04", 6, "gearbox"); INSERT INTO common_asset_details(identifier, symbol, coingecko, cryptocompare, forked, started, swapped_for) VALUES("eip155:10/erc20:0x73302b63Ad4a16C498f26dB89cb27F37a72E4E04", "farmdUSDCV3", "", "", NULL, 1712552417, NULL); INSERT INTO underlying_tokens_list(identifier, weight, parent_token_entry) VALUES("eip155:10/erc20:0x7F5c764cBc14f9669B88837ca1490cCa17c31607", "1", "eip155:10/erc20:0x73302b63Ad4a16C498f26dB89cb27F37a72E4E04");
*
INSERT INTO assets(identifier, name, type) VALUES("eip155:10/erc20:0x704c4C9F0d29257E5b0E526b20b48EfFC8f758b2", "Farming of WETH v3", "C"); INSERT INTO evm_tokens(identifier, token_kind, chain, address, decimals, protocol) VALUES("eip155:10/erc20:0x704c4C9F0d29257E5b0E526b20b48EfFC8f758b2", "A", 10, "0x704c4C9F0d29257E5b0E526b20b48EfFC8f758b2", 18, "gearbox"); INSERT INTO common_asset_details(identifier, symbol, coingecko, cryptocompare, forked, started, swapped_for) VALUES("eip155:10/erc20:0x704c4C9F0d29257E5b0E526b20b48EfFC8f758b2", "farmdWETHV3", "", "", NULL, 1712427929, NULL); INSERT INTO underlying_tokens_list(identifier, weight, parent_token_entry) VALUES("eip155:10/erc20:0x4200000000000000000000000000000000000006", "1", "eip155:10/erc20:0x704c4C9F0d29257E5b0E526b20b48EfFC8f758b2");
*
INSERT INTO assets(identifier, name, type) VALUES("DRIFT", "Drift Protocol", "Y"); INSERT INTO common_asset_details(identifier, symbol, coingecko, cryptocompare, forked, started, swapped_for) VALUES("DRIFT", "DRIFT", "drift-protocol", "DRIFT", NULL, 1715861051, NULL);
*
INSERT INTO assets(identifier, name, type) VALUES("BB", "BounceBit", "B"); INSERT INTO common_asset_details(identifier, symbol, coingecko, cryptocompare, forked, started, swapped_for) VALUES("BB", "BB", "bouncebit", "BB", NULL, 1715605451, NULL);
*
INSERT INTO assets(identifier, name, type) VALUES("NOT", "Notcoin", "W"); INSERT INTO common_asset_details(identifier, symbol, coingecko, cryptocompare, forked, started, swapped_for) VALUES("NOT", "NOT", "notcoin", "NOT", NULL, 1715871725, NULL);
*
INSERT INTO assets(identifier, name, type) VALUES("eip155:56/erc20:0x8789337a176e6e7223Ff115F1CD85C993D42C25c", "Copiosa Coin", "C"); INSERT INTO evm_tokens(identifier, token_kind, chain, address, decimals, protocol) VALUES("eip155:56/erc20:0x8789337a176e6e7223Ff115F1CD85C993D42C25c", "A", 56, "0x8789337a176e6e7223Ff115F1CD85C993D42C25c", 18, ""); INSERT INTO common_asset_details(identifier, symbol, coingecko, cryptocompare, forked, started, swapped_for) VALUES("eip155:56/erc20:0x8789337a176e6e7223Ff115F1CD85C993D42C25c", "COP", "copiosa", "", NULL, 1717689522, NULL);
*
INSERT INTO assets(identifier, name, type) VALUES("eip155:56/erc20:0xFAaA87943bFca6D97434bE3d26C589647FEA4375", "ACEToken", "C"); INSERT INTO evm_tokens(identifier, token_kind, chain, address, decimals, protocol) VALUES("eip155:56/erc20:0xFAaA87943bFca6D97434bE3d26C589647FEA4375", "A", 56, "0xFAaA87943bFca6D97434bE3d26C589647FEA4375", 18, ""); INSERT INTO common_asset_details(identifier, symbol, coingecko, cryptocompare, forked, started, swapped_for) VALUES("eip155:56/erc20:0xFAaA87943bFca6D97434bE3d26C589647FEA4375", "ACE", "acetoken", "", NULL, 1717503566, NULL);
*
INSERT INTO assets(identifier, name, type) VALUES("BFIC", "BFIC Coin", "B"); INSERT INTO common_asset_details(identifier, symbol, coingecko, cryptocompare, forked, started, swapped_for) VALUES("BFIC", "BFIC", "bficoin", "BFIC", NULL, 1618884000, NULL);
*
INSERT INTO assets(identifier, name, type) VALUES("MOTHER", "Mother Iggy", "Y"); INSERT INTO common_asset_details(identifier, symbol, coingecko, cryptocompare, forked, started, swapped_for) VALUES("MOTHER", "MOTHER", "mother-iggy", "", NULL, 1716962460, NULL);
*
INSERT INTO assets(identifier, name, type) VALUES("OPOS", "Only Possible On Solana", "Y"); INSERT INTO common_asset_details(identifier, symbol, coingecko, cryptocompare, forked, started, swapped_for) VALUES("OPOS", "OPOS", "only-possible-on-solana", "", NULL, 1696557600, NULL);
*
INSERT INTO assets(identifier, name, type) VALUES("PENG", "Peng", "Y"); INSERT INTO common_asset_details(identifier, symbol, coingecko, cryptocompare, forked, started, swapped_for) VALUES("PENG", "PENG", "peng", "PENG", NULL, 1709773200, NULL);
*
INSERT INTO assets(identifier, name, type) VALUES("TREMP", "Doland Tremp", "Y"); INSERT INTO common_asset_details(identifier, symbol, coingecko, cryptocompare, forked, started, swapped_for) VALUES("TREMP", "TREMP", "donald-tremp", "TREMP", NULL, 1709982070, NULL);
*
INSERT INTO assets(identifier, name, type) VALUES("ZEUS", "Zeus Network", "Y"); INSERT INTO common_asset_details(identifier, symbol, coingecko, cryptocompare, forked, started, swapped_for) VALUES("ZEUS", "ZEUS", "zeus-network", "ZEUS", NULL, 1712297110, NULL);
*
INSERT INTO assets(identifier, name, type) VALUES("NOS", "Nosana", "Y"); INSERT INTO common_asset_details(identifier, symbol, coingecko, cryptocompare, forked, started, swapped_for) VALUES("NOS", "NOS", "nosana", "NOS", NULL, 1642381200, NULL);
*
INSERT INTO assets(identifier, name, type) VALUES("eip155:1/erc20:0xeC5483804e637D45cDe22Fa0869656B64b5AB1ab", "ACENT", "C"); INSERT INTO evm_tokens(identifier, token_kind, chain, address, decimals, protocol) VALUES("eip155:1/erc20:0xeC5483804e637D45cDe22Fa0869656B64b5AB1ab", "A", 1, "0xeC5483804e637D45cDe22Fa0869656B64b5AB1ab", 18, ""); INSERT INTO common_asset_details(identifier, symbol, coingecko, cryptocompare, forked, started, swapped_for) VALUES("eip155:1/erc20:0xeC5483804e637D45cDe22Fa0869656B64b5AB1ab", "ACE", "acent", "ACEN", NULL, 1609767120, NULL);
*
INSERT INTO assets(identifier, name, type) VALUES("eip155:56/erc20:0xC0041EF357B183448B235a8Ea73Ce4E4eC8c265F", "Cookie", "C"); INSERT INTO evm_tokens(identifier, token_kind, chain, address, decimals, protocol) VALUES("eip155:56/erc20:0xC0041EF357B183448B235a8Ea73Ce4E4eC8c265F", "A", 56, "0xC0041EF357B183448B235a8Ea73Ce4E4eC8c265F", 18, ""); INSERT INTO common_asset_details(identifier, symbol, coingecko, cryptocompare, forked, started, swapped_for) VALUES("eip155:56/erc20:0xC0041EF357B183448B235a8Ea73Ce4E4eC8c265F", "COOKIE", "cookie", "", NULL, 1718616673, NULL);
*
INSERT INTO assets(identifier, name, type) VALUES("eip155:1/erc20:0xC0041EF357B183448B235a8Ea73Ce4E4eC8c265F", "Cookie", "C"); INSERT INTO evm_tokens(identifier, token_kind, chain, address, decimals, protocol) VALUES("eip155:1/erc20:0xC0041EF357B183448B235a8Ea73Ce4E4eC8c265F", "A", 1, "0xC0041EF357B183448B235a8Ea73Ce4E4eC8c265F", 18, ""); INSERT INTO common_asset_details(identifier, symbol, coingecko, cryptocompare, forked, started, swapped_for) VALUES("eip155:1/erc20:0xC0041EF357B183448B235a8Ea73Ce4E4eC8c265F", "COOKIE", "cookie", "", NULL, 1717417223, NULL);
*
INSERT INTO assets(identifier, name, type) VALUES("eip155:8453/erc20:0xC0041EF357B183448B235a8Ea73Ce4E4eC8c265F", "Cookie", "C"); INSERT INTO evm_tokens(identifier, token_kind, chain, address, decimals, protocol) VALUES("eip155:8453/erc20:0xC0041EF357B183448B235a8Ea73Ce4E4eC8c265F", "A", 8453, "0xC0041EF357B183448B235a8Ea73Ce4E4eC8c265F", 18, ""); INSERT INTO common_asset_details(identifier, symbol, coingecko, cryptocompare, forked, started, swapped_for) VALUES("eip155:8453/erc20:0xC0041EF357B183448B235a8Ea73Ce4E4eC8c265F", "COOKIE", "cookie", "", NULL, 1717417289, NULL);
*
INSERT INTO assets(identifier, name, type) VALUES("eip155:42161/erc20:0xc87B37a581ec3257B734886d9d3a581F5A9d056c", "Aethir Token", "C"); INSERT INTO evm_tokens(identifier, token_kind, chain, address, decimals, protocol) VALUES("eip155:42161/erc20:0xc87B37a581ec3257B734886d9d3a581F5A9d056c", "A", 42161, "0xc87B37a581ec3257B734886d9d3a581F5A9d056c", 18, ""); INSERT INTO common_asset_details(identifier, symbol, coingecko, cryptocompare, forked, started, swapped_for) VALUES("eip155:42161/erc20:0xc87B37a581ec3257B734886d9d3a581F5A9d056c", "ATH", "aethir", "", NULL, 1717572209, NULL);
*
INSERT INTO assets(identifier, name, type) VALUES("eip155:1/erc20:0xbe0Ed4138121EcFC5c0E56B40517da27E6c5226B", "Aethir Token", "C"); INSERT INTO evm_tokens(identifier, token_kind, chain, address, decimals, protocol) VALUES("eip155:1/erc20:0xbe0Ed4138121EcFC5c0E56B40517da27E6c5226B", "A", 1, "0xbe0Ed4138121EcFC5c0E56B40517da27E6c5226B", 18, ""); INSERT INTO common_asset_details(identifier, symbol, coingecko, cryptocompare, forked, started, swapped_for) VALUES("eip155:1/erc20:0xbe0Ed4138121EcFC5c0E56B40517da27E6c5226B", "ATH", "aethir", "", NULL, 1717570679, NULL);
*
INSERT INTO assets(identifier, name, type) VALUES("eip155:1/erc20:0x0B6f3eA2814F3FFf804bA5D5c237aebbc364fba9", "Unagi Token", "C"); INSERT INTO evm_tokens(identifier, token_kind, chain, address, decimals, protocol) VALUES("eip155:1/erc20:0x0B6f3eA2814F3FFf804bA5D5c237aebbc364fba9", "A", 1, "0x0B6f3eA2814F3FFf804bA5D5c237aebbc364fba9", 18, ""); INSERT INTO common_asset_details(identifier, symbol, coingecko, cryptocompare, forked, started, swapped_for) VALUES("eip155:1/erc20:0x0B6f3eA2814F3FFf804bA5D5c237aebbc364fba9", "UNA", "unagi-token", "", NULL, 1705332047, NULL);
*
INSERT INTO assets(identifier, name, type) VALUES("eip155:8453/erc20:0x24569d33653c404f90aF10A2b98d6E0030D3d267", "Unagi Token", "C"); INSERT INTO evm_tokens(identifier, token_kind, chain, address, decimals, protocol) VALUES("eip155:8453/erc20:0x24569d33653c404f90aF10A2b98d6E0030D3d267", "A", 8453, "0x24569d33653c404f90aF10A2b98d6E0030D3d267", 18, ""); INSERT INTO common_asset_details(identifier, symbol, coingecko, cryptocompare, forked, started, swapped_for) VALUES("eip155:8453/erc20:0x24569d33653c404f90aF10A2b98d6E0030D3d267", "UNA", "unagi-token", "", NULL, 1717174447, NULL);
*
INSERT INTO assets(identifier, name, type) VALUES("eip155:137/erc20:0x0B6f3eA2814F3FFf804bA5D5c237aebbc364fba9", "Unagi Token", "C"); INSERT INTO evm_tokens(identifier, token_kind, chain, address, decimals, protocol) VALUES("eip155:137/erc20:0x0B6f3eA2814F3FFf804bA5D5c237aebbc364fba9", "A", 137, "0x0B6f3eA2814F3FFf804bA5D5c237aebbc364fba9", 18, ""); INSERT INTO common_asset_details(identifier, symbol, coingecko, cryptocompare, forked, started, swapped_for) VALUES("eip155:137/erc20:0x0B6f3eA2814F3FFf804bA5D5c237aebbc364fba9", "UNA", "unagi-token", "", NULL, 1718618928, NULL);
*
INSERT INTO assets(identifier, name, type) VALUES("eip155:56/erc20:0x0B6f3eA2814F3FFf804bA5D5c237aebbc364fba9", "Unagi Token", "C"); INSERT INTO evm_tokens(identifier, token_kind, chain, address, decimals, protocol) VALUES("eip155:56/erc20:0x0B6f3eA2814F3FFf804bA5D5c237aebbc364fba9", "A", 56, "0x0B6f3eA2814F3FFf804bA5D5c237aebbc364fba9", 18, ""); INSERT INTO common_asset_details(identifier, symbol, coingecko, cryptocompare, forked, started, swapped_for) VALUES("eip155:56/erc20:0x0B6f3eA2814F3FFf804bA5D5c237aebbc364fba9", "UNA", "unagi-token", "", NULL, 1718619153, NULL);
*
INSERT INTO assets(identifier, name, type) VALUES("eip155:56/erc20:0x0E7779e698052f8fe56C415C3818FCf89de9aC6D", "Ultiverse Token", "C"); INSERT INTO evm_tokens(identifier, token_kind, chain, address, decimals, protocol) VALUES("eip155:56/erc20:0x0E7779e698052f8fe56C415C3818FCf89de9aC6D", "A", 56, "0x0E7779e698052f8fe56C415C3818FCf89de9aC6D", 18, ""); INSERT INTO common_asset_details(identifier, symbol, coingecko, cryptocompare, forked, started, swapped_for) VALUES("eip155:56/erc20:0x0E7779e698052f8fe56C415C3818FCf89de9aC6D", "ULTI", "ultiverse", "ULTI", NULL, 1718399123, NULL);
*
INSERT INTO assets(identifier, name, type) VALUES("eip155:1/erc20:0x10dea67478c5F8C5E2D90e5E9B26dBe60c54d800", "Taiko Token", "C"); INSERT INTO evm_tokens(identifier, token_kind, chain, address, decimals, protocol) VALUES("eip155:1/erc20:0x10dea67478c5F8C5E2D90e5E9B26dBe60c54d800", "A", 1, "0x10dea67478c5F8C5E2D90e5E9B26dBe60c54d800", 18, ""); INSERT INTO common_asset_details(identifier, symbol, coingecko, cryptocompare, forked, started, swapped_for) VALUES("eip155:1/erc20:0x10dea67478c5F8C5E2D90e5E9B26dBe60c54d800", "TAIKO", "taiko", "", NULL, 1714033799, NULL);
*
INSERT INTO assets(identifier, name, type) VALUES("eip155:56/erc20:0x1865dc79a9e4B5751531099057D7Ee801033d268", "Laika AI", "C"); INSERT INTO evm_tokens(identifier, token_kind, chain, address, decimals, protocol) VALUES("eip155:56/erc20:0x1865dc79a9e4B5751531099057D7Ee801033d268", "A", 56, "0x1865dc79a9e4B5751531099057D7Ee801033d268", 18, ""); INSERT INTO common_asset_details(identifier, symbol, coingecko, cryptocompare, forked, started, swapped_for) VALUES("eip155:56/erc20:0x1865dc79a9e4B5751531099057D7Ee801033d268", "LKI", "laika-ai", "", NULL, 1718399921, NULL);
*
INSERT INTO assets(identifier, name, type) VALUES("eip155:137/erc20:0xaF0dC42725db75AE54f5E8945e71017Bc7ACd27d", "NexGami", "C"); INSERT INTO evm_tokens(identifier, token_kind, chain, address, decimals, protocol) VALUES("eip155:137/erc20:0xaF0dC42725db75AE54f5E8945e71017Bc7ACd27d", "A", 137, "0xaF0dC42725db75AE54f5E8945e71017Bc7ACd27d", 18, ""); INSERT INTO common_asset_details(identifier, symbol, coingecko, cryptocompare, forked, started, swapped_for) VALUES("eip155:137/erc20:0xaF0dC42725db75AE54f5E8945e71017Bc7ACd27d", "NEXG", "nexgami", "", NULL, 1718400298, NULL);
*
INSERT INTO assets(identifier, name, type) VALUES("eip155:1/erc20:0x740df024CE73f589ACD5E8756b377ef8C6558BaB", "Holograph Utility Token", "C"); INSERT INTO evm_tokens(identifier, token_kind, chain, address, decimals, protocol) VALUES("eip155:1/erc20:0x740df024CE73f589ACD5E8756b377ef8C6558BaB", "A", 1, "0x740df024CE73f589ACD5E8756b377ef8C6558BaB", 18, ""); INSERT INTO common_asset_details(identifier, symbol, coingecko, cryptocompare, forked, started, swapped_for) VALUES("eip155:1/erc20:0x740df024CE73f589ACD5E8756b377ef8C6558BaB", "HLG", "holograph", "HLG", NULL, 1705769183, NULL);
*
INSERT INTO assets(identifier, name, type) VALUES("eip155:8453/erc20:0x99b2B1A2aDB02B38222ADcD057783D7e5D1FCC7D", "Common Wealth Token", "C"); INSERT INTO evm_tokens(identifier, token_kind, chain, address, decimals, protocol) VALUES("eip155:8453/erc20:0x99b2B1A2aDB02B38222ADcD057783D7e5D1FCC7D", "A", 8453, "0x99b2B1A2aDB02B38222ADcD057783D7e5D1FCC7D", 18, ""); INSERT INTO common_asset_details(identifier, symbol, coingecko, cryptocompare, forked, started, swapped_for) VALUES("eip155:8453/erc20:0x99b2B1A2aDB02B38222ADcD057783D7e5D1FCC7D", "WLTH", "", "", NULL, 1714380877, NULL);
*
INSERT INTO assets(identifier, name, type) VALUES("eip155:1/erc20:0x1337420dED5ADb9980CFc35f8f2B054ea86f8aB1", "Subsquid", "C"); INSERT INTO evm_tokens(identifier, token_kind, chain, address, decimals, protocol) VALUES("eip155:1/erc20:0x1337420dED5ADb9980CFc35f8f2B054ea86f8aB1", "A", 1, "0x1337420dED5ADb9980CFc35f8f2B054ea86f8aB1", 18, ""); INSERT INTO common_asset_details(identifier, symbol, coingecko, cryptocompare, forked, started, swapped_for) VALUES("eip155:1/erc20:0x1337420dED5ADb9980CFc35f8f2B054ea86f8aB1", "SQD", "subsquid", "", NULL, 1711385735, NULL);
*
INSERT INTO assets(identifier, name, type) VALUES("eip155:56/erc20:0x0203D275D2A65030889aF45ed91D472be3948B92", "Engines of Fury Token", "C"); INSERT INTO evm_tokens(identifier, token_kind, chain, address, decimals, protocol) VALUES("eip155:56/erc20:0x0203D275D2A65030889aF45ed91D472be3948B92", "A", 56, "0x0203D275D2A65030889aF45ed91D472be3948B92", 18, ""); INSERT INTO common_asset_details(identifier, symbol, coingecko, cryptocompare, forked, started, swapped_for) VALUES("eip155:56/erc20:0x0203D275D2A65030889aF45ed91D472be3948B92", "FURY", "engines-of-fury", "FURY", NULL, 1718401589, NULL);
*
INSERT INTO assets(identifier, name, type) VALUES("eip155:1/erc20:0xf8428A5a99cb452Ea50B6Ea70b052DaA3dF4934F", "zkRace", "C"); INSERT INTO evm_tokens(identifier, token_kind, chain, address, decimals, protocol) VALUES("eip155:1/erc20:0xf8428A5a99cb452Ea50B6Ea70b052DaA3dF4934F", "A", 1, "0xf8428A5a99cb452Ea50B6Ea70b052DaA3dF4934F", 18, ""); INSERT INTO common_asset_details(identifier, symbol, coingecko, cryptocompare, forked, started, swapped_for) VALUES("eip155:1/erc20:0xf8428A5a99cb452Ea50B6Ea70b052DaA3dF4934F", "ZERC", "derace", "", NULL, 1711211099, NULL);
*
INSERT INTO assets(identifier, name, type) VALUES("eip155:56/erc20:0x9c47E503b2f497e9Ad9F1c0dfA6Bd9Fd5456AA4e", "zkRace", "C"); INSERT INTO evm_tokens(identifier, token_kind, chain, address, decimals, protocol) VALUES("eip155:56/erc20:0x9c47E503b2f497e9Ad9F1c0dfA6Bd9Fd5456AA4e", "A", 56, "0x9c47E503b2f497e9Ad9F1c0dfA6Bd9Fd5456AA4e", 18, ""); INSERT INTO common_asset_details(identifier, symbol, coingecko, cryptocompare, forked, started, swapped_for) VALUES("eip155:56/erc20:0x9c47E503b2f497e9Ad9F1c0dfA6Bd9Fd5456AA4e", "ZERC", "derace", "", NULL, 1718538317, NULL);
*
INSERT INTO assets(identifier, name, type) VALUES("eip155:137/erc20:0xE1b3eb06806601828976e491914e3De18B5d6b28", "zkRace", "C"); INSERT INTO evm_tokens(identifier, token_kind, chain, address, decimals, protocol) VALUES("eip155:137/erc20:0xE1b3eb06806601828976e491914e3De18B5d6b28", "A", 137, "0xE1b3eb06806601828976e491914e3De18B5d6b28", 18, ""); INSERT INTO common_asset_details(identifier, symbol, coingecko, cryptocompare, forked, started, swapped_for) VALUES("eip155:137/erc20:0xE1b3eb06806601828976e491914e3De18B5d6b28", "ZERC", "derace", "", NULL, 1718577600, NULL);
*
INSERT INTO assets(identifier, name, type) VALUES("eip155:1/erc20:0x744030Ad4E6c10fAf5483b62473D88a254d62261", "NuLink token", "C"); INSERT INTO evm_tokens(identifier, token_kind, chain, address, decimals, protocol) VALUES("eip155:1/erc20:0x744030Ad4E6c10fAf5483b62473D88a254d62261", "A", 1, "0x744030Ad4E6c10fAf5483b62473D88a254d62261", 18, ""); INSERT INTO common_asset_details(identifier, symbol, coingecko, cryptocompare, forked, started, swapped_for) VALUES("eip155:1/erc20:0x744030Ad4E6c10fAf5483b62473D88a254d62261", "NLK", "nulink-2", "", NULL, 1712049251, NULL);
*
INSERT INTO assets(identifier, name, type) VALUES("eip155:1/erc20:0x90685e300A4c4532EFCeFE91202DfE1Dfd572F47", "Cross The Ages", "C"); INSERT INTO evm_tokens(identifier, token_kind, chain, address, decimals, protocol) VALUES("eip155:1/erc20:0x90685e300A4c4532EFCeFE91202DfE1Dfd572F47", "A", 1, "0x90685e300A4c4532EFCeFE91202DfE1Dfd572F47", 18, ""); INSERT INTO common_asset_details(identifier, symbol, coingecko, cryptocompare, forked, started, swapped_for) VALUES("eip155:1/erc20:0x90685e300A4c4532EFCeFE91202DfE1Dfd572F47", "CTA", "cross-the-ages", "CTA", NULL, 1714774559, NULL);
*
INSERT INTO assets(identifier, name, type) VALUES("eip155:137/erc20:0x5F2F8818002dc64753daeDF4A6CB2CcB757CD220", "Wisdomise", "C"); INSERT INTO evm_tokens(identifier, token_kind, chain, address, decimals, protocol) VALUES("eip155:137/erc20:0x5F2F8818002dc64753daeDF4A6CB2CcB757CD220", "A", 137, "0x5F2F8818002dc64753daeDF4A6CB2CcB757CD220", 6, ""); INSERT INTO common_asset_details(identifier, symbol, coingecko, cryptocompare, forked, started, swapped_for) VALUES("eip155:137/erc20:0x5F2F8818002dc64753daeDF4A6CB2CcB757CD220", "WSDM", "wisdomise", "WSDM", NULL, 1718403800, NULL);
*
INSERT INTO assets(identifier, name, type) VALUES("eip155:1/erc20:0x66D79B8f60ec93Bfce0b56F5Ac14A2714E509a99", "MAP Protocol", "C"); INSERT INTO evm_tokens(identifier, token_kind, chain, address, decimals, protocol) VALUES("eip155:1/erc20:0x66D79B8f60ec93Bfce0b56F5Ac14A2714E509a99", "A", 1, "0x66D79B8f60ec93Bfce0b56F5Ac14A2714E509a99", 18, ""); INSERT INTO common_asset_details(identifier, symbol, coingecko, cryptocompare, forked, started, swapped_for) VALUES("eip155:1/erc20:0x66D79B8f60ec93Bfce0b56F5Ac14A2714E509a99", "MAPO", "", "", NULL, 1713199091, NULL);
*
INSERT INTO assets(identifier, name, type) VALUES("eip155:56/erc20:0x66D79B8f60ec93Bfce0b56F5Ac14A2714E509a99", "MAP Protocol", "C"); INSERT INTO evm_tokens(identifier, token_kind, chain, address, decimals, protocol) VALUES("eip155:56/erc20:0x66D79B8f60ec93Bfce0b56F5Ac14A2714E509a99", "A", 56, "0x66D79B8f60ec93Bfce0b56F5Ac14A2714E509a99", 18, ""); INSERT INTO common_asset_details(identifier, symbol, coingecko, cryptocompare, forked, started, swapped_for) VALUES("eip155:56/erc20:0x66D79B8f60ec93Bfce0b56F5Ac14A2714E509a99", "MAPO", "", "", NULL, 1718387101, NULL);
*
INSERT INTO assets(identifier, name, type) VALUES("MAPO", "MAP Protocol", "B"); INSERT INTO common_asset_details(identifier, symbol, coingecko, cryptocompare, forked, started, swapped_for) VALUES("MAPO", "MAPO", "marcopolo", "", NULL, 1575849600, NULL);
*
INSERT INTO assets(identifier, name, type) VALUES("BEER", "Beercoin", "Y"); INSERT INTO common_asset_details(identifier, symbol, coingecko, cryptocompare, forked, started, swapped_for) VALUES("BEER", "BEER", "beercoin-2", "BEER", NULL, 1716544990, NULL);
*
INSERT INTO assets(identifier, name, type) VALUES("IO", "io.net", "Y"); INSERT INTO common_asset_details(identifier, symbol, coingecko, cryptocompare, forked, started, swapped_for) VALUES("IO", "IO", "io", "IO", NULL, 1699401600, NULL);
*
INSERT INTO assets(identifier, name, type) VALUES("VENOM", "Venom", "B"); INSERT INTO common_asset_details(identifier, symbol, coingecko, cryptocompare, forked, started, swapped_for) VALUES("VENOM", "VENOM", "venom", "VENOM", NULL, 1711368565, NULL);
*
INSERT INTO assets(identifier, name, type) VALUES("MANEKI", "MANEKI", "Y"); INSERT INTO common_asset_details(identifier, symbol, coingecko, cryptocompare, forked, started, swapped_for) VALUES("MANEKI", "MANEKI", "maneki", "MANEKI", NULL, 1713949406, NULL);
*
INSERT INTO assets(identifier, name, type) VALUES("eip155:1/erc20:0x3Ba925fdeAe6B46d0BB4d424D829982Cb2F7309e", "RabbitX", "C"); INSERT INTO evm_tokens(identifier, token_kind, chain, address, decimals, protocol) VALUES("eip155:1/erc20:0x3Ba925fdeAe6B46d0BB4d424D829982Cb2F7309e", "A", 1, "0x3Ba925fdeAe6B46d0BB4d424D829982Cb2F7309e", 18, ""); INSERT INTO common_asset_details(identifier, symbol, coingecko, cryptocompare, forked, started, swapped_for) VALUES("eip155:1/erc20:0x3Ba925fdeAe6B46d0BB4d424D829982Cb2F7309e", "RBX", "rabbitx", "rbx", NULL, 1682520515, NULL);
*
INSERT INTO assets(identifier, name, type) VALUES("eip155:1/erc20:0x14feE680690900BA0ccCfC76AD70Fd1b95D10e16", "PAAL AI", "C"); INSERT INTO evm_tokens(identifier, token_kind, chain, address, decimals, protocol) VALUES("eip155:1/erc20:0x14feE680690900BA0ccCfC76AD70Fd1b95D10e16", "A", 1, "0x14feE680690900BA0ccCfC76AD70Fd1b95D10e16", 9, ""); INSERT INTO common_asset_details(identifier, symbol, coingecko, cryptocompare, forked, started, swapped_for) VALUES("eip155:1/erc20:0x14feE680690900BA0ccCfC76AD70Fd1b95D10e16", "$PAAL", "paal-ai", "paal", NULL, 1689704435, NULL);
*
INSERT INTO assets(identifier, name, type) VALUES("eip155:1/erc20:0xa0Dd6dd7775E93EB842Db0AA142c9c581031Ed3B", "Mind", "C"); INSERT INTO evm_tokens(identifier, token_kind, chain, address, decimals, protocol) VALUES("eip155:1/erc20:0xa0Dd6dd7775E93EB842Db0AA142c9c581031Ed3B", "A", 1, "0xa0Dd6dd7775E93EB842Db0AA142c9c581031Ed3B", 18, ""); INSERT INTO common_asset_details(identifier, symbol, coingecko, cryptocompare, forked, started, swapped_for) VALUES("eip155:1/erc20:0xa0Dd6dd7775E93EB842Db0AA142c9c581031Ed3B", "MND", "mind-language", "", NULL, 1702034099, NULL);
*
INSERT INTO assets(identifier, name, type) VALUES("eip155:1/erc20:0xfF836A5821E69066c87E268bC51b849FaB94240C", "Real Smurf Cat", "C"); INSERT INTO evm_tokens(identifier, token_kind, chain, address, decimals, protocol) VALUES("eip155:1/erc20:0xfF836A5821E69066c87E268bC51b849FaB94240C", "A", 1, "0xfF836A5821E69066c87E268bC51b849FaB94240C", 18, ""); INSERT INTO common_asset_details(identifier, symbol, coingecko, cryptocompare, forked, started, swapped_for) VALUES("eip155:1/erc20:0xfF836A5821E69066c87E268bC51b849FaB94240C", "шайлушай", "real-smurf-cat", "smurfcateth", NULL, 1694635967, NULL);
*
INSERT INTO assets(identifier, name, type) VALUES("eip155:1/erc20:0x423352F2c6E0E72422B69Af03aba259310146d90", "RealityMetaverse", "C"); INSERT INTO evm_tokens(identifier, token_kind, chain, address, decimals, protocol) VALUES("eip155:1/erc20:0x423352F2c6E0E72422B69Af03aba259310146d90", "A", 1, "0x423352F2c6E0E72422B69Af03aba259310146d90", 18, ""); INSERT INTO common_asset_details(identifier, symbol, coingecko, cryptocompare, forked, started, swapped_for) VALUES("eip155:1/erc20:0x423352F2c6E0E72422B69Af03aba259310146d90", "RMV", "reality-metaverse", "rmv", NULL, 1698941867, NULL);
*
INSERT INTO assets(identifier, name, type) VALUES("eip155:137/erc20:0xf0949Dd87D2531D665010d6274F06a357669457a", "RealityMetaverse", "C"); INSERT INTO evm_tokens(identifier, token_kind, chain, address, decimals, protocol) VALUES("eip155:137/erc20:0xf0949Dd87D2531D665010d6274F06a357669457a", "A", 137, "0xf0949Dd87D2531D665010d6274F06a357669457a", 18, ""); INSERT INTO common_asset_details(identifier, symbol, coingecko, cryptocompare, forked, started, swapped_for) VALUES("eip155:137/erc20:0xf0949Dd87D2531D665010d6274F06a357669457a", "RMV", "reality-metaverse", "rmv", NULL, 1718625470, NULL);
*
INSERT INTO assets(identifier, name, type) VALUES("eip155:1/erc20:0xe636f94a71eC52Cc61eF21787aE351AD832347B7", "CreoEngine", "C"); INSERT INTO evm_tokens(identifier, token_kind, chain, address, decimals, protocol) VALUES("eip155:1/erc20:0xe636f94a71eC52Cc61eF21787aE351AD832347B7", "A", 1, "0xe636f94a71eC52Cc61eF21787aE351AD832347B7", 18, ""); INSERT INTO common_asset_details(identifier, symbol, coingecko, cryptocompare, forked, started, swapped_for) VALUES("eip155:1/erc20:0xe636f94a71eC52Cc61eF21787aE351AD832347B7", "CREO", "creo-engine", "creo", NULL, 1712184287, NULL);
*
INSERT INTO assets(identifier, name, type) VALUES("eip155:56/erc20:0x9521728bF66a867BC65A93Ece4a543D817871Eb7", "CreoEngine", "C"); INSERT INTO evm_tokens(identifier, token_kind, chain, address, decimals, protocol) VALUES("eip155:56/erc20:0x9521728bF66a867BC65A93Ece4a543D817871Eb7", "A", 56, "0x9521728bF66a867BC65A93Ece4a543D817871Eb7", 18, ""); INSERT INTO common_asset_details(identifier, symbol, coingecko, cryptocompare, forked, started, swapped_for) VALUES("eip155:56/erc20:0x9521728bF66a867BC65A93Ece4a543D817871Eb7", "CREO", "creo-engine", "creo", NULL, 1718629614, NULL);
*
INSERT INTO assets(identifier, name, type) VALUES("eip155:56/erc20:0x8263CD1601FE73C066bf49cc09841f35348e3be0", "Altura", "C"); INSERT INTO evm_tokens(identifier, token_kind, chain, address, decimals, protocol) VALUES("eip155:56/erc20:0x8263CD1601FE73C066bf49cc09841f35348e3be0", "A", 56, "0x8263CD1601FE73C066bf49cc09841f35348e3be0", 18, ""); INSERT INTO common_asset_details(identifier, symbol, coingecko, cryptocompare, forked, started, swapped_for) VALUES("eip155:56/erc20:0x8263CD1601FE73C066bf49cc09841f35348e3be0", "ALU", "altura", "alu", NULL, 1718630787, NULL);
*
INSERT INTO assets(identifier, name, type) VALUES("eip155:1/erc20:0x8e729198d1C59B82bd6bBa579310C40d740A11C2", "Alvara", "C"); INSERT INTO evm_tokens(identifier, token_kind, chain, address, decimals, protocol) VALUES("eip155:1/erc20:0x8e729198d1C59B82bd6bBa579310C40d740A11C2", "A", 1, "0x8e729198d1C59B82bd6bBa579310C40d740A11C2", 18, ""); INSERT INTO common_asset_details(identifier, symbol, coingecko, cryptocompare, forked, started, swapped_for) VALUES("eip155:1/erc20:0x8e729198d1C59B82bd6bBa579310C40d740A11C2", "ALVA", "alvara-protocol", "alva", NULL, 1708903427, NULL);
*
INSERT INTO assets(identifier, name, type) VALUES("eip155:1/erc20:0x68BbEd6A47194EFf1CF514B50Ea91895597fc91E", "Andy", "C"); INSERT INTO evm_tokens(identifier, token_kind, chain, address, decimals, protocol) VALUES("eip155:1/erc20:0x68BbEd6A47194EFf1CF514B50Ea91895597fc91E", "A", 1, "0x68BbEd6A47194EFf1CF514B50Ea91895597fc91E", 18, ""); INSERT INTO common_asset_details(identifier, symbol, coingecko, cryptocompare, forked, started, swapped_for) VALUES("eip155:1/erc20:0x68BbEd6A47194EFf1CF514B50Ea91895597fc91E", "ANDY", "andy-the-wisguy", "andy", NULL, 1709948819, NULL);
*
INSERT INTO assets(identifier, name, type) VALUES("eip155:1/erc20:0x2077D81d0c5258230D5a195233941547cB5f0989", "Trog", "C"); INSERT INTO evm_tokens(identifier, token_kind, chain, address, decimals, protocol) VALUES("eip155:1/erc20:0x2077D81d0c5258230D5a195233941547cB5f0989", "A", 1, "0x2077D81d0c5258230D5a195233941547cB5f0989", 9, ""); INSERT INTO common_asset_details(identifier, symbol, coingecko, cryptocompare, forked, started, swapped_for) VALUES("eip155:1/erc20:0x2077D81d0c5258230D5a195233941547cB5f0989", "TROG", "trog", "", NULL, 1717213811, NULL);
*
INSERT INTO assets(identifier, name, type) VALUES("eip155:1/erc20:0x059956483753947536204e89bfaD909E1a434Cc6", "MLTToken", "C"); INSERT INTO evm_tokens(identifier, token_kind, chain, address, decimals, protocol) VALUES("eip155:1/erc20:0x059956483753947536204e89bfaD909E1a434Cc6", "A", 1, "0x059956483753947536204e89bfaD909E1a434Cc6", 18, ""); INSERT INTO common_asset_details(identifier, symbol, coingecko, cryptocompare, forked, started, swapped_for) VALUES("eip155:1/erc20:0x059956483753947536204e89bfaD909E1a434Cc6", "ML", "mintlayer", "ml", NULL, 1679379983, NULL);
*
INSERT INTO assets(identifier, name, type) VALUES("eip155:56/erc20:0x7bC75e291E656E8658D66Be1cc8154A3769A35Dd", "iMe Lab", "C"); INSERT INTO evm_tokens(identifier, token_kind, chain, address, decimals, protocol) VALUES("eip155:56/erc20:0x7bC75e291E656E8658D66Be1cc8154A3769A35Dd", "A", 56, "0x7bC75e291E656E8658D66Be1cc8154A3769A35Dd", 18, ""); INSERT INTO common_asset_details(identifier, symbol, coingecko, cryptocompare, forked, started, swapped_for) VALUES("eip155:56/erc20:0x7bC75e291E656E8658D66Be1cc8154A3769A35Dd", "LIME", "ime-lab", "lime", NULL, 1718631832, NULL);
*
INSERT INTO assets(identifier, name, type) VALUES("eip155:137/erc20:0x7f67639Ffc8C93dD558d452b8920b28815638c44", "iMe Lab", "C"); INSERT INTO evm_tokens(identifier, token_kind, chain, address, decimals, protocol) VALUES("eip155:137/erc20:0x7f67639Ffc8C93dD558d452b8920b28815638c44", "A", 137, "0x7f67639Ffc8C93dD558d452b8920b28815638c44", 18, ""); INSERT INTO common_asset_details(identifier, symbol, coingecko, cryptocompare, forked, started, swapped_for) VALUES("eip155:137/erc20:0x7f67639Ffc8C93dD558d452b8920b28815638c44", "LIME", "ime-lab", "lime", NULL, 1718618054, NULL);
*
INSERT INTO assets(identifier, name, type) VALUES("eip155:1/erc20:0x382ea807A61a418479318Efd96F1EFbC5c1F2C21", "pepe in a memes world", "C"); INSERT INTO evm_tokens(identifier, token_kind, chain, address, decimals, protocol) VALUES("eip155:1/erc20:0x382ea807A61a418479318Efd96F1EFbC5c1F2C21", "A", 1, "0x382ea807A61a418479318Efd96F1EFbC5c1F2C21", 18, ""); INSERT INTO common_asset_details(identifier, symbol, coingecko, cryptocompare, forked, started, swapped_for) VALUES("eip155:1/erc20:0x382ea807A61a418479318Efd96F1EFbC5c1F2C21", "PEW", "pepe-in-a-memes-world", "", NULL, 1716872975, NULL);
*
INSERT INTO assets(identifier, name, type) VALUES("eip155:137/erc20:0x311434160D7537be358930def317AfB606C0D737", "Nakamoto.Games", "C"); INSERT INTO evm_tokens(identifier, token_kind, chain, address, decimals, protocol) VALUES("eip155:137/erc20:0x311434160D7537be358930def317AfB606C0D737", "A", 137, "0x311434160D7537be358930def317AfB606C0D737", 18, ""); INSERT INTO common_asset_details(identifier, symbol, coingecko, cryptocompare, forked, started, swapped_for) VALUES("eip155:137/erc20:0x311434160D7537be358930def317AfB606C0D737", "NAKA", "nakamoto-games", "naka", NULL, 1718632504, NULL);
*
INSERT INTO assets(identifier, name, type) VALUES("USA", "American Coin", "Y"); INSERT INTO common_asset_details(identifier, symbol, coingecko, cryptocompare, forked, started, swapped_for) VALUES("USA", "USA", "american-coin", "", NULL, 1713071111, NULL);
*
INSERT INTO assets(identifier, name, type) VALUES("SLERF", "Slerf", "Y"); INSERT INTO common_asset_details(identifier, symbol, coingecko, cryptocompare, forked, started, swapped_for) VALUES("SLERF", "SLERF", "slerf", "slerf", NULL, 1710720000, NULL);
*
INSERT INTO assets(identifier, name, type) VALUES("CWIF", "catwifhat", "Y"); INSERT INTO common_asset_details(identifier, symbol, coingecko, cryptocompare, forked, started, swapped_for) VALUES("CWIF", "CWIF", "catwifhat-2", "cwif", NULL, 1707955200, NULL);
*
INSERT INTO assets(identifier, name, type) VALUES("AREA", "Areon Network", "B"); INSERT INTO common_asset_details(identifier, symbol, coingecko, cryptocompare, forked, started, swapped_for) VALUES("AREA", "AREA", "areon-network", "area", NULL, 1674000000, NULL);
*
INSERT INTO assets(identifier, name, type) VALUES("eip155:1/erc20:0x9e20461bc2c4c980f62f1B279D71734207a6A356", "OmniCat", "C"); INSERT INTO evm_tokens(identifier, token_kind, chain, address, decimals, protocol) VALUES("eip155:1/erc20:0x9e20461bc2c4c980f62f1B279D71734207a6A356", "A", 1, "0x9e20461bc2c4c980f62f1B279D71734207a6A356", 18, ""); INSERT INTO common_asset_details(identifier, symbol, coingecko, cryptocompare, forked, started, swapped_for) VALUES("eip155:1/erc20:0x9e20461bc2c4c980f62f1B279D71734207a6A356", "OMNI", "omnicat", "omnic", NULL, 1703128751, NULL);
*
INSERT INTO assets(identifier, name, type) VALUES("eip155:137/erc20:0x9e20461bc2c4c980f62f1B279D71734207a6A356", "OmniCat", "C"); INSERT INTO evm_tokens(identifier, token_kind, chain, address, decimals, protocol) VALUES("eip155:137/erc20:0x9e20461bc2c4c980f62f1B279D71734207a6A356", "A", 137, "0x9e20461bc2c4c980f62f1B279D71734207a6A356", 18, ""); INSERT INTO common_asset_details(identifier, symbol, coingecko, cryptocompare, forked, started, swapped_for) VALUES("eip155:137/erc20:0x9e20461bc2c4c980f62f1B279D71734207a6A356", "OMNI", "omnicat", "omnic", NULL, 1718638471, NULL);
*
INSERT INTO assets(identifier, name, type) VALUES("eip155:42161/erc20:0x9e20461bc2c4c980f62f1B279D71734207a6A356", "OmniCat", "C"); INSERT INTO evm_tokens(identifier, token_kind, chain, address, decimals, protocol) VALUES("eip155:42161/erc20:0x9e20461bc2c4c980f62f1B279D71734207a6A356", "A", 42161, "0x9e20461bc2c4c980f62f1B279D71734207a6A356", 18, ""); INSERT INTO common_asset_details(identifier, symbol, coingecko, cryptocompare, forked, started, swapped_for) VALUES("eip155:42161/erc20:0x9e20461bc2c4c980f62f1B279D71734207a6A356", "OMNI", "omnicat", "omnic", NULL, 1703130850, NULL);
*
INSERT INTO assets(identifier, name, type) VALUES("eip155:8453/erc20:0xC48E605c7b722a57277e087a6170B9E227e5AC0A", "OmniCat", "C"); INSERT INTO evm_tokens(identifier, token_kind, chain, address, decimals, protocol) VALUES("eip155:8453/erc20:0xC48E605c7b722a57277e087a6170B9E227e5AC0A", "A", 8453, "0xC48E605c7b722a57277e087a6170B9E227e5AC0A", 18, ""); INSERT INTO common_asset_details(identifier, symbol, coingecko, cryptocompare, forked, started, swapped_for) VALUES("eip155:8453/erc20:0xC48E605c7b722a57277e087a6170B9E227e5AC0A", "OMNI", "omnicat", "omnic", NULL, 1703130729, NULL);
*
INSERT INTO assets(identifier, name, type) VALUES("eip155:56/erc20:0x9e20461bc2c4c980f62f1B279D71734207a6A356", "OmniCat", "C"); INSERT INTO evm_tokens(identifier, token_kind, chain, address, decimals, protocol) VALUES("eip155:56/erc20:0x9e20461bc2c4c980f62f1B279D71734207a6A356", "A", 56, "0x9e20461bc2c4c980f62f1B279D71734207a6A356", 18, ""); INSERT INTO common_asset_details(identifier, symbol, coingecko, cryptocompare, forked, started, swapped_for) VALUES("eip155:56/erc20:0x9e20461bc2c4c980f62f1B279D71734207a6A356", "OMNI", "omnicat", "omnic", NULL, 1718636429, NULL);
*
INSERT INTO assets(identifier, name, type) VALUES("INTX", "IntentX", "W"); INSERT INTO common_asset_details(identifier, symbol, coingecko, cryptocompare, forked, started, swapped_for) VALUES("INTX", "INTX", "intentx", "", NULL, 1717146281, NULL);
*