INSERT INTO assets(identifier, name, type) VALUES("eip155:1/erc20:0xE2037090f896A858E3168B978668F22026AC52e7", "Farming of GHO v3", "C"); INSERT INTO evm_tokens(identifier, token_kind, chain, address, decimals, protocol) VALUES("eip155:1/erc20:0xE2037090f896A858E3168B978668F22026AC52e7", "A", 1, "0xE2037090f896A858E3168B978668F22026AC52e7", 18, "gearbox"); INSERT INTO common_asset_details(identifier, symbol, coingecko, cryptocompare, forked, started, swapped_for) VALUES("eip155:1/erc20:0xE2037090f896A858E3168B978668F22026AC52e7", "farmdGHOV3", "", "", NULL, 1711372847, NULL);
*
INSERT INTO assets(identifier, name, type) VALUES("eip155:1/erc20:0x0418fEB7d0B25C411EB77cD654305d29FcbFf685", "Farming of Trade WETH v3", "C"); INSERT INTO evm_tokens(identifier, token_kind, chain, address, decimals, protocol) VALUES("eip155:1/erc20:0x0418fEB7d0B25C411EB77cD654305d29FcbFf685", "A", 1, "0x0418fEB7d0B25C411EB77cD654305d29FcbFf685", 18, "gearbox"); INSERT INTO common_asset_details(identifier, symbol, coingecko, cryptocompare, forked, started, swapped_for) VALUES("eip155:1/erc20:0x0418fEB7d0B25C411EB77cD654305d29FcbFf685", "farmdWETHV3", "", "", NULL, 1702723799, NULL);
*
INSERT INTO assets(identifier, name, type) VALUES("eip155:1/erc20:0xA8cE662E45E825DAF178DA2c8d5Fae97696A788A", "Farming of Trade WBTC v3", "C"); INSERT INTO evm_tokens(identifier, token_kind, chain, address, decimals, protocol) VALUES("eip155:1/erc20:0xA8cE662E45E825DAF178DA2c8d5Fae97696A788A", "A", 1, "0xA8cE662E45E825DAF178DA2c8d5Fae97696A788A", 8, "gearbox"); INSERT INTO common_asset_details(identifier, symbol, coingecko, cryptocompare, forked, started, swapped_for) VALUES("eip155:1/erc20:0xA8cE662E45E825DAF178DA2c8d5Fae97696A788A", "farmdWBTCV3", "", "", NULL, 1702723799, NULL);
*
INSERT INTO assets(identifier, name, type) VALUES("eip155:1/erc20:0x7ed08b843bE2329567f64576143eA3c16aFE8873", "Farming of USDT v3", "C"); INSERT INTO evm_tokens(identifier, token_kind, chain, address, decimals, protocol) VALUES("eip155:1/erc20:0x7ed08b843bE2329567f64576143eA3c16aFE8873", "A", 1, "0x7ed08b843bE2329567f64576143eA3c16aFE8873", 6, "gearbox"); INSERT INTO common_asset_details(identifier, symbol, coingecko, cryptocompare, forked, started, swapped_for) VALUES("eip155:1/erc20:0x7ed08b843bE2329567f64576143eA3c16aFE8873", "farmdUSDTV3", "", "", NULL, 1711357847, NULL);
*
INSERT INTO assets(identifier, name, type) VALUES("eip155:1/erc20:0x16adAb68bDEcE3089D4f1626Bb5AEDD0d02471aD", "Farming of Universal USDT v3", "C"); INSERT INTO evm_tokens(identifier, token_kind, chain, address, decimals, protocol) VALUES("eip155:1/erc20:0x16adAb68bDEcE3089D4f1626Bb5AEDD0d02471aD", "A", 1, "0x16adAb68bDEcE3089D4f1626Bb5AEDD0d02471aD", 6, "gearbox"); INSERT INTO common_asset_details(identifier, symbol, coingecko, cryptocompare, forked, started, swapped_for) VALUES("eip155:1/erc20:0x16adAb68bDEcE3089D4f1626Bb5AEDD0d02471aD", "farmdUSDTV3", "", "", NULL, 1711901795, NULL);
*
INSERT INTO assets(identifier, name, type) VALUES("eip155:1/erc20:0xC853E4DA38d9Bd1d01675355b8c8f3BBC1451973", "Farming of DAI v3", "C"); INSERT INTO evm_tokens(identifier, token_kind, chain, address, decimals, protocol) VALUES("eip155:1/erc20:0xC853E4DA38d9Bd1d01675355b8c8f3BBC1451973", "A", 1, "0xC853E4DA38d9Bd1d01675355b8c8f3BBC1451973", 18, "gearbox"); INSERT INTO common_asset_details(identifier, symbol, coingecko, cryptocompare, forked, started, swapped_for) VALUES("eip155:1/erc20:0xC853E4DA38d9Bd1d01675355b8c8f3BBC1451973", "farmdDAIV3", "", "", NULL, 1711373039, NULL);
*
INSERT INTO assets(identifier, name, type) VALUES("eip155:1/erc20:0x9ef444a6d7F4A5adcd68FD5329aA5240C90E14d2", "Farming of Trade USDC v3", "C"); INSERT INTO evm_tokens(identifier, token_kind, chain, address, decimals, protocol) VALUES("eip155:1/erc20:0x9ef444a6d7F4A5adcd68FD5329aA5240C90E14d2", "A", 1, "0x9ef444a6d7F4A5adcd68FD5329aA5240C90E14d2", 6, "gearbox"); INSERT INTO common_asset_details(identifier, symbol, coingecko, cryptocompare, forked, started, swapped_for) VALUES("eip155:1/erc20:0x9ef444a6d7F4A5adcd68FD5329aA5240C90E14d2", "farmdUSDCV3", "", "", NULL, 1702723787, NULL);
*
INSERT INTO assets(identifier, name, type) VALUES("eip155:1/erc20:0x4d56c9cBa373AD39dF69Eb18F076b7348000AE09", "GHO v3", "C"); INSERT INTO evm_tokens(identifier, token_kind, chain, address, decimals, protocol) VALUES("eip155:1/erc20:0x4d56c9cBa373AD39dF69Eb18F076b7348000AE09", "A", 1, "0x4d56c9cBa373AD39dF69Eb18F076b7348000AE09", 18, "gearbox"); INSERT INTO common_asset_details(identifier, symbol, coingecko, cryptocompare, forked, started, swapped_for) VALUES("eip155:1/erc20:0x4d56c9cBa373AD39dF69Eb18F076b7348000AE09", "dGHOV3", "", "", NULL, 1711357847, NULL);
*
INSERT INTO assets(identifier, name, type) VALUES("eip155:1/erc20:0xda0002859B2d05F66a753d8241fCDE8623f26F4f", "Trade WETH v3", "C"); INSERT INTO evm_tokens(identifier, token_kind, chain, address, decimals, protocol) VALUES("eip155:1/erc20:0xda0002859B2d05F66a753d8241fCDE8623f26F4f", "A", 1, "0xda0002859B2d05F66a753d8241fCDE8623f26F4f", 18, "gearbox"); INSERT INTO common_asset_details(identifier, symbol, coingecko, cryptocompare, forked, started, swapped_for) VALUES("eip155:1/erc20:0xda0002859B2d05F66a753d8241fCDE8623f26F4f", "dWETHV3", "", "", NULL, 1702723799, NULL);
*
INSERT INTO assets(identifier, name, type) VALUES("eip155:1/erc20:0xF21fc650C1B34eb0FDE786D52d23dA99Db3D6278", "diesel Wrapped Ether", "C"); INSERT INTO evm_tokens(identifier, token_kind, chain, address, decimals, protocol) VALUES("eip155:1/erc20:0xF21fc650C1B34eb0FDE786D52d23dA99Db3D6278", "A", 1, "0xF21fc650C1B34eb0FDE786D52d23dA99Db3D6278", 18, "gearbox"); INSERT INTO common_asset_details(identifier, symbol, coingecko, cryptocompare, forked, started, swapped_for) VALUES("eip155:1/erc20:0xF21fc650C1B34eb0FDE786D52d23dA99Db3D6278", "dWETH", "", "", NULL, 1640176032, NULL);
*
INSERT INTO assets(identifier, name, type) VALUES("eip155:1/erc20:0xe753260F1955e8678DCeA8887759e07aa57E8c54", "diesel Wrapped BTC", "C"); INSERT INTO evm_tokens(identifier, token_kind, chain, address, decimals, protocol) VALUES("eip155:1/erc20:0xe753260F1955e8678DCeA8887759e07aa57E8c54", "A", 1, "0xe753260F1955e8678DCeA8887759e07aa57E8c54", 8, "gearbox"); INSERT INTO common_asset_details(identifier, symbol, coingecko, cryptocompare, forked, started, swapped_for) VALUES("eip155:1/erc20:0xe753260F1955e8678DCeA8887759e07aa57E8c54", "dWBTC", "", "", NULL, 1640176048, NULL);
*
INSERT INTO assets(identifier, name, type) VALUES("eip155:1/erc20:0xda00010eDA646913F273E10E7A5d1F659242757d", "Trade WBTC v3", "C"); INSERT INTO evm_tokens(identifier, token_kind, chain, address, decimals, protocol) VALUES("eip155:1/erc20:0xda00010eDA646913F273E10E7A5d1F659242757d", "A", 1, "0xda00010eDA646913F273E10E7A5d1F659242757d", 8, "gearbox"); INSERT INTO common_asset_details(identifier, symbol, coingecko, cryptocompare, forked, started, swapped_for) VALUES("eip155:1/erc20:0xda00010eDA646913F273E10E7A5d1F659242757d", "dWBTCV3", "", "", NULL, 1702723787, NULL);
*
INSERT INTO assets(identifier, name, type) VALUES("eip155:1/erc20:0x1DC0F3359a254f876B37906cFC1000A35Ce2d717", "USDT v3", "C"); INSERT INTO evm_tokens(identifier, token_kind, chain, address, decimals, protocol) VALUES("eip155:1/erc20:0x1DC0F3359a254f876B37906cFC1000A35Ce2d717", "A", 1, "0x1DC0F3359a254f876B37906cFC1000A35Ce2d717", 6, "gearbox"); INSERT INTO common_asset_details(identifier, symbol, coingecko, cryptocompare, forked, started, swapped_for) VALUES("eip155:1/erc20:0x1DC0F3359a254f876B37906cFC1000A35Ce2d717", "dUSDTV3", "", "", NULL, 1711357847, NULL);
*
INSERT INTO assets(identifier, name, type) VALUES("eip155:1/erc20:0x05A811275fE9b4DE503B3311F51edF6A856D936e", "Universal USDT v3", "C"); INSERT INTO evm_tokens(identifier, token_kind, chain, address, decimals, protocol) VALUES("eip155:1/erc20:0x05A811275fE9b4DE503B3311F51edF6A856D936e", "A", 1, "0x05A811275fE9b4DE503B3311F51edF6A856D936e", 6, "gearbox"); INSERT INTO common_asset_details(identifier, symbol, coingecko, cryptocompare, forked, started, swapped_for) VALUES("eip155:1/erc20:0x05A811275fE9b4DE503B3311F51edF6A856D936e", "dUSDTV3", "", "", NULL, 1711901795, NULL);
*
INSERT INTO assets(identifier, name, type) VALUES("eip155:1/erc20:0xe7146F53dBcae9D6Fa3555FE502648deb0B2F823", "DAI v3", "C"); INSERT INTO evm_tokens(identifier, token_kind, chain, address, decimals, protocol) VALUES("eip155:1/erc20:0xe7146F53dBcae9D6Fa3555FE502648deb0B2F823", "A", 1, "0xe7146F53dBcae9D6Fa3555FE502648deb0B2F823", 18, "gearbox"); INSERT INTO common_asset_details(identifier, symbol, coingecko, cryptocompare, forked, started, swapped_for) VALUES("eip155:1/erc20:0xe7146F53dBcae9D6Fa3555FE502648deb0B2F823", "dDAIV3", "", "", NULL, 1711358111, NULL);
*
INSERT INTO assets(identifier, name, type) VALUES("eip155:1/erc20:0xc411dB5f5Eb3f7d552F9B8454B2D74097ccdE6E3", "diesel USD Coin", "C"); INSERT INTO evm_tokens(identifier, token_kind, chain, address, decimals, protocol) VALUES("eip155:1/erc20:0xc411dB5f5Eb3f7d552F9B8454B2D74097ccdE6E3", "A", 1, "0xc411dB5f5Eb3f7d552F9B8454B2D74097ccdE6E3", 6, "gearbox"); INSERT INTO common_asset_details(identifier, symbol, coingecko, cryptocompare, forked, started, swapped_for) VALUES("eip155:1/erc20:0xc411dB5f5Eb3f7d552F9B8454B2D74097ccdE6E3", "dUSDC", "", "", NULL, 1640176000, NULL);
*
INSERT INTO assets(identifier, name, type) VALUES("eip155:1/erc20:0xda00000035fef4082F78dEF6A8903bee419FbF8E", "Trade USDC v3", "C"); INSERT INTO evm_tokens(identifier, token_kind, chain, address, decimals, protocol) VALUES("eip155:1/erc20:0xda00000035fef4082F78dEF6A8903bee419FbF8E", "A", 1, "0xda00000035fef4082F78dEF6A8903bee419FbF8E", 6, "gearbox"); INSERT INTO common_asset_details(identifier, symbol, coingecko, cryptocompare, forked, started, swapped_for) VALUES("eip155:1/erc20:0xda00000035fef4082F78dEF6A8903bee419FbF8E", "dUSDCV3", "", "", NULL, 1702723787, NULL);
*
