INSERT INTO assets(identifier, name, type) VALUES("eip155:1/erc20:0xE2037090f896A858E3168B978668F22026AC52e7", "Farming of GHO v3", "C"); INSERT INTO evm_tokens(identifier, token_kind, chain, address, decimals, protocol) VALUES("eip155:1/erc20:0xE2037090f896A858E3168B978668F22026AC52e7", "A", 1, "0xE2037090f896A858E3168B978668F22026AC52e7", 18, "gearbox"); INSERT INTO common_asset_details(identifier, symbol, coingecko, cryptocompare, forked, started, swapped_for) VALUES("eip155:1/erc20:0xE2037090f896A858E3168B978668F22026AC52e7", "farmdGHOV3", "", "", NULL, 1711372847, NULL);
*
INSERT INTO assets(identifier, name, type) VALUES("eip155:1/erc20:0x0418fEB7d0B25C411EB77cD654305d29FcbFf685", "Farming of Trade WETH v3", "C"); INSERT INTO evm_tokens(identifier, token_kind, chain, address, decimals, protocol) VALUES("eip155:1/erc20:0x0418fEB7d0B25C411EB77cD654305d29FcbFf685", "A", 1, "0x0418fEB7d0B25C411EB77cD654305d29FcbFf685", 18, "gearbox"); INSERT INTO common_asset_details(identifier, symbol, coingecko, cryptocompare, forked, started, swapped_for) VALUES("eip155:1/erc20:0x0418fEB7d0B25C411EB77cD654305d29FcbFf685", "farmdWETHV3", "", "", NULL, 1702723799, NULL);
*
INSERT INTO assets(identifier, name, type) VALUES("eip155:1/erc20:0xA8cE662E45E825DAF178DA2c8d5Fae97696A788A", "Farming of Trade WBTC v3", "C"); INSERT INTO evm_tokens(identifier, token_kind, chain, address, decimals, protocol) VALUES("eip155:1/erc20:0xA8cE662E45E825DAF178DA2c8d5Fae97696A788A", "A", 1, "0xA8cE662E45E825DAF178DA2c8d5Fae97696A788A", 8, "gearbox"); INSERT INTO common_asset_details(identifier, symbol, coingecko, cryptocompare, forked, started, swapped_for) VALUES("eip155:1/erc20:0xA8cE662E45E825DAF178DA2c8d5Fae97696A788A", "farmdWBTCV3", "", "", NULL, 1702723799, NULL);
*
INSERT INTO assets(identifier, name, type) VALUES("eip155:1/erc20:0x7ed08b843bE2329567f64576143eA3c16aFE8873", "Farming of USDT v3", "C"); INSERT INTO evm_tokens(identifier, token_kind, chain, address, decimals, protocol) VALUES("eip155:1/erc20:0x7ed08b843bE2329567f64576143eA3c16aFE8873", "A", 1, "0x7ed08b843bE2329567f64576143eA3c16aFE8873", 6, "gearbox"); INSERT INTO common_asset_details(identifier, symbol, coingecko, cryptocompare, forked, started, swapped_for) VALUES("eip155:1/erc20:0x7ed08b843bE2329567f64576143eA3c16aFE8873", "farmdUSDTV3", "", "", NULL, 1711357847, NULL);
*
INSERT INTO assets(identifier, name, type) VALUES("eip155:1/erc20:0x16adAb68bDEcE3089D4f1626Bb5AEDD0d02471aD", "Farming of Universal USDT v3", "C"); INSERT INTO evm_tokens(identifier, token_kind, chain, address, decimals, protocol) VALUES("eip155:1/erc20:0x16adAb68bDEcE3089D4f1626Bb5AEDD0d02471aD", "A", 1, "0x16adAb68bDEcE3089D4f1626Bb5AEDD0d02471aD", 6, "gearbox"); INSERT INTO common_asset_details(identifier, symbol, coingecko, cryptocompare, forked, started, swapped_for) VALUES("eip155:1/erc20:0x16adAb68bDEcE3089D4f1626Bb5AEDD0d02471aD", "farmdUSDTV3", "", "", NULL, 1711901795, NULL);
*
INSERT INTO assets(identifier, name, type) VALUES("eip155:1/erc20:0xC853E4DA38d9Bd1d01675355b8c8f3BBC1451973", "Farming of DAI v3", "C"); INSERT INTO evm_tokens(identifier, token_kind, chain, address, decimals, protocol) VALUES("eip155:1/erc20:0xC853E4DA38d9Bd1d01675355b8c8f3BBC1451973", "A", 1, "0xC853E4DA38d9Bd1d01675355b8c8f3BBC1451973", 18, "gearbox"); INSERT INTO common_asset_details(identifier, symbol, coingecko, cryptocompare, forked, started, swapped_for) VALUES("eip155:1/erc20:0xC853E4DA38d9Bd1d01675355b8c8f3BBC1451973", "farmdDAIV3", "", "", NULL, 1711373039, NULL);
*
INSERT INTO assets(identifier, name, type) VALUES("eip155:1/erc20:0x9ef444a6d7F4A5adcd68FD5329aA5240C90E14d2", "Farming of Trade USDC v3", "C"); INSERT INTO evm_tokens(identifier, token_kind, chain, address, decimals, protocol) VALUES("eip155:1/erc20:0x9ef444a6d7F4A5adcd68FD5329aA5240C90E14d2", "A", 1, "0x9ef444a6d7F4A5adcd68FD5329aA5240C90E14d2", 6, "gearbox"); INSERT INTO common_asset_details(identifier, symbol, coingecko, cryptocompare, forked, started, swapped_for) VALUES("eip155:1/erc20:0x9ef444a6d7F4A5adcd68FD5329aA5240C90E14d2", "farmdUSDCV3", "", "", NULL, 1702723787, NULL);
*
INSERT INTO assets(identifier, name, type) VALUES("eip155:1/erc20:0x4d56c9cBa373AD39dF69Eb18F076b7348000AE09", "GHO v3", "C"); INSERT INTO evm_tokens(identifier, token_kind, chain, address, decimals, protocol) VALUES("eip155:1/erc20:0x4d56c9cBa373AD39dF69Eb18F076b7348000AE09", "A", 1, "0x4d56c9cBa373AD39dF69Eb18F076b7348000AE09", 18, "gearbox"); INSERT INTO common_asset_details(identifier, symbol, coingecko, cryptocompare, forked, started, swapped_for) VALUES("eip155:1/erc20:0x4d56c9cBa373AD39dF69Eb18F076b7348000AE09", "dGHOV3", "", "", NULL, 1711357847, NULL);
*
INSERT INTO assets(identifier, name, type) VALUES("eip155:1/erc20:0xda0002859B2d05F66a753d8241fCDE8623f26F4f", "Trade WETH v3", "C"); INSERT INTO evm_tokens(identifier, token_kind, chain, address, decimals, protocol) VALUES("eip155:1/erc20:0xda0002859B2d05F66a753d8241fCDE8623f26F4f", "A", 1, "0xda0002859B2d05F66a753d8241fCDE8623f26F4f", 18, "gearbox"); INSERT INTO common_asset_details(identifier, symbol, coingecko, cryptocompare, forked, started, swapped_for) VALUES("eip155:1/erc20:0xda0002859B2d05F66a753d8241fCDE8623f26F4f", "dWETHV3", "", "", NULL, 1702723799, NULL);
*
INSERT INTO assets(identifier, name, type) VALUES("eip155:1/erc20:0xF21fc650C1B34eb0FDE786D52d23dA99Db3D6278", "diesel Wrapped Ether", "C"); INSERT INTO evm_tokens(identifier, token_kind, chain, address, decimals, protocol) VALUES("eip155:1/erc20:0xF21fc650C1B34eb0FDE786D52d23dA99Db3D6278", "A", 1, "0xF21fc650C1B34eb0FDE786D52d23dA99Db3D6278", 18, "gearbox"); INSERT INTO common_asset_details(identifier, symbol, coingecko, cryptocompare, forked, started, swapped_for) VALUES("eip155:1/erc20:0xF21fc650C1B34eb0FDE786D52d23dA99Db3D6278", "dWETH", "", "", NULL, 1640176032, NULL);
*
INSERT INTO assets(identifier, name, type) VALUES("eip155:1/erc20:0xe753260F1955e8678DCeA8887759e07aa57E8c54", "diesel Wrapped BTC", "C"); INSERT INTO evm_tokens(identifier, token_kind, chain, address, decimals, protocol) VALUES("eip155:1/erc20:0xe753260F1955e8678DCeA8887759e07aa57E8c54", "A", 1, "0xe753260F1955e8678DCeA8887759e07aa57E8c54", 8, "gearbox"); INSERT INTO common_asset_details(identifier, symbol, coingecko, cryptocompare, forked, started, swapped_for) VALUES("eip155:1/erc20:0xe753260F1955e8678DCeA8887759e07aa57E8c54", "dWBTC", "", "", NULL, 1640176048, NULL);
*
INSERT INTO assets(identifier, name, type) VALUES("eip155:1/erc20:0xda00010eDA646913F273E10E7A5d1F659242757d", "Trade WBTC v3", "C"); INSERT INTO evm_tokens(identifier, token_kind, chain, address, decimals, protocol) VALUES("eip155:1/erc20:0xda00010eDA646913F273E10E7A5d1F659242757d", "A", 1, "0xda00010eDA646913F273E10E7A5d1F659242757d", 8, "gearbox"); INSERT INTO common_asset_details(identifier, symbol, coingecko, cryptocompare, forked, started, swapped_for) VALUES("eip155:1/erc20:0xda00010eDA646913F273E10E7A5d1F659242757d", "dWBTCV3", "", "", NULL, 1702723787, NULL);
*
INSERT INTO assets(identifier, name, type) VALUES("eip155:1/erc20:0x1DC0F3359a254f876B37906cFC1000A35Ce2d717", "USDT v3", "C"); INSERT INTO evm_tokens(identifier, token_kind, chain, address, decimals, protocol) VALUES("eip155:1/erc20:0x1DC0F3359a254f876B37906cFC1000A35Ce2d717", "A", 1, "0x1DC0F3359a254f876B37906cFC1000A35Ce2d717", 6, "gearbox"); INSERT INTO common_asset_details(identifier, symbol, coingecko, cryptocompare, forked, started, swapped_for) VALUES("eip155:1/erc20:0x1DC0F3359a254f876B37906cFC1000A35Ce2d717", "dUSDTV3", "", "", NULL, 1711357847, NULL);
*
INSERT INTO assets(identifier, name, type) VALUES("eip155:1/erc20:0x05A811275fE9b4DE503B3311F51edF6A856D936e", "Universal USDT v3", "C"); INSERT INTO evm_tokens(identifier, token_kind, chain, address, decimals, protocol) VALUES("eip155:1/erc20:0x05A811275fE9b4DE503B3311F51edF6A856D936e", "A", 1, "0x05A811275fE9b4DE503B3311F51edF6A856D936e", 6, "gearbox"); INSERT INTO common_asset_details(identifier, symbol, coingecko, cryptocompare, forked, started, swapped_for) VALUES("eip155:1/erc20:0x05A811275fE9b4DE503B3311F51edF6A856D936e", "dUSDTV3", "", "", NULL, 1711901795, NULL);
*
INSERT INTO assets(identifier, name, type) VALUES("eip155:1/erc20:0xe7146F53dBcae9D6Fa3555FE502648deb0B2F823", "DAI v3", "C"); INSERT INTO evm_tokens(identifier, token_kind, chain, address, decimals, protocol) VALUES("eip155:1/erc20:0xe7146F53dBcae9D6Fa3555FE502648deb0B2F823", "A", 1, "0xe7146F53dBcae9D6Fa3555FE502648deb0B2F823", 18, "gearbox"); INSERT INTO common_asset_details(identifier, symbol, coingecko, cryptocompare, forked, started, swapped_for) VALUES("eip155:1/erc20:0xe7146F53dBcae9D6Fa3555FE502648deb0B2F823", "dDAIV3", "", "", NULL, 1711358111, NULL);
*
INSERT INTO assets(identifier, name, type) VALUES("eip155:1/erc20:0xc411dB5f5Eb3f7d552F9B8454B2D74097ccdE6E3", "diesel USD Coin", "C"); INSERT INTO evm_tokens(identifier, token_kind, chain, address, decimals, protocol) VALUES("eip155:1/erc20:0xc411dB5f5Eb3f7d552F9B8454B2D74097ccdE6E3", "A", 1, "0xc411dB5f5Eb3f7d552F9B8454B2D74097ccdE6E3", 6, "gearbox"); INSERT INTO common_asset_details(identifier, symbol, coingecko, cryptocompare, forked, started, swapped_for) VALUES("eip155:1/erc20:0xc411dB5f5Eb3f7d552F9B8454B2D74097ccdE6E3", "dUSDC", "", "", NULL, 1640176000, NULL);
*
INSERT INTO assets(identifier, name, type) VALUES("eip155:1/erc20:0xda00000035fef4082F78dEF6A8903bee419FbF8E", "Trade USDC v3", "C"); INSERT INTO evm_tokens(identifier, token_kind, chain, address, decimals, protocol) VALUES("eip155:1/erc20:0xda00000035fef4082F78dEF6A8903bee419FbF8E", "A", 1, "0xda00000035fef4082F78dEF6A8903bee419FbF8E", 6, "gearbox"); INSERT INTO common_asset_details(identifier, symbol, coingecko, cryptocompare, forked, started, swapped_for) VALUES("eip155:1/erc20:0xda00000035fef4082F78dEF6A8903bee419FbF8E", "dUSDCV3", "", "", NULL, 1702723787, NULL);
*
INSERT INTO assets(identifier, name, type) VALUES("eip155:42161/erc20:0x608F9e2E8933Ce6b39A8CddBc34a1e3E8D21cE75", "Farming of Main USDC.e v3", "C"); INSERT INTO evm_tokens(identifier, token_kind, chain, address, decimals, protocol) VALUES("eip155:42161/erc20:0x608F9e2E8933Ce6b39A8CddBc34a1e3E8D21cE75", "A", 42161, "0x608F9e2E8933Ce6b39A8CddBc34a1e3E8D21cE75", 6, "gearbox"); INSERT INTO common_asset_details(identifier, symbol, coingecko, cryptocompare, forked, started, swapped_for) VALUES("eip155:42161/erc20:0x608F9e2E8933Ce6b39A8CddBc34a1e3E8D21cE75", "farmdUSDCV3", "", "", NULL, 1708947699, NULL); INSERT INTO underlying_tokens_list(identifier, weight, parent_token_entry) VALUES("eip155:42161/erc20:0xFF970A61A04b1cA14834A43f5dE4533eBDDB5CC8", "1", "eip155:42161/erc20:0x608F9e2E8933Ce6b39A8CddBc34a1e3E8D21cE75");
*
INSERT INTO assets(identifier, name, type) VALUES("eip155:42161/erc20:0x6773fF780Dd38175247795545Ee37adD6ab6139a", "Farming of Main WETH v3", "C"); INSERT INTO evm_tokens(identifier, token_kind, chain, address, decimals, protocol) VALUES("eip155:42161/erc20:0x6773fF780Dd38175247795545Ee37adD6ab6139a", "A", 42161, "0x6773fF780Dd38175247795545Ee37adD6ab6139a", 18, "gearbox"); INSERT INTO common_asset_details(identifier, symbol, coingecko, cryptocompare, forked, started, swapped_for) VALUES("eip155:42161/erc20:0x6773fF780Dd38175247795545Ee37adD6ab6139a", "farmdWETHV3", "", "", NULL, 1708947706, NULL); INSERT INTO underlying_tokens_list(identifier, weight, parent_token_entry) VALUES("eip155:42161/erc20:0x82aF49447D8a07e3bd95BD0d56f35241523fBab1", "1", "eip155:42161/erc20:0x6773fF780Dd38175247795545Ee37adD6ab6139a");
*
INSERT INTO assets(identifier, name, type) VALUES("eip155:10/erc20:0x73302b63Ad4a16C498f26dB89cb27F37a72E4E04", "Farming of Main USDC.e v3", "C"); INSERT INTO evm_tokens(identifier, token_kind, chain, address, decimals, protocol) VALUES("eip155:10/erc20:0x73302b63Ad4a16C498f26dB89cb27F37a72E4E04", "A", 10, "0x73302b63Ad4a16C498f26dB89cb27F37a72E4E04", 6, "gearbox"); INSERT INTO common_asset_details(identifier, symbol, coingecko, cryptocompare, forked, started, swapped_for) VALUES("eip155:10/erc20:0x73302b63Ad4a16C498f26dB89cb27F37a72E4E04", "farmdUSDCV3", "", "", NULL, 1712552417, NULL); INSERT INTO underlying_tokens_list(identifier, weight, parent_token_entry) VALUES("eip155:10/erc20:0x7F5c764cBc14f9669B88837ca1490cCa17c31607", "1", "eip155:10/erc20:0x73302b63Ad4a16C498f26dB89cb27F37a72E4E04");
*
INSERT INTO assets(identifier, name, type) VALUES("eip155:10/erc20:0x704c4C9F0d29257E5b0E526b20b48EfFC8f758b2", "Farming of WETH v3", "C"); INSERT INTO evm_tokens(identifier, token_kind, chain, address, decimals, protocol) VALUES("eip155:10/erc20:0x704c4C9F0d29257E5b0E526b20b48EfFC8f758b2", "A", 10, "0x704c4C9F0d29257E5b0E526b20b48EfFC8f758b2", 18, "gearbox"); INSERT INTO common_asset_details(identifier, symbol, coingecko, cryptocompare, forked, started, swapped_for) VALUES("eip155:10/erc20:0x704c4C9F0d29257E5b0E526b20b48EfFC8f758b2", "farmdWETHV3", "", "", NULL, 1712427929, NULL); INSERT INTO underlying_tokens_list(identifier, weight, parent_token_entry) VALUES("eip155:10/erc20:0x4200000000000000000000000000000000000006", "1", "eip155:10/erc20:0x704c4C9F0d29257E5b0E526b20b48EfFC8f758b2");
*
INSERT INTO assets(identifier, name, type) VALUES("DRIFT", "Drift Protocol", "Y"); INSERT INTO common_asset_details(identifier, symbol, coingecko, cryptocompare, forked, started, swapped_for) VALUES("DRIFT", "DRIFT", "drift-protocol", "DRIFT", NULL, 1715861051, NULL);
*
INSERT INTO assets(identifier, name, type) VALUES("BB", "BounceBit", "B"); INSERT INTO common_asset_details(identifier, symbol, coingecko, cryptocompare, forked, started, swapped_for) VALUES("BB", "BB", "bouncebit", "BB", NULL, 1715605451, NULL);
*
INSERT INTO assets(identifier, name, type) VALUES("NOT", "Notcoin", "W"); INSERT INTO common_asset_details(identifier, symbol, coingecko, cryptocompare, forked, started, swapped_for) VALUES("NOT", "NOT", "notcoin", "NOT", NULL, 1715871725, NULL);
*
INSERT INTO assets(identifier, name, type) VALUES("eip155:56/erc20:0x8789337a176e6e7223Ff115F1CD85C993D42C25c", "Copiosa Coin", "C"); INSERT INTO evm_tokens(identifier, token_kind, chain, address, decimals, protocol) VALUES("eip155:56/erc20:0x8789337a176e6e7223Ff115F1CD85C993D42C25c", "A", 56, "0x8789337a176e6e7223Ff115F1CD85C993D42C25c", 18, ""); INSERT INTO common_asset_details(identifier, symbol, coingecko, cryptocompare, forked, started, swapped_for) VALUES("eip155:56/erc20:0x8789337a176e6e7223Ff115F1CD85C993D42C25c", "COP", "copiosa", "", NULL, 1717689522, NULL);
*
INSERT INTO assets(identifier, name, type) VALUES("eip155:56/erc20:0xFAaA87943bFca6D97434bE3d26C589647FEA4375", "ACEToken", "C"); INSERT INTO evm_tokens(identifier, token_kind, chain, address, decimals, protocol) VALUES("eip155:56/erc20:0xFAaA87943bFca6D97434bE3d26C589647FEA4375", "A", 56, "0xFAaA87943bFca6D97434bE3d26C589647FEA4375", 18, ""); INSERT INTO common_asset_details(identifier, symbol, coingecko, cryptocompare, forked, started, swapped_for) VALUES("eip155:56/erc20:0xFAaA87943bFca6D97434bE3d26C589647FEA4375", "ACE", "acetoken", "", NULL, 1717503566, NULL);
*
INSERT INTO assets(identifier, name, type) VALUES("BFIC", "BFIC Coin", "B"); INSERT INTO common_asset_details(identifier, symbol, coingecko, cryptocompare, forked, started, swapped_for) VALUES("BFIC", "BFIC", "bficoin", "BFIC", NULL, 1618884000, NULL);
*
INSERT INTO assets(identifier, name, type) VALUES("MOTHER", "Mother Iggy", "Y"); INSERT INTO common_asset_details(identifier, symbol, coingecko, cryptocompare, forked, started, swapped_for) VALUES("MOTHER", "MOTHER", "mother-iggy", "", NULL, 1716962460, NULL);
*
INSERT INTO assets(identifier, name, type) VALUES("OPOS", "Only Possible On Solana", "Y"); INSERT INTO common_asset_details(identifier, symbol, coingecko, cryptocompare, forked, started, swapped_for) VALUES("OPOS", "OPOS", "only-possible-on-solana", "", NULL, 1696557600, NULL);
*
INSERT INTO assets(identifier, name, type) VALUES("PENG", "Peng", "Y"); INSERT INTO common_asset_details(identifier, symbol, coingecko, cryptocompare, forked, started, swapped_for) VALUES("PENG", "PENG", "peng", "PENG", NULL, 1709773200, NULL);
*
INSERT INTO assets(identifier, name, type) VALUES("TREMP", "Doland Tremp", "Y"); INSERT INTO common_asset_details(identifier, symbol, coingecko, cryptocompare, forked, started, swapped_for) VALUES("TREMP", "TREMP", "donald-tremp", "TREMP", NULL, 1709982070, NULL);
*
INSERT INTO assets(identifier, name, type) VALUES("ZEUS", "Zeus Network", "Y"); INSERT INTO common_asset_details(identifier, symbol, coingecko, cryptocompare, forked, started, swapped_for) VALUES("ZEUS", "ZEUS", "zeus-network", "ZEUS", NULL, 1712297110, NULL);
*
INSERT INTO assets(identifier, name, type) VALUES("NOS", "Nosana", "Y"); INSERT INTO common_asset_details(identifier, symbol, coingecko, cryptocompare, forked, started, swapped_for) VALUES("NOS", "NOS", "nosana", "NOS", NULL, 1642381200, NULL);
*
INSERT INTO assets(identifier, name, type) VALUES("eip155:1/erc20:0xeC5483804e637D45cDe22Fa0869656B64b5AB1ab", "ACENT", "C"); INSERT INTO evm_tokens(identifier, token_kind, chain, address, decimals, protocol) VALUES("eip155:1/erc20:0xeC5483804e637D45cDe22Fa0869656B64b5AB1ab", "A", 1, "0xeC5483804e637D45cDe22Fa0869656B64b5AB1ab", 18, ""); INSERT INTO common_asset_details(identifier, symbol, coingecko, cryptocompare, forked, started, swapped_for) VALUES("eip155:1/erc20:0xeC5483804e637D45cDe22Fa0869656B64b5AB1ab", "ACE", "acent", "ACEN", NULL, 1609767120, NULL);
*
INSERT INTO assets(identifier, name, type) VALUES("eip155:56/erc20:0xC0041EF357B183448B235a8Ea73Ce4E4eC8c265F", "Cookie", "C"); INSERT INTO evm_tokens(identifier, token_kind, chain, address, decimals, protocol) VALUES("eip155:56/erc20:0xC0041EF357B183448B235a8Ea73Ce4E4eC8c265F", "A", 56, "0xC0041EF357B183448B235a8Ea73Ce4E4eC8c265F", 18, ""); INSERT INTO common_asset_details(identifier, symbol, coingecko, cryptocompare, forked, started, swapped_for) VALUES("eip155:56/erc20:0xC0041EF357B183448B235a8Ea73Ce4E4eC8c265F", "COOKIE", "cookie", "", NULL, 1718616673, NULL);
*
INSERT INTO assets(identifier, name, type) VALUES("eip155:1/erc20:0xC0041EF357B183448B235a8Ea73Ce4E4eC8c265F", "Cookie", "C"); INSERT INTO evm_tokens(identifier, token_kind, chain, address, decimals, protocol) VALUES("eip155:1/erc20:0xC0041EF357B183448B235a8Ea73Ce4E4eC8c265F", "A", 1, "0xC0041EF357B183448B235a8Ea73Ce4E4eC8c265F", 18, ""); INSERT INTO common_asset_details(identifier, symbol, coingecko, cryptocompare, forked, started, swapped_for) VALUES("eip155:1/erc20:0xC0041EF357B183448B235a8Ea73Ce4E4eC8c265F", "COOKIE", "cookie", "", NULL, 1717417223, NULL);
*
INSERT INTO assets(identifier, name, type) VALUES("eip155:8453/erc20:0xC0041EF357B183448B235a8Ea73Ce4E4eC8c265F", "Cookie", "C"); INSERT INTO evm_tokens(identifier, token_kind, chain, address, decimals, protocol) VALUES("eip155:8453/erc20:0xC0041EF357B183448B235a8Ea73Ce4E4eC8c265F", "A", 8453, "0xC0041EF357B183448B235a8Ea73Ce4E4eC8c265F", 18, ""); INSERT INTO common_asset_details(identifier, symbol, coingecko, cryptocompare, forked, started, swapped_for) VALUES("eip155:8453/erc20:0xC0041EF357B183448B235a8Ea73Ce4E4eC8c265F", "COOKIE", "cookie", "", NULL, 1717417289, NULL);
*
INSERT INTO assets(identifier, name, type) VALUES("eip155:42161/erc20:0xc87B37a581ec3257B734886d9d3a581F5A9d056c", "Aethir Token", "C"); INSERT INTO evm_tokens(identifier, token_kind, chain, address, decimals, protocol) VALUES("eip155:42161/erc20:0xc87B37a581ec3257B734886d9d3a581F5A9d056c", "A", 42161, "0xc87B37a581ec3257B734886d9d3a581F5A9d056c", 18, ""); INSERT INTO common_asset_details(identifier, symbol, coingecko, cryptocompare, forked, started, swapped_for) VALUES("eip155:42161/erc20:0xc87B37a581ec3257B734886d9d3a581F5A9d056c", "ATH", "aethir", "", NULL, 1717572209, NULL);
*
INSERT INTO assets(identifier, name, type) VALUES("eip155:1/erc20:0xbe0Ed4138121EcFC5c0E56B40517da27E6c5226B", "Aethir Token", "C"); INSERT INTO evm_tokens(identifier, token_kind, chain, address, decimals, protocol) VALUES("eip155:1/erc20:0xbe0Ed4138121EcFC5c0E56B40517da27E6c5226B", "A", 1, "0xbe0Ed4138121EcFC5c0E56B40517da27E6c5226B", 18, ""); INSERT INTO common_asset_details(identifier, symbol, coingecko, cryptocompare, forked, started, swapped_for) VALUES("eip155:1/erc20:0xbe0Ed4138121EcFC5c0E56B40517da27E6c5226B", "ATH", "aethir", "", NULL, 1717570679, NULL);
*
INSERT INTO assets(identifier, name, type) VALUES("eip155:1/erc20:0x0B6f3eA2814F3FFf804bA5D5c237aebbc364fba9", "Unagi Token", "C"); INSERT INTO evm_tokens(identifier, token_kind, chain, address, decimals, protocol) VALUES("eip155:1/erc20:0x0B6f3eA2814F3FFf804bA5D5c237aebbc364fba9", "A", 1, "0x0B6f3eA2814F3FFf804bA5D5c237aebbc364fba9", 18, ""); INSERT INTO common_asset_details(identifier, symbol, coingecko, cryptocompare, forked, started, swapped_for) VALUES("eip155:1/erc20:0x0B6f3eA2814F3FFf804bA5D5c237aebbc364fba9", "UNA", "unagi-token", "", NULL, 1705332047, NULL);
*
INSERT INTO assets(identifier, name, type) VALUES("eip155:8453/erc20:0x24569d33653c404f90aF10A2b98d6E0030D3d267", "Unagi Token", "C"); INSERT INTO evm_tokens(identifier, token_kind, chain, address, decimals, protocol) VALUES("eip155:8453/erc20:0x24569d33653c404f90aF10A2b98d6E0030D3d267", "A", 8453, "0x24569d33653c404f90aF10A2b98d6E0030D3d267", 18, ""); INSERT INTO common_asset_details(identifier, symbol, coingecko, cryptocompare, forked, started, swapped_for) VALUES("eip155:8453/erc20:0x24569d33653c404f90aF10A2b98d6E0030D3d267", "UNA", "unagi-token", "", NULL, 1717174447, NULL);
*
INSERT INTO assets(identifier, name, type) VALUES("eip155:137/erc20:0x0B6f3eA2814F3FFf804bA5D5c237aebbc364fba9", "Unagi Token", "C"); INSERT INTO evm_tokens(identifier, token_kind, chain, address, decimals, protocol) VALUES("eip155:137/erc20:0x0B6f3eA2814F3FFf804bA5D5c237aebbc364fba9", "A", 137, "0x0B6f3eA2814F3FFf804bA5D5c237aebbc364fba9", 18, ""); INSERT INTO common_asset_details(identifier, symbol, coingecko, cryptocompare, forked, started, swapped_for) VALUES("eip155:137/erc20:0x0B6f3eA2814F3FFf804bA5D5c237aebbc364fba9", "UNA", "unagi-token", "", NULL, 1718618928, NULL);
*
INSERT INTO assets(identifier, name, type) VALUES("eip155:56/erc20:0x0B6f3eA2814F3FFf804bA5D5c237aebbc364fba9", "Unagi Token", "C"); INSERT INTO evm_tokens(identifier, token_kind, chain, address, decimals, protocol) VALUES("eip155:56/erc20:0x0B6f3eA2814F3FFf804bA5D5c237aebbc364fba9", "A", 56, "0x0B6f3eA2814F3FFf804bA5D5c237aebbc364fba9", 18, ""); INSERT INTO common_asset_details(identifier, symbol, coingecko, cryptocompare, forked, started, swapped_for) VALUES("eip155:56/erc20:0x0B6f3eA2814F3FFf804bA5D5c237aebbc364fba9", "UNA", "unagi-token", "", NULL, 1718619153, NULL);
*
INSERT INTO assets(identifier, name, type) VALUES("eip155:56/erc20:0x0E7779e698052f8fe56C415C3818FCf89de9aC6D", "Ultiverse Token", "C"); INSERT INTO evm_tokens(identifier, token_kind, chain, address, decimals, protocol) VALUES("eip155:56/erc20:0x0E7779e698052f8fe56C415C3818FCf89de9aC6D", "A", 56, "0x0E7779e698052f8fe56C415C3818FCf89de9aC6D", 18, ""); INSERT INTO common_asset_details(identifier, symbol, coingecko, cryptocompare, forked, started, swapped_for) VALUES("eip155:56/erc20:0x0E7779e698052f8fe56C415C3818FCf89de9aC6D", "ULTI", "ultiverse", "ULTI", NULL, 1718399123, NULL);
*
INSERT INTO assets(identifier, name, type) VALUES("eip155:1/erc20:0x10dea67478c5F8C5E2D90e5E9B26dBe60c54d800", "Taiko Token", "C"); INSERT INTO evm_tokens(identifier, token_kind, chain, address, decimals, protocol) VALUES("eip155:1/erc20:0x10dea67478c5F8C5E2D90e5E9B26dBe60c54d800", "A", 1, "0x10dea67478c5F8C5E2D90e5E9B26dBe60c54d800", 18, ""); INSERT INTO common_asset_details(identifier, symbol, coingecko, cryptocompare, forked, started, swapped_for) VALUES("eip155:1/erc20:0x10dea67478c5F8C5E2D90e5E9B26dBe60c54d800", "TAIKO", "taiko", "", NULL, 1714033799, NULL);
*
INSERT INTO assets(identifier, name, type) VALUES("eip155:56/erc20:0x1865dc79a9e4B5751531099057D7Ee801033d268", "Laika AI", "C"); INSERT INTO evm_tokens(identifier, token_kind, chain, address, decimals, protocol) VALUES("eip155:56/erc20:0x1865dc79a9e4B5751531099057D7Ee801033d268", "A", 56, "0x1865dc79a9e4B5751531099057D7Ee801033d268", 18, ""); INSERT INTO common_asset_details(identifier, symbol, coingecko, cryptocompare, forked, started, swapped_for) VALUES("eip155:56/erc20:0x1865dc79a9e4B5751531099057D7Ee801033d268", "LKI", "laika-ai", "", NULL, 1718399921, NULL);
*
INSERT INTO assets(identifier, name, type) VALUES("eip155:137/erc20:0xaF0dC42725db75AE54f5E8945e71017Bc7ACd27d", "NexGami", "C"); INSERT INTO evm_tokens(identifier, token_kind, chain, address, decimals, protocol) VALUES("eip155:137/erc20:0xaF0dC42725db75AE54f5E8945e71017Bc7ACd27d", "A", 137, "0xaF0dC42725db75AE54f5E8945e71017Bc7ACd27d", 18, ""); INSERT INTO common_asset_details(identifier, symbol, coingecko, cryptocompare, forked, started, swapped_for) VALUES("eip155:137/erc20:0xaF0dC42725db75AE54f5E8945e71017Bc7ACd27d", "NEXG", "nexgami", "", NULL, 1718400298, NULL);
*
INSERT INTO assets(identifier, name, type) VALUES("eip155:1/erc20:0x740df024CE73f589ACD5E8756b377ef8C6558BaB", "Holograph Utility Token", "C"); INSERT INTO evm_tokens(identifier, token_kind, chain, address, decimals, protocol) VALUES("eip155:1/erc20:0x740df024CE73f589ACD5E8756b377ef8C6558BaB", "A", 1, "0x740df024CE73f589ACD5E8756b377ef8C6558BaB", 18, ""); INSERT INTO common_asset_details(identifier, symbol, coingecko, cryptocompare, forked, started, swapped_for) VALUES("eip155:1/erc20:0x740df024CE73f589ACD5E8756b377ef8C6558BaB", "HLG", "holograph", "HLG", NULL, 1705769183, NULL);
*
INSERT INTO assets(identifier, name, type) VALUES("eip155:8453/erc20:0x99b2B1A2aDB02B38222ADcD057783D7e5D1FCC7D", "Common Wealth Token", "C"); INSERT INTO evm_tokens(identifier, token_kind, chain, address, decimals, protocol) VALUES("eip155:8453/erc20:0x99b2B1A2aDB02B38222ADcD057783D7e5D1FCC7D", "A", 8453, "0x99b2B1A2aDB02B38222ADcD057783D7e5D1FCC7D", 18, ""); INSERT INTO common_asset_details(identifier, symbol, coingecko, cryptocompare, forked, started, swapped_for) VALUES("eip155:8453/erc20:0x99b2B1A2aDB02B38222ADcD057783D7e5D1FCC7D", "WLTH", "", "", NULL, 1714380877, NULL);
*
INSERT INTO assets(identifier, name, type) VALUES("eip155:1/erc20:0x1337420dED5ADb9980CFc35f8f2B054ea86f8aB1", "Subsquid", "C"); INSERT INTO evm_tokens(identifier, token_kind, chain, address, decimals, protocol) VALUES("eip155:1/erc20:0x1337420dED5ADb9980CFc35f8f2B054ea86f8aB1", "A", 1, "0x1337420dED5ADb9980CFc35f8f2B054ea86f8aB1", 18, ""); INSERT INTO common_asset_details(identifier, symbol, coingecko, cryptocompare, forked, started, swapped_for) VALUES("eip155:1/erc20:0x1337420dED5ADb9980CFc35f8f2B054ea86f8aB1", "SQD", "subsquid", "", NULL, 1711385735, NULL);
*
INSERT INTO assets(identifier, name, type) VALUES("eip155:56/erc20:0x0203D275D2A65030889aF45ed91D472be3948B92", "Engines of Fury Token", "C"); INSERT INTO evm_tokens(identifier, token_kind, chain, address, decimals, protocol) VALUES("eip155:56/erc20:0x0203D275D2A65030889aF45ed91D472be3948B92", "A", 56, "0x0203D275D2A65030889aF45ed91D472be3948B92", 18, ""); INSERT INTO common_asset_details(identifier, symbol, coingecko, cryptocompare, forked, started, swapped_for) VALUES("eip155:56/erc20:0x0203D275D2A65030889aF45ed91D472be3948B92", "FURY", "engines-of-fury", "FURY", NULL, 1718401589, NULL);
*
INSERT INTO assets(identifier, name, type) VALUES("eip155:1/erc20:0xf8428A5a99cb452Ea50B6Ea70b052DaA3dF4934F", "zkRace", "C"); INSERT INTO evm_tokens(identifier, token_kind, chain, address, decimals, protocol) VALUES("eip155:1/erc20:0xf8428A5a99cb452Ea50B6Ea70b052DaA3dF4934F", "A", 1, "0xf8428A5a99cb452Ea50B6Ea70b052DaA3dF4934F", 18, ""); INSERT INTO common_asset_details(identifier, symbol, coingecko, cryptocompare, forked, started, swapped_for) VALUES("eip155:1/erc20:0xf8428A5a99cb452Ea50B6Ea70b052DaA3dF4934F", "ZERC", "derace", "", NULL, 1711211099, NULL);
*
INSERT INTO assets(identifier, name, type) VALUES("eip155:56/erc20:0x9c47E503b2f497e9Ad9F1c0dfA6Bd9Fd5456AA4e", "zkRace", "C"); INSERT INTO evm_tokens(identifier, token_kind, chain, address, decimals, protocol) VALUES("eip155:56/erc20:0x9c47E503b2f497e9Ad9F1c0dfA6Bd9Fd5456AA4e", "A", 56, "0x9c47E503b2f497e9Ad9F1c0dfA6Bd9Fd5456AA4e", 18, ""); INSERT INTO common_asset_details(identifier, symbol, coingecko, cryptocompare, forked, started, swapped_for) VALUES("eip155:56/erc20:0x9c47E503b2f497e9Ad9F1c0dfA6Bd9Fd5456AA4e", "ZERC", "derace", "", NULL, 1718538317, NULL);
*
INSERT INTO assets(identifier, name, type) VALUES("eip155:137/erc20:0xE1b3eb06806601828976e491914e3De18B5d6b28", "zkRace", "C"); INSERT INTO evm_tokens(identifier, token_kind, chain, address, decimals, protocol) VALUES("eip155:137/erc20:0xE1b3eb06806601828976e491914e3De18B5d6b28", "A", 137, "0xE1b3eb06806601828976e491914e3De18B5d6b28", 18, ""); INSERT INTO common_asset_details(identifier, symbol, coingecko, cryptocompare, forked, started, swapped_for) VALUES("eip155:137/erc20:0xE1b3eb06806601828976e491914e3De18B5d6b28", "ZERC", "derace", "", NULL, 1718577600, NULL);
*
INSERT INTO assets(identifier, name, type) VALUES("eip155:1/erc20:0x744030Ad4E6c10fAf5483b62473D88a254d62261", "NuLink token", "C"); INSERT INTO evm_tokens(identifier, token_kind, chain, address, decimals, protocol) VALUES("eip155:1/erc20:0x744030Ad4E6c10fAf5483b62473D88a254d62261", "A", 1, "0x744030Ad4E6c10fAf5483b62473D88a254d62261", 18, ""); INSERT INTO common_asset_details(identifier, symbol, coingecko, cryptocompare, forked, started, swapped_for) VALUES("eip155:1/erc20:0x744030Ad4E6c10fAf5483b62473D88a254d62261", "NLK", "nulink-2", "", NULL, 1712049251, NULL);
*
INSERT INTO assets(identifier, name, type) VALUES("eip155:1/erc20:0x90685e300A4c4532EFCeFE91202DfE1Dfd572F47", "Cross The Ages", "C"); INSERT INTO evm_tokens(identifier, token_kind, chain, address, decimals, protocol) VALUES("eip155:1/erc20:0x90685e300A4c4532EFCeFE91202DfE1Dfd572F47", "A", 1, "0x90685e300A4c4532EFCeFE91202DfE1Dfd572F47", 18, ""); INSERT INTO common_asset_details(identifier, symbol, coingecko, cryptocompare, forked, started, swapped_for) VALUES("eip155:1/erc20:0x90685e300A4c4532EFCeFE91202DfE1Dfd572F47", "CTA", "cross-the-ages", "CTA", NULL, 1714774559, NULL);
*
INSERT INTO assets(identifier, name, type) VALUES("eip155:137/erc20:0x5F2F8818002dc64753daeDF4A6CB2CcB757CD220", "Wisdomise", "C"); INSERT INTO evm_tokens(identifier, token_kind, chain, address, decimals, protocol) VALUES("eip155:137/erc20:0x5F2F8818002dc64753daeDF4A6CB2CcB757CD220", "A", 137, "0x5F2F8818002dc64753daeDF4A6CB2CcB757CD220", 6, ""); INSERT INTO common_asset_details(identifier, symbol, coingecko, cryptocompare, forked, started, swapped_for) VALUES("eip155:137/erc20:0x5F2F8818002dc64753daeDF4A6CB2CcB757CD220", "WSDM", "wisdomise", "WSDM", NULL, 1718403800, NULL);
*
INSERT INTO assets(identifier, name, type) VALUES("eip155:1/erc20:0x66D79B8f60ec93Bfce0b56F5Ac14A2714E509a99", "MAP Protocol", "C"); INSERT INTO evm_tokens(identifier, token_kind, chain, address, decimals, protocol) VALUES("eip155:1/erc20:0x66D79B8f60ec93Bfce0b56F5Ac14A2714E509a99", "A", 1, "0x66D79B8f60ec93Bfce0b56F5Ac14A2714E509a99", 18, ""); INSERT INTO common_asset_details(identifier, symbol, coingecko, cryptocompare, forked, started, swapped_for) VALUES("eip155:1/erc20:0x66D79B8f60ec93Bfce0b56F5Ac14A2714E509a99", "MAPO", "", "", NULL, 1713199091, NULL);
*
INSERT INTO assets(identifier, name, type) VALUES("eip155:56/erc20:0x66D79B8f60ec93Bfce0b56F5Ac14A2714E509a99", "MAP Protocol", "C"); INSERT INTO evm_tokens(identifier, token_kind, chain, address, decimals, protocol) VALUES("eip155:56/erc20:0x66D79B8f60ec93Bfce0b56F5Ac14A2714E509a99", "A", 56, "0x66D79B8f60ec93Bfce0b56F5Ac14A2714E509a99", 18, ""); INSERT INTO common_asset_details(identifier, symbol, coingecko, cryptocompare, forked, started, swapped_for) VALUES("eip155:56/erc20:0x66D79B8f60ec93Bfce0b56F5Ac14A2714E509a99", "MAPO", "", "", NULL, 1718387101, NULL);
*
INSERT INTO assets(identifier, name, type) VALUES("MAPO", "MAP Protocol", "B"); INSERT INTO common_asset_details(identifier, symbol, coingecko, cryptocompare, forked, started, swapped_for) VALUES("MAPO", "MAPO", "marcopolo", "", NULL, 1575849600, NULL);
*
INSERT INTO assets(identifier, name, type) VALUES("BEER", "Beercoin", "Y"); INSERT INTO common_asset_details(identifier, symbol, coingecko, cryptocompare, forked, started, swapped_for) VALUES("BEER", "BEER", "beercoin-2", "BEER", NULL, 1716544990, NULL);
*
INSERT INTO assets(identifier, name, type) VALUES("IO", "io.net", "Y"); INSERT INTO common_asset_details(identifier, symbol, coingecko, cryptocompare, forked, started, swapped_for) VALUES("IO", "IO", "io", "IO", NULL, 1699401600, NULL);
*
INSERT INTO assets(identifier, name, type) VALUES("VENOM", "Venom", "B"); INSERT INTO common_asset_details(identifier, symbol, coingecko, cryptocompare, forked, started, swapped_for) VALUES("VENOM", "VENOM", "venom", "VENOM", NULL, 1711368565, NULL);
*
INSERT INTO assets(identifier, name, type) VALUES("MANEKI", "MANEKI", "Y"); INSERT INTO common_asset_details(identifier, symbol, coingecko, cryptocompare, forked, started, swapped_for) VALUES("MANEKI", "MANEKI", "maneki", "MANEKI", NULL, 1713949406, NULL);
*
INSERT INTO assets(identifier, name, type) VALUES("eip155:1/erc20:0x3Ba925fdeAe6B46d0BB4d424D829982Cb2F7309e", "RabbitX", "C"); INSERT INTO evm_tokens(identifier, token_kind, chain, address, decimals, protocol) VALUES("eip155:1/erc20:0x3Ba925fdeAe6B46d0BB4d424D829982Cb2F7309e", "A", 1, "0x3Ba925fdeAe6B46d0BB4d424D829982Cb2F7309e", 18, ""); INSERT INTO common_asset_details(identifier, symbol, coingecko, cryptocompare, forked, started, swapped_for) VALUES("eip155:1/erc20:0x3Ba925fdeAe6B46d0BB4d424D829982Cb2F7309e", "RBX", "rabbitx", "rbx", NULL, 1682520515, NULL);
*
INSERT INTO assets(identifier, name, type) VALUES("eip155:1/erc20:0x14feE680690900BA0ccCfC76AD70Fd1b95D10e16", "PAAL AI", "C"); INSERT INTO evm_tokens(identifier, token_kind, chain, address, decimals, protocol) VALUES("eip155:1/erc20:0x14feE680690900BA0ccCfC76AD70Fd1b95D10e16", "A", 1, "0x14feE680690900BA0ccCfC76AD70Fd1b95D10e16", 9, ""); INSERT INTO common_asset_details(identifier, symbol, coingecko, cryptocompare, forked, started, swapped_for) VALUES("eip155:1/erc20:0x14feE680690900BA0ccCfC76AD70Fd1b95D10e16", "$PAAL", "paal-ai", "paal", NULL, 1689704435, NULL);
*
INSERT INTO assets(identifier, name, type) VALUES("eip155:1/erc20:0xa0Dd6dd7775E93EB842Db0AA142c9c581031Ed3B", "Mind", "C"); INSERT INTO evm_tokens(identifier, token_kind, chain, address, decimals, protocol) VALUES("eip155:1/erc20:0xa0Dd6dd7775E93EB842Db0AA142c9c581031Ed3B", "A", 1, "0xa0Dd6dd7775E93EB842Db0AA142c9c581031Ed3B", 18, ""); INSERT INTO common_asset_details(identifier, symbol, coingecko, cryptocompare, forked, started, swapped_for) VALUES("eip155:1/erc20:0xa0Dd6dd7775E93EB842Db0AA142c9c581031Ed3B", "MND", "mind-language", "", NULL, 1702034099, NULL);
*
INSERT INTO assets(identifier, name, type) VALUES("eip155:1/erc20:0x423352F2c6E0E72422B69Af03aba259310146d90", "RealityMetaverse", "C"); INSERT INTO evm_tokens(identifier, token_kind, chain, address, decimals, protocol) VALUES("eip155:1/erc20:0x423352F2c6E0E72422B69Af03aba259310146d90", "A", 1, "0x423352F2c6E0E72422B69Af03aba259310146d90", 18, ""); INSERT INTO common_asset_details(identifier, symbol, coingecko, cryptocompare, forked, started, swapped_for) VALUES("eip155:1/erc20:0x423352F2c6E0E72422B69Af03aba259310146d90", "RMV", "reality-metaverse", "rmv", NULL, 1698941867, NULL);
*
INSERT INTO assets(identifier, name, type) VALUES("eip155:137/erc20:0xf0949Dd87D2531D665010d6274F06a357669457a", "RealityMetaverse", "C"); INSERT INTO evm_tokens(identifier, token_kind, chain, address, decimals, protocol) VALUES("eip155:137/erc20:0xf0949Dd87D2531D665010d6274F06a357669457a", "A", 137, "0xf0949Dd87D2531D665010d6274F06a357669457a", 18, ""); INSERT INTO common_asset_details(identifier, symbol, coingecko, cryptocompare, forked, started, swapped_for) VALUES("eip155:137/erc20:0xf0949Dd87D2531D665010d6274F06a357669457a", "RMV", "reality-metaverse", "rmv", NULL, 1718625470, NULL);
*
INSERT INTO assets(identifier, name, type) VALUES("eip155:1/erc20:0xe636f94a71eC52Cc61eF21787aE351AD832347B7", "CreoEngine", "C"); INSERT INTO evm_tokens(identifier, token_kind, chain, address, decimals, protocol) VALUES("eip155:1/erc20:0xe636f94a71eC52Cc61eF21787aE351AD832347B7", "A", 1, "0xe636f94a71eC52Cc61eF21787aE351AD832347B7", 18, ""); INSERT INTO common_asset_details(identifier, symbol, coingecko, cryptocompare, forked, started, swapped_for) VALUES("eip155:1/erc20:0xe636f94a71eC52Cc61eF21787aE351AD832347B7", "CREO", "creo-engine", "creo", NULL, 1712184287, NULL);
*
INSERT INTO assets(identifier, name, type) VALUES("eip155:56/erc20:0x9521728bF66a867BC65A93Ece4a543D817871Eb7", "CreoEngine", "C"); INSERT INTO evm_tokens(identifier, token_kind, chain, address, decimals, protocol) VALUES("eip155:56/erc20:0x9521728bF66a867BC65A93Ece4a543D817871Eb7", "A", 56, "0x9521728bF66a867BC65A93Ece4a543D817871Eb7", 18, ""); INSERT INTO common_asset_details(identifier, symbol, coingecko, cryptocompare, forked, started, swapped_for) VALUES("eip155:56/erc20:0x9521728bF66a867BC65A93Ece4a543D817871Eb7", "CREO", "creo-engine", "creo", NULL, 1718629614, NULL);
*
INSERT INTO assets(identifier, name, type) VALUES("eip155:56/erc20:0x8263CD1601FE73C066bf49cc09841f35348e3be0", "Altura", "C"); INSERT INTO evm_tokens(identifier, token_kind, chain, address, decimals, protocol) VALUES("eip155:56/erc20:0x8263CD1601FE73C066bf49cc09841f35348e3be0", "A", 56, "0x8263CD1601FE73C066bf49cc09841f35348e3be0", 18, ""); INSERT INTO common_asset_details(identifier, symbol, coingecko, cryptocompare, forked, started, swapped_for) VALUES("eip155:56/erc20:0x8263CD1601FE73C066bf49cc09841f35348e3be0", "ALU", "altura", "alu", NULL, 1718630787, NULL);
*
INSERT INTO assets(identifier, name, type) VALUES("eip155:1/erc20:0x8e729198d1C59B82bd6bBa579310C40d740A11C2", "Alvara", "C"); INSERT INTO evm_tokens(identifier, token_kind, chain, address, decimals, protocol) VALUES("eip155:1/erc20:0x8e729198d1C59B82bd6bBa579310C40d740A11C2", "A", 1, "0x8e729198d1C59B82bd6bBa579310C40d740A11C2", 18, ""); INSERT INTO common_asset_details(identifier, symbol, coingecko, cryptocompare, forked, started, swapped_for) VALUES("eip155:1/erc20:0x8e729198d1C59B82bd6bBa579310C40d740A11C2", "ALVA", "alvara-protocol", "alva", NULL, 1708903427, NULL);
*
INSERT INTO assets(identifier, name, type) VALUES("eip155:1/erc20:0x2077D81d0c5258230D5a195233941547cB5f0989", "Trog", "C"); INSERT INTO evm_tokens(identifier, token_kind, chain, address, decimals, protocol) VALUES("eip155:1/erc20:0x2077D81d0c5258230D5a195233941547cB5f0989", "A", 1, "0x2077D81d0c5258230D5a195233941547cB5f0989", 9, ""); INSERT INTO common_asset_details(identifier, symbol, coingecko, cryptocompare, forked, started, swapped_for) VALUES("eip155:1/erc20:0x2077D81d0c5258230D5a195233941547cB5f0989", "TROG", "trog", "", NULL, 1717213811, NULL);
*
INSERT INTO assets(identifier, name, type) VALUES("eip155:1/erc20:0x059956483753947536204e89bfaD909E1a434Cc6", "MLTToken", "C"); INSERT INTO evm_tokens(identifier, token_kind, chain, address, decimals, protocol) VALUES("eip155:1/erc20:0x059956483753947536204e89bfaD909E1a434Cc6", "A", 1, "0x059956483753947536204e89bfaD909E1a434Cc6", 18, ""); INSERT INTO common_asset_details(identifier, symbol, coingecko, cryptocompare, forked, started, swapped_for) VALUES("eip155:1/erc20:0x059956483753947536204e89bfaD909E1a434Cc6", "ML", "mintlayer", "ml", NULL, 1679379983, NULL);
*
INSERT INTO assets(identifier, name, type) VALUES("eip155:56/erc20:0x7bC75e291E656E8658D66Be1cc8154A3769A35Dd", "iMe Lab", "C"); INSERT INTO evm_tokens(identifier, token_kind, chain, address, decimals, protocol) VALUES("eip155:56/erc20:0x7bC75e291E656E8658D66Be1cc8154A3769A35Dd", "A", 56, "0x7bC75e291E656E8658D66Be1cc8154A3769A35Dd", 18, ""); INSERT INTO common_asset_details(identifier, symbol, coingecko, cryptocompare, forked, started, swapped_for) VALUES("eip155:56/erc20:0x7bC75e291E656E8658D66Be1cc8154A3769A35Dd", "LIME", "ime-lab", "lime", NULL, 1718631832, NULL);
*
INSERT INTO assets(identifier, name, type) VALUES("eip155:137/erc20:0x7f67639Ffc8C93dD558d452b8920b28815638c44", "iMe Lab", "C"); INSERT INTO evm_tokens(identifier, token_kind, chain, address, decimals, protocol) VALUES("eip155:137/erc20:0x7f67639Ffc8C93dD558d452b8920b28815638c44", "A", 137, "0x7f67639Ffc8C93dD558d452b8920b28815638c44", 18, ""); INSERT INTO common_asset_details(identifier, symbol, coingecko, cryptocompare, forked, started, swapped_for) VALUES("eip155:137/erc20:0x7f67639Ffc8C93dD558d452b8920b28815638c44", "LIME", "ime-lab", "lime", NULL, 1718618054, NULL);
*
INSERT INTO assets(identifier, name, type) VALUES("eip155:1/erc20:0x382ea807A61a418479318Efd96F1EFbC5c1F2C21", "pepe in a memes world", "C"); INSERT INTO evm_tokens(identifier, token_kind, chain, address, decimals, protocol) VALUES("eip155:1/erc20:0x382ea807A61a418479318Efd96F1EFbC5c1F2C21", "A", 1, "0x382ea807A61a418479318Efd96F1EFbC5c1F2C21", 18, ""); INSERT INTO common_asset_details(identifier, symbol, coingecko, cryptocompare, forked, started, swapped_for) VALUES("eip155:1/erc20:0x382ea807A61a418479318Efd96F1EFbC5c1F2C21", "PEW", "pepe-in-a-memes-world", "", NULL, 1716872975, NULL);
*
INSERT INTO assets(identifier, name, type) VALUES("eip155:137/erc20:0x311434160D7537be358930def317AfB606C0D737", "Nakamoto.Games", "C"); INSERT INTO evm_tokens(identifier, token_kind, chain, address, decimals, protocol) VALUES("eip155:137/erc20:0x311434160D7537be358930def317AfB606C0D737", "A", 137, "0x311434160D7537be358930def317AfB606C0D737", 18, ""); INSERT INTO common_asset_details(identifier, symbol, coingecko, cryptocompare, forked, started, swapped_for) VALUES("eip155:137/erc20:0x311434160D7537be358930def317AfB606C0D737", "NAKA", "nakamoto-games", "naka", NULL, 1718632504, NULL);
*
INSERT INTO assets(identifier, name, type) VALUES("USA", "American Coin", "Y"); INSERT INTO common_asset_details(identifier, symbol, coingecko, cryptocompare, forked, started, swapped_for) VALUES("USA", "USA", "american-coin", "", NULL, 1713071111, NULL);
*
INSERT INTO assets(identifier, name, type) VALUES("SLERF", "Slerf", "Y"); INSERT INTO common_asset_details(identifier, symbol, coingecko, cryptocompare, forked, started, swapped_for) VALUES("SLERF", "SLERF", "slerf", "slerf", NULL, 1710720000, NULL);
*
INSERT INTO assets(identifier, name, type) VALUES("CWIF", "catwifhat", "Y"); INSERT INTO common_asset_details(identifier, symbol, coingecko, cryptocompare, forked, started, swapped_for) VALUES("CWIF", "CWIF", "catwifhat-2", "cwif", NULL, 1707955200, NULL);
*
INSERT INTO assets(identifier, name, type) VALUES("AREA", "Areon Network", "B"); INSERT INTO common_asset_details(identifier, symbol, coingecko, cryptocompare, forked, started, swapped_for) VALUES("AREA", "AREA", "areon-network", "area", NULL, 1674000000, NULL);
*
INSERT INTO assets(identifier, name, type) VALUES("eip155:1/erc20:0x9e20461bc2c4c980f62f1B279D71734207a6A356", "OmniCat", "C"); INSERT INTO evm_tokens(identifier, token_kind, chain, address, decimals, protocol) VALUES("eip155:1/erc20:0x9e20461bc2c4c980f62f1B279D71734207a6A356", "A", 1, "0x9e20461bc2c4c980f62f1B279D71734207a6A356", 18, ""); INSERT INTO common_asset_details(identifier, symbol, coingecko, cryptocompare, forked, started, swapped_for) VALUES("eip155:1/erc20:0x9e20461bc2c4c980f62f1B279D71734207a6A356", "OMNI", "omnicat", "omnic", NULL, 1703128751, NULL);
*
INSERT INTO assets(identifier, name, type) VALUES("eip155:137/erc20:0x9e20461bc2c4c980f62f1B279D71734207a6A356", "OmniCat", "C"); INSERT INTO evm_tokens(identifier, token_kind, chain, address, decimals, protocol) VALUES("eip155:137/erc20:0x9e20461bc2c4c980f62f1B279D71734207a6A356", "A", 137, "0x9e20461bc2c4c980f62f1B279D71734207a6A356", 18, ""); INSERT INTO common_asset_details(identifier, symbol, coingecko, cryptocompare, forked, started, swapped_for) VALUES("eip155:137/erc20:0x9e20461bc2c4c980f62f1B279D71734207a6A356", "OMNI", "omnicat", "omnic", NULL, 1718638471, NULL);
*
INSERT INTO assets(identifier, name, type) VALUES("eip155:42161/erc20:0x9e20461bc2c4c980f62f1B279D71734207a6A356", "OmniCat", "C"); INSERT INTO evm_tokens(identifier, token_kind, chain, address, decimals, protocol) VALUES("eip155:42161/erc20:0x9e20461bc2c4c980f62f1B279D71734207a6A356", "A", 42161, "0x9e20461bc2c4c980f62f1B279D71734207a6A356", 18, ""); INSERT INTO common_asset_details(identifier, symbol, coingecko, cryptocompare, forked, started, swapped_for) VALUES("eip155:42161/erc20:0x9e20461bc2c4c980f62f1B279D71734207a6A356", "OMNI", "omnicat", "omnic", NULL, 1703130850, NULL);
*
INSERT INTO assets(identifier, name, type) VALUES("eip155:8453/erc20:0xC48E605c7b722a57277e087a6170B9E227e5AC0A", "OmniCat", "C"); INSERT INTO evm_tokens(identifier, token_kind, chain, address, decimals, protocol) VALUES("eip155:8453/erc20:0xC48E605c7b722a57277e087a6170B9E227e5AC0A", "A", 8453, "0xC48E605c7b722a57277e087a6170B9E227e5AC0A", 18, ""); INSERT INTO common_asset_details(identifier, symbol, coingecko, cryptocompare, forked, started, swapped_for) VALUES("eip155:8453/erc20:0xC48E605c7b722a57277e087a6170B9E227e5AC0A", "OMNI", "omnicat", "omnic", NULL, 1703130729, NULL);
*
INSERT INTO assets(identifier, name, type) VALUES("eip155:56/erc20:0x9e20461bc2c4c980f62f1B279D71734207a6A356", "OmniCat", "C"); INSERT INTO evm_tokens(identifier, token_kind, chain, address, decimals, protocol) VALUES("eip155:56/erc20:0x9e20461bc2c4c980f62f1B279D71734207a6A356", "A", 56, "0x9e20461bc2c4c980f62f1B279D71734207a6A356", 18, ""); INSERT INTO common_asset_details(identifier, symbol, coingecko, cryptocompare, forked, started, swapped_for) VALUES("eip155:56/erc20:0x9e20461bc2c4c980f62f1B279D71734207a6A356", "OMNI", "omnicat", "omnic", NULL, 1718636429, NULL);
*
INSERT INTO assets(identifier, name, type) VALUES("INTX", "IntentX", "W"); INSERT INTO common_asset_details(identifier, symbol, coingecko, cryptocompare, forked, started, swapped_for) VALUES("INTX", "INTX", "intentx", "", NULL, 1717146281, NULL);
*
INSERT INTO assets(identifier, name, type) VALUES("eip155:8453/erc20:0xC74eA762cF06c9151cE074E6a569a5945b6302E7", "Synthetic USD Coin", "C"); INSERT INTO evm_tokens(identifier, token_kind, chain, address, decimals, protocol) VALUES("eip155:8453/erc20:0xC74eA762cF06c9151cE074E6a569a5945b6302E7", "A", 8453, "0xC74eA762cF06c9151cE074E6a569a5945b6302E7", 18, ""); INSERT INTO common_asset_details(identifier, symbol, coingecko, cryptocompare, forked, started, swapped_for) VALUES("eip155:8453/erc20:0xC74eA762cF06c9151cE074E6a569a5945b6302E7", "sUSDC", "nusd", "susd", NULL, 1702568043, NULL);
*
INSERT INTO assets(identifier, name, type) VALUES("eip155:100/erc20:0x44fA8E6f47987339850636F88629646662444217", "Dai Stablecoin on xDai", "C"); INSERT INTO evm_tokens(identifier, token_kind, chain, address, decimals, protocol) VALUES("eip155:100/erc20:0x44fA8E6f47987339850636F88629646662444217", "A", 100, "0x44fA8E6f47987339850636F88629646662444217", 18, ""); INSERT INTO common_asset_details(identifier, symbol, coingecko, cryptocompare, forked, started, swapped_for) VALUES("eip155:100/erc20:0x44fA8E6f47987339850636F88629646662444217", "DAI", "dai", "dai", NULL, 1597960545, NULL);
*
UPDATE common_asset_details SET started="1699979555", coingecko="ethena-usde", cryptocompare="usde" WHERE identifier="eip155:1/erc20:0x4c9EDD5852cd905f086C759E8383e09bff1E68B3";
INSERT INTO assets(identifier, name, type) VALUES("eip155:1/erc20:0x4c9EDD5852cd905f086C759E8383e09bff1E68B3", "USDe", "C"); INSERT INTO evm_tokens(identifier, token_kind, chain, address, decimals, protocol) VALUES("eip155:1/erc20:0x4c9EDD5852cd905f086C759E8383e09bff1E68B3", "A", 1, "0x4c9EDD5852cd905f086C759E8383e09bff1E68B3", 18, ""); INSERT INTO common_asset_details(identifier, symbol, coingecko, cryptocompare, forked, started, swapped_for) VALUES("eip155:1/erc20:0x4c9EDD5852cd905f086C759E8383e09bff1E68B3", "USDe", "ethena-usde", "usde", NULL, 1699979555, NULL);
INSERT INTO assets(identifier, name, type) VALUES("eip155:56/erc20:0x5d3a1Ff2b6BAb83b63cd9AD0787074081a52ef34", "USDe", "C"); INSERT INTO evm_tokens(identifier, token_kind, chain, address, decimals, protocol) VALUES("eip155:56/erc20:0x5d3a1Ff2b6BAb83b63cd9AD0787074081a52ef34", "A", 56, "0x5d3a1Ff2b6BAb83b63cd9AD0787074081a52ef34", 18, ""); INSERT INTO common_asset_details(identifier, symbol, coingecko, cryptocompare, forked, started, swapped_for) VALUES("eip155:56/erc20:0x5d3a1Ff2b6BAb83b63cd9AD0787074081a52ef34", "USDe", "ethena-usde", "usde", NULL, 1718692006, NULL);
*
INSERT INTO assets(identifier, name, type) VALUES("eip155:10/erc20:0x5d3a1Ff2b6BAb83b63cd9AD0787074081a52ef34", "USDe", "C"); INSERT INTO evm_tokens(identifier, token_kind, chain, address, decimals, protocol) VALUES("eip155:10/erc20:0x5d3a1Ff2b6BAb83b63cd9AD0787074081a52ef34", "A", 10, "0x5d3a1Ff2b6BAb83b63cd9AD0787074081a52ef34", 18, ""); INSERT INTO common_asset_details(identifier, symbol, coingecko, cryptocompare, forked, started, swapped_for) VALUES("eip155:10/erc20:0x5d3a1Ff2b6BAb83b63cd9AD0787074081a52ef34", "USDe", "ethena-usde", "usde", NULL, 1718705903, NULL);
*
INSERT INTO assets(identifier, name, type) VALUES("eip155:42161/erc20:0x5d3a1Ff2b6BAb83b63cd9AD0787074081a52ef34", "USDe", "C"); INSERT INTO evm_tokens(identifier, token_kind, chain, address, decimals, protocol) VALUES("eip155:42161/erc20:0x5d3a1Ff2b6BAb83b63cd9AD0787074081a52ef34", "A", 42161, "0x5d3a1Ff2b6BAb83b63cd9AD0787074081a52ef34", 18, ""); INSERT INTO common_asset_details(identifier, symbol, coingecko, cryptocompare, forked, started, swapped_for) VALUES("eip155:42161/erc20:0x5d3a1Ff2b6BAb83b63cd9AD0787074081a52ef34", "USDe", "ethena-usde", "usde", NULL, 1710118453, NULL);
*
INSERT INTO assets(identifier, name, type) VALUES("eip155:534352/erc20:0x5d3a1Ff2b6BAb83b63cd9AD0787074081a52ef34", "USDe", "C"); INSERT INTO evm_tokens(identifier, token_kind, chain, address, decimals, protocol) VALUES("eip155:534352/erc20:0x5d3a1Ff2b6BAb83b63cd9AD0787074081a52ef34", "A", 534352, "0x5d3a1Ff2b6BAb83b63cd9AD0787074081a52ef34", 18, ""); INSERT INTO common_asset_details(identifier, symbol, coingecko, cryptocompare, forked, started, swapped_for) VALUES("eip155:534352/erc20:0x5d3a1Ff2b6BAb83b63cd9AD0787074081a52ef34", "USDe", "ethena-usde", "usde", NULL, 1710186910, NULL);
*
INSERT INTO assets(identifier, name, type) VALUES("eip155:56/erc20:0xc5f0f7b66764F6ec8C8Dff7BA683102295E16409", "First Digital USD", "C"); INSERT INTO evm_tokens(identifier, token_kind, chain, address, decimals, protocol) VALUES("eip155:56/erc20:0xc5f0f7b66764F6ec8C8Dff7BA683102295E16409", "A", 56, "0xc5f0f7b66764F6ec8C8Dff7BA683102295E16409", 18, ""); INSERT INTO common_asset_details(identifier, symbol, coingecko, cryptocompare, forked, started, swapped_for) VALUES("eip155:56/erc20:0xc5f0f7b66764F6ec8C8Dff7BA683102295E16409", "FDUSD", "first-digital-usd", "fdusd", NULL, 1718708469, NULL);
*
INSERT INTO assets(identifier, name, type) VALUES("eip155:1/erc20:0x9D39A5DE30e57443BfF2A8307A4256c8797A3497", "Staked USDe", "C"); INSERT INTO evm_tokens(identifier, token_kind, chain, address, decimals, protocol) VALUES("eip155:1/erc20:0x9D39A5DE30e57443BfF2A8307A4256c8797A3497", "A", 1, "0x9D39A5DE30e57443BfF2A8307A4256c8797A3497", 18, ""); INSERT INTO common_asset_details(identifier, symbol, coingecko, cryptocompare, forked, started, swapped_for) VALUES("eip155:1/erc20:0x9D39A5DE30e57443BfF2A8307A4256c8797A3497", "sUSDe", "ethena-staked-usde", "susde", NULL, 1699979567, NULL);
*
INSERT INTO assets(identifier, name, type) VALUES("eip155:56/erc20:0x211Cc4DD073734dA055fbF44a2b4667d5E5fE5d2", "Staked USDe", "C"); INSERT INTO evm_tokens(identifier, token_kind, chain, address, decimals, protocol) VALUES("eip155:56/erc20:0x211Cc4DD073734dA055fbF44a2b4667d5E5fE5d2", "A", 56, "0x211Cc4DD073734dA055fbF44a2b4667d5E5fE5d2", 18, ""); INSERT INTO common_asset_details(identifier, symbol, coingecko, cryptocompare, forked, started, swapped_for) VALUES("eip155:56/erc20:0x211Cc4DD073734dA055fbF44a2b4667d5E5fE5d2", "sUSDe", "ethena-staked-usde", "susde", NULL, 1716066802, NULL);
*
INSERT INTO assets(identifier, name, type) VALUES("eip155:10/erc20:0x211Cc4DD073734dA055fbF44a2b4667d5E5fE5d2", "Staked USDe", "C"); INSERT INTO evm_tokens(identifier, token_kind, chain, address, decimals, protocol) VALUES("eip155:10/erc20:0x211Cc4DD073734dA055fbF44a2b4667d5E5fE5d2", "A", 10, "0x211Cc4DD073734dA055fbF44a2b4667d5E5fE5d2", 18, ""); INSERT INTO common_asset_details(identifier, symbol, coingecko, cryptocompare, forked, started, swapped_for) VALUES("eip155:10/erc20:0x211Cc4DD073734dA055fbF44a2b4667d5E5fE5d2", "sUSDe", "ethena-staked-usde", "susde", NULL, 1718379919, NULL);
*
INSERT INTO assets(identifier, name, type) VALUES("eip155:42161/erc20:0x211Cc4DD073734dA055fbF44a2b4667d5E5fE5d2", "Staked USDe", "C"); INSERT INTO evm_tokens(identifier, token_kind, chain, address, decimals, protocol) VALUES("eip155:42161/erc20:0x211Cc4DD073734dA055fbF44a2b4667d5E5fE5d2", "A", 42161, "0x211Cc4DD073734dA055fbF44a2b4667d5E5fE5d2", 18, ""); INSERT INTO common_asset_details(identifier, symbol, coingecko, cryptocompare, forked, started, swapped_for) VALUES("eip155:42161/erc20:0x211Cc4DD073734dA055fbF44a2b4667d5E5fE5d2", "sUSDe", "ethena-staked-usde", "susde", NULL, 1710118556, NULL);
*
UPDATE common_asset_details SET cryptocompare="usdp" WHERE identifier="eip155:1/erc20:0x8E870D67F660D95d5be530380D0eC0bd388289E1";
INSERT INTO assets(identifier, name, type) VALUES("eip155:1/erc20:0x8E870D67F660D95d5be530380D0eC0bd388289E1", "Pax Dollar", "C"); INSERT INTO evm_tokens(identifier, token_kind, chain, address, decimals, protocol) VALUES("eip155:1/erc20:0x8E870D67F660D95d5be530380D0eC0bd388289E1", "A", 1, "0x8E870D67F660D95d5be530380D0eC0bd388289E1", 18, ""); INSERT INTO common_asset_details(identifier, symbol, coingecko, cryptocompare, forked, started, swapped_for) VALUES("eip155:1/erc20:0x8E870D67F660D95d5be530380D0eC0bd388289E1", "PAX", "paxos-standard", "usdp", NULL, 1536420623, NULL);
INSERT INTO assets(identifier, name, type) VALUES("eip155:56/erc20:0xb7F8Cd00C5A06c0537E2aBfF0b58033d02e5E094", "Binance-Peg Paxos Standard", "C"); INSERT INTO evm_tokens(identifier, token_kind, chain, address, decimals, protocol) VALUES("eip155:56/erc20:0xb7F8Cd00C5A06c0537E2aBfF0b58033d02e5E094", "A", 56, "0xb7F8Cd00C5A06c0537E2aBfF0b58033d02e5E094", 18, ""); INSERT INTO common_asset_details(identifier, symbol, coingecko, cryptocompare, forked, started, swapped_for) VALUES("eip155:56/erc20:0xb7F8Cd00C5A06c0537E2aBfF0b58033d02e5E094", "PAX", "paxos-standard", "usdp", NULL, 1718315744, NULL);
*
INSERT INTO assets(identifier, name, type) VALUES("eip155:137/erc20:0xc4Ce1D6F5D98D65eE25Cf85e9F2E9DcFEe6Cb5d6", "Curve.Fi USD Stablecoin", "C"); INSERT INTO evm_tokens(identifier, token_kind, chain, address, decimals, protocol) VALUES("eip155:137/erc20:0xc4Ce1D6F5D98D65eE25Cf85e9F2E9DcFEe6Cb5d6", "A", 137, "0xc4Ce1D6F5D98D65eE25Cf85e9F2E9DcFEe6Cb5d6", 18, ""); INSERT INTO common_asset_details(identifier, symbol, coingecko, cryptocompare, forked, started, swapped_for) VALUES("eip155:137/erc20:0xc4Ce1D6F5D98D65eE25Cf85e9F2E9DcFEe6Cb5d6", "crvUSD", "crvusd", "crvusd", NULL, 1718669922, NULL);
*
INSERT INTO assets(identifier, name, type) VALUES("eip155:10/erc20:0xC52D7F23a2e460248Db6eE192Cb23dD12bDDCbf6", "Curve.Fi USD Stablecoin", "C"); INSERT INTO evm_tokens(identifier, token_kind, chain, address, decimals, protocol) VALUES("eip155:10/erc20:0xC52D7F23a2e460248Db6eE192Cb23dD12bDDCbf6", "A", 10, "0xC52D7F23a2e460248Db6eE192Cb23dD12bDDCbf6", 18, ""); INSERT INTO common_asset_details(identifier, symbol, coingecko, cryptocompare, forked, started, swapped_for) VALUES("eip155:10/erc20:0xC52D7F23a2e460248Db6eE192Cb23dD12bDDCbf6", "crvUSD", "crvusd", "crvusd", NULL, 1718707663, NULL);
*
INSERT INTO assets(identifier, name, type) VALUES("eip155:42161/erc20:0x498Bf2B1e120FeD3ad3D42EA2165E9b73f99C1e5", "Curve.Fi USD Stablecoin", "C"); INSERT INTO evm_tokens(identifier, token_kind, chain, address, decimals, protocol) VALUES("eip155:42161/erc20:0x498Bf2B1e120FeD3ad3D42EA2165E9b73f99C1e5", "A", 42161, "0x498Bf2B1e120FeD3ad3D42EA2165E9b73f99C1e5", 18, ""); INSERT INTO common_asset_details(identifier, symbol, coingecko, cryptocompare, forked, started, swapped_for) VALUES("eip155:42161/erc20:0x498Bf2B1e120FeD3ad3D42EA2165E9b73f99C1e5", "crvUSD", "crvusd", "crvusd", NULL, 1688747633, NULL);
*
INSERT INTO assets(identifier, name, type) VALUES("eip155:8453/erc20:0x417Ac0e078398C154EdFadD9Ef675d30Be60Af93", "Curve.Fi USD Stablecoin", "C"); INSERT INTO evm_tokens(identifier, token_kind, chain, address, decimals, protocol) VALUES("eip155:8453/erc20:0x417Ac0e078398C154EdFadD9Ef675d30Be60Af93", "A", 8453, "0x417Ac0e078398C154EdFadD9Ef675d30Be60Af93", 18, ""); INSERT INTO common_asset_details(identifier, symbol, coingecko, cryptocompare, forked, started, swapped_for) VALUES("eip155:8453/erc20:0x417Ac0e078398C154EdFadD9Ef675d30Be60Af93", "crvUSD", "crvusd", "crvusd", NULL, 1692333409, NULL);
*
INSERT INTO assets(identifier, name, type) VALUES("eip155:100/erc20:0xaBEf652195F98A91E490f047A5006B71c85f058d", "Curve.Fi USD Stablecoin", "C"); INSERT INTO evm_tokens(identifier, token_kind, chain, address, decimals, protocol) VALUES("eip155:100/erc20:0xaBEf652195F98A91E490f047A5006B71c85f058d", "A", 100, "0xaBEf652195F98A91E490f047A5006B71c85f058d", 18, ""); INSERT INTO common_asset_details(identifier, symbol, coingecko, cryptocompare, forked, started, swapped_for) VALUES("eip155:100/erc20:0xaBEf652195F98A91E490f047A5006B71c85f058d", "crvUSD", "crvusd", "crvusd", NULL, 1695784875, NULL);
*
INSERT INTO assets(identifier, name, type) VALUES("eip155:1/erc20:0x5AFFF9876C1F98b7d2b53bCB69EB57e92408319F", "MetaVisa", "C"); INSERT INTO evm_tokens(identifier, token_kind, chain, address, decimals, protocol) VALUES("eip155:1/erc20:0x5AFFF9876C1F98b7d2b53bCB69EB57e92408319F", "A", 1, "0x5AFFF9876C1F98b7d2b53bCB69EB57e92408319F", 18, ""); INSERT INTO common_asset_details(identifier, symbol, coingecko, cryptocompare, forked, started, swapped_for) VALUES("eip155:1/erc20:0x5AFFF9876C1F98b7d2b53bCB69EB57e92408319F", "MESA", "metavisa", "mesa", NULL, 1640329385, NULL);
*
INSERT INTO assets(identifier, name, type) VALUES("eip155:1/erc20:0x2920f7d6134f4669343e70122cA9b8f19Ef8fa5D", "MonoX Token", "C"); INSERT INTO evm_tokens(identifier, token_kind, chain, address, decimals, protocol) VALUES("eip155:1/erc20:0x2920f7d6134f4669343e70122cA9b8f19Ef8fa5D", "A", 1, "0x2920f7d6134f4669343e70122cA9b8f19Ef8fa5D", 18, ""); INSERT INTO common_asset_details(identifier, symbol, coingecko, cryptocompare, forked, started, swapped_for) VALUES("eip155:1/erc20:0x2920f7d6134f4669343e70122cA9b8f19Ef8fa5D", "MONO", "monox", "mono", NULL, 1637308694, NULL);
*
INSERT INTO assets(identifier, name, type) VALUES("eip155:1/erc20:0xbB126042235E6bD38B17744cb31a8bF4A206c045", "fanC Token", "C"); INSERT INTO evm_tokens(identifier, token_kind, chain, address, decimals, protocol) VALUES("eip155:1/erc20:0xbB126042235E6bD38B17744cb31a8bF4A206c045", "A", 1, "0xbB126042235E6bD38B17744cb31a8bF4A206c045", 18, ""); INSERT INTO common_asset_details(identifier, symbol, coingecko, cryptocompare, forked, started, swapped_for) VALUES("eip155:1/erc20:0xbB126042235E6bD38B17744cb31a8bF4A206c045", "FANC", "fanc", "fanc", NULL, 1642409715, NULL);
*
INSERT INTO assets(identifier, name, type) VALUES("eip155:1/erc20:0xdBB7a34Bf10169d6d2D0d02A6cbb436cF4381BFa", "Zentry", "C"); INSERT INTO evm_tokens(identifier, token_kind, chain, address, decimals, protocol) VALUES("eip155:1/erc20:0xdBB7a34Bf10169d6d2D0d02A6cbb436cF4381BFa", "A", 1, "0xdBB7a34Bf10169d6d2D0d02A6cbb436cF4381BFa", 18, ""); INSERT INTO common_asset_details(identifier, symbol, coingecko, cryptocompare, forked, started, swapped_for) VALUES("eip155:1/erc20:0xdBB7a34Bf10169d6d2D0d02A6cbb436cF4381BFa", "ZENT", "zentry", "zent", NULL, 1711223747, NULL);
*
INSERT INTO assets(identifier, name, type) VALUES("eip155:1/erc20:0xdA30f261a962d5AAe94C9ecd170544600d193766", "Orbler", "C"); INSERT INTO evm_tokens(identifier, token_kind, chain, address, decimals, protocol) VALUES("eip155:1/erc20:0xdA30f261a962d5AAe94C9ecd170544600d193766", "A", 1, "0xdA30f261a962d5AAe94C9ecd170544600d193766", 18, ""); INSERT INTO common_asset_details(identifier, symbol, coingecko, cryptocompare, forked, started, swapped_for) VALUES("eip155:1/erc20:0xdA30f261a962d5AAe94C9ecd170544600d193766", "ORBR", "orbler", "orbrorbr", NULL, 1644233545, NULL);
*
INSERT INTO assets(identifier, name, type) VALUES("eip155:1/erc20:0x430EF9263E76DAE63c84292C3409D61c598E9682", "PYR Token", "C"); INSERT INTO evm_tokens(identifier, token_kind, chain, address, decimals, protocol) VALUES("eip155:1/erc20:0x430EF9263E76DAE63c84292C3409D61c598E9682", "A", 1, "0x430EF9263E76DAE63c84292C3409D61c598E9682", 18, ""); INSERT INTO common_asset_details(identifier, symbol, coingecko, cryptocompare, forked, started, swapped_for) VALUES("eip155:1/erc20:0x430EF9263E76DAE63c84292C3409D61c598E9682", "PYR", "vulcan-forged", "pyr", NULL, 1640098645, NULL);
*
INSERT INTO assets(identifier, name, type) VALUES("eip155:10/erc20:0xe453d6649643F1F460C371dC3D1da98F7922fe51", "Fuse Token", "C"); INSERT INTO evm_tokens(identifier, token_kind, chain, address, decimals, protocol) VALUES("eip155:10/erc20:0xe453d6649643F1F460C371dC3D1da98F7922fe51", "A", 10, "0xe453d6649643F1F460C371dC3D1da98F7922fe51", 18, ""); INSERT INTO common_asset_details(identifier, symbol, coingecko, cryptocompare, forked, started, swapped_for) VALUES("eip155:10/erc20:0xe453d6649643F1F460C371dC3D1da98F7922fe51", "FUSE", "fuse-network-token", "fuse", NULL, 1718731455, NULL);
*
INSERT INTO assets(identifier, name, type) VALUES("eip155:42161/erc20:0x6b021b3f68491974bE6D4009fEe61a4e3C708fD6", "Fuse Token", "C"); INSERT INTO evm_tokens(identifier, token_kind, chain, address, decimals, protocol) VALUES("eip155:42161/erc20:0x6b021b3f68491974bE6D4009fEe61a4e3C708fD6", "A", 42161, "0x6b021b3f68491974bE6D4009fEe61a4e3C708fD6", 18, ""); INSERT INTO common_asset_details(identifier, symbol, coingecko, cryptocompare, forked, started, swapped_for) VALUES("eip155:42161/erc20:0x6b021b3f68491974bE6D4009fEe61a4e3C708fD6", "FUSE", "fuse-network-token", "fuse", NULL, 1693141538, NULL);
*
INSERT INTO assets(identifier, name, type) VALUES("eip155:137/erc20:0x6b021b3f68491974bE6D4009fEe61a4e3C708fD6", "Fuse Token", "C"); INSERT INTO evm_tokens(identifier, token_kind, chain, address, decimals, protocol) VALUES("eip155:137/erc20:0x6b021b3f68491974bE6D4009fEe61a4e3C708fD6", "A", 137, "0x6b021b3f68491974bE6D4009fEe61a4e3C708fD6", 18, ""); INSERT INTO common_asset_details(identifier, symbol, coingecko, cryptocompare, forked, started, swapped_for) VALUES("eip155:137/erc20:0x6b021b3f68491974bE6D4009fEe61a4e3C708fD6", "FUSE", "fuse-network-token", "fuse", NULL, 1718728762, NULL);
*
INSERT INTO assets(identifier, name, type) VALUES("eip155:100/erc20:0xD589F00Fa2Eb83367f732AB3CDA92eE0940389cF", "Fuse Token", "C"); INSERT INTO evm_tokens(identifier, token_kind, chain, address, decimals, protocol) VALUES("eip155:100/erc20:0xD589F00Fa2Eb83367f732AB3CDA92eE0940389cF", "A", 100, "0xD589F00Fa2Eb83367f732AB3CDA92eE0940389cF", 18, ""); INSERT INTO common_asset_details(identifier, symbol, coingecko, cryptocompare, forked, started, swapped_for) VALUES("eip155:100/erc20:0xD589F00Fa2Eb83367f732AB3CDA92eE0940389cF", "FUSE", "fuse-network-token", "fuse", NULL, 1693141360, NULL);
*
INSERT INTO assets(identifier, name, type) VALUES("eip155:56/erc20:0x5e7f472B9481C80101b22D0bA4ef4253Aa61daBc", "Mudol2 Token", "C"); INSERT INTO evm_tokens(identifier, token_kind, chain, address, decimals, protocol) VALUES("eip155:56/erc20:0x5e7f472B9481C80101b22D0bA4ef4253Aa61daBc", "A", 56, "0x5e7f472B9481C80101b22D0bA4ef4253Aa61daBc", 18, ""); INSERT INTO common_asset_details(identifier, symbol, coingecko, cryptocompare, forked, started, swapped_for) VALUES("eip155:56/erc20:0x5e7f472B9481C80101b22D0bA4ef4253Aa61daBc", "MUDOL2", "hero-blaze-three-kingdoms", "mudol2", NULL, 1718801265, NULL);
*
INSERT INTO assets(identifier, name, type) VALUES("eip155:56/erc20:0x22b4fA9a13A0D303Ad258Ee6D62A6ac60364B0C9", "Big Pump", "C"); INSERT INTO evm_tokens(identifier, token_kind, chain, address, decimals, protocol) VALUES("eip155:56/erc20:0x22b4fA9a13A0D303Ad258Ee6D62A6ac60364B0C9", "A", 56, "0x22b4fA9a13A0D303Ad258Ee6D62A6ac60364B0C9", 18, ""); INSERT INTO common_asset_details(identifier, symbol, coingecko, cryptocompare, forked, started, swapped_for) VALUES("eip155:56/erc20:0x22b4fA9a13A0D303Ad258Ee6D62A6ac60364B0C9", "PUMP", "big-pump", "mudol2", NULL, 1718798283, NULL);
*
INSERT INTO assets(identifier, name, type) VALUES("eip155:56/erc20:0x837656c3f5858692cCdce13BA66e09d2685073df", "INTOVERSE TOKEN", "C"); INSERT INTO evm_tokens(identifier, token_kind, chain, address, decimals, protocol) VALUES("eip155:56/erc20:0x837656c3f5858692cCdce13BA66e09d2685073df", "A", 56, "0x837656c3f5858692cCdce13BA66e09d2685073df", 18, ""); INSERT INTO common_asset_details(identifier, symbol, coingecko, cryptocompare, forked, started, swapped_for) VALUES("eip155:56/erc20:0x837656c3f5858692cCdce13BA66e09d2685073df", "TOX", "intoverse", "tox", NULL, 1718801391, NULL);
*
INSERT INTO assets(identifier, name, type) VALUES("eip155:56/erc20:0x4b8285aB433D8f69CB48d5Ad62b415ed1a221e4f", "MagicCraft", "C"); INSERT INTO evm_tokens(identifier, token_kind, chain, address, decimals, protocol) VALUES("eip155:56/erc20:0x4b8285aB433D8f69CB48d5Ad62b415ed1a221e4f", "A", 56, "0x4b8285aB433D8f69CB48d5Ad62b415ed1a221e4f", 9, ""); INSERT INTO common_asset_details(identifier, symbol, coingecko, cryptocompare, forked, started, swapped_for) VALUES("eip155:56/erc20:0x4b8285aB433D8f69CB48d5Ad62b415ed1a221e4f", "MCRT", "magiccraft", "mcrt", NULL, 1718797899, NULL);
*
INSERT INTO assets(identifier, name, type) VALUES("eip155:1/erc20:0xde16Ce60804a881e9F8c4eBB3824646EDecd478D", "MagicCraft", "C"); INSERT INTO evm_tokens(identifier, token_kind, chain, address, decimals, protocol) VALUES("eip155:1/erc20:0xde16Ce60804a881e9F8c4eBB3824646EDecd478D", "A", 1, "0xde16Ce60804a881e9F8c4eBB3824646EDecd478D", 9, ""); INSERT INTO common_asset_details(identifier, symbol, coingecko, cryptocompare, forked, started, swapped_for) VALUES("eip155:1/erc20:0xde16Ce60804a881e9F8c4eBB3824646EDecd478D", "MCRT", "magiccraft", "mcrt", NULL, 1659349216, NULL);
*
INSERT INTO assets(identifier, name, type) VALUES("eip155:56/erc20:0x3a599e584075065eAAAc768D75EaEf85c2f2fF64", "Frutti Dino", "C"); INSERT INTO evm_tokens(identifier, token_kind, chain, address, decimals, protocol) VALUES("eip155:56/erc20:0x3a599e584075065eAAAc768D75EaEf85c2f2fF64", "A", 56, "0x3a599e584075065eAAAc768D75EaEf85c2f2fF64", 18, ""); INSERT INTO common_asset_details(identifier, symbol, coingecko, cryptocompare, forked, started, swapped_for) VALUES("eip155:56/erc20:0x3a599e584075065eAAAc768D75EaEf85c2f2fF64", "FDT", "frutti-dino", "fdt", NULL, 1718787179, NULL);
*
INSERT INTO assets(identifier, name, type) VALUES("eip155:56/erc20:0xda8929a6338F408CC78c1845FB4F71BfFd2cFCfb", "Hillstone.Finance", "C"); INSERT INTO evm_tokens(identifier, token_kind, chain, address, decimals, protocol) VALUES("eip155:56/erc20:0xda8929a6338F408CC78c1845FB4F71BfFd2cFCfb", "A", 56, "0xda8929a6338F408CC78c1845FB4F71BfFd2cFCfb", 18, ""); INSERT INTO common_asset_details(identifier, symbol, coingecko, cryptocompare, forked, started, swapped_for) VALUES("eip155:56/erc20:0xda8929a6338F408CC78c1845FB4F71BfFd2cFCfb", "HSF", "hillstone", "hsf", NULL, 1718494377, NULL);
*
INSERT INTO assets(identifier, name, type) VALUES("eip155:1/erc20:0xbA6B0dbb2bA8dAA8F5D6817946393Aef8D3A4487", "Hillstone.Finance", "C"); INSERT INTO evm_tokens(identifier, token_kind, chain, address, decimals, protocol) VALUES("eip155:1/erc20:0xbA6B0dbb2bA8dAA8F5D6817946393Aef8D3A4487", "A", 1, "0xbA6B0dbb2bA8dAA8F5D6817946393Aef8D3A4487", 18, ""); INSERT INTO common_asset_details(identifier, symbol, coingecko, cryptocompare, forked, started, swapped_for) VALUES("eip155:1/erc20:0xbA6B0dbb2bA8dAA8F5D6817946393Aef8D3A4487", "HSF", "hillstone", "hsf", NULL, 1625209327, NULL);
*
INSERT INTO assets(identifier, name, type) VALUES("eip155:8453/erc20:0x18dD5B087bCA9920562aFf7A0199b96B9230438b", "Propy", "C"); INSERT INTO evm_tokens(identifier, token_kind, chain, address, decimals, protocol) VALUES("eip155:8453/erc20:0x18dD5B087bCA9920562aFf7A0199b96B9230438b", "A", 8453, "0x18dD5B087bCA9920562aFf7A0199b96B9230438b", 8, ""); INSERT INTO common_asset_details(identifier, symbol, coingecko, cryptocompare, forked, started, swapped_for) VALUES("eip155:8453/erc20:0x18dD5B087bCA9920562aFf7A0199b96B9230438b", "PRO", "propy", "pro", NULL, 1705055187, NULL);
*
INSERT INTO assets(identifier, name, type) VALUES("eip155:1/erc20:0xb9f599ce614Feb2e1BBe58F180F370D05b39344E", "PepeFork", "C"); INSERT INTO evm_tokens(identifier, token_kind, chain, address, decimals, protocol) VALUES("eip155:1/erc20:0xb9f599ce614Feb2e1BBe58F180F370D05b39344E", "A", 1, "0xb9f599ce614Feb2e1BBe58F180F370D05b39344E", 18, ""); INSERT INTO common_asset_details(identifier, symbol, coingecko, cryptocompare, forked, started, swapped_for) VALUES("eip155:1/erc20:0xb9f599ce614Feb2e1BBe58F180F370D05b39344E", "PORK", "pepefork", "pork", NULL, 1706592167, NULL);
*
INSERT INTO assets(identifier, name, type) VALUES("eip155:56/erc20:0xF700D4c708C2be1463E355F337603183D20E0808", "Galactic Quadrant", "C"); INSERT INTO evm_tokens(identifier, token_kind, chain, address, decimals, protocol) VALUES("eip155:56/erc20:0xF700D4c708C2be1463E355F337603183D20E0808", "A", 56, "0xF700D4c708C2be1463E355F337603183D20E0808", 18, ""); INSERT INTO common_asset_details(identifier, symbol, coingecko, cryptocompare, forked, started, swapped_for) VALUES("eip155:56/erc20:0xF700D4c708C2be1463E355F337603183D20E0808", "GQ", "outer-ring", "gq", NULL, 1718795403, NULL);
*
INSERT INTO assets(identifier, name, type) VALUES("BNSX", "Bitcoin Name Service System", "W"); INSERT INTO common_asset_details(identifier, symbol, coingecko, cryptocompare, forked, started, swapped_for) VALUES("BNSX", "BNSX", "bitcoin-name-service-system", "bnsx", NULL, 1702857600, NULL);
*
INSERT INTO assets(identifier, name, type) VALUES("NEW", "Newton Project", "W"); INSERT INTO common_asset_details(identifier, symbol, coingecko, cryptocompare, forked, started, swapped_for) VALUES("NEW", "NEW", "newton-project", "new", NULL, 1555545600, NULL);
*
INSERT INTO assets(identifier, name, type) VALUES("PIZZA", "Pizza (BRC-20)", "W"); INSERT INTO common_asset_details(identifier, symbol, coingecko, cryptocompare, forked, started, swapped_for) VALUES("PIZZA", "PIZZA", "pizza-brc20", "new", NULL, 1555545600, NULL);
*
INSERT INTO assets(identifier, name, type) VALUES("UNQ", "Unique Network", "W"); INSERT INTO common_asset_details(identifier, symbol, coingecko, cryptocompare, forked, started, swapped_for) VALUES("UNQ", "UNQ", "unique-network", "new", NULL, 1669852800, NULL);
*
INSERT INTO assets(identifier, name, type) VALUES("eip155:56/erc20:0x62891201468A517EeEc00FE72f33595a3F9047eE", "HYPE", "C"); INSERT INTO evm_tokens(identifier, token_kind, chain, address, decimals, protocol) VALUES("eip155:56/erc20:0x62891201468A517EeEc00FE72f33595a3F9047eE", "A", 56, "0x62891201468A517EeEc00FE72f33595a3F9047eE", 18, ""); INSERT INTO common_asset_details(identifier, symbol, coingecko, cryptocompare, forked, started, swapped_for) VALUES("eip155:56/erc20:0x62891201468A517EeEc00FE72f33595a3F9047eE", "HYPE", "supreme-finance", "hypes", NULL, 1718342755, NULL);
*
INSERT INTO assets(identifier, name, type) VALUES("eip155:1/erc20:0xD29DA236dd4AAc627346e1bBa06A619E8c22d7C5", "MAGA", "C"); INSERT INTO evm_tokens(identifier, token_kind, chain, address, decimals, protocol) VALUES("eip155:1/erc20:0xD29DA236dd4AAc627346e1bBa06A619E8c22d7C5", "A", 1, "0xD29DA236dd4AAc627346e1bBa06A619E8c22d7C5", 9, ""); INSERT INTO common_asset_details(identifier, symbol, coingecko, cryptocompare, forked, started, swapped_for) VALUES("eip155:1/erc20:0xD29DA236dd4AAc627346e1bBa06A619E8c22d7C5", "MAGA", "maga-hat", "maga", NULL, 1715868347, NULL);
*
INSERT INTO assets(identifier, name, type) VALUES("eip155:1/erc20:0x22987407FD1fC5A971e3FDA3B3e74C88666cDa91", "Smart Reward Token", "C"); INSERT INTO evm_tokens(identifier, token_kind, chain, address, decimals, protocol) VALUES("eip155:1/erc20:0x22987407FD1fC5A971e3FDA3B3e74C88666cDa91", "A", 1, "0x22987407FD1fC5A971e3FDA3B3e74C88666cDa91", 18, ""); INSERT INTO common_asset_details(identifier, symbol, coingecko, cryptocompare, forked, started, swapped_for) VALUES("eip155:1/erc20:0x22987407FD1fC5A971e3FDA3B3e74C88666cDa91", "SRT", "smart-reward-token", "srt", NULL, 1641362962, NULL);
*
INSERT INTO assets(identifier, name, type) VALUES("eip155:1/erc20:0x823556202e86763853b40e9cDE725f412e294689", "Altered State Machine Utility Token", "C"); INSERT INTO evm_tokens(identifier, token_kind, chain, address, decimals, protocol) VALUES("eip155:1/erc20:0x823556202e86763853b40e9cDE725f412e294689", "A", 1, "0x823556202e86763853b40e9cDE725f412e294689", 18, ""); INSERT INTO common_asset_details(identifier, symbol, coingecko, cryptocompare, forked, started, swapped_for) VALUES("eip155:1/erc20:0x823556202e86763853b40e9cDE725f412e294689", "ASTO", "altered-state-token", "asto", NULL, 1646189509, NULL);
*
INSERT INTO assets(identifier, name, type) VALUES("eip155:1/erc20:0x3E2c956b4Ab4807B2f942235c9074d9BD069e9f0", "IPVERSE", "C"); INSERT INTO evm_tokens(identifier, token_kind, chain, address, decimals, protocol) VALUES("eip155:1/erc20:0x3E2c956b4Ab4807B2f942235c9074d9BD069e9f0", "A", 1, "0x3E2c956b4Ab4807B2f942235c9074d9BD069e9f0", 18, ""); INSERT INTO common_asset_details(identifier, symbol, coingecko, cryptocompare, forked, started, swapped_for) VALUES("eip155:1/erc20:0x3E2c956b4Ab4807B2f942235c9074d9BD069e9f0", "IPV", "ipverse", "ipv", NULL, 1670231543, NULL);
*
INSERT INTO assets(identifier, name, type) VALUES("eip155:56/erc20:0x121235cfF4c59EEC80b14c1d38B44e7de3A18287", "DarkShield", "C"); INSERT INTO evm_tokens(identifier, token_kind, chain, address, decimals, protocol) VALUES("eip155:56/erc20:0x121235cfF4c59EEC80b14c1d38B44e7de3A18287", "A", 56, "0x121235cfF4c59EEC80b14c1d38B44e7de3A18287", 18, ""); INSERT INTO common_asset_details(identifier, symbol, coingecko, cryptocompare, forked, started, swapped_for) VALUES("eip155:56/erc20:0x121235cfF4c59EEC80b14c1d38B44e7de3A18287", "DKS", "darkshield", "dks", NULL, 1718804664, NULL);
*
INSERT INTO assets(identifier, name, type) VALUES("eip155:1/erc20:0xBBBbbBBB46A1dA0F0C3F64522c275BAA4C332636", "ZKBase", "C"); INSERT INTO evm_tokens(identifier, token_kind, chain, address, decimals, protocol) VALUES("eip155:1/erc20:0xBBBbbBBB46A1dA0F0C3F64522c275BAA4C332636", "A", 1, "0xBBBbbBBB46A1dA0F0C3F64522c275BAA4C332636", 18, ""); INSERT INTO common_asset_details(identifier, symbol, coingecko, cryptocompare, forked, started, swapped_for) VALUES("eip155:1/erc20:0xBBBbbBBB46A1dA0F0C3F64522c275BAA4C332636", "ZKB", "zkspace", "zks", NULL, 1703844923, NULL);
*
INSERT INTO assets(identifier, name, type) VALUES("eip155:1/erc20:0x3A0b022f32b3191D44E5847da12dc0B63fb07C91", "SPELLFIRE Token", "C"); INSERT INTO evm_tokens(identifier, token_kind, chain, address, decimals, protocol) VALUES("eip155:1/erc20:0x3A0b022f32b3191D44E5847da12dc0B63fb07C91", "A", 1, "0x3A0b022f32b3191D44E5847da12dc0B63fb07C91", 18, ""); INSERT INTO common_asset_details(identifier, symbol, coingecko, cryptocompare, forked, started, swapped_for) VALUES("eip155:1/erc20:0x3A0b022f32b3191D44E5847da12dc0B63fb07C91", "SPELLFIRE", "spellfire", "spellfire", NULL, 1641941921, NULL);
*
INSERT INTO assets(identifier, name, type) VALUES("eip155:56/erc20:0xd6F28f15A5CaFc8d29556393c08177124B88de0D", "SPELLFIRE Token [via ChainPort.io]", "C"); INSERT INTO evm_tokens(identifier, token_kind, chain, address, decimals, protocol) VALUES("eip155:56/erc20:0xd6F28f15A5CaFc8d29556393c08177124B88de0D", "A", 56, "0xd6F28f15A5CaFc8d29556393c08177124B88de0D", 18, ""); INSERT INTO common_asset_details(identifier, symbol, coingecko, cryptocompare, forked, started, swapped_for) VALUES("eip155:56/erc20:0xd6F28f15A5CaFc8d29556393c08177124B88de0D", "SPELLFIRE", "spellfire", "spellfire", NULL, 1718732270, NULL);
*
INSERT INTO assets(identifier, name, type) VALUES("eip155:1/erc20:0x544c42fBB96B39B21DF61cf322b5EDC285EE7429", "InsurAce", "C"); INSERT INTO evm_tokens(identifier, token_kind, chain, address, decimals, protocol) VALUES("eip155:1/erc20:0x544c42fBB96B39B21DF61cf322b5EDC285EE7429", "A", 1, "0x544c42fBB96B39B21DF61cf322b5EDC285EE7429", 18, ""); INSERT INTO common_asset_details(identifier, symbol, coingecko, cryptocompare, forked, started, swapped_for) VALUES("eip155:1/erc20:0x544c42fBB96B39B21DF61cf322b5EDC285EE7429", "INSUR", "insurace", "insur", NULL, 1614855378, NULL);
*
INSERT INTO assets(identifier, name, type) VALUES("eip155:137/erc20:0x8a0e8b4b0903929f47C3ea30973940D4a9702067", "InsurAce", "C"); INSERT INTO evm_tokens(identifier, token_kind, chain, address, decimals, protocol) VALUES("eip155:137/erc20:0x8a0e8b4b0903929f47C3ea30973940D4a9702067", "A", 137, "0x8a0e8b4b0903929f47C3ea30973940D4a9702067", 18, ""); INSERT INTO common_asset_details(identifier, symbol, coingecko, cryptocompare, forked, started, swapped_for) VALUES("eip155:137/erc20:0x8a0e8b4b0903929f47C3ea30973940D4a9702067", "INSUR", "insurace", "insur", NULL, 1718596613, NULL);
*
INSERT INTO assets(identifier, name, type) VALUES("eip155:56/erc20:0x3192CCDdf1CDcE4Ff055EbC80f3F0231b86A7E30", "Bsc-Peg INSUR Token", "C"); INSERT INTO evm_tokens(identifier, token_kind, chain, address, decimals, protocol) VALUES("eip155:56/erc20:0x3192CCDdf1CDcE4Ff055EbC80f3F0231b86A7E30", "A", 56, "0x3192CCDdf1CDcE4Ff055EbC80f3F0231b86A7E30", 18, ""); INSERT INTO common_asset_details(identifier, symbol, coingecko, cryptocompare, forked, started, swapped_for) VALUES("eip155:56/erc20:0x3192CCDdf1CDcE4Ff055EbC80f3F0231b86A7E30", "INSUR", "insurace", "insur", NULL, 1718777685, NULL);
*
INSERT INTO assets(identifier, name, type) VALUES("eip155:1/erc20:0x69A1e699f562D7Af66Fc6cc473d99f4430C3AcD2", "Param", "C"); INSERT INTO evm_tokens(identifier, token_kind, chain, address, decimals, protocol) VALUES("eip155:1/erc20:0x69A1e699f562D7Af66Fc6cc473d99f4430C3AcD2", "A", 1, "0x69A1e699f562D7Af66Fc6cc473d99f4430C3AcD2", 18, ""); INSERT INTO common_asset_details(identifier, symbol, coingecko, cryptocompare, forked, started, swapped_for) VALUES("eip155:1/erc20:0x69A1e699f562D7Af66Fc6cc473d99f4430C3AcD2", "PARAM", "param", "param", NULL, 1711016099, NULL);
*
INSERT INTO assets(identifier, name, type) VALUES("eip155:1/erc20:0x8E964e35A76103Af4C7D7318e1B1a82c682ae296", "Fellaz Token", "C"); INSERT INTO evm_tokens(identifier, token_kind, chain, address, decimals, protocol) VALUES("eip155:1/erc20:0x8E964e35A76103Af4C7D7318e1B1a82c682ae296", "A", 1, "0x8E964e35A76103Af4C7D7318e1B1a82c682ae296", 18, ""); INSERT INTO common_asset_details(identifier, symbol, coingecko, cryptocompare, forked, started, swapped_for) VALUES("eip155:1/erc20:0x8E964e35A76103Af4C7D7318e1B1a82c682ae296", "FLZ", "fellaz", "flz", NULL, 1647936801, NULL);
*
INSERT INTO assets(identifier, name, type) VALUES("eip155:1/erc20:0xF5cFBC74057C610c8EF151A439252680AC68c6DC", "Octopus Network Token", "C"); INSERT INTO evm_tokens(identifier, token_kind, chain, address, decimals, protocol) VALUES("eip155:1/erc20:0xF5cFBC74057C610c8EF151A439252680AC68c6DC", "A", 1, "0xF5cFBC74057C610c8EF151A439252680AC68c6DC", 18, ""); INSERT INTO common_asset_details(identifier, symbol, coingecko, cryptocompare, forked, started, swapped_for) VALUES("eip155:1/erc20:0xF5cFBC74057C610c8EF151A439252680AC68c6DC", "OCT", "octopus-network", "oct", NULL, 1628580363, NULL);
*
INSERT INTO assets(identifier, name, type) VALUES("eip155:1/erc20:0x1cCF27211e8bf052f6255329ed641B4E94E80603", "meta baby", "C"); INSERT INTO evm_tokens(identifier, token_kind, chain, address, decimals, protocol) VALUES("eip155:1/erc20:0x1cCF27211e8bf052f6255329ed641B4E94E80603", "A", 1, "0x1cCF27211e8bf052f6255329ed641B4E94E80603", 18, ""); INSERT INTO common_asset_details(identifier, symbol, coingecko, cryptocompare, forked, started, swapped_for) VALUES("eip155:1/erc20:0x1cCF27211e8bf052f6255329ed641B4E94E80603", "BABY", "metababy", "", NULL, 1660618389, NULL);
*
INSERT INTO assets(identifier, name, type) VALUES("eip155:1/erc20:0x71Fc1F555a39E0B698653AB0b475488EC3c34D57", "Rainmaker Games", "C"); INSERT INTO evm_tokens(identifier, token_kind, chain, address, decimals, protocol) VALUES("eip155:1/erc20:0x71Fc1F555a39E0B698653AB0b475488EC3c34D57", "A", 1, "0x71Fc1F555a39E0B698653AB0b475488EC3c34D57", 18, ""); INSERT INTO common_asset_details(identifier, symbol, coingecko, cryptocompare, forked, started, swapped_for) VALUES("eip155:1/erc20:0x71Fc1F555a39E0B698653AB0b475488EC3c34D57", "RAIN", "rainmaker-games", "rain", NULL, 1639584876, NULL);
*
INSERT INTO assets(identifier, name, type) VALUES("eip155:56/erc20:0x6Bcd897D4BA5675F860C7418ddc034f6c5610114", "Rainmaker Games", "C"); INSERT INTO evm_tokens(identifier, token_kind, chain, address, decimals, protocol) VALUES("eip155:56/erc20:0x6Bcd897D4BA5675F860C7418ddc034f6c5610114", "A", 56, "0x6Bcd897D4BA5675F860C7418ddc034f6c5610114", 18, ""); INSERT INTO common_asset_details(identifier, symbol, coingecko, cryptocompare, forked, started, swapped_for) VALUES("eip155:56/erc20:0x6Bcd897D4BA5675F860C7418ddc034f6c5610114", "RAIN", "rainmaker-games", "rain", NULL, 1718780218, NULL);
*
INSERT INTO assets(identifier, name, type) VALUES("eip155:1/erc20:0xb06B8186cc008A79FD6722B1eefad07c14E97dA0", "sign", "C"); INSERT INTO evm_tokens(identifier, token_kind, chain, address, decimals, protocol) VALUES("eip155:1/erc20:0xb06B8186cc008A79FD6722B1eefad07c14E97dA0", "A", 1, "0xb06B8186cc008A79FD6722B1eefad07c14E97dA0", 18, ""); INSERT INTO common_asset_details(identifier, symbol, coingecko, cryptocompare, forked, started, swapped_for) VALUES("eip155:1/erc20:0xb06B8186cc008A79FD6722B1eefad07c14E97dA0", "SIGN", "sign", "sign", NULL, 1654991188, NULL);
*
INSERT INTO assets(identifier, name, type) VALUES("eip155:1/erc20:0x88800092fF476844f74dC2FC427974BBee2794Ae", "Ambire Wallet", "C"); INSERT INTO evm_tokens(identifier, token_kind, chain, address, decimals, protocol) VALUES("eip155:1/erc20:0x88800092fF476844f74dC2FC427974BBee2794Ae", "A", 1, "0x88800092fF476844f74dC2FC427974BBee2794Ae", 18, ""); INSERT INTO common_asset_details(identifier, symbol, coingecko, cryptocompare, forked, started, swapped_for) VALUES("eip155:1/erc20:0x88800092fF476844f74dC2FC427974BBee2794Ae", "WALLET", "ambire-wallet", "wallet", NULL, 1643281194, NULL);
*
INSERT INTO assets(identifier, name, type) VALUES("eip155:8453/erc20:0x0BbbEad62f7647AE8323d2cb243A0DB74B7C2b80", "Ambire Wallet", "C"); INSERT INTO evm_tokens(identifier, token_kind, chain, address, decimals, protocol) VALUES("eip155:8453/erc20:0x0BbbEad62f7647AE8323d2cb243A0DB74B7C2b80", "A", 8453, "0x0BbbEad62f7647AE8323d2cb243A0DB74B7C2b80", 18, ""); INSERT INTO common_asset_details(identifier, symbol, coingecko, cryptocompare, forked, started, swapped_for) VALUES("eip155:8453/erc20:0x0BbbEad62f7647AE8323d2cb243A0DB74B7C2b80", "WALLET", "ambire-wallet", "wallet", NULL, 1714033069, NULL);
*
INSERT INTO assets(identifier, name, type) VALUES("eip155:137/erc20:0x564906ec1DF8399F00e4ad32c0eCAC0404a27A1c", "Ambire Wallet", "C"); INSERT INTO evm_tokens(identifier, token_kind, chain, address, decimals, protocol) VALUES("eip155:137/erc20:0x564906ec1DF8399F00e4ad32c0eCAC0404a27A1c", "A", 137, "0x564906ec1DF8399F00e4ad32c0eCAC0404a27A1c", 18, ""); INSERT INTO common_asset_details(identifier, symbol, coingecko, cryptocompare, forked, started, swapped_for) VALUES("eip155:137/erc20:0x564906ec1DF8399F00e4ad32c0eCAC0404a27A1c", "WALLET", "ambire-wallet", "wallet", NULL, 1718578434, NULL);
*
INSERT INTO assets(identifier, name, type) VALUES("eip155:1/erc20:0x3EF389f264e07fFF3106A3926F2a166d1393086F", "Sator", "C"); INSERT INTO evm_tokens(identifier, token_kind, chain, address, decimals, protocol) VALUES("eip155:1/erc20:0x3EF389f264e07fFF3106A3926F2a166d1393086F", "A", 1, "0x3EF389f264e07fFF3106A3926F2a166d1393086F", 9, ""); INSERT INTO common_asset_details(identifier, symbol, coingecko, cryptocompare, forked, started, swapped_for) VALUES("eip155:1/erc20:0x3EF389f264e07fFF3106A3926F2a166d1393086F", "SAO", "sator", "sao", NULL, 1634895183, NULL);
*
INSERT INTO assets(identifier, name, type) VALUES("eip155:1/erc20:0x2a9bDCFF37aB68B95A53435ADFd8892e86084F93", "Alpha Quark Token", "C"); INSERT INTO evm_tokens(identifier, token_kind, chain, address, decimals, protocol) VALUES("eip155:1/erc20:0x2a9bDCFF37aB68B95A53435ADFd8892e86084F93", "A", 1, "0x2a9bDCFF37aB68B95A53435ADFd8892e86084F93", 18, ""); INSERT INTO common_asset_details(identifier, symbol, coingecko, cryptocompare, forked, started, swapped_for) VALUES("eip155:1/erc20:0x2a9bDCFF37aB68B95A53435ADFd8892e86084F93", "AQT", "alpha-quark-token", "aqt", NULL, 1600912772, NULL);
*
INSERT INTO assets(identifier, name, type) VALUES("eip155:1/erc20:0x968Cbe62c830A0Ccf4381614662398505657A2A9", "Thrupenny", "C"); INSERT INTO evm_tokens(identifier, token_kind, chain, address, decimals, protocol) VALUES("eip155:1/erc20:0x968Cbe62c830A0Ccf4381614662398505657A2A9", "A", 1, "0x968Cbe62c830A0Ccf4381614662398505657A2A9", 8, ""); INSERT INTO common_asset_details(identifier, symbol, coingecko, cryptocompare, forked, started, swapped_for) VALUES("eip155:1/erc20:0x968Cbe62c830A0Ccf4381614662398505657A2A9", "TPY", "thrupenny", "tpy", NULL, 1645020881, NULL);
*
INSERT INTO assets(identifier, name, type) VALUES("eip155:1/erc20:0xb3Cb8d5AEFF0F4d1f432f353309f47b885E404E3", "MEVerse", "C"); INSERT INTO evm_tokens(identifier, token_kind, chain, address, decimals, protocol) VALUES("eip155:1/erc20:0xb3Cb8d5AEFF0F4d1f432f353309f47b885E404E3", "A", 1, "0xb3Cb8d5AEFF0F4d1f432f353309f47b885E404E3", 18, ""); INSERT INTO common_asset_details(identifier, symbol, coingecko, cryptocompare, forked, started, swapped_for) VALUES("eip155:1/erc20:0xb3Cb8d5AEFF0F4d1f432f353309f47b885E404E3", "MEV", "meverse", "mev", NULL, 1642506728, NULL);
*
INSERT INTO assets(identifier, name, type) VALUES("eip155:1/erc20:0xFf9c1f21c621696C4f91cF781ec31Bd913EE2C26", ".com", "C"); INSERT INTO evm_tokens(identifier, token_kind, chain, address, decimals, protocol) VALUES("eip155:1/erc20:0xFf9c1f21c621696C4f91cF781ec31Bd913EE2C26", "A", 1, "0xFf9c1f21c621696C4f91cF781ec31Bd913EE2C26", 18, ""); INSERT INTO common_asset_details(identifier, symbol, coingecko, cryptocompare, forked, started, swapped_for) VALUES("eip155:1/erc20:0xFf9c1f21c621696C4f91cF781ec31Bd913EE2C26", ".com", "com-ordinals", "", NULL, 1703325311, NULL);
*
INSERT INTO assets(identifier, name, type) VALUES("eip155:56/erc20:0x799e1Cf88A236e42b4A87c544A22A94aE95A6910", "MContent", "C"); INSERT INTO evm_tokens(identifier, token_kind, chain, address, decimals, protocol) VALUES("eip155:56/erc20:0x799e1Cf88A236e42b4A87c544A22A94aE95A6910", "A", 56, "0x799e1Cf88A236e42b4A87c544A22A94aE95A6910", 6, ""); INSERT INTO common_asset_details(identifier, symbol, coingecko, cryptocompare, forked, started, swapped_for) VALUES("eip155:56/erc20:0x799e1Cf88A236e42b4A87c544A22A94aE95A6910", "MCONTENT", "mcontent", "mcontent", NULL, 1718803632, NULL);
*
INSERT INTO assets(identifier, name, type) VALUES("eip155:1/erc20:0xD3c51de3E6DD9b53D7f37699AFB3EE3Bf9B9b3F4", "MContent", "C"); INSERT INTO evm_tokens(identifier, token_kind, chain, address, decimals, protocol) VALUES("eip155:1/erc20:0xD3c51de3E6DD9b53D7f37699AFB3EE3Bf9B9b3F4", "A", 1, "0xD3c51de3E6DD9b53D7f37699AFB3EE3Bf9B9b3F4", 6, ""); INSERT INTO common_asset_details(identifier, symbol, coingecko, cryptocompare, forked, started, swapped_for) VALUES("eip155:1/erc20:0xD3c51de3E6DD9b53D7f37699AFB3EE3Bf9B9b3F4", "MCONTENT", "mcontent", "mcontent", NULL, 1643975135, NULL);
*
INSERT INTO assets(identifier, name, type) VALUES("eip155:1/erc20:0x046BAd07658f3B6cAd9A396CFcbC1243AF452ec1", "Archloot", "C"); INSERT INTO evm_tokens(identifier, token_kind, chain, address, decimals, protocol) VALUES("eip155:1/erc20:0x046BAd07658f3B6cAd9A396CFcbC1243AF452ec1", "A", 1, "0x046BAd07658f3B6cAd9A396CFcbC1243AF452ec1", 18, ""); INSERT INTO common_asset_details(identifier, symbol, coingecko, cryptocompare, forked, started, swapped_for) VALUES("eip155:1/erc20:0x046BAd07658f3B6cAd9A396CFcbC1243AF452ec1", "AL", "archloot", "archl", NULL, 1713785231, NULL);
*
INSERT INTO assets(identifier, name, type) VALUES("eip155:1/erc20:0xe75ad3aAB14E4B0dF8c5da4286608DaBb21Bd864", "AcuteAngleCoin", "C"); INSERT INTO evm_tokens(identifier, token_kind, chain, address, decimals, protocol) VALUES("eip155:1/erc20:0xe75ad3aAB14E4B0dF8c5da4286608DaBb21Bd864", "A", 1, "0xe75ad3aAB14E4B0dF8c5da4286608DaBb21Bd864", 5, ""); INSERT INTO common_asset_details(identifier, symbol, coingecko, cryptocompare, forked, started, swapped_for) VALUES("eip155:1/erc20:0xe75ad3aAB14E4B0dF8c5da4286608DaBb21Bd864", "AAC", "acute-angle-cloud", "", NULL, 1514554742, NULL);
*
INSERT INTO assets(identifier, name, type) VALUES("eip155:1/erc20:0x8AB2ff0116A279a99950C66A12298962D152B83c", "Ordiswap", "C"); INSERT INTO evm_tokens(identifier, token_kind, chain, address, decimals, protocol) VALUES("eip155:1/erc20:0x8AB2ff0116A279a99950C66A12298962D152B83c", "A", 1, "0x8AB2ff0116A279a99950C66A12298962D152B83c", 18, ""); INSERT INTO common_asset_details(identifier, symbol, coingecko, cryptocompare, forked, started, swapped_for) VALUES("eip155:1/erc20:0x8AB2ff0116A279a99950C66A12298962D152B83c", "ORDS", "ordiswap-token", "ords", NULL, 1703326235, NULL);
*
INSERT INTO assets(identifier, name, type) VALUES("eip155:56/erc20:0xb2ea51BAa12C461327d12A2069d47b30e680b69D", "Space Crown", "C"); INSERT INTO evm_tokens(identifier, token_kind, chain, address, decimals, protocol) VALUES("eip155:56/erc20:0xb2ea51BAa12C461327d12A2069d47b30e680b69D", "A", 56, "0xb2ea51BAa12C461327d12A2069d47b30e680b69D", 18, ""); INSERT INTO common_asset_details(identifier, symbol, coingecko, cryptocompare, forked, started, swapped_for) VALUES("eip155:56/erc20:0xb2ea51BAa12C461327d12A2069d47b30e680b69D", "SMCW", "space-misfits", "smcw", NULL, 1718794413, NULL);
*
INSERT INTO assets(identifier, name, type) VALUES("eip155:1/erc20:0x1F4cb968b76931C494Ff92ED80CCB169ad641cb1", "structure.finance token", "C"); INSERT INTO evm_tokens(identifier, token_kind, chain, address, decimals, protocol) VALUES("eip155:1/erc20:0x1F4cb968b76931C494Ff92ED80CCB169ad641cb1", "A", 1, "0x1F4cb968b76931C494Ff92ED80CCB169ad641cb1", 18, ""); INSERT INTO common_asset_details(identifier, symbol, coingecko, cryptocompare, forked, started, swapped_for) VALUES("eip155:1/erc20:0x1F4cb968b76931C494Ff92ED80CCB169ad641cb1", "STF", "structure-finance", "stf", NULL, 1619018802, NULL);
*
INSERT INTO assets(identifier, name, type) VALUES("eip155:56/erc20:0x9E24415d1e549EBc626a13a482Bb117a2B43e9CF", "Lovely Inu Finance", "C"); INSERT INTO evm_tokens(identifier, token_kind, chain, address, decimals, protocol) VALUES("eip155:56/erc20:0x9E24415d1e549EBc626a13a482Bb117a2B43e9CF", "A", 56, "0x9E24415d1e549EBc626a13a482Bb117a2B43e9CF", 8, ""); INSERT INTO common_asset_details(identifier, symbol, coingecko, cryptocompare, forked, started, swapped_for) VALUES("eip155:56/erc20:0x9E24415d1e549EBc626a13a482Bb117a2B43e9CF", "LOVELY", "lovely-inu-finance", "lovely", NULL, 1718806986, NULL);
*
INSERT INTO assets(identifier, name, type) VALUES("eip155:1/erc20:0x4C6E2c495b974b8d4220E370F23c7e0e1da9b644", "Smiley", "C"); INSERT INTO evm_tokens(identifier, token_kind, chain, address, decimals, protocol) VALUES("eip155:1/erc20:0x4C6E2c495b974b8d4220E370F23c7e0e1da9b644", "A", 1, "0x4C6E2c495b974b8d4220E370F23c7e0e1da9b644", 9, ""); INSERT INTO common_asset_details(identifier, symbol, coingecko, cryptocompare, forked, started, swapped_for) VALUES("eip155:1/erc20:0x4C6E2c495b974b8d4220E370F23c7e0e1da9b644", "SMILEY", "smiley-coin", "smiley", NULL, 1685807339, NULL);
*
INSERT INTO assets(identifier, name, type) VALUES("eip155:1/erc20:0xc314b0E758D5FF74f63e307A86EbfE183C95767b", "Adappter Token", "C"); INSERT INTO evm_tokens(identifier, token_kind, chain, address, decimals, protocol) VALUES("eip155:1/erc20:0xc314b0E758D5FF74f63e307A86EbfE183C95767b", "A", 1, "0xc314b0E758D5FF74f63e307A86EbfE183C95767b", 18, ""); INSERT INTO common_asset_details(identifier, symbol, coingecko, cryptocompare, forked, started, swapped_for) VALUES("eip155:1/erc20:0xc314b0E758D5FF74f63e307A86EbfE183C95767b", "ADP", "adappter-token", "adp", NULL, 1566225218, NULL);
*
INSERT INTO assets(identifier, name, type) VALUES("eip155:56/erc20:0xF33893DE6eB6aE9A67442E066aE9aBd228f5290c", "GroveC", "C"); INSERT INTO evm_tokens(identifier, token_kind, chain, address, decimals, protocol) VALUES("eip155:56/erc20:0xF33893DE6eB6aE9A67442E066aE9aBd228f5290c", "A", 56, "0xF33893DE6eB6aE9A67442E066aE9aBd228f5290c", 8, ""); INSERT INTO common_asset_details(identifier, symbol, coingecko, cryptocompare, forked, started, swapped_for) VALUES("eip155:56/erc20:0xF33893DE6eB6aE9A67442E066aE9aBd228f5290c", "GRV", "grove", "grv", NULL, 1718806578, NULL);
*
INSERT INTO assets(identifier, name, type) VALUES("eip155:1/erc20:0xF33893DE6eB6aE9A67442E066aE9aBd228f5290c", "GroveC", "C"); INSERT INTO evm_tokens(identifier, token_kind, chain, address, decimals, protocol) VALUES("eip155:1/erc20:0xF33893DE6eB6aE9A67442E066aE9aBd228f5290c", "A", 1, "0xF33893DE6eB6aE9A67442E066aE9aBd228f5290c", 8, ""); INSERT INTO common_asset_details(identifier, symbol, coingecko, cryptocompare, forked, started, swapped_for) VALUES("eip155:1/erc20:0xF33893DE6eB6aE9A67442E066aE9aBd228f5290c", "GRV", "grove", "grv", NULL, 1668760859, NULL);
*
INSERT INTO assets(identifier, name, type) VALUES("eip155:56/erc20:0xB0461d7E8212D311b842A58e9989edE849ac6816", "Oceanland", "C"); INSERT INTO evm_tokens(identifier, token_kind, chain, address, decimals, protocol) VALUES("eip155:56/erc20:0xB0461d7E8212D311b842A58e9989edE849ac6816", "A", 56, "0xB0461d7E8212D311b842A58e9989edE849ac6816", 18, ""); INSERT INTO common_asset_details(identifier, symbol, coingecko, cryptocompare, forked, started, swapped_for) VALUES("eip155:56/erc20:0xB0461d7E8212D311b842A58e9989edE849ac6816", "OLAND", "oceanland", "oland", NULL, 1718801811, NULL);
*
INSERT INTO assets(identifier, name, type) VALUES("eip155:56/erc20:0x24Ef78C7092d255Ed14a0281ac1800C359aF3afe", "Rabbit", "C"); INSERT INTO evm_tokens(identifier, token_kind, chain, address, decimals, protocol) VALUES("eip155:56/erc20:0x24Ef78C7092d255Ed14a0281ac1800C359aF3afe", "A", 56, "0x24Ef78C7092d255Ed14a0281ac1800C359aF3afe", 18, ""); INSERT INTO common_asset_details(identifier, symbol, coingecko, cryptocompare, forked, started, swapped_for) VALUES("eip155:56/erc20:0x24Ef78C7092d255Ed14a0281ac1800C359aF3afe", "RAB", "rabbit-wallet", "rab", NULL, 1718801400, NULL);
*
INSERT INTO assets(identifier, name, type) VALUES("eip155:42161/erc20:0x24Ef78C7092d255Ed14a0281ac1800C359aF3afe", "Rabbit", "C"); INSERT INTO evm_tokens(identifier, token_kind, chain, address, decimals, protocol) VALUES("eip155:42161/erc20:0x24Ef78C7092d255Ed14a0281ac1800C359aF3afe", "A", 42161, "0x24Ef78C7092d255Ed14a0281ac1800C359aF3afe", 18, ""); INSERT INTO common_asset_details(identifier, symbol, coingecko, cryptocompare, forked, started, swapped_for) VALUES("eip155:42161/erc20:0x24Ef78C7092d255Ed14a0281ac1800C359aF3afe", "RAB", "rabbit-wallet", "rab", NULL, 1678001633, NULL);
*
INSERT INTO assets(identifier, name, type) VALUES("eip155:137/erc20:0x5eC03C1f7fA7FF05EC476d19e34A22eDDb48ACdc", "ZED RUN", "C"); INSERT INTO evm_tokens(identifier, token_kind, chain, address, decimals, protocol) VALUES("eip155:137/erc20:0x5eC03C1f7fA7FF05EC476d19e34A22eDDb48ACdc", "A", 137, "0x5eC03C1f7fA7FF05EC476d19e34A22eDDb48ACdc", 18, ""); INSERT INTO common_asset_details(identifier, symbol, coingecko, cryptocompare, forked, started, swapped_for) VALUES("eip155:137/erc20:0x5eC03C1f7fA7FF05EC476d19e34A22eDDb48ACdc", "ZED", "zed-run", "zed", NULL, 1718806276, NULL);
*
INSERT INTO assets(identifier, name, type) VALUES("eip155:1/erc20:0x9F7fC686CfD64aA5Ae15b351d03071e91533094b", "Trace Network", "C"); INSERT INTO evm_tokens(identifier, token_kind, chain, address, decimals, protocol) VALUES("eip155:1/erc20:0x9F7fC686CfD64aA5Ae15b351d03071e91533094b", "A", 1, "0x9F7fC686CfD64aA5Ae15b351d03071e91533094b", 18, ""); INSERT INTO common_asset_details(identifier, symbol, coingecko, cryptocompare, forked, started, swapped_for) VALUES("eip155:1/erc20:0x9F7fC686CfD64aA5Ae15b351d03071e91533094b", "TRACE", "trace-network-labs", "trace", NULL, 1623240941, NULL);
*
INSERT INTO assets(identifier, name, type) VALUES("eip155:137/erc20:0x4287F07CBE6954f9F0DecD91d0705C926d8d03A4", "Trace Network", "C"); INSERT INTO evm_tokens(identifier, token_kind, chain, address, decimals, protocol) VALUES("eip155:137/erc20:0x4287F07CBE6954f9F0DecD91d0705C926d8d03A4", "A", 137, "0x4287F07CBE6954f9F0DecD91d0705C926d8d03A4", 18, ""); INSERT INTO common_asset_details(identifier, symbol, coingecko, cryptocompare, forked, started, swapped_for) VALUES("eip155:137/erc20:0x4287F07CBE6954f9F0DecD91d0705C926d8d03A4", "TRACE", "trace-network-labs", "trace", NULL, 1718559963, NULL);
*
INSERT INTO assets(identifier, name, type) VALUES("eip155:1/erc20:0x3C2A309d9005433c1BC2C92EF1bE06489e5bf258", "Wrapped PCI", "C"); INSERT INTO evm_tokens(identifier, token_kind, chain, address, decimals, protocol) VALUES("eip155:1/erc20:0x3C2A309d9005433c1BC2C92EF1bE06489e5bf258", "A", 1, "0x3C2A309d9005433c1BC2C92EF1bE06489e5bf258", 8, ""); INSERT INTO common_asset_details(identifier, symbol, coingecko, cryptocompare, forked, started, swapped_for) VALUES("eip155:1/erc20:0x3C2A309d9005433c1BC2C92EF1bE06489e5bf258", "WPCI", "wrapped-paycoin", "", NULL, 1644984165, NULL);
*
INSERT INTO assets(identifier, name, type) VALUES("eip155:1/erc20:0xda31D0d1Bc934fC34F7189E38A413ca0A5e8b44F", "BSSB", "C"); INSERT INTO evm_tokens(identifier, token_kind, chain, address, decimals, protocol) VALUES("eip155:1/erc20:0xda31D0d1Bc934fC34F7189E38A413ca0A5e8b44F", "A", 1, "0xda31D0d1Bc934fC34F7189E38A413ca0A5e8b44F", 18, ""); INSERT INTO common_asset_details(identifier, symbol, coingecko, cryptocompare, forked, started, swapped_for) VALUES("eip155:1/erc20:0xda31D0d1Bc934fC34F7189E38A413ca0A5e8b44F", "BSSB", "bitstable-finance", "bssb", NULL, 1701140855, NULL);
*
INSERT INTO assets(identifier, name, type) VALUES("eip155:56/erc20:0xda31D0d1Bc934fC34F7189E38A413ca0A5e8b44F", "BSSB", "C"); INSERT INTO evm_tokens(identifier, token_kind, chain, address, decimals, protocol) VALUES("eip155:56/erc20:0xda31D0d1Bc934fC34F7189E38A413ca0A5e8b44F", "A", 56, "0xda31D0d1Bc934fC34F7189E38A413ca0A5e8b44F", 18, ""); INSERT INTO common_asset_details(identifier, symbol, coingecko, cryptocompare, forked, started, swapped_for) VALUES("eip155:56/erc20:0xda31D0d1Bc934fC34F7189E38A413ca0A5e8b44F", "BSSB", "bitstable-finance", "bssb", NULL, 1710296514, NULL);
*
INSERT INTO assets(identifier, name, type) VALUES("eip155:1/erc20:0xa89e2871A850E0e6fD8F0018eC1fc62FA75440d4", "Ready to Fight", "C"); INSERT INTO evm_tokens(identifier, token_kind, chain, address, decimals, protocol) VALUES("eip155:1/erc20:0xa89e2871A850E0e6fD8F0018eC1fc62FA75440d4", "A", 1, "0xa89e2871A850E0e6fD8F0018eC1fc62FA75440d4", 18, ""); INSERT INTO common_asset_details(identifier, symbol, coingecko, cryptocompare, forked, started, swapped_for) VALUES("eip155:1/erc20:0xa89e2871A850E0e6fD8F0018eC1fc62FA75440d4", "RTF", "ready-to-fight", "rtf", NULL, 1710848003, NULL);
*
INSERT INTO assets(identifier, name, type) VALUES("eip155:56/erc20:0xa89e2871A850E0e6fD8F0018eC1fc62FA75440d4", "Ready to Fight", "C"); INSERT INTO evm_tokens(identifier, token_kind, chain, address, decimals, protocol) VALUES("eip155:56/erc20:0xa89e2871A850E0e6fD8F0018eC1fc62FA75440d4", "A", 56, "0xa89e2871A850E0e6fD8F0018eC1fc62FA75440d4", 18, ""); INSERT INTO common_asset_details(identifier, symbol, coingecko, cryptocompare, forked, started, swapped_for) VALUES("eip155:56/erc20:0xa89e2871A850E0e6fD8F0018eC1fc62FA75440d4", "RTF", "ready-to-fight", "rtf", NULL, 1718806878, NULL);
*
INSERT INTO assets(identifier, name, type) VALUES("eip155:1/erc20:0x3C4008eca800Ec1283E4cf500E68D06BFaBc00a8", "History Dao Token", "C"); INSERT INTO evm_tokens(identifier, token_kind, chain, address, decimals, protocol) VALUES("eip155:1/erc20:0x3C4008eca800Ec1283E4cf500E68D06BFaBc00a8", "A", 1, "0x3C4008eca800Ec1283E4cf500E68D06BFaBc00a8", 18, ""); INSERT INTO common_asset_details(identifier, symbol, coingecko, cryptocompare, forked, started, swapped_for) VALUES("eip155:1/erc20:0x3C4008eca800Ec1283E4cf500E68D06BFaBc00a8", "HAO", "historydao", "hao", NULL, 1660034151, NULL);
*
INSERT INTO assets(identifier, name, type) VALUES("eip155:1/erc20:0x719e7f0daDFdeA25B78595da944F44d15d7E6795", "MUSK", "C"); INSERT INTO evm_tokens(identifier, token_kind, chain, address, decimals, protocol) VALUES("eip155:1/erc20:0x719e7f0daDFdeA25B78595da944F44d15d7E6795", "A", 1, "0x719e7f0daDFdeA25B78595da944F44d15d7E6795", 18, ""); INSERT INTO common_asset_details(identifier, symbol, coingecko, cryptocompare, forked, started, swapped_for) VALUES("eip155:1/erc20:0x719e7f0daDFdeA25B78595da944F44d15d7E6795", "MUSK", "musk-dao", "", NULL, 1569239561, NULL);
*
INSERT INTO assets(identifier, name, type) VALUES("eip155:1/erc20:0xe9689028eDE16c2FDFE3D11855D28f8E3fC452a3", "Bubble", "C"); INSERT INTO evm_tokens(identifier, token_kind, chain, address, decimals, protocol) VALUES("eip155:1/erc20:0xe9689028eDE16c2FDFE3D11855D28f8E3fC452a3", "A", 1, "0xe9689028eDE16c2FDFE3D11855D28f8E3fC452a3", 18, ""); INSERT INTO common_asset_details(identifier, symbol, coingecko, cryptocompare, forked, started, swapped_for) VALUES("eip155:1/erc20:0xe9689028eDE16c2FDFE3D11855D28f8E3fC452a3", "BUBBLE", "imaginary-ones", "bubble", NULL, 1715137175, NULL);
*
INSERT INTO assets(identifier, name, type) VALUES("eip155:56/erc20:0x1A28ed8472F644E8898A169a644503B779748d6e", "Rai.Finance", "C"); INSERT INTO evm_tokens(identifier, token_kind, chain, address, decimals, protocol) VALUES("eip155:56/erc20:0x1A28ed8472F644E8898A169a644503B779748d6e", "A", 56, "0x1A28ed8472F644E8898A169a644503B779748d6e", 18, ""); INSERT INTO common_asset_details(identifier, symbol, coingecko, cryptocompare, forked, started, swapped_for) VALUES("eip155:56/erc20:0x1A28ed8472F644E8898A169a644503B779748d6e", "SOFI", "rai-finance", "sofi", NULL, 1718026053, NULL);
*
INSERT INTO assets(identifier, name, type) VALUES("eip155:1/erc20:0x93581991f68DBaE1eA105233b67f7FA0D6BDeE7b", "Wrapped Evmos", "C"); INSERT INTO evm_tokens(identifier, token_kind, chain, address, decimals, protocol) VALUES("eip155:1/erc20:0x93581991f68DBaE1eA105233b67f7FA0D6BDeE7b", "A", 1, "0x93581991f68DBaE1eA105233b67f7FA0D6BDeE7b", 18, ""); INSERT INTO common_asset_details(identifier, symbol, coingecko, cryptocompare, forked, started, swapped_for) VALUES("eip155:1/erc20:0x93581991f68DBaE1eA105233b67f7FA0D6BDeE7b", "WEVMOS", "evmos", "evmos", NULL, 1651112847, NULL);
*
INSERT INTO assets(identifier, name, type) VALUES("eip155:1/erc20:0x5dc60C4D5e75D22588FA17fFEB90A63E535efCE0", "dKargo", "C"); INSERT INTO evm_tokens(identifier, token_kind, chain, address, decimals, protocol) VALUES("eip155:1/erc20:0x5dc60C4D5e75D22588FA17fFEB90A63E535efCE0", "A", 1, "0x5dc60C4D5e75D22588FA17fFEB90A63E535efCE0", 18, ""); INSERT INTO common_asset_details(identifier, symbol, coingecko, cryptocompare, forked, started, swapped_for) VALUES("eip155:1/erc20:0x5dc60C4D5e75D22588FA17fFEB90A63E535efCE0", "DKA", "dkargo", "dka", NULL, 1588940002, NULL);
*
INSERT INTO assets(identifier, name, type) VALUES("eip155:1/erc20:0xdcD85914b8aE28c1E62f1C488E1D968D5aaFfE2b", "TOP Network", "C"); INSERT INTO evm_tokens(identifier, token_kind, chain, address, decimals, protocol) VALUES("eip155:1/erc20:0xdcD85914b8aE28c1E62f1C488E1D968D5aaFfE2b", "A", 1, "0xdcD85914b8aE28c1E62f1C488E1D968D5aaFfE2b", 18, ""); INSERT INTO common_asset_details(identifier, symbol, coingecko, cryptocompare, forked, started, swapped_for) VALUES("eip155:1/erc20:0xdcD85914b8aE28c1E62f1C488E1D968D5aaFfE2b", "TOP", "top-network", "topn", NULL, 1553138334, NULL);
*
INSERT INTO assets(identifier, name, type) VALUES("eip155:1/erc20:0x4c601dc69AfFb0D4Fc8dE1Ac303705e432A4A27E", "Konnect", "C"); INSERT INTO evm_tokens(identifier, token_kind, chain, address, decimals, protocol) VALUES("eip155:1/erc20:0x4c601dc69AfFb0D4Fc8dE1Ac303705e432A4A27E", "A", 1, "0x4c601dc69AfFb0D4Fc8dE1Ac303705e432A4A27E", 18, ""); INSERT INTO common_asset_details(identifier, symbol, coingecko, cryptocompare, forked, started, swapped_for) VALUES("eip155:1/erc20:0x4c601dc69AfFb0D4Fc8dE1Ac303705e432A4A27E", "KCT", "konnect", "kct", NULL, 1652044750, NULL);
*
INSERT INTO assets(identifier, name, type) VALUES("eip155:1/erc20:0x571d9b73DC04ed88B4e273E048C8d4848F83b779", "Super Closed Source for Maximum Profit", "C"); INSERT INTO evm_tokens(identifier, token_kind, chain, address, decimals, protocol) VALUES("eip155:1/erc20:0x571d9b73DC04ed88B4e273E048C8d4848F83b779", "A", 1, "0x571d9b73DC04ed88B4e273E048C8d4848F83b779", 9, ""); INSERT INTO common_asset_details(identifier, symbol, coingecko, cryptocompare, forked, started, swapped_for) VALUES("eip155:1/erc20:0x571d9b73DC04ed88B4e273E048C8d4848F83b779", "ClosedAI", "super-closed-source", "", NULL, 1701302699, NULL);
*
INSERT INTO assets(identifier, name, type) VALUES("eip155:56/erc20:0x9Ab70e92319f0b9127df78868Fd3655fB9f1E322", "WeWay Token", "C"); INSERT INTO evm_tokens(identifier, token_kind, chain, address, decimals, protocol) VALUES("eip155:56/erc20:0x9Ab70e92319f0b9127df78868Fd3655fB9f1E322", "A", 56, "0x9Ab70e92319f0b9127df78868Fd3655fB9f1E322", 18, ""); INSERT INTO common_asset_details(identifier, symbol, coingecko, cryptocompare, forked, started, swapped_for) VALUES("eip155:56/erc20:0x9Ab70e92319f0b9127df78868Fd3655fB9f1E322", "WWY", "weway", "WWY", NULL, 1718806560, NULL);
*
INSERT INTO assets(identifier, name, type) VALUES("eip155:1/erc20:0x9Ab70e92319f0b9127df78868Fd3655fB9f1E322", "WeWay Token", "C"); INSERT INTO evm_tokens(identifier, token_kind, chain, address, decimals, protocol) VALUES("eip155:1/erc20:0x9Ab70e92319f0b9127df78868Fd3655fB9f1E322", "A", 1, "0x9Ab70e92319f0b9127df78868Fd3655fB9f1E322", 18, ""); INSERT INTO common_asset_details(identifier, symbol, coingecko, cryptocompare, forked, started, swapped_for) VALUES("eip155:1/erc20:0x9Ab70e92319f0b9127df78868Fd3655fB9f1E322", "WWY", "weway", "WWY", NULL, 1641817601, NULL);
*
INSERT INTO assets(identifier, name, type) VALUES("eip155:1/erc20:0xfB09122d1e17170C1807BFc1Ef3c614BD85E1B6e", "CyberCrowdCoin", "C"); INSERT INTO evm_tokens(identifier, token_kind, chain, address, decimals, protocol) VALUES("eip155:1/erc20:0xfB09122d1e17170C1807BFc1Ef3c614BD85E1B6e", "A", 1, "0xfB09122d1e17170C1807BFc1Ef3c614BD85E1B6e", 18, ""); INSERT INTO common_asset_details(identifier, symbol, coingecko, cryptocompare, forked, started, swapped_for) VALUES("eip155:1/erc20:0xfB09122d1e17170C1807BFc1Ef3c614BD85E1B6e", "CCC", "ccc-protocol", "", NULL, 1690686995, NULL);
*
INSERT INTO assets(identifier, name, type) VALUES("eip155:137/erc20:0xC1543024DC71247888a7e139c644F44E75E96d38", "Battle World", "C"); INSERT INTO evm_tokens(identifier, token_kind, chain, address, decimals, protocol) VALUES("eip155:137/erc20:0xC1543024DC71247888a7e139c644F44E75E96d38", "A", 137, "0xC1543024DC71247888a7e139c644F44E75E96d38", 18, ""); INSERT INTO common_asset_details(identifier, symbol, coingecko, cryptocompare, forked, started, swapped_for) VALUES("eip155:137/erc20:0xC1543024DC71247888a7e139c644F44E75E96d38", "BWO", "battle-world", "bwo", NULL, 1718467753, NULL);
*
INSERT INTO assets(identifier, name, type) VALUES("eip155:56/erc20:0x9720CA160Bbd4E7f3dD4bb3f8BD4227ca0342e63", "GMPD", "C"); INSERT INTO evm_tokens(identifier, token_kind, chain, address, decimals, protocol) VALUES("eip155:56/erc20:0x9720CA160Bbd4E7f3dD4bb3f8BD4227ca0342e63", "A", 56, "0x9720CA160Bbd4E7f3dD4bb3f8BD4227ca0342e63", 18, ""); INSERT INTO common_asset_details(identifier, symbol, coingecko, cryptocompare, forked, started, swapped_for) VALUES("eip155:56/erc20:0x9720CA160Bbd4E7f3dD4bb3f8BD4227ca0342e63", "GMPD", "gamespad", "gmpd", NULL, 1718779477, NULL);
*
INSERT INTO assets(identifier, name, type) VALUES("eip155:1/erc20:0x9ee8c380E1926730aD89e91665FF27063b13c90A", "Coupon Assets Token", "C"); INSERT INTO evm_tokens(identifier, token_kind, chain, address, decimals, protocol) VALUES("eip155:1/erc20:0x9ee8c380E1926730aD89e91665FF27063b13c90A", "A", 1, "0x9ee8c380E1926730aD89e91665FF27063b13c90A", 18, ""); INSERT INTO common_asset_details(identifier, symbol, coingecko, cryptocompare, forked, started, swapped_for) VALUES("eip155:1/erc20:0x9ee8c380E1926730aD89e91665FF27063b13c90A", "CA", "ca-htb", "ca", NULL, 1702438463, NULL);
*
INSERT INTO assets(identifier, name, type) VALUES("eip155:8453/erc20:0xE3086852A4B125803C815a158249ae468A3254Ca", "mfercoin", "C"); INSERT INTO evm_tokens(identifier, token_kind, chain, address, decimals, protocol) VALUES("eip155:8453/erc20:0xE3086852A4B125803C815a158249ae468A3254Ca", "A", 8453, "0xE3086852A4B125803C815a158249ae468A3254Ca", 18, ""); INSERT INTO common_asset_details(identifier, symbol, coingecko, cryptocompare, forked, started, swapped_for) VALUES("eip155:8453/erc20:0xE3086852A4B125803C815a158249ae468A3254Ca", "$mfer", "mfercoin", "mfer", NULL, 1711726191, NULL);
*
INSERT INTO assets(identifier, name, type) VALUES("eip155:1/erc20:0xD85a6Ae55a7f33B0ee113C234d2EE308EdeAF7fD", "Cobak Token", "C"); INSERT INTO evm_tokens(identifier, token_kind, chain, address, decimals, protocol) VALUES("eip155:1/erc20:0xD85a6Ae55a7f33B0ee113C234d2EE308EdeAF7fD", "A", 1, "0xD85a6Ae55a7f33B0ee113C234d2EE308EdeAF7fD", 18, ""); INSERT INTO common_asset_details(identifier, symbol, coingecko, cryptocompare, forked, started, swapped_for) VALUES("eip155:1/erc20:0xD85a6Ae55a7f33B0ee113C234d2EE308EdeAF7fD", "CBK", "cobak-token", "cbk", NULL, 1600149025, NULL);
*
INSERT INTO assets(identifier, name, type) VALUES("eip155:137/erc20:0x4EC203dD0699Fac6adAF483CDd2519BC05D2c573", "Cobak Token", "C"); INSERT INTO evm_tokens(identifier, token_kind, chain, address, decimals, protocol) VALUES("eip155:137/erc20:0x4EC203dD0699Fac6adAF483CDd2519BC05D2c573", "A", 137, "0x4EC203dD0699Fac6adAF483CDd2519BC05D2c573", 18, ""); INSERT INTO common_asset_details(identifier, symbol, coingecko, cryptocompare, forked, started, swapped_for) VALUES("eip155:137/erc20:0x4EC203dD0699Fac6adAF483CDd2519BC05D2c573", "CBK", "cobak-token", "cbk", NULL, 1718805854, NULL);
*
INSERT INTO assets(identifier, name, type) VALUES("eip155:56/erc20:0x56156Fb7860d7EB0B4b1a5356C5354b295194A45", "Sportium Token", "C"); INSERT INTO evm_tokens(identifier, token_kind, chain, address, decimals, protocol) VALUES("eip155:56/erc20:0x56156Fb7860d7EB0B4b1a5356C5354b295194A45", "A", 56, "0x56156Fb7860d7EB0B4b1a5356C5354b295194A45", 18, ""); INSERT INTO common_asset_details(identifier, symbol, coingecko, cryptocompare, forked, started, swapped_for) VALUES("eip155:56/erc20:0x56156Fb7860d7EB0B4b1a5356C5354b295194A45", "SPRT", "sportium", "sprt", NULL, 1718783883, NULL);
*
INSERT INTO assets(identifier, name, type) VALUES("eip155:1/erc20:0x32a7C02e79c4ea1008dD6564b35F131428673c41", "CRUST", "C"); INSERT INTO evm_tokens(identifier, token_kind, chain, address, decimals, protocol) VALUES("eip155:1/erc20:0x32a7C02e79c4ea1008dD6564b35F131428673c41", "A", 1, "0x32a7C02e79c4ea1008dD6564b35F131428673c41", 18, ""); INSERT INTO common_asset_details(identifier, symbol, coingecko, cryptocompare, forked, started, swapped_for) VALUES("eip155:1/erc20:0x32a7C02e79c4ea1008dD6564b35F131428673c41", "CRU", "crust-network", "cru", NULL, 1600225834, NULL);
*
INSERT INTO assets(identifier, name, type) VALUES("eip155:56/erc20:0x52Da44B5E584F730005daC8D2D2AcbDee44D4ba3", "KingToken", "C"); INSERT INTO evm_tokens(identifier, token_kind, chain, address, decimals, protocol) VALUES("eip155:56/erc20:0x52Da44B5E584F730005daC8D2D2AcbDee44D4ba3", "A", 56, "0x52Da44B5E584F730005daC8D2D2AcbDee44D4ba3", 18, ""); INSERT INTO common_asset_details(identifier, symbol, coingecko, cryptocompare, forked, started, swapped_for) VALUES("eip155:56/erc20:0x52Da44B5E584F730005daC8D2D2AcbDee44D4ba3", "KT", "kingdomx", "", NULL, 1718766402, NULL);
*
INSERT INTO assets(identifier, name, type) VALUES("eip155:1/erc20:0x7237C0B30B1355f1B76355582f182F6f04B08740", "MetaGaming Guild", "C"); INSERT INTO evm_tokens(identifier, token_kind, chain, address, decimals, protocol) VALUES("eip155:1/erc20:0x7237C0B30B1355f1B76355582f182F6f04B08740", "A", 1, "0x7237C0B30B1355f1B76355582f182F6f04B08740", 18, ""); INSERT INTO common_asset_details(identifier, symbol, coingecko, cryptocompare, forked, started, swapped_for) VALUES("eip155:1/erc20:0x7237C0B30B1355f1B76355582f182F6f04B08740", "MGG", "metagaming-guild", "mgg", NULL, 1641367103, NULL);
*
INSERT INTO assets(identifier, name, type) VALUES("eip155:56/erc20:0x6125aDCAb2F171BC70cfe2CAeCFeC5509273A86A", "MetaGaming Guild [via ChainPort.io]", "C"); INSERT INTO evm_tokens(identifier, token_kind, chain, address, decimals, protocol) VALUES("eip155:56/erc20:0x6125aDCAb2F171BC70cfe2CAeCFeC5509273A86A", "A", 56, "0x6125aDCAb2F171BC70cfe2CAeCFeC5509273A86A", 18, ""); INSERT INTO common_asset_details(identifier, symbol, coingecko, cryptocompare, forked, started, swapped_for) VALUES("eip155:56/erc20:0x6125aDCAb2F171BC70cfe2CAeCFeC5509273A86A", "MGG", "metagaming-guild", "mgg", NULL, 1718801298, NULL);
*
INSERT INTO assets(identifier, name, type) VALUES("eip155:324/erc20:0x5A7d6b2F92C77FAD6CCaBd7EE0624E64907Eaf3E", "ZKsync", "C"); INSERT INTO evm_tokens(identifier, token_kind, chain, address, decimals, protocol) VALUES("eip155:324/erc20:0x5A7d6b2F92C77FAD6CCaBd7EE0624E64907Eaf3E", "A", 324, "0x5A7d6b2F92C77FAD6CCaBd7EE0624E64907Eaf3E", 18, ""); INSERT INTO common_asset_details(identifier, symbol, coingecko, cryptocompare, forked, started, swapped_for) VALUES("eip155:324/erc20:0x5A7d6b2F92C77FAD6CCaBd7EE0624E64907Eaf3E", "ZK", "zksync", "ZKSYNC", NULL, 1716317326, NULL);
*
