INSERT INTO assets(identifier, name, type) VALUES("eip155:137/erc20:0x18ec0A6E18E5bc3784fDd3a3634b31245ab704F6", "Monerium EUR emoney", "C"); INSERT INTO evm_tokens(identifier, token_kind, chain, address, decimals, protocol) VALUES("eip155:137/erc20:0x18ec0A6E18E5bc3784fDd3a3634b31245ab704F6", "A", 137, "0x18ec0A6E18E5bc3784fDd3a3634b31245ab704F6", 18, NULL); INSERT INTO common_asset_details(identifier, symbol, coingecko, cryptocompare, forked, started, swapped_for) VALUES("eip155:137/erc20:0x18ec0A6E18E5bc3784fDd3a3634b31245ab704F6", "EURe", "monerium-eur-money", "", NULL, 1648476316, NULL);
*
INSERT INTO assets(identifier, name, type) VALUES("eip155:100/erc20:0xcB444e90D8198415266c6a2724b7900fb12FC56E", "Monerium EUR emoney", "C"); INSERT INTO evm_tokens(identifier, token_kind, chain, address, decimals, protocol) VALUES("eip155:100/erc20:0xcB444e90D8198415266c6a2724b7900fb12FC56E", "A", 100, "0xcB444e90D8198415266c6a2724b7900fb12FC56E", 18, NULL); INSERT INTO common_asset_details(identifier, symbol, coingecko, cryptocompare, forked, started, swapped_for) VALUES("eip155:100/erc20:0xcB444e90D8198415266c6a2724b7900fb12FC56E", "EURe", "monerium-eur-money", "", NULL, 1669766730, NULL);
*
INSERT INTO assets(identifier, name, type) VALUES("JTO", "Jito", "Y"); INSERT INTO common_asset_details(identifier, symbol, coingecko, cryptocompare, forked, started, swapped_for) VALUES("JTO", "JTO", "jito-governance-token", "JTO", NULL, 1701972038, NULL);
*
INSERT INTO assets(identifier, name, type) VALUES("PYTH", "Pyth Network", "Y"); INSERT INTO common_asset_details(identifier, symbol, coingecko, cryptocompare, forked, started, swapped_for) VALUES("PYTH", "PYTH", "pyth-network", "PYTH", NULL, 1700496023, NULL);
*
INSERT INTO assets(identifier, name, type) VALUES("eip155:1/erc20:0x02f92800F57BCD74066F5709F1Daa1A4302Df875", "Peapods", "C"); INSERT INTO evm_tokens(identifier, token_kind, chain, address, decimals, protocol) VALUES("eip155:1/erc20:0x02f92800F57BCD74066F5709F1Daa1A4302Df875", "A", 1, "0x02f92800F57BCD74066F5709F1Daa1A4302Df875", 18, NULL); INSERT INTO common_asset_details(identifier, symbol, coingecko, cryptocompare, forked, started, swapped_for) VALUES("eip155:1/erc20:0x02f92800F57BCD74066F5709F1Daa1A4302Df875", "PEAS", "peapods-finance", "", NULL, 1702408019, NULL);
*
INSERT INTO assets(identifier, name, type) VALUES("eip155:42161/erc20:0x20547341E58fB558637FA15379C92e11F7b7F710", "Mozaic Token", "C"); INSERT INTO evm_tokens(identifier, token_kind, chain, address, decimals, protocol) VALUES("eip155:42161/erc20:0x20547341E58fB558637FA15379C92e11F7b7F710", "A", 42161, "0x20547341E58fB558637FA15379C92e11F7b7F710", 18, NULL); INSERT INTO common_asset_details(identifier, symbol, coingecko, cryptocompare, forked, started, swapped_for) VALUES("eip155:42161/erc20:0x20547341E58fB558637FA15379C92e11F7b7F710", "MOZ", "mozaic", "", NULL, 1693569643, NULL);
*
INSERT INTO assets(identifier, name, type) VALUES("eip155:8453/erc20:0x940181a94A35A4569E4529A3CDfB74e38FD98631", "Aerodrome", "C"); INSERT INTO evm_tokens(identifier, token_kind, chain, address, decimals, protocol) VALUES("eip155:8453/erc20:0x940181a94A35A4569E4529A3CDfB74e38FD98631", "A", 8453, "0x940181a94A35A4569E4529A3CDfB74e38FD98631", 18, NULL); INSERT INTO common_asset_details(identifier, symbol, coingecko, cryptocompare, forked, started, swapped_for) VALUES("eip155:8453/erc20:0x940181a94A35A4569E4529A3CDfB74e38FD98631", "AERO", "aerodrome-finance", "", NULL, 1693190447, NULL);
*
INSERT INTO assets(identifier, name, type) VALUES("eip155:1/erc20:0xA40640458FBc27b6EefEdeA1E9C9E17d4ceE7a21", "Anchored Coins EUR", "C"); INSERT INTO evm_tokens(identifier, token_kind, chain, address, decimals, protocol) VALUES("eip155:1/erc20:0xA40640458FBc27b6EefEdeA1E9C9E17d4ceE7a21", "A", 1, "0xA40640458FBc27b6EefEdeA1E9C9E17d4ceE7a21", 18, NULL); INSERT INTO common_asset_details(identifier, symbol, coingecko, cryptocompare, forked, started, swapped_for) VALUES("eip155:1/erc20:0xA40640458FBc27b6EefEdeA1E9C9E17d4ceE7a21", "AEUR", "anchored-coins-eur", "", NULL, NULL, NULL);
*
INSERT INTO assets(identifier, name, type) VALUES("eip155:56/erc20:0xA40640458FBc27b6EefEdeA1E9C9E17d4ceE7a21", "Anchored Coins EUR", "C"); INSERT INTO evm_tokens(identifier, token_kind, chain, address, decimals, protocol) VALUES("eip155:56/erc20:0xA40640458FBc27b6EefEdeA1E9C9E17d4ceE7a21", "A", 56, "0xA40640458FBc27b6EefEdeA1E9C9E17d4ceE7a21", 18, NULL); INSERT INTO common_asset_details(identifier, symbol, coingecko, cryptocompare, forked, started, swapped_for) VALUES("eip155:56/erc20:0xA40640458FBc27b6EefEdeA1E9C9E17d4ceE7a21", "AEUR", "anchored-coins-eur", "", NULL, NULL, NULL);
*
INSERT INTO assets(identifier, name, type) VALUES("eip155:1/erc20:0x6c3ea9036406852006290770BEdFcAbA0e23A0e8", "PayPal USD", "C"); INSERT INTO evm_tokens(identifier, token_kind, chain, address, decimals, protocol) VALUES("eip155:1/erc20:0x6c3ea9036406852006290770BEdFcAbA0e23A0e8", "A", 1, "0x6c3ea9036406852006290770BEdFcAbA0e23A0e8", 6, NULL); INSERT INTO common_asset_details(identifier, symbol, coingecko, cryptocompare, forked, started, swapped_for) VALUES("eip155:1/erc20:0x6c3ea9036406852006290770BEdFcAbA0e23A0e8", "PYUSD", "paypal-usd", "PYUSD", NULL, 1667870087, NULL);
*
INSERT INTO assets(identifier, name, type) VALUES("eip155:1/erc20:0x9343e24716659A3551eB10Aff9472A2dcAD5Db2d", "STFX", "C"); INSERT INTO evm_tokens(identifier, token_kind, chain, address, decimals, protocol) VALUES("eip155:1/erc20:0x9343e24716659A3551eB10Aff9472A2dcAD5Db2d", "A", 1, "0x9343e24716659A3551eB10Aff9472A2dcAD5Db2d", 18, NULL); INSERT INTO common_asset_details(identifier, symbol, coingecko, cryptocompare, forked, started, swapped_for) VALUES("eip155:1/erc20:0x9343e24716659A3551eB10Aff9472A2dcAD5Db2d", "STFX", "stfx", "STFX", NULL, 1674341387, NULL);
*
INSERT INTO assets(identifier, name, type) VALUES("eip155:42161/erc20:0x7DD747D63b094971e6638313A6a2685E80c7Fb2e", "STFX", "C"); INSERT INTO evm_tokens(identifier, token_kind, chain, address, decimals, protocol) VALUES("eip155:42161/erc20:0x7DD747D63b094971e6638313A6a2685E80c7Fb2e", "A", 42161, "0x7DD747D63b094971e6638313A6a2685E80c7Fb2e", 18, NULL); INSERT INTO common_asset_details(identifier, symbol, coingecko, cryptocompare, forked, started, swapped_for) VALUES("eip155:42161/erc20:0x7DD747D63b094971e6638313A6a2685E80c7Fb2e", "STFX", "stfx", "STFX", NULL, 1674583139, NULL);
*
INSERT INTO assets(identifier, name, type) VALUES("eip155:1/erc20:0x6b66ccd1340c479B07B390d326eaDCbb84E726Ba", "Seamless", "C"); INSERT INTO evm_tokens(identifier, token_kind, chain, address, decimals, protocol) VALUES("eip155:1/erc20:0x6b66ccd1340c479B07B390d326eaDCbb84E726Ba", "A", 1, "0x6b66ccd1340c479B07B390d326eaDCbb84E726Ba", 18, NULL); INSERT INTO common_asset_details(identifier, symbol, coingecko, cryptocompare, forked, started, swapped_for) VALUES("eip155:1/erc20:0x6b66ccd1340c479B07B390d326eaDCbb84E726Ba", "SEAM", "seamless-protocol", "SEAM", NULL, 1701296999, NULL);
*
INSERT INTO assets(identifier, name, type) VALUES("eip155:8453/erc20:0x1C7a460413dD4e964f96D8dFC56E7223cE88CD85", "Seamless", "C"); INSERT INTO evm_tokens(identifier, token_kind, chain, address, decimals, protocol) VALUES("eip155:8453/erc20:0x1C7a460413dD4e964f96D8dFC56E7223cE88CD85", "A", 8453, "0x1C7a460413dD4e964f96D8dFC56E7223cE88CD85", 18, NULL); INSERT INTO common_asset_details(identifier, symbol, coingecko, cryptocompare, forked, started, swapped_for) VALUES("eip155:8453/erc20:0x1C7a460413dD4e964f96D8dFC56E7223cE88CD85", "SEAM", "seamless-protocol", "SEAM", NULL, 1698473379, NULL);
*
INSERT INTO assets(identifier, name, type) VALUES("eip155:1/erc20:0x13832bEC9b7029a82988017a7f6095BDf0207D62", "Milk", "C"); INSERT INTO evm_tokens(identifier, token_kind, chain, address, decimals, protocol) VALUES("eip155:1/erc20:0x13832bEC9b7029a82988017a7f6095BDf0207D62", "A", 1, "0x13832bEC9b7029a82988017a7f6095BDf0207D62", 9, NULL); INSERT INTO common_asset_details(identifier, symbol, coingecko, cryptocompare, forked, started, swapped_for) VALUES("eip155:1/erc20:0x13832bEC9b7029a82988017a7f6095BDf0207D62", "MILK", "milk-2", "", NULL, NULL, NULL);
*
INSERT INTO assets(identifier, name, type) VALUES("eip155:42161/erc20:0x5117f4Ad0bc70Dbb3B05bF39A1EC1Ee40DD67654", "Avive", "C"); INSERT INTO evm_tokens(identifier, token_kind, chain, address, decimals, protocol) VALUES("eip155:42161/erc20:0x5117f4Ad0bc70Dbb3B05bF39A1EC1Ee40DD67654", "A", 42161, "0x5117f4Ad0bc70Dbb3B05bF39A1EC1Ee40DD67654", 18, NULL); INSERT INTO common_asset_details(identifier, symbol, coingecko, cryptocompare, forked, started, swapped_for) VALUES("eip155:42161/erc20:0x5117f4Ad0bc70Dbb3B05bF39A1EC1Ee40DD67654", "Avive", "avive", "", NULL, 1702436459, NULL);
*
INSERT INTO assets(identifier, name, type) VALUES("eip155:1/erc20:0x24Ae2dA0f361AA4BE46b48EB19C91e02c5e4f27E", "Mev Liquid Staking Receipt", "C"); INSERT INTO evm_tokens(identifier, token_kind, chain, address, decimals, protocol) VALUES("eip155:1/erc20:0x24Ae2dA0f361AA4BE46b48EB19C91e02c5e4f27E", "A", 1, "0x24Ae2dA0f361AA4BE46b48EB19C91e02c5e4f27E", 18, NULL); INSERT INTO common_asset_details(identifier, symbol, coingecko, cryptocompare, forked, started, swapped_for) VALUES("eip155:1/erc20:0x24Ae2dA0f361AA4BE46b48EB19C91e02c5e4f27E", "mevETH", "meveth", "", NULL, NULL, NULL);
*
INSERT INTO assets(identifier, name, type) VALUES("eip155:1/erc20:0x1BED97CBC3c24A4fb5C069C6E311a967386131f7", "Yearn Ether", "C"); INSERT INTO evm_tokens(identifier, token_kind, chain, address, decimals, protocol) VALUES("eip155:1/erc20:0x1BED97CBC3c24A4fb5C069C6E311a967386131f7", "A", 1, "0x1BED97CBC3c24A4fb5C069C6E311a967386131f7", 18, NULL); INSERT INTO common_asset_details(identifier, symbol, coingecko, cryptocompare, forked, started, swapped_for) VALUES("eip155:1/erc20:0x1BED97CBC3c24A4fb5C069C6E311a967386131f7", "yETH", "yearn-ether", "", NULL, 1688028407, NULL);
*
INSERT INTO assets(identifier, name, type) VALUES("eip155:1/erc20:0x583019fF0f430721aDa9cfb4fac8F06cA104d0B4", "Staked Yearn Ether", "C"); INSERT INTO evm_tokens(identifier, token_kind, chain, address, decimals, protocol) VALUES("eip155:1/erc20:0x583019fF0f430721aDa9cfb4fac8F06cA104d0B4", "A", 1, "0x583019fF0f430721aDa9cfb4fac8F06cA104d0B4", 18, NULL); INSERT INTO common_asset_details(identifier, symbol, coingecko, cryptocompare, forked, started, swapped_for) VALUES("eip155:1/erc20:0x583019fF0f430721aDa9cfb4fac8F06cA104d0B4", "st-yETH", "staked-yearn-ether", "", NULL, 1690839419, NULL);
*
INSERT INTO assets(identifier, name, type) VALUES("eip155:1/erc20:0x14778860E937f509e651192a90589dE711Fb88a9", "CyberConnect", "C"); INSERT INTO evm_tokens(identifier, token_kind, chain, address, decimals, protocol) VALUES("eip155:1/erc20:0x14778860E937f509e651192a90589dE711Fb88a9", "A", 1, "0x14778860E937f509e651192a90589dE711Fb88a9", 18, NULL); INSERT INTO common_asset_details(identifier, symbol, coingecko, cryptocompare, forked, started, swapped_for) VALUES("eip155:1/erc20:0x14778860E937f509e651192a90589dE711Fb88a9", "CYBER", "cyberconnect", "CYBER", NULL, 1690863167, NULL);
*
INSERT INTO assets(identifier, name, type) VALUES("eip155:10/erc20:0x14778860E937f509e651192a90589dE711Fb88a9", "CyberConnect", "C"); INSERT INTO evm_tokens(identifier, token_kind, chain, address, decimals, protocol) VALUES("eip155:10/erc20:0x14778860E937f509e651192a90589dE711Fb88a9", "A", 10, "0x14778860E937f509e651192a90589dE711Fb88a9", 18, NULL); INSERT INTO common_asset_details(identifier, symbol, coingecko, cryptocompare, forked, started, swapped_for) VALUES("eip155:10/erc20:0x14778860E937f509e651192a90589dE711Fb88a9", "CYBER", "cyberconnect", "CYBER", NULL, 1690863187, NULL);
*
INSERT INTO assets(identifier, name, type) VALUES("eip155:56/erc20:0x14778860E937f509e651192a90589dE711Fb88a9", "CyberConnect", "C"); INSERT INTO evm_tokens(identifier, token_kind, chain, address, decimals, protocol) VALUES("eip155:56/erc20:0x14778860E937f509e651192a90589dE711Fb88a9", "A", 56, "0x14778860E937f509e651192a90589dE711Fb88a9", 18, NULL); INSERT INTO common_asset_details(identifier, symbol, coingecko, cryptocompare, forked, started, swapped_for) VALUES("eip155:56/erc20:0x14778860E937f509e651192a90589dE711Fb88a9", "CYBER", "cyberconnect", "CYBER", NULL, NULL, NULL);
*
INSERT INTO assets(identifier, name, type) VALUES("VARA", "Equilibre", "W"); INSERT INTO common_asset_details(identifier, symbol, coingecko, cryptocompare, forked, started, swapped_for) VALUES("VARA", "VARA", "equilibre", "", NULL, 1677891600, NULL);
*
INSERT INTO assets(identifier, name, type) VALUES("eip155:1/erc20:0x5F7827FDeb7c20b443265Fc2F40845B715385Ff2", "EUR CoinVertible", "C"); INSERT INTO evm_tokens(identifier, token_kind, chain, address, decimals, protocol) VALUES("eip155:1/erc20:0x5F7827FDeb7c20b443265Fc2F40845B715385Ff2", "A", 1, "0x5F7827FDeb7c20b443265Fc2F40845B715385Ff2", 18, NULL); INSERT INTO common_asset_details(identifier, symbol, coingecko, cryptocompare, forked, started, swapped_for) VALUES("eip155:1/erc20:0x5F7827FDeb7c20b443265Fc2F40845B715385Ff2", "EURCV", "societe-generale-forge-eurcv", "", NULL, 1698243491, NULL);
*
INSERT INTO assets(identifier, name, type) VALUES("eip155:56/erc20:0x2CD14cbA3F26254beeD1d78158cd2B6F91809600", "Genshiro Token", "C"); INSERT INTO evm_tokens(identifier, token_kind, chain, address, decimals, protocol) VALUES("eip155:56/erc20:0x2CD14cbA3F26254beeD1d78158cd2B6F91809600", "A", 56, "0x2CD14cbA3F26254beeD1d78158cd2B6F91809600", 18, NULL); INSERT INTO common_asset_details(identifier, symbol, coingecko, cryptocompare, forked, started, swapped_for) VALUES("eip155:56/erc20:0x2CD14cbA3F26254beeD1d78158cd2B6F91809600", "GENS", "genshiro", "", NULL, NULL, NULL);
*
INSERT INTO assets(identifier, name, type) VALUES("eip155:1/erc20:0x1151CB3d861920e07a38e03eEAd12C32178567F6", "Bonk", "C"); INSERT INTO evm_tokens(identifier, token_kind, chain, address, decimals, protocol) VALUES("eip155:1/erc20:0x1151CB3d861920e07a38e03eEAd12C32178567F6", "A", 1, "0x1151CB3d861920e07a38e03eEAd12C32178567F6", 5, NULL); INSERT INTO common_asset_details(identifier, symbol, coingecko, cryptocompare, forked, started, swapped_for) VALUES("eip155:1/erc20:0x1151CB3d861920e07a38e03eEAd12C32178567F6", "Bonk", "bonk", "BONK", NULL, 1676398607, NULL);
*
INSERT INTO assets(identifier, name, type) VALUES("eip155:42161/erc20:0x09199d9A5F4448D0848e4395D065e1ad9c4a1F74", "Bonk", "C"); INSERT INTO evm_tokens(identifier, token_kind, chain, address, decimals, protocol) VALUES("eip155:42161/erc20:0x09199d9A5F4448D0848e4395D065e1ad9c4a1F74", "A", 42161, "0x09199d9A5F4448D0848e4395D065e1ad9c4a1F74", 5, NULL); INSERT INTO common_asset_details(identifier, symbol, coingecko, cryptocompare, forked, started, swapped_for) VALUES("eip155:42161/erc20:0x09199d9A5F4448D0848e4395D065e1ad9c4a1F74", "Bonk", "bonk", "BONK", NULL, 1678912524, NULL);
*
INSERT INTO assets(identifier, name, type) VALUES("eip155:56/erc20:0xA697e272a73744b343528C3Bc4702F2565b2F422", "Bonk", "C"); INSERT INTO evm_tokens(identifier, token_kind, chain, address, decimals, protocol) VALUES("eip155:56/erc20:0xA697e272a73744b343528C3Bc4702F2565b2F422", "A", 56, "0xA697e272a73744b343528C3Bc4702F2565b2F422", 5, NULL); INSERT INTO common_asset_details(identifier, symbol, coingecko, cryptocompare, forked, started, swapped_for) VALUES("eip155:56/erc20:0xA697e272a73744b343528C3Bc4702F2565b2F422", "Bonk", "bonk", "BONK", NULL, NULL, NULL);
*
INSERT INTO assets(identifier, name, type) VALUES("eip155:137/erc20:0xe5B49820e5A1063F6F4DdF851327b5E8B2301048", "Bonk", "C"); INSERT INTO evm_tokens(identifier, token_kind, chain, address, decimals, protocol) VALUES("eip155:137/erc20:0xe5B49820e5A1063F6F4DdF851327b5E8B2301048", "A", 137, "0xe5B49820e5A1063F6F4DdF851327b5E8B2301048", 5, NULL); INSERT INTO common_asset_details(identifier, symbol, coingecko, cryptocompare, forked, started, swapped_for) VALUES("eip155:137/erc20:0xe5B49820e5A1063F6F4DdF851327b5E8B2301048", "Bonk", "bonk", "BONK", NULL, NULL, NULL);
*
INSERT INTO assets(identifier, name, type) VALUES("eip155:1/erc20:0xeA60CD69F2B9fD6Eb067bdDBbF86a5BdeFfbBc55", "Wecan", "C"); INSERT INTO evm_tokens(identifier, token_kind, chain, address, decimals, protocol) VALUES("eip155:1/erc20:0xeA60CD69F2B9fD6Eb067bdDBbF86a5BdeFfbBc55", "A", 1, "0xeA60CD69F2B9fD6Eb067bdDBbF86a5BdeFfbBc55", 18, NULL); INSERT INTO common_asset_details(identifier, symbol, coingecko, cryptocompare, forked, started, swapped_for) VALUES("eip155:1/erc20:0xeA60CD69F2B9fD6Eb067bdDBbF86a5BdeFfbBc55", "WECAN", "wecan", "", NULL, NULL, NULL);
*
INSERT INTO assets(identifier, name, type) VALUES("eip155:1/erc20:0x64d0f55Cd8C7133a9D7102b13987235F486F2224", "SwissBorg Token", "C"); INSERT INTO evm_tokens(identifier, token_kind, chain, address, decimals, protocol) VALUES("eip155:1/erc20:0x64d0f55Cd8C7133a9D7102b13987235F486F2224", "A", 1, "0x64d0f55Cd8C7133a9D7102b13987235F486F2224", 18, NULL); INSERT INTO common_asset_details(identifier, symbol, coingecko, cryptocompare, forked, started, swapped_for) VALUES("eip155:1/erc20:0x64d0f55Cd8C7133a9D7102b13987235F486F2224", "BORG", "swissborg", "", NULL, 1692772583, NULL);
*
INSERT INTO assets(identifier, name, type) VALUES("eip155:1/erc20:0xe485E2f1bab389C08721B291f6b59780feC83Fd7", "Shutter", "C"); INSERT INTO evm_tokens(identifier, token_kind, chain, address, decimals, protocol) VALUES("eip155:1/erc20:0xe485E2f1bab389C08721B291f6b59780feC83Fd7", "A", 1, "0xe485E2f1bab389C08721B291f6b59780feC83Fd7", 18, NULL); INSERT INTO common_asset_details(identifier, symbol, coingecko, cryptocompare, forked, started, swapped_for) VALUES("eip155:1/erc20:0xe485E2f1bab389C08721B291f6b59780feC83Fd7", "SHU", "", "", NULL, 1705431563, NULL);
*
INSERT INTO assets(identifier, name, type) VALUES("eip155:137/erc20:0x0169eC1f8f639B32Eec6D923e24C2A2ff45B9DD6", "Algebra", "C"); INSERT INTO evm_tokens(identifier, token_kind, chain, address, decimals, protocol) VALUES("eip155:137/erc20:0x0169eC1f8f639B32Eec6D923e24C2A2ff45B9DD6", "A", 137, "0x0169eC1f8f639B32Eec6D923e24C2A2ff45B9DD6", 18, NULL); INSERT INTO common_asset_details(identifier, symbol, coingecko, cryptocompare, forked, started, swapped_for) VALUES("eip155:137/erc20:0x0169eC1f8f639B32Eec6D923e24C2A2ff45B9DD6", "ALGB", "algebra", "ALGB", NULL, NULL, NULL);
*
INSERT INTO assets(identifier, name, type) VALUES("eip155:1/erc20:0xFE67A4450907459c3e1FFf623aA927dD4e28c67a", "Connext", "C"); INSERT INTO evm_tokens(identifier, token_kind, chain, address, decimals, protocol) VALUES("eip155:1/erc20:0xFE67A4450907459c3e1FFf623aA927dD4e28c67a", "A", 1, "0xFE67A4450907459c3e1FFf623aA927dD4e28c67a", 18, NULL); INSERT INTO common_asset_details(identifier, symbol, coingecko, cryptocompare, forked, started, swapped_for) VALUES("eip155:1/erc20:0xFE67A4450907459c3e1FFf623aA927dD4e28c67a", "NEXT", "connext", "NEXT", NULL, 1680625643, NULL);
*
INSERT INTO assets(identifier, name, type) VALUES("eip155:42161/erc20:0x58b9cB810A68a7f3e1E4f8Cb45D1B9B3c79705E8", "Connext", "C"); INSERT INTO evm_tokens(identifier, token_kind, chain, address, decimals, protocol) VALUES("eip155:42161/erc20:0x58b9cB810A68a7f3e1E4f8Cb45D1B9B3c79705E8", "A", 42161, "0x58b9cB810A68a7f3e1E4f8Cb45D1B9B3c79705E8", 18, NULL); INSERT INTO common_asset_details(identifier, symbol, coingecko, cryptocompare, forked, started, swapped_for) VALUES("eip155:42161/erc20:0x58b9cB810A68a7f3e1E4f8Cb45D1B9B3c79705E8", "NEXT", "connext", "NEXT", NULL, 1693777932, NULL);
*
INSERT INTO assets(identifier, name, type) VALUES("eip155:100/erc20:0x58b9cB810A68a7f3e1E4f8Cb45D1B9B3c79705E8", "Connext", "C"); INSERT INTO evm_tokens(identifier, token_kind, chain, address, decimals, protocol) VALUES("eip155:100/erc20:0x58b9cB810A68a7f3e1E4f8Cb45D1B9B3c79705E8", "A", 100, "0x58b9cB810A68a7f3e1E4f8Cb45D1B9B3c79705E8", 18, NULL); INSERT INTO common_asset_details(identifier, symbol, coingecko, cryptocompare, forked, started, swapped_for) VALUES("eip155:100/erc20:0x58b9cB810A68a7f3e1E4f8Cb45D1B9B3c79705E8", "NEXT", "connext", "NEXT", NULL, 1693777780, NULL);
*
INSERT INTO assets(identifier, name, type) VALUES("eip155:137/erc20:0x58b9cB810A68a7f3e1E4f8Cb45D1B9B3c79705E8", "Connext", "C"); INSERT INTO evm_tokens(identifier, token_kind, chain, address, decimals, protocol) VALUES("eip155:137/erc20:0x58b9cB810A68a7f3e1E4f8Cb45D1B9B3c79705E8", "A", 137, "0x58b9cB810A68a7f3e1E4f8Cb45D1B9B3c79705E8", 18, NULL); INSERT INTO common_asset_details(identifier, symbol, coingecko, cryptocompare, forked, started, swapped_for) VALUES("eip155:137/erc20:0x58b9cB810A68a7f3e1E4f8Cb45D1B9B3c79705E8", "NEXT", "connext", "NEXT", NULL, NULL, NULL);
*
INSERT INTO assets(identifier, name, type) VALUES("eip155:56/erc20:0x58b9cB810A68a7f3e1E4f8Cb45D1B9B3c79705E8", "Connext", "C"); INSERT INTO evm_tokens(identifier, token_kind, chain, address, decimals, protocol) VALUES("eip155:56/erc20:0x58b9cB810A68a7f3e1E4f8Cb45D1B9B3c79705E8", "A", 56, "0x58b9cB810A68a7f3e1E4f8Cb45D1B9B3c79705E8", 18, NULL); INSERT INTO common_asset_details(identifier, symbol, coingecko, cryptocompare, forked, started, swapped_for) VALUES("eip155:56/erc20:0x58b9cB810A68a7f3e1E4f8Cb45D1B9B3c79705E8", "NEXT", "connext", "NEXT", NULL, NULL, NULL);
*
INSERT INTO assets(identifier, name, type) VALUES("eip155:100/erc20:0x4ECaBa5870353805a9F068101A40E0f32ed605C6", "Tether USD on xDai", "C"); INSERT INTO evm_tokens(identifier, token_kind, chain, address, decimals, protocol) VALUES("eip155:100/erc20:0x4ECaBa5870353805a9F068101A40E0f32ed605C6", "A", 100, "0x4ECaBa5870353805a9F068101A40E0f32ed605C6", 6, NULL); INSERT INTO common_asset_details(identifier, symbol, coingecko, cryptocompare, forked, started, swapped_for) VALUES("eip155:100/erc20:0x4ECaBa5870353805a9F068101A40E0f32ed605C6", "USDT", "tether", "USDT", NULL, 1598133200, NULL);
*
INSERT INTO assets(identifier, name, type) VALUES("eip155:10/erc20:0xFE8B128bA8C78aabC59d4c64cEE7fF28e9379921", "Balancer", "C"); INSERT INTO evm_tokens(identifier, token_kind, chain, address, decimals, protocol) VALUES("eip155:10/erc20:0xFE8B128bA8C78aabC59d4c64cEE7fF28e9379921", "A", 10, "0xFE8B128bA8C78aabC59d4c64cEE7fF28e9379921", 18, NULL); INSERT INTO common_asset_details(identifier, symbol, coingecko, cryptocompare, forked, started, swapped_for) VALUES("eip155:10/erc20:0xFE8B128bA8C78aabC59d4c64cEE7fF28e9379921", "BAL", "balancer", "BAL", NULL, 1652121565, NULL);
*
INSERT INTO assets(identifier, name, type) VALUES("eip155:8453/erc20:0x4158734D47Fc9692176B5085E0F52ee0Da5d47F1", "Balancer", "C"); INSERT INTO evm_tokens(identifier, token_kind, chain, address, decimals, protocol) VALUES("eip155:8453/erc20:0x4158734D47Fc9692176B5085E0F52ee0Da5d47F1", "A", 8453, "0x4158734D47Fc9692176B5085E0F52ee0Da5d47F1", 18, NULL); INSERT INTO common_asset_details(identifier, symbol, coingecko, cryptocompare, forked, started, swapped_for) VALUES("eip155:8453/erc20:0x4158734D47Fc9692176B5085E0F52ee0Da5d47F1", "BAL", "balancer", "BAL", NULL, 1691871253, NULL);
*
INSERT INTO assets(identifier, name, type) VALUES("eip155:100/erc20:0x7eF541E2a22058048904fE5744f9c7E4C57AF717", "Balancer on xDai", "C"); INSERT INTO evm_tokens(identifier, token_kind, chain, address, decimals, protocol) VALUES("eip155:100/erc20:0x7eF541E2a22058048904fE5744f9c7E4C57AF717", "A", 100, "0x7eF541E2a22058048904fE5744f9c7E4C57AF717", 18, NULL); INSERT INTO common_asset_details(identifier, symbol, coingecko, cryptocompare, forked, started, swapped_for) VALUES("eip155:100/erc20:0x7eF541E2a22058048904fE5744f9c7E4C57AF717", "BAL", "balancer", "BAL", NULL, 1603567405, NULL);
*
INSERT INTO assets(identifier, name, type) VALUES("JUP", "Jupiter", "Y"); INSERT INTO common_asset_details(identifier, symbol, coingecko, cryptocompare, forked, started, swapped_for) VALUES("JUP", "JUP", "jupiter-exchange-solana", "", NULL, 1700496023, NULL);
*
INSERT INTO assets(identifier, name, type) VALUES("eip155:1/erc20:0xC0c293ce456fF0ED870ADd98a0828Dd4d2903DBF", "Aura", "C"); INSERT INTO evm_tokens(identifier, token_kind, chain, address, decimals, protocol) VALUES("eip155:1/erc20:0xC0c293ce456fF0ED870ADd98a0828Dd4d2903DBF", "A", 1, "0xC0c293ce456fF0ED870ADd98a0828Dd4d2903DBF", 18, NULL); INSERT INTO common_asset_details(identifier, symbol, coingecko, cryptocompare, forked, started, swapped_for) VALUES("eip155:1/erc20:0xC0c293ce456fF0ED870ADd98a0828Dd4d2903DBF", "AURA", "aura-finance", "", NULL, 1654771511, NULL);
*
INSERT INTO assets(identifier, name, type) VALUES("eip155:100/erc20:0x1509706a6c66CA549ff0cB464de88231DDBe213B", "Aura", "C"); INSERT INTO evm_tokens(identifier, token_kind, chain, address, decimals, protocol) VALUES("eip155:100/erc20:0x1509706a6c66CA549ff0cB464de88231DDBe213B", "A", 100, "0x1509706a6c66CA549ff0cB464de88231DDBe213B", 18, NULL); INSERT INTO common_asset_details(identifier, symbol, coingecko, cryptocompare, forked, started, swapped_for) VALUES("eip155:100/erc20:0x1509706a6c66CA549ff0cB464de88231DDBe213B", "AURA", "aura-finance", "", NULL, 1691101515, NULL);
*
INSERT INTO assets(identifier, name, type) VALUES("DYM", "Dymension", "W"); INSERT INTO common_asset_details(identifier, symbol, coingecko, cryptocompare, forked, started, swapped_for) VALUES("DYM", "DYM", "dymension", "DYM", NULL, 1707220800, NULL);
*
INSERT INTO assets(identifier, name, type) VALUES("PICA", "Picasso", "W"); INSERT INTO common_asset_details(identifier, symbol, coingecko, cryptocompare, forked, started, swapped_for) VALUES("PICA", "PICA", "picasso", "", NULL, 1691629200, NULL);
*
INSERT INTO assets(identifier, name, type) VALUES("WIF", "dogwifhat", "Y"); INSERT INTO common_asset_details(identifier, symbol, coingecko, cryptocompare, forked, started, swapped_for) VALUES("WIF", "WIF", "dogwifcoin", "WIF", NULL, 1702450800, NULL);
*
INSERT INTO assets(identifier, name, type) VALUES("MANTA", "Manta Network", "B"); INSERT INTO common_asset_details(identifier, symbol, coingecko, cryptocompare, forked, started, swapped_for) VALUES("MANTA", "MANTA", "manta-network", "MANTA", NULL, 1718712060, NULL);
*
INSERT INTO assets(identifier, name, type) VALUES("eip155:1/erc20:0x62D0A8458eD7719FDAF978fe5929C6D342B0bFcE", "Beam", "C"); INSERT INTO evm_tokens(identifier, token_kind, chain, address, decimals, protocol) VALUES("eip155:1/erc20:0x62D0A8458eD7719FDAF978fe5929C6D342B0bFcE", "A", 1, "0x62D0A8458eD7719FDAF978fe5929C6D342B0bFcE", 18, NULL); INSERT INTO common_asset_details(identifier, symbol, coingecko, cryptocompare, forked, started, swapped_for) VALUES("eip155:1/erc20:0x62D0A8458eD7719FDAF978fe5929C6D342B0bFcE", "BEAM", "beam-2", "BEAM", NULL, 1697466275, NULL);
*
INSERT INTO assets(identifier, name, type) VALUES("eip155:56/erc20:0x62D0A8458eD7719FDAF978fe5929C6D342B0bFcE", "Beam", "C"); INSERT INTO evm_tokens(identifier, token_kind, chain, address, decimals, protocol) VALUES("eip155:56/erc20:0x62D0A8458eD7719FDAF978fe5929C6D342B0bFcE", "A", 56, "0x62D0A8458eD7719FDAF978fe5929C6D342B0bFcE", 18, NULL); INSERT INTO common_asset_details(identifier, symbol, coingecko, cryptocompare, forked, started, swapped_for) VALUES("eip155:56/erc20:0x62D0A8458eD7719FDAF978fe5929C6D342B0bFcE", "BEAM", "beam-2", "BEAM", NULL, NULL, NULL);
*
INSERT INTO assets(identifier, name, type) VALUES("eip155:56/erc20:0x75E8ddB518bB757b4282cd5b83bb70d4101D12FB", "NFPrompt Token", "C"); INSERT INTO evm_tokens(identifier, token_kind, chain, address, decimals, protocol) VALUES("eip155:56/erc20:0x75E8ddB518bB757b4282cd5b83bb70d4101D12FB", "A", 56, "0x75E8ddB518bB757b4282cd5b83bb70d4101D12FB", 18, NULL); INSERT INTO common_asset_details(identifier, symbol, coingecko, cryptocompare, forked, started, swapped_for) VALUES("eip155:56/erc20:0x75E8ddB518bB757b4282cd5b83bb70d4101D12FB", "NFP", "nfprompt-token", "NFP", NULL, NULL, NULL);
*
INSERT INTO assets(identifier, name, type) VALUES("eip155:137/erc20:0x8DE5B80a0C1B02Fe4976851D030B36122dbb8624", "VANRY", "C"); INSERT INTO evm_tokens(identifier, token_kind, chain, address, decimals, protocol) VALUES("eip155:137/erc20:0x8DE5B80a0C1B02Fe4976851D030B36122dbb8624", "A", 137, "0x8DE5B80a0C1B02Fe4976851D030B36122dbb8624", 18, NULL); INSERT INTO common_asset_details(identifier, symbol, coingecko, cryptocompare, forked, started, swapped_for) VALUES("eip155:137/erc20:0x8DE5B80a0C1B02Fe4976851D030B36122dbb8624", "VANRY", "vanar-chain", "VANRY", NULL, NULL, NULL);
*
INSERT INTO assets(identifier, name, type) VALUES("eip155:1/erc20:0x8DE5B80a0C1B02Fe4976851D030B36122dbb8624", "VANRY", "C"); INSERT INTO evm_tokens(identifier, token_kind, chain, address, decimals, protocol) VALUES("eip155:1/erc20:0x8DE5B80a0C1B02Fe4976851D030B36122dbb8624", "A", 1, "0x8DE5B80a0C1B02Fe4976851D030B36122dbb8624", 18, NULL); INSERT INTO common_asset_details(identifier, symbol, coingecko, cryptocompare, forked, started, swapped_for) VALUES("eip155:1/erc20:0x8DE5B80a0C1B02Fe4976851D030B36122dbb8624", "VANRY", "vanar-chain", "VANRY", NULL, 1698946235, NULL);
*
INSERT INTO assets(identifier, name, type) VALUES("VIC", "Viction", "B"); INSERT INTO common_asset_details(identifier, symbol, coingecko, cryptocompare, forked, started, swapped_for) VALUES("VIC", "VIC", "tomochain", "TOMOE", NULL, 1500076800, NULL);
*
INSERT INTO assets(identifier, name, type) VALUES("1000SATS", "1000SATS", "W"); INSERT INTO common_asset_details(identifier, symbol, coingecko, cryptocompare, forked, started, swapped_for) VALUES("1000SATS", "1000SATS", "1000sats-ordinals", "", NULL, 1702879260, NULL);
*
INSERT INTO assets(identifier, name, type) VALUES("eip155:56/erc20:0xE29142E14E52bdFBb8108076f66f49661F10EC10", "SeilorToken", "C"); INSERT INTO evm_tokens(identifier, token_kind, chain, address, decimals, protocol) VALUES("eip155:56/erc20:0xE29142E14E52bdFBb8108076f66f49661F10EC10", "A", 56, "0xE29142E14E52bdFBb8108076f66f49661F10EC10", 18, NULL); INSERT INTO common_asset_details(identifier, symbol, coingecko, cryptocompare, forked, started, swapped_for) VALUES("eip155:56/erc20:0xE29142E14E52bdFBb8108076f66f49661F10EC10", "SEILOR", "kryptonite", "SEILOR", NULL, NULL, NULL);
*
INSERT INTO assets(identifier, name, type) VALUES("eip155:1/erc20:0x2217e5921B7edfB4BB193a6228459974010D2198", "Qmall Token", "C"); INSERT INTO evm_tokens(identifier, token_kind, chain, address, decimals, protocol) VALUES("eip155:1/erc20:0x2217e5921B7edfB4BB193a6228459974010D2198", "A", 1, "0x2217e5921B7edfB4BB193a6228459974010D2198", 18, NULL); INSERT INTO common_asset_details(identifier, symbol, coingecko, cryptocompare, forked, started, swapped_for) VALUES("eip155:1/erc20:0x2217e5921B7edfB4BB193a6228459974010D2198", "QMALL", "qmall", "QMALL", NULL, 1644563653, NULL);
*
INSERT INTO assets(identifier, name, type) VALUES("eip155:56/erc20:0x07e551E31A793E20dc18494ff6b03095A8F8Ee36", "Qmall Token", "C"); INSERT INTO evm_tokens(identifier, token_kind, chain, address, decimals, protocol) VALUES("eip155:56/erc20:0x07e551E31A793E20dc18494ff6b03095A8F8Ee36", "A", 56, "0x07e551E31A793E20dc18494ff6b03095A8F8Ee36", 18, NULL); INSERT INTO common_asset_details(identifier, symbol, coingecko, cryptocompare, forked, started, swapped_for) VALUES("eip155:56/erc20:0x07e551E31A793E20dc18494ff6b03095A8F8Ee36", "QMALL", "qmall", "QMALL", NULL, NULL, NULL);
*
INSERT INTO assets(identifier, name, type) VALUES("eip155:42161/erc20:0x95146881b86B3ee99e63705eC87AfE29Fcc044D9", "Vertex", "C"); INSERT INTO evm_tokens(identifier, token_kind, chain, address, decimals, protocol) VALUES("eip155:42161/erc20:0x95146881b86B3ee99e63705eC87AfE29Fcc044D9", "A", 42161, "0x95146881b86B3ee99e63705eC87AfE29Fcc044D9", 18, NULL); INSERT INTO common_asset_details(identifier, symbol, coingecko, cryptocompare, forked, started, swapped_for) VALUES("eip155:42161/erc20:0x95146881b86B3ee99e63705eC87AfE29Fcc044D9", "VRTX", "vertex-protocol", "VRTX", NULL, 1699487718, NULL);
*
INSERT INTO assets(identifier, name, type) VALUES("eip155:1/erc20:0xb2617246d0c6c0087f18703d576831899ca94f01", "ZigCoin", "C"); INSERT INTO evm_tokens(identifier, token_kind, chain, address, decimals, protocol) VALUES("eip155:1/erc20:0xb2617246d0c6c0087f18703d576831899ca94f01", "A", 1, "0xb2617246d0c6c0087f18703d576831899ca94f01", 18, NULL); INSERT INTO common_asset_details(identifier, symbol, coingecko, cryptocompare, forked, started, swapped_for) VALUES("eip155:1/erc20:0xb2617246d0c6c0087f18703d576831899ca94f01", "ZIG", "zignaly", "ZIG", NULL, 1639393823, NULL);
*
INSERT INTO assets(identifier, name, type) VALUES("eip155:56/erc20:0x8C907e0a72C3d55627E853f4ec6a96b0C8771145", "ZigCoin", "C"); INSERT INTO evm_tokens(identifier, token_kind, chain, address, decimals, protocol) VALUES("eip155:56/erc20:0x8C907e0a72C3d55627E853f4ec6a96b0C8771145", "A", 56, "0x8C907e0a72C3d55627E853f4ec6a96b0C8771145", 18, NULL); INSERT INTO common_asset_details(identifier, symbol, coingecko, cryptocompare, forked, started, swapped_for) VALUES("eip155:56/erc20:0x8C907e0a72C3d55627E853f4ec6a96b0C8771145", "ZIG", "zignaly", "ZIG", NULL, NULL, NULL);
*
INSERT INTO assets(identifier, name, type) VALUES("eip155:137/erc20:0x7BeBd226154E865954A87650FAefA8F485d36081", "ZigCoin", "C"); INSERT INTO evm_tokens(identifier, token_kind, chain, address, decimals, protocol) VALUES("eip155:137/erc20:0x7BeBd226154E865954A87650FAefA8F485d36081", "A", 137, "0x7BeBd226154E865954A87650FAefA8F485d36081", 18, NULL); INSERT INTO common_asset_details(identifier, symbol, coingecko, cryptocompare, forked, started, swapped_for) VALUES("eip155:137/erc20:0x7BeBd226154E865954A87650FAefA8F485d36081", "ZIG", "zignaly", "ZIG", NULL, NULL, NULL);
*
INSERT INTO assets(identifier, name, type) VALUES("eip155:1/erc20:0x52A8845DF664D76C69d2EEa607CD793565aF42B8", "ApeX Token", "C"); INSERT INTO evm_tokens(identifier, token_kind, chain, address, decimals, protocol) VALUES("eip155:1/erc20:0x52A8845DF664D76C69d2EEa607CD793565aF42B8", "A", 1, "0x52A8845DF664D76C69d2EEa607CD793565aF42B8", 18, NULL); INSERT INTO common_asset_details(identifier, symbol, coingecko, cryptocompare, forked, started, swapped_for) VALUES("eip155:1/erc20:0x52A8845DF664D76C69d2EEa607CD793565aF42B8", "APEX", "apex-token-2", "", NULL, NULL, NULL);
*
INSERT INTO assets(identifier, name, type) VALUES("eip155:42161/erc20:0x61A1ff55C5216b636a294A07D77C6F4Df10d3B56", "ApeX Token", "C"); INSERT INTO evm_tokens(identifier, token_kind, chain, address, decimals, protocol) VALUES("eip155:42161/erc20:0x61A1ff55C5216b636a294A07D77C6F4Df10d3B56", "A", 42161, "0x61A1ff55C5216b636a294A07D77C6F4Df10d3B56", 18, NULL); INSERT INTO common_asset_details(identifier, symbol, coingecko, cryptocompare, forked, started, swapped_for) VALUES("eip155:42161/erc20:0x61A1ff55C5216b636a294A07D77C6F4Df10d3B56", "APEX", "apex-token-2", "", NULL, 1645968237, NULL);
*
INSERT INTO assets(identifier, name, type) VALUES("eip155:1/erc20:0x2C06BA9e7F0dACcbC1f6A33EA67e85bb68fbEE3a", "Lends", "C"); INSERT INTO evm_tokens(identifier, token_kind, chain, address, decimals, protocol) VALUES("eip155:1/erc20:0x2C06BA9e7F0dACcbC1f6A33EA67e85bb68fbEE3a", "A", 1, "0x2C06BA9e7F0dACcbC1f6A33EA67e85bb68fbEE3a", 18, NULL); INSERT INTO common_asset_details(identifier, symbol, coingecko, cryptocompare, forked, started, swapped_for) VALUES("eip155:1/erc20:0x2C06BA9e7F0dACcbC1f6A33EA67e85bb68fbEE3a", "LENDS", "lends", "", NULL, NULL, NULL);
*
INSERT INTO assets(identifier, name, type) VALUES("eip155:56/erc20:0x2B72867c32CF673F7b02d208B26889fEd353B1f8", "Magic Square", "C"); INSERT INTO evm_tokens(identifier, token_kind, chain, address, decimals, protocol) VALUES("eip155:56/erc20:0x2B72867c32CF673F7b02d208B26889fEd353B1f8", "A", 56, "0x2B72867c32CF673F7b02d208B26889fEd353B1f8", 8, NULL); INSERT INTO common_asset_details(identifier, symbol, coingecko, cryptocompare, forked, started, swapped_for) VALUES("eip155:56/erc20:0x2B72867c32CF673F7b02d208B26889fEd353B1f8", "SQR", "magic-square", "SQR", NULL, NULL, NULL);
*
INSERT INTO assets(identifier, name, type) VALUES("eip155:1/erc20:0x96F6eF951840721AdBF46Ac996b59E0235CB985C", "Ondo U.S. Dollar Yield", "C"); INSERT INTO evm_tokens(identifier, token_kind, chain, address, decimals, protocol) VALUES("eip155:1/erc20:0x96F6eF951840721AdBF46Ac996b59E0235CB985C", "A", 1, "0x96F6eF951840721AdBF46Ac996b59E0235CB985C", 18, NULL); INSERT INTO common_asset_details(identifier, symbol, coingecko, cryptocompare, forked, started, swapped_for) VALUES("eip155:1/erc20:0x96F6eF951840721AdBF46Ac996b59E0235CB985C", "USDY", "ondo-us-dollar-yield", "", NULL, NULL, NULL);
*
INSERT INTO assets(identifier, name, type) VALUES("eip155:1/erc20:0x1cF4592ebfFd730c7dc92c1bdFFDfc3B9EfCf29a", "WAVES", "C"); INSERT INTO evm_tokens(identifier, token_kind, chain, address, decimals, protocol) VALUES("eip155:1/erc20:0x1cF4592ebfFd730c7dc92c1bdFFDfc3B9EfCf29a", "A", 1, "0x1cF4592ebfFd730c7dc92c1bdFFDfc3B9EfCf29a", 18, NULL); INSERT INTO common_asset_details(identifier, symbol, coingecko, cryptocompare, forked, started, swapped_for) VALUES("eip155:1/erc20:0x1cF4592ebfFd730c7dc92c1bdFFDfc3B9EfCf29a", "WAVES", "waves", "WAVES", NULL, 1603204574, NULL);
*
INSERT INTO assets(identifier, name, type) VALUES("eip155:1/erc20:0xa3EE21C306A700E682AbCdfe9BaA6A08F3820419", "Gluwa Creditcoin Vesting Token", "C"); INSERT INTO evm_tokens(identifier, token_kind, chain, address, decimals, protocol) VALUES("eip155:1/erc20:0xa3EE21C306A700E682AbCdfe9BaA6A08F3820419", "A", 1, "0xa3EE21C306A700E682AbCdfe9BaA6A08F3820419", 18, NULL); INSERT INTO common_asset_details(identifier, symbol, coingecko, cryptocompare, forked, started, swapped_for) VALUES("eip155:1/erc20:0xa3EE21C306A700E682AbCdfe9BaA6A08F3820419", "G-CRE", "creditcoin-2", "CTC", NULL, 1555372277, NULL);
*
INSERT INTO assets(identifier, name, type) VALUES("eip155:1/erc20:0x1afb69DBC9f54d08DAB1bD3436F8Da1af819E647", "MELOS", "C"); INSERT INTO evm_tokens(identifier, token_kind, chain, address, decimals, protocol) VALUES("eip155:1/erc20:0x1afb69DBC9f54d08DAB1bD3436F8Da1af819E647", "A", 1, "0x1afb69DBC9f54d08DAB1bD3436F8Da1af819E647", 18, NULL); INSERT INTO common_asset_details(identifier, symbol, coingecko, cryptocompare, forked, started, swapped_for) VALUES("eip155:1/erc20:0x1afb69DBC9f54d08DAB1bD3436F8Da1af819E647", "MELOS", "melos-studio", "MELOS", NULL, 1645509503, NULL);
*
INSERT INTO assets(identifier, name, type) VALUES("eip155:56/erc20:0x60322971a672B81BccE5947706D22c19dAeCf6Fb", "MarsDAO", "C"); INSERT INTO evm_tokens(identifier, token_kind, chain, address, decimals, protocol) VALUES("eip155:56/erc20:0x60322971a672B81BccE5947706D22c19dAeCf6Fb", "A", 56, "0x60322971a672B81BccE5947706D22c19dAeCf6Fb", 18, NULL); INSERT INTO common_asset_details(identifier, symbol, coingecko, cryptocompare, forked, started, swapped_for) VALUES("eip155:56/erc20:0x60322971a672B81BccE5947706D22c19dAeCf6Fb", "MDAO", "marsdao", "MDAO", NULL, NULL, NULL);
*
INSERT INTO assets(identifier, name, type) VALUES("eip155:137/erc20:0xFf76c0B48363A7C7307868a81548d340049b0023", "DerbyStarsRUN", "C"); INSERT INTO evm_tokens(identifier, token_kind, chain, address, decimals, protocol) VALUES("eip155:137/erc20:0xFf76c0B48363A7C7307868a81548d340049b0023", "A", 137, "0xFf76c0B48363A7C7307868a81548d340049b0023", 18, NULL); INSERT INTO common_asset_details(identifier, symbol, coingecko, cryptocompare, forked, started, swapped_for) VALUES("eip155:137/erc20:0xFf76c0B48363A7C7307868a81548d340049b0023", "DSRUN", "derby-stars-run", "", NULL, NULL, NULL);
*
INSERT INTO assets(identifier, name, type) VALUES("eip155:56/erc20:0x29a63F4B209C29B4DC47f06FFA896F32667DAD2C", "PURSE TOKEN", "C"); INSERT INTO evm_tokens(identifier, token_kind, chain, address, decimals, protocol) VALUES("eip155:56/erc20:0x29a63F4B209C29B4DC47f06FFA896F32667DAD2C", "A", 56, "0x29a63F4B209C29B4DC47f06FFA896F32667DAD2C", 18, NULL); INSERT INTO common_asset_details(identifier, symbol, coingecko, cryptocompare, forked, started, swapped_for) VALUES("eip155:56/erc20:0x29a63F4B209C29B4DC47f06FFA896F32667DAD2C", "PURSE", "pundi-x-purse", "", NULL, NULL, NULL);
*
INSERT INTO assets(identifier, name, type) VALUES("eip155:1/erc20:0x95987b0cdC7F65d989A30B3B7132a38388c548Eb", "PURSE TOKEN", "C"); INSERT INTO evm_tokens(identifier, token_kind, chain, address, decimals, protocol) VALUES("eip155:1/erc20:0x95987b0cdC7F65d989A30B3B7132a38388c548Eb", "A", 1, "0x95987b0cdC7F65d989A30B3B7132a38388c548Eb", 18, NULL); INSERT INTO common_asset_details(identifier, symbol, coingecko, cryptocompare, forked, started, swapped_for) VALUES("eip155:1/erc20:0x95987b0cdC7F65d989A30B3B7132a38388c548Eb", "PURSE", "pundi-x-purse", "", NULL, NULL, NULL);
*
INSERT INTO assets(identifier, name, type) VALUES("eip155:1/erc20:0x11eeF04c884E24d9B7B4760e7476D06ddF797f36", "MX Token", "C"); INSERT INTO evm_tokens(identifier, token_kind, chain, address, decimals, protocol) VALUES("eip155:1/erc20:0x11eeF04c884E24d9B7B4760e7476D06ddF797f36", "A", 1, "0x11eeF04c884E24d9B7B4760e7476D06ddF797f36", 18, NULL); INSERT INTO common_asset_details(identifier, symbol, coingecko, cryptocompare, forked, started, swapped_for) VALUES("eip155:1/erc20:0x11eeF04c884E24d9B7B4760e7476D06ddF797f36", "MX", "mx-token", "MX", NULL, 1529590852, NULL);
*
INSERT INTO assets(identifier, name, type) VALUES("eip155:1/erc20:0xFc0B60E0DF5Dc9d4B72D957cA2d251ceE308019a", "Shattered Legion", "C"); INSERT INTO evm_tokens(identifier, token_kind, chain, address, decimals, protocol) VALUES("eip155:1/erc20:0xFc0B60E0DF5Dc9d4B72D957cA2d251ceE308019a", "A", 1, "0xFc0B60E0DF5Dc9d4B72D957cA2d251ceE308019a", 18, NULL); INSERT INTO common_asset_details(identifier, symbol, coingecko, cryptocompare, forked, started, swapped_for) VALUES("eip155:1/erc20:0xFc0B60E0DF5Dc9d4B72D957cA2d251ceE308019a", "SLG", "land-of-conquest-slg", "SLG", NULL, NULL, NULL);
*
INSERT INTO assets(identifier, name, type) VALUES("eip155:1/erc20:0x29d578CEc46B50Fa5C88a99C6A4B70184C062953", "Wrapped Ever", "C"); INSERT INTO evm_tokens(identifier, token_kind, chain, address, decimals, protocol) VALUES("eip155:1/erc20:0x29d578CEc46B50Fa5C88a99C6A4B70184C062953", "A", 1, "0x29d578CEc46B50Fa5C88a99C6A4B70184C062953", 9, NULL); INSERT INTO common_asset_details(identifier, symbol, coingecko, cryptocompare, forked, started, swapped_for) VALUES("eip155:1/erc20:0x29d578CEc46B50Fa5C88a99C6A4B70184C062953", "WEVER", "everscale", "EVER", NULL, 1647189726, NULL);
*
INSERT INTO assets(identifier, name, type) VALUES("eip155:1/erc20:0x5582a479f0c403E207D2578963CceF5D03BA636f", "Salad", "C"); INSERT INTO evm_tokens(identifier, token_kind, chain, address, decimals, protocol) VALUES("eip155:1/erc20:0x5582a479f0c403E207D2578963CceF5D03BA636f", "A", 1, "0x5582a479f0c403E207D2578963CceF5D03BA636f", 18, NULL); INSERT INTO common_asset_details(identifier, symbol, coingecko, cryptocompare, forked, started, swapped_for) VALUES("eip155:1/erc20:0x5582a479f0c403E207D2578963CceF5D03BA636f", "SALD", "salad", "SALD", NULL, 1688358491, NULL);
*
INSERT INTO assets(identifier, name, type) VALUES("eip155:1/erc20:0xd076C4Ba62c57b3Fa10800bcfD8dA66742110E0E", "HAVAH", "C"); INSERT INTO evm_tokens(identifier, token_kind, chain, address, decimals, protocol) VALUES("eip155:1/erc20:0xd076C4Ba62c57b3Fa10800bcfD8dA66742110E0E", "A", 1, "0xd076C4Ba62c57b3Fa10800bcfD8dA66742110E0E", 18, NULL); INSERT INTO common_asset_details(identifier, symbol, coingecko, cryptocompare, forked, started, swapped_for) VALUES("eip155:1/erc20:0xd076C4Ba62c57b3Fa10800bcfD8dA66742110E0E", "HVH", "havah", "HVH", NULL, 1674100967, NULL);
*
INSERT INTO assets(identifier, name, type) VALUES("eip155:137/erc20:0xFFC4B25557bB4327d437C3B3eAD6b2B15fAb391A", "Duel Token", "C"); INSERT INTO evm_tokens(identifier, token_kind, chain, address, decimals, protocol) VALUES("eip155:137/erc20:0xFFC4B25557bB4327d437C3B3eAD6b2B15fAb391A", "A", 137, "0xFFC4B25557bB4327d437C3B3eAD6b2B15fAb391A", 18, NULL); INSERT INTO common_asset_details(identifier, symbol, coingecko, cryptocompare, forked, started, swapped_for) VALUES("eip155:137/erc20:0xFFC4B25557bB4327d437C3B3eAD6b2B15fAb391A", "DUEL", "duel-network-2", "DUEL", NULL, NULL, NULL);
*
INSERT INTO assets(identifier, name, type) VALUES("eip155:1/erc20:0x186eF81fd8E77EEC8BfFC3039e7eC41D5FC0b457", "Inspect", "C"); INSERT INTO evm_tokens(identifier, token_kind, chain, address, decimals, protocol) VALUES("eip155:1/erc20:0x186eF81fd8E77EEC8BfFC3039e7eC41D5FC0b457", "A", 1, "0x186eF81fd8E77EEC8BfFC3039e7eC41D5FC0b457", 18, NULL); INSERT INTO common_asset_details(identifier, symbol, coingecko, cryptocompare, forked, started, swapped_for) VALUES("eip155:1/erc20:0x186eF81fd8E77EEC8BfFC3039e7eC41D5FC0b457", "INSP", "inspect", "INSP", NULL, 1700861267, NULL);
*
INSERT INTO assets(identifier, name, type) VALUES("eip155:42161/erc20:0x1C43D05be7E5b54D506e3DdB6f0305e8A66CD04e", "ZTX", "C"); INSERT INTO evm_tokens(identifier, token_kind, chain, address, decimals, protocol) VALUES("eip155:42161/erc20:0x1C43D05be7E5b54D506e3DdB6f0305e8A66CD04e", "A", 42161, "0x1C43D05be7E5b54D506e3DdB6f0305e8A66CD04e", 18, NULL); INSERT INTO common_asset_details(identifier, symbol, coingecko, cryptocompare, forked, started, swapped_for) VALUES("eip155:42161/erc20:0x1C43D05be7E5b54D506e3DdB6f0305e8A66CD04e", "ZTX", "ztx", "ZTX", NULL, 1696817215, NULL);
*
INSERT INTO assets(identifier, name, type) VALUES("eip155:1/erc20:0x24fcFC492C1393274B6bcd568ac9e225BEc93584", "Heroes of Mavia", "C"); INSERT INTO evm_tokens(identifier, token_kind, chain, address, decimals, protocol) VALUES("eip155:1/erc20:0x24fcFC492C1393274B6bcd568ac9e225BEc93584", "A", 1, "0x24fcFC492C1393274B6bcd568ac9e225BEc93584", 18, NULL); INSERT INTO common_asset_details(identifier, symbol, coingecko, cryptocompare, forked, started, swapped_for) VALUES("eip155:1/erc20:0x24fcFC492C1393274B6bcd568ac9e225BEc93584", "MAVIA", "heroes-of-mavia", "MAVIA", NULL, 1701651443, NULL);
*
INSERT INTO assets(identifier, name, type) VALUES("eip155:137/erc20:0xD6A33F67b733d422c821C36F0f79ca145B930d01", "Angola Coin", "C"); INSERT INTO evm_tokens(identifier, token_kind, chain, address, decimals, protocol) VALUES("eip155:137/erc20:0xD6A33F67b733d422c821C36F0f79ca145B930d01", "A", 137, "0xD6A33F67b733d422c821C36F0f79ca145B930d01", 18, NULL); INSERT INTO common_asset_details(identifier, symbol, coingecko, cryptocompare, forked, started, swapped_for) VALUES("eip155:137/erc20:0xD6A33F67b733d422c821C36F0f79ca145B930d01", "AGLA", "angola", "AGLA", NULL, NULL, NULL);
*
INSERT INTO assets(identifier, name, type) VALUES("eip155:56/erc20:0xeD00Fc7D48B57B81FE65D1cE71c0985e4CF442CB", "Chirpley Token", "C"); INSERT INTO evm_tokens(identifier, token_kind, chain, address, decimals, protocol) VALUES("eip155:56/erc20:0xeD00Fc7D48B57B81FE65D1cE71c0985e4CF442CB", "A", 56, "0xeD00Fc7D48B57B81FE65D1cE71c0985e4CF442CB", 18, NULL); INSERT INTO common_asset_details(identifier, symbol, coingecko, cryptocompare, forked, started, swapped_for) VALUES("eip155:56/erc20:0xeD00Fc7D48B57B81FE65D1cE71c0985e4CF442CB", "CHRP", "chirpley", "CHRP", NULL, NULL, NULL);
*
INSERT INTO assets(identifier, name, type) VALUES("eip155:56/erc20:0x6cf271270662be1C4fc1b7BB7D7D7Fc60Cc19125", "Kunci Coin", "C"); INSERT INTO evm_tokens(identifier, token_kind, chain, address, decimals, protocol) VALUES("eip155:56/erc20:0x6cf271270662be1C4fc1b7BB7D7D7Fc60Cc19125", "A", 56, "0x6cf271270662be1C4fc1b7BB7D7D7Fc60Cc19125", 6, NULL); INSERT INTO common_asset_details(identifier, symbol, coingecko, cryptocompare, forked, started, swapped_for) VALUES("eip155:56/erc20:0x6cf271270662be1C4fc1b7BB7D7D7Fc60Cc19125", "KUNCI", "kunci-coin", "KUNCI", NULL, NULL, NULL);
*
INSERT INTO assets(identifier, name, type) VALUES("SHILL", "SHILL Token", "Y"); INSERT INTO common_asset_details(identifier, symbol, coingecko, cryptocompare, forked, started, swapped_for) VALUES("SHILL", "SHILL", "shill-token", "SHILL", NULL, 1636506060, NULL);
*
INSERT INTO assets(identifier, name, type) VALUES("SUIA", "SUIA", "W"); INSERT INTO common_asset_details(identifier, symbol, coingecko, cryptocompare, forked, started, swapped_for) VALUES("SUIA", "SUIA", "suia", "", NULL, 1684288860, NULL);
*
INSERT INTO assets(identifier, name, type) VALUES("eip155:1/erc20:0xbE9Ab37a414c517b2be2bfA5945665bB07379054", "TomTomCoin", "C"); INSERT INTO evm_tokens(identifier, token_kind, chain, address, decimals, protocol) VALUES("eip155:1/erc20:0xbE9Ab37a414c517b2be2bfA5945665bB07379054", "A", 1, "0xbE9Ab37a414c517b2be2bfA5945665bB07379054", 18, NULL); INSERT INTO common_asset_details(identifier, symbol, coingecko, cryptocompare, forked, started, swapped_for) VALUES("eip155:1/erc20:0xbE9Ab37a414c517b2be2bfA5945665bB07379054", "TOMS", "tomtomcoin", "TOMS", NULL, 1656045918, NULL);
*
INSERT INTO assets(identifier, name, type) VALUES("MTC", "MTC", "B"); INSERT INTO common_asset_details(identifier, symbol, coingecko, cryptocompare, forked, started, swapped_for) VALUES("MTC", "MTC", "metatime-coin", "", NULL, 1687917660, NULL);
*
INSERT INTO assets(identifier, name, type) VALUES("SAROS", "Saros", "Y"); INSERT INTO common_asset_details(identifier, symbol, coingecko, cryptocompare, forked, started, swapped_for) VALUES("SAROS", "SAROS", "saros-finance", "SAROS", NULL, 1705629660, NULL);
*
INSERT INTO assets(identifier, name, type) VALUES("eip155:1/erc20:0xa3d4BEe77B05d4a0C943877558Ce21A763C4fa29", "The Root Network", "C"); INSERT INTO evm_tokens(identifier, token_kind, chain, address, decimals, protocol) VALUES("eip155:1/erc20:0xa3d4BEe77B05d4a0C943877558Ce21A763C4fa29", "A", 1, "0xa3d4BEe77B05d4a0C943877558Ce21A763C4fa29", 6, NULL); INSERT INTO common_asset_details(identifier, symbol, coingecko, cryptocompare, forked, started, swapped_for) VALUES("eip155:1/erc20:0xa3d4BEe77B05d4a0C943877558Ce21A763C4fa29", "ROOT", "the-root-network", "", NULL, 1699946591, NULL);
*
INSERT INTO assets(identifier, name, type) VALUES("eip155:56/erc20:0xcC6f1e1B87cfCbe9221808d2d85C501aab0B5192", "Dmail Network", "C"); INSERT INTO evm_tokens(identifier, token_kind, chain, address, decimals, protocol) VALUES("eip155:56/erc20:0xcC6f1e1B87cfCbe9221808d2d85C501aab0B5192", "A", 56, "0xcC6f1e1B87cfCbe9221808d2d85C501aab0B5192", 18, NULL); INSERT INTO common_asset_details(identifier, symbol, coingecko, cryptocompare, forked, started, swapped_for) VALUES("eip155:56/erc20:0xcC6f1e1B87cfCbe9221808d2d85C501aab0B5192", "DMAIL", "dmail-network", "DMAIL", NULL, NULL, NULL);
*
INSERT INTO assets(identifier, name, type) VALUES("eip155:56/erc20:0x800a25741A414Ea6E6e2B382435081A479A8Cc3c", "SEOR Network", "C"); INSERT INTO evm_tokens(identifier, token_kind, chain, address, decimals, protocol) VALUES("eip155:56/erc20:0x800a25741A414Ea6E6e2B382435081A479A8Cc3c", "A", 56, "0x800a25741A414Ea6E6e2B382435081A479A8Cc3c", 18, NULL); INSERT INTO common_asset_details(identifier, symbol, coingecko, cryptocompare, forked, started, swapped_for) VALUES("eip155:56/erc20:0x800a25741A414Ea6E6e2B382435081A479A8Cc3c", "SEOR", "seor-network", "SEOR", NULL, NULL, NULL);
*
INSERT INTO assets(identifier, name, type) VALUES("eip155:1/erc20:0x31e4efe290973ebE91b3a875a7994f650942D28F", "SHRAPToken", "C"); INSERT INTO evm_tokens(identifier, token_kind, chain, address, decimals, protocol) VALUES("eip155:1/erc20:0x31e4efe290973ebE91b3a875a7994f650942D28F", "A", 1, "0x31e4efe290973ebE91b3a875a7994f650942D28F", 18, NULL); INSERT INTO common_asset_details(identifier, symbol, coingecko, cryptocompare, forked, started, swapped_for) VALUES("eip155:1/erc20:0x31e4efe290973ebE91b3a875a7994f650942D28F", "SHRAP", "shrapnel-2", "SHRAP", NULL, NULL, NULL);
*
INSERT INTO assets(identifier, name, type) VALUES("eip155:56/erc20:0x31e4efe290973ebE91b3a875a7994f650942D28F", "SHRAPToken", "C"); INSERT INTO evm_tokens(identifier, token_kind, chain, address, decimals, protocol) VALUES("eip155:56/erc20:0x31e4efe290973ebE91b3a875a7994f650942D28F", "A", 56, "0x31e4efe290973ebE91b3a875a7994f650942D28F", 18, NULL); INSERT INTO common_asset_details(identifier, symbol, coingecko, cryptocompare, forked, started, swapped_for) VALUES("eip155:56/erc20:0x31e4efe290973ebE91b3a875a7994f650942D28F", "SHRAP", "shrapnel-2", "SHRAP", NULL, NULL, NULL);
*
INSERT INTO assets(identifier, name, type) VALUES("LIS", "Realis Network", "W"); INSERT INTO common_asset_details(identifier, symbol, coingecko, cryptocompare, forked, started, swapped_for) VALUES("LIS", "LIS", "realis-network", "", NULL, 1676336400, NULL);
*
INSERT INTO assets(identifier, name, type) VALUES("eip155:56/erc20:0x861f1E1397daD68289e8f6a09a2ebb567f1B895C", "Menzy", "C"); INSERT INTO evm_tokens(identifier, token_kind, chain, address, decimals, protocol) VALUES("eip155:56/erc20:0x861f1E1397daD68289e8f6a09a2ebb567f1B895C", "A", 56, "0x861f1E1397daD68289e8f6a09a2ebb567f1B895C", 18, NULL); INSERT INTO common_asset_details(identifier, symbol, coingecko, cryptocompare, forked, started, swapped_for) VALUES("eip155:56/erc20:0x861f1E1397daD68289e8f6a09a2ebb567f1B895C", "MNZ", "menzy", "MNZ", NULL, NULL, NULL);
*
INSERT INTO assets(identifier, name, type) VALUES("eip155:1/erc20:0x826180541412D574cf1336d22c0C0a287822678A", "Chainflip", "C"); INSERT INTO evm_tokens(identifier, token_kind, chain, address, decimals, protocol) VALUES("eip155:1/erc20:0x826180541412D574cf1336d22c0C0a287822678A", "A", 1, "0x826180541412D574cf1336d22c0C0a287822678A", 18, NULL); INSERT INTO common_asset_details(identifier, symbol, coingecko, cryptocompare, forked, started, swapped_for) VALUES("eip155:1/erc20:0x826180541412D574cf1336d22c0C0a287822678A", "FLIP", "chainflip", "FLIP", NULL, 1696421603, NULL);
*
INSERT INTO assets(identifier, name, type) VALUES("eip155:1/erc20:0x5c39ef4bda89a9D7EDB18A16E53c97D5D32245F6", "Virtual Versions", "C"); INSERT INTO evm_tokens(identifier, token_kind, chain, address, decimals, protocol) VALUES("eip155:1/erc20:0x5c39ef4bda89a9D7EDB18A16E53c97D5D32245F6", "A", 1, "0x5c39ef4bda89a9D7EDB18A16E53c97D5D32245F6", 18, NULL); INSERT INTO common_asset_details(identifier, symbol, coingecko, cryptocompare, forked, started, swapped_for) VALUES("eip155:1/erc20:0x5c39ef4bda89a9D7EDB18A16E53c97D5D32245F6", "VV", "virtual-versions", "VV", NULL, NULL, NULL);
*
INSERT INTO assets(identifier, name, type) VALUES("eip155:1/erc20:0xd5F7838F5C461fefF7FE49ea5ebaF7728bB0ADfa", "mETH", "C"); INSERT INTO evm_tokens(identifier, token_kind, chain, address, decimals, protocol) VALUES("eip155:1/erc20:0xd5F7838F5C461fefF7FE49ea5ebaF7728bB0ADfa", "A", 1, "0xd5F7838F5C461fefF7FE49ea5ebaF7728bB0ADfa", 18, NULL); INSERT INTO common_asset_details(identifier, symbol, coingecko, cryptocompare, forked, started, swapped_for) VALUES("eip155:1/erc20:0xd5F7838F5C461fefF7FE49ea5ebaF7728bB0ADfa", "mETH", "mantle-staked-ether", "", NULL, 1696584719, NULL);
*
INSERT INTO assets(identifier, name, type) VALUES("JPG", "JPG", "W"); INSERT INTO common_asset_details(identifier, symbol, coingecko, cryptocompare, forked, started, swapped_for) VALUES("JPG", "JPG", "jpg-store", "", NULL, 1697418000, NULL);
*
INSERT INTO assets(identifier, name, type) VALUES("eip155:1/erc20:0xf091867EC603A6628eD83D274E835539D82e9cc8", "Zeta", "C"); INSERT INTO evm_tokens(identifier, token_kind, chain, address, decimals, protocol) VALUES("eip155:1/erc20:0xf091867EC603A6628eD83D274E835539D82e9cc8", "A", 1, "0xf091867EC603A6628eD83D274E835539D82e9cc8", 18, NULL); INSERT INTO common_asset_details(identifier, symbol, coingecko, cryptocompare, forked, started, swapped_for) VALUES("eip155:1/erc20:0xf091867EC603A6628eD83D274E835539D82e9cc8", "ZETA", "zetachain", "ZETA", NULL, NULL, NULL);
*
INSERT INTO assets(identifier, name, type) VALUES("eip155:56/erc20:0x0000028a2eB8346cd5c0267856aB7594B7a55308", "Zeta", "C"); INSERT INTO evm_tokens(identifier, token_kind, chain, address, decimals, protocol) VALUES("eip155:56/erc20:0x0000028a2eB8346cd5c0267856aB7594B7a55308", "A", 56, "0x0000028a2eB8346cd5c0267856aB7594B7a55308", 18, NULL); INSERT INTO common_asset_details(identifier, symbol, coingecko, cryptocompare, forked, started, swapped_for) VALUES("eip155:56/erc20:0x0000028a2eB8346cd5c0267856aB7594B7a55308", "ZETA", "zetachain", "ZETA", NULL, NULL, NULL);
*
INSERT INTO assets(identifier, name, type) VALUES("eip155:56/erc20:0x617Cab4aAae1f8dfb3eE138698330776a1e1b324", "Artyfact", "C"); INSERT INTO evm_tokens(identifier, token_kind, chain, address, decimals, protocol) VALUES("eip155:56/erc20:0x617Cab4aAae1f8dfb3eE138698330776a1e1b324", "A", 56, "0x617Cab4aAae1f8dfb3eE138698330776a1e1b324", 6, NULL); INSERT INTO common_asset_details(identifier, symbol, coingecko, cryptocompare, forked, started, swapped_for) VALUES("eip155:56/erc20:0x617Cab4aAae1f8dfb3eE138698330776a1e1b324", "ARTY", "artyfact", "ARTY", NULL, NULL, NULL);
*
INSERT INTO assets(identifier, name, type) VALUES("SATS", "SATS Ordinals", "W"); INSERT INTO common_asset_details(identifier, symbol, coingecko, cryptocompare, forked, started, swapped_for) VALUES("SATS", "SATS", "sats-ordinals", "", NULL, 1686189600, NULL);
*
INSERT INTO assets(identifier, name, type) VALUES("HONEY", "Hivemapper", "Y"); INSERT INTO common_asset_details(identifier, symbol, coingecko, cryptocompare, forked, started, swapped_for) VALUES("HONEY", "HONEY", "hivemapper", "HIVEM", NULL, 1676509200, NULL);
*
INSERT INTO assets(identifier, name, type) VALUES("eip155:1/erc20:0xfAbA6f8e4a5E8Ab82F62fe7C39859FA577269BE3", "Ondo", "C"); INSERT INTO evm_tokens(identifier, token_kind, chain, address, decimals, protocol) VALUES("eip155:1/erc20:0xfAbA6f8e4a5E8Ab82F62fe7C39859FA577269BE3", "A", 1, "0xfAbA6f8e4a5E8Ab82F62fe7C39859FA577269BE3", 18, NULL); INSERT INTO common_asset_details(identifier, symbol, coingecko, cryptocompare, forked, started, swapped_for) VALUES("eip155:1/erc20:0xfAbA6f8e4a5E8Ab82F62fe7C39859FA577269BE3", "ONDO", "ondo-finance", "ONDO", NULL, 1651123412, NULL);
*
INSERT INTO assets(identifier, name, type) VALUES("TAO", "Bittensor", "B"); INSERT INTO common_asset_details(identifier, symbol, coingecko, cryptocompare, forked, started, swapped_for) VALUES("TAO", "TAO", "bittensor", "TAO", NULL, 1677805200, NULL);
*
UPDATE assets SET type="B" WHERE identifier="OSMO";
INSERT INTO assets(identifier, name, type) VALUES("OSMO", "Osmosis", "B"); INSERT INTO common_asset_details(identifier, symbol, coingecko, cryptocompare, forked, started, swapped_for) VALUES("OSMO", "OSMO", "osmosis", "OSMO", NULL, 1624240800, NULL);
INSERT INTO assets(identifier, name, type) VALUES("ANALOS", "analoS", "Y"); INSERT INTO common_asset_details(identifier, symbol, coingecko, cryptocompare, forked, started, swapped_for) VALUES("ANALOS", "ANALOS", "analos", "ANALOS", NULL, 1703131200, NULL);
*
INSERT INTO assets(identifier, name, type) VALUES("SOLS", "sols", "Y"); INSERT INTO common_asset_details(identifier, symbol, coingecko, cryptocompare, forked, started, swapped_for) VALUES("SOLS", "SOLS", "sols", "SOLS", NULL, 1701936000, NULL);
*
INSERT INTO assets(identifier, name, type) VALUES("DOVI", "DOVI", "B"); INSERT INTO common_asset_details(identifier, symbol, coingecko, cryptocompare, forked, started, swapped_for) VALUES("DOVI", "DOVI", "dovi", "DOVI", NULL, 1702738800, NULL);
*
INSERT INTO assets(identifier, name, type) VALUES("SNS", "Synesis One", "Y"); INSERT INTO common_asset_details(identifier, symbol, coingecko, cryptocompare, forked, started, swapped_for) VALUES("SNS", "SNS", "synesis-one", "SNS", NULL, 1643504400, NULL);
*
INSERT INTO assets(identifier, name, type) VALUES("eip155:1/erc20:0x0800394f6E23dD539929c8B77a3d45c96F76AEFC", "TURT", "C"); INSERT INTO evm_tokens(identifier, token_kind, chain, address, decimals, protocol) VALUES("eip155:1/erc20:0x0800394f6E23dD539929c8B77a3d45c96F76AEFC", "A", 1, "0x0800394f6E23dD539929c8B77a3d45c96F76AEFC", 18, NULL); INSERT INTO common_asset_details(identifier, symbol, coingecko, cryptocompare, forked, started, swapped_for) VALUES("eip155:1/erc20:0x0800394f6E23dD539929c8B77a3d45c96F76AEFC", "TURT", "turtsat", "TURT", NULL, 1699878479, NULL);
*
INSERT INTO assets(identifier, name, type) VALUES("eip155:1/erc20:0x52498F8d9791736f1D6398fE95ba3BD868114d10", "NetVRk", "C"); INSERT INTO evm_tokens(identifier, token_kind, chain, address, decimals, protocol) VALUES("eip155:1/erc20:0x52498F8d9791736f1D6398fE95ba3BD868114d10", "A", 1, "0x52498F8d9791736f1D6398fE95ba3BD868114d10", 18, NULL); INSERT INTO common_asset_details(identifier, symbol, coingecko, cryptocompare, forked, started, swapped_for) VALUES("eip155:1/erc20:0x52498F8d9791736f1D6398fE95ba3BD868114d10", "NETVR", "netvrk", "NTVRK", NULL, NULL, NULL);
*
INSERT INTO assets(identifier, name, type) VALUES("eip155:137/erc20:0x3558887f15b5b0074dC4167761DE14A6DFcb676e", "NetVRk", "C"); INSERT INTO evm_tokens(identifier, token_kind, chain, address, decimals, protocol) VALUES("eip155:137/erc20:0x3558887f15b5b0074dC4167761DE14A6DFcb676e", "A", 137, "0x3558887f15b5b0074dC4167761DE14A6DFcb676e", 18, NULL); INSERT INTO common_asset_details(identifier, symbol, coingecko, cryptocompare, forked, started, swapped_for) VALUES("eip155:137/erc20:0x3558887f15b5b0074dC4167761DE14A6DFcb676e", "NETVR", "netvrk", "NTVRK", NULL, NULL, NULL);
*
INSERT INTO assets(identifier, name, type) VALUES("eip155:56/erc20:0x003d87d02A2A01E9E8a20f507C83E15DD83A33d1", "GT Protocol", "C"); INSERT INTO evm_tokens(identifier, token_kind, chain, address, decimals, protocol) VALUES("eip155:56/erc20:0x003d87d02A2A01E9E8a20f507C83E15DD83A33d1", "A", 56, "0x003d87d02A2A01E9E8a20f507C83E15DD83A33d1", 18, NULL); INSERT INTO common_asset_details(identifier, symbol, coingecko, cryptocompare, forked, started, swapped_for) VALUES("eip155:56/erc20:0x003d87d02A2A01E9E8a20f507C83E15DD83A33d1", "GTAI", "gt-protocol", "GTAI", NULL, NULL, NULL);
*
INSERT INTO assets(identifier, name, type) VALUES("eip155:1/erc20:0x508E00D5ceF397B02d260D035e5EE80775e4C821", "Bitcoin Cats", "C"); INSERT INTO evm_tokens(identifier, token_kind, chain, address, decimals, protocol) VALUES("eip155:1/erc20:0x508E00D5ceF397B02d260D035e5EE80775e4C821", "A", 1, "0x508E00D5ceF397B02d260D035e5EE80775e4C821", 18, NULL); INSERT INTO common_asset_details(identifier, symbol, coingecko, cryptocompare, forked, started, swapped_for) VALUES("eip155:1/erc20:0x508E00D5ceF397B02d260D035e5EE80775e4C821", "1CAT", "bitcoin-cats", "1CAT", NULL, 1702885787, NULL);
*
INSERT INTO assets(identifier, name, type) VALUES("eip155:1/erc20:0x38e382F74dfb84608F3C1F10187f6bEf5951DE93", "MUBI", "C"); INSERT INTO evm_tokens(identifier, token_kind, chain, address, decimals, protocol) VALUES("eip155:1/erc20:0x38e382F74dfb84608F3C1F10187f6bEf5951DE93", "A", 1, "0x38e382F74dfb84608F3C1F10187f6bEf5951DE93", 18, NULL); INSERT INTO common_asset_details(identifier, symbol, coingecko, cryptocompare, forked, started, swapped_for) VALUES("eip155:1/erc20:0x38e382F74dfb84608F3C1F10187f6bEf5951DE93", "MUBI", "multibit", "MUBI", NULL, 1699354343, NULL);
*
INSERT INTO assets(identifier, name, type) VALUES("eip155:137/erc20:0xB1A91036e4a3C144efeD953e0b6CC5f6B98AD256", "MUBI", "C"); INSERT INTO evm_tokens(identifier, token_kind, chain, address, decimals, protocol) VALUES("eip155:137/erc20:0xB1A91036e4a3C144efeD953e0b6CC5f6B98AD256", "A", 137, "0xB1A91036e4a3C144efeD953e0b6CC5f6B98AD256", 18, NULL); INSERT INTO common_asset_details(identifier, symbol, coingecko, cryptocompare, forked, started, swapped_for) VALUES("eip155:137/erc20:0xB1A91036e4a3C144efeD953e0b6CC5f6B98AD256", "MUBI", "multibit", "MUBI", NULL, NULL, NULL);
*
INSERT INTO assets(identifier, name, type) VALUES("eip155:56/erc20:0x38e382F74dfb84608F3C1F10187f6bEf5951DE93", "MUBI", "C"); INSERT INTO evm_tokens(identifier, token_kind, chain, address, decimals, protocol) VALUES("eip155:56/erc20:0x38e382F74dfb84608F3C1F10187f6bEf5951DE93", "A", 56, "0x38e382F74dfb84608F3C1F10187f6bEf5951DE93", 18, NULL); INSERT INTO common_asset_details(identifier, symbol, coingecko, cryptocompare, forked, started, swapped_for) VALUES("eip155:56/erc20:0x38e382F74dfb84608F3C1F10187f6bEf5951DE93", "MUBI", "multibit", "MUBI", NULL, NULL, NULL);
*
INSERT INTO assets(identifier, name, type) VALUES("MOBILE", "Helium Mobile", "Y"); INSERT INTO common_asset_details(identifier, symbol, coingecko, cryptocompare, forked, started, swapped_for) VALUES("MOBILE", "MOBILE", "helium-mobile", "MOBILE", NULL, 1681952400, NULL);
*
INSERT INTO assets(identifier, name, type) VALUES("NAVX", "NAVI Protocol", "W"); INSERT INTO common_asset_details(identifier, symbol, coingecko, cryptocompare, forked, started, swapped_for) VALUES("NAVX", "NAVX", "navi", "", NULL, 1707322080, NULL);
*
INSERT INTO assets(identifier, name, type) VALUES("eip155:1/erc20:0xC256F81d35a54c3599B424171d719E9Ae87b2E9b", "ZOOA", "C"); INSERT INTO evm_tokens(identifier, token_kind, chain, address, decimals, protocol) VALUES("eip155:1/erc20:0xC256F81d35a54c3599B424171d719E9Ae87b2E9b", "A", 1, "0xC256F81d35a54c3599B424171d719E9Ae87b2E9b", 18, NULL); INSERT INTO common_asset_details(identifier, symbol, coingecko, cryptocompare, forked, started, swapped_for) VALUES("eip155:1/erc20:0xC256F81d35a54c3599B424171d719E9Ae87b2E9b", "ZOOA", "zoopia", "", NULL, 1702958591, NULL);
*
INSERT INTO assets(identifier, name, type) VALUES("eip155:1/erc20:0x6B0b3a982b4634aC68dD83a4DBF02311cE324181", "Artificial Liquid Intelligence Token", "C"); INSERT INTO evm_tokens(identifier, token_kind, chain, address, decimals, protocol) VALUES("eip155:1/erc20:0x6B0b3a982b4634aC68dD83a4DBF02311cE324181", "A", 1, "0x6B0b3a982b4634aC68dD83a4DBF02311cE324181", 18, NULL); INSERT INTO common_asset_details(identifier, symbol, coingecko, cryptocompare, forked, started, swapped_for) VALUES("eip155:1/erc20:0x6B0b3a982b4634aC68dD83a4DBF02311cE324181", "ALI", "alethea-artificial-liquid-intelligence-token", "ALI", NULL, 1634066524, NULL);
*
INSERT INTO assets(identifier, name, type) VALUES("eip155:137/erc20:0xbFc70507384047Aa74c29Cdc8c5Cb88D0f7213AC", "Artificial Liquid Intelligence Token", "C"); INSERT INTO evm_tokens(identifier, token_kind, chain, address, decimals, protocol) VALUES("eip155:137/erc20:0xbFc70507384047Aa74c29Cdc8c5Cb88D0f7213AC", "A", 137, "0xbFc70507384047Aa74c29Cdc8c5Cb88D0f7213AC", 18, NULL); INSERT INTO common_asset_details(identifier, symbol, coingecko, cryptocompare, forked, started, swapped_for) VALUES("eip155:137/erc20:0xbFc70507384047Aa74c29Cdc8c5Cb88D0f7213AC", "ALI", "alethea-artificial-liquid-intelligence-token", "ALI", NULL, NULL, NULL);
*
INSERT INTO assets(identifier, name, type) VALUES("eip155:8453/erc20:0x97c806e7665d3AFd84A8Fe1837921403D59F3Dcc", "Artificial Liquid Intelligence Token", "C"); INSERT INTO evm_tokens(identifier, token_kind, chain, address, decimals, protocol) VALUES("eip155:8453/erc20:0x97c806e7665d3AFd84A8Fe1837921403D59F3Dcc", "A", 8453, "0x97c806e7665d3AFd84A8Fe1837921403D59F3Dcc", 18, NULL); INSERT INTO common_asset_details(identifier, symbol, coingecko, cryptocompare, forked, started, swapped_for) VALUES("eip155:8453/erc20:0x97c806e7665d3AFd84A8Fe1837921403D59F3Dcc", "ALI", "alethea-artificial-liquid-intelligence-token", "ALI", NULL, 1701348453, NULL);
*
INSERT INTO assets(identifier, name, type) VALUES("HONK", "Honk", "Y"); INSERT INTO common_asset_details(identifier, symbol, coingecko, cryptocompare, forked, started, swapped_for) VALUES("HONK", "HONK", "honk", "HONK", NULL, 1705334880, NULL);
*
INSERT INTO assets(identifier, name, type) VALUES("MYRO", "Myro", "Y"); INSERT INTO common_asset_details(identifier, symbol, coingecko, cryptocompare, forked, started, swapped_for) VALUES("MYRO", "$MYRO", "myro", "MYRO", NULL, 1699664880, NULL);
*
INSERT INTO assets(identifier, name, type) VALUES("MYRA", "Myra", "Y"); INSERT INTO common_asset_details(identifier, symbol, coingecko, cryptocompare, forked, started, swapped_for) VALUES("MYRA", "MYRA", "myra", "", NULL, 1705330860, NULL);
*
INSERT INTO assets(identifier, name, type) VALUES("eip155:1/erc20:0x38E68A37E401F7271568CecaAc63c6B1e19130B4", "Banana", "C"); INSERT INTO evm_tokens(identifier, token_kind, chain, address, decimals, protocol) VALUES("eip155:1/erc20:0x38E68A37E401F7271568CecaAc63c6B1e19130B4", "A", 1, "0x38E68A37E401F7271568CecaAc63c6B1e19130B4", 18, NULL); INSERT INTO common_asset_details(identifier, symbol, coingecko, cryptocompare, forked, started, swapped_for) VALUES("eip155:1/erc20:0x38E68A37E401F7271568CecaAc63c6B1e19130B4", "BANANA", "banana-gun", "BANANAG", NULL, 1694710859, NULL);
*
INSERT INTO assets(identifier, name, type) VALUES("eip155:1/erc20:0xAE3359ed3c567482FB0102C584c23daA2693eACf", "DORK", "C"); INSERT INTO evm_tokens(identifier, token_kind, chain, address, decimals, protocol) VALUES("eip155:1/erc20:0xAE3359ed3c567482FB0102C584c23daA2693eACf", "A", 1, "0xAE3359ed3c567482FB0102C584c23daA2693eACf", 18, NULL); INSERT INTO common_asset_details(identifier, symbol, coingecko, cryptocompare, forked, started, swapped_for) VALUES("eip155:1/erc20:0xAE3359ed3c567482FB0102C584c23daA2693eACf", "DORK", "dork", "", NULL, 1698785315, NULL);
*
INSERT INTO assets(identifier, name, type) VALUES("eip155:1/erc20:0x77be1ba1Cd2D7a63BFfC772D361168cc327dd8bc", "MEOW", "C"); INSERT INTO evm_tokens(identifier, token_kind, chain, address, decimals, protocol) VALUES("eip155:1/erc20:0x77be1ba1Cd2D7a63BFfC772D361168cc327dd8bc", "A", 1, "0x77be1ba1Cd2D7a63BFfC772D361168cc327dd8bc", 9, NULL); INSERT INTO common_asset_details(identifier, symbol, coingecko, cryptocompare, forked, started, swapped_for) VALUES("eip155:1/erc20:0x77be1ba1Cd2D7a63BFfC772D361168cc327dd8bc", "MEOW", "-3", "", NULL, NULL, NULL);
*
INSERT INTO assets(identifier, name, type) VALUES("SFARM", "SolFarm", "Y"); INSERT INTO common_asset_details(identifier, symbol, coingecko, cryptocompare, forked, started, swapped_for) VALUES("SFARM", "SFARM", "solfarm-2", "", NULL, 1705348860, NULL);
*
INSERT INTO assets(identifier, name, type) VALUES("eip155:1/erc20:0x43D7E65B8fF49698D9550a7F315c87E67344FB59", "SHIA", "C"); INSERT INTO evm_tokens(identifier, token_kind, chain, address, decimals, protocol) VALUES("eip155:1/erc20:0x43D7E65B8fF49698D9550a7F315c87E67344FB59", "A", 1, "0x43D7E65B8fF49698D9550a7F315c87E67344FB59", 18, NULL); INSERT INTO common_asset_details(identifier, symbol, coingecko, cryptocompare, forked, started, swapped_for) VALUES("eip155:1/erc20:0x43D7E65B8fF49698D9550a7F315c87E67344FB59", "SHIA", "shiba-saga", "SHIA", NULL, 1692731963, NULL);
*
INSERT INTO assets(identifier, name, type) VALUES("eip155:8453/erc20:0x6653dD4B92a0e5Bf8ae570A98906d9D6fD2eEc09", "RocketSwap", "C"); INSERT INTO evm_tokens(identifier, token_kind, chain, address, decimals, protocol) VALUES("eip155:8453/erc20:0x6653dD4B92a0e5Bf8ae570A98906d9D6fD2eEc09", "A", 8453, "0x6653dD4B92a0e5Bf8ae570A98906d9D6fD2eEc09", 18, NULL); INSERT INTO common_asset_details(identifier, symbol, coingecko, cryptocompare, forked, started, swapped_for) VALUES("eip155:8453/erc20:0x6653dD4B92a0e5Bf8ae570A98906d9D6fD2eEc09", "RCKT", "rocketswap", "", NULL, 1690255319, NULL);
*
INSERT INTO assets(identifier, name, type) VALUES("eip155:1/erc20:0xdE342A3E269056fc3305f9e315F4C40D917BA521", "Byte", "C"); INSERT INTO evm_tokens(identifier, token_kind, chain, address, decimals, protocol) VALUES("eip155:1/erc20:0xdE342A3E269056fc3305f9e315F4C40D917BA521", "A", 1, "0xdE342A3E269056fc3305f9e315F4C40D917BA521", 9, NULL); INSERT INTO common_asset_details(identifier, symbol, coingecko, cryptocompare, forked, started, swapped_for) VALUES("eip155:1/erc20:0xdE342A3E269056fc3305f9e315F4C40D917BA521", "BYTE", "byte", "", NULL, 1702010495, NULL);
*
INSERT INTO assets(identifier, name, type) VALUES("eip155:1/erc20:0xD1F17B7a6bfF962659ED608bCD6D318bB5fBb249", "Zuzalu Inu", "C"); INSERT INTO evm_tokens(identifier, token_kind, chain, address, decimals, protocol) VALUES("eip155:1/erc20:0xD1F17B7a6bfF962659ED608bCD6D318bB5fBb249", "A", 1, "0xD1F17B7a6bfF962659ED608bCD6D318bB5fBb249", 18, NULL); INSERT INTO common_asset_details(identifier, symbol, coingecko, cryptocompare, forked, started, swapped_for) VALUES("eip155:1/erc20:0xD1F17B7a6bfF962659ED608bCD6D318bB5fBb249", "ZUZALU", "zuzalu-inu", "ZUZALU", NULL, 1679839151, NULL);
*
INSERT INTO assets(identifier, name, type) VALUES("eip155:100/erc20:0x177127622c4A00F3d409B75571e12cB3c8973d3c", "CoW Protocol Token from Mainnet", "C"); INSERT INTO evm_tokens(identifier, token_kind, chain, address, decimals, protocol) VALUES("eip155:100/erc20:0x177127622c4A00F3d409B75571e12cB3c8973d3c", "A", 100, "0x177127622c4A00F3d409B75571e12cB3c8973d3c", 18, NULL); INSERT INTO common_asset_details(identifier, symbol, coingecko, cryptocompare, forked, started, swapped_for) VALUES("eip155:100/erc20:0x177127622c4A00F3d409B75571e12cB3c8973d3c", "COW", "cow-protocol", "COW", NULL, 1644608925, NULL);
*
INSERT INTO assets(identifier, name, type) VALUES("eip155:1/erc20:0xDEf1CA1fb7FBcDC777520aa7f396b4E015F497aB", "CoW Protocol Token", "C"); INSERT INTO evm_tokens(identifier, token_kind, chain, address, decimals, protocol) VALUES("eip155:1/erc20:0xDEf1CA1fb7FBcDC777520aa7f396b4E015F497aB", "A", 1, "0xDEf1CA1fb7FBcDC777520aa7f396b4E015F497aB", 18, NULL); INSERT INTO common_asset_details(identifier, symbol, coingecko, cryptocompare, forked, started, swapped_for) VALUES("eip155:1/erc20:0xDEf1CA1fb7FBcDC777520aa7f396b4E015F497aB", "COW", "cow-protocol", "COW", NULL, 1644608664, NULL);
*
INSERT INTO assets(identifier, name, type) VALUES("RENDER", "Render Token", "Y"); INSERT INTO common_asset_details(identifier, symbol, coingecko, cryptocompare, forked, started, swapped_for) VALUES("RENDER", "RENDER", "render-token", "RNDR", NULL, 1549934999, NULL);
*
INSERT INTO assets(identifier, name, type) VALUES("eip155:1/erc20:0xC5d27F27F08D1FD1E3EbBAa50b3442e6c0D50439", "Moon App", "C"); INSERT INTO evm_tokens(identifier, token_kind, chain, address, decimals, protocol) VALUES("eip155:1/erc20:0xC5d27F27F08D1FD1E3EbBAa50b3442e6c0D50439", "A", 1, "0xC5d27F27F08D1FD1E3EbBAa50b3442e6c0D50439", 18, NULL); INSERT INTO common_asset_details(identifier, symbol, coingecko, cryptocompare, forked, started, swapped_for) VALUES("eip155:1/erc20:0xC5d27F27F08D1FD1E3EbBAa50b3442e6c0D50439", "APP", "moon-app", "", NULL, 1696941791, NULL);
*
INSERT INTO assets(identifier, name, type) VALUES("eip155:56/erc20:0xC5d27F27F08D1FD1E3EbBAa50b3442e6c0D50439", "Moon App", "C"); INSERT INTO evm_tokens(identifier, token_kind, chain, address, decimals, protocol) VALUES("eip155:56/erc20:0xC5d27F27F08D1FD1E3EbBAa50b3442e6c0D50439", "A", 56, "0xC5d27F27F08D1FD1E3EbBAa50b3442e6c0D50439", 18, NULL); INSERT INTO common_asset_details(identifier, symbol, coingecko, cryptocompare, forked, started, swapped_for) VALUES("eip155:56/erc20:0xC5d27F27F08D1FD1E3EbBAa50b3442e6c0D50439", "APP", "moon-app", "", NULL, NULL, NULL);
*