INSERT INTO assets(identifier, name, type) VALUES("eip155:1/erc20:0xa5f2211B9b8170F694421f2046281775E8468044", "THORSwap Token", "C"); INSERT INTO evm_tokens(identifier, token_kind, chain, address, decimals, protocol) VALUES("eip155:1/erc20:0xa5f2211B9b8170F694421f2046281775E8468044", "A", 1, "0xa5f2211B9b8170F694421f2046281775E8468044", 18, NULL); INSERT INTO common_asset_details(identifier, symbol, coingecko, cryptocompare, forked, started, swapped_for) VALUES("eip155:1/erc20:0xa5f2211B9b8170F694421f2046281775E8468044", "THOR", "thorswap", "THOR", NULL, 1634761691, NULL);
*
INSERT INTO assets(identifier, name, type) VALUES("eip155:1/erc20:0x815C23eCA83261b6Ec689b60Cc4a58b54BC24D8D", "vTHOR", "C"); INSERT INTO evm_tokens(identifier, token_kind, chain, address, decimals, protocol) VALUES("eip155:1/erc20:0x815C23eCA83261b6Ec689b60Cc4a58b54BC24D8D", "A", 1, "0x815C23eCA83261b6Ec689b60Cc4a58b54BC24D8D", 18, NULL); INSERT INTO common_asset_details(identifier, symbol, coingecko, cryptocompare, forked, started, swapped_for) VALUES("eip155:1/erc20:0x815C23eCA83261b6Ec689b60Cc4a58b54BC24D8D", "vTHOR", "", "", NULL, 1650557075, NULL);
*
INSERT INTO assets(identifier, name, type) VALUES("eip155:42161/erc20:0x6f7D514bbD4aFf3BcD1140B7344b32f063dEe486", "Compound WETH", "C"); INSERT INTO evm_tokens(identifier, token_kind, chain, address, decimals, protocol) VALUES("eip155:42161/erc20:0x6f7D514bbD4aFf3BcD1140B7344b32f063dEe486", "A", 42161, "0x6f7D514bbD4aFf3BcD1140B7344b32f063dEe486", 18, "compound-v3"); INSERT INTO common_asset_details(identifier, symbol, coingecko, cryptocompare, forked, started, swapped_for) VALUES("eip155:42161/erc20:0x6f7D514bbD4aFf3BcD1140B7344b32f063dEe486", "cWETHv3", "", "", NULL, 1717772620, NULL); INSERT INTO underlying_tokens_list(identifier, weight, parent_token_entry) VALUES("eip155:42161/erc20:0x82aF49447D8a07e3bd95BD0d56f35241523fBab1", "1", "eip155:42161/erc20:0x6f7D514bbD4aFf3BcD1140B7344b32f063dEe486");
*
INSERT INTO assets(identifier, name, type) VALUES("eip155:42161/erc20:0xd98Be00b5D27fc98112BdE293e487f8D4cA57d07", "Compound USDT", "C"); INSERT INTO evm_tokens(identifier, token_kind, chain, address, decimals, protocol) VALUES("eip155:42161/erc20:0xd98Be00b5D27fc98112BdE293e487f8D4cA57d07", "A", 42161, "0xd98Be00b5D27fc98112BdE293e487f8D4cA57d07", 6, "compound-v3"); INSERT INTO common_asset_details(identifier, symbol, coingecko, cryptocompare, forked, started, swapped_for) VALUES("eip155:42161/erc20:0xd98Be00b5D27fc98112BdE293e487f8D4cA57d07", "cUSDTv3", "", "", NULL, 1718876435, NULL); INSERT INTO underlying_tokens_list(identifier, weight, parent_token_entry) VALUES("eip155:42161/erc20:0xFd086bC7CD5C481DCC9C85ebE478A1C0b69FCbb9", "1", "eip155:42161/erc20:0xd98Be00b5D27fc98112BdE293e487f8D4cA57d07");
*
INSERT INTO assets(identifier, name, type) VALUES("eip155:1/erc20:0x3Afdc9BCA9213A35503b077a6072F3D0d5AB0840", "Compound USDT", "C"); INSERT INTO evm_tokens(identifier, token_kind, chain, address, decimals, protocol) VALUES("eip155:1/erc20:0x3Afdc9BCA9213A35503b077a6072F3D0d5AB0840", "A", 1, "0x3Afdc9BCA9213A35503b077a6072F3D0d5AB0840", 6, "compound-v3"); INSERT INTO common_asset_details(identifier, symbol, coingecko, cryptocompare, forked, started, swapped_for) VALUES("eip155:1/erc20:0x3Afdc9BCA9213A35503b077a6072F3D0d5AB0840", "cUSDTv3", "", "", NULL, 1719583139, NULL); INSERT INTO underlying_tokens_list(identifier, weight, parent_token_entry) VALUES("eip155:1/erc20:0xdAC17F958D2ee523a2206206994597C13D831ec7", "1", "eip155:1/erc20:0x3Afdc9BCA9213A35503b077a6072F3D0d5AB0840");
*
INSERT INTO assets(identifier, name, type) VALUES("eip155:1/erc20:0x3D0bb1ccaB520A66e607822fC55BC921738fAFE3", "Compound wstETH", "C"); INSERT INTO evm_tokens(identifier, token_kind, chain, address, decimals, protocol) VALUES("eip155:1/erc20:0x3D0bb1ccaB520A66e607822fC55BC921738fAFE3", "A", 1, "0x3D0bb1ccaB520A66e607822fC55BC921738fAFE3", 18, "compound-v3"); INSERT INTO common_asset_details(identifier, symbol, coingecko, cryptocompare, forked, started, swapped_for) VALUES("eip155:1/erc20:0x3D0bb1ccaB520A66e607822fC55BC921738fAFE3", "cWstETHv3", "", "", NULL, 1725529079, NULL); INSERT INTO underlying_tokens_list(identifier, weight, parent_token_entry) VALUES("eip155:1/erc20:0x7f39C581F595B53c5cb19bD0b3f8dA6c935E2Ca0", "1", "eip155:1/erc20:0x3D0bb1ccaB520A66e607822fC55BC921738fAFE3");
*
INSERT INTO assets(identifier, name, type) VALUES("eip155:137/erc20:0xaeB318360f27748Acb200CE616E389A6C9409a07", "Compound USDT", "C"); INSERT INTO evm_tokens(identifier, token_kind, chain, address, decimals, protocol) VALUES("eip155:137/erc20:0xaeB318360f27748Acb200CE616E389A6C9409a07", "A", 137, "0xaeB318360f27748Acb200CE616E389A6C9409a07", 6, "compound-v3"); INSERT INTO common_asset_details(identifier, symbol, coingecko, cryptocompare, forked, started, swapped_for) VALUES("eip155:137/erc20:0xaeB318360f27748Acb200CE616E389A6C9409a07", "cUSDTv3", "", "", NULL, 1719081789, NULL); INSERT INTO underlying_tokens_list(identifier, weight, parent_token_entry) VALUES("eip155:137/erc20:0xc2132D05D31c914a87C6611C10748AEb04B58e8F", "1", "eip155:137/erc20:0xaeB318360f27748Acb200CE616E389A6C9409a07");
*