UPDATE assets SET cryptocompare="POOL" where identifier="_ceth_0x0cEC1A9154Ff802e7934Fc916Ed7Ca50bDE6844e"; 
INSERT INTO ethereum_tokens(address, decimals, protocol) VALUES("0x0cEC1A9154Ff802e7934Fc916Ed7Ca50bDE6844e", 18, NULL); INSERT INTO assets(identifier, type, name, symbol,started, swapped_for, coingecko, cryptocompare, details_reference) VALUES("_ceth_0x0cEC1A9154Ff802e7934Fc916Ed7Ca50bDE6844e", "C", "PoolTogether", "POOL", 1613508749, NULL, "pooltogether", "POOL", "0x0cEC1A9154Ff802e7934Fc916Ed7Ca50bDE6844e");
UPDATE assets SET cryptocompare="EDEN" where identifier="_ceth_0x1559FA1b8F28238FD5D76D9f434ad86FD20D1559"; 
INSERT INTO ethereum_tokens(address, decimals, protocol) VALUES("0x1559FA1b8F28238FD5D76D9f434ad86FD20D1559", 18, NULL); INSERT INTO assets(identifier, type, name, symbol, started, swapped_for, coingecko, cryptocompare, details_reference) VALUES("_ceth_0x1559FA1b8F28238FD5D76D9f434ad86FD20D1559", "C", "Eden", "EDEN", 1627515109, NULL, "eden", "EDEN", "0x1559FA1b8F28238FD5D76D9f434ad86FD20D1559");
UPDATE assets SET cryptocompare="PNG" where identifier="PNG";
INSERT INTO assets(identifier, type, name, symbol, started, swapped_for, coingecko, cryptocompare, details_reference) VALUES("PNG", "X", "Pangolin", "PNG", 1613750451, NULL, "pangolin", "PNG", "PNG"); INSERT INTO common_asset_details(asset_id, forked) VALUES("PNG", NULL);
UPDATE assets SET cryptocompare="SNY" where identifier="SNY";
INSERT INTO assets(identifier, type, name, symbol, started, swapped_for, coingecko, cryptocompare, details_reference) VALUES("SNY", "Y", "Synthetify Token", "SNY", 1625829480, NULL, "synthetify-token", "SNY", "SNY"); INSERT INTO common_asset_details(asset_id, forked) VALUES("SNY", NULL);
UPDATE assets SET cryptocompare="DPET" where identifier="DPET";
INSERT INTO assets(identifier, type, name, symbol, started, swapped_for, coingecko, cryptocompare, details_reference) VALUES("DPET", "S", "My DeFi Pet Token", "DPET", 1619437689, NULL, "my-defi-pet", "", "DPET"); INSERT INTO common_asset_details(asset_id, forked) VALUES("DPET", NULL);
UPDATE assets SET coingecko="gapcoin" where identifier="GAP";
INSERT INTO assets(identifier, type, name, symbol, started, swapped_for, coingecko, cryptocompare, details_reference) VALUES("GAP", "B", "Gapcoin", "GAP", 1413849600, NULL, "gapcoin", "", "GAP"); INSERT INTO common_asset_details(asset_id, forked) VALUES("GAP", NULL);
UPDATE assets SET coingecko="fluttercoin" where identifier="FLT";
INSERT INTO assets(identifier, type, name, symbol, started, swapped_for, coingecko, cryptocompare, details_reference) VALUES("FLT", "B", "FlutterCoin", "FLT", 1393804800, NULL, "fluttercoin", "", "FLT"); INSERT INTO common_asset_details(asset_id, forked) VALUES("FLT", NULL);
INSERT INTO assets(identifier, type, name, symbol, started, swapped_for, coingecko, cryptocompare, details_reference) VALUES("DKK", "A", "Danish krone", "DKK", NULL, NULL, NULL, "", "DKK"); INSERT INTO common_asset_details(asset_id, forked) VALUES("DKK", NULL);
*
INSERT INTO ethereum_tokens(address, decimals, protocol) VALUES("0x92D6C1e31e14520e676a687F0a93788B716BEff5", 18, NULL); INSERT INTO assets(identifier, type, name, symbol, started, swapped_for, coingecko, cryptocompare, details_reference) VALUES("_ceth_0x92D6C1e31e14520e676a687F0a93788B716BEff5", "C", "dYdX", "DYDX", 1626053832, NULL, "dydx", "DYDX", "0x92D6C1e31e14520e676a687F0a93788B716BEff5");
*
INSERT INTO ethereum_tokens(address, decimals, protocol) VALUES("0x993864E43Caa7F7F12953AD6fEb1d1Ca635B875F", 18, NULL); INSERT INTO assets(identifier, type, name, symbol, started, swapped_for, coingecko, cryptocompare, details_reference) VALUES("_ceth_0x993864E43Caa7F7F12953AD6fEb1d1Ca635B875F", "C", "Singularity Dao", "SDAO", 1620379310, NULL, "singularitydao", "", "0x993864E43Caa7F7F12953AD6fEb1d1Ca635B875F");
*
INSERT INTO ethereum_tokens(address, decimals, protocol) VALUES("0x1190074795DAD0E61b61270De48e108427f8f817", 9, NULL); INSERT INTO assets(identifier, type, name, symbol, started, swapped_for, coingecko, cryptocompare, details_reference) VALUES("_ceth_0x1190074795DAD0E61b61270De48e108427f8f817", "C", "Coin Merge", "CMERGE", 1626393529, NULL, "coinmerge", "CMERGE", "0x1190074795DAD0E61b61270De48e108427f8f817");
*
INSERT INTO ethereum_tokens(address, decimals, protocol) VALUES("0xB4EaF48bD7f72356e1019C157e91b81A1C541073", 9, NULL); INSERT INTO assets(identifier, type, name, symbol, started, swapped_for, coingecko, cryptocompare, details_reference) VALUES("_ceth_0xB4EaF48bD7f72356e1019C157e91b81A1C541073", "C", "ApeBullInu", "ABI", 1626991974, NULL, "apebullinu", "ABI", "0xB4EaF48bD7f72356e1019C157e91b81A1C541073");
*
INSERT INTO ethereum_tokens(address, decimals, protocol) VALUES("0xF74941046389c78F12fE44784C0EC9ca7CEb7dc2", 18, NULL); INSERT INTO assets(identifier, type, name, symbol, started, swapped_for, coingecko, cryptocompare, details_reference) VALUES("_ceth_0xF74941046389c78F12fE44784C0EC9ca7CEb7dc2", "C", "Dreamr Platform Token", "DMR", 1628862561, NULL, "dreamr-platform-token", "", "0xF74941046389c78F12fE44784C0EC9ca7CEb7dc2");
*
INSERT INTO ethereum_tokens(address, decimals, protocol) VALUES("0x581911b360B6eB3a14eF295a83a91DC2bCE2D6f7", 18, NULL); INSERT INTO assets(identifier, type, name, symbol, started, swapped_for, coingecko, cryptocompare, details_reference) VALUES("_ceth_0x581911b360B6eB3a14eF295a83a91DC2bCE2D6f7", "C", "MileVerse", "MVC", 1592982415, NULL, "mileverse", "MVC", "0x581911b360B6eB3a14eF295a83a91DC2bCE2D6f7");
*
INSERT INTO ethereum_tokens(address, decimals, protocol) VALUES("0x670f9D9a26D3D42030794ff035d35a67AA092ead", 8, NULL); INSERT INTO assets(identifier, type, name, symbol, started, swapped_for, coingecko, cryptocompare, details_reference) VALUES("_ceth_0x670f9D9a26D3D42030794ff035d35a67AA092ead", "C", "XBullion Token", "GOLD", 1593558002, NULL, "xbullion", "", "0x670f9D9a26D3D42030794ff035d35a67AA092ead");
*
INSERT INTO ethereum_tokens(address, decimals, protocol) VALUES("0x31c8EAcBFFdD875c74b94b077895Bd78CF1E64A3", 18, NULL); INSERT INTO assets(identifier, type, name, symbol, started, swapped_for, coingecko, cryptocompare, details_reference) VALUES("_ceth_0x31c8EAcBFFdD875c74b94b077895Bd78CF1E64A3", "C", "Radicle", "RAD", 1613423971, NULL, "radicle", "RAD", "0x31c8EAcBFFdD875c74b94b077895Bd78CF1E64A3");
*
INSERT INTO ethereum_tokens(address, decimals, protocol) VALUES("0x3A880652F47bFaa771908C07Dd8673A787dAEd3A", 18, NULL); INSERT INTO assets(identifier, type, name, symbol, started, swapped_for, coingecko, cryptocompare, details_reference) VALUES("_ceth_0x3A880652F47bFaa771908C07Dd8673A787dAEd3A", "C", "DerivaDAO", "DDX", 1607049151, NULL, "derivadao", "DDX", "0x3A880652F47bFaa771908C07Dd8673A787dAEd3A");
*
INSERT INTO ethereum_tokens(address, decimals, protocol) VALUES("0x32353A6C91143bfd6C7d363B546e62a9A2489A20", 18, NULL); INSERT INTO assets(identifier, type, name, symbol, started, swapped_for, coingecko, cryptocompare, details_reference) VALUES("_ceth_0x32353A6C91143bfd6C7d363B546e62a9A2489A20", "C", "Adventure Gold", "AGLD", 1630537772, NULL, "adventure-gold", "AGLD", "0x32353A6C91143bfd6C7d363B546e62a9A2489A20");
*
INSERT INTO assets(identifier, type, name, symbol, started, swapped_for, coingecko, cryptocompare, details_reference) VALUES("MOVR", "B", "Moonriver", "MOVR", 1630065629, NULL, "moonriver", "MOVR", "MOVR"); INSERT INTO common_asset_details(asset_id, forked) VALUES("MOVR", NULL);
*
INSERT INTO assets(identifier, type, name, symbol, started, swapped_for, coingecko, cryptocompare, details_reference) VALUES("ATLAS", "Y", "Star Atlas", "ATLAS", 1630598516, NULL, "star-atlas", "ATLAS", "ATLAS"); INSERT INTO common_asset_details(asset_id, forked) VALUES("ATLAS", NULL);
*
INSERT INTO assets(identifier, type, name, symbol, started, swapped_for, coingecko, cryptocompare, details_reference) VALUES("POLIS", "Y", "Star Atlas DAO", "POLIS", 1630598516, NULL, "star-atlas-dao", "", "POLIS"); INSERT INTO common_asset_details(asset_id, forked) VALUES("POLIS", NULL);
*
INSERT INTO assets(identifier, type, name, symbol, started, swapped_for, coingecko, cryptocompare, details_reference) VALUES("TULIP", "Y", "SolFarm", "TULIP", 1621821600, NULL, "solfarm", "", "TULIP"); INSERT INTO common_asset_details(asset_id, forked) VALUES("TULIP", NULL);
*
INSERT INTO ethereum_tokens(address, decimals, protocol) VALUES("0x6CA88Cc8D9288f5cAD825053B6A1B179B05c76fC", 18, NULL); INSERT INTO assets(identifier, type, name, symbol, started, swapped_for, coingecko, cryptocompare, details_reference) VALUES("_ceth_0x6CA88Cc8D9288f5cAD825053B6A1B179B05c76fC", "C", "Universal Protocol Token", "UPT", 1551986841, NULL, "universal-protocol-token", "UPT", "0x6CA88Cc8D9288f5cAD825053B6A1B179B05c76fC");
*
INSERT INTO ethereum_tokens(address, decimals, protocol) VALUES("0x9D79d5B61De59D882ce90125b18F74af650acB93", 6, NULL); INSERT INTO assets(identifier, type, name, symbol, started, swapped_for, coingecko, cryptocompare, details_reference) VALUES("_ceth_0x9D79d5B61De59D882ce90125b18F74af650acB93", "C", "Neutrino System Base Token", "NSBT", 1599557204, NULL, "neutrino-system-base-token", "NSBT", "0x9D79d5B61De59D882ce90125b18F74af650acB93");
*
INSERT INTO assets(identifier, type, name, symbol, started, swapped_for, coingecko, cryptocompare, details_reference) VALUES("SDN", "B", "Shiden Network", "SDN", 1630306937, NULL, "shiden", "SDN", "SDN"); INSERT INTO common_asset_details(asset_id, forked) VALUES("SDN", NULL);
*
INSERT INTO ethereum_tokens(address, decimals, protocol) VALUES("0x73d7c860998CA3c01Ce8c808F5577d94d545d1b4", 18, NULL); INSERT INTO assets(identifier, type, name, symbol, started, swapped_for, coingecko, cryptocompare, details_reference) VALUES("_ceth_0x73d7c860998CA3c01Ce8c808F5577d94d545d1b4", "C", "Ixs Token", "IXS", 1630574442, NULL, "ix-swap", "", "0x73d7c860998CA3c01Ce8c808F5577d94d545d1b4");
*
INSERT INTO ethereum_tokens(address, decimals, protocol) VALUES("0xBd3de9a069648c84d27d74d701C9fa3253098B15", 18, NULL); INSERT INTO assets(identifier, type, name, symbol, started, swapped_for, coingecko, cryptocompare, details_reference) VALUES("_ceth_0xBd3de9a069648c84d27d74d701C9fa3253098B15", "C", "EQIFi Token", "EQX", 1628266479, NULL, "eqifi", "EQX", "0xBd3de9a069648c84d27d74d701C9fa3253098B15");
*
INSERT INTO ethereum_tokens(address, decimals, protocol) VALUES("0x114f1388fAB456c4bA31B1850b244Eedcd024136", 18, NULL); INSERT INTO assets(identifier, type, name, symbol, started, swapped_for, coingecko, cryptocompare, details_reference) VALUES("_ceth_0x114f1388fAB456c4bA31B1850b244Eedcd024136", "C", "Cool Cats", "COOL", 1625256758, NULL, "cool-vault-nftx", "", "0x114f1388fAB456c4bA31B1850b244Eedcd024136");
*
INSERT INTO ethereum_tokens(address, decimals, protocol) VALUES("0x62959c699A52eC647622c91e79CE73344e4099f5", 18, NULL); INSERT INTO assets(identifier, type, name, symbol, started, swapped_for, coingecko, cryptocompare, details_reference) VALUES("_ceth_0x62959c699A52eC647622c91e79CE73344e4099f5", "C", "DeFine Art", "DFA", 1617789496, NULL, "define", "DFA", "0x62959c699A52eC647622c91e79CE73344e4099f5");
*
INSERT INTO ethereum_tokens(address, decimals, protocol) VALUES("0xD70240Dd62F4ea9a6A2416e0073D72139489d2AA", 18, NULL); INSERT INTO assets(identifier, type, name, symbol, started, swapped_for, coingecko, cryptocompare, details_reference) VALUES("_ceth_0xD70240Dd62F4ea9a6A2416e0073D72139489d2AA", "C", "Autoglyphs", "GLYPH", 1624267246, NULL, "glyph-vault-nftx", "", "0xD70240Dd62F4ea9a6A2416e0073D72139489d2AA");
*
INSERT INTO ethereum_tokens(address, decimals, protocol) VALUES("0x9B99CcA871Be05119B2012fd4474731dd653FEBe", 18, NULL); INSERT INTO assets(identifier, type, name, symbol, started, swapped_for, coingecko, cryptocompare, details_reference) VALUES("_ceth_0x9B99CcA871Be05119B2012fd4474731dd653FEBe", "C", "Antimatter.Finance Governance Token", "MATTER", 1627032459, NULL, "antimatter", "MATTER", "0x9B99CcA871Be05119B2012fd4474731dd653FEBe");
*
INSERT INTO ethereum_tokens(address, decimals, protocol) VALUES("0x269616D549D7e8Eaa82DFb17028d0B212D11232A", 18, NULL); INSERT INTO assets(identifier, type, name, symbol, started, swapped_for, coingecko, cryptocompare, details_reference) VALUES("_ceth_0x269616D549D7e8Eaa82DFb17028d0B212D11232A", "C", "CryptoPunks", "PUNK", 1624265437, NULL, "punk-vault-nftx", "", "0x269616D549D7e8Eaa82DFb17028d0B212D11232A");
*
INSERT INTO assets(identifier, type, name, symbol, started, swapped_for, coingecko, cryptocompare, details_reference) VALUES("XPRT", "B", "Persistence", "XPRT", 1617242400, NULL, "persistence", "XPRT", "XPRT"); INSERT INTO common_asset_details(asset_id, forked) VALUES("XPRT", NULL);
*
INSERT INTO assets(identifier, type, name, symbol, started, swapped_for, coingecko, cryptocompare, details_reference) VALUES("BP", "B", "BunnyPark", "BP", 1618814346, NULL, "bunnypark", "BP", "BP"); INSERT INTO common_asset_details(asset_id, forked) VALUES("BP", NULL);
*
INSERT INTO assets(identifier, type, name, symbol, started, swapped_for, coingecko, cryptocompare, details_reference) VALUES("CITY", "W", "Manchester City Fan Token", "CITY", 1621908000, NULL, "manchester-city-fan-token", "CITY", "CITY"); INSERT INTO common_asset_details(asset_id, forked) VALUES("CITY", NULL);
*
INSERT INTO assets(identifier, type, name, symbol, started, swapped_for, coingecko, cryptocompare, details_reference) VALUES("INTER", "W", "Inter Milan Fan Token", "INTER", 1631620931, NULL, "inter-milan-fan-token", "", "INTER"); INSERT INTO common_asset_details(asset_id, forked) VALUES("INTER", NULL);
*
INSERT INTO assets(identifier, type, name, symbol, started, swapped_for, coingecko, cryptocompare, details_reference) VALUES("GAL", "W", "Galatasaray Fan Token", "GAL", 1591322400, NULL, "galatasaray-fan-token", "GAL", "GAL"); INSERT INTO common_asset_details(asset_id, forked) VALUES("GAL", NULL);
*
INSERT INTO assets(identifier, type, name, symbol, started, swapped_for, coingecko, cryptocompare, details_reference) VALUES("DINO", "W", "DinoSwap", "DINO", 1626067575, NULL, "dinoswap", "DINO", "DINO"); INSERT INTO common_asset_details(asset_id, forked) VALUES("DINO", NULL);
*
INSERT INTO ethereum_tokens(address, decimals, protocol) VALUES("0x2d94AA3e47d9D5024503Ca8491fcE9A2fB4DA198", 18, NULL); INSERT INTO assets(identifier, type, name, symbol, started, swapped_for, coingecko, cryptocompare, details_reference) VALUES("_ceth_0x2d94AA3e47d9D5024503Ca8491fcE9A2fB4DA198", "C", "Bankless Token", "BANK", 1620099970, NULL, "bankless-dao", "", "0x2d94AA3e47d9D5024503Ca8491fcE9A2fB4DA198");
*
INSERT INTO ethereum_tokens(address, decimals, protocol) VALUES("0x799ebfABE77a6E34311eeEe9825190B9ECe32824", 18, NULL); INSERT INTO assets(identifier, type, name, symbol, started, swapped_for, coingecko, cryptocompare, details_reference) VALUES("_ceth_0x799ebfABE77a6E34311eeEe9825190B9ECe32824", "C", "BTRST", "BTRST", 1628607475, NULL, "braintrust", "BTRST", "0x799ebfABE77a6E34311eeEe9825190B9ECe32824");
*
INSERT INTO ethereum_tokens(address, decimals, protocol) VALUES("0xf203Ca1769ca8e9e8FE1DA9D147DB68B6c919817", 18, NULL); INSERT INTO assets(identifier, type, name, symbol, started, swapped_for, coingecko, cryptocompare, details_reference) VALUES("_ceth_0xf203Ca1769ca8e9e8FE1DA9D147DB68B6c919817", "C", "Wrapped NCG", "WNCG", 1628244716, NULL, "wrapped-ncg", "WNCG", "0xf203Ca1769ca8e9e8FE1DA9D147DB68B6c919817");
*
INSERT INTO ethereum_tokens(address, decimals, protocol) VALUES("0x51cB253744189f11241becb29BeDd3F1b5384fdB", 18, NULL); INSERT INTO assets(identifier, type, name, symbol, started, swapped_for, coingecko, cryptocompare, details_reference) VALUES("_ceth_0x51cB253744189f11241becb29BeDd3F1b5384fdB", "C", "Dimitra Token", "DMTR", 1627672955, NULL, "dimitra", "", "0x51cB253744189f11241becb29BeDd3F1b5384fdB");
*
INSERT INTO ethereum_tokens(address, decimals, protocol) VALUES("0x6fC13EACE26590B80cCCAB1ba5d51890577D83B2", 18, NULL); INSERT INTO assets(identifier, type, name, symbol, started, swapped_for, coingecko, cryptocompare, details_reference) VALUES("_ceth_0x6fC13EACE26590B80cCCAB1ba5d51890577D83B2", "C", "Umbrella", "UMB", 1612796905, NULL, "umbrella-network", "UMB", "0x6fC13EACE26590B80cCCAB1ba5d51890577D83B2");
*
INSERT INTO ethereum_tokens(address, decimals, protocol) VALUES("0x80D55c03180349Fff4a229102F62328220A96444", 18, NULL); INSERT INTO assets(identifier, type, name, symbol, started, swapped_for, coingecko, cryptocompare, details_reference) VALUES("_ceth_0x80D55c03180349Fff4a229102F62328220A96444", "C", "OpulousToken", "OPUL", 1627428986, NULL, "opulous", "", "0x80D55c03180349Fff4a229102F62328220A96444");
*
INSERT INTO assets(identifier, type, name, symbol, started, swapped_for, coingecko, cryptocompare, details_reference) VALUES("DVPN", "W", "Sentinel", "DVPN", 1618884000, NULL, "sentinel", "DVPN", "DVPN"); INSERT INTO common_asset_details(asset_id, forked) VALUES("DVPN", NULL);
*
INSERT INTO assets(identifier, type, name, symbol, started, swapped_for, coingecko, cryptocompare, details_reference) VALUES("SKU", "W", "Sakura", "SKU", 1629388862, NULL, "sakura", "SKU", "SKU"); INSERT INTO common_asset_details(asset_id, forked) VALUES("SKU", NULL);
*
INSERT INTO assets(identifier, type, name, symbol, started, swapped_for, coingecko, cryptocompare, details_reference) VALUES("SLIM", "Y", "Solanium", "SLIM", 1622512800, NULL, "solanium", "", "SLIM"); INSERT INTO common_asset_details(asset_id, forked) VALUES("SLIM", NULL);
*
INSERT INTO ethereum_tokens(address, decimals, protocol) VALUES("0xc07A150ECAdF2cc352f5586396e344A6b17625EB", 9, NULL); INSERT INTO assets(identifier, type, name, symbol, started, swapped_for, coingecko, cryptocompare, details_reference) VALUES("_ceth_0xc07A150ECAdF2cc352f5586396e344A6b17625EB", "C", "BioPassport Coin", "BIOT", 1602676679, NULL, "biopassport", "BIOT", "0xc07A150ECAdF2cc352f5586396e344A6b17625EB");
*
INSERT INTO ethereum_tokens(address, decimals, protocol) VALUES("0x4824A7b64E3966B0133f4f4FFB1b9D6bEb75FFF7", 18, NULL); INSERT INTO assets(identifier, type, name, symbol, started, swapped_for, coingecko, cryptocompare, details_reference) VALUES("_ceth_0x4824A7b64E3966B0133f4f4FFB1b9D6bEb75FFF7", "C", "TokenClub Token", "TCT", 1514041138, NULL, "tokenclub", "TCT", "0x4824A7b64E3966B0133f4f4FFB1b9D6bEb75FFF7");
*
INSERT INTO ethereum_tokens(address, decimals, protocol) VALUES("0xa6610Ed604047e7B76C1DA288172D15BcdA57596", 18, NULL); INSERT INTO assets(identifier, type, name, symbol, started, swapped_for, coingecko, cryptocompare, details_reference) VALUES("_ceth_0xa6610Ed604047e7B76C1DA288172D15BcdA57596", "C", "SACKS", "SACKS", 1622142991, NULL, "sacks", "", "0xa6610Ed604047e7B76C1DA288172D15BcdA57596");
*
INSERT INTO ethereum_tokens(address, decimals, protocol) VALUES("0xc67B12049c2D0CF6e476BC64c7F82fc6C63cFFc5", 8, NULL); INSERT INTO assets(identifier, type, name, symbol, started, swapped_for, coingecko, cryptocompare, details_reference) VALUES("_ceth_0xc67B12049c2D0CF6e476BC64c7F82fc6C63cFFc5", "C", "GDT", "GDT", 1619667360, NULL, "globe-derivative-exchange", "GDT", "0xc67B12049c2D0CF6e476BC64c7F82fc6C63cFFc5");
*
INSERT INTO ethereum_tokens(address, decimals, protocol) VALUES("0x84c722e6F1363E8D5C6dB3eA600bEF9a006Da824", 18, NULL); INSERT INTO assets(identifier, type, name, symbol, started, swapped_for, coingecko, cryptocompare, details_reference) VALUES("_ceth_0x84c722e6F1363E8D5C6dB3eA600bEF9a006Da824", "C", "MISBLOC", "MSB", 1598074394, NULL, "misbloc", "MSB", "0x84c722e6F1363E8D5C6dB3eA600bEF9a006Da824");
*
INSERT INTO assets(identifier, type, name, symbol, started, swapped_for, coingecko, cryptocompare, details_reference) VALUES("RAY", "Y", "Raydium", "RAY", 1613869200, NULL, "raydium", "RAY", "RAY"); INSERT INTO common_asset_details(asset_id, forked) VALUES("RAY", NULL);
*
INSERT INTO assets(identifier, type, name, symbol, started, swapped_for, coingecko, cryptocompare, details_reference) VALUES("OXY", "Y", "Oxygen", "OXY", 1615856400, NULL, "oxygen", "OXY", "OXY"); INSERT INTO common_asset_details(asset_id, forked) VALUES("OXY", NULL);
*